source_id,source_file_id,raw_path,original_filename,size_bytes,sha256,doi,url,accessed_at,license_spdx,derivatives_allowed,redistribution_allowed,evidence_grade,material_scope,status,notes
raw_vault_unregistered,source_file_2be2d76da580a859,01_原始数据/仅供参考/Wiley补充材料/app51269-sup-0001-supinfo.docx,app51269-sup-0001-supinfo.docx,2290729,1b5eb0eef7154848b5e2ada25b655b1bf68990c210cf43a53ede9d14ef8a0a86,,,2026-07-18,UNKNOWN,,,metadata_only,unknown,review_required,尚未在配置/数据源.yaml逐来源登记；默认禁止发布。
raw_vault_unregistered,source_file_6ed4dc1fc98a7035,01_原始数据/仅供参考/受限来源/DiMPU2025/source_data.xlsx,source_data.xlsx,55175262,5052109a943f6e2f9873a88b2a95fac06a4bce8f41a0eaa81822082eeced0fe6,,,2026-07-18,UNKNOWN,,,metadata_only,unknown,review_required,尚未在配置/数据源.yaml逐来源登记；默认禁止发布。
raw_vault_unregistered,source_file_9c001ed6e3b0c26e,01_原始数据/仅供参考/受限来源/PUN2026/source_data.xlsx,source_data.xlsx,18398993,ac912fff7dcc5ec4259b0adf1e314e043f6bdd9046b6c8de484af62e0cb0d37a,,,2026-07-18,UNKNOWN,,,metadata_only,unknown,review_required,尚未在配置/数据源.yaml逐来源登记；默认禁止发布。
raw_vault_unregistered,source_file_bea66a1ec4899ff3,01_原始数据/仅供参考/受限来源/README.md,README.md,434,a75d0bdcd8e38043b835ac385a817c7945de4213fa6ad241eff17b3c3fe9404f,,,2026-07-18,UNKNOWN,,,metadata_only,unknown,review_required,尚未在配置/数据源.yaml逐来源登记；默认禁止发布。
raw_vault_unregistered,source_file_f30ab5434e5263b1,01_原始数据/代码仓库镜像/ADEPT/.gitignore,.gitignore,53,1a9332839be32b7665e8950ac603aa160304e75fc91940bdea1061be26d9e9cd,,,2026-07-18,UNKNOWN,,,metadata_only,unknown,review_required,尚未在配置/数据源.yaml逐来源登记；默认禁止发布。
raw_vault_unregistered,source_file_6241b612e464036e,01_原始数据/代码仓库镜像/ADEPT/1.AmorphousGeneration/APG_gas.py,APG_gas.py,26887,021449a77fa198b44c2635d217405a5cc0397d35f34cb5aabdd67f3ae07eeb6c,,,2026-07-18,UNKNOWN,,,metadata_only,unknown,review_required,尚未在配置/数据源.yaml逐来源登记；默认禁止发布。
raw_vault_unregistered,source_file_55195568f0ff9f7f,01_原始数据/代码仓库镜像/ADEPT/1.AmorphousGeneration/APG_resp.py,APG_resp.py,16484,eb8be731e6e1764a4c4eae69368386a12df1339cf8acf7bcb0eb3a74b626904a,,,2026-07-18,UNKNOWN,,,metadata_only,unknown,review_required,尚未在配置/数据源.yaml逐来源登记；默认禁止发布。
raw_vault_unregistered,source_file_72b7d78a79baf870,01_原始数据/代码仓库镜像/ADEPT/1.AmorphousGeneration/CH3.mol,CH3.mol,433,7bb3ed9651b06035fa06d284be7cff6bf3ebd838a62bb557440c05b48ad6ac4f,,,2026-07-18,UNKNOWN,,,metadata_only,unknown,review_required,尚未在配置/数据源.yaml逐来源登记；默认禁止发布。
raw_vault_unregistered,source_file_cd33dc07510374c9,01_原始数据/代码仓库镜像/ADEPT/1.AmorphousGeneration/electronic_properties.py,electronic_properties.py,19353,683fffbb7a423f374cbd36ef37d4e94639441d24c70e4ca24859b7c7ec9610b2,,,2026-07-18,UNKNOWN,,,metadata_only,unknown,review_required,尚未在配置/数据源.yaml逐来源登记；默认禁止发布。
raw_vault_unregistered,source_file_67514ccd4e16b24d,01_原始数据/代码仓库镜像/ADEPT/1.AmorphousGeneration/test/.gitkeep,.gitkeep,2,7eb70257593da06f682a3ddda54a9d260d4fc514f645237f5ca74b08f8da61a6,,,2026-07-18,UNKNOWN,,,metadata_only,unknown,review_required,尚未在配置/数据源.yaml逐来源登记；默认禁止发布。
raw_vault_unregistered,source_file_817a7875f3728126,01_原始数据/代码仓库镜像/ADEPT/2.Simulations/lammps_dc.in,lammps_dc.in,1169,7721ec678e88bb5fbfc1e5ce0ea5a859637d2911f82c62076dddbf3f02c2799d,,,2026-07-18,UNKNOWN,,,metadata_only,unknown,review_required,尚未在配置/数据源.yaml逐来源登记；默认禁止发布。
raw_vault_unregistered,source_file_a935acabda420f55,01_原始数据/代码仓库镜像/ADEPT/2.Simulations/lammps_emd.in,lammps_emd.in,7233,245be59a6b5ef2315e50c01d488b363f2b87dd4fe07a8abe3adf879f910b6dc1,,,2026-07-18,UNKNOWN,,,metadata_only,unknown,review_required,尚未在配置/数据源.yaml逐来源登记；默认禁止发布。
raw_vault_unregistered,source_file_edcde1b8a45b9b84,01_原始数据/代码仓库镜像/ADEPT/2.Simulations/lammps_eq1.in,lammps_eq1.in,1630,246c2068fb37e407efcbcd49f5e8e3f4f157f2ec9559815bf627369afda647ee,,,2026-07-18,UNKNOWN,,,metadata_only,unknown,review_required,尚未在配置/数据源.yaml逐来源登记；默认禁止发布。
raw_vault_unregistered,source_file_4b9524190806b9b2,01_原始数据/代码仓库镜像/ADEPT/2.Simulations/lammps_eq2.in,lammps_eq2.in,1893,cfc00f8f9c2e63285738648e00c7f63f26193d0dc1d01fd38cfd0d3a7b5469ce,,,2026-07-18,UNKNOWN,,,metadata_only,unknown,review_required,尚未在配置/数据源.yaml逐来源登记；默认禁止发布。
raw_vault_unregistered,source_file_73fcdd74c5ecd028,01_原始数据/代码仓库镜像/ADEPT/2.Simulations/lammps_TC.in,lammps_TC.in,2203,0c78e557a35849a5c55adc689d414654265711be77ecd4cf5f913bc31b7a64ae,,,2026-07-18,UNKNOWN,,,metadata_only,unknown,review_required,尚未在配置/数据源.yaml逐来源登记；默认禁止发布。
raw_vault_unregistered,source_file_7546b0bfc1da2738,01_原始数据/代码仓库镜像/ADEPT/2.Simulations/lammps_Tg.in,lammps_Tg.in,2721,9265a218e8569f489ccd8b82461c158513786ea29954f189e1d4de2872bc67af,,,2026-07-18,UNKNOWN,,,metadata_only,unknown,review_required,尚未在配置/数据源.yaml逐来源登记；默认禁止发布。
raw_vault_unregistered,source_file_695956831b621080,01_原始数据/代码仓库镜像/ADEPT/2.Simulations/lammps_visc.in,lammps_visc.in,4889,683dad6417b24cce025c1e0f90c1246e91b9c6a7cece2b1b4a6f2c63a95006c0,,,2026-07-18,UNKNOWN,,,metadata_only,unknown,review_required,尚未在配置/数据源.yaml逐来源登记；默认禁止发布。
raw_vault_unregistered,source_file_e929ca547978e0fb,01_原始数据/代码仓库镜像/ADEPT/2.Simulations/modulus_files/displace.mod,displace.mod,5840,309464dfb8737738b94e8050e400e5f01de5c362fafcbf7a6b1a910dc2bc95f3,,,2026-07-18,UNKNOWN,,,metadata_only,unknown,review_required,尚未在配置/数据源.yaml逐来源登记；默认禁止发布。
raw_vault_unregistered,source_file_0cd4c14de174f9e6,01_原始数据/代码仓库镜像/ADEPT/2.Simulations/modulus_files/in.elastic,in.elastic,2986,14695a255056c68acb1b34e211fbabd5d6430a39d000b38f5fe00ff648b0a9a7,,,2026-07-18,UNKNOWN,,,metadata_only,unknown,review_required,尚未在配置/数据源.yaml逐来源登记；默认禁止发布。
raw_vault_unregistered,source_file_0635044bfb7a7b83,01_原始数据/代码仓库镜像/ADEPT/2.Simulations/modulus_files/in_1.elastic,in_1.elastic,4158,dc5a01bcd82cff0106a0fef1a4da765591d2ba9ad4cc3f69bbf11683c8c2c6f6,,,2026-07-18,UNKNOWN,,,metadata_only,unknown,review_required,尚未在配置/数据源.yaml逐来源登记；默认禁止发布。
raw_vault_unregistered,source_file_12dca82efc95b808,01_原始数据/代码仓库镜像/ADEPT/2.Simulations/modulus_files/in_10.elastic,in_10.elastic,4159,fac2a4f222b390bdf97d5c1d07a702bcab7043351e14f3d3e17622e0740415d7,,,2026-07-18,UNKNOWN,,,metadata_only,unknown,review_required,尚未在配置/数据源.yaml逐来源登记；默认禁止发布。
raw_vault_unregistered,source_file_1bb1a0d573146c01,01_原始数据/代码仓库镜像/ADEPT/2.Simulations/modulus_files/in_100.elastic,in_100.elastic,4160,4b867bddaae32e3903663a1d01e9b416e517d98d3bb181a4d446dd9e357f0b48,,,2026-07-18,UNKNOWN,,,metadata_only,unknown,review_required,尚未在配置/数据源.yaml逐来源登记；默认禁止发布。
raw_vault_unregistered,source_file_56f4bcb6308ccc95,01_原始数据/代码仓库镜像/ADEPT/2.Simulations/modulus_files/in_11.elastic,in_11.elastic,4159,c4f805d824d1c3b616aa7ffbb14c7f4e1513fb7ece41e756c4a73bcaa006bb41,,,2026-07-18,UNKNOWN,,,metadata_only,unknown,review_required,尚未在配置/数据源.yaml逐来源登记；默认禁止发布。
raw_vault_unregistered,source_file_ed4ef7fe4371d8cd,01_原始数据/代码仓库镜像/ADEPT/2.Simulations/modulus_files/in_12.elastic,in_12.elastic,4159,4a199b29b1ee324065e7235e404e9b4890d3a8c42d677a93b37f0eece7b961d8,,,2026-07-18,UNKNOWN,,,metadata_only,unknown,review_required,尚未在配置/数据源.yaml逐来源登记；默认禁止发布。
raw_vault_unregistered,source_file_d8d7faa37cda3fea,01_原始数据/代码仓库镜像/ADEPT/2.Simulations/modulus_files/in_13.elastic,in_13.elastic,4160,993abfce9aebf51dbdaecc0cf173840b7b648b4b03c478675866ed0ddfe6c6a3,,,2026-07-18,UNKNOWN,,,metadata_only,unknown,review_required,尚未在配置/数据源.yaml逐来源登记；默认禁止发布。
raw_vault_unregistered,source_file_4b0cb9910d32e37b,01_原始数据/代码仓库镜像/ADEPT/2.Simulations/modulus_files/in_14.elastic,in_14.elastic,4160,473f2a1408d9a25cd1a4a50c93f4fb3d2780663fd52494d8c60af2f51327a911,,,2026-07-18,UNKNOWN,,,metadata_only,unknown,review_required,尚未在配置/数据源.yaml逐来源登记；默认禁止发布。
raw_vault_unregistered,source_file_fd9685d1a320de38,01_原始数据/代码仓库镜像/ADEPT/2.Simulations/modulus_files/in_15.elastic,in_15.elastic,4160,0a99c84ce214f4627e71d7cc0d4f4c358a2159b4f36655706a1aa8f7659d3f2b,,,2026-07-18,UNKNOWN,,,metadata_only,unknown,review_required,尚未在配置/数据源.yaml逐来源登记；默认禁止发布。
raw_vault_unregistered,source_file_0fee1e6c08c2a8bb,01_原始数据/代码仓库镜像/ADEPT/2.Simulations/modulus_files/in_16.elastic,in_16.elastic,4160,d38f15d0fdad4216bb517f0ea6354522af789ba37067a67484f21a643861f369,,,2026-07-18,UNKNOWN,,,metadata_only,unknown,review_required,尚未在配置/数据源.yaml逐来源登记；默认禁止发布。
raw_vault_unregistered,source_file_2159d2617159e830,01_原始数据/代码仓库镜像/ADEPT/2.Simulations/modulus_files/in_17.elastic,in_17.elastic,4160,135dc8840e4a6299cd7ca1497d14d1bf4b84f8fc0c76a572f852de1a489e59b9,,,2026-07-18,UNKNOWN,,,metadata_only,unknown,review_required,尚未在配置/数据源.yaml逐来源登记；默认禁止发布。
raw_vault_unregistered,source_file_1b274ea3c6ad0ed4,01_原始数据/代码仓库镜像/ADEPT/2.Simulations/modulus_files/in_18.elastic,in_18.elastic,4160,8b5c8810c830fa4da7c6fd056f31315da21700d3645dbe9be9740690abde1e62,,,2026-07-18,UNKNOWN,,,metadata_only,unknown,review_required,尚未在配置/数据源.yaml逐来源登记；默认禁止发布。
raw_vault_unregistered,source_file_996f80e33f1ceb19,01_原始数据/代码仓库镜像/ADEPT/2.Simulations/modulus_files/in_19.elastic,in_19.elastic,4160,9c96f2682b99a9d0b9a2efd19b6e6e66fee5c7cd0a0d6a7b869db2f3c49ca76e,,,2026-07-18,UNKNOWN,,,metadata_only,unknown,review_required,尚未在配置/数据源.yaml逐来源登记；默认禁止发布。
raw_vault_unregistered,source_file_10454599a24d6b5b,01_原始数据/代码仓库镜像/ADEPT/2.Simulations/modulus_files/in_2.elastic,in_2.elastic,4159,d704edfaa9706ea6676c225e9705c67208b7ae613ab152d8331591ebc20413da,,,2026-07-18,UNKNOWN,,,metadata_only,unknown,review_required,尚未在配置/数据源.yaml逐来源登记；默认禁止发布。
raw_vault_unregistered,source_file_0c1ba05108ff6ba4,01_原始数据/代码仓库镜像/ADEPT/2.Simulations/modulus_files/in_20.elastic,in_20.elastic,4160,77e8e59e2a4851223821311439bd279014f231eafae442f017692d250f28e2e2,,,2026-07-18,UNKNOWN,,,metadata_only,unknown,review_required,尚未在配置/数据源.yaml逐来源登记；默认禁止发布。
raw_vault_unregistered,source_file_62d9cfb253d68847,01_原始数据/代码仓库镜像/ADEPT/2.Simulations/modulus_files/in_21.elastic,in_21.elastic,4160,afe71b843bc80deb0413d96a0524c28504dd8e7c97be134ddabedd6878f8c523,,,2026-07-18,UNKNOWN,,,metadata_only,unknown,review_required,尚未在配置/数据源.yaml逐来源登记；默认禁止发布。
raw_vault_unregistered,source_file_88d5ab6ab2425552,01_原始数据/代码仓库镜像/ADEPT/2.Simulations/modulus_files/in_22.elastic,in_22.elastic,4160,702b084c2af5f3ac3b8927175c831f22b3f48f22b5cda20d37c8ab8404090d87,,,2026-07-18,UNKNOWN,,,metadata_only,unknown,review_required,尚未在配置/数据源.yaml逐来源登记；默认禁止发布。
raw_vault_unregistered,source_file_4b1793ea893573e4,01_原始数据/代码仓库镜像/ADEPT/2.Simulations/modulus_files/in_23.elastic,in_23.elastic,4160,4c1bdddee66ea0f46107922e76c082c1d001df3ec4ccdbf7b04c51dd0ac63d95,,,2026-07-18,UNKNOWN,,,metadata_only,unknown,review_required,尚未在配置/数据源.yaml逐来源登记；默认禁止发布。
raw_vault_unregistered,source_file_7f21fda6ba065c8e,01_原始数据/代码仓库镜像/ADEPT/2.Simulations/modulus_files/in_24.elastic,in_24.elastic,4160,8ea96721ce1b6928d2123626d8c7afb900301bbb84aa2ac7b21bb7cd88c2a6ad,,,2026-07-18,UNKNOWN,,,metadata_only,unknown,review_required,尚未在配置/数据源.yaml逐来源登记；默认禁止发布。
raw_vault_unregistered,source_file_fe6533852c1dffdf,01_原始数据/代码仓库镜像/ADEPT/2.Simulations/modulus_files/in_25.elastic,in_25.elastic,4160,eb97d20c73bcb39eba92074ab6c54200718b07e2d21962f0cd1cd4368924788c,,,2026-07-18,UNKNOWN,,,metadata_only,unknown,review_required,尚未在配置/数据源.yaml逐来源登记；默认禁止发布。
raw_vault_unregistered,source_file_a28260c0a3ecc0a8,01_原始数据/代码仓库镜像/ADEPT/2.Simulations/modulus_files/in_26.elastic,in_26.elastic,4160,09787ce5b72c9085db53814124fe0bdd87ceca74cb6b3702e213d906fbbe7f68,,,2026-07-18,UNKNOWN,,,metadata_only,unknown,review_required,尚未在配置/数据源.yaml逐来源登记；默认禁止发布。
raw_vault_unregistered,source_file_d07f747bf27da375,01_原始数据/代码仓库镜像/ADEPT/2.Simulations/modulus_files/in_27.elastic,in_27.elastic,4160,b46c20e0f45953233ef8f3720bb5f27243f346606314a1d2c15c915b2d14d57a,,,2026-07-18,UNKNOWN,,,metadata_only,unknown,review_required,尚未在配置/数据源.yaml逐来源登记；默认禁止发布。
raw_vault_unregistered,source_file_dd0185eeede982d0,01_原始数据/代码仓库镜像/ADEPT/2.Simulations/modulus_files/in_28.elastic,in_28.elastic,4160,5c34c16c84c3beea15c9357d183d75c367279ea4271c2d2e39c7f2eaaf049b9b,,,2026-07-18,UNKNOWN,,,metadata_only,unknown,review_required,尚未在配置/数据源.yaml逐来源登记；默认禁止发布。
raw_vault_unregistered,source_file_3ba2d4c115f65132,01_原始数据/代码仓库镜像/ADEPT/2.Simulations/modulus_files/in_29.elastic,in_29.elastic,4160,d7fd04d7a738cbbe8e06cccc1d47c1299ac785ed8dc6efeddb384108ec9d3eee,,,2026-07-18,UNKNOWN,,,metadata_only,unknown,review_required,尚未在配置/数据源.yaml逐来源登记；默认禁止发布。
raw_vault_unregistered,source_file_aba93c37b4d2370a,01_原始数据/代码仓库镜像/ADEPT/2.Simulations/modulus_files/in_3.elastic,in_3.elastic,4159,ae58c52479366eddddeae8b25be7e00bcc5415b72a22ac75e08a94e8a54e811b,,,2026-07-18,UNKNOWN,,,metadata_only,unknown,review_required,尚未在配置/数据源.yaml逐来源登记；默认禁止发布。
raw_vault_unregistered,source_file_54676be6975fa7bb,01_原始数据/代码仓库镜像/ADEPT/2.Simulations/modulus_files/in_30.elastic,in_30.elastic,4160,29dfa1614f5233e7fbbde07ff2a8f60c74fd940e41226a7a92e60d3e961e9d1d,,,2026-07-18,UNKNOWN,,,metadata_only,unknown,review_required,尚未在配置/数据源.yaml逐来源登记；默认禁止发布。
raw_vault_unregistered,source_file_f23c45ebf1e8775c,01_原始数据/代码仓库镜像/ADEPT/2.Simulations/modulus_files/in_31.elastic,in_31.elastic,4160,88ec7241f5258bcaebb1de20b1cd14a67f34003bc04ee95da21e4e367c0069c7,,,2026-07-18,UNKNOWN,,,metadata_only,unknown,review_required,尚未在配置/数据源.yaml逐来源登记；默认禁止发布。
raw_vault_unregistered,source_file_fd721efbfc037dbb,01_原始数据/代码仓库镜像/ADEPT/2.Simulations/modulus_files/in_32.elastic,in_32.elastic,4160,ee417d780b203c4c51992c68be63141d779578734c198be981c71b5d8c7fa7fc,,,2026-07-18,UNKNOWN,,,metadata_only,unknown,review_required,尚未在配置/数据源.yaml逐来源登记；默认禁止发布。
raw_vault_unregistered,source_file_cb524381094556ee,01_原始数据/代码仓库镜像/ADEPT/2.Simulations/modulus_files/in_33.elastic,in_33.elastic,4160,a52d5e2166a3f7eea2778a930fd61382044e3b59de97c238a951e2823c1e8368,,,2026-07-18,UNKNOWN,,,metadata_only,unknown,review_required,尚未在配置/数据源.yaml逐来源登记；默认禁止发布。
raw_vault_unregistered,source_file_f38ac5485016a677,01_原始数据/代码仓库镜像/ADEPT/2.Simulations/modulus_files/in_34.elastic,in_34.elastic,4160,bbd1aeac4ac74208888800633dc85dc033c65522b9ef22d43b250f43eef9005a,,,2026-07-18,UNKNOWN,,,metadata_only,unknown,review_required,尚未在配置/数据源.yaml逐来源登记；默认禁止发布。
raw_vault_unregistered,source_file_8010de4c5f7a4fa6,01_原始数据/代码仓库镜像/ADEPT/2.Simulations/modulus_files/in_35.elastic,in_35.elastic,4160,763f3e66153b3f17469e997631d92b886f4acacaca00e27ccdde663eab11d27c,,,2026-07-18,UNKNOWN,,,metadata_only,unknown,review_required,尚未在配置/数据源.yaml逐来源登记；默认禁止发布。
raw_vault_unregistered,source_file_7b2a7d6c999fafc9,01_原始数据/代码仓库镜像/ADEPT/2.Simulations/modulus_files/in_36.elastic,in_36.elastic,4160,0718bff1ae8fbf89bd915cdea41e1babe830ac4024adc9cad0c73f9eea5dcb13,,,2026-07-18,UNKNOWN,,,metadata_only,unknown,review_required,尚未在配置/数据源.yaml逐来源登记；默认禁止发布。
raw_vault_unregistered,source_file_f05c689f19ad5282,01_原始数据/代码仓库镜像/ADEPT/2.Simulations/modulus_files/in_37.elastic,in_37.elastic,4160,ce1290181c0e73da6c115580a45e48b764d552fa9c6b622cd0e7df66c41dcc89,,,2026-07-18,UNKNOWN,,,metadata_only,unknown,review_required,尚未在配置/数据源.yaml逐来源登记；默认禁止发布。
raw_vault_unregistered,source_file_f2dbf2c703b8591a,01_原始数据/代码仓库镜像/ADEPT/2.Simulations/modulus_files/in_38.elastic,in_38.elastic,4160,ef747a9deb261e7dfba55fe54f859d580c6154bbb12c2c1ed8b25c3bbf71c83a,,,2026-07-18,UNKNOWN,,,metadata_only,unknown,review_required,尚未在配置/数据源.yaml逐来源登记；默认禁止发布。
raw_vault_unregistered,source_file_f6a389a385c3bd33,01_原始数据/代码仓库镜像/ADEPT/2.Simulations/modulus_files/in_39.elastic,in_39.elastic,4160,21b68fdf2b35978f2ce53dfcafd551395a8cee8e7eaccb9dff144ba44731f7d0,,,2026-07-18,UNKNOWN,,,metadata_only,unknown,review_required,尚未在配置/数据源.yaml逐来源登记；默认禁止发布。
raw_vault_unregistered,source_file_f75d96f7cb50cb05,01_原始数据/代码仓库镜像/ADEPT/2.Simulations/modulus_files/in_4.elastic,in_4.elastic,4159,cc98b3683ec0dec24b9bdcb7a91991a798880409be0c6a2598b74558b9bf866c,,,2026-07-18,UNKNOWN,,,metadata_only,unknown,review_required,尚未在配置/数据源.yaml逐来源登记；默认禁止发布。
raw_vault_unregistered,source_file_b5135f8755bcca38,01_原始数据/代码仓库镜像/ADEPT/2.Simulations/modulus_files/in_40.elastic,in_40.elastic,4160,b687131a7bdd2daaf8b01b46f0e5449fecd782b9dfd24682c709501faf7029c4,,,2026-07-18,UNKNOWN,,,metadata_only,unknown,review_required,尚未在配置/数据源.yaml逐来源登记；默认禁止发布。
raw_vault_unregistered,source_file_3626d4c29fb748b2,01_原始数据/代码仓库镜像/ADEPT/2.Simulations/modulus_files/in_41.elastic,in_41.elastic,4162,fb4d27b08c9a6411a5db7d5591294a750b001d8ac11782852b8d0e350f0965b4,,,2026-07-18,UNKNOWN,,,metadata_only,unknown,review_required,尚未在配置/数据源.yaml逐来源登记；默认禁止发布。
raw_vault_unregistered,source_file_06c2696299610afa,01_原始数据/代码仓库镜像/ADEPT/2.Simulations/modulus_files/in_42.elastic,in_42.elastic,4160,2823fc852634bc0fec10c15c37899187fe2339ad68e89beb1e0a0d825dad4f9e,,,2026-07-18,UNKNOWN,,,metadata_only,unknown,review_required,尚未在配置/数据源.yaml逐来源登记；默认禁止发布。
raw_vault_unregistered,source_file_935132d75e26ec26,01_原始数据/代码仓库镜像/ADEPT/2.Simulations/modulus_files/in_43.elastic,in_43.elastic,4160,df2a17b386c05a6caf92a7892368eaaab1f551b3ebff71a695ecece6eb5bd3d7,,,2026-07-18,UNKNOWN,,,metadata_only,unknown,review_required,尚未在配置/数据源.yaml逐来源登记；默认禁止发布。
raw_vault_unregistered,source_file_334be81490cc80be,01_原始数据/代码仓库镜像/ADEPT/2.Simulations/modulus_files/in_44.elastic,in_44.elastic,4160,04d2ff159c69e272676043878c13549641e0d7bd6267d532330ade41761424e5,,,2026-07-18,UNKNOWN,,,metadata_only,unknown,review_required,尚未在配置/数据源.yaml逐来源登记；默认禁止发布。
raw_vault_unregistered,source_file_e6b266015728d8a0,01_原始数据/代码仓库镜像/ADEPT/2.Simulations/modulus_files/in_45.elastic,in_45.elastic,4160,a47479f9a5c4016243c44fa5445f679caee86886631bd7da56132fb84c686f8c,,,2026-07-18,UNKNOWN,,,metadata_only,unknown,review_required,尚未在配置/数据源.yaml逐来源登记；默认禁止发布。
raw_vault_unregistered,source_file_c928de84da78bfa0,01_原始数据/代码仓库镜像/ADEPT/2.Simulations/modulus_files/in_46.elastic,in_46.elastic,4160,e23c1a1e3b25064afa30dd3badda20b654450d638f6a889551808d457d0bd9ed,,,2026-07-18,UNKNOWN,,,metadata_only,unknown,review_required,尚未在配置/数据源.yaml逐来源登记；默认禁止发布。
raw_vault_unregistered,source_file_c29c4e2fdeff1803,01_原始数据/代码仓库镜像/ADEPT/2.Simulations/modulus_files/in_47.elastic,in_47.elastic,4160,54d5a401a13d03d548447b0504c4d2d947f636adb2c4c98eb1c05f851e623292,,,2026-07-18,UNKNOWN,,,metadata_only,unknown,review_required,尚未在配置/数据源.yaml逐来源登记；默认禁止发布。
raw_vault_unregistered,source_file_aec815a98501108a,01_原始数据/代码仓库镜像/ADEPT/2.Simulations/modulus_files/in_48.elastic,in_48.elastic,4160,6847105af3cc70244c16dfccecb0dc02b1dc96744040c5e417861f2001867331,,,2026-07-18,UNKNOWN,,,metadata_only,unknown,review_required,尚未在配置/数据源.yaml逐来源登记；默认禁止发布。
raw_vault_unregistered,source_file_9609215aea6dc911,01_原始数据/代码仓库镜像/ADEPT/2.Simulations/modulus_files/in_49.elastic,in_49.elastic,4160,e0ea05c8ea698b10a8dcd65119a3adce3b1dcb6a64969e6f934f9ec700f855e3,,,2026-07-18,UNKNOWN,,,metadata_only,unknown,review_required,尚未在配置/数据源.yaml逐来源登记；默认禁止发布。
raw_vault_unregistered,source_file_184a21d78f866d36,01_原始数据/代码仓库镜像/ADEPT/2.Simulations/modulus_files/in_5.elastic,in_5.elastic,4159,bb2fd0ed3c8a84c61ace85a893048f786bdc13c6dc59854cfe7e81217be7e30a,,,2026-07-18,UNKNOWN,,,metadata_only,unknown,review_required,尚未在配置/数据源.yaml逐来源登记；默认禁止发布。
raw_vault_unregistered,source_file_539fb724a4fbb51a,01_原始数据/代码仓库镜像/ADEPT/2.Simulations/modulus_files/in_50.elastic,in_50.elastic,4160,aa77b102190f301ac64f5e4122722135adaba21c1761aed39d9d7e9e6b5997a7,,,2026-07-18,UNKNOWN,,,metadata_only,unknown,review_required,尚未在配置/数据源.yaml逐来源登记；默认禁止发布。
raw_vault_unregistered,source_file_4bfbe692712bb045,01_原始数据/代码仓库镜像/ADEPT/2.Simulations/modulus_files/in_51.elastic,in_51.elastic,4160,8ec59a52c833d890b128d0f1c059c09bfb7aee97d47e3f570e6a6555ba76793d,,,2026-07-18,UNKNOWN,,,metadata_only,unknown,review_required,尚未在配置/数据源.yaml逐来源登记；默认禁止发布。
raw_vault_unregistered,source_file_3b9e9b5ffdef8ded,01_原始数据/代码仓库镜像/ADEPT/2.Simulations/modulus_files/in_52.elastic,in_52.elastic,4160,e29e61b3ba5c1f85a4da3506b0f74077a164c5ebb5627651c9f66c20238ca2c7,,,2026-07-18,UNKNOWN,,,metadata_only,unknown,review_required,尚未在配置/数据源.yaml逐来源登记；默认禁止发布。
raw_vault_unregistered,source_file_3ac390143650d8e6,01_原始数据/代码仓库镜像/ADEPT/2.Simulations/modulus_files/in_53.elastic,in_53.elastic,4160,58d93234e5caab04f99a0226ddcb5de8fb65eac155309bc09fb716d5d3fceffb,,,2026-07-18,UNKNOWN,,,metadata_only,unknown,review_required,尚未在配置/数据源.yaml逐来源登记；默认禁止发布。
raw_vault_unregistered,source_file_e2bae734ab5edb80,01_原始数据/代码仓库镜像/ADEPT/2.Simulations/modulus_files/in_54.elastic,in_54.elastic,4160,d9db6f1c825d35691892dc061ae02d784b8cf2dba7062ef2f955a834a9b40835,,,2026-07-18,UNKNOWN,,,metadata_only,unknown,review_required,尚未在配置/数据源.yaml逐来源登记；默认禁止发布。
raw_vault_unregistered,source_file_e9c930a243da7506,01_原始数据/代码仓库镜像/ADEPT/2.Simulations/modulus_files/in_55.elastic,in_55.elastic,4160,bedbed6b4f73190c94aa9d06cf7247869ae049acb38b83ced51b00d89adad605,,,2026-07-18,UNKNOWN,,,metadata_only,unknown,review_required,尚未在配置/数据源.yaml逐来源登记；默认禁止发布。
raw_vault_unregistered,source_file_d6445f544bece840,01_原始数据/代码仓库镜像/ADEPT/2.Simulations/modulus_files/in_56.elastic,in_56.elastic,4160,eed13328e2f701ee7f044b0655809677c92d52e9a4237c723bc0cce9102c8e17,,,2026-07-18,UNKNOWN,,,metadata_only,unknown,review_required,尚未在配置/数据源.yaml逐来源登记；默认禁止发布。
raw_vault_unregistered,source_file_97c75114bd4b0082,01_原始数据/代码仓库镜像/ADEPT/2.Simulations/modulus_files/in_57.elastic,in_57.elastic,4160,1c528a36e6bf46b2acf39c17851437e84cd686f320f62ab846ab5c91878afe9a,,,2026-07-18,UNKNOWN,,,metadata_only,unknown,review_required,尚未在配置/数据源.yaml逐来源登记；默认禁止发布。
raw_vault_unregistered,source_file_94693ad67a1ba776,01_原始数据/代码仓库镜像/ADEPT/2.Simulations/modulus_files/in_58.elastic,in_58.elastic,4160,67a032e244ecb207eb59651a21c99f3da55f74bb50893f0eb917d820c9995c13,,,2026-07-18,UNKNOWN,,,metadata_only,unknown,review_required,尚未在配置/数据源.yaml逐来源登记；默认禁止发布。
raw_vault_unregistered,source_file_b9fe80607fb41407,01_原始数据/代码仓库镜像/ADEPT/2.Simulations/modulus_files/in_59.elastic,in_59.elastic,4160,fcbf8506a7ad49c22c1ee0d15c1218ff02a9db5fb0480deacc204df95f2d63be,,,2026-07-18,UNKNOWN,,,metadata_only,unknown,review_required,尚未在配置/数据源.yaml逐来源登记；默认禁止发布。
raw_vault_unregistered,source_file_a54c782cd9d8081f,01_原始数据/代码仓库镜像/ADEPT/2.Simulations/modulus_files/in_6.elastic,in_6.elastic,4159,2dffb7849b355e68e4a0a9f768671dc0c95a11e627526451328fc1896d7d77e3,,,2026-07-18,UNKNOWN,,,metadata_only,unknown,review_required,尚未在配置/数据源.yaml逐来源登记；默认禁止发布。
raw_vault_unregistered,source_file_c08b5733aeca9e74,01_原始数据/代码仓库镜像/ADEPT/2.Simulations/modulus_files/in_60.elastic,in_60.elastic,4160,d88292b59f84940849bc911c2c15669e9fb154d29dcfb8b4244d12a99d754221,,,2026-07-18,UNKNOWN,,,metadata_only,unknown,review_required,尚未在配置/数据源.yaml逐来源登记；默认禁止发布。
raw_vault_unregistered,source_file_95343f66bb662e78,01_原始数据/代码仓库镜像/ADEPT/2.Simulations/modulus_files/in_61.elastic,in_61.elastic,4160,cef025a1136249b12f0ab6765c0f7835008bcbe270663c1aaeea8dcfaabbbca3,,,2026-07-18,UNKNOWN,,,metadata_only,unknown,review_required,尚未在配置/数据源.yaml逐来源登记；默认禁止发布。
raw_vault_unregistered,source_file_d0eb8065080492b0,01_原始数据/代码仓库镜像/ADEPT/2.Simulations/modulus_files/in_62.elastic,in_62.elastic,4160,4475858cca16df8251cda930cf8c02d17e775b94ca5107d27e7d3d9fdb8fddb4,,,2026-07-18,UNKNOWN,,,metadata_only,unknown,review_required,尚未在配置/数据源.yaml逐来源登记；默认禁止发布。
raw_vault_unregistered,source_file_822b00347a31bc9b,01_原始数据/代码仓库镜像/ADEPT/2.Simulations/modulus_files/in_63.elastic,in_63.elastic,4160,adc2af2b8b5e9dc21b81cea8da69e857db3e6428cfe4f89b3c35bea98012f9e4,,,2026-07-18,UNKNOWN,,,metadata_only,unknown,review_required,尚未在配置/数据源.yaml逐来源登记；默认禁止发布。
raw_vault_unregistered,source_file_a571487d17f65249,01_原始数据/代码仓库镜像/ADEPT/2.Simulations/modulus_files/in_64.elastic,in_64.elastic,4160,18ba3c1baf7b82c0a0f8d3d7b265aee5263ce732357e4f7c1e9a67c3c106a8bb,,,2026-07-18,UNKNOWN,,,metadata_only,unknown,review_required,尚未在配置/数据源.yaml逐来源登记；默认禁止发布。
raw_vault_unregistered,source_file_dba01489e3abea02,01_原始数据/代码仓库镜像/ADEPT/2.Simulations/modulus_files/in_65.elastic,in_65.elastic,4160,c4c939c951eef109c3a6c0e38efd35b7b7603006af0112bf5b24e5557cd47612,,,2026-07-18,UNKNOWN,,,metadata_only,unknown,review_required,尚未在配置/数据源.yaml逐来源登记；默认禁止发布。
raw_vault_unregistered,source_file_85b06d427143e475,01_原始数据/代码仓库镜像/ADEPT/2.Simulations/modulus_files/in_66.elastic,in_66.elastic,4160,7c74c606fa2d2fb0183e709fd9dd0198e79b883609990ce664c8b998c530866f,,,2026-07-18,UNKNOWN,,,metadata_only,unknown,review_required,尚未在配置/数据源.yaml逐来源登记；默认禁止发布。
raw_vault_unregistered,source_file_8e7179feb144a568,01_原始数据/代码仓库镜像/ADEPT/2.Simulations/modulus_files/in_67.elastic,in_67.elastic,4160,5ab8db60e186f8df0c6191b6a197b782c84bf602a44e478387506ef547a1d882,,,2026-07-18,UNKNOWN,,,metadata_only,unknown,review_required,尚未在配置/数据源.yaml逐来源登记；默认禁止发布。
raw_vault_unregistered,source_file_4456049eb88fe531,01_原始数据/代码仓库镜像/ADEPT/2.Simulations/modulus_files/in_68.elastic,in_68.elastic,4160,1a6834fdd92df79a0ce8c8d3bbb7fe00b47801956a3108d8194ba0ac3197a7da,,,2026-07-18,UNKNOWN,,,metadata_only,unknown,review_required,尚未在配置/数据源.yaml逐来源登记；默认禁止发布。
raw_vault_unregistered,source_file_d3587881c18ec571,01_原始数据/代码仓库镜像/ADEPT/2.Simulations/modulus_files/in_69.elastic,in_69.elastic,4160,6ff429eb17f9ad772112124692fe38ba33c629201f72c2be6bdbb7f5e54535b5,,,2026-07-18,UNKNOWN,,,metadata_only,unknown,review_required,尚未在配置/数据源.yaml逐来源登记；默认禁止发布。
raw_vault_unregistered,source_file_84729f5c3f3375cb,01_原始数据/代码仓库镜像/ADEPT/2.Simulations/modulus_files/in_7.elastic,in_7.elastic,4159,e0d3a7b6522a000afb393164d20443377f0b03229cc6193d3983b2fd4dca1dd3,,,2026-07-18,UNKNOWN,,,metadata_only,unknown,review_required,尚未在配置/数据源.yaml逐来源登记；默认禁止发布。
raw_vault_unregistered,source_file_9b8e5a4af584172c,01_原始数据/代码仓库镜像/ADEPT/2.Simulations/modulus_files/in_70.elastic,in_70.elastic,4160,85915a98f5805165fac4d114be23d3e87e5daf11cada3b0558e476b15af8fb16,,,2026-07-18,UNKNOWN,,,metadata_only,unknown,review_required,尚未在配置/数据源.yaml逐来源登记；默认禁止发布。
raw_vault_unregistered,source_file_1cbc6c5d1a8b6470,01_原始数据/代码仓库镜像/ADEPT/2.Simulations/modulus_files/in_71.elastic,in_71.elastic,4160,14979741ac68e71018ab426eec6291b710a303b6ce79f84d09e9c931f2702799,,,2026-07-18,UNKNOWN,,,metadata_only,unknown,review_required,尚未在配置/数据源.yaml逐来源登记；默认禁止发布。
raw_vault_unregistered,source_file_9a1f5cec04df2a6b,01_原始数据/代码仓库镜像/ADEPT/2.Simulations/modulus_files/in_72.elastic,in_72.elastic,4160,bfc8eca6809efa60ce6f7975647ced482a4c8967b400dd3c5f197990682ec868,,,2026-07-18,UNKNOWN,,,metadata_only,unknown,review_required,尚未在配置/数据源.yaml逐来源登记；默认禁止发布。
raw_vault_unregistered,source_file_400adb7abd6a84dd,01_原始数据/代码仓库镜像/ADEPT/2.Simulations/modulus_files/in_73.elastic,in_73.elastic,4160,3e38e65cd4928736310c326932b08a2feb526a66170e6ca65ef46dedb7b164d0,,,2026-07-18,UNKNOWN,,,metadata_only,unknown,review_required,尚未在配置/数据源.yaml逐来源登记；默认禁止发布。
raw_vault_unregistered,source_file_bcb46a50d55a25ff,01_原始数据/代码仓库镜像/ADEPT/2.Simulations/modulus_files/in_74.elastic,in_74.elastic,4160,6dea9b7ce763ae9c07f23312bc0f61f5a1365711fb43366eb8d8e8c011a10b73,,,2026-07-18,UNKNOWN,,,metadata_only,unknown,review_required,尚未在配置/数据源.yaml逐来源登记；默认禁止发布。
raw_vault_unregistered,source_file_070c7f8d2f7a057f,01_原始数据/代码仓库镜像/ADEPT/2.Simulations/modulus_files/in_75.elastic,in_75.elastic,4160,76c9c5aa24bc98b0906a59c84a6b50e6a886890dcb6330e69f25ac6553e2374f,,,2026-07-18,UNKNOWN,,,metadata_only,unknown,review_required,尚未在配置/数据源.yaml逐来源登记；默认禁止发布。
raw_vault_unregistered,source_file_74411a110e8e1c8e,01_原始数据/代码仓库镜像/ADEPT/2.Simulations/modulus_files/in_76.elastic,in_76.elastic,4160,4db5040b5086decbb0e5127ee03334300a36232744a709ad75216ca85513ee0d,,,2026-07-18,UNKNOWN,,,metadata_only,unknown,review_required,尚未在配置/数据源.yaml逐来源登记；默认禁止发布。
raw_vault_unregistered,source_file_b5918b23a6bd75d3,01_原始数据/代码仓库镜像/ADEPT/2.Simulations/modulus_files/in_77.elastic,in_77.elastic,4160,82ff9d9a9d81213c31cdcdb0f55870c6f1d41ddc5a8ff854623da53d119d2e4e,,,2026-07-18,UNKNOWN,,,metadata_only,unknown,review_required,尚未在配置/数据源.yaml逐来源登记；默认禁止发布。
raw_vault_unregistered,source_file_36b70b283656e121,01_原始数据/代码仓库镜像/ADEPT/2.Simulations/modulus_files/in_78.elastic,in_78.elastic,4160,c81f7180172a69863262e8f7ab2ec5c27f742ac07f18c76edcbf0ffbba94cda8,,,2026-07-18,UNKNOWN,,,metadata_only,unknown,review_required,尚未在配置/数据源.yaml逐来源登记；默认禁止发布。
raw_vault_unregistered,source_file_fdeed6095af8c8fa,01_原始数据/代码仓库镜像/ADEPT/2.Simulations/modulus_files/in_79.elastic,in_79.elastic,4160,1d5ff701f34306e5f5f1bbac63c17f4287ebf33a70c100761a7f2bdd2c94c9c5,,,2026-07-18,UNKNOWN,,,metadata_only,unknown,review_required,尚未在配置/数据源.yaml逐来源登记；默认禁止发布。
raw_vault_unregistered,source_file_5f4e5aa095ad29fe,01_原始数据/代码仓库镜像/ADEPT/2.Simulations/modulus_files/in_8.elastic,in_8.elastic,4159,0ec411deb6e0d475f88c51e4ea105d823c492c99b72d88eee988302fee68a5dd,,,2026-07-18,UNKNOWN,,,metadata_only,unknown,review_required,尚未在配置/数据源.yaml逐来源登记；默认禁止发布。
raw_vault_unregistered,source_file_5a77a8155f131f14,01_原始数据/代码仓库镜像/ADEPT/2.Simulations/modulus_files/in_80.elastic,in_80.elastic,4160,a7b807b81bd740730292e9b8f4df76a6b21e3967c50bddcf779be421988254d5,,,2026-07-18,UNKNOWN,,,metadata_only,unknown,review_required,尚未在配置/数据源.yaml逐来源登记；默认禁止发布。
raw_vault_unregistered,source_file_797eff09b07b72f1,01_原始数据/代码仓库镜像/ADEPT/2.Simulations/modulus_files/in_81.elastic,in_81.elastic,4160,08db788352a48a49943b13e9cf55f5f8ee60265c0d862ca0a803bf88ee3d0408,,,2026-07-18,UNKNOWN,,,metadata_only,unknown,review_required,尚未在配置/数据源.yaml逐来源登记；默认禁止发布。
raw_vault_unregistered,source_file_19305f2dcf4bca83,01_原始数据/代码仓库镜像/ADEPT/2.Simulations/modulus_files/in_82.elastic,in_82.elastic,4160,8d8972640f1fcb63013e9a5f8a57a77956e3a621bede2bc5406f22ba9321df33,,,2026-07-18,UNKNOWN,,,metadata_only,unknown,review_required,尚未在配置/数据源.yaml逐来源登记；默认禁止发布。
raw_vault_unregistered,source_file_eef38e538ebf01fb,01_原始数据/代码仓库镜像/ADEPT/2.Simulations/modulus_files/in_83.elastic,in_83.elastic,4160,e17711eea7172cf929d228f472e071bdd28dbb5c746f840bcf89f60a86734c49,,,2026-07-18,UNKNOWN,,,metadata_only,unknown,review_required,尚未在配置/数据源.yaml逐来源登记；默认禁止发布。
raw_vault_unregistered,source_file_8bfbedc8f1670337,01_原始数据/代码仓库镜像/ADEPT/2.Simulations/modulus_files/in_84.elastic,in_84.elastic,4160,059c64af24b12c469b350c57130fde7ebe68651c60f956d1c8ec6dbb77d36a4d,,,2026-07-18,UNKNOWN,,,metadata_only,unknown,review_required,尚未在配置/数据源.yaml逐来源登记；默认禁止发布。
raw_vault_unregistered,source_file_a14a06bdf1a13ad4,01_原始数据/代码仓库镜像/ADEPT/2.Simulations/modulus_files/in_85.elastic,in_85.elastic,4160,923e4df4c22ac017b06deee8bb388ff6d005cb4730cdfb2b0a5ec05f79052b74,,,2026-07-18,UNKNOWN,,,metadata_only,unknown,review_required,尚未在配置/数据源.yaml逐来源登记；默认禁止发布。
raw_vault_unregistered,source_file_33eb7cedc10fcc82,01_原始数据/代码仓库镜像/ADEPT/2.Simulations/modulus_files/in_86.elastic,in_86.elastic,4160,994752c02ef17fa2baececb79677bd1b8aa33c77280fbca22726c5c7e8bf5256,,,2026-07-18,UNKNOWN,,,metadata_only,unknown,review_required,尚未在配置/数据源.yaml逐来源登记；默认禁止发布。
raw_vault_unregistered,source_file_c0253d0f914153e2,01_原始数据/代码仓库镜像/ADEPT/2.Simulations/modulus_files/in_87.elastic,in_87.elastic,4160,b1522ebadae1f23766c6ef7a0d856a1f96f41e7ca8859c76c108e6edfc9881b2,,,2026-07-18,UNKNOWN,,,metadata_only,unknown,review_required,尚未在配置/数据源.yaml逐来源登记；默认禁止发布。
raw_vault_unregistered,source_file_f228096147b0261f,01_原始数据/代码仓库镜像/ADEPT/2.Simulations/modulus_files/in_88.elastic,in_88.elastic,4160,9582383050cb2a041146a72d02a68e1afab62f51a109b009ec644bb54ca65fc7,,,2026-07-18,UNKNOWN,,,metadata_only,unknown,review_required,尚未在配置/数据源.yaml逐来源登记；默认禁止发布。
raw_vault_unregistered,source_file_7ffc898e43ee70d7,01_原始数据/代码仓库镜像/ADEPT/2.Simulations/modulus_files/in_89.elastic,in_89.elastic,4160,6fc899a547e1fd008ded7a5fadea853ce917cc11ea82979ea82ee0e70eb1f88c,,,2026-07-18,UNKNOWN,,,metadata_only,unknown,review_required,尚未在配置/数据源.yaml逐来源登记；默认禁止发布。
raw_vault_unregistered,source_file_6d401008da9f48d6,01_原始数据/代码仓库镜像/ADEPT/2.Simulations/modulus_files/in_9.elastic,in_9.elastic,4159,db5862ac8a7cb7bf9c67790ffd249dbb0c1249b9c408efe5965b40053bd4b6e6,,,2026-07-18,UNKNOWN,,,metadata_only,unknown,review_required,尚未在配置/数据源.yaml逐来源登记；默认禁止发布。
raw_vault_unregistered,source_file_8bbc641a900f2653,01_原始数据/代码仓库镜像/ADEPT/2.Simulations/modulus_files/in_90.elastic,in_90.elastic,4160,ebfea525d3ceeb8fad57eb59650e7408596a544f2bfbe7318c4f55eb878492c1,,,2026-07-18,UNKNOWN,,,metadata_only,unknown,review_required,尚未在配置/数据源.yaml逐来源登记；默认禁止发布。
raw_vault_unregistered,source_file_64f4a3fdec6f4e16,01_原始数据/代码仓库镜像/ADEPT/2.Simulations/modulus_files/in_91.elastic,in_91.elastic,4160,85e399225352c284b94c2eccc6a4640e74387b4a3654b00e7b2da85c854a0dc8,,,2026-07-18,UNKNOWN,,,metadata_only,unknown,review_required,尚未在配置/数据源.yaml逐来源登记；默认禁止发布。
raw_vault_unregistered,source_file_e26aadcade675677,01_原始数据/代码仓库镜像/ADEPT/2.Simulations/modulus_files/in_92.elastic,in_92.elastic,4160,6065995fa9efdb6e0775b9dab2dfcbeef4d97fa14d35a04c74541e445ea25a8e,,,2026-07-18,UNKNOWN,,,metadata_only,unknown,review_required,尚未在配置/数据源.yaml逐来源登记；默认禁止发布。
raw_vault_unregistered,source_file_81d995c6550a339e,01_原始数据/代码仓库镜像/ADEPT/2.Simulations/modulus_files/in_93.elastic,in_93.elastic,4160,75e281ac902d0ebcbd952e864b8bc7728a1ee5aa9190b2c6a8892c470e0055e7,,,2026-07-18,UNKNOWN,,,metadata_only,unknown,review_required,尚未在配置/数据源.yaml逐来源登记；默认禁止发布。
raw_vault_unregistered,source_file_bd90b284570ac6b3,01_原始数据/代码仓库镜像/ADEPT/2.Simulations/modulus_files/in_94.elastic,in_94.elastic,4160,615a9b926e24a7278a4f7c5f8acc9e8cdf51aa04151bec5bff000e0a97d9593c,,,2026-07-18,UNKNOWN,,,metadata_only,unknown,review_required,尚未在配置/数据源.yaml逐来源登记；默认禁止发布。
raw_vault_unregistered,source_file_5874098cfa5c679e,01_原始数据/代码仓库镜像/ADEPT/2.Simulations/modulus_files/in_95.elastic,in_95.elastic,4160,533a3af23ba848fc8d8e7e7b35d1fc9f8279d56cd726492995e313b7ee6771ed,,,2026-07-18,UNKNOWN,,,metadata_only,unknown,review_required,尚未在配置/数据源.yaml逐来源登记；默认禁止发布。
raw_vault_unregistered,source_file_0bf55d75c0efe603,01_原始数据/代码仓库镜像/ADEPT/2.Simulations/modulus_files/in_96.elastic,in_96.elastic,4160,4fb4b339c61105fb2cef3e32873cd73f5dd8751bd21ec11e9cd66517557134de,,,2026-07-18,UNKNOWN,,,metadata_only,unknown,review_required,尚未在配置/数据源.yaml逐来源登记；默认禁止发布。
raw_vault_unregistered,source_file_d7782f32f25f89d0,01_原始数据/代码仓库镜像/ADEPT/2.Simulations/modulus_files/in_97.elastic,in_97.elastic,4160,9d76de29e336de0f88e95e4ea46ab280638a72444912e26ffd1bf4f6bd24187d,,,2026-07-18,UNKNOWN,,,metadata_only,unknown,review_required,尚未在配置/数据源.yaml逐来源登记；默认禁止发布。
raw_vault_unregistered,source_file_7f4a70aba7ce0052,01_原始数据/代码仓库镜像/ADEPT/2.Simulations/modulus_files/in_98.elastic,in_98.elastic,4160,ae07152fb9dd7b1114b12897752c10f12c33966d30448125bf18f0a64dec933a,,,2026-07-18,UNKNOWN,,,metadata_only,unknown,review_required,尚未在配置/数据源.yaml逐来源登记；默认禁止发布。
raw_vault_unregistered,source_file_a73da5a067d6a85d,01_原始数据/代码仓库镜像/ADEPT/2.Simulations/modulus_files/in_99.elastic,in_99.elastic,4160,cbfbd0f5f0718658cf040b484f059dee7ee972488c158dadbe481917ee3df525,,,2026-07-18,UNKNOWN,,,metadata_only,unknown,review_required,尚未在配置/数据源.yaml逐来源登记；默认禁止发布。
raw_vault_unregistered,source_file_1aecac3f62423cf4,01_原始数据/代码仓库镜像/ADEPT/2.Simulations/modulus_files/post_vrh.mod,post_vrh.mod,3566,9de36371af13300491d4ce0e62bebe9c9636555da366965c2ab35d5863d04c75,,,2026-07-18,UNKNOWN,,,metadata_only,unknown,review_required,尚未在配置/数据源.yaml逐来源登记；默认禁止发布。
raw_vault_unregistered,source_file_b8605a0def1a0caa,01_原始数据/代码仓库镜像/ADEPT/2.Simulations/modulus_files/submit.sh,submit.sh,228,bca8427c9a9495327dbc236a7feb30b2db121236635ab4d8ce4dd35f6511a161,,,2026-07-18,UNKNOWN,,,metadata_only,unknown,review_required,尚未在配置/数据源.yaml逐来源登记；默认禁止发布。
raw_vault_unregistered,source_file_ec1bef088e0b27b6,01_原始数据/代码仓库镜像/ADEPT/3.Analysis/calc_Cp_alphaP.py,calc_Cp_alphaP.py,4866,53711aad08cf027911fb19f6a29981ec71bd597986aace94cd4c2ec3fdef034e,,,2026-07-18,UNKNOWN,,,metadata_only,unknown,review_required,尚未在配置/数据源.yaml逐来源登记；默认禁止发布。
raw_vault_unregistered,source_file_b320e2fe3e805715,01_原始数据/代码仓库镜像/ADEPT/3.Analysis/calc_DC.py,calc_DC.py,5860,56e85f609adfafdf66264fbc75604f757b87ace05c6c8a26e80e14b5b8114a0d,,,2026-07-18,UNKNOWN,,,metadata_only,unknown,review_required,尚未在配置/数据源.yaml逐来源登记；默认禁止发布。
raw_vault_unregistered,source_file_2c4233651cf486f7,01_原始数据/代码仓库镜像/ADEPT/3.Analysis/calc_density.py,calc_density.py,1519,e2fa1977f8f377ec681485acb38d6bd06135efc2231a23008c9fab45732d719c,,,2026-07-18,UNKNOWN,,,metadata_only,unknown,review_required,尚未在配置/数据源.yaml逐来源登记；默认禁止发布。
raw_vault_unregistered,source_file_fec1218f4f63496d,01_原始数据/代码仓库镜像/ADEPT/3.Analysis/calc_modulus.py,calc_modulus.py,4807,4b48715d8750a031542768fb0cccb78d28aeae6f5a7f64cf13b5b67e29dced55,,,2026-07-18,UNKNOWN,,,metadata_only,unknown,review_required,尚未在配置/数据源.yaml逐来源登记；默认禁止发布。
raw_vault_unregistered,source_file_9f0f12b170bf7d9c,01_原始数据/代码仓库镜像/ADEPT/3.Analysis/calc_Rg.py,calc_Rg.py,1341,60822cbf38385f38c2586b3aacef65f37b970f8aad8d407e224ff7b3b73c80c9,,,2026-07-18,UNKNOWN,,,metadata_only,unknown,review_required,尚未在配置/数据源.yaml逐来源登记；默认禁止发布。
raw_vault_unregistered,source_file_5b20d2ea1bd1f526,01_原始数据/代码仓库镜像/ADEPT/3.Analysis/calc_TC.py,calc_TC.py,6287,3eddc6cd549145bd6ddc06c494565691f2ecd8e59c67b4eb2f5d2462a5f2440e,,,2026-07-18,UNKNOWN,,,metadata_only,unknown,review_required,尚未在配置/数据源.yaml逐来源登记；默认禁止发布。
raw_vault_unregistered,source_file_de9e93c424440f3e,01_原始数据/代码仓库镜像/ADEPT/3.Analysis/calc_Tg.py,calc_Tg.py,3824,ca7fe08e9bc8fc3864f60325d909a7354a3f6172204c7ef4e034c1db0196275f,,,2026-07-18,UNKNOWN,,,metadata_only,unknown,review_required,尚未在配置/数据源.yaml逐来源登记；默认禁止发布。
raw_vault_unregistered,source_file_2d228a54b317b2ea,01_原始数据/代码仓库镜像/ADEPT/3.Analysis/predict_tg.py,predict_tg.py,2852,e7816a19b668531c8f198b612bb362be59ee93691692dd7034fb783e97048bba,,,2026-07-18,UNKNOWN,,,metadata_only,unknown,review_required,尚未在配置/数据源.yaml逐来源登记；默认禁止发布。
raw_vault_unregistered,source_file_a8d7d3aa7651f1ea,01_原始数据/代码仓库镜像/ADEPT/3.Analysis/update_alphaT.py,update_alphaT.py,5038,6a30160dec9b08e6aaa4fca5ec49974e672b64902633cd2e0bb1d6964a35cf19,,,2026-07-18,UNKNOWN,,,metadata_only,unknown,review_required,尚未在配置/数据源.yaml逐来源登记；默认禁止发布。
raw_vault_unregistered,source_file_771287a2b9e98d52,01_原始数据/代码仓库镜像/ADEPT/3.Analysis/update_Cp_alphaP.py,update_Cp_alphaP.py,4479,e108f7beeb65e796572a06315510aa4ff6eeadbe9be8d1e58c0c81d7c0747330,,,2026-07-18,UNKNOWN,,,metadata_only,unknown,review_required,尚未在配置/数据源.yaml逐来源登记；默认禁止发布。
raw_vault_unregistered,source_file_0a003e84e727ed50,01_原始数据/代码仓库镜像/ADEPT/3.Analysis/update_DC.py,update_DC.py,3938,e9bef7905c0420efed4dc5d581fc85f1dfecc5b3aeafc361667b7aa8a7d250ce,,,2026-07-18,UNKNOWN,,,metadata_only,unknown,review_required,尚未在配置/数据源.yaml逐来源登记；默认禁止发布。
raw_vault_unregistered,source_file_5812ed76e7fbfbc0,01_原始数据/代码仓库镜像/ADEPT/3.Analysis/update_ep.py,update_ep.py,7471,6b3dd35b6d3dc3c7e196dab22f09948c7240405de9ccff7a8bab256bba07fca0,,,2026-07-18,UNKNOWN,,,metadata_only,unknown,review_required,尚未在配置/数据源.yaml逐来源登记；默认禁止发布。
raw_vault_unregistered,source_file_cb5a2143703b850d,01_原始数据/代码仓库镜像/ADEPT/3.Analysis/update_modulus.py,update_modulus.py,4884,b352d634945b422ec8e96f255691bac2ec95edfabb0569facbef7b40e773baa7,,,2026-07-18,UNKNOWN,,,metadata_only,unknown,review_required,尚未在配置/数据源.yaml逐来源登记；默认禁止发布。
raw_vault_unregistered,source_file_98dc317f70c8a92a,01_原始数据/代码仓库镜像/ADEPT/3.Analysis/update_Rg_dens.py,update_Rg_dens.py,4333,47c3c6428c70659e06e82e2c2c5782131c99c621aa90a012d394613cf5397d3d,,,2026-07-18,UNKNOWN,,,metadata_only,unknown,review_required,尚未在配置/数据源.yaml逐来源登记；默认禁止发布。
raw_vault_unregistered,source_file_244e1821a0bac90c,01_原始数据/代码仓库镜像/ADEPT/3.Analysis/update_TC.py,update_TC.py,3269,ff04664e963fb88cdef00a7c0873dad4298ca9c590d0688185a6db12b0be8306,,,2026-07-18,UNKNOWN,,,metadata_only,unknown,review_required,尚未在配置/数据源.yaml逐来源登记；默认禁止发布。
raw_vault_unregistered,source_file_ebf06775985a1170,01_原始数据/代码仓库镜像/ADEPT/3.Analysis/update_Tg.py,update_Tg.py,2616,226c6c096f4a654eb45f2c3c0e8af33b9148ec20398a857e10355496e063c8c7,,,2026-07-18,UNKNOWN,,,metadata_only,unknown,review_required,尚未在配置/数据源.yaml逐来源登记；默认禁止发布。
raw_vault_unregistered,source_file_d869683d6fe80a8c,01_原始数据/代码仓库镜像/ADEPT/3.Analysis/update_visc.py,update_visc.py,5288,035ec4ad9de782a1480172e8d06d02a7f0ec72e09811ad7358f349e999ca01ee,,,2026-07-18,UNKNOWN,,,metadata_only,unknown,review_required,尚未在配置/数据源.yaml逐来源登记；默认禁止发布。
raw_vault_unregistered,source_file_90cc2d5e6806f0fb,01_原始数据/代码仓库镜像/ADEPT/Files/files.sh,files.sh,9009,189cbaf9f9f6be95cc17db4b622da7404c135175d8ef157c6a05e965524e12c4,,,2026-07-18,UNKNOWN,,,metadata_only,unknown,review_required,尚未在配置/数据源.yaml逐来源登记；默认禁止发布。
raw_vault_unregistered,source_file_80945331cddf7170,01_原始数据/代码仓库镜像/ADEPT/Files/model_mlp_tg.pkl,model_mlp_tg.pkl,572595,13750012df33ea1f69a9229811f1f7950cc76a13a1ebca9de42d5e5f6455efcf,,,2026-07-18,UNKNOWN,,,metadata_only,unknown,review_required,尚未在配置/数据源.yaml逐来源登记；默认禁止发布。
raw_vault_unregistered,source_file_f4e8ec62cc2293d5,01_原始数据/代码仓库镜像/ADEPT/polymer-workflow.yml,polymer-workflow.yml,335,888f6dfa03a468e82069c3ff3ff7f1cb063de5dbe89128bd3148cc299f8a883b,,,2026-07-18,UNKNOWN,,,metadata_only,unknown,review_required,尚未在配置/数据源.yaml逐来源登记；默认禁止发布。
raw_vault_unregistered,source_file_d59d97f2987e0ca5,01_原始数据/代码仓库镜像/ADEPT/README.md,README.md,11486,19ee6cef030b9cae6f6fd5ab21606237384a9c13a78f146560446a3f4241c096,,,2026-07-18,UNKNOWN,,,metadata_only,unknown,review_required,尚未在配置/数据源.yaml逐来源登记；默认禁止发布。
raw_vault_unregistered,source_file_2c9d184a5a191854,01_原始数据/代码仓库镜像/ADEPT/SMILES.csv,SMILES.csv,916410,51e2039bcf71bd54c44fe32576d41ed387ac66f3b6ecf3c75a9727f3ef2ed53a,,,2026-07-18,UNKNOWN,,,metadata_only,unknown,review_required,尚未在配置/数据源.yaml逐来源登记；默认禁止发布。
raw_vault_unregistered,source_file_0a1573e3e717da26,01_原始数据/代码仓库镜像/ADEPT/submit.sh,submit.sh,4205,5fc6a6a67214c8cf4b5478bdf7d2bd108d47aa98470002437c42e31c24313e7f,,,2026-07-18,UNKNOWN,,,metadata_only,unknown,review_required,尚未在配置/数据源.yaml逐来源登记；默认禁止发布。
raw_vault_unregistered,source_file_5abdea34046eac78,01_原始数据/代码仓库镜像/DQ/.gitignore,.gitignore,4859,83ff1ce3fd7abeedc4456a5db13480c1c34e0a095b4f39f6b423c83958c53f4a,,,2026-07-18,UNKNOWN,,,metadata_only,unknown,review_required,尚未在配置/数据源.yaml逐来源登记；默认禁止发布。
raw_vault_unregistered,source_file_2256e303e0dbe3aa,01_原始数据/代码仓库镜像/DQ/__init__.py,__init__.py,0,e3b0c44298fc1c149afbf4c8996fb92427ae41e4649b934ca495991b7852b855,,,2026-07-18,UNKNOWN,,,metadata_only,unknown,review_required,尚未在配置/数据源.yaml逐来源登记；默认禁止发布。
raw_vault_unregistered,source_file_ba7fc8fc101d85df,01_原始数据/代码仓库镜像/DQ/Correlation.py,Correlation.py,8105,eb1f853f8f1f35f47b6cfd200fc6083ce447a44bfd37f995e2afbcba093999f3,,,2026-07-18,UNKNOWN,,,metadata_only,unknown,review_required,尚未在配置/数据源.yaml逐来源登记；默认禁止发布。
raw_vault_unregistered,source_file_7adbeda320cbf27c,01_原始数据/代码仓库镜像/DQ/DCC.py,DCC.py,9138,82d428e449da80d57bfa034ee008b4c653b521ecb50e7e0280f199378e48762b,,,2026-07-18,UNKNOWN,,,metadata_only,unknown,review_required,尚未在配置/数据源.yaml逐来源登记；默认禁止发布。
raw_vault_unregistered,source_file_0712707e2d026548,01_原始数据/代码仓库镜像/DQ/experiment/00-data.ipynb,00-data.ipynb,78039,e389e4b03a1c4aa4307a4dc1eedcdde73f46a51e89e585cb70f42f0df24a4d8a,,,2026-07-18,UNKNOWN,,,metadata_only,unknown,review_required,尚未在配置/数据源.yaml逐来源登记；默认禁止发布。
raw_vault_unregistered,source_file_37d40c12476be4c8,01_原始数据/代码仓库镜像/DQ/experiment/01-exp.ipynb,01-exp.ipynb,4450603,46f8756e56901df982c0a0053121ef4d63e442c0867fd08bac6616a8116e2536,,,2026-07-18,UNKNOWN,,,metadata_only,unknown,review_required,尚未在配置/数据源.yaml逐来源登记；默认禁止发布。
raw_vault_unregistered,source_file_1ecd3f87fb85c3eb,01_原始数据/代码仓库镜像/DQ/experiment/02-real-datasets-1-Pearson.ipynb,02-real-datasets-1-Pearson.ipynb,2743037,c36ca0bdae397bb151ed85e568c78acc9a26d6c6a9ca40cc58437218e49d830f,,,2026-07-18,UNKNOWN,,,metadata_only,unknown,review_required,尚未在配置/数据源.yaml逐来源登记；默认禁止发布。
raw_vault_unregistered,source_file_60867c8f48a9c791,01_原始数据/代码仓库镜像/DQ/experiment/02-real-datasets-2-Spearman.ipynb,02-real-datasets-2-Spearman.ipynb,2932260,6cf237d9436c47f3e10f15dc89ee90e375838a24977c844e3479722fc87e2325,,,2026-07-18,UNKNOWN,,,metadata_only,unknown,review_required,尚未在配置/数据源.yaml逐来源登记；默认禁止发布。
raw_vault_unregistered,source_file_a42c8656fcea84d7,01_原始数据/代码仓库镜像/DQ/experiment/02-real-datasets-3-MI.ipynb,02-real-datasets-3-MI.ipynb,2688825,d805f9907394416a107f7d1727b292775218d5306691d2f3a241f0d9836c4b8c,,,2026-07-18,UNKNOWN,,,metadata_only,unknown,review_required,尚未在配置/数据源.yaml逐来源登记；默认禁止发布。
raw_vault_unregistered,source_file_1ae98a2b8131243a,01_原始数据/代码仓库镜像/DQ/experiment/02-real-datasets-4-Kendell.ipynb,02-real-datasets-4-Kendell.ipynb,2920853,442e70266789f055c53b9a5e663329400c25550f33eba3deea28c690819d006d,,,2026-07-18,UNKNOWN,,,metadata_only,unknown,review_required,尚未在配置/数据源.yaml逐来源登记；默认禁止发布。
raw_vault_unregistered,source_file_dc25331a79d7d349,01_原始数据/代码仓库镜像/DQ/experiment/02-real-datasets-5-JS.ipynb,02-real-datasets-5-JS.ipynb,2881492,4598b3111850dd5244bc6f2766da9bcf1d8c8d3bb71000a8f398f8c7c6f7ee46,,,2026-07-18,UNKNOWN,,,metadata_only,unknown,review_required,尚未在配置/数据源.yaml逐来源登记；默认禁止发布。
raw_vault_unregistered,source_file_293d9bc68d6a7110,01_原始数据/代码仓库镜像/DQ/experiment/02-real-datasets-6-WD.ipynb,02-real-datasets-6-WD.ipynb,2972667,d95743d66ef6b69437ed75f4b0b0b54f5103535c5fd1aead9ffa74705b806a08,,,2026-07-18,UNKNOWN,,,metadata_only,unknown,review_required,尚未在配置/数据源.yaml逐来源登记；默认禁止发布。
raw_vault_unregistered,source_file_a5e97eaa1d8c06af,01_原始数据/代码仓库镜像/DQ/experiment/02-real-datasets-7-Xi.ipynb,02-real-datasets-7-Xi.ipynb,2887647,dc422147eeea682a0f7e4e69c70f575496232416706bca41a956a4523b1e634f,,,2026-07-18,UNKNOWN,,,metadata_only,unknown,review_required,尚未在配置/数据源.yaml逐来源登记；默认禁止发布。
raw_vault_unregistered,source_file_cbd25d75b4a1f394,01_原始数据/代码仓库镜像/DQ/experiment/02-real-datasets-8-Dcor.ipynb,02-real-datasets-8-Dcor.ipynb,2892525,4cd5817d865e1b7ecf1b9e8ce512777e1ce769a69d29cb6f4695e52ba6f725bf,,,2026-07-18,UNKNOWN,,,metadata_only,unknown,review_required,尚未在配置/数据源.yaml逐来源登记；默认禁止发布。
raw_vault_unregistered,source_file_fc72766405b3556a,01_原始数据/代码仓库镜像/DQ/experiment/03-real-datasets-SHAP-1-Pearson.ipynb,03-real-datasets-SHAP-1-Pearson.ipynb,1366335,e9f40751e1c46322e6d30b96d82bd48344905c78ec91bcfa2cc9320feba368e9,,,2026-07-18,UNKNOWN,,,metadata_only,unknown,review_required,尚未在配置/数据源.yaml逐来源登记；默认禁止发布。
raw_vault_unregistered,source_file_4a88c32859d500b2,01_原始数据/代码仓库镜像/DQ/experiment/03-real-datasets-SHAP-2-Spearman.ipynb,03-real-datasets-SHAP-2-Spearman.ipynb,1048582,c159c0fd136386a27f4635fc504d061447bd55ecbcc66f098407c6b7b34f744a,,,2026-07-18,UNKNOWN,,,metadata_only,unknown,review_required,尚未在配置/数据源.yaml逐来源登记；默认禁止发布。
raw_vault_unregistered,source_file_4d6a9a476567507a,01_原始数据/代码仓库镜像/DQ/experiment/03-real-datasets-SHAP-3-MI.ipynb,03-real-datasets-SHAP-3-MI.ipynb,1048544,0b69b667a7dfcba76182b4eeaf61ce09fef822d834fb5eb3e4ba4dd3a32fb6bf,,,2026-07-18,UNKNOWN,,,metadata_only,unknown,review_required,尚未在配置/数据源.yaml逐来源登记；默认禁止发布。
raw_vault_unregistered,source_file_3e7d9f7955c82d26,01_原始数据/代码仓库镜像/DQ/experiment/03-real-datasets-SHAP-4-Kendall.ipynb,03-real-datasets-SHAP-4-Kendall.ipynb,1037750,496b655b3efad815ed63cca41ba2dfc4a3c5f47cd97c16af7d459e54fe4be190,,,2026-07-18,UNKNOWN,,,metadata_only,unknown,review_required,尚未在配置/数据源.yaml逐来源登记；默认禁止发布。
raw_vault_unregistered,source_file_8eafe35cc9149f63,01_原始数据/代码仓库镜像/DQ/experiment/03-real-datasets-SHAP-5-JS.ipynb,03-real-datasets-SHAP-5-JS.ipynb,1027781,7deadd90bcdada9a8d371c2c95881e4cecf6a493465122b2d27967d1b84003e4,,,2026-07-18,UNKNOWN,,,metadata_only,unknown,review_required,尚未在配置/数据源.yaml逐来源登记；默认禁止发布。
raw_vault_unregistered,source_file_2851c12c185fd8b2,01_原始数据/代码仓库镜像/DQ/experiment/03-real-datasets-SHAP-6-Xi.ipynb,03-real-datasets-SHAP-6-Xi.ipynb,1020647,c6755c3d64967e24a2e8275664bd3b1653f5edea4ce9e38ee9b90dff11f2580c,,,2026-07-18,UNKNOWN,,,metadata_only,unknown,review_required,尚未在配置/数据源.yaml逐来源登记；默认禁止发布。
raw_vault_unregistered,source_file_40e5216f5e63899b,01_原始数据/代码仓库镜像/DQ/experiment/03-real-datasets-SHAP-7-dcor.ipynb,03-real-datasets-SHAP-7-dcor.ipynb,1038033,5618dc1e55833be7d8629a1effd4e6a88232c0791a709fcd0222037803bd33ac,,,2026-07-18,UNKNOWN,,,metadata_only,unknown,review_required,尚未在配置/数据源.yaml逐来源登记；默认禁止发布。
raw_vault_unregistered,source_file_555abc17e69f43b7,01_原始数据/代码仓库镜像/DQ/experiment/04-01-analysis.ipynb,04-01-analysis.ipynb,4097835,610267577f6d2def8fd98af47cff9352d6573cfd4cdf46578d4524aff348ad28,,,2026-07-18,UNKNOWN,,,metadata_only,unknown,review_required,尚未在配置/数据源.yaml逐来源登记；默认禁止发布。
raw_vault_unregistered,source_file_fa4b734ab1cee8b9,01_原始数据/代码仓库镜像/DQ/experiment/04-02-analysis.ipynb,04-02-analysis.ipynb,7336133,4ab9fd6b1e14d5c84ef685178b94455b701e786c0f0da08f61bd791f9a9ecbed,,,2026-07-18,UNKNOWN,,,metadata_only,unknown,review_required,尚未在配置/数据源.yaml逐来源登记；默认禁止发布。
raw_vault_unregistered,source_file_7065fcdf0926b17c,01_原始数据/代码仓库镜像/DQ/experiment/04-03-Shap-analysis.ipynb,04-03-Shap-analysis.ipynb,71389,b9774af16f54e97afd454b74715e8973c7aae6acdfb3094740b20a10fc827aca,,,2026-07-18,UNKNOWN,,,metadata_only,unknown,review_required,尚未在配置/数据源.yaml逐来源登记；默认禁止发布。
raw_vault_unregistered,source_file_2afcb96ebdddf252,01_原始数据/代码仓库镜像/DQ/experiment/05-real-datasets-SHAP.ipynb,05-real-datasets-SHAP.ipynb,33123,06ed9ce7d78ab47413b8b4cdde177f3bd21d83d4f932d1c3bfc7469edd17a7fb,,,2026-07-18,UNKNOWN,,,metadata_only,unknown,review_required,尚未在配置/数据源.yaml逐来源登记；默认禁止发布。
raw_vault_unregistered,source_file_56057068f699a215,01_原始数据/代码仓库镜像/DQ/experiment/06-real-datasets-SHAP.ipynb,06-real-datasets-SHAP.ipynb,5261296,5c9c6e4eb2b3b72ddcf1fd7c4e766f8c4e970d2e1aac7ae4e240ead09bfef21c,,,2026-07-18,UNKNOWN,,,metadata_only,unknown,review_required,尚未在配置/数据源.yaml逐来源登记；默认禁止发布。
raw_vault_unregistered,source_file_367ec9534ae1320e,01_原始数据/代码仓库镜像/DQ/experiment/07-external-dataset-process.ipynb,07-external-dataset-process.ipynb,2514,98e97a6f23c4281998c76050dfcbd316a2c90d3409415d66edd5b286bf23316e,,,2026-07-18,UNKNOWN,,,metadata_only,unknown,review_required,尚未在配置/数据源.yaml逐来源登记；默认禁止发布。
raw_vault_unregistered,source_file_c6f911c468fc516b,01_原始数据/代码仓库镜像/DQ/experiment/08-01-analysis.ipynb,08-01-analysis.ipynb,4931294,c3b043d49b2a843b3a71048cda1f498f2b98c45595db9393ac7eb74e582dc6c2,,,2026-07-18,UNKNOWN,,,metadata_only,unknown,review_required,尚未在配置/数据源.yaml逐来源登记；默认禁止发布。
raw_vault_unregistered,source_file_e6a1bf0a7e2c2577,01_原始数据/代码仓库镜像/DQ/experiment/08-02-analysis.ipynb,08-02-analysis.ipynb,1937146,ed09c9cb6f2e21c266bde8badef3c3df96c00e9427d82d82527fb9646c1cd4f4,,,2026-07-18,UNKNOWN,,,metadata_only,unknown,review_required,尚未在配置/数据源.yaml逐来源登记；默认禁止发布。
raw_vault_unregistered,source_file_6a4ecd8010768fa6,01_原始数据/代码仓库镜像/DQ/experiment/09-external.ipynb,09-external.ipynb,176986,5620e828df1701d3317bb8c358a00b07149b897ef018d98f132add5ddec83dbb,,,2026-07-18,UNKNOWN,,,metadata_only,unknown,review_required,尚未在配置/数据源.yaml逐来源登记；默认禁止发布。
raw_vault_unregistered,source_file_90999ec73ae1edb6,01_原始数据/代码仓库镜像/DQ/experiment/10-DA.ipynb,10-DA.ipynb,1077976,e2e03c57109ab78ac96854a7776374ba9583d4973d87dc204fecd66482be1b90,,,2026-07-18,UNKNOWN,,,metadata_only,unknown,review_required,尚未在配置/数据源.yaml逐来源登记；默认禁止发布。
raw_vault_unregistered,source_file_46fa1016d9b5f502,01_原始数据/代码仓库镜像/DQ/experiment/Correlation.py,Correlation.py,8082,fbbe950d8fe0405260412c50bf64debf771e5e4ef1c35b30627cba01d6b778e7,,,2026-07-18,UNKNOWN,,,metadata_only,unknown,review_required,尚未在配置/数据源.yaml逐来源登记；默认禁止发布。
raw_vault_unregistered,source_file_341882016edf0eec,01_原始数据/代码仓库镜像/DQ/experiment/datasets/Bala_classification_dataset.csv,Bala_classification_dataset.csv,15121,1b9f46a7a0387575018224a8b0c37015da8dc1755b6540fd11138d4fb4797c60,,,2026-07-18,UNKNOWN,,,metadata_only,unknown,review_required,尚未在配置/数据源.yaml逐来源登记；默认禁止发布。
raw_vault_unregistered,source_file_556cb88ce1c08134,01_原始数据/代码仓库镜像/DQ/experiment/datasets/Bala_regression_dataset.csv,Bala_regression_dataset.csv,5464,6eedb40c32bda3fe354cc81342f3a25184f0b2087dc09c77b66709a5b68e6059,,,2026-07-18,UNKNOWN,,,metadata_only,unknown,review_required,尚未在配置/数据源.yaml逐来源登记；默认禁止发布。
raw_vault_unregistered,source_file_34508725e709e507,01_原始数据/代码仓库镜像/DQ/experiment/datasets/bandgap.csv,bandgap.csv,218677,7924bb17d9dc69ace7d15229754c2588c041ed7dab0c83b1f68232f06532c3e7,,,2026-07-18,UNKNOWN,,,metadata_only,unknown,review_required,尚未在配置/数据源.yaml逐来源登记；默认禁止发布。
raw_vault_unregistered,source_file_d759aa89dc9f5e7b,01_原始数据/代码仓库镜像/DQ/experiment/datasets/BMDS_data.csv,BMDS_data.csv,131421,7a7b79a2310e704d02647e1d556bc56f578188929383d2afd226de4560a9aee8,,,2026-07-18,UNKNOWN,,,metadata_only,unknown,review_required,尚未在配置/数据源.yaml逐来源登记；默认禁止发布。
raw_vault_unregistered,source_file_47b9f98539eb4721,01_原始数据/代码仓库镜像/DQ/experiment/datasets/Crystal_structure.csv,Crystal_structure.csv,86569,5a2b7da7fe2acf2061ccb8edef74bfdbaf67c452b4e3c26b67d2b7cba5fbf78a,,,2026-07-18,UNKNOWN,,,metadata_only,unknown,review_required,尚未在配置/数据源.yaml逐来源登记；默认禁止发布。
raw_vault_unregistered,source_file_7296364897dae7ad,01_原始数据/代码仓库镜像/DQ/experiment/datasets/glass.csv,glass.csv,10062,5bad424660ba414c9d086ade0953c2e9debd975f11a849e5f7a09504baa6c48a,,,2026-07-18,UNKNOWN,,,metadata_only,unknown,review_required,尚未在配置/数据源.yaml逐来源登记；默认禁止发布。
raw_vault_unregistered,source_file_5fe9a8e7dc9ef495,01_原始数据/代码仓库镜像/DQ/experiment/datasets/Mineral_Dataset_Supplementary_Info.csv,Mineral_Dataset_Supplementary_Info.csv,102160,ee50f0480918a1dade97f5aa0317d5182f98e874fab6471b07edd4cb99427b19,,,2026-07-18,UNKNOWN,,,metadata_only,unknown,review_required,尚未在配置/数据源.yaml逐来源登记；默认禁止发布。
raw_vault_unregistered,source_file_5aa4ee7ecc0ecf9f,01_原始数据/代码仓库镜像/DQ/experiment/datasets/MPEA_numeric.csv,MPEA_numeric.csv,42954,554d80a69c3a331a62f3e85aeefb4b521638fbd37d533c6dd529b8805fba0b07,,,2026-07-18,UNKNOWN,,,metadata_only,unknown,review_required,尚未在配置/数据源.yaml逐来源登记；默认禁止发布。
raw_vault_unregistered,source_file_e174277e43661832,01_原始数据/代码仓库镜像/DQ/experiment/datasets/PUE-bak.csv,PUE-bak.csv,78463,2d49a4bd42e532ccddbf337218ed12a3c0bc0af4542bce4e5036288c2614e6b6,,,2026-07-18,UNKNOWN,,,metadata_only,unknown,review_required,尚未在配置/数据源.yaml逐来源登记；默认禁止发布。
ds_pue326_dq,source_file_a3796d4376b3d558,01_原始数据/代码仓库镜像/DQ/experiment/datasets/PUE.csv,PUE.csv,88363,e5d07b13764089579f90f16fda6a70024d67c683f5bdd41591720f9474308040,,https://github.com/big-material/DQ,2026-07-18,UNKNOWN,,,measured_summary,crosslinked_pue,review_required,326行PUE基准母数据；DQ与MatImpute衍生版本必须共享lineage_family。
raw_vault_unregistered,source_file_0364693d0cacaa4c,01_原始数据/代码仓库镜像/DQ/experiment/DCC.py,DCC.py,9137,e292baf726062e13160072f35597cf6a05d7c89c28d8391d220ae757f2b17023,,,2026-07-18,UNKNOWN,,,metadata_only,unknown,review_required,尚未在配置/数据源.yaml逐来源登记；默认禁止发布。
raw_vault_unregistered,source_file_f4a15f270500f1fa,01_原始数据/代码仓库镜像/DQ/experiment/plots.ipynb,plots.ipynb,6866843,6777668d10580354d57c3186d0e9809d0fc6233c9d1f65446b3565400f5dbad3,,,2026-07-18,UNKNOWN,,,metadata_only,unknown,review_required,尚未在配置/数据源.yaml逐来源登记；默认禁止发布。
raw_vault_unregistered,source_file_8038a58dd763712e,01_原始数据/代码仓库镜像/DQ/experiment/Plots.py,Plots.py,4473,ec6b67a7cf3ba1b44879e87758b65860141d752548192e4b8a6087726aad46f2,,,2026-07-18,UNKNOWN,,,metadata_only,unknown,review_required,尚未在配置/数据源.yaml逐来源登记；默认禁止发布。
raw_vault_unregistered,source_file_2248b0c35325b4db,01_原始数据/代码仓库镜像/DQ/experiment/predict.py,predict.py,5551,76fa1d8fc1f87dcc068fec10f30190e803e2933e67f7273bdac3ea18be5d9ce9,,,2026-07-18,UNKNOWN,,,metadata_only,unknown,review_required,尚未在配置/数据源.yaml逐来源登记；默认禁止发布。
raw_vault_unregistered,source_file_fb88e68f2f9dcc31,01_原始数据/代码仓库镜像/DQ/experiment/processed_data/Bala_classification_dataset.csv,Bala_classification_dataset.csv,12546,44944e6248675aa5f30406e848adef82884017914aaff7ce84cc2e8ecdb17ed5,,,2026-07-18,UNKNOWN,,,metadata_only,unknown,review_required,尚未在配置/数据源.yaml逐来源登记；默认禁止发布。
raw_vault_unregistered,source_file_c2c887d45be6942e,01_原始数据/代码仓库镜像/DQ/experiment/processed_data/Bala_regression_dataset.csv,Bala_regression_dataset.csv,4078,bdf4d2683a80ab357d0fda13da198153e70c745d194fdfb5ae47797fbeb652a7,,,2026-07-18,UNKNOWN,,,metadata_only,unknown,review_required,尚未在配置/数据源.yaml逐来源登记；默认禁止发布。
raw_vault_unregistered,source_file_a60ab95327f368ae,01_原始数据/代码仓库镜像/DQ/experiment/processed_data/bandgap.csv,bandgap.csv,218677,7924bb17d9dc69ace7d15229754c2588c041ed7dab0c83b1f68232f06532c3e7,,,2026-07-18,UNKNOWN,,,metadata_only,unknown,review_required,尚未在配置/数据源.yaml逐来源登记；默认禁止发布。
raw_vault_unregistered,source_file_eb08b6fc02450d52,01_原始数据/代码仓库镜像/DQ/experiment/processed_data/BMDS_data.csv,BMDS_data.csv,102979,5308462a78117bc053339223aa08c95da6bff1e1265a19a8349ba86e42da542f,,,2026-07-18,UNKNOWN,,,metadata_only,unknown,review_required,尚未在配置/数据源.yaml逐来源登记；默认禁止发布。
raw_vault_unregistered,source_file_20cb95c7671b4fd8,01_原始数据/代码仓库镜像/DQ/experiment/processed_data/Crystal_structure.csv,Crystal_structure.csv,68699,ee7109076f04cae833976a1d7c96dbf5661e718b825f325f8fdd0c7cc303ab71,,,2026-07-18,UNKNOWN,,,metadata_only,unknown,review_required,尚未在配置/数据源.yaml逐来源登记；默认禁止发布。
raw_vault_unregistered,source_file_58fe03c8a69e52aa,01_原始数据/代码仓库镜像/DQ/experiment/processed_data/Glass.csv,Glass.csv,10872,c1921f6b643f02de0b463e28e08c296cd3b658997f5e0506f8269abb5c0bcf2a,,,2026-07-18,UNKNOWN,,,metadata_only,unknown,review_required,尚未在配置/数据源.yaml逐来源登记；默认禁止发布。
raw_vault_unregistered,source_file_06b7920d88d3f8f1,01_原始数据/代码仓库镜像/DQ/experiment/processed_data/PUE.csv,PUE.csv,78484,65c547d74763e7cdf9c70a3ee4a83605539e332580965d423eedc25f78a77418,,,2026-07-18,UNKNOWN,,,metadata_only,unknown,review_required,尚未在配置/数据源.yaml逐来源登记；默认禁止发布。
raw_vault_unregistered,source_file_2a3c4dd3082b15f7,01_原始数据/代码仓库镜像/DQ/experiment/real_dataset.py,real_dataset.py,7921,9e141dd503aab605f4a28c88df908f7687e0f2e7c5298565911de73c0f0141c1,,,2026-07-18,UNKNOWN,,,metadata_only,unknown,review_required,尚未在配置/数据源.yaml逐来源登记；默认禁止发布。
raw_vault_unregistered,source_file_8126c92a1206e197,01_原始数据/代码仓库镜像/DQ/experiment/real_dataset_shap.py,real_dataset_shap.py,10629,12af1d332b68225ee5c49430faff4788744f1f310b40e01bf616c7dd9101ed5e,,,2026-07-18,UNKNOWN,,,metadata_only,unknown,review_required,尚未在配置/数据源.yaml逐来源登记；默认禁止发布。
raw_vault_unregistered,source_file_b0a2ff2bfc017284,01_原始数据/代码仓库镜像/DQ/experiment/SI.ipynb,SI.ipynb,4015278,b443c89f574bce001632e8aa5cb02c044723a95b5b76d61b211cb17d8a395e6d,,,2026-07-18,UNKNOWN,,,metadata_only,unknown,review_required,尚未在配置/数据源.yaml逐来源登记；默认禁止发布。
raw_vault_unregistered,source_file_f564620df5d17b8e,01_原始数据/代码仓库镜像/DQ/experiment/Utils.py,Utils.py,12989,c41a777722187f6a4601c262acb805dc5e05a0ac6a228be88f35490ac75e6681,,,2026-07-18,UNKNOWN,,,metadata_only,unknown,review_required,尚未在配置/数据源.yaml逐来源登记；默认禁止发布。
raw_vault_unregistered,source_file_edd8e03041c30749,01_原始数据/代码仓库镜像/DQ/README.md,README.md,1251,0c40bd34adeeb8d2b18f40738f93d6af6cc5cc4a1b272d51d07042eb69ff6a59,,,2026-07-18,UNKNOWN,,,metadata_only,unknown,review_required,尚未在配置/数据源.yaml逐来源登记；默认禁止发布。
raw_vault_unregistered,source_file_08cf3072dbf56391,01_原始数据/代码仓库镜像/DQ/runner.py,runner.py,10781,b1b0ed9931e5029a447e0a3880c6478e2f8108db7084a6baeda5311c6a6b7628,,,2026-07-18,UNKNOWN,,,metadata_only,unknown,review_required,尚未在配置/数据源.yaml逐来源登记；默认禁止发布。
raw_vault_unregistered,source_file_a680802e380cae2d,01_原始数据/代码仓库镜像/MatImpute/.gitignore,.gitignore,3265,4080ad78c6df56668b995a1b4b3869698c1eb74ef4de3276cb5f20eac58ffebc,,,2026-07-18,UNKNOWN,,,metadata_only,unknown,review_required,尚未在配置/数据源.yaml逐来源登记；默认禁止发布。
raw_vault_unregistered,source_file_97fd1ea078d6937a,01_原始数据/代码仓库镜像/MatImpute/experiment/.gitignore,.gitignore,1600,e3339322744b5a6d2af1a341f0aeb4d3d4849ebde4936b20a6ff46e01b814788,,,2026-07-18,UNKNOWN,,,metadata_only,unknown,review_required,尚未在配置/数据源.yaml逐来源登记；默认禁止发布。
raw_vault_unregistered,source_file_9ee46dd2a7d992f1,01_原始数据/代码仓库镜像/MatImpute/experiment/3ratio-rdf-PUE.npy,3ratio-rdf-PUE.npy,1024,8c39addcda2374214a83f2838da87412b4af73da6529ee46c2b2a2c0ae95e0b4,,,2026-07-18,UNKNOWN,,,metadata_only,unknown,review_required,尚未在配置/数据源.yaml逐来源登记；默认禁止发布。
raw_vault_unregistered,source_file_7867c8a441207d73,01_原始数据/代码仓库镜像/MatImpute/experiment/3ratios-rdf-glass.npy,3ratios-rdf-glass.npy,992,f3e4bcc75ff3b8fb92f6ed21e7de8f3962a05054298920dc8c0687e11c3ac4b3,,,2026-07-18,UNKNOWN,,,metadata_only,unknown,review_required,尚未在配置/数据源.yaml逐来源登记；默认禁止发布。
raw_vault_unregistered,source_file_3b7c18b5bf31f321,01_原始数据/代码仓库镜像/MatImpute/experiment/3ratios-rdf-MAR.npy,3ratios-rdf-MAR.npy,928,e586c5439751c19f636a6ba18f4974292323972e101bb69be9211df5fdb0fc18,,,2026-07-18,UNKNOWN,,,metadata_only,unknown,review_required,尚未在配置/数据源.yaml逐来源登记；默认禁止发布。
raw_vault_unregistered,source_file_647c8b37e14eb116,01_原始数据/代码仓库镜像/MatImpute/experiment/3types-rdf-glass.npy,3types-rdf-glass.npy,992,94b5015f0c2ec49f9a7c40cec123b3e9d09aa38c2aa6836355837b969a8883b7,,,2026-07-18,UNKNOWN,,,metadata_only,unknown,review_required,尚未在配置/数据源.yaml逐来源登记；默认禁止发布。
raw_vault_unregistered,source_file_a49f43b6b4d6dca5,01_原始数据/代码仓库镜像/MatImpute/experiment/3types-rdf-MAR.npy,3types-rdf-MAR.npy,928,703c7b615367e8c5e42888135063a2b29e884dfa58310cab0acde665a8bd7682,,,2026-07-18,UNKNOWN,,,metadata_only,unknown,review_required,尚未在配置/数据源.yaml逐来源登记；默认禁止发布。
raw_vault_unregistered,source_file_85369b6e12455655,01_原始数据/代码仓库镜像/MatImpute/experiment/3types-rdf-PUE.npy,3types-rdf-PUE.npy,1024,7295823904444b83d9f0311af946a981016c734c9004a757d5cf58b1626a4f5a,,,2026-07-18,UNKNOWN,,,metadata_only,unknown,review_required,尚未在配置/数据源.yaml逐来源登记；默认禁止发布。
raw_vault_unregistered,source_file_fb9781cf74f0773f,01_原始数据/代码仓库镜像/MatImpute/experiment/bandgap-preprocess.ipynb,bandgap-preprocess.ipynb,17292,586afd2454549586c5ae7632b39452a6bb924052c9ca24df6079996375a61fe7,,,2026-07-18,UNKNOWN,,,metadata_only,unknown,review_required,尚未在配置/数据源.yaml逐来源登记；默认禁止发布。
raw_vault_unregistered,source_file_963a8ce2c5815d4a,01_原始数据/代码仓库镜像/MatImpute/experiment/benchmark-demo.ipynb,benchmark-demo.ipynb,23121,6c051b51cc6db608131c54d9d1915cfb024509a4d2a30ae08f5a6b70a637088e,,,2026-07-18,UNKNOWN,,,metadata_only,unknown,review_required,尚未在配置/数据源.yaml逐来源登记；默认禁止发布。
raw_vault_unregistered,source_file_27a69b989db94aee,01_原始数据/代码仓库镜像/MatImpute/experiment/benchmark-final.ipynb,benchmark-final.ipynb,41902,73389a659540cebdf6e595569f73e97a5a2e2097f7261e444dfab076e8b259a2,,,2026-07-18,UNKNOWN,,,metadata_only,unknown,review_required,尚未在配置/数据源.yaml逐来源登记；默认禁止发布。
raw_vault_unregistered,source_file_5f2bf1a3c6661363,01_原始数据/代码仓库镜像/MatImpute/experiment/dataset/3D_printer.csv,3D_printer.csv,3203,2b3a3df008ce6438559333c707e173dee3ce4f7f792c4f803508db09b7b3c3fc,,,2026-07-18,UNKNOWN,,,metadata_only,unknown,review_required,尚未在配置/数据源.yaml逐来源登记；默认禁止发布。
raw_vault_unregistered,source_file_1a80040296c1694e,01_原始数据/代码仓库镜像/MatImpute/experiment/dataset/Bala_classification_dataset.csv,Bala_classification_dataset.csv,15121,1b9f46a7a0387575018224a8b0c37015da8dc1755b6540fd11138d4fb4797c60,,,2026-07-18,UNKNOWN,,,metadata_only,unknown,review_required,尚未在配置/数据源.yaml逐来源登记；默认禁止发布。
raw_vault_unregistered,source_file_8e1ff8a232e50e17,01_原始数据/代码仓库镜像/MatImpute/experiment/dataset/Bala_regression_dataset.csv,Bala_regression_dataset.csv,5464,6eedb40c32bda3fe354cc81342f3a25184f0b2087dc09c77b66709a5b68e6059,,,2026-07-18,UNKNOWN,,,metadata_only,unknown,review_required,尚未在配置/数据源.yaml逐来源登记；默认禁止发布。
raw_vault_unregistered,source_file_8e4c8682a4de6d2c,01_原始数据/代码仓库镜像/MatImpute/experiment/dataset/bandgap-ori.csv,bandgap-ori.csv,1851140,af02f6d36a62ce89e5f760be27f363cf66cb5f59f08b08270bf91fab45427e99,,,2026-07-18,UNKNOWN,,,metadata_only,unknown,review_required,尚未在配置/数据源.yaml逐来源登记；默认禁止发布。
raw_vault_unregistered,source_file_7f24b0b6f9a753d7,01_原始数据/代码仓库镜像/MatImpute/experiment/dataset/bandgap.csv,bandgap.csv,218677,7924bb17d9dc69ace7d15229754c2588c041ed7dab0c83b1f68232f06532c3e7,,,2026-07-18,UNKNOWN,,,metadata_only,unknown,review_required,尚未在配置/数据源.yaml逐来源登记；默认禁止发布。
raw_vault_unregistered,source_file_5ce861848ced4c1c,01_原始数据/代码仓库镜像/MatImpute/experiment/dataset/BMDS_data.csv,BMDS_data.csv,131421,7a7b79a2310e704d02647e1d556bc56f578188929383d2afd226de4560a9aee8,,,2026-07-18,UNKNOWN,,,metadata_only,unknown,review_required,尚未在配置/数据源.yaml逐来源登记；默认禁止发布。
raw_vault_unregistered,source_file_6503e3200e9e07b7,01_原始数据/代码仓库镜像/MatImpute/experiment/dataset/CCPM.csv,CCPM.csv,17901,732c71ac8a340a6b65dbe31120cde23beec8d693ebfec64fddc64b89b03e7f42,,,2026-07-18,UNKNOWN,,,metadata_only,unknown,review_required,尚未在配置/数据源.yaml逐来源登记；默认禁止发布。
raw_vault_unregistered,source_file_8a6236da5f341c71,01_原始数据/代码仓库镜像/MatImpute/experiment/dataset/Concrete Compressive Strength.csv,Concrete Compressive Strength.csv,58907,8f3768c2714401e9f7f1f21e0fa81fbf33ef82851c783e87ce6c38ed44334944,,,2026-07-18,UNKNOWN,,,metadata_only,unknown,review_required,尚未在配置/数据源.yaml逐来源登记；默认禁止发布。
raw_vault_unregistered,source_file_bb9d58c990f561b6,01_原始数据/代码仓库镜像/MatImpute/experiment/dataset/Crystal_structure - 副本.csv,Crystal_structure - 副本.csv,639601,c59f3caa1dd733e1bf29d81e8d2acbc3aa59cee889206b7fbb97e86c87fe7443,,,2026-07-18,UNKNOWN,,,metadata_only,unknown,review_required,尚未在配置/数据源.yaml逐来源登记；默认禁止发布。
raw_vault_unregistered,source_file_6020a0ce0e1fe42c,01_原始数据/代码仓库镜像/MatImpute/experiment/dataset/Crystal_structure.csv,Crystal_structure.csv,86569,5a2b7da7fe2acf2061ccb8edef74bfdbaf67c452b4e3c26b67d2b7cba5fbf78a,,,2026-07-18,UNKNOWN,,,metadata_only,unknown,review_required,尚未在配置/数据源.yaml逐来源登记；默认禁止发布。
raw_vault_unregistered,source_file_e7254bbd2b0dd26e,01_原始数据/代码仓库镜像/MatImpute/experiment/dataset/filled_results/3D_printer.csv,3D_printer.csv,67062,942a62440a6ae018ba26c8c5c79c18b5fe2067526b34295104b4a676888946b3,,,2026-07-18,UNKNOWN,,,metadata_only,unknown,review_required,尚未在配置/数据源.yaml逐来源登记；默认禁止发布。
raw_vault_unregistered,source_file_63cced1a616bd9bf,01_原始数据/代码仓库镜像/MatImpute/experiment/dataset/filled_results/3D_printer_RMSE.png,3D_printer_RMSE.png,1214729,552c93cef08edf87669a9b914bbd545f3f22d0d3471eafd88b1633cb1cbca508,,,2026-07-18,UNKNOWN,,,metadata_only,unknown,review_required,尚未在配置/数据源.yaml逐来源登记；默认禁止发布。
raw_vault_unregistered,source_file_f90931301e490b6b,01_原始数据/代码仓库镜像/MatImpute/experiment/dataset/filled_results/Bala_classification_dataset.csv,Bala_classification_dataset.csv,81693,9f67047267e7df2a26305f862339321cd4b8daa232a5a0096e8e6f2bdc4e0a25,,,2026-07-18,UNKNOWN,,,metadata_only,unknown,review_required,尚未在配置/数据源.yaml逐来源登记；默认禁止发布。
raw_vault_unregistered,source_file_d2e8d660a6563147,01_原始数据/代码仓库镜像/MatImpute/experiment/dataset/filled_results/Bala_classification_dataset_RMSE.png,Bala_classification_dataset_RMSE.png,1302438,a347cc4dabded830daa4153584114a654c5ae2df80f90ca419f7e7834edc1669,,,2026-07-18,UNKNOWN,,,metadata_only,unknown,review_required,尚未在配置/数据源.yaml逐来源登记；默认禁止发布。
raw_vault_unregistered,source_file_51e6ba27c2359fc9,01_原始数据/代码仓库镜像/MatImpute/experiment/dataset/filled_results/Bala_regression_dataset.csv,Bala_regression_dataset.csv,39622,e537c364757587fdb19097e3267518154b7d31f84820164e55e7689308132110,,,2026-07-18,UNKNOWN,,,metadata_only,unknown,review_required,尚未在配置/数据源.yaml逐来源登记；默认禁止发布。
raw_vault_unregistered,source_file_b7d7ea82287b5132,01_原始数据/代码仓库镜像/MatImpute/experiment/dataset/filled_results/Bala_regression_dataset_RMSE.png,Bala_regression_dataset_RMSE.png,1126954,1c481949e82c779339bcad09381e2c46b2dfe6597d437a0b63729ebece05dd6a,,,2026-07-18,UNKNOWN,,,metadata_only,unknown,review_required,尚未在配置/数据源.yaml逐来源登记；默认禁止发布。
raw_vault_unregistered,source_file_eecc39aa6a7855a7,01_原始数据/代码仓库镜像/MatImpute/experiment/dataset/filled_results/bandgap.csv,bandgap.csv,92241,bfa3ce337ac2cc66a5c974d326a6043a8af507d90a825dcf0cf530fb6b326056,,,2026-07-18,UNKNOWN,,,metadata_only,unknown,review_required,尚未在配置/数据源.yaml逐来源登记；默认禁止发布。
raw_vault_unregistered,source_file_5547475d84b01007,01_原始数据/代码仓库镜像/MatImpute/experiment/dataset/filled_results/best_method_Bala_classification_dataset.png,best_method_Bala_classification_dataset.png,57699,fbeac739fe4d4f8259d1e1b6087c1948efa88b8cf5a90bee18fbdb705a199057,,,2026-07-18,UNKNOWN,,,metadata_only,unknown,review_required,尚未在配置/数据源.yaml逐来源登记；默认禁止发布。
raw_vault_unregistered,source_file_204877a8706b4ac7,01_原始数据/代码仓库镜像/MatImpute/experiment/dataset/filled_results/best_method_Bala_regression_dataset.png,best_method_Bala_regression_dataset.png,66529,a2772b41d30b18a4576c9238c4271f54dcbfcc7bde2d03aad0cf0918a37af38c,,,2026-07-18,UNKNOWN,,,metadata_only,unknown,review_required,尚未在配置/数据源.yaml逐来源登记；默认禁止发布。
raw_vault_unregistered,source_file_99183946c7d975f9,01_原始数据/代码仓库镜像/MatImpute/experiment/dataset/filled_results/best_method_BMDS_data.png,best_method_BMDS_data.png,55200,0da8d5a1e151ba9634cfb5350b919a19084675780a8e12acccd84ce883cdc43b,,,2026-07-18,UNKNOWN,,,metadata_only,unknown,review_required,尚未在配置/数据源.yaml逐来源登记；默认禁止发布。
raw_vault_unregistered,source_file_46e954741dcffd29,01_原始数据/代码仓库镜像/MatImpute/experiment/dataset/filled_results/best_method_Crystal_structure.png,best_method_Crystal_structure.png,66445,b329c042637baf23405da290d7f93fd46207b479c3518190c062b481f8987a08,,,2026-07-18,UNKNOWN,,,metadata_only,unknown,review_required,尚未在配置/数据源.yaml逐来源登记；默认禁止发布。
raw_vault_unregistered,source_file_747bf66e3f75e4d7,01_原始数据/代码仓库镜像/MatImpute/experiment/dataset/filled_results/best_method_glass.png,best_method_glass.png,52920,01a1d6c7952f9499c355fbbca67d763e83da19fcd15d6d4b5608122c038644a0,,,2026-07-18,UNKNOWN,,,metadata_only,unknown,review_required,尚未在配置/数据源.yaml逐来源登记；默认禁止发布。
raw_vault_unregistered,source_file_a0078d48ab39cc34,01_原始数据/代码仓库镜像/MatImpute/experiment/dataset/filled_results/best_method_Rajan_MXene_data.png,best_method_Rajan_MXene_data.png,60114,74ebc0fb63b8fe83af914ecc2d3679f28b33dd41309d7e8b6d8cf88bc4aa5fe5,,,2026-07-18,UNKNOWN,,,metadata_only,unknown,review_required,尚未在配置/数据源.yaml逐来源登记；默认禁止发布。
raw_vault_unregistered,source_file_c1abefcf8a718d33,01_原始数据/代码仓库镜像/MatImpute/experiment/dataset/filled_results/BMDS_data.csv,BMDS_data.csv,58086,7c5f54616fada7e9bebe8bb36cd149cc8219f9938b81531fe2ba2e79b4bdbbc2,,,2026-07-18,UNKNOWN,,,metadata_only,unknown,review_required,尚未在配置/数据源.yaml逐来源登记；默认禁止发布。
raw_vault_unregistered,source_file_cae4ce74cdb044d9,01_原始数据/代码仓库镜像/MatImpute/experiment/dataset/filled_results/BMDS_data_RMSE.png,BMDS_data_RMSE.png,1563422,97454383db81e0e656fdf5878b444e3574486a477a6a071316115e85175a98b6,,,2026-07-18,UNKNOWN,,,metadata_only,unknown,review_required,尚未在配置/数据源.yaml逐来源登记；默认禁止发布。
raw_vault_unregistered,source_file_4d7584393ff9ec9f,01_原始数据/代码仓库镜像/MatImpute/experiment/dataset/filled_results/CCPM.csv,CCPM.csv,102269,c8b11ddede9a7aa9ee297164af6b24b93f5685053df2ecc7ac2f4ad7d1fe48a2,,,2026-07-18,UNKNOWN,,,metadata_only,unknown,review_required,尚未在配置/数据源.yaml逐来源登记；默认禁止发布。
raw_vault_unregistered,source_file_65ba20018b753e0e,01_原始数据/代码仓库镜像/MatImpute/experiment/dataset/filled_results/CCPM_RMSE.png,CCPM_RMSE.png,1242212,4e81d2da2a67e8e1162eee8bf9c3f196b5d9129a77ba5146fb2760f2501a94c3,,,2026-07-18,UNKNOWN,,,metadata_only,unknown,review_required,尚未在配置/数据源.yaml逐来源登记；默认禁止发布。
raw_vault_unregistered,source_file_d102a4d8f9bf8879,01_原始数据/代码仓库镜像/MatImpute/experiment/dataset/filled_results/Concrete Compressive Strength.csv,Concrete Compressive Strength.csv,70720,9c364cc2869cf88176dba770ebd6d5f178a5d0f29757f7c913c4c28ccdff48c1,,,2026-07-18,UNKNOWN,,,metadata_only,unknown,review_required,尚未在配置/数据源.yaml逐来源登记；默认禁止发布。
raw_vault_unregistered,source_file_4c6efdb176f28dd8,01_原始数据/代码仓库镜像/MatImpute/experiment/dataset/filled_results/Concrete Compressive Strength_RMSE.png,Concrete Compressive Strength_RMSE.png,1361279,9702842a9312bc71e2402671bad36a3aa9dbcbccf59f1cec8cbb289038b72ce0,,,2026-07-18,UNKNOWN,,,metadata_only,unknown,review_required,尚未在配置/数据源.yaml逐来源登记；默认禁止发布。
raw_vault_unregistered,source_file_32f5143ce8e933e1,01_原始数据/代码仓库镜像/MatImpute/experiment/dataset/filled_results/Crystal_structure.csv,Crystal_structure.csv,89860,0071c9c883773e0bcb1c77b38a0e4e7840e55e70373b8b10aa3ae01b0a62f775,,,2026-07-18,UNKNOWN,,,metadata_only,unknown,review_required,尚未在配置/数据源.yaml逐来源登记；默认禁止发布。
raw_vault_unregistered,source_file_a8de32dc12d52a11,01_原始数据/代码仓库镜像/MatImpute/experiment/dataset/filled_results/Crystal_structure_RMSE.png,Crystal_structure_RMSE.png,890910,3f4253b0a2782bfaaa7256fe89bd9fbccc86cdb6970514ad5041e74a4dab9e34,,,2026-07-18,UNKNOWN,,,metadata_only,unknown,review_required,尚未在配置/数据源.yaml逐来源登记；默认禁止发布。
raw_vault_unregistered,source_file_ba07a491e8b387b8,01_原始数据/代码仓库镜像/MatImpute/experiment/dataset/filled_results/glass.csv,glass.csv,59085,9f0f10e743979a6bd9935840310c33c4e826217c24b9dd1d4c1f5e6b82801676,,,2026-07-18,UNKNOWN,,,metadata_only,unknown,review_required,尚未在配置/数据源.yaml逐来源登记；默认禁止发布。
raw_vault_unregistered,source_file_b2b5af0bb3470b43,01_原始数据/代码仓库镜像/MatImpute/experiment/dataset/filled_results/glass_RMSE.png,glass_RMSE.png,1378160,f18d4cb2460a821842137f51558137e80f0a88f45670003bb5b19a934712fb25,,,2026-07-18,UNKNOWN,,,metadata_only,unknown,review_required,尚未在配置/数据源.yaml逐来源登记；默认禁止发布。
raw_vault_unregistered,source_file_cab6394c77e5121b,01_原始数据/代码仓库镜像/MatImpute/experiment/dataset/filled_results/PUE.csv,PUE.csv,145949,0f2e70b88e9450199a22fdb07e41b724eb4903eecaa184bdb03287b8cc9564ba,,,2026-07-18,UNKNOWN,,,metadata_only,unknown,review_required,尚未在配置/数据源.yaml逐来源登记；默认禁止发布。
raw_vault_unregistered,source_file_f67fb2cd895d982d,01_原始数据/代码仓库镜像/MatImpute/experiment/dataset/filled_results/Rajan_MXene_data.csv,Rajan_MXene_data.csv,97974,56f160584b9aa735cf6132c256d8b1e4a72aec7dd2110c86b2b3324d22bcfc67,,,2026-07-18,UNKNOWN,,,metadata_only,unknown,review_required,尚未在配置/数据源.yaml逐来源登记；默认禁止发布。
raw_vault_unregistered,source_file_cd4539a651bd8dfe,01_原始数据/代码仓库镜像/MatImpute/experiment/dataset/filled_results/Rajan_MXene_data_RMSE.png,Rajan_MXene_data_RMSE.png,1507047,acf05d091ddbd8f623020a507a6adc2c2dc937fed110351025c32ce7a484aa99,,,2026-07-18,UNKNOWN,,,metadata_only,unknown,review_required,尚未在配置/数据源.yaml逐来源登记；默认禁止发布。
raw_vault_unregistered,source_file_255c2fdee6037ae6,01_原始数据/代码仓库镜像/MatImpute/experiment/dataset/glass.csv,glass.csv,10062,5bad424660ba414c9d086ade0953c2e9debd975f11a849e5f7a09504baa6c48a,,,2026-07-18,UNKNOWN,,,metadata_only,unknown,review_required,尚未在配置/数据源.yaml逐来源登记；默认禁止发布。
raw_vault_unregistered,source_file_30951314e3322dab,01_原始数据/代码仓库镜像/MatImpute/experiment/dataset/miss_datasets/3D_printer/Bed_temperature_0.1.csv,Bed_temperature_0.1.csv,3441,8a974bd1306044a74b147338ba6b1800a2ff9de500e60aa8caab41f55083e6f7,,,2026-07-18,UNKNOWN,,,metadata_only,unknown,review_required,尚未在配置/数据源.yaml逐来源登记；默认禁止发布。
raw_vault_unregistered,source_file_3d3e3a091f8f3067,01_原始数据/代码仓库镜像/MatImpute/experiment/dataset/miss_datasets/3D_printer/Bed_temperature_0.2.csv,Bed_temperature_0.2.csv,3417,0221f9f58c0483a14134b444c554ae94cbd40c4a11781e2b9bf3770e03a7cea4,,,2026-07-18,UNKNOWN,,,metadata_only,unknown,review_required,尚未在配置/数据源.yaml逐来源登记；默认禁止发布。
raw_vault_unregistered,source_file_eadd588e004fa0d4,01_原始数据/代码仓库镜像/MatImpute/experiment/dataset/miss_datasets/3D_printer/Bed_temperature_0.30000000000000004.csv,Bed_temperature_0.30000000000000004.csv,3389,416551f11e21541b39668b334cab52de9bde2b459204064be33ccd40636654ed,,,2026-07-18,UNKNOWN,,,metadata_only,unknown,review_required,尚未在配置/数据源.yaml逐来源登记；默认禁止发布。
raw_vault_unregistered,source_file_e75ac86d8550628e,01_原始数据/代码仓库镜像/MatImpute/experiment/dataset/miss_datasets/3D_printer/Bed_temperature_0.4.csv,Bed_temperature_0.4.csv,3365,85607bdc53c661f0c2be589239784c5a49830ee3ecebe0bd10a53c78ff98c5ef,,,2026-07-18,UNKNOWN,,,metadata_only,unknown,review_required,尚未在配置/数据源.yaml逐来源登记；默认禁止发布。
raw_vault_unregistered,source_file_74e9ebe9dfac37c6,01_原始数据/代码仓库镜像/MatImpute/experiment/dataset/miss_datasets/3D_printer/Bed_temperature_0.5.csv,Bed_temperature_0.5.csv,3337,c0ec40d3f5a2a2c089ec6705ba198d3998d5a5f5ead004143a8363c17185563a,,,2026-07-18,UNKNOWN,,,metadata_only,unknown,review_required,尚未在配置/数据源.yaml逐来源登记；默认禁止发布。
raw_vault_unregistered,source_file_57bc0e2eab54d5c2,01_原始数据/代码仓库镜像/MatImpute/experiment/dataset/miss_datasets/3D_printer/Bed_temperature_0.6000000000000001.csv,Bed_temperature_0.6000000000000001.csv,3308,87c5cc39ab969689c0a21bd8e9d19bf0cc792aded3b5ba957196f42de6c8aa94,,,2026-07-18,UNKNOWN,,,metadata_only,unknown,review_required,尚未在配置/数据源.yaml逐来源登记；默认禁止发布。
raw_vault_unregistered,source_file_09f1f5cc2282b323,01_原始数据/代码仓库镜像/MatImpute/experiment/dataset/miss_datasets/3D_printer/Bed_temperature_0.7000000000000001.csv,Bed_temperature_0.7000000000000001.csv,3285,a03363f2f57ab923444624daffba1454d13cd733576f5335837d8571c913a382,,,2026-07-18,UNKNOWN,,,metadata_only,unknown,review_required,尚未在配置/数据源.yaml逐来源登记；默认禁止发布。
raw_vault_unregistered,source_file_40bb284e383a1eab,01_原始数据/代码仓库镜像/MatImpute/experiment/dataset/miss_datasets/3D_printer/Bed_temperature_0.8.csv,Bed_temperature_0.8.csv,3256,d2c922139f40239b31efea0fee673e35bdceb6d5952a5789fed6e3b875a44611,,,2026-07-18,UNKNOWN,,,metadata_only,unknown,review_required,尚未在配置/数据源.yaml逐来源登记；默认禁止发布。
raw_vault_unregistered,source_file_5d9f156dcbdfb4d0,01_原始数据/代码仓库镜像/MatImpute/experiment/dataset/miss_datasets/3D_printer/Bed_temperature_0.9.csv,Bed_temperature_0.9.csv,3233,c1429b7c21724fa78e658aa4592ab4e7ae7b150f0a4492261d54632c974f7b87,,,2026-07-18,UNKNOWN,,,metadata_only,unknown,review_required,尚未在配置/数据源.yaml逐来源登记；默认禁止发布。
raw_vault_unregistered,source_file_e18f7dafa683f153,01_原始数据/代码仓库镜像/MatImpute/experiment/dataset/miss_datasets/3D_printer/Elongation_0.1.csv,Elongation_0.1.csv,3315,3c2cc99bd5ed119c8cf4bf3e46cd75e4929658b982e8c178866826da0c971bb8,,,2026-07-18,UNKNOWN,,,metadata_only,unknown,review_required,尚未在配置/数据源.yaml逐来源登记；默认禁止发布。
raw_vault_unregistered,source_file_2786238b3fc1147b,01_原始数据/代码仓库镜像/MatImpute/experiment/dataset/miss_datasets/3D_printer/Elongation_0.2.csv,Elongation_0.2.csv,3298,b56abe6e056f0a58125c20d98bb0558bb92b24bf36e31389fde928852a76d3ae,,,2026-07-18,UNKNOWN,,,metadata_only,unknown,review_required,尚未在配置/数据源.yaml逐来源登记；默认禁止发布。
raw_vault_unregistered,source_file_96231aeb4f55e6ad,01_原始数据/代码仓库镜像/MatImpute/experiment/dataset/miss_datasets/3D_printer/Elongation_0.30000000000000004.csv,Elongation_0.30000000000000004.csv,3277,12d4dfba3355801ec85821f4c82ae59b32e4ed63b3db77b273050441be6489bc,,,2026-07-18,UNKNOWN,,,metadata_only,unknown,review_required,尚未在配置/数据源.yaml逐来源登记；默认禁止发布。
raw_vault_unregistered,source_file_82c0dced8f5712c1,01_原始数据/代码仓库镜像/MatImpute/experiment/dataset/miss_datasets/3D_printer/Elongation_0.4.csv,Elongation_0.4.csv,3259,fba595faad63ce205f5f8bd46669cab3cc4818bea31324bf07d9ff368253c710,,,2026-07-18,UNKNOWN,,,metadata_only,unknown,review_required,尚未在配置/数据源.yaml逐来源登记；默认禁止发布。
raw_vault_unregistered,source_file_8bf4ca23e1bd00a6,01_原始数据/代码仓库镜像/MatImpute/experiment/dataset/miss_datasets/3D_printer/Elongation_0.5.csv,Elongation_0.5.csv,3238,f55ba6949b01ca6d9b6be0f9cd96702fc7111a5204c9971141e7806846976e59,,,2026-07-18,UNKNOWN,,,metadata_only,unknown,review_required,尚未在配置/数据源.yaml逐来源登记；默认禁止发布。
raw_vault_unregistered,source_file_42ac33c679067a18,01_原始数据/代码仓库镜像/MatImpute/experiment/dataset/miss_datasets/3D_printer/Elongation_0.6000000000000001.csv,Elongation_0.6000000000000001.csv,3216,6d34373319e7e9cee0444912297541210c2614718ad288c29f9684a96e8c3c55,,,2026-07-18,UNKNOWN,,,metadata_only,unknown,review_required,尚未在配置/数据源.yaml逐来源登记；默认禁止发布。
raw_vault_unregistered,source_file_d8a1b7a3dfd05415,01_原始数据/代码仓库镜像/MatImpute/experiment/dataset/miss_datasets/3D_printer/Elongation_0.7000000000000001.csv,Elongation_0.7000000000000001.csv,3199,5f7a326de642798ec86f8c63954f180ac587cbb77713d288cf48c25265e3c170,,,2026-07-18,UNKNOWN,,,metadata_only,unknown,review_required,尚未在配置/数据源.yaml逐来源登记；默认禁止发布。
raw_vault_unregistered,source_file_d5742244dc5cbc25,01_原始数据/代码仓库镜像/MatImpute/experiment/dataset/miss_datasets/3D_printer/Elongation_0.8.csv,Elongation_0.8.csv,3177,667a31d9a5a8cf18615052d5f6cfdee447ec90c1637cdd6cf8da4cf6ed451c38,,,2026-07-18,UNKNOWN,,,metadata_only,unknown,review_required,尚未在配置/数据源.yaml逐来源登记；默认禁止发布。
raw_vault_unregistered,source_file_57949a547e025bc1,01_原始数据/代码仓库镜像/MatImpute/experiment/dataset/miss_datasets/3D_printer/Elongation_0.9.csv,Elongation_0.9.csv,3159,a5fc6807fda4c3300f93ab36e02309a23e23113abbed2e23b23ab7a6f2efdbcc,,,2026-07-18,UNKNOWN,,,metadata_only,unknown,review_required,尚未在配置/数据源.yaml逐来源登记；默认禁止发布。
raw_vault_unregistered,source_file_be4c6de37693c9e0,01_原始数据/代码仓库镜像/MatImpute/experiment/dataset/miss_datasets/3D_printer/Fan_speed_0.1.csv,Fan_speed_0.1.csv,3441,f5d5c15024f2fc1d7c4815a46809bb5974800dc3343398b159c1071207c74b7f,,,2026-07-18,UNKNOWN,,,metadata_only,unknown,review_required,尚未在配置/数据源.yaml逐来源登记；默认禁止发布。
raw_vault_unregistered,source_file_10427ad6fae4b2c2,01_原始数据/代码仓库镜像/MatImpute/experiment/dataset/miss_datasets/3D_printer/Fan_speed_0.2.csv,Fan_speed_0.2.csv,3419,0714e4a7e37ef23b04d7290b7f6c4f38d8d12d2dc7fb05746e6d69c48638836a,,,2026-07-18,UNKNOWN,,,metadata_only,unknown,review_required,尚未在配置/数据源.yaml逐来源登记；默认禁止发布。
raw_vault_unregistered,source_file_e9831e836ae6b881,01_原始数据/代码仓库镜像/MatImpute/experiment/dataset/miss_datasets/3D_printer/Fan_speed_0.30000000000000004.csv,Fan_speed_0.30000000000000004.csv,3390,3501ccfd096d5d00ae9765caa1a3d60fa154c1810ac53490d82e81ed8871771b,,,2026-07-18,UNKNOWN,,,metadata_only,unknown,review_required,尚未在配置/数据源.yaml逐来源登记；默认禁止发布。
raw_vault_unregistered,source_file_0d87e80d84c75fa7,01_原始数据/代码仓库镜像/MatImpute/experiment/dataset/miss_datasets/3D_printer/Fan_speed_0.4.csv,Fan_speed_0.4.csv,3368,a76cd90e2dffabdf4301285a8c2aeb98b60c1a556c04d2bbc7d46e044725742c,,,2026-07-18,UNKNOWN,,,metadata_only,unknown,review_required,尚未在配置/数据源.yaml逐来源登记；默认禁止发布。
raw_vault_unregistered,source_file_4a766975d45e104a,01_原始数据/代码仓库镜像/MatImpute/experiment/dataset/miss_datasets/3D_printer/Fan_speed_0.5.csv,Fan_speed_0.5.csv,3344,95791d116e7cd34b270c074d24f66f636bc24ddaf770e6377d4ac355e04c3770,,,2026-07-18,UNKNOWN,,,metadata_only,unknown,review_required,尚未在配置/数据源.yaml逐来源登记；默认禁止发布。
raw_vault_unregistered,source_file_fb759912f23fcfeb,01_原始数据/代码仓库镜像/MatImpute/experiment/dataset/miss_datasets/3D_printer/Fan_speed_0.6000000000000001.csv,Fan_speed_0.6000000000000001.csv,3307,98dabda25751dcc5202492c196e484331e18a952457730bdc93607587013b3bc,,,2026-07-18,UNKNOWN,,,metadata_only,unknown,review_required,尚未在配置/数据源.yaml逐来源登记；默认禁止发布。
raw_vault_unregistered,source_file_98d6bdc947fc45a0,01_原始数据/代码仓库镜像/MatImpute/experiment/dataset/miss_datasets/3D_printer/Fan_speed_0.7000000000000001.csv,Fan_speed_0.7000000000000001.csv,3288,c3b873ae816e88e2a9fe02f6b3bd89e4f97d6084303d4ed9dfbde6512c9cde3f,,,2026-07-18,UNKNOWN,,,metadata_only,unknown,review_required,尚未在配置/数据源.yaml逐来源登记；默认禁止发布。
raw_vault_unregistered,source_file_6af73b231413d98e,01_原始数据/代码仓库镜像/MatImpute/experiment/dataset/miss_datasets/3D_printer/Fan_speed_0.8.csv,Fan_speed_0.8.csv,3261,00ba4b2433eecc5e1529a18a30c3c3a04f83aff227880f030f7b3fdcc113d18f,,,2026-07-18,UNKNOWN,,,metadata_only,unknown,review_required,尚未在配置/数据源.yaml逐来源登记；默认禁止发布。
raw_vault_unregistered,source_file_230c425b9cbc1715,01_原始数据/代码仓库镜像/MatImpute/experiment/dataset/miss_datasets/3D_printer/Fan_speed_0.9.csv,Fan_speed_0.9.csv,3234,501f9cdd84809ec0e5a366ed841841e5ee46dc0e4b73863e1e2355c808babc0f,,,2026-07-18,UNKNOWN,,,metadata_only,unknown,review_required,尚未在配置/数据源.yaml逐来源登记；默认禁止发布。
raw_vault_unregistered,source_file_73af83a664d34f99,01_原始数据/代码仓库镜像/MatImpute/experiment/dataset/miss_datasets/3D_printer/infill_density_0.1.csv,infill_density_0.1.csv,3441,8a52ecede1a70b3fcc222f91d9c7de3b57b0f8becb642cc03e433a8f197bb3d3,,,2026-07-18,UNKNOWN,,,metadata_only,unknown,review_required,尚未在配置/数据源.yaml逐来源登记；默认禁止发布。
raw_vault_unregistered,source_file_a1089ba7202a2611,01_原始数据/代码仓库镜像/MatImpute/experiment/dataset/miss_datasets/3D_printer/infill_density_0.2.csv,infill_density_0.2.csv,3416,1b137808afe536f934520255dc597e3cf22dc94e55b38e5551d08e00924ff002,,,2026-07-18,UNKNOWN,,,metadata_only,unknown,review_required,尚未在配置/数据源.yaml逐来源登记；默认禁止发布。
raw_vault_unregistered,source_file_26b009a6366bad6f,01_原始数据/代码仓库镜像/MatImpute/experiment/dataset/miss_datasets/3D_printer/infill_density_0.30000000000000004.csv,infill_density_0.30000000000000004.csv,3389,9756a79ff531227588dccdce8a3fd0a973d62479734f59e1219f5f0512fc3ab5,,,2026-07-18,UNKNOWN,,,metadata_only,unknown,review_required,尚未在配置/数据源.yaml逐来源登记；默认禁止发布。
raw_vault_unregistered,source_file_74ba261622f33fd5,01_原始数据/代码仓库镜像/MatImpute/experiment/dataset/miss_datasets/3D_printer/infill_density_0.4.csv,infill_density_0.4.csv,3364,44ad6ea1804366019e835268fd0f3e284356be413934fef87caeca63cd038341,,,2026-07-18,UNKNOWN,,,metadata_only,unknown,review_required,尚未在配置/数据源.yaml逐来源登记；默认禁止发布。
raw_vault_unregistered,source_file_2ebd1686622ffe22,01_原始数据/代码仓库镜像/MatImpute/experiment/dataset/miss_datasets/3D_printer/infill_density_0.5.csv,infill_density_0.5.csv,3336,bd3834b655cee5b09e5e3576cd1a8e3e024963182327e489bbb4a13216d93978,,,2026-07-18,UNKNOWN,,,metadata_only,unknown,review_required,尚未在配置/数据源.yaml逐来源登记；默认禁止发布。
raw_vault_unregistered,source_file_1cd62e7a252a6a8c,01_原始数据/代码仓库镜像/MatImpute/experiment/dataset/miss_datasets/3D_printer/infill_density_0.6000000000000001.csv,infill_density_0.6000000000000001.csv,3308,f4a6eb8ebf08ad38006246027c9138556046b331f111ee1ba833ece619804426,,,2026-07-18,UNKNOWN,,,metadata_only,unknown,review_required,尚未在配置/数据源.yaml逐来源登记；默认禁止发布。
raw_vault_unregistered,source_file_ed22ce54cce0aaff,01_原始数据/代码仓库镜像/MatImpute/experiment/dataset/miss_datasets/3D_printer/infill_density_0.7000000000000001.csv,infill_density_0.7000000000000001.csv,3284,d1bee69c4bad43bf7387e413e3b3c22f345c21b3de85945950a83d91d6a4a6a7,,,2026-07-18,UNKNOWN,,,metadata_only,unknown,review_required,尚未在配置/数据源.yaml逐来源登记；默认禁止发布。
raw_vault_unregistered,source_file_33f09f9f30d55ff2,01_原始数据/代码仓库镜像/MatImpute/experiment/dataset/miss_datasets/3D_printer/infill_density_0.8.csv,infill_density_0.8.csv,3256,50c1d78b29c9cb9380a5dce09a5921e882e3066c6c8227c6ba203343eb98a829,,,2026-07-18,UNKNOWN,,,metadata_only,unknown,review_required,尚未在配置/数据源.yaml逐来源登记；默认禁止发布。
raw_vault_unregistered,source_file_3d834af357c14aea,01_原始数据/代码仓库镜像/MatImpute/experiment/dataset/miss_datasets/3D_printer/infill_density_0.9.csv,infill_density_0.9.csv,3232,ae0745c2206f34d7de49ce71cf4012dca054358139e18ff7e182e5e101d70b0b,,,2026-07-18,UNKNOWN,,,metadata_only,unknown,review_required,尚未在配置/数据源.yaml逐来源登记；默认禁止发布。
raw_vault_unregistered,source_file_c82e60721d42381b,01_原始数据/代码仓库镜像/MatImpute/experiment/dataset/miss_datasets/3D_printer/layer_height_0.1.csv,layer_height_0.1.csv,3311,10cc6a443023ae8b96527c54c76dd7b511523f51eb54ac42d83ffde51de86916,,,2026-07-18,UNKNOWN,,,metadata_only,unknown,review_required,尚未在配置/数据源.yaml逐来源登记；默认禁止发布。
raw_vault_unregistered,source_file_fdcc72e3dac9143b,01_原始数据/代码仓库镜像/MatImpute/experiment/dataset/miss_datasets/3D_printer/layer_height_0.2.csv,layer_height_0.2.csv,3290,72da4d2eb44b19c6de5b7fcb1ffb6ecb49661b7effe83e56be9db4f42ac6e681,,,2026-07-18,UNKNOWN,,,metadata_only,unknown,review_required,尚未在配置/数据源.yaml逐来源登记；默认禁止发布。
raw_vault_unregistered,source_file_6864ddb5eccc2909,01_原始数据/代码仓库镜像/MatImpute/experiment/dataset/miss_datasets/3D_printer/layer_height_0.30000000000000004.csv,layer_height_0.30000000000000004.csv,3261,4cbbf0c1257f92b596b008dfa33b0893b64e5948c49137155dd757e9e3eb623c,,,2026-07-18,UNKNOWN,,,metadata_only,unknown,review_required,尚未在配置/数据源.yaml逐来源登记；默认禁止发布。
raw_vault_unregistered,source_file_f4a75845bb753136,01_原始数据/代码仓库镜像/MatImpute/experiment/dataset/miss_datasets/3D_printer/layer_height_0.4.csv,layer_height_0.4.csv,3245,57d08b19d8a07759a8cfc03ba54ff131f4c1cf1fda4f7bb1f0a23b13873a59d5,,,2026-07-18,UNKNOWN,,,metadata_only,unknown,review_required,尚未在配置/数据源.yaml逐来源登记；默认禁止发布。
raw_vault_unregistered,source_file_be3a5dbff1509912,01_原始数据/代码仓库镜像/MatImpute/experiment/dataset/miss_datasets/3D_printer/layer_height_0.5.csv,layer_height_0.5.csv,3212,ff0dbf3932dff7597434d3eff1d72f4fa4daac88b6161ea9bdae652148a3a4e9,,,2026-07-18,UNKNOWN,,,metadata_only,unknown,review_required,尚未在配置/数据源.yaml逐来源登记；默认禁止发布。
raw_vault_unregistered,source_file_e73e350f2f7ba804,01_原始数据/代码仓库镜像/MatImpute/experiment/dataset/miss_datasets/3D_printer/layer_height_0.6000000000000001.csv,layer_height_0.6000000000000001.csv,3190,9ce689794e87dfc781b53cd9c5a5a96c0ed7233c87c80dafc58f2e7b02d2bc16,,,2026-07-18,UNKNOWN,,,metadata_only,unknown,review_required,尚未在配置/数据源.yaml逐来源登记；默认禁止发布。
raw_vault_unregistered,source_file_543ff137dfd89005,01_原始数据/代码仓库镜像/MatImpute/experiment/dataset/miss_datasets/3D_printer/layer_height_0.7000000000000001.csv,layer_height_0.7000000000000001.csv,3167,ea707be859c495488095efe6e04284afcd6f649e5cc3a099a92d0d3fc5625398,,,2026-07-18,UNKNOWN,,,metadata_only,unknown,review_required,尚未在配置/数据源.yaml逐来源登记；默认禁止发布。
raw_vault_unregistered,source_file_79c707ae1fb3ac3a,01_原始数据/代码仓库镜像/MatImpute/experiment/dataset/miss_datasets/3D_printer/layer_height_0.8.csv,layer_height_0.8.csv,3141,75c3b0a66c325663b745b3e344e3ff79bcf25fb79655d35e5d6ef03e8f3670f2,,,2026-07-18,UNKNOWN,,,metadata_only,unknown,review_required,尚未在配置/数据源.yaml逐来源登记；默认禁止发布。
raw_vault_unregistered,source_file_2f5212bcc00d4963,01_原始数据/代码仓库镜像/MatImpute/experiment/dataset/miss_datasets/3D_printer/layer_height_0.9.csv,layer_height_0.9.csv,3119,9704af070b22eb475b7a9031def8058e522bb061d1d0abf3b9b6abdd7cd317e9,,,2026-07-18,UNKNOWN,,,metadata_only,unknown,review_required,尚未在配置/数据源.yaml逐来源登记；默认禁止发布。
raw_vault_unregistered,source_file_99bf81df512041d3,01_原始数据/代码仓库镜像/MatImpute/experiment/dataset/miss_datasets/3D_printer/nozzle_temperature_0.1.csv,nozzle_temperature_0.1.csv,3434,5a6399ca0a5a5513f53748172947a9d0597f43baf92c7afdc18c92787a57bef4,,,2026-07-18,UNKNOWN,,,metadata_only,unknown,review_required,尚未在配置/数据源.yaml逐来源登记；默认禁止发布。
raw_vault_unregistered,source_file_f30878af4c90933a,01_原始数据/代码仓库镜像/MatImpute/experiment/dataset/miss_datasets/3D_printer/nozzle_temperature_0.2.csv,nozzle_temperature_0.2.csv,3404,75c851d0a7eb2f6559984070bdfab2e8e1090e79ea4becb43782a300df181d3c,,,2026-07-18,UNKNOWN,,,metadata_only,unknown,review_required,尚未在配置/数据源.yaml逐来源登记；默认禁止发布。
raw_vault_unregistered,source_file_d0e11a4c8fc13b22,01_原始数据/代码仓库镜像/MatImpute/experiment/dataset/miss_datasets/3D_printer/nozzle_temperature_0.30000000000000004.csv,nozzle_temperature_0.30000000000000004.csv,3369,9752a3e981f94445076be786d2d4981c2c64d3ae726178c0b3bceec2c60d3756,,,2026-07-18,UNKNOWN,,,metadata_only,unknown,review_required,尚未在配置/数据源.yaml逐来源登记；默认禁止发布。
raw_vault_unregistered,source_file_7c483e0c7eafee04,01_原始数据/代码仓库镜像/MatImpute/experiment/dataset/miss_datasets/3D_printer/nozzle_temperature_0.4.csv,nozzle_temperature_0.4.csv,3339,21f72cd40ab8943610e499bf1d4e0c57047e694b9efc4dd9aeadc672fca02f29,,,2026-07-18,UNKNOWN,,,metadata_only,unknown,review_required,尚未在配置/数据源.yaml逐来源登记；默认禁止发布。
raw_vault_unregistered,source_file_a125499d2c6165c7,01_原始数据/代码仓库镜像/MatImpute/experiment/dataset/miss_datasets/3D_printer/nozzle_temperature_0.5.csv,nozzle_temperature_0.5.csv,3304,7235c98a3e3ec518e4786d844a23b4e175f54a82e1eb875da740bbd8cefc2051,,,2026-07-18,UNKNOWN,,,metadata_only,unknown,review_required,尚未在配置/数据源.yaml逐来源登记；默认禁止发布。
raw_vault_unregistered,source_file_7d20bc09eced941d,01_原始数据/代码仓库镜像/MatImpute/experiment/dataset/miss_datasets/3D_printer/nozzle_temperature_0.6000000000000001.csv,nozzle_temperature_0.6000000000000001.csv,3269,439b58a4479c3a20875197a78b2f1a12aa8d452be5e46f0be015af35099a4f2e,,,2026-07-18,UNKNOWN,,,metadata_only,unknown,review_required,尚未在配置/数据源.yaml逐来源登记；默认禁止发布。
raw_vault_unregistered,source_file_9585be70892d165e,01_原始数据/代码仓库镜像/MatImpute/experiment/dataset/miss_datasets/3D_printer/nozzle_temperature_0.7000000000000001.csv,nozzle_temperature_0.7000000000000001.csv,3239,c5ed46b829a4cd7e1b9c79e4c390b4be2d399625742505a7ad74e77604cbf466,,,2026-07-18,UNKNOWN,,,metadata_only,unknown,review_required,尚未在配置/数据源.yaml逐来源登记；默认禁止发布。
raw_vault_unregistered,source_file_b970a7c31e23d550,01_原始数据/代码仓库镜像/MatImpute/experiment/dataset/miss_datasets/3D_printer/nozzle_temperature_0.8.csv,nozzle_temperature_0.8.csv,3204,5671501aeade7961856a46397c13f7d91a8c3a8ec3c4b5906cf098a105b5a009,,,2026-07-18,UNKNOWN,,,metadata_only,unknown,review_required,尚未在配置/数据源.yaml逐来源登记；默认禁止发布。
raw_vault_unregistered,source_file_092f732f70c5331f,01_原始数据/代码仓库镜像/MatImpute/experiment/dataset/miss_datasets/3D_printer/nozzle_temperature_0.9.csv,nozzle_temperature_0.9.csv,3174,a997866435821cec7049dad75fbd46bcce03262e592960040c0c3d21d5504a26,,,2026-07-18,UNKNOWN,,,metadata_only,unknown,review_required,尚未在配置/数据源.yaml逐来源登记；默认禁止发布。
raw_vault_unregistered,source_file_7372c54a3304e9e3,01_原始数据/代码仓库镜像/MatImpute/experiment/dataset/miss_datasets/3D_printer/Print_speed_0.1.csv,Print_speed_0.1.csv,3440,c6d228a45498601755e98d1ba302d60b7d5516471bc5a11518c851046ed37535,,,2026-07-18,UNKNOWN,,,metadata_only,unknown,review_required,尚未在配置/数据源.yaml逐来源登记；默认禁止发布。
raw_vault_unregistered,source_file_b70985e1315813ae,01_原始数据/代码仓库镜像/MatImpute/experiment/dataset/miss_datasets/3D_printer/Print_speed_0.2.csv,Print_speed_0.2.csv,3416,9c6665825f1249f63936191526ba95303a66d2cca975b536e1b008909fc7e6dc,,,2026-07-18,UNKNOWN,,,metadata_only,unknown,review_required,尚未在配置/数据源.yaml逐来源登记；默认禁止发布。
raw_vault_unregistered,source_file_4ed053ae8e592f5a,01_原始数据/代码仓库镜像/MatImpute/experiment/dataset/miss_datasets/3D_printer/Print_speed_0.30000000000000004.csv,Print_speed_0.30000000000000004.csv,3385,6f00494ce8ba013f7e883b372844e970fe9230ee9cac3c69919d9709b28305ea,,,2026-07-18,UNKNOWN,,,metadata_only,unknown,review_required,尚未在配置/数据源.yaml逐来源登记；默认禁止发布。
raw_vault_unregistered,source_file_50770782983a1798,01_原始数据/代码仓库镜像/MatImpute/experiment/dataset/miss_datasets/3D_printer/Print_speed_0.4.csv,Print_speed_0.4.csv,3361,9ef50cdf852ddfae0fd120ee5b927f81887494173709b46283de3f4eb5548044,,,2026-07-18,UNKNOWN,,,metadata_only,unknown,review_required,尚未在配置/数据源.yaml逐来源登记；默认禁止发布。
raw_vault_unregistered,source_file_c7d8de92d508e8c9,01_原始数据/代码仓库镜像/MatImpute/experiment/dataset/miss_datasets/3D_printer/Print_speed_0.5.csv,Print_speed_0.5.csv,3330,4d341931cffe1746b8f0588d17adee70dfa1b4a4bcdfd914540ca5b3d7411d1b,,,2026-07-18,UNKNOWN,,,metadata_only,unknown,review_required,尚未在配置/数据源.yaml逐来源登记；默认禁止发布。
raw_vault_unregistered,source_file_8ed5b823826f8797,01_原始数据/代码仓库镜像/MatImpute/experiment/dataset/miss_datasets/3D_printer/Print_speed_0.6000000000000001.csv,Print_speed_0.6000000000000001.csv,3302,0b6d0997a8c6260f36010e0681261d6d15f48e1516b70bc4b9a83d804d14a38a,,,2026-07-18,UNKNOWN,,,metadata_only,unknown,review_required,尚未在配置/数据源.yaml逐来源登记；默认禁止发布。
raw_vault_unregistered,source_file_03a7594d97aa10e0,01_原始数据/代码仓库镜像/MatImpute/experiment/dataset/miss_datasets/3D_printer/Print_speed_0.7000000000000001.csv,Print_speed_0.7000000000000001.csv,3275,18e0079484cb96a5207827665095d0234c235bdf3387f9e0b47679afe0d959db,,,2026-07-18,UNKNOWN,,,metadata_only,unknown,review_required,尚未在配置/数据源.yaml逐来源登记；默认禁止发布。
raw_vault_unregistered,source_file_c02dd449e8731734,01_原始数据/代码仓库镜像/MatImpute/experiment/dataset/miss_datasets/3D_printer/Print_speed_0.8.csv,Print_speed_0.8.csv,3247,d6565140fd16f3feeff9a41779c56523a907898dcaa08fb6ec4519ed9bbd7676,,,2026-07-18,UNKNOWN,,,metadata_only,unknown,review_required,尚未在配置/数据源.yaml逐来源登记；默认禁止发布。
raw_vault_unregistered,source_file_ac7f2a27c70d7fae,01_原始数据/代码仓库镜像/MatImpute/experiment/dataset/miss_datasets/3D_printer/Print_speed_0.9.csv,Print_speed_0.9.csv,3222,0066732ca285afb2c0edefeed63c3ff7741571ee3fdf84c7a404c601b01408b4,,,2026-07-18,UNKNOWN,,,metadata_only,unknown,review_required,尚未在配置/数据源.yaml逐来源登记；默认禁止发布。
raw_vault_unregistered,source_file_f7f9def212c73dac,01_原始数据/代码仓库镜像/MatImpute/experiment/dataset/miss_datasets/3D_printer/Roughness_0.1.csv,Roughness_0.1.csv,3437,6cdae1a3488a3b307eb2fffedda7b25d264b40827f96db1880a1cc01aadf8e6e,,,2026-07-18,UNKNOWN,,,metadata_only,unknown,review_required,尚未在配置/数据源.yaml逐来源登记；默认禁止发布。
raw_vault_unregistered,source_file_bd63908c127e0d8c,01_原始数据/代码仓库镜像/MatImpute/experiment/dataset/miss_datasets/3D_printer/Roughness_0.2.csv,Roughness_0.2.csv,3408,b7d537be77c3d35fcca013f30d00c37e803ff3b6257166381f5b87f47246c5cc,,,2026-07-18,UNKNOWN,,,metadata_only,unknown,review_required,尚未在配置/数据源.yaml逐来源登记；默认禁止发布。
raw_vault_unregistered,source_file_84745ed9bf2d71b1,01_原始数据/代码仓库镜像/MatImpute/experiment/dataset/miss_datasets/3D_printer/Roughness_0.30000000000000004.csv,Roughness_0.30000000000000004.csv,3376,f5f47cb9b727549dca071fcb08a7ca4e663b2a4aa33af8be39de922a1b7f42a5,,,2026-07-18,UNKNOWN,,,metadata_only,unknown,review_required,尚未在配置/数据源.yaml逐来源登记；默认禁止发布。
raw_vault_unregistered,source_file_60161d870021fc42,01_原始数据/代码仓库镜像/MatImpute/experiment/dataset/miss_datasets/3D_printer/Roughness_0.4.csv,Roughness_0.4.csv,3347,b1e6e9c263a49cd50e31d27aea0a78da9088537bed8f37d66414e7f6f554a47c,,,2026-07-18,UNKNOWN,,,metadata_only,unknown,review_required,尚未在配置/数据源.yaml逐来源登记；默认禁止发布。
raw_vault_unregistered,source_file_aea9a73cc9608070,01_原始数据/代码仓库镜像/MatImpute/experiment/dataset/miss_datasets/3D_printer/Roughness_0.5.csv,Roughness_0.5.csv,3313,2fc3dcd4b48142a712fae47e53f3b537cea15591c294890a51e29b84bf8b4b52,,,2026-07-18,UNKNOWN,,,metadata_only,unknown,review_required,尚未在配置/数据源.yaml逐来源登记；默认禁止发布。
raw_vault_unregistered,source_file_6c3fa45fa80bb194,01_原始数据/代码仓库镜像/MatImpute/experiment/dataset/miss_datasets/3D_printer/Roughness_0.6000000000000001.csv,Roughness_0.6000000000000001.csv,3285,b765ce74a324a87eb44a4aed2bebbe07c723fa1b0fb06e78dc15df893395cb73,,,2026-07-18,UNKNOWN,,,metadata_only,unknown,review_required,尚未在配置/数据源.yaml逐来源登记；默认禁止发布。
raw_vault_unregistered,source_file_10bc9ee75644d952,01_原始数据/代码仓库镜像/MatImpute/experiment/dataset/miss_datasets/3D_printer/Roughness_0.7000000000000001.csv,Roughness_0.7000000000000001.csv,3254,8cf8cc709b5af5c364284818480b85939dd6b85a6ab18309f4e71a674f803187,,,2026-07-18,UNKNOWN,,,metadata_only,unknown,review_required,尚未在配置/数据源.yaml逐来源登记；默认禁止发布。
raw_vault_unregistered,source_file_8759cfd5fac5fd62,01_原始数据/代码仓库镜像/MatImpute/experiment/dataset/miss_datasets/3D_printer/Roughness_0.8.csv,Roughness_0.8.csv,3220,b9782bf73f3e9fa071c04e24457d99770bff53a7931e477905d6aa126b97f0d2,,,2026-07-18,UNKNOWN,,,metadata_only,unknown,review_required,尚未在配置/数据源.yaml逐来源登记；默认禁止发布。
raw_vault_unregistered,source_file_79122b16f831dcf8,01_原始数据/代码仓库镜像/MatImpute/experiment/dataset/miss_datasets/3D_printer/Roughness_0.9.csv,Roughness_0.9.csv,3196,2bd49cef35332998187d92a6cbfd1ca475913ac24d40c529a4d5f53750ed750f,,,2026-07-18,UNKNOWN,,,metadata_only,unknown,review_required,尚未在配置/数据源.yaml逐来源登记；默认禁止发布。
raw_vault_unregistered,source_file_d21d6e1ae141a621,01_原始数据/代码仓库镜像/MatImpute/experiment/dataset/miss_datasets/3D_printer/Tension_strenght_0.1.csv,Tension_strenght_0.1.csv,3441,b623a19d5dfc430babbbf1ba438032e311bf3bc9a13bda602c7fa57f02dff32e,,,2026-07-18,UNKNOWN,,,metadata_only,unknown,review_required,尚未在配置/数据源.yaml逐来源登记；默认禁止发布。
raw_vault_unregistered,source_file_6a1a67d1edb9e8b7,01_原始数据/代码仓库镜像/MatImpute/experiment/dataset/miss_datasets/3D_printer/Tension_strenght_0.2.csv,Tension_strenght_0.2.csv,3417,f91791049287fa8a6a34f97f36e99aaa85be1b756315543162fed2211ae44951,,,2026-07-18,UNKNOWN,,,metadata_only,unknown,review_required,尚未在配置/数据源.yaml逐来源登记；默认禁止发布。
raw_vault_unregistered,source_file_32df8f434c7ad522,01_原始数据/代码仓库镜像/MatImpute/experiment/dataset/miss_datasets/3D_printer/Tension_strenght_0.30000000000000004.csv,Tension_strenght_0.30000000000000004.csv,3393,595327995e3542a0ccbc3b0a3ea61ce4a38269e931dcb522a31fa21a69f264a3,,,2026-07-18,UNKNOWN,,,metadata_only,unknown,review_required,尚未在配置/数据源.yaml逐来源登记；默认禁止发布。
raw_vault_unregistered,source_file_3365e5796aa41dba,01_原始数据/代码仓库镜像/MatImpute/experiment/dataset/miss_datasets/3D_printer/Tension_strenght_0.4.csv,Tension_strenght_0.4.csv,3369,7052c01865685e2e9d59dcebac5344e20291cfade94582531f2a30480f94cd9b,,,2026-07-18,UNKNOWN,,,metadata_only,unknown,review_required,尚未在配置/数据源.yaml逐来源登记；默认禁止发布。
raw_vault_unregistered,source_file_bbe1ec70d4b50200,01_原始数据/代码仓库镜像/MatImpute/experiment/dataset/miss_datasets/3D_printer/Tension_strenght_0.5.csv,Tension_strenght_0.5.csv,3342,d083d2a8a07553dffc24c41505c5f89add542609585034343f79620d34aa28ec,,,2026-07-18,UNKNOWN,,,metadata_only,unknown,review_required,尚未在配置/数据源.yaml逐来源登记；默认禁止发布。
raw_vault_unregistered,source_file_4db1fe2820a4341e,01_原始数据/代码仓库镜像/MatImpute/experiment/dataset/miss_datasets/3D_printer/Tension_strenght_0.6000000000000001.csv,Tension_strenght_0.6000000000000001.csv,3315,4b7d6198ba351915a88ac2c2619e62157a43bac1cf9899a0e4ba72bf6525259d,,,2026-07-18,UNKNOWN,,,metadata_only,unknown,review_required,尚未在配置/数据源.yaml逐来源登记；默认禁止发布。
raw_vault_unregistered,source_file_d4e869341101cae3,01_原始数据/代码仓库镜像/MatImpute/experiment/dataset/miss_datasets/3D_printer/Tension_strenght_0.7000000000000001.csv,Tension_strenght_0.7000000000000001.csv,3289,42ed14b4f9d16734a8ad21bf991d0942f6c31903dd3a6b5e3101a73a04d74969,,,2026-07-18,UNKNOWN,,,metadata_only,unknown,review_required,尚未在配置/数据源.yaml逐来源登记；默认禁止发布。
raw_vault_unregistered,source_file_d19a6d6e9a820af7,01_原始数据/代码仓库镜像/MatImpute/experiment/dataset/miss_datasets/3D_printer/Tension_strenght_0.8.csv,Tension_strenght_0.8.csv,3264,1efee719f394eba20f946c7db4102edc8706c2738eaaff1ae5766edaeee01ff2,,,2026-07-18,UNKNOWN,,,metadata_only,unknown,review_required,尚未在配置/数据源.yaml逐来源登记；默认禁止发布。
raw_vault_unregistered,source_file_a0089da147f812e5,01_原始数据/代码仓库镜像/MatImpute/experiment/dataset/miss_datasets/3D_printer/Tension_strenght_0.9.csv,Tension_strenght_0.9.csv,3241,267a65c0715a01e1a80f5b8459bfd27213f87021fe789db537a532b858e781e5,,,2026-07-18,UNKNOWN,,,metadata_only,unknown,review_required,尚未在配置/数据源.yaml逐来源登记；默认禁止发布。
raw_vault_unregistered,source_file_49a64e10b07c3617,01_原始数据/代码仓库镜像/MatImpute/experiment/dataset/miss_datasets/3D_printer/wall_thickness_0.1.csv,wall_thickness_0.1.csv,3316,757a10e414650488aa7a48b58688bddea465fd084ff1b09e1cac6a53b23bdb83,,,2026-07-18,UNKNOWN,,,metadata_only,unknown,review_required,尚未在配置/数据源.yaml逐来源登记；默认禁止发布。
raw_vault_unregistered,source_file_1d172151f185bfa4,01_原始数据/代码仓库镜像/MatImpute/experiment/dataset/miss_datasets/3D_printer/wall_thickness_0.2.csv,wall_thickness_0.2.csv,3295,bc49e9993a51935572a145de340aff2b8f30ee45a1f021026f8d446b8df4a5e6,,,2026-07-18,UNKNOWN,,,metadata_only,unknown,review_required,尚未在配置/数据源.yaml逐来源登记；默认禁止发布。
raw_vault_unregistered,source_file_ede5a5186a8b5ab2,01_原始数据/代码仓库镜像/MatImpute/experiment/dataset/miss_datasets/3D_printer/wall_thickness_0.30000000000000004.csv,wall_thickness_0.30000000000000004.csv,3274,f6d72ee210ac7694920f01382e7cc29a8b65be2c14711e01d5fa99902410baeb,,,2026-07-18,UNKNOWN,,,metadata_only,unknown,review_required,尚未在配置/数据源.yaml逐来源登记；默认禁止发布。
raw_vault_unregistered,source_file_dab1936bd5707978,01_原始数据/代码仓库镜像/MatImpute/experiment/dataset/miss_datasets/3D_printer/wall_thickness_0.4.csv,wall_thickness_0.4.csv,3258,0f2dc3d5e2f1b1f9608af1a1204c4bca02c4362071b69a8b1b218f9d4b62f988,,,2026-07-18,UNKNOWN,,,metadata_only,unknown,review_required,尚未在配置/数据源.yaml逐来源登记；默认禁止发布。
raw_vault_unregistered,source_file_7443a8540e97a622,01_原始数据/代码仓库镜像/MatImpute/experiment/dataset/miss_datasets/3D_printer/wall_thickness_0.5.csv,wall_thickness_0.5.csv,3234,2b5c6654ee582305608a66a5c1f4c1b100198234066889aa9e17203a03b8ed6a,,,2026-07-18,UNKNOWN,,,metadata_only,unknown,review_required,尚未在配置/数据源.yaml逐来源登记；默认禁止发布。
raw_vault_unregistered,source_file_f3ef17e068588c9d,01_原始数据/代码仓库镜像/MatImpute/experiment/dataset/miss_datasets/3D_printer/wall_thickness_0.6000000000000001.csv,wall_thickness_0.6000000000000001.csv,3216,a9984cb81f83e897b6491e0d0bddfe5c8a6f70834720ebcfb907ddb39339cd53,,,2026-07-18,UNKNOWN,,,metadata_only,unknown,review_required,尚未在配置/数据源.yaml逐来源登记；默认禁止发布。
raw_vault_unregistered,source_file_9b843c1fa81c03a1,01_原始数据/代码仓库镜像/MatImpute/experiment/dataset/miss_datasets/3D_printer/wall_thickness_0.7000000000000001.csv,wall_thickness_0.7000000000000001.csv,3193,0e33f12593fd4f755ef54a6ecb593710d1436bb40308877a40db74d68fa58c4b,,,2026-07-18,UNKNOWN,,,metadata_only,unknown,review_required,尚未在配置/数据源.yaml逐来源登记；默认禁止发布。
raw_vault_unregistered,source_file_d5f7575966bb61f5,01_原始数据/代码仓库镜像/MatImpute/experiment/dataset/miss_datasets/3D_printer/wall_thickness_0.8.csv,wall_thickness_0.8.csv,3173,5a2081d6eb783643206412b958c47002eb65ad3ad1b076a06c0ce0580ad76efd,,,2026-07-18,UNKNOWN,,,metadata_only,unknown,review_required,尚未在配置/数据源.yaml逐来源登记；默认禁止发布。
raw_vault_unregistered,source_file_99fd93c2ce3e1686,01_原始数据/代码仓库镜像/MatImpute/experiment/dataset/miss_datasets/3D_printer/wall_thickness_0.9.csv,wall_thickness_0.9.csv,3151,7ef2634f1548ba0390b76f46d0a91b3d2a2946b5e9df887641b5ec96c6505489,,,2026-07-18,UNKNOWN,,,metadata_only,unknown,review_required,尚未在配置/数据源.yaml逐来源登记；默认禁止发布。
raw_vault_unregistered,source_file_fc471244d5734d48,01_原始数据/代码仓库镜像/MatImpute/experiment/dataset/miss_datasets/Bala_classification_dataset/frac-Me1_0.1.csv,frac-Me1_0.1.csv,14622,e3d38438c4d794eb49eae13960e7d9a810826bc3e6d753c479aa3ed95952a6dd,,,2026-07-18,UNKNOWN,,,metadata_only,unknown,review_required,尚未在配置/数据源.yaml逐来源登记；默认禁止发布。
raw_vault_unregistered,source_file_0a53abc46c578c29,01_原始数据/代码仓库镜像/MatImpute/experiment/dataset/miss_datasets/Bala_classification_dataset/frac-Me1_0.2.csv,frac-Me1_0.2.csv,14547,b37ec30c5e0440f37208d2949a0cd40d78bdd0ff6fd1d032e7e20a8599b07a88,,,2026-07-18,UNKNOWN,,,metadata_only,unknown,review_required,尚未在配置/数据源.yaml逐来源登记；默认禁止发布。
raw_vault_unregistered,source_file_74127240b3e350bb,01_原始数据/代码仓库镜像/MatImpute/experiment/dataset/miss_datasets/Bala_classification_dataset/frac-Me1_0.30000000000000004.csv,frac-Me1_0.30000000000000004.csv,14493,9fe3b4e595fe8589b1b6e18c39f327bf31a24b3b2ea1a329f34adde20cf8525c,,,2026-07-18,UNKNOWN,,,metadata_only,unknown,review_required,尚未在配置/数据源.yaml逐来源登记；默认禁止发布。
raw_vault_unregistered,source_file_e0085a54007bb974,01_原始数据/代码仓库镜像/MatImpute/experiment/dataset/miss_datasets/Bala_classification_dataset/frac-Me1_0.4.csv,frac-Me1_0.4.csv,14402,70957c305b1dbcc0ab007eb45a6fed271fcf969b4b0a0e46d3a21e90af89dcc5,,,2026-07-18,UNKNOWN,,,metadata_only,unknown,review_required,尚未在配置/数据源.yaml逐来源登记；默认禁止发布。
raw_vault_unregistered,source_file_effa4ebad112b850,01_原始数据/代码仓库镜像/MatImpute/experiment/dataset/miss_datasets/Bala_classification_dataset/frac-Me1_0.5.csv,frac-Me1_0.5.csv,14312,d572d660ca1e0fd9cbc562aab4aadb3330ab35bfb31ae73a177948c282532bf9,,,2026-07-18,UNKNOWN,,,metadata_only,unknown,review_required,尚未在配置/数据源.yaml逐来源登记；默认禁止发布。
raw_vault_unregistered,source_file_f10c3e559c2186b7,01_原始数据/代码仓库镜像/MatImpute/experiment/dataset/miss_datasets/Bala_classification_dataset/frac-Me1_0.6000000000000001.csv,frac-Me1_0.6000000000000001.csv,14252,ce42cfc036a296e593480e5ca0b0d80900959af18248f3310130fd2a8b12bc1e,,,2026-07-18,UNKNOWN,,,metadata_only,unknown,review_required,尚未在配置/数据源.yaml逐来源登记；默认禁止发布。
raw_vault_unregistered,source_file_148229293e3b14e8,01_原始数据/代码仓库镜像/MatImpute/experiment/dataset/miss_datasets/Bala_classification_dataset/frac-Me1_0.7000000000000001.csv,frac-Me1_0.7000000000000001.csv,14161,fc8e8c01f5263dc794af3ac967f0e57c3ee819dc15d83b74d22593ecfff5a087,,,2026-07-18,UNKNOWN,,,metadata_only,unknown,review_required,尚未在配置/数据源.yaml逐来源登记；默认禁止发布。
raw_vault_unregistered,source_file_ceae73145fbea602,01_原始数据/代码仓库镜像/MatImpute/experiment/dataset/miss_datasets/Bala_classification_dataset/frac-Me1_0.8.csv,frac-Me1_0.8.csv,14089,673f69ad467eb98d5f0fcea174ee6d11a23ccf4296ac54dd62000385a5bbb230,,,2026-07-18,UNKNOWN,,,metadata_only,unknown,review_required,尚未在配置/数据源.yaml逐来源登记；默认禁止发布。
raw_vault_unregistered,source_file_4c19bb734539de82,01_原始数据/代码仓库镜像/MatImpute/experiment/dataset/miss_datasets/Bala_classification_dataset/frac-Me1_0.9.csv,frac-Me1_0.9.csv,14007,6883cd5edf2e9a037dca30169f7043f492ab485fc72bf95c4cee138a6c3ee272,,,2026-07-18,UNKNOWN,,,metadata_only,unknown,review_required,尚未在配置/数据源.yaml逐来源登记；默认禁止发布。
raw_vault_unregistered,source_file_6020f84633c75fb6,01_原始数据/代码仓库镜像/MatImpute/experiment/dataset/miss_datasets/Bala_classification_dataset/frac-Me2_0.1.csv,frac-Me2_0.1.csv,14599,55c3ada2d1d3012dd04980a8fcb36ada50b07fb96ad60a17007d0f03d300b416,,,2026-07-18,UNKNOWN,,,metadata_only,unknown,review_required,尚未在配置/数据源.yaml逐来源登记；默认禁止发布。
raw_vault_unregistered,source_file_67fb20ce8e4f576b,01_原始数据/代码仓库镜像/MatImpute/experiment/dataset/miss_datasets/Bala_classification_dataset/frac-Me2_0.2.csv,frac-Me2_0.2.csv,14538,ca0647754338dd613f8d73fb052393faa560cb24ecfc5a0f1ada7c37b2645541,,,2026-07-18,UNKNOWN,,,metadata_only,unknown,review_required,尚未在配置/数据源.yaml逐来源登记；默认禁止发布。
raw_vault_unregistered,source_file_6ff00ee413948e8f,01_原始数据/代码仓库镜像/MatImpute/experiment/dataset/miss_datasets/Bala_classification_dataset/frac-Me2_0.30000000000000004.csv,frac-Me2_0.30000000000000004.csv,14440,68bac2584f1894f99dd79606b139add33f6e4c7f515759cd7f8b89f8337d4bfd,,,2026-07-18,UNKNOWN,,,metadata_only,unknown,review_required,尚未在配置/数据源.yaml逐来源登记；默认禁止发布。
raw_vault_unregistered,source_file_32c708cef57facda,01_原始数据/代码仓库镜像/MatImpute/experiment/dataset/miss_datasets/Bala_classification_dataset/frac-Me2_0.4.csv,frac-Me2_0.4.csv,14417,c95347f3faa0f96891ee08e994ca25049c7cee4f09c2ab9634786e9dce064f70,,,2026-07-18,UNKNOWN,,,metadata_only,unknown,review_required,尚未在配置/数据源.yaml逐来源登记；默认禁止发布。
raw_vault_unregistered,source_file_b266d3e1a0b48348,01_原始数据/代码仓库镜像/MatImpute/experiment/dataset/miss_datasets/Bala_classification_dataset/frac-Me2_0.5.csv,frac-Me2_0.5.csv,14325,ee00b342daf577fe5b980ce9c59c04eb9637e8806e9b4c8d1a4ada4971bf45a5,,,2026-07-18,UNKNOWN,,,metadata_only,unknown,review_required,尚未在配置/数据源.yaml逐来源登记；默认禁止发布。
raw_vault_unregistered,source_file_c4a901cb4f6c27e9,01_原始数据/代码仓库镜像/MatImpute/experiment/dataset/miss_datasets/Bala_classification_dataset/frac-Me2_0.6000000000000001.csv,frac-Me2_0.6000000000000001.csv,14236,adac3a0f3bcf4c51a1e5db2112d01a808668e0393169aa98a8026623d7abf6fc,,,2026-07-18,UNKNOWN,,,metadata_only,unknown,review_required,尚未在配置/数据源.yaml逐来源登记；默认禁止发布。
raw_vault_unregistered,source_file_7b5833495a40f59b,01_原始数据/代码仓库镜像/MatImpute/experiment/dataset/miss_datasets/Bala_classification_dataset/frac-Me2_0.7000000000000001.csv,frac-Me2_0.7000000000000001.csv,14152,7126f98a4189c7abd4e40b5b035ceeb6ebbafd152b7b977e5cd7d5744252838c,,,2026-07-18,UNKNOWN,,,metadata_only,unknown,review_required,尚未在配置/数据源.yaml逐来源登记；默认禁止发布。
raw_vault_unregistered,source_file_d0443ccca99737a5,01_原始数据/代码仓库镜像/MatImpute/experiment/dataset/miss_datasets/Bala_classification_dataset/frac-Me2_0.8.csv,frac-Me2_0.8.csv,14104,f2380866cd55e1b0f10d13b2cf9f9db00e53d4bc187801522e8a76ffd5fc11b2,,,2026-07-18,UNKNOWN,,,metadata_only,unknown,review_required,尚未在配置/数据源.yaml逐来源登记；默认禁止发布。
raw_vault_unregistered,source_file_b8c603a9c532acbf,01_原始数据/代码仓库镜像/MatImpute/experiment/dataset/miss_datasets/Bala_classification_dataset/frac-Me2_0.9.csv,frac-Me2_0.9.csv,14014,80774e2907d07e79674fc886b3da54b5b2d9ce1ec0de1c43bf765cf982c1b498,,,2026-07-18,UNKNOWN,,,metadata_only,unknown,review_required,尚未在配置/数据源.yaml逐来源登记；默认禁止发布。
raw_vault_unregistered,source_file_99fa26c807d4e211,01_原始数据/代码仓库镜像/MatImpute/experiment/dataset/miss_datasets/Bala_classification_dataset/frac-Me3_0.1.csv,frac-Me3_0.1.csv,14628,a49d48160cfd309358409ee422778cb188617916a84df6ca77af22e3846f6e19,,,2026-07-18,UNKNOWN,,,metadata_only,unknown,review_required,尚未在配置/数据源.yaml逐来源登记；默认禁止发布。
raw_vault_unregistered,source_file_7548f91c567c8914,01_原始数据/代码仓库镜像/MatImpute/experiment/dataset/miss_datasets/Bala_classification_dataset/frac-Me3_0.2.csv,frac-Me3_0.2.csv,14569,8bad1a38b7a1c5bf30d898834a59dab8af6f3e177ed9640a07881a3d3d73329c,,,2026-07-18,UNKNOWN,,,metadata_only,unknown,review_required,尚未在配置/数据源.yaml逐来源登记；默认禁止发布。
raw_vault_unregistered,source_file_a35aaed3514afa8f,01_原始数据/代码仓库镜像/MatImpute/experiment/dataset/miss_datasets/Bala_classification_dataset/frac-Me3_0.30000000000000004.csv,frac-Me3_0.30000000000000004.csv,14507,e9eb3976564e0f41b03cf6e7af4768cfadbfc1bf8d552767fd77dce39209eeab,,,2026-07-18,UNKNOWN,,,metadata_only,unknown,review_required,尚未在配置/数据源.yaml逐来源登记；默认禁止发布。
raw_vault_unregistered,source_file_a4978f488283c4dc,01_原始数据/代码仓库镜像/MatImpute/experiment/dataset/miss_datasets/Bala_classification_dataset/frac-Me3_0.4.csv,frac-Me3_0.4.csv,14450,2f1f19f41b1e4825e1a69fddf16c342e85de9294a0fc088322c3d17a89c9ecb2,,,2026-07-18,UNKNOWN,,,metadata_only,unknown,review_required,尚未在配置/数据源.yaml逐来源登记；默认禁止发布。
raw_vault_unregistered,source_file_6b4c899c3afc98c5,01_原始数据/代码仓库镜像/MatImpute/experiment/dataset/miss_datasets/Bala_classification_dataset/frac-Me3_0.5.csv,frac-Me3_0.5.csv,14391,0cac5b8764c3a8b3c95ee953f45e3d376771f16ee8f912c14b17f72c0d153c18,,,2026-07-18,UNKNOWN,,,metadata_only,unknown,review_required,尚未在配置/数据源.yaml逐来源登记；默认禁止发布。
raw_vault_unregistered,source_file_38c1088e48ec3203,01_原始数据/代码仓库镜像/MatImpute/experiment/dataset/miss_datasets/Bala_classification_dataset/frac-Me3_0.6000000000000001.csv,frac-Me3_0.6000000000000001.csv,14332,887964dcb0a22f944ea5c9da45f2392ce7fabaf6673a359d9dd024251037b113,,,2026-07-18,UNKNOWN,,,metadata_only,unknown,review_required,尚未在配置/数据源.yaml逐来源登记；默认禁止发布。
raw_vault_unregistered,source_file_dedc9f245bba759b,01_原始数据/代码仓库镜像/MatImpute/experiment/dataset/miss_datasets/Bala_classification_dataset/frac-Me3_0.7000000000000001.csv,frac-Me3_0.7000000000000001.csv,14274,cf1365194805844ee05efb384171d1234da2f3610ef9723114b44a1d2549557d,,,2026-07-18,UNKNOWN,,,metadata_only,unknown,review_required,尚未在配置/数据源.yaml逐来源登记；默认禁止发布。
raw_vault_unregistered,source_file_8c0863906d420caf,01_原始数据/代码仓库镜像/MatImpute/experiment/dataset/miss_datasets/Bala_classification_dataset/frac-Me3_0.8.csv,frac-Me3_0.8.csv,14213,17ccfca7a333129d8da30d198e2ad62fcefcc068d29d83f747d0375e8a3f51ab,,,2026-07-18,UNKNOWN,,,metadata_only,unknown,review_required,尚未在配置/数据源.yaml逐来源登记；默认禁止发布。
raw_vault_unregistered,source_file_9ac066085624f455,01_原始数据/代码仓库镜像/MatImpute/experiment/dataset/miss_datasets/Bala_classification_dataset/frac-Me3_0.9.csv,frac-Me3_0.9.csv,14153,4ee27425c25849f227030c0966d7254411159aa9e881fad3bb87ddf48a34f5d8,,,2026-07-18,UNKNOWN,,,metadata_only,unknown,review_required,尚未在配置/数据源.yaml逐来源登记；默认禁止发布。
raw_vault_unregistered,source_file_6e129038700048c5,01_原始数据/代码仓库镜像/MatImpute/experiment/dataset/miss_datasets/Bala_classification_dataset/Ideal_Bond_Length_Sum_0.1.csv,Ideal_Bond_Length_Sum_0.1.csv,14578,7e1c6b97ed7fd4e5be276a2475d16790fb66de0db86ad30a1a171ea8f8c3ca84,,,2026-07-18,UNKNOWN,,,metadata_only,unknown,review_required,尚未在配置/数据源.yaml逐来源登记；默认禁止发布。
raw_vault_unregistered,source_file_9b8062e0eb33f986,01_原始数据/代码仓库镜像/MatImpute/experiment/dataset/miss_datasets/Bala_classification_dataset/Ideal_Bond_Length_Sum_0.2.csv,Ideal_Bond_Length_Sum_0.2.csv,14463,67c350d78f331b864830412d7221b1e04577b7e23f42286571f095dce0d7e149,,,2026-07-18,UNKNOWN,,,metadata_only,unknown,review_required,尚未在配置/数据源.yaml逐来源登记；默认禁止发布。
raw_vault_unregistered,source_file_26249888ca061a5e,01_原始数据/代码仓库镜像/MatImpute/experiment/dataset/miss_datasets/Bala_classification_dataset/Ideal_Bond_Length_Sum_0.30000000000000004.csv,Ideal_Bond_Length_Sum_0.30000000000000004.csv,14349,07d959940634174dc845feea9e8fd320bf8e527e16747a76eb972c05f5bdf2f8,,,2026-07-18,UNKNOWN,,,metadata_only,unknown,review_required,尚未在配置/数据源.yaml逐来源登记；默认禁止发布。
raw_vault_unregistered,source_file_0a539ed58ea3316f,01_原始数据/代码仓库镜像/MatImpute/experiment/dataset/miss_datasets/Bala_classification_dataset/Ideal_Bond_Length_Sum_0.4.csv,Ideal_Bond_Length_Sum_0.4.csv,14234,0b0c8171d74e8af4e72e704b05c5590331e2c273573dd1be16a02f5b7361e6aa,,,2026-07-18,UNKNOWN,,,metadata_only,unknown,review_required,尚未在配置/数据源.yaml逐来源登记；默认禁止发布。
raw_vault_unregistered,source_file_d421337702cbed3a,01_原始数据/代码仓库镜像/MatImpute/experiment/dataset/miss_datasets/Bala_classification_dataset/Ideal_Bond_Length_Sum_0.5.csv,Ideal_Bond_Length_Sum_0.5.csv,14124,739d4c0fef41177f47719d0f72de1b2c0116a6906753c81adf2663ba442d7099,,,2026-07-18,UNKNOWN,,,metadata_only,unknown,review_required,尚未在配置/数据源.yaml逐来源登记；默认禁止发布。
raw_vault_unregistered,source_file_dee359303061d8cb,01_原始数据/代码仓库镜像/MatImpute/experiment/dataset/miss_datasets/Bala_classification_dataset/Ideal_Bond_Length_Sum_0.6000000000000001.csv,Ideal_Bond_Length_Sum_0.6000000000000001.csv,14010,cca61f95b6bd830146158a775f8805eb8ffee13d456c9aad91664a1732ac3a66,,,2026-07-18,UNKNOWN,,,metadata_only,unknown,review_required,尚未在配置/数据源.yaml逐来源登记；默认禁止发布。
raw_vault_unregistered,source_file_24b1e3f662812eb2,01_原始数据/代码仓库镜像/MatImpute/experiment/dataset/miss_datasets/Bala_classification_dataset/Ideal_Bond_Length_Sum_0.7000000000000001.csv,Ideal_Bond_Length_Sum_0.7000000000000001.csv,13899,4c5e5e2315055373f2f465a4fd2f8397b4f86d56e2b6ecc5c8db2608a343fdcc,,,2026-07-18,UNKNOWN,,,metadata_only,unknown,review_required,尚未在配置/数据源.yaml逐来源登记；默认禁止发布。
raw_vault_unregistered,source_file_4926f51b305f024a,01_原始数据/代码仓库镜像/MatImpute/experiment/dataset/miss_datasets/Bala_classification_dataset/Ideal_Bond_Length_Sum_0.8.csv,Ideal_Bond_Length_Sum_0.8.csv,13782,8f366f8dad238a7f7d5e02d913da6cc8a4797652cdf4932f1d8cdea16b552a9d,,,2026-07-18,UNKNOWN,,,metadata_only,unknown,review_required,尚未在配置/数据源.yaml逐来源登记；默认禁止发布。
raw_vault_unregistered,source_file_109eaa72344d0210,01_原始数据/代码仓库镜像/MatImpute/experiment/dataset/miss_datasets/Bala_classification_dataset/Ideal_Bond_Length_Sum_0.9.csv,Ideal_Bond_Length_Sum_0.9.csv,13675,6de7a85b3f0e96abe314c907997f475059a33675b848281e0f8f2e6a6bae7b2c,,,2026-07-18,UNKNOWN,,,metadata_only,unknown,review_required,尚未在配置/数据源.yaml逐来源登记；默认禁止发布。
raw_vault_unregistered,source_file_4b2c222a4d8659d5,01_原始数据/代码仓库镜像/MatImpute/experiment/dataset/miss_datasets/Bala_classification_dataset/Martynov_Batsanov_Electronegativity_0.1.csv,Martynov_Batsanov_Electronegativity_0.1.csv,14579,cea9b462fa6c6885729000634c2be1330fcafb7efef8974e0b10a5444d0a9050,,,2026-07-18,UNKNOWN,,,metadata_only,unknown,review_required,尚未在配置/数据源.yaml逐来源登记；默认禁止发布。
raw_vault_unregistered,source_file_116a1fe7c08694fb,01_原始数据/代码仓库镜像/MatImpute/experiment/dataset/miss_datasets/Bala_classification_dataset/Martynov_Batsanov_Electronegativity_0.2.csv,Martynov_Batsanov_Electronegativity_0.2.csv,14479,5c4dcc7ab525e93d5a6c3bf5780fc5e84a9a0d44a1937162293b2352fa41bf3f,,,2026-07-18,UNKNOWN,,,metadata_only,unknown,review_required,尚未在配置/数据源.yaml逐来源登记；默认禁止发布。
raw_vault_unregistered,source_file_d893ec4e653a6592,01_原始数据/代码仓库镜像/MatImpute/experiment/dataset/miss_datasets/Bala_classification_dataset/Martynov_Batsanov_Electronegativity_0.30000000000000004.csv,Martynov_Batsanov_Electronegativity_0.30000000000000004.csv,14375,eb007211ac2d40f7c5fe75f66d15a8dae1515b91f059449bd5d9d325abfdbd30,,,2026-07-18,UNKNOWN,,,metadata_only,unknown,review_required,尚未在配置/数据源.yaml逐来源登记；默认禁止发布。
raw_vault_unregistered,source_file_d3dfe064f0ce6252,01_原始数据/代码仓库镜像/MatImpute/experiment/dataset/miss_datasets/Bala_classification_dataset/Martynov_Batsanov_Electronegativity_0.4.csv,Martynov_Batsanov_Electronegativity_0.4.csv,14269,f1278e0b11fed290f4bcedd1c16c874333d4b6cec55ed5c8ce499fb75d093509,,,2026-07-18,UNKNOWN,,,metadata_only,unknown,review_required,尚未在配置/数据源.yaml逐来源登记；默认禁止发布。
raw_vault_unregistered,source_file_53af8878baaf9547,01_原始数据/代码仓库镜像/MatImpute/experiment/dataset/miss_datasets/Bala_classification_dataset/Martynov_Batsanov_Electronegativity_0.5.csv,Martynov_Batsanov_Electronegativity_0.5.csv,14164,1737faae1c1c46e9515dfd3fe9c2ae2e82f781c1a2a80af15c27e002a9189738,,,2026-07-18,UNKNOWN,,,metadata_only,unknown,review_required,尚未在配置/数据源.yaml逐来源登记；默认禁止发布。
raw_vault_unregistered,source_file_e572d1d014ecac80,01_原始数据/代码仓库镜像/MatImpute/experiment/dataset/miss_datasets/Bala_classification_dataset/Martynov_Batsanov_Electronegativity_0.6000000000000001.csv,Martynov_Batsanov_Electronegativity_0.6000000000000001.csv,14065,b31c3c55759af84225cc8ed178f4065e4c0d4a524597540087d38e28a7357b55,,,2026-07-18,UNKNOWN,,,metadata_only,unknown,review_required,尚未在配置/数据源.yaml逐来源登记；默认禁止发布。
raw_vault_unregistered,source_file_689022b7cbe95c5b,01_原始数据/代码仓库镜像/MatImpute/experiment/dataset/miss_datasets/Bala_classification_dataset/Martynov_Batsanov_Electronegativity_0.7000000000000001.csv,Martynov_Batsanov_Electronegativity_0.7000000000000001.csv,13953,356b4c903e3e102d246fe5ed5c153fd949e72e9efa41772c8684f2e3d4bf1c58,,,2026-07-18,UNKNOWN,,,metadata_only,unknown,review_required,尚未在配置/数据源.yaml逐来源登记；默认禁止发布。
raw_vault_unregistered,source_file_0422b8d1ab5ce9a2,01_原始数据/代码仓库镜像/MatImpute/experiment/dataset/miss_datasets/Bala_classification_dataset/Martynov_Batsanov_Electronegativity_0.8.csv,Martynov_Batsanov_Electronegativity_0.8.csv,13840,76f65ad280db95409582db8a0fe6fb3a3be46121916d77d688c898deb040e535,,,2026-07-18,UNKNOWN,,,metadata_only,unknown,review_required,尚未在配置/数据源.yaml逐来源登记；默认禁止发布。
raw_vault_unregistered,source_file_584e66c6e4323336,01_原始数据/代码仓库镜像/MatImpute/experiment/dataset/miss_datasets/Bala_classification_dataset/Martynov_Batsanov_Electronegativity_0.9.csv,Martynov_Batsanov_Electronegativity_0.9.csv,13744,39478abdc4e6144bad11ebb5c54c4ad76a2176c4576355b6bf61376731ac0438,,,2026-07-18,UNKNOWN,,,metadata_only,unknown,review_required,尚未在配置/数据源.yaml逐来源登记；默认禁止发布。
raw_vault_unregistered,source_file_01a6c8c187bd5293,01_原始数据/代码仓库镜像/MatImpute/experiment/dataset/miss_datasets/Bala_classification_dataset/Mendeleev_Number_0.1.csv,Mendeleev_Number_0.1.csv,14575,0b294aa9eb12253eaef029b26354fe1325253554cbf5952878126badb2f6e14c,,,2026-07-18,UNKNOWN,,,metadata_only,unknown,review_required,尚未在配置/数据源.yaml逐来源登记；默认禁止发布。
raw_vault_unregistered,source_file_89465f8509d0bbc8,01_原始数据/代码仓库镜像/MatImpute/experiment/dataset/miss_datasets/Bala_classification_dataset/Mendeleev_Number_0.2.csv,Mendeleev_Number_0.2.csv,14466,1a78258b05b2c3e4ae45f3f7eab3dd564a0651fd9ed6e6f06b64f03581a868c9,,,2026-07-18,UNKNOWN,,,metadata_only,unknown,review_required,尚未在配置/数据源.yaml逐来源登记；默认禁止发布。
raw_vault_unregistered,source_file_d5961254ede75c55,01_原始数据/代码仓库镜像/MatImpute/experiment/dataset/miss_datasets/Bala_classification_dataset/Mendeleev_Number_0.30000000000000004.csv,Mendeleev_Number_0.30000000000000004.csv,14342,198d7a02c566d7445e0f4ef6f05df06d75bbe48316b092426db230a526339c30,,,2026-07-18,UNKNOWN,,,metadata_only,unknown,review_required,尚未在配置/数据源.yaml逐来源登记；默认禁止发布。
raw_vault_unregistered,source_file_8263fac960c4ac76,01_原始数据/代码仓库镜像/MatImpute/experiment/dataset/miss_datasets/Bala_classification_dataset/Mendeleev_Number_0.4.csv,Mendeleev_Number_0.4.csv,14234,43884f055264ec2990fea7d66aad4420f5700dfbab102a45750c29bb934ac3a3,,,2026-07-18,UNKNOWN,,,metadata_only,unknown,review_required,尚未在配置/数据源.yaml逐来源登记；默认禁止发布。
raw_vault_unregistered,source_file_1e77dfd989bf78b7,01_原始数据/代码仓库镜像/MatImpute/experiment/dataset/miss_datasets/Bala_classification_dataset/Mendeleev_Number_0.5.csv,Mendeleev_Number_0.5.csv,14124,c7d64bf594c407ed015bad4a469d6040db0eecb8c5c62cd219e5464970139269,,,2026-07-18,UNKNOWN,,,metadata_only,unknown,review_required,尚未在配置/数据源.yaml逐来源登记；默认禁止发布。
raw_vault_unregistered,source_file_182928482d7742c6,01_原始数据/代码仓库镜像/MatImpute/experiment/dataset/miss_datasets/Bala_classification_dataset/Mendeleev_Number_0.6000000000000001.csv,Mendeleev_Number_0.6000000000000001.csv,14000,36953f08b5ffad17a786fc093e00672e7e22d6d4f9fb56f07a62e41f3f6ced1b,,,2026-07-18,UNKNOWN,,,metadata_only,unknown,review_required,尚未在配置/数据源.yaml逐来源登记；默认禁止发布。
raw_vault_unregistered,source_file_3c1730094777aae1,01_原始数据/代码仓库镜像/MatImpute/experiment/dataset/miss_datasets/Bala_classification_dataset/Mendeleev_Number_0.7000000000000001.csv,Mendeleev_Number_0.7000000000000001.csv,13913,1be097bc841e7fc2642943e9883d3bb137f1a0eb331edf1a5f97c2bf667bcbf2,,,2026-07-18,UNKNOWN,,,metadata_only,unknown,review_required,尚未在配置/数据源.yaml逐来源登记；默认禁止发布。
raw_vault_unregistered,source_file_168f4233a7c6aadc,01_原始数据/代码仓库镜像/MatImpute/experiment/dataset/miss_datasets/Bala_classification_dataset/Mendeleev_Number_0.8.csv,Mendeleev_Number_0.8.csv,13784,0038a3441bf5b445561ced160b60113d54cb9bc21a1911dab61824edfa6bdec6,,,2026-07-18,UNKNOWN,,,metadata_only,unknown,review_required,尚未在配置/数据源.yaml逐来源登记；默认禁止发布。
raw_vault_unregistered,source_file_6c59b631ceab8699,01_原始数据/代码仓库镜像/MatImpute/experiment/dataset/miss_datasets/Bala_classification_dataset/Mendeleev_Number_0.9.csv,Mendeleev_Number_0.9.csv,13672,416418b250171a1e31889382a89ea857ba15f105aeca783599bdc5261b4a50e5,,,2026-07-18,UNKNOWN,,,metadata_only,unknown,review_required,尚未在配置/数据源.yaml逐来源登记；默认禁止发布。
raw_vault_unregistered,source_file_afc67aa215c71a23,01_原始数据/代码仓库镜像/MatImpute/experiment/dataset/miss_datasets/Bala_classification_dataset/PT-content_0.1.csv,PT-content_0.1.csv,14619,90ca05d35091d70ea58866d2338fbffdd70e757f2e1eef48596041023a580a15,,,2026-07-18,UNKNOWN,,,metadata_only,unknown,review_required,尚未在配置/数据源.yaml逐来源登记；默认禁止发布。
raw_vault_unregistered,source_file_d7b5a56f5e195264,01_原始数据/代码仓库镜像/MatImpute/experiment/dataset/miss_datasets/Bala_classification_dataset/PT-content_0.2.csv,PT-content_0.2.csv,14543,d9a39b69f8823a8367ac15359c8ec63318248b16052be19f12eaf2ab225ee343,,,2026-07-18,UNKNOWN,,,metadata_only,unknown,review_required,尚未在配置/数据源.yaml逐来源登记；默认禁止发布。
raw_vault_unregistered,source_file_de5c9c0a5ac1f95d,01_原始数据/代码仓库镜像/MatImpute/experiment/dataset/miss_datasets/Bala_classification_dataset/PT-content_0.30000000000000004.csv,PT-content_0.30000000000000004.csv,14471,9fa5bba496df22f5ca5964fa01282dd9de62a5af399f547cd902843a7b3eccb7,,,2026-07-18,UNKNOWN,,,metadata_only,unknown,review_required,尚未在配置/数据源.yaml逐来源登记；默认禁止发布。
raw_vault_unregistered,source_file_c295a8b4ec17339d,01_原始数据/代码仓库镜像/MatImpute/experiment/dataset/miss_datasets/Bala_classification_dataset/PT-content_0.4.csv,PT-content_0.4.csv,14424,9465cf9a4c4041389179f91ceb6b829578d845e027f897297d7f6cb7ea0769e0,,,2026-07-18,UNKNOWN,,,metadata_only,unknown,review_required,尚未在配置/数据源.yaml逐来源登记；默认禁止发布。
raw_vault_unregistered,source_file_862c28318e0d90f1,01_原始数据/代码仓库镜像/MatImpute/experiment/dataset/miss_datasets/Bala_classification_dataset/PT-content_0.5.csv,PT-content_0.5.csv,14358,c122142dce5b4e23e9bae218cc9856256fb5c39e4d2ab2da4e972f50c3d7596f,,,2026-07-18,UNKNOWN,,,metadata_only,unknown,review_required,尚未在配置/数据源.yaml逐来源登记；默认禁止发布。
raw_vault_unregistered,source_file_20b354cc7442bd0d,01_原始数据/代码仓库镜像/MatImpute/experiment/dataset/miss_datasets/Bala_classification_dataset/PT-content_0.6000000000000001.csv,PT-content_0.6000000000000001.csv,14294,bb5df8da928b2c1b43db5247da8faf69591a33f4d299ff3620ecba0f5b46e043,,,2026-07-18,UNKNOWN,,,metadata_only,unknown,review_required,尚未在配置/数据源.yaml逐来源登记；默认禁止发布。
raw_vault_unregistered,source_file_ba4aebf30a7ce137,01_原始数据/代码仓库镜像/MatImpute/experiment/dataset/miss_datasets/Bala_classification_dataset/PT-content_0.7000000000000001.csv,PT-content_0.7000000000000001.csv,14236,9efcb2a40eafe42b9b246f46c4932f0f0f5950dd699d4937f6bc3d8a1a419011,,,2026-07-18,UNKNOWN,,,metadata_only,unknown,review_required,尚未在配置/数据源.yaml逐来源登记；默认禁止发布。
raw_vault_unregistered,source_file_e4cec41da5bf42ef,01_原始数据/代码仓库镜像/MatImpute/experiment/dataset/miss_datasets/Bala_classification_dataset/PT-content_0.8.csv,PT-content_0.8.csv,14148,3ea427ed6474df7dccba51d475f07ab5054dc669ec00f22196568f99122f506d,,,2026-07-18,UNKNOWN,,,metadata_only,unknown,review_required,尚未在配置/数据源.yaml逐来源登记；默认禁止发布。
raw_vault_unregistered,source_file_09c74d1b3ee8c755,01_原始数据/代码仓库镜像/MatImpute/experiment/dataset/miss_datasets/Bala_classification_dataset/PT-content_0.9.csv,PT-content_0.9.csv,14076,48237fcadcf2126142cc558f83ce050ead5a205d11a698af978dbe480649e65b,,,2026-07-18,UNKNOWN,,,metadata_only,unknown,review_required,尚未在配置/数据源.yaml逐来源登记；默认禁止发布。
raw_vault_unregistered,source_file_ccbee423f5ebbcb2,01_原始数据/代码仓库镜像/MatImpute/experiment/dataset/miss_datasets/Bala_classification_dataset/Tolerance_Factor_0.1.csv,Tolerance_Factor_0.1.csv,14573,86d4d90157775f93d2c4f94293b815a17a423901a35a1fc4928691401d878715,,,2026-07-18,UNKNOWN,,,metadata_only,unknown,review_required,尚未在配置/数据源.yaml逐来源登记；默认禁止发布。
raw_vault_unregistered,source_file_425d6162098bbb28,01_原始数据/代码仓库镜像/MatImpute/experiment/dataset/miss_datasets/Bala_classification_dataset/Tolerance_Factor_0.2.csv,Tolerance_Factor_0.2.csv,14460,1307b9436021d6454169ad220043e41ab7eadeeafd286b4a65c2444d206ff52b,,,2026-07-18,UNKNOWN,,,metadata_only,unknown,review_required,尚未在配置/数据源.yaml逐来源登记；默认禁止发布。
raw_vault_unregistered,source_file_5f1dc6ecad6a79eb,01_原始数据/代码仓库镜像/MatImpute/experiment/dataset/miss_datasets/Bala_classification_dataset/Tolerance_Factor_0.30000000000000004.csv,Tolerance_Factor_0.30000000000000004.csv,14343,0e34887d51cd125769bab038d72cf7ff438d58c6baf3c6e71733a4d890167348,,,2026-07-18,UNKNOWN,,,metadata_only,unknown,review_required,尚未在配置/数据源.yaml逐来源登记；默认禁止发布。
raw_vault_unregistered,source_file_b91f7bd5532d4f65,01_原始数据/代码仓库镜像/MatImpute/experiment/dataset/miss_datasets/Bala_classification_dataset/Tolerance_Factor_0.4.csv,Tolerance_Factor_0.4.csv,14235,15988b9b5ce20ccea197cb08781a2910514ea0ab429fad890b7f36856face891,,,2026-07-18,UNKNOWN,,,metadata_only,unknown,review_required,尚未在配置/数据源.yaml逐来源登记；默认禁止发布。
raw_vault_unregistered,source_file_5fa60d5dc1cceec4,01_原始数据/代码仓库镜像/MatImpute/experiment/dataset/miss_datasets/Bala_classification_dataset/Tolerance_Factor_0.5.csv,Tolerance_Factor_0.5.csv,14117,588f6a92eb49c2f908387ee111c0c4ff22ea69628237c13a6489b95e4494f628,,,2026-07-18,UNKNOWN,,,metadata_only,unknown,review_required,尚未在配置/数据源.yaml逐来源登记；默认禁止发布。
raw_vault_unregistered,source_file_e1715df1bb3db4e5,01_原始数据/代码仓库镜像/MatImpute/experiment/dataset/miss_datasets/Bala_classification_dataset/Tolerance_Factor_0.6000000000000001.csv,Tolerance_Factor_0.6000000000000001.csv,14002,21b1d927a32ca350489aab8b90e71f0b9ca18b29d2dd2e0f0fba4ce61866327e,,,2026-07-18,UNKNOWN,,,metadata_only,unknown,review_required,尚未在配置/数据源.yaml逐来源登记；默认禁止发布。
raw_vault_unregistered,source_file_a7c789f3a617ae84,01_原始数据/代码仓库镜像/MatImpute/experiment/dataset/miss_datasets/Bala_classification_dataset/Tolerance_Factor_0.7000000000000001.csv,Tolerance_Factor_0.7000000000000001.csv,13890,4f7cfaf772e2bc2a5d07ce14959537daa48f249314676d1d90942a19758e92c7,,,2026-07-18,UNKNOWN,,,metadata_only,unknown,review_required,尚未在配置/数据源.yaml逐来源登记；默认禁止发布。
raw_vault_unregistered,source_file_8aa924e800270d56,01_原始数据/代码仓库镜像/MatImpute/experiment/dataset/miss_datasets/Bala_classification_dataset/Tolerance_Factor_0.8.csv,Tolerance_Factor_0.8.csv,13775,b66ea6993d7921ae2b68fa064bbbba27f7786ab3cb0c77939568c6d4c813193a,,,2026-07-18,UNKNOWN,,,metadata_only,unknown,review_required,尚未在配置/数据源.yaml逐来源登记；默认禁止发布。
raw_vault_unregistered,source_file_487be6028084206e,01_原始数据/代码仓库镜像/MatImpute/experiment/dataset/miss_datasets/Bala_classification_dataset/Tolerance_Factor_0.9.csv,Tolerance_Factor_0.9.csv,13660,f0d876e23cea5706f94a7f15c55a525962209c6b7e9b7c6a5b66e4ff95b5a0b6,,,2026-07-18,UNKNOWN,,,metadata_only,unknown,review_required,尚未在配置/数据源.yaml逐来源登记；默认禁止发布。
raw_vault_unregistered,source_file_c8fdce6481773389,01_原始数据/代码仓库镜像/MatImpute/experiment/dataset/miss_datasets/Bala_classification_dataset/Valence_Electron_Number_0.1.csv,Valence_Electron_Number_0.1.csv,14626,9a34ef34b494233cdc9188d65ad1494ef7e232c0d8db0dc7fba82489c6ef7826,,,2026-07-18,UNKNOWN,,,metadata_only,unknown,review_required,尚未在配置/数据源.yaml逐来源登记；默认禁止发布。
raw_vault_unregistered,source_file_a5b98247d96219f1,01_原始数据/代码仓库镜像/MatImpute/experiment/dataset/miss_datasets/Bala_classification_dataset/Valence_Electron_Number_0.2.csv,Valence_Electron_Number_0.2.csv,14537,b915b09c6920495563f0031bb5087bc2aadcb6ddc66462717c134045ce1383f3,,,2026-07-18,UNKNOWN,,,metadata_only,unknown,review_required,尚未在配置/数据源.yaml逐来源登记；默认禁止发布。
raw_vault_unregistered,source_file_902c54e6565d727c,01_原始数据/代码仓库镜像/MatImpute/experiment/dataset/miss_datasets/Bala_classification_dataset/Valence_Electron_Number_0.30000000000000004.csv,Valence_Electron_Number_0.30000000000000004.csv,14456,c4e6858ce9b339e9df353a54fbca5bf7020963a280e3ea961cd06c41cf80457c,,,2026-07-18,UNKNOWN,,,metadata_only,unknown,review_required,尚未在配置/数据源.yaml逐来源登记；默认禁止发布。
raw_vault_unregistered,source_file_51aa88182132fcc4,01_原始数据/代码仓库镜像/MatImpute/experiment/dataset/miss_datasets/Bala_classification_dataset/Valence_Electron_Number_0.4.csv,Valence_Electron_Number_0.4.csv,14402,0cf33a3b52189c30112b96e2fd685fc551b3c42e8593f8f5c17d034398893552,,,2026-07-18,UNKNOWN,,,metadata_only,unknown,review_required,尚未在配置/数据源.yaml逐来源登记；默认禁止发布。
raw_vault_unregistered,source_file_71bfc9eed63cfa81,01_原始数据/代码仓库镜像/MatImpute/experiment/dataset/miss_datasets/Bala_classification_dataset/Valence_Electron_Number_0.5.csv,Valence_Electron_Number_0.5.csv,14330,b4ef265d6dd1ba1edee4b21804fcdce489c15a893dcdd89eaab5b3ee41a78c30,,,2026-07-18,UNKNOWN,,,metadata_only,unknown,review_required,尚未在配置/数据源.yaml逐来源登记；默认禁止发布。
raw_vault_unregistered,source_file_14e16b4ce39ff344,01_原始数据/代码仓库镜像/MatImpute/experiment/dataset/miss_datasets/Bala_classification_dataset/Valence_Electron_Number_0.6000000000000001.csv,Valence_Electron_Number_0.6000000000000001.csv,14268,e7d8b386d8b7b15482a360b77b20a58043a493635efca6f2e3a4bd7c20f83ab9,,,2026-07-18,UNKNOWN,,,metadata_only,unknown,review_required,尚未在配置/数据源.yaml逐来源登记；默认禁止发布。
raw_vault_unregistered,source_file_593f3de01d7a61ab,01_原始数据/代码仓库镜像/MatImpute/experiment/dataset/miss_datasets/Bala_classification_dataset/Valence_Electron_Number_0.7000000000000001.csv,Valence_Electron_Number_0.7000000000000001.csv,14175,3578c084f2e4871a66cf0d101574cb55e53b49fc0ba1da16fd040bd5c0bd55cb,,,2026-07-18,UNKNOWN,,,metadata_only,unknown,review_required,尚未在配置/数据源.yaml逐来源登记；默认禁止发布。
raw_vault_unregistered,source_file_0bda5293e12cb9a5,01_原始数据/代码仓库镜像/MatImpute/experiment/dataset/miss_datasets/Bala_classification_dataset/Valence_Electron_Number_0.8.csv,Valence_Electron_Number_0.8.csv,14100,70fdd9ec4b369e2debd167df13fafab6694908fa1d861e7cf683cc315ea4b003,,,2026-07-18,UNKNOWN,,,metadata_only,unknown,review_required,尚未在配置/数据源.yaml逐来源登记；默认禁止发布。
raw_vault_unregistered,source_file_248cbcea68480016,01_原始数据/代码仓库镜像/MatImpute/experiment/dataset/miss_datasets/Bala_classification_dataset/Valence_Electron_Number_0.9.csv,Valence_Electron_Number_0.9.csv,14050,ea4dab2c80df89522d2b56c47ae9cef9a062be9ef6cae15247543b388c89c3df,,,2026-07-18,UNKNOWN,,,metadata_only,unknown,review_required,尚未在配置/数据源.yaml逐来源登记；默认禁止发布。
raw_vault_unregistered,source_file_b68147b54d498e17,01_原始数据/代码仓库镜像/MatImpute/experiment/dataset/miss_datasets/Bala_classification_dataset/x(BiMe1Me2)O3_0.1.csv,x(BiMe1Me2)O3_0.1.csv,14620,5304f7bc6512e64bf16e7bc3fd6e71a21300dcf22afc4ed35187d69c5d39c0df,,,2026-07-18,UNKNOWN,,,metadata_only,unknown,review_required,尚未在配置/数据源.yaml逐来源登记；默认禁止发布。
raw_vault_unregistered,source_file_795cae1f9d007bd6,01_原始数据/代码仓库镜像/MatImpute/experiment/dataset/miss_datasets/Bala_classification_dataset/x(BiMe1Me2)O3_0.2.csv,x(BiMe1Me2)O3_0.2.csv,14559,c950448a1f487174d2fc1e8f9727f080a2106699be8457ac9f555710e99a99d7,,,2026-07-18,UNKNOWN,,,metadata_only,unknown,review_required,尚未在配置/数据源.yaml逐来源登记；默认禁止发布。
raw_vault_unregistered,source_file_bcba76233630ea9d,01_原始数据/代码仓库镜像/MatImpute/experiment/dataset/miss_datasets/Bala_classification_dataset/x(BiMe1Me2)O3_0.30000000000000004.csv,x(BiMe1Me2)O3_0.30000000000000004.csv,14491,139e2a229d68796f379cc807e96dfe70df4617df47fd8d27dcf87027b3a3f180,,,2026-07-18,UNKNOWN,,,metadata_only,unknown,review_required,尚未在配置/数据源.yaml逐来源登记；默认禁止发布。
raw_vault_unregistered,source_file_4089b49682144c68,01_原始数据/代码仓库镜像/MatImpute/experiment/dataset/miss_datasets/Bala_classification_dataset/x(BiMe1Me2)O3_0.4.csv,x(BiMe1Me2)O3_0.4.csv,14430,65c3fd70ec828bf2d3f786ad61858851abf7d78039a70617a73b0c95e6674110,,,2026-07-18,UNKNOWN,,,metadata_only,unknown,review_required,尚未在配置/数据源.yaml逐来源登记；默认禁止发布。
raw_vault_unregistered,source_file_d1e29339f2b91d2e,01_原始数据/代码仓库镜像/MatImpute/experiment/dataset/miss_datasets/Bala_classification_dataset/x(BiMe1Me2)O3_0.5.csv,x(BiMe1Me2)O3_0.5.csv,14352,35fa92cc01c0de8e7bdadf3f391785ff4aaf804598593d077d2d2e32adab7df8,,,2026-07-18,UNKNOWN,,,metadata_only,unknown,review_required,尚未在配置/数据源.yaml逐来源登记；默认禁止发布。
raw_vault_unregistered,source_file_afadab170ffc3bd4,01_原始数据/代码仓库镜像/MatImpute/experiment/dataset/miss_datasets/Bala_classification_dataset/x(BiMe1Me2)O3_0.6000000000000001.csv,x(BiMe1Me2)O3_0.6000000000000001.csv,14291,67062842ffe6bbb7797154ec4123c12ac00f32091795d9f642822100a250aca2,,,2026-07-18,UNKNOWN,,,metadata_only,unknown,review_required,尚未在配置/数据源.yaml逐来源登记；默认禁止发布。
raw_vault_unregistered,source_file_dc0b161f051519e3,01_原始数据/代码仓库镜像/MatImpute/experiment/dataset/miss_datasets/Bala_classification_dataset/x(BiMe1Me2)O3_0.7000000000000001.csv,x(BiMe1Me2)O3_0.7000000000000001.csv,14236,ba75f6f4f585904558239ca2edaa6ba30db7f042414b28e86094a0a19681d4f5,,,2026-07-18,UNKNOWN,,,metadata_only,unknown,review_required,尚未在配置/数据源.yaml逐来源登记；默认禁止发布。
raw_vault_unregistered,source_file_7e99f7ee918e7020,01_原始数据/代码仓库镜像/MatImpute/experiment/dataset/miss_datasets/Bala_classification_dataset/x(BiMe1Me2)O3_0.8.csv,x(BiMe1Me2)O3_0.8.csv,14157,be74d8065437728e9620864608b7fb721bcb91cc06dd5e819e58a14db721f9d9,,,2026-07-18,UNKNOWN,,,metadata_only,unknown,review_required,尚未在配置/数据源.yaml逐来源登记；默认禁止发布。
raw_vault_unregistered,source_file_f875e5956a0265e6,01_原始数据/代码仓库镜像/MatImpute/experiment/dataset/miss_datasets/Bala_classification_dataset/x(BiMe1Me2)O3_0.9.csv,x(BiMe1Me2)O3_0.9.csv,14094,37a80dce47b1f7a804eb2c54f9c6ad63c98f4d21857c577ad9efb0ce09731183,,,2026-07-18,UNKNOWN,,,metadata_only,unknown,review_required,尚未在配置/数据源.yaml逐来源登记；默认禁止发布。
raw_vault_unregistered,source_file_3393511fa797bf9e,01_原始数据/代码仓库镜像/MatImpute/experiment/dataset/miss_datasets/Bala_regression_dataset/Ferroelectric_Tc_in_Kelvin_0.1.csv,Ferroelectric_Tc_in_Kelvin_0.1.csv,5663,1a808cf0547d505d5a239ba106a6072fdf9917c1312f3ad0551dbfb77d87d9d5,,,2026-07-18,UNKNOWN,,,metadata_only,unknown,review_required,尚未在配置/数据源.yaml逐来源登记；默认禁止发布。
raw_vault_unregistered,source_file_72d3c191192d3d0d,01_原始数据/代码仓库镜像/MatImpute/experiment/dataset/miss_datasets/Bala_regression_dataset/Ferroelectric_Tc_in_Kelvin_0.2.csv,Ferroelectric_Tc_in_Kelvin_0.2.csv,5597,1ae2f87e819105acb7e9fd606680b17fa4bbb16707adc37af35c1b1a2f92ae4d,,,2026-07-18,UNKNOWN,,,metadata_only,unknown,review_required,尚未在配置/数据源.yaml逐来源登记；默认禁止发布。
raw_vault_unregistered,source_file_58f5b6a2ae2c6690,01_原始数据/代码仓库镜像/MatImpute/experiment/dataset/miss_datasets/Bala_regression_dataset/Ferroelectric_Tc_in_Kelvin_0.30000000000000004.csv,Ferroelectric_Tc_in_Kelvin_0.30000000000000004.csv,5526,cc115c00d0534ba0df8b6dbc231b56e12571afee7d6ba3a59ddc683fe2e7c8d8,,,2026-07-18,UNKNOWN,,,metadata_only,unknown,review_required,尚未在配置/数据源.yaml逐来源登记；默认禁止发布。
raw_vault_unregistered,source_file_030b762b7ef2af01,01_原始数据/代码仓库镜像/MatImpute/experiment/dataset/miss_datasets/Bala_regression_dataset/Ferroelectric_Tc_in_Kelvin_0.4.csv,Ferroelectric_Tc_in_Kelvin_0.4.csv,5461,460ebef21b7c000fdc7bd4bd8fbff7305e2c66933e13676878fdb18ed37ec9db,,,2026-07-18,UNKNOWN,,,metadata_only,unknown,review_required,尚未在配置/数据源.yaml逐来源登记；默认禁止发布。
raw_vault_unregistered,source_file_951e690d499ce04f,01_原始数据/代码仓库镜像/MatImpute/experiment/dataset/miss_datasets/Bala_regression_dataset/Ferroelectric_Tc_in_Kelvin_0.5.csv,Ferroelectric_Tc_in_Kelvin_0.5.csv,5397,80dffd1ffb22d4bf26db50d62b6bd7c675feb97caa149639e8ce78d3d3ed3698,,,2026-07-18,UNKNOWN,,,metadata_only,unknown,review_required,尚未在配置/数据源.yaml逐来源登记；默认禁止发布。
raw_vault_unregistered,source_file_d1bb93b03619cda9,01_原始数据/代码仓库镜像/MatImpute/experiment/dataset/miss_datasets/Bala_regression_dataset/Ferroelectric_Tc_in_Kelvin_0.6000000000000001.csv,Ferroelectric_Tc_in_Kelvin_0.6000000000000001.csv,5333,180f67197b84e74f3b169028cd8f5b7c87bf0e3d0792c889133a8499426453ed,,,2026-07-18,UNKNOWN,,,metadata_only,unknown,review_required,尚未在配置/数据源.yaml逐来源登记；默认禁止发布。
raw_vault_unregistered,source_file_a50b59b3d30a582f,01_原始数据/代码仓库镜像/MatImpute/experiment/dataset/miss_datasets/Bala_regression_dataset/Ferroelectric_Tc_in_Kelvin_0.7000000000000001.csv,Ferroelectric_Tc_in_Kelvin_0.7000000000000001.csv,5266,eb0579fa0a0d3c7b52df9ec31b7f648b45c45685095c8d25b2706fa25a712fe2,,,2026-07-18,UNKNOWN,,,metadata_only,unknown,review_required,尚未在配置/数据源.yaml逐来源登记；默认禁止发布。
raw_vault_unregistered,source_file_1cd3a92c8362094d,01_原始数据/代码仓库镜像/MatImpute/experiment/dataset/miss_datasets/Bala_regression_dataset/Ferroelectric_Tc_in_Kelvin_0.8.csv,Ferroelectric_Tc_in_Kelvin_0.8.csv,5195,46fbb523881d1e7db8d59c840ba21bd80d51a0956fc6fe8fd232ef25a0ba8ab5,,,2026-07-18,UNKNOWN,,,metadata_only,unknown,review_required,尚未在配置/数据源.yaml逐来源登记；默认禁止发布。
raw_vault_unregistered,source_file_08dbf0f88155a917,01_原始数据/代码仓库镜像/MatImpute/experiment/dataset/miss_datasets/Bala_regression_dataset/Ferroelectric_Tc_in_Kelvin_0.9.csv,Ferroelectric_Tc_in_Kelvin_0.9.csv,5130,d9ce5e1eea90512f1426bc4433725b3ebfe5f99cc37ba2faf991722b17944cf8,,,2026-07-18,UNKNOWN,,,metadata_only,unknown,review_required,尚未在配置/数据源.yaml逐来源登记；默认禁止发布。
raw_vault_unregistered,source_file_8a5cc3794ccc14d6,01_原始数据/代码仓库镜像/MatImpute/experiment/dataset/miss_datasets/Bala_regression_dataset/Ionic_Displacements_0.1.csv,Ionic_Displacements_0.1.csv,5390,fb5142653d489f0fc59277b085b55b839296f92d4a9bff013bb15b161e73b71b,,,2026-07-18,UNKNOWN,,,metadata_only,unknown,review_required,尚未在配置/数据源.yaml逐来源登记；默认禁止发布。
raw_vault_unregistered,source_file_0017ed3c041d0133,01_原始数据/代码仓库镜像/MatImpute/experiment/dataset/miss_datasets/Bala_regression_dataset/Ionic_Displacements_0.2.csv,Ionic_Displacements_0.2.csv,5311,5b15c5cae34282f45382577ac921cd44df1a8e2b2ef110873ec36304fa0322bb,,,2026-07-18,UNKNOWN,,,metadata_only,unknown,review_required,尚未在配置/数据源.yaml逐来源登记；默认禁止发布。
raw_vault_unregistered,source_file_aaa4cbfb31baa4df,01_原始数据/代码仓库镜像/MatImpute/experiment/dataset/miss_datasets/Bala_regression_dataset/Ionic_Displacements_0.30000000000000004.csv,Ionic_Displacements_0.30000000000000004.csv,5230,08d423d7d7575cd1df0e48cbccdcf0ac09053306174c84e0703878b5dcc344f7,,,2026-07-18,UNKNOWN,,,metadata_only,unknown,review_required,尚未在配置/数据源.yaml逐来源登记；默认禁止发布。
raw_vault_unregistered,source_file_09681a4f4a36b026,01_原始数据/代码仓库镜像/MatImpute/experiment/dataset/miss_datasets/Bala_regression_dataset/Ionic_Displacements_0.4.csv,Ionic_Displacements_0.4.csv,5154,58869c9d8d662deaf351313dbf51dfd2eec868306b9e18514228b4bf34c5b4fa,,,2026-07-18,UNKNOWN,,,metadata_only,unknown,review_required,尚未在配置/数据源.yaml逐来源登记；默认禁止发布。
raw_vault_unregistered,source_file_be0ae599c0ad0066,01_原始数据/代码仓库镜像/MatImpute/experiment/dataset/miss_datasets/Bala_regression_dataset/Ionic_Displacements_0.5.csv,Ionic_Displacements_0.5.csv,5073,2b9d403ae8a4b43398e30b3f4348d242cebd8d8b260c74bbf5857975cd9b868f,,,2026-07-18,UNKNOWN,,,metadata_only,unknown,review_required,尚未在配置/数据源.yaml逐来源登记；默认禁止发布。
raw_vault_unregistered,source_file_f3076a25d74887ef,01_原始数据/代码仓库镜像/MatImpute/experiment/dataset/miss_datasets/Bala_regression_dataset/Ionic_Displacements_0.6000000000000001.csv,Ionic_Displacements_0.6000000000000001.csv,5002,e6871f9352e4116469de39ddbbe1b264071b4f595de2635688567443c4058824,,,2026-07-18,UNKNOWN,,,metadata_only,unknown,review_required,尚未在配置/数据源.yaml逐来源登记；默认禁止发布。
raw_vault_unregistered,source_file_4e72f72821d3be25,01_原始数据/代码仓库镜像/MatImpute/experiment/dataset/miss_datasets/Bala_regression_dataset/Ionic_Displacements_0.7000000000000001.csv,Ionic_Displacements_0.7000000000000001.csv,4923,defc0fcb7050034dc373387dfc511ec0f07ea8357b605951121404327d945f8b,,,2026-07-18,UNKNOWN,,,metadata_only,unknown,review_required,尚未在配置/数据源.yaml逐来源登记；默认禁止发布。
raw_vault_unregistered,source_file_b38c37b4146d669b,01_原始数据/代码仓库镜像/MatImpute/experiment/dataset/miss_datasets/Bala_regression_dataset/Ionic_Displacements_0.8.csv,Ionic_Displacements_0.8.csv,4838,3c444cef019c0cb28e8c6474d8e884c1b25dd146112e7e50eaff639caaf45d40,,,2026-07-18,UNKNOWN,,,metadata_only,unknown,review_required,尚未在配置/数据源.yaml逐来源登记；默认禁止发布。
raw_vault_unregistered,source_file_9cdaa8b1e4d07019,01_原始数据/代码仓库镜像/MatImpute/experiment/dataset/miss_datasets/Bala_regression_dataset/Ionic_Displacements_0.9.csv,Ionic_Displacements_0.9.csv,4762,b8d6e75623e7f6a683099720ce2333b77736715b70a1d924ac5b5023d1d86def,,,2026-07-18,UNKNOWN,,,metadata_only,unknown,review_required,尚未在配置/数据源.yaml逐来源登记；默认禁止发布。
raw_vault_unregistered,source_file_5502f0ae779c8b3b,01_原始数据/代码仓库镜像/MatImpute/experiment/dataset/miss_datasets/Bala_regression_dataset/Tolerance_Factor_0.1.csv,Tolerance_Factor_0.1.csv,5388,564a15df17a6f568e9bda2d7c9d9fcbe719a4fb80cd57c3a9a8ac292f7cee9dc,,,2026-07-18,UNKNOWN,,,metadata_only,unknown,review_required,尚未在配置/数据源.yaml逐来源登记；默认禁止发布。
raw_vault_unregistered,source_file_32a570e747dac35c,01_原始数据/代码仓库镜像/MatImpute/experiment/dataset/miss_datasets/Bala_regression_dataset/Tolerance_Factor_0.2.csv,Tolerance_Factor_0.2.csv,5310,e1679de6b1c28593996aa4ba2575ad7ca4d1ab02604d79a94b532b9d7fb302fe,,,2026-07-18,UNKNOWN,,,metadata_only,unknown,review_required,尚未在配置/数据源.yaml逐来源登记；默认禁止发布。
raw_vault_unregistered,source_file_344872872ed4ad79,01_原始数据/代码仓库镜像/MatImpute/experiment/dataset/miss_datasets/Bala_regression_dataset/Tolerance_Factor_0.30000000000000004.csv,Tolerance_Factor_0.30000000000000004.csv,5233,44031d357ac79553597428cf6d3b96540d646d4af15f9afe6cb3e183cd515b56,,,2026-07-18,UNKNOWN,,,metadata_only,unknown,review_required,尚未在配置/数据源.yaml逐来源登记；默认禁止发布。
raw_vault_unregistered,source_file_1c2d2a9a85f68a42,01_原始数据/代码仓库镜像/MatImpute/experiment/dataset/miss_datasets/Bala_regression_dataset/Tolerance_Factor_0.4.csv,Tolerance_Factor_0.4.csv,5151,1832d0d3d398b050cdd64c39a4109179a06b5a28a4ed51fb8c04e10ff7e6a8fb,,,2026-07-18,UNKNOWN,,,metadata_only,unknown,review_required,尚未在配置/数据源.yaml逐来源登记；默认禁止发布。
raw_vault_unregistered,source_file_91854f2a99457f9e,01_原始数据/代码仓库镜像/MatImpute/experiment/dataset/miss_datasets/Bala_regression_dataset/Tolerance_Factor_0.5.csv,Tolerance_Factor_0.5.csv,5079,e8fcfd6b9ccaae4404760e7bd409d03276f0ad813eb8f193d3c55e7456f1312b,,,2026-07-18,UNKNOWN,,,metadata_only,unknown,review_required,尚未在配置/数据源.yaml逐来源登记；默认禁止发布。
raw_vault_unregistered,source_file_0847ba5bd79f6d5d,01_原始数据/代码仓库镜像/MatImpute/experiment/dataset/miss_datasets/Bala_regression_dataset/Tolerance_Factor_0.6000000000000001.csv,Tolerance_Factor_0.6000000000000001.csv,5002,9221a3ec9d8ac4292f649f8e071c16981ab59496f98f6541bacdeb3eb7891639,,,2026-07-18,UNKNOWN,,,metadata_only,unknown,review_required,尚未在配置/数据源.yaml逐来源登记；默认禁止发布。
raw_vault_unregistered,source_file_a030538e5ae79fc4,01_原始数据/代码仓库镜像/MatImpute/experiment/dataset/miss_datasets/Bala_regression_dataset/Tolerance_Factor_0.7000000000000001.csv,Tolerance_Factor_0.7000000000000001.csv,4923,d286abdd9fa4d93b8a242d617329993652b010876c64d51fd88f0225ca83e01d,,,2026-07-18,UNKNOWN,,,metadata_only,unknown,review_required,尚未在配置/数据源.yaml逐来源登记；默认禁止发布。
raw_vault_unregistered,source_file_de5e67018c9f5e2a,01_原始数据/代码仓库镜像/MatImpute/experiment/dataset/miss_datasets/Bala_regression_dataset/Tolerance_Factor_0.8.csv,Tolerance_Factor_0.8.csv,4843,df587be40679aab2a958e5e0b1e6bb0ab0754c59922727f46e97c13c1dd313bc,,,2026-07-18,UNKNOWN,,,metadata_only,unknown,review_required,尚未在配置/数据源.yaml逐来源登记；默认禁止发布。
raw_vault_unregistered,source_file_ddf922d1c0c2481f,01_原始数据/代码仓库镜像/MatImpute/experiment/dataset/miss_datasets/Bala_regression_dataset/Tolerance_Factor_0.9.csv,Tolerance_Factor_0.9.csv,4766,044de5714e9373ef71174789a57aeb5176b4a1720d7e72189fc2e507c4bd528f,,,2026-07-18,UNKNOWN,,,metadata_only,unknown,review_required,尚未在配置/数据源.yaml逐来源登记；默认禁止发布。
raw_vault_unregistered,source_file_bf1ac799abdc2b8a,01_原始数据/代码仓库镜像/MatImpute/experiment/dataset/miss_datasets/Bala_regression_dataset/xBi(Me1Me2)O3_0.1.csv,xBi(Me1Me2)O3_0.1.csv,5418,e15443ea7a31ed6f090521daf514039ad98f6a2cfd28bf094b5a061a2ade4b80,,,2026-07-18,UNKNOWN,,,metadata_only,unknown,review_required,尚未在配置/数据源.yaml逐来源登记；默认禁止发布。
raw_vault_unregistered,source_file_4e494e95164b8079,01_原始数据/代码仓库镜像/MatImpute/experiment/dataset/miss_datasets/Bala_regression_dataset/xBi(Me1Me2)O3_0.2.csv,xBi(Me1Me2)O3_0.2.csv,5372,40a3b6d1bf6545f9346e3694e845533cbab162e1a25bae83fcec281f89d090ad,,,2026-07-18,UNKNOWN,,,metadata_only,unknown,review_required,尚未在配置/数据源.yaml逐来源登记；默认禁止发布。
raw_vault_unregistered,source_file_f5159cd8f0164a57,01_原始数据/代码仓库镜像/MatImpute/experiment/dataset/miss_datasets/Bala_regression_dataset/xBi(Me1Me2)O3_0.30000000000000004.csv,xBi(Me1Me2)O3_0.30000000000000004.csv,5321,89933d2f7ad14a0bc3341b2c840424c2d213a52a5d8b7b10b1c8818895a9ae73,,,2026-07-18,UNKNOWN,,,metadata_only,unknown,review_required,尚未在配置/数据源.yaml逐来源登记；默认禁止发布。
raw_vault_unregistered,source_file_ed421160bf2c89d7,01_原始数据/代码仓库镜像/MatImpute/experiment/dataset/miss_datasets/Bala_regression_dataset/xBi(Me1Me2)O3_0.4.csv,xBi(Me1Me2)O3_0.4.csv,5276,80367a1725c6f5ee9d3f830e3d07f0a4acb214c2f2afddb2672793b5788315bd,,,2026-07-18,UNKNOWN,,,metadata_only,unknown,review_required,尚未在配置/数据源.yaml逐来源登记；默认禁止发布。
raw_vault_unregistered,source_file_cc88a4cae86599b5,01_原始数据/代码仓库镜像/MatImpute/experiment/dataset/miss_datasets/Bala_regression_dataset/xBi(Me1Me2)O3_0.5.csv,xBi(Me1Me2)O3_0.5.csv,5230,4d4eb8254bc602e34898dfd0c501e75c0427773aefc87388a0823d98870f84cf,,,2026-07-18,UNKNOWN,,,metadata_only,unknown,review_required,尚未在配置/数据源.yaml逐来源登记；默认禁止发布。
raw_vault_unregistered,source_file_76a236ce107f3de7,01_原始数据/代码仓库镜像/MatImpute/experiment/dataset/miss_datasets/Bala_regression_dataset/xBi(Me1Me2)O3_0.6000000000000001.csv,xBi(Me1Me2)O3_0.6000000000000001.csv,5186,9b807d3f548a90fdd5b7dfe3068b848940ceaf22de4af848df0a9a084d257a01,,,2026-07-18,UNKNOWN,,,metadata_only,unknown,review_required,尚未在配置/数据源.yaml逐来源登记；默认禁止发布。
raw_vault_unregistered,source_file_049b919549422b50,01_原始数据/代码仓库镜像/MatImpute/experiment/dataset/miss_datasets/Bala_regression_dataset/xBi(Me1Me2)O3_0.7000000000000001.csv,xBi(Me1Me2)O3_0.7000000000000001.csv,5138,fb0c68747a98e74858aff9e684e69d697c12e5923ebf990feb06570c06fd0321,,,2026-07-18,UNKNOWN,,,metadata_only,unknown,review_required,尚未在配置/数据源.yaml逐来源登记；默认禁止发布。
raw_vault_unregistered,source_file_b51662083a927610,01_原始数据/代码仓库镜像/MatImpute/experiment/dataset/miss_datasets/Bala_regression_dataset/xBi(Me1Me2)O3_0.8.csv,xBi(Me1Me2)O3_0.8.csv,5092,44e0bb56f16f16ca30e97026b64473ca201dd922acfc7df388339f0522111978,,,2026-07-18,UNKNOWN,,,metadata_only,unknown,review_required,尚未在配置/数据源.yaml逐来源登记；默认禁止发布。
raw_vault_unregistered,source_file_dcfcb3ee3e0e4b4f,01_原始数据/代码仓库镜像/MatImpute/experiment/dataset/miss_datasets/Bala_regression_dataset/xBi(Me1Me2)O3_0.9.csv,xBi(Me1Me2)O3_0.9.csv,5045,e5894225a436ae8b77eb766d524af2b844a91904288d289d6145eb1f4d7aad74,,,2026-07-18,UNKNOWN,,,metadata_only,unknown,review_required,尚未在配置/数据源.yaml逐来源登记；默认禁止发布。
raw_vault_unregistered,source_file_c275b34c797e86bd,01_原始数据/代码仓库镜像/MatImpute/experiment/dataset/miss_datasets/Bala_regression_dataset/xPT_0.1.csv,xPT_0.1.csv,5420,0b672126a0b5d070bd05e240d1b4323a7b348f14cac32ad4b76d9bd202ab19c8,,,2026-07-18,UNKNOWN,,,metadata_only,unknown,review_required,尚未在配置/数据源.yaml逐来源登记；默认禁止发布。
raw_vault_unregistered,source_file_d945c73f90df641f,01_原始数据/代码仓库镜像/MatImpute/experiment/dataset/miss_datasets/Bala_regression_dataset/xPT_0.2.csv,xPT_0.2.csv,5375,4a9311cc0d3872f8e921f16cd62495b6757b244eebefe682bd3ab45dc0aa5f35,,,2026-07-18,UNKNOWN,,,metadata_only,unknown,review_required,尚未在配置/数据源.yaml逐来源登记；默认禁止发布。
raw_vault_unregistered,source_file_49b7888963453e89,01_原始数据/代码仓库镜像/MatImpute/experiment/dataset/miss_datasets/Bala_regression_dataset/xPT_0.30000000000000004.csv,xPT_0.30000000000000004.csv,5321,46a06ad0ec99ce8b956b8361af1fc7be577e3480aaf06503ed99994b7889b531,,,2026-07-18,UNKNOWN,,,metadata_only,unknown,review_required,尚未在配置/数据源.yaml逐来源登记；默认禁止发布。
raw_vault_unregistered,source_file_d75a5d43f0ce6a24,01_原始数据/代码仓库镜像/MatImpute/experiment/dataset/miss_datasets/Bala_regression_dataset/xPT_0.4.csv,xPT_0.4.csv,5274,45ca01c56799abdefc4bc3fe22e0a6917570cac6e67a21a7e1719643d6d2052a,,,2026-07-18,UNKNOWN,,,metadata_only,unknown,review_required,尚未在配置/数据源.yaml逐来源登记；默认禁止发布。
raw_vault_unregistered,source_file_43b6da15e987248c,01_原始数据/代码仓库镜像/MatImpute/experiment/dataset/miss_datasets/Bala_regression_dataset/xPT_0.5.csv,xPT_0.5.csv,5229,2a9cea10674d990aaaa7f15ac83c540f253d74665964c6c81d8be9fc20f1b45b,,,2026-07-18,UNKNOWN,,,metadata_only,unknown,review_required,尚未在配置/数据源.yaml逐来源登记；默认禁止发布。
raw_vault_unregistered,source_file_250561080052a727,01_原始数据/代码仓库镜像/MatImpute/experiment/dataset/miss_datasets/Bala_regression_dataset/xPT_0.6000000000000001.csv,xPT_0.6000000000000001.csv,5188,7484db8ee4651467263d9c585b7f1cfa992adaa9fadb5e6fc6da103e9a9d75a5,,,2026-07-18,UNKNOWN,,,metadata_only,unknown,review_required,尚未在配置/数据源.yaml逐来源登记；默认禁止发布。
raw_vault_unregistered,source_file_7d55139b0309fe68,01_原始数据/代码仓库镜像/MatImpute/experiment/dataset/miss_datasets/Bala_regression_dataset/xPT_0.7000000000000001.csv,xPT_0.7000000000000001.csv,5135,2365ad8bc4f1367437122548fe0cf10f93009db0f76371d2442d23ca98012b2e,,,2026-07-18,UNKNOWN,,,metadata_only,unknown,review_required,尚未在配置/数据源.yaml逐来源登记；默认禁止发布。
raw_vault_unregistered,source_file_1161db818f23594d,01_原始数据/代码仓库镜像/MatImpute/experiment/dataset/miss_datasets/Bala_regression_dataset/xPT_0.8.csv,xPT_0.8.csv,5089,80662d979079e5a0b10bde456117da4d640666d95077a6ef7b542a037a0c2fc1,,,2026-07-18,UNKNOWN,,,metadata_only,unknown,review_required,尚未在配置/数据源.yaml逐来源登记；默认禁止发布。
raw_vault_unregistered,source_file_c63aef97cf5e62ec,01_原始数据/代码仓库镜像/MatImpute/experiment/dataset/miss_datasets/Bala_regression_dataset/xPT_0.9.csv,xPT_0.9.csv,5045,fc2be5ca00503374bfad6fb9e3434841c750429a4111126b1e68d64fb47bc48f,,,2026-07-18,UNKNOWN,,,metadata_only,unknown,review_required,尚未在配置/数据源.yaml逐来源登记；默认禁止发布。
raw_vault_unregistered,source_file_0a638966a174c5db,01_原始数据/代码仓库镜像/MatImpute/experiment/dataset/miss_datasets/bandgap/avg_abs_valence_0.1.csv,avg_abs_valence_0.1.csv,217032,f41e32a5c1ec717e8d06be4442007a5e21657cd0ede5fa0269306a5742f21f3e,,,2026-07-18,UNKNOWN,,,metadata_only,unknown,review_required,尚未在配置/数据源.yaml逐来源登记；默认禁止发布。
raw_vault_unregistered,source_file_045a404f1cd4a3b2,01_原始数据/代码仓库镜像/MatImpute/experiment/dataset/miss_datasets/bandgap/avg_abs_valence_0.2.csv,avg_abs_valence_0.2.csv,215345,f3b378a2623a6d650fb8ed10ce23c82432d858bcb83f97d0f9a0f9af94e1b0d6,,,2026-07-18,UNKNOWN,,,metadata_only,unknown,review_required,尚未在配置/数据源.yaml逐来源登记；默认禁止发布。
raw_vault_unregistered,source_file_823d3219eabde09e,01_原始数据/代码仓库镜像/MatImpute/experiment/dataset/miss_datasets/bandgap/avg_abs_valence_0.30000000000000004.csv,avg_abs_valence_0.30000000000000004.csv,213835,7edddd909b6022e0920bb0a19cb327363a791435f95dd339060fa49fda3272d5,,,2026-07-18,UNKNOWN,,,metadata_only,unknown,review_required,尚未在配置/数据源.yaml逐来源登记；默认禁止发布。
raw_vault_unregistered,source_file_411534ea76c64e73,01_原始数据/代码仓库镜像/MatImpute/experiment/dataset/miss_datasets/bandgap/avg_abs_valence_0.4.csv,avg_abs_valence_0.4.csv,211898,08c133891bb2ee266d6b5489d4c22ae46ecfda7f995d4eb1ddcf46871ed61bf4,,,2026-07-18,UNKNOWN,,,metadata_only,unknown,review_required,尚未在配置/数据源.yaml逐来源登记；默认禁止发布。
raw_vault_unregistered,source_file_348602b3edd7c4c1,01_原始数据/代码仓库镜像/MatImpute/experiment/dataset/miss_datasets/bandgap/avg_abs_valence_0.5.csv,avg_abs_valence_0.5.csv,210477,6510656e900460baeee0db61301635a866588d08996d3dba2616ec8657efd1a2,,,2026-07-18,UNKNOWN,,,metadata_only,unknown,review_required,尚未在配置/数据源.yaml逐来源登记；默认禁止发布。
raw_vault_unregistered,source_file_5577b7f27937addd,01_原始数据/代码仓库镜像/MatImpute/experiment/dataset/miss_datasets/bandgap/avg_abs_valence_0.6000000000000001.csv,avg_abs_valence_0.6000000000000001.csv,208741,ada31fa920220baa1de61028ea77c4015f1c55fdfefc12f40e6cebd8e12e3526,,,2026-07-18,UNKNOWN,,,metadata_only,unknown,review_required,尚未在配置/数据源.yaml逐来源登记；默认禁止发布。
raw_vault_unregistered,source_file_d55e061084070ba4,01_原始数据/代码仓库镜像/MatImpute/experiment/dataset/miss_datasets/bandgap/avg_abs_valence_0.7000000000000001.csv,avg_abs_valence_0.7000000000000001.csv,207148,e57dc8ff0f113744fb23bec4c14d2c8d3577ea39cbe257743e33a8f0ca6ef2c7,,,2026-07-18,UNKNOWN,,,metadata_only,unknown,review_required,尚未在配置/数据源.yaml逐来源登记；默认禁止发布。
raw_vault_unregistered,source_file_da892b26e972dfc1,01_原始数据/代码仓库镜像/MatImpute/experiment/dataset/miss_datasets/bandgap/avg_abs_valence_0.8.csv,avg_abs_valence_0.8.csv,205493,101de4ac691fbeeaeb51efe2f6dbb3cac0e422e613bd89266accc4acf04d9a8d,,,2026-07-18,UNKNOWN,,,metadata_only,unknown,review_required,尚未在配置/数据源.yaml逐来源登记；默认禁止发布。
raw_vault_unregistered,source_file_77a29783dd3677cd,01_原始数据/代码仓库镜像/MatImpute/experiment/dataset/miss_datasets/bandgap/avg_abs_valence_0.9.csv,avg_abs_valence_0.9.csv,203859,e806e2fd7b2a4bfadf6ed01e2f6ce059f7f822e10500a717293166486a8edf78,,,2026-07-18,UNKNOWN,,,metadata_only,unknown,review_required,尚未在配置/数据源.yaml逐来源登记；默认禁止发布。
raw_vault_unregistered,source_file_7f6854de1377badf,01_原始数据/代码仓库镜像/MatImpute/experiment/dataset/miss_datasets/bandgap/avg_Density_(g_mL)_0.1.csv,avg_Density_(g_mL)_0.1.csv,216762,3f3540158b6ba805c59972ff7ff019f38bbc39132fdd532e0f471d1e0ec3592a,,,2026-07-18,UNKNOWN,,,metadata_only,unknown,review_required,尚未在配置/数据源.yaml逐来源登记；默认禁止发布。
raw_vault_unregistered,source_file_5bcdf33fefa2e992,01_原始数据/代码仓库镜像/MatImpute/experiment/dataset/miss_datasets/bandgap/avg_Density_(g_mL)_0.2.csv,avg_Density_(g_mL)_0.2.csv,214805,be80ada5f1dccfbe14471c400a78cafe90a8227f8c44a5429f4f4591463ef510,,,2026-07-18,UNKNOWN,,,metadata_only,unknown,review_required,尚未在配置/数据源.yaml逐来源登记；默认禁止发布。
raw_vault_unregistered,source_file_510a50d6f91b1633,01_原始数据/代码仓库镜像/MatImpute/experiment/dataset/miss_datasets/bandgap/avg_Density_(g_mL)_0.30000000000000004.csv,avg_Density_(g_mL)_0.30000000000000004.csv,212912,53e7d54a749261b961b09ec5cf5afa76fae2e02aa0185cc8472c4cb287b1f5f4,,,2026-07-18,UNKNOWN,,,metadata_only,unknown,review_required,尚未在配置/数据源.yaml逐来源登记；默认禁止发布。
raw_vault_unregistered,source_file_7e40f3866e920f29,01_原始数据/代码仓库镜像/MatImpute/experiment/dataset/miss_datasets/bandgap/avg_Density_(g_mL)_0.4.csv,avg_Density_(g_mL)_0.4.csv,210872,a8582f5db836be90909b4524444d4474324effb4c320966617e4b65b87a8851a,,,2026-07-18,UNKNOWN,,,metadata_only,unknown,review_required,尚未在配置/数据源.yaml逐来源登记；默认禁止发布。
raw_vault_unregistered,source_file_c2c0075b03cbdd18,01_原始数据/代码仓库镜像/MatImpute/experiment/dataset/miss_datasets/bandgap/avg_Density_(g_mL)_0.5.csv,avg_Density_(g_mL)_0.5.csv,208905,c9bbb486d823ca441c1cb314f7fab657cbe2e2ba2c6d08b66697f4ec59fc6556,,,2026-07-18,UNKNOWN,,,metadata_only,unknown,review_required,尚未在配置/数据源.yaml逐来源登记；默认禁止发布。
raw_vault_unregistered,source_file_616885dadc747df2,01_原始数据/代码仓库镜像/MatImpute/experiment/dataset/miss_datasets/bandgap/avg_Density_(g_mL)_0.6000000000000001.csv,avg_Density_(g_mL)_0.6000000000000001.csv,207025,c6f2c32fe29d0e77a5d026b1e9af8da54ca769d5bda29f7cdb54a66b052a29b3,,,2026-07-18,UNKNOWN,,,metadata_only,unknown,review_required,尚未在配置/数据源.yaml逐来源登记；默认禁止发布。
raw_vault_unregistered,source_file_af328c48744a28fa,01_原始数据/代码仓库镜像/MatImpute/experiment/dataset/miss_datasets/bandgap/avg_Density_(g_mL)_0.7000000000000001.csv,avg_Density_(g_mL)_0.7000000000000001.csv,205208,6fe683b837e01642bdb2971ea0bb5415d47e8c27921bc1e8ffcde79268103d8e,,,2026-07-18,UNKNOWN,,,metadata_only,unknown,review_required,尚未在配置/数据源.yaml逐来源登记；默认禁止发布。
raw_vault_unregistered,source_file_afaeca47625c1e7d,01_原始数据/代码仓库镜像/MatImpute/experiment/dataset/miss_datasets/bandgap/avg_Density_(g_mL)_0.8.csv,avg_Density_(g_mL)_0.8.csv,203211,813489e5199e29464d0231d7efb2706444fc25b07238ffb241875a3e49bb0dd4,,,2026-07-18,UNKNOWN,,,metadata_only,unknown,review_required,尚未在配置/数据源.yaml逐来源登记；默认禁止发布。
raw_vault_unregistered,source_file_615eefab85435926,01_原始数据/代码仓库镜像/MatImpute/experiment/dataset/miss_datasets/bandgap/avg_Density_(g_mL)_0.9.csv,avg_Density_(g_mL)_0.9.csv,201285,a99f2cea8bc632562a7e8e4ff6aca0dc56b56ecd8e73d244230dbb030b7a7ca3,,,2026-07-18,UNKNOWN,,,metadata_only,unknown,review_required,尚未在配置/数据源.yaml逐来源登记；默认禁止发布。
raw_vault_unregistered,source_file_7bcc74e92f87b49d,01_原始数据/代码仓库镜像/MatImpute/experiment/dataset/miss_datasets/bandgap/avg_Gordy_electonegativity_0.1.csv,avg_Gordy_electonegativity_0.1.csv,216614,1216be2ed827161d3f0363215e9f4a332ede370e5bfe13c9caa47e9124dabb78,,,2026-07-18,UNKNOWN,,,metadata_only,unknown,review_required,尚未在配置/数据源.yaml逐来源登记；默认禁止发布。
raw_vault_unregistered,source_file_15fa9085f2445c42,01_原始数据/代码仓库镜像/MatImpute/experiment/dataset/miss_datasets/bandgap/avg_Gordy_electonegativity_0.2.csv,avg_Gordy_electonegativity_0.2.csv,214591,2f421247e8f037651d99cb40f19a96b3b217803c1928c899b4bd355d8a81c898,,,2026-07-18,UNKNOWN,,,metadata_only,unknown,review_required,尚未在配置/数据源.yaml逐来源登记；默认禁止发布。
raw_vault_unregistered,source_file_fe8642821b3d0e62,01_原始数据/代码仓库镜像/MatImpute/experiment/dataset/miss_datasets/bandgap/avg_Gordy_electonegativity_0.30000000000000004.csv,avg_Gordy_electonegativity_0.30000000000000004.csv,212522,4aa64757a31d8295e4e876e7167d508a31f0646ddd4c2d99982a67a56e77ded8,,,2026-07-18,UNKNOWN,,,metadata_only,unknown,review_required,尚未在配置/数据源.yaml逐来源登记；默认禁止发布。
raw_vault_unregistered,source_file_091239c278d4b067,01_原始数据/代码仓库镜像/MatImpute/experiment/dataset/miss_datasets/bandgap/avg_Gordy_electonegativity_0.4.csv,avg_Gordy_electonegativity_0.4.csv,210618,683fa64cab150aade9cd5411d1789ea7b8e70d90c1af6ccd4dfa6de35a031087,,,2026-07-18,UNKNOWN,,,metadata_only,unknown,review_required,尚未在配置/数据源.yaml逐来源登记；默认禁止发布。
raw_vault_unregistered,source_file_97d109826073cda8,01_原始数据/代码仓库镜像/MatImpute/experiment/dataset/miss_datasets/bandgap/avg_Gordy_electonegativity_0.5.csv,avg_Gordy_electonegativity_0.5.csv,208471,01d1156294dc106de94b6422c3e72d05cd9ba086e516654718ac94e4252cd578,,,2026-07-18,UNKNOWN,,,metadata_only,unknown,review_required,尚未在配置/数据源.yaml逐来源登记；默认禁止发布。
raw_vault_unregistered,source_file_007ecf8bd05ac679,01_原始数据/代码仓库镜像/MatImpute/experiment/dataset/miss_datasets/bandgap/avg_Gordy_electonegativity_0.6000000000000001.csv,avg_Gordy_electonegativity_0.6000000000000001.csv,206486,9f343e150aae34006540f7c75c4edacb4a6f46dcd5589d90d5d9770080a46ee7,,,2026-07-18,UNKNOWN,,,metadata_only,unknown,review_required,尚未在配置/数据源.yaml逐来源登记；默认禁止发布。
raw_vault_unregistered,source_file_4306e8a28a210233,01_原始数据/代码仓库镜像/MatImpute/experiment/dataset/miss_datasets/bandgap/avg_Gordy_electonegativity_0.7000000000000001.csv,avg_Gordy_electonegativity_0.7000000000000001.csv,204427,667e4758eabde7ddf971b8dcb463b85f609b07f19ca1749382cae2a66b5228d7,,,2026-07-18,UNKNOWN,,,metadata_only,unknown,review_required,尚未在配置/数据源.yaml逐来源登记；默认禁止发布。
raw_vault_unregistered,source_file_50f6eef05215a260,01_原始数据/代码仓库镜像/MatImpute/experiment/dataset/miss_datasets/bandgap/avg_Gordy_electonegativity_0.8.csv,avg_Gordy_electonegativity_0.8.csv,202431,331adc32df9bb0603289f72c1223bdef2c6ec620b401080fdb57b71e92a90517,,,2026-07-18,UNKNOWN,,,metadata_only,unknown,review_required,尚未在配置/数据源.yaml逐来源登记；默认禁止发布。
raw_vault_unregistered,source_file_84537112a57f9385,01_原始数据/代码仓库镜像/MatImpute/experiment/dataset/miss_datasets/bandgap/avg_Gordy_electonegativity_0.9.csv,avg_Gordy_electonegativity_0.9.csv,200269,3a52001494825c2e7168a17d986323349e87462f669ededacf687e10ba2f0469,,,2026-07-18,UNKNOWN,,,metadata_only,unknown,review_required,尚未在配置/数据源.yaml逐来源登记；默认禁止发布。
raw_vault_unregistered,source_file_8b012e71e6c0d81c,01_原始数据/代码仓库镜像/MatImpute/experiment/dataset/miss_datasets/bandgap/avg_metallic_valence_0.1.csv,avg_metallic_valence_0.1.csv,217001,46ae5310a2cd418f59bc695fb08b84868368f7362ee401dcdfe4737a58592acc,,,2026-07-18,UNKNOWN,,,metadata_only,unknown,review_required,尚未在配置/数据源.yaml逐来源登记；默认禁止发布。
raw_vault_unregistered,source_file_d08b6f6994503e9b,01_原始数据/代码仓库镜像/MatImpute/experiment/dataset/miss_datasets/bandgap/avg_metallic_valence_0.2.csv,avg_metallic_valence_0.2.csv,215104,fe9ef18847e88f8cfd9131d5335161aec9792f0165131136bc3b4d560ec9efae,,,2026-07-18,UNKNOWN,,,metadata_only,unknown,review_required,尚未在配置/数据源.yaml逐来源登记；默认禁止发布。
raw_vault_unregistered,source_file_22b40a2539620a09,01_原始数据/代码仓库镜像/MatImpute/experiment/dataset/miss_datasets/bandgap/avg_metallic_valence_0.30000000000000004.csv,avg_metallic_valence_0.30000000000000004.csv,213456,09ac0d433f2664f149fc3440cec1833f8717cc08eae6811ae9d66eb2e35831bb,,,2026-07-18,UNKNOWN,,,metadata_only,unknown,review_required,尚未在配置/数据源.yaml逐来源登记；默认禁止发布。
raw_vault_unregistered,source_file_0d1179ffe035d6a3,01_原始数据/代码仓库镜像/MatImpute/experiment/dataset/miss_datasets/bandgap/avg_metallic_valence_0.4.csv,avg_metallic_valence_0.4.csv,211555,cf0984903e9770ad6b0cce1ba240dee54d3bd19dd6cf8731daf0ea96d08a1060,,,2026-07-18,UNKNOWN,,,metadata_only,unknown,review_required,尚未在配置/数据源.yaml逐来源登记；默认禁止发布。
raw_vault_unregistered,source_file_30419ed8d3d3fb84,01_原始数据/代码仓库镜像/MatImpute/experiment/dataset/miss_datasets/bandgap/avg_metallic_valence_0.5.csv,avg_metallic_valence_0.5.csv,209759,db0e0a7d503cddc33e45aaeb147f7135d1acfcf8df8a4237a9a28d34b51f5a92,,,2026-07-18,UNKNOWN,,,metadata_only,unknown,review_required,尚未在配置/数据源.yaml逐来源登记；默认禁止发布。
raw_vault_unregistered,source_file_e473978e445ceaa7,01_原始数据/代码仓库镜像/MatImpute/experiment/dataset/miss_datasets/bandgap/avg_metallic_valence_0.6000000000000001.csv,avg_metallic_valence_0.6000000000000001.csv,207905,a3ac199d0ddff1699fb4648264fb5e640072b30c5e77a317ea7e023d687e7a83,,,2026-07-18,UNKNOWN,,,metadata_only,unknown,review_required,尚未在配置/数据源.yaml逐来源登记；默认禁止发布。
raw_vault_unregistered,source_file_ba86ae9556a8e1a0,01_原始数据/代码仓库镜像/MatImpute/experiment/dataset/miss_datasets/bandgap/avg_metallic_valence_0.7000000000000001.csv,avg_metallic_valence_0.7000000000000001.csv,206380,309d046188b8c2437c52eca1bbe46772a394dc0d033e6476047d0f55ae046fdf,,,2026-07-18,UNKNOWN,,,metadata_only,unknown,review_required,尚未在配置/数据源.yaml逐来源登记；默认禁止发布。
raw_vault_unregistered,source_file_fee75fb85f5d13b6,01_原始数据/代码仓库镜像/MatImpute/experiment/dataset/miss_datasets/bandgap/avg_metallic_valence_0.8.csv,avg_metallic_valence_0.8.csv,204680,26335d1eaaa84807bb935b2101f78e36a1c720ed8a0822f8ac55717ca2037208,,,2026-07-18,UNKNOWN,,,metadata_only,unknown,review_required,尚未在配置/数据源.yaml逐来源登记；默认禁止发布。
raw_vault_unregistered,source_file_f3c178c04147fc2a,01_原始数据/代码仓库镜像/MatImpute/experiment/dataset/miss_datasets/bandgap/avg_metallic_valence_0.9.csv,avg_metallic_valence_0.9.csv,202669,9f878a62b908c4869b926ab33faebec9544576dad06566f41c830517a8cc25e8,,,2026-07-18,UNKNOWN,,,metadata_only,unknown,review_required,尚未在配置/数据源.yaml逐来源登记；默认禁止发布。
raw_vault_unregistered,source_file_aaa5c6999ef5cd62,01_原始数据/代码仓库镜像/MatImpute/experiment/dataset/miss_datasets/bandgap/avg_Number_of_unfilled_d_valence_electrons_0.1.csv,avg_Number_of_unfilled_d_valence_electrons_0.1.csv,217101,4e98ccfbffe65d176ab7ced3054836fc18866fdd6f5542b1b94a78e3f6a9544f,,,2026-07-18,UNKNOWN,,,metadata_only,unknown,review_required,尚未在配置/数据源.yaml逐来源登记；默认禁止发布。
raw_vault_unregistered,source_file_fcc964929fd737bc,01_原始数据/代码仓库镜像/MatImpute/experiment/dataset/miss_datasets/bandgap/avg_Number_of_unfilled_d_valence_electrons_0.2.csv,avg_Number_of_unfilled_d_valence_electrons_0.2.csv,215477,5d15fb2c6773b180d93627baa9bd2a2ea7206f1c4549d085d24e85467cd0f1cf,,,2026-07-18,UNKNOWN,,,metadata_only,unknown,review_required,尚未在配置/数据源.yaml逐来源登记；默认禁止发布。
raw_vault_unregistered,source_file_29e876a45349bac2,01_原始数据/代码仓库镜像/MatImpute/experiment/dataset/miss_datasets/bandgap/avg_Number_of_unfilled_d_valence_electrons_0.30000000000000004.csv,avg_Number_of_unfilled_d_valence_electrons_0.30000000000000004.csv,213701,c858788762d1d6918ba0d7ca42fc895e27fdb8eae8121a143a6e10c376f40dbe,,,2026-07-18,UNKNOWN,,,metadata_only,unknown,review_required,尚未在配置/数据源.yaml逐来源登记；默认禁止发布。
raw_vault_unregistered,source_file_d17546c714ee93b6,01_原始数据/代码仓库镜像/MatImpute/experiment/dataset/miss_datasets/bandgap/avg_Number_of_unfilled_d_valence_electrons_0.4.csv,avg_Number_of_unfilled_d_valence_electrons_0.4.csv,212372,bf5ebc3d4b8d8639314f712ba898e75242cc8c030f7080e282667f27f53e0c70,,,2026-07-18,UNKNOWN,,,metadata_only,unknown,review_required,尚未在配置/数据源.yaml逐来源登记；默认禁止发布。
raw_vault_unregistered,source_file_1cad9b5c86b5f80a,01_原始数据/代码仓库镜像/MatImpute/experiment/dataset/miss_datasets/bandgap/avg_Number_of_unfilled_d_valence_electrons_0.5.csv,avg_Number_of_unfilled_d_valence_electrons_0.5.csv,210672,7209e99897fcc74f4fba603eaac1b5b829078c1a1c7a7b279f7c15465f451185,,,2026-07-18,UNKNOWN,,,metadata_only,unknown,review_required,尚未在配置/数据源.yaml逐来源登记；默认禁止发布。
raw_vault_unregistered,source_file_a4a654ba351d8bce,01_原始数据/代码仓库镜像/MatImpute/experiment/dataset/miss_datasets/bandgap/avg_Number_of_unfilled_d_valence_electrons_0.6000000000000001.csv,avg_Number_of_unfilled_d_valence_electrons_0.6000000000000001.csv,208900,6a224f373f5283483895702f535a57f2b11d6a12c6ffe2b2a0dfc8610aca179e,,,2026-07-18,UNKNOWN,,,metadata_only,unknown,review_required,尚未在配置/数据源.yaml逐来源登记；默认禁止发布。
raw_vault_unregistered,source_file_d71ab2dd1f97b7dd,01_原始数据/代码仓库镜像/MatImpute/experiment/dataset/miss_datasets/bandgap/avg_Number_of_unfilled_d_valence_electrons_0.7000000000000001.csv,avg_Number_of_unfilled_d_valence_electrons_0.7000000000000001.csv,207336,ccbea94116b9223f8f840ab957e8db33fcf51b2e72354adf8a5967bbce4d70a1,,,2026-07-18,UNKNOWN,,,metadata_only,unknown,review_required,尚未在配置/数据源.yaml逐来源登记；默认禁止发布。
raw_vault_unregistered,source_file_75dd67a513ae7b7d,01_原始数据/代码仓库镜像/MatImpute/experiment/dataset/miss_datasets/bandgap/avg_Number_of_unfilled_d_valence_electrons_0.8.csv,avg_Number_of_unfilled_d_valence_electrons_0.8.csv,205856,cc870ecf3b910ca351757cd539214a23492b7904c8969a37f910b97ea6ed3e55,,,2026-07-18,UNKNOWN,,,metadata_only,unknown,review_required,尚未在配置/数据源.yaml逐来源登记；默认禁止发布。
raw_vault_unregistered,source_file_06ed6e58e7af3aa2,01_原始数据/代码仓库镜像/MatImpute/experiment/dataset/miss_datasets/bandgap/avg_Number_of_unfilled_d_valence_electrons_0.9.csv,avg_Number_of_unfilled_d_valence_electrons_0.9.csv,204153,48464abab9457e246d934a9af74fc29d0257cef084c40334f99d4e0f66c9741e,,,2026-07-18,UNKNOWN,,,metadata_only,unknown,review_required,尚未在配置/数据源.yaml逐来源登记；默认禁止发布。
raw_vault_unregistered,source_file_ba51377f3e16c753,01_原始数据/代码仓库镜像/MatImpute/experiment/dataset/miss_datasets/bandgap/avg_valence_d_0.1.csv,avg_valence_d_0.1.csv,217103,a41180f9bf5a4618d894695be10db181d291540558c1bbf859c2cd983fc5b903,,,2026-07-18,UNKNOWN,,,metadata_only,unknown,review_required,尚未在配置/数据源.yaml逐来源登记；默认禁止发布。
raw_vault_unregistered,source_file_50fff80b528ec637,01_原始数据/代码仓库镜像/MatImpute/experiment/dataset/miss_datasets/bandgap/avg_valence_d_0.2.csv,avg_valence_d_0.2.csv,215424,a2901274e8b36ae749df37968b836da3ea86d2004e9a029c3566ac0724250906,,,2026-07-18,UNKNOWN,,,metadata_only,unknown,review_required,尚未在配置/数据源.yaml逐来源登记；默认禁止发布。
raw_vault_unregistered,source_file_047fa86193ea4428,01_原始数据/代码仓库镜像/MatImpute/experiment/dataset/miss_datasets/bandgap/avg_valence_d_0.30000000000000004.csv,avg_valence_d_0.30000000000000004.csv,213900,a9d23b78c93302c679a0d3936c6a64aa592dfec92505cdb9120c4a0455df2ba5,,,2026-07-18,UNKNOWN,,,metadata_only,unknown,review_required,尚未在配置/数据源.yaml逐来源登记；默认禁止发布。
raw_vault_unregistered,source_file_07a41a4b06c32c4c,01_原始数据/代码仓库镜像/MatImpute/experiment/dataset/miss_datasets/bandgap/avg_valence_d_0.4.csv,avg_valence_d_0.4.csv,212363,e82c32275e96f4939cef45cb6192f0438b6c3a0991822a50f3bfd2bedf52f2de,,,2026-07-18,UNKNOWN,,,metadata_only,unknown,review_required,尚未在配置/数据源.yaml逐来源登记；默认禁止发布。
raw_vault_unregistered,source_file_e790122ba72f0051,01_原始数据/代码仓库镜像/MatImpute/experiment/dataset/miss_datasets/bandgap/avg_valence_d_0.5.csv,avg_valence_d_0.5.csv,210643,8eb5cc745bd5da7c86f25605672796b21502dcce4583d8f11a6eccd648120420,,,2026-07-18,UNKNOWN,,,metadata_only,unknown,review_required,尚未在配置/数据源.yaml逐来源登记；默认禁止发布。
raw_vault_unregistered,source_file_4667b482645a86fc,01_原始数据/代码仓库镜像/MatImpute/experiment/dataset/miss_datasets/bandgap/avg_valence_d_0.6000000000000001.csv,avg_valence_d_0.6000000000000001.csv,209183,a1cf61a316eae3eefbcd66850c5605f87e00b7f68cca29745c49f2fe624cad74,,,2026-07-18,UNKNOWN,,,metadata_only,unknown,review_required,尚未在配置/数据源.yaml逐来源登记；默认禁止发布。
raw_vault_unregistered,source_file_32be72d129af9506,01_原始数据/代码仓库镜像/MatImpute/experiment/dataset/miss_datasets/bandgap/avg_valence_d_0.7000000000000001.csv,avg_valence_d_0.7000000000000001.csv,207877,751eb1ae65e5e401894094e044eca55231121fa5ed5dcf5f083772c4ac6d9600,,,2026-07-18,UNKNOWN,,,metadata_only,unknown,review_required,尚未在配置/数据源.yaml逐来源登记；默认禁止发布。
raw_vault_unregistered,source_file_f5d01ed4c68fa590,01_原始数据/代码仓库镜像/MatImpute/experiment/dataset/miss_datasets/bandgap/avg_valence_d_0.8.csv,avg_valence_d_0.8.csv,206139,f0f4f7942670e4c5287e87206f975e5ddac63e77c267e84ac929f3506bf5f715,,,2026-07-18,UNKNOWN,,,metadata_only,unknown,review_required,尚未在配置/数据源.yaml逐来源登记；默认禁止发布。
raw_vault_unregistered,source_file_20c6ee3d41a19bae,01_原始数据/代码仓库镜像/MatImpute/experiment/dataset/miss_datasets/bandgap/avg_valence_d_0.9.csv,avg_valence_d_0.9.csv,204459,d554502732007689c4febd5c6e23187857f6a5174a6930781fd95186c31c7a63,,,2026-07-18,UNKNOWN,,,metadata_only,unknown,review_required,尚未在配置/数据源.yaml逐来源登记；默认禁止发布。
raw_vault_unregistered,source_file_4a2bd76dd46ecc58,01_原始数据/代码仓库镜像/MatImpute/experiment/dataset/miss_datasets/bandgap/range_Density_(g_mL)_0.1.csv,range_Density_(g_mL)_0.1.csv,217683,c730accb0e49d4c46a2da54025b7503f8ff580f2a0141265f92942d16e593f27,,,2026-07-18,UNKNOWN,,,metadata_only,unknown,review_required,尚未在配置/数据源.yaml逐来源登记；默认禁止发布。
raw_vault_unregistered,source_file_41b19aa12ede3ff0,01_原始数据/代码仓库镜像/MatImpute/experiment/dataset/miss_datasets/bandgap/range_Density_(g_mL)_0.2.csv,range_Density_(g_mL)_0.2.csv,216685,e538d6055da25ef55c3ddb1363ea5be11dd860cc17c675e02c7af49ed5a3b3d4,,,2026-07-18,UNKNOWN,,,metadata_only,unknown,review_required,尚未在配置/数据源.yaml逐来源登记；默认禁止发布。
raw_vault_unregistered,source_file_e673c19ace416a43,01_原始数据/代码仓库镜像/MatImpute/experiment/dataset/miss_datasets/bandgap/range_Density_(g_mL)_0.30000000000000004.csv,range_Density_(g_mL)_0.30000000000000004.csv,215688,661338cb880ef2ef5dca574787564344ad2b3356d4fcb5c408f0dffe8dc18e5c,,,2026-07-18,UNKNOWN,,,metadata_only,unknown,review_required,尚未在配置/数据源.yaml逐来源登记；默认禁止发布。
raw_vault_unregistered,source_file_781aebe068a1ced6,01_原始数据/代码仓库镜像/MatImpute/experiment/dataset/miss_datasets/bandgap/range_Density_(g_mL)_0.4.csv,range_Density_(g_mL)_0.4.csv,214723,7a8839a045ead0f5cb3d871df9640f32e7dbb479e9119b5f993c0eecfd6451a2,,,2026-07-18,UNKNOWN,,,metadata_only,unknown,review_required,尚未在配置/数据源.yaml逐来源登记；默认禁止发布。
raw_vault_unregistered,source_file_6b8cb7f6259493c3,01_原始数据/代码仓库镜像/MatImpute/experiment/dataset/miss_datasets/bandgap/range_Density_(g_mL)_0.5.csv,range_Density_(g_mL)_0.5.csv,213728,8a17a3aa42151c55632c2f4c845edd759c6bbcedabaf887bef696968a4967d95,,,2026-07-18,UNKNOWN,,,metadata_only,unknown,review_required,尚未在配置/数据源.yaml逐来源登记；默认禁止发布。
raw_vault_unregistered,source_file_14f96c6d2771e3dc,01_原始数据/代码仓库镜像/MatImpute/experiment/dataset/miss_datasets/bandgap/range_Density_(g_mL)_0.6000000000000001.csv,range_Density_(g_mL)_0.6000000000000001.csv,212726,6843f4c8b3deb22898e2e49259bda381cf906c2d8793eafaff690f89713dc90e,,,2026-07-18,UNKNOWN,,,metadata_only,unknown,review_required,尚未在配置/数据源.yaml逐来源登记；默认禁止发布。
raw_vault_unregistered,source_file_502104425185215d,01_原始数据/代码仓库镜像/MatImpute/experiment/dataset/miss_datasets/bandgap/range_Density_(g_mL)_0.7000000000000001.csv,range_Density_(g_mL)_0.7000000000000001.csv,211734,d06c2d7ecad521d67e5f730f623537ad1d302a996dfca072f679750a319d7db8,,,2026-07-18,UNKNOWN,,,metadata_only,unknown,review_required,尚未在配置/数据源.yaml逐来源登记；默认禁止发布。
raw_vault_unregistered,source_file_73effe09800e3fa4,01_原始数据/代码仓库镜像/MatImpute/experiment/dataset/miss_datasets/bandgap/range_Density_(g_mL)_0.8.csv,range_Density_(g_mL)_0.8.csv,210746,c642bf5ada64a22eb214d1b6a3fe6eaa7c8a321bd0da90568452f7ad1c7dc88e,,,2026-07-18,UNKNOWN,,,metadata_only,unknown,review_required,尚未在配置/数据源.yaml逐来源登记；默认禁止发布。
raw_vault_unregistered,source_file_15f9c951d97fcb8b,01_原始数据/代码仓库镜像/MatImpute/experiment/dataset/miss_datasets/bandgap/range_Density_(g_mL)_0.9.csv,range_Density_(g_mL)_0.9.csv,209753,49a4b71cb203ef6861f8b325feb596ebf1323896888c8dc9a3eb33f1cff8a1e2,,,2026-07-18,UNKNOWN,,,metadata_only,unknown,review_required,尚未在配置/数据源.yaml逐来源登记；默认禁止发布。
raw_vault_unregistered,source_file_b109a6366f3f0815,01_原始数据/代码仓库镜像/MatImpute/experiment/dataset/miss_datasets/bandgap/range_heat_of_fusion_(kJ_mol)__0.1.csv,range_heat_of_fusion_(kJ_mol)__0.1.csv,217529,df56644621aafef9ee8c5143be9d026586d313b34d0a92acf2887725ff66e230,,,2026-07-18,UNKNOWN,,,metadata_only,unknown,review_required,尚未在配置/数据源.yaml逐来源登记；默认禁止发布。
raw_vault_unregistered,source_file_59eac635c3862c1a,01_原始数据/代码仓库镜像/MatImpute/experiment/dataset/miss_datasets/bandgap/range_heat_of_fusion_(kJ_mol)__0.2.csv,range_heat_of_fusion_(kJ_mol)__0.2.csv,216354,26a4d54b58b30dc1b3df124142f96fb8d3acd6b34505b295fe16175e56da1f80,,,2026-07-18,UNKNOWN,,,metadata_only,unknown,review_required,尚未在配置/数据源.yaml逐来源登记；默认禁止发布。
raw_vault_unregistered,source_file_ac89ec5ef11bb7ce,01_原始数据/代码仓库镜像/MatImpute/experiment/dataset/miss_datasets/bandgap/range_heat_of_fusion_(kJ_mol)__0.30000000000000004.csv,range_heat_of_fusion_(kJ_mol)__0.30000000000000004.csv,215215,9f5e48a40b7e1db1f1d12aa3e3b9f0a047f71264d4954ea5e773b7fe7b9a8aba,,,2026-07-18,UNKNOWN,,,metadata_only,unknown,review_required,尚未在配置/数据源.yaml逐来源登记；默认禁止发布。
raw_vault_unregistered,source_file_827058516ffe6aa6,01_原始数据/代码仓库镜像/MatImpute/experiment/dataset/miss_datasets/bandgap/range_heat_of_fusion_(kJ_mol)__0.4.csv,range_heat_of_fusion_(kJ_mol)__0.4.csv,214034,a6e9d38a3d7e1cf9a7a513772c19c19e733ecb7457c17d80da8a47bc55d4575f,,,2026-07-18,UNKNOWN,,,metadata_only,unknown,review_required,尚未在配置/数据源.yaml逐来源登记；默认禁止发布。
raw_vault_unregistered,source_file_0fbecb16c8493e0c,01_原始数据/代码仓库镜像/MatImpute/experiment/dataset/miss_datasets/bandgap/range_heat_of_fusion_(kJ_mol)__0.5.csv,range_heat_of_fusion_(kJ_mol)__0.5.csv,212884,712091e6f2c169e57948ff42bc3c98cbcdc43a70d5abf88a41bf0fa88f8364d5,,,2026-07-18,UNKNOWN,,,metadata_only,unknown,review_required,尚未在配置/数据源.yaml逐来源登记；默认禁止发布。
raw_vault_unregistered,source_file_a26c8784204fdf53,01_原始数据/代码仓库镜像/MatImpute/experiment/dataset/miss_datasets/bandgap/range_heat_of_fusion_(kJ_mol)__0.6000000000000001.csv,range_heat_of_fusion_(kJ_mol)__0.6000000000000001.csv,211722,77559f1e1336c9d8a90672baf15ba883cecf83708f9a16c006a326d4b4bd7aa6,,,2026-07-18,UNKNOWN,,,metadata_only,unknown,review_required,尚未在配置/数据源.yaml逐来源登记；默认禁止发布。
raw_vault_unregistered,source_file_620d1c5b0327a59a,01_原始数据/代码仓库镜像/MatImpute/experiment/dataset/miss_datasets/bandgap/range_heat_of_fusion_(kJ_mol)__0.7000000000000001.csv,range_heat_of_fusion_(kJ_mol)__0.7000000000000001.csv,210538,3829bd431244f0ba44e3a2026993d660844501f0a0bfb2aa8723dc795efb2644,,,2026-07-18,UNKNOWN,,,metadata_only,unknown,review_required,尚未在配置/数据源.yaml逐来源登记；默认禁止发布。
raw_vault_unregistered,source_file_6a77634198a3dcfe,01_原始数据/代码仓库镜像/MatImpute/experiment/dataset/miss_datasets/bandgap/range_heat_of_fusion_(kJ_mol)__0.8.csv,range_heat_of_fusion_(kJ_mol)__0.8.csv,209397,60d02260df8b459d5a3752ec1dfe50744ee0e1d8a8c88ce227a111ff7bc12e17,,,2026-07-18,UNKNOWN,,,metadata_only,unknown,review_required,尚未在配置/数据源.yaml逐来源登记；默认禁止发布。
raw_vault_unregistered,source_file_7f14957a038229c9,01_原始数据/代码仓库镜像/MatImpute/experiment/dataset/miss_datasets/bandgap/range_heat_of_fusion_(kJ_mol)__0.9.csv,range_heat_of_fusion_(kJ_mol)__0.9.csv,208224,655e9557a0dd75f12f6d3b63791ff15685946a9986fef83d9ba2b0ba5c801deb,,,2026-07-18,UNKNOWN,,,metadata_only,unknown,review_required,尚未在配置/数据源.yaml逐来源登记；默认禁止发布。
raw_vault_unregistered,source_file_c877f4e2af34c5b8,01_原始数据/代码仓库镜像/MatImpute/experiment/dataset/miss_datasets/bandgap/range_Nagle_electonegativity_0.1.csv,range_Nagle_electonegativity_0.1.csv,217709,3b527206524f8e0788a6a1b91d7662acbdaaeaaafe4852005a19d24d490cfef2,,,2026-07-18,UNKNOWN,,,metadata_only,unknown,review_required,尚未在配置/数据源.yaml逐来源登记；默认禁止发布。
raw_vault_unregistered,source_file_99907053af929cf3,01_原始数据/代码仓库镜像/MatImpute/experiment/dataset/miss_datasets/bandgap/range_Nagle_electonegativity_0.2.csv,range_Nagle_electonegativity_0.2.csv,216729,c8a4e53bce437a9e8e25552f1855dc77dda4484ecf3d09428067d8a1e24ec4b4,,,2026-07-18,UNKNOWN,,,metadata_only,unknown,review_required,尚未在配置/数据源.yaml逐来源登记；默认禁止发布。
raw_vault_unregistered,source_file_589e253786a098cb,01_原始数据/代码仓库镜像/MatImpute/experiment/dataset/miss_datasets/bandgap/range_Nagle_electonegativity_0.30000000000000004.csv,range_Nagle_electonegativity_0.30000000000000004.csv,215758,1c45dffa18c496aa6d3a6c0ce5ecaa7218b7272acc1b0e4a2940f727a7169012,,,2026-07-18,UNKNOWN,,,metadata_only,unknown,review_required,尚未在配置/数据源.yaml逐来源登记；默认禁止发布。
raw_vault_unregistered,source_file_163a24aa0bdc67a7,01_原始数据/代码仓库镜像/MatImpute/experiment/dataset/miss_datasets/bandgap/range_Nagle_electonegativity_0.4.csv,range_Nagle_electonegativity_0.4.csv,214794,91469a47d45ec7aba532f190910bee6804f37c28019acbf8c35cde89b91d155b,,,2026-07-18,UNKNOWN,,,metadata_only,unknown,review_required,尚未在配置/数据源.yaml逐来源登记；默认禁止发布。
raw_vault_unregistered,source_file_cb8a2c345045a27f,01_原始数据/代码仓库镜像/MatImpute/experiment/dataset/miss_datasets/bandgap/range_Nagle_electonegativity_0.5.csv,range_Nagle_electonegativity_0.5.csv,213827,c858983d116c45eee9a1b151a4222e8507886a8e617a2e49b7dd250718fe2dcc,,,2026-07-18,UNKNOWN,,,metadata_only,unknown,review_required,尚未在配置/数据源.yaml逐来源登记；默认禁止发布。
raw_vault_unregistered,source_file_931956ec771a39df,01_原始数据/代码仓库镜像/MatImpute/experiment/dataset/miss_datasets/bandgap/range_Nagle_electonegativity_0.6000000000000001.csv,range_Nagle_electonegativity_0.6000000000000001.csv,212856,621fe50f866ed29ec8f76274fa1139a22de4b79df5a52b6acd13205a9c0f72f8,,,2026-07-18,UNKNOWN,,,metadata_only,unknown,review_required,尚未在配置/数据源.yaml逐来源登记；默认禁止发布。
raw_vault_unregistered,source_file_3efb49fcdc2e0dd3,01_原始数据/代码仓库镜像/MatImpute/experiment/dataset/miss_datasets/bandgap/range_Nagle_electonegativity_0.7000000000000001.csv,range_Nagle_electonegativity_0.7000000000000001.csv,211875,4a0066d77f78ac4d929a33cfd0323c1f484afa3654512c6d4a3027a9d6d5c202,,,2026-07-18,UNKNOWN,,,metadata_only,unknown,review_required,尚未在配置/数据源.yaml逐来源登记；默认禁止发布。
raw_vault_unregistered,source_file_4323bb84bba88ec2,01_原始数据/代码仓库镜像/MatImpute/experiment/dataset/miss_datasets/bandgap/range_Nagle_electonegativity_0.8.csv,range_Nagle_electonegativity_0.8.csv,210912,90ac025a5bf6876255b9ea80b3fd72789d7f8b42502a7288e7f727ad2a4a012a,,,2026-07-18,UNKNOWN,,,metadata_only,unknown,review_required,尚未在配置/数据源.yaml逐来源登记；默认禁止发布。
raw_vault_unregistered,source_file_45ea5bb248108e26,01_原始数据/代码仓库镜像/MatImpute/experiment/dataset/miss_datasets/bandgap/range_Nagle_electonegativity_0.9.csv,range_Nagle_electonegativity_0.9.csv,209924,71df73db24ef3c6f952acc62d63ab1d8956143ebfb65a7c5e22ce2539cf730ad,,,2026-07-18,UNKNOWN,,,metadata_only,unknown,review_required,尚未在配置/数据源.yaml逐来源登记；默认禁止发布。
raw_vault_unregistered,source_file_094cc0b6ab30b3f7,01_原始数据/代码仓库镜像/MatImpute/experiment/dataset/miss_datasets/bandgap/sum_Density_(g_mL)_0.1.csv,sum_Density_(g_mL)_0.1.csv,217405,369f30e2c0c49a8e8400688194712fae0eda47c5af38622c34888a5c9c1d3e5c,,,2026-07-18,UNKNOWN,,,metadata_only,unknown,review_required,尚未在配置/数据源.yaml逐来源登记；默认禁止发布。
raw_vault_unregistered,source_file_474df156412db114,01_原始数据/代码仓库镜像/MatImpute/experiment/dataset/miss_datasets/bandgap/sum_Density_(g_mL)_0.2.csv,sum_Density_(g_mL)_0.2.csv,216115,73fbb70c26821aa22f7657562c8bb2829e74463ce5ebf6675039f63564e4f54c,,,2026-07-18,UNKNOWN,,,metadata_only,unknown,review_required,尚未在配置/数据源.yaml逐来源登记；默认禁止发布。
raw_vault_unregistered,source_file_3414c00dbe560ed1,01_原始数据/代码仓库镜像/MatImpute/experiment/dataset/miss_datasets/bandgap/sum_Density_(g_mL)_0.30000000000000004.csv,sum_Density_(g_mL)_0.30000000000000004.csv,214907,34c829f17ef77af49b06c6243305d2e1c09168f6c0c56f2de78436e7d4fdad03,,,2026-07-18,UNKNOWN,,,metadata_only,unknown,review_required,尚未在配置/数据源.yaml逐来源登记；默认禁止发布。
raw_vault_unregistered,source_file_8d5226953367d25f,01_原始数据/代码仓库镜像/MatImpute/experiment/dataset/miss_datasets/bandgap/sum_Density_(g_mL)_0.4.csv,sum_Density_(g_mL)_0.4.csv,213567,64bb8c7a50f7e7320d425e62a66f76a2cce935c29232ecd1ed0f7c5afa8ff195,,,2026-07-18,UNKNOWN,,,metadata_only,unknown,review_required,尚未在配置/数据源.yaml逐来源登记；默认禁止发布。
raw_vault_unregistered,source_file_12d76cc43f2ccddf,01_原始数据/代码仓库镜像/MatImpute/experiment/dataset/miss_datasets/bandgap/sum_Density_(g_mL)_0.5.csv,sum_Density_(g_mL)_0.5.csv,212332,13dd88a8168ffd072559e37f99c4dff2d1d23bc9e545473cdb8dc9c4208e5e3c,,,2026-07-18,UNKNOWN,,,metadata_only,unknown,review_required,尚未在配置/数据源.yaml逐来源登记；默认禁止发布。
raw_vault_unregistered,source_file_5e91c241031708b2,01_原始数据/代码仓库镜像/MatImpute/experiment/dataset/miss_datasets/bandgap/sum_Density_(g_mL)_0.6000000000000001.csv,sum_Density_(g_mL)_0.6000000000000001.csv,211083,1be92047737b7bc66f5232d72ed01a0004355c1e8eaf3fef7fb1a800ad197c96,,,2026-07-18,UNKNOWN,,,metadata_only,unknown,review_required,尚未在配置/数据源.yaml逐来源登记；默认禁止发布。
raw_vault_unregistered,source_file_338f5cf3893d167c,01_原始数据/代码仓库镜像/MatImpute/experiment/dataset/miss_datasets/bandgap/sum_Density_(g_mL)_0.7000000000000001.csv,sum_Density_(g_mL)_0.7000000000000001.csv,209818,faa53b9b18ac90f119f05eab912bf171290804891ea765e130226367679e3338,,,2026-07-18,UNKNOWN,,,metadata_only,unknown,review_required,尚未在配置/数据源.yaml逐来源登记；默认禁止发布。
raw_vault_unregistered,source_file_7d33274acc69e21a,01_原始数据/代码仓库镜像/MatImpute/experiment/dataset/miss_datasets/bandgap/sum_Density_(g_mL)_0.8.csv,sum_Density_(g_mL)_0.8.csv,208547,8a0311fc0a011ced7776ea059fbd2fbd8d9857585d7cb727a3abc2ce6e55493c,,,2026-07-18,UNKNOWN,,,metadata_only,unknown,review_required,尚未在配置/数据源.yaml逐来源登记；默认禁止发布。
raw_vault_unregistered,source_file_0fdfe044b43f886a,01_原始数据/代码仓库镜像/MatImpute/experiment/dataset/miss_datasets/bandgap/sum_Density_(g_mL)_0.9.csv,sum_Density_(g_mL)_0.9.csv,207275,d5a2eacb46db85049114a9445ffd740001b8d9920f404e523efaa2258353a6d7,,,2026-07-18,UNKNOWN,,,metadata_only,unknown,review_required,尚未在配置/数据源.yaml逐来源登记；默认禁止发布。
raw_vault_unregistered,source_file_de2d81228ec080f2,01_原始数据/代码仓库镜像/MatImpute/experiment/dataset/miss_datasets/bandgap/sum_heat_atomization(kJ_mol)_0.1.csv,sum_heat_atomization(kJ_mol)_0.1.csv,217240,cc119cad2df44cfd2afeaf94c447d86e192f0d16ab46eefb9dd40050812a06a4,,,2026-07-18,UNKNOWN,,,metadata_only,unknown,review_required,尚未在配置/数据源.yaml逐来源登记；默认禁止发布。
raw_vault_unregistered,source_file_038a5b12651f062b,01_原始数据/代码仓库镜像/MatImpute/experiment/dataset/miss_datasets/bandgap/sum_heat_atomization(kJ_mol)_0.2.csv,sum_heat_atomization(kJ_mol)_0.2.csv,215782,5b11b67475a8f8706d970ce68e7f62d9d5980d92bd35a976cbe3e5e3118fe70c,,,2026-07-18,UNKNOWN,,,metadata_only,unknown,review_required,尚未在配置/数据源.yaml逐来源登记；默认禁止发布。
raw_vault_unregistered,source_file_af4ccca555cb6319,01_原始数据/代码仓库镜像/MatImpute/experiment/dataset/miss_datasets/bandgap/sum_heat_atomization(kJ_mol)_0.30000000000000004.csv,sum_heat_atomization(kJ_mol)_0.30000000000000004.csv,214354,37ded718bc4ccabcaec449907da5fd7bb3eeef3446e4d8c9ef624dd1e0613b8c,,,2026-07-18,UNKNOWN,,,metadata_only,unknown,review_required,尚未在配置/数据源.yaml逐来源登记；默认禁止发布。
raw_vault_unregistered,source_file_15c46065343b7daa,01_原始数据/代码仓库镜像/MatImpute/experiment/dataset/miss_datasets/bandgap/sum_heat_atomization(kJ_mol)_0.4.csv,sum_heat_atomization(kJ_mol)_0.4.csv,212902,5e515acc1033618bdd4f239ecc879ccf544cf0043e48d0528656a790fbb93e61,,,2026-07-18,UNKNOWN,,,metadata_only,unknown,review_required,尚未在配置/数据源.yaml逐来源登记；默认禁止发布。
raw_vault_unregistered,source_file_c800829c6b7f1620,01_原始数据/代码仓库镜像/MatImpute/experiment/dataset/miss_datasets/bandgap/sum_heat_atomization(kJ_mol)_0.5.csv,sum_heat_atomization(kJ_mol)_0.5.csv,211511,0639b4dddb361612eca9f7c84128a857d8154be945fe838e67cb9ada6b25bff1,,,2026-07-18,UNKNOWN,,,metadata_only,unknown,review_required,尚未在配置/数据源.yaml逐来源登记；默认禁止发布。
raw_vault_unregistered,source_file_ff19810fc8611ab3,01_原始数据/代码仓库镜像/MatImpute/experiment/dataset/miss_datasets/bandgap/sum_heat_atomization(kJ_mol)_0.6000000000000001.csv,sum_heat_atomization(kJ_mol)_0.6000000000000001.csv,210040,0233f2da991b9bf288481c9fce99434deb993cb64dbb99376f538ea087e705de,,,2026-07-18,UNKNOWN,,,metadata_only,unknown,review_required,尚未在配置/数据源.yaml逐来源登记；默认禁止发布。
raw_vault_unregistered,source_file_1fdd8e3e44d2c92a,01_原始数据/代码仓库镜像/MatImpute/experiment/dataset/miss_datasets/bandgap/sum_heat_atomization(kJ_mol)_0.7000000000000001.csv,sum_heat_atomization(kJ_mol)_0.7000000000000001.csv,208602,b604409c5245e453a849c83c3b619dad16edcf5d6fe240f34667c841fc8941a1,,,2026-07-18,UNKNOWN,,,metadata_only,unknown,review_required,尚未在配置/数据源.yaml逐来源登记；默认禁止发布。
raw_vault_unregistered,source_file_222b8b5b80ea9c63,01_原始数据/代码仓库镜像/MatImpute/experiment/dataset/miss_datasets/bandgap/sum_heat_atomization(kJ_mol)_0.8.csv,sum_heat_atomization(kJ_mol)_0.8.csv,207155,53d518dc0d99be2f99e30060969d54a7977b59a53ae895202402b2244805c22a,,,2026-07-18,UNKNOWN,,,metadata_only,unknown,review_required,尚未在配置/数据源.yaml逐来源登记；默认禁止发布。
raw_vault_unregistered,source_file_41d36a7165d2507b,01_原始数据/代码仓库镜像/MatImpute/experiment/dataset/miss_datasets/bandgap/sum_heat_atomization(kJ_mol)_0.9.csv,sum_heat_atomization(kJ_mol)_0.9.csv,205699,4e8295d0ddff55e530578122940fcd2731ae251c7c2f9e8a8919a24a6ef10997,,,2026-07-18,UNKNOWN,,,metadata_only,unknown,review_required,尚未在配置/数据源.yaml逐来源登记；默认禁止发布。
raw_vault_unregistered,source_file_02d3ce89f4fe3b30,01_原始数据/代码仓库镜像/MatImpute/experiment/dataset/miss_datasets/bandgap/sum_valence_d_0.1.csv,sum_valence_d_0.1.csv,217757,b2c8038e888b187128db168ca4ef405dc9a2077f8a8285dfdce6293a0ed441b4,,,2026-07-18,UNKNOWN,,,metadata_only,unknown,review_required,尚未在配置/数据源.yaml逐来源登记；默认禁止发布。
raw_vault_unregistered,source_file_cbcfdd4fad1c182f,01_原始数据/代码仓库镜像/MatImpute/experiment/dataset/miss_datasets/bandgap/sum_valence_d_0.2.csv,sum_valence_d_0.2.csv,216855,6ba6ceb5ec83fd8b1194a589245ee0e5a73013c85a4b14a2f45332319c193e7b,,,2026-07-18,UNKNOWN,,,metadata_only,unknown,review_required,尚未在配置/数据源.yaml逐来源登记；默认禁止发布。
raw_vault_unregistered,source_file_8b1fdd4d66590db1,01_原始数据/代码仓库镜像/MatImpute/experiment/dataset/miss_datasets/bandgap/sum_valence_d_0.30000000000000004.csv,sum_valence_d_0.30000000000000004.csv,215922,af964d1db22571a32c04d350739513a6a11a72645ca83ac630cd6bae7c124457,,,2026-07-18,UNKNOWN,,,metadata_only,unknown,review_required,尚未在配置/数据源.yaml逐来源登记；默认禁止发布。
raw_vault_unregistered,source_file_216671563cc85d52,01_原始数据/代码仓库镜像/MatImpute/experiment/dataset/miss_datasets/bandgap/sum_valence_d_0.4.csv,sum_valence_d_0.4.csv,214988,e0e1ca357544024ce54e66bf5b09e7cd0a9d3ef3c0bf3b481e31bdc5c7bf6b4b,,,2026-07-18,UNKNOWN,,,metadata_only,unknown,review_required,尚未在配置/数据源.yaml逐来源登记；默认禁止发布。
raw_vault_unregistered,source_file_817587345724a9c9,01_原始数据/代码仓库镜像/MatImpute/experiment/dataset/miss_datasets/bandgap/sum_valence_d_0.5.csv,sum_valence_d_0.5.csv,214073,ab34a0521612fcc7005b03fbc2de05b50a5516b37581c09cf31657a20f0e6346,,,2026-07-18,UNKNOWN,,,metadata_only,unknown,review_required,尚未在配置/数据源.yaml逐来源登记；默认禁止发布。
raw_vault_unregistered,source_file_c316de25e4f47a48,01_原始数据/代码仓库镜像/MatImpute/experiment/dataset/miss_datasets/bandgap/sum_valence_d_0.6000000000000001.csv,sum_valence_d_0.6000000000000001.csv,213172,fd1fbdec15727300ef1edb8f27eb1dc9175600391e3b2ac62bb35006847d21c9,,,2026-07-18,UNKNOWN,,,metadata_only,unknown,review_required,尚未在配置/数据源.yaml逐来源登记；默认禁止发布。
raw_vault_unregistered,source_file_102cef22858faa3b,01_原始数据/代码仓库镜像/MatImpute/experiment/dataset/miss_datasets/bandgap/sum_valence_d_0.7000000000000001.csv,sum_valence_d_0.7000000000000001.csv,212248,7032cf142f2a809770af853e7b83f6e51c3da2316122590c64f891ab89c00b6b,,,2026-07-18,UNKNOWN,,,metadata_only,unknown,review_required,尚未在配置/数据源.yaml逐来源登记；默认禁止发布。
raw_vault_unregistered,source_file_e4950f19c8d26db3,01_原始数据/代码仓库镜像/MatImpute/experiment/dataset/miss_datasets/bandgap/sum_valence_d_0.8.csv,sum_valence_d_0.8.csv,211338,2406c865844223683929290172f78b241a1daae19e86d35da2fe966c661196ec,,,2026-07-18,UNKNOWN,,,metadata_only,unknown,review_required,尚未在配置/数据源.yaml逐来源登记；默认禁止发布。
raw_vault_unregistered,source_file_58ebdf102b7a39ba,01_原始数据/代码仓库镜像/MatImpute/experiment/dataset/miss_datasets/bandgap/sum_valence_d_0.9.csv,sum_valence_d_0.9.csv,210413,0a618876da485665acd81b56e2b5bf0596db8870a8faf8ded7563c16e2327d92,,,2026-07-18,UNKNOWN,,,metadata_only,unknown,review_required,尚未在配置/数据源.yaml逐来源登记；默认禁止发布。
raw_vault_unregistered,source_file_f842f83866739574,01_原始数据/代码仓库镜像/MatImpute/experiment/dataset/miss_datasets/bandgap/target_0.1.csv,target_0.1.csv,217644,4c7012f24f0a607e3bb2f61da984bd4a5cff81f82ac8f5e73f7a34e04cc10e59,,,2026-07-18,UNKNOWN,,,metadata_only,unknown,review_required,尚未在配置/数据源.yaml逐来源登记；默认禁止发布。
raw_vault_unregistered,source_file_38e558d6fd200637,01_原始数据/代码仓库镜像/MatImpute/experiment/dataset/miss_datasets/bandgap/target_0.2.csv,target_0.2.csv,216635,efab32dd342c691ec952619875bba4b3365e35f36f866ca48b595c7a74a011e4,,,2026-07-18,UNKNOWN,,,metadata_only,unknown,review_required,尚未在配置/数据源.yaml逐来源登记；默认禁止发布。
raw_vault_unregistered,source_file_b4cfd911eaa469d5,01_原始数据/代码仓库镜像/MatImpute/experiment/dataset/miss_datasets/bandgap/target_0.30000000000000004.csv,target_0.30000000000000004.csv,215512,55c06e8ee1fedbba9d86cc4ff600945192ed023ab95850463bd5f069ded7291f,,,2026-07-18,UNKNOWN,,,metadata_only,unknown,review_required,尚未在配置/数据源.yaml逐来源登记；默认禁止发布。
raw_vault_unregistered,source_file_b52c2b03ee2bec17,01_原始数据/代码仓库镜像/MatImpute/experiment/dataset/miss_datasets/bandgap/target_0.4.csv,target_0.4.csv,214609,e13839c233d5aa70fabd18e3b36a3fe48c776f084d11527769b49924a33003a6,,,2026-07-18,UNKNOWN,,,metadata_only,unknown,review_required,尚未在配置/数据源.yaml逐来源登记；默认禁止发布。
raw_vault_unregistered,source_file_1287beadd7347f62,01_原始数据/代码仓库镜像/MatImpute/experiment/dataset/miss_datasets/bandgap/target_0.5.csv,target_0.5.csv,213455,7798f65238433826770460037abb8f240d09fff64bc51d43463da3ba3a141e39,,,2026-07-18,UNKNOWN,,,metadata_only,unknown,review_required,尚未在配置/数据源.yaml逐来源登记；默认禁止发布。
raw_vault_unregistered,source_file_9a9349c8e5eade89,01_原始数据/代码仓库镜像/MatImpute/experiment/dataset/miss_datasets/bandgap/target_0.6000000000000001.csv,target_0.6000000000000001.csv,212547,e813d17fb620c15eed376ae270175ceccbd75d235e86bf2e731fee778f2d4134,,,2026-07-18,UNKNOWN,,,metadata_only,unknown,review_required,尚未在配置/数据源.yaml逐来源登记；默认禁止发布。
raw_vault_unregistered,source_file_228f676a6fe10d49,01_原始数据/代码仓库镜像/MatImpute/experiment/dataset/miss_datasets/bandgap/target_0.7000000000000001.csv,target_0.7000000000000001.csv,211467,8eb973511ab67ce1fae07004ea0fea34e8206629aa59659bbdf9bcb9cd334824,,,2026-07-18,UNKNOWN,,,metadata_only,unknown,review_required,尚未在配置/数据源.yaml逐来源登记；默认禁止发布。
raw_vault_unregistered,source_file_160e95b0a13fa07e,01_原始数据/代码仓库镜像/MatImpute/experiment/dataset/miss_datasets/bandgap/target_0.8.csv,target_0.8.csv,210444,2f6c530fed45e2434a2b61f438cac1d70722dd829a620fa0b324f1ab7ac00349,,,2026-07-18,UNKNOWN,,,metadata_only,unknown,review_required,尚未在配置/数据源.yaml逐来源登记；默认禁止发布。
raw_vault_unregistered,source_file_6defd36bc8502a28,01_原始数据/代码仓库镜像/MatImpute/experiment/dataset/miss_datasets/bandgap/target_0.9.csv,target_0.9.csv,209399,eba006fb4cf8572cf81ba17a1554baa7a61dcf481998b114d7fbfe1b13767141,,,2026-07-18,UNKNOWN,,,metadata_only,unknown,review_required,尚未在配置/数据源.yaml逐来源登记；默认禁止发布。
raw_vault_unregistered,source_file_f2bcb782ac564f6d,01_原始数据/代码仓库镜像/MatImpute/experiment/dataset/miss_datasets/BMDS_data/a_0.1.csv,a_0.1.csv,132650,0a7eac6846db392bb5876c7f7f416847281edfa2d6ba57fc1dacd71623649b19,,,2026-07-18,UNKNOWN,,,metadata_only,unknown,review_required,尚未在配置/数据源.yaml逐来源登记；默认禁止发布。
raw_vault_unregistered,source_file_41ad6e2ab844735f,01_原始数据/代码仓库镜像/MatImpute/experiment/dataset/miss_datasets/BMDS_data/a_0.2.csv,a_0.2.csv,131744,4bff0e3014a5468b5ff24713a6e7ad9ff4fd53d1982e640deb6343a5fcf809be,,,2026-07-18,UNKNOWN,,,metadata_only,unknown,review_required,尚未在配置/数据源.yaml逐来源登记；默认禁止发布。
raw_vault_unregistered,source_file_0d65a50c54e97c87,01_原始数据/代码仓库镜像/MatImpute/experiment/dataset/miss_datasets/BMDS_data/a_0.30000000000000004.csv,a_0.30000000000000004.csv,130840,34df6140da1dcd1128da732f4f4689756616876d9cce5a1e4741faf9bee26f25,,,2026-07-18,UNKNOWN,,,metadata_only,unknown,review_required,尚未在配置/数据源.yaml逐来源登记；默认禁止发布。
raw_vault_unregistered,source_file_3720b822e338fa67,01_原始数据/代码仓库镜像/MatImpute/experiment/dataset/miss_datasets/BMDS_data/a_0.4.csv,a_0.4.csv,129933,866ae99a943878a5534962abbabd873fa9476899e4bcc5f6b5bf2079289820f7,,,2026-07-18,UNKNOWN,,,metadata_only,unknown,review_required,尚未在配置/数据源.yaml逐来源登记；默认禁止发布。
raw_vault_unregistered,source_file_323e0eba1085575a,01_原始数据/代码仓库镜像/MatImpute/experiment/dataset/miss_datasets/BMDS_data/a_0.5.csv,a_0.5.csv,129035,cbad2a0d4ac7ded2b66d5408156ef6de0aec6e4e0ca49be74550589c01b3bff2,,,2026-07-18,UNKNOWN,,,metadata_only,unknown,review_required,尚未在配置/数据源.yaml逐来源登记；默认禁止发布。
raw_vault_unregistered,source_file_2a324012a23b35bf,01_原始数据/代码仓库镜像/MatImpute/experiment/dataset/miss_datasets/BMDS_data/a_0.6000000000000001.csv,a_0.6000000000000001.csv,128126,f290bb854076b652adbdc77470bcbcfea2194eaf840e20e0e998af3ec245f7e3,,,2026-07-18,UNKNOWN,,,metadata_only,unknown,review_required,尚未在配置/数据源.yaml逐来源登记；默认禁止发布。
raw_vault_unregistered,source_file_d3981aebc6cdb442,01_原始数据/代码仓库镜像/MatImpute/experiment/dataset/miss_datasets/BMDS_data/a_0.7000000000000001.csv,a_0.7000000000000001.csv,127235,bb9e0e73b55a0b7f4d228b9ad7ec288830eae976d3d379114ef8adab910211a8,,,2026-07-18,UNKNOWN,,,metadata_only,unknown,review_required,尚未在配置/数据源.yaml逐来源登记；默认禁止发布。
raw_vault_unregistered,source_file_e554dbbfc5b29b61,01_原始数据/代码仓库镜像/MatImpute/experiment/dataset/miss_datasets/BMDS_data/a_0.8.csv,a_0.8.csv,126329,c9e7344a171e2d568efde09495bec9f692f56ce84419acbe9c102037d04f3851,,,2026-07-18,UNKNOWN,,,metadata_only,unknown,review_required,尚未在配置/数据源.yaml逐来源登记；默认禁止发布。
raw_vault_unregistered,source_file_b01cf88a4780e1a4,01_原始数据/代码仓库镜像/MatImpute/experiment/dataset/miss_datasets/BMDS_data/a_0.9.csv,a_0.9.csv,125416,afabe9973295b89ef32944bc8b886be35972e56ae0326a1560acaba318c4d2a3,,,2026-07-18,UNKNOWN,,,metadata_only,unknown,review_required,尚未在配置/数据源.yaml逐来源登记；默认禁止发布。
raw_vault_unregistered,source_file_bd8467dcdedded81,01_原始数据/代码仓库镜像/MatImpute/experiment/dataset/miss_datasets/BMDS_data/a_mono_0.1.csv,a_mono_0.1.csv,132652,4ff0bb4cb34435fb8a6de9ca0c381ce96283c7cc98632d53f9068545bd3805fa,,,2026-07-18,UNKNOWN,,,metadata_only,unknown,review_required,尚未在配置/数据源.yaml逐来源登记；默认禁止发布。
raw_vault_unregistered,source_file_91745b71f507e76b,01_原始数据/代码仓库镜像/MatImpute/experiment/dataset/miss_datasets/BMDS_data/a_mono_0.2.csv,a_mono_0.2.csv,131748,ec199de72b8d0bfcde34fd312bf883e2c51862d7865b83b2ed9134286b816276,,,2026-07-18,UNKNOWN,,,metadata_only,unknown,review_required,尚未在配置/数据源.yaml逐来源登记；默认禁止发布。
raw_vault_unregistered,source_file_fc085d4bfaede74d,01_原始数据/代码仓库镜像/MatImpute/experiment/dataset/miss_datasets/BMDS_data/a_mono_0.30000000000000004.csv,a_mono_0.30000000000000004.csv,130845,d92dbe5db699178b5ee90290957044d6740ef559f563b97a9dd2f1507b9793cc,,,2026-07-18,UNKNOWN,,,metadata_only,unknown,review_required,尚未在配置/数据源.yaml逐来源登记；默认禁止发布。
raw_vault_unregistered,source_file_3a96f1a2b9a08337,01_原始数据/代码仓库镜像/MatImpute/experiment/dataset/miss_datasets/BMDS_data/a_mono_0.4.csv,a_mono_0.4.csv,129946,f22b2c9ac473f297bc2fd5bf57392b7e5bf295921ae752cd1c3432bdc60d25ad,,,2026-07-18,UNKNOWN,,,metadata_only,unknown,review_required,尚未在配置/数据源.yaml逐来源登记；默认禁止发布。
raw_vault_unregistered,source_file_82976bda3b8f503a,01_原始数据/代码仓库镜像/MatImpute/experiment/dataset/miss_datasets/BMDS_data/a_mono_0.5.csv,a_mono_0.5.csv,129036,b04c196d4d4150d91dc26fea9a17378fcd9795369c5b50c38d145838bdfe83c2,,,2026-07-18,UNKNOWN,,,metadata_only,unknown,review_required,尚未在配置/数据源.yaml逐来源登记；默认禁止发布。
raw_vault_unregistered,source_file_f1bad3b68fe223fe,01_原始数据/代码仓库镜像/MatImpute/experiment/dataset/miss_datasets/BMDS_data/a_mono_0.6000000000000001.csv,a_mono_0.6000000000000001.csv,128132,b3a193362bc29243d1d173be297d4b2efee538dcefd843a13215fdd417b733fc,,,2026-07-18,UNKNOWN,,,metadata_only,unknown,review_required,尚未在配置/数据源.yaml逐来源登记；默认禁止发布。
raw_vault_unregistered,source_file_af3f297fad824f20,01_原始数据/代码仓库镜像/MatImpute/experiment/dataset/miss_datasets/BMDS_data/a_mono_0.7000000000000001.csv,a_mono_0.7000000000000001.csv,127229,70d8f668cc59771ed6a013eb33104d9c8ab0d81a6818215e540809a1b8e2b40c,,,2026-07-18,UNKNOWN,,,metadata_only,unknown,review_required,尚未在配置/数据源.yaml逐来源登记；默认禁止发布。
raw_vault_unregistered,source_file_eede28918b805ef4,01_原始数据/代码仓库镜像/MatImpute/experiment/dataset/miss_datasets/BMDS_data/a_mono_0.8.csv,a_mono_0.8.csv,126335,d4a66be356258b3437a521bd7aeb9eb56bf576d0a53fcf6ea46841124264b087,,,2026-07-18,UNKNOWN,,,metadata_only,unknown,review_required,尚未在配置/数据源.yaml逐来源登记；默认禁止发布。
raw_vault_unregistered,source_file_0c1eadd7e49e2ddc,01_原始数据/代码仓库镜像/MatImpute/experiment/dataset/miss_datasets/BMDS_data/a_mono_0.9.csv,a_mono_0.9.csv,125428,250ffe347ed49c9ac9db7c48a7fe17f6eaa22e190ae1f7e736ef45655d23e777,,,2026-07-18,UNKNOWN,,,metadata_only,unknown,review_required,尚未在配置/数据源.yaml逐来源登记；默认禁止发布。
raw_vault_unregistered,source_file_88575e7b2a66940a,01_原始数据/代码仓库镜像/MatImpute/experiment/dataset/miss_datasets/BMDS_data/area_0.1.csv,area_0.1.csv,132592,d0c14c019ac0b10863e52629e3f18e9f88aaa8dda8282c6ebe532a04a066f7be,,,2026-07-18,UNKNOWN,,,metadata_only,unknown,review_required,尚未在配置/数据源.yaml逐来源登记；默认禁止发布。
raw_vault_unregistered,source_file_296b3a008d3e218e,01_原始数据/代码仓库镜像/MatImpute/experiment/dataset/miss_datasets/BMDS_data/area_0.2.csv,area_0.2.csv,131626,b81eac8d5c1d4dcae66b64765f2724c006805659dac92f1d4830d0de6fcce8ca,,,2026-07-18,UNKNOWN,,,metadata_only,unknown,review_required,尚未在配置/数据源.yaml逐来源登记；默认禁止发布。
raw_vault_unregistered,source_file_810268c946b676cc,01_原始数据/代码仓库镜像/MatImpute/experiment/dataset/miss_datasets/BMDS_data/area_0.30000000000000004.csv,area_0.30000000000000004.csv,130682,fdabc9f0448d602a848c79c22f4e20df82187652a0fb997b530961b51862cbb4,,,2026-07-18,UNKNOWN,,,metadata_only,unknown,review_required,尚未在配置/数据源.yaml逐来源登记；默认禁止发布。
raw_vault_unregistered,source_file_6615cd4eeaf96939,01_原始数据/代码仓库镜像/MatImpute/experiment/dataset/miss_datasets/BMDS_data/area_0.4.csv,area_0.4.csv,129718,77745e5c45c88876e3f9ce57ef93f8632b6ef108f9d1976e2703e9176f4f59f7,,,2026-07-18,UNKNOWN,,,metadata_only,unknown,review_required,尚未在配置/数据源.yaml逐来源登记；默认禁止发布。
raw_vault_unregistered,source_file_bb3df81c57434990,01_原始数据/代码仓库镜像/MatImpute/experiment/dataset/miss_datasets/BMDS_data/area_0.5.csv,area_0.5.csv,128764,561904371435bc168734e8649419b3bb2d31e645bb29da14fe7c7d5094ef9703,,,2026-07-18,UNKNOWN,,,metadata_only,unknown,review_required,尚未在配置/数据源.yaml逐来源登记；默认禁止发布。
raw_vault_unregistered,source_file_2ba2aa79f28b0ab7,01_原始数据/代码仓库镜像/MatImpute/experiment/dataset/miss_datasets/BMDS_data/area_0.6000000000000001.csv,area_0.6000000000000001.csv,127806,140e5cd57ca3a617144f864e3feccc47a3ae2997bdcbc5669bd19acf5435c3f2,,,2026-07-18,UNKNOWN,,,metadata_only,unknown,review_required,尚未在配置/数据源.yaml逐来源登记；默认禁止发布。
raw_vault_unregistered,source_file_6231188976303fac,01_原始数据/代码仓库镜像/MatImpute/experiment/dataset/miss_datasets/BMDS_data/area_0.7000000000000001.csv,area_0.7000000000000001.csv,126844,550ec7d029fe8f60c2bc5a72d03abb0959ae432b1f2b9161dd0427625e9a0623,,,2026-07-18,UNKNOWN,,,metadata_only,unknown,review_required,尚未在配置/数据源.yaml逐来源登记；默认禁止发布。
raw_vault_unregistered,source_file_4ba5f9fce8d7e2af,01_原始数据/代码仓库镜像/MatImpute/experiment/dataset/miss_datasets/BMDS_data/area_0.8.csv,area_0.8.csv,125872,ecf4bfaaab72c9891458837afdd1f70fd40e204755115e5850dedfbb4d67d0a3,,,2026-07-18,UNKNOWN,,,metadata_only,unknown,review_required,尚未在配置/数据源.yaml逐来源登记；默认禁止发布。
raw_vault_unregistered,source_file_13d708cc1faacb6e,01_原始数据/代码仓库镜像/MatImpute/experiment/dataset/miss_datasets/BMDS_data/area_0.9.csv,area_0.9.csv,124919,83fce26c0ddaa289b25509d794b2e7fd75e6342579278f6ffcb46b590363a47c,,,2026-07-18,UNKNOWN,,,metadata_only,unknown,review_required,尚未在配置/数据源.yaml逐来源登记；默认禁止发布。
raw_vault_unregistered,source_file_bad5278ffd3c4989,01_原始数据/代码仓库镜像/MatImpute/experiment/dataset/miss_datasets/BMDS_data/b_0.1.csv,b_0.1.csv,132646,9c1b1a7db4cb5c52f23a08f013cbb26879749ab5478428c6ba26fa171b566248,,,2026-07-18,UNKNOWN,,,metadata_only,unknown,review_required,尚未在配置/数据源.yaml逐来源登记；默认禁止发布。
raw_vault_unregistered,source_file_aabe4a24c8cd065b,01_原始数据/代码仓库镜像/MatImpute/experiment/dataset/miss_datasets/BMDS_data/b_0.2.csv,b_0.2.csv,131743,581ca10bae4b282bfacc9bb3f2619b4668051e5fc816c05d86d02cbaa11e9af4,,,2026-07-18,UNKNOWN,,,metadata_only,unknown,review_required,尚未在配置/数据源.yaml逐来源登记；默认禁止发布。
raw_vault_unregistered,source_file_bc4979135d42910f,01_原始数据/代码仓库镜像/MatImpute/experiment/dataset/miss_datasets/BMDS_data/b_0.30000000000000004.csv,b_0.30000000000000004.csv,130848,fc16693b89136699385e0d782413336c7119686a59f70dc1101af2a518e2bfa5,,,2026-07-18,UNKNOWN,,,metadata_only,unknown,review_required,尚未在配置/数据源.yaml逐来源登记；默认禁止发布。
raw_vault_unregistered,source_file_7180ef4898173b9f,01_原始数据/代码仓库镜像/MatImpute/experiment/dataset/miss_datasets/BMDS_data/b_0.4.csv,b_0.4.csv,129944,930569906186dabb71aaebbb47888c40d70ec6e9b2bf9454c5e0eaf7ab5e041a,,,2026-07-18,UNKNOWN,,,metadata_only,unknown,review_required,尚未在配置/数据源.yaml逐来源登记；默认禁止发布。
raw_vault_unregistered,source_file_917a68f77303df76,01_原始数据/代码仓库镜像/MatImpute/experiment/dataset/miss_datasets/BMDS_data/b_0.5.csv,b_0.5.csv,129038,a8e4e687d5e2442d6a197601d35d0014cc374a9e70bfb87521ecbe9f172b7ff5,,,2026-07-18,UNKNOWN,,,metadata_only,unknown,review_required,尚未在配置/数据源.yaml逐来源登记；默认禁止发布。
raw_vault_unregistered,source_file_5608c71d65a79fa0,01_原始数据/代码仓库镜像/MatImpute/experiment/dataset/miss_datasets/BMDS_data/b_0.6000000000000001.csv,b_0.6000000000000001.csv,128128,6718c458b9d76e9e83a60f2d29630a9915f07ce482bca6ca9b137a0b906f6e38,,,2026-07-18,UNKNOWN,,,metadata_only,unknown,review_required,尚未在配置/数据源.yaml逐来源登记；默认禁止发布。
raw_vault_unregistered,source_file_c986d3a241c7eb1d,01_原始数据/代码仓库镜像/MatImpute/experiment/dataset/miss_datasets/BMDS_data/b_0.7000000000000001.csv,b_0.7000000000000001.csv,127236,37cca9a9171dcdf8242ce5f6b0236b95ce9192aa50b52e122a01c6a970cf7888,,,2026-07-18,UNKNOWN,,,metadata_only,unknown,review_required,尚未在配置/数据源.yaml逐来源登记；默认禁止发布。
raw_vault_unregistered,source_file_bc9f89ca148857c8,01_原始数据/代码仓库镜像/MatImpute/experiment/dataset/miss_datasets/BMDS_data/b_0.8.csv,b_0.8.csv,126322,321352c17620d4514d14618e2e72de6108609f85808db17cf60547e911908702,,,2026-07-18,UNKNOWN,,,metadata_only,unknown,review_required,尚未在配置/数据源.yaml逐来源登记；默认禁止发布。
raw_vault_unregistered,source_file_0d893e9780c19471,01_原始数据/代码仓库镜像/MatImpute/experiment/dataset/miss_datasets/BMDS_data/b_0.9.csv,b_0.9.csv,125425,4aa4ed31013e3b3bbd9d38af113859551d344c830a16c84382be0a9978aba18b,,,2026-07-18,UNKNOWN,,,metadata_only,unknown,review_required,尚未在配置/数据源.yaml逐来源登记；默认禁止发布。
raw_vault_unregistered,source_file_2f444408d4fca029,01_原始数据/代码仓库镜像/MatImpute/experiment/dataset/miss_datasets/BMDS_data/d_0.1.csv,d_0.1.csv,132652,949d80bccbef802c0021370c3375515129594807dcfef0fea03c8a9e6cae5b9b,,,2026-07-18,UNKNOWN,,,metadata_only,unknown,review_required,尚未在配置/数据源.yaml逐来源登记；默认禁止发布。
raw_vault_unregistered,source_file_f34f2819b53dbdf5,01_原始数据/代码仓库镜像/MatImpute/experiment/dataset/miss_datasets/BMDS_data/d_0.2.csv,d_0.2.csv,131745,b027038b32ac00ab2f9a66839dad6aa77b84bcc759b49d6817c86d634d1a5cf7,,,2026-07-18,UNKNOWN,,,metadata_only,unknown,review_required,尚未在配置/数据源.yaml逐来源登记；默认禁止发布。
raw_vault_unregistered,source_file_bfd999e06e2b968b,01_原始数据/代码仓库镜像/MatImpute/experiment/dataset/miss_datasets/BMDS_data/d_0.30000000000000004.csv,d_0.30000000000000004.csv,130842,083edb0512c6da9b71359d0d470fa00ea84c3be5d0ed7543f52a3f762711cba5,,,2026-07-18,UNKNOWN,,,metadata_only,unknown,review_required,尚未在配置/数据源.yaml逐来源登记；默认禁止发布。
raw_vault_unregistered,source_file_596f1c59a811a65b,01_原始数据/代码仓库镜像/MatImpute/experiment/dataset/miss_datasets/BMDS_data/d_0.4.csv,d_0.4.csv,129938,ef69539c69dae1c04b71db7e90600e50d106ab506229589dcaa4a19c3871dcfd,,,2026-07-18,UNKNOWN,,,metadata_only,unknown,review_required,尚未在配置/数据源.yaml逐来源登记；默认禁止发布。
raw_vault_unregistered,source_file_0af26499a0f81628,01_原始数据/代码仓库镜像/MatImpute/experiment/dataset/miss_datasets/BMDS_data/d_0.5.csv,d_0.5.csv,129040,906b34732b8b652ceb92959f8ef5b6a39a9071ab2f4ac938f8b704720f7d088b,,,2026-07-18,UNKNOWN,,,metadata_only,unknown,review_required,尚未在配置/数据源.yaml逐来源登记；默认禁止发布。
raw_vault_unregistered,source_file_12a490195672681c,01_原始数据/代码仓库镜像/MatImpute/experiment/dataset/miss_datasets/BMDS_data/d_0.6000000000000001.csv,d_0.6000000000000001.csv,128141,2d2401691a3e48c85fa1b58eac012a70313efeddd6d0b57d59b1504286486a38,,,2026-07-18,UNKNOWN,,,metadata_only,unknown,review_required,尚未在配置/数据源.yaml逐来源登记；默认禁止发布。
raw_vault_unregistered,source_file_757126e271cd9b98,01_原始数据/代码仓库镜像/MatImpute/experiment/dataset/miss_datasets/BMDS_data/d_0.7000000000000001.csv,d_0.7000000000000001.csv,127237,00b7813cac9ffbc42125245845e0f4fdf81d25aef92679281428e036c982f4ba,,,2026-07-18,UNKNOWN,,,metadata_only,unknown,review_required,尚未在配置/数据源.yaml逐来源登记；默认禁止发布。
raw_vault_unregistered,source_file_21547ac6c2352e64,01_原始数据/代码仓库镜像/MatImpute/experiment/dataset/miss_datasets/BMDS_data/d_0.8.csv,d_0.8.csv,126330,f4e1b1f4a43458374e9ac84cb2a4fb46f045280c0b4082ad514907a7837f4c65,,,2026-07-18,UNKNOWN,,,metadata_only,unknown,review_required,尚未在配置/数据源.yaml逐来源登记；默认禁止发布。
raw_vault_unregistered,source_file_7a0c36ccae2aab6a,01_原始数据/代码仓库镜像/MatImpute/experiment/dataset/miss_datasets/BMDS_data/d_0.9.csv,d_0.9.csv,125427,0f8e08c0ee4828bce79158c130b77cfa9de76cdb3130af4afde8fa6f6f626187,,,2026-07-18,UNKNOWN,,,metadata_only,unknown,review_required,尚未在配置/数据源.yaml逐来源登记；默认禁止发布。
raw_vault_unregistered,source_file_4f64f2cb4ca4d19f,01_原始数据/代码仓库镜像/MatImpute/experiment/dataset/miss_datasets/BMDS_data/DFT_energy_bi_0.1.csv,DFT_energy_bi_0.1.csv,132801,fe71c50f81b171edc383fcd6474203347941db0b1a164010c8e06061d3e5ee97,,,2026-07-18,UNKNOWN,,,metadata_only,unknown,review_required,尚未在配置/数据源.yaml逐来源登记；默认禁止发布。
raw_vault_unregistered,source_file_a9e9ebe35b3f5e7b,01_原始数据/代码仓库镜像/MatImpute/experiment/dataset/miss_datasets/BMDS_data/DFT_energy_bi_0.2.csv,DFT_energy_bi_0.2.csv,132049,30ccff4a659f4b127f54af0a1ad9909155419c7b36cdabd09cb4fc75655f4e2d,,,2026-07-18,UNKNOWN,,,metadata_only,unknown,review_required,尚未在配置/数据源.yaml逐来源登记；默认禁止发布。
raw_vault_unregistered,source_file_f66cfe00f57580d0,01_原始数据/代码仓库镜像/MatImpute/experiment/dataset/miss_datasets/BMDS_data/DFT_energy_bi_0.30000000000000004.csv,DFT_energy_bi_0.30000000000000004.csv,131300,fb2899341e0255aafd5c0b98641967b220951971382cb8f9ec70b917ab5b12ba,,,2026-07-18,UNKNOWN,,,metadata_only,unknown,review_required,尚未在配置/数据源.yaml逐来源登记；默认禁止发布。
raw_vault_unregistered,source_file_c334a50f76aaab35,01_原始数据/代码仓库镜像/MatImpute/experiment/dataset/miss_datasets/BMDS_data/DFT_energy_bi_0.4.csv,DFT_energy_bi_0.4.csv,130546,99f754e65da5712abe494fe7ff8f7b3f4410754141cbfced0b849989b5233b4d,,,2026-07-18,UNKNOWN,,,metadata_only,unknown,review_required,尚未在配置/数据源.yaml逐来源登记；默认禁止发布。
raw_vault_unregistered,source_file_6fb399abc01392e7,01_原始数据/代码仓库镜像/MatImpute/experiment/dataset/miss_datasets/BMDS_data/DFT_energy_bi_0.5.csv,DFT_energy_bi_0.5.csv,129800,0ef367d114cf8fa56f35adbd3c6b2b62e46baeefcdf8f2bd25ce78034d6898dc,,,2026-07-18,UNKNOWN,,,metadata_only,unknown,review_required,尚未在配置/数据源.yaml逐来源登记；默认禁止发布。
raw_vault_unregistered,source_file_5eb013e1d0df4f50,01_原始数据/代码仓库镜像/MatImpute/experiment/dataset/miss_datasets/BMDS_data/DFT_energy_bi_0.6000000000000001.csv,DFT_energy_bi_0.6000000000000001.csv,129056,5a90f35008f8dc8fe85bf7f32984240829a5955b66cdf5bde265723bd4fcba0b,,,2026-07-18,UNKNOWN,,,metadata_only,unknown,review_required,尚未在配置/数据源.yaml逐来源登记；默认禁止发布。
raw_vault_unregistered,source_file_d51f74029919aab4,01_原始数据/代码仓库镜像/MatImpute/experiment/dataset/miss_datasets/BMDS_data/DFT_energy_bi_0.7000000000000001.csv,DFT_energy_bi_0.7000000000000001.csv,128304,46bde08c3a0c2246d8c3b35ce6213dcebd6497880ad8a9a06e5518c0555ea615,,,2026-07-18,UNKNOWN,,,metadata_only,unknown,review_required,尚未在配置/数据源.yaml逐来源登记；默认禁止发布。
raw_vault_unregistered,source_file_db869c647a399c38,01_原始数据/代码仓库镜像/MatImpute/experiment/dataset/miss_datasets/BMDS_data/DFT_energy_bi_0.8.csv,DFT_energy_bi_0.8.csv,127555,e5a2332e427a1365349a6c5893980179071c99e61186594daf21586c27a33cca,,,2026-07-18,UNKNOWN,,,metadata_only,unknown,review_required,尚未在配置/数据源.yaml逐来源登记；默认禁止发布。
raw_vault_unregistered,source_file_e61ac12d6a0d1e14,01_原始数据/代码仓库镜像/MatImpute/experiment/dataset/miss_datasets/BMDS_data/DFT_energy_bi_0.9.csv,DFT_energy_bi_0.9.csv,126806,f4f3bea81efcad9b6e28e1820fc4a8bfc1a9c38584f6fe0e836a0534f9d87739,,,2026-07-18,UNKNOWN,,,metadata_only,unknown,review_required,尚未在配置/数据源.yaml逐来源登记；默认禁止发布。
raw_vault_unregistered,source_file_c83a6c8b7a47a761,01_原始数据/代码仓库镜像/MatImpute/experiment/dataset/miss_datasets/BMDS_data/formation_energy_0.1.csv,formation_energy_0.1.csv,132637,82e5dc4b35ce2dd6206154dc996ab0667e8e78f816cb2398e8691b8482452495,,,2026-07-18,UNKNOWN,,,metadata_only,unknown,review_required,尚未在配置/数据源.yaml逐来源登记；默认禁止发布。
raw_vault_unregistered,source_file_e4fd26405956d982,01_原始数据/代码仓库镜像/MatImpute/experiment/dataset/miss_datasets/BMDS_data/formation_energy_0.2.csv,formation_energy_0.2.csv,131754,23983cd3d880f9d01a598a3371564a78e7d277f4cbc6e7dddeb7a7d3233fbd74,,,2026-07-18,UNKNOWN,,,metadata_only,unknown,review_required,尚未在配置/数据源.yaml逐来源登记；默认禁止发布。
raw_vault_unregistered,source_file_a440b2a5f41c3d36,01_原始数据/代码仓库镜像/MatImpute/experiment/dataset/miss_datasets/BMDS_data/formation_energy_0.30000000000000004.csv,formation_energy_0.30000000000000004.csv,130866,3817dd624a2fdbca1e25ec5817ff15843976249b33dea84ef2d6ec66de097c37,,,2026-07-18,UNKNOWN,,,metadata_only,unknown,review_required,尚未在配置/数据源.yaml逐来源登记；默认禁止发布。
raw_vault_unregistered,source_file_ddd735e91d73ab02,01_原始数据/代码仓库镜像/MatImpute/experiment/dataset/miss_datasets/BMDS_data/formation_energy_0.4.csv,formation_energy_0.4.csv,129990,dedce3c2d0cb19638663a0a48f0591adb818d7ca86d55e7e1887e99d64c0e072,,,2026-07-18,UNKNOWN,,,metadata_only,unknown,review_required,尚未在配置/数据源.yaml逐来源登记；默认禁止发布。
raw_vault_unregistered,source_file_07b7ca174b2db1d9,01_原始数据/代码仓库镜像/MatImpute/experiment/dataset/miss_datasets/BMDS_data/formation_energy_0.5.csv,formation_energy_0.5.csv,129095,b772178748e5c0cca8678cfaca559a52c6be27a80edd1cacca15107719043340,,,2026-07-18,UNKNOWN,,,metadata_only,unknown,review_required,尚未在配置/数据源.yaml逐来源登记；默认禁止发布。
raw_vault_unregistered,source_file_a0d73d52c1007be7,01_原始数据/代码仓库镜像/MatImpute/experiment/dataset/miss_datasets/BMDS_data/formation_energy_0.6000000000000001.csv,formation_energy_0.6000000000000001.csv,128203,e20e655ec7a7f4c3968479492ae47db90e4a2baaba4d37fde9b9d7a29730802f,,,2026-07-18,UNKNOWN,,,metadata_only,unknown,review_required,尚未在配置/数据源.yaml逐来源登记；默认禁止发布。
raw_vault_unregistered,source_file_b2a3b8006edebdc9,01_原始数据/代码仓库镜像/MatImpute/experiment/dataset/miss_datasets/BMDS_data/formation_energy_0.7000000000000001.csv,formation_energy_0.7000000000000001.csv,127365,f2df9f3f9dc5e8f7bc6f18248c403496479eb81e8e0d28d91794b1f08bf73e3c,,,2026-07-18,UNKNOWN,,,metadata_only,unknown,review_required,尚未在配置/数据源.yaml逐来源登记；默认禁止发布。
raw_vault_unregistered,source_file_0480708ae1f0f485,01_原始数据/代码仓库镜像/MatImpute/experiment/dataset/miss_datasets/BMDS_data/formation_energy_0.8.csv,formation_energy_0.8.csv,126426,c9d8335cf6d5cd7547f864bce2afa31b54e1aa677e1180f7989c793e4cd13aa6,,,2026-07-18,UNKNOWN,,,metadata_only,unknown,review_required,尚未在配置/数据源.yaml逐来源登记；默认禁止发布。
raw_vault_unregistered,source_file_519e7431281639b4,01_原始数据/代码仓库镜像/MatImpute/experiment/dataset/miss_datasets/BMDS_data/formation_energy_0.9.csv,formation_energy_0.9.csv,125555,b57f9409f735635b94b1b8f61fbb2a4063e50ce3bea2bfed3e4c5fad29248faf,,,2026-07-18,UNKNOWN,,,metadata_only,unknown,review_required,尚未在配置/数据源.yaml逐来源登记；默认禁止发布。
raw_vault_unregistered,source_file_0d57f90256b48705,01_原始数据/代码仓库镜像/MatImpute/experiment/dataset/miss_datasets/BMDS_data/magnetic_moment_0.1.csv,magnetic_moment_0.1.csv,133320,d8fd6f90345fff9d5d383a958cedc66441f795dfdea4a7be322f035d16aaf6ce,,,2026-07-18,UNKNOWN,,,metadata_only,unknown,review_required,尚未在配置/数据源.yaml逐来源登记；默认禁止发布。
raw_vault_unregistered,source_file_969934b240092b2f,01_原始数据/代码仓库镜像/MatImpute/experiment/dataset/miss_datasets/BMDS_data/magnetic_moment_0.2.csv,magnetic_moment_0.2.csv,133092,f4425e65a307d4c057a9f4c775171e8a74c271b400f7090be2ed3a75f8a8f802,,,2026-07-18,UNKNOWN,,,metadata_only,unknown,review_required,尚未在配置/数据源.yaml逐来源登记；默认禁止发布。
raw_vault_unregistered,source_file_1ab95839ec3eaa6d,01_原始数据/代码仓库镜像/MatImpute/experiment/dataset/miss_datasets/BMDS_data/magnetic_moment_0.30000000000000004.csv,magnetic_moment_0.30000000000000004.csv,132858,5fedd28e374d1ed5506c279d7c26a383ea43cf36bf37b616f10c80460402569a,,,2026-07-18,UNKNOWN,,,metadata_only,unknown,review_required,尚未在配置/数据源.yaml逐来源登记；默认禁止发布。
raw_vault_unregistered,source_file_7701ffcbabc81e46,01_原始数据/代码仓库镜像/MatImpute/experiment/dataset/miss_datasets/BMDS_data/magnetic_moment_0.4.csv,magnetic_moment_0.4.csv,132613,13a11b7b92dc21ad0672bec26ec9ee01373e3026c9e32a6fefb82c483286f588,,,2026-07-18,UNKNOWN,,,metadata_only,unknown,review_required,尚未在配置/数据源.yaml逐来源登记；默认禁止发布。
raw_vault_unregistered,source_file_def37587c2e699a8,01_原始数据/代码仓库镜像/MatImpute/experiment/dataset/miss_datasets/BMDS_data/magnetic_moment_0.5.csv,magnetic_moment_0.5.csv,132372,8f955a5b9c469705bc08650305d24ca62d4904ebb7cc0460010bdea4cee58d5a,,,2026-07-18,UNKNOWN,,,metadata_only,unknown,review_required,尚未在配置/数据源.yaml逐来源登记；默认禁止发布。
raw_vault_unregistered,source_file_831946c0f50a554d,01_原始数据/代码仓库镜像/MatImpute/experiment/dataset/miss_datasets/BMDS_data/magnetic_moment_0.6000000000000001.csv,magnetic_moment_0.6000000000000001.csv,132148,efdceb4119d9e6b0ea50d14d2abbf516d99c4151fe83c7a46734c48045a8379d,,,2026-07-18,UNKNOWN,,,metadata_only,unknown,review_required,尚未在配置/数据源.yaml逐来源登记；默认禁止发布。
raw_vault_unregistered,source_file_64b4a9cdd575ba50,01_原始数据/代码仓库镜像/MatImpute/experiment/dataset/miss_datasets/BMDS_data/magnetic_moment_0.7000000000000001.csv,magnetic_moment_0.7000000000000001.csv,131902,37e82d18ef10d4f0f684cd7eb1a030d307c2c7a21916ac6c9361821d816a32a5,,,2026-07-18,UNKNOWN,,,metadata_only,unknown,review_required,尚未在配置/数据源.yaml逐来源登记；默认禁止发布。
raw_vault_unregistered,source_file_d68eeda74ab784cd,01_原始数据/代码仓库镜像/MatImpute/experiment/dataset/miss_datasets/BMDS_data/magnetic_moment_0.8.csv,magnetic_moment_0.8.csv,131674,02387e0d76b69e3dbdff254c2d3df1a061b0b6bb9c390d5b891990521c3bc5e0,,,2026-07-18,UNKNOWN,,,metadata_only,unknown,review_required,尚未在配置/数据源.yaml逐来源登记；默认禁止发布。
raw_vault_unregistered,source_file_8146d92155cd3bc8,01_原始数据/代码仓库镜像/MatImpute/experiment/dataset/miss_datasets/BMDS_data/magnetic_moment_0.9.csv,magnetic_moment_0.9.csv,131439,ebc31cb1b63fa9ebf5a8cd714199dcbe773bf52d81be2d49c16d084a1dcb3aef,,,2026-07-18,UNKNOWN,,,metadata_only,unknown,review_required,尚未在配置/数据源.yaml逐来源登记；默认禁止发布。
raw_vault_unregistered,source_file_4118b232a63fe2c5,01_原始数据/代码仓库镜像/MatImpute/experiment/dataset/miss_datasets/BMDS_data/no_soc_bandgap_0.1.csv,no_soc_bandgap_0.1.csv,133192,125b13a5493ca8afc5240a7add2481e642d5879fb6177440a95df52b4ea0095a,,,2026-07-18,UNKNOWN,,,metadata_only,unknown,review_required,尚未在配置/数据源.yaml逐来源登记；默认禁止发布。
raw_vault_unregistered,source_file_30f6a8b6ad01022d,01_原始数据/代码仓库镜像/MatImpute/experiment/dataset/miss_datasets/BMDS_data/no_soc_bandgap_0.2.csv,no_soc_bandgap_0.2.csv,132839,bc458d63e870866b84b4df0ff97ac316981a2ee8296550a824152593653a15d2,,,2026-07-18,UNKNOWN,,,metadata_only,unknown,review_required,尚未在配置/数据源.yaml逐来源登记；默认禁止发布。
raw_vault_unregistered,source_file_08509bcf5792ed46,01_原始数据/代码仓库镜像/MatImpute/experiment/dataset/miss_datasets/BMDS_data/no_soc_bandgap_0.30000000000000004.csv,no_soc_bandgap_0.30000000000000004.csv,132518,c8c44c44ddea80b7d0f5e6f79ebec573c5db11044ef246978e81bee3713de2c4,,,2026-07-18,UNKNOWN,,,metadata_only,unknown,review_required,尚未在配置/数据源.yaml逐来源登记；默认禁止发布。
raw_vault_unregistered,source_file_75a68c788eb49aff,01_原始数据/代码仓库镜像/MatImpute/experiment/dataset/miss_datasets/BMDS_data/no_soc_bandgap_0.4.csv,no_soc_bandgap_0.4.csv,132188,8b2db1487143c8b3ca5074e3c7841c389d9ae1cc9b50e86a94b844b56447fa12,,,2026-07-18,UNKNOWN,,,metadata_only,unknown,review_required,尚未在配置/数据源.yaml逐来源登记；默认禁止发布。
raw_vault_unregistered,source_file_1e2656f6c6db0343,01_原始数据/代码仓库镜像/MatImpute/experiment/dataset/miss_datasets/BMDS_data/no_soc_bandgap_0.5.csv,no_soc_bandgap_0.5.csv,131815,b6790788d2b641d4bed6c811626ff774a96d7862d34129ca42e1664da728cca3,,,2026-07-18,UNKNOWN,,,metadata_only,unknown,review_required,尚未在配置/数据源.yaml逐来源登记；默认禁止发布。
raw_vault_unregistered,source_file_24b4ba033a1f52f0,01_原始数据/代码仓库镜像/MatImpute/experiment/dataset/miss_datasets/BMDS_data/no_soc_bandgap_0.6000000000000001.csv,no_soc_bandgap_0.6000000000000001.csv,131458,19714227753aaaa5c553a622c80ed3af6586c3914d0e256ce5894030507a47e0,,,2026-07-18,UNKNOWN,,,metadata_only,unknown,review_required,尚未在配置/数据源.yaml逐来源登记；默认禁止发布。
raw_vault_unregistered,source_file_eda1fd2c5589f5a6,01_原始数据/代码仓库镜像/MatImpute/experiment/dataset/miss_datasets/BMDS_data/no_soc_bandgap_0.7000000000000001.csv,no_soc_bandgap_0.7000000000000001.csv,131098,00bf3cf995d5c336b0c74483fadb3c5146bf82046defdf24cd40d6e2c0090690,,,2026-07-18,UNKNOWN,,,metadata_only,unknown,review_required,尚未在配置/数据源.yaml逐来源登记；默认禁止发布。
raw_vault_unregistered,source_file_a62efbe16120a8ef,01_原始数据/代码仓库镜像/MatImpute/experiment/dataset/miss_datasets/BMDS_data/no_soc_bandgap_0.8.csv,no_soc_bandgap_0.8.csv,130729,0038324b024f55a43dcc0523820ab67692c1845ebbba179c6b787f683e58fb04,,,2026-07-18,UNKNOWN,,,metadata_only,unknown,review_required,尚未在配置/数据源.yaml逐来源登记；默认禁止发布。
raw_vault_unregistered,source_file_dd9a732f27d1dacc,01_原始数据/代码仓库镜像/MatImpute/experiment/dataset/miss_datasets/BMDS_data/no_soc_bandgap_0.9.csv,no_soc_bandgap_0.9.csv,130398,be6b262cfaef4fee73114982720aa24e42f31e138de94815ab593bf86232c437,,,2026-07-18,UNKNOWN,,,metadata_only,unknown,review_required,尚未在配置/数据源.yaml逐来源登记；默认禁止发布。
raw_vault_unregistered,source_file_3f8fe82a6d6676db,01_原始数据/代码仓库镜像/MatImpute/experiment/dataset/miss_datasets/CCPM/CE_MR_0.1.csv,CE_MR_0.1.csv,17791,6bcd5a347706d99e4ab66081e9573f3baa5b64bd0b6f493290be585ed820632a,,,2026-07-18,UNKNOWN,,,metadata_only,unknown,review_required,尚未在配置/数据源.yaml逐来源登记；默认禁止发布。
raw_vault_unregistered,source_file_21d007b97815e2d6,01_原始数据/代码仓库镜像/MatImpute/experiment/dataset/miss_datasets/CCPM/CE_MR_0.2.csv,CE_MR_0.2.csv,17695,465de95f95a374de7914f54f739389cfeb1219d4e1ee918e588dacb9ae4eb7c8,,,2026-07-18,UNKNOWN,,,metadata_only,unknown,review_required,尚未在配置/数据源.yaml逐来源登记；默认禁止发布。
raw_vault_unregistered,source_file_1c2de740ad5d9a37,01_原始数据/代码仓库镜像/MatImpute/experiment/dataset/miss_datasets/CCPM/CE_MR_0.30000000000000004.csv,CE_MR_0.30000000000000004.csv,17591,732cbbdeda44f67d2187c833f8d4fe44fcc79c41d8d2b3dc36e5805f094ae044,,,2026-07-18,UNKNOWN,,,metadata_only,unknown,review_required,尚未在配置/数据源.yaml逐来源登记；默认禁止发布。
raw_vault_unregistered,source_file_dad7d1d6bad9546d,01_原始数据/代码仓库镜像/MatImpute/experiment/dataset/miss_datasets/CCPM/CE_MR_0.4.csv,CE_MR_0.4.csv,17482,e63e600ea325e388d944e1874e803ed42dd22e3b603839445da0635d57dd8ebc,,,2026-07-18,UNKNOWN,,,metadata_only,unknown,review_required,尚未在配置/数据源.yaml逐来源登记；默认禁止发布。
raw_vault_unregistered,source_file_b576aae50da38710,01_原始数据/代码仓库镜像/MatImpute/experiment/dataset/miss_datasets/CCPM/CE_MR_0.5.csv,CE_MR_0.5.csv,17389,35942118de56337015257b2f2bbaad250ca6e2dfbf03d88bffe61e8c0358a15d,,,2026-07-18,UNKNOWN,,,metadata_only,unknown,review_required,尚未在配置/数据源.yaml逐来源登记；默认禁止发布。
raw_vault_unregistered,source_file_b08ca11a83914ffe,01_原始数据/代码仓库镜像/MatImpute/experiment/dataset/miss_datasets/CCPM/CE_MR_0.6000000000000001.csv,CE_MR_0.6000000000000001.csv,17284,49137007597f44df5633958f56bacf3a20fc2af4a53e345ca8532500ed7a985c,,,2026-07-18,UNKNOWN,,,metadata_only,unknown,review_required,尚未在配置/数据源.yaml逐来源登记；默认禁止发布。
raw_vault_unregistered,source_file_049225c864c0f2a0,01_原始数据/代码仓库镜像/MatImpute/experiment/dataset/miss_datasets/CCPM/CE_MR_0.7000000000000001.csv,CE_MR_0.7000000000000001.csv,17193,e8042dc7a38a28742009614e0759adb232765a3a24626f68af6420af3408feb1,,,2026-07-18,UNKNOWN,,,metadata_only,unknown,review_required,尚未在配置/数据源.yaml逐来源登记；默认禁止发布。
raw_vault_unregistered,source_file_f213237a9f67fabc,01_原始数据/代码仓库镜像/MatImpute/experiment/dataset/miss_datasets/CCPM/CE_MR_0.8.csv,CE_MR_0.8.csv,17067,8d47040279f0b6a9929ffd2a31c107a70cd3c1798a4d0e890953eca9e16b410a,,,2026-07-18,UNKNOWN,,,metadata_only,unknown,review_required,尚未在配置/数据源.yaml逐来源登记；默认禁止发布。
raw_vault_unregistered,source_file_b62b609cd6fe3310,01_原始数据/代码仓库镜像/MatImpute/experiment/dataset/miss_datasets/CCPM/CE_MR_0.9.csv,CE_MR_0.9.csv,16982,e2a86a96cd01807f79057e22ed49270ec606a162690de5811bfdb34731501608,,,2026-07-18,UNKNOWN,,,metadata_only,unknown,review_required,尚未在配置/数据源.yaml逐来源登记；默认禁止发布。
raw_vault_unregistered,source_file_516037267b3a5517,01_原始数据/代码仓库镜像/MatImpute/experiment/dataset/miss_datasets/CCPM/CHS (%)_0.1.csv,CHS (%)_0.1.csv,17814,7e375d4aa9715bf5cde61d7bf491f1781a90f356e9315813d01208e9913065e3,,,2026-07-18,UNKNOWN,,,metadata_only,unknown,review_required,尚未在配置/数据源.yaml逐来源登记；默认禁止发布。
raw_vault_unregistered,source_file_34295cd846d398c6,01_原始数据/代码仓库镜像/MatImpute/experiment/dataset/miss_datasets/CCPM/CHS (%)_0.2.csv,CHS (%)_0.2.csv,17707,aa2631cf30dc47172c09a75c7cb3e8fc64b563f9f3802e008409ca65d233442b,,,2026-07-18,UNKNOWN,,,metadata_only,unknown,review_required,尚未在配置/数据源.yaml逐来源登记；默认禁止发布。
raw_vault_unregistered,source_file_ad26cbd103331c6d,01_原始数据/代码仓库镜像/MatImpute/experiment/dataset/miss_datasets/CCPM/CHS (%)_0.30000000000000004.csv,CHS (%)_0.30000000000000004.csv,17621,e4f2028f7c03c648989029e6f63944f825f21b6884d508a5fdd3c01d1855e958,,,2026-07-18,UNKNOWN,,,metadata_only,unknown,review_required,尚未在配置/数据源.yaml逐来源登记；默认禁止发布。
raw_vault_unregistered,source_file_11918b286360a829,01_原始数据/代码仓库镜像/MatImpute/experiment/dataset/miss_datasets/CCPM/CHS (%)_0.4.csv,CHS (%)_0.4.csv,17529,18f5d55edcb16dc0b694ff96d83d51381a4b685897694bcb956fff0ee96930b1,,,2026-07-18,UNKNOWN,,,metadata_only,unknown,review_required,尚未在配置/数据源.yaml逐来源登记；默认禁止发布。
raw_vault_unregistered,source_file_916c9e85fe88a1a5,01_原始数据/代码仓库镜像/MatImpute/experiment/dataset/miss_datasets/CCPM/CHS (%)_0.5.csv,CHS (%)_0.5.csv,17444,e5c5fd1327a92221b904434d997093cc02e62361e02049daebe82af42f7b99a1,,,2026-07-18,UNKNOWN,,,metadata_only,unknown,review_required,尚未在配置/数据源.yaml逐来源登记；默认禁止发布。
raw_vault_unregistered,source_file_805711116c71ec10,01_原始数据/代码仓库镜像/MatImpute/experiment/dataset/miss_datasets/CCPM/CHS (%)_0.6000000000000001.csv,CHS (%)_0.6000000000000001.csv,17343,392471321d5c29c9ad9752a3a2630c52a224e311eb8dff3381b9ce717b5ed5f2,,,2026-07-18,UNKNOWN,,,metadata_only,unknown,review_required,尚未在配置/数据源.yaml逐来源登记；默认禁止发布。
raw_vault_unregistered,source_file_e0b43a4735893248,01_原始数据/代码仓库镜像/MatImpute/experiment/dataset/miss_datasets/CCPM/CHS (%)_0.7000000000000001.csv,CHS (%)_0.7000000000000001.csv,17250,bbcf6d7e53606cd5b071dc2918e6baf8ec3681e4309942e18844f2b334ed8959,,,2026-07-18,UNKNOWN,,,metadata_only,unknown,review_required,尚未在配置/数据源.yaml逐来源登记；默认禁止发布。
raw_vault_unregistered,source_file_a8367b63b8aab19c,01_原始数据/代码仓库镜像/MatImpute/experiment/dataset/miss_datasets/CCPM/CHS (%)_0.8.csv,CHS (%)_0.8.csv,17164,74e5ff1c4546937aa0c1f906fb377f67ac50cb6d86d01afad8295bd88ed26240,,,2026-07-18,UNKNOWN,,,metadata_only,unknown,review_required,尚未在配置/数据源.yaml逐来源登记；默认禁止发布。
raw_vault_unregistered,source_file_8564d27d027a5ed4,01_原始数据/代码仓库镜像/MatImpute/experiment/dataset/miss_datasets/CCPM/CHS (%)_0.9.csv,CHS (%)_0.9.csv,17063,367c6ad7270cc5a14847dff5c8b924d9df3dd4c7417dceb7a293ee00f19d887a,,,2026-07-18,UNKNOWN,,,metadata_only,unknown,review_required,尚未在配置/数据源.yaml逐来源登记；默认禁止发布。
raw_vault_unregistered,source_file_42fb6aa6a26bf5dc,01_原始数据/代码仓库镜像/MatImpute/experiment/dataset/miss_datasets/CCPM/DI_MR_0.1.csv,DI_MR_0.1.csv,17830,900f0b0764ce1df5504a44df9eed5114829b3ba2c5e00cb017a31db96067b55b,,,2026-07-18,UNKNOWN,,,metadata_only,unknown,review_required,尚未在配置/数据源.yaml逐来源登记；默认禁止发布。
raw_vault_unregistered,source_file_e3cfa29cc68c0c07,01_原始数据/代码仓库镜像/MatImpute/experiment/dataset/miss_datasets/CCPM/DI_MR_0.2.csv,DI_MR_0.2.csv,17729,415b8555f118b2ddb552c6499ba3202a5540fba4cff6dc3b3d5cf221c5ea2d19,,,2026-07-18,UNKNOWN,,,metadata_only,unknown,review_required,尚未在配置/数据源.yaml逐来源登记；默认禁止发布。
raw_vault_unregistered,source_file_eafe645224c689c1,01_原始数据/代码仓库镜像/MatImpute/experiment/dataset/miss_datasets/CCPM/DI_MR_0.30000000000000004.csv,DI_MR_0.30000000000000004.csv,17654,4dbd01df2d7c11c6f496bbaf8d291cdb9611e6bcac9324d2c003b852979733dc,,,2026-07-18,UNKNOWN,,,metadata_only,unknown,review_required,尚未在配置/数据源.yaml逐来源登记；默认禁止发布。
raw_vault_unregistered,source_file_8926a5572cf97208,01_原始数据/代码仓库镜像/MatImpute/experiment/dataset/miss_datasets/CCPM/DI_MR_0.4.csv,DI_MR_0.4.csv,17561,bfd754561dc823e2300d0b9e4a3e1fea2b1600ee2ab53319adc49c19a608da7c,,,2026-07-18,UNKNOWN,,,metadata_only,unknown,review_required,尚未在配置/数据源.yaml逐来源登记；默认禁止发布。
raw_vault_unregistered,source_file_e8beea45b6fa34b9,01_原始数据/代码仓库镜像/MatImpute/experiment/dataset/miss_datasets/CCPM/DI_MR_0.5.csv,DI_MR_0.5.csv,17483,30c3ea3388c87901976dfd8e5c52a9bf9e298ac1e884e4fa9964b1ab0e58fc7e,,,2026-07-18,UNKNOWN,,,metadata_only,unknown,review_required,尚未在配置/数据源.yaml逐来源登记；默认禁止发布。
raw_vault_unregistered,source_file_38457b9a265b3559,01_原始数据/代码仓库镜像/MatImpute/experiment/dataset/miss_datasets/CCPM/DI_MR_0.6000000000000001.csv,DI_MR_0.6000000000000001.csv,17403,517fdd31d90cb5904fde3b063612a029699b9fff98d89909cd27d060ad5d2ccd,,,2026-07-18,UNKNOWN,,,metadata_only,unknown,review_required,尚未在配置/数据源.yaml逐来源登记；默认禁止发布。
raw_vault_unregistered,source_file_3a78939d9d4f6e03,01_原始数据/代码仓库镜像/MatImpute/experiment/dataset/miss_datasets/CCPM/DI_MR_0.7000000000000001.csv,DI_MR_0.7000000000000001.csv,17321,220555b2e781dbfc0c3cdca4795af44b5aaa68d423387d75a4f40e06783a2cb8,,,2026-07-18,UNKNOWN,,,metadata_only,unknown,review_required,尚未在配置/数据源.yaml逐来源登记；默认禁止发布。
raw_vault_unregistered,source_file_168490c36c9cb719,01_原始数据/代码仓库镜像/MatImpute/experiment/dataset/miss_datasets/CCPM/DI_MR_0.8.csv,DI_MR_0.8.csv,17229,1a9b399744a2cf3931b74f4de2777bb89a0f093cde5dd9c248d20272cdaae9a4,,,2026-07-18,UNKNOWN,,,metadata_only,unknown,review_required,尚未在配置/数据源.yaml逐来源登记；默认禁止发布。
raw_vault_unregistered,source_file_287b7fc422e9bba0,01_原始数据/代码仓库镜像/MatImpute/experiment/dataset/miss_datasets/CCPM/DI_MR_0.9.csv,DI_MR_0.9.csv,17154,a85bb5b1f3258525ae12e22409dc45acc9f5fd4c79ddeebe1422ecb3f2781248,,,2026-07-18,UNKNOWN,,,metadata_only,unknown,review_required,尚未在配置/数据源.yaml逐来源登记；默认禁止发布。
raw_vault_unregistered,source_file_0718977b38b4715c,01_原始数据/代码仓库镜像/MatImpute/experiment/dataset/miss_datasets/CCPM/Elongation at break (%)_0.1.csv,Elongation at break (%)_0.1.csv,17795,457c444dba92390849168402b2953648174379acb5911997bd5554e9472c0b40,,,2026-07-18,UNKNOWN,,,metadata_only,unknown,review_required,尚未在配置/数据源.yaml逐来源登记；默认禁止发布。
raw_vault_unregistered,source_file_9de4a6099534f0b2,01_原始数据/代码仓库镜像/MatImpute/experiment/dataset/miss_datasets/CCPM/Elongation at break (%)_0.2.csv,Elongation at break (%)_0.2.csv,17682,2d24cbb09c7290c64e6e8826c299e0312bc55d8c8bb44d6e5d4550c31981ac99,,,2026-07-18,UNKNOWN,,,metadata_only,unknown,review_required,尚未在配置/数据源.yaml逐来源登记；默认禁止发布。
raw_vault_unregistered,source_file_2705aded57dbba2f,01_原始数据/代码仓库镜像/MatImpute/experiment/dataset/miss_datasets/CCPM/Elongation at break (%)_0.30000000000000004.csv,Elongation at break (%)_0.30000000000000004.csv,17574,662b938e32dbd27062bf6a588c443bf5be5bb32936f24cc1ce8d9cfcc2839474,,,2026-07-18,UNKNOWN,,,metadata_only,unknown,review_required,尚未在配置/数据源.yaml逐来源登记；默认禁止发布。
raw_vault_unregistered,source_file_7de0ae146271c8aa,01_原始数据/代码仓库镜像/MatImpute/experiment/dataset/miss_datasets/CCPM/Elongation at break (%)_0.4.csv,Elongation at break (%)_0.4.csv,17463,539694a8fc25f393c0667b1f64b43e6dc19d3279d65291fac5bafe955277df95,,,2026-07-18,UNKNOWN,,,metadata_only,unknown,review_required,尚未在配置/数据源.yaml逐来源登记；默认禁止发布。
raw_vault_unregistered,source_file_481b7255c30b7469,01_原始数据/代码仓库镜像/MatImpute/experiment/dataset/miss_datasets/CCPM/Elongation at break (%)_0.5.csv,Elongation at break (%)_0.5.csv,17352,33fd73146b493fbbc98d7e1c38d660f71836e2b6e1946f4e06fad43bcad94ad8,,,2026-07-18,UNKNOWN,,,metadata_only,unknown,review_required,尚未在配置/数据源.yaml逐来源登记；默认禁止发布。
raw_vault_unregistered,source_file_aac55a2a0e42d28f,01_原始数据/代码仓库镜像/MatImpute/experiment/dataset/miss_datasets/CCPM/Elongation at break (%)_0.6000000000000001.csv,Elongation at break (%)_0.6000000000000001.csv,17251,5a09463896c3e58b4ac25166492f528dab5d9f60f3afa088f7afbca7267ea3a5,,,2026-07-18,UNKNOWN,,,metadata_only,unknown,review_required,尚未在配置/数据源.yaml逐来源登记；默认禁止发布。
raw_vault_unregistered,source_file_695366943caa7f67,01_原始数据/代码仓库镜像/MatImpute/experiment/dataset/miss_datasets/CCPM/Elongation at break (%)_0.7000000000000001.csv,Elongation at break (%)_0.7000000000000001.csv,17130,905f7831c8b3785eea849c38d9e3f65fee422106ab4eaa500b132e35bc1b8d62,,,2026-07-18,UNKNOWN,,,metadata_only,unknown,review_required,尚未在配置/数据源.yaml逐来源登记；默认禁止发布。
raw_vault_unregistered,source_file_fbeb588cfeeefddd,01_原始数据/代码仓库镜像/MatImpute/experiment/dataset/miss_datasets/CCPM/Elongation at break (%)_0.8.csv,Elongation at break (%)_0.8.csv,17023,57dfff2c80635e423c1c720ce28cc2cd558dda6b6162dffbb697d5c488322bfb,,,2026-07-18,UNKNOWN,,,metadata_only,unknown,review_required,尚未在配置/数据源.yaml逐来源登记；默认禁止发布。
raw_vault_unregistered,source_file_912661f9ba39a177,01_原始数据/代码仓库镜像/MatImpute/experiment/dataset/miss_datasets/CCPM/Elongation at break (%)_0.9.csv,Elongation at break (%)_0.9.csv,16914,348d56eb6b0f0975b992e54a9e1441dc3b7ef18f81f48b59a01eba405aca74fc,,,2026-07-18,UNKNOWN,,,metadata_only,unknown,review_required,尚未在配置/数据源.yaml逐来源登记；默认禁止发布。
raw_vault_unregistered,source_file_4b89b341b7452a6d,01_原始数据/代码仓库镜像/MatImpute/experiment/dataset/miss_datasets/CCPM/Elongation_Rate (mm_min)_0.1.csv,Elongation_Rate (mm_min)_0.1.csv,17806,58e549596cd83c0e6153fe256286d280b1b65c083a22761a98d15453e424098c,,,2026-07-18,UNKNOWN,,,metadata_only,unknown,review_required,尚未在配置/数据源.yaml逐来源登记；默认禁止发布。
raw_vault_unregistered,source_file_1ebaa88cdae92a4f,01_原始数据/代码仓库镜像/MatImpute/experiment/dataset/miss_datasets/CCPM/Elongation_Rate (mm_min)_0.2.csv,Elongation_Rate (mm_min)_0.2.csv,17706,bab5c668d6690a06ba4140b3e8f41f89c4c5754d083eba1e5ffaa1d273a2f440,,,2026-07-18,UNKNOWN,,,metadata_only,unknown,review_required,尚未在配置/数据源.yaml逐来源登记；默认禁止发布。
raw_vault_unregistered,source_file_982289bff3fa1fcc,01_原始数据/代码仓库镜像/MatImpute/experiment/dataset/miss_datasets/CCPM/Elongation_Rate (mm_min)_0.30000000000000004.csv,Elongation_Rate (mm_min)_0.30000000000000004.csv,17611,0b54df04be20855db36c0d958698a7d3c778dc89ac14b2737424772312403d03,,,2026-07-18,UNKNOWN,,,metadata_only,unknown,review_required,尚未在配置/数据源.yaml逐来源登记；默认禁止发布。
raw_vault_unregistered,source_file_a67b55f8ba2fb446,01_原始数据/代码仓库镜像/MatImpute/experiment/dataset/miss_datasets/CCPM/Elongation_Rate (mm_min)_0.4.csv,Elongation_Rate (mm_min)_0.4.csv,17517,3acd210602cb8784954d8f96136ac39765bb88895f3d879a4de63f3598d75924,,,2026-07-18,UNKNOWN,,,metadata_only,unknown,review_required,尚未在配置/数据源.yaml逐来源登记；默认禁止发布。
raw_vault_unregistered,source_file_111270f736099312,01_原始数据/代码仓库镜像/MatImpute/experiment/dataset/miss_datasets/CCPM/Elongation_Rate (mm_min)_0.5.csv,Elongation_Rate (mm_min)_0.5.csv,17424,69e55e29b3bf618e32721b3f46fb2d3e4085f567df896fca5659955b595420ea,,,2026-07-18,UNKNOWN,,,metadata_only,unknown,review_required,尚未在配置/数据源.yaml逐来源登记；默认禁止发布。
raw_vault_unregistered,source_file_1322d94adb43c71d,01_原始数据/代码仓库镜像/MatImpute/experiment/dataset/miss_datasets/CCPM/Elongation_Rate (mm_min)_0.6000000000000001.csv,Elongation_Rate (mm_min)_0.6000000000000001.csv,17324,36f01717a0098e3032d0b6be82793136629f52e44c3502a1b7c5d3c412b89e2f,,,2026-07-18,UNKNOWN,,,metadata_only,unknown,review_required,尚未在配置/数据源.yaml逐来源登记；默认禁止发布。
raw_vault_unregistered,source_file_0b4e31092b5620f9,01_原始数据/代码仓库镜像/MatImpute/experiment/dataset/miss_datasets/CCPM/Elongation_Rate (mm_min)_0.7000000000000001.csv,Elongation_Rate (mm_min)_0.7000000000000001.csv,17227,752acef94dbcb3ae6228060662c919d4c736589b7379a7acdbc5c4bea544c313,,,2026-07-18,UNKNOWN,,,metadata_only,unknown,review_required,尚未在配置/数据源.yaml逐来源登记；默认禁止发布。
raw_vault_unregistered,source_file_2ded67f3fe08b6de,01_原始数据/代码仓库镜像/MatImpute/experiment/dataset/miss_datasets/CCPM/Elongation_Rate (mm_min)_0.8.csv,Elongation_Rate (mm_min)_0.8.csv,17134,5ec6d555f10b3827b52a49d5f7b0ac5b1f249c5e0d5dd4bf9e6db82de5c113e3,,,2026-07-18,UNKNOWN,,,metadata_only,unknown,review_required,尚未在配置/数据源.yaml逐来源登记；默认禁止发布。
raw_vault_unregistered,source_file_a0b0994463408674,01_原始数据/代码仓库镜像/MatImpute/experiment/dataset/miss_datasets/CCPM/Elongation_Rate (mm_min)_0.9.csv,Elongation_Rate (mm_min)_0.9.csv,17036,8435f1f006859acf16b327d6fcf42eb9b6347b7de46a2fda4b68f3d26073f136,,,2026-07-18,UNKNOWN,,,metadata_only,unknown,review_required,尚未在配置/数据源.yaml逐来源登记；默认禁止发布。
raw_vault_unregistered,source_file_ce6c6d9c73bdf75b,01_原始数据/代码仓库镜像/MatImpute/experiment/dataset/miss_datasets/CCPM/Gage_Length (mm)_0.1.csv,Gage_Length (mm)_0.1.csv,17817,a6931e92969d4166b92810ce72852e610020701887e674aa336168c2e3e597b8,,,2026-07-18,UNKNOWN,,,metadata_only,unknown,review_required,尚未在配置/数据源.yaml逐来源登记；默认禁止发布。
raw_vault_unregistered,source_file_4830feac2932ce50,01_原始数据/代码仓库镜像/MatImpute/experiment/dataset/miss_datasets/CCPM/Gage_Length (mm)_0.2.csv,Gage_Length (mm)_0.2.csv,17729,ebaec78d53c0e099bbc2625de5026d81991398d6fc1cad742096068d7002d493,,,2026-07-18,UNKNOWN,,,metadata_only,unknown,review_required,尚未在配置/数据源.yaml逐来源登记；默认禁止发布。
raw_vault_unregistered,source_file_718246143da40130,01_原始数据/代码仓库镜像/MatImpute/experiment/dataset/miss_datasets/CCPM/Gage_Length (mm)_0.30000000000000004.csv,Gage_Length (mm)_0.30000000000000004.csv,17645,597e60958a6cf900d77f5adc4300a3934abe86f3718323368c7c2605a08d058e,,,2026-07-18,UNKNOWN,,,metadata_only,unknown,review_required,尚未在配置/数据源.yaml逐来源登记；默认禁止发布。
raw_vault_unregistered,source_file_b9ad65ea4bbeb854,01_原始数据/代码仓库镜像/MatImpute/experiment/dataset/miss_datasets/CCPM/Gage_Length (mm)_0.4.csv,Gage_Length (mm)_0.4.csv,17557,8a4308d398fc22398b1fc2e28351e18e7b7934093d22e8fede8dadaae212f96c,,,2026-07-18,UNKNOWN,,,metadata_only,unknown,review_required,尚未在配置/数据源.yaml逐来源登记；默认禁止发布。
raw_vault_unregistered,source_file_b6fc1fc306e227c6,01_原始数据/代码仓库镜像/MatImpute/experiment/dataset/miss_datasets/CCPM/Gage_Length (mm)_0.5.csv,Gage_Length (mm)_0.5.csv,17473,36dc064c53ebf0f13fafd651ef63905fae7ac685920bb2e7312c721f30ab94eb,,,2026-07-18,UNKNOWN,,,metadata_only,unknown,review_required,尚未在配置/数据源.yaml逐来源登记；默认禁止发布。
raw_vault_unregistered,source_file_a188fbf374092eaa,01_原始数据/代码仓库镜像/MatImpute/experiment/dataset/miss_datasets/CCPM/Gage_Length (mm)_0.6000000000000001.csv,Gage_Length (mm)_0.6000000000000001.csv,17389,392c12bedd8fbc8b49ec04b56d807fcf3c3c0fe961d6994f15760b8a2f9d6e5f,,,2026-07-18,UNKNOWN,,,metadata_only,unknown,review_required,尚未在配置/数据源.yaml逐来源登记；默认禁止发布。
raw_vault_unregistered,source_file_586f3c260b304d36,01_原始数据/代码仓库镜像/MatImpute/experiment/dataset/miss_datasets/CCPM/Gage_Length (mm)_0.7000000000000001.csv,Gage_Length (mm)_0.7000000000000001.csv,17301,f4a996abc34c0dd7fc3cb92058aeda6ee04cdbd68a3558d1fe5ba88fa9624311,,,2026-07-18,UNKNOWN,,,metadata_only,unknown,review_required,尚未在配置/数据源.yaml逐来源登记；默认禁止发布。
raw_vault_unregistered,source_file_a655d9e6f07009c8,01_原始数据/代码仓库镜像/MatImpute/experiment/dataset/miss_datasets/CCPM/Gage_Length (mm)_0.8.csv,Gage_Length (mm)_0.8.csv,17217,f4ca048261fbee95a651280d9dc03daacccf76c0948042336ff376d0122c0f42,,,2026-07-18,UNKNOWN,,,metadata_only,unknown,review_required,尚未在配置/数据源.yaml逐来源登记；默认禁止发布。
raw_vault_unregistered,source_file_64ceebc524cf2516,01_原始数据/代码仓库镜像/MatImpute/experiment/dataset/miss_datasets/CCPM/Gage_Length (mm)_0.9.csv,Gage_Length (mm)_0.9.csv,17129,2ade32e3bdbb3026d2a8f2b1f051f4de44800d15f4d1e8b2d77422cad19a1d15,,,2026-07-18,UNKNOWN,,,metadata_only,unknown,review_required,尚未在配置/数据源.yaml逐来源登记；默认禁止发布。
raw_vault_unregistered,source_file_bed033ddfb97eab8,01_原始数据/代码仓库镜像/MatImpute/experiment/dataset/miss_datasets/CCPM/Gage_Width (mm)_0.1.csv,Gage_Width (mm)_0.1.csv,17837,85890ebfd9953aa589cadbc8e30e305ae7d65c1c84f337367564d76a06386a9b,,,2026-07-18,UNKNOWN,,,metadata_only,unknown,review_required,尚未在配置/数据源.yaml逐来源登记；默认禁止发布。
raw_vault_unregistered,source_file_9a88ba0d16927585,01_原始数据/代码仓库镜像/MatImpute/experiment/dataset/miss_datasets/CCPM/Gage_Width (mm)_0.2.csv,Gage_Width (mm)_0.2.csv,17768,d5af3b32679bc7c5e24b0479ccaaf4801938d9b02cd0909e5ed61480af884294,,,2026-07-18,UNKNOWN,,,metadata_only,unknown,review_required,尚未在配置/数据源.yaml逐来源登记；默认禁止发布。
raw_vault_unregistered,source_file_58cbfb4aa6892f4b,01_原始数据/代码仓库镜像/MatImpute/experiment/dataset/miss_datasets/CCPM/Gage_Width (mm)_0.30000000000000004.csv,Gage_Width (mm)_0.30000000000000004.csv,17709,1df7d72c6286d79acd1e48343152384dfe07ac49c276979a07baa96685ed6b63,,,2026-07-18,UNKNOWN,,,metadata_only,unknown,review_required,尚未在配置/数据源.yaml逐来源登记；默认禁止发布。
raw_vault_unregistered,source_file_e2492a7922529661,01_原始数据/代码仓库镜像/MatImpute/experiment/dataset/miss_datasets/CCPM/Gage_Width (mm)_0.4.csv,Gage_Width (mm)_0.4.csv,17640,fd479344679f61346d09c6f98ce493f55f07b8011a8f15c3f6d68959868192a8,,,2026-07-18,UNKNOWN,,,metadata_only,unknown,review_required,尚未在配置/数据源.yaml逐来源登记；默认禁止发布。
raw_vault_unregistered,source_file_db27f23356e41f8e,01_原始数据/代码仓库镜像/MatImpute/experiment/dataset/miss_datasets/CCPM/Gage_Width (mm)_0.5.csv,Gage_Width (mm)_0.5.csv,17577,6ebd7baf6254b2f41d993fce3fc12304dca93f2f79e98fbc01e9cfa3649f84bf,,,2026-07-18,UNKNOWN,,,metadata_only,unknown,review_required,尚未在配置/数据源.yaml逐来源登记；默认禁止发布。
raw_vault_unregistered,source_file_87fc6caaaac8d828,01_原始数据/代码仓库镜像/MatImpute/experiment/dataset/miss_datasets/CCPM/Gage_Width (mm)_0.6000000000000001.csv,Gage_Width (mm)_0.6000000000000001.csv,17513,c9b757c85f6e9280f915889d93e1248fa8528296eb6cb0d1d4e82998c8989d01,,,2026-07-18,UNKNOWN,,,metadata_only,unknown,review_required,尚未在配置/数据源.yaml逐来源登记；默认禁止发布。
raw_vault_unregistered,source_file_00bf8dc17528e997,01_原始数据/代码仓库镜像/MatImpute/experiment/dataset/miss_datasets/CCPM/Gage_Width (mm)_0.7000000000000001.csv,Gage_Width (mm)_0.7000000000000001.csv,17446,60af598d09af3b87d26234dd03f75b22c5c45ffa29faf71abb333010ffd05535,,,2026-07-18,UNKNOWN,,,metadata_only,unknown,review_required,尚未在配置/数据源.yaml逐来源登记；默认禁止发布。
raw_vault_unregistered,source_file_2b72339bd9b5adc5,01_原始数据/代码仓库镜像/MatImpute/experiment/dataset/miss_datasets/CCPM/Gage_Width (mm)_0.8.csv,Gage_Width (mm)_0.8.csv,17384,0530326ab314f009e5455a8c3c0dfa8b0dbb4a1da76a571054b6397ee807840b,,,2026-07-18,UNKNOWN,,,metadata_only,unknown,review_required,尚未在配置/数据源.yaml逐来源登记；默认禁止发布。
raw_vault_unregistered,source_file_a02b8bc8b77e2bd9,01_原始数据/代码仓库镜像/MatImpute/experiment/dataset/miss_datasets/CCPM/Gage_Width (mm)_0.9.csv,Gage_Width (mm)_0.9.csv,17316,6b11bc25e9eeb19333b4ad3b8acf15b4f6672e642c9086e364cea25f69844ffe,,,2026-07-18,UNKNOWN,,,metadata_only,unknown,review_required,尚未在配置/数据源.yaml逐来源登记；默认禁止发布。
raw_vault_unregistered,source_file_bbb6d5f79c7d5aa6,01_原始数据/代码仓库镜像/MatImpute/experiment/dataset/miss_datasets/CCPM/IsoIndex_0.1.csv,IsoIndex_0.1.csv,17833,364773ec32e889459b2ad028ba8128f24c52486c2ed011ccd7bc1b0770860bd6,,,2026-07-18,UNKNOWN,,,metadata_only,unknown,review_required,尚未在配置/数据源.yaml逐来源登记；默认禁止发布。
raw_vault_unregistered,source_file_714ed9dc78fceec4,01_原始数据/代码仓库镜像/MatImpute/experiment/dataset/miss_datasets/CCPM/IsoIndex_0.2.csv,IsoIndex_0.2.csv,17750,b29444e3882df90e0a489d20661221b14b58448d0a797929291a74667f0addc4,,,2026-07-18,UNKNOWN,,,metadata_only,unknown,review_required,尚未在配置/数据源.yaml逐来源登记；默认禁止发布。
raw_vault_unregistered,source_file_126fcead47ad8bb3,01_原始数据/代码仓库镜像/MatImpute/experiment/dataset/miss_datasets/CCPM/IsoIndex_0.30000000000000004.csv,IsoIndex_0.30000000000000004.csv,17680,a3468ec6ac17f527726e61c12bbb06edbcf84411263c7de1d60fd2233f3537eb,,,2026-07-18,UNKNOWN,,,metadata_only,unknown,review_required,尚未在配置/数据源.yaml逐来源登记；默认禁止发布。
raw_vault_unregistered,source_file_ad666385b3cc921e,01_原始数据/代码仓库镜像/MatImpute/experiment/dataset/miss_datasets/CCPM/IsoIndex_0.4.csv,IsoIndex_0.4.csv,17606,9e2955ad68ea7fd6621428a7aef14247aba3b15c2131f626ef059d3df4aad446,,,2026-07-18,UNKNOWN,,,metadata_only,unknown,review_required,尚未在配置/数据源.yaml逐来源登记；默认禁止发布。
raw_vault_unregistered,source_file_d7c9ea9a677af6ee,01_原始数据/代码仓库镜像/MatImpute/experiment/dataset/miss_datasets/CCPM/IsoIndex_0.5.csv,IsoIndex_0.5.csv,17536,60ddf2d2bdb72c70eabbf73826678b00d7aed1ff8b6c88f61fd1c173835fe778,,,2026-07-18,UNKNOWN,,,metadata_only,unknown,review_required,尚未在配置/数据源.yaml逐来源登记；默认禁止发布。
raw_vault_unregistered,source_file_189704611384bb0c,01_原始数据/代码仓库镜像/MatImpute/experiment/dataset/miss_datasets/CCPM/IsoIndex_0.6000000000000001.csv,IsoIndex_0.6000000000000001.csv,17457,0039a435e404baecce0050c2ecea40251b63cb3afd50d361410efa2941d4dfc7,,,2026-07-18,UNKNOWN,,,metadata_only,unknown,review_required,尚未在配置/数据源.yaml逐来源登记；默认禁止发布。
raw_vault_unregistered,source_file_76efb140fa8f0242,01_原始数据/代码仓库镜像/MatImpute/experiment/dataset/miss_datasets/CCPM/IsoIndex_0.7000000000000001.csv,IsoIndex_0.7000000000000001.csv,17375,b73d22c594d274e343416c9025613d1dcdcef5aee3269526d5ad35fe5df9b74e,,,2026-07-18,UNKNOWN,,,metadata_only,unknown,review_required,尚未在配置/数据源.yaml逐来源登记；默认禁止发布。
raw_vault_unregistered,source_file_04e610e6c64306d2,01_原始数据/代码仓库镜像/MatImpute/experiment/dataset/miss_datasets/CCPM/IsoIndex_0.8.csv,IsoIndex_0.8.csv,17303,b8710a3a4480fe3430d26f20bf76ea0f3c286da151a3441e46ab5ef71afea613,,,2026-07-18,UNKNOWN,,,metadata_only,unknown,review_required,尚未在配置/数据源.yaml逐来源登记；默认禁止发布。
raw_vault_unregistered,source_file_8ee2da34c7f77a86,01_原始数据/代码仓库镜像/MatImpute/experiment/dataset/miss_datasets/CCPM/IsoIndex_0.9.csv,IsoIndex_0.9.csv,17232,5495126b1861e4b7aa56e167e0526ac510eb5e21191b4fc987a63c37224c50ed,,,2026-07-18,UNKNOWN,,,metadata_only,unknown,review_required,尚未在配置/数据源.yaml逐来源登记；默认禁止发布。
raw_vault_unregistered,source_file_636b358cc5a51ae1,01_原始数据/代码仓库镜像/MatImpute/experiment/dataset/miss_datasets/CCPM/PO_MR_0.1.csv,PO_MR_0.1.csv,17803,b24eee23174ee852456c4664ce387fb11321741b01db1344a88205652775b416,,,2026-07-18,UNKNOWN,,,metadata_only,unknown,review_required,尚未在配置/数据源.yaml逐来源登记；默认禁止发布。
raw_vault_unregistered,source_file_fe8bdcbd9858940c,01_原始数据/代码仓库镜像/MatImpute/experiment/dataset/miss_datasets/CCPM/PO_MR_0.2.csv,PO_MR_0.2.csv,17698,2364ec2a19c0c23eb28fa261538b310ea267abc72f236797540bd12e5c30ef87,,,2026-07-18,UNKNOWN,,,metadata_only,unknown,review_required,尚未在配置/数据源.yaml逐来源登记；默认禁止发布。
raw_vault_unregistered,source_file_62a592acc272ffdd,01_原始数据/代码仓库镜像/MatImpute/experiment/dataset/miss_datasets/CCPM/PO_MR_0.30000000000000004.csv,PO_MR_0.30000000000000004.csv,17594,f37c68c397cb5cfa116a4fbb325c27fc5a1a0cbc8ac1a5530addf7bc437ddd1f,,,2026-07-18,UNKNOWN,,,metadata_only,unknown,review_required,尚未在配置/数据源.yaml逐来源登记；默认禁止发布。
raw_vault_unregistered,source_file_fe3aaa10896afab7,01_原始数据/代码仓库镜像/MatImpute/experiment/dataset/miss_datasets/CCPM/PO_MR_0.4.csv,PO_MR_0.4.csv,17476,75d282cad858bb6c49172e40b145be52a3d4f1f57296315ed5b652c539926444,,,2026-07-18,UNKNOWN,,,metadata_only,unknown,review_required,尚未在配置/数据源.yaml逐来源登记；默认禁止发布。
raw_vault_unregistered,source_file_08463b5252990d52,01_原始数据/代码仓库镜像/MatImpute/experiment/dataset/miss_datasets/CCPM/PO_MR_0.5.csv,PO_MR_0.5.csv,17391,717c537eeb554bc9ffa336f8e4e01656a6dd0434bcef09f7397be7a2147c2285,,,2026-07-18,UNKNOWN,,,metadata_only,unknown,review_required,尚未在配置/数据源.yaml逐来源登记；默认禁止发布。
raw_vault_unregistered,source_file_64d450f45d71fd42,01_原始数据/代码仓库镜像/MatImpute/experiment/dataset/miss_datasets/CCPM/PO_MR_0.6000000000000001.csv,PO_MR_0.6000000000000001.csv,17292,55411e453e246b939d5e3879cf736fb14878df94d87f4756287099271685f9c0,,,2026-07-18,UNKNOWN,,,metadata_only,unknown,review_required,尚未在配置/数据源.yaml逐来源登记；默认禁止发布。
raw_vault_unregistered,source_file_90f82a0d117e6638,01_原始数据/代码仓库镜像/MatImpute/experiment/dataset/miss_datasets/CCPM/PO_MR_0.7000000000000001.csv,PO_MR_0.7000000000000001.csv,17175,614906cf0506d9041f6313ebabab92a92cfb6617cf1862ee21762130c1093241,,,2026-07-18,UNKNOWN,,,metadata_only,unknown,review_required,尚未在配置/数据源.yaml逐来源登记；默认禁止发布。
raw_vault_unregistered,source_file_eac6a86347354ef7,01_原始数据/代码仓库镜像/MatImpute/experiment/dataset/miss_datasets/CCPM/PO_MR_0.8.csv,PO_MR_0.8.csv,17076,227fb71bcf0e2a432b48c19ce8abffdcae9820e68436a697af68bc9ab2ad958a,,,2026-07-18,UNKNOWN,,,metadata_only,unknown,review_required,尚未在配置/数据源.yaml逐来源登记；默认禁止发布。
raw_vault_unregistered,source_file_07bbf2a231688401,01_原始数据/代码仓库镜像/MatImpute/experiment/dataset/miss_datasets/CCPM/PO_MR_0.9.csv,PO_MR_0.9.csv,16982,3b95f7f00c8de0844ca92c22f76c7f29658ccdeced51e84d2968f9f459bb8d7a,,,2026-07-18,UNKNOWN,,,metadata_only,unknown,review_required,尚未在配置/数据源.yaml逐来源登记；默认禁止发布。
raw_vault_unregistered,source_file_7e8608573b875059,01_原始数据/代码仓库镜像/MatImpute/experiment/dataset/miss_datasets/CCPM/PO_MW (g_mol)_0.1.csv,PO_MW (g_mol)_0.1.csv,18204,6b4eb12ca300a52ddaff4a30342a6d2b614edfe00880661cb63f223c95719f25,,,2026-07-18,UNKNOWN,,,metadata_only,unknown,review_required,尚未在配置/数据源.yaml逐来源登记；默认禁止发布。
raw_vault_unregistered,source_file_0c68add17708c567,01_原始数据/代码仓库镜像/MatImpute/experiment/dataset/miss_datasets/CCPM/PO_MW (g_mol)_0.2.csv,PO_MW (g_mol)_0.2.csv,18071,906e76ca610742dbbf90b2a7a10741ceff15b17d60f5d3fec8019702138200f2,,,2026-07-18,UNKNOWN,,,metadata_only,unknown,review_required,尚未在配置/数据源.yaml逐来源登记；默认禁止发布。
raw_vault_unregistered,source_file_183e95807da410b9,01_原始数据/代码仓库镜像/MatImpute/experiment/dataset/miss_datasets/CCPM/PO_MW (g_mol)_0.30000000000000004.csv,PO_MW (g_mol)_0.30000000000000004.csv,17948,d55716815da16a6d11eab1c5e21c4e3db09333ec2c1456fb51090ad34890122e,,,2026-07-18,UNKNOWN,,,metadata_only,unknown,review_required,尚未在配置/数据源.yaml逐来源登记；默认禁止发布。
raw_vault_unregistered,source_file_25a0ddf3b7170c90,01_原始数据/代码仓库镜像/MatImpute/experiment/dataset/miss_datasets/CCPM/PO_MW (g_mol)_0.4.csv,PO_MW (g_mol)_0.4.csv,17825,eff986215bee9de457c73dcf1dacb54a52dfb41f29719fbefeae453d9a16454f,,,2026-07-18,UNKNOWN,,,metadata_only,unknown,review_required,尚未在配置/数据源.yaml逐来源登记；默认禁止发布。
raw_vault_unregistered,source_file_dbbdd2e3863152aa,01_原始数据/代码仓库镜像/MatImpute/experiment/dataset/miss_datasets/CCPM/PO_MW (g_mol)_0.5.csv,PO_MW (g_mol)_0.5.csv,17700,0292a0e3f831071628c5224c881c350885b2e51340d780ca592c06d9365c78e2,,,2026-07-18,UNKNOWN,,,metadata_only,unknown,review_required,尚未在配置/数据源.yaml逐来源登记；默认禁止发布。
raw_vault_unregistered,source_file_10dce6fd17e1cdd8,01_原始数据/代码仓库镜像/MatImpute/experiment/dataset/miss_datasets/CCPM/PO_MW (g_mol)_0.6000000000000001.csv,PO_MW (g_mol)_0.6000000000000001.csv,17570,42a84fdb1259efed4c5cde33e9205bb8f283294f07256c4c4eeba58a2c8bd8b8,,,2026-07-18,UNKNOWN,,,metadata_only,unknown,review_required,尚未在配置/数据源.yaml逐来源登记；默认禁止发布。
raw_vault_unregistered,source_file_e0d1a4a3c5f9015e,01_原始数据/代码仓库镜像/MatImpute/experiment/dataset/miss_datasets/CCPM/PO_MW (g_mol)_0.7000000000000001.csv,PO_MW (g_mol)_0.7000000000000001.csv,17437,775ae89c05a4cc97e460be158725f541452e57d36a23447b1ed4e62fc67613a6,,,2026-07-18,UNKNOWN,,,metadata_only,unknown,review_required,尚未在配置/数据源.yaml逐来源登记；默认禁止发布。
raw_vault_unregistered,source_file_0c8b0b8d30ec2939,01_原始数据/代码仓库镜像/MatImpute/experiment/dataset/miss_datasets/CCPM/PO_MW (g_mol)_0.8.csv,PO_MW (g_mol)_0.8.csv,17311,cbe1cfded7c38e2c33783a5193b1858b3cbeb5dbd7d37531d7486cb2e858dd8f,,,2026-07-18,UNKNOWN,,,metadata_only,unknown,review_required,尚未在配置/数据源.yaml逐来源登记；默认禁止发布。
raw_vault_unregistered,source_file_da4626c94ef2b7e2,01_原始数据/代码仓库镜像/MatImpute/experiment/dataset/miss_datasets/CCPM/PO_MW (g_mol)_0.9.csv,PO_MW (g_mol)_0.9.csv,17184,0b2e10166b3e8aa62b9cf0a3f1e9630d1314f8c4d4e36f2636ef680558ebdb9c,,,2026-07-18,UNKNOWN,,,metadata_only,unknown,review_required,尚未在配置/数据源.yaml逐来源登记；默认禁止发布。
raw_vault_unregistered,source_file_3b54662ad19c2dc5,01_原始数据/代码仓库镜像/MatImpute/experiment/dataset/miss_datasets/CCPM/Strain_Rate (_min)_0.1.csv,Strain_Rate (_min)_0.1.csv,17823,9320c1fca248ee0a32dacb89fee2d11d30479684046d9e3da48ca6fdf1c682a7,,,2026-07-18,UNKNOWN,,,metadata_only,unknown,review_required,尚未在配置/数据源.yaml逐来源登记；默认禁止发布。
raw_vault_unregistered,source_file_5459844bb6b9300a,01_原始数据/代码仓库镜像/MatImpute/experiment/dataset/miss_datasets/CCPM/Strain_Rate (_min)_0.2.csv,Strain_Rate (_min)_0.2.csv,17734,b881e2961d925eccddc2f384491e14f2a8fa9d38def72095e100700963164e19,,,2026-07-18,UNKNOWN,,,metadata_only,unknown,review_required,尚未在配置/数据源.yaml逐来源登记；默认禁止发布。
raw_vault_unregistered,source_file_0b662896d1a15329,01_原始数据/代码仓库镜像/MatImpute/experiment/dataset/miss_datasets/CCPM/Strain_Rate (_min)_0.30000000000000004.csv,Strain_Rate (_min)_0.30000000000000004.csv,17656,6fc90b013f03bcf239f3e29db79ce2fef9ae15eea44bd7b62c3d9615ba83a838,,,2026-07-18,UNKNOWN,,,metadata_only,unknown,review_required,尚未在配置/数据源.yaml逐来源登记；默认禁止发布。
raw_vault_unregistered,source_file_9e522ff8d8a6bc82,01_原始数据/代码仓库镜像/MatImpute/experiment/dataset/miss_datasets/CCPM/Strain_Rate (_min)_0.4.csv,Strain_Rate (_min)_0.4.csv,17583,485080a00e3477fa5bdb26dff6da9f783282e434edbe9e252c6e5cd69a9e5f2d,,,2026-07-18,UNKNOWN,,,metadata_only,unknown,review_required,尚未在配置/数据源.yaml逐来源登记；默认禁止发布。
raw_vault_unregistered,source_file_03c3120982bdd3d4,01_原始数据/代码仓库镜像/MatImpute/experiment/dataset/miss_datasets/CCPM/Strain_Rate (_min)_0.5.csv,Strain_Rate (_min)_0.5.csv,17483,4c6c29ac93e95a92d564708872924c7e43a6db066520b3b4234c87324a9e0787,,,2026-07-18,UNKNOWN,,,metadata_only,unknown,review_required,尚未在配置/数据源.yaml逐来源登记；默认禁止发布。
raw_vault_unregistered,source_file_e790acc2d01300fa,01_原始数据/代码仓库镜像/MatImpute/experiment/dataset/miss_datasets/CCPM/Strain_Rate (_min)_0.6000000000000001.csv,Strain_Rate (_min)_0.6000000000000001.csv,17410,38a413f6430dc9b800d7064e226d30132bbf34c1dac5aa70f589bb349be96fa6,,,2026-07-18,UNKNOWN,,,metadata_only,unknown,review_required,尚未在配置/数据源.yaml逐来源登记；默认禁止发布。
raw_vault_unregistered,source_file_4ad9373f0d3c3fca,01_原始数据/代码仓库镜像/MatImpute/experiment/dataset/miss_datasets/CCPM/Strain_Rate (_min)_0.7000000000000001.csv,Strain_Rate (_min)_0.7000000000000001.csv,17328,90a87ca87d92af2020c76355ac55c7ebacad8ea7227f64266da9309f95e212df,,,2026-07-18,UNKNOWN,,,metadata_only,unknown,review_required,尚未在配置/数据源.yaml逐来源登记；默认禁止发布。
raw_vault_unregistered,source_file_f1d9617457de4e66,01_原始数据/代码仓库镜像/MatImpute/experiment/dataset/miss_datasets/CCPM/Strain_Rate (_min)_0.8.csv,Strain_Rate (_min)_0.8.csv,17254,7f6ac50ac2ac123ad53fe3aff1632cd345ebeea2ecc6d42fd741c790f111726f,,,2026-07-18,UNKNOWN,,,metadata_only,unknown,review_required,尚未在配置/数据源.yaml逐来源登记；默认禁止发布。
raw_vault_unregistered,source_file_0a637cbb5780de0f,01_原始数据/代码仓库镜像/MatImpute/experiment/dataset/miss_datasets/CCPM/Strain_Rate (_min)_0.9.csv,Strain_Rate (_min)_0.9.csv,17166,f3f2eafcc92e1ca5053bde4131bec7d9d3f98d3f19e4fef5fa9aa9fddbb28add,,,2026-07-18,UNKNOWN,,,metadata_only,unknown,review_required,尚未在配置/数据源.yaml逐来源登记；默认禁止发布。
raw_vault_unregistered,source_file_73d2b176920901f3,01_原始数据/代码仓库镜像/MatImpute/experiment/dataset/miss_datasets/CCPM/Tensile strength (Mpa)_0.1.csv,Tensile strength (Mpa)_0.1.csv,17820,62ead1ceafbc4946575ff55c2b3b575666cd2fbcaf68baeec033a2c6deff5ff3,,,2026-07-18,UNKNOWN,,,metadata_only,unknown,review_required,尚未在配置/数据源.yaml逐来源登记；默认禁止发布。
raw_vault_unregistered,source_file_1b2e334423b99cce,01_原始数据/代码仓库镜像/MatImpute/experiment/dataset/miss_datasets/CCPM/Tensile strength (Mpa)_0.2.csv,Tensile strength (Mpa)_0.2.csv,17733,865b8fab21c4d93825ab474fbb1b036d90167aaee9c066264b85d2d765107086,,,2026-07-18,UNKNOWN,,,metadata_only,unknown,review_required,尚未在配置/数据源.yaml逐来源登记；默认禁止发布。
raw_vault_unregistered,source_file_a4b5699eff5fd2f2,01_原始数据/代码仓库镜像/MatImpute/experiment/dataset/miss_datasets/CCPM/Tensile strength (Mpa)_0.30000000000000004.csv,Tensile strength (Mpa)_0.30000000000000004.csv,17652,d6194c7ea1d0d4b42a131163a8ba2587e95b87a9e86d79ae05e27f07908da609,,,2026-07-18,UNKNOWN,,,metadata_only,unknown,review_required,尚未在配置/数据源.yaml逐来源登记；默认禁止发布。
raw_vault_unregistered,source_file_a4a492ddeb1c9f4e,01_原始数据/代码仓库镜像/MatImpute/experiment/dataset/miss_datasets/CCPM/Tensile strength (Mpa)_0.4.csv,Tensile strength (Mpa)_0.4.csv,17563,9e9e6df254ef7ef7406cf8c0979cf901dcf4b681802b3d6daedc6b3768ea1bf9,,,2026-07-18,UNKNOWN,,,metadata_only,unknown,review_required,尚未在配置/数据源.yaml逐来源登记；默认禁止发布。
raw_vault_unregistered,source_file_94d94633b6e746e8,01_原始数据/代码仓库镜像/MatImpute/experiment/dataset/miss_datasets/CCPM/Tensile strength (Mpa)_0.5.csv,Tensile strength (Mpa)_0.5.csv,17486,5bfbe0b7aa8557da52f000505f5b015186f073eb621845c723c707418ce1acb8,,,2026-07-18,UNKNOWN,,,metadata_only,unknown,review_required,尚未在配置/数据源.yaml逐来源登记；默认禁止发布。
raw_vault_unregistered,source_file_8df0aaa0ee1eff5c,01_原始数据/代码仓库镜像/MatImpute/experiment/dataset/miss_datasets/CCPM/Tensile strength (Mpa)_0.6000000000000001.csv,Tensile strength (Mpa)_0.6000000000000001.csv,17401,39713d603dbb254187be54ad790b4cee8b5efdf63f49333490ff0b4a8805a56b,,,2026-07-18,UNKNOWN,,,metadata_only,unknown,review_required,尚未在配置/数据源.yaml逐来源登记；默认禁止发布。
raw_vault_unregistered,source_file_75c36a7d558adc6d,01_原始数据/代码仓库镜像/MatImpute/experiment/dataset/miss_datasets/CCPM/Tensile strength (Mpa)_0.7000000000000001.csv,Tensile strength (Mpa)_0.7000000000000001.csv,17318,a6e7dd1863ef8684e4c2574cb50a69218fa46178656ac256aa8f20eb169574b9,,,2026-07-18,UNKNOWN,,,metadata_only,unknown,review_required,尚未在配置/数据源.yaml逐来源登记；默认禁止发布。
raw_vault_unregistered,source_file_bd438d45cd69e89f,01_原始数据/代码仓库镜像/MatImpute/experiment/dataset/miss_datasets/CCPM/Tensile strength (Mpa)_0.8.csv,Tensile strength (Mpa)_0.8.csv,17229,93e3495afe023ef7392fbb1f5e19faf35cd51bd2b26e4d380df09398e08d52a8,,,2026-07-18,UNKNOWN,,,metadata_only,unknown,review_required,尚未在配置/数据源.yaml逐来源登记；默认禁止发布。
raw_vault_unregistered,source_file_12895f307d37d744,01_原始数据/代码仓库镜像/MatImpute/experiment/dataset/miss_datasets/CCPM/Tensile strength (Mpa)_0.9.csv,Tensile strength (Mpa)_0.9.csv,17146,40213bd127168604953b14dc5b384ac7edc6d7fb50303d0f548eaae13856d403,,,2026-07-18,UNKNOWN,,,metadata_only,unknown,review_required,尚未在配置/数据源.yaml逐来源登记；默认禁止发布。
raw_vault_unregistered,source_file_d987502e9cfe9438,01_原始数据/代码仓库镜像/MatImpute/experiment/dataset/miss_datasets/CCPM/Thickness (mm)_0.1.csv,Thickness (mm)_0.1.csv,17838,e0c009f35af3299f2249496bca40934436974854c2bdb1defa080609a70479c1,,,2026-07-18,UNKNOWN,,,metadata_only,unknown,review_required,尚未在配置/数据源.yaml逐来源登记；默认禁止发布。
raw_vault_unregistered,source_file_972465b2ab3cf98d,01_原始数据/代码仓库镜像/MatImpute/experiment/dataset/miss_datasets/CCPM/Thickness (mm)_0.2.csv,Thickness (mm)_0.2.csv,17770,9f3295f6b833f05bcf4acb4a8276d25c8ccde06b06824635081bd424da7c1c75,,,2026-07-18,UNKNOWN,,,metadata_only,unknown,review_required,尚未在配置/数据源.yaml逐来源登记；默认禁止发布。
raw_vault_unregistered,source_file_9978e14828ef663d,01_原始数据/代码仓库镜像/MatImpute/experiment/dataset/miss_datasets/CCPM/Thickness (mm)_0.30000000000000004.csv,Thickness (mm)_0.30000000000000004.csv,17709,c36002a7b33bc129151064e10d6c12ebd1017813dba4185f50208b47ff7c2520,,,2026-07-18,UNKNOWN,,,metadata_only,unknown,review_required,尚未在配置/数据源.yaml逐来源登记；默认禁止发布。
raw_vault_unregistered,source_file_96da9f45f2d4a125,01_原始数据/代码仓库镜像/MatImpute/experiment/dataset/miss_datasets/CCPM/Thickness (mm)_0.4.csv,Thickness (mm)_0.4.csv,17638,0279fc4bfcc03006f7fd75d02ba330c72012e577333e445f5de86577c09f50c4,,,2026-07-18,UNKNOWN,,,metadata_only,unknown,review_required,尚未在配置/数据源.yaml逐来源登记；默认禁止发布。
raw_vault_unregistered,source_file_99b3a908eebca1a3,01_原始数据/代码仓库镜像/MatImpute/experiment/dataset/miss_datasets/CCPM/Thickness (mm)_0.5.csv,Thickness (mm)_0.5.csv,17577,4d0d5cdd4f254f1aceb79585505b171931979d1607a893bb9af86428f3cc308d,,,2026-07-18,UNKNOWN,,,metadata_only,unknown,review_required,尚未在配置/数据源.yaml逐来源登记；默认禁止发布。
raw_vault_unregistered,source_file_a751000bc6448124,01_原始数据/代码仓库镜像/MatImpute/experiment/dataset/miss_datasets/CCPM/Thickness (mm)_0.6000000000000001.csv,Thickness (mm)_0.6000000000000001.csv,17513,819da9b4e83bbb6a5e14b349d3039669474481283d861b2e6d3f7bbd92366ee9,,,2026-07-18,UNKNOWN,,,metadata_only,unknown,review_required,尚未在配置/数据源.yaml逐来源登记；默认禁止发布。
raw_vault_unregistered,source_file_35d374864a137aa3,01_原始数据/代码仓库镜像/MatImpute/experiment/dataset/miss_datasets/CCPM/Thickness (mm)_0.7000000000000001.csv,Thickness (mm)_0.7000000000000001.csv,17447,4467c17e4a84def8d90b11f368068c9521470acabff1bd8a930a9164e4f4fa31,,,2026-07-18,UNKNOWN,,,metadata_only,unknown,review_required,尚未在配置/数据源.yaml逐来源登记；默认禁止发布。
raw_vault_unregistered,source_file_4542ca217a46ff2c,01_原始数据/代码仓库镜像/MatImpute/experiment/dataset/miss_datasets/CCPM/Thickness (mm)_0.8.csv,Thickness (mm)_0.8.csv,17382,6bbbacac64236d7be67c0f015caf605646aea2ab4eaa01c888922336ba39b423,,,2026-07-18,UNKNOWN,,,metadata_only,unknown,review_required,尚未在配置/数据源.yaml逐来源登记；默认禁止发布。
raw_vault_unregistered,source_file_0ba5f3d595c61aec,01_原始数据/代码仓库镜像/MatImpute/experiment/dataset/miss_datasets/CCPM/Thickness (mm)_0.9.csv,Thickness (mm)_0.9.csv,17317,d8b226e0b36f1ffcdbbdfefd6c01ccf3748b1899b8297a0b8cd70d5e1b843d12,,,2026-07-18,UNKNOWN,,,metadata_only,unknown,review_required,尚未在配置/数据源.yaml逐来源登记；默认禁止发布。
raw_vault_unregistered,source_file_0cac5122d9709d31,01_原始数据/代码仓库镜像/MatImpute/experiment/dataset/miss_datasets/CCPM/Tr1_0.1.csv,Tr1_0.1.csv,17808,010aad194ba3d1fbbbb2b6d27ec695f1c72d37667fc3b92c85bb72b83777ea4a,,,2026-07-18,UNKNOWN,,,metadata_only,unknown,review_required,尚未在配置/数据源.yaml逐来源登记；默认禁止发布。
raw_vault_unregistered,source_file_1c6b7339da28d0d7,01_原始数据/代码仓库镜像/MatImpute/experiment/dataset/miss_datasets/CCPM/Tr1_0.2.csv,Tr1_0.2.csv,17714,5d8fdfa5a61cc40d319904a4d6deea6690303f5b1cb889603cd56d338ce7ff34,,,2026-07-18,UNKNOWN,,,metadata_only,unknown,review_required,尚未在配置/数据源.yaml逐来源登记；默认禁止发布。
raw_vault_unregistered,source_file_04fff15a4316147a,01_原始数据/代码仓库镜像/MatImpute/experiment/dataset/miss_datasets/CCPM/Tr1_0.30000000000000004.csv,Tr1_0.30000000000000004.csv,17622,63f1cb8320683f6a5d6232edbc39879f7b9d770b556650ba1b86a600b8deef02,,,2026-07-18,UNKNOWN,,,metadata_only,unknown,review_required,尚未在配置/数据源.yaml逐来源登记；默认禁止发布。
raw_vault_unregistered,source_file_ac8ab3c58b7fcaf4,01_原始数据/代码仓库镜像/MatImpute/experiment/dataset/miss_datasets/CCPM/Tr1_0.4.csv,Tr1_0.4.csv,17525,d4f2b64bf51d5b869aecf0319f90ca4b3fe8c607da2b6bb52312ae6c74a0f168,,,2026-07-18,UNKNOWN,,,metadata_only,unknown,review_required,尚未在配置/数据源.yaml逐来源登记；默认禁止发布。
raw_vault_unregistered,source_file_1c1108de5fc48fe1,01_原始数据/代码仓库镜像/MatImpute/experiment/dataset/miss_datasets/CCPM/Tr1_0.5.csv,Tr1_0.5.csv,17436,42d646c9b7a4721c27d51bcf040a04e819d44a7670fb9ef99de74844a4aefe35,,,2026-07-18,UNKNOWN,,,metadata_only,unknown,review_required,尚未在配置/数据源.yaml逐来源登记；默认禁止发布。
raw_vault_unregistered,source_file_70a97514c2580b8e,01_原始数据/代码仓库镜像/MatImpute/experiment/dataset/miss_datasets/CCPM/Tr1_0.6000000000000001.csv,Tr1_0.6000000000000001.csv,17337,37da2d15162b32d69a4323d8a0c0d904ca32660004e17042cfe4f95722945331,,,2026-07-18,UNKNOWN,,,metadata_only,unknown,review_required,尚未在配置/数据源.yaml逐来源登记；默认禁止发布。
raw_vault_unregistered,source_file_b546b8aef0d7ded8,01_原始数据/代码仓库镜像/MatImpute/experiment/dataset/miss_datasets/CCPM/Tr1_0.7000000000000001.csv,Tr1_0.7000000000000001.csv,17242,8ffc41cbee73e40393e17d079988be72cea8754ec4e14a51bbad8272ae1afc97,,,2026-07-18,UNKNOWN,,,metadata_only,unknown,review_required,尚未在配置/数据源.yaml逐来源登记；默认禁止发布。
raw_vault_unregistered,source_file_45961166e433b413,01_原始数据/代码仓库镜像/MatImpute/experiment/dataset/miss_datasets/CCPM/Tr1_0.8.csv,Tr1_0.8.csv,17151,a1c524dc54e5202540a501ceca2e0955ed9a9bfbff017f34d0b02de1b4efeab6,,,2026-07-18,UNKNOWN,,,metadata_only,unknown,review_required,尚未在配置/数据源.yaml逐来源登记；默认禁止发布。
raw_vault_unregistered,source_file_303d9ff5174cafa8,01_原始数据/代码仓库镜像/MatImpute/experiment/dataset/miss_datasets/CCPM/Tr1_0.9.csv,Tr1_0.9.csv,17055,ec6eb5a0d44b405da068899f0d2bbdcea00f5092a86a792432df4e7b73e208d6,,,2026-07-18,UNKNOWN,,,metadata_only,unknown,review_required,尚未在配置/数据源.yaml逐来源登记；默认禁止发布。
raw_vault_unregistered,source_file_82adde886bef32db,01_原始数据/代码仓库镜像/MatImpute/experiment/dataset/miss_datasets/CCPM/Tr2_0.1.csv,Tr2_0.1.csv,17805,c033954b5dd9795004d2dcc4b7851af7c9957356794cd5548796b74ac4d0bb19,,,2026-07-18,UNKNOWN,,,metadata_only,unknown,review_required,尚未在配置/数据源.yaml逐来源登记；默认禁止发布。
raw_vault_unregistered,source_file_bd731a76e8c0d64e,01_原始数据/代码仓库镜像/MatImpute/experiment/dataset/miss_datasets/CCPM/Tr2_0.2.csv,Tr2_0.2.csv,17704,74896e9d1839b9b1e1536139eb4d2e9910245f4fd1b6a7ef5fe717b7c5543e69,,,2026-07-18,UNKNOWN,,,metadata_only,unknown,review_required,尚未在配置/数据源.yaml逐来源登记；默认禁止发布。
raw_vault_unregistered,source_file_7a5a6fe56def8547,01_原始数据/代码仓库镜像/MatImpute/experiment/dataset/miss_datasets/CCPM/Tr2_0.30000000000000004.csv,Tr2_0.30000000000000004.csv,17604,332ee9b914194d2446f9e9b19b6ae7cb4d201e85dc0925bcc6cca5dda3c8dabf,,,2026-07-18,UNKNOWN,,,metadata_only,unknown,review_required,尚未在配置/数据源.yaml逐来源登记；默认禁止发布。
raw_vault_unregistered,source_file_6e491a5e12e92180,01_原始数据/代码仓库镜像/MatImpute/experiment/dataset/miss_datasets/CCPM/Tr2_0.4.csv,Tr2_0.4.csv,17505,b36a6b02aadf0b752ef5b9d894487db534fba2311d0b28de7296e1ae5edd0d0f,,,2026-07-18,UNKNOWN,,,metadata_only,unknown,review_required,尚未在配置/数据源.yaml逐来源登记；默认禁止发布。
raw_vault_unregistered,source_file_e4b8995c0633fc63,01_原始数据/代码仓库镜像/MatImpute/experiment/dataset/miss_datasets/CCPM/Tr2_0.5.csv,Tr2_0.5.csv,17416,977d71ffc57f611a9e7489d75a6b31039e28fa03f4c00621e77922426d7f77d9,,,2026-07-18,UNKNOWN,,,metadata_only,unknown,review_required,尚未在配置/数据源.yaml逐来源登记；默认禁止发布。
raw_vault_unregistered,source_file_4e83120a20d8b808,01_原始数据/代码仓库镜像/MatImpute/experiment/dataset/miss_datasets/CCPM/Tr2_0.6000000000000001.csv,Tr2_0.6000000000000001.csv,17309,59ed6f38f99a2a4c799c33a43f6ebf16e8e256ba3bfdc91c0714e4bb873f0fff,,,2026-07-18,UNKNOWN,,,metadata_only,unknown,review_required,尚未在配置/数据源.yaml逐来源登记；默认禁止发布。
raw_vault_unregistered,source_file_c506ea7752d084ee,01_原始数据/代码仓库镜像/MatImpute/experiment/dataset/miss_datasets/CCPM/Tr2_0.7000000000000001.csv,Tr2_0.7000000000000001.csv,17217,cd6ba3f5823f7bf2176b64c6bba9349853079152a3116bf534cf75c72354c2d1,,,2026-07-18,UNKNOWN,,,metadata_only,unknown,review_required,尚未在配置/数据源.yaml逐来源登记；默认禁止发布。
raw_vault_unregistered,source_file_42b474c8969e9405,01_原始数据/代码仓库镜像/MatImpute/experiment/dataset/miss_datasets/CCPM/Tr2_0.8.csv,Tr2_0.8.csv,17120,2bc4bbf63faf3505efb5896b9d54773090ac23f2e5970041fdb0cde79edfb313,,,2026-07-18,UNKNOWN,,,metadata_only,unknown,review_required,尚未在配置/数据源.yaml逐来源登记；默认禁止发布。
raw_vault_unregistered,source_file_7f83b382a394b0f1,01_原始数据/代码仓库镜像/MatImpute/experiment/dataset/miss_datasets/CCPM/Tr2_0.9.csv,Tr2_0.9.csv,17019,13f0f71be7fc4acc311ad7f2d38476b3b5e0d821009f00c7c2554829050656c7,,,2026-07-18,UNKNOWN,,,metadata_only,unknown,review_required,尚未在配置/数据源.yaml逐来源登记；默认禁止发布。
raw_vault_unregistered,source_file_f1a18a84e57b6330,01_原始数据/代码仓库镜像/MatImpute/experiment/dataset/miss_datasets/CCPM/Young's modulus (Mpa)_0.1.csv,Young's modulus (Mpa)_0.1.csv,17814,6ad9ba7477e3fab00c0b36ba1d315056ed373fbeaf330d1aa0e4cdf361ae7e04,,,2026-07-18,UNKNOWN,,,metadata_only,unknown,review_required,尚未在配置/数据源.yaml逐来源登记；默认禁止发布。
raw_vault_unregistered,source_file_0d5b1337e4136111,01_原始数据/代码仓库镜像/MatImpute/experiment/dataset/miss_datasets/CCPM/Young's modulus (Mpa)_0.2.csv,Young's modulus (Mpa)_0.2.csv,17727,d31611cd661c582e0200c10569eaf6b7375dd1752e7c5672063db4206fff1b79,,,2026-07-18,UNKNOWN,,,metadata_only,unknown,review_required,尚未在配置/数据源.yaml逐来源登记；默认禁止发布。
raw_vault_unregistered,source_file_c90e4101807799f3,01_原始数据/代码仓库镜像/MatImpute/experiment/dataset/miss_datasets/CCPM/Young's modulus (Mpa)_0.30000000000000004.csv,Young's modulus (Mpa)_0.30000000000000004.csv,17642,9e0c01dcd9d605f7fabc2d1ac625acc9550522e1040b8d88dfb9f7214fb42d51,,,2026-07-18,UNKNOWN,,,metadata_only,unknown,review_required,尚未在配置/数据源.yaml逐来源登记；默认禁止发布。
raw_vault_unregistered,source_file_7542bf39434b60e5,01_原始数据/代码仓库镜像/MatImpute/experiment/dataset/miss_datasets/CCPM/Young's modulus (Mpa)_0.4.csv,Young's modulus (Mpa)_0.4.csv,17545,ff66935f2b73f619ce3e66289c23148095e5fdd1163402b48703277c0aa1f5dc,,,2026-07-18,UNKNOWN,,,metadata_only,unknown,review_required,尚未在配置/数据源.yaml逐来源登记；默认禁止发布。
raw_vault_unregistered,source_file_04d3263f2d98b9b3,01_原始数据/代码仓库镜像/MatImpute/experiment/dataset/miss_datasets/CCPM/Young's modulus (Mpa)_0.5.csv,Young's modulus (Mpa)_0.5.csv,17468,a2f638d9fe47f494dadfa3f51da74650b31f751936f169fe420276b5519f8aef,,,2026-07-18,UNKNOWN,,,metadata_only,unknown,review_required,尚未在配置/数据源.yaml逐来源登记；默认禁止发布。
raw_vault_unregistered,source_file_44290fda73d69a0e,01_原始数据/代码仓库镜像/MatImpute/experiment/dataset/miss_datasets/CCPM/Young's modulus (Mpa)_0.6000000000000001.csv,Young's modulus (Mpa)_0.6000000000000001.csv,17373,7e5e05d5362d645c3f9f4445253982b33443845388478efc04a1828c90f10581,,,2026-07-18,UNKNOWN,,,metadata_only,unknown,review_required,尚未在配置/数据源.yaml逐来源登记；默认禁止发布。
raw_vault_unregistered,source_file_fca1e70d28ef22b3,01_原始数据/代码仓库镜像/MatImpute/experiment/dataset/miss_datasets/CCPM/Young's modulus (Mpa)_0.7000000000000001.csv,Young's modulus (Mpa)_0.7000000000000001.csv,17287,2f29858292c7b583cb9f8e8ebb0532ca2e9bc6ec34a0ad95b240dfadb70802ad,,,2026-07-18,UNKNOWN,,,metadata_only,unknown,review_required,尚未在配置/数据源.yaml逐来源登记；默认禁止发布。
raw_vault_unregistered,source_file_e345746ed0ec146e,01_原始数据/代码仓库镜像/MatImpute/experiment/dataset/miss_datasets/CCPM/Young's modulus (Mpa)_0.8.csv,Young's modulus (Mpa)_0.8.csv,17204,30f144791c51feb80f08805a9e9b339cace59d585a5c8ec668574b2cad2f10af,,,2026-07-18,UNKNOWN,,,metadata_only,unknown,review_required,尚未在配置/数据源.yaml逐来源登记；默认禁止发布。
raw_vault_unregistered,source_file_b91e7b7a487730b0,01_原始数据/代码仓库镜像/MatImpute/experiment/dataset/miss_datasets/CCPM/Young's modulus (Mpa)_0.9.csv,Young's modulus (Mpa)_0.9.csv,17114,739077df8da8167cfb09ef2e1bff22bb00e9a1f8a1e8d128b0f8a038108870c0,,,2026-07-18,UNKNOWN,,,metadata_only,unknown,review_required,尚未在配置/数据源.yaml逐来源登记；默认禁止发布。
raw_vault_unregistered,source_file_6799edc9717606d2,01_原始数据/代码仓库镜像/MatImpute/experiment/dataset/miss_datasets/Concrete Compressive Strength/Age_0.1.csv,Age_0.1.csv,59270,d527d8d73096d5cb9cdf8aeee1dc30cca4b536b16f734e9b8da02f75fa647b2e,,,2026-07-18,UNKNOWN,,,metadata_only,unknown,review_required,尚未在配置/数据源.yaml逐来源登记；默认禁止发布。
raw_vault_unregistered,source_file_d221bfd9c485b05f,01_原始数据/代码仓库镜像/MatImpute/experiment/dataset/miss_datasets/Concrete Compressive Strength/Age_0.2.csv,Age_0.2.csv,58852,38bcf0cbe8e14f1aeb86c60d2d4a8ae64e8940625f3c9a3688ffe6475c165f5f,,,2026-07-18,UNKNOWN,,,metadata_only,unknown,review_required,尚未在配置/数据源.yaml逐来源登记；默认禁止发布。
raw_vault_unregistered,source_file_898fee23965f3606,01_原始数据/代码仓库镜像/MatImpute/experiment/dataset/miss_datasets/Concrete Compressive Strength/Age_0.30000000000000004.csv,Age_0.30000000000000004.csv,58473,a80a92e94103be3d6cc62d11adc9953a50b1642480cb4ddbe10c6736fd219e7e,,,2026-07-18,UNKNOWN,,,metadata_only,unknown,review_required,尚未在配置/数据源.yaml逐来源登记；默认禁止发布。
raw_vault_unregistered,source_file_ba5d382a56e188e6,01_原始数据/代码仓库镜像/MatImpute/experiment/dataset/miss_datasets/Concrete Compressive Strength/Age_0.4.csv,Age_0.4.csv,58071,9232e4b10125c814144f6ebdb4624bd9abfc639265f21e7f68d25ff09f945de5,,,2026-07-18,UNKNOWN,,,metadata_only,unknown,review_required,尚未在配置/数据源.yaml逐来源登记；默认禁止发布。
raw_vault_unregistered,source_file_0b8ab847421b674c,01_原始数据/代码仓库镜像/MatImpute/experiment/dataset/miss_datasets/Concrete Compressive Strength/Age_0.5.csv,Age_0.5.csv,57670,2c5281495bcde7aba3578f4708c5d1ce514f16f61cf77afcd7e7e79ab0d3dcf1,,,2026-07-18,UNKNOWN,,,metadata_only,unknown,review_required,尚未在配置/数据源.yaml逐来源登记；默认禁止发布。
raw_vault_unregistered,source_file_4cece224a3f2a088,01_原始数据/代码仓库镜像/MatImpute/experiment/dataset/miss_datasets/Concrete Compressive Strength/Age_0.6000000000000001.csv,Age_0.6000000000000001.csv,57278,99385beba4ad98149ec9bf477819306e17f4211a8f572cef5404fba9e37d2c17,,,2026-07-18,UNKNOWN,,,metadata_only,unknown,review_required,尚未在配置/数据源.yaml逐来源登记；默认禁止发布。
raw_vault_unregistered,source_file_4dbcf29e003af19c,01_原始数据/代码仓库镜像/MatImpute/experiment/dataset/miss_datasets/Concrete Compressive Strength/Age_0.7000000000000001.csv,Age_0.7000000000000001.csv,56880,9640022c3e8bca220f4403356d0a675748441b8f4717281edf8c6e714ec2c873,,,2026-07-18,UNKNOWN,,,metadata_only,unknown,review_required,尚未在配置/数据源.yaml逐来源登记；默认禁止发布。
raw_vault_unregistered,source_file_9462650c54314dbe,01_原始数据/代码仓库镜像/MatImpute/experiment/dataset/miss_datasets/Concrete Compressive Strength/Age_0.8.csv,Age_0.8.csv,56471,c8231008e92e0e39c1b5d3c06d721985dcebbcf0621457de603775dfb468bc18,,,2026-07-18,UNKNOWN,,,metadata_only,unknown,review_required,尚未在配置/数据源.yaml逐来源登记；默认禁止发布。
raw_vault_unregistered,source_file_cfd6eeaf762ca9c9,01_原始数据/代码仓库镜像/MatImpute/experiment/dataset/miss_datasets/Concrete Compressive Strength/Age_0.9.csv,Age_0.9.csv,56082,b69304f8cf2ea593769ba35286aca8477773d0bb99a68a4f07b9b8b50fae9311,,,2026-07-18,UNKNOWN,,,metadata_only,unknown,review_required,尚未在配置/数据源.yaml逐来源登记；默认禁止发布。
raw_vault_unregistered,source_file_fcc45fc17082f4f3,01_原始数据/代码仓库镜像/MatImpute/experiment/dataset/miss_datasets/Concrete Compressive Strength/Blast Furnace Slag_0.1.csv,Blast Furnace Slag_0.1.csv,57196,21981bdd359ae1c81463e1602f6130b854d361557d7c0f05ff4df90c07bac59a,,,2026-07-18,UNKNOWN,,,metadata_only,unknown,review_required,尚未在配置/数据源.yaml逐来源登记；默认禁止发布。
raw_vault_unregistered,source_file_a1ccaae96c122093,01_原始数据/代码仓库镜像/MatImpute/experiment/dataset/miss_datasets/Concrete Compressive Strength/Blast Furnace Slag_0.2.csv,Blast Furnace Slag_0.2.csv,56771,1fb8f4bbdee95a29f9c03a7b3a02129ef5963203b2ba3b783120b4f3d377e2a4,,,2026-07-18,UNKNOWN,,,metadata_only,unknown,review_required,尚未在配置/数据源.yaml逐来源登记；默认禁止发布。
raw_vault_unregistered,source_file_8460376dd5cb88e0,01_原始数据/代码仓库镜像/MatImpute/experiment/dataset/miss_datasets/Concrete Compressive Strength/Blast Furnace Slag_0.30000000000000004.csv,Blast Furnace Slag_0.30000000000000004.csv,56394,cb7217200a9074d9f8ca84a10f23fe465b94cc5803c8ff22dcddfc63c2db746a,,,2026-07-18,UNKNOWN,,,metadata_only,unknown,review_required,尚未在配置/数据源.yaml逐来源登记；默认禁止发布。
raw_vault_unregistered,source_file_a449939643dbc4b7,01_原始数据/代码仓库镜像/MatImpute/experiment/dataset/miss_datasets/Concrete Compressive Strength/Blast Furnace Slag_0.4.csv,Blast Furnace Slag_0.4.csv,55995,f931268341aabe3d1366a56f7240106f007224c67bdf5f6bc7a9fe0f1072b088,,,2026-07-18,UNKNOWN,,,metadata_only,unknown,review_required,尚未在配置/数据源.yaml逐来源登记；默认禁止发布。
raw_vault_unregistered,source_file_32f2a63fad675da5,01_原始数据/代码仓库镜像/MatImpute/experiment/dataset/miss_datasets/Concrete Compressive Strength/Blast Furnace Slag_0.5.csv,Blast Furnace Slag_0.5.csv,55527,12a489fb666fdde71d7397aa81687ec49b97a47a8e1fd03e4ba83bc887134aaa,,,2026-07-18,UNKNOWN,,,metadata_only,unknown,review_required,尚未在配置/数据源.yaml逐来源登记；默认禁止发布。
raw_vault_unregistered,source_file_6cdc943cab46e622,01_原始数据/代码仓库镜像/MatImpute/experiment/dataset/miss_datasets/Concrete Compressive Strength/Blast Furnace Slag_0.6000000000000001.csv,Blast Furnace Slag_0.6000000000000001.csv,55112,57a79d0adad4cde027f366bc81828a536dd943bdd64065fa1f2df4129e0e28a3,,,2026-07-18,UNKNOWN,,,metadata_only,unknown,review_required,尚未在配置/数据源.yaml逐来源登记；默认禁止发布。
raw_vault_unregistered,source_file_f56ee6ba081f157f,01_原始数据/代码仓库镜像/MatImpute/experiment/dataset/miss_datasets/Concrete Compressive Strength/Blast Furnace Slag_0.7000000000000001.csv,Blast Furnace Slag_0.7000000000000001.csv,54726,e12f9bdc48c2932215ffff92a8eedd7d3abe087f34e2237467412c029e08f67b,,,2026-07-18,UNKNOWN,,,metadata_only,unknown,review_required,尚未在配置/数据源.yaml逐来源登记；默认禁止发布。
raw_vault_unregistered,source_file_15ab9ebcd8bb69e3,01_原始数据/代码仓库镜像/MatImpute/experiment/dataset/miss_datasets/Concrete Compressive Strength/Blast Furnace Slag_0.8.csv,Blast Furnace Slag_0.8.csv,54322,1513c5bd94f1579a5152c1375bd0ce233df1323744b3b6b390d9048e87b50cfb,,,2026-07-18,UNKNOWN,,,metadata_only,unknown,review_required,尚未在配置/数据源.yaml逐来源登记；默认禁止发布。
raw_vault_unregistered,source_file_ed0bcf56f2392521,01_原始数据/代码仓库镜像/MatImpute/experiment/dataset/miss_datasets/Concrete Compressive Strength/Blast Furnace Slag_0.9.csv,Blast Furnace Slag_0.9.csv,53900,1a3408a9bb4dd045869503327ad88da43f62c729ce915ce398697c56779798fc,,,2026-07-18,UNKNOWN,,,metadata_only,unknown,review_required,尚未在配置/数据源.yaml逐来源登记；默认禁止发布。
raw_vault_unregistered,source_file_b140845e9deb3d9b,01_原始数据/代码仓库镜像/MatImpute/experiment/dataset/miss_datasets/Concrete Compressive Strength/Cement_0.1.csv,Cement_0.1.csv,57062,baff40306395648047c7b94cde9f24392d2cdcbfe687473c350bc6cbb0f16a19,,,2026-07-18,UNKNOWN,,,metadata_only,unknown,review_required,尚未在配置/数据源.yaml逐来源登记；默认禁止发布。
raw_vault_unregistered,source_file_71afea6e5c9c5a8a,01_原始数据/代码仓库镜像/MatImpute/experiment/dataset/miss_datasets/Concrete Compressive Strength/Cement_0.2.csv,Cement_0.2.csv,56524,cecdb10c8d9eb0e6d625951210105c18f32228725c6d8d7c2717b5eb8ba4cb80,,,2026-07-18,UNKNOWN,,,metadata_only,unknown,review_required,尚未在配置/数据源.yaml逐来源登记；默认禁止发布。
raw_vault_unregistered,source_file_7f5d1ffc9099333e,01_原始数据/代码仓库镜像/MatImpute/experiment/dataset/miss_datasets/Concrete Compressive Strength/Cement_0.30000000000000004.csv,Cement_0.30000000000000004.csv,55997,14b2d02ade07c9a2fd862fe3e6ac1fb8c4fbe14ba124571310196f0859d63777,,,2026-07-18,UNKNOWN,,,metadata_only,unknown,review_required,尚未在配置/数据源.yaml逐来源登记；默认禁止发布。
raw_vault_unregistered,source_file_9f60fedd27e10c00,01_原始数据/代码仓库镜像/MatImpute/experiment/dataset/miss_datasets/Concrete Compressive Strength/Cement_0.4.csv,Cement_0.4.csv,55460,16cdc696e73eb7e440ee0cf16d488d673b898f75458c29886b712aefb07ae8c6,,,2026-07-18,UNKNOWN,,,metadata_only,unknown,review_required,尚未在配置/数据源.yaml逐来源登记；默认禁止发布。
raw_vault_unregistered,source_file_9ed0a41748031832,01_原始数据/代码仓库镜像/MatImpute/experiment/dataset/miss_datasets/Concrete Compressive Strength/Cement_0.5.csv,Cement_0.5.csv,54919,27cca4860cc956d2759640c99727bf310ebdeb7c6c93009f4d97b0d5a1e4d16d,,,2026-07-18,UNKNOWN,,,metadata_only,unknown,review_required,尚未在配置/数据源.yaml逐来源登记；默认禁止发布。
raw_vault_unregistered,source_file_0d99e4ab69bc9ddb,01_原始数据/代码仓库镜像/MatImpute/experiment/dataset/miss_datasets/Concrete Compressive Strength/Cement_0.6000000000000001.csv,Cement_0.6000000000000001.csv,54383,b7449fad62df7e51579f4e30b060fd5c0320656c08092642ee2479020e1e3b09,,,2026-07-18,UNKNOWN,,,metadata_only,unknown,review_required,尚未在配置/数据源.yaml逐来源登记；默认禁止发布。
raw_vault_unregistered,source_file_0375fcb273c4ff62,01_原始数据/代码仓库镜像/MatImpute/experiment/dataset/miss_datasets/Concrete Compressive Strength/Cement_0.7000000000000001.csv,Cement_0.7000000000000001.csv,53848,d39c9bac82b3a48454c3d54ddf1d7d0267d0f5d69dc39d95465a35ebe9146abb,,,2026-07-18,UNKNOWN,,,metadata_only,unknown,review_required,尚未在配置/数据源.yaml逐来源登记；默认禁止发布。
raw_vault_unregistered,source_file_40f5032fb1053b15,01_原始数据/代码仓库镜像/MatImpute/experiment/dataset/miss_datasets/Concrete Compressive Strength/Cement_0.8.csv,Cement_0.8.csv,53330,37f6a37cf1e562c00347c5ffa1df4506e0fd193c0e2a33e05ee8d47f11212daa,,,2026-07-18,UNKNOWN,,,metadata_only,unknown,review_required,尚未在配置/数据源.yaml逐来源登记；默认禁止发布。
raw_vault_unregistered,source_file_2acfe6a37bb24c2b,01_原始数据/代码仓库镜像/MatImpute/experiment/dataset/miss_datasets/Concrete Compressive Strength/Cement_0.9.csv,Cement_0.9.csv,52782,baea4ea2adae289e5109d87752ca8805ffdac461c91f49132f5ec10ccc390640,,,2026-07-18,UNKNOWN,,,metadata_only,unknown,review_required,尚未在配置/数据源.yaml逐来源登记；默认禁止发布。
raw_vault_unregistered,source_file_6a166fe3914a48bd,01_原始数据/代码仓库镜像/MatImpute/experiment/dataset/miss_datasets/Concrete Compressive Strength/Coarse Aggregate_0.1.csv,Coarse Aggregate_0.1.csv,57037,21a74942c7711bac88aa3832ada5f1bc9d7ed5893cac86e7facbbb5d93f5f25b,,,2026-07-18,UNKNOWN,,,metadata_only,unknown,review_required,尚未在配置/数据源.yaml逐来源登记；默认禁止发布。
raw_vault_unregistered,source_file_21931875da5653bc,01_原始数据/代码仓库镜像/MatImpute/experiment/dataset/miss_datasets/Concrete Compressive Strength/Coarse Aggregate_0.2.csv,Coarse Aggregate_0.2.csv,56482,1eeeac83a78578f85ee5576339112e3e1efcaae4e3e2d83dfc3e8d381119cfe0,,,2026-07-18,UNKNOWN,,,metadata_only,unknown,review_required,尚未在配置/数据源.yaml逐来源登记；默认禁止发布。
raw_vault_unregistered,source_file_3a0fb04767e93cdc,01_原始数据/代码仓库镜像/MatImpute/experiment/dataset/miss_datasets/Concrete Compressive Strength/Coarse Aggregate_0.30000000000000004.csv,Coarse Aggregate_0.30000000000000004.csv,55929,3d9fc90fe455d8f6c9793db05d1d2d773aeb20a3cce9fff55487d63552e733a7,,,2026-07-18,UNKNOWN,,,metadata_only,unknown,review_required,尚未在配置/数据源.yaml逐来源登记；默认禁止发布。
raw_vault_unregistered,source_file_5eb8f30ffef327ca,01_原始数据/代码仓库镜像/MatImpute/experiment/dataset/miss_datasets/Concrete Compressive Strength/Coarse Aggregate_0.4.csv,Coarse Aggregate_0.4.csv,55363,9ec91ea4e908a51106a38df539bb7b2787b4ea15d451119724d1d92c66453411,,,2026-07-18,UNKNOWN,,,metadata_only,unknown,review_required,尚未在配置/数据源.yaml逐来源登记；默认禁止发布。
raw_vault_unregistered,source_file_d60d377f5d96d40c,01_原始数据/代码仓库镜像/MatImpute/experiment/dataset/miss_datasets/Concrete Compressive Strength/Coarse Aggregate_0.5.csv,Coarse Aggregate_0.5.csv,54812,2a61c46ea07e745bdf6a7c25c868e720d6c2ab0dc06931da669c6a8619cf1c23,,,2026-07-18,UNKNOWN,,,metadata_only,unknown,review_required,尚未在配置/数据源.yaml逐来源登记；默认禁止发布。
raw_vault_unregistered,source_file_ba94f3153c79595d,01_原始数据/代码仓库镜像/MatImpute/experiment/dataset/miss_datasets/Concrete Compressive Strength/Coarse Aggregate_0.6000000000000001.csv,Coarse Aggregate_0.6000000000000001.csv,54253,ea469c1a7a72386b71c01aadf0b89ce97d5ca21c8fd86e773de9c3ad57008f3d,,,2026-07-18,UNKNOWN,,,metadata_only,unknown,review_required,尚未在配置/数据源.yaml逐来源登记；默认禁止发布。
raw_vault_unregistered,source_file_0934b8b0529a36ea,01_原始数据/代码仓库镜像/MatImpute/experiment/dataset/miss_datasets/Concrete Compressive Strength/Coarse Aggregate_0.7000000000000001.csv,Coarse Aggregate_0.7000000000000001.csv,53685,6800c696633e2c6434d942eb9bf6c1bb8563e471e23c1c9ae9ea374cc1da5df1,,,2026-07-18,UNKNOWN,,,metadata_only,unknown,review_required,尚未在配置/数据源.yaml逐来源登记；默认禁止发布。
raw_vault_unregistered,source_file_f95cabedd69e47e8,01_原始数据/代码仓库镜像/MatImpute/experiment/dataset/miss_datasets/Concrete Compressive Strength/Coarse Aggregate_0.8.csv,Coarse Aggregate_0.8.csv,53136,45da4ef3c509cc640d9e7b559cd5a56a431f3a75bea7c9360f22dfcf2d16c2d0,,,2026-07-18,UNKNOWN,,,metadata_only,unknown,review_required,尚未在配置/数据源.yaml逐来源登记；默认禁止发布。
raw_vault_unregistered,source_file_2a166ae537f36256,01_原始数据/代码仓库镜像/MatImpute/experiment/dataset/miss_datasets/Concrete Compressive Strength/Coarse Aggregate_0.9.csv,Coarse Aggregate_0.9.csv,52559,8396164e62733f2347d201e643d78a2a2600ad45ad1d9715092c0649faa0dc7d,,,2026-07-18,UNKNOWN,,,metadata_only,unknown,review_required,尚未在配置/数据源.yaml逐来源登记；默认禁止发布。
raw_vault_unregistered,source_file_bddea391e24e0f7b,01_原始数据/代码仓库镜像/MatImpute/experiment/dataset/miss_datasets/Concrete Compressive Strength/Concrete compressive strength_0.1.csv,Concrete compressive strength_0.1.csv,56430,12af78d902e22faab8ad926ac4e076038575924451c726598aa9560208cde6b7,,,2026-07-18,UNKNOWN,,,metadata_only,unknown,review_required,尚未在配置/数据源.yaml逐来源登记；默认禁止发布。
raw_vault_unregistered,source_file_680cdde0dad3e5e4,01_原始数据/代码仓库镜像/MatImpute/experiment/dataset/miss_datasets/Concrete Compressive Strength/Concrete compressive strength_0.2.csv,Concrete compressive strength_0.2.csv,55234,b550d52d819619a1989d99d5be8de10557739c42b91a393062181dba35d15cd8,,,2026-07-18,UNKNOWN,,,metadata_only,unknown,review_required,尚未在配置/数据源.yaml逐来源登记；默认禁止发布。
raw_vault_unregistered,source_file_a8a8c5b9a4604bcf,01_原始数据/代码仓库镜像/MatImpute/experiment/dataset/miss_datasets/Concrete Compressive Strength/Concrete compressive strength_0.30000000000000004.csv,Concrete compressive strength_0.30000000000000004.csv,54105,5657ba24ef42cfe8d3e27ab1ee82c49ceb22ce527f832411a79645698cbbbff1,,,2026-07-18,UNKNOWN,,,metadata_only,unknown,review_required,尚未在配置/数据源.yaml逐来源登记；默认禁止发布。
raw_vault_unregistered,source_file_2cb9f31d8a904e47,01_原始数据/代码仓库镜像/MatImpute/experiment/dataset/miss_datasets/Concrete Compressive Strength/Concrete compressive strength_0.4.csv,Concrete compressive strength_0.4.csv,52879,66551e467a23c7fd58a16a4385f29ac88099813e754acb994248344ee029afd8,,,2026-07-18,UNKNOWN,,,metadata_only,unknown,review_required,尚未在配置/数据源.yaml逐来源登记；默认禁止发布。
raw_vault_unregistered,source_file_f46e564ff595aaa8,01_原始数据/代码仓库镜像/MatImpute/experiment/dataset/miss_datasets/Concrete Compressive Strength/Concrete compressive strength_0.5.csv,Concrete compressive strength_0.5.csv,51757,2da9570c993522bdafc69e5383bdabd7ffeda3baad7968af9b9c2e12b02a7744,,,2026-07-18,UNKNOWN,,,metadata_only,unknown,review_required,尚未在配置/数据源.yaml逐来源登记；默认禁止发布。
raw_vault_unregistered,source_file_202ae270a868f92f,01_原始数据/代码仓库镜像/MatImpute/experiment/dataset/miss_datasets/Concrete Compressive Strength/Concrete compressive strength_0.6000000000000001.csv,Concrete compressive strength_0.6000000000000001.csv,50553,ac1f594ac9ea0f9d555ecfe129cea4e545ea58e24321c7ec636386144f2f7e58,,,2026-07-18,UNKNOWN,,,metadata_only,unknown,review_required,尚未在配置/数据源.yaml逐来源登记；默认禁止发布。
raw_vault_unregistered,source_file_0395ba31fed603d6,01_原始数据/代码仓库镜像/MatImpute/experiment/dataset/miss_datasets/Concrete Compressive Strength/Concrete compressive strength_0.7000000000000001.csv,Concrete compressive strength_0.7000000000000001.csv,49342,51571dbd377f24309d42c148132cf8530b03e7dc7dcb126d1debe79aeb1a2012,,,2026-07-18,UNKNOWN,,,metadata_only,unknown,review_required,尚未在配置/数据源.yaml逐来源登记；默认禁止发布。
raw_vault_unregistered,source_file_b95b2906201ce7b2,01_原始数据/代码仓库镜像/MatImpute/experiment/dataset/miss_datasets/Concrete Compressive Strength/Concrete compressive strength_0.8.csv,Concrete compressive strength_0.8.csv,48202,a4e39bafdf429b96b7418e96eefb69ddc04e4f6e5a73040ece5caf167b27ab7c,,,2026-07-18,UNKNOWN,,,metadata_only,unknown,review_required,尚未在配置/数据源.yaml逐来源登记；默认禁止发布。
raw_vault_unregistered,source_file_e80cbcdf7dfb2101,01_原始数据/代码仓库镜像/MatImpute/experiment/dataset/miss_datasets/Concrete Compressive Strength/Concrete compressive strength_0.9.csv,Concrete compressive strength_0.9.csv,47041,9f3f659fc1d2100d5ecd0c842122c215afcb59cf729b2fac05034222240385ac,,,2026-07-18,UNKNOWN,,,metadata_only,unknown,review_required,尚未在配置/数据源.yaml逐来源登记；默认禁止发布。
raw_vault_unregistered,source_file_bd88dd9ed225e8af,01_原始数据/代码仓库镜像/MatImpute/experiment/dataset/miss_datasets/Concrete Compressive Strength/Fine Aggregate_0.1.csv,Fine Aggregate_0.1.csv,57063,927f7d13dafe2b1429eee7e1059b85627b379f84537ffa76b38c7c671a5fdc6d,,,2026-07-18,UNKNOWN,,,metadata_only,unknown,review_required,尚未在配置/数据源.yaml逐来源登记；默认禁止发布。
raw_vault_unregistered,source_file_efd032bccc97a04f,01_原始数据/代码仓库镜像/MatImpute/experiment/dataset/miss_datasets/Concrete Compressive Strength/Fine Aggregate_0.2.csv,Fine Aggregate_0.2.csv,56540,71799706710a00799fb57a687c8c4c02bcb23ce64f69c0db3b1bada7d27641e2,,,2026-07-18,UNKNOWN,,,metadata_only,unknown,review_required,尚未在配置/数据源.yaml逐来源登记；默认禁止发布。
raw_vault_unregistered,source_file_c77b385a6ed13b86,01_原始数据/代码仓库镜像/MatImpute/experiment/dataset/miss_datasets/Concrete Compressive Strength/Fine Aggregate_0.30000000000000004.csv,Fine Aggregate_0.30000000000000004.csv,56006,af61a074b81562ee47d7cd20c8adb8a5149ce9520b3326100b57beebd47a8dc4,,,2026-07-18,UNKNOWN,,,metadata_only,unknown,review_required,尚未在配置/数据源.yaml逐来源登记；默认禁止发布。
raw_vault_unregistered,source_file_8a0c6e61832fb9f7,01_原始数据/代码仓库镜像/MatImpute/experiment/dataset/miss_datasets/Concrete Compressive Strength/Fine Aggregate_0.4.csv,Fine Aggregate_0.4.csv,55479,aa6ba1a333adabc947b3e8f28bd9564774e782789c7c3bda728a9c045e9f3d28,,,2026-07-18,UNKNOWN,,,metadata_only,unknown,review_required,尚未在配置/数据源.yaml逐来源登记；默认禁止发布。
raw_vault_unregistered,source_file_eebebcf6a97c3516,01_原始数据/代码仓库镜像/MatImpute/experiment/dataset/miss_datasets/Concrete Compressive Strength/Fine Aggregate_0.5.csv,Fine Aggregate_0.5.csv,54942,fc8d36eb4adc947263b4628f40337986e2ce93abeae07299de15abb749a8ea4e,,,2026-07-18,UNKNOWN,,,metadata_only,unknown,review_required,尚未在配置/数据源.yaml逐来源登记；默认禁止发布。
raw_vault_unregistered,source_file_7d4d103b0a80d185,01_原始数据/代码仓库镜像/MatImpute/experiment/dataset/miss_datasets/Concrete Compressive Strength/Fine Aggregate_0.6000000000000001.csv,Fine Aggregate_0.6000000000000001.csv,54402,439f2a4988d1d04dcad0a0ee54b58d2345ef3cb120413d0489e2abc6f638cfbd,,,2026-07-18,UNKNOWN,,,metadata_only,unknown,review_required,尚未在配置/数据源.yaml逐来源登记；默认禁止发布。
raw_vault_unregistered,source_file_1c3866ffd71915d8,01_原始数据/代码仓库镜像/MatImpute/experiment/dataset/miss_datasets/Concrete Compressive Strength/Fine Aggregate_0.7000000000000001.csv,Fine Aggregate_0.7000000000000001.csv,53875,be4b24f59a9c1d465d8cdd1feed9c8f5ecfb55477b3a255b46c033648ad61e7c,,,2026-07-18,UNKNOWN,,,metadata_only,unknown,review_required,尚未在配置/数据源.yaml逐来源登记；默认禁止发布。
raw_vault_unregistered,source_file_502f712cf95b2eb7,01_原始数据/代码仓库镜像/MatImpute/experiment/dataset/miss_datasets/Concrete Compressive Strength/Fine Aggregate_0.8.csv,Fine Aggregate_0.8.csv,53342,ab854ea7b73ce57a821d4e3b539492d6ce02c4272ddcaed98a685fd6b7eb85cc,,,2026-07-18,UNKNOWN,,,metadata_only,unknown,review_required,尚未在配置/数据源.yaml逐来源登记；默认禁止发布。
raw_vault_unregistered,source_file_91cfcb5621d6186c,01_原始数据/代码仓库镜像/MatImpute/experiment/dataset/miss_datasets/Concrete Compressive Strength/Fine Aggregate_0.9.csv,Fine Aggregate_0.9.csv,52815,d47853eec9060fb6fa75fd344d5c2b1b739adcae095cb1d915cc48b3e7485fa0,,,2026-07-18,UNKNOWN,,,metadata_only,unknown,review_required,尚未在配置/数据源.yaml逐来源登记；默认禁止发布。
raw_vault_unregistered,source_file_0a3b671c45be9259,01_原始数据/代码仓库镜像/MatImpute/experiment/dataset/miss_datasets/Concrete Compressive Strength/Fly Ash_0.1.csv,Fly Ash_0.1.csv,57201,c94bceaf3650a719d91f4ccef5f74c481ef4390a734a02b488e4a8a9cba2fa96,,,2026-07-18,UNKNOWN,,,metadata_only,unknown,review_required,尚未在配置/数据源.yaml逐来源登记；默认禁止发布。
raw_vault_unregistered,source_file_981594001fbe778b,01_原始数据/代码仓库镜像/MatImpute/experiment/dataset/miss_datasets/Concrete Compressive Strength/Fly Ash_0.2.csv,Fly Ash_0.2.csv,56777,2778359d32d363d6bff3313a04d451a9186be12370f0d0cca2e5ebf4eb36514c,,,2026-07-18,UNKNOWN,,,metadata_only,unknown,review_required,尚未在配置/数据源.yaml逐来源登记；默认禁止发布。
raw_vault_unregistered,source_file_95a7860482f19416,01_原始数据/代码仓库镜像/MatImpute/experiment/dataset/miss_datasets/Concrete Compressive Strength/Fly Ash_0.30000000000000004.csv,Fly Ash_0.30000000000000004.csv,56388,1f45e21050da3381881904d508490f2e48018610362be509d5b98b2db0007df4,,,2026-07-18,UNKNOWN,,,metadata_only,unknown,review_required,尚未在配置/数据源.yaml逐来源登记；默认禁止发布。
raw_vault_unregistered,source_file_418a2dad7210636c,01_原始数据/代码仓库镜像/MatImpute/experiment/dataset/miss_datasets/Concrete Compressive Strength/Fly Ash_0.4.csv,Fly Ash_0.4.csv,55956,befa8f09e375a08662e0246353b6603033dcb7d17a0e431605e5f79ac5da33f1,,,2026-07-18,UNKNOWN,,,metadata_only,unknown,review_required,尚未在配置/数据源.yaml逐来源登记；默认禁止发布。
raw_vault_unregistered,source_file_0335555d0dab3a89,01_原始数据/代码仓库镜像/MatImpute/experiment/dataset/miss_datasets/Concrete Compressive Strength/Fly Ash_0.5.csv,Fly Ash_0.5.csv,55528,229976c3889adaec7e3d787eb777618682380f1c70be46b15cf69e7e9ba4c4b0,,,2026-07-18,UNKNOWN,,,metadata_only,unknown,review_required,尚未在配置/数据源.yaml逐来源登记；默认禁止发布。
raw_vault_unregistered,source_file_039a63e9db2b5698,01_原始数据/代码仓库镜像/MatImpute/experiment/dataset/miss_datasets/Concrete Compressive Strength/Fly Ash_0.6000000000000001.csv,Fly Ash_0.6000000000000001.csv,55124,5b79d079e6c6347ae7c366c331057c743dca08e8b2aadbae4c406707d9376ec6,,,2026-07-18,UNKNOWN,,,metadata_only,unknown,review_required,尚未在配置/数据源.yaml逐来源登记；默认禁止发布。
raw_vault_unregistered,source_file_216c076954b88f46,01_原始数据/代码仓库镜像/MatImpute/experiment/dataset/miss_datasets/Concrete Compressive Strength/Fly Ash_0.7000000000000001.csv,Fly Ash_0.7000000000000001.csv,54689,89b240b68f941393d256a909ec07615c29f07c3db9567e94bd31f3aec14b8da2,,,2026-07-18,UNKNOWN,,,metadata_only,unknown,review_required,尚未在配置/数据源.yaml逐来源登记；默认禁止发布。
raw_vault_unregistered,source_file_78a76670e0a9ed82,01_原始数据/代码仓库镜像/MatImpute/experiment/dataset/miss_datasets/Concrete Compressive Strength/Fly Ash_0.8.csv,Fly Ash_0.8.csv,54328,adabd2880954aa040d6a29feb8e32a11a2ef732a026cca1da63eb75a9c4e4706,,,2026-07-18,UNKNOWN,,,metadata_only,unknown,review_required,尚未在配置/数据源.yaml逐来源登记；默认禁止发布。
raw_vault_unregistered,source_file_2e912db0668da657,01_原始数据/代码仓库镜像/MatImpute/experiment/dataset/miss_datasets/Concrete Compressive Strength/Fly Ash_0.9.csv,Fly Ash_0.9.csv,53882,21d05fa077151014bbef150b181939276708a3bcb1780b81f2eeb2a310dee4ca,,,2026-07-18,UNKNOWN,,,metadata_only,unknown,review_required,尚未在配置/数据源.yaml逐来源登记；默认禁止发布。
raw_vault_unregistered,source_file_680c60a44f11874a,01_原始数据/代码仓库镜像/MatImpute/experiment/dataset/miss_datasets/Concrete Compressive Strength/Superplasticizer_0.1.csv,Superplasticizer_0.1.csv,57216,7fce021cdbb235f39d32ba97217e878f870393c7bff9f76adafb93429f7c8ee4,,,2026-07-18,UNKNOWN,,,metadata_only,unknown,review_required,尚未在配置/数据源.yaml逐来源登记；默认禁止发布。
raw_vault_unregistered,source_file_4e6e1e1f9f1b853a,01_原始数据/代码仓库镜像/MatImpute/experiment/dataset/miss_datasets/Concrete Compressive Strength/Superplasticizer_0.2.csv,Superplasticizer_0.2.csv,56863,00e3d3e25d564f3e88c2620c3ce6b7a26d79e90a23a43df50cada7e7247d64c0,,,2026-07-18,UNKNOWN,,,metadata_only,unknown,review_required,尚未在配置/数据源.yaml逐来源登记；默认禁止发布。
raw_vault_unregistered,source_file_d2380045bb266a0a,01_原始数据/代码仓库镜像/MatImpute/experiment/dataset/miss_datasets/Concrete Compressive Strength/Superplasticizer_0.30000000000000004.csv,Superplasticizer_0.30000000000000004.csv,56480,affc4572b4ba8f2152d425221a89711383daf9de2680ce21de4f39e8a2ab0891,,,2026-07-18,UNKNOWN,,,metadata_only,unknown,review_required,尚未在配置/数据源.yaml逐来源登记；默认禁止发布。
raw_vault_unregistered,source_file_6ac1308da6425a2e,01_原始数据/代码仓库镜像/MatImpute/experiment/dataset/miss_datasets/Concrete Compressive Strength/Superplasticizer_0.4.csv,Superplasticizer_0.4.csv,56121,5483e16316f8d65baacd3818259ca4a90abbc406ffcbaf5dae4cfaca512d3a97,,,2026-07-18,UNKNOWN,,,metadata_only,unknown,review_required,尚未在配置/数据源.yaml逐来源登记；默认禁止发布。
raw_vault_unregistered,source_file_47312eb3fd5168b8,01_原始数据/代码仓库镜像/MatImpute/experiment/dataset/miss_datasets/Concrete Compressive Strength/Superplasticizer_0.5.csv,Superplasticizer_0.5.csv,55729,8d485462a6c02acdc83db7875eedebd170cd84b46f7e2c3ce834ff1c33eef1ea,,,2026-07-18,UNKNOWN,,,metadata_only,unknown,review_required,尚未在配置/数据源.yaml逐来源登记；默认禁止发布。
raw_vault_unregistered,source_file_1f4b9e463212c862,01_原始数据/代码仓库镜像/MatImpute/experiment/dataset/miss_datasets/Concrete Compressive Strength/Superplasticizer_0.6000000000000001.csv,Superplasticizer_0.6000000000000001.csv,55381,cca518506f15e0e92e32fced8438ea21969a7a06db7a01fc0a8adb1dd45a1aec,,,2026-07-18,UNKNOWN,,,metadata_only,unknown,review_required,尚未在配置/数据源.yaml逐来源登记；默认禁止发布。
raw_vault_unregistered,source_file_b690298175073f34,01_原始数据/代码仓库镜像/MatImpute/experiment/dataset/miss_datasets/Concrete Compressive Strength/Superplasticizer_0.7000000000000001.csv,Superplasticizer_0.7000000000000001.csv,55041,0abc65303695e886b2b1a0ef60d348506d0d257b376827b923192b6d19f85415,,,2026-07-18,UNKNOWN,,,metadata_only,unknown,review_required,尚未在配置/数据源.yaml逐来源登记；默认禁止发布。
raw_vault_unregistered,source_file_3305fc816f980fbe,01_原始数据/代码仓库镜像/MatImpute/experiment/dataset/miss_datasets/Concrete Compressive Strength/Superplasticizer_0.8.csv,Superplasticizer_0.8.csv,54643,ad0e07af87cab5ffe6d0a91d4d4b8f1c359f06aaa31171425434300067b3a97b,,,2026-07-18,UNKNOWN,,,metadata_only,unknown,review_required,尚未在配置/数据源.yaml逐来源登记；默认禁止发布。
raw_vault_unregistered,source_file_14801ef43eb180bf,01_原始数据/代码仓库镜像/MatImpute/experiment/dataset/miss_datasets/Concrete Compressive Strength/Superplasticizer_0.9.csv,Superplasticizer_0.9.csv,54286,27c3b8f3042e7defbb0a4a3005df65243d6e0d39279410792a5edceb2ef18424,,,2026-07-18,UNKNOWN,,,metadata_only,unknown,review_required,尚未在配置/数据源.yaml逐来源登记；默认禁止发布。
raw_vault_unregistered,source_file_e246c7b481fa117a,01_原始数据/代码仓库镜像/MatImpute/experiment/dataset/miss_datasets/Concrete Compressive Strength/Water_0.1.csv,Water_0.1.csv,57061,b802bf4c2e74dd882a9529a6d311dc45674120519ef37c010ae864e7383e7b90,,,2026-07-18,UNKNOWN,,,metadata_only,unknown,review_required,尚未在配置/数据源.yaml逐来源登记；默认禁止发布。
raw_vault_unregistered,source_file_df6e11b9dbe421fa,01_原始数据/代码仓库镜像/MatImpute/experiment/dataset/miss_datasets/Concrete Compressive Strength/Water_0.2.csv,Water_0.2.csv,56535,fdcbf6846c6452bc711cd3b614a6bbe8d61b218233951e27c9cab063aa476399,,,2026-07-18,UNKNOWN,,,metadata_only,unknown,review_required,尚未在配置/数据源.yaml逐来源登记；默认禁止发布。
raw_vault_unregistered,source_file_94683c3602aa7385,01_原始数据/代码仓库镜像/MatImpute/experiment/dataset/miss_datasets/Concrete Compressive Strength/Water_0.30000000000000004.csv,Water_0.30000000000000004.csv,55981,589872c2d8920f5b4f77314d09424c02b278108912791eb2d43a2b189ae7f68c,,,2026-07-18,UNKNOWN,,,metadata_only,unknown,review_required,尚未在配置/数据源.yaml逐来源登记；默认禁止发布。
raw_vault_unregistered,source_file_90eae13a1f16fca0,01_原始数据/代码仓库镜像/MatImpute/experiment/dataset/miss_datasets/Concrete Compressive Strength/Water_0.4.csv,Water_0.4.csv,55435,eaa6f3bcbc97e35392aac36c7662c92688531c9c38a7399c3ebcda119fbd3c68,,,2026-07-18,UNKNOWN,,,metadata_only,unknown,review_required,尚未在配置/数据源.yaml逐来源登记；默认禁止发布。
raw_vault_unregistered,source_file_47429b1d46a11a9f,01_原始数据/代码仓库镜像/MatImpute/experiment/dataset/miss_datasets/Concrete Compressive Strength/Water_0.5.csv,Water_0.5.csv,54914,7bb901989bc0726a9d3d966115375bcfd74cbd8ff8ee83ae9c3e8d5813d6f2ab,,,2026-07-18,UNKNOWN,,,metadata_only,unknown,review_required,尚未在配置/数据源.yaml逐来源登记；默认禁止发布。
raw_vault_unregistered,source_file_ff5ff7eb8dc56b0a,01_原始数据/代码仓库镜像/MatImpute/experiment/dataset/miss_datasets/Concrete Compressive Strength/Water_0.6000000000000001.csv,Water_0.6000000000000001.csv,54367,d09dac1fe8ca09d9de4685ffcabe980b0ab3a5a5a8b59d989c2fd4a9d4b40b71,,,2026-07-18,UNKNOWN,,,metadata_only,unknown,review_required,尚未在配置/数据源.yaml逐来源登记；默认禁止发布。
raw_vault_unregistered,source_file_35331a8549aff313,01_原始数据/代码仓库镜像/MatImpute/experiment/dataset/miss_datasets/Concrete Compressive Strength/Water_0.7000000000000001.csv,Water_0.7000000000000001.csv,53825,2a3a3468332f6c488c78006e3e3a01d9ad20d019b759335e06c246d94ac6fa0b,,,2026-07-18,UNKNOWN,,,metadata_only,unknown,review_required,尚未在配置/数据源.yaml逐来源登记；默认禁止发布。
raw_vault_unregistered,source_file_cc0e0606700269b2,01_原始数据/代码仓库镜像/MatImpute/experiment/dataset/miss_datasets/Concrete Compressive Strength/Water_0.8.csv,Water_0.8.csv,53303,27476fa63aff49723c3a80830e9e10425c0dfd636ca3014f544265e486f1021d,,,2026-07-18,UNKNOWN,,,metadata_only,unknown,review_required,尚未在配置/数据源.yaml逐来源登记；默认禁止发布。
raw_vault_unregistered,source_file_778b33a13d04766e,01_原始数据/代码仓库镜像/MatImpute/experiment/dataset/miss_datasets/Concrete Compressive Strength/Water_0.9.csv,Water_0.9.csv,52749,7da1e5a89cd7f09cf4f1fe46a8a61af5b186731d15f31e756043fa4359948729,,,2026-07-18,UNKNOWN,,,metadata_only,unknown,review_required,尚未在配置/数据源.yaml逐来源登记；默认禁止发布。
raw_vault_unregistered,source_file_ba3c19dc4cc8ba3f,01_原始数据/代码仓库镜像/MatImpute/experiment/dataset/miss_datasets/Crystal_structure/EN(A)_0.1.csv,EN(A)_0.1.csv,86431,25d05990cb56aa8c92f50d860d153962479a3f6ab1ffbc2d0c0f6782091697da,,,2026-07-18,UNKNOWN,,,metadata_only,unknown,review_required,尚未在配置/数据源.yaml逐来源登记；默认禁止发布。
raw_vault_unregistered,source_file_86cf6336bffa0d16,01_原始数据/代码仓库镜像/MatImpute/experiment/dataset/miss_datasets/Crystal_structure/EN(A)_0.2.csv,EN(A)_0.2.csv,86182,2e41e4952e75cd9a11f6fe7c8e6f75b8adac38cbe01e41f127026a25bcdbe3f5,,,2026-07-18,UNKNOWN,,,metadata_only,unknown,review_required,尚未在配置/数据源.yaml逐来源登记；默认禁止发布。
raw_vault_unregistered,source_file_5a972bc5c4c63a1b,01_原始数据/代码仓库镜像/MatImpute/experiment/dataset/miss_datasets/Crystal_structure/EN(A)_0.30000000000000004.csv,EN(A)_0.30000000000000004.csv,85933,f24416b3479505b2edd0a35dcbb674ff5aa0561eef3066b7fc28c4280ed8d5d1,,,2026-07-18,UNKNOWN,,,metadata_only,unknown,review_required,尚未在配置/数据源.yaml逐来源登记；默认禁止发布。
raw_vault_unregistered,source_file_1a3f889ea945e8ad,01_原始数据/代码仓库镜像/MatImpute/experiment/dataset/miss_datasets/Crystal_structure/EN(A)_0.4.csv,EN(A)_0.4.csv,85681,81a8d6b81c4f0651e38c77ac74b9e99ecd8133a053836317adb6392cbbd5dcc9,,,2026-07-18,UNKNOWN,,,metadata_only,unknown,review_required,尚未在配置/数据源.yaml逐来源登记；默认禁止发布。
raw_vault_unregistered,source_file_525fe40709ee7281,01_原始数据/代码仓库镜像/MatImpute/experiment/dataset/miss_datasets/Crystal_structure/EN(A)_0.5.csv,EN(A)_0.5.csv,85434,1ae41e73e2ed69a94a474c246a9db6bfc91ce2163e6789f30c87967137d999c9,,,2026-07-18,UNKNOWN,,,metadata_only,unknown,review_required,尚未在配置/数据源.yaml逐来源登记；默认禁止发布。
raw_vault_unregistered,source_file_02d4dda7c0a76bae,01_原始数据/代码仓库镜像/MatImpute/experiment/dataset/miss_datasets/Crystal_structure/EN(A)_0.6000000000000001.csv,EN(A)_0.6000000000000001.csv,85186,d8ce5305537f0c81d096b56b158455896f2b0088bf3033645976d76d3cc4c33a,,,2026-07-18,UNKNOWN,,,metadata_only,unknown,review_required,尚未在配置/数据源.yaml逐来源登记；默认禁止发布。
raw_vault_unregistered,source_file_e61f7a44d7b60ada,01_原始数据/代码仓库镜像/MatImpute/experiment/dataset/miss_datasets/Crystal_structure/EN(A)_0.7000000000000001.csv,EN(A)_0.7000000000000001.csv,84929,c6f5a889f3e28609ca4bdea85b4b457960eccd45387600100ce424d0ef611391,,,2026-07-18,UNKNOWN,,,metadata_only,unknown,review_required,尚未在配置/数据源.yaml逐来源登记；默认禁止发布。
raw_vault_unregistered,source_file_ee56d5ebac444ad1,01_原始数据/代码仓库镜像/MatImpute/experiment/dataset/miss_datasets/Crystal_structure/EN(A)_0.8.csv,EN(A)_0.8.csv,84687,19a6ee24a2f8a1bf57e5e2957b9759045e78bc9fb90952932626edcc9610afd5,,,2026-07-18,UNKNOWN,,,metadata_only,unknown,review_required,尚未在配置/数据源.yaml逐来源登记；默认禁止发布。
raw_vault_unregistered,source_file_b6c04a88368528bb,01_原始数据/代码仓库镜像/MatImpute/experiment/dataset/miss_datasets/Crystal_structure/EN(A)_0.9.csv,EN(A)_0.9.csv,84435,da2b4262236bb5fb169d29dbe49bfe79cb2879f1b4d3c3c1cc3c48eac87f1d56,,,2026-07-18,UNKNOWN,,,metadata_only,unknown,review_required,尚未在配置/数据源.yaml逐来源登记；默认禁止发布。
raw_vault_unregistered,source_file_26353fef6b1adbcb,01_原始数据/代码仓库镜像/MatImpute/experiment/dataset/miss_datasets/Crystal_structure/EN(B)_0.1.csv,EN(B)_0.1.csv,86432,2d621904a10757ba173d04089323af3e4485de2cf60f7fb734f09ce1524454cf,,,2026-07-18,UNKNOWN,,,metadata_only,unknown,review_required,尚未在配置/数据源.yaml逐来源登记；默认禁止发布。
raw_vault_unregistered,source_file_057402a3555cbefb,01_原始数据/代码仓库镜像/MatImpute/experiment/dataset/miss_datasets/Crystal_structure/EN(B)_0.2.csv,EN(B)_0.2.csv,86183,07f3666ea32f933a475fd396233d9a058ae8e0064bf48464bfb04505c7537c29,,,2026-07-18,UNKNOWN,,,metadata_only,unknown,review_required,尚未在配置/数据源.yaml逐来源登记；默认禁止发布。
raw_vault_unregistered,source_file_b763d53e57e53c53,01_原始数据/代码仓库镜像/MatImpute/experiment/dataset/miss_datasets/Crystal_structure/EN(B)_0.30000000000000004.csv,EN(B)_0.30000000000000004.csv,85939,092cea2085880e5a9f9e0b84282fa5ccb0548c38c589bc36d2fdff445735d15d,,,2026-07-18,UNKNOWN,,,metadata_only,unknown,review_required,尚未在配置/数据源.yaml逐来源登记；默认禁止发布。
raw_vault_unregistered,source_file_29c114f96508cce7,01_原始数据/代码仓库镜像/MatImpute/experiment/dataset/miss_datasets/Crystal_structure/EN(B)_0.4.csv,EN(B)_0.4.csv,85692,bbffebbca59faaf04189f852a6c24c690246689d33e647d32a048723efc8c154,,,2026-07-18,UNKNOWN,,,metadata_only,unknown,review_required,尚未在配置/数据源.yaml逐来源登记；默认禁止发布。
raw_vault_unregistered,source_file_b330afc311535731,01_原始数据/代码仓库镜像/MatImpute/experiment/dataset/miss_datasets/Crystal_structure/EN(B)_0.5.csv,EN(B)_0.5.csv,85429,dd375a56549034d6e43050d7ef201664d1796f8658eb82ad43d1b1aea4e86f18,,,2026-07-18,UNKNOWN,,,metadata_only,unknown,review_required,尚未在配置/数据源.yaml逐来源登记；默认禁止发布。
raw_vault_unregistered,source_file_496d7d81ade91852,01_原始数据/代码仓库镜像/MatImpute/experiment/dataset/miss_datasets/Crystal_structure/EN(B)_0.6000000000000001.csv,EN(B)_0.6000000000000001.csv,85198,800cb10014846b6dbc7013d1e9e41b7a7a7688d472d487616f03424b4e03a416,,,2026-07-18,UNKNOWN,,,metadata_only,unknown,review_required,尚未在配置/数据源.yaml逐来源登记；默认禁止发布。
raw_vault_unregistered,source_file_390b11bde1915923,01_原始数据/代码仓库镜像/MatImpute/experiment/dataset/miss_datasets/Crystal_structure/EN(B)_0.7000000000000001.csv,EN(B)_0.7000000000000001.csv,84942,157c104be67abdcb4711234dc66f1cb8e61be143d23590247866e3d418c0e240,,,2026-07-18,UNKNOWN,,,metadata_only,unknown,review_required,尚未在配置/数据源.yaml逐来源登记；默认禁止发布。
raw_vault_unregistered,source_file_caf51fd0a940c5b3,01_原始数据/代码仓库镜像/MatImpute/experiment/dataset/miss_datasets/Crystal_structure/EN(B)_0.8.csv,EN(B)_0.8.csv,84691,2f4153fa75e9807725fc9eda54dc216e41ed15253f49b691c0b6db6745d18a4c,,,2026-07-18,UNKNOWN,,,metadata_only,unknown,review_required,尚未在配置/数据源.yaml逐来源登记；默认禁止发布。
raw_vault_unregistered,source_file_1156ac876ee73389,01_原始数据/代码仓库镜像/MatImpute/experiment/dataset/miss_datasets/Crystal_structure/EN(B)_0.9.csv,EN(B)_0.9.csv,84441,af415e8a876bfd1a5ccc368b292316e9d3433e29fbabd97e480e0b967ddc710a,,,2026-07-18,UNKNOWN,,,metadata_only,unknown,review_required,尚未在配置/数据源.yaml逐来源登记；默认禁止发布。
raw_vault_unregistered,source_file_a07097d085402753,01_原始数据/代码仓库镜像/MatImpute/experiment/dataset/miss_datasets/Crystal_structure/l(A-O)(Å)_0.1.csv,l(A-O)(Å)_0.1.csv,85936,3841a576b3b8e5fce7f7f9c77c5bc5dd3351734981f70c89500207f3443d7f2f,,,2026-07-18,UNKNOWN,,,metadata_only,unknown,review_required,尚未在配置/数据源.yaml逐来源登记；默认禁止发布。
raw_vault_unregistered,source_file_287ecfd3b9ee68b1,01_原始数据/代码仓库镜像/MatImpute/experiment/dataset/miss_datasets/Crystal_structure/l(A-O)(Å)_0.2.csv,l(A-O)(Å)_0.2.csv,85210,20c0658612f79cbd8a1577bb2b1b11403789f4a12e1d3a089bc8fcb2fc14aa5c,,,2026-07-18,UNKNOWN,,,metadata_only,unknown,review_required,尚未在配置/数据源.yaml逐来源登记；默认禁止发布。
raw_vault_unregistered,source_file_8140e7a73bcf1bbd,01_原始数据/代码仓库镜像/MatImpute/experiment/dataset/miss_datasets/Crystal_structure/l(A-O)(Å)_0.30000000000000004.csv,l(A-O)(Å)_0.30000000000000004.csv,84474,364ccdffea3e6097797ce8b10758de73ea704ace1d807a4a2a6c40e9d7e26bc9,,,2026-07-18,UNKNOWN,,,metadata_only,unknown,review_required,尚未在配置/数据源.yaml逐来源登记；默认禁止发布。
raw_vault_unregistered,source_file_a85643494dc9e724,01_原始数据/代码仓库镜像/MatImpute/experiment/dataset/miss_datasets/Crystal_structure/l(A-O)(Å)_0.4.csv,l(A-O)(Å)_0.4.csv,83734,a30d7b13f6276205066f64c2d6885e4f7cc8f288861fc36f1e73e9f542f21200,,,2026-07-18,UNKNOWN,,,metadata_only,unknown,review_required,尚未在配置/数据源.yaml逐来源登记；默认禁止发布。
raw_vault_unregistered,source_file_b1dd0312027b9b47,01_原始数据/代码仓库镜像/MatImpute/experiment/dataset/miss_datasets/Crystal_structure/l(A-O)(Å)_0.5.csv,l(A-O)(Å)_0.5.csv,82992,035d3832ea4c57ac6feb8495d9356939e9e4fca23ead1fa4726e74d6b076283a,,,2026-07-18,UNKNOWN,,,metadata_only,unknown,review_required,尚未在配置/数据源.yaml逐来源登记；默认禁止发布。
raw_vault_unregistered,source_file_74501ef10cc75bf4,01_原始数据/代码仓库镜像/MatImpute/experiment/dataset/miss_datasets/Crystal_structure/l(A-O)(Å)_0.6000000000000001.csv,l(A-O)(Å)_0.6000000000000001.csv,82257,111ec1abae4b5843d8ce857592fd78a05147f4acf72d998c89de0dde39c4b775,,,2026-07-18,UNKNOWN,,,metadata_only,unknown,review_required,尚未在配置/数据源.yaml逐来源登记；默认禁止发布。
raw_vault_unregistered,source_file_00ba799df695ef93,01_原始数据/代码仓库镜像/MatImpute/experiment/dataset/miss_datasets/Crystal_structure/l(A-O)(Å)_0.7000000000000001.csv,l(A-O)(Å)_0.7000000000000001.csv,81519,1b4d6914bbbc0f715567bcc0deae04fa06e9f2e5b20789733afd1dfd5a99a37b,,,2026-07-18,UNKNOWN,,,metadata_only,unknown,review_required,尚未在配置/数据源.yaml逐来源登记；默认禁止发布。
raw_vault_unregistered,source_file_c1b0c1eb1facd997,01_原始数据/代码仓库镜像/MatImpute/experiment/dataset/miss_datasets/Crystal_structure/l(A-O)(Å)_0.8.csv,l(A-O)(Å)_0.8.csv,80784,e70628c3735739f7d613175e1d74263ea684c2ead97fb12528782848d7b2668f,,,2026-07-18,UNKNOWN,,,metadata_only,unknown,review_required,尚未在配置/数据源.yaml逐来源登记；默认禁止发布。
raw_vault_unregistered,source_file_e374d89cd7b6b8ce,01_原始数据/代码仓库镜像/MatImpute/experiment/dataset/miss_datasets/Crystal_structure/l(A-O)(Å)_0.9.csv,l(A-O)(Å)_0.9.csv,80047,755ba9b4b4ec00dcb9e99ae91216cf9295890fab56dabc8f90e42c7ca773caee,,,2026-07-18,UNKNOWN,,,metadata_only,unknown,review_required,尚未在配置/数据源.yaml逐来源登记；默认禁止发布。
raw_vault_unregistered,source_file_d89b0d86c9280ff8,01_原始数据/代码仓库镜像/MatImpute/experiment/dataset/miss_datasets/Crystal_structure/l(B-O)(Å)_0.1.csv,l(B-O)(Å)_0.1.csv,85984,3668958df2a0f4c9bcd9c1fe0fac9b6e130fa44c4ded80fbdea927ac91fe5704,,,2026-07-18,UNKNOWN,,,metadata_only,unknown,review_required,尚未在配置/数据源.yaml逐来源登记；默认禁止发布。
raw_vault_unregistered,source_file_58f9b4a176bf4b90,01_原始数据/代码仓库镜像/MatImpute/experiment/dataset/miss_datasets/Crystal_structure/l(B-O)(Å)_0.2.csv,l(B-O)(Å)_0.2.csv,85303,24b9e23a77b4e509c11543fab526eb23e7761bc9c4b4b05b5ef1bdfed2014df2,,,2026-07-18,UNKNOWN,,,metadata_only,unknown,review_required,尚未在配置/数据源.yaml逐来源登记；默认禁止发布。
raw_vault_unregistered,source_file_02a3f6e234f9b4b9,01_原始数据/代码仓库镜像/MatImpute/experiment/dataset/miss_datasets/Crystal_structure/l(B-O)(Å)_0.30000000000000004.csv,l(B-O)(Å)_0.30000000000000004.csv,84565,79ddb4228278148946f35aac410b88810b8e41805f8aa06bd99156b78a3619b1,,,2026-07-18,UNKNOWN,,,metadata_only,unknown,review_required,尚未在配置/数据源.yaml逐来源登记；默认禁止发布。
raw_vault_unregistered,source_file_5b3534b4756700a4,01_原始数据/代码仓库镜像/MatImpute/experiment/dataset/miss_datasets/Crystal_structure/l(B-O)(Å)_0.4.csv,l(B-O)(Å)_0.4.csv,83898,27acb13d27c89212c9c6b988ba31c5c8f0465d56f2acca61f1e5de0614167838,,,2026-07-18,UNKNOWN,,,metadata_only,unknown,review_required,尚未在配置/数据源.yaml逐来源登记；默认禁止发布。
raw_vault_unregistered,source_file_169343402eb84b18,01_原始数据/代码仓库镜像/MatImpute/experiment/dataset/miss_datasets/Crystal_structure/l(B-O)(Å)_0.5.csv,l(B-O)(Å)_0.5.csv,83211,3b4a4a7e804954a27a21d945413b4568943e3e246d457371af9b9cb18d819e9f,,,2026-07-18,UNKNOWN,,,metadata_only,unknown,review_required,尚未在配置/数据源.yaml逐来源登记；默认禁止发布。
raw_vault_unregistered,source_file_940e3e4cb1491d3c,01_原始数据/代码仓库镜像/MatImpute/experiment/dataset/miss_datasets/Crystal_structure/l(B-O)(Å)_0.6000000000000001.csv,l(B-O)(Å)_0.6000000000000001.csv,82512,97ca7305ffbed0abbf285afa69b321bd8f429b9ded0e2bf73e46293b1f772e6b,,,2026-07-18,UNKNOWN,,,metadata_only,unknown,review_required,尚未在配置/数据源.yaml逐来源登记；默认禁止发布。
raw_vault_unregistered,source_file_14ea20aa601925b4,01_原始数据/代码仓库镜像/MatImpute/experiment/dataset/miss_datasets/Crystal_structure/l(B-O)(Å)_0.7000000000000001.csv,l(B-O)(Å)_0.7000000000000001.csv,81763,65bc7d0b410357e2197596b4588e37020504d7be5669eac836e054c3ff0518bc,,,2026-07-18,UNKNOWN,,,metadata_only,unknown,review_required,尚未在配置/数据源.yaml逐来源登记；默认禁止发布。
raw_vault_unregistered,source_file_7325bb27028776f2,01_原始数据/代码仓库镜像/MatImpute/experiment/dataset/miss_datasets/Crystal_structure/l(B-O)(Å)_0.8.csv,l(B-O)(Å)_0.8.csv,81111,8283861c229f989d53451f2be66d7154dcd4315e85db5310e514e547e93b3d32,,,2026-07-18,UNKNOWN,,,metadata_only,unknown,review_required,尚未在配置/数据源.yaml逐来源登记；默认禁止发布。
raw_vault_unregistered,source_file_9ba2038bd7cdef31,01_原始数据/代码仓库镜像/MatImpute/experiment/dataset/miss_datasets/Crystal_structure/l(B-O)(Å)_0.9.csv,l(B-O)(Å)_0.9.csv,80399,8ae86b32eabad65ae8028eabddb95cea975721f240532164fd9f108575f45d43,,,2026-07-18,UNKNOWN,,,metadata_only,unknown,review_required,尚未在配置/数据源.yaml逐来源登记；默认禁止发布。
raw_vault_unregistered,source_file_24ef52063cb63b91,01_原始数据/代码仓库镜像/MatImpute/experiment/dataset/miss_datasets/Crystal_structure/r(AVI)(Å)_0.1.csv,r(AVI)(Å)_0.1.csv,86425,1ce2e9260c606c6d2931f89c6ef0682e04a33704e73676deb944b282d89e7409,,,2026-07-18,UNKNOWN,,,metadata_only,unknown,review_required,尚未在配置/数据源.yaml逐来源登记；默认禁止发布。
raw_vault_unregistered,source_file_8cfca1236bbd19f4,01_原始数据/代码仓库镜像/MatImpute/experiment/dataset/miss_datasets/Crystal_structure/r(AVI)(Å)_0.2.csv,r(AVI)(Å)_0.2.csv,86177,44c6a192291efef258d3b161f1fb996d50e83a6c54c9ec40651abf36812c6b1d,,,2026-07-18,UNKNOWN,,,metadata_only,unknown,review_required,尚未在配置/数据源.yaml逐来源登记；默认禁止发布。
raw_vault_unregistered,source_file_36848926766a6557,01_原始数据/代码仓库镜像/MatImpute/experiment/dataset/miss_datasets/Crystal_structure/r(AVI)(Å)_0.30000000000000004.csv,r(AVI)(Å)_0.30000000000000004.csv,85920,8af68740aa77efc579d8f8fe18716cccda695e1db6e1ca9f83952c924d2c810c,,,2026-07-18,UNKNOWN,,,metadata_only,unknown,review_required,尚未在配置/数据源.yaml逐来源登记；默认禁止发布。
raw_vault_unregistered,source_file_1c2826cb4c78aea8,01_原始数据/代码仓库镜像/MatImpute/experiment/dataset/miss_datasets/Crystal_structure/r(AVI)(Å)_0.4.csv,r(AVI)(Å)_0.4.csv,85650,f318c30e480ff31efcda37dabc4e7f67d5f9f4041fac759d4689a0de5e6f766a,,,2026-07-18,UNKNOWN,,,metadata_only,unknown,review_required,尚未在配置/数据源.yaml逐来源登记；默认禁止发布。
raw_vault_unregistered,source_file_e6f187c6e19ba3ac,01_原始数据/代码仓库镜像/MatImpute/experiment/dataset/miss_datasets/Crystal_structure/r(AVI)(Å)_0.5.csv,r(AVI)(Å)_0.5.csv,85394,e1e1c9890ce7671a82ef772ccfc8b3bf3f4a5c0c2c27dd31007b2f86bb0bb19e,,,2026-07-18,UNKNOWN,,,metadata_only,unknown,review_required,尚未在配置/数据源.yaml逐来源登记；默认禁止发布。
raw_vault_unregistered,source_file_eff6eb8c2bc75f54,01_原始数据/代码仓库镜像/MatImpute/experiment/dataset/miss_datasets/Crystal_structure/r(AVI)(Å)_0.6000000000000001.csv,r(AVI)(Å)_0.6000000000000001.csv,85137,11e845a1c776d4fc43a98f631193a911f09df051e6dbc4e6d5367c95ee04d585,,,2026-07-18,UNKNOWN,,,metadata_only,unknown,review_required,尚未在配置/数据源.yaml逐来源登记；默认禁止发布。
raw_vault_unregistered,source_file_56cf2e305841a7e2,01_原始数据/代码仓库镜像/MatImpute/experiment/dataset/miss_datasets/Crystal_structure/r(AVI)(Å)_0.7000000000000001.csv,r(AVI)(Å)_0.7000000000000001.csv,84872,0b3d6b629c7af83b55f995b4f2144c9970c80c32d4854d3605158744df24f661,,,2026-07-18,UNKNOWN,,,metadata_only,unknown,review_required,尚未在配置/数据源.yaml逐来源登记；默认禁止发布。
raw_vault_unregistered,source_file_c5e1c1b7a3fff4a0,01_原始数据/代码仓库镜像/MatImpute/experiment/dataset/miss_datasets/Crystal_structure/r(AVI)(Å)_0.8.csv,r(AVI)(Å)_0.8.csv,84631,f44d96b757c932af897849f5097ca3347118f00a0b98248b44eb1d2a3dd34140,,,2026-07-18,UNKNOWN,,,metadata_only,unknown,review_required,尚未在配置/数据源.yaml逐来源登记；默认禁止发布。
raw_vault_unregistered,source_file_6a965cc40da9eea2,01_原始数据/代码仓库镜像/MatImpute/experiment/dataset/miss_datasets/Crystal_structure/r(AVI)(Å)_0.9.csv,r(AVI)(Å)_0.9.csv,84363,7588d93140d7eedbf4d068109932905e5fd9dccbf82aaba539615a1e997fb25e,,,2026-07-18,UNKNOWN,,,metadata_only,unknown,review_required,尚未在配置/数据源.yaml逐来源登记；默认禁止发布。
raw_vault_unregistered,source_file_948a67637a11af8a,01_原始数据/代码仓库镜像/MatImpute/experiment/dataset/miss_datasets/Crystal_structure/r(AXII)(Å)_0.1.csv,r(AXII)(Å)_0.1.csv,86411,f1d191d224c31bbc13d1621dc88517faa768efbcb47036cd8c25ff1e158ecb64,,,2026-07-18,UNKNOWN,,,metadata_only,unknown,review_required,尚未在配置/数据源.yaml逐来源登记；默认禁止发布。
raw_vault_unregistered,source_file_ec7bfa39b07856ab,01_原始数据/代码仓库镜像/MatImpute/experiment/dataset/miss_datasets/Crystal_structure/r(AXII)(Å)_0.2.csv,r(AXII)(Å)_0.2.csv,86145,457e56f3e7b0e8e249dbf1f52fd38b7072789695a58ba6e1d895bdff37115a08,,,2026-07-18,UNKNOWN,,,metadata_only,unknown,review_required,尚未在配置/数据源.yaml逐来源登记；默认禁止发布。
raw_vault_unregistered,source_file_7f30ee5ae3d27583,01_原始数据/代码仓库镜像/MatImpute/experiment/dataset/miss_datasets/Crystal_structure/r(AXII)(Å)_0.30000000000000004.csv,r(AXII)(Å)_0.30000000000000004.csv,85878,927c09f4af93b940e062fe637179d1cb3c82611d32c59a2c3a52b733e583c1a2,,,2026-07-18,UNKNOWN,,,metadata_only,unknown,review_required,尚未在配置/数据源.yaml逐来源登记；默认禁止发布。
raw_vault_unregistered,source_file_29a213828058834c,01_原始数据/代码仓库镜像/MatImpute/experiment/dataset/miss_datasets/Crystal_structure/r(AXII)(Å)_0.4.csv,r(AXII)(Å)_0.4.csv,85614,054139cb238fbd918d9fea2db367ba0d3fe49f6f544fcd99b8d48beba81b992a,,,2026-07-18,UNKNOWN,,,metadata_only,unknown,review_required,尚未在配置/数据源.yaml逐来源登记；默认禁止发布。
raw_vault_unregistered,source_file_87e0cb26e0a947b2,01_原始数据/代码仓库镜像/MatImpute/experiment/dataset/miss_datasets/Crystal_structure/r(AXII)(Å)_0.5.csv,r(AXII)(Å)_0.5.csv,85342,19a0d9e8b0fbb71d0b7848eb5a351846456a280695c8af7ab5148b12ff7cb9bf,,,2026-07-18,UNKNOWN,,,metadata_only,unknown,review_required,尚未在配置/数据源.yaml逐来源登记；默认禁止发布。
raw_vault_unregistered,source_file_2831a28a884b13ce,01_原始数据/代码仓库镜像/MatImpute/experiment/dataset/miss_datasets/Crystal_structure/r(AXII)(Å)_0.6000000000000001.csv,r(AXII)(Å)_0.6000000000000001.csv,85080,fa83bd2ed59a3d8fcff4e154391c524f0045187a7f36dd5f4b05c2f23c52ee5f,,,2026-07-18,UNKNOWN,,,metadata_only,unknown,review_required,尚未在配置/数据源.yaml逐来源登记；默认禁止发布。
raw_vault_unregistered,source_file_9a8b3d9e7b85094c,01_原始数据/代码仓库镜像/MatImpute/experiment/dataset/miss_datasets/Crystal_structure/r(AXII)(Å)_0.7000000000000001.csv,r(AXII)(Å)_0.7000000000000001.csv,84810,489870a429379e974e2b57f90250a826856d339979844a77b272de17617c0148,,,2026-07-18,UNKNOWN,,,metadata_only,unknown,review_required,尚未在配置/数据源.yaml逐来源登记；默认禁止发布。
raw_vault_unregistered,source_file_7aef4358787570e6,01_原始数据/代码仓库镜像/MatImpute/experiment/dataset/miss_datasets/Crystal_structure/r(AXII)(Å)_0.8.csv,r(AXII)(Å)_0.8.csv,84545,d18c340cce5a4f2f1046b82aab6b268247d7fd6d43e0af6ea2ea32ac2d95e0d2,,,2026-07-18,UNKNOWN,,,metadata_only,unknown,review_required,尚未在配置/数据源.yaml逐来源登记；默认禁止发布。
raw_vault_unregistered,source_file_ebfc5e22d899237e,01_原始数据/代码仓库镜像/MatImpute/experiment/dataset/miss_datasets/Crystal_structure/r(AXII)(Å)_0.9.csv,r(AXII)(Å)_0.9.csv,84273,94def56b3d01087464e325470cf75beea50119d4e2f7f7aa1a968adaad91ea88,,,2026-07-18,UNKNOWN,,,metadata_only,unknown,review_required,尚未在配置/数据源.yaml逐来源登记；默认禁止发布。
raw_vault_unregistered,source_file_34dabfd9f758499a,01_原始数据/代码仓库镜像/MatImpute/experiment/dataset/miss_datasets/Crystal_structure/r(BVI)(Å)_0.1.csv,r(BVI)(Å)_0.1.csv,86420,64f20019ab27b71aa9903a992f4726642408d00f8dced7a70fbad586b25ffd8e,,,2026-07-18,UNKNOWN,,,metadata_only,unknown,review_required,尚未在配置/数据源.yaml逐来源登记；默认禁止发布。
raw_vault_unregistered,source_file_5286ba21bdb98db6,01_原始数据/代码仓库镜像/MatImpute/experiment/dataset/miss_datasets/Crystal_structure/r(BVI)(Å)_0.2.csv,r(BVI)(Å)_0.2.csv,86150,5572084062ffb875b82e0cf7c6adc5b8039c1040070d5095478235d304ed9ff0,,,2026-07-18,UNKNOWN,,,metadata_only,unknown,review_required,尚未在配置/数据源.yaml逐来源登记；默认禁止发布。
raw_vault_unregistered,source_file_833f9453d2c12818,01_原始数据/代码仓库镜像/MatImpute/experiment/dataset/miss_datasets/Crystal_structure/r(BVI)(Å)_0.30000000000000004.csv,r(BVI)(Å)_0.30000000000000004.csv,85881,c9e9fa8294dcbdd066c75190c56aeca13c0e91f81f26472524e64182f162e709,,,2026-07-18,UNKNOWN,,,metadata_only,unknown,review_required,尚未在配置/数据源.yaml逐来源登记；默认禁止发布。
raw_vault_unregistered,source_file_92a9f0cc8212da55,01_原始数据/代码仓库镜像/MatImpute/experiment/dataset/miss_datasets/Crystal_structure/r(BVI)(Å)_0.4.csv,r(BVI)(Å)_0.4.csv,85624,c1fd87034274b90a689b56b86f558ff55bbca4f46dd237b7693ad6b302381352,,,2026-07-18,UNKNOWN,,,metadata_only,unknown,review_required,尚未在配置/数据源.yaml逐来源登记；默认禁止发布。
raw_vault_unregistered,source_file_8afe644debca80c2,01_原始数据/代码仓库镜像/MatImpute/experiment/dataset/miss_datasets/Crystal_structure/r(BVI)(Å)_0.5.csv,r(BVI)(Å)_0.5.csv,85364,77273e1b1991c84d5e15336f2e114fc11bc938d18fa24721f704bf5b38922078,,,2026-07-18,UNKNOWN,,,metadata_only,unknown,review_required,尚未在配置/数据源.yaml逐来源登记；默认禁止发布。
raw_vault_unregistered,source_file_568b1645ab4c5c7d,01_原始数据/代码仓库镜像/MatImpute/experiment/dataset/miss_datasets/Crystal_structure/r(BVI)(Å)_0.6000000000000001.csv,r(BVI)(Å)_0.6000000000000001.csv,85093,23d8cabb81773178ad42ff88bb0fb85dabab5cdf38967b386e3696ffc277836e,,,2026-07-18,UNKNOWN,,,metadata_only,unknown,review_required,尚未在配置/数据源.yaml逐来源登记；默认禁止发布。
raw_vault_unregistered,source_file_80fbf12696ecb314,01_原始数据/代码仓库镜像/MatImpute/experiment/dataset/miss_datasets/Crystal_structure/r(BVI)(Å)_0.7000000000000001.csv,r(BVI)(Å)_0.7000000000000001.csv,84834,654466dffd4d17f981f0a793aa4f6f3cbc77ef91234e4b881cf670f156d49455,,,2026-07-18,UNKNOWN,,,metadata_only,unknown,review_required,尚未在配置/数据源.yaml逐来源登记；默认禁止发布。
raw_vault_unregistered,source_file_6a8b14326d096200,01_原始数据/代码仓库镜像/MatImpute/experiment/dataset/miss_datasets/Crystal_structure/r(BVI)(Å)_0.8.csv,r(BVI)(Å)_0.8.csv,84571,8acd2b204586d86b6814445ea65a2dcc4eca0ffbe86094221e46e5a7fbd0eebf,,,2026-07-18,UNKNOWN,,,metadata_only,unknown,review_required,尚未在配置/数据源.yaml逐来源登记；默认禁止发布。
raw_vault_unregistered,source_file_0e6cf62d543186ce,01_原始数据/代码仓库镜像/MatImpute/experiment/dataset/miss_datasets/Crystal_structure/r(BVI)(Å)_0.9.csv,r(BVI)(Å)_0.9.csv,84304,788acd7d709dcc9618291fe66620bcd94101d5b7800dfa0d4b16d644574f567f,,,2026-07-18,UNKNOWN,,,metadata_only,unknown,review_required,尚未在配置/数据源.yaml逐来源登记；默认禁止发布。
raw_vault_unregistered,source_file_3abb707b03fefca6,01_原始数据/代码仓库镜像/MatImpute/experiment/dataset/miss_datasets/Crystal_structure/tG_0.1.csv,tG_0.1.csv,85949,04241c4806f2d278273fa62744d0afa1a2b81004fbf534f32517a1c0832941ba,,,2026-07-18,UNKNOWN,,,metadata_only,unknown,review_required,尚未在配置/数据源.yaml逐来源登记；默认禁止发布。
raw_vault_unregistered,source_file_cb4752144ced2fd5,01_原始数据/代码仓库镜像/MatImpute/experiment/dataset/miss_datasets/Crystal_structure/tG_0.2.csv,tG_0.2.csv,85218,c7990df5675e472cabca581bff9b37d860a306476953d66d0163190b625e8f03,,,2026-07-18,UNKNOWN,,,metadata_only,unknown,review_required,尚未在配置/数据源.yaml逐来源登记；默认禁止发布。
raw_vault_unregistered,source_file_a62fc6e4be0c785d,01_原始数据/代码仓库镜像/MatImpute/experiment/dataset/miss_datasets/Crystal_structure/tG_0.30000000000000004.csv,tG_0.30000000000000004.csv,84482,2648c6a16c420d52b60514898a96d9c65f15d569687a7cdc540b091f59480c24,,,2026-07-18,UNKNOWN,,,metadata_only,unknown,review_required,尚未在配置/数据源.yaml逐来源登记；默认禁止发布。
raw_vault_unregistered,source_file_a42e120bf1772aeb,01_原始数据/代码仓库镜像/MatImpute/experiment/dataset/miss_datasets/Crystal_structure/tG_0.4.csv,tG_0.4.csv,83750,c9e7287f0af6c71ae24885a4ba4d8cae366f19668e6cd6dccb95fe33ee712b06,,,2026-07-18,UNKNOWN,,,metadata_only,unknown,review_required,尚未在配置/数据源.yaml逐来源登记；默认禁止发布。
raw_vault_unregistered,source_file_ee3031825af5c57b,01_原始数据/代码仓库镜像/MatImpute/experiment/dataset/miss_datasets/Crystal_structure/tG_0.5.csv,tG_0.5.csv,82999,d3816d8de766dc2edc38dafb68641fd4e3f786dd005fa189159e6c281c807389,,,2026-07-18,UNKNOWN,,,metadata_only,unknown,review_required,尚未在配置/数据源.yaml逐来源登记；默认禁止发布。
raw_vault_unregistered,source_file_afa1ca3c6f01c550,01_原始数据/代码仓库镜像/MatImpute/experiment/dataset/miss_datasets/Crystal_structure/tG_0.6000000000000001.csv,tG_0.6000000000000001.csv,82285,c95a39da2ddb62ff13c092cfe389e4ea3cb9bcb220bea9b79c2a075331847cb9,,,2026-07-18,UNKNOWN,,,metadata_only,unknown,review_required,尚未在配置/数据源.yaml逐来源登记；默认禁止发布。
raw_vault_unregistered,source_file_fe9d81d7d02d5e55,01_原始数据/代码仓库镜像/MatImpute/experiment/dataset/miss_datasets/Crystal_structure/tG_0.7000000000000001.csv,tG_0.7000000000000001.csv,81537,2426da7b0053a455bc066bbf1afe3491db7c7844695c4fd687648e4f44bc0d65,,,2026-07-18,UNKNOWN,,,metadata_only,unknown,review_required,尚未在配置/数据源.yaml逐来源登记；默认禁止发布。
raw_vault_unregistered,source_file_f376b8c6974b0bc7,01_原始数据/代码仓库镜像/MatImpute/experiment/dataset/miss_datasets/Crystal_structure/tG_0.8.csv,tG_0.8.csv,80812,9c9ab7bcd6e2bad243704bcb3d1ce3e8fce08ed072ccbb6c5d550648889453d6,,,2026-07-18,UNKNOWN,,,metadata_only,unknown,review_required,尚未在配置/数据源.yaml逐来源登记；默认禁止发布。
raw_vault_unregistered,source_file_8363f386b7f37b92,01_原始数据/代码仓库镜像/MatImpute/experiment/dataset/miss_datasets/Crystal_structure/tG_0.9.csv,tG_0.9.csv,80070,d755cd1e8fe3a36b5c14313fc442b899c20b68b4c5df4504de566f08b8d867b7,,,2026-07-18,UNKNOWN,,,metadata_only,unknown,review_required,尚未在配置/数据源.yaml逐来源登记；默认禁止发布。
raw_vault_unregistered,source_file_6f4c14f9f13ad1e7,01_原始数据/代码仓库镜像/MatImpute/experiment/dataset/miss_datasets/Crystal_structure/v(A)_0.1.csv,v(A)_0.1.csv,87828,0e0672f650b3714127f59e27e7767265550742412fcd9b0add98c389736b8515,,,2026-07-18,UNKNOWN,,,metadata_only,unknown,review_required,尚未在配置/数据源.yaml逐来源登记；默认禁止发布。
raw_vault_unregistered,source_file_091691599ff0345c,01_原始数据/代码仓库镜像/MatImpute/experiment/dataset/miss_datasets/Crystal_structure/v(A)_0.2.csv,v(A)_0.2.csv,87627,23d8e07c6a20fd8fdc1375e85dafbe6859df9ed3ad94f6e20f8500aaff20ce48,,,2026-07-18,UNKNOWN,,,metadata_only,unknown,review_required,尚未在配置/数据源.yaml逐来源登记；默认禁止发布。
raw_vault_unregistered,source_file_cb7a228d0d957314,01_原始数据/代码仓库镜像/MatImpute/experiment/dataset/miss_datasets/Crystal_structure/v(A)_0.30000000000000004.csv,v(A)_0.30000000000000004.csv,87423,033e3c0f0593e38f10b4716a8de9cb870c01ee4bfea7d6430d4efe6b87cfb646,,,2026-07-18,UNKNOWN,,,metadata_only,unknown,review_required,尚未在配置/数据源.yaml逐来源登记；默认禁止发布。
raw_vault_unregistered,source_file_6d700aaca4a92905,01_原始数据/代码仓库镜像/MatImpute/experiment/dataset/miss_datasets/Crystal_structure/v(A)_0.4.csv,v(A)_0.4.csv,87222,31c53eddf8bb15f2ab09637981476f20abdac40b2e8520302ab410ef76dac444,,,2026-07-18,UNKNOWN,,,metadata_only,unknown,review_required,尚未在配置/数据源.yaml逐来源登记；默认禁止发布。
raw_vault_unregistered,source_file_0ca8f57d30613a9e,01_原始数据/代码仓库镜像/MatImpute/experiment/dataset/miss_datasets/Crystal_structure/v(A)_0.5.csv,v(A)_0.5.csv,87018,f735ecd7bfbaf36f9480cbcdbbfc8a98d294299a68e39639a30d7d91c29e6439,,,2026-07-18,UNKNOWN,,,metadata_only,unknown,review_required,尚未在配置/数据源.yaml逐来源登记；默认禁止发布。
raw_vault_unregistered,source_file_8e5f88c17c420109,01_原始数据/代码仓库镜像/MatImpute/experiment/dataset/miss_datasets/Crystal_structure/v(A)_0.6000000000000001.csv,v(A)_0.6000000000000001.csv,86817,f2c62d0052d3f2013d3644c94a78c83d9d91af89cf35cae178472e7ffa304eed,,,2026-07-18,UNKNOWN,,,metadata_only,unknown,review_required,尚未在配置/数据源.yaml逐来源登记；默认禁止发布。
raw_vault_unregistered,source_file_10bdbdf991bdda31,01_原始数据/代码仓库镜像/MatImpute/experiment/dataset/miss_datasets/Crystal_structure/v(A)_0.7000000000000001.csv,v(A)_0.7000000000000001.csv,86613,3cab1f4802d2dd4e129cc407ea72a9ca41bcdc5291b7845c7d534e96e4e11fd6,,,2026-07-18,UNKNOWN,,,metadata_only,unknown,review_required,尚未在配置/数据源.yaml逐来源登记；默认禁止发布。
raw_vault_unregistered,source_file_897aa15397a43a05,01_原始数据/代码仓库镜像/MatImpute/experiment/dataset/miss_datasets/Crystal_structure/v(A)_0.8.csv,v(A)_0.8.csv,86412,030fa9e3dd46492f2522a506a56cbbadf47d7ba95d146540efff0540d578dc17,,,2026-07-18,UNKNOWN,,,metadata_only,unknown,review_required,尚未在配置/数据源.yaml逐来源登记；默认禁止发布。
raw_vault_unregistered,source_file_830cf7f86891a3a2,01_原始数据/代码仓库镜像/MatImpute/experiment/dataset/miss_datasets/Crystal_structure/v(A)_0.9.csv,v(A)_0.9.csv,86208,f1740cdcbe77680c9afc4a9f195355e299dc856885ea24fc8062722a89155c3b,,,2026-07-18,UNKNOWN,,,metadata_only,unknown,review_required,尚未在配置/数据源.yaml逐来源登记；默认禁止发布。
raw_vault_unregistered,source_file_474ab46bf4b0a671,01_原始数据/代码仓库镜像/MatImpute/experiment/dataset/miss_datasets/Crystal_structure/v(B)_0.1.csv,v(B)_0.1.csv,87828,e1d5d0a5f1a2359b2b8418d3c0d978811f1bbb4eaa6df8a77a27e10602ce083d,,,2026-07-18,UNKNOWN,,,metadata_only,unknown,review_required,尚未在配置/数据源.yaml逐来源登记；默认禁止发布。
raw_vault_unregistered,source_file_4a580fc11783cc4d,01_原始数据/代码仓库镜像/MatImpute/experiment/dataset/miss_datasets/Crystal_structure/v(B)_0.2.csv,v(B)_0.2.csv,87627,e1feccccb4d65f7a842b12ecc29710e814852d2e1443fa988fc83539d61e9eac,,,2026-07-18,UNKNOWN,,,metadata_only,unknown,review_required,尚未在配置/数据源.yaml逐来源登记；默认禁止发布。
raw_vault_unregistered,source_file_aa88137165a11a85,01_原始数据/代码仓库镜像/MatImpute/experiment/dataset/miss_datasets/Crystal_structure/v(B)_0.30000000000000004.csv,v(B)_0.30000000000000004.csv,87423,26ef611466538a94a2c8ea6199f85d46dc312b5d8a21111ba43aa6d832a65955,,,2026-07-18,UNKNOWN,,,metadata_only,unknown,review_required,尚未在配置/数据源.yaml逐来源登记；默认禁止发布。
raw_vault_unregistered,source_file_ef0556395f845911,01_原始数据/代码仓库镜像/MatImpute/experiment/dataset/miss_datasets/Crystal_structure/v(B)_0.4.csv,v(B)_0.4.csv,87222,2dafdebfeea2e02f1c8323cec050e9fffb6f123a8826552a0aaf6a7ffd62ff21,,,2026-07-18,UNKNOWN,,,metadata_only,unknown,review_required,尚未在配置/数据源.yaml逐来源登记；默认禁止发布。
raw_vault_unregistered,source_file_52e5dd7152704984,01_原始数据/代码仓库镜像/MatImpute/experiment/dataset/miss_datasets/Crystal_structure/v(B)_0.5.csv,v(B)_0.5.csv,87018,a4f6c2dbc329047fbec82b44f0ed36a51ef1552e3d5400c4a31e553e4b720081,,,2026-07-18,UNKNOWN,,,metadata_only,unknown,review_required,尚未在配置/数据源.yaml逐来源登记；默认禁止发布。
raw_vault_unregistered,source_file_4d073e62e0cd0153,01_原始数据/代码仓库镜像/MatImpute/experiment/dataset/miss_datasets/Crystal_structure/v(B)_0.6000000000000001.csv,v(B)_0.6000000000000001.csv,86817,e6f27fe513f552aaa0867ca4b4ebf8584ed0b741186722d62cb88f29ad261922,,,2026-07-18,UNKNOWN,,,metadata_only,unknown,review_required,尚未在配置/数据源.yaml逐来源登记；默认禁止发布。
raw_vault_unregistered,source_file_4b0521493c9c6a56,01_原始数据/代码仓库镜像/MatImpute/experiment/dataset/miss_datasets/Crystal_structure/v(B)_0.7000000000000001.csv,v(B)_0.7000000000000001.csv,86613,b871533cbca65e4d4b74983edfd719aa5938d0ab64adebc35e0bc33abf5f38cf,,,2026-07-18,UNKNOWN,,,metadata_only,unknown,review_required,尚未在配置/数据源.yaml逐来源登记；默认禁止发布。
raw_vault_unregistered,source_file_f2113756ef32c668,01_原始数据/代码仓库镜像/MatImpute/experiment/dataset/miss_datasets/Crystal_structure/v(B)_0.8.csv,v(B)_0.8.csv,86412,c58d7445d9a34f79e854a26430e263df63d3cd1cd61442143f2c16fef287e4d6,,,2026-07-18,UNKNOWN,,,metadata_only,unknown,review_required,尚未在配置/数据源.yaml逐来源登记；默认禁止发布。
raw_vault_unregistered,source_file_18979e1690316b0c,01_原始数据/代码仓库镜像/MatImpute/experiment/dataset/miss_datasets/Crystal_structure/v(B)_0.9.csv,v(B)_0.9.csv,86208,fb2cfd0d6f84c7dada54fd1e8782737bbddfd66a67f432dc1df45def7912f254,,,2026-07-18,UNKNOWN,,,metadata_only,unknown,review_required,尚未在配置/数据源.yaml逐来源登记；默认禁止发布。
raw_vault_unregistered,source_file_5dd3c69f4398f7fc,01_原始数据/代码仓库镜像/MatImpute/experiment/dataset/miss_datasets/Crystal_structure/ΔENR_0.1.csv,ΔENR_0.1.csv,85900,3193b71f16b9ca0d86decceca72f4567513047b56288e1dde21c86f23ab10340,,,2026-07-18,UNKNOWN,,,metadata_only,unknown,review_required,尚未在配置/数据源.yaml逐来源登记；默认禁止发布。
raw_vault_unregistered,source_file_e57a15485783729f,01_原始数据/代码仓库镜像/MatImpute/experiment/dataset/miss_datasets/Crystal_structure/ΔENR_0.2.csv,ΔENR_0.2.csv,85243,85ce85179956824da4fc68c556ec29d6f9680f968538ac65536ae4021f1a01b3,,,2026-07-18,UNKNOWN,,,metadata_only,unknown,review_required,尚未在配置/数据源.yaml逐来源登记；默认禁止发布。
raw_vault_unregistered,source_file_cd77fe175982677e,01_原始数据/代码仓库镜像/MatImpute/experiment/dataset/miss_datasets/Crystal_structure/ΔENR_0.30000000000000004.csv,ΔENR_0.30000000000000004.csv,84461,468c31921e84752b7a3577c4f14653642b1444c8c83cd420d4aae65a2822a057,,,2026-07-18,UNKNOWN,,,metadata_only,unknown,review_required,尚未在配置/数据源.yaml逐来源登记；默认禁止发布。
raw_vault_unregistered,source_file_7d3c272d061f94d6,01_原始数据/代码仓库镜像/MatImpute/experiment/dataset/miss_datasets/Crystal_structure/ΔENR_0.4.csv,ΔENR_0.4.csv,83726,c626677373b8bf425ecdf15defe89e8a7bb7c5c00ed5cbaa98eba8736b992cb1,,,2026-07-18,UNKNOWN,,,metadata_only,unknown,review_required,尚未在配置/数据源.yaml逐来源登记；默认禁止发布。
raw_vault_unregistered,source_file_c4ed1a7eedd8ed93,01_原始数据/代码仓库镜像/MatImpute/experiment/dataset/miss_datasets/Crystal_structure/ΔENR_0.5.csv,ΔENR_0.5.csv,82980,eed3ae617a4f98729f26214fd807d2864801e976a63879cc5a63e315d9222390,,,2026-07-18,UNKNOWN,,,metadata_only,unknown,review_required,尚未在配置/数据源.yaml逐来源登记；默认禁止发布。
raw_vault_unregistered,source_file_deee02d7738e1ed8,01_原始数据/代码仓库镜像/MatImpute/experiment/dataset/miss_datasets/Crystal_structure/ΔENR_0.6000000000000001.csv,ΔENR_0.6000000000000001.csv,82227,596f8d782569483254afcae61d47eec62f9eaf08dbcbb902da735a1b65b208c7,,,2026-07-18,UNKNOWN,,,metadata_only,unknown,review_required,尚未在配置/数据源.yaml逐来源登记；默认禁止发布。
raw_vault_unregistered,source_file_7f301fae43093a33,01_原始数据/代码仓库镜像/MatImpute/experiment/dataset/miss_datasets/Crystal_structure/ΔENR_0.7000000000000001.csv,ΔENR_0.7000000000000001.csv,81438,4741aab204d2539e36e02fc51d44d35ab98c5f03846114b83cdee38b42e19c93,,,2026-07-18,UNKNOWN,,,metadata_only,unknown,review_required,尚未在配置/数据源.yaml逐来源登记；默认禁止发布。
raw_vault_unregistered,source_file_d6e74daea9ed81e3,01_原始数据/代码仓库镜像/MatImpute/experiment/dataset/miss_datasets/Crystal_structure/ΔENR_0.8.csv,ΔENR_0.8.csv,80769,d1c7d26cfa59572a24dddb9e9c5fc160ad6a456ed881f4c603747dc32ec58fa5,,,2026-07-18,UNKNOWN,,,metadata_only,unknown,review_required,尚未在配置/数据源.yaml逐来源登记；默认禁止发布。
raw_vault_unregistered,source_file_c2543931d85a9993,01_原始数据/代码仓库镜像/MatImpute/experiment/dataset/miss_datasets/Crystal_structure/ΔENR_0.9.csv,ΔENR_0.9.csv,79995,720f3a082a0806907124dfaa4846106ce1a1221c05c2d6bce31a20d0721e01b6,,,2026-07-18,UNKNOWN,,,metadata_only,unknown,review_required,尚未在配置/数据源.yaml逐来源登记；默认禁止发布。
raw_vault_unregistered,source_file_298f7e411fcd942d,01_原始数据/代码仓库镜像/MatImpute/experiment/dataset/miss_datasets/Crystal_structure/μ_0.1.csv,μ_0.1.csv,85962,18b8cffd1b5c5d578ceec25514adb12aa2fb09a3b437fc4ffb18e9db3910dcba,,,2026-07-18,UNKNOWN,,,metadata_only,unknown,review_required,尚未在配置/数据源.yaml逐来源登记；默认禁止发布。
raw_vault_unregistered,source_file_eb442d4ca1328e18,01_原始数据/代码仓库镜像/MatImpute/experiment/dataset/miss_datasets/Crystal_structure/μ_0.2.csv,μ_0.2.csv,85225,e004f692afdef58c9507be52b1987fea1869cafaa19d2eaff8aee45bcbf1a404,,,2026-07-18,UNKNOWN,,,metadata_only,unknown,review_required,尚未在配置/数据源.yaml逐来源登记；默认禁止发布。
raw_vault_unregistered,source_file_44a37bc255197948,01_原始数据/代码仓库镜像/MatImpute/experiment/dataset/miss_datasets/Crystal_structure/μ_0.30000000000000004.csv,μ_0.30000000000000004.csv,84548,ba1d72061c5031e9a8fd97ff15f3c3fbb4ab44a1315bb01e7725ded4d1bbcc67,,,2026-07-18,UNKNOWN,,,metadata_only,unknown,review_required,尚未在配置/数据源.yaml逐来源登记；默认禁止发布。
raw_vault_unregistered,source_file_06f5f7c6ab31f90a,01_原始数据/代码仓库镜像/MatImpute/experiment/dataset/miss_datasets/Crystal_structure/μ_0.4.csv,μ_0.4.csv,83846,9d6a59ae5c88845f8178300dbc85de38242ab4222d1cc4ddbd39be786ff6b838,,,2026-07-18,UNKNOWN,,,metadata_only,unknown,review_required,尚未在配置/数据源.yaml逐来源登记；默认禁止发布。
raw_vault_unregistered,source_file_2f268296fa8baa13,01_原始数据/代码仓库镜像/MatImpute/experiment/dataset/miss_datasets/Crystal_structure/μ_0.5.csv,μ_0.5.csv,83161,8e51ff885c093ea4bc66d6521844899bce6e0c3069f4826968f3c07115d4e24c,,,2026-07-18,UNKNOWN,,,metadata_only,unknown,review_required,尚未在配置/数据源.yaml逐来源登记；默认禁止发布。
raw_vault_unregistered,source_file_5b8345e7366d366a,01_原始数据/代码仓库镜像/MatImpute/experiment/dataset/miss_datasets/Crystal_structure/μ_0.6000000000000001.csv,μ_0.6000000000000001.csv,82410,c645bd57a2d7ba57b216a98f455b9bb81e665c876fddeebd431479d1986468f4,,,2026-07-18,UNKNOWN,,,metadata_only,unknown,review_required,尚未在配置/数据源.yaml逐来源登记；默认禁止发布。
raw_vault_unregistered,source_file_9599532dcfbc2c37,01_原始数据/代码仓库镜像/MatImpute/experiment/dataset/miss_datasets/Crystal_structure/μ_0.7000000000000001.csv,μ_0.7000000000000001.csv,81724,4b812f4c4ee890cf98b9c0cb5ebd795aaccfeb3c03510a60308d082e223febf5,,,2026-07-18,UNKNOWN,,,metadata_only,unknown,review_required,尚未在配置/数据源.yaml逐来源登记；默认禁止发布。
raw_vault_unregistered,source_file_6f0c9850a42b7702,01_原始数据/代码仓库镜像/MatImpute/experiment/dataset/miss_datasets/Crystal_structure/μ_0.8.csv,μ_0.8.csv,81023,848e98611c89efe3d5cd8eb2662481701ad6b0feb2e4956d3b539ca3b14a7d1e,,,2026-07-18,UNKNOWN,,,metadata_only,unknown,review_required,尚未在配置/数据源.yaml逐来源登记；默认禁止发布。
raw_vault_unregistered,source_file_dd4d8bc725c1941a,01_原始数据/代码仓库镜像/MatImpute/experiment/dataset/miss_datasets/Crystal_structure/μ_0.9.csv,μ_0.9.csv,80317,89ce6ecf25975f15688d40e146f098eeef2dce0c51cbe48a15beeeff96234335,,,2026-07-18,UNKNOWN,,,metadata_only,unknown,review_required,尚未在配置/数据源.yaml逐来源登记；默认禁止发布。
raw_vault_unregistered,source_file_ff6cee23e856a768,01_原始数据/代码仓库镜像/MatImpute/experiment/dataset/miss_datasets/Crystal_structure/τ_0.1.csv,τ_0.1.csv,85939,4cfbfeba1ffac30bb3ec013434945bd3fa4b7c6ce8368a13b02ec212c42e00ef,,,2026-07-18,UNKNOWN,,,metadata_only,unknown,review_required,尚未在配置/数据源.yaml逐来源登记；默认禁止发布。
raw_vault_unregistered,source_file_e41dbadc8645351d,01_原始数据/代码仓库镜像/MatImpute/experiment/dataset/miss_datasets/Crystal_structure/τ_0.2.csv,τ_0.2.csv,85209,a6b45b8de2f0cb5862924ec37898459412043a40d03cdfdc47acb71771e96fd6,,,2026-07-18,UNKNOWN,,,metadata_only,unknown,review_required,尚未在配置/数据源.yaml逐来源登记；默认禁止发布。
raw_vault_unregistered,source_file_1448b4a909fc66f9,01_原始数据/代码仓库镜像/MatImpute/experiment/dataset/miss_datasets/Crystal_structure/τ_0.30000000000000004.csv,τ_0.30000000000000004.csv,84467,15111e2345ac25e302ada2dafa508a38752a461ac01471038fb6671a6502de7c,,,2026-07-18,UNKNOWN,,,metadata_only,unknown,review_required,尚未在配置/数据源.yaml逐来源登记；默认禁止发布。
raw_vault_unregistered,source_file_24834a8157cdfb32,01_原始数据/代码仓库镜像/MatImpute/experiment/dataset/miss_datasets/Crystal_structure/τ_0.4.csv,τ_0.4.csv,83729,bb7e6f6e0238747057a311f2de8fa0f21655ed0439c966a2ec37ed2bdf866585,,,2026-07-18,UNKNOWN,,,metadata_only,unknown,review_required,尚未在配置/数据源.yaml逐来源登记；默认禁止发布。
raw_vault_unregistered,source_file_c766fd69b513f2d6,01_原始数据/代码仓库镜像/MatImpute/experiment/dataset/miss_datasets/Crystal_structure/τ_0.5.csv,τ_0.5.csv,82985,480037de85e97c0bf0c22058cf4c559130e48cb762ecff50909787fc032a3ced,,,2026-07-18,UNKNOWN,,,metadata_only,unknown,review_required,尚未在配置/数据源.yaml逐来源登记；默认禁止发布。
raw_vault_unregistered,source_file_6fe443fb9c520d99,01_原始数据/代码仓库镜像/MatImpute/experiment/dataset/miss_datasets/Crystal_structure/τ_0.6000000000000001.csv,τ_0.6000000000000001.csv,82251,b5a4942240f1eb77bd0d21949cffc42a1fc13f6c3af1821a681c807ff79e908f,,,2026-07-18,UNKNOWN,,,metadata_only,unknown,review_required,尚未在配置/数据源.yaml逐来源登记；默认禁止发布。
raw_vault_unregistered,source_file_f21fa125149114c7,01_原始数据/代码仓库镜像/MatImpute/experiment/dataset/miss_datasets/Crystal_structure/τ_0.7000000000000001.csv,τ_0.7000000000000001.csv,81514,577c3180f438de6fbe147d995d3163f5b2d2d75ef95eb1d0f8df82c996c02817,,,2026-07-18,UNKNOWN,,,metadata_only,unknown,review_required,尚未在配置/数据源.yaml逐来源登记；默认禁止发布。
raw_vault_unregistered,source_file_18fe310f16e30cec,01_原始数据/代码仓库镜像/MatImpute/experiment/dataset/miss_datasets/Crystal_structure/τ_0.8.csv,τ_0.8.csv,80776,66abb121542d00079644a2172e177c3c0a73f2e8e62734e54a734b8b9af27bde,,,2026-07-18,UNKNOWN,,,metadata_only,unknown,review_required,尚未在配置/数据源.yaml逐来源登记；默认禁止发布。
raw_vault_unregistered,source_file_c9f0be0607e6da0e,01_原始数据/代码仓库镜像/MatImpute/experiment/dataset/miss_datasets/Crystal_structure/τ_0.9.csv,τ_0.9.csv,80031,dee96c27a914de5db3fc59801e0b4033b2c871274b0df954cb97caa127aac653,,,2026-07-18,UNKNOWN,,,metadata_only,unknown,review_required,尚未在配置/数据源.yaml逐来源登记；默认禁止发布。
raw_vault_unregistered,source_file_0a21842b697aece8,01_原始数据/代码仓库镜像/MatImpute/experiment/dataset/miss_datasets/glass/Al_0.1.csv,Al_0.1.csv,10788,6ee6d445b5bdcdc6edf6d54ff5aa318a985e22d370eefaf4960b611ce70c27da,,,2026-07-18,UNKNOWN,,,metadata_only,unknown,review_required,尚未在配置/数据源.yaml逐来源登记；默认禁止发布。
raw_vault_unregistered,source_file_67e47278e0eefd63,01_原始数据/代码仓库镜像/MatImpute/experiment/dataset/miss_datasets/glass/Al_0.2.csv,Al_0.2.csv,10706,07e8da861fcce40a2b77fdac880d646883726db36926825d397fcecd79050906,,,2026-07-18,UNKNOWN,,,metadata_only,unknown,review_required,尚未在配置/数据源.yaml逐来源登记；默认禁止发布。
raw_vault_unregistered,source_file_050e37a8db5556d3,01_原始数据/代码仓库镜像/MatImpute/experiment/dataset/miss_datasets/glass/Al_0.30000000000000004.csv,Al_0.30000000000000004.csv,10621,44f266ebc37de4fe608a3f7a2aa8d4ebdbf8403f05511c92dfec0ace8a6cf28f,,,2026-07-18,UNKNOWN,,,metadata_only,unknown,review_required,尚未在配置/数据源.yaml逐来源登记；默认禁止发布。
raw_vault_unregistered,source_file_9b5b54832dc929c9,01_原始数据/代码仓库镜像/MatImpute/experiment/dataset/miss_datasets/glass/Al_0.4.csv,Al_0.4.csv,10538,db6c726a23dbea9db90a8649d3d2ed917b1a1ea342042dca755d3fd867ea246b,,,2026-07-18,UNKNOWN,,,metadata_only,unknown,review_required,尚未在配置/数据源.yaml逐来源登记；默认禁止发布。
raw_vault_unregistered,source_file_1da21db3120ccb23,01_原始数据/代码仓库镜像/MatImpute/experiment/dataset/miss_datasets/glass/Al_0.5.csv,Al_0.5.csv,10449,ef0a9e28e4f94d4e15eaaa5bc1d0e74c282c306184f66f6dcef8edd903fed041,,,2026-07-18,UNKNOWN,,,metadata_only,unknown,review_required,尚未在配置/数据源.yaml逐来源登记；默认禁止发布。
raw_vault_unregistered,source_file_d8e4a799908ec8cb,01_原始数据/代码仓库镜像/MatImpute/experiment/dataset/miss_datasets/glass/Al_0.6000000000000001.csv,Al_0.6000000000000001.csv,10368,5efb867359bea86d233451c79a0b97f3fb1692ff248e6fb23eb4c17b7fd3d396,,,2026-07-18,UNKNOWN,,,metadata_only,unknown,review_required,尚未在配置/数据源.yaml逐来源登记；默认禁止发布。
raw_vault_unregistered,source_file_d2345c4adfb816b9,01_原始数据/代码仓库镜像/MatImpute/experiment/dataset/miss_datasets/glass/Al_0.7000000000000001.csv,Al_0.7000000000000001.csv,10283,d19259769904abbbde2ebd8988b75b033ec5dcbc9a7a1e9e92a938cda7d12e87,,,2026-07-18,UNKNOWN,,,metadata_only,unknown,review_required,尚未在配置/数据源.yaml逐来源登记；默认禁止发布。
raw_vault_unregistered,source_file_77e084b1052b3a6f,01_原始数据/代码仓库镜像/MatImpute/experiment/dataset/miss_datasets/glass/Al_0.8.csv,Al_0.8.csv,10198,1840a84df3082729a4a5526f99bd8a8fdc26e5ddb316aa245196d94c957d8b4e,,,2026-07-18,UNKNOWN,,,metadata_only,unknown,review_required,尚未在配置/数据源.yaml逐来源登记；默认禁止发布。
raw_vault_unregistered,source_file_df790ca7234ff717,01_原始数据/代码仓库镜像/MatImpute/experiment/dataset/miss_datasets/glass/Al_0.9.csv,Al_0.9.csv,10113,36a2d7073c1a45bd154f1a0db04e71ea28618464df3208cc72a8c04de06ba8a5,,,2026-07-18,UNKNOWN,,,metadata_only,unknown,review_required,尚未在配置/数据源.yaml逐来源登记；默认禁止发布。
raw_vault_unregistered,source_file_8fd54d1e293c0ba5,01_原始数据/代码仓库镜像/MatImpute/experiment/dataset/miss_datasets/glass/Ba_0.1.csv,Ba_0.1.csv,10806,cf5a0abb4831a8d03c7388d16ebe290f7abbef3d1d4ddb35a5a9de93a327c037,,,2026-07-18,UNKNOWN,,,metadata_only,unknown,review_required,尚未在配置/数据源.yaml逐来源登记；默认禁止发布。
raw_vault_unregistered,source_file_cf2ef98ec3464d82,01_原始数据/代码仓库镜像/MatImpute/experiment/dataset/miss_datasets/glass/Ba_0.2.csv,Ba_0.2.csv,10739,6be38fbc96602edadb2a4425b0506953905cc2bb7c960a8789701e59c11b8bc3,,,2026-07-18,UNKNOWN,,,metadata_only,unknown,review_required,尚未在配置/数据源.yaml逐来源登记；默认禁止发布。
raw_vault_unregistered,source_file_3adf29838148fb19,01_原始数据/代码仓库镜像/MatImpute/experiment/dataset/miss_datasets/glass/Ba_0.30000000000000004.csv,Ba_0.30000000000000004.csv,10672,7dfa6004fa5693a24febf3fc540bb7636537e0384f906351d09fdfe806342a98,,,2026-07-18,UNKNOWN,,,metadata_only,unknown,review_required,尚未在配置/数据源.yaml逐来源登记；默认禁止发布。
raw_vault_unregistered,source_file_ab1a0bcd8b072b1a,01_原始数据/代码仓库镜像/MatImpute/experiment/dataset/miss_datasets/glass/Ba_0.4.csv,Ba_0.4.csv,10599,f8d120a07cce180a49d8bef42a203720987075511f0976b323180815fbafbc6d,,,2026-07-18,UNKNOWN,,,metadata_only,unknown,review_required,尚未在配置/数据源.yaml逐来源登记；默认禁止发布。
raw_vault_unregistered,source_file_4bc29f686486bd7f,01_原始数据/代码仓库镜像/MatImpute/experiment/dataset/miss_datasets/glass/Ba_0.5.csv,Ba_0.5.csv,10532,3c8a2c05c5ac7d33f5a16a33058846dd27d4231e27d7b277d0d9c517ccc23f97,,,2026-07-18,UNKNOWN,,,metadata_only,unknown,review_required,尚未在配置/数据源.yaml逐来源登记；默认禁止发布。
raw_vault_unregistered,source_file_f8b8a77bfde1b80d,01_原始数据/代码仓库镜像/MatImpute/experiment/dataset/miss_datasets/glass/Ba_0.6000000000000001.csv,Ba_0.6000000000000001.csv,10464,0cfe1f7e980acab07fe99f4e861afd6e0cf87554c9ba5b47e6d327c059ede626,,,2026-07-18,UNKNOWN,,,metadata_only,unknown,review_required,尚未在配置/数据源.yaml逐来源登记；默认禁止发布。
raw_vault_unregistered,source_file_fa48cd48e19f24f3,01_原始数据/代码仓库镜像/MatImpute/experiment/dataset/miss_datasets/glass/Ba_0.7000000000000001.csv,Ba_0.7000000000000001.csv,10393,d339721af8d82e4cad15d0eb11f8c833b593954e2d1c75c35dcc9d3790a60ed2,,,2026-07-18,UNKNOWN,,,metadata_only,unknown,review_required,尚未在配置/数据源.yaml逐来源登记；默认禁止发布。
raw_vault_unregistered,source_file_d3dd0c1456843520,01_原始数据/代码仓库镜像/MatImpute/experiment/dataset/miss_datasets/glass/Ba_0.8.csv,Ba_0.8.csv,10332,7e2f6cebaa120f0083a87153190f07179b44af0ccb54e7a722da51731f23b0df,,,2026-07-18,UNKNOWN,,,metadata_only,unknown,review_required,尚未在配置/数据源.yaml逐来源登记；默认禁止发布。
raw_vault_unregistered,source_file_6759b1a613241346,01_原始数据/代码仓库镜像/MatImpute/experiment/dataset/miss_datasets/glass/Ba_0.9.csv,Ba_0.9.csv,10260,5d2acc1c52882f20c055702ff7c41dc113fe2abb64cd9f70a109b07eba2d1ae7,,,2026-07-18,UNKNOWN,,,metadata_only,unknown,review_required,尚未在配置/数据源.yaml逐来源登记；默认禁止发布。
raw_vault_unregistered,source_file_ce8e37a563cf3d74,01_原始数据/代码仓库镜像/MatImpute/experiment/dataset/miss_datasets/glass/Ca_0.1.csv,Ca_0.1.csv,10790,fed48837287544fe1de17ed88d652dc4517da453f260789532f977b3bd8e425b,,,2026-07-18,UNKNOWN,,,metadata_only,unknown,review_required,尚未在配置/数据源.yaml逐来源登记；默认禁止发布。
raw_vault_unregistered,source_file_b1019fc51388fc47,01_原始数据/代码仓库镜像/MatImpute/experiment/dataset/miss_datasets/glass/Ca_0.2.csv,Ca_0.2.csv,10699,5a3568e202727d8ca5c03db561b2bb8212eb641a7e082d344c35e7383b314d45,,,2026-07-18,UNKNOWN,,,metadata_only,unknown,review_required,尚未在配置/数据源.yaml逐来源登记；默认禁止发布。
raw_vault_unregistered,source_file_c99fb8ac88aeb696,01_原始数据/代码仓库镜像/MatImpute/experiment/dataset/miss_datasets/glass/Ca_0.30000000000000004.csv,Ca_0.30000000000000004.csv,10613,d709885ffaf6d29d49c96a30f83b20a4216465c9eb7f46473b613877c04c1aa6,,,2026-07-18,UNKNOWN,,,metadata_only,unknown,review_required,尚未在配置/数据源.yaml逐来源登记；默认禁止发布。
raw_vault_unregistered,source_file_4b7e2f9c49a08c1a,01_原始数据/代码仓库镜像/MatImpute/experiment/dataset/miss_datasets/glass/Ca_0.4.csv,Ca_0.4.csv,10523,cb92796f73addcf1a03daf5f7a7dfd9bd06a6ed6301983af39ab59dd37d947de,,,2026-07-18,UNKNOWN,,,metadata_only,unknown,review_required,尚未在配置/数据源.yaml逐来源登记；默认禁止发布。
raw_vault_unregistered,source_file_97f1f25d1d0190dd,01_原始数据/代码仓库镜像/MatImpute/experiment/dataset/miss_datasets/glass/Ca_0.5.csv,Ca_0.5.csv,10446,300b4538a5df7dbe23e5dcc0ad10b628b96e1691c4afb7f85da28fc81807fa53,,,2026-07-18,UNKNOWN,,,metadata_only,unknown,review_required,尚未在配置/数据源.yaml逐来源登记；默认禁止发布。
raw_vault_unregistered,source_file_650cae4b29b35e3b,01_原始数据/代码仓库镜像/MatImpute/experiment/dataset/miss_datasets/glass/Ca_0.6000000000000001.csv,Ca_0.6000000000000001.csv,10354,053b0b015de2cde946aed971087dbaceca74150add80b0962bf35bc3bd3104fc,,,2026-07-18,UNKNOWN,,,metadata_only,unknown,review_required,尚未在配置/数据源.yaml逐来源登记；默认禁止发布。
raw_vault_unregistered,source_file_29bb9e410639400d,01_原始数据/代码仓库镜像/MatImpute/experiment/dataset/miss_datasets/glass/Ca_0.7000000000000001.csv,Ca_0.7000000000000001.csv,10265,aadf3b41707014544aaf45568443e26ef203ec018cda5242da956720f4d87ed8,,,2026-07-18,UNKNOWN,,,metadata_only,unknown,review_required,尚未在配置/数据源.yaml逐来源登记；默认禁止发布。
raw_vault_unregistered,source_file_9633d8dece2a001a,01_原始数据/代码仓库镜像/MatImpute/experiment/dataset/miss_datasets/glass/Ca_0.8.csv,Ca_0.8.csv,10186,be9cb2f34e75412b265793c536ced2d23dc327bd19060b8250d34a5609faf2b5,,,2026-07-18,UNKNOWN,,,metadata_only,unknown,review_required,尚未在配置/数据源.yaml逐来源登记；默认禁止发布。
raw_vault_unregistered,source_file_5f1a5cd66ebb1374,01_原始数据/代码仓库镜像/MatImpute/experiment/dataset/miss_datasets/glass/Ca_0.9.csv,Ca_0.9.csv,10094,16fafa721656f21a8b53bb031364f44e6e551ae145477d1b93dad3af005ac2a0,,,2026-07-18,UNKNOWN,,,metadata_only,unknown,review_required,尚未在配置/数据源.yaml逐来源登记；默认禁止发布。
raw_vault_unregistered,source_file_995fcd9dd6e661ee,01_原始数据/代码仓库镜像/MatImpute/experiment/dataset/miss_datasets/glass/Fe_0.1.csv,Fe_0.1.csv,10806,a15c7d8e70b33062e6a10e6cd7ea47ec56f23a4afd985ef2e97009e2d5a3efd8,,,2026-07-18,UNKNOWN,,,metadata_only,unknown,review_required,尚未在配置/数据源.yaml逐来源登记；默认禁止发布。
raw_vault_unregistered,source_file_7254ba0378adae22,01_原始数据/代码仓库镜像/MatImpute/experiment/dataset/miss_datasets/glass/Fe_0.2.csv,Fe_0.2.csv,10732,4d14a7d305d2508a6a38c7337b4b94ea916b31a44843059c416e13364a9653e2,,,2026-07-18,UNKNOWN,,,metadata_only,unknown,review_required,尚未在配置/数据源.yaml逐来源登记；默认禁止发布。
raw_vault_unregistered,source_file_3a8881f2d1bad3d9,01_原始数据/代码仓库镜像/MatImpute/experiment/dataset/miss_datasets/glass/Fe_0.30000000000000004.csv,Fe_0.30000000000000004.csv,10663,de01962444ecef4dfe52e9203f0ec8c252d7012f5739df64dede7632a28b3120,,,2026-07-18,UNKNOWN,,,metadata_only,unknown,review_required,尚未在配置/数据源.yaml逐来源登记；默认禁止发布。
raw_vault_unregistered,source_file_486f45c8d658534c,01_原始数据/代码仓库镜像/MatImpute/experiment/dataset/miss_datasets/glass/Fe_0.4.csv,Fe_0.4.csv,10591,71da1d819c8131ecd4653479457a30a228550804793ea229c3e007219a8849a4,,,2026-07-18,UNKNOWN,,,metadata_only,unknown,review_required,尚未在配置/数据源.yaml逐来源登记；默认禁止发布。
raw_vault_unregistered,source_file_7c106d212ffbf8da,01_原始数据/代码仓库镜像/MatImpute/experiment/dataset/miss_datasets/glass/Fe_0.5.csv,Fe_0.5.csv,10515,711408bf00b776876aba3c057e95b866a145f5ff8c6587853e19486dff6e4c34,,,2026-07-18,UNKNOWN,,,metadata_only,unknown,review_required,尚未在配置/数据源.yaml逐来源登记；默认禁止发布。
raw_vault_unregistered,source_file_1df8736a23c7d49d,01_原始数据/代码仓库镜像/MatImpute/experiment/dataset/miss_datasets/glass/Fe_0.6000000000000001.csv,Fe_0.6000000000000001.csv,10450,dc0b64996d89f028f54659da285c639a34506820186382f4ffea97f2464af6dc,,,2026-07-18,UNKNOWN,,,metadata_only,unknown,review_required,尚未在配置/数据源.yaml逐来源登记；默认禁止发布。
raw_vault_unregistered,source_file_163da0700bf34578,01_原始数据/代码仓库镜像/MatImpute/experiment/dataset/miss_datasets/glass/Fe_0.7000000000000001.csv,Fe_0.7000000000000001.csv,10381,dc22d8b989401e649666a15e7468266351f7d4e3c1580820a66f1f6daf59019f,,,2026-07-18,UNKNOWN,,,metadata_only,unknown,review_required,尚未在配置/数据源.yaml逐来源登记；默认禁止发布。
raw_vault_unregistered,source_file_8115af9fc1d08644,01_原始数据/代码仓库镜像/MatImpute/experiment/dataset/miss_datasets/glass/Fe_0.8.csv,Fe_0.8.csv,10310,cb184600f5b78bd8da17223f2eac6fde378c51cce4f148e0d4df987c8af84ab6,,,2026-07-18,UNKNOWN,,,metadata_only,unknown,review_required,尚未在配置/数据源.yaml逐来源登记；默认禁止发布。
raw_vault_unregistered,source_file_ddb4af33fc05a6f5,01_原始数据/代码仓库镜像/MatImpute/experiment/dataset/miss_datasets/glass/Fe_0.9.csv,Fe_0.9.csv,10234,d532576742e81f9ce34622caff6484e82055dc58e3fa9a583133e9698b92cf58,,,2026-07-18,UNKNOWN,,,metadata_only,unknown,review_required,尚未在配置/数据源.yaml逐来源登记；默认禁止发布。
raw_vault_unregistered,source_file_0792597ef7282e40,01_原始数据/代码仓库镜像/MatImpute/experiment/dataset/miss_datasets/glass/K_0.1.csv,K_0.1.csv,10792,d24f7e6384f468fcb1955717e25063b9362034f31b22f1f6bdbbca949fb2b9e8,,,2026-07-18,UNKNOWN,,,metadata_only,unknown,review_required,尚未在配置/数据源.yaml逐来源登记；默认禁止发布。
raw_vault_unregistered,source_file_77ccdfe2802f5370,01_原始数据/代码仓库镜像/MatImpute/experiment/dataset/miss_datasets/glass/K_0.2.csv,K_0.2.csv,10709,2ea6e504ff9da772b67bbeb182cbf2bf6aa75e7bf51d2ec4ddbd725ec08c4e7c,,,2026-07-18,UNKNOWN,,,metadata_only,unknown,review_required,尚未在配置/数据源.yaml逐来源登记；默认禁止发布。
raw_vault_unregistered,source_file_206ef693d609dfcc,01_原始数据/代码仓库镜像/MatImpute/experiment/dataset/miss_datasets/glass/K_0.30000000000000004.csv,K_0.30000000000000004.csv,10627,c039ba7e3bd17cdc68b00a9dc82e4e74d8541c7a122753d98d21eed9cf0a8ec6,,,2026-07-18,UNKNOWN,,,metadata_only,unknown,review_required,尚未在配置/数据源.yaml逐来源登记；默认禁止发布。
raw_vault_unregistered,source_file_c0ee4d3f4b55ff9e,01_原始数据/代码仓库镜像/MatImpute/experiment/dataset/miss_datasets/glass/K_0.4.csv,K_0.4.csv,10547,e483aa48733bfc534eb6bb98bf13ea10f80bd29647def1feb6dbd2ae684dd88d,,,2026-07-18,UNKNOWN,,,metadata_only,unknown,review_required,尚未在配置/数据源.yaml逐来源登记；默认禁止发布。
raw_vault_unregistered,source_file_fad3c5992dd20328,01_原始数据/代码仓库镜像/MatImpute/experiment/dataset/miss_datasets/glass/K_0.5.csv,K_0.5.csv,10471,d010acd3e774d988db0258ad3af6aaf335fee1dfc2db76ae275838dbae52f027,,,2026-07-18,UNKNOWN,,,metadata_only,unknown,review_required,尚未在配置/数据源.yaml逐来源登记；默认禁止发布。
raw_vault_unregistered,source_file_3e5cd9bea5be1632,01_原始数据/代码仓库镜像/MatImpute/experiment/dataset/miss_datasets/glass/K_0.6000000000000001.csv,K_0.6000000000000001.csv,10393,4dda76b81fd87dd2c5f00238c6e6dd81061d556a75ffa028638d8ed033fe3ad6,,,2026-07-18,UNKNOWN,,,metadata_only,unknown,review_required,尚未在配置/数据源.yaml逐来源登记；默认禁止发布。
raw_vault_unregistered,source_file_d5aed4cd004f681c,01_原始数据/代码仓库镜像/MatImpute/experiment/dataset/miss_datasets/glass/K_0.7000000000000001.csv,K_0.7000000000000001.csv,10304,5a70c843b75ecc461d317587bf40a059122cbd1503f1ce4f0e0ba39b925eafde,,,2026-07-18,UNKNOWN,,,metadata_only,unknown,review_required,尚未在配置/数据源.yaml逐来源登记；默认禁止发布。
raw_vault_unregistered,source_file_e0f25c9b2a2b076d,01_原始数据/代码仓库镜像/MatImpute/experiment/dataset/miss_datasets/glass/K_0.8.csv,K_0.8.csv,10225,fc6bd81c2f4553c15b639bf96e07aec6c38cee3f3a0605b0d05914bd54cc1aae,,,2026-07-18,UNKNOWN,,,metadata_only,unknown,review_required,尚未在配置/数据源.yaml逐来源登记；默认禁止发布。
raw_vault_unregistered,source_file_5364f56acea0b108,01_原始数据/代码仓库镜像/MatImpute/experiment/dataset/miss_datasets/glass/K_0.9.csv,K_0.9.csv,10139,eeceec9137fb245f4aba29006f0de97de73baa3e3c76de205e9645320b87db54,,,2026-07-18,UNKNOWN,,,metadata_only,unknown,review_required,尚未在配置/数据源.yaml逐来源登记；默认禁止发布。
raw_vault_unregistered,source_file_270b84aa9d4cc4d6,01_原始数据/代码仓库镜像/MatImpute/experiment/dataset/miss_datasets/glass/Mg_0.1.csv,Mg_0.1.csv,10792,0dd0ab099a3a8e8ae891510de61149fb0dd79495d901626a45e5ae5793f6113f,,,2026-07-18,UNKNOWN,,,metadata_only,unknown,review_required,尚未在配置/数据源.yaml逐来源登记；默认禁止发布。
raw_vault_unregistered,source_file_e5e4b1e71d6f7d69,01_原始数据/代码仓库镜像/MatImpute/experiment/dataset/miss_datasets/glass/Mg_0.2.csv,Mg_0.2.csv,10713,c09adda3dbd86f111e08b7d421b4564032b0e83c8a8c8241824ce1a6efd4ac57,,,2026-07-18,UNKNOWN,,,metadata_only,unknown,review_required,尚未在配置/数据源.yaml逐来源登记；默认禁止发布。
raw_vault_unregistered,source_file_840909f9ca964e7f,01_原始数据/代码仓库镜像/MatImpute/experiment/dataset/miss_datasets/glass/Mg_0.30000000000000004.csv,Mg_0.30000000000000004.csv,10632,9920652342b906b010d5bf9e077afcb4ebf02c8f8ee63bde3c4abdec5ca5784f,,,2026-07-18,UNKNOWN,,,metadata_only,unknown,review_required,尚未在配置/数据源.yaml逐来源登记；默认禁止发布。
raw_vault_unregistered,source_file_16c141791c635f22,01_原始数据/代码仓库镜像/MatImpute/experiment/dataset/miss_datasets/glass/Mg_0.4.csv,Mg_0.4.csv,10553,cd62a59d39026a7065d9fceaf05202e44b3ec23e76a260412314f4ed30b4123e,,,2026-07-18,UNKNOWN,,,metadata_only,unknown,review_required,尚未在配置/数据源.yaml逐来源登记；默认禁止发布。
raw_vault_unregistered,source_file_149244ab74f5e6ce,01_原始数据/代码仓库镜像/MatImpute/experiment/dataset/miss_datasets/glass/Mg_0.5.csv,Mg_0.5.csv,10475,d88a417db001ce0ea1cc7ef12910a16fdfa24f4faee67fe0c544ba5fa15c12ee,,,2026-07-18,UNKNOWN,,,metadata_only,unknown,review_required,尚未在配置/数据源.yaml逐来源登记；默认禁止发布。
raw_vault_unregistered,source_file_f0d9b4f522a58213,01_原始数据/代码仓库镜像/MatImpute/experiment/dataset/miss_datasets/glass/Mg_0.6000000000000001.csv,Mg_0.6000000000000001.csv,10401,99374f5de6245b13bb10c4d7c1ffdcc4e88a49688f118fefa4e4f0cc82024c0d,,,2026-07-18,UNKNOWN,,,metadata_only,unknown,review_required,尚未在配置/数据源.yaml逐来源登记；默认禁止发布。
raw_vault_unregistered,source_file_92488d145eee204e,01_原始数据/代码仓库镜像/MatImpute/experiment/dataset/miss_datasets/glass/Mg_0.7000000000000001.csv,Mg_0.7000000000000001.csv,10309,467a8a28fedd00df780646f32bffa8c48a0d43b11069cdb4369189d1d396a945,,,2026-07-18,UNKNOWN,,,metadata_only,unknown,review_required,尚未在配置/数据源.yaml逐来源登记；默认禁止发布。
raw_vault_unregistered,source_file_76267c94346450ad,01_原始数据/代码仓库镜像/MatImpute/experiment/dataset/miss_datasets/glass/Mg_0.8.csv,Mg_0.8.csv,10239,0f81d64ed0214a73677d4e42d2cfff4f6f0d609f79578406bd9beac61c687255,,,2026-07-18,UNKNOWN,,,metadata_only,unknown,review_required,尚未在配置/数据源.yaml逐来源登记；默认禁止发布。
raw_vault_unregistered,source_file_b3b0b4b3ecaaceac,01_原始数据/代码仓库镜像/MatImpute/experiment/dataset/miss_datasets/glass/Mg_0.9.csv,Mg_0.9.csv,10153,10632555ae2901df18dd007cb0ac39ca8ce48df7dd6b745ca91c0eb0feaac649,,,2026-07-18,UNKNOWN,,,metadata_only,unknown,review_required,尚未在配置/数据源.yaml逐来源登记；默认禁止发布。
raw_vault_unregistered,source_file_7cd05f30bd474ac0,01_原始数据/代码仓库镜像/MatImpute/experiment/dataset/miss_datasets/glass/Na_0.1.csv,Na_0.1.csv,10769,b03b88d8472f906df73aaea8052d3e83d5993de9dff0d300896e192f84fb1553,,,2026-07-18,UNKNOWN,,,metadata_only,unknown,review_required,尚未在配置/数据源.yaml逐来源登记；默认禁止发布。
raw_vault_unregistered,source_file_41f535c82781b81c,01_原始数据/代码仓库镜像/MatImpute/experiment/dataset/miss_datasets/glass/Na_0.2.csv,Na_0.2.csv,10663,78e2e1ee94abdafa98852dbfa0564d823aa43f748ed146c12e580e1edf874a90,,,2026-07-18,UNKNOWN,,,metadata_only,unknown,review_required,尚未在配置/数据源.yaml逐来源登记；默认禁止发布。
raw_vault_unregistered,source_file_0d7ca7b1e228d5f6,01_原始数据/代码仓库镜像/MatImpute/experiment/dataset/miss_datasets/glass/Na_0.30000000000000004.csv,Na_0.30000000000000004.csv,10557,b333aaca23a4cd419564af88ebf21fd9ec89be8884de52235ba2ed61a6cf1931,,,2026-07-18,UNKNOWN,,,metadata_only,unknown,review_required,尚未在配置/数据源.yaml逐来源登记；默认禁止发布。
raw_vault_unregistered,source_file_00ab285311e88c32,01_原始数据/代码仓库镜像/MatImpute/experiment/dataset/miss_datasets/glass/Na_0.4.csv,Na_0.4.csv,10450,06bd3605f7df3cf9207bd65afd30f49b6f826135d72d1f16ec8c6dc4b8f436ca,,,2026-07-18,UNKNOWN,,,metadata_only,unknown,review_required,尚未在配置/数据源.yaml逐来源登记；默认禁止发布。
raw_vault_unregistered,source_file_2f83b7dc868e5f74,01_原始数据/代码仓库镜像/MatImpute/experiment/dataset/miss_datasets/glass/Na_0.5.csv,Na_0.5.csv,10347,7dfa901a6427659aba970d840b486997f67899cbb5df91383917257d39741894,,,2026-07-18,UNKNOWN,,,metadata_only,unknown,review_required,尚未在配置/数据源.yaml逐来源登记；默认禁止发布。
raw_vault_unregistered,source_file_818fb721ece4d55c,01_原始数据/代码仓库镜像/MatImpute/experiment/dataset/miss_datasets/glass/Na_0.6000000000000001.csv,Na_0.6000000000000001.csv,10247,01f0201bc638a9847ac3f55b74c0ba97d637fb5cc03fabb4a26559ba07498a3b,,,2026-07-18,UNKNOWN,,,metadata_only,unknown,review_required,尚未在配置/数据源.yaml逐来源登记；默认禁止发布。
raw_vault_unregistered,source_file_d5e9d16438f542b7,01_原始数据/代码仓库镜像/MatImpute/experiment/dataset/miss_datasets/glass/Na_0.7000000000000001.csv,Na_0.7000000000000001.csv,10137,1bb88d18b864759a2db045a95e3c559e4a44d2be795d9a105aff23fb9a9c1f17,,,2026-07-18,UNKNOWN,,,metadata_only,unknown,review_required,尚未在配置/数据源.yaml逐来源登记；默认禁止发布。
raw_vault_unregistered,source_file_9f137a8f43e9fdfb,01_原始数据/代码仓库镜像/MatImpute/experiment/dataset/miss_datasets/glass/Na_0.8.csv,Na_0.8.csv,10037,7accafa08f3b9700819ea8738748fb3c8ebd4d61d2f333b74dc2c2d17ed281c8,,,2026-07-18,UNKNOWN,,,metadata_only,unknown,review_required,尚未在配置/数据源.yaml逐来源登记；默认禁止发布。
raw_vault_unregistered,source_file_e1854fe0d0e2058d,01_原始数据/代码仓库镜像/MatImpute/experiment/dataset/miss_datasets/glass/Na_0.9.csv,Na_0.9.csv,9929,28b1079c55c2dc077bab6f95d2c15b78c9cd1c08db28965a234fe6a440e0d4d8,,,2026-07-18,UNKNOWN,,,metadata_only,unknown,review_required,尚未在配置/数据源.yaml逐来源登记；默认禁止发布。
raw_vault_unregistered,source_file_1f728100a9fd511a,01_原始数据/代码仓库镜像/MatImpute/experiment/dataset/miss_datasets/glass/RI_0.1.csv,RI_0.1.csv,10726,efb93075c37c1f4f1483152117f4b0e55f2552528e2e17fee5fc1741c2087b9b,,,2026-07-18,UNKNOWN,,,metadata_only,unknown,review_required,尚未在配置/数据源.yaml逐来源登记；默认禁止发布。
raw_vault_unregistered,source_file_25dfebd90781f614,01_原始数据/代码仓库镜像/MatImpute/experiment/dataset/miss_datasets/glass/RI_0.2.csv,RI_0.2.csv,10576,d2f8f1e5473db194b0a9d43cd7cac87208dd9362b0a7a31e47996fbd95e87f09,,,2026-07-18,UNKNOWN,,,metadata_only,unknown,review_required,尚未在配置/数据源.yaml逐来源登记；默认禁止发布。
raw_vault_unregistered,source_file_f35d54a87a21648b,01_原始数据/代码仓库镜像/MatImpute/experiment/dataset/miss_datasets/glass/RI_0.30000000000000004.csv,RI_0.30000000000000004.csv,10432,3474398222f39d1aa8e04f9eb277d42bb0edaea710831154f47a8436297838dc,,,2026-07-18,UNKNOWN,,,metadata_only,unknown,review_required,尚未在配置/数据源.yaml逐来源登记；默认禁止发布。
raw_vault_unregistered,source_file_3ec5381cf399c188,01_原始数据/代码仓库镜像/MatImpute/experiment/dataset/miss_datasets/glass/RI_0.4.csv,RI_0.4.csv,10279,3b41f2b1b865195d04fd2757e7b95fbf0d6b77bb580178db13ded80a1038a37c,,,2026-07-18,UNKNOWN,,,metadata_only,unknown,review_required,尚未在配置/数据源.yaml逐来源登记；默认禁止发布。
raw_vault_unregistered,source_file_5d035399d978b573,01_原始数据/代码仓库镜像/MatImpute/experiment/dataset/miss_datasets/glass/RI_0.5.csv,RI_0.5.csv,10132,63ad0ca8651f1a13c5fbdc87f3329d70d78c41ec37208b70843026a68efee376,,,2026-07-18,UNKNOWN,,,metadata_only,unknown,review_required,尚未在配置/数据源.yaml逐来源登记；默认禁止发布。
raw_vault_unregistered,source_file_106889b537ec4489,01_原始数据/代码仓库镜像/MatImpute/experiment/dataset/miss_datasets/glass/RI_0.6000000000000001.csv,RI_0.6000000000000001.csv,9990,f128805593626a8827fed692dcbf18b657642f266b6bae3a1587e41e374bf81c,,,2026-07-18,UNKNOWN,,,metadata_only,unknown,review_required,尚未在配置/数据源.yaml逐来源登记；默认禁止发布。
raw_vault_unregistered,source_file_cd6cd678001797c1,01_原始数据/代码仓库镜像/MatImpute/experiment/dataset/miss_datasets/glass/RI_0.7000000000000001.csv,RI_0.7000000000000001.csv,9840,9e6ad8cc8b96a3b646fb8198df684cead541aae699f2356e7c2f9bc48a964775,,,2026-07-18,UNKNOWN,,,metadata_only,unknown,review_required,尚未在配置/数据源.yaml逐来源登记；默认禁止发布。
raw_vault_unregistered,source_file_eeb22ce80ef54ff4,01_原始数据/代码仓库镜像/MatImpute/experiment/dataset/miss_datasets/glass/RI_0.8.csv,RI_0.8.csv,9697,77274983e6c4b64a4c0f0e499684778a219c414743aa50e81632b69896d48456,,,2026-07-18,UNKNOWN,,,metadata_only,unknown,review_required,尚未在配置/数据源.yaml逐来源登记；默认禁止发布。
raw_vault_unregistered,source_file_ae620bae0033a416,01_原始数据/代码仓库镜像/MatImpute/experiment/dataset/miss_datasets/glass/RI_0.9.csv,RI_0.9.csv,9543,8cd742368bc55bf3ee0b1b394eed9cfdcccb9d5209dd7c532efdb7dce60531a6,,,2026-07-18,UNKNOWN,,,metadata_only,unknown,review_required,尚未在配置/数据源.yaml逐来源登记；默认禁止发布。
raw_vault_unregistered,source_file_3996ba48bf619022,01_原始数据/代码仓库镜像/MatImpute/experiment/dataset/miss_datasets/glass/Si_0.1.csv,Si_0.1.csv,10770,9c9888582a01aaa9dc8f5e9a03e528339ed6756c4caf4d11b0302fd08875aa13,,,2026-07-18,UNKNOWN,,,metadata_only,unknown,review_required,尚未在配置/数据源.yaml逐来源登记；默认禁止发布。
raw_vault_unregistered,source_file_7b2ef542a306ac68,01_原始数据/代码仓库镜像/MatImpute/experiment/dataset/miss_datasets/glass/Si_0.2.csv,Si_0.2.csv,10661,8dba12b4d3ee4f7c8244cf560cb158d77d48f26ba5984c8ae25d91b48cad687a,,,2026-07-18,UNKNOWN,,,metadata_only,unknown,review_required,尚未在配置/数据源.yaml逐来源登记；默认禁止发布。
raw_vault_unregistered,source_file_835a73b024d10c1b,01_原始数据/代码仓库镜像/MatImpute/experiment/dataset/miss_datasets/glass/Si_0.30000000000000004.csv,Si_0.30000000000000004.csv,10553,a5ae6254851ffe30510b35a73ba695a489cfa25e7d63a8e4d5d2b69561b136f0,,,2026-07-18,UNKNOWN,,,metadata_only,unknown,review_required,尚未在配置/数据源.yaml逐来源登记；默认禁止发布。
raw_vault_unregistered,source_file_aa8f8c5e7fc375d5,01_原始数据/代码仓库镜像/MatImpute/experiment/dataset/miss_datasets/glass/Si_0.4.csv,Si_0.4.csv,10448,1fcbab24291aa8e55c1c680b1c346cfed65df2a7321578a47f0976b93863d5c9,,,2026-07-18,UNKNOWN,,,metadata_only,unknown,review_required,尚未在配置/数据源.yaml逐来源登记；默认禁止发布。
raw_vault_unregistered,source_file_277128b11a8649de,01_原始数据/代码仓库镜像/MatImpute/experiment/dataset/miss_datasets/glass/Si_0.5.csv,Si_0.5.csv,10345,956ef41c949dff8323518a773fe44c62b1addac123e4fb5f9a96b0720f00a050,,,2026-07-18,UNKNOWN,,,metadata_only,unknown,review_required,尚未在配置/数据源.yaml逐来源登记；默认禁止发布。
raw_vault_unregistered,source_file_ae9b6f6cdffb9585,01_原始数据/代码仓库镜像/MatImpute/experiment/dataset/miss_datasets/glass/Si_0.6000000000000001.csv,Si_0.6000000000000001.csv,10239,e1d81e0e3b85c88f5c05404d7e8752a41602fbe9fb824d7ab2adb51b16599481,,,2026-07-18,UNKNOWN,,,metadata_only,unknown,review_required,尚未在配置/数据源.yaml逐来源登记；默认禁止发布。
raw_vault_unregistered,source_file_623b9deb5d0c6068,01_原始数据/代码仓库镜像/MatImpute/experiment/dataset/miss_datasets/glass/Si_0.7000000000000001.csv,Si_0.7000000000000001.csv,10129,a59f2cb22ef34c44116ec32b9a15d3dfaeb42fc0d00cd28762979882fda49b4c,,,2026-07-18,UNKNOWN,,,metadata_only,unknown,review_required,尚未在配置/数据源.yaml逐来源登记；默认禁止发布。
raw_vault_unregistered,source_file_50deb1888cc5792c,01_原始数据/代码仓库镜像/MatImpute/experiment/dataset/miss_datasets/glass/Si_0.8.csv,Si_0.8.csv,10033,8167e3ae0aff2e3f9acd8b10283e684754ae31d250df541e968e520048cde0ed,,,2026-07-18,UNKNOWN,,,metadata_only,unknown,review_required,尚未在配置/数据源.yaml逐来源登记；默认禁止发布。
raw_vault_unregistered,source_file_3f9514ebb43dccf6,01_原始数据/代码仓库镜像/MatImpute/experiment/dataset/miss_datasets/glass/Si_0.9.csv,Si_0.9.csv,9923,4fa7960aa20960e55b58508eb7e0fb5320691a697921523adda3f1272087e1cb,,,2026-07-18,UNKNOWN,,,metadata_only,unknown,review_required,尚未在配置/数据源.yaml逐来源登记；默认禁止发布。
raw_vault_unregistered,source_file_d0336eee3bd8e606,01_原始数据/代码仓库镜像/MatImpute/experiment/dataset/miss_datasets/glass/Type of glass_0.1.csv,Type of glass_0.1.csv,11237,a1fff68419b4be8c0e5ce7eae13e06d7425b29366e46ebd21a853ef2ceac0eea,,,2026-07-18,UNKNOWN,,,metadata_only,unknown,review_required,尚未在配置/数据源.yaml逐来源登记；默认禁止发布。
raw_vault_unregistered,source_file_03561bd8c8321a29,01_原始数据/代码仓库镜像/MatImpute/experiment/dataset/miss_datasets/glass/Type of glass_0.2.csv,Type of glass_0.2.csv,11171,1ad1356d9d43ad6d5825eceeb79e9e1223ab5150612a7a5469a6eeadb3756403,,,2026-07-18,UNKNOWN,,,metadata_only,unknown,review_required,尚未在配置/数据源.yaml逐来源登记；默认禁止发布。
raw_vault_unregistered,source_file_909b54fa58e0d0f9,01_原始数据/代码仓库镜像/MatImpute/experiment/dataset/miss_datasets/glass/Type of glass_0.30000000000000004.csv,Type of glass_0.30000000000000004.csv,11108,db3a05117469021feb4245a9db9536fbfaee7d5514a510b98e1c459b173d87b6,,,2026-07-18,UNKNOWN,,,metadata_only,unknown,review_required,尚未在配置/数据源.yaml逐来源登记；默认禁止发布。
raw_vault_unregistered,source_file_3836e04b36f875d5,01_原始数据/代码仓库镜像/MatImpute/experiment/dataset/miss_datasets/glass/Type of glass_0.4.csv,Type of glass_0.4.csv,11042,05236829f2621987b20cff4a6d10845c1ba9fd402e5b54d30b7e836c2af86771,,,2026-07-18,UNKNOWN,,,metadata_only,unknown,review_required,尚未在配置/数据源.yaml逐来源登记；默认禁止发布。
raw_vault_unregistered,source_file_3c52391e43f73b20,01_原始数据/代码仓库镜像/MatImpute/experiment/dataset/miss_datasets/glass/Type of glass_0.5.csv,Type of glass_0.5.csv,10979,00960034aded852396b9ebb416347586bccf8cd888addb2863bf0be0ae5f43c0,,,2026-07-18,UNKNOWN,,,metadata_only,unknown,review_required,尚未在配置/数据源.yaml逐来源登记；默认禁止发布。
raw_vault_unregistered,source_file_68084d92a90c6ae7,01_原始数据/代码仓库镜像/MatImpute/experiment/dataset/miss_datasets/glass/Type of glass_0.6000000000000001.csv,Type of glass_0.6000000000000001.csv,10916,0394f19dba687ef90918c9182e51c7b631ac76d80cb77f792b6639e66287a9b0,,,2026-07-18,UNKNOWN,,,metadata_only,unknown,review_required,尚未在配置/数据源.yaml逐来源登记；默认禁止发布。
raw_vault_unregistered,source_file_5272fbc4d6c4f6ee,01_原始数据/代码仓库镜像/MatImpute/experiment/dataset/miss_datasets/glass/Type of glass_0.7000000000000001.csv,Type of glass_0.7000000000000001.csv,10850,2fa7fc476ad048f4d983ff704e20e95bb760559569bd30c975b2fe910a8bf0e1,,,2026-07-18,UNKNOWN,,,metadata_only,unknown,review_required,尚未在配置/数据源.yaml逐来源登记；默认禁止发布。
raw_vault_unregistered,source_file_d4fba89df6cb580c,01_原始数据/代码仓库镜像/MatImpute/experiment/dataset/miss_datasets/glass/Type of glass_0.8.csv,Type of glass_0.8.csv,10787,8d2f2d9186eeec8a1bda4a38ca2d5f39eeb52fda603ccfd87ccd72e02009f781,,,2026-07-18,UNKNOWN,,,metadata_only,unknown,review_required,尚未在配置/数据源.yaml逐来源登记；默认禁止发布。
raw_vault_unregistered,source_file_cba57fac36c3779c,01_原始数据/代码仓库镜像/MatImpute/experiment/dataset/miss_datasets/glass/Type of glass_0.9.csv,Type of glass_0.9.csv,10721,1e2146c7dd80f68970163f6c4168eff4a74ec6b342d9a086c09f2a6a5b2011ce,,,2026-07-18,UNKNOWN,,,metadata_only,unknown,review_required,尚未在配置/数据源.yaml逐来源登记；默认禁止发布。
raw_vault_unregistered,source_file_120f16c6124a85e6,01_原始数据/代码仓库镜像/MatImpute/experiment/dataset/miss_datasets/PUE/Form_Method_0.1.csv,Form_Method_0.1.csv,88915,1af9946007095bed30f2e2e13f42670ee7f5c6f45040c03cc239144c02f0607e,,,2026-07-18,UNKNOWN,,,metadata_only,unknown,review_required,尚未在配置/数据源.yaml逐来源登记；默认禁止发布。
raw_vault_unregistered,source_file_ebed857ddcb4a735,01_原始数据/代码仓库镜像/MatImpute/experiment/dataset/miss_datasets/PUE/Form_Method_0.2.csv,Form_Method_0.2.csv,88819,34802bd7b8e2a3b5ec3c3a9e5319d1696470f752dd6517b1be1e36e3a0f63a84,,,2026-07-18,UNKNOWN,,,metadata_only,unknown,review_required,尚未在配置/数据源.yaml逐来源登记；默认禁止发布。
raw_vault_unregistered,source_file_f2b9603f1593ee67,01_原始数据/代码仓库镜像/MatImpute/experiment/dataset/miss_datasets/PUE/Form_Method_0.30000000000000004.csv,Form_Method_0.30000000000000004.csv,88720,2d6d2d26b78dfd2103d04b7cf5128a2b617a62874a2822672c58b7731b9baf3f,,,2026-07-18,UNKNOWN,,,metadata_only,unknown,review_required,尚未在配置/数据源.yaml逐来源登记；默认禁止发布。
raw_vault_unregistered,source_file_09e79396d4106a7c,01_原始数据/代码仓库镜像/MatImpute/experiment/dataset/miss_datasets/PUE/Form_Method_0.4.csv,Form_Method_0.4.csv,88624,e32bc4a31ca3e4e10e4d4769c8c608c278a740b7037161e97a6c3d505bc04ed9,,,2026-07-18,UNKNOWN,,,metadata_only,unknown,review_required,尚未在配置/数据源.yaml逐来源登记；默认禁止发布。
raw_vault_unregistered,source_file_a5bb23bf9a92e56a,01_原始数据/代码仓库镜像/MatImpute/experiment/dataset/miss_datasets/PUE/Form_Method_0.5.csv,Form_Method_0.5.csv,88525,f0c4a3372e0059127696f7e726d8db316de8acdcf1a4a98d9d85144e519148b6,,,2026-07-18,UNKNOWN,,,metadata_only,unknown,review_required,尚未在配置/数据源.yaml逐来源登记；默认禁止发布。
raw_vault_unregistered,source_file_e1de8e68ab528408,01_原始数据/代码仓库镜像/MatImpute/experiment/dataset/miss_datasets/PUE/Form_Method_0.6000000000000001.csv,Form_Method_0.6000000000000001.csv,88426,ade5dc4bdf3f14e16f752f30031f8cb49773701f6124c2a909dbbe8a6658b175,,,2026-07-18,UNKNOWN,,,metadata_only,unknown,review_required,尚未在配置/数据源.yaml逐来源登记；默认禁止发布。
raw_vault_unregistered,source_file_9913ba1957c9d721,01_原始数据/代码仓库镜像/MatImpute/experiment/dataset/miss_datasets/PUE/Form_Method_0.7000000000000001.csv,Form_Method_0.7000000000000001.csv,88330,12eda62b8e907ecaf37a5cff7494ebdf61d13c6c574ed05c560ad4c36615c774,,,2026-07-18,UNKNOWN,,,metadata_only,unknown,review_required,尚未在配置/数据源.yaml逐来源登记；默认禁止发布。
raw_vault_unregistered,source_file_a94c5de093fe5a15,01_原始数据/代码仓库镜像/MatImpute/experiment/dataset/miss_datasets/PUE/Form_Method_0.8.csv,Form_Method_0.8.csv,88231,168437dbee18c289d8de3d40a34e40f7e8975cd1fc88832161597163e9c85a15,,,2026-07-18,UNKNOWN,,,metadata_only,unknown,review_required,尚未在配置/数据源.yaml逐来源登记；默认禁止发布。
raw_vault_unregistered,source_file_726cdba9024cf590,01_原始数据/代码仓库镜像/MatImpute/experiment/dataset/miss_datasets/PUE/Form_Method_0.9.csv,Form_Method_0.9.csv,88135,79b7fb42532911c68edab4919ce6e3bf027a469c23ff702868d57a46f8f1de00,,,2026-07-18,UNKNOWN,,,metadata_only,unknown,review_required,尚未在配置/数据源.yaml逐来源登记；默认禁止发布。
raw_vault_unregistered,source_file_9655a6e9c4206895,01_原始数据/代码仓库镜像/MatImpute/experiment/dataset/miss_datasets/PUE/logEB_0.1.csv,logEB_0.1.csv,88002,ddadec22fae37b0cb12679c7e59e34305346e980864ee4bcf0fd46ec96cf9102,,,2026-07-18,UNKNOWN,,,metadata_only,unknown,review_required,尚未在配置/数据源.yaml逐来源登记；默认禁止发布。
raw_vault_unregistered,source_file_2f196fbf1caca48f,01_原始数据/代码仓库镜像/MatImpute/experiment/dataset/miss_datasets/PUE/logEB_0.2.csv,logEB_0.2.csv,87656,a4984bd96adf09470d99bca591aa69fbaa50e183fa3bde7ed7cb3053f351b305,,,2026-07-18,UNKNOWN,,,metadata_only,unknown,review_required,尚未在配置/数据源.yaml逐来源登记；默认禁止发布。
raw_vault_unregistered,source_file_280cca0a064b939d,01_原始数据/代码仓库镜像/MatImpute/experiment/dataset/miss_datasets/PUE/logEB_0.30000000000000004.csv,logEB_0.30000000000000004.csv,87296,9dc00a790ae9e541284e51a85e2e802fe31f0e55791884969cb853828c0c9fda,,,2026-07-18,UNKNOWN,,,metadata_only,unknown,review_required,尚未在配置/数据源.yaml逐来源登记；默认禁止发布。
raw_vault_unregistered,source_file_7fdd5230fd79f257,01_原始数据/代码仓库镜像/MatImpute/experiment/dataset/miss_datasets/PUE/logEB_0.4.csv,logEB_0.4.csv,86944,58c4a0c367e57463318c9c1f80bf3860788189e9e8166d9822e9288a5c66dbac,,,2026-07-18,UNKNOWN,,,metadata_only,unknown,review_required,尚未在配置/数据源.yaml逐来源登记；默认禁止发布。
raw_vault_unregistered,source_file_153057b48b8ad171,01_原始数据/代码仓库镜像/MatImpute/experiment/dataset/miss_datasets/PUE/logEB_0.5.csv,logEB_0.5.csv,86587,448124c06c8ebd9635b12f5239b40b5eaf5cd9da27a1c8d8edddb49cd624f859,,,2026-07-18,UNKNOWN,,,metadata_only,unknown,review_required,尚未在配置/数据源.yaml逐来源登记；默认禁止发布。
raw_vault_unregistered,source_file_2be1b211dfd67cd3,01_原始数据/代码仓库镜像/MatImpute/experiment/dataset/miss_datasets/PUE/logEB_0.6000000000000001.csv,logEB_0.6000000000000001.csv,86227,4cbbd9bbc4e64e03759574ea0a22ff22416818eb4c7d205da942fab504ce68c7,,,2026-07-18,UNKNOWN,,,metadata_only,unknown,review_required,尚未在配置/数据源.yaml逐来源登记；默认禁止发布。
raw_vault_unregistered,source_file_651e47261e93339d,01_原始数据/代码仓库镜像/MatImpute/experiment/dataset/miss_datasets/PUE/logEB_0.7000000000000001.csv,logEB_0.7000000000000001.csv,85873,9dc3d69a545c72a38df7b7920fbd8f5793312969e29c72afbbdbe314d3b423d4,,,2026-07-18,UNKNOWN,,,metadata_only,unknown,review_required,尚未在配置/数据源.yaml逐来源登记；默认禁止发布。
raw_vault_unregistered,source_file_2643b8605d6f3918,01_原始数据/代码仓库镜像/MatImpute/experiment/dataset/miss_datasets/PUE/logEB_0.8.csv,logEB_0.8.csv,85520,e6b658dda64e49f454ee321dfbce8d90edd4bd4c1904553a008a2758dc8ae30e,,,2026-07-18,UNKNOWN,,,metadata_only,unknown,review_required,尚未在配置/数据源.yaml逐来源登记；默认禁止发布。
raw_vault_unregistered,source_file_ad3edf2191717b54,01_原始数据/代码仓库镜像/MatImpute/experiment/dataset/miss_datasets/PUE/logEB_0.9.csv,logEB_0.9.csv,85169,98b895c7aa16b68285d0f0d81ad41eb3986d4cee4ec8f7fe36b1587e9661d0eb,,,2026-07-18,UNKNOWN,,,metadata_only,unknown,review_required,尚未在配置/数据源.yaml逐来源登记；默认禁止发布。
raw_vault_unregistered,source_file_71cb5d7fb9df7102,01_原始数据/代码仓库镜像/MatImpute/experiment/dataset/miss_datasets/PUE/logTS_0.1.csv,logTS_0.1.csv,88008,e1854f06be00998ce5236b9417f8b0e0baed458ee711553cd338d6acade4d5af,,,2026-07-18,UNKNOWN,,,metadata_only,unknown,review_required,尚未在配置/数据源.yaml逐来源登记；默认禁止发布。
raw_vault_unregistered,source_file_811a7b7c4c7958ac,01_原始数据/代码仓库镜像/MatImpute/experiment/dataset/miss_datasets/PUE/logTS_0.2.csv,logTS_0.2.csv,87655,d53284127433d9ba1ae904db7f6ab2b17e6e4ee18db1b9a5e924d2ea53046465,,,2026-07-18,UNKNOWN,,,metadata_only,unknown,review_required,尚未在配置/数据源.yaml逐来源登记；默认禁止发布。
raw_vault_unregistered,source_file_dbd0dc86c302c297,01_原始数据/代码仓库镜像/MatImpute/experiment/dataset/miss_datasets/PUE/logTS_0.30000000000000004.csv,logTS_0.30000000000000004.csv,87294,663d70d53a737045bcdb1474303ff9e51a7d08700ed87037e641bd0817f9261c,,,2026-07-18,UNKNOWN,,,metadata_only,unknown,review_required,尚未在配置/数据源.yaml逐来源登记；默认禁止发布。
raw_vault_unregistered,source_file_5578c20559e2c53d,01_原始数据/代码仓库镜像/MatImpute/experiment/dataset/miss_datasets/PUE/logTS_0.4.csv,logTS_0.4.csv,86957,0c584dfe59761058cb8ac7009bdd9a3440bd0ae2101eaccc59c9ca464023ca75,,,2026-07-18,UNKNOWN,,,metadata_only,unknown,review_required,尚未在配置/数据源.yaml逐来源登记；默认禁止发布。
raw_vault_unregistered,source_file_28316a85548c0ef2,01_原始数据/代码仓库镜像/MatImpute/experiment/dataset/miss_datasets/PUE/logTS_0.5.csv,logTS_0.5.csv,86589,48e59c7eeb84d08658113a034cba091a9216c19f14ea3f3263797be218060be3,,,2026-07-18,UNKNOWN,,,metadata_only,unknown,review_required,尚未在配置/数据源.yaml逐来源登记；默认禁止发布。
raw_vault_unregistered,source_file_9ef6093d4df72e2d,01_原始数据/代码仓库镜像/MatImpute/experiment/dataset/miss_datasets/PUE/logTS_0.6000000000000001.csv,logTS_0.6000000000000001.csv,86242,3a6a3f7ee82a9af84afc2dee5afdd1cc8f72f25b4ba373766546ca06b0aa9138,,,2026-07-18,UNKNOWN,,,metadata_only,unknown,review_required,尚未在配置/数据源.yaml逐来源登记；默认禁止发布。
raw_vault_unregistered,source_file_ac953a8a940feaf3,01_原始数据/代码仓库镜像/MatImpute/experiment/dataset/miss_datasets/PUE/logTS_0.7000000000000001.csv,logTS_0.7000000000000001.csv,85891,0e5bc50d31560ae25c38b0ab4e77e80dfed9e99d9358fc230798fcff3f83948a,,,2026-07-18,UNKNOWN,,,metadata_only,unknown,review_required,尚未在配置/数据源.yaml逐来源登记；默认禁止发布。
raw_vault_unregistered,source_file_c5919b4cbc1fbe01,01_原始数据/代码仓库镜像/MatImpute/experiment/dataset/miss_datasets/PUE/logTS_0.8.csv,logTS_0.8.csv,85527,c0e8ad5fee42ad1a264ef07e8305466662b9e102c08c33bd12a6eb932497c477,,,2026-07-18,UNKNOWN,,,metadata_only,unknown,review_required,尚未在配置/数据源.yaml逐来源登记；默认禁止发布。
raw_vault_unregistered,source_file_2e3015a979d3e71b,01_原始数据/代码仓库镜像/MatImpute/experiment/dataset/miss_datasets/PUE/logTS_0.9.csv,logTS_0.9.csv,85187,afda64a9d64c175cf117663429c5e4ba3dab89830726ec21314c408d8da72353,,,2026-07-18,UNKNOWN,,,metadata_only,unknown,review_required,尚未在配置/数据源.yaml逐来源登记；默认禁止发布。
raw_vault_unregistered,source_file_fa93058c1a14388a,01_原始数据/代码仓库镜像/MatImpute/experiment/dataset/miss_datasets/PUE/logYM_0.1.csv,logYM_0.1.csv,88001,12cda849fb3b58aea7ea313df4d5845f408d5b4422c19395113e90fba05122ab,,,2026-07-18,UNKNOWN,,,metadata_only,unknown,review_required,尚未在配置/数据源.yaml逐来源登记；默认禁止发布。
raw_vault_unregistered,source_file_af02aa18e13a5fae,01_原始数据/代码仓库镜像/MatImpute/experiment/dataset/miss_datasets/PUE/logYM_0.2.csv,logYM_0.2.csv,87651,cef2bce37ef66d505d894f77d1cbe1f43eca5f2369938aa5676f41e388357158,,,2026-07-18,UNKNOWN,,,metadata_only,unknown,review_required,尚未在配置/数据源.yaml逐来源登记；默认禁止发布。
raw_vault_unregistered,source_file_17407607f981b518,01_原始数据/代码仓库镜像/MatImpute/experiment/dataset/miss_datasets/PUE/logYM_0.30000000000000004.csv,logYM_0.30000000000000004.csv,87290,61411c64df35b5a45e4079860e0713509afa945d53f42525c224e5553c951302,,,2026-07-18,UNKNOWN,,,metadata_only,unknown,review_required,尚未在配置/数据源.yaml逐来源登记；默认禁止发布。
raw_vault_unregistered,source_file_7194d63291485389,01_原始数据/代码仓库镜像/MatImpute/experiment/dataset/miss_datasets/PUE/logYM_0.4.csv,logYM_0.4.csv,86944,40a95c6b33a326ad41e712b2fa45f0050c6f91283012c202ee61fc6246166af1,,,2026-07-18,UNKNOWN,,,metadata_only,unknown,review_required,尚未在配置/数据源.yaml逐来源登记；默认禁止发布。
raw_vault_unregistered,source_file_837e2ed74f42d0d6,01_原始数据/代码仓库镜像/MatImpute/experiment/dataset/miss_datasets/PUE/logYM_0.5.csv,logYM_0.5.csv,86576,dcd1b9e6e7809348d1eb87b87556a31a77db0d9756952182eb5777d05e77d133,,,2026-07-18,UNKNOWN,,,metadata_only,unknown,review_required,尚未在配置/数据源.yaml逐来源登记；默认禁止发布。
raw_vault_unregistered,source_file_3abedc033e4c7d4c,01_原始数据/代码仓库镜像/MatImpute/experiment/dataset/miss_datasets/PUE/logYM_0.6000000000000001.csv,logYM_0.6000000000000001.csv,86223,0f07c1cafd142fdd0bdc1d306e184a59a9b1a1ac1c8fb7c2113d3c0976276b33,,,2026-07-18,UNKNOWN,,,metadata_only,unknown,review_required,尚未在配置/数据源.yaml逐来源登记；默认禁止发布。
raw_vault_unregistered,source_file_2b4e71b9c4b3b50a,01_原始数据/代码仓库镜像/MatImpute/experiment/dataset/miss_datasets/PUE/logYM_0.7000000000000001.csv,logYM_0.7000000000000001.csv,85878,1df9e1d2afffbdb681e83da58cf45972b94a3e7d9407b8cc06961f057baf16d7,,,2026-07-18,UNKNOWN,,,metadata_only,unknown,review_required,尚未在配置/数据源.yaml逐来源登记；默认禁止发布。
raw_vault_unregistered,source_file_b6fa4f721a52be29,01_原始数据/代码仓库镜像/MatImpute/experiment/dataset/miss_datasets/PUE/logYM_0.8.csv,logYM_0.8.csv,85515,d3d4d3d6de62e8fe9c87839f452fe88f71ffbc040971bfd620e28812d0dbca87,,,2026-07-18,UNKNOWN,,,metadata_only,unknown,review_required,尚未在配置/数据源.yaml逐来源登记；默认禁止发布。
raw_vault_unregistered,source_file_0aa75fe6da220da9,01_原始数据/代码仓库镜像/MatImpute/experiment/dataset/miss_datasets/PUE/logYM_0.9.csv,logYM_0.9.csv,85162,603988392f9b587c684a640b8629eebb9cacf14cca8e6cf33feaf8a626999ea4,,,2026-07-18,UNKNOWN,,,metadata_only,unknown,review_required,尚未在配置/数据源.yaml逐来源登记；默认禁止发布。
raw_vault_unregistered,source_file_18d229fe7465dad7,01_原始数据/代码仓库镜像/MatImpute/experiment/dataset/miss_datasets/PUE/PMStep_0.1.csv,PMStep_0.1.csv,88915,42b90f04f053929fdf1ced434a752ca1bd23cced01356b7f00d0aed669ea4bb6,,,2026-07-18,UNKNOWN,,,metadata_only,unknown,review_required,尚未在配置/数据源.yaml逐来源登记；默认禁止发布。
raw_vault_unregistered,source_file_75e86ce301be5a87,01_原始数据/代码仓库镜像/MatImpute/experiment/dataset/miss_datasets/PUE/PMStep_0.2.csv,PMStep_0.2.csv,88819,d5fad85f0f5d15f515fbcc57e15507ed4db13fd42b5deffd7be47aa476315ebd,,,2026-07-18,UNKNOWN,,,metadata_only,unknown,review_required,尚未在配置/数据源.yaml逐来源登记；默认禁止发布。
raw_vault_unregistered,source_file_6de223faff9cc731,01_原始数据/代码仓库镜像/MatImpute/experiment/dataset/miss_datasets/PUE/PMStep_0.30000000000000004.csv,PMStep_0.30000000000000004.csv,88720,bb55fe2bcebe324866aa55fd316397610643d83ac586fc65b1dc814883248e48,,,2026-07-18,UNKNOWN,,,metadata_only,unknown,review_required,尚未在配置/数据源.yaml逐来源登记；默认禁止发布。
raw_vault_unregistered,source_file_29f04f5a514e9af8,01_原始数据/代码仓库镜像/MatImpute/experiment/dataset/miss_datasets/PUE/PMStep_0.4.csv,PMStep_0.4.csv,88624,ff3819efd6637ad5772e4537a6315abf0d2d4fb21335459ea4fc4449ea5d4c8e,,,2026-07-18,UNKNOWN,,,metadata_only,unknown,review_required,尚未在配置/数据源.yaml逐来源登记；默认禁止发布。
raw_vault_unregistered,source_file_9dd4de303d9d997a,01_原始数据/代码仓库镜像/MatImpute/experiment/dataset/miss_datasets/PUE/PMStep_0.5.csv,PMStep_0.5.csv,88525,d0bdece738ddbc6e53241e84b85a7dc59c2ec8e2e697e6c7bbab4879d0219ecf,,,2026-07-18,UNKNOWN,,,metadata_only,unknown,review_required,尚未在配置/数据源.yaml逐来源登记；默认禁止发布。
raw_vault_unregistered,source_file_4670670f1b1e8b74,01_原始数据/代码仓库镜像/MatImpute/experiment/dataset/miss_datasets/PUE/PMStep_0.6000000000000001.csv,PMStep_0.6000000000000001.csv,88426,1c236c5567b036bd75347a59b57093ab57347ce52490a6b40e7682237ea87f20,,,2026-07-18,UNKNOWN,,,metadata_only,unknown,review_required,尚未在配置/数据源.yaml逐来源登记；默认禁止发布。
raw_vault_unregistered,source_file_b09346247ff905b9,01_原始数据/代码仓库镜像/MatImpute/experiment/dataset/miss_datasets/PUE/PMStep_0.7000000000000001.csv,PMStep_0.7000000000000001.csv,88330,3178c6dc0cd848683a1319a13a4c60a0391a349e6027f049b4cb5573a56e2d11,,,2026-07-18,UNKNOWN,,,metadata_only,unknown,review_required,尚未在配置/数据源.yaml逐来源登记；默认禁止发布。
raw_vault_unregistered,source_file_3880766b6970b98e,01_原始数据/代码仓库镜像/MatImpute/experiment/dataset/miss_datasets/PUE/PMStep_0.8.csv,PMStep_0.8.csv,88231,7a3862a7f6cad42010cb0f01b3a4d7c7b0bd1bf09e21ef8d1b225ba3714757cf,,,2026-07-18,UNKNOWN,,,metadata_only,unknown,review_required,尚未在配置/数据源.yaml逐来源登记；默认禁止发布。
raw_vault_unregistered,source_file_cd078f600c6f76f2,01_原始数据/代码仓库镜像/MatImpute/experiment/dataset/miss_datasets/PUE/PMStep_0.9.csv,PMStep_0.9.csv,88135,daedcef51ac796ffed600bc2100bb86f87b7ee4c46c5fb52bbe597d23f083a1d,,,2026-07-18,UNKNOWN,,,metadata_only,unknown,review_required,尚未在配置/数据源.yaml逐来源登记；默认禁止发布。
raw_vault_unregistered,source_file_9f09a7ce5724af91,01_原始数据/代码仓库镜像/MatImpute/experiment/dataset/miss_datasets/PUE/ZS_CHS_0.1.csv,ZS_CHS_0.1.csv,87986,577a687e7cf1c584a3a46cd6d8766b024618d6f66fd17d7dc187ce674efe0534,,,2026-07-18,UNKNOWN,,,metadata_only,unknown,review_required,尚未在配置/数据源.yaml逐来源登记；默认禁止发布。
raw_vault_unregistered,source_file_97817ea8389a9b4a,01_原始数据/代码仓库镜像/MatImpute/experiment/dataset/miss_datasets/PUE/ZS_CHS_0.2.csv,ZS_CHS_0.2.csv,87622,8e9661193b01617ad78af973722b6127723dd3dd879a05c3c4d05f75951ce413,,,2026-07-18,UNKNOWN,,,metadata_only,unknown,review_required,尚未在配置/数据源.yaml逐来源登记；默认禁止发布。
raw_vault_unregistered,source_file_10c4a84f03d10d45,01_原始数据/代码仓库镜像/MatImpute/experiment/dataset/miss_datasets/PUE/ZS_CHS_0.30000000000000004.csv,ZS_CHS_0.30000000000000004.csv,87247,53693a9731eac1725c20574ed444f442aa3b51d4a600f9fe0db19a9c203940ba,,,2026-07-18,UNKNOWN,,,metadata_only,unknown,review_required,尚未在配置/数据源.yaml逐来源登记；默认禁止发布。
raw_vault_unregistered,source_file_6deed0bef6837561,01_原始数据/代码仓库镜像/MatImpute/experiment/dataset/miss_datasets/PUE/ZS_CHS_0.4.csv,ZS_CHS_0.4.csv,86886,efdbbc9ad0c95b8eee67e5278e09b568f53222b1eb28bce481efc3c7d36242ba,,,2026-07-18,UNKNOWN,,,metadata_only,unknown,review_required,尚未在配置/数据源.yaml逐来源登记；默认禁止发布。
raw_vault_unregistered,source_file_2a478eab834e67c8,01_原始数据/代码仓库镜像/MatImpute/experiment/dataset/miss_datasets/PUE/ZS_CHS_0.5.csv,ZS_CHS_0.5.csv,86507,6ddc237345deb1c4a81876ec0cd0ac1b274034aed871f06eee2e552afbf4509c,,,2026-07-18,UNKNOWN,,,metadata_only,unknown,review_required,尚未在配置/数据源.yaml逐来源登记；默认禁止发布。
raw_vault_unregistered,source_file_bf985e6bff445a6b,01_原始数据/代码仓库镜像/MatImpute/experiment/dataset/miss_datasets/PUE/ZS_CHS_0.6000000000000001.csv,ZS_CHS_0.6000000000000001.csv,86121,18e8ebded72b17d92ec563014bd2158fdded6112a408704b19cb1976f7f2cd5c,,,2026-07-18,UNKNOWN,,,metadata_only,unknown,review_required,尚未在配置/数据源.yaml逐来源登记；默认禁止发布。
raw_vault_unregistered,source_file_e31fb4589a2dffe8,01_原始数据/代码仓库镜像/MatImpute/experiment/dataset/miss_datasets/PUE/ZS_CHS_0.7000000000000001.csv,ZS_CHS_0.7000000000000001.csv,85758,6b04b2e269d1e878e10823028c5f4cc0eca8144076024c37dda59ce95075af1a,,,2026-07-18,UNKNOWN,,,metadata_only,unknown,review_required,尚未在配置/数据源.yaml逐来源登记；默认禁止发布。
raw_vault_unregistered,source_file_58d4ec4adf94fe12,01_原始数据/代码仓库镜像/MatImpute/experiment/dataset/miss_datasets/PUE/ZS_CHS_0.8.csv,ZS_CHS_0.8.csv,85378,68bd78b56e3836d063266953a64e45cc3745504a199898ab54b07fe6066a2635,,,2026-07-18,UNKNOWN,,,metadata_only,unknown,review_required,尚未在配置/数据源.yaml逐来源登记；默认禁止发布。
raw_vault_unregistered,source_file_09db0348dd00a3ae,01_原始数据/代码仓库镜像/MatImpute/experiment/dataset/miss_datasets/PUE/ZS_CHS_0.9.csv,ZS_CHS_0.9.csv,85017,7990a3b4c23a4a3ca01b5d84f36d92c8278e5671a587716321851502643814ae,,,2026-07-18,UNKNOWN,,,metadata_only,unknown,review_required,尚未在配置/数据源.yaml逐来源登记；默认禁止发布。
raw_vault_unregistered,source_file_3712d2080856b980,01_原始数据/代码仓库镜像/MatImpute/experiment/dataset/miss_datasets/PUE/ZS_FC_NumHAcceptors_norm_0.1.csv,ZS_FC_NumHAcceptors_norm_0.1.csv,87989,4d82bf25db09dbba0a50db5b060af2967e85b08e4cb4c748a645e1bc5d7af46c,,,2026-07-18,UNKNOWN,,,metadata_only,unknown,review_required,尚未在配置/数据源.yaml逐来源登记；默认禁止发布。
raw_vault_unregistered,source_file_7373457903e0778f,01_原始数据/代码仓库镜像/MatImpute/experiment/dataset/miss_datasets/PUE/ZS_FC_NumHAcceptors_norm_0.2.csv,ZS_FC_NumHAcceptors_norm_0.2.csv,87622,716d9578f0d71c7ac572058c97a563cbcd9c1d59cc5b8f077595a11be7660f82,,,2026-07-18,UNKNOWN,,,metadata_only,unknown,review_required,尚未在配置/数据源.yaml逐来源登记；默认禁止发布。
raw_vault_unregistered,source_file_0a7cd44518d115e2,01_原始数据/代码仓库镜像/MatImpute/experiment/dataset/miss_datasets/PUE/ZS_FC_NumHAcceptors_norm_0.30000000000000004.csv,ZS_FC_NumHAcceptors_norm_0.30000000000000004.csv,87245,0cdbfcceabe19436aa51aefee3750caab4ea221ba22e26e10604070666256bca,,,2026-07-18,UNKNOWN,,,metadata_only,unknown,review_required,尚未在配置/数据源.yaml逐来源登记；默认禁止发布。
raw_vault_unregistered,source_file_7d29b3215d53bf60,01_原始数据/代码仓库镜像/MatImpute/experiment/dataset/miss_datasets/PUE/ZS_FC_NumHAcceptors_norm_0.4.csv,ZS_FC_NumHAcceptors_norm_0.4.csv,86879,b41ab1b2f98dfc159dfb4965d201a276c4f836054c3be419b20c9870ebe34d71,,,2026-07-18,UNKNOWN,,,metadata_only,unknown,review_required,尚未在配置/数据源.yaml逐来源登记；默认禁止发布。
raw_vault_unregistered,source_file_14812d6d9796ae8b,01_原始数据/代码仓库镜像/MatImpute/experiment/dataset/miss_datasets/PUE/ZS_FC_NumHAcceptors_norm_0.5.csv,ZS_FC_NumHAcceptors_norm_0.5.csv,86507,98db43265974535fdd059a7b4c36ce3db6d8aaee966164df519161630080b98f,,,2026-07-18,UNKNOWN,,,metadata_only,unknown,review_required,尚未在配置/数据源.yaml逐来源登记；默认禁止发布。
raw_vault_unregistered,source_file_2bae7df8a1064eee,01_原始数据/代码仓库镜像/MatImpute/experiment/dataset/miss_datasets/PUE/ZS_FC_NumHAcceptors_norm_0.6000000000000001.csv,ZS_FC_NumHAcceptors_norm_0.6000000000000001.csv,86122,e811dab630ac8c92f3b72f784ac1dd1e842fe9e70f3e1e0ecb5dfc53b73c055e,,,2026-07-18,UNKNOWN,,,metadata_only,unknown,review_required,尚未在配置/数据源.yaml逐来源登记；默认禁止发布。
raw_vault_unregistered,source_file_b07cd3a600e651a0,01_原始数据/代码仓库镜像/MatImpute/experiment/dataset/miss_datasets/PUE/ZS_FC_NumHAcceptors_norm_0.7000000000000001.csv,ZS_FC_NumHAcceptors_norm_0.7000000000000001.csv,85771,20c876b1603b322bd33e16a5519475291662002dca4a3c556ae3d0fdacbb201e,,,2026-07-18,UNKNOWN,,,metadata_only,unknown,review_required,尚未在配置/数据源.yaml逐来源登记；默认禁止发布。
raw_vault_unregistered,source_file_f949d8dd31e739fa,01_原始数据/代码仓库镜像/MatImpute/experiment/dataset/miss_datasets/PUE/ZS_FC_NumHAcceptors_norm_0.8.csv,ZS_FC_NumHAcceptors_norm_0.8.csv,85391,db54f17881a8a54750934cd656269f03e5a75a770ec8e548262f5a928ae5519f,,,2026-07-18,UNKNOWN,,,metadata_only,unknown,review_required,尚未在配置/数据源.yaml逐来源登记；默认禁止发布。
raw_vault_unregistered,source_file_1267814bf29e07a2,01_原始数据/代码仓库镜像/MatImpute/experiment/dataset/miss_datasets/PUE/ZS_FC_NumHAcceptors_norm_0.9.csv,ZS_FC_NumHAcceptors_norm_0.9.csv,85024,0a2666a884427460c1cfa038f183f8a78ec86e5054a76e6fa9dc3fce45f23c18,,,2026-07-18,UNKNOWN,,,metadata_only,unknown,review_required,尚未在配置/数据源.yaml逐来源登记；默认禁止发布。
raw_vault_unregistered,source_file_9d9f78a73e6ddcc3,01_原始数据/代码仓库镜像/MatImpute/experiment/dataset/miss_datasets/PUE/ZS_FC_RingCount_norm_0.1.csv,ZS_FC_RingCount_norm_0.1.csv,87993,b7aa408b279af3b299481f397d7da9dcff4b3300ea70c1500c83b1d32609844d,,,2026-07-18,UNKNOWN,,,metadata_only,unknown,review_required,尚未在配置/数据源.yaml逐来源登记；默认禁止发布。
raw_vault_unregistered,source_file_c8673d48c2b14e97,01_原始数据/代码仓库镜像/MatImpute/experiment/dataset/miss_datasets/PUE/ZS_FC_RingCount_norm_0.2.csv,ZS_FC_RingCount_norm_0.2.csv,87627,ab42bb81bb96a48c4117ae2971593bbe7efc9953610b43d2f061b917da093ac3,,,2026-07-18,UNKNOWN,,,metadata_only,unknown,review_required,尚未在配置/数据源.yaml逐来源登记；默认禁止发布。
raw_vault_unregistered,source_file_e1124b6118a6d736,01_原始数据/代码仓库镜像/MatImpute/experiment/dataset/miss_datasets/PUE/ZS_FC_RingCount_norm_0.30000000000000004.csv,ZS_FC_RingCount_norm_0.30000000000000004.csv,87259,9e584a97145a553a7f46c3eaf6d1bfc086a3a107a6c66b7d1fa8369a127245f5,,,2026-07-18,UNKNOWN,,,metadata_only,unknown,review_required,尚未在配置/数据源.yaml逐来源登记；默认禁止发布。
raw_vault_unregistered,source_file_8fce2c38e31d827a,01_原始数据/代码仓库镜像/MatImpute/experiment/dataset/miss_datasets/PUE/ZS_FC_RingCount_norm_0.4.csv,ZS_FC_RingCount_norm_0.4.csv,86895,d402e7d8a4863fa00087d2d4c8f5262f47ac381085c42680cd7ada74d966f190,,,2026-07-18,UNKNOWN,,,metadata_only,unknown,review_required,尚未在配置/数据源.yaml逐来源登记；默认禁止发布。
raw_vault_unregistered,source_file_254a18c0c68d07e3,01_原始数据/代码仓库镜像/MatImpute/experiment/dataset/miss_datasets/PUE/ZS_FC_RingCount_norm_0.5.csv,ZS_FC_RingCount_norm_0.5.csv,86534,7d0cf62c69de67f782eee63a5e49938d704ad8251eefe63f909a0714b438dd3f,,,2026-07-18,UNKNOWN,,,metadata_only,unknown,review_required,尚未在配置/数据源.yaml逐来源登记；默认禁止发布。
raw_vault_unregistered,source_file_fbf7cdf0c733fb10,01_原始数据/代码仓库镜像/MatImpute/experiment/dataset/miss_datasets/PUE/ZS_FC_RingCount_norm_0.6000000000000001.csv,ZS_FC_RingCount_norm_0.6000000000000001.csv,86143,bf3f1b6421abf6b16284d86d068c6c00269b7e3ef717416009a8aa56d1217af3,,,2026-07-18,UNKNOWN,,,metadata_only,unknown,review_required,尚未在配置/数据源.yaml逐来源登记；默认禁止发布。
raw_vault_unregistered,source_file_d80fade37ac00045,01_原始数据/代码仓库镜像/MatImpute/experiment/dataset/miss_datasets/PUE/ZS_FC_RingCount_norm_0.7000000000000001.csv,ZS_FC_RingCount_norm_0.7000000000000001.csv,85791,9047ee3bee1b7cdd3287f6ba7353efabd7538fc68b168ad6cbe9c1876ed8a55b,,,2026-07-18,UNKNOWN,,,metadata_only,unknown,review_required,尚未在配置/数据源.yaml逐来源登记；默认禁止发布。
raw_vault_unregistered,source_file_15dc0f2dd03861af,01_原始数据/代码仓库镜像/MatImpute/experiment/dataset/miss_datasets/PUE/ZS_FC_RingCount_norm_0.8.csv,ZS_FC_RingCount_norm_0.8.csv,85423,4128dbefbb911190f195b770b29b23bdd2b9ad06c97cdfb7374c2fba55bf2a87,,,2026-07-18,UNKNOWN,,,metadata_only,unknown,review_required,尚未在配置/数据源.yaml逐来源登记；默认禁止发布。
raw_vault_unregistered,source_file_7b5caebecc23cfdf,01_原始数据/代码仓库镜像/MatImpute/experiment/dataset/miss_datasets/PUE/ZS_FC_RingCount_norm_0.9.csv,ZS_FC_RingCount_norm_0.9.csv,85058,566024727f90b0065a3bc2db0bb4c423b1ffef34bc7c04fbdd47e0b7c26d71b6,,,2026-07-18,UNKNOWN,,,metadata_only,unknown,review_required,尚未在配置/数据源.yaml逐来源登记；默认禁止发布。
raw_vault_unregistered,source_file_663bc3a8879572b1,01_原始数据/代码仓库镜像/MatImpute/experiment/dataset/miss_datasets/PUE/ZS_FCCED_0.1.csv,ZS_FCCED_0.1.csv,87986,8f3cafee205439b45802a2abecc551c1f00f5ad529f5c0acd92e8692a43ce01f,,,2026-07-18,UNKNOWN,,,metadata_only,unknown,review_required,尚未在配置/数据源.yaml逐来源登记；默认禁止发布。
raw_vault_unregistered,source_file_cfb96f5e7ad6bd21,01_原始数据/代码仓库镜像/MatImpute/experiment/dataset/miss_datasets/PUE/ZS_FCCED_0.2.csv,ZS_FCCED_0.2.csv,87626,66ea92867a7d87249fcef843514ed90be874d478a3e3099c2af65c99daef0a97,,,2026-07-18,UNKNOWN,,,metadata_only,unknown,review_required,尚未在配置/数据源.yaml逐来源登记；默认禁止发布。
raw_vault_unregistered,source_file_35d0b5ca2cf953d8,01_原始数据/代码仓库镜像/MatImpute/experiment/dataset/miss_datasets/PUE/ZS_FCCED_0.30000000000000004.csv,ZS_FCCED_0.30000000000000004.csv,87250,5fac428c0ffaef4e37119a7970b088b12c866bdd4fc6fbd83928350dc8e12b97,,,2026-07-18,UNKNOWN,,,metadata_only,unknown,review_required,尚未在配置/数据源.yaml逐来源登记；默认禁止发布。
raw_vault_unregistered,source_file_f6ffa0767807f677,01_原始数据/代码仓库镜像/MatImpute/experiment/dataset/miss_datasets/PUE/ZS_FCCED_0.4.csv,ZS_FCCED_0.4.csv,86882,b04ba75fc42d0fd6ce265917917152d2d3ce19874e736d9ac5b0103ca36051e8,,,2026-07-18,UNKNOWN,,,metadata_only,unknown,review_required,尚未在配置/数据源.yaml逐来源登记；默认禁止发布。
raw_vault_unregistered,source_file_5a863fa7ee61e2da,01_原始数据/代码仓库镜像/MatImpute/experiment/dataset/miss_datasets/PUE/ZS_FCCED_0.5.csv,ZS_FCCED_0.5.csv,86510,914d0673bf55ac7f56d281076fe2fed3a39f96d5105e7b77ea957f971493b958,,,2026-07-18,UNKNOWN,,,metadata_only,unknown,review_required,尚未在配置/数据源.yaml逐来源登记；默认禁止发布。
raw_vault_unregistered,source_file_d82d29ac2154a64a,01_原始数据/代码仓库镜像/MatImpute/experiment/dataset/miss_datasets/PUE/ZS_FCCED_0.6000000000000001.csv,ZS_FCCED_0.6000000000000001.csv,86142,2db4723cf0b421c3abacd20e3c84130221de68d149d7f56aa118c6bbf0ebdbe8,,,2026-07-18,UNKNOWN,,,metadata_only,unknown,review_required,尚未在配置/数据源.yaml逐来源登记；默认禁止发布。
raw_vault_unregistered,source_file_a3705bf135cdb85b,01_原始数据/代码仓库镜像/MatImpute/experiment/dataset/miss_datasets/PUE/ZS_FCCED_0.7000000000000001.csv,ZS_FCCED_0.7000000000000001.csv,85774,5a624e0b4b0c98379ac3a739dc549252e0d4a807849b1945854535c3d1427e1f,,,2026-07-18,UNKNOWN,,,metadata_only,unknown,review_required,尚未在配置/数据源.yaml逐来源登记；默认禁止发布。
raw_vault_unregistered,source_file_536642eb46d35a58,01_原始数据/代码仓库镜像/MatImpute/experiment/dataset/miss_datasets/PUE/ZS_FCCED_0.8.csv,ZS_FCCED_0.8.csv,85401,a2edc48ea195cc6b589a977255f0e1112c4926cc73961e8eba411e4354dbd2cb,,,2026-07-18,UNKNOWN,,,metadata_only,unknown,review_required,尚未在配置/数据源.yaml逐来源登记；默认禁止发布。
raw_vault_unregistered,source_file_f875311ba9ca0222,01_原始数据/代码仓库镜像/MatImpute/experiment/dataset/miss_datasets/PUE/ZS_FCCED_0.9.csv,ZS_FCCED_0.9.csv,85040,ee4763a4d092e5733ccf31912f845e9398079c229f3241c3cdeee9b2858a0849,,,2026-07-18,UNKNOWN,,,metadata_only,unknown,review_required,尚未在配置/数据源.yaml逐来源登记；默认禁止发布。
raw_vault_unregistered,source_file_99f42546f9b34bd7,01_原始数据/代码仓库镜像/MatImpute/experiment/dataset/miss_datasets/PUE/ZS_HS_BertzCT_0.1.csv,ZS_HS_BertzCT_0.1.csv,87977,e48276a5140fd4f36bdd397b0714e529a6bb35ba8882ce2861219b0867a624b0,,,2026-07-18,UNKNOWN,,,metadata_only,unknown,review_required,尚未在配置/数据源.yaml逐来源登记；默认禁止发布。
raw_vault_unregistered,source_file_bcfcd208602a906c,01_原始数据/代码仓库镜像/MatImpute/experiment/dataset/miss_datasets/PUE/ZS_HS_BertzCT_0.2.csv,ZS_HS_BertzCT_0.2.csv,87623,4f204a605913b6714a495b6eef996e0492a70cb5644ab0a50fdc122ee1e46df9,,,2026-07-18,UNKNOWN,,,metadata_only,unknown,review_required,尚未在配置/数据源.yaml逐来源登记；默认禁止发布。
raw_vault_unregistered,source_file_44744025024f7b8e,01_原始数据/代码仓库镜像/MatImpute/experiment/dataset/miss_datasets/PUE/ZS_HS_BertzCT_0.30000000000000004.csv,ZS_HS_BertzCT_0.30000000000000004.csv,87247,e115b77f05ad04de9c6220f15b44baa5564901e40018f729ae4e1fa229e595bc,,,2026-07-18,UNKNOWN,,,metadata_only,unknown,review_required,尚未在配置/数据源.yaml逐来源登记；默认禁止发布。
raw_vault_unregistered,source_file_1f5e571ed2d93261,01_原始数据/代码仓库镜像/MatImpute/experiment/dataset/miss_datasets/PUE/ZS_HS_BertzCT_0.4.csv,ZS_HS_BertzCT_0.4.csv,86888,ee3f61a25922b0dd340574ac736b01c67c04f72ca5ef73645447da4ec96964e5,,,2026-07-18,UNKNOWN,,,metadata_only,unknown,review_required,尚未在配置/数据源.yaml逐来源登记；默认禁止发布。
raw_vault_unregistered,source_file_1a4de6e5cbfee89e,01_原始数据/代码仓库镜像/MatImpute/experiment/dataset/miss_datasets/PUE/ZS_HS_BertzCT_0.5.csv,ZS_HS_BertzCT_0.5.csv,86505,bc1d21a878b94a8062e574f93db200aa62cfb4ff63aa4403da3dce42330d225c,,,2026-07-18,UNKNOWN,,,metadata_only,unknown,review_required,尚未在配置/数据源.yaml逐来源登记；默认禁止发布。
raw_vault_unregistered,source_file_65dfbd7c88a9fc73,01_原始数据/代码仓库镜像/MatImpute/experiment/dataset/miss_datasets/PUE/ZS_HS_BertzCT_0.6000000000000001.csv,ZS_HS_BertzCT_0.6000000000000001.csv,86127,13f66c24de51fe1466c984cb6f2f38a8b91cf5c4c1462576812a981b8a89f7ad,,,2026-07-18,UNKNOWN,,,metadata_only,unknown,review_required,尚未在配置/数据源.yaml逐来源登记；默认禁止发布。
raw_vault_unregistered,source_file_b680d2f804e2cd2d,01_原始数据/代码仓库镜像/MatImpute/experiment/dataset/miss_datasets/PUE/ZS_HS_BertzCT_0.7000000000000001.csv,ZS_HS_BertzCT_0.7000000000000001.csv,85774,d4ba34668f653e627cf4cb472427a1a19e1b6c62aee9694c91c4e36046c01e28,,,2026-07-18,UNKNOWN,,,metadata_only,unknown,review_required,尚未在配置/数据源.yaml逐来源登记；默认禁止发布。
raw_vault_unregistered,source_file_6ca3f8c8fef043e0,01_原始数据/代码仓库镜像/MatImpute/experiment/dataset/miss_datasets/PUE/ZS_HS_BertzCT_0.8.csv,ZS_HS_BertzCT_0.8.csv,85383,37f15c50fb3d7e5b3e7f8b7c31b9549faddec1493386eca4d5fb721bde0f91ac,,,2026-07-18,UNKNOWN,,,metadata_only,unknown,review_required,尚未在配置/数据源.yaml逐来源登记；默认禁止发布。
raw_vault_unregistered,source_file_3082fa922b2dd6cc,01_原始数据/代码仓库镜像/MatImpute/experiment/dataset/miss_datasets/PUE/ZS_HS_BertzCT_0.9.csv,ZS_HS_BertzCT_0.9.csv,85033,8be1c3f09276b6be5a5a7ee1f5482ef11692cdef6aac59125931c5ec6c57eb15,,,2026-07-18,UNKNOWN,,,metadata_only,unknown,review_required,尚未在配置/数据源.yaml逐来源登记；默认禁止发布。
raw_vault_unregistered,source_file_76e4d82d12265961,01_原始数据/代码仓库镜像/MatImpute/experiment/dataset/miss_datasets/PUE/ZS_log_CSArea_0.1.csv,ZS_log_CSArea_0.1.csv,87983,07315ad009e6cc12d6b7be2d0e9683166cb7aa29ff07732dca0350b2ed2489dc,,,2026-07-18,UNKNOWN,,,metadata_only,unknown,review_required,尚未在配置/数据源.yaml逐来源登记；默认禁止发布。
raw_vault_unregistered,source_file_91f5a30eef1002f5,01_原始数据/代码仓库镜像/MatImpute/experiment/dataset/miss_datasets/PUE/ZS_log_CSArea_0.2.csv,ZS_log_CSArea_0.2.csv,87623,5d2c97d955e4473004f6d0b81e2a368b8b94c6334a95b25e2ba64c047ef247f0,,,2026-07-18,UNKNOWN,,,metadata_only,unknown,review_required,尚未在配置/数据源.yaml逐来源登记；默认禁止发布。
raw_vault_unregistered,source_file_d638d1fa75f95889,01_原始数据/代码仓库镜像/MatImpute/experiment/dataset/miss_datasets/PUE/ZS_log_CSArea_0.30000000000000004.csv,ZS_log_CSArea_0.30000000000000004.csv,87240,839b89b12caf0608f0bfa0285a3e46f2300299be2c6bc1d4d6f92f3c1bccc67f,,,2026-07-18,UNKNOWN,,,metadata_only,unknown,review_required,尚未在配置/数据源.yaml逐来源登记；默认禁止发布。
raw_vault_unregistered,source_file_afa83d2e9ca7fa6e,01_原始数据/代码仓库镜像/MatImpute/experiment/dataset/miss_datasets/PUE/ZS_log_CSArea_0.4.csv,ZS_log_CSArea_0.4.csv,86885,9df0c4c70c81d4f68f4b2e8c0cbc9c447232d69f0ce9ae7790ac7872939f4119,,,2026-07-18,UNKNOWN,,,metadata_only,unknown,review_required,尚未在配置/数据源.yaml逐来源登记；默认禁止发布。
raw_vault_unregistered,source_file_89b657c6564dbc21,01_原始数据/代码仓库镜像/MatImpute/experiment/dataset/miss_datasets/PUE/ZS_log_CSArea_0.5.csv,ZS_log_CSArea_0.5.csv,86504,5fbbfa9d6d8962a8192f725fde919c9d450046da2592043032be93e79511be16,,,2026-07-18,UNKNOWN,,,metadata_only,unknown,review_required,尚未在配置/数据源.yaml逐来源登记；默认禁止发布。
raw_vault_unregistered,source_file_ed5a19f3303c07eb,01_原始数据/代码仓库镜像/MatImpute/experiment/dataset/miss_datasets/PUE/ZS_log_CSArea_0.6000000000000001.csv,ZS_log_CSArea_0.6000000000000001.csv,86142,29086d9a2dcca5a0088f975a584f4308f2d9b0759cce855adb9b2387bb50a018,,,2026-07-18,UNKNOWN,,,metadata_only,unknown,review_required,尚未在配置/数据源.yaml逐来源登记；默认禁止发布。
raw_vault_unregistered,source_file_585575b4a6415754,01_原始数据/代码仓库镜像/MatImpute/experiment/dataset/miss_datasets/PUE/ZS_log_CSArea_0.7000000000000001.csv,ZS_log_CSArea_0.7000000000000001.csv,85768,b96ef0517a826a40091d08dbf23381543a9f72166a9f47151b3d7e4cf6a3f2dd,,,2026-07-18,UNKNOWN,,,metadata_only,unknown,review_required,尚未在配置/数据源.yaml逐来源登记；默认禁止发布。
raw_vault_unregistered,source_file_d4f3c7b51894b5e7,01_原始数据/代码仓库镜像/MatImpute/experiment/dataset/miss_datasets/PUE/ZS_log_CSArea_0.8.csv,ZS_log_CSArea_0.8.csv,85392,1dd3b57b5918eed380065eeac6136dcb42e22ac5db46323b96ad555c0cd6cbc7,,,2026-07-18,UNKNOWN,,,metadata_only,unknown,review_required,尚未在配置/数据源.yaml逐来源登记；默认禁止发布。
raw_vault_unregistered,source_file_2512a42cce72796a,01_原始数据/代码仓库镜像/MatImpute/experiment/dataset/miss_datasets/PUE/ZS_log_CSArea_0.9.csv,ZS_log_CSArea_0.9.csv,85022,655b2bb4c6f28a7326deaf7c89f41f6568294824f75eb15f09b330da0d0a8094,,,2026-07-18,UNKNOWN,,,metadata_only,unknown,review_required,尚未在配置/数据源.yaml逐来源登记；默认禁止发布。
raw_vault_unregistered,source_file_732b8644ad9b38fa,01_原始数据/代码仓库镜像/MatImpute/experiment/dataset/miss_datasets/PUE/ZS_log_Fchi_0.1.csv,ZS_log_Fchi_0.1.csv,87985,2888d40abf95cc1a968b624386bf38c779b7c7439195c353756d010b8fc5ef25,,,2026-07-18,UNKNOWN,,,metadata_only,unknown,review_required,尚未在配置/数据源.yaml逐来源登记；默认禁止发布。
raw_vault_unregistered,source_file_523ef69598655a9c,01_原始数据/代码仓库镜像/MatImpute/experiment/dataset/miss_datasets/PUE/ZS_log_Fchi_0.2.csv,ZS_log_Fchi_0.2.csv,87619,96d3c9d0659868b7ce488c500017d68ac4cff71375529f2b54f2fe060ee88c82,,,2026-07-18,UNKNOWN,,,metadata_only,unknown,review_required,尚未在配置/数据源.yaml逐来源登记；默认禁止发布。
raw_vault_unregistered,source_file_6d0ccbce41fd331d,01_原始数据/代码仓库镜像/MatImpute/experiment/dataset/miss_datasets/PUE/ZS_log_Fchi_0.30000000000000004.csv,ZS_log_Fchi_0.30000000000000004.csv,87237,b5ffb2853e48f6880143fea5324d26f3cdf54c27e169d9aa19b29b7d99a3bfc3,,,2026-07-18,UNKNOWN,,,metadata_only,unknown,review_required,尚未在配置/数据源.yaml逐来源登记；默认禁止发布。
raw_vault_unregistered,source_file_10c3640d85d55e03,01_原始数据/代码仓库镜像/MatImpute/experiment/dataset/miss_datasets/PUE/ZS_log_Fchi_0.4.csv,ZS_log_Fchi_0.4.csv,86862,78ca451c1a56b393d44ead2de4287345b8b4002145fd7d294fc91bfbf9df72e8,,,2026-07-18,UNKNOWN,,,metadata_only,unknown,review_required,尚未在配置/数据源.yaml逐来源登记；默认禁止发布。
raw_vault_unregistered,source_file_ea16488ae64677b6,01_原始数据/代码仓库镜像/MatImpute/experiment/dataset/miss_datasets/PUE/ZS_log_Fchi_0.5.csv,ZS_log_Fchi_0.5.csv,86501,a16533341e902f720eaf8e5da65e3e5bf7b39431598af56f7764805cb5670815,,,2026-07-18,UNKNOWN,,,metadata_only,unknown,review_required,尚未在配置/数据源.yaml逐来源登记；默认禁止发布。
raw_vault_unregistered,source_file_1b289a30f94bfd41,01_原始数据/代码仓库镜像/MatImpute/experiment/dataset/miss_datasets/PUE/ZS_log_Fchi_0.6000000000000001.csv,ZS_log_Fchi_0.6000000000000001.csv,86124,ccbaeebf6b065270d6d1bc7d3cc0a2d67095c929d4fce1456f062c3b49758f58,,,2026-07-18,UNKNOWN,,,metadata_only,unknown,review_required,尚未在配置/数据源.yaml逐来源登记；默认禁止发布。
raw_vault_unregistered,source_file_7a93a8db16c27c0d,01_原始数据/代码仓库镜像/MatImpute/experiment/dataset/miss_datasets/PUE/ZS_log_Fchi_0.7000000000000001.csv,ZS_log_Fchi_0.7000000000000001.csv,85757,1b61bff6e5b84cd2fb04fd7a6ea7e813d6359ee855cc0d27c3bdf603f40223e7,,,2026-07-18,UNKNOWN,,,metadata_only,unknown,review_required,尚未在配置/数据源.yaml逐来源登记；默认禁止发布。
raw_vault_unregistered,source_file_2ec79bc0ffb06200,01_原始数据/代码仓库镜像/MatImpute/experiment/dataset/miss_datasets/PUE/ZS_log_Fchi_0.8.csv,ZS_log_Fchi_0.8.csv,85377,412479761aa4ba27a58c3ae282e376ae8e1ceb61ce73b13ecca8ffd36538cefa,,,2026-07-18,UNKNOWN,,,metadata_only,unknown,review_required,尚未在配置/数据源.yaml逐来源登记；默认禁止发布。
raw_vault_unregistered,source_file_b41ffe2ef2471b49,01_原始数据/代码仓库镜像/MatImpute/experiment/dataset/miss_datasets/PUE/ZS_log_Fchi_0.9.csv,ZS_log_Fchi_0.9.csv,85010,c82f3a84c2ef82ef6d5743d742cc0b06cf6182f50677bd47bf17db9818464bf6,,,2026-07-18,UNKNOWN,,,metadata_only,unknown,review_required,尚未在配置/数据源.yaml逐来源登记；默认禁止发布。
raw_vault_unregistered,source_file_696fc88b179738d5,01_原始数据/代码仓库镜像/MatImpute/experiment/dataset/miss_datasets/PUE/ZS_log_FCVm_0.1.csv,ZS_log_FCVm_0.1.csv,87985,683d0d67c6905e09a8e07e613acc0e65def2c5ad5f864c8c8a1bcc7c2c600292,,,2026-07-18,UNKNOWN,,,metadata_only,unknown,review_required,尚未在配置/数据源.yaml逐来源登记；默认禁止发布。
raw_vault_unregistered,source_file_933897b9bf60d278,01_原始数据/代码仓库镜像/MatImpute/experiment/dataset/miss_datasets/PUE/ZS_log_FCVm_0.2.csv,ZS_log_FCVm_0.2.csv,87621,a68752d9e4c9f2c2791803acc2dc7d3f7d69c8861ab85c7645b11984265d8392,,,2026-07-18,UNKNOWN,,,metadata_only,unknown,review_required,尚未在配置/数据源.yaml逐来源登记；默认禁止发布。
raw_vault_unregistered,source_file_fb30f8db345d8d52,01_原始数据/代码仓库镜像/MatImpute/experiment/dataset/miss_datasets/PUE/ZS_log_FCVm_0.30000000000000004.csv,ZS_log_FCVm_0.30000000000000004.csv,87239,80d98a7526b77ce7508876d74727d78dbfb85d4dddef4a1460fbe23d196403f7,,,2026-07-18,UNKNOWN,,,metadata_only,unknown,review_required,尚未在配置/数据源.yaml逐来源登记；默认禁止发布。
raw_vault_unregistered,source_file_5aca28f10eae63d7,01_原始数据/代码仓库镜像/MatImpute/experiment/dataset/miss_datasets/PUE/ZS_log_FCVm_0.4.csv,ZS_log_FCVm_0.4.csv,86865,7645af1c02d2d6cd7f3d04830b6a0f0871e3598f46df749ef2c955fcea540aac,,,2026-07-18,UNKNOWN,,,metadata_only,unknown,review_required,尚未在配置/数据源.yaml逐来源登记；默认禁止发布。
raw_vault_unregistered,source_file_84d7028e1b736bb0,01_原始数据/代码仓库镜像/MatImpute/experiment/dataset/miss_datasets/PUE/ZS_log_FCVm_0.5.csv,ZS_log_FCVm_0.5.csv,86504,7777f915efb98b8a64166956e6cc4d7ea0fd9ee27aab75e07129b4f4a155d071,,,2026-07-18,UNKNOWN,,,metadata_only,unknown,review_required,尚未在配置/数据源.yaml逐来源登记；默认禁止发布。
raw_vault_unregistered,source_file_337c107ae96b76b7,01_原始数据/代码仓库镜像/MatImpute/experiment/dataset/miss_datasets/PUE/ZS_log_FCVm_0.6000000000000001.csv,ZS_log_FCVm_0.6000000000000001.csv,86118,9cd1b63fdd6adcc268e1a87efd05b627aff3f0ec1cf7ceed26e2301786eafdb5,,,2026-07-18,UNKNOWN,,,metadata_only,unknown,review_required,尚未在配置/数据源.yaml逐来源登记；默认禁止发布。
raw_vault_unregistered,source_file_2ab598a094a45ccd,01_原始数据/代码仓库镜像/MatImpute/experiment/dataset/miss_datasets/PUE/ZS_log_FCVm_0.7000000000000001.csv,ZS_log_FCVm_0.7000000000000001.csv,85748,4553d64e98118ca65c5ca52c9565f6f5a1fd8f80d9f6bef7ad4693f50420afac,,,2026-07-18,UNKNOWN,,,metadata_only,unknown,review_required,尚未在配置/数据源.yaml逐来源登记；默认禁止发布。
raw_vault_unregistered,source_file_f948644bd2e9bda3,01_原始数据/代码仓库镜像/MatImpute/experiment/dataset/miss_datasets/PUE/ZS_log_FCVm_0.8.csv,ZS_log_FCVm_0.8.csv,85371,f2a974c33d68d4bbad7c2c19f375b8b40da2df6db82501a6d4942444b90a354b,,,2026-07-18,UNKNOWN,,,metadata_only,unknown,review_required,尚未在配置/数据源.yaml逐来源登记；默认禁止发布。
raw_vault_unregistered,source_file_a7229687c89f7e30,01_原始数据/代码仓库镜像/MatImpute/experiment/dataset/miss_datasets/PUE/ZS_log_FCVm_0.9.csv,ZS_log_FCVm_0.9.csv,85006,4c8785e095b2ac69932f24b9c6b1144f7b106679cec79a70521c5e44d45b042f,,,2026-07-18,UNKNOWN,,,metadata_only,unknown,review_required,尚未在配置/数据源.yaml逐来源登记；默认禁止发布。
raw_vault_unregistered,source_file_ee581fa84b5b282e,01_原始数据/代码仓库镜像/MatImpute/experiment/dataset/miss_datasets/PUE/ZS_log_HS_NumNHCO_norm_0.1.csv,ZS_log_HS_NumNHCO_norm_0.1.csv,87988,e63c1ecd726fef08c6f6797ee44743e228aae97d0603d41bd5d91441b050e5c7,,,2026-07-18,UNKNOWN,,,metadata_only,unknown,review_required,尚未在配置/数据源.yaml逐来源登记；默认禁止发布。
raw_vault_unregistered,source_file_68f7380e7469575b,01_原始数据/代码仓库镜像/MatImpute/experiment/dataset/miss_datasets/PUE/ZS_log_HS_NumNHCO_norm_0.2.csv,ZS_log_HS_NumNHCO_norm_0.2.csv,87623,3e25f891d1e7cf257ef4263fc9f3efd06d53f0c411ed3948f061713875e017b3,,,2026-07-18,UNKNOWN,,,metadata_only,unknown,review_required,尚未在配置/数据源.yaml逐来源登记；默认禁止发布。
raw_vault_unregistered,source_file_05dd1ae77b436a29,01_原始数据/代码仓库镜像/MatImpute/experiment/dataset/miss_datasets/PUE/ZS_log_HS_NumNHCO_norm_0.30000000000000004.csv,ZS_log_HS_NumNHCO_norm_0.30000000000000004.csv,87237,07ecea8182b9868b4af0a6b8c208b5564474dd36d6ffe08be3fccf9d98259c1a,,,2026-07-18,UNKNOWN,,,metadata_only,unknown,review_required,尚未在配置/数据源.yaml逐来源登记；默认禁止发布。
raw_vault_unregistered,source_file_0a4b9f07e466aab1,01_原始数据/代码仓库镜像/MatImpute/experiment/dataset/miss_datasets/PUE/ZS_log_HS_NumNHCO_norm_0.4.csv,ZS_log_HS_NumNHCO_norm_0.4.csv,86874,298319dc992e3170c89196b2c18796295f83006b2bf53a344bef05409870d6e9,,,2026-07-18,UNKNOWN,,,metadata_only,unknown,review_required,尚未在配置/数据源.yaml逐来源登记；默认禁止发布。
raw_vault_unregistered,source_file_50897b60feb8f073,01_原始数据/代码仓库镜像/MatImpute/experiment/dataset/miss_datasets/PUE/ZS_log_HS_NumNHCO_norm_0.5.csv,ZS_log_HS_NumNHCO_norm_0.5.csv,86494,7ceb46b15f3c3955fe3609451b6df6efa2438dc177dfdbf7451f1afa156cba86,,,2026-07-18,UNKNOWN,,,metadata_only,unknown,review_required,尚未在配置/数据源.yaml逐来源登记；默认禁止发布。
raw_vault_unregistered,source_file_608ace4377c3a7b0,01_原始数据/代码仓库镜像/MatImpute/experiment/dataset/miss_datasets/PUE/ZS_log_HS_NumNHCO_norm_0.6000000000000001.csv,ZS_log_HS_NumNHCO_norm_0.6000000000000001.csv,86120,e743148e1631dbf2a82e5c01f02a919bdf79d656a6d2d3da9488d647980b5975,,,2026-07-18,UNKNOWN,,,metadata_only,unknown,review_required,尚未在配置/数据源.yaml逐来源登记；默认禁止发布。
raw_vault_unregistered,source_file_88736042f611377e,01_原始数据/代码仓库镜像/MatImpute/experiment/dataset/miss_datasets/PUE/ZS_log_HS_NumNHCO_norm_0.7000000000000001.csv,ZS_log_HS_NumNHCO_norm_0.7000000000000001.csv,85754,b855f25c3d875c835157cde1ec9e294932f2af1f3f8180ec9efaba1b62682e3a,,,2026-07-18,UNKNOWN,,,metadata_only,unknown,review_required,尚未在配置/数据源.yaml逐来源登记；默认禁止发布。
raw_vault_unregistered,source_file_f3e2ae9816a735a9,01_原始数据/代码仓库镜像/MatImpute/experiment/dataset/miss_datasets/PUE/ZS_log_HS_NumNHCO_norm_0.8.csv,ZS_log_HS_NumNHCO_norm_0.8.csv,85373,bdc1a997b5611f88d6251253cb6cc0a06df444b59280eb1e2401e133dcceede8,,,2026-07-18,UNKNOWN,,,metadata_only,unknown,review_required,尚未在配置/数据源.yaml逐来源登记；默认禁止发布。
raw_vault_unregistered,source_file_e973988d2307ddb5,01_原始数据/代码仓库镜像/MatImpute/experiment/dataset/miss_datasets/PUE/ZS_log_HS_NumNHCO_norm_0.9.csv,ZS_log_HS_NumNHCO_norm_0.9.csv,85004,0c5901d196f92f8cf8baf1304a359b4c96e2ee64a047892a83033d66eff6e021,,,2026-07-18,UNKNOWN,,,metadata_only,unknown,review_required,尚未在配置/数据源.yaml逐来源登记；默认禁止发布。
raw_vault_unregistered,source_file_b9a89e85ff7620ca,01_原始数据/代码仓库镜像/MatImpute/experiment/dataset/miss_datasets/PUE/ZS_log_PO_MW_0.1.csv,ZS_log_PO_MW_0.1.csv,87987,d7fa53b6950add143916497894298fa90402e613303a256a3ea7b45eed349f26,,,2026-07-18,UNKNOWN,,,metadata_only,unknown,review_required,尚未在配置/数据源.yaml逐来源登记；默认禁止发布。
raw_vault_unregistered,source_file_0d37c336265f81a1,01_原始数据/代码仓库镜像/MatImpute/experiment/dataset/miss_datasets/PUE/ZS_log_PO_MW_0.2.csv,ZS_log_PO_MW_0.2.csv,87616,1c8b9f24692d4331002408593f6c7b07336c36b5d22071c22c87c6e3e942bfdf,,,2026-07-18,UNKNOWN,,,metadata_only,unknown,review_required,尚未在配置/数据源.yaml逐来源登记；默认禁止发布。
raw_vault_unregistered,source_file_e372e94cdde1acb5,01_原始数据/代码仓库镜像/MatImpute/experiment/dataset/miss_datasets/PUE/ZS_log_PO_MW_0.30000000000000004.csv,ZS_log_PO_MW_0.30000000000000004.csv,87240,85abe9d4e2ee8643a4302aa5500b7f4d2c65a00c9a5370011feaa3730d088913,,,2026-07-18,UNKNOWN,,,metadata_only,unknown,review_required,尚未在配置/数据源.yaml逐来源登记；默认禁止发布。
raw_vault_unregistered,source_file_623209f73ce09388,01_原始数据/代码仓库镜像/MatImpute/experiment/dataset/miss_datasets/PUE/ZS_log_PO_MW_0.4.csv,ZS_log_PO_MW_0.4.csv,86877,b83e92b15a32de3e7cee8cc7f1957215be1a2aab99a1d70258d2952c9888c1f4,,,2026-07-18,UNKNOWN,,,metadata_only,unknown,review_required,尚未在配置/数据源.yaml逐来源登记；默认禁止发布。
raw_vault_unregistered,source_file_0a1cf898c9d114b3,01_原始数据/代码仓库镜像/MatImpute/experiment/dataset/miss_datasets/PUE/ZS_log_PO_MW_0.5.csv,ZS_log_PO_MW_0.5.csv,86489,ff249667441f4c32c0cb178361bc207eed2cd01693999c80a02da34ddf0c195b,,,2026-07-18,UNKNOWN,,,metadata_only,unknown,review_required,尚未在配置/数据源.yaml逐来源登记；默认禁止发布。
raw_vault_unregistered,source_file_c2908f3dbd3e529d,01_原始数据/代码仓库镜像/MatImpute/experiment/dataset/miss_datasets/PUE/ZS_log_PO_MW_0.6000000000000001.csv,ZS_log_PO_MW_0.6000000000000001.csv,86118,a85d7b6e38b8931480a0787eb1c42225e644bc98dd42c8c890691cf35134279c,,,2026-07-18,UNKNOWN,,,metadata_only,unknown,review_required,尚未在配置/数据源.yaml逐来源登记；默认禁止发布。
raw_vault_unregistered,source_file_662959e2e076de71,01_原始数据/代码仓库镜像/MatImpute/experiment/dataset/miss_datasets/PUE/ZS_log_PO_MW_0.7000000000000001.csv,ZS_log_PO_MW_0.7000000000000001.csv,85747,f26b185b9a915a75cb2a1c04abd68343ea74e4f1fe17ae61d0a136d11b39b720,,,2026-07-18,UNKNOWN,,,metadata_only,unknown,review_required,尚未在配置/数据源.yaml逐来源登记；默认禁止发布。
raw_vault_unregistered,source_file_e062411a46e92482,01_原始数据/代码仓库镜像/MatImpute/experiment/dataset/miss_datasets/PUE/ZS_log_PO_MW_0.8.csv,ZS_log_PO_MW_0.8.csv,85366,50e5dd1abba802841091277004867684777354231cb02c7e7baa6604f08321f6,,,2026-07-18,UNKNOWN,,,metadata_only,unknown,review_required,尚未在配置/数据源.yaml逐来源登记；默认禁止发布。
raw_vault_unregistered,source_file_a5e746f831a7d724,01_原始数据/代码仓库镜像/MatImpute/experiment/dataset/miss_datasets/PUE/ZS_log_PO_MW_0.9.csv,ZS_log_PO_MW_0.9.csv,85011,f9558fc9e349415ec88ba28180ce478741f918e9a18e1d684ad71184b1475e71,,,2026-07-18,UNKNOWN,,,metadata_only,unknown,review_required,尚未在配置/数据源.yaml逐来源登记；默认禁止发布。
raw_vault_unregistered,source_file_ed77d47ece47714c,01_原始数据/代码仓库镜像/MatImpute/experiment/dataset/miss_datasets/PUE/ZS_log_StrainRate_0.1.csv,ZS_log_StrainRate_0.1.csv,87988,8d36bbae2a6ef25a1a72cafebc3dae22fbcf031d6e46b905b3bb6395421e405b,,,2026-07-18,UNKNOWN,,,metadata_only,unknown,review_required,尚未在配置/数据源.yaml逐来源登记；默认禁止发布。
raw_vault_unregistered,source_file_8b062026be6a7555,01_原始数据/代码仓库镜像/MatImpute/experiment/dataset/miss_datasets/PUE/ZS_log_StrainRate_0.2.csv,ZS_log_StrainRate_0.2.csv,87623,1561fc828cd0c9a1d31c4b2b7a64b3ad39d8f43289349bb45525bcec6322d103,,,2026-07-18,UNKNOWN,,,metadata_only,unknown,review_required,尚未在配置/数据源.yaml逐来源登记；默认禁止发布。
raw_vault_unregistered,source_file_7cb0bf76374cf0d7,01_原始数据/代码仓库镜像/MatImpute/experiment/dataset/miss_datasets/PUE/ZS_log_StrainRate_0.30000000000000004.csv,ZS_log_StrainRate_0.30000000000000004.csv,87260,0b9f1cae1eae920942732a1197bf25ff9310f00f91120089ed180014f2b31a24,,,2026-07-18,UNKNOWN,,,metadata_only,unknown,review_required,尚未在配置/数据源.yaml逐来源登记；默认禁止发布。
raw_vault_unregistered,source_file_51150ee88295e860,01_原始数据/代码仓库镜像/MatImpute/experiment/dataset/miss_datasets/PUE/ZS_log_StrainRate_0.4.csv,ZS_log_StrainRate_0.4.csv,86894,337ae189bd059a3f040c961fcebd1f83749c7dafcbd8b44cdb3279425073e3ec,,,2026-07-18,UNKNOWN,,,metadata_only,unknown,review_required,尚未在配置/数据源.yaml逐来源登记；默认禁止发布。
raw_vault_unregistered,source_file_1f05526b22c43608,01_原始数据/代码仓库镜像/MatImpute/experiment/dataset/miss_datasets/PUE/ZS_log_StrainRate_0.5.csv,ZS_log_StrainRate_0.5.csv,86536,4f9f4850a6808d365c16e0cc4de04d8f23db1472fc5a8069a7866f2aa49dc143,,,2026-07-18,UNKNOWN,,,metadata_only,unknown,review_required,尚未在配置/数据源.yaml逐来源登记；默认禁止发布。
raw_vault_unregistered,source_file_ffe7a7b6a1e19e58,01_原始数据/代码仓库镜像/MatImpute/experiment/dataset/miss_datasets/PUE/ZS_log_StrainRate_0.6000000000000001.csv,ZS_log_StrainRate_0.6000000000000001.csv,86159,fe512e46f4dd95919fd4421b2954c0b5a1117d2fc9b5486f5a214aa0b28ad76a,,,2026-07-18,UNKNOWN,,,metadata_only,unknown,review_required,尚未在配置/数据源.yaml逐来源登记；默认禁止发布。
raw_vault_unregistered,source_file_190cea45126361a3,01_原始数据/代码仓库镜像/MatImpute/experiment/dataset/miss_datasets/PUE/ZS_log_StrainRate_0.7000000000000001.csv,ZS_log_StrainRate_0.7000000000000001.csv,85799,5f126116745849c5ead274bc5a27beb27757f987641cf8b3b52816e619af7e29,,,2026-07-18,UNKNOWN,,,metadata_only,unknown,review_required,尚未在配置/数据源.yaml逐来源登记；默认禁止发布。
raw_vault_unregistered,source_file_e45ba152235a9f93,01_原始数据/代码仓库镜像/MatImpute/experiment/dataset/miss_datasets/PUE/ZS_log_StrainRate_0.8.csv,ZS_log_StrainRate_0.8.csv,85421,68b6589d42f3426d01307c3905d42aa12cffdc0788b2cfcfcf4f39a0ca4bcd79,,,2026-07-18,UNKNOWN,,,metadata_only,unknown,review_required,尚未在配置/数据源.yaml逐来源登记；默认禁止发布。
raw_vault_unregistered,source_file_92eeac6117852071,01_原始数据/代码仓库镜像/MatImpute/experiment/dataset/miss_datasets/PUE/ZS_log_StrainRate_0.9.csv,ZS_log_StrainRate_0.9.csv,85065,87b737b712b7515160adb898c15989a4ec80e803a6b7657578ef6d1a6e8ecbfc,,,2026-07-18,UNKNOWN,,,metadata_only,unknown,review_required,尚未在配置/数据源.yaml逐来源登记；默认禁止发布。
raw_vault_unregistered,source_file_e78c3a767735b6f6,01_原始数据/代码仓库镜像/MatImpute/experiment/dataset/miss_datasets/PUE/ZS_log_Tr1K_0.1.csv,ZS_log_Tr1K_0.1.csv,87988,b15e8c3e703fd13533707cf91d8dc4beb70c891939be641bfe98badea3da853d,,,2026-07-18,UNKNOWN,,,metadata_only,unknown,review_required,尚未在配置/数据源.yaml逐来源登记；默认禁止发布。
raw_vault_unregistered,source_file_e8d08b22f7c85ee6,01_原始数据/代码仓库镜像/MatImpute/experiment/dataset/miss_datasets/PUE/ZS_log_Tr1K_0.2.csv,ZS_log_Tr1K_0.2.csv,87615,91a98c8fb15177594d0ca98412a82e8678f4ab925995ac85768633adf9bd22b8,,,2026-07-18,UNKNOWN,,,metadata_only,unknown,review_required,尚未在配置/数据源.yaml逐来源登记；默认禁止发布。
raw_vault_unregistered,source_file_188abd71b35833db,01_原始数据/代码仓库镜像/MatImpute/experiment/dataset/miss_datasets/PUE/ZS_log_Tr1K_0.30000000000000004.csv,ZS_log_Tr1K_0.30000000000000004.csv,87248,5965a7bffa0cd73d5788e2e3e538bc949bae614b589142f419cf1cf66427b0b0,,,2026-07-18,UNKNOWN,,,metadata_only,unknown,review_required,尚未在配置/数据源.yaml逐来源登记；默认禁止发布。
raw_vault_unregistered,source_file_020566a54dc11aa1,01_原始数据/代码仓库镜像/MatImpute/experiment/dataset/miss_datasets/PUE/ZS_log_Tr1K_0.4.csv,ZS_log_Tr1K_0.4.csv,86879,a2abbf4a5773871a71f15d40e3c60bfa8456184d14a50c9d6be43841b628d6b4,,,2026-07-18,UNKNOWN,,,metadata_only,unknown,review_required,尚未在配置/数据源.yaml逐来源登记；默认禁止发布。
raw_vault_unregistered,source_file_87d22a9027cf0966,01_原始数据/代码仓库镜像/MatImpute/experiment/dataset/miss_datasets/PUE/ZS_log_Tr1K_0.5.csv,ZS_log_Tr1K_0.5.csv,86513,1c97dd3c7334456e080f6d8cafa255fb9e29f411f0a474e477efbb81525e940e,,,2026-07-18,UNKNOWN,,,metadata_only,unknown,review_required,尚未在配置/数据源.yaml逐来源登记；默认禁止发布。
raw_vault_unregistered,source_file_4accd7cce49f101d,01_原始数据/代码仓库镜像/MatImpute/experiment/dataset/miss_datasets/PUE/ZS_log_Tr1K_0.6000000000000001.csv,ZS_log_Tr1K_0.6000000000000001.csv,86134,889e34893a7431b609664b870cfe8058a92c2644acff99f9e5781635874baea1,,,2026-07-18,UNKNOWN,,,metadata_only,unknown,review_required,尚未在配置/数据源.yaml逐来源登记；默认禁止发布。
raw_vault_unregistered,source_file_135da2102118b9dd,01_原始数据/代码仓库镜像/MatImpute/experiment/dataset/miss_datasets/PUE/ZS_log_Tr1K_0.7000000000000001.csv,ZS_log_Tr1K_0.7000000000000001.csv,85755,f9c0fb57d4b2ec418de010b747404e8576830a23aacd08865f496571bd36234d,,,2026-07-18,UNKNOWN,,,metadata_only,unknown,review_required,尚未在配置/数据源.yaml逐来源登记；默认禁止发布。
raw_vault_unregistered,source_file_86f13d9cc0c3d356,01_原始数据/代码仓库镜像/MatImpute/experiment/dataset/miss_datasets/PUE/ZS_log_Tr1K_0.8.csv,ZS_log_Tr1K_0.8.csv,85392,79647539052a3809561af6f44802c262ff351b91fce1a730d8d24e941b3ebdeb,,,2026-07-18,UNKNOWN,,,metadata_only,unknown,review_required,尚未在配置/数据源.yaml逐来源登记；默认禁止发布。
raw_vault_unregistered,source_file_a6f9a464a4735410,01_原始数据/代码仓库镜像/MatImpute/experiment/dataset/miss_datasets/PUE/ZS_log_Tr1K_0.9.csv,ZS_log_Tr1K_0.9.csv,85021,8e63be045d959da6eb0a34fe3c3649be6ce1f8a2c5549040494c8caf23a614e1,,,2026-07-18,UNKNOWN,,,metadata_only,unknown,review_required,尚未在配置/数据源.yaml逐来源登记；默认禁止发布。
raw_vault_unregistered,source_file_8358bf468743dae6,01_原始数据/代码仓库镜像/MatImpute/experiment/dataset/miss_datasets/PUE/ZS_log_Tr2K_0.1.csv,ZS_log_Tr2K_0.1.csv,87984,9b81a5e357cc5c1c00ff780ee86c8163890f9a05d95b60f19850bca43a6de1aa,,,2026-07-18,UNKNOWN,,,metadata_only,unknown,review_required,尚未在配置/数据源.yaml逐来源登记；默认禁止发布。
raw_vault_unregistered,source_file_83e472617fa363ba,01_原始数据/代码仓库镜像/MatImpute/experiment/dataset/miss_datasets/PUE/ZS_log_Tr2K_0.2.csv,ZS_log_Tr2K_0.2.csv,87612,033fbfcb0f58d1f1d125b73e0c8a2075a63a0b452abf3aa73eb03af16567821e,,,2026-07-18,UNKNOWN,,,metadata_only,unknown,review_required,尚未在配置/数据源.yaml逐来源登记；默认禁止发布。
raw_vault_unregistered,source_file_3ae0e22456b7daa6,01_原始数据/代码仓库镜像/MatImpute/experiment/dataset/miss_datasets/PUE/ZS_log_Tr2K_0.30000000000000004.csv,ZS_log_Tr2K_0.30000000000000004.csv,87243,843a6a3430af0ffe904d5f481872c85d8409380f93a24e078d2f200c159552d3,,,2026-07-18,UNKNOWN,,,metadata_only,unknown,review_required,尚未在配置/数据源.yaml逐来源登记；默认禁止发布。
raw_vault_unregistered,source_file_f7f7b46e382fb626,01_原始数据/代码仓库镜像/MatImpute/experiment/dataset/miss_datasets/PUE/ZS_log_Tr2K_0.4.csv,ZS_log_Tr2K_0.4.csv,86879,65c5b8975a35a9f4b66d314de74d667d3f514140c407abd450a026891b3e0e67,,,2026-07-18,UNKNOWN,,,metadata_only,unknown,review_required,尚未在配置/数据源.yaml逐来源登记；默认禁止发布。
raw_vault_unregistered,source_file_f99bf6bc8d4ce8e7,01_原始数据/代码仓库镜像/MatImpute/experiment/dataset/miss_datasets/PUE/ZS_log_Tr2K_0.5.csv,ZS_log_Tr2K_0.5.csv,86502,bfb49ce0a725adac4cac1cd6a0d1845f99fe60493077eec83cb8150ae494cb5c,,,2026-07-18,UNKNOWN,,,metadata_only,unknown,review_required,尚未在配置/数据源.yaml逐来源登记；默认禁止发布。
raw_vault_unregistered,source_file_7b5646b956947f57,01_原始数据/代码仓库镜像/MatImpute/experiment/dataset/miss_datasets/PUE/ZS_log_Tr2K_0.6000000000000001.csv,ZS_log_Tr2K_0.6000000000000001.csv,86126,f7e5e508d124e3c3ac90e6c1aa419b525dfc3889b4bb5a1fbf12f547b1919e79,,,2026-07-18,UNKNOWN,,,metadata_only,unknown,review_required,尚未在配置/数据源.yaml逐来源登记；默认禁止发布。
raw_vault_unregistered,source_file_8553006dc4f2564e,01_原始数据/代码仓库镜像/MatImpute/experiment/dataset/miss_datasets/PUE/ZS_log_Tr2K_0.7000000000000001.csv,ZS_log_Tr2K_0.7000000000000001.csv,85767,a4a4ea74a5be78f6f02b376fa75fe37e1afad9fe7fb8213cfc84cf0a56ce9d01,,,2026-07-18,UNKNOWN,,,metadata_only,unknown,review_required,尚未在配置/数据源.yaml逐来源登记；默认禁止发布。
raw_vault_unregistered,source_file_8070427d96e86478,01_原始数据/代码仓库镜像/MatImpute/experiment/dataset/miss_datasets/PUE/ZS_log_Tr2K_0.8.csv,ZS_log_Tr2K_0.8.csv,85388,2fe123ad87e6489da00b325b53873868fadd66fe23298477b7547e94ef80a473,,,2026-07-18,UNKNOWN,,,metadata_only,unknown,review_required,尚未在配置/数据源.yaml逐来源登记；默认禁止发布。
raw_vault_unregistered,source_file_419aaaa99d857562,01_原始数据/代码仓库镜像/MatImpute/experiment/dataset/miss_datasets/PUE/ZS_log_Tr2K_0.9.csv,ZS_log_Tr2K_0.9.csv,85020,b2cb243047967331d59bfa65bb776ca9ca93526e2fd34b3a851bffa0731f2db1,,,2026-07-18,UNKNOWN,,,metadata_only,unknown,review_required,尚未在配置/数据源.yaml逐来源登记；默认禁止发布。
raw_vault_unregistered,source_file_2a099e7c35756a84,01_原始数据/代码仓库镜像/MatImpute/experiment/dataset/miss_datasets/PUE/ZS_R_0.1.csv,ZS_R_0.1.csv,87998,7cbf400d9e96c135d895a2027e1188f809b2299746ea9036cb10a6d144ecb73b,,,2026-07-18,UNKNOWN,,,metadata_only,unknown,review_required,尚未在配置/数据源.yaml逐来源登记；默认禁止发布。
raw_vault_unregistered,source_file_51cfb8f9c876f07d,01_原始数据/代码仓库镜像/MatImpute/experiment/dataset/miss_datasets/PUE/ZS_R_0.2.csv,ZS_R_0.2.csv,87646,b84effefb4ac2bb4f3e33ff97a2a04deeeacd5a77dd96cc33527f3e249974551,,,2026-07-18,UNKNOWN,,,metadata_only,unknown,review_required,尚未在配置/数据源.yaml逐来源登记；默认禁止发布。
raw_vault_unregistered,source_file_3d6f25253a859798,01_原始数据/代码仓库镜像/MatImpute/experiment/dataset/miss_datasets/PUE/ZS_R_0.30000000000000004.csv,ZS_R_0.30000000000000004.csv,87279,48385157409d2507da39a3ed61a12eca785f96f5e5b205fe2eff8eb1aa2ccc12,,,2026-07-18,UNKNOWN,,,metadata_only,unknown,review_required,尚未在配置/数据源.yaml逐来源登记；默认禁止发布。
raw_vault_unregistered,source_file_c624a75e4b25d935,01_原始数据/代码仓库镜像/MatImpute/experiment/dataset/miss_datasets/PUE/ZS_R_0.4.csv,ZS_R_0.4.csv,86927,20930f88138c0df48690fabab654109afa89e8e1bd9e45f0e306a957a58e6014,,,2026-07-18,UNKNOWN,,,metadata_only,unknown,review_required,尚未在配置/数据源.yaml逐来源登记；默认禁止发布。
raw_vault_unregistered,source_file_af68c2a6d2835845,01_原始数据/代码仓库镜像/MatImpute/experiment/dataset/miss_datasets/PUE/ZS_R_0.5.csv,ZS_R_0.5.csv,86561,ef55f865b04f0be633906062602e58e454597bd6c87afd2683844e42c69ec04b,,,2026-07-18,UNKNOWN,,,metadata_only,unknown,review_required,尚未在配置/数据源.yaml逐来源登记；默认禁止发布。
raw_vault_unregistered,source_file_316642b094f58125,01_原始数据/代码仓库镜像/MatImpute/experiment/dataset/miss_datasets/PUE/ZS_R_0.6000000000000001.csv,ZS_R_0.6000000000000001.csv,86198,88e2599f10048bcf2965bdfa411704d7d649a8c22e461cae8ec6a3abc2854028,,,2026-07-18,UNKNOWN,,,metadata_only,unknown,review_required,尚未在配置/数据源.yaml逐来源登记；默认禁止发布。
raw_vault_unregistered,source_file_c084dfe5a904b119,01_原始数据/代码仓库镜像/MatImpute/experiment/dataset/miss_datasets/PUE/ZS_R_0.7000000000000001.csv,ZS_R_0.7000000000000001.csv,85844,79d4d56fe86590275ced22e6a8d37306172653f6975fdeea79ada83d9d0ef388,,,2026-07-18,UNKNOWN,,,metadata_only,unknown,review_required,尚未在配置/数据源.yaml逐来源登记；默认禁止发布。
raw_vault_unregistered,source_file_c3eede66847b72c9,01_原始数据/代码仓库镜像/MatImpute/experiment/dataset/miss_datasets/PUE/ZS_R_0.8.csv,ZS_R_0.8.csv,85480,c27b6950f3f466a1e14779f248c731cb6ba1f3d5d74520d50cca232733bc5bcd,,,2026-07-18,UNKNOWN,,,metadata_only,unknown,review_required,尚未在配置/数据源.yaml逐来源登记；默认禁止发布。
raw_vault_unregistered,source_file_0408509c20878a3c,01_原始数据/代码仓库镜像/MatImpute/experiment/dataset/miss_datasets/PUE/ZS_R_0.9.csv,ZS_R_0.9.csv,85125,875a8b224fbba0f9b0e071a42166ed713d4bca4ebb7759e388f6100e4190ca33,,,2026-07-18,UNKNOWN,,,metadata_only,unknown,review_required,尚未在配置/数据源.yaml逐来源登记；默认禁止发布。
raw_vault_unregistered,source_file_59dedaef939d60ae,01_原始数据/代码仓库镜像/MatImpute/experiment/dataset/miss_datasets/PUE/ZS_SS_MolLogP_norm_0.1.csv,ZS_SS_MolLogP_norm_0.1.csv,87990,5dd54298526cd0b7480c8958e283d5a07a53012ea397392b5b9154fc7eda4352,,,2026-07-18,UNKNOWN,,,metadata_only,unknown,review_required,尚未在配置/数据源.yaml逐来源登记；默认禁止发布。
raw_vault_unregistered,source_file_373eeec0937d5b0b,01_原始数据/代码仓库镜像/MatImpute/experiment/dataset/miss_datasets/PUE/ZS_SS_MolLogP_norm_0.2.csv,ZS_SS_MolLogP_norm_0.2.csv,87628,aef098f7124e90f66862f8d1ec9a6fa8239609bbbf83be60b873dc2018e73340,,,2026-07-18,UNKNOWN,,,metadata_only,unknown,review_required,尚未在配置/数据源.yaml逐来源登记；默认禁止发布。
raw_vault_unregistered,source_file_195e7f9ba939f266,01_原始数据/代码仓库镜像/MatImpute/experiment/dataset/miss_datasets/PUE/ZS_SS_MolLogP_norm_0.30000000000000004.csv,ZS_SS_MolLogP_norm_0.30000000000000004.csv,87262,43e7aee3e9370bfa529dd0595d6b6e984cd2e96d069447a67cf5116c99047cbe,,,2026-07-18,UNKNOWN,,,metadata_only,unknown,review_required,尚未在配置/数据源.yaml逐来源登记；默认禁止发布。
raw_vault_unregistered,source_file_9e3779822904598b,01_原始数据/代码仓库镜像/MatImpute/experiment/dataset/miss_datasets/PUE/ZS_SS_MolLogP_norm_0.4.csv,ZS_SS_MolLogP_norm_0.4.csv,86896,ef2573f8d280e4c66cc58f54fdaca31e261c6cbfef6a83cb2b4249b022dfbeab,,,2026-07-18,UNKNOWN,,,metadata_only,unknown,review_required,尚未在配置/数据源.yaml逐来源登记；默认禁止发布。
raw_vault_unregistered,source_file_9ed7197ba44b02cf,01_原始数据/代码仓库镜像/MatImpute/experiment/dataset/miss_datasets/PUE/ZS_SS_MolLogP_norm_0.5.csv,ZS_SS_MolLogP_norm_0.5.csv,86523,86d5fa049c7044ddbd4d4ca07f81da97104256d57d75279459fa486ed9da9863,,,2026-07-18,UNKNOWN,,,metadata_only,unknown,review_required,尚未在配置/数据源.yaml逐来源登记；默认禁止发布。
raw_vault_unregistered,source_file_3134fae16fcb71fa,01_原始数据/代码仓库镜像/MatImpute/experiment/dataset/miss_datasets/PUE/ZS_SS_MolLogP_norm_0.6000000000000001.csv,ZS_SS_MolLogP_norm_0.6000000000000001.csv,86144,4994b7617a591d95614b2c87b2a1ba7e9b9a9dcc3b12caa8ac427f95b0fc0218,,,2026-07-18,UNKNOWN,,,metadata_only,unknown,review_required,尚未在配置/数据源.yaml逐来源登记；默认禁止发布。
raw_vault_unregistered,source_file_f18f689651c2157f,01_原始数据/代码仓库镜像/MatImpute/experiment/dataset/miss_datasets/PUE/ZS_SS_MolLogP_norm_0.7000000000000001.csv,ZS_SS_MolLogP_norm_0.7000000000000001.csv,85787,1d28e5cbe39f1036e01946233296f7b7c8fc83cf0d5c65d0f7a38bceeeb1c1ea,,,2026-07-18,UNKNOWN,,,metadata_only,unknown,review_required,尚未在配置/数据源.yaml逐来源登记；默认禁止发布。
raw_vault_unregistered,source_file_e54d2b6b43f2cc3e,01_原始数据/代码仓库镜像/MatImpute/experiment/dataset/miss_datasets/PUE/ZS_SS_MolLogP_norm_0.8.csv,ZS_SS_MolLogP_norm_0.8.csv,85419,ac30a60e1e8d47753949284371ff782f7ae7cf33c8c94239f81828452691a4b1,,,2026-07-18,UNKNOWN,,,metadata_only,unknown,review_required,尚未在配置/数据源.yaml逐来源登记；默认禁止发布。
raw_vault_unregistered,source_file_7a115bb9f201fa0f,01_原始数据/代码仓库镜像/MatImpute/experiment/dataset/miss_datasets/PUE/ZS_SS_MolLogP_norm_0.9.csv,ZS_SS_MolLogP_norm_0.9.csv,85057,7280e6d22cf2bad2808cc15a70089068a5e45cbf0d8b9abb5f01bdb76512803b,,,2026-07-18,UNKNOWN,,,metadata_only,unknown,review_required,尚未在配置/数据源.yaml逐来源登记；默认禁止发布。
raw_vault_unregistered,source_file_a152be2cbce7fd55,01_原始数据/代码仓库镜像/MatImpute/experiment/dataset/miss_datasets/PUE/ZS_SS_PEOE_VSA8_0.1.csv,ZS_SS_PEOE_VSA8_0.1.csv,87980,3e2f6400c70818b187afc8a06e465e0be14e49a27ec8f4e0c8022174adcd0a0f,,,2026-07-18,UNKNOWN,,,metadata_only,unknown,review_required,尚未在配置/数据源.yaml逐来源登记；默认禁止发布。
raw_vault_unregistered,source_file_f47ba6655c2919c0,01_原始数据/代码仓库镜像/MatImpute/experiment/dataset/miss_datasets/PUE/ZS_SS_PEOE_VSA8_0.2.csv,ZS_SS_PEOE_VSA8_0.2.csv,87623,3b4f703fb71a09a8bed67d2eb3aee57b21317df4afa036ee2f547c6ecdff6bc5,,,2026-07-18,UNKNOWN,,,metadata_only,unknown,review_required,尚未在配置/数据源.yaml逐来源登记；默认禁止发布。
raw_vault_unregistered,source_file_bd05790ef11a2c3c,01_原始数据/代码仓库镜像/MatImpute/experiment/dataset/miss_datasets/PUE/ZS_SS_PEOE_VSA8_0.30000000000000004.csv,ZS_SS_PEOE_VSA8_0.30000000000000004.csv,87243,50f891572efbe236985db124bd5c9a1ec98bc61d2ea3de76d285b254da283532,,,2026-07-18,UNKNOWN,,,metadata_only,unknown,review_required,尚未在配置/数据源.yaml逐来源登记；默认禁止发布。
raw_vault_unregistered,source_file_c0fe388f4c52436b,01_原始数据/代码仓库镜像/MatImpute/experiment/dataset/miss_datasets/PUE/ZS_SS_PEOE_VSA8_0.4.csv,ZS_SS_PEOE_VSA8_0.4.csv,86884,75bc1dee33a297cb30618a7385d498e6d129bd7aa91a01e30cc9f85335a5342b,,,2026-07-18,UNKNOWN,,,metadata_only,unknown,review_required,尚未在配置/数据源.yaml逐来源登记；默认禁止发布。
raw_vault_unregistered,source_file_2e2e190bf875f16a,01_原始数据/代码仓库镜像/MatImpute/experiment/dataset/miss_datasets/PUE/ZS_SS_PEOE_VSA8_0.5.csv,ZS_SS_PEOE_VSA8_0.5.csv,86498,34f0d3c0898d4ec3797a2a7237b30650ed4cf4b3e4b337ca08a36d37c6f6d8c6,,,2026-07-18,UNKNOWN,,,metadata_only,unknown,review_required,尚未在配置/数据源.yaml逐来源登记；默认禁止发布。
raw_vault_unregistered,source_file_d4c25f37b4e77f94,01_原始数据/代码仓库镜像/MatImpute/experiment/dataset/miss_datasets/PUE/ZS_SS_PEOE_VSA8_0.6000000000000001.csv,ZS_SS_PEOE_VSA8_0.6000000000000001.csv,86124,c571104a358297c81592f252b5d7f9896407c93a6a697329467f1707a66e2301,,,2026-07-18,UNKNOWN,,,metadata_only,unknown,review_required,尚未在配置/数据源.yaml逐来源登记；默认禁止发布。
raw_vault_unregistered,source_file_172d44a8b7bd8297,01_原始数据/代码仓库镜像/MatImpute/experiment/dataset/miss_datasets/PUE/ZS_SS_PEOE_VSA8_0.7000000000000001.csv,ZS_SS_PEOE_VSA8_0.7000000000000001.csv,85751,1611a0bc5ab55612de52b50d888af9fffbf96d9bc47381caf79baa67ed41b551,,,2026-07-18,UNKNOWN,,,metadata_only,unknown,review_required,尚未在配置/数据源.yaml逐来源登记；默认禁止发布。
raw_vault_unregistered,source_file_c2805ee2b8bbfeee,01_原始数据/代码仓库镜像/MatImpute/experiment/dataset/miss_datasets/PUE/ZS_SS_PEOE_VSA8_0.8.csv,ZS_SS_PEOE_VSA8_0.8.csv,85378,6263b8f87e3e76c3f8f02a9ee76de479189c14b558a502f658927bb5c7c70659,,,2026-07-18,UNKNOWN,,,metadata_only,unknown,review_required,尚未在配置/数据源.yaml逐来源登记；默认禁止发布。
raw_vault_unregistered,source_file_40ec9d3f4d1dafe0,01_原始数据/代码仓库镜像/MatImpute/experiment/dataset/miss_datasets/PUE/ZS_SS_PEOE_VSA8_0.9.csv,ZS_SS_PEOE_VSA8_0.9.csv,85008,fe3a81b0414fac864bf3dafcc2b60ff5c478089fc482d13443171f45a2be6da0,,,2026-07-18,UNKNOWN,,,metadata_only,unknown,review_required,尚未在配置/数据源.yaml逐来源登记；默认禁止发布。
raw_vault_unregistered,source_file_8595e623b4052238,01_原始数据/代码仓库镜像/MatImpute/experiment/dataset/miss_datasets/PUE/ZS_SS_TPSA_norm_0.1.csv,ZS_SS_TPSA_norm_0.1.csv,87983,748d4df77d3a18dc496ac6890d79b185a1b195a81f863f72eaf63c2e1db245bd,,,2026-07-18,UNKNOWN,,,metadata_only,unknown,review_required,尚未在配置/数据源.yaml逐来源登记；默认禁止发布。
raw_vault_unregistered,source_file_76fed23235c1db34,01_原始数据/代码仓库镜像/MatImpute/experiment/dataset/miss_datasets/PUE/ZS_SS_TPSA_norm_0.2.csv,ZS_SS_TPSA_norm_0.2.csv,87606,e71727b014a557a78410b733a5c3f7f329a26f4b5ec0a6b852e30dc8976afb9a,,,2026-07-18,UNKNOWN,,,metadata_only,unknown,review_required,尚未在配置/数据源.yaml逐来源登记；默认禁止发布。
raw_vault_unregistered,source_file_a5970aee3ace99f7,01_原始数据/代码仓库镜像/MatImpute/experiment/dataset/miss_datasets/PUE/ZS_SS_TPSA_norm_0.30000000000000004.csv,ZS_SS_TPSA_norm_0.30000000000000004.csv,87239,6e457667216c894650d5807f8db7a506e2268f850f9068ec43ea200b66b73087,,,2026-07-18,UNKNOWN,,,metadata_only,unknown,review_required,尚未在配置/数据源.yaml逐来源登记；默认禁止发布。
raw_vault_unregistered,source_file_b27ab15482fe28a4,01_原始数据/代码仓库镜像/MatImpute/experiment/dataset/miss_datasets/PUE/ZS_SS_TPSA_norm_0.4.csv,ZS_SS_TPSA_norm_0.4.csv,86864,14d72f9ecbd9d403de967cb06010643480b67a2d3044bc2ada94b2b0b3929001,,,2026-07-18,UNKNOWN,,,metadata_only,unknown,review_required,尚未在配置/数据源.yaml逐来源登记；默认禁止发布。
raw_vault_unregistered,source_file_1e8ec307c6d06a22,01_原始数据/代码仓库镜像/MatImpute/experiment/dataset/miss_datasets/PUE/ZS_SS_TPSA_norm_0.5.csv,ZS_SS_TPSA_norm_0.5.csv,86486,c24d9fda651a9cc16ff49fea8f814267db5bbc7cdf7aa0c7e816d10ae31e5fc7,,,2026-07-18,UNKNOWN,,,metadata_only,unknown,review_required,尚未在配置/数据源.yaml逐来源登记；默认禁止发布。
raw_vault_unregistered,source_file_a0ef9f889899a3d2,01_原始数据/代码仓库镜像/MatImpute/experiment/dataset/miss_datasets/PUE/ZS_SS_TPSA_norm_0.6000000000000001.csv,ZS_SS_TPSA_norm_0.6000000000000001.csv,86102,0569be39397f3dd474856d9017405a02fdfeca71776c5c03c5ca8d9528808cc9,,,2026-07-18,UNKNOWN,,,metadata_only,unknown,review_required,尚未在配置/数据源.yaml逐来源登记；默认禁止发布。
raw_vault_unregistered,source_file_c30ccd0f21ca6308,01_原始数据/代码仓库镜像/MatImpute/experiment/dataset/miss_datasets/PUE/ZS_SS_TPSA_norm_0.7000000000000001.csv,ZS_SS_TPSA_norm_0.7000000000000001.csv,85738,91d488a521c464a6558efa1362077b159d0de658e295826937a1cb6e3742d854,,,2026-07-18,UNKNOWN,,,metadata_only,unknown,review_required,尚未在配置/数据源.yaml逐来源登记；默认禁止发布。
raw_vault_unregistered,source_file_55241351d1d190a8,01_原始数据/代码仓库镜像/MatImpute/experiment/dataset/miss_datasets/PUE/ZS_SS_TPSA_norm_0.8.csv,ZS_SS_TPSA_norm_0.8.csv,85350,aa67344ecacafb0c7a30305403919a582af8f856e982f082993ac2736c8b90bb,,,2026-07-18,UNKNOWN,,,metadata_only,unknown,review_required,尚未在配置/数据源.yaml逐来源登记；默认禁止发布。
raw_vault_unregistered,source_file_ea3e9900475bcc08,01_原始数据/代码仓库镜像/MatImpute/experiment/dataset/miss_datasets/PUE/ZS_SS_TPSA_norm_0.9.csv,ZS_SS_TPSA_norm_0.9.csv,84988,b3cef9036db056013b030d6df716c9a2c6c6f1b9ced842d1c10e9e6681f54141,,,2026-07-18,UNKNOWN,,,metadata_only,unknown,review_required,尚未在配置/数据源.yaml逐来源登记；默认禁止发布。
raw_vault_unregistered,source_file_707ae751b1d86eee,01_原始数据/代码仓库镜像/MatImpute/experiment/dataset/miss_datasets/PUE/ZS_SS_VSA_EState8_0.1.csv,ZS_SS_VSA_EState8_0.1.csv,87986,af68a40e91475605ea45f78022d00d5c77c7422e5f055f8e97256f173e67c695,,,2026-07-18,UNKNOWN,,,metadata_only,unknown,review_required,尚未在配置/数据源.yaml逐来源登记；默认禁止发布。
raw_vault_unregistered,source_file_87b11b7415d2e48a,01_原始数据/代码仓库镜像/MatImpute/experiment/dataset/miss_datasets/PUE/ZS_SS_VSA_EState8_0.2.csv,ZS_SS_VSA_EState8_0.2.csv,87603,c6c32414a044a4cab3ba024c8145206a01575af3e4f731f73ee20889a2775f8e,,,2026-07-18,UNKNOWN,,,metadata_only,unknown,review_required,尚未在配置/数据源.yaml逐来源登记；默认禁止发布。
raw_vault_unregistered,source_file_a8ceada920d8ad19,01_原始数据/代码仓库镜像/MatImpute/experiment/dataset/miss_datasets/PUE/ZS_SS_VSA_EState8_0.30000000000000004.csv,ZS_SS_VSA_EState8_0.30000000000000004.csv,87225,11a51062075a6627b37431a1176361e5125929d9e79fcdd1227c14d878c5e23c,,,2026-07-18,UNKNOWN,,,metadata_only,unknown,review_required,尚未在配置/数据源.yaml逐来源登记；默认禁止发布。
raw_vault_unregistered,source_file_f96fb8323fde6bcf,01_原始数据/代码仓库镜像/MatImpute/experiment/dataset/miss_datasets/PUE/ZS_SS_VSA_EState8_0.4.csv,ZS_SS_VSA_EState8_0.4.csv,86846,5543ece2bdd9bdb8bc40b37bbd97956dc66a3180327e92afdd936750874973f3,,,2026-07-18,UNKNOWN,,,metadata_only,unknown,review_required,尚未在配置/数据源.yaml逐来源登记；默认禁止发布。
raw_vault_unregistered,source_file_44de50fb330bce19,01_原始数据/代码仓库镜像/MatImpute/experiment/dataset/miss_datasets/PUE/ZS_SS_VSA_EState8_0.5.csv,ZS_SS_VSA_EState8_0.5.csv,86470,5c2fed2584399b2a41bfc7545cfad7f5cc35539e3d95edf6d37a080a20a19877,,,2026-07-18,UNKNOWN,,,metadata_only,unknown,review_required,尚未在配置/数据源.yaml逐来源登记；默认禁止发布。
raw_vault_unregistered,source_file_d2c61c93ca7f6160,01_原始数据/代码仓库镜像/MatImpute/experiment/dataset/miss_datasets/PUE/ZS_SS_VSA_EState8_0.6000000000000001.csv,ZS_SS_VSA_EState8_0.6000000000000001.csv,86084,f43bc806eda1ee40e8294d6e4ea4ae9a6ade1da2e8fde990f1f6d9ccacea5258,,,2026-07-18,UNKNOWN,,,metadata_only,unknown,review_required,尚未在配置/数据源.yaml逐来源登记；默认禁止发布。
raw_vault_unregistered,source_file_8d5b9b9ee3d13f33,01_原始数据/代码仓库镜像/MatImpute/experiment/dataset/miss_datasets/PUE/ZS_SS_VSA_EState8_0.7000000000000001.csv,ZS_SS_VSA_EState8_0.7000000000000001.csv,85710,a318efe3080d2ebe0fdc6bc92eb66f93ddd40d4964dc9fac064f501b8e9d4d25,,,2026-07-18,UNKNOWN,,,metadata_only,unknown,review_required,尚未在配置/数据源.yaml逐来源登记；默认禁止发布。
raw_vault_unregistered,source_file_75ceaaa001a9b85f,01_原始数据/代码仓库镜像/MatImpute/experiment/dataset/miss_datasets/PUE/ZS_SS_VSA_EState8_0.8.csv,ZS_SS_VSA_EState8_0.8.csv,85325,efe065b4bf0a9e713261181f520e7752fda413ed0317d9c8112ac1f08d6d7bb6,,,2026-07-18,UNKNOWN,,,metadata_only,unknown,review_required,尚未在配置/数据源.yaml逐来源登记；默认禁止发布。
raw_vault_unregistered,source_file_6d9b397fc1efb161,01_原始数据/代码仓库镜像/MatImpute/experiment/dataset/miss_datasets/PUE/ZS_SS_VSA_EState8_0.9.csv,ZS_SS_VSA_EState8_0.9.csv,84960,05800cec4a8b08ba103ea85910cb96ffb45ab794b26a9a29cf5d9cb0a42bd8fc,,,2026-07-18,UNKNOWN,,,metadata_only,unknown,review_required,尚未在配置/数据源.yaml逐来源登记；默认禁止发布。
raw_vault_unregistered,source_file_e3105885e44aa34c,01_原始数据/代码仓库镜像/MatImpute/experiment/dataset/miss_datasets/Rajan_MXene_data/a(angstrom)_0.1.csv,a(angstrom)_0.1.csv,8073,af2988834975cf7922378109e329669dfe14ed3731a47d5f6fe1ade743c642da,,,2026-07-18,UNKNOWN,,,metadata_only,unknown,review_required,尚未在配置/数据源.yaml逐来源登记；默认禁止发布。
raw_vault_unregistered,source_file_a26440e0edaf6d4b,01_原始数据/代码仓库镜像/MatImpute/experiment/dataset/miss_datasets/Rajan_MXene_data/a(angstrom)_0.2.csv,a(angstrom)_0.2.csv,8033,b82358127149fbb89d1607b25ef5c5522b66daa15892d84ebb79085ca4ac6ef4,,,2026-07-18,UNKNOWN,,,metadata_only,unknown,review_required,尚未在配置/数据源.yaml逐来源登记；默认禁止发布。
raw_vault_unregistered,source_file_ce8db21364e074ab,01_原始数据/代码仓库镜像/MatImpute/experiment/dataset/miss_datasets/Rajan_MXene_data/a(angstrom)_0.30000000000000004.csv,a(angstrom)_0.30000000000000004.csv,7980,e77201694f7d8cc72ba8350406d7288f710aa215a24640f22c4d94625355d371,,,2026-07-18,UNKNOWN,,,metadata_only,unknown,review_required,尚未在配置/数据源.yaml逐来源登记；默认禁止发布。
raw_vault_unregistered,source_file_93706b72e2034daf,01_原始数据/代码仓库镜像/MatImpute/experiment/dataset/miss_datasets/Rajan_MXene_data/a(angstrom)_0.4.csv,a(angstrom)_0.4.csv,7938,5427e07ec5ca899b1082668169af09b5e93e07736d0ffd9f2872b78c6118c123,,,2026-07-18,UNKNOWN,,,metadata_only,unknown,review_required,尚未在配置/数据源.yaml逐来源登记；默认禁止发布。
raw_vault_unregistered,source_file_edef749263272eba,01_原始数据/代码仓库镜像/MatImpute/experiment/dataset/miss_datasets/Rajan_MXene_data/a(angstrom)_0.5.csv,a(angstrom)_0.5.csv,7898,d82011c2009b3200e33f492d95089e1af809c92673b0b3eeff5dab303cb12312,,,2026-07-18,UNKNOWN,,,metadata_only,unknown,review_required,尚未在配置/数据源.yaml逐来源登记；默认禁止发布。
raw_vault_unregistered,source_file_3b6d7343891df4c3,01_原始数据/代码仓库镜像/MatImpute/experiment/dataset/miss_datasets/Rajan_MXene_data/a(angstrom)_0.6000000000000001.csv,a(angstrom)_0.6000000000000001.csv,7856,be6d44fb105279bcfdda81135c96bfd4b2858c78b2b785052c8b25ef8eb8ac7a,,,2026-07-18,UNKNOWN,,,metadata_only,unknown,review_required,尚未在配置/数据源.yaml逐来源登记；默认禁止发布。
raw_vault_unregistered,source_file_34a79d4eaa2dab6a,01_原始数据/代码仓库镜像/MatImpute/experiment/dataset/miss_datasets/Rajan_MXene_data/a(angstrom)_0.7000000000000001.csv,a(angstrom)_0.7000000000000001.csv,7814,f545b71bdb549de68f5cc94dcc66b5702cc7c5b84f72ace050f525101ad41b68,,,2026-07-18,UNKNOWN,,,metadata_only,unknown,review_required,尚未在配置/数据源.yaml逐来源登记；默认禁止发布。
raw_vault_unregistered,source_file_f8ecdde90e981c6b,01_原始数据/代码仓库镜像/MatImpute/experiment/dataset/miss_datasets/Rajan_MXene_data/a(angstrom)_0.8.csv,a(angstrom)_0.8.csv,7785,e9dd683dda94deba225f0fada9d67e96ccf0fde9e96df35af86d5cb6f5f13ee5,,,2026-07-18,UNKNOWN,,,metadata_only,unknown,review_required,尚未在配置/数据源.yaml逐来源登记；默认禁止发布。
raw_vault_unregistered,source_file_67373e0061e3d696,01_原始数据/代码仓库镜像/MatImpute/experiment/dataset/miss_datasets/Rajan_MXene_data/a(angstrom)_0.9.csv,a(angstrom)_0.9.csv,7731,265dee8cc27fd8f6c78f81f46077a86f2816bfdd4d742fa9db267984471c4bde,,,2026-07-18,UNKNOWN,,,metadata_only,unknown,review_required,尚未在配置/数据源.yaml逐来源登记；默认禁止发布。
raw_vault_unregistered,source_file_077624390f326044,01_原始数据/代码仓库镜像/MatImpute/experiment/dataset/miss_datasets/Rajan_MXene_data/APF_0.1.csv,APF_0.1.csv,8074,92f4a895f9b510a0eb7bf1055ce8043eae0f6fcfaa6c40f04d4fc2bc0e7a566a,,,2026-07-18,UNKNOWN,,,metadata_only,unknown,review_required,尚未在配置/数据源.yaml逐来源登记；默认禁止发布。
raw_vault_unregistered,source_file_96630e9c3206a10f,01_原始数据/代码仓库镜像/MatImpute/experiment/dataset/miss_datasets/Rajan_MXene_data/APF_0.2.csv,APF_0.2.csv,8032,90d502b014ff7c04ac9beac84ae593b1bdd744176b31045dcab0f17d5a5ac80d,,,2026-07-18,UNKNOWN,,,metadata_only,unknown,review_required,尚未在配置/数据源.yaml逐来源登记；默认禁止发布。
raw_vault_unregistered,source_file_f42d857d0fb950d1,01_原始数据/代码仓库镜像/MatImpute/experiment/dataset/miss_datasets/Rajan_MXene_data/APF_0.30000000000000004.csv,APF_0.30000000000000004.csv,7978,d3fd7eaa6231c64302765fe9336fb83a1ec08e7b354715b62cc8546c78251c1a,,,2026-07-18,UNKNOWN,,,metadata_only,unknown,review_required,尚未在配置/数据源.yaml逐来源登记；默认禁止发布。
raw_vault_unregistered,source_file_51121685014a78c0,01_原始数据/代码仓库镜像/MatImpute/experiment/dataset/miss_datasets/Rajan_MXene_data/APF_0.4.csv,APF_0.4.csv,7937,162b07406eef40f5bdd8412142029bd7ec47c6d1cd55bef747f7cb40ca3a84fb,,,2026-07-18,UNKNOWN,,,metadata_only,unknown,review_required,尚未在配置/数据源.yaml逐来源登记；默认禁止发布。
raw_vault_unregistered,source_file_f24159e51b03eb68,01_原始数据/代码仓库镜像/MatImpute/experiment/dataset/miss_datasets/Rajan_MXene_data/APF_0.5.csv,APF_0.5.csv,7906,6a10d4be891e1bbdd1d61ba83ae94d476b4667a267cc492de501f12ede1decd1,,,2026-07-18,UNKNOWN,,,metadata_only,unknown,review_required,尚未在配置/数据源.yaml逐来源登记；默认禁止发布。
raw_vault_unregistered,source_file_8e1024f8548befb2,01_原始数据/代码仓库镜像/MatImpute/experiment/dataset/miss_datasets/Rajan_MXene_data/APF_0.6000000000000001.csv,APF_0.6000000000000001.csv,7853,e2e196f10b770e1b51c32a6e653d44a85d31feb62f06cd41e5849adca73db003,,,2026-07-18,UNKNOWN,,,metadata_only,unknown,review_required,尚未在配置/数据源.yaml逐来源登记；默认禁止发布。
raw_vault_unregistered,source_file_d6fab5abaf16d003,01_原始数据/代码仓库镜像/MatImpute/experiment/dataset/miss_datasets/Rajan_MXene_data/APF_0.7000000000000001.csv,APF_0.7000000000000001.csv,7800,183f65ea5e98dc85d35a5bf09cd103021bb85459034b50c24013ade2b40a49b0,,,2026-07-18,UNKNOWN,,,metadata_only,unknown,review_required,尚未在配置/数据源.yaml逐来源登记；默认禁止发布。
raw_vault_unregistered,source_file_afcb17545d52d086,01_原始数据/代码仓库镜像/MatImpute/experiment/dataset/miss_datasets/Rajan_MXene_data/APF_0.8.csv,APF_0.8.csv,7757,63ffd4afc33ef7ff6ad660cd7590b204c16e5f6fd1358b75d62b4d9d4b8867fe,,,2026-07-18,UNKNOWN,,,metadata_only,unknown,review_required,尚未在配置/数据源.yaml逐来源登记；默认禁止发布。
raw_vault_unregistered,source_file_b3985bebb452e5ec,01_原始数据/代码仓库镜像/MatImpute/experiment/dataset/miss_datasets/Rajan_MXene_data/APF_0.9.csv,APF_0.9.csv,7716,92a389d71d1b6c86dd4537af284c65e4595a0eddf9ec2bf00212bd2ae1a75c09,,,2026-07-18,UNKNOWN,,,metadata_only,unknown,review_required,尚未在配置/数据源.yaml逐来源登记；默认禁止发布。
raw_vault_unregistered,source_file_5be9b65f635635a0,01_原始数据/代码仓库镜像/MatImpute/experiment/dataset/miss_datasets/Rajan_MXene_data/c_0.1.csv,c_0.1.csv,8234,772f27e89b6acea8477f95587b5e492ee9f22abdf38c56221c4f648da9ab09e9,,,2026-07-18,UNKNOWN,,,metadata_only,unknown,review_required,尚未在配置/数据源.yaml逐来源登记；默认禁止发布。
raw_vault_unregistered,source_file_4600d41176365f75,01_原始数据/代码仓库镜像/MatImpute/experiment/dataset/miss_datasets/Rajan_MXene_data/c_0.2.csv,c_0.2.csv,8213,1132419410ffb0f5d0ce8abf2299311ff39bbd2c39cf1f0c7a4495932fc5c3f1,,,2026-07-18,UNKNOWN,,,metadata_only,unknown,review_required,尚未在配置/数据源.yaml逐来源登记；默认禁止发布。
raw_vault_unregistered,source_file_f61184f94f45556a,01_原始数据/代码仓库镜像/MatImpute/experiment/dataset/miss_datasets/Rajan_MXene_data/c_0.30000000000000004.csv,c_0.30000000000000004.csv,8192,3b270f4f09f5a397120a39d8631c009b9cfb24d3ac70a8f27032a740530d8440,,,2026-07-18,UNKNOWN,,,metadata_only,unknown,review_required,尚未在配置/数据源.yaml逐来源登记；默认禁止发布。
raw_vault_unregistered,source_file_c652d5d63fabbc14,01_原始数据/代码仓库镜像/MatImpute/experiment/dataset/miss_datasets/Rajan_MXene_data/c_0.4.csv,c_0.4.csv,8171,9aefb16fd53332b8f75e8d0bfd25ba82ded2328fb7b1de42009adef1daece100,,,2026-07-18,UNKNOWN,,,metadata_only,unknown,review_required,尚未在配置/数据源.yaml逐来源登记；默认禁止发布。
raw_vault_unregistered,source_file_3de3d7be9b2542ac,01_原始数据/代码仓库镜像/MatImpute/experiment/dataset/miss_datasets/Rajan_MXene_data/c_0.5.csv,c_0.5.csv,8150,24c97143feb81e7aec5a0a435bbc349b992cc9e1db80a4588f4ce31d157214ba,,,2026-07-18,UNKNOWN,,,metadata_only,unknown,review_required,尚未在配置/数据源.yaml逐来源登记；默认禁止发布。
raw_vault_unregistered,source_file_03c4218102696dc3,01_原始数据/代码仓库镜像/MatImpute/experiment/dataset/miss_datasets/Rajan_MXene_data/c_0.6000000000000001.csv,c_0.6000000000000001.csv,8129,1ae6cff7aabc05b32698a86e6b2c166804404acce84fd714b61dca19d6b963ee,,,2026-07-18,UNKNOWN,,,metadata_only,unknown,review_required,尚未在配置/数据源.yaml逐来源登记；默认禁止发布。
raw_vault_unregistered,source_file_c4ba21fb63a366f2,01_原始数据/代码仓库镜像/MatImpute/experiment/dataset/miss_datasets/Rajan_MXene_data/c_0.7000000000000001.csv,c_0.7000000000000001.csv,8108,633e7c0189278451bb24172805718a0841658d7503db10810b35e5515355f526,,,2026-07-18,UNKNOWN,,,metadata_only,unknown,review_required,尚未在配置/数据源.yaml逐来源登记；默认禁止发布。
raw_vault_unregistered,source_file_c1ddfee1cf6876a1,01_原始数据/代码仓库镜像/MatImpute/experiment/dataset/miss_datasets/Rajan_MXene_data/c_0.8.csv,c_0.8.csv,8087,370817292f632e82e01c644dc4daf919a9f07c10c3490249b38602d9b2e4c233,,,2026-07-18,UNKNOWN,,,metadata_only,unknown,review_required,尚未在配置/数据源.yaml逐来源登记；默认禁止发布。
raw_vault_unregistered,source_file_8ccf6da8d2af0660,01_原始数据/代码仓库镜像/MatImpute/experiment/dataset/miss_datasets/Rajan_MXene_data/c_0.9.csv,c_0.9.csv,8066,a216fcb9dca5f6baef17dc790061ee42c0b5c55d0dc8cd8da898a751746c43a7,,,2026-07-18,UNKNOWN,,,metadata_only,unknown,review_required,尚未在配置/数据源.yaml逐来源登记；默认禁止发布。
raw_vault_unregistered,source_file_93852a4a103bfcc6,01_原始数据/代码仓库镜像/MatImpute/experiment/dataset/miss_datasets/Rajan_MXene_data/d(angstrom)_0.1.csv,d(angstrom)_0.1.csv,8073,0a533909e6ea2c1bfe4e70356c0450d04053315581ad17822b5bd7ae796e5856,,,2026-07-18,UNKNOWN,,,metadata_only,unknown,review_required,尚未在配置/数据源.yaml逐来源登记；默认禁止发布。
raw_vault_unregistered,source_file_b3482c5268024a57,01_原始数据/代码仓库镜像/MatImpute/experiment/dataset/miss_datasets/Rajan_MXene_data/d(angstrom)_0.2.csv,d(angstrom)_0.2.csv,8032,1ba8fc796eee1d58daf0ebf51cf4b05caa4c5c0b7b41c3b9c7baa5cff3dc286f,,,2026-07-18,UNKNOWN,,,metadata_only,unknown,review_required,尚未在配置/数据源.yaml逐来源登记；默认禁止发布。
raw_vault_unregistered,source_file_f1ab0bd50901ca3b,01_原始数据/代码仓库镜像/MatImpute/experiment/dataset/miss_datasets/Rajan_MXene_data/d(angstrom)_0.30000000000000004.csv,d(angstrom)_0.30000000000000004.csv,7982,1831a0943c2015bc413428df88481d271bb46fb136b5132a4c3395cd54c52f6b,,,2026-07-18,UNKNOWN,,,metadata_only,unknown,review_required,尚未在配置/数据源.yaml逐来源登记；默认禁止发布。
raw_vault_unregistered,source_file_bc99e0fe1476bb0a,01_原始数据/代码仓库镜像/MatImpute/experiment/dataset/miss_datasets/Rajan_MXene_data/d(angstrom)_0.4.csv,d(angstrom)_0.4.csv,7935,1e9fb2afc1eff4a906ddf78735c472bcac00de57f02e99f3adc657846e215f38,,,2026-07-18,UNKNOWN,,,metadata_only,unknown,review_required,尚未在配置/数据源.yaml逐来源登记；默认禁止发布。
raw_vault_unregistered,source_file_17683bd764c1910e,01_原始数据/代码仓库镜像/MatImpute/experiment/dataset/miss_datasets/Rajan_MXene_data/d(angstrom)_0.5.csv,d(angstrom)_0.5.csv,7896,58b13a7eb3c50d0e20f4a0f11b640a687ece7db10baafbb2f1c44f0a3e173953,,,2026-07-18,UNKNOWN,,,metadata_only,unknown,review_required,尚未在配置/数据源.yaml逐来源登记；默认禁止发布。
raw_vault_unregistered,source_file_66e865f8251bfe38,01_原始数据/代码仓库镜像/MatImpute/experiment/dataset/miss_datasets/Rajan_MXene_data/d(angstrom)_0.6000000000000001.csv,d(angstrom)_0.6000000000000001.csv,7856,0710f3ddb94b0b6314494afd6d0dee6999e65744d0b7156d225bc90059145a87,,,2026-07-18,UNKNOWN,,,metadata_only,unknown,review_required,尚未在配置/数据源.yaml逐来源登记；默认禁止发布。
raw_vault_unregistered,source_file_1e4d5d4fb75a9fda,01_原始数据/代码仓库镜像/MatImpute/experiment/dataset/miss_datasets/Rajan_MXene_data/d(angstrom)_0.7000000000000001.csv,d(angstrom)_0.7000000000000001.csv,7813,d52de5beb20bb088ebcd4284de1fb07037144ba0c5f4577668de9f8ba009ec0a,,,2026-07-18,UNKNOWN,,,metadata_only,unknown,review_required,尚未在配置/数据源.yaml逐来源登记；默认禁止发布。
raw_vault_unregistered,source_file_ea8c419516e820df,01_原始数据/代码仓库镜像/MatImpute/experiment/dataset/miss_datasets/Rajan_MXene_data/d(angstrom)_0.8.csv,d(angstrom)_0.8.csv,7772,3d6b6e15cd1968ca5fd6ea2705ac6941ea17b5473596fbd3117ef924f53f331e,,,2026-07-18,UNKNOWN,,,metadata_only,unknown,review_required,尚未在配置/数据源.yaml逐来源登记；默认禁止发布。
raw_vault_unregistered,source_file_9e6cda214d7be87f,01_原始数据/代码仓库镜像/MatImpute/experiment/dataset/miss_datasets/Rajan_MXene_data/d(angstrom)_0.9.csv,d(angstrom)_0.9.csv,7730,ac571f948a2efbc2e5c4d12f2148c126c51fd636cedd42f9c2b297ebe9919636,,,2026-07-18,UNKNOWN,,,metadata_only,unknown,review_required,尚未在配置/数据源.yaml逐来源登记；默认禁止发布。
raw_vault_unregistered,source_file_4e07871149d25978,01_原始数据/代码仓库镜像/MatImpute/experiment/dataset/miss_datasets/Rajan_MXene_data/delta(d)(angstrom)_0.1.csv,delta(d)(angstrom)_0.1.csv,8068,cc7de6d691781f91e628a80a531c16a818ccc37b8f69683567af94f1f9eee867,,,2026-07-18,UNKNOWN,,,metadata_only,unknown,review_required,尚未在配置/数据源.yaml逐来源登记；默认禁止发布。
raw_vault_unregistered,source_file_f31ba470bc1bf8f8,01_原始数据/代码仓库镜像/MatImpute/experiment/dataset/miss_datasets/Rajan_MXene_data/delta(d)(angstrom)_0.2.csv,delta(d)(angstrom)_0.2.csv,8023,d795e940a9fb40c82dc032fe32fce768c71f8ff973d789ad9dd2d1f9b9aaf6fa,,,2026-07-18,UNKNOWN,,,metadata_only,unknown,review_required,尚未在配置/数据源.yaml逐来源登记；默认禁止发布。
raw_vault_unregistered,source_file_cbee78a0155a6bf1,01_原始数据/代码仓库镜像/MatImpute/experiment/dataset/miss_datasets/Rajan_MXene_data/delta(d)(angstrom)_0.30000000000000004.csv,delta(d)(angstrom)_0.30000000000000004.csv,7979,c30d34af8a07570505a4c82a07e24029d06f449022d14d085c55f70122fb9d1c,,,2026-07-18,UNKNOWN,,,metadata_only,unknown,review_required,尚未在配置/数据源.yaml逐来源登记；默认禁止发布。
raw_vault_unregistered,source_file_57780f51b65d4b71,01_原始数据/代码仓库镜像/MatImpute/experiment/dataset/miss_datasets/Rajan_MXene_data/delta(d)(angstrom)_0.4.csv,delta(d)(angstrom)_0.4.csv,7918,428f94c99db363926ea268be189a469e4446256edfb4d6273876b67302c236e9,,,2026-07-18,UNKNOWN,,,metadata_only,unknown,review_required,尚未在配置/数据源.yaml逐来源登记；默认禁止发布。
raw_vault_unregistered,source_file_1537267e67803f4b,01_原始数据/代码仓库镜像/MatImpute/experiment/dataset/miss_datasets/Rajan_MXene_data/delta(d)(angstrom)_0.5.csv,delta(d)(angstrom)_0.5.csv,7873,4b80fe6cd77c04e2c5a95e174cb4678fa48d795b946afb170a01263fe1ff2145,,,2026-07-18,UNKNOWN,,,metadata_only,unknown,review_required,尚未在配置/数据源.yaml逐来源登记；默认禁止发布。
raw_vault_unregistered,source_file_bddcf8bd79d0b6aa,01_原始数据/代码仓库镜像/MatImpute/experiment/dataset/miss_datasets/Rajan_MXene_data/delta(d)(angstrom)_0.6000000000000001.csv,delta(d)(angstrom)_0.6000000000000001.csv,7839,94fa5526c1187f8b3e8b421d14145936afa1ac0cf327edadd34bedab1280e812,,,2026-07-18,UNKNOWN,,,metadata_only,unknown,review_required,尚未在配置/数据源.yaml逐来源登记；默认禁止发布。
raw_vault_unregistered,source_file_2622fb99a6aeb220,01_原始数据/代码仓库镜像/MatImpute/experiment/dataset/miss_datasets/Rajan_MXene_data/delta(d)(angstrom)_0.7000000000000001.csv,delta(d)(angstrom)_0.7000000000000001.csv,7778,0a8d6b60fef17b1d28f46525046b7d89a5221e7f964d404cea998836f21d9c0b,,,2026-07-18,UNKNOWN,,,metadata_only,unknown,review_required,尚未在配置/数据源.yaml逐来源登记；默认禁止发布。
raw_vault_unregistered,source_file_df19326e731db78c,01_原始数据/代码仓库镜像/MatImpute/experiment/dataset/miss_datasets/Rajan_MXene_data/delta(d)(angstrom)_0.8.csv,delta(d)(angstrom)_0.8.csv,7736,6afa5f72b559d8095def689b46a4449a2760ee249660805ed41a89af4fdc9483,,,2026-07-18,UNKNOWN,,,metadata_only,unknown,review_required,尚未在配置/数据源.yaml逐来源登记；默认禁止发布。
raw_vault_unregistered,source_file_052d55556a54be43,01_原始数据/代码仓库镜像/MatImpute/experiment/dataset/miss_datasets/Rajan_MXene_data/delta(d)(angstrom)_0.9.csv,delta(d)(angstrom)_0.9.csv,7687,3cf1627724cfc9204e219d214ea52641d4cfe5ddaefdb502decc7d49f794a20d,,,2026-07-18,UNKNOWN,,,metadata_only,unknown,review_required,尚未在配置/数据源.yaml逐来源登记；默认禁止发布。
raw_vault_unregistered,source_file_4e4c4ef4a38abf14,01_原始数据/代码仓库镜像/MatImpute/experiment/dataset/miss_datasets/Rajan_MXene_data/EC(eV)_0.1.csv,EC(eV)_0.1.csv,8066,776132acad8d18b57b039f04d32f0342920ba7fc8e1020eeed2ad18de947eda6,,,2026-07-18,UNKNOWN,,,metadata_only,unknown,review_required,尚未在配置/数据源.yaml逐来源登记；默认禁止发布。
raw_vault_unregistered,source_file_bdf0560edbe53655,01_原始数据/代码仓库镜像/MatImpute/experiment/dataset/miss_datasets/Rajan_MXene_data/EC(eV)_0.2.csv,EC(eV)_0.2.csv,8019,25c56a0be6d63836ce2c257c851de9645833a67d493a887c76653f184febbc65,,,2026-07-18,UNKNOWN,,,metadata_only,unknown,review_required,尚未在配置/数据源.yaml逐来源登记；默认禁止发布。
raw_vault_unregistered,source_file_7818b8c35db38a2c,01_原始数据/代码仓库镜像/MatImpute/experiment/dataset/miss_datasets/Rajan_MXene_data/EC(eV)_0.30000000000000004.csv,EC(eV)_0.30000000000000004.csv,7959,1070d64578d83ddd487fce7a554f91c033227abedee14bf473732576ebee42cc,,,2026-07-18,UNKNOWN,,,metadata_only,unknown,review_required,尚未在配置/数据源.yaml逐来源登记；默认禁止发布。
raw_vault_unregistered,source_file_2a0a37cd3d0aa1ba,01_原始数据/代码仓库镜像/MatImpute/experiment/dataset/miss_datasets/Rajan_MXene_data/EC(eV)_0.4.csv,EC(eV)_0.4.csv,7898,72542cacc7945deca31e799d4e0afc295de055176708e23663b3aae1528d59db,,,2026-07-18,UNKNOWN,,,metadata_only,unknown,review_required,尚未在配置/数据源.yaml逐来源登记；默认禁止发布。
raw_vault_unregistered,source_file_dad40af6b9f4a291,01_原始数据/代码仓库镜像/MatImpute/experiment/dataset/miss_datasets/Rajan_MXene_data/EC(eV)_0.5.csv,EC(eV)_0.5.csv,7848,e133a99dfa337a3173aaf9be132e0d6044c71b543a258dbbb3e7a72dc0e49f40,,,2026-07-18,UNKNOWN,,,metadata_only,unknown,review_required,尚未在配置/数据源.yaml逐来源登记；默认禁止发布。
raw_vault_unregistered,source_file_af7d3bd9cd6ce59b,01_原始数据/代码仓库镜像/MatImpute/experiment/dataset/miss_datasets/Rajan_MXene_data/EC(eV)_0.6000000000000001.csv,EC(eV)_0.6000000000000001.csv,7798,b485dae8d42beead1e1ccff08297f0e2f702ded9ca554c80ebce16d4d6ec7c23,,,2026-07-18,UNKNOWN,,,metadata_only,unknown,review_required,尚未在配置/数据源.yaml逐来源登记；默认禁止发布。
raw_vault_unregistered,source_file_4a363e0e078dfcad,01_原始数据/代码仓库镜像/MatImpute/experiment/dataset/miss_datasets/Rajan_MXene_data/EC(eV)_0.7000000000000001.csv,EC(eV)_0.7000000000000001.csv,7775,e4deee12d99481dc4bedf644f5d8d5e4f4a9b8b3873100c556804b9b8e4febd5,,,2026-07-18,UNKNOWN,,,metadata_only,unknown,review_required,尚未在配置/数据源.yaml逐来源登记；默认禁止发布。
raw_vault_unregistered,source_file_cd61f4654de82c2a,01_原始数据/代码仓库镜像/MatImpute/experiment/dataset/miss_datasets/Rajan_MXene_data/EC(eV)_0.8.csv,EC(eV)_0.8.csv,7725,f3cc24a47a4f2daeb8c9e71caa3be6206c08edac30af3a71e733f74e2f424ec5,,,2026-07-18,UNKNOWN,,,metadata_only,unknown,review_required,尚未在配置/数据源.yaml逐来源登记；默认禁止发布。
raw_vault_unregistered,source_file_a8741c7903fc4872,01_原始数据/代码仓库镜像/MatImpute/experiment/dataset/miss_datasets/Rajan_MXene_data/EC(eV)_0.9.csv,EC(eV)_0.9.csv,7653,8126a907340e1a9f7893274cddfb36078abbe172caac8b711e963e46183f9b6a,,,2026-07-18,UNKNOWN,,,metadata_only,unknown,review_required,尚未在配置/数据源.yaml逐来源登记；默认禁止发布。
raw_vault_unregistered,source_file_397b94f21776248d,01_原始数据/代码仓库镜像/MatImpute/experiment/dataset/miss_datasets/Rajan_MXene_data/Eg(GW; eV)_0.1.csv,Eg(GW; eV)_0.1.csv,8075,0c630aae6b9aee206b3e038a116e981d2804c64ef0d96ffc4e8776dc816d7ead,,,2026-07-18,UNKNOWN,,,metadata_only,unknown,review_required,尚未在配置/数据源.yaml逐来源登记；默认禁止发布。
raw_vault_unregistered,source_file_6d5fb136e63ed0e0,01_原始数据/代码仓库镜像/MatImpute/experiment/dataset/miss_datasets/Rajan_MXene_data/Eg(GW; eV)_0.2.csv,Eg(GW; eV)_0.2.csv,8031,50cf144130440f46cb3391aa558acc31cb053ac759dbbf530909793ba1a62a3a,,,2026-07-18,UNKNOWN,,,metadata_only,unknown,review_required,尚未在配置/数据源.yaml逐来源登记；默认禁止发布。
raw_vault_unregistered,source_file_32ef061539be1c3a,01_原始数据/代码仓库镜像/MatImpute/experiment/dataset/miss_datasets/Rajan_MXene_data/Eg(GW; eV)_0.30000000000000004.csv,Eg(GW; eV)_0.30000000000000004.csv,7993,fe3c1518f3b9ca48ed2f8d14bc0f25625e011e9483ebda3c364d907224c9d834,,,2026-07-18,UNKNOWN,,,metadata_only,unknown,review_required,尚未在配置/数据源.yaml逐来源登记；默认禁止发布。
raw_vault_unregistered,source_file_8a5be3484049f20d,01_原始数据/代码仓库镜像/MatImpute/experiment/dataset/miss_datasets/Rajan_MXene_data/Eg(GW; eV)_0.4.csv,Eg(GW; eV)_0.4.csv,7940,4c4d228352b6d2c1f0146e46fed7b36c932363bfe5c3d9800f489178cbdba264,,,2026-07-18,UNKNOWN,,,metadata_only,unknown,review_required,尚未在配置/数据源.yaml逐来源登记；默认禁止发布。
raw_vault_unregistered,source_file_0467a0c1d23271e8,01_原始数据/代码仓库镜像/MatImpute/experiment/dataset/miss_datasets/Rajan_MXene_data/Eg(GW; eV)_0.5.csv,Eg(GW; eV)_0.5.csv,7909,d09144a187ba9d1729bc2aae38e588dd446621d3370aa537331422fc6d25fcf9,,,2026-07-18,UNKNOWN,,,metadata_only,unknown,review_required,尚未在配置/数据源.yaml逐来源登记；默认禁止发布。
raw_vault_unregistered,source_file_deb7832f2bacebf3,01_原始数据/代码仓库镜像/MatImpute/experiment/dataset/miss_datasets/Rajan_MXene_data/Eg(GW; eV)_0.6000000000000001.csv,Eg(GW; eV)_0.6000000000000001.csv,7869,56391e2208a00f52a81abfdc922b9e593ee604b4c85372fac44acf23cdc205ca,,,2026-07-18,UNKNOWN,,,metadata_only,unknown,review_required,尚未在配置/数据源.yaml逐来源登记；默认禁止发布。
raw_vault_unregistered,source_file_0d61001fd843c882,01_原始数据/代码仓库镜像/MatImpute/experiment/dataset/miss_datasets/Rajan_MXene_data/Eg(GW; eV)_0.7000000000000001.csv,Eg(GW; eV)_0.7000000000000001.csv,7825,7dc942d1dffe07b35e01f24382cd26458a34f1311af9452ee4bf39de296f4f8f,,,2026-07-18,UNKNOWN,,,metadata_only,unknown,review_required,尚未在配置/数据源.yaml逐来源登记；默认禁止发布。
raw_vault_unregistered,source_file_cf59d047f1c3f986,01_原始数据/代码仓库镜像/MatImpute/experiment/dataset/miss_datasets/Rajan_MXene_data/Eg(GW; eV)_0.8.csv,Eg(GW; eV)_0.8.csv,7774,b6882df1144f0723b6447a7c8bc8e9f5549645b53dfcc8e9e4a0a43898072019,,,2026-07-18,UNKNOWN,,,metadata_only,unknown,review_required,尚未在配置/数据源.yaml逐来源登记；默认禁止发布。
raw_vault_unregistered,source_file_5486595b946cd22f,01_原始数据/代码仓库镜像/MatImpute/experiment/dataset/miss_datasets/Rajan_MXene_data/Eg(GW; eV)_0.9.csv,Eg(GW; eV)_0.9.csv,7732,5e49efa1b785737312725e47347f75af4011269cd89d646c03ff6c51d99422e1,,,2026-07-18,UNKNOWN,,,metadata_only,unknown,review_required,尚未在配置/数据源.yaml逐来源登记；默认禁止发布。
raw_vault_unregistered,source_file_4201912f3ec2508d,01_原始数据/代码仓库镜像/MatImpute/experiment/dataset/miss_datasets/Rajan_MXene_data/Eg(PBE; eV)_0.1.csv,Eg(PBE; eV)_0.1.csv,8073,4c7051fc3cdf28b6b5ff50e457a66273e1729098096731803cb766c4394a8a55,,,2026-07-18,UNKNOWN,,,metadata_only,unknown,review_required,尚未在配置/数据源.yaml逐来源登记；默认禁止发布。
raw_vault_unregistered,source_file_51ed076ebc8598e5,01_原始数据/代码仓库镜像/MatImpute/experiment/dataset/miss_datasets/Rajan_MXene_data/Eg(PBE; eV)_0.2.csv,Eg(PBE; eV)_0.2.csv,8033,40b8067504a139f4cb63f869745a2a073503d02c6e10141e617b87e3bc84a6b8,,,2026-07-18,UNKNOWN,,,metadata_only,unknown,review_required,尚未在配置/数据源.yaml逐来源登记；默认禁止发布。
raw_vault_unregistered,source_file_ab5364aae64dd477,01_原始数据/代码仓库镜像/MatImpute/experiment/dataset/miss_datasets/Rajan_MXene_data/Eg(PBE; eV)_0.30000000000000004.csv,Eg(PBE; eV)_0.30000000000000004.csv,7992,eca027c4ce75f110f0e69d4e5a51c094f7693f7056182c562e64cbdc576af3bc,,,2026-07-18,UNKNOWN,,,metadata_only,unknown,review_required,尚未在配置/数据源.yaml逐来源登记；默认禁止发布。
raw_vault_unregistered,source_file_8ac548e64da034c8,01_原始数据/代码仓库镜像/MatImpute/experiment/dataset/miss_datasets/Rajan_MXene_data/Eg(PBE; eV)_0.4.csv,Eg(PBE; eV)_0.4.csv,7956,3dc39363ef423b7d3c6f4295715adf9fb4c2a011bc60a629371acb13b22c6581,,,2026-07-18,UNKNOWN,,,metadata_only,unknown,review_required,尚未在配置/数据源.yaml逐来源登记；默认禁止发布。
raw_vault_unregistered,source_file_3fa8a974c9a419ec,01_原始数据/代码仓库镜像/MatImpute/experiment/dataset/miss_datasets/Rajan_MXene_data/Eg(PBE; eV)_0.5.csv,Eg(PBE; eV)_0.5.csv,7912,22c2bd77f22cd011819aedb12336afc6e10873545caebfa5cdd026ac2005c7f8,,,2026-07-18,UNKNOWN,,,metadata_only,unknown,review_required,尚未在配置/数据源.yaml逐来源登记；默认禁止发布。
raw_vault_unregistered,source_file_6c14d933eb9e28cd,01_原始数据/代码仓库镜像/MatImpute/experiment/dataset/miss_datasets/Rajan_MXene_data/Eg(PBE; eV)_0.6000000000000001.csv,Eg(PBE; eV)_0.6000000000000001.csv,7871,8933222961bfe8f3fb6c09023be33b13f32293c4115f82f9611f97860776db4f,,,2026-07-18,UNKNOWN,,,metadata_only,unknown,review_required,尚未在配置/数据源.yaml逐来源登记；默认禁止发布。
raw_vault_unregistered,source_file_9ab30fb08293d8de,01_原始数据/代码仓库镜像/MatImpute/experiment/dataset/miss_datasets/Rajan_MXene_data/Eg(PBE; eV)_0.7000000000000001.csv,Eg(PBE; eV)_0.7000000000000001.csv,7830,c9d80bdf9830ee0977162dfc403f9fc5f52c42fc50992bb7cf4ec5a453b03672,,,2026-07-18,UNKNOWN,,,metadata_only,unknown,review_required,尚未在配置/数据源.yaml逐来源登记；默认禁止发布。
raw_vault_unregistered,source_file_de97d3073df44d8f,01_原始数据/代码仓库镜像/MatImpute/experiment/dataset/miss_datasets/Rajan_MXene_data/Eg(PBE; eV)_0.8.csv,Eg(PBE; eV)_0.8.csv,7788,56cf80196efcfa1ea0e549b9ab72ce4cbd9b07df0001a569966df3d8de691add,,,2026-07-18,UNKNOWN,,,metadata_only,unknown,review_required,尚未在配置/数据源.yaml逐来源登记；默认禁止发布。
raw_vault_unregistered,source_file_bc35d00bd1dce557,01_原始数据/代码仓库镜像/MatImpute/experiment/dataset/miss_datasets/Rajan_MXene_data/Eg(PBE; eV)_0.9.csv,Eg(PBE; eV)_0.9.csv,7748,84dacf8853a390f5af56be1e47df80e67aa71d51d594df77ec523ae178f65d4b,,,2026-07-18,UNKNOWN,,,metadata_only,unknown,review_required,尚未在配置/数据源.yaml逐来源登记；默认禁止发布。
raw_vault_unregistered,source_file_8fed74dd82eaf94f,01_原始数据/代码仓库镜像/MatImpute/experiment/dataset/miss_datasets/Rajan_MXene_data/EV(eV)_0.1.csv,EV(eV)_0.1.csv,8067,4ac90fc3f9f90b8dba31572c5c96c8b3264af83639741f484ef6dd9b39226bba,,,2026-07-18,UNKNOWN,,,metadata_only,unknown,review_required,尚未在配置/数据源.yaml逐来源登记；默认禁止发布。
raw_vault_unregistered,source_file_246f3dc87b8ed8eb,01_原始数据/代码仓库镜像/MatImpute/experiment/dataset/miss_datasets/Rajan_MXene_data/EV(eV)_0.2.csv,EV(eV)_0.2.csv,8018,ff596acf1599bcc1d6b1a211ab01f181b8d877a789cfb94e9583c6f8c000be05,,,2026-07-18,UNKNOWN,,,metadata_only,unknown,review_required,尚未在配置/数据源.yaml逐来源登记；默认禁止发布。
raw_vault_unregistered,source_file_85ca9bd6f3a871d6,01_原始数据/代码仓库镜像/MatImpute/experiment/dataset/miss_datasets/Rajan_MXene_data/EV(eV)_0.30000000000000004.csv,EV(eV)_0.30000000000000004.csv,7971,8441755de1bbdb2a01a9b0b7dde1d14ac0babf5de8ae8ef9b8cf4a1480f35c8d,,,2026-07-18,UNKNOWN,,,metadata_only,unknown,review_required,尚未在配置/数据源.yaml逐来源登记；默认禁止发布。
raw_vault_unregistered,source_file_ba60c3398d94d366,01_原始数据/代码仓库镜像/MatImpute/experiment/dataset/miss_datasets/Rajan_MXene_data/EV(eV)_0.4.csv,EV(eV)_0.4.csv,7908,79b79629f9a896afa9e7d8f35804cff93853f355c2ab8cc55f90dfbd6f4ac732,,,2026-07-18,UNKNOWN,,,metadata_only,unknown,review_required,尚未在配置/数据源.yaml逐来源登记；默认禁止发布。
raw_vault_unregistered,source_file_f0b58cec42105030,01_原始数据/代码仓库镜像/MatImpute/experiment/dataset/miss_datasets/Rajan_MXene_data/EV(eV)_0.5.csv,EV(eV)_0.5.csv,7859,25caca2280bfa6a65c8ecb2e8d185d073476746b90782c57015121844cdc5d1d,,,2026-07-18,UNKNOWN,,,metadata_only,unknown,review_required,尚未在配置/数据源.yaml逐来源登记；默认禁止发布。
raw_vault_unregistered,source_file_0e8243f2e4b198f8,01_原始数据/代码仓库镜像/MatImpute/experiment/dataset/miss_datasets/Rajan_MXene_data/EV(eV)_0.6000000000000001.csv,EV(eV)_0.6000000000000001.csv,7810,bc7667a72b28d45302488bda3cd2792bb2021b5556df662832a4a79270d45ac3,,,2026-07-18,UNKNOWN,,,metadata_only,unknown,review_required,尚未在配置/数据源.yaml逐来源登记；默认禁止发布。
raw_vault_unregistered,source_file_7be27c2ab4a80f36,01_原始数据/代码仓库镜像/MatImpute/experiment/dataset/miss_datasets/Rajan_MXene_data/EV(eV)_0.7000000000000001.csv,EV(eV)_0.7000000000000001.csv,7762,3c18adcf0095f6c89eeb9191680efa0b31cd91d9a9cca409733d46477661e358,,,2026-07-18,UNKNOWN,,,metadata_only,unknown,review_required,尚未在配置/数据源.yaml逐来源登记；默认禁止发布。
raw_vault_unregistered,source_file_0d91cb9e0102291f,01_原始数据/代码仓库镜像/MatImpute/experiment/dataset/miss_datasets/Rajan_MXene_data/EV(eV)_0.8.csv,EV(eV)_0.8.csv,7713,881aa090ee23b396714c787044ce121e1063e29327ff54bc1900cef89589488e,,,2026-07-18,UNKNOWN,,,metadata_only,unknown,review_required,尚未在配置/数据源.yaml逐来源登记；默认禁止发布。
raw_vault_unregistered,source_file_880c67ab59ec7975,01_原始数据/代码仓库镜像/MatImpute/experiment/dataset/miss_datasets/Rajan_MXene_data/EV(eV)_0.9.csv,EV(eV)_0.9.csv,7665,5cedb51cbd3504f1de5c57aa50b977ce8a95ef48d7d89d1671a0cc6a15251441,,,2026-07-18,UNKNOWN,,,metadata_only,unknown,review_required,尚未在配置/数据源.yaml逐来源登记；默认禁止发布。
raw_vault_unregistered,source_file_7c8b74a2308c37b0,01_原始数据/代码仓库镜像/MatImpute/experiment/dataset/miss_datasets/Rajan_MXene_data/Hf(eV)_0.1.csv,Hf(eV)_0.1.csv,8061,d5de090d7495fe6a67f984d582c402822baf5eb3721838769fa422cba54e83c3,,,2026-07-18,UNKNOWN,,,metadata_only,unknown,review_required,尚未在配置/数据源.yaml逐来源登记；默认禁止发布。
raw_vault_unregistered,source_file_7961b435de53ce4c,01_原始数据/代码仓库镜像/MatImpute/experiment/dataset/miss_datasets/Rajan_MXene_data/Hf(eV)_0.2.csv,Hf(eV)_0.2.csv,8012,a505b09b71f5f8fd35bb12fbf8650aecbdc5e7f83ac997417dded11824f95128,,,2026-07-18,UNKNOWN,,,metadata_only,unknown,review_required,尚未在配置/数据源.yaml逐来源登记；默认禁止发布。
raw_vault_unregistered,source_file_cdc79b422cda953b,01_原始数据/代码仓库镜像/MatImpute/experiment/dataset/miss_datasets/Rajan_MXene_data/Hf(eV)_0.30000000000000004.csv,Hf(eV)_0.30000000000000004.csv,7958,bd9fc999bc9a440f710bbb625422bc04e14942f99e61ec3daa589efa68deca39,,,2026-07-18,UNKNOWN,,,metadata_only,unknown,review_required,尚未在配置/数据源.yaml逐来源登记；默认禁止发布。
raw_vault_unregistered,source_file_6d689bdc2d515af7,01_原始数据/代码仓库镜像/MatImpute/experiment/dataset/miss_datasets/Rajan_MXene_data/Hf(eV)_0.4.csv,Hf(eV)_0.4.csv,7904,17d38a5e64ae91eaaf2abc30ab959b715371fadcce7555c59478a8620c20ac7a,,,2026-07-18,UNKNOWN,,,metadata_only,unknown,review_required,尚未在配置/数据源.yaml逐来源登记；默认禁止发布。
raw_vault_unregistered,source_file_90e2bc0972cd4baf,01_原始数据/代码仓库镜像/MatImpute/experiment/dataset/miss_datasets/Rajan_MXene_data/Hf(eV)_0.5.csv,Hf(eV)_0.5.csv,7853,b23abf68dcdf72db528258b20bcafbf81b51ea23a887e1a8fead9c23e3cd4d1e,,,2026-07-18,UNKNOWN,,,metadata_only,unknown,review_required,尚未在配置/数据源.yaml逐来源登记；默认禁止发布。
raw_vault_unregistered,source_file_9bf0573658060ac0,01_原始数据/代码仓库镜像/MatImpute/experiment/dataset/miss_datasets/Rajan_MXene_data/Hf(eV)_0.6000000000000001.csv,Hf(eV)_0.6000000000000001.csv,7797,ef1395bc388d556ca3ca2a3a244a8b14f7eb6ce5f8b6ab6e3081a85dfb47a66e,,,2026-07-18,UNKNOWN,,,metadata_only,unknown,review_required,尚未在配置/数据源.yaml逐来源登记；默认禁止发布。
raw_vault_unregistered,source_file_58d60a600f59fd91,01_原始数据/代码仓库镜像/MatImpute/experiment/dataset/miss_datasets/Rajan_MXene_data/Hf(eV)_0.7000000000000001.csv,Hf(eV)_0.7000000000000001.csv,7745,778d15b375e86ff7de90d31640487f43586bd3a7576850bffa36aee5542f6093,,,2026-07-18,UNKNOWN,,,metadata_only,unknown,review_required,尚未在配置/数据源.yaml逐来源登记；默认禁止发布。
raw_vault_unregistered,source_file_8249b08499cae4e0,01_原始数据/代码仓库镜像/MatImpute/experiment/dataset/miss_datasets/Rajan_MXene_data/Hf(eV)_0.8.csv,Hf(eV)_0.8.csv,7694,61c2aa6ce0f936cd923269804d72fda2b8924dcecf9ed82b46489ee47cdfff45,,,2026-07-18,UNKNOWN,,,metadata_only,unknown,review_required,尚未在配置/数据源.yaml逐来源登记；默认禁止发布。
raw_vault_unregistered,source_file_7cdb032828b504c4,01_原始数据/代码仓库镜像/MatImpute/experiment/dataset/miss_datasets/Rajan_MXene_data/Hf(eV)_0.9.csv,Hf(eV)_0.9.csv,7643,1563bfe8a433aa783db0b18932fff0c64f57c09ee72079006ec6a5d082fc14b2,,,2026-07-18,UNKNOWN,,,metadata_only,unknown,review_required,尚未在配置/数据源.yaml逐来源登记；默认禁止发布。
raw_vault_unregistered,source_file_1f2253b3e7406d57,01_原始数据/代码仓库镜像/MatImpute/experiment/dataset/miss_datasets/Rajan_MXene_data/phi(L)(eV)_0.1.csv,phi(L)(eV)_0.1.csv,8073,172db6ffe5489698a32f6816ccaf7870f0b1544152a53bb654534a6ecc76af91,,,2026-07-18,UNKNOWN,,,metadata_only,unknown,review_required,尚未在配置/数据源.yaml逐来源登记；默认禁止发布。
raw_vault_unregistered,source_file_694936a0c56b3750,01_原始数据/代码仓库镜像/MatImpute/experiment/dataset/miss_datasets/Rajan_MXene_data/phi(L)(eV)_0.2.csv,phi(L)(eV)_0.2.csv,8019,32ccb0b33d98704a4ab07ac4e7c29809f93dcf67bd0762dca1075ce991e9adc4,,,2026-07-18,UNKNOWN,,,metadata_only,unknown,review_required,尚未在配置/数据源.yaml逐来源登记；默认禁止发布。
raw_vault_unregistered,source_file_1ffb6dca32c652f6,01_原始数据/代码仓库镜像/MatImpute/experiment/dataset/miss_datasets/Rajan_MXene_data/phi(L)(eV)_0.30000000000000004.csv,phi(L)(eV)_0.30000000000000004.csv,7988,238dc70f5eb59d32562d9d96a2da71ed0ae8dd952be850b528807dfda2f82d74,,,2026-07-18,UNKNOWN,,,metadata_only,unknown,review_required,尚未在配置/数据源.yaml逐来源登记；默认禁止发布。
raw_vault_unregistered,source_file_9e67886ed841e95c,01_原始数据/代码仓库镜像/MatImpute/experiment/dataset/miss_datasets/Rajan_MXene_data/phi(L)(eV)_0.4.csv,phi(L)(eV)_0.4.csv,7934,daf4281b4c2e25e811cbfe7131ee5d1bc7e8dc722b270bd8668e127e869aed00,,,2026-07-18,UNKNOWN,,,metadata_only,unknown,review_required,尚未在配置/数据源.yaml逐来源登记；默认禁止发布。
raw_vault_unregistered,source_file_6213f3a67d284588,01_原始数据/代码仓库镜像/MatImpute/experiment/dataset/miss_datasets/Rajan_MXene_data/phi(L)(eV)_0.5.csv,phi(L)(eV)_0.5.csv,7903,b27cd71bdadabd826aad0d64a4c8ea6321f6b47c64586195641c82b38b3d6b9d,,,2026-07-18,UNKNOWN,,,metadata_only,unknown,review_required,尚未在配置/数据源.yaml逐来源登记；默认禁止发布。
raw_vault_unregistered,source_file_f1276d0b1c99f318,01_原始数据/代码仓库镜像/MatImpute/experiment/dataset/miss_datasets/Rajan_MXene_data/phi(L)(eV)_0.6000000000000001.csv,phi(L)(eV)_0.6000000000000001.csv,7860,d18f8518194cbde688c4ec937222960647b1a74bc777c15f8f6aa77bcbc4a40f,,,2026-07-18,UNKNOWN,,,metadata_only,unknown,review_required,尚未在配置/数据源.yaml逐来源登记；默认禁止发布。
raw_vault_unregistered,source_file_8719a2d476a4ed16,01_原始数据/代码仓库镜像/MatImpute/experiment/dataset/miss_datasets/Rajan_MXene_data/phi(L)(eV)_0.7000000000000001.csv,phi(L)(eV)_0.7000000000000001.csv,7806,49d487a7c75d9a48d76067ea7a6ef8142666cf55181358b682afbfd4cfc14528,,,2026-07-18,UNKNOWN,,,metadata_only,unknown,review_required,尚未在配置/数据源.yaml逐来源登记；默认禁止发布。
raw_vault_unregistered,source_file_2b21fe0d80fe5930,01_原始数据/代码仓库镜像/MatImpute/experiment/dataset/miss_datasets/Rajan_MXene_data/phi(L)(eV)_0.8.csv,phi(L)(eV)_0.8.csv,7764,526b9bffce44c834a41a2c9634c71fd649b0cd40f28bd41814162501ae4cef8c,,,2026-07-18,UNKNOWN,,,metadata_only,unknown,review_required,尚未在配置/数据源.yaml逐来源登记；默认禁止发布。
raw_vault_unregistered,source_file_ee0849cd2ea2c81c,01_原始数据/代码仓库镜像/MatImpute/experiment/dataset/miss_datasets/Rajan_MXene_data/phi(L)(eV)_0.9.csv,phi(L)(eV)_0.9.csv,7722,b57f94bd17edd358d053fb07413e10b3f6c2f2ff898455f3274439af6e05d65a,,,2026-07-18,UNKNOWN,,,metadata_only,unknown,review_required,尚未在配置/数据源.yaml逐来源登记；默认禁止发布。
raw_vault_unregistered,source_file_25c7dbb4b96b9404,01_原始数据/代码仓库镜像/MatImpute/experiment/dataset/miss_datasets/Rajan_MXene_data/phi(N)(eV)_0.1.csv,phi(N)(eV)_0.1.csv,8074,4b2b60867f80c95e6c8d091600a6211e2da70ce9d599e89cefd553fc563e2a32,,,2026-07-18,UNKNOWN,,,metadata_only,unknown,review_required,尚未在配置/数据源.yaml逐来源登记；默认禁止发布。
raw_vault_unregistered,source_file_60b3750ad825086a,01_原始数据/代码仓库镜像/MatImpute/experiment/dataset/miss_datasets/Rajan_MXene_data/phi(N)(eV)_0.2.csv,phi(N)(eV)_0.2.csv,8033,29729902a482cbc1ec5ffe692d413ede482b7abfa2a03aafd89aac570ea85d44,,,2026-07-18,UNKNOWN,,,metadata_only,unknown,review_required,尚未在配置/数据源.yaml逐来源登记；默认禁止发布。
raw_vault_unregistered,source_file_f9d305f97cabb246,01_原始数据/代码仓库镜像/MatImpute/experiment/dataset/miss_datasets/Rajan_MXene_data/phi(N)(eV)_0.30000000000000004.csv,phi(N)(eV)_0.30000000000000004.csv,7979,ee254ff2f521ddc08d2bc1b9c387141631fd2034e8de74a6a01cf78cdc29cf41,,,2026-07-18,UNKNOWN,,,metadata_only,unknown,review_required,尚未在配置/数据源.yaml逐来源登记；默认禁止发布。
raw_vault_unregistered,source_file_c159f67207437a3d,01_原始数据/代码仓库镜像/MatImpute/experiment/dataset/miss_datasets/Rajan_MXene_data/phi(N)(eV)_0.4.csv,phi(N)(eV)_0.4.csv,7950,0e7da8e555476b8c8c96b8e6b1bef6c4b6ed002490d4ddadb26b86e2a7764b95,,,2026-07-18,UNKNOWN,,,metadata_only,unknown,review_required,尚未在配置/数据源.yaml逐来源登记；默认禁止发布。
raw_vault_unregistered,source_file_1dc4ccfa4a9af669,01_原始数据/代码仓库镜像/MatImpute/experiment/dataset/miss_datasets/Rajan_MXene_data/phi(N)(eV)_0.5.csv,phi(N)(eV)_0.5.csv,7908,95f220cea246a780e5aefb1326d62cd729b5552918773bdae8ca5fe23f6e3c2b,,,2026-07-18,UNKNOWN,,,metadata_only,unknown,review_required,尚未在配置/数据源.yaml逐来源登记；默认禁止发布。
raw_vault_unregistered,source_file_834083e2524205de,01_原始数据/代码仓库镜像/MatImpute/experiment/dataset/miss_datasets/Rajan_MXene_data/phi(N)(eV)_0.6000000000000001.csv,phi(N)(eV)_0.6000000000000001.csv,7856,6f83a275be01139b03b00c1040286452e8743b1eb0a2b37f5cdcb92df0fed32b,,,2026-07-18,UNKNOWN,,,metadata_only,unknown,review_required,尚未在配置/数据源.yaml逐来源登记；默认禁止发布。
raw_vault_unregistered,source_file_aa6d98e438a67767,01_原始数据/代码仓库镜像/MatImpute/experiment/dataset/miss_datasets/Rajan_MXene_data/phi(N)(eV)_0.7000000000000001.csv,phi(N)(eV)_0.7000000000000001.csv,7814,1437c0b3d94f64b9c0c0671c80b900581a84125eb7ab4233f5bdd59d153514db,,,2026-07-18,UNKNOWN,,,metadata_only,unknown,review_required,尚未在配置/数据源.yaml逐来源登记；默认禁止发布。
raw_vault_unregistered,source_file_c77c4dd98fda3cf1,01_原始数据/代码仓库镜像/MatImpute/experiment/dataset/miss_datasets/Rajan_MXene_data/phi(N)(eV)_0.8.csv,phi(N)(eV)_0.8.csv,7772,ecf8daa33e0394becd7a23074344ecbc28ec40da490fa1d403fb6d04a168616b,,,2026-07-18,UNKNOWN,,,metadata_only,unknown,review_required,尚未在配置/数据源.yaml逐来源登记；默认禁止发布。
raw_vault_unregistered,source_file_722d8901305c52d0,01_原始数据/代码仓库镜像/MatImpute/experiment/dataset/miss_datasets/Rajan_MXene_data/phi(N)(eV)_0.9.csv,phi(N)(eV)_0.9.csv,7731,566ad74332370dba75239a4af0581b090e49f68db8a98b9efafd9ce7077bd08c,,,2026-07-18,UNKNOWN,,,metadata_only,unknown,review_required,尚未在配置/数据源.yaml逐来源登记；默认禁止发布。
raw_vault_unregistered,source_file_23810c4dc9c16a7a,01_原始数据/代码仓库镜像/MatImpute/experiment/dataset/miss_datasets/Rajan_MXene_data/phi(U)(eV)_0.1.csv,phi(U)(eV)_0.1.csv,8073,622d36fb76aa9a11ae2082cb86473673d287904e27e646740e801232a768139b,,,2026-07-18,UNKNOWN,,,metadata_only,unknown,review_required,尚未在配置/数据源.yaml逐来源登记；默认禁止发布。
raw_vault_unregistered,source_file_4c3f94de294c8b9c,01_原始数据/代码仓库镜像/MatImpute/experiment/dataset/miss_datasets/Rajan_MXene_data/phi(U)(eV)_0.2.csv,phi(U)(eV)_0.2.csv,8032,603289a93a9d5bdb4f991d1450566b039850c7e0557b9c11ab13b0468e308723,,,2026-07-18,UNKNOWN,,,metadata_only,unknown,review_required,尚未在配置/数据源.yaml逐来源登记；默认禁止发布。
raw_vault_unregistered,source_file_309acda697da5db6,01_原始数据/代码仓库镜像/MatImpute/experiment/dataset/miss_datasets/Rajan_MXene_data/phi(U)(eV)_0.30000000000000004.csv,phi(U)(eV)_0.30000000000000004.csv,7991,b44fcc4ae4dd4416379788793c7b20a9288bd5ef631421474b151727bcd147db,,,2026-07-18,UNKNOWN,,,metadata_only,unknown,review_required,尚未在配置/数据源.yaml逐来源登记；默认禁止发布。
raw_vault_unregistered,source_file_2ae4a6c00763ecb8,01_原始数据/代码仓库镜像/MatImpute/experiment/dataset/miss_datasets/Rajan_MXene_data/phi(U)(eV)_0.4.csv,phi(U)(eV)_0.4.csv,7947,4f7df0c018bb9f2b7f94a5e9d40645333265d93c12e4509b69ba01d1630e0225,,,2026-07-18,UNKNOWN,,,metadata_only,unknown,review_required,尚未在配置/数据源.yaml逐来源登记；默认禁止发布。
raw_vault_unregistered,source_file_e845f20619cf8a4b,01_原始数据/代码仓库镜像/MatImpute/experiment/dataset/miss_datasets/Rajan_MXene_data/phi(U)(eV)_0.5.csv,phi(U)(eV)_0.5.csv,7907,2553f5f67d82ca1ef001611c6ae47986ae0b46d87d089313dd26c42937fe9eed,,,2026-07-18,UNKNOWN,,,metadata_only,unknown,review_required,尚未在配置/数据源.yaml逐来源登记；默认禁止发布。
raw_vault_unregistered,source_file_4654868b228dcef3,01_原始数据/代码仓库镜像/MatImpute/experiment/dataset/miss_datasets/Rajan_MXene_data/phi(U)(eV)_0.6000000000000001.csv,phi(U)(eV)_0.6000000000000001.csv,7865,c3da55d6c263a55f645aaa4b39b2fbdfcd1bd130b1cb4fd895c1f363b92a61f2,,,2026-07-18,UNKNOWN,,,metadata_only,unknown,review_required,尚未在配置/数据源.yaml逐来源登记；默认禁止发布。
raw_vault_unregistered,source_file_e8d4bb57fbbbb596,01_原始数据/代码仓库镜像/MatImpute/experiment/dataset/miss_datasets/Rajan_MXene_data/phi(U)(eV)_0.7000000000000001.csv,phi(U)(eV)_0.7000000000000001.csv,7824,0647f1fa88ef82acaa377e9424ea8f5fb08d611177e2dd7d95fc738c1fb65a49,,,2026-07-18,UNKNOWN,,,metadata_only,unknown,review_required,尚未在配置/数据源.yaml逐来源登记；默认禁止发布。
raw_vault_unregistered,source_file_8e96c2e00510423c,01_原始数据/代码仓库镜像/MatImpute/experiment/dataset/miss_datasets/Rajan_MXene_data/phi(U)(eV)_0.8.csv,phi(U)(eV)_0.8.csv,7781,bc94e27704571641203d6650492cc148526cdd6d8156ae3b04fed54b06fed926,,,2026-07-18,UNKNOWN,,,metadata_only,unknown,review_required,尚未在配置/数据源.yaml逐来源登记；默认禁止发布。
raw_vault_unregistered,source_file_9e03ac641d1bccee,01_原始数据/代码仓库镜像/MatImpute/experiment/dataset/miss_datasets/Rajan_MXene_data/phi(U)(eV)_0.9.csv,phi(U)(eV)_0.9.csv,7740,bedabfe628fe293ee7bb9b8b1f5def8cfeb59b7d2e82f0fabbbb4f80cb5bb1a0,,,2026-07-18,UNKNOWN,,,metadata_only,unknown,review_required,尚未在配置/数据源.yaml逐来源登记；默认禁止发布。
raw_vault_unregistered,source_file_6a516903cf60b6f9,01_原始数据/代码仓库镜像/MatImpute/experiment/dataset/miss_datasets/Rajan_MXene_data/V(angstrom^3-atom)_0.1.csv,V(angstrom^3-atom)_0.1.csv,8067,1c03fb933dd3d30e55708277d939153cbc56a261b3d2b4ad58309733d784c3a6,,,2026-07-18,UNKNOWN,,,metadata_only,unknown,review_required,尚未在配置/数据源.yaml逐来源登记；默认禁止发布。
raw_vault_unregistered,source_file_581351deac034e42,01_原始数据/代码仓库镜像/MatImpute/experiment/dataset/miss_datasets/Rajan_MXene_data/V(angstrom^3-atom)_0.2.csv,V(angstrom^3-atom)_0.2.csv,8019,9338b5b158a5475b3ed266d40b374485608eabc84c93e4771288c0b3f1e8319f,,,2026-07-18,UNKNOWN,,,metadata_only,unknown,review_required,尚未在配置/数据源.yaml逐来源登记；默认禁止发布。
raw_vault_unregistered,source_file_0f16da0657ae134d,01_原始数据/代码仓库镜像/MatImpute/experiment/dataset/miss_datasets/Rajan_MXene_data/V(angstrom^3-atom)_0.30000000000000004.csv,V(angstrom^3-atom)_0.30000000000000004.csv,7971,4abad7fdbc45dceb83f37874e1bda36fcc5ee3d7f2a914f75ef944edaee8e144,,,2026-07-18,UNKNOWN,,,metadata_only,unknown,review_required,尚未在配置/数据源.yaml逐来源登记；默认禁止发布。
raw_vault_unregistered,source_file_3525271f24618a7e,01_原始数据/代码仓库镜像/MatImpute/experiment/dataset/miss_datasets/Rajan_MXene_data/V(angstrom^3-atom)_0.4.csv,V(angstrom^3-atom)_0.4.csv,7921,0f0c4fa6e7edda12c41da99069e4e655b5553c14439fdaa906cd36fe76df4a6f,,,2026-07-18,UNKNOWN,,,metadata_only,unknown,review_required,尚未在配置/数据源.yaml逐来源登记；默认禁止发布。
raw_vault_unregistered,source_file_225d880b9364f00b,01_原始数据/代码仓库镜像/MatImpute/experiment/dataset/miss_datasets/Rajan_MXene_data/V(angstrom^3-atom)_0.5.csv,V(angstrom^3-atom)_0.5.csv,7875,40653f73948050296da496246ec4252512acddc0fcdac7e435798d69986cc64a,,,2026-07-18,UNKNOWN,,,metadata_only,unknown,review_required,尚未在配置/数据源.yaml逐来源登记；默认禁止发布。
raw_vault_unregistered,source_file_e7356f35629e89e0,01_原始数据/代码仓库镜像/MatImpute/experiment/dataset/miss_datasets/Rajan_MXene_data/V(angstrom^3-atom)_0.6000000000000001.csv,V(angstrom^3-atom)_0.6000000000000001.csv,7824,aa1728d821d506d052f0cde396b7e8c5a84c818425a6858699d9d08b916ff64f,,,2026-07-18,UNKNOWN,,,metadata_only,unknown,review_required,尚未在配置/数据源.yaml逐来源登记；默认禁止发布。
raw_vault_unregistered,source_file_1f26dcf5b3cb8dc5,01_原始数据/代码仓库镜像/MatImpute/experiment/dataset/miss_datasets/Rajan_MXene_data/V(angstrom^3-atom)_0.7000000000000001.csv,V(angstrom^3-atom)_0.7000000000000001.csv,7766,de031e7c91ade354c8abbfcd9b71bc37a4e81a476d03f82118d76a4ca6cac1b4,,,2026-07-18,UNKNOWN,,,metadata_only,unknown,review_required,尚未在配置/数据源.yaml逐来源登记；默认禁止发布。
raw_vault_unregistered,source_file_0fd8b9c3aa3acf20,01_原始数据/代码仓库镜像/MatImpute/experiment/dataset/miss_datasets/Rajan_MXene_data/V(angstrom^3-atom)_0.8.csv,V(angstrom^3-atom)_0.8.csv,7718,65aa55a0360754d9e769e4d904281be36bb0b71af9cefc9e45aef9d6d32533c3,,,2026-07-18,UNKNOWN,,,metadata_only,unknown,review_required,尚未在配置/数据源.yaml逐来源登记；默认禁止发布。
raw_vault_unregistered,source_file_bd61a1cdf7ba3823,01_原始数据/代码仓库镜像/MatImpute/experiment/dataset/miss_datasets/Rajan_MXene_data/V(angstrom^3-atom)_0.9.csv,V(angstrom^3-atom)_0.9.csv,7668,f537c26e4c7e623bf709c222c02fc77c659cc2eff05d74dc006896b8fcdca00b,,,2026-07-18,UNKNOWN,,,metadata_only,unknown,review_required,尚未在配置/数据源.yaml逐来源登记；默认禁止发布。
raw_vault_unregistered,source_file_382a0b34d8bab5cb,01_原始数据/代码仓库镜像/MatImpute/experiment/dataset/PUE.csv,PUE.csv,88363,e5d07b13764089579f90f16fda6a70024d67c683f5bdd41591720f9474308040,,,2026-07-18,UNKNOWN,,,metadata_only,unknown,review_required,尚未在配置/数据源.yaml逐来源登记；默认禁止发布。
raw_vault_unregistered,source_file_844d98d76b0dd3d8,01_原始数据/代码仓库镜像/MatImpute/experiment/dataset/Rajan_MXene_data.csv,Rajan_MXene_data.csv,8260,5d1a8f4516615fb5550e5280cfd9e7c99f9c8fd4215ee024a8039641d7b83426,,,2026-07-18,UNKNOWN,,,metadata_only,unknown,review_required,尚未在配置/数据源.yaml逐来源登记；默认禁止发布。
raw_vault_unregistered,source_file_dc015fa00da581cd,01_原始数据/代码仓库镜像/MatImpute/experiment/DataSets.py,DataSets.py,1518,f40cf9abde6b8cb5d89869727d71d7f14f771fb1aea0e5bf51aede844f35b7f1,,,2026-07-18,UNKNOWN,,,metadata_only,unknown,review_required,尚未在配置/数据源.yaml逐来源登记；默认禁止发布。
raw_vault_unregistered,source_file_278d55f4feb3a67c,01_原始数据/代码仓库镜像/MatImpute/experiment/dis.csv,dis.csv,2368,eedd633989c884efc70e2aab706a90a20ee77183734620cf661237dec87f782c,,,2026-07-18,UNKNOWN,,,metadata_only,unknown,review_required,尚未在配置/数据源.yaml逐来源登记；默认禁止发布。
raw_vault_unregistered,source_file_04242a5a667218ab,01_原始数据/代码仓库镜像/MatImpute/experiment/Et-knn-Bala_classification_dataset_dis.csv,Et-knn-Bala_classification_dataset_dis.csv,1827,078f2ff0409f5901c393d4b47d8f6896d31d21d032a0597c0fecfe1967b44d4a,,,2026-07-18,UNKNOWN,,,metadata_only,unknown,review_required,尚未在配置/数据源.yaml逐来源登记；默认禁止发布。
raw_vault_unregistered,source_file_6e62acca17497b55,01_原始数据/代码仓库镜像/MatImpute/experiment/Et-knn-Bala_classification_dataset_rmse.csv,Et-knn-Bala_classification_dataset_rmse.csv,1831,d58eca7bd4b871fb26215cf349eca21bf6a1c07480a72e64e59c02682889dfb4,,,2026-07-18,UNKNOWN,,,metadata_only,unknown,review_required,尚未在配置/数据源.yaml逐来源登记；默认禁止发布。
raw_vault_unregistered,source_file_13fb8e5048abffeb,01_原始数据/代码仓库镜像/MatImpute/experiment/Et-knn-Bala_regression_dataset_dis.csv,Et-knn-Bala_regression_dataset_dis.csv,1833,0c221ca15b2be61c5b02a7c84b0c7df2de4ca4423f6c9c1ce3da92df661f93f7,,,2026-07-18,UNKNOWN,,,metadata_only,unknown,review_required,尚未在配置/数据源.yaml逐来源登记；默认禁止发布。
raw_vault_unregistered,source_file_bfbf59595540aa80,01_原始数据/代码仓库镜像/MatImpute/experiment/Et-knn-Bala_regression_dataset_rmse.csv,Et-knn-Bala_regression_dataset_rmse.csv,1839,81785767babf0253fb89c6c8f591c7c79ee1eee0e2c0c2b7a171fe3420649f8f,,,2026-07-18,UNKNOWN,,,metadata_only,unknown,review_required,尚未在配置/数据源.yaml逐来源登记；默认禁止发布。
raw_vault_unregistered,source_file_3310bdb072693ca2,01_原始数据/代码仓库镜像/MatImpute/experiment/Et-knn-bandgap_dis.csv,Et-knn-bandgap_dis.csv,1835,eba7882513338361809de1d16fc522f0eb81d3f2d3eae86f7b68cbe211fa1077,,,2026-07-18,UNKNOWN,,,metadata_only,unknown,review_required,尚未在配置/数据源.yaml逐来源登记；默认禁止发布。
raw_vault_unregistered,source_file_178f6adedef63556,01_原始数据/代码仓库镜像/MatImpute/experiment/Et-knn-bandgap_rmse.csv,Et-knn-bandgap_rmse.csv,1832,54a1acbd42209106c9a5b973654d0fbf9541ea0621706c238468f5af0bced619,,,2026-07-18,UNKNOWN,,,metadata_only,unknown,review_required,尚未在配置/数据源.yaml逐来源登记；默认禁止发布。
raw_vault_unregistered,source_file_e57f6043e0a8b9e3,01_原始数据/代码仓库镜像/MatImpute/experiment/Et-knn-BMDS_data_dis.csv,Et-knn-BMDS_data_dis.csv,1829,5541ef20c06c2ad69f8441135291d203aeeeccaf005bcaf9eea552d2ee0d3c61,,,2026-07-18,UNKNOWN,,,metadata_only,unknown,review_required,尚未在配置/数据源.yaml逐来源登记；默认禁止发布。
raw_vault_unregistered,source_file_d20d81e9fee609dd,01_原始数据/代码仓库镜像/MatImpute/experiment/Et-knn-BMDS_data_rmse.csv,Et-knn-BMDS_data_rmse.csv,1834,bbb8fb5657b7c199df6a48e132b210ed0f167c9f861353e4d3e5a344adab1a38,,,2026-07-18,UNKNOWN,,,metadata_only,unknown,review_required,尚未在配置/数据源.yaml逐来源登记；默认禁止发布。
raw_vault_unregistered,source_file_1070b3d171846ce6,01_原始数据/代码仓库镜像/MatImpute/experiment/Et-knn-Crystal_structure_dis.csv,Et-knn-Crystal_structure_dis.csv,1829,921f24bebc7b3fc9c06b448345c5b4192d3ba0622639f2c8ab95deac44c77695,,,2026-07-18,UNKNOWN,,,metadata_only,unknown,review_required,尚未在配置/数据源.yaml逐来源登记；默认禁止发布。
raw_vault_unregistered,source_file_b22cd2b84773b7b4,01_原始数据/代码仓库镜像/MatImpute/experiment/Et-knn-Crystal_structure_rmse.csv,Et-knn-Crystal_structure_rmse.csv,1834,b9c895992e14ad129d1df18fb800ff51799be0a59871ea1e3b33c331a72dfc8b,,,2026-07-18,UNKNOWN,,,metadata_only,unknown,review_required,尚未在配置/数据源.yaml逐来源登记；默认禁止发布。
raw_vault_unregistered,source_file_7ecc1951d1b0caf8,01_原始数据/代码仓库镜像/MatImpute/experiment/Et-knn-glass_dis.csv,Et-knn-glass_dis.csv,1833,93882b5074d7ec148d68fc63c3708f6978f6bfd3cc34a8f48d5c656c555514e5,,,2026-07-18,UNKNOWN,,,metadata_only,unknown,review_required,尚未在配置/数据源.yaml逐来源登记；默认禁止发布。
raw_vault_unregistered,source_file_baab1f0228a36c8d,01_原始数据/代码仓库镜像/MatImpute/experiment/Et-knn-glass_rmse.csv,Et-knn-glass_rmse.csv,1828,f0026e22d341b69b91f02f9791a711e55e9cb06d3a5c6537cb316e19ec18a5ea,,,2026-07-18,UNKNOWN,,,metadata_only,unknown,review_required,尚未在配置/数据源.yaml逐来源登记；默认禁止发布。
raw_vault_unregistered,source_file_b9ab37bd9dcee7fa,01_原始数据/代码仓库镜像/MatImpute/experiment/Et-knn-PUE_dis.csv,Et-knn-PUE_dis.csv,1831,67cd151fb42fea638f39517b466cc937b02ef7381387f6e282a92f29f1f8f852,,,2026-07-18,UNKNOWN,,,metadata_only,unknown,review_required,尚未在配置/数据源.yaml逐来源登记；默认禁止发布。
raw_vault_unregistered,source_file_fece31bfe7317ef1,01_原始数据/代码仓库镜像/MatImpute/experiment/Et-knn-PUE_rmse.csv,Et-knn-PUE_rmse.csv,1827,05da624287f6ce7c6fbfb14e3d3a83fa9997e23fbf4a89a2cd2b2727fd80a412,,,2026-07-18,UNKNOWN,,,metadata_only,unknown,review_required,尚未在配置/数据源.yaml逐来源登记；默认禁止发布。
raw_vault_unregistered,source_file_98c28f3efa1d08fc,01_原始数据/代码仓库镜像/MatImpute/experiment/FillResultPlot.py,FillResultPlot.py,3193,10d6878785be947fec26273abb839b1448cdca0e4a6c3f2d94a3ef24774cabc0,,,2026-07-18,UNKNOWN,,,metadata_only,unknown,review_required,尚未在配置/数据源.yaml逐来源登记；默认禁止发布。
raw_vault_unregistered,source_file_40406f3476546dd1,01_原始数据/代码仓库镜像/MatImpute/experiment/Impute.py,Impute.py,9455,b1fd279cab4bad6fa149cf5492a7018390ee5158941d61a0b931735f189172b0,,,2026-07-18,UNKNOWN,,,metadata_only,unknown,review_required,尚未在配置/数据源.yaml逐来源登记；默认禁止发布。
raw_vault_unregistered,source_file_93b0ceb6d790dd0a,01_原始数据/代码仓库镜像/MatImpute/experiment/KNN.ipynb,KNN.ipynb,201744,fe13476096f8063481599f053a0baa26fac036df79a7d4d3556d103f6edfefdb,,,2026-07-18,UNKNOWN,,,metadata_only,unknown,review_required,尚未在配置/数据源.yaml逐来源登记；默认禁止发布。
raw_vault_unregistered,source_file_6fb649f88623cd6f,01_原始数据/代码仓库镜像/MatImpute/experiment/mechanism.ipynb,mechanism.ipynb,434563,75b421a9d0a7a75cf2948229b9d0e4640e940143588e6d932f99555dc98fb502,,,2026-07-18,UNKNOWN,,,metadata_only,unknown,review_required,尚未在配置/数据源.yaml逐来源登记；默认禁止发布。
raw_vault_unregistered,source_file_5ffb409553e6be9c,01_原始数据/代码仓库镜像/MatImpute/experiment/MissDataSetBenchmark.py,MissDataSetBenchmark.py,3537,c13e04d86f87f9723328ea0c842b3c105940d415049921b94e84730a3f791dca,,,2026-07-18,UNKNOWN,,,metadata_only,unknown,review_required,尚未在配置/数据源.yaml逐来源登记；默认禁止发布。
raw_vault_unregistered,source_file_9422cb8f0f6092c8,01_原始数据/代码仓库镜像/MatImpute/experiment/MissDataSetExplore.py,MissDataSetExplore.py,2494,3e971b01bd98d99b7659ffe0c073a6ac6e936f73075cebde988132a907c8fb77,,,2026-07-18,UNKNOWN,,,metadata_only,unknown,review_required,尚未在配置/数据源.yaml逐来源登记；默认禁止发布。
raw_vault_unregistered,source_file_e072022705449b77,01_原始数据/代码仓库镜像/MatImpute/experiment/MissingDataGen.py,MissingDataGen.py,3696,cac623482de9eb39273aa29314dbcfb8109dd8b0816271e89d1fcf2bf161655d,,,2026-07-18,UNKNOWN,,,metadata_only,unknown,review_required,尚未在配置/数据源.yaml逐来源登记；默认禁止发布。
raw_vault_unregistered,source_file_73f559f07291b14e,01_原始数据/代码仓库镜像/MatImpute/experiment/Optimal-Kernel-Estimator.ipynb,Optimal-Kernel-Estimator.ipynb,250314,518ef255fb0198525fd23c74e858064ef22742ceada9fa7b3d14627236da9cc5,,,2026-07-18,UNKNOWN,,,metadata_only,unknown,review_required,尚未在配置/数据源.yaml逐来源登记；默认禁止发布。
raw_vault_unregistered,source_file_50cecb9cc438cde7,01_原始数据/代码仓库镜像/MatImpute/experiment/PCA-explain.ipynb,PCA-explain.ipynb,413628,a0e04d9713c922ec228de399206472d0f16f2242fe795ec66217666455ecab78,,,2026-07-18,UNKNOWN,,,metadata_only,unknown,review_required,尚未在配置/数据源.yaml逐来源登记；默认禁止发布。
raw_vault_unregistered,source_file_7295550caaa13953,01_原始数据/代码仓库镜像/MatImpute/experiment/Performance.ipynb,Performance.ipynb,2747637,5687059b787ad631db2cdb50dd6f66ccdeabdae7a3ef8e99b9f5e8edee3e06d9,,,2026-07-18,UNKNOWN,,,metadata_only,unknown,review_required,尚未在配置/数据源.yaml逐来源登记；默认禁止发布。
raw_vault_unregistered,source_file_4ceced689488e382,01_原始数据/代码仓库镜像/MatImpute/experiment/Pipeline-Bala_classification.ipynb,Pipeline-Bala_classification.ipynb,285397,3c43fd47fde8c797ace88b107c017fc0a09dc24c3d9202e21fe16e9c3e74e5a3,,,2026-07-18,UNKNOWN,,,metadata_only,unknown,review_required,尚未在配置/数据源.yaml逐来源登记；默认禁止发布。
raw_vault_unregistered,source_file_73f32d12359cebbd,01_原始数据/代码仓库镜像/MatImpute/experiment/Pipeline-Bala_regression.ipynb,Pipeline-Bala_regression.ipynb,34351,c850a87f1f42bdf93a2aaf7e9d1f0d4f95cb5e074a1cf3c1f407a55434d9f512,,,2026-07-18,UNKNOWN,,,metadata_only,unknown,review_required,尚未在配置/数据源.yaml逐来源登记；默认禁止发布。
raw_vault_unregistered,source_file_ff83a54a57a06748,01_原始数据/代码仓库镜像/MatImpute/experiment/Pipeline-BandGap.ipynb,Pipeline-BandGap.ipynb,36045,0680608ce3b4f253043b801441d4e3d421f9d50f2def3d3e87d3f55ba9f75958,,,2026-07-18,UNKNOWN,,,metadata_only,unknown,review_required,尚未在配置/数据源.yaml逐来源登记；默认禁止发布。
raw_vault_unregistered,source_file_ee4015d19e870da6,01_原始数据/代码仓库镜像/MatImpute/experiment/Pipeline-BMDS.ipynb,Pipeline-BMDS.ipynb,38778,2f5090d2cc9893e651289f1b638ad12bfa60e60afacdea21c7f7f1dc7c0016af,,,2026-07-18,UNKNOWN,,,metadata_only,unknown,review_required,尚未在配置/数据源.yaml逐来源登记；默认禁止发布。
raw_vault_unregistered,source_file_0fa9df7c6cadc58f,01_原始数据/代码仓库镜像/MatImpute/experiment/Pipeline-Crystal_structure.ipynb,Pipeline-Crystal_structure.ipynb,59995,43d32689d1983660b53850311fd8251418602e781d4bbe12b728f2ccc17bc64d,,,2026-07-18,UNKNOWN,,,metadata_only,unknown,review_required,尚未在配置/数据源.yaml逐来源登记；默认禁止发布。
raw_vault_unregistered,source_file_592055862a3f8cdf,01_原始数据/代码仓库镜像/MatImpute/experiment/Pipeline-Glass.ipynb,Pipeline-Glass.ipynb,34095,05277a7eec8e58d3908bca085f74dcaa6de573830b1a8808fb84b0943e1f1a04,,,2026-07-18,UNKNOWN,,,metadata_only,unknown,review_required,尚未在配置/数据源.yaml逐来源登记；默认禁止发布。
raw_vault_unregistered,source_file_33918080714c61bc,01_原始数据/代码仓库镜像/MatImpute/experiment/pipeline-plot.ipynb,pipeline-plot.ipynb,3984733,df897741db2bcabae3456f7e9425b974839bec78b78336f446539639ad35711b,,,2026-07-18,UNKNOWN,,,metadata_only,unknown,review_required,尚未在配置/数据源.yaml逐来源登记；默认禁止发布。
raw_vault_unregistered,source_file_9bb80c1181b12596,01_原始数据/代码仓库镜像/MatImpute/experiment/Pipeline-PUE.ipynb,Pipeline-PUE.ipynb,88783,8f42589170eacf4d47f6fd92a19e292c12995d92e689e3a710cac25f758c8b94,,,2026-07-18,UNKNOWN,,,metadata_only,unknown,review_required,尚未在配置/数据源.yaml逐来源登记；默认禁止发布。
raw_vault_unregistered,source_file_5626cdbdfc2b0e91,01_原始数据/代码仓库镜像/MatImpute/experiment/Pipeline-Rajan_MXene.ipynb,Pipeline-Rajan_MXene.ipynb,294467,04f287bd16b2786930c7a07d2cad3aa2edd3c7ba3bb5688e8b2be4d5ce4bfbf0,,,2026-07-18,UNKNOWN,,,metadata_only,unknown,review_required,尚未在配置/数据源.yaml逐来源登记；默认禁止发布。
raw_vault_unregistered,source_file_7debc5b1551bc52d,01_原始数据/代码仓库镜像/MatImpute/experiment/rdf copy 2.ipynb,rdf copy 2.ipynb,290167,53ff1b79d5637616bf591a8b6acf8174982186c1faf6e4ff513ef6eec50f4c6e,,,2026-07-18,UNKNOWN,,,metadata_only,unknown,review_required,尚未在配置/数据源.yaml逐来源登记；默认禁止发布。
raw_vault_unregistered,source_file_c391cbb30d89d33f,01_原始数据/代码仓库镜像/MatImpute/experiment/rdf-glass.ipynb,rdf-glass.ipynb,213251,013f5e8ba753a479fb88cb884fb74912988a9d3ec8cf23e1083838cb46dfa954,,,2026-07-18,UNKNOWN,,,metadata_only,unknown,review_required,尚未在配置/数据源.yaml逐来源登记；默认禁止发布。
raw_vault_unregistered,source_file_c8360e20eefd0a07,01_原始数据/代码仓库镜像/MatImpute/experiment/rdf-plot.ipynb,rdf-plot.ipynb,241404,de23134ee5029492c1a2b8cb30d5162030d38df3698b5f7ea6caf3fb23b55c8b,,,2026-07-18,UNKNOWN,,,metadata_only,unknown,review_required,尚未在配置/数据源.yaml逐来源登记；默认禁止发布。
raw_vault_unregistered,source_file_a88c81090195df08,01_原始数据/代码仓库镜像/MatImpute/experiment/rdf-pue.ipynb,rdf-pue.ipynb,204626,ba771d7f169cba06ef1e4b5a3d8a0163bf1597181048af2ff633f7c946ab16d0,,,2026-07-18,UNKNOWN,,,metadata_only,unknown,review_required,尚未在配置/数据源.yaml逐来源登记；默认禁止发布。
raw_vault_unregistered,source_file_70f50e8f96beeaae,01_原始数据/代码仓库镜像/MatImpute/experiment/rdf.py,rdf.py,6450,896a732b0d6a0fb94cf0848202b8667ee2df4c5b6971ed68f9be12aecd0cb1e9,,,2026-07-18,UNKNOWN,,,metadata_only,unknown,review_required,尚未在配置/数据源.yaml逐来源登记；默认禁止发布。
raw_vault_unregistered,source_file_bb924733dd9eeabe,01_原始数据/代码仓库镜像/MatImpute/experiment/Ridge-knn-glass_dis.csv,Ridge-knn-glass_dis.csv,1554,92b2ade84256cc5cdeb417cb9c8b4fd34145d33ea8e834937d234dcc879738a9,,,2026-07-18,UNKNOWN,,,metadata_only,unknown,review_required,尚未在配置/数据源.yaml逐来源登记；默认禁止发布。
raw_vault_unregistered,source_file_b68d99112aa570ce,01_原始数据/代码仓库镜像/MatImpute/experiment/Ridge-knn-glass_rmse.csv,Ridge-knn-glass_rmse.csv,1551,2f451485e989a7c1762f5b895852224df5c7972a797e058540a9a4ee9dc8bd2d,,,2026-07-18,UNKNOWN,,,metadata_only,unknown,review_required,尚未在配置/数据源.yaml逐来源登记；默认禁止发布。
raw_vault_unregistered,source_file_dee2190a6155c711,01_原始数据/代码仓库镜像/MatImpute/experiment/Ridge-knn-Rajan_MXene_data_dis.csv,Ridge-knn-Rajan_MXene_data_dis.csv,1552,f49e93b8dbc004e4694cb6cba23d217a4647355d672791a335bd00256e6c2999,,,2026-07-18,UNKNOWN,,,metadata_only,unknown,review_required,尚未在配置/数据源.yaml逐来源登记；默认禁止发布。
raw_vault_unregistered,source_file_86d9aa63db297f9e,01_原始数据/代码仓库镜像/MatImpute/experiment/Ridge-knn-Rajan_MXene_data_rmse.csv,Ridge-knn-Rajan_MXene_data_rmse.csv,1557,0de15275711597eb5e0b9f1ac42c7232dda87c83b586e9f7797dfb5ee5e79435,,,2026-07-18,UNKNOWN,,,metadata_only,unknown,review_required,尚未在配置/数据源.yaml逐来源登记；默认禁止发布。
raw_vault_unregistered,source_file_00c89e6c98ce8a22,01_原始数据/代码仓库镜像/MatImpute/experiment/rmse-wd-result.png,rmse-wd-result.png,176307,a11f43ce60a8297a598f958ac07389d0db34a77f8178205537e79012178e83e7,,,2026-07-18,UNKNOWN,,,metadata_only,unknown,review_required,尚未在配置/数据源.yaml逐来源登记；默认禁止发布。
raw_vault_unregistered,source_file_138e0ba7d9353dc8,01_原始数据/代码仓库镜像/MatImpute/experiment/rmse.csv,rmse.csv,2380,fda2218a35a9af68643b6c095ae9ce64123ac64ef532fe261f801547d44d4bd7,,,2026-07-18,UNKNOWN,,,metadata_only,unknown,review_required,尚未在配置/数据源.yaml逐来源登记；默认禁止发布。
raw_vault_unregistered,source_file_2c2023c25bb1df4d,01_原始数据/代码仓库镜像/MatImpute/experiment/std-rmse-bala-cls.xlsx,std-rmse-bala-cls.xlsx,14341,50d198da0057eb2993d9b9e259bfd1d5aeff443124926c843754a451d7fd0a78,,,2026-07-18,UNKNOWN,,,metadata_only,unknown,review_required,尚未在配置/数据源.yaml逐来源登记；默认禁止发布。
raw_vault_unregistered,source_file_8e682d18ca6f9798,01_原始数据/代码仓库镜像/MatImpute/experiment/std-rmse-bala-reg.xlsx,std-rmse-bala-reg.xlsx,13261,6fede1d21ca04da8bc87eb3e828b578ee4832eedc539b8584dbe8d94bf04aab6,,,2026-07-18,UNKNOWN,,,metadata_only,unknown,review_required,尚未在配置/数据源.yaml逐来源登记；默认禁止发布。
raw_vault_unregistered,source_file_00764d844e8b7133,01_原始数据/代码仓库镜像/MatImpute/experiment/std-rmse-bandgap.xlsx,std-rmse-bandgap.xlsx,8295,cfa94f6e58975fd8a0b4bad1f4241fb11927b53d0f256dfed40a2750d163733d,,,2026-07-18,UNKNOWN,,,metadata_only,unknown,review_required,尚未在配置/数据源.yaml逐来源登记；默认禁止发布。
raw_vault_unregistered,source_file_1aa6a6bfbcfd7d67,01_原始数据/代码仓库镜像/MatImpute/experiment/std-rmse-BMDS.xlsx,std-rmse-BMDS.xlsx,14724,17e524e36616b2be7307a3d86be09f0a8c6a8e0878f5d4d7cf813df79414e10a,,,2026-07-18,UNKNOWN,,,metadata_only,unknown,review_required,尚未在配置/数据源.yaml逐来源登记；默认禁止发布。
raw_vault_unregistered,source_file_ec5c784bfa19abda,01_原始数据/代码仓库镜像/MatImpute/experiment/std-rmse-crystal.xlsx,std-rmse-crystal.xlsx,8744,61cd71db57479d692ba0e1d6f53a4da90cdd3bee5228cb07da5d9a78df2f2487,,,2026-07-18,UNKNOWN,,,metadata_only,unknown,review_required,尚未在配置/数据源.yaml逐来源登记；默认禁止发布。
raw_vault_unregistered,source_file_e7d40fd77ecf27c0,01_原始数据/代码仓库镜像/MatImpute/experiment/std-rmse-glass.xlsx,std-rmse-glass.xlsx,7610,ebc423ed6b08c3bac5ddf096aa945f5715f05bc31fe15c3e104dd6b5f0f84c88,,,2026-07-18,UNKNOWN,,,metadata_only,unknown,review_required,尚未在配置/数据源.yaml逐来源登记；默认禁止发布。
raw_vault_unregistered,source_file_b9f199e8a305c50c,01_原始数据/代码仓库镜像/MatImpute/experiment/std-rmse-pue.xlsx,std-rmse-pue.xlsx,17111,b7695ed9f9f7ffe18132e7074de7fb5e3cdf77617b9f2b7749f247d29f152046,,,2026-07-18,UNKNOWN,,,metadata_only,unknown,review_required,尚未在配置/数据源.yaml逐来源登记；默认禁止发布。
raw_vault_unregistered,source_file_e5ad6bafa366270b,01_原始数据/代码仓库镜像/MatImpute/experiment/std-rmse-raja.xlsx,std-rmse-raja.xlsx,14938,7db24149c196183ea08a9b0e17c0e9fe84e127797a54501828f7ec807e701fca,,,2026-07-18,UNKNOWN,,,metadata_only,unknown,review_required,尚未在配置/数据源.yaml逐来源登记；默认禁止发布。
raw_vault_unregistered,source_file_6c04cef6d067c64c,01_原始数据/代码仓库镜像/MatImpute/experiment/Utils.py,Utils.py,14364,b964afb468bc0c1a7cbb5d928d5401a4d3de03c6d4596cc2113073b9cc57d7c9,,,2026-07-18,UNKNOWN,,,metadata_only,unknown,review_required,尚未在配置/数据源.yaml逐来源登记；默认禁止发布。
raw_vault_unregistered,source_file_12a26c21a9629ecf,01_原始数据/代码仓库镜像/MatImpute/experiment/分布与RMSE-2.ipynb,分布与RMSE-2.ipynb,256217,70da1462c42bc3654caaebeba5796ad53607698ff7c6cc4c041dc3cf4d285445,,,2026-07-18,UNKNOWN,,,metadata_only,unknown,review_required,尚未在配置/数据源.yaml逐来源登记；默认禁止发布。
raw_vault_unregistered,source_file_e559c709346d37f7,01_原始数据/代码仓库镜像/MatImpute/experiment/分布与RMSE-3.ipynb,分布与RMSE-3.ipynb,110421,a599b5bcf8186113dd0f4e4d9ad1e8bb99b75642239a6d288ced80898c04d13c,,,2026-07-18,UNKNOWN,,,metadata_only,unknown,review_required,尚未在配置/数据源.yaml逐来源登记；默认禁止发布。
raw_vault_unregistered,source_file_521c2ee2b81e95f2,01_原始数据/代码仓库镜像/MatImpute/experiment/分布与RMSE-4.ipynb,分布与RMSE-4.ipynb,170123,fecdd724c897df6db2fe7cc90ddfe3a23a140bad64926e86084e19b4259241ae,,,2026-07-18,UNKNOWN,,,metadata_only,unknown,review_required,尚未在配置/数据源.yaml逐来源登记；默认禁止发布。
raw_vault_unregistered,source_file_4b9c5930f09cb18a,01_原始数据/代码仓库镜像/MatImpute/experiment/分布与RMSE-5.ipynb,分布与RMSE-5.ipynb,179967,da3cc5d55085a2ba9d4cd006f67df194f02db6600ccca617b6a42c22b22e80c4,,,2026-07-18,UNKNOWN,,,metadata_only,unknown,review_required,尚未在配置/数据源.yaml逐来源登记；默认禁止发布。
raw_vault_unregistered,source_file_f2907c17f088de33,01_原始数据/代码仓库镜像/MatImpute/experiment/分布与RMSE-6.ipynb,分布与RMSE-6.ipynb,217927,240ac6a5527a25eae6d8d4872a3580b1d13168a4f670198b5937c8bbba545d9c,,,2026-07-18,UNKNOWN,,,metadata_only,unknown,review_required,尚未在配置/数据源.yaml逐来源登记；默认禁止发布。
raw_vault_unregistered,source_file_c25c4b8f652c0801,01_原始数据/代码仓库镜像/MatImpute/experiment/分布与RMSE-7.ipynb,分布与RMSE-7.ipynb,123373,efcfd00dd65e819856a3d1e9f485f0ad820fd53f75b34776e6b35c1ff7e8abd0,,,2026-07-18,UNKNOWN,,,metadata_only,unknown,review_required,尚未在配置/数据源.yaml逐来源登记；默认禁止发布。
raw_vault_unregistered,source_file_44fdfabda74b0813,01_原始数据/代码仓库镜像/MatImpute/experiment/分布与RMSE-analysis.ipynb,分布与RMSE-analysis.ipynb,117566,81efedbcb35f7e39343d4ed0487d505c7eeb6aaf50ff2dbca00cee4293cde8f4,,,2026-07-18,UNKNOWN,,,metadata_only,unknown,review_required,尚未在配置/数据源.yaml逐来源登记；默认禁止发布。
raw_vault_unregistered,source_file_d6deb21325332721,01_原始数据/代码仓库镜像/MatImpute/experiment/分布与RMSE.ipynb,分布与RMSE.ipynb,189538,df4a6aefd87d9fa4a771d6d03c6f76fa0cb314c6d287274afbe7f01d61e70c7a,,,2026-07-18,UNKNOWN,,,metadata_only,unknown,review_required,尚未在配置/数据源.yaml逐来源登记；默认禁止发布。
raw_vault_unregistered,source_file_32f7c41b016a919d,01_原始数据/代码仓库镜像/MatImpute/pdm.lock,pdm.lock,278,729f1ffab2f1baa8a95d85e9d9f764ee73d43db913dcbe1492b2226942eedd03,,,2026-07-18,UNKNOWN,,,metadata_only,unknown,review_required,尚未在配置/数据源.yaml逐来源登记；默认禁止发布。
raw_vault_unregistered,source_file_99af1d34061aeeb1,01_原始数据/代码仓库镜像/MatImpute/pyproject.toml,pyproject.toml,524,b58113bf87690f268dd1878c94b5bd669accc812b0efd222c5496e4bacce003c,,,2026-07-18,UNKNOWN,,,metadata_only,unknown,review_required,尚未在配置/数据源.yaml逐来源登记；默认禁止发布。
raw_vault_unregistered,source_file_cd904d9575d122e4,01_原始数据/代码仓库镜像/MatImpute/README.md,README.md,1873,61c73b895dc6478a861abfcdabe56207f10a2d20400894769c58771dc0bd5fbf,,,2026-07-18,UNKNOWN,,,metadata_only,unknown,review_required,尚未在配置/数据源.yaml逐来源登记；默认禁止发布。
raw_vault_unregistered,source_file_ec1fdbd387c9b056,01_原始数据/代码仓库镜像/PolyGraphMT/.gitignore,.gitignore,195,3bf7124bc55dbcb8971388d1b5711f6d0646177beb731b76d954c47482c0402b,,,2026-07-18,UNKNOWN,,,metadata_only,unknown,review_required,尚未在配置/数据源.yaml逐来源登记；默认禁止发布。
raw_vault_unregistered,source_file_1af99d51f20056f3,01_原始数据/代码仓库镜像/PolyGraphMT/data/raw/ALPHA_DFT.csv,ALPHA_DFT.csv,67368,300a8e851db519720488f8bddb394fdff77d05837f341315db25ae0c2e01b950,,,2026-07-18,UNKNOWN,,,metadata_only,unknown,review_required,尚未在配置/数据源.yaml逐来源登记；默认禁止发布。
raw_vault_unregistered,source_file_59925c31c81cf19b,01_原始数据/代码仓库镜像/PolyGraphMT/data/raw/BANDGAP_DFT.csv,BANDGAP_DFT.csv,112674,acfab2ff1ebe707bccd1faf59285a6975f0f6943b0ce987c0100c62b2f3b7667,,,2026-07-18,UNKNOWN,,,metadata_only,unknown,review_required,尚未在配置/数据源.yaml逐来源登记；默认禁止发布。
raw_vault_unregistered,source_file_b8cce69215b8fb53,01_原始数据/代码仓库镜像/PolyGraphMT/data/raw/BULK_MD.csv,BULK_MD.csv,44465,bae6c0dea159745074f420fc6fd6732290c7dab1a85fce74640012f97957281f,,,2026-07-18,UNKNOWN,,,metadata_only,unknown,review_required,尚未在配置/数据源.yaml逐来源登记；默认禁止发布。
raw_vault_unregistered,source_file_a3f2564567fc59c9,01_原始数据/代码仓库镜像/PolyGraphMT/data/raw/CP_GC.csv,CP_GC.csv,819885,0195485e2ede8d8a5791f304259666991c656adf779a87317eff13a70c3f3f55,,,2026-07-18,UNKNOWN,,,metadata_only,unknown,review_required,尚未在配置/数据源.yaml逐来源登记；默认禁止发布。
raw_vault_unregistered,source_file_1c54817b3ab203c4,01_原始数据/代码仓库镜像/PolyGraphMT/data/raw/DC_MD.csv,DC_MD.csv,25936,3cf1e083dc994cf50272233839a3e02b408a36b5ae0ddc9b921cabcda5f1914b,,,2026-07-18,UNKNOWN,,,metadata_only,unknown,review_required,尚未在配置/数据源.yaml逐来源登记；默认禁止发布。
raw_vault_unregistered,source_file_a944bfb5e73d94e6,01_原始数据/代码仓库镜像/PolyGraphMT/data/raw/DIF_MD.csv,DIF_MD.csv,31217,12a88383ee45cf1339d80ba7b81779a3c89527eab09f8e33337f6f79a20c07fa,,,2026-07-18,UNKNOWN,,,metadata_only,unknown,review_required,尚未在配置/数据源.yaml逐来源登记；默认禁止发布。
raw_vault_unregistered,source_file_35e8be059dc1a0c6,01_原始数据/代码仓库镜像/PolyGraphMT/data/raw/ETOTAL_DFT.csv,ETOTAL_DFT.csv,115578,87d4fe4bde8c7d8af228b73a85420ece5308ca40d6f6c12830d387ec2e759c26,,,2026-07-18,UNKNOWN,,,metadata_only,unknown,review_required,尚未在配置/数据源.yaml逐来源登记；默认禁止发布。
raw_vault_unregistered,source_file_f5c8709cb06600ef,01_原始数据/代码仓库镜像/PolyGraphMT/data/raw/HOMO_DFT.csv,HOMO_DFT.csv,115567,0c7e1e9008572022f102e0679160c6aac6718c183e7432499e7e23130a46480c,,,2026-07-18,UNKNOWN,,,metadata_only,unknown,review_required,尚未在配置/数据源.yaml逐来源登记；默认禁止发布。
raw_vault_unregistered,source_file_ea29002ef2e2b3b3,01_原始数据/代码仓库镜像/PolyGraphMT/data/raw/LUMO_DFT.csv,LUMO_DFT.csv,112771,0edb561b4ab3c52fc4b7f94f436ae56e2ad29881ed0dab27f1d31486b5b04026,,,2026-07-18,UNKNOWN,,,metadata_only,unknown,review_required,尚未在配置/数据源.yaml逐来源登记；默认禁止发布。
raw_vault_unregistered,source_file_9b70af5221198cb2,01_原始数据/代码仓库镜像/PolyGraphMT/data/raw/MU_DFT.csv,MU_DFT.csv,112587,fdf0c2cf2ae20e83af69f80d12ca5229ff621231c36b35d5d41ec001663b2b7b,,,2026-07-18,UNKNOWN,,,metadata_only,unknown,review_required,尚未在配置/数据源.yaml逐来源登记；默认禁止发布。
raw_vault_unregistered,source_file_9beb70e7a476cd60,01_原始数据/代码仓库镜像/PolyGraphMT/data/raw/PE_MD.csv,PE_MD.csv,26683,b4f382d1ae90124d0c6502bc0e6b19a16a54aef304745a39d93b60176b0c8eb3,,,2026-07-18,UNKNOWN,,,metadata_only,unknown,review_required,尚未在配置/数据源.yaml逐来源登记；默认禁止发布。
raw_vault_unregistered,source_file_40e6f2bb2070c4a7,01_原始数据/代码仓库镜像/PolyGraphMT/data/raw/POISSON_MD.csv,POISSON_MD.csv,44328,62cec6451ca661f36c74eeb31966ae94e3dc76efc6214d0dc226b89ae5f77c22,,,2026-07-18,UNKNOWN,,,metadata_only,unknown,review_required,尚未在配置/数据源.yaml逐来源登记；默认禁止发布。
raw_vault_unregistered,source_file_46b819dd618fc8f4,01_原始数据/代码仓库镜像/PolyGraphMT/data/raw/RG_MD.csv,RG_MD.csv,123419,ab16342940c44270b971f023e701458a79c7c4fd85895ca14eec426d375a476f,,,2026-07-18,UNKNOWN,,,metadata_only,unknown,review_required,尚未在配置/数据源.yaml逐来源登记；默认禁止发布。
raw_vault_unregistered,source_file_e2556a3d6c63dcf7,01_原始数据/代码仓库镜像/PolyGraphMT/data/raw/RHO_MD.csv,RHO_MD.csv,92393,2d7b1b2e7f10138d6f5f927cff4144533608a19417e529457b27f3dce2c45fbe,,,2026-07-18,UNKNOWN,,,metadata_only,unknown,review_required,尚未在配置/数据源.yaml逐来源登记；默认禁止发布。
raw_vault_unregistered,source_file_eb216cbcde25dc2c,01_原始数据/代码仓库镜像/PolyGraphMT/data/raw/RI_MD.csv,RI_MD.csv,25937,120c0646139bbc3676c8a8429b0639a7fb8bedefd5ab7ef9ba8950bb2f73e637,,,2026-07-18,UNKNOWN,,,metadata_only,unknown,review_required,尚未在配置/数据源.yaml逐来源登记；默认禁止发布。
raw_vault_unregistered,source_file_67ae6cdf378d4e0c,01_原始数据/代码仓库镜像/PolyGraphMT/data/raw/SHEAR_MD.csv,SHEAR_MD.csv,44305,4dfe27c4792ab24a3a823a7bd1bb87b4885c40590c7d3963d54d9ba54241118f,,,2026-07-18,UNKNOWN,,,metadata_only,unknown,review_required,尚未在配置/数据源.yaml逐来源登记；默认禁止发布。
raw_vault_unregistered,source_file_3c86a47e5f3afce0,01_原始数据/代码仓库镜像/PolyGraphMT/data/raw/TC_MD.csv,TC_MD.csv,123994,207fe01f7cb9f8d2fa15b985a6eeb2f80dbb470437e169662c531ac9b4635fe2,,,2026-07-18,UNKNOWN,,,metadata_only,unknown,review_required,尚未在配置/数据源.yaml逐来源登记；默认禁止发布。
raw_vault_unregistered,source_file_101183a09672d310,01_原始数据/代码仓库镜像/PolyGraphMT/data/raw/TD_MD.csv,TD_MD.csv,31461,1ea06fe92307203740b36d8db678116e74655ada115d5f19a3db4090752423fc,,,2026-07-18,UNKNOWN,,,metadata_only,unknown,review_required,尚未在配置/数据源.yaml逐来源登记；默认禁止发布。
raw_vault_unregistered,source_file_29d946bdc23791fe,01_原始数据/代码仓库镜像/PolyGraphMT/data/raw/TG_MD.csv,TG_MD.csv,6600,e74021abe925a4fdbade4d74e064484b0c3d8233f3cf9467d1043cb93bd1e363,,,2026-07-18,UNKNOWN,,,metadata_only,unknown,review_required,尚未在配置/数据源.yaml逐来源登记；默认禁止发布。
raw_vault_unregistered,source_file_b759a68b59a501eb,01_原始数据/代码仓库镜像/PolyGraphMT/data/raw/VISC_MD.csv,VISC_MD.csv,32680,2799ad35fe93d3474d5975770aef0b1cb3205a8948d64cdd521b6f3cadacbaa0,,,2026-07-18,UNKNOWN,,,metadata_only,unknown,review_required,尚未在配置/数据源.yaml逐来源登记；默认禁止发布。
raw_vault_unregistered,source_file_665fefb5c1494ea3,01_原始数据/代码仓库镜像/PolyGraphMT/data/raw/YOUNG_MD.csv,YOUNG_MD.csv,44294,bf179eaf12454c5cb9a43c982cadee7c1bc0838ac91ddee2a26bbccc56cbf153,,,2026-07-18,UNKNOWN,,,metadata_only,unknown,review_required,尚未在配置/数据源.yaml逐来源登记；默认禁止发布。
raw_vault_unregistered,source_file_d22589943a561fc4,01_原始数据/代码仓库镜像/PolyGraphMT/data/README.md,README.md,252,7daaf9f0673e1e351dc60f43e72e12b369ad71c4c5b4c3c14afc6f7f25e3cbb9,,,2026-07-18,UNKNOWN,,,metadata_only,unknown,review_required,尚未在配置/数据源.yaml逐来源登记；默认禁止发布。
raw_vault_unregistered,source_file_fa0e6818e3a2c955,01_原始数据/代码仓库镜像/PolyGraphMT/environment.yml,environment.yml,290,a26a500123bbd625effa6bf9f920e75afeed038ca185883abe0be878a0a4d8c2,,,2026-07-18,UNKNOWN,,,metadata_only,unknown,review_required,尚未在配置/数据源.yaml逐来源登记；默认禁止发布。
raw_vault_unregistered,source_file_66fc0a6ac871872b,01_原始数据/代码仓库镜像/PolyGraphMT/pyproject.toml,pyproject.toml,946,86557c32a2b9e134f4e10ffa5459f4d3a14bdd77e05a4a2c64fbcccbb4d98d63,,,2026-07-18,UNKNOWN,,,metadata_only,unknown,review_required,尚未在配置/数据源.yaml逐来源登记；默认禁止发布。
raw_vault_unregistered,source_file_2a3cddd97d8dd46a,01_原始数据/代码仓库镜像/PolyGraphMT/README.md,README.md,26121,420fc76f611e74396211a7684cf3ea0d98300227b2e3be8e7fe51664817e19ab,,,2026-07-18,UNKNOWN,,,metadata_only,unknown,review_required,尚未在配置/数据源.yaml逐来源登记；默认禁止发布。
raw_vault_unregistered,source_file_4e2f7132155eac53,01_原始数据/代码仓库镜像/PolyGraphMT/requirements.txt,requirements.txt,368,875ab656e62dc787944f14c9898a54386098a2d71d424c94d406dc9e754f3dca,,,2026-07-18,UNKNOWN,,,metadata_only,unknown,review_required,尚未在配置/数据源.yaml逐来源登记；默认禁止发布。
raw_vault_unregistered,source_file_5cba3aa6c56235c0,01_原始数据/代码仓库镜像/viscosity-modeling/FeatureSpaces.xlsx,FeatureSpaces.xlsx,20657,f6c0a6fa7021cd58d9e91de45e40c3dc782e8406a3cdfc89277235377e2a535e,,,2026-07-18,UNKNOWN,,,metadata_only,unknown,review_required,尚未在配置/数据源.yaml逐来源登记；默认禁止发布。
raw_vault_unregistered,source_file_31b1965690165b4a,01_原始数据/代码仓库镜像/viscosity-modeling/modeling.ipynb,modeling.ipynb,1435918,031def116fd99a72ae72afea9e0eb94c20c9986b39e0da6bce9317188d1f56ac,,,2026-07-18,UNKNOWN,,,metadata_only,unknown,review_required,尚未在配置/数据源.yaml逐来源登记；默认禁止发布。
raw_vault_unregistered,source_file_fd0eb3b5b595bab7,01_原始数据/代码仓库镜像/viscosity-modeling/README.md,README.md,195,1f64e43a1e2ca75887c6733d17b89938c77cebf7347df50fe5d98fb4a01c0310,,,2026-07-18,UNKNOWN,,,metadata_only,unknown,review_required,尚未在配置/数据源.yaml逐来源登记；默认禁止发布。
raw_vault_unregistered,source_file_79fc7e0247e525c9,01_原始数据/代码仓库镜像/viscosity-modeling/toc-01.jpeg,toc-01.jpeg,220678,32927ef380f676739fbe96971b1425d66d91ed70f3e3ac9e51c33ba9a374ae3b,,,2026-07-18,UNKNOWN,,,metadata_only,unknown,review_required,尚未在配置/数据源.yaml逐来源登记；默认禁止发布。
raw_vault_unregistered,source_file_0b7be66980363dce,01_原始数据/代码仓库镜像/viscosity-modeling/toc-01.tif,toc-01.tif,5958572,8148d593d88dad8d9fd26f201f45f5850fc4ef1591770f7a956ddac998c3e3f0,,,2026-07-18,UNKNOWN,,,metadata_only,unknown,review_required,尚未在配置/数据源.yaml逐来源登记；默认禁止发布。
ds_prepolymer_viscosity,source_file_959d1ae6ea945038,01_原始数据/代码仓库镜像/viscosity-modeling/ViscTempData.xlsx,ViscTempData.xlsx,164350,bbec41da4ff3cae1231686e5d219ec217ac53d85e0f5fc561e408e78fdaf7085,,https://github.com/edgarsmdn/viscosity-modeling,2026-07-18,UNKNOWN,,,measured_raw,polyurethane_prepolymer,review_required,温度—黏度曲线；仓库未发现明确LICENSE，默认禁止公开再分发。
raw_vault_unregistered,source_file_35ce0d3371588108,01_原始数据/基础数据/openpoly.csv,openpoly.csv,178587,8de5baf76f79610fe9173e63c65b824714aeb8445f9d670e1767956ea9db5eb3,,,2026-07-18,UNKNOWN,,,metadata_only,unknown,review_required,尚未在配置/数据源.yaml逐来源登记；默认禁止发布。
raw_vault_unregistered,source_file_345d059e48e84abb,01_原始数据/基础数据/PI1M_v2.csv,PI1M_v2.csv,65830539,8b8d3ce5720d43a3c241385083aa34acfb8bf009b314cd4dc588f2d00ce9e77e,,,2026-07-18,UNKNOWN,,,metadata_only,unknown,review_required,尚未在配置/数据源.yaml逐来源登记；默认禁止发布。
ds_smipoly_monomers,source_file_799bf00de7641547,01_原始数据/基础数据/smipoly_monomers.csv,smipoly_monomers.csv,102937,1e70860b89b492eb0e3272615dd7220b35719c6c770e1299269aeb359be59713,,https://github.com/PEJpOhno/SMiPoly,2026-07-18,BSD-3-Clause,True,True,candidate_structure,virtual_candidate,available,SMiPoly公开示例单体；只作为反应约束候选种子，不作为实验性能标签。
raw_vault_unregistered,source_file_ab900bf531e34dfc,01_原始数据/基础数据/TPU_开源数据库与建库方案.xlsx,TPU_开源数据库与建库方案.xlsx,35635,b4a42811d76ea81db2ed46b6c9d15cd25f2cf555fc7b3783db90b402061cedc8,,,2026-07-18,UNKNOWN,,,metadata_only,unknown,review_required,尚未在配置/数据源.yaml逐来源登记；默认禁止发布。
raw_vault_unregistered,source_file_d6eeb9fbdd1879c0,01_原始数据/外部数据/am1c24715_si_001.pdf,am1c24715_si_001.pdf,205845,19b9386d570ef1543118eea5c0d337fca54c1d13b645fb1ede6faa48b1dc4da8,,,2026-07-18,UNKNOWN,,,metadata_only,unknown,review_required,尚未在配置/数据源.yaml逐来源登记；默认禁止发布。
raw_vault_unregistered,source_file_b2fe4a093d7b7ab3,01_原始数据/外部数据/am1c24715_si_002.xlsx,am1c24715_si_002.xlsx,219154,858201b64185804336cce7aeb45498371da573b588505e6b3f984c3a0c4de95d,,,2026-07-18,UNKNOWN,,,metadata_only,unknown,review_required,尚未在配置/数据源.yaml逐来源登记；默认禁止发布。
raw_vault_unregistered,source_file_3eee544369d8b5e2,01_原始数据/外部数据/jp0c06439_si_002.xlsx,jp0c06439_si_002.xlsx,28335,af6d505d532984dedd45aca9c0cf1133b393d97fd900d332961afbfe62c4f797,,,2026-07-18,UNKNOWN,,,metadata_only,unknown,review_required,尚未在配置/数据源.yaml逐来源登记；默认禁止发布。
raw_vault_unregistered,source_file_450aae62476c3eb8,01_原始数据/外部数据/jp0c06439_si_003.xlsx,jp0c06439_si_003.xlsx,18771,b1cf00e8f64ccf54c0168037e8703b081c28b2933bf2ec3fa3f43c3b429567a0,,,2026-07-18,UNKNOWN,,,metadata_only,unknown,review_required,尚未在配置/数据源.yaml逐来源登记；默认禁止发布。
raw_vault_unregistered,source_file_b9e4727d2b628b1f,01_原始数据/外部数据/ma4c02559_si_001.pdf,ma4c02559_si_001.pdf,1663615,6d1a99c377409c246d525abb2dd64469b2d509c22ce54367f1035792b7c07a82,,,2026-07-18,UNKNOWN,,,metadata_only,unknown,review_required,尚未在配置/数据源.yaml逐来源登记；默认禁止发布。
raw_vault_unregistered,source_file_c9b05d3a448f9f7e,01_原始数据/外部数据/Nature2025_Source_Data.xlsx,Nature2025_Source_Data.xlsx,771749,c73ff1dfeb1f4f1adb94e61f6ad133275cf9853ec6d10ae6aa6dbf2aa72372f0,,,2026-07-18,UNKNOWN,,,metadata_only,unknown,review_required,尚未在配置/数据源.yaml逐来源登记；默认禁止发布。
raw_vault_unregistered,source_file_bd5eb402c07a2688,01_原始数据/外部数据/Nature2025_Supplementary_Data.xlsx,Nature2025_Supplementary_Data.xlsx,71867,b1fc2e574a60f42afd5165fb2518960dac242e25f3f258d916e32f981b8cb311,,,2026-07-18,UNKNOWN,,,metadata_only,unknown,review_required,尚未在配置/数据源.yaml逐来源登记；默认禁止发布。
raw_vault_unregistered,source_file_555a43db75da54b1,01_原始数据/外部数据/Nature2025_Supplementary_Information.pdf,Nature2025_Supplementary_Information.pdf,14060419,53f188b97bf60e71d3a70d7ea091833cc84436a7ff45eaadcbf88b8d15f779b3,,,2026-07-18,UNKNOWN,,,metadata_only,unknown,review_required,尚未在配置/数据源.yaml逐来源登记；默认禁止发布。
raw_vault_unregistered,source_file_ca304342afc346ee,01_原始数据/外部数据/PolyOmics_general.csv,PolyOmics_general.csv,190382682,e230bd86499559b68b3fd20e7d7fdb538558ccf62463386f981c544953d0c853,,,2026-07-18,UNKNOWN,,,metadata_only,unknown,review_required,尚未在配置/数据源.yaml逐来源登记；默认禁止发布。
raw_vault_unregistered,source_file_1f521d8bd1e871e4,01_原始数据/外部数据/PolyOmics_PURT.csv,PolyOmics_PURT.csv,6850996,ae004eb5ff3415db7d262824008957628cea115b398873ebd38d2c6eabcc8047,,,2026-07-18,UNKNOWN,,,metadata_only,unknown,review_required,尚未在配置/数据源.yaml逐来源登记；默认禁止发布。
raw_vault_unregistered,source_file_030ef05499087691,01_原始数据/外部数据/PolyOmics_README.md,PolyOmics_README.md,1267,81d6962e1462edcdff16af0580b32c9dd3a43bfec84b286c99b88405f2c92dae,,,2026-07-18,UNKNOWN,,,metadata_only,unknown,review_required,尚未在配置/数据源.yaml逐来源登记；默认禁止发布。
raw_vault_unregistered,source_file_90e9c92980b6f22b,01_原始数据/外部数据/PU18_Menon2019/Code/GP code.py,GP code.py,1202,7fd0f1c67ad5fbca22d66e9577c3e14ccf7e5a73a6c41439b7adebad027a1fe7,,,2026-07-18,UNKNOWN,,,metadata_only,unknown,review_required,尚未在配置/数据源.yaml逐来源登记；默认禁止发布。
raw_vault_unregistered,source_file_912a36fcf4e26cea,01_原始数据/外部数据/PU18_Menon2019/Code/lattice plot.py,lattice plot.py,548,d830b73fd65182780f257845bd4b344cfcb6ad64b49a1e94210390b21cad90a9,,,2026-07-18,UNKNOWN,,,metadata_only,unknown,review_required,尚未在配置/数据源.yaml逐来源登记；默认禁止发布。
raw_vault_unregistered,source_file_5743cc04d11aee6b,01_原始数据/外部数据/PU18_Menon2019/Code/random forests.py,random forests.py,2892,9e43728fda8fc0a2bab6070dd19936f139101cd9dade220dab266387c3bd4d01,,,2026-07-18,UNKNOWN,,,metadata_only,unknown,review_required,尚未在配置/数据源.yaml逐来源登记；默认禁止发布。
raw_vault_unregistered,source_file_8e4020fd0b17a2aa,01_原始数据/外部数据/PU18_Menon2019/Code/rf classifier.py,rf classifier.py,2006,055fc0592713a6e76f0d99f4d29e167288a6dd9eca4c9b223050d2ef31d28560,,,2026-07-18,UNKNOWN,,,metadata_only,unknown,review_required,尚未在配置/数据源.yaml逐来源登记；默认禁止发布。
raw_vault_unregistered,source_file_a17ba2e22dc6740d,01_原始数据/外部数据/PU18_Menon2019_figshare.zip,PU18_Menon2019_figshare.zip,3985,b1958507976b8782438534ebdc328bddb3cf12e3fbf66518500646643b9e0bfd,,,2026-07-18,UNKNOWN,,,metadata_only,unknown,review_required,尚未在配置/数据源.yaml逐来源登记；默认禁止发布。
raw_vault_unregistered,source_file_1ff8bda859a0c6eb,01_原始数据/外部数据/PUE643_2023_ESI.pdf,PUE643_2023_ESI.pdf,1041624,7147b653ce1b00e8b65abad45a511cbab21cb05cc65d79d4dc9b3c93dcb404ec,,,2026-07-18,UNKNOWN,,,metadata_only,unknown,review_required,尚未在配置/数据源.yaml逐来源登记；默认禁止发布。
raw_vault_unregistered,source_file_6f616c011dcafae3,01_原始数据/外部数据/PUE_StressStrain_2026_ESI.pdf,PUE_StressStrain_2026_ESI.pdf,7781386,729bc51155959d07695f2b0253390aac8adff834f074033863421d2e9371b4bd,,,2026-07-18,UNKNOWN,,,metadata_only,unknown,review_required,尚未在配置/数据源.yaml逐来源登记；默认禁止发布。
ds_eom_hbond_2021,source_file_d55587eb3ef897f3,01_原始数据/外部数据/TPU_HBond_2021_Source_Main.xlsx,TPU_HBond_2021_Source_Main.xlsx,1636536,a71e665b656d471a59ea814d44c12d73a7f7e9c2d1e23044ffb6dc4b572bf8c4,10.1038/s41467-021-20931-z,https://doi.org/10.6084/m9.figshare.12936989.v1,2026-07-18,CC-BY-4.0,True,True,measured_raw,linear_tpu,available,官方Source Data主文件；用于氢键、温度与力学曲线垂直切片。
raw_vault_unregistered,source_file_4899caa9b7caec63,01_原始数据/外部数据/TPU_HBond_2021_Source_Supplementary.xlsx,TPU_HBond_2021_Source_Supplementary.xlsx,3564847,946cb14e4221f28e10c44c154d4fed23b6a66bc34c706a9bb18ba49650a1bf7d,,,2026-07-18,UNKNOWN,,,metadata_only,unknown,review_required,尚未在配置/数据源.yaml逐来源登记；默认禁止发布。
raw_vault_unregistered,source_file_d0989f25dcfe5f1d,01_原始数据/外部数据/TPU_HBond_2021_Supplementary_Information.pdf,TPU_HBond_2021_Supplementary_Information.pdf,2928152,2ae0e789e5833fa81ad0e9522540f36b7f604640cce5d43d8c0e871b3b5876cf,,,2026-07-18,UNKNOWN,,,metadata_only,unknown,review_required,尚未在配置/数据源.yaml逐来源登记；默认禁止发布。
raw_vault_unregistered,source_file_0a1dc55297e31fbd,01_原始数据/外部数据/WPU_DCR_2025_Source_Data.xlsx,WPU_DCR_2025_Source_Data.xlsx,20278510,d12b1724a94013f4476177526ac7a29f57afd2f2079a8759137a98bab7023cf3,,,2026-07-18,UNKNOWN,,,metadata_only,unknown,review_required,尚未在配置/数据源.yaml逐来源登记；默认禁止发布。
raw_vault_unregistered,source_file_7065efe8097e50d2,01_原始数据/外部数据/WPU_DCR_2025_Supplementary_Information.pdf,WPU_DCR_2025_Supplementary_Information.pdf,17181670,fe1dbcfb8d78ad8ffd59897a9a75051cb34e377a4d03a3ba07d82afd2ff53f50,,,2026-07-18,UNKNOWN,,,metadata_only,unknown,review_required,尚未在配置/数据源.yaml逐来源登记；默认禁止发布。
raw_vault_unregistered,source_file_8f3717b50ea9ad2f,01_原始数据/外部数据/力学曲线/Jiang2021_SHE/source_data.xlsx,source_data.xlsx,1528785,5a48ae982e2280aedf4df50106c1ac270a84434b1549e823db1e0dc5df342f97,,,2026-07-18,UNKNOWN,,,metadata_only,unknown,review_required,尚未在配置/数据源.yaml逐来源登记；默认禁止发布。
raw_vault_unregistered,source_file_28b3db83551d080d,01_原始数据/外部数据/力学曲线/Li2026_Mechanophore/source_data.zip,source_data.zip,8324133,6cc024a891d3fb46ccfd7d72e5971d38be76da5252ab7255005bde70a5350eb2,,,2026-07-18,UNKNOWN,,,metadata_only,unknown,review_required,尚未在配置/数据源.yaml逐来源登记；默认禁止发布。
raw_vault_unregistered,source_file_e97be5c83ac187e5,01_原始数据/外部数据/力学曲线/README.md,README.md,563,4460cd6e78a870b4bdcb9d2bda164beae51ce34d195fdb4ec4f01c28366dde8a,,,2026-07-18,UNKNOWN,,,metadata_only,unknown,review_required,尚未在配置/数据源.yaml逐来源登记；默认禁止发布。
raw_vault_unregistered,source_file_0a7b146c19e33a51,01_原始数据/外部数据/力学曲线/Schwarz2022_EPU40/Raw_Data.xlsx,Raw_Data.xlsx,2145753,2e782dd443b5f8b09eab3d5a4ebc78e7071d02b474f90048c1683c2eeb01c9f9,,,2026-07-18,UNKNOWN,,,metadata_only,unknown,review_required,尚未在配置/数据源.yaml逐来源登记；默认禁止发布。
raw_vault_unregistered,source_file_fb599f8d9378a0e4,01_原始数据/外部数据/力学曲线/SelfHealingTPU_4TU/source_data.zip,source_data.zip,546535,9d563b8389686530a1a73e62a0244c57a1c19b8a039b60ec63f0753b2ff034a8,,,2026-07-18,UNKNOWN,,,metadata_only,unknown,review_required,尚未在配置/数据源.yaml逐来源登记；默认禁止发布。
raw_vault_unregistered,source_file_08d4d2fd7806a702,01_原始数据/外部数据/力学曲线/TPU95A_2026/034b9b63-2d61-454e-ba12-1b511cb26c94_sample1.csv,034b9b63-2d61-454e-ba12-1b511cb26c94_sample1.csv,399826,e57410fca8f05a3998008a7609c593be33ddda586a6e6a60b7417a1f871fedf6,,,2026-07-18,UNKNOWN,,,metadata_only,unknown,review_required,尚未在配置/数据源.yaml逐来源登记；默认禁止发布。
raw_vault_unregistered,source_file_3187968443968851,01_原始数据/外部数据/力学曲线/TPU95A_2026/034b9b63-2d61-454e-ba12-1b511cb26c94_sample2.csv,034b9b63-2d61-454e-ba12-1b511cb26c94_sample2.csv,390536,5963c3848d5e97c6cf09f4184b3dac02a1b4af19e86ddc1c6b94b6f9cd87e91f,,,2026-07-18,UNKNOWN,,,metadata_only,unknown,review_required,尚未在配置/数据源.yaml逐来源登记；默认禁止发布。
raw_vault_unregistered,source_file_6b612881f0e94860,01_原始数据/外部数据/力学曲线/TPU95A_2026/034b9b63-2d61-454e-ba12-1b511cb26c94_sample3.csv,034b9b63-2d61-454e-ba12-1b511cb26c94_sample3.csv,394456,171717725429c687393e495ab10db834000f345394e99279244a585d9d51b43e,,,2026-07-18,UNKNOWN,,,metadata_only,unknown,review_required,尚未在配置/数据源.yaml逐来源登记；默认禁止发布。
raw_vault_unregistered,source_file_f8c014b541b9e6dc,01_原始数据/外部数据/力学曲线/TPU95A_2026/20d4894f-4b46-40c0-a9f2-153adfd3d2e2_Sample1.csv,20d4894f-4b46-40c0-a9f2-153adfd3d2e2_Sample1.csv,337849,194804d0f3efdffb7efc8c1c74499b9c53a61f5c6f80dc3ba941e1eb234a31eb,,,2026-07-18,UNKNOWN,,,metadata_only,unknown,review_required,尚未在配置/数据源.yaml逐来源登记；默认禁止发布。
raw_vault_unregistered,source_file_cdb51a596a2d1def,01_原始数据/外部数据/力学曲线/TPU95A_2026/20d4894f-4b46-40c0-a9f2-153adfd3d2e2_Sample2.csv,20d4894f-4b46-40c0-a9f2-153adfd3d2e2_Sample2.csv,333884,8d099ca4c4d30bc7e517f7d6bb7f402b9d87b1e1dba78b01007b8e90eeb626ac,,,2026-07-18,UNKNOWN,,,metadata_only,unknown,review_required,尚未在配置/数据源.yaml逐来源登记；默认禁止发布。
raw_vault_unregistered,source_file_e516ab5952d63bd3,01_原始数据/外部数据/力学曲线/TPU95A_2026/20d4894f-4b46-40c0-a9f2-153adfd3d2e2_Sample3.csv,20d4894f-4b46-40c0-a9f2-153adfd3d2e2_Sample3.csv,331276,7367428792fd6cf14637e50919d8bd5941ffc5085fccf81daaf9aefa378538d6,,,2026-07-18,UNKNOWN,,,metadata_only,unknown,review_required,尚未在配置/数据源.yaml逐来源登记；默认禁止发布。
raw_vault_unregistered,source_file_426e395be2af2abf,01_原始数据/外部数据/力学曲线/TPU95A_2026/7f3cd31f-70cf-42fe-a355-9d4b92858dcd_Strain0_1_sample1.csv,7f3cd31f-70cf-42fe-a355-9d4b92858dcd_Strain0_1_sample1.csv,233771,48bc185bd79003f20dd40cbe9a77875fb2996b5fcfc2eb848a4e8ae7fa6a51d2,,,2026-07-18,UNKNOWN,,,metadata_only,unknown,review_required,尚未在配置/数据源.yaml逐来源登记；默认禁止发布。
raw_vault_unregistered,source_file_01da63ee62bf1625,01_原始数据/外部数据/力学曲线/TPU95A_2026/7f3cd31f-70cf-42fe-a355-9d4b92858dcd_Strain0_1_sample2.csv,7f3cd31f-70cf-42fe-a355-9d4b92858dcd_Strain0_1_sample2.csv,234310,cfa95706eb38469e177982645dc2eef2e3b2b5c61dbcbbf06e7ef83da36c3bb3,,,2026-07-18,UNKNOWN,,,metadata_only,unknown,review_required,尚未在配置/数据源.yaml逐来源登记；默认禁止发布。
raw_vault_unregistered,source_file_a9b339cbc0e25cc5,01_原始数据/外部数据/力学曲线/TPU95A_2026/7f3cd31f-70cf-42fe-a355-9d4b92858dcd_Strain0_1_sample3.csv,7f3cd31f-70cf-42fe-a355-9d4b92858dcd_Strain0_1_sample3.csv,234388,3cc9bb45545133c4e042544d33647ddb572a32a74e56c485e4d4ecd1a8e0202e,,,2026-07-18,UNKNOWN,,,metadata_only,unknown,review_required,尚未在配置/数据源.yaml逐来源登记；默认禁止发布。
raw_vault_unregistered,source_file_5d71db3421e96405,01_原始数据/外部数据/力学曲线/TPU95A_2026/7f3cd31f-70cf-42fe-a355-9d4b92858dcd_Strain0_2_sample1.csv,7f3cd31f-70cf-42fe-a355-9d4b92858dcd_Strain0_2_sample1.csv,465187,6fe1602409da6c82c131d3c66d2e039c2b73b9b0435f918f21427bfabe018e5a,,,2026-07-18,UNKNOWN,,,metadata_only,unknown,review_required,尚未在配置/数据源.yaml逐来源登记；默认禁止发布。
raw_vault_unregistered,source_file_dc8a3093015fc649,01_原始数据/外部数据/力学曲线/TPU95A_2026/7f3cd31f-70cf-42fe-a355-9d4b92858dcd_Strain0_2_sample2.csv,7f3cd31f-70cf-42fe-a355-9d4b92858dcd_Strain0_2_sample2.csv,234773,6e6c54ddcdfcec3bc6702ff0cf2738301bd4561924239e220e1c3da74cf278a0,,,2026-07-18,UNKNOWN,,,metadata_only,unknown,review_required,尚未在配置/数据源.yaml逐来源登记；默认禁止发布。
raw_vault_unregistered,source_file_0bb75fcbad78cc6d,01_原始数据/外部数据/力学曲线/TPU95A_2026/7f3cd31f-70cf-42fe-a355-9d4b92858dcd_Strain0_2_sample3.csv,7f3cd31f-70cf-42fe-a355-9d4b92858dcd_Strain0_2_sample3.csv,234635,ac3ef57b2fcb990f43516c01d07e2b66b761757929ada2cd4eaa7a0bdc1b0f0b,,,2026-07-18,UNKNOWN,,,metadata_only,unknown,review_required,尚未在配置/数据源.yaml逐来源登记；默认禁止发布。
raw_vault_unregistered,source_file_88c760d15779c85e,01_原始数据/外部数据/力学曲线/TPU_literature_ftntxg4zdz/TPU_literature_Fig18_Fig19.xlsx,TPU_literature_Fig18_Fig19.xlsx,16585,7bbb8f5bf02c3f1c37ff0f1cddee8423ae65ee54f13d2d8255d19aad3a7b271b,,,2026-07-18,UNKNOWN,,,metadata_only,unknown,review_required,尚未在配置/数据源.yaml逐来源登记；默认禁止发布。
raw_vault_unregistered,source_file_85e1bbb244fb5c0e,01_原始数据/外部数据/力学曲线/Zenodo1098206/Supronics_Porous-TPU-Nanocomposites Dataset.xlsx,Supronics_Porous-TPU-Nanocomposites Dataset.xlsx,750592,11967acf1deec0ce05ad2d1e63b70738c4357345fae9dd708952a75630304bc8,,,2026-07-18,UNKNOWN,,,metadata_only,unknown,review_required,尚未在配置/数据源.yaml逐来源登记；默认禁止发布。
raw_vault_unregistered,source_file_1d9c56375ce51ec6,01_原始数据/外部数据/力学曲线/Zenodo15490464/Fig. 11. The stress-strain results of the monotonic tensile test to study potential anisotropy on two groups (axes parallel and axes perpendicular) of the TPU tested at 50 mmm.xlsx,Fig. 11. The stress-strain results of the monotonic tensile test to study potential anisotropy on two groups (axes parallel and axes perpendicular) of the TPU tested at 50 mmm.xlsx,948217,ec2857e46dbf66a771fc439435c2cbf7375b4906401db6421a1d7876abc14dfc,,,2026-07-18,UNKNOWN,,,metadata_only,unknown,review_required,尚未在配置/数据源.yaml逐来源登记；默认禁止发布。
raw_vault_unregistered,source_file_f5a56a2bb7394ee8,01_原始数据/外部数据/力学曲线/Zenodo15490464/Fig. 12. The stress-strain results of monotonic tensile test of the pure TPU tested at different speeds. .xlsx,Fig. 12. The stress-strain results of monotonic tensile test of the pure TPU tested at different speeds. .xlsx,2165006,5fb73922ac3dcbc9a9fdb41c713283143d5faf01c7b83bbfcf5ae8076621c768,,,2026-07-18,UNKNOWN,,,metadata_only,unknown,review_required,尚未在配置/数据源.yaml逐来源登记；默认禁止发布。
raw_vault_unregistered,source_file_606a828a304b012c,01_原始数据/外部数据/力学曲线/Zenodo15490464/Fig. 13. The stress-strain results of monotonic tensile test of  (b) TPUBCCFF bio-composites at different speeds..xlsx,Fig. 13. The stress-strain results of monotonic tensile test of  (b) TPUBCCFF bio-composites at different speeds..xlsx,107293,95d7f6312dd404b2fafd8617df085be18e4aa11909a041db5e196ce5a1592978,,,2026-07-18,UNKNOWN,,,metadata_only,unknown,review_required,尚未在配置/数据源.yaml逐来源登记；默认禁止发布。
raw_vault_unregistered,source_file_28ac40925db50c14,01_原始数据/外部数据/力学曲线/Zenodo15490464/Fig. 13. The stress-strain results of monotonic tensile test of (a) TPUBC composites at different speeds..xlsx,Fig. 13. The stress-strain results of monotonic tensile test of (a) TPUBC composites at different speeds..xlsx,6238245,0cde6601b72665540706af46226b97219f36a1ae135e9db6f76a693b7e1b929e,,,2026-07-18,UNKNOWN,,,metadata_only,unknown,review_required,尚未在配置/数据源.yaml逐来源登记；默认禁止发布。
raw_vault_unregistered,source_file_a91699a98a98dbb2,01_原始数据/外部数据/力学曲线/Zenodo15490464/TPU_BC_CFF_raw.zip,TPU_BC_CFF_raw.zip,9289211,b5a4de515170f580962bbea08438d1c893e67039a2a7854542d56d6afca120b0,,,2026-07-18,UNKNOWN,,,metadata_only,unknown,review_required,尚未在配置/数据源.yaml逐来源登记；默认禁止发布。
raw_vault_unregistered,source_file_ce14e04fb3e47cc4,01_原始数据/外部数据/力学曲线/Zenodo4156000/Dynamic_Tensile_0_70_Eel0.5.csv,Dynamic_Tensile_0_70_Eel0.5.csv,1182484,0cf3b3bc13ac2dd4e86d441984400898beb5187e2778afc3ad5feffe61fb7967,,,2026-07-18,UNKNOWN,,,metadata_only,unknown,review_required,尚未在配置/数据源.yaml逐来源登记；默认禁止发布。
raw_vault_unregistered,source_file_a5466ef5f770dd51,01_原始数据/外部数据/力学曲线/Zenodo4156000/Dynamic_Tensile_0_70_Empa0.3.csv,Dynamic_Tensile_0_70_Empa0.3.csv,1185723,2f8976152449e0b3af83ffa63369565fe6a3536ce29a57f78198ce0f1f42fea2,,,2026-07-18,UNKNOWN,,,metadata_only,unknown,review_required,尚未在配置/数据源.yaml逐来源登记；默认禁止发布。
raw_vault_unregistered,source_file_d6f1ddb715485436,01_原始数据/外部数据/力学曲线/Zenodo4156000/Dynamic_Tensile_0_70_Empa0.5.csv,Dynamic_Tensile_0_70_Empa0.5.csv,1185696,2f39e97fb2cb4c00a67ce624f773aa8d5615e8b6de254db16b564c477764ae40,,,2026-07-18,UNKNOWN,,,metadata_only,unknown,review_required,尚未在配置/数据源.yaml逐来源登记；默认禁止发布。
raw_vault_unregistered,source_file_9b76ece489010a11,01_原始数据/外部数据/力学曲线/Zenodo4156000/Quasi_static_eel0.5.csv,Quasi_static_eel0.5.csv,1150560,7dc46c8ee179611c5a4e4321df90366267d6536a3883b6b3a9902b694efc8bc2,,,2026-07-18,UNKNOWN,,,metadata_only,unknown,review_required,尚未在配置/数据源.yaml逐来源登记；默认禁止发布。
raw_vault_unregistered,source_file_0264123f81e09502,01_原始数据/外部数据/力学曲线/Zenodo4156000/Quasi_static_empa0.3.csv,Quasi_static_empa0.3.csv,1093710,69acee979ecfad0dcd525330413f183dedc28306852576a1decb4ba16dc90e98,,,2026-07-18,UNKNOWN,,,metadata_only,unknown,review_required,尚未在配置/数据源.yaml逐来源登记；默认禁止发布。
raw_vault_unregistered,source_file_6a01ed8fc7a8ce76,01_原始数据/外部数据/力学曲线/Zenodo4156000/Quasi_static_empa0.5.csv,Quasi_static_empa0.5.csv,1149309,5111d5aed2ff326f2d522db43e944336f0f548071f23c5790f51d86c6e26c377,,,2026-07-18,UNKNOWN,,,metadata_only,unknown,review_required,尚未在配置/数据源.yaml逐来源登记；默认禁止发布。
raw_vault_unregistered,source_file_9ab6565a3edf7cd5,01_原始数据/外部数据/力学曲线/Zenodo4156000/tensile_to_breakpoint_Eel0.5_100_mm_min.csv,tensile_to_breakpoint_Eel0.5_100_mm_min.csv,522841,c035d45a50fc71808209d075fe4a3883f34e037667481e36cfb063e18823012e,,,2026-07-18,UNKNOWN,,,metadata_only,unknown,review_required,尚未在配置/数据源.yaml逐来源登记；默认禁止发布。
raw_vault_unregistered,source_file_9c7eaecbd7150ad4,01_原始数据/外部数据/力学曲线/Zenodo4156000/tensile_to_breakpoint_Eel0.5_200_mm_min.csv,tensile_to_breakpoint_Eel0.5_200_mm_min.csv,511829,268a54104f1760d4a519f3274e198965c28262205fd1e5acc18fd8c891bd21e2,,,2026-07-18,UNKNOWN,,,metadata_only,unknown,review_required,尚未在配置/数据源.yaml逐来源登记；默认禁止发布。
raw_vault_unregistered,source_file_77ff05a5ecd4d2c4,01_原始数据/外部数据/力学曲线/Zenodo4156000/tensile_to_breakpoint_Eel0.5_50_mm_min.csv,tensile_to_breakpoint_Eel0.5_50_mm_min.csv,535639,7ef5bc4e0d2c06f99ac65222ee2a11af0edda31c5ec50055c89dac08038dcf64,,,2026-07-18,UNKNOWN,,,metadata_only,unknown,review_required,尚未在配置/数据源.yaml逐来源登记；默认禁止发布。
raw_vault_unregistered,source_file_aab07cb3c98658cf,01_原始数据/外部数据/力学曲线/Zenodo4156000/tensile_to_breakpoint_Empa0.3_100_mm_min.csv,tensile_to_breakpoint_Empa0.3_100_mm_min.csv,354976,2d7202e81b690055cecf7b726ab4dfae72ff42056def2b16f9c8330138dcc97b,,,2026-07-18,UNKNOWN,,,metadata_only,unknown,review_required,尚未在配置/数据源.yaml逐来源登记；默认禁止发布。
raw_vault_unregistered,source_file_affb0dd78ce7127b,01_原始数据/外部数据/力学曲线/Zenodo4156000/tensile_to_breakpoint_Empa0.3_200_mm_min.csv,tensile_to_breakpoint_Empa0.3_200_mm_min.csv,148417,c46f999f5f62180b71b5b4de91a2337ccabff8a57675628fb2a13d582e73ef96,,,2026-07-18,UNKNOWN,,,metadata_only,unknown,review_required,尚未在配置/数据源.yaml逐来源登记；默认禁止发布。
raw_vault_unregistered,source_file_0c7d3ab5324d904f,01_原始数据/外部数据/力学曲线/Zenodo4156000/tensile_to_breakpoint_Empa0.3_50_mm_min.csv,tensile_to_breakpoint_Empa0.3_50_mm_min.csv,213999,8734413194e57d371e1b699fdefc9736eac206bd1040d26081368abcc01b71dd,,,2026-07-18,UNKNOWN,,,metadata_only,unknown,review_required,尚未在配置/数据源.yaml逐来源登记；默认禁止发布。
raw_vault_unregistered,source_file_aa7b5f2a47f0d2f1,01_原始数据/外部数据/力学曲线/Zenodo4156000/tensile_to_breakpoint_Empa0.5_100_mm_min.csv,tensile_to_breakpoint_Empa0.5_100_mm_min.csv,354976,2d7202e81b690055cecf7b726ab4dfae72ff42056def2b16f9c8330138dcc97b,,,2026-07-18,UNKNOWN,,,metadata_only,unknown,review_required,尚未在配置/数据源.yaml逐来源登记；默认禁止发布。
raw_vault_unregistered,source_file_328c1157a8aa591f,01_原始数据/外部数据/力学曲线/Zenodo4156000/tensile_to_breakpoint_Empa0.5_200_mm_min.csv,tensile_to_breakpoint_Empa0.5_200_mm_min.csv,118893,0f8e60e6e64b6ebd3899f142be66b9bef70c6e7905cba8edd71a11a076502e61,,,2026-07-18,UNKNOWN,,,metadata_only,unknown,review_required,尚未在配置/数据源.yaml逐来源登记；默认禁止发布。
raw_vault_unregistered,source_file_33f8a34f67e4830f,01_原始数据/外部数据/力学曲线/Zenodo4156000/tensile_to_breakpoint_Empa0.5_50_mm_min.csv,tensile_to_breakpoint_Empa0.5_50_mm_min.csv,162993,876a3dc5a0eb9786765ceba83785b2b26ff9344f08d90a692d17abea97764e8c,,,2026-07-18,UNKNOWN,,,metadata_only,unknown,review_required,尚未在配置/数据源.yaml逐来源登记；默认禁止发布。
