release_id,source_id,formulation_id,polymer_family,HDI_mol_percent,HPED_mol_percent,TEA_mol_percent,fraction_basis,chemistry_mapping_status,identity_mapping_evidence,split_group,HDI_name,HDI_smiles,HPED_name,TEA_name,TEA_smiles,thermoplastic_tpu_core,model_admission_layer,usage_mode,future_weight_ceiling,source_locator,license,citation_keys,test_run_id,source_sheet,observation_unit,cycle_number,peak_stress_MPa,maximum_strain_percent,loading_energy_MJ_m3,unloading_energy_MJ_m3,hysteresis_energy_MJ_m3,peak_stress_retention_percent,peak_stress_reduction_percent,dissipation_fraction,preconditioning_cycle_count,measurement_cycle_count,measurement_strain_fraction_of_failure,test_temperature_rule,nominal_test_temperature_C,crosshead_speed_mm_min,direct_shape_recovery_available,shape_recovery_ratio_percent,shape_fixity_ratio_percent,cyclic_target_role,recovery_metric_status,source_run_point_count,quality_status,sample_mapping_status
pu-shape-memory-dib-2020-v1,doi:10.1016/j.dib.2020.106294,SMP-1,crosslinked_shape_memory_polyurethane,53.5,46.5,0.0,molar_percent,monomer_set_molar_composition_mapped,doi:10.1016/j.jmbbm.2018.08.037; doi:10.1016/j.dib.2020.106294,doi:10.1016/j.dib.2020.106294|SMP-1,"1,6-hexamethylene diisocyanate",O=C=NCCCCCCN=C=O,"N,N,N',N'-tetrakis(2-hydroxypropyl)ethylenediamine",triethanolamine,OCCN(CCO)CCO,False,polyurethane_transfer,transfer_learning_only,0.35,数据/原始/外部数据/新增开放数据/DataInBrief_聚氨酯形状记忆多模态原始数据/mmc6.xlsx,CC-BY-4.0,reference-184;reference-185,fisher_uniaxial_cyclic_tensile_mmc6_001,SMP-1_1,test_run_cycle_dependent,1,2.11778,13.253,0.14159462295000003,0.09568842279999994,0.04590620015000009,100.0,0.0,0.32420864008522776,3,10,0.5,Tg_plus_10_C,92.6,2.0,False,,,stress_retention_and_hysteresis_transfer_proxy,not_measured_by_this_isothermal_cyclic_protocol,30769,observed_unique,label_only_cross_workbook_identity_unresolved
pu-shape-memory-dib-2020-v1,doi:10.1016/j.dib.2020.106294,SMP-1,crosslinked_shape_memory_polyurethane,53.5,46.5,0.0,molar_percent,monomer_set_molar_composition_mapped,doi:10.1016/j.jmbbm.2018.08.037; doi:10.1016/j.dib.2020.106294,doi:10.1016/j.dib.2020.106294|SMP-1,"1,6-hexamethylene diisocyanate",O=C=NCCCCCCN=C=O,"N,N,N',N'-tetrakis(2-hydroxypropyl)ethylenediamine",triethanolamine,OCCN(CCO)CCO,False,polyurethane_transfer,transfer_learning_only,0.35,数据/原始/外部数据/新增开放数据/DataInBrief_聚氨酯形状记忆多模态原始数据/mmc6.xlsx,CC-BY-4.0,reference-184;reference-185,fisher_uniaxial_cyclic_tensile_mmc6_001,SMP-1_1,test_run_cycle_dependent,2,1.9322,13.253,0.10303561324999991,0.08242604850000004,0.020609564749999865,91.23705011852033,8.76294988147967,0.20002370151370824,3,10,0.5,Tg_plus_10_C,92.6,2.0,False,,,stress_retention_and_hysteresis_transfer_proxy,not_measured_by_this_isothermal_cyclic_protocol,30769,observed_unique,label_only_cross_workbook_identity_unresolved
pu-shape-memory-dib-2020-v1,doi:10.1016/j.dib.2020.106294,SMP-1,crosslinked_shape_memory_polyurethane,53.5,46.5,0.0,molar_percent,monomer_set_molar_composition_mapped,doi:10.1016/j.jmbbm.2018.08.037; doi:10.1016/j.dib.2020.106294,doi:10.1016/j.dib.2020.106294|SMP-1,"1,6-hexamethylene diisocyanate",O=C=NCCCCCCN=C=O,"N,N,N',N'-tetrakis(2-hydroxypropyl)ethylenediamine",triethanolamine,OCCN(CCO)CCO,False,polyurethane_transfer,transfer_learning_only,0.35,数据/原始/外部数据/新增开放数据/DataInBrief_聚氨酯形状记忆多模态原始数据/mmc6.xlsx,CC-BY-4.0,reference-184;reference-185,fisher_uniaxial_cyclic_tensile_mmc6_001,SMP-1_1,test_run_cycle_dependent,3,1.84298,13.253,0.09108453275,0.0753156392,0.015768893549999996,87.02414792849115,12.975852071508854,0.17312372445584068,3,10,0.5,Tg_plus_10_C,92.6,2.0,False,,,stress_retention_and_hysteresis_transfer_proxy,not_measured_by_this_isothermal_cyclic_protocol,30769,observed_unique,label_only_cross_workbook_identity_unresolved
pu-shape-memory-dib-2020-v1,doi:10.1016/j.dib.2020.106294,SMP-1,crosslinked_shape_memory_polyurethane,53.5,46.5,0.0,molar_percent,monomer_set_molar_composition_mapped,doi:10.1016/j.jmbbm.2018.08.037; doi:10.1016/j.dib.2020.106294,doi:10.1016/j.dib.2020.106294|SMP-1,"1,6-hexamethylene diisocyanate",O=C=NCCCCCCN=C=O,"N,N,N',N'-tetrakis(2-hydroxypropyl)ethylenediamine",triethanolamine,OCCN(CCO)CCO,False,polyurethane_transfer,transfer_learning_only,0.35,数据/原始/外部数据/新增开放数据/DataInBrief_聚氨酯形状记忆多模态原始数据/mmc6.xlsx,CC-BY-4.0,reference-184;reference-185,fisher_uniaxial_cyclic_tensile_mmc6_001,SMP-1_1,test_run_cycle_dependent,4,1.78124,13.253,0.08415536015,0.07051268750000009,0.01364267264999991,84.10883094561285,15.891169054387149,0.16211293761541712,3,10,0.5,Tg_plus_10_C,92.6,2.0,False,,,stress_retention_and_hysteresis_transfer_proxy,not_measured_by_this_isothermal_cyclic_protocol,30769,observed_unique,label_only_cross_workbook_identity_unresolved
pu-shape-memory-dib-2020-v1,doi:10.1016/j.dib.2020.106294,SMP-1,crosslinked_shape_memory_polyurethane,53.5,46.5,0.0,molar_percent,monomer_set_molar_composition_mapped,doi:10.1016/j.jmbbm.2018.08.037; doi:10.1016/j.dib.2020.106294,doi:10.1016/j.dib.2020.106294|SMP-1,"1,6-hexamethylene diisocyanate",O=C=NCCCCCCN=C=O,"N,N,N',N'-tetrakis(2-hydroxypropyl)ethylenediamine",triethanolamine,OCCN(CCO)CCO,False,polyurethane_transfer,transfer_learning_only,0.35,数据/原始/外部数据/新增开放数据/DataInBrief_聚氨酯形状记忆多模态原始数据/mmc6.xlsx,CC-BY-4.0,reference-184;reference-185,fisher_uniaxial_cyclic_tensile_mmc6_001,SMP-1_1,test_run_cycle_dependent,5,1.73499,13.253,0.07924610004999999,0.0669760945,0.01227000554999999,81.92494026763875,18.075059732361254,0.1548341879569882,3,10,0.5,Tg_plus_10_C,92.6,2.0,False,,,stress_retention_and_hysteresis_transfer_proxy,not_measured_by_this_isothermal_cyclic_protocol,30769,observed_unique,label_only_cross_workbook_identity_unresolved
pu-shape-memory-dib-2020-v1,doi:10.1016/j.dib.2020.106294,SMP-1,crosslinked_shape_memory_polyurethane,53.5,46.5,0.0,molar_percent,monomer_set_molar_composition_mapped,doi:10.1016/j.jmbbm.2018.08.037; doi:10.1016/j.dib.2020.106294,doi:10.1016/j.dib.2020.106294|SMP-1,"1,6-hexamethylene diisocyanate",O=C=NCCCCCCN=C=O,"N,N,N',N'-tetrakis(2-hydroxypropyl)ethylenediamine",triethanolamine,OCCN(CCO)CCO,False,polyurethane_transfer,transfer_learning_only,0.35,数据/原始/外部数据/新增开放数据/DataInBrief_聚氨酯形状记忆多模态原始数据/mmc6.xlsx,CC-BY-4.0,reference-184;reference-185,fisher_uniaxial_cyclic_tensile_mmc6_001,SMP-1_1,test_run_cycle_dependent,6,1.69734,13.253,0.07551807634999996,0.06407904209999997,0.011439034249999994,80.14713520762307,19.852864792376934,0.15147412120224113,3,10,0.5,Tg_plus_10_C,92.6,2.0,False,,,stress_retention_and_hysteresis_transfer_proxy,not_measured_by_this_isothermal_cyclic_protocol,30769,observed_unique,label_only_cross_workbook_identity_unresolved
pu-shape-memory-dib-2020-v1,doi:10.1016/j.dib.2020.106294,SMP-1,crosslinked_shape_memory_polyurethane,53.5,46.5,0.0,molar_percent,monomer_set_molar_composition_mapped,doi:10.1016/j.jmbbm.2018.08.037; doi:10.1016/j.dib.2020.106294,doi:10.1016/j.dib.2020.106294|SMP-1,"1,6-hexamethylene diisocyanate",O=C=NCCCCCCN=C=O,"N,N,N',N'-tetrakis(2-hydroxypropyl)ethylenediamine",triethanolamine,OCCN(CCO)CCO,False,polyurethane_transfer,transfer_learning_only,0.35,数据/原始/外部数据/新增开放数据/DataInBrief_聚氨酯形状记忆多模态原始数据/mmc6.xlsx,CC-BY-4.0,reference-184;reference-185,fisher_uniaxial_cyclic_tensile_mmc6_001,SMP-1_1,test_run_cycle_dependent,7,1.66516,13.253,0.07242714984999994,0.061558234450000075,0.010868915399999866,78.62761948833212,21.372380511667885,0.15006686612009315,3,10,0.5,Tg_plus_10_C,92.6,2.0,False,,,stress_retention_and_hysteresis_transfer_proxy,not_measured_by_this_isothermal_cyclic_protocol,30769,observed_unique,label_only_cross_workbook_identity_unresolved
pu-shape-memory-dib-2020-v1,doi:10.1016/j.dib.2020.106294,SMP-1,crosslinked_shape_memory_polyurethane,53.5,46.5,0.0,molar_percent,monomer_set_molar_composition_mapped,doi:10.1016/j.jmbbm.2018.08.037; doi:10.1016/j.dib.2020.106294,doi:10.1016/j.dib.2020.106294|SMP-1,"1,6-hexamethylene diisocyanate",O=C=NCCCCCCN=C=O,"N,N,N',N'-tetrakis(2-hydroxypropyl)ethylenediamine",triethanolamine,OCCN(CCO)CCO,False,polyurethane_transfer,transfer_learning_only,0.35,数据/原始/外部数据/新增开放数据/DataInBrief_聚氨酯形状记忆多模态原始数据/mmc6.xlsx,CC-BY-4.0,reference-184;reference-185,fisher_uniaxial_cyclic_tensile_mmc6_001,SMP-1_1,test_run_cycle_dependent,8,1.63501,13.253,0.06967380324999999,0.059396554900000065,0.01027724834999992,77.20395886258251,22.79604113741749,0.14750520095944272,3,10,0.5,Tg_plus_10_C,92.6,2.0,False,,,stress_retention_and_hysteresis_transfer_proxy,not_measured_by_this_isothermal_cyclic_protocol,30769,observed_unique,label_only_cross_workbook_identity_unresolved
pu-shape-memory-dib-2020-v1,doi:10.1016/j.dib.2020.106294,SMP-1,crosslinked_shape_memory_polyurethane,53.5,46.5,0.0,molar_percent,monomer_set_molar_composition_mapped,doi:10.1016/j.jmbbm.2018.08.037; doi:10.1016/j.dib.2020.106294,doi:10.1016/j.dib.2020.106294|SMP-1,"1,6-hexamethylene diisocyanate",O=C=NCCCCCCN=C=O,"N,N,N',N'-tetrakis(2-hydroxypropyl)ethylenediamine",triethanolamine,OCCN(CCO)CCO,False,polyurethane_transfer,transfer_learning_only,0.35,数据/原始/外部数据/新增开放数据/DataInBrief_聚氨酯形状记忆多模态原始数据/mmc6.xlsx,CC-BY-4.0,reference-184;reference-185,fisher_uniaxial_cyclic_tensile_mmc6_001,SMP-1_1,test_run_cycle_dependent,9,1.61286,13.253,0.06748305065000003,0.05761263159999991,0.00987041905000012,76.15805230005004,23.841947699949955,0.1462651577681768,3,10,0.5,Tg_plus_10_C,92.6,2.0,False,,,stress_retention_and_hysteresis_transfer_proxy,not_measured_by_this_isothermal_cyclic_protocol,30769,observed_unique,label_only_cross_workbook_identity_unresolved
pu-shape-memory-dib-2020-v1,doi:10.1016/j.dib.2020.106294,SMP-1,crosslinked_shape_memory_polyurethane,53.5,46.5,0.0,molar_percent,monomer_set_molar_composition_mapped,doi:10.1016/j.jmbbm.2018.08.037; doi:10.1016/j.dib.2020.106294,doi:10.1016/j.dib.2020.106294|SMP-1,"1,6-hexamethylene diisocyanate",O=C=NCCCCCCN=C=O,"N,N,N',N'-tetrakis(2-hydroxypropyl)ethylenediamine",triethanolamine,OCCN(CCO)CCO,False,polyurethane_transfer,transfer_learning_only,0.35,数据/原始/外部数据/新增开放数据/DataInBrief_聚氨酯形状记忆多模态原始数据/mmc6.xlsx,CC-BY-4.0,reference-184;reference-185,fisher_uniaxial_cyclic_tensile_mmc6_001,SMP-1_1,test_run_cycle_dependent,10,1.5902,13.253,0.06549515264999996,0.056087245749999994,0.009407906899999964,75.08806391598749,24.91193608401251,0.14364279674672947,3,10,0.5,Tg_plus_10_C,92.6,2.0,False,,,stress_retention_and_hysteresis_transfer_proxy,not_measured_by_this_isothermal_cyclic_protocol,30769,observed_unique,label_only_cross_workbook_identity_unresolved
pu-shape-memory-dib-2020-v1,doi:10.1016/j.dib.2020.106294,SMP-1,crosslinked_shape_memory_polyurethane,53.5,46.5,0.0,molar_percent,monomer_set_molar_composition_mapped,doi:10.1016/j.jmbbm.2018.08.037; doi:10.1016/j.dib.2020.106294,doi:10.1016/j.dib.2020.106294|SMP-1,"1,6-hexamethylene diisocyanate",O=C=NCCCCCCN=C=O,"N,N,N',N'-tetrakis(2-hydroxypropyl)ethylenediamine",triethanolamine,OCCN(CCO)CCO,False,polyurethane_transfer,transfer_learning_only,0.35,数据/原始/外部数据/新增开放数据/DataInBrief_聚氨酯形状记忆多模态原始数据/mmc6.xlsx,CC-BY-4.0,reference-184;reference-185,fisher_uniaxial_cyclic_tensile_mmc6_002,SMP-1_4,test_run_cycle_dependent,1,2.18723,13.253,0.14316980425,0.10233777970000005,0.04083202454999996,100.0,0.0,0.28519997470067054,3,10,0.5,Tg_plus_10_C,92.6,2.0,False,,,stress_retention_and_hysteresis_transfer_proxy,not_measured_by_this_isothermal_cyclic_protocol,31700,observed_unique,label_only_cross_workbook_identity_unresolved
pu-shape-memory-dib-2020-v1,doi:10.1016/j.dib.2020.106294,SMP-1,crosslinked_shape_memory_polyurethane,53.5,46.5,0.0,molar_percent,monomer_set_molar_composition_mapped,doi:10.1016/j.jmbbm.2018.08.037; doi:10.1016/j.dib.2020.106294,doi:10.1016/j.dib.2020.106294|SMP-1,"1,6-hexamethylene diisocyanate",O=C=NCCCCCCN=C=O,"N,N,N',N'-tetrakis(2-hydroxypropyl)ethylenediamine",triethanolamine,OCCN(CCO)CCO,False,polyurethane_transfer,transfer_learning_only,0.35,数据/原始/外部数据/新增开放数据/DataInBrief_聚氨酯形状记忆多模态原始数据/mmc6.xlsx,CC-BY-4.0,reference-184;reference-185,fisher_uniaxial_cyclic_tensile_mmc6_002,SMP-1_4,test_run_cycle_dependent,2,2.01372,13.253,0.11013264525000005,0.08885816240000008,0.02127448284999997,92.06713514353773,7.932864856462274,0.19317145067847138,3,10,0.5,Tg_plus_10_C,92.6,2.0,False,,,stress_retention_and_hysteresis_transfer_proxy,not_measured_by_this_isothermal_cyclic_protocol,31700,observed_unique,label_only_cross_workbook_identity_unresolved
pu-shape-memory-dib-2020-v1,doi:10.1016/j.dib.2020.106294,SMP-1,crosslinked_shape_memory_polyurethane,53.5,46.5,0.0,molar_percent,monomer_set_molar_composition_mapped,doi:10.1016/j.jmbbm.2018.08.037; doi:10.1016/j.dib.2020.106294,doi:10.1016/j.dib.2020.106294|SMP-1,"1,6-hexamethylene diisocyanate",O=C=NCCCCCCN=C=O,"N,N,N',N'-tetrakis(2-hydroxypropyl)ethylenediamine",triethanolamine,OCCN(CCO)CCO,False,polyurethane_transfer,transfer_learning_only,0.35,数据/原始/外部数据/新增开放数据/DataInBrief_聚氨酯形状记忆多模态原始数据/mmc6.xlsx,CC-BY-4.0,reference-184;reference-185,fisher_uniaxial_cyclic_tensile_mmc6_002,SMP-1_4,test_run_cycle_dependent,3,1.90299,13.253,0.09728525440000009,0.07947016120000021,0.017815093199999882,87.0045674208931,12.995432579106904,0.1831222348121841,3,10,0.5,Tg_plus_10_C,92.6,2.0,False,,,stress_retention_and_hysteresis_transfer_proxy,not_measured_by_this_isothermal_cyclic_protocol,31700,observed_unique,label_only_cross_workbook_identity_unresolved
pu-shape-memory-dib-2020-v1,doi:10.1016/j.dib.2020.106294,SMP-1,crosslinked_shape_memory_polyurethane,53.5,46.5,0.0,molar_percent,monomer_set_molar_composition_mapped,doi:10.1016/j.jmbbm.2018.08.037; doi:10.1016/j.dib.2020.106294,doi:10.1016/j.dib.2020.106294|SMP-1,"1,6-hexamethylene diisocyanate",O=C=NCCCCCCN=C=O,"N,N,N',N'-tetrakis(2-hydroxypropyl)ethylenediamine",triethanolamine,OCCN(CCO)CCO,False,polyurethane_transfer,transfer_learning_only,0.35,数据/原始/外部数据/新增开放数据/DataInBrief_聚氨酯形状记忆多模态原始数据/mmc6.xlsx,CC-BY-4.0,reference-184;reference-185,fisher_uniaxial_cyclic_tensile_mmc6_002,SMP-1_4,test_run_cycle_dependent,4,1.81208,13.253,0.08739253670000013,0.07233483684999985,0.015057699850000286,82.84816868824952,17.151831311750485,0.17229960839436606,3,10,0.5,Tg_plus_10_C,92.6,2.0,False,,,stress_retention_and_hysteresis_transfer_proxy,not_measured_by_this_isothermal_cyclic_protocol,31700,observed_unique,label_only_cross_workbook_identity_unresolved
pu-shape-memory-dib-2020-v1,doi:10.1016/j.dib.2020.106294,SMP-1,crosslinked_shape_memory_polyurethane,53.5,46.5,0.0,molar_percent,monomer_set_molar_composition_mapped,doi:10.1016/j.jmbbm.2018.08.037; doi:10.1016/j.dib.2020.106294,doi:10.1016/j.dib.2020.106294|SMP-1,"1,6-hexamethylene diisocyanate",O=C=NCCCCCCN=C=O,"N,N,N',N'-tetrakis(2-hydroxypropyl)ethylenediamine",triethanolamine,OCCN(CCO)CCO,False,polyurethane_transfer,transfer_learning_only,0.35,数据/原始/外部数据/新增开放数据/DataInBrief_聚氨酯形状记忆多模态原始数据/mmc6.xlsx,CC-BY-4.0,reference-184;reference-185,fisher_uniaxial_cyclic_tensile_mmc6_002,SMP-1_4,test_run_cycle_dependent,5,1.73811,13.253,0.08016565455000003,0.06643668940000008,0.013728965149999953,79.4662655504908,20.533734449509197,0.1712574446883244,3,10,0.5,Tg_plus_10_C,92.6,2.0,False,,,stress_retention_and_hysteresis_transfer_proxy,not_measured_by_this_isothermal_cyclic_protocol,31700,observed_unique,label_only_cross_workbook_identity_unresolved
pu-shape-memory-dib-2020-v1,doi:10.1016/j.dib.2020.106294,SMP-1,crosslinked_shape_memory_polyurethane,53.5,46.5,0.0,molar_percent,monomer_set_molar_composition_mapped,doi:10.1016/j.jmbbm.2018.08.037; doi:10.1016/j.dib.2020.106294,doi:10.1016/j.dib.2020.106294|SMP-1,"1,6-hexamethylene diisocyanate",O=C=NCCCCCCN=C=O,"N,N,N',N'-tetrakis(2-hydroxypropyl)ethylenediamine",triethanolamine,OCCN(CCO)CCO,False,polyurethane_transfer,transfer_learning_only,0.35,数据/原始/外部数据/新增开放数据/DataInBrief_聚氨酯形状记忆多模态原始数据/mmc6.xlsx,CC-BY-4.0,reference-184;reference-185,fisher_uniaxial_cyclic_tensile_mmc6_002,SMP-1_4,test_run_cycle_dependent,6,1.67214,13.253,0.07383740514999998,0.0613578834499999,0.012479521700000079,76.4501218436104,23.549878156389596,0.16901354638137744,3,10,0.5,Tg_plus_10_C,92.6,2.0,False,,,stress_retention_and_hysteresis_transfer_proxy,not_measured_by_this_isothermal_cyclic_protocol,31700,observed_unique,label_only_cross_workbook_identity_unresolved
pu-shape-memory-dib-2020-v1,doi:10.1016/j.dib.2020.106294,SMP-1,crosslinked_shape_memory_polyurethane,53.5,46.5,0.0,molar_percent,monomer_set_molar_composition_mapped,doi:10.1016/j.jmbbm.2018.08.037; doi:10.1016/j.dib.2020.106294,doi:10.1016/j.dib.2020.106294|SMP-1,"1,6-hexamethylene diisocyanate",O=C=NCCCCCCN=C=O,"N,N,N',N'-tetrakis(2-hydroxypropyl)ethylenediamine",triethanolamine,OCCN(CCO)CCO,False,polyurethane_transfer,transfer_learning_only,0.35,数据/原始/外部数据/新增开放数据/DataInBrief_聚氨酯形状记忆多模态原始数据/mmc6.xlsx,CC-BY-4.0,reference-184;reference-185,fisher_uniaxial_cyclic_tensile_mmc6_002,SMP-1_4,test_run_cycle_dependent,7,1.60815,13.253,0.06803560850000002,0.05668476245,0.011350846050000023,73.5245035958724,26.475496404127597,0.16683684176940988,3,10,0.5,Tg_plus_10_C,92.6,2.0,False,,,stress_retention_and_hysteresis_transfer_proxy,not_measured_by_this_isothermal_cyclic_protocol,31700,observed_unique,label_only_cross_workbook_identity_unresolved
pu-shape-memory-dib-2020-v1,doi:10.1016/j.dib.2020.106294,SMP-1,crosslinked_shape_memory_polyurethane,53.5,46.5,0.0,molar_percent,monomer_set_molar_composition_mapped,doi:10.1016/j.jmbbm.2018.08.037; doi:10.1016/j.dib.2020.106294,doi:10.1016/j.dib.2020.106294|SMP-1,"1,6-hexamethylene diisocyanate",O=C=NCCCCCCN=C=O,"N,N,N',N'-tetrakis(2-hydroxypropyl)ethylenediamine",triethanolamine,OCCN(CCO)CCO,False,polyurethane_transfer,transfer_learning_only,0.35,数据/原始/外部数据/新增开放数据/DataInBrief_聚氨酯形状记忆多模态原始数据/mmc6.xlsx,CC-BY-4.0,reference-184;reference-185,fisher_uniaxial_cyclic_tensile_mmc6_002,SMP-1_4,test_run_cycle_dependent,8,1.55371,13.253,0.06315251995000007,0.0530342636,0.01011825635000007,71.03551066874539,28.96448933125461,0.1602193603360725,3,10,0.5,Tg_plus_10_C,92.6,2.0,False,,,stress_retention_and_hysteresis_transfer_proxy,not_measured_by_this_isothermal_cyclic_protocol,31700,observed_unique,label_only_cross_workbook_identity_unresolved
pu-shape-memory-dib-2020-v1,doi:10.1016/j.dib.2020.106294,SMP-1,crosslinked_shape_memory_polyurethane,53.5,46.5,0.0,molar_percent,monomer_set_molar_composition_mapped,doi:10.1016/j.jmbbm.2018.08.037; doi:10.1016/j.dib.2020.106294,doi:10.1016/j.dib.2020.106294|SMP-1,"1,6-hexamethylene diisocyanate",O=C=NCCCCCCN=C=O,"N,N,N',N'-tetrakis(2-hydroxypropyl)ethylenediamine",triethanolamine,OCCN(CCO)CCO,False,polyurethane_transfer,transfer_learning_only,0.35,数据/原始/外部数据/新增开放数据/DataInBrief_聚氨酯形状记忆多模态原始数据/mmc6.xlsx,CC-BY-4.0,reference-184;reference-185,fisher_uniaxial_cyclic_tensile_mmc6_002,SMP-1_4,test_run_cycle_dependent,9,1.50673,13.253,0.05916977355000003,0.049834922100000026,0.00933485145,68.88758841091243,31.11241158908757,0.15776385289208186,3,10,0.5,Tg_plus_10_C,92.6,2.0,False,,,stress_retention_and_hysteresis_transfer_proxy,not_measured_by_this_isothermal_cyclic_protocol,31700,observed_unique,label_only_cross_workbook_identity_unresolved
pu-shape-memory-dib-2020-v1,doi:10.1016/j.dib.2020.106294,SMP-1,crosslinked_shape_memory_polyurethane,53.5,46.5,0.0,molar_percent,monomer_set_molar_composition_mapped,doi:10.1016/j.jmbbm.2018.08.037; doi:10.1016/j.dib.2020.106294,doi:10.1016/j.dib.2020.106294|SMP-1,"1,6-hexamethylene diisocyanate",O=C=NCCCCCCN=C=O,"N,N,N',N'-tetrakis(2-hydroxypropyl)ethylenediamine",triethanolamine,OCCN(CCO)CCO,False,polyurethane_transfer,transfer_learning_only,0.35,数据/原始/外部数据/新增开放数据/DataInBrief_聚氨酯形状记忆多模态原始数据/mmc6.xlsx,CC-BY-4.0,reference-184;reference-185,fisher_uniaxial_cyclic_tensile_mmc6_002,SMP-1_4,test_run_cycle_dependent,10,1.46032,13.253,0.05554208250000003,0.046750664499999955,0.008791418000000072,66.76572651252955,33.234273487470446,0.15828391022248883,3,10,0.5,Tg_plus_10_C,92.6,2.0,False,,,stress_retention_and_hysteresis_transfer_proxy,not_measured_by_this_isothermal_cyclic_protocol,31700,observed_unique,label_only_cross_workbook_identity_unresolved
pu-shape-memory-dib-2020-v1,doi:10.1016/j.dib.2020.106294,SMP-2,crosslinked_shape_memory_polyurethane,53.9,44.5,1.6,molar_percent,monomer_set_molar_composition_mapped,doi:10.1016/j.jmbbm.2018.08.037; doi:10.1016/j.dib.2020.106294,doi:10.1016/j.dib.2020.106294|SMP-2,"1,6-hexamethylene diisocyanate",O=C=NCCCCCCN=C=O,"N,N,N',N'-tetrakis(2-hydroxypropyl)ethylenediamine",triethanolamine,OCCN(CCO)CCO,False,polyurethane_transfer,transfer_learning_only,0.35,数据/原始/外部数据/新增开放数据/DataInBrief_聚氨酯形状记忆多模态原始数据/mmc6.xlsx,CC-BY-4.0,reference-184;reference-185,fisher_uniaxial_cyclic_tensile_mmc6_003,SMP2_2,test_run_cycle_dependent,1,1.82266,11.053,0.09978576594999998,0.08197326090000007,0.017812505049999913,100.0,0.0,0.17850747429172703,3,10,0.5,Tg_plus_10_C,88.74,2.0,False,,,stress_retention_and_hysteresis_transfer_proxy,not_measured_by_this_isothermal_cyclic_protocol,26706,observed_unique,label_only_cross_workbook_identity_unresolved
pu-shape-memory-dib-2020-v1,doi:10.1016/j.dib.2020.106294,SMP-2,crosslinked_shape_memory_polyurethane,53.9,44.5,1.6,molar_percent,monomer_set_molar_composition_mapped,doi:10.1016/j.jmbbm.2018.08.037; doi:10.1016/j.dib.2020.106294,doi:10.1016/j.dib.2020.106294|SMP-2,"1,6-hexamethylene diisocyanate",O=C=NCCCCCCN=C=O,"N,N,N',N'-tetrakis(2-hydroxypropyl)ethylenediamine",triethanolamine,OCCN(CCO)CCO,False,polyurethane_transfer,transfer_learning_only,0.35,数据/原始/外部数据/新增开放数据/DataInBrief_聚氨酯形状记忆多模态原始数据/mmc6.xlsx,CC-BY-4.0,reference-184;reference-185,fisher_uniaxial_cyclic_tensile_mmc6_003,SMP2_2,test_run_cycle_dependent,2,1.73915,11.053,0.08640909685000008,0.07605555425000007,0.010353542600000001,95.41823488747215,4.581765112527847,0.11982005341373954,3,10,0.5,Tg_plus_10_C,88.74,2.0,False,,,stress_retention_and_hysteresis_transfer_proxy,not_measured_by_this_isothermal_cyclic_protocol,26706,observed_unique,label_only_cross_workbook_identity_unresolved
pu-shape-memory-dib-2020-v1,doi:10.1016/j.dib.2020.106294,SMP-2,crosslinked_shape_memory_polyurethane,53.9,44.5,1.6,molar_percent,monomer_set_molar_composition_mapped,doi:10.1016/j.jmbbm.2018.08.037; doi:10.1016/j.dib.2020.106294,doi:10.1016/j.dib.2020.106294|SMP-2,"1,6-hexamethylene diisocyanate",O=C=NCCCCCCN=C=O,"N,N,N',N'-tetrakis(2-hydroxypropyl)ethylenediamine",triethanolamine,OCCN(CCO)CCO,False,polyurethane_transfer,transfer_learning_only,0.35,数据/原始/外部数据/新增开放数据/DataInBrief_聚氨酯形状记忆多模态原始数据/mmc6.xlsx,CC-BY-4.0,reference-184;reference-185,fisher_uniaxial_cyclic_tensile_mmc6_003,SMP2_2,test_run_cycle_dependent,3,1.69945,11.053,0.08125120299999997,0.07285245650000005,0.008398746499999915,93.24009963459999,6.759900365400014,0.10336765721487125,3,10,0.5,Tg_plus_10_C,88.74,2.0,False,,,stress_retention_and_hysteresis_transfer_proxy,not_measured_by_this_isothermal_cyclic_protocol,26706,observed_unique,label_only_cross_workbook_identity_unresolved
pu-shape-memory-dib-2020-v1,doi:10.1016/j.dib.2020.106294,SMP-2,crosslinked_shape_memory_polyurethane,53.9,44.5,1.6,molar_percent,monomer_set_molar_composition_mapped,doi:10.1016/j.jmbbm.2018.08.037; doi:10.1016/j.dib.2020.106294,doi:10.1016/j.dib.2020.106294|SMP-2,"1,6-hexamethylene diisocyanate",O=C=NCCCCCCN=C=O,"N,N,N',N'-tetrakis(2-hydroxypropyl)ethylenediamine",triethanolamine,OCCN(CCO)CCO,False,polyurethane_transfer,transfer_learning_only,0.35,数据/原始/外部数据/新增开放数据/DataInBrief_聚氨酯形状记忆多模态原始数据/mmc6.xlsx,CC-BY-4.0,reference-184;reference-185,fisher_uniaxial_cyclic_tensile_mmc6_003,SMP2_2,test_run_cycle_dependent,4,1.6726,11.053,0.07809719089999996,0.07092056819999996,0.007176622699999996,91.76697793335018,8.233022066649824,0.09189348063990352,3,10,0.5,Tg_plus_10_C,88.74,2.0,False,,,stress_retention_and_hysteresis_transfer_proxy,not_measured_by_this_isothermal_cyclic_protocol,26706,observed_unique,label_only_cross_workbook_identity_unresolved
pu-shape-memory-dib-2020-v1,doi:10.1016/j.dib.2020.106294,SMP-2,crosslinked_shape_memory_polyurethane,53.9,44.5,1.6,molar_percent,monomer_set_molar_composition_mapped,doi:10.1016/j.jmbbm.2018.08.037; doi:10.1016/j.dib.2020.106294,doi:10.1016/j.dib.2020.106294|SMP-2,"1,6-hexamethylene diisocyanate",O=C=NCCCCCCN=C=O,"N,N,N',N'-tetrakis(2-hydroxypropyl)ethylenediamine",triethanolamine,OCCN(CCO)CCO,False,polyurethane_transfer,transfer_learning_only,0.35,数据/原始/外部数据/新增开放数据/DataInBrief_聚氨酯形状记忆多模态原始数据/mmc6.xlsx,CC-BY-4.0,reference-184;reference-185,fisher_uniaxial_cyclic_tensile_mmc6_003,SMP2_2,test_run_cycle_dependent,5,1.65763,11.053,0.07620536695000005,0.06969715515000009,0.006508211799999955,90.94565086192708,9.054349138072922,0.08540358849357854,3,10,0.5,Tg_plus_10_C,88.74,2.0,False,,,stress_retention_and_hysteresis_transfer_proxy,not_measured_by_this_isothermal_cyclic_protocol,26706,observed_unique,label_only_cross_workbook_identity_unresolved
pu-shape-memory-dib-2020-v1,doi:10.1016/j.dib.2020.106294,SMP-2,crosslinked_shape_memory_polyurethane,53.9,44.5,1.6,molar_percent,monomer_set_molar_composition_mapped,doi:10.1016/j.jmbbm.2018.08.037; doi:10.1016/j.dib.2020.106294,doi:10.1016/j.dib.2020.106294|SMP-2,"1,6-hexamethylene diisocyanate",O=C=NCCCCCCN=C=O,"N,N,N',N'-tetrakis(2-hydroxypropyl)ethylenediamine",triethanolamine,OCCN(CCO)CCO,False,polyurethane_transfer,transfer_learning_only,0.35,数据/原始/外部数据/新增开放数据/DataInBrief_聚氨酯形状记忆多模态原始数据/mmc6.xlsx,CC-BY-4.0,reference-184;reference-185,fisher_uniaxial_cyclic_tensile_mmc6_003,SMP2_2,test_run_cycle_dependent,6,1.64772,11.053,0.07476781619999993,0.0687492383999999,0.006018577800000036,90.4019400217265,9.598059978273497,0.08049690503064394,3,10,0.5,Tg_plus_10_C,88.74,2.0,False,,,stress_retention_and_hysteresis_transfer_proxy,not_measured_by_this_isothermal_cyclic_protocol,26706,observed_unique,label_only_cross_workbook_identity_unresolved
pu-shape-memory-dib-2020-v1,doi:10.1016/j.dib.2020.106294,SMP-2,crosslinked_shape_memory_polyurethane,53.9,44.5,1.6,molar_percent,monomer_set_molar_composition_mapped,doi:10.1016/j.jmbbm.2018.08.037; doi:10.1016/j.dib.2020.106294,doi:10.1016/j.dib.2020.106294|SMP-2,"1,6-hexamethylene diisocyanate",O=C=NCCCCCCN=C=O,"N,N,N',N'-tetrakis(2-hydroxypropyl)ethylenediamine",triethanolamine,OCCN(CCO)CCO,False,polyurethane_transfer,transfer_learning_only,0.35,数据/原始/外部数据/新增开放数据/DataInBrief_聚氨酯形状记忆多模态原始数据/mmc6.xlsx,CC-BY-4.0,reference-184;reference-185,fisher_uniaxial_cyclic_tensile_mmc6_003,SMP2_2,test_run_cycle_dependent,7,1.64068,11.053,0.07396589245000007,0.06813316874999992,0.005832723700000153,90.01569135219952,9.984308647800475,0.07885693671502705,3,10,0.5,Tg_plus_10_C,88.74,2.0,False,,,stress_retention_and_hysteresis_transfer_proxy,not_measured_by_this_isothermal_cyclic_protocol,26706,observed_unique,label_only_cross_workbook_identity_unresolved
pu-shape-memory-dib-2020-v1,doi:10.1016/j.dib.2020.106294,SMP-2,crosslinked_shape_memory_polyurethane,53.9,44.5,1.6,molar_percent,monomer_set_molar_composition_mapped,doi:10.1016/j.jmbbm.2018.08.037; doi:10.1016/j.dib.2020.106294,doi:10.1016/j.dib.2020.106294|SMP-2,"1,6-hexamethylene diisocyanate",O=C=NCCCCCCN=C=O,"N,N,N',N'-tetrakis(2-hydroxypropyl)ethylenediamine",triethanolamine,OCCN(CCO)CCO,False,polyurethane_transfer,transfer_learning_only,0.35,数据/原始/外部数据/新增开放数据/DataInBrief_聚氨酯形状记忆多模态原始数据/mmc6.xlsx,CC-BY-4.0,reference-184;reference-185,fisher_uniaxial_cyclic_tensile_mmc6_003,SMP2_2,test_run_cycle_dependent,8,1.63507,11.053,0.07308485309999994,0.06770368275000002,0.0053811703499999225,89.70789944367024,10.292100556329757,0.07362907800658802,3,10,0.5,Tg_plus_10_C,88.74,2.0,False,,,stress_retention_and_hysteresis_transfer_proxy,not_measured_by_this_isothermal_cyclic_protocol,26706,observed_unique,label_only_cross_workbook_identity_unresolved
pu-shape-memory-dib-2020-v1,doi:10.1016/j.dib.2020.106294,SMP-2,crosslinked_shape_memory_polyurethane,53.9,44.5,1.6,molar_percent,monomer_set_molar_composition_mapped,doi:10.1016/j.jmbbm.2018.08.037; doi:10.1016/j.dib.2020.106294,doi:10.1016/j.dib.2020.106294|SMP-2,"1,6-hexamethylene diisocyanate",O=C=NCCCCCCN=C=O,"N,N,N',N'-tetrakis(2-hydroxypropyl)ethylenediamine",triethanolamine,OCCN(CCO)CCO,False,polyurethane_transfer,transfer_learning_only,0.35,数据/原始/外部数据/新增开放数据/DataInBrief_聚氨酯形状记忆多模态原始数据/mmc6.xlsx,CC-BY-4.0,reference-184;reference-185,fisher_uniaxial_cyclic_tensile_mmc6_003,SMP2_2,test_run_cycle_dependent,9,1.6311,11.053,0.07263270830000002,0.06722059950000009,0.005412108799999926,89.49008591838303,10.50991408161697,0.074513382836365,3,10,0.5,Tg_plus_10_C,88.74,2.0,False,,,stress_retention_and_hysteresis_transfer_proxy,not_measured_by_this_isothermal_cyclic_protocol,26706,observed_unique,label_only_cross_workbook_identity_unresolved
pu-shape-memory-dib-2020-v1,doi:10.1016/j.dib.2020.106294,SMP-2,crosslinked_shape_memory_polyurethane,53.9,44.5,1.6,molar_percent,monomer_set_molar_composition_mapped,doi:10.1016/j.jmbbm.2018.08.037; doi:10.1016/j.dib.2020.106294,doi:10.1016/j.dib.2020.106294|SMP-2,"1,6-hexamethylene diisocyanate",O=C=NCCCCCCN=C=O,"N,N,N',N'-tetrakis(2-hydroxypropyl)ethylenediamine",triethanolamine,OCCN(CCO)CCO,False,polyurethane_transfer,transfer_learning_only,0.35,数据/原始/外部数据/新增开放数据/DataInBrief_聚氨酯形状记忆多模态原始数据/mmc6.xlsx,CC-BY-4.0,reference-184;reference-185,fisher_uniaxial_cyclic_tensile_mmc6_003,SMP2_2,test_run_cycle_dependent,10,1.62546,11.053,0.07199610595000004,0.06674324184999995,0.0052528641000000875,89.18064806381881,10.819351936181192,0.07296039182519266,3,10,0.5,Tg_plus_10_C,88.74,2.0,False,,,stress_retention_and_hysteresis_transfer_proxy,not_measured_by_this_isothermal_cyclic_protocol,26706,observed_unique,label_only_cross_workbook_identity_unresolved
pu-shape-memory-dib-2020-v1,doi:10.1016/j.dib.2020.106294,SMP-2,crosslinked_shape_memory_polyurethane,53.9,44.5,1.6,molar_percent,monomer_set_molar_composition_mapped,doi:10.1016/j.jmbbm.2018.08.037; doi:10.1016/j.dib.2020.106294,doi:10.1016/j.dib.2020.106294|SMP-2,"1,6-hexamethylene diisocyanate",O=C=NCCCCCCN=C=O,"N,N,N',N'-tetrakis(2-hydroxypropyl)ethylenediamine",triethanolamine,OCCN(CCO)CCO,False,polyurethane_transfer,transfer_learning_only,0.35,数据/原始/外部数据/新增开放数据/DataInBrief_聚氨酯形状记忆多模态原始数据/mmc6.xlsx,CC-BY-4.0,reference-184;reference-185,fisher_uniaxial_cyclic_tensile_mmc6_004,SMP-2_2,test_run_cycle_dependent,1,1.96201,11.052,0.10834265475,0.09328022650000009,0.015062428249999912,100.0,0.0,0.13902583691304565,3,10,0.5,Tg_plus_10_C,88.74,2.0,False,,,stress_retention_and_hysteresis_transfer_proxy,not_measured_by_this_isothermal_cyclic_protocol,26271,observed_unique,normalized_label_collision_within_workbook
pu-shape-memory-dib-2020-v1,doi:10.1016/j.dib.2020.106294,SMP-2,crosslinked_shape_memory_polyurethane,53.9,44.5,1.6,molar_percent,monomer_set_molar_composition_mapped,doi:10.1016/j.jmbbm.2018.08.037; doi:10.1016/j.dib.2020.106294,doi:10.1016/j.dib.2020.106294|SMP-2,"1,6-hexamethylene diisocyanate",O=C=NCCCCCCN=C=O,"N,N,N',N'-tetrakis(2-hydroxypropyl)ethylenediamine",triethanolamine,OCCN(CCO)CCO,False,polyurethane_transfer,transfer_learning_only,0.35,数据/原始/外部数据/新增开放数据/DataInBrief_聚氨酯形状记忆多模态原始数据/mmc6.xlsx,CC-BY-4.0,reference-184;reference-185,fisher_uniaxial_cyclic_tensile_mmc6_004,SMP-2_2,test_run_cycle_dependent,2,1.90957,11.052,0.09825440095,0.08944055769999995,0.00881384325000005,97.32723074805938,2.672769251940622,0.08970431008464716,3,10,0.5,Tg_plus_10_C,88.74,2.0,False,,,stress_retention_and_hysteresis_transfer_proxy,not_measured_by_this_isothermal_cyclic_protocol,26271,observed_unique,normalized_label_collision_within_workbook
pu-shape-memory-dib-2020-v1,doi:10.1016/j.dib.2020.106294,SMP-2,crosslinked_shape_memory_polyurethane,53.9,44.5,1.6,molar_percent,monomer_set_molar_composition_mapped,doi:10.1016/j.jmbbm.2018.08.037; doi:10.1016/j.dib.2020.106294,doi:10.1016/j.dib.2020.106294|SMP-2,"1,6-hexamethylene diisocyanate",O=C=NCCCCCCN=C=O,"N,N,N',N'-tetrakis(2-hydroxypropyl)ethylenediamine",triethanolamine,OCCN(CCO)CCO,False,polyurethane_transfer,transfer_learning_only,0.35,数据/原始/外部数据/新增开放数据/DataInBrief_聚氨酯形状记忆多模态原始数据/mmc6.xlsx,CC-BY-4.0,reference-184;reference-185,fisher_uniaxial_cyclic_tensile_mmc6_004,SMP-2_2,test_run_cycle_dependent,3,1.88536,11.052,0.09481194690000004,0.08725783394999988,0.007554112950000164,96.09329208311884,3.9067079168811603,0.07967469498298173,3,10,0.5,Tg_plus_10_C,88.74,2.0,False,,,stress_retention_and_hysteresis_transfer_proxy,not_measured_by_this_isothermal_cyclic_protocol,26271,observed_unique,normalized_label_collision_within_workbook
pu-shape-memory-dib-2020-v1,doi:10.1016/j.dib.2020.106294,SMP-2,crosslinked_shape_memory_polyurethane,53.9,44.5,1.6,molar_percent,monomer_set_molar_composition_mapped,doi:10.1016/j.jmbbm.2018.08.037; doi:10.1016/j.dib.2020.106294,doi:10.1016/j.dib.2020.106294|SMP-2,"1,6-hexamethylene diisocyanate",O=C=NCCCCCCN=C=O,"N,N,N',N'-tetrakis(2-hydroxypropyl)ethylenediamine",triethanolamine,OCCN(CCO)CCO,False,polyurethane_transfer,transfer_learning_only,0.35,数据/原始/外部数据/新增开放数据/DataInBrief_聚氨酯形状记忆多模态原始数据/mmc6.xlsx,CC-BY-4.0,reference-184;reference-185,fisher_uniaxial_cyclic_tensile_mmc6_004,SMP-2_2,test_run_cycle_dependent,4,1.87107,11.052,0.0926999018,0.0858555603,0.0068443415000000035,95.36495736515104,4.635042634848958,0.07383331985363553,3,10,0.5,Tg_plus_10_C,88.74,2.0,False,,,stress_retention_and_hysteresis_transfer_proxy,not_measured_by_this_isothermal_cyclic_protocol,26271,observed_unique,normalized_label_collision_within_workbook
pu-shape-memory-dib-2020-v1,doi:10.1016/j.dib.2020.106294,SMP-2,crosslinked_shape_memory_polyurethane,53.9,44.5,1.6,molar_percent,monomer_set_molar_composition_mapped,doi:10.1016/j.jmbbm.2018.08.037; doi:10.1016/j.dib.2020.106294,doi:10.1016/j.dib.2020.106294|SMP-2,"1,6-hexamethylene diisocyanate",O=C=NCCCCCCN=C=O,"N,N,N',N'-tetrakis(2-hydroxypropyl)ethylenediamine",triethanolamine,OCCN(CCO)CCO,False,polyurethane_transfer,transfer_learning_only,0.35,数据/原始/外部数据/新增开放数据/DataInBrief_聚氨酯形状记忆多模态原始数据/mmc6.xlsx,CC-BY-4.0,reference-184;reference-185,fisher_uniaxial_cyclic_tensile_mmc6_004,SMP-2_2,test_run_cycle_dependent,5,1.85977,11.052,0.09127113214999998,0.08490016674999994,0.006370965400000039,94.7890173852325,5.210982614767502,0.06980263364685392,3,10,0.5,Tg_plus_10_C,88.74,2.0,False,,,stress_retention_and_hysteresis_transfer_proxy,not_measured_by_this_isothermal_cyclic_protocol,26271,observed_unique,normalized_label_collision_within_workbook
pu-shape-memory-dib-2020-v1,doi:10.1016/j.dib.2020.106294,SMP-2,crosslinked_shape_memory_polyurethane,53.9,44.5,1.6,molar_percent,monomer_set_molar_composition_mapped,doi:10.1016/j.jmbbm.2018.08.037; doi:10.1016/j.dib.2020.106294,doi:10.1016/j.dib.2020.106294|SMP-2,"1,6-hexamethylene diisocyanate",O=C=NCCCCCCN=C=O,"N,N,N',N'-tetrakis(2-hydroxypropyl)ethylenediamine",triethanolamine,OCCN(CCO)CCO,False,polyurethane_transfer,transfer_learning_only,0.35,数据/原始/外部数据/新增开放数据/DataInBrief_聚氨酯形状记忆多模态原始数据/mmc6.xlsx,CC-BY-4.0,reference-184;reference-185,fisher_uniaxial_cyclic_tensile_mmc6_004,SMP-2_2,test_run_cycle_dependent,6,1.85212,11.052,0.09019496380000003,0.08421943995,0.005975523850000025,94.3991111156416,5.6008888843583975,0.06625119184315281,3,10,0.5,Tg_plus_10_C,88.74,2.0,False,,,stress_retention_and_hysteresis_transfer_proxy,not_measured_by_this_isothermal_cyclic_protocol,26271,observed_unique,normalized_label_collision_within_workbook
pu-shape-memory-dib-2020-v1,doi:10.1016/j.dib.2020.106294,SMP-2,crosslinked_shape_memory_polyurethane,53.9,44.5,1.6,molar_percent,monomer_set_molar_composition_mapped,doi:10.1016/j.jmbbm.2018.08.037; doi:10.1016/j.dib.2020.106294,doi:10.1016/j.dib.2020.106294|SMP-2,"1,6-hexamethylene diisocyanate",O=C=NCCCCCCN=C=O,"N,N,N',N'-tetrakis(2-hydroxypropyl)ethylenediamine",triethanolamine,OCCN(CCO)CCO,False,polyurethane_transfer,transfer_learning_only,0.35,数据/原始/外部数据/新增开放数据/DataInBrief_聚氨酯形状记忆多模态原始数据/mmc6.xlsx,CC-BY-4.0,reference-184;reference-185,fisher_uniaxial_cyclic_tensile_mmc6_004,SMP-2_2,test_run_cycle_dependent,7,1.84566,11.052,0.08950478665000003,0.08359785875000009,0.005906927899999942,94.06985693243153,5.930143067568466,0.06599566482514978,3,10,0.5,Tg_plus_10_C,88.74,2.0,False,,,stress_retention_and_hysteresis_transfer_proxy,not_measured_by_this_isothermal_cyclic_protocol,26271,observed_unique,normalized_label_collision_within_workbook
pu-shape-memory-dib-2020-v1,doi:10.1016/j.dib.2020.106294,SMP-2,crosslinked_shape_memory_polyurethane,53.9,44.5,1.6,molar_percent,monomer_set_molar_composition_mapped,doi:10.1016/j.jmbbm.2018.08.037; doi:10.1016/j.dib.2020.106294,doi:10.1016/j.dib.2020.106294|SMP-2,"1,6-hexamethylene diisocyanate",O=C=NCCCCCCN=C=O,"N,N,N',N'-tetrakis(2-hydroxypropyl)ethylenediamine",triethanolamine,OCCN(CCO)CCO,False,polyurethane_transfer,transfer_learning_only,0.35,数据/原始/外部数据/新增开放数据/DataInBrief_聚氨酯形状记忆多模态原始数据/mmc6.xlsx,CC-BY-4.0,reference-184;reference-185,fisher_uniaxial_cyclic_tensile_mmc6_004,SMP-2_2,test_run_cycle_dependent,8,1.8421,11.052,0.08882886615000009,0.08307540444999996,0.005753461700000129,93.88841035468728,6.111589645312719,0.06477018056590518,3,10,0.5,Tg_plus_10_C,88.74,2.0,False,,,stress_retention_and_hysteresis_transfer_proxy,not_measured_by_this_isothermal_cyclic_protocol,26271,observed_unique,normalized_label_collision_within_workbook
pu-shape-memory-dib-2020-v1,doi:10.1016/j.dib.2020.106294,SMP-2,crosslinked_shape_memory_polyurethane,53.9,44.5,1.6,molar_percent,monomer_set_molar_composition_mapped,doi:10.1016/j.jmbbm.2018.08.037; doi:10.1016/j.dib.2020.106294,doi:10.1016/j.dib.2020.106294|SMP-2,"1,6-hexamethylene diisocyanate",O=C=NCCCCCCN=C=O,"N,N,N',N'-tetrakis(2-hydroxypropyl)ethylenediamine",triethanolamine,OCCN(CCO)CCO,False,polyurethane_transfer,transfer_learning_only,0.35,数据/原始/外部数据/新增开放数据/DataInBrief_聚氨酯形状记忆多模态原始数据/mmc6.xlsx,CC-BY-4.0,reference-184;reference-185,fisher_uniaxial_cyclic_tensile_mmc6_004,SMP-2_2,test_run_cycle_dependent,9,1.83598,11.052,0.08812928545000003,0.08251008460000002,0.005619200850000006,93.57648533901457,6.423514660985433,0.06376088063471305,3,10,0.5,Tg_plus_10_C,88.74,2.0,False,,,stress_retention_and_hysteresis_transfer_proxy,not_measured_by_this_isothermal_cyclic_protocol,26271,observed_unique,normalized_label_collision_within_workbook
pu-shape-memory-dib-2020-v1,doi:10.1016/j.dib.2020.106294,SMP-2,crosslinked_shape_memory_polyurethane,53.9,44.5,1.6,molar_percent,monomer_set_molar_composition_mapped,doi:10.1016/j.jmbbm.2018.08.037; doi:10.1016/j.dib.2020.106294,doi:10.1016/j.dib.2020.106294|SMP-2,"1,6-hexamethylene diisocyanate",O=C=NCCCCCCN=C=O,"N,N,N',N'-tetrakis(2-hydroxypropyl)ethylenediamine",triethanolamine,OCCN(CCO)CCO,False,polyurethane_transfer,transfer_learning_only,0.35,数据/原始/外部数据/新增开放数据/DataInBrief_聚氨酯形状记忆多模态原始数据/mmc6.xlsx,CC-BY-4.0,reference-184;reference-185,fisher_uniaxial_cyclic_tensile_mmc6_004,SMP-2_2,test_run_cycle_dependent,10,1.8321,11.052,0.08755329639999994,0.08204097055000009,0.005512325849999847,93.37872895652927,6.621271043470728,0.06295966087691303,3,10,0.5,Tg_plus_10_C,88.74,2.0,False,,,stress_retention_and_hysteresis_transfer_proxy,not_measured_by_this_isothermal_cyclic_protocol,26271,observed_unique,normalized_label_collision_within_workbook
pu-shape-memory-dib-2020-v1,doi:10.1016/j.dib.2020.106294,SMP-3,crosslinked_shape_memory_polyurethane,54.3,42.5,3.2,molar_percent,monomer_set_molar_composition_mapped,doi:10.1016/j.jmbbm.2018.08.037; doi:10.1016/j.dib.2020.106294,doi:10.1016/j.dib.2020.106294|SMP-3,"1,6-hexamethylene diisocyanate",O=C=NCCCCCCN=C=O,"N,N,N',N'-tetrakis(2-hydroxypropyl)ethylenediamine",triethanolamine,OCCN(CCO)CCO,False,polyurethane_transfer,transfer_learning_only,0.35,数据/原始/外部数据/新增开放数据/DataInBrief_聚氨酯形状记忆多模态原始数据/mmc6.xlsx,CC-BY-4.0,reference-184;reference-185,fisher_uniaxial_cyclic_tensile_mmc6_005,SMP-3_1,test_run_cycle_dependent,1,1.34352,8.102,0.0549456591,0.04818553374999992,0.006760125350000083,100.0,0.0,0.12303292854667172,3,10,0.5,Tg_plus_10_C,83.17,2.0,False,,,stress_retention_and_hysteresis_transfer_proxy,not_measured_by_this_isothermal_cyclic_protocol,18451,observed_unique,label_only_cross_workbook_identity_unresolved
pu-shape-memory-dib-2020-v1,doi:10.1016/j.dib.2020.106294,SMP-3,crosslinked_shape_memory_polyurethane,54.3,42.5,3.2,molar_percent,monomer_set_molar_composition_mapped,doi:10.1016/j.jmbbm.2018.08.037; doi:10.1016/j.dib.2020.106294,doi:10.1016/j.dib.2020.106294|SMP-3,"1,6-hexamethylene diisocyanate",O=C=NCCCCCCN=C=O,"N,N,N',N'-tetrakis(2-hydroxypropyl)ethylenediamine",triethanolamine,OCCN(CCO)CCO,False,polyurethane_transfer,transfer_learning_only,0.35,数据/原始/外部数据/新增开放数据/DataInBrief_聚氨酯形状记忆多模态原始数据/mmc6.xlsx,CC-BY-4.0,reference-184;reference-185,fisher_uniaxial_cyclic_tensile_mmc6_005,SMP-3_1,test_run_cycle_dependent,2,1.30508,8.102,0.04982615260000004,0.04592956944999999,0.003896583150000049,97.13885911635109,2.8611408836489147,0.07820357275588735,3,10,0.5,Tg_plus_10_C,83.17,2.0,False,,,stress_retention_and_hysteresis_transfer_proxy,not_measured_by_this_isothermal_cyclic_protocol,18451,observed_unique,label_only_cross_workbook_identity_unresolved
pu-shape-memory-dib-2020-v1,doi:10.1016/j.dib.2020.106294,SMP-3,crosslinked_shape_memory_polyurethane,54.3,42.5,3.2,molar_percent,monomer_set_molar_composition_mapped,doi:10.1016/j.jmbbm.2018.08.037; doi:10.1016/j.dib.2020.106294,doi:10.1016/j.dib.2020.106294|SMP-3,"1,6-hexamethylene diisocyanate",O=C=NCCCCCCN=C=O,"N,N,N',N'-tetrakis(2-hydroxypropyl)ethylenediamine",triethanolamine,OCCN(CCO)CCO,False,polyurethane_transfer,transfer_learning_only,0.35,数据/原始/外部数据/新增开放数据/DataInBrief_聚氨酯形状记忆多模态原始数据/mmc6.xlsx,CC-BY-4.0,reference-184;reference-185,fisher_uniaxial_cyclic_tensile_mmc6_005,SMP-3_1,test_run_cycle_dependent,3,1.28611,8.102,0.04789665599999997,0.04468667180000002,0.0032099841999999462,95.72689651065858,4.273103489341423,0.0670189626599391,3,10,0.5,Tg_plus_10_C,83.17,2.0,False,,,stress_retention_and_hysteresis_transfer_proxy,not_measured_by_this_isothermal_cyclic_protocol,18451,observed_unique,label_only_cross_workbook_identity_unresolved
pu-shape-memory-dib-2020-v1,doi:10.1016/j.dib.2020.106294,SMP-3,crosslinked_shape_memory_polyurethane,54.3,42.5,3.2,molar_percent,monomer_set_molar_composition_mapped,doi:10.1016/j.jmbbm.2018.08.037; doi:10.1016/j.dib.2020.106294,doi:10.1016/j.dib.2020.106294|SMP-3,"1,6-hexamethylene diisocyanate",O=C=NCCCCCCN=C=O,"N,N,N',N'-tetrakis(2-hydroxypropyl)ethylenediamine",triethanolamine,OCCN(CCO)CCO,False,polyurethane_transfer,transfer_learning_only,0.35,数据/原始/外部数据/新增开放数据/DataInBrief_聚氨酯形状记忆多模态原始数据/mmc6.xlsx,CC-BY-4.0,reference-184;reference-185,fisher_uniaxial_cyclic_tensile_mmc6_005,SMP-3_1,test_run_cycle_dependent,4,1.2749,8.102,0.046722033999999975,0.04385846545000001,0.002863568549999966,94.89252113850183,5.107478861498166,0.06128946676422451,3,10,0.5,Tg_plus_10_C,83.17,2.0,False,,,stress_retention_and_hysteresis_transfer_proxy,not_measured_by_this_isothermal_cyclic_protocol,18451,observed_unique,label_only_cross_workbook_identity_unresolved
pu-shape-memory-dib-2020-v1,doi:10.1016/j.dib.2020.106294,SMP-3,crosslinked_shape_memory_polyurethane,54.3,42.5,3.2,molar_percent,monomer_set_molar_composition_mapped,doi:10.1016/j.jmbbm.2018.08.037; doi:10.1016/j.dib.2020.106294,doi:10.1016/j.dib.2020.106294|SMP-3,"1,6-hexamethylene diisocyanate",O=C=NCCCCCCN=C=O,"N,N,N',N'-tetrakis(2-hydroxypropyl)ethylenediamine",triethanolamine,OCCN(CCO)CCO,False,polyurethane_transfer,transfer_learning_only,0.35,数据/原始/外部数据/新增开放数据/DataInBrief_聚氨酯形状记忆多模态原始数据/mmc6.xlsx,CC-BY-4.0,reference-184;reference-185,fisher_uniaxial_cyclic_tensile_mmc6_005,SMP-3_1,test_run_cycle_dependent,5,1.26557,8.102,0.0459077685,0.04323048259999998,0.0026772859000000204,94.1980766940574,5.801923305942594,0.05831879848396509,3,10,0.5,Tg_plus_10_C,83.17,2.0,False,,,stress_retention_and_hysteresis_transfer_proxy,not_measured_by_this_isothermal_cyclic_protocol,18451,observed_unique,label_only_cross_workbook_identity_unresolved
pu-shape-memory-dib-2020-v1,doi:10.1016/j.dib.2020.106294,SMP-3,crosslinked_shape_memory_polyurethane,54.3,42.5,3.2,molar_percent,monomer_set_molar_composition_mapped,doi:10.1016/j.jmbbm.2018.08.037; doi:10.1016/j.dib.2020.106294,doi:10.1016/j.dib.2020.106294|SMP-3,"1,6-hexamethylene diisocyanate",O=C=NCCCCCCN=C=O,"N,N,N',N'-tetrakis(2-hydroxypropyl)ethylenediamine",triethanolamine,OCCN(CCO)CCO,False,polyurethane_transfer,transfer_learning_only,0.35,数据/原始/外部数据/新增开放数据/DataInBrief_聚氨酯形状记忆多模态原始数据/mmc6.xlsx,CC-BY-4.0,reference-184;reference-185,fisher_uniaxial_cyclic_tensile_mmc6_005,SMP-3_1,test_run_cycle_dependent,6,1.25958,8.102,0.04526346450000001,0.04272247329999994,0.0025409912000000714,93.75223294033583,6.24776705966417,0.05613779740611925,3,10,0.5,Tg_plus_10_C,83.17,2.0,False,,,stress_retention_and_hysteresis_transfer_proxy,not_measured_by_this_isothermal_cyclic_protocol,18451,observed_unique,label_only_cross_workbook_identity_unresolved
pu-shape-memory-dib-2020-v1,doi:10.1016/j.dib.2020.106294,SMP-3,crosslinked_shape_memory_polyurethane,54.3,42.5,3.2,molar_percent,monomer_set_molar_composition_mapped,doi:10.1016/j.jmbbm.2018.08.037; doi:10.1016/j.dib.2020.106294,doi:10.1016/j.dib.2020.106294|SMP-3,"1,6-hexamethylene diisocyanate",O=C=NCCCCCCN=C=O,"N,N,N',N'-tetrakis(2-hydroxypropyl)ethylenediamine",triethanolamine,OCCN(CCO)CCO,False,polyurethane_transfer,transfer_learning_only,0.35,数据/原始/外部数据/新增开放数据/DataInBrief_聚氨酯形状记忆多模态原始数据/mmc6.xlsx,CC-BY-4.0,reference-184;reference-185,fisher_uniaxial_cyclic_tensile_mmc6_005,SMP-3_1,test_run_cycle_dependent,7,1.25353,8.102,0.044739277199999976,0.04230209809999998,0.002437179099999999,93.30192330594261,6.6980766940573915,0.054475155892773346,3,10,0.5,Tg_plus_10_C,83.17,2.0,False,,,stress_retention_and_hysteresis_transfer_proxy,not_measured_by_this_isothermal_cyclic_protocol,18451,observed_unique,label_only_cross_workbook_identity_unresolved
pu-shape-memory-dib-2020-v1,doi:10.1016/j.dib.2020.106294,SMP-3,crosslinked_shape_memory_polyurethane,54.3,42.5,3.2,molar_percent,monomer_set_molar_composition_mapped,doi:10.1016/j.jmbbm.2018.08.037; doi:10.1016/j.dib.2020.106294,doi:10.1016/j.dib.2020.106294|SMP-3,"1,6-hexamethylene diisocyanate",O=C=NCCCCCCN=C=O,"N,N,N',N'-tetrakis(2-hydroxypropyl)ethylenediamine",triethanolamine,OCCN(CCO)CCO,False,polyurethane_transfer,transfer_learning_only,0.35,数据/原始/外部数据/新增开放数据/DataInBrief_聚氨酯形状记忆多模态原始数据/mmc6.xlsx,CC-BY-4.0,reference-184;reference-185,fisher_uniaxial_cyclic_tensile_mmc6_005,SMP-3_1,test_run_cycle_dependent,8,1.24963,8.102,0.04431083204999997,0.04195803380000001,0.0023527982499999614,93.01164106228416,6.988358937715844,0.053097586778444686,3,10,0.5,Tg_plus_10_C,83.17,2.0,False,,,stress_retention_and_hysteresis_transfer_proxy,not_measured_by_this_isothermal_cyclic_protocol,18451,observed_unique,label_only_cross_workbook_identity_unresolved
pu-shape-memory-dib-2020-v1,doi:10.1016/j.dib.2020.106294,SMP-3,crosslinked_shape_memory_polyurethane,54.3,42.5,3.2,molar_percent,monomer_set_molar_composition_mapped,doi:10.1016/j.jmbbm.2018.08.037; doi:10.1016/j.dib.2020.106294,doi:10.1016/j.dib.2020.106294|SMP-3,"1,6-hexamethylene diisocyanate",O=C=NCCCCCCN=C=O,"N,N,N',N'-tetrakis(2-hydroxypropyl)ethylenediamine",triethanolamine,OCCN(CCO)CCO,False,polyurethane_transfer,transfer_learning_only,0.35,数据/原始/外部数据/新增开放数据/DataInBrief_聚氨酯形状记忆多模态原始数据/mmc6.xlsx,CC-BY-4.0,reference-184;reference-185,fisher_uniaxial_cyclic_tensile_mmc6_005,SMP-3_1,test_run_cycle_dependent,9,1.24555,8.102,0.04397399835000002,0.04166206534999995,0.0023119330000000715,92.70796117661068,7.292038823389319,0.052575000835694316,3,10,0.5,Tg_plus_10_C,83.17,2.0,False,,,stress_retention_and_hysteresis_transfer_proxy,not_measured_by_this_isothermal_cyclic_protocol,18451,observed_unique,label_only_cross_workbook_identity_unresolved
pu-shape-memory-dib-2020-v1,doi:10.1016/j.dib.2020.106294,SMP-3,crosslinked_shape_memory_polyurethane,54.3,42.5,3.2,molar_percent,monomer_set_molar_composition_mapped,doi:10.1016/j.jmbbm.2018.08.037; doi:10.1016/j.dib.2020.106294,doi:10.1016/j.dib.2020.106294|SMP-3,"1,6-hexamethylene diisocyanate",O=C=NCCCCCCN=C=O,"N,N,N',N'-tetrakis(2-hydroxypropyl)ethylenediamine",triethanolamine,OCCN(CCO)CCO,False,polyurethane_transfer,transfer_learning_only,0.35,数据/原始/外部数据/新增开放数据/DataInBrief_聚氨酯形状记忆多模态原始数据/mmc6.xlsx,CC-BY-4.0,reference-184;reference-185,fisher_uniaxial_cyclic_tensile_mmc6_005,SMP-3_1,test_run_cycle_dependent,10,1.24294,8.102,0.04366407939999995,0.0414187996,0.002245279799999951,92.51369536739311,7.486304632606888,0.05142166812750788,3,10,0.5,Tg_plus_10_C,83.17,2.0,False,,,stress_retention_and_hysteresis_transfer_proxy,not_measured_by_this_isothermal_cyclic_protocol,18451,observed_unique,label_only_cross_workbook_identity_unresolved
pu-shape-memory-dib-2020-v1,doi:10.1016/j.dib.2020.106294,SMP-3,crosslinked_shape_memory_polyurethane,54.3,42.5,3.2,molar_percent,monomer_set_molar_composition_mapped,doi:10.1016/j.jmbbm.2018.08.037; doi:10.1016/j.dib.2020.106294,doi:10.1016/j.dib.2020.106294|SMP-3,"1,6-hexamethylene diisocyanate",O=C=NCCCCCCN=C=O,"N,N,N',N'-tetrakis(2-hydroxypropyl)ethylenediamine",triethanolamine,OCCN(CCO)CCO,False,polyurethane_transfer,transfer_learning_only,0.35,数据/原始/外部数据/新增开放数据/DataInBrief_聚氨酯形状记忆多模态原始数据/mmc6.xlsx,CC-BY-4.0,reference-184;reference-185,fisher_uniaxial_cyclic_tensile_mmc6_006,SMP-3_2,test_run_cycle_dependent,1,1.37727,8.103,0.05485524025000002,0.04945835109999999,0.005396889150000028,100.0,0.0,0.09838420405058797,3,10,0.5,Tg_plus_10_C,83.17,2.0,False,,,stress_retention_and_hysteresis_transfer_proxy,not_measured_by_this_isothermal_cyclic_protocol,18247,observed_unique,label_only_cross_workbook_identity_unresolved
pu-shape-memory-dib-2020-v1,doi:10.1016/j.dib.2020.106294,SMP-3,crosslinked_shape_memory_polyurethane,54.3,42.5,3.2,molar_percent,monomer_set_molar_composition_mapped,doi:10.1016/j.jmbbm.2018.08.037; doi:10.1016/j.dib.2020.106294,doi:10.1016/j.dib.2020.106294|SMP-3,"1,6-hexamethylene diisocyanate",O=C=NCCCCCCN=C=O,"N,N,N',N'-tetrakis(2-hydroxypropyl)ethylenediamine",triethanolamine,OCCN(CCO)CCO,False,polyurethane_transfer,transfer_learning_only,0.35,数据/原始/外部数据/新增开放数据/DataInBrief_聚氨酯形状记忆多模态原始数据/mmc6.xlsx,CC-BY-4.0,reference-184;reference-185,fisher_uniaxial_cyclic_tensile_mmc6_006,SMP-3_2,test_run_cycle_dependent,2,1.33203,8.103,0.050133569449999985,0.046403737999999965,0.0037298314500000193,96.71524102027925,3.284758979720749,0.07439788331289506,3,10,0.5,Tg_plus_10_C,83.17,2.0,False,,,stress_retention_and_hysteresis_transfer_proxy,not_measured_by_this_isothermal_cyclic_protocol,18247,observed_unique,label_only_cross_workbook_identity_unresolved
pu-shape-memory-dib-2020-v1,doi:10.1016/j.dib.2020.106294,SMP-3,crosslinked_shape_memory_polyurethane,54.3,42.5,3.2,molar_percent,monomer_set_molar_composition_mapped,doi:10.1016/j.jmbbm.2018.08.037; doi:10.1016/j.dib.2020.106294,doi:10.1016/j.dib.2020.106294|SMP-3,"1,6-hexamethylene diisocyanate",O=C=NCCCCCCN=C=O,"N,N,N',N'-tetrakis(2-hydroxypropyl)ethylenediamine",triethanolamine,OCCN(CCO)CCO,False,polyurethane_transfer,transfer_learning_only,0.35,数据/原始/外部数据/新增开放数据/DataInBrief_聚氨酯形状记忆多模态原始数据/mmc6.xlsx,CC-BY-4.0,reference-184;reference-185,fisher_uniaxial_cyclic_tensile_mmc6_006,SMP-3_2,test_run_cycle_dependent,3,1.30472,8.103,0.04751396564999997,0.04474926105,0.002764704599999966,94.73233280329929,5.267667196700714,0.05818719953551105,3,10,0.5,Tg_plus_10_C,83.17,2.0,False,,,stress_retention_and_hysteresis_transfer_proxy,not_measured_by_this_isothermal_cyclic_protocol,18247,observed_unique,label_only_cross_workbook_identity_unresolved
pu-shape-memory-dib-2020-v1,doi:10.1016/j.dib.2020.106294,SMP-3,crosslinked_shape_memory_polyurethane,54.3,42.5,3.2,molar_percent,monomer_set_molar_composition_mapped,doi:10.1016/j.jmbbm.2018.08.037; doi:10.1016/j.dib.2020.106294,doi:10.1016/j.dib.2020.106294|SMP-3,"1,6-hexamethylene diisocyanate",O=C=NCCCCCCN=C=O,"N,N,N',N'-tetrakis(2-hydroxypropyl)ethylenediamine",triethanolamine,OCCN(CCO)CCO,False,polyurethane_transfer,transfer_learning_only,0.35,数据/原始/外部数据/新增开放数据/DataInBrief_聚氨酯形状记忆多模态原始数据/mmc6.xlsx,CC-BY-4.0,reference-184;reference-185,fisher_uniaxial_cyclic_tensile_mmc6_006,SMP-3_2,test_run_cycle_dependent,4,1.29021,8.103,0.046091640300000035,0.043764767800000035,0.0023268725000000004,93.67879936395914,6.321200636040857,0.05048361231787185,3,10,0.5,Tg_plus_10_C,83.17,2.0,False,,,stress_retention_and_hysteresis_transfer_proxy,not_measured_by_this_isothermal_cyclic_protocol,18247,observed_unique,label_only_cross_workbook_identity_unresolved
pu-shape-memory-dib-2020-v1,doi:10.1016/j.dib.2020.106294,SMP-3,crosslinked_shape_memory_polyurethane,54.3,42.5,3.2,molar_percent,monomer_set_molar_composition_mapped,doi:10.1016/j.jmbbm.2018.08.037; doi:10.1016/j.dib.2020.106294,doi:10.1016/j.dib.2020.106294|SMP-3,"1,6-hexamethylene diisocyanate",O=C=NCCCCCCN=C=O,"N,N,N',N'-tetrakis(2-hydroxypropyl)ethylenediamine",triethanolamine,OCCN(CCO)CCO,False,polyurethane_transfer,transfer_learning_only,0.35,数据/原始/外部数据/新增开放数据/DataInBrief_聚氨酯形状记忆多模态原始数据/mmc6.xlsx,CC-BY-4.0,reference-184;reference-185,fisher_uniaxial_cyclic_tensile_mmc6_006,SMP-3_2,test_run_cycle_dependent,5,1.27864,8.103,0.04511046155000001,0.04294581055000001,0.0021646509999999966,92.83873169385814,7.161268306141864,0.047985565335010326,3,10,0.5,Tg_plus_10_C,83.17,2.0,False,,,stress_retention_and_hysteresis_transfer_proxy,not_measured_by_this_isothermal_cyclic_protocol,18247,observed_unique,label_only_cross_workbook_identity_unresolved
pu-shape-memory-dib-2020-v1,doi:10.1016/j.dib.2020.106294,SMP-3,crosslinked_shape_memory_polyurethane,54.3,42.5,3.2,molar_percent,monomer_set_molar_composition_mapped,doi:10.1016/j.jmbbm.2018.08.037; doi:10.1016/j.dib.2020.106294,doi:10.1016/j.dib.2020.106294|SMP-3,"1,6-hexamethylene diisocyanate",O=C=NCCCCCCN=C=O,"N,N,N',N'-tetrakis(2-hydroxypropyl)ethylenediamine",triethanolamine,OCCN(CCO)CCO,False,polyurethane_transfer,transfer_learning_only,0.35,数据/原始/外部数据/新增开放数据/DataInBrief_聚氨酯形状记忆多模态原始数据/mmc6.xlsx,CC-BY-4.0,reference-184;reference-185,fisher_uniaxial_cyclic_tensile_mmc6_006,SMP-3_2,test_run_cycle_dependent,6,1.25249,8.103,0.04354359679999996,0.04105213235000004,0.002491464449999918,90.9400480661018,9.059951933898205,0.05721769980195849,3,10,0.5,Tg_plus_10_C,83.17,2.0,False,,,stress_retention_and_hysteresis_transfer_proxy,not_measured_by_this_isothermal_cyclic_protocol,18247,observed_unique,label_only_cross_workbook_identity_unresolved
pu-shape-memory-dib-2020-v1,doi:10.1016/j.dib.2020.106294,SMP-3,crosslinked_shape_memory_polyurethane,54.3,42.5,3.2,molar_percent,monomer_set_molar_composition_mapped,doi:10.1016/j.jmbbm.2018.08.037; doi:10.1016/j.dib.2020.106294,doi:10.1016/j.dib.2020.106294|SMP-3,"1,6-hexamethylene diisocyanate",O=C=NCCCCCCN=C=O,"N,N,N',N'-tetrakis(2-hydroxypropyl)ethylenediamine",triethanolamine,OCCN(CCO)CCO,False,polyurethane_transfer,transfer_learning_only,0.35,数据/原始/外部数据/新增开放数据/DataInBrief_聚氨酯形状记忆多模态原始数据/mmc6.xlsx,CC-BY-4.0,reference-184;reference-185,fisher_uniaxial_cyclic_tensile_mmc6_006,SMP-3_2,test_run_cycle_dependent,7,1.23923,8.103,0.042333399399999985,0.04006406424999997,0.0022693351500000167,89.97727388239053,10.022726117609466,0.053606258466453734,3,10,0.5,Tg_plus_10_C,83.17,2.0,False,,,stress_retention_and_hysteresis_transfer_proxy,not_measured_by_this_isothermal_cyclic_protocol,18247,observed_unique,label_only_cross_workbook_identity_unresolved
pu-shape-memory-dib-2020-v1,doi:10.1016/j.dib.2020.106294,SMP-3,crosslinked_shape_memory_polyurethane,54.3,42.5,3.2,molar_percent,monomer_set_molar_composition_mapped,doi:10.1016/j.jmbbm.2018.08.037; doi:10.1016/j.dib.2020.106294,doi:10.1016/j.dib.2020.106294|SMP-3,"1,6-hexamethylene diisocyanate",O=C=NCCCCCCN=C=O,"N,N,N',N'-tetrakis(2-hydroxypropyl)ethylenediamine",triethanolamine,OCCN(CCO)CCO,False,polyurethane_transfer,transfer_learning_only,0.35,数据/原始/外部数据/新增开放数据/DataInBrief_聚氨酯形状记忆多模态原始数据/mmc6.xlsx,CC-BY-4.0,reference-184;reference-185,fisher_uniaxial_cyclic_tensile_mmc6_006,SMP-3_2,test_run_cycle_dependent,8,1.20103,8.103,0.04054898735000001,0.03706253555000001,0.0034864517999999983,87.20367103037168,12.79632896962832,0.08598122981238883,3,10,0.5,Tg_plus_10_C,83.17,2.0,False,,,stress_retention_and_hysteresis_transfer_proxy,not_measured_by_this_isothermal_cyclic_protocol,18247,observed_unique,label_only_cross_workbook_identity_unresolved
pu-shape-memory-dib-2020-v1,doi:10.1016/j.dib.2020.106294,SMP-3,crosslinked_shape_memory_polyurethane,54.3,42.5,3.2,molar_percent,monomer_set_molar_composition_mapped,doi:10.1016/j.jmbbm.2018.08.037; doi:10.1016/j.dib.2020.106294,doi:10.1016/j.dib.2020.106294|SMP-3,"1,6-hexamethylene diisocyanate",O=C=NCCCCCCN=C=O,"N,N,N',N'-tetrakis(2-hydroxypropyl)ethylenediamine",triethanolamine,OCCN(CCO)CCO,False,polyurethane_transfer,transfer_learning_only,0.35,数据/原始/外部数据/新增开放数据/DataInBrief_聚氨酯形状记忆多模态原始数据/mmc6.xlsx,CC-BY-4.0,reference-184;reference-185,fisher_uniaxial_cyclic_tensile_mmc6_006,SMP-3_2,test_run_cycle_dependent,9,1.17424,8.103,0.03804302390000005,0.03572110355000003,0.00232192035000002,85.25851866373333,14.741481336266673,0.061034063856317614,3,10,0.5,Tg_plus_10_C,83.17,2.0,False,,,stress_retention_and_hysteresis_transfer_proxy,not_measured_by_this_isothermal_cyclic_protocol,18247,observed_unique,label_only_cross_workbook_identity_unresolved
pu-shape-memory-dib-2020-v1,doi:10.1016/j.dib.2020.106294,SMP-3,crosslinked_shape_memory_polyurethane,54.3,42.5,3.2,molar_percent,monomer_set_molar_composition_mapped,doi:10.1016/j.jmbbm.2018.08.037; doi:10.1016/j.dib.2020.106294,doi:10.1016/j.dib.2020.106294|SMP-3,"1,6-hexamethylene diisocyanate",O=C=NCCCCCCN=C=O,"N,N,N',N'-tetrakis(2-hydroxypropyl)ethylenediamine",triethanolamine,OCCN(CCO)CCO,False,polyurethane_transfer,transfer_learning_only,0.35,数据/原始/外部数据/新增开放数据/DataInBrief_聚氨酯形状记忆多模态原始数据/mmc6.xlsx,CC-BY-4.0,reference-184;reference-185,fisher_uniaxial_cyclic_tensile_mmc6_006,SMP-3_2,test_run_cycle_dependent,10,1.15815,8.103,0.03680785555,0.034783153950000034,0.002024701599999963,84.09026552527827,15.90973447472173,0.055007323022380296,3,10,0.5,Tg_plus_10_C,83.17,2.0,False,,,stress_retention_and_hysteresis_transfer_proxy,not_measured_by_this_isothermal_cyclic_protocol,18247,observed_unique,label_only_cross_workbook_identity_unresolved
pu-shape-memory-dib-2020-v1,doi:10.1016/j.dib.2020.106294,SMP-4,crosslinked_shape_memory_polyurethane,55.1,38.4,6.5,molar_percent,monomer_set_molar_composition_mapped,doi:10.1016/j.jmbbm.2018.08.037; doi:10.1016/j.dib.2020.106294,doi:10.1016/j.dib.2020.106294|SMP-4,"1,6-hexamethylene diisocyanate",O=C=NCCCCCCN=C=O,"N,N,N',N'-tetrakis(2-hydroxypropyl)ethylenediamine",triethanolamine,OCCN(CCO)CCO,False,polyurethane_transfer,transfer_learning_only,0.35,数据/原始/外部数据/新增开放数据/DataInBrief_聚氨酯形状记忆多模态原始数据/mmc6.xlsx,CC-BY-4.0,reference-184;reference-185,fisher_uniaxial_cyclic_tensile_mmc6_007,SMP-4_1,test_run_cycle_dependent,1,1.76257,10.452,0.09366617239999991,0.07690634534999993,0.01675982704999998,100.0,0.0,0.17893148209822649,3,10,0.5,Tg_plus_10_C,75.65,2.0,False,,,stress_retention_and_hysteresis_transfer_proxy,not_measured_by_this_isothermal_cyclic_protocol,24707,observed_unique,label_only_cross_workbook_identity_unresolved
pu-shape-memory-dib-2020-v1,doi:10.1016/j.dib.2020.106294,SMP-4,crosslinked_shape_memory_polyurethane,55.1,38.4,6.5,molar_percent,monomer_set_molar_composition_mapped,doi:10.1016/j.jmbbm.2018.08.037; doi:10.1016/j.dib.2020.106294,doi:10.1016/j.dib.2020.106294|SMP-4,"1,6-hexamethylene diisocyanate",O=C=NCCCCCCN=C=O,"N,N,N',N'-tetrakis(2-hydroxypropyl)ethylenediamine",triethanolamine,OCCN(CCO)CCO,False,polyurethane_transfer,transfer_learning_only,0.35,数据/原始/外部数据/新增开放数据/DataInBrief_聚氨酯形状记忆多模态原始数据/mmc6.xlsx,CC-BY-4.0,reference-184;reference-185,fisher_uniaxial_cyclic_tensile_mmc6_007,SMP-4_1,test_run_cycle_dependent,2,1.69502,10.452,0.08132253105000006,0.07243805159999997,0.008884479450000093,96.16752809817483,3.8324719018251727,0.10924991309650202,3,10,0.5,Tg_plus_10_C,75.65,2.0,False,,,stress_retention_and_hysteresis_transfer_proxy,not_measured_by_this_isothermal_cyclic_protocol,24707,observed_unique,label_only_cross_workbook_identity_unresolved
pu-shape-memory-dib-2020-v1,doi:10.1016/j.dib.2020.106294,SMP-4,crosslinked_shape_memory_polyurethane,55.1,38.4,6.5,molar_percent,monomer_set_molar_composition_mapped,doi:10.1016/j.jmbbm.2018.08.037; doi:10.1016/j.dib.2020.106294,doi:10.1016/j.dib.2020.106294|SMP-4,"1,6-hexamethylene diisocyanate",O=C=NCCCCCCN=C=O,"N,N,N',N'-tetrakis(2-hydroxypropyl)ethylenediamine",triethanolamine,OCCN(CCO)CCO,False,polyurethane_transfer,transfer_learning_only,0.35,数据/原始/外部数据/新增开放数据/DataInBrief_聚氨酯形状记忆多模态原始数据/mmc6.xlsx,CC-BY-4.0,reference-184;reference-185,fisher_uniaxial_cyclic_tensile_mmc6_007,SMP-4_1,test_run_cycle_dependent,3,1.66453,10.452,0.07730261420000001,0.07007488814999993,0.007227726050000077,94.43766772383509,5.562332276164909,0.09349911545423617,3,10,0.5,Tg_plus_10_C,75.65,2.0,False,,,stress_retention_and_hysteresis_transfer_proxy,not_measured_by_this_isothermal_cyclic_protocol,24707,observed_unique,label_only_cross_workbook_identity_unresolved
pu-shape-memory-dib-2020-v1,doi:10.1016/j.dib.2020.106294,SMP-4,crosslinked_shape_memory_polyurethane,55.1,38.4,6.5,molar_percent,monomer_set_molar_composition_mapped,doi:10.1016/j.jmbbm.2018.08.037; doi:10.1016/j.dib.2020.106294,doi:10.1016/j.dib.2020.106294|SMP-4,"1,6-hexamethylene diisocyanate",O=C=NCCCCCCN=C=O,"N,N,N',N'-tetrakis(2-hydroxypropyl)ethylenediamine",triethanolamine,OCCN(CCO)CCO,False,polyurethane_transfer,transfer_learning_only,0.35,数据/原始/外部数据/新增开放数据/DataInBrief_聚氨酯形状记忆多模态原始数据/mmc6.xlsx,CC-BY-4.0,reference-184;reference-185,fisher_uniaxial_cyclic_tensile_mmc6_007,SMP-4_1,test_run_cycle_dependent,4,1.6439,10.452,0.07488288565000008,0.06843717979999996,0.006445705850000122,93.26721775589054,6.732782244109458,0.08607715626941942,3,10,0.5,Tg_plus_10_C,75.65,2.0,False,,,stress_retention_and_hysteresis_transfer_proxy,not_measured_by_this_isothermal_cyclic_protocol,24707,observed_unique,label_only_cross_workbook_identity_unresolved
pu-shape-memory-dib-2020-v1,doi:10.1016/j.dib.2020.106294,SMP-4,crosslinked_shape_memory_polyurethane,55.1,38.4,6.5,molar_percent,monomer_set_molar_composition_mapped,doi:10.1016/j.jmbbm.2018.08.037; doi:10.1016/j.dib.2020.106294,doi:10.1016/j.dib.2020.106294|SMP-4,"1,6-hexamethylene diisocyanate",O=C=NCCCCCCN=C=O,"N,N,N',N'-tetrakis(2-hydroxypropyl)ethylenediamine",triethanolamine,OCCN(CCO)CCO,False,polyurethane_transfer,transfer_learning_only,0.35,数据/原始/外部数据/新增开放数据/DataInBrief_聚氨酯形状记忆多模态原始数据/mmc6.xlsx,CC-BY-4.0,reference-184;reference-185,fisher_uniaxial_cyclic_tensile_mmc6_007,SMP-4_1,test_run_cycle_dependent,5,1.62853,10.452,0.07313524765000004,0.06715569699999976,0.005979550650000276,92.3951956518039,7.604804348196097,0.08176017504741809,3,10,0.5,Tg_plus_10_C,75.65,2.0,False,,,stress_retention_and_hysteresis_transfer_proxy,not_measured_by_this_isothermal_cyclic_protocol,24707,observed_unique,label_only_cross_workbook_identity_unresolved
pu-shape-memory-dib-2020-v1,doi:10.1016/j.dib.2020.106294,SMP-4,crosslinked_shape_memory_polyurethane,55.1,38.4,6.5,molar_percent,monomer_set_molar_composition_mapped,doi:10.1016/j.jmbbm.2018.08.037; doi:10.1016/j.dib.2020.106294,doi:10.1016/j.dib.2020.106294|SMP-4,"1,6-hexamethylene diisocyanate",O=C=NCCCCCCN=C=O,"N,N,N',N'-tetrakis(2-hydroxypropyl)ethylenediamine",triethanolamine,OCCN(CCO)CCO,False,polyurethane_transfer,transfer_learning_only,0.35,数据/原始/外部数据/新增开放数据/DataInBrief_聚氨酯形状记忆多模态原始数据/mmc6.xlsx,CC-BY-4.0,reference-184;reference-185,fisher_uniaxial_cyclic_tensile_mmc6_007,SMP-4_1,test_run_cycle_dependent,6,1.61579,10.452,0.07179747230000007,0.0661262589999999,0.005671213300000172,91.6723874796462,8.327612520353796,0.07898903844836563,3,10,0.5,Tg_plus_10_C,75.65,2.0,False,,,stress_retention_and_hysteresis_transfer_proxy,not_measured_by_this_isothermal_cyclic_protocol,24707,observed_unique,label_only_cross_workbook_identity_unresolved
pu-shape-memory-dib-2020-v1,doi:10.1016/j.dib.2020.106294,SMP-4,crosslinked_shape_memory_polyurethane,55.1,38.4,6.5,molar_percent,monomer_set_molar_composition_mapped,doi:10.1016/j.jmbbm.2018.08.037; doi:10.1016/j.dib.2020.106294,doi:10.1016/j.dib.2020.106294|SMP-4,"1,6-hexamethylene diisocyanate",O=C=NCCCCCCN=C=O,"N,N,N',N'-tetrakis(2-hydroxypropyl)ethylenediamine",triethanolamine,OCCN(CCO)CCO,False,polyurethane_transfer,transfer_learning_only,0.35,数据/原始/外部数据/新增开放数据/DataInBrief_聚氨酯形状记忆多模态原始数据/mmc6.xlsx,CC-BY-4.0,reference-184;reference-185,fisher_uniaxial_cyclic_tensile_mmc6_007,SMP-4_1,test_run_cycle_dependent,7,1.605,10.452,0.07070925349999997,0.06525547400000012,0.005453779499999853,91.06021321139019,8.939786788609808,0.07712964329343196,3,10,0.5,Tg_plus_10_C,75.65,2.0,False,,,stress_retention_and_hysteresis_transfer_proxy,not_measured_by_this_isothermal_cyclic_protocol,24707,observed_unique,label_only_cross_workbook_identity_unresolved
pu-shape-memory-dib-2020-v1,doi:10.1016/j.dib.2020.106294,SMP-4,crosslinked_shape_memory_polyurethane,55.1,38.4,6.5,molar_percent,monomer_set_molar_composition_mapped,doi:10.1016/j.jmbbm.2018.08.037; doi:10.1016/j.dib.2020.106294,doi:10.1016/j.dib.2020.106294|SMP-4,"1,6-hexamethylene diisocyanate",O=C=NCCCCCCN=C=O,"N,N,N',N'-tetrakis(2-hydroxypropyl)ethylenediamine",triethanolamine,OCCN(CCO)CCO,False,polyurethane_transfer,transfer_learning_only,0.35,数据/原始/外部数据/新增开放数据/DataInBrief_聚氨酯形状记忆多模态原始数据/mmc6.xlsx,CC-BY-4.0,reference-184;reference-185,fisher_uniaxial_cyclic_tensile_mmc6_007,SMP-4_1,test_run_cycle_dependent,8,1.59647,10.452,0.06979944014999999,0.06452713824999999,0.005272301899999998,90.57626080098946,9.42373919901054,0.07553501702405845,3,10,0.5,Tg_plus_10_C,75.65,2.0,False,,,stress_retention_and_hysteresis_transfer_proxy,not_measured_by_this_isothermal_cyclic_protocol,24707,observed_unique,label_only_cross_workbook_identity_unresolved
pu-shape-memory-dib-2020-v1,doi:10.1016/j.dib.2020.106294,SMP-4,crosslinked_shape_memory_polyurethane,55.1,38.4,6.5,molar_percent,monomer_set_molar_composition_mapped,doi:10.1016/j.jmbbm.2018.08.037; doi:10.1016/j.dib.2020.106294,doi:10.1016/j.dib.2020.106294|SMP-4,"1,6-hexamethylene diisocyanate",O=C=NCCCCCCN=C=O,"N,N,N',N'-tetrakis(2-hydroxypropyl)ethylenediamine",triethanolamine,OCCN(CCO)CCO,False,polyurethane_transfer,transfer_learning_only,0.35,数据/原始/外部数据/新增开放数据/DataInBrief_聚氨酯形状记忆多模态原始数据/mmc6.xlsx,CC-BY-4.0,reference-184;reference-185,fisher_uniaxial_cyclic_tensile_mmc6_007,SMP-4_1,test_run_cycle_dependent,9,1.58836,10.452,0.06901330205000007,0.06389682549999998,0.005116476550000096,90.11613723142912,9.883862768570879,0.07413754157558225,3,10,0.5,Tg_plus_10_C,75.65,2.0,False,,,stress_retention_and_hysteresis_transfer_proxy,not_measured_by_this_isothermal_cyclic_protocol,24707,observed_unique,label_only_cross_workbook_identity_unresolved
pu-shape-memory-dib-2020-v1,doi:10.1016/j.dib.2020.106294,SMP-4,crosslinked_shape_memory_polyurethane,55.1,38.4,6.5,molar_percent,monomer_set_molar_composition_mapped,doi:10.1016/j.jmbbm.2018.08.037; doi:10.1016/j.dib.2020.106294,doi:10.1016/j.dib.2020.106294|SMP-4,"1,6-hexamethylene diisocyanate",O=C=NCCCCCCN=C=O,"N,N,N',N'-tetrakis(2-hydroxypropyl)ethylenediamine",triethanolamine,OCCN(CCO)CCO,False,polyurethane_transfer,transfer_learning_only,0.35,数据/原始/外部数据/新增开放数据/DataInBrief_聚氨酯形状记忆多模态原始数据/mmc6.xlsx,CC-BY-4.0,reference-184;reference-185,fisher_uniaxial_cyclic_tensile_mmc6_007,SMP-4_1,test_run_cycle_dependent,10,1.58109,10.452,0.06829977139999999,0.06331017240000002,0.00498959899999997,89.70367134354949,10.296328656450513,0.07305440263889332,3,10,0.5,Tg_plus_10_C,75.65,2.0,False,,,stress_retention_and_hysteresis_transfer_proxy,not_measured_by_this_isothermal_cyclic_protocol,24707,observed_unique,label_only_cross_workbook_identity_unresolved
pu-shape-memory-dib-2020-v1,doi:10.1016/j.dib.2020.106294,SMP-4,crosslinked_shape_memory_polyurethane,55.1,38.4,6.5,molar_percent,monomer_set_molar_composition_mapped,doi:10.1016/j.jmbbm.2018.08.037; doi:10.1016/j.dib.2020.106294,doi:10.1016/j.dib.2020.106294|SMP-4,"1,6-hexamethylene diisocyanate",O=C=NCCCCCCN=C=O,"N,N,N',N'-tetrakis(2-hydroxypropyl)ethylenediamine",triethanolamine,OCCN(CCO)CCO,False,polyurethane_transfer,transfer_learning_only,0.35,数据/原始/外部数据/新增开放数据/DataInBrief_聚氨酯形状记忆多模态原始数据/mmc6.xlsx,CC-BY-4.0,reference-184;reference-185,fisher_uniaxial_cyclic_tensile_mmc6_008,SMP-4_2,test_run_cycle_dependent,1,1.82298,10.452,0.09476810885000002,0.08226441589999994,0.012503692950000075,100.0,0.0,0.1319398804274026,3,10,0.5,Tg_plus_10_C,75.65,2.0,False,,,stress_retention_and_hysteresis_transfer_proxy,not_measured_by_this_isothermal_cyclic_protocol,24089,observed_unique,label_only_cross_workbook_identity_unresolved
pu-shape-memory-dib-2020-v1,doi:10.1016/j.dib.2020.106294,SMP-4,crosslinked_shape_memory_polyurethane,55.1,38.4,6.5,molar_percent,monomer_set_molar_composition_mapped,doi:10.1016/j.jmbbm.2018.08.037; doi:10.1016/j.dib.2020.106294,doi:10.1016/j.dib.2020.106294|SMP-4,"1,6-hexamethylene diisocyanate",O=C=NCCCCCCN=C=O,"N,N,N',N'-tetrakis(2-hydroxypropyl)ethylenediamine",triethanolamine,OCCN(CCO)CCO,False,polyurethane_transfer,transfer_learning_only,0.35,数据/原始/外部数据/新增开放数据/DataInBrief_聚氨酯形状记忆多模态原始数据/mmc6.xlsx,CC-BY-4.0,reference-184;reference-185,fisher_uniaxial_cyclic_tensile_mmc6_008,SMP-4_2,test_run_cycle_dependent,2,1.75656,10.452,0.08445018509999999,0.0772036083999999,0.00724657670000009,96.35651515650197,3.6434848434980296,0.08580889066636387,3,10,0.5,Tg_plus_10_C,75.65,2.0,False,,,stress_retention_and_hysteresis_transfer_proxy,not_measured_by_this_isothermal_cyclic_protocol,24089,observed_unique,label_only_cross_workbook_identity_unresolved
pu-shape-memory-dib-2020-v1,doi:10.1016/j.dib.2020.106294,SMP-4,crosslinked_shape_memory_polyurethane,55.1,38.4,6.5,molar_percent,monomer_set_molar_composition_mapped,doi:10.1016/j.jmbbm.2018.08.037; doi:10.1016/j.dib.2020.106294,doi:10.1016/j.dib.2020.106294|SMP-4,"1,6-hexamethylene diisocyanate",O=C=NCCCCCCN=C=O,"N,N,N',N'-tetrakis(2-hydroxypropyl)ethylenediamine",triethanolamine,OCCN(CCO)CCO,False,polyurethane_transfer,transfer_learning_only,0.35,数据/原始/外部数据/新增开放数据/DataInBrief_聚氨酯形状记忆多模态原始数据/mmc6.xlsx,CC-BY-4.0,reference-184;reference-185,fisher_uniaxial_cyclic_tensile_mmc6_008,SMP-4_2,test_run_cycle_dependent,3,1.7189,10.452,0.08001719785000008,0.07422825675000001,0.0057889411000000696,94.2906669299718,5.709333070028194,0.07234621125888456,3,10,0.5,Tg_plus_10_C,75.65,2.0,False,,,stress_retention_and_hysteresis_transfer_proxy,not_measured_by_this_isothermal_cyclic_protocol,24089,observed_unique,label_only_cross_workbook_identity_unresolved
pu-shape-memory-dib-2020-v1,doi:10.1016/j.dib.2020.106294,SMP-4,crosslinked_shape_memory_polyurethane,55.1,38.4,6.5,molar_percent,monomer_set_molar_composition_mapped,doi:10.1016/j.jmbbm.2018.08.037; doi:10.1016/j.dib.2020.106294,doi:10.1016/j.dib.2020.106294|SMP-4,"1,6-hexamethylene diisocyanate",O=C=NCCCCCCN=C=O,"N,N,N',N'-tetrakis(2-hydroxypropyl)ethylenediamine",triethanolamine,OCCN(CCO)CCO,False,polyurethane_transfer,transfer_learning_only,0.35,数据/原始/外部数据/新增开放数据/DataInBrief_聚氨酯形状记忆多模态原始数据/mmc6.xlsx,CC-BY-4.0,reference-184;reference-185,fisher_uniaxial_cyclic_tensile_mmc6_008,SMP-4_2,test_run_cycle_dependent,4,1.69442,10.452,0.07719100364999998,0.07214362280000004,0.005047380849999936,92.94781072749015,7.05218927250985,0.06538820084379013,3,10,0.5,Tg_plus_10_C,75.65,2.0,False,,,stress_retention_and_hysteresis_transfer_proxy,not_measured_by_this_isothermal_cyclic_protocol,24089,observed_unique,label_only_cross_workbook_identity_unresolved
pu-shape-memory-dib-2020-v1,doi:10.1016/j.dib.2020.106294,SMP-4,crosslinked_shape_memory_polyurethane,55.1,38.4,6.5,molar_percent,monomer_set_molar_composition_mapped,doi:10.1016/j.jmbbm.2018.08.037; doi:10.1016/j.dib.2020.106294,doi:10.1016/j.dib.2020.106294|SMP-4,"1,6-hexamethylene diisocyanate",O=C=NCCCCCCN=C=O,"N,N,N',N'-tetrakis(2-hydroxypropyl)ethylenediamine",triethanolamine,OCCN(CCO)CCO,False,polyurethane_transfer,transfer_learning_only,0.35,数据/原始/外部数据/新增开放数据/DataInBrief_聚氨酯形状记忆多模态原始数据/mmc6.xlsx,CC-BY-4.0,reference-184;reference-185,fisher_uniaxial_cyclic_tensile_mmc6_008,SMP-4_2,test_run_cycle_dependent,5,1.67534,10.451,0.0751399972,0.07057794319999999,0.00456205400000001,91.90117280496769,8.098827195032314,0.06071405602873791,3,10,0.5,Tg_plus_10_C,75.65,2.0,False,,,stress_retention_and_hysteresis_transfer_proxy,not_measured_by_this_isothermal_cyclic_protocol,24089,observed_unique,label_only_cross_workbook_identity_unresolved
pu-shape-memory-dib-2020-v1,doi:10.1016/j.dib.2020.106294,SMP-4,crosslinked_shape_memory_polyurethane,55.1,38.4,6.5,molar_percent,monomer_set_molar_composition_mapped,doi:10.1016/j.jmbbm.2018.08.037; doi:10.1016/j.dib.2020.106294,doi:10.1016/j.dib.2020.106294|SMP-4,"1,6-hexamethylene diisocyanate",O=C=NCCCCCCN=C=O,"N,N,N',N'-tetrakis(2-hydroxypropyl)ethylenediamine",triethanolamine,OCCN(CCO)CCO,False,polyurethane_transfer,transfer_learning_only,0.35,数据/原始/外部数据/新增开放数据/DataInBrief_聚氨酯形状记忆多模态原始数据/mmc6.xlsx,CC-BY-4.0,reference-184;reference-185,fisher_uniaxial_cyclic_tensile_mmc6_008,SMP-4_2,test_run_cycle_dependent,6,1.65993,10.452,0.0736056353499999,0.06942587369999997,0.004179761649999933,91.0558536023434,8.944146397656596,0.05678589186989388,3,10,0.5,Tg_plus_10_C,75.65,2.0,False,,,stress_retention_and_hysteresis_transfer_proxy,not_measured_by_this_isothermal_cyclic_protocol,24089,observed_unique,label_only_cross_workbook_identity_unresolved
pu-shape-memory-dib-2020-v1,doi:10.1016/j.dib.2020.106294,SMP-4,crosslinked_shape_memory_polyurethane,55.1,38.4,6.5,molar_percent,monomer_set_molar_composition_mapped,doi:10.1016/j.jmbbm.2018.08.037; doi:10.1016/j.dib.2020.106294,doi:10.1016/j.dib.2020.106294|SMP-4,"1,6-hexamethylene diisocyanate",O=C=NCCCCCCN=C=O,"N,N,N',N'-tetrakis(2-hydroxypropyl)ethylenediamine",triethanolamine,OCCN(CCO)CCO,False,polyurethane_transfer,transfer_learning_only,0.35,数据/原始/外部数据/新增开放数据/DataInBrief_聚氨酯形状记忆多模态原始数据/mmc6.xlsx,CC-BY-4.0,reference-184;reference-185,fisher_uniaxial_cyclic_tensile_mmc6_008,SMP-4_2,test_run_cycle_dependent,7,1.64797,10.452,0.07239401184999997,0.06844299289999999,0.003951018949999982,90.39978496747084,9.600215032529164,0.05457659893454273,3,10,0.5,Tg_plus_10_C,75.65,2.0,False,,,stress_retention_and_hysteresis_transfer_proxy,not_measured_by_this_isothermal_cyclic_protocol,24089,observed_unique,label_only_cross_workbook_identity_unresolved
pu-shape-memory-dib-2020-v1,doi:10.1016/j.dib.2020.106294,SMP-4,crosslinked_shape_memory_polyurethane,55.1,38.4,6.5,molar_percent,monomer_set_molar_composition_mapped,doi:10.1016/j.jmbbm.2018.08.037; doi:10.1016/j.dib.2020.106294,doi:10.1016/j.dib.2020.106294|SMP-4,"1,6-hexamethylene diisocyanate",O=C=NCCCCCCN=C=O,"N,N,N',N'-tetrakis(2-hydroxypropyl)ethylenediamine",triethanolamine,OCCN(CCO)CCO,False,polyurethane_transfer,transfer_learning_only,0.35,数据/原始/外部数据/新增开放数据/DataInBrief_聚氨酯形状记忆多模态原始数据/mmc6.xlsx,CC-BY-4.0,reference-184;reference-185,fisher_uniaxial_cyclic_tensile_mmc6_008,SMP-4_2,test_run_cycle_dependent,8,1.63838,10.452,0.07144759954999998,0.06761927705,0.003828322499999981,89.87372324435813,10.126276755641868,0.05358224102855786,3,10,0.5,Tg_plus_10_C,75.65,2.0,False,,,stress_retention_and_hysteresis_transfer_proxy,not_measured_by_this_isothermal_cyclic_protocol,24089,observed_unique,label_only_cross_workbook_identity_unresolved
pu-shape-memory-dib-2020-v1,doi:10.1016/j.dib.2020.106294,SMP-4,crosslinked_shape_memory_polyurethane,55.1,38.4,6.5,molar_percent,monomer_set_molar_composition_mapped,doi:10.1016/j.jmbbm.2018.08.037; doi:10.1016/j.dib.2020.106294,doi:10.1016/j.dib.2020.106294|SMP-4,"1,6-hexamethylene diisocyanate",O=C=NCCCCCCN=C=O,"N,N,N',N'-tetrakis(2-hydroxypropyl)ethylenediamine",triethanolamine,OCCN(CCO)CCO,False,polyurethane_transfer,transfer_learning_only,0.35,数据/原始/外部数据/新增开放数据/DataInBrief_聚氨酯形状记忆多模态原始数据/mmc6.xlsx,CC-BY-4.0,reference-184;reference-185,fisher_uniaxial_cyclic_tensile_mmc6_008,SMP-4_2,test_run_cycle_dependent,9,1.62973,10.452,0.07054217324999998,0.06688449815000001,0.0036576750999999658,89.39922544405313,10.60077455594687,0.05185089899395702,3,10,0.5,Tg_plus_10_C,75.65,2.0,False,,,stress_retention_and_hysteresis_transfer_proxy,not_measured_by_this_isothermal_cyclic_protocol,24089,observed_unique,label_only_cross_workbook_identity_unresolved
pu-shape-memory-dib-2020-v1,doi:10.1016/j.dib.2020.106294,SMP-4,crosslinked_shape_memory_polyurethane,55.1,38.4,6.5,molar_percent,monomer_set_molar_composition_mapped,doi:10.1016/j.jmbbm.2018.08.037; doi:10.1016/j.dib.2020.106294,doi:10.1016/j.dib.2020.106294|SMP-4,"1,6-hexamethylene diisocyanate",O=C=NCCCCCCN=C=O,"N,N,N',N'-tetrakis(2-hydroxypropyl)ethylenediamine",triethanolamine,OCCN(CCO)CCO,False,polyurethane_transfer,transfer_learning_only,0.35,数据/原始/外部数据/新增开放数据/DataInBrief_聚氨酯形状记忆多模态原始数据/mmc6.xlsx,CC-BY-4.0,reference-184;reference-185,fisher_uniaxial_cyclic_tensile_mmc6_008,SMP-4_2,test_run_cycle_dependent,10,1.62186,10.452,0.06981738139999999,0.06625148695000004,0.003565894449999954,88.96751472863114,11.032485271368856,0.05107459458512368,3,10,0.5,Tg_plus_10_C,75.65,2.0,False,,,stress_retention_and_hysteresis_transfer_proxy,not_measured_by_this_isothermal_cyclic_protocol,24089,observed_unique,label_only_cross_workbook_identity_unresolved
pu-shape-memory-dib-2020-v1,doi:10.1016/j.dib.2020.106294,SMP-5,crosslinked_shape_memory_polyurethane,56.0,34.1,9.9,molar_percent,monomer_set_molar_composition_mapped,doi:10.1016/j.jmbbm.2018.08.037; doi:10.1016/j.dib.2020.106294,doi:10.1016/j.dib.2020.106294|SMP-5,"1,6-hexamethylene diisocyanate",O=C=NCCCCCCN=C=O,"N,N,N',N'-tetrakis(2-hydroxypropyl)ethylenediamine",triethanolamine,OCCN(CCO)CCO,False,polyurethane_transfer,transfer_learning_only,0.35,数据/原始/外部数据/新增开放数据/DataInBrief_聚氨酯形状记忆多模态原始数据/mmc6.xlsx,CC-BY-4.0,reference-184;reference-185,fisher_uniaxial_cyclic_tensile_mmc6_009,SMP-5_2,test_run_cycle_dependent,1,2.22665,12.853,0.1455597647499998,0.12102500740000008,0.024534757349999714,100.0,0.0,0.16855452735952398,3,10,0.5,Tg_plus_10_C,70.83,2.0,False,,,stress_retention_and_hysteresis_transfer_proxy,not_measured_by_this_isothermal_cyclic_protocol,28801,observed_unique,label_only_cross_workbook_identity_unresolved
pu-shape-memory-dib-2020-v1,doi:10.1016/j.dib.2020.106294,SMP-5,crosslinked_shape_memory_polyurethane,56.0,34.1,9.9,molar_percent,monomer_set_molar_composition_mapped,doi:10.1016/j.jmbbm.2018.08.037; doi:10.1016/j.dib.2020.106294,doi:10.1016/j.dib.2020.106294|SMP-5,"1,6-hexamethylene diisocyanate",O=C=NCCCCCCN=C=O,"N,N,N',N'-tetrakis(2-hydroxypropyl)ethylenediamine",triethanolamine,OCCN(CCO)CCO,False,polyurethane_transfer,transfer_learning_only,0.35,数据/原始/外部数据/新增开放数据/DataInBrief_聚氨酯形状记忆多模态原始数据/mmc6.xlsx,CC-BY-4.0,reference-184;reference-185,fisher_uniaxial_cyclic_tensile_mmc6_009,SMP-5_2,test_run_cycle_dependent,2,2.13079,12.853,0.12661663,0.11271316535000007,0.013903464649999933,95.69487795567333,4.305122044326666,0.1098075714856724,3,10,0.5,Tg_plus_10_C,70.83,2.0,False,,,stress_retention_and_hysteresis_transfer_proxy,not_measured_by_this_isothermal_cyclic_protocol,28801,observed_unique,label_only_cross_workbook_identity_unresolved
pu-shape-memory-dib-2020-v1,doi:10.1016/j.dib.2020.106294,SMP-5,crosslinked_shape_memory_polyurethane,56.0,34.1,9.9,molar_percent,monomer_set_molar_composition_mapped,doi:10.1016/j.jmbbm.2018.08.037; doi:10.1016/j.dib.2020.106294,doi:10.1016/j.dib.2020.106294|SMP-5,"1,6-hexamethylene diisocyanate",O=C=NCCCCCCN=C=O,"N,N,N',N'-tetrakis(2-hydroxypropyl)ethylenediamine",triethanolamine,OCCN(CCO)CCO,False,polyurethane_transfer,transfer_learning_only,0.35,数据/原始/外部数据/新增开放数据/DataInBrief_聚氨酯形状记忆多模态原始数据/mmc6.xlsx,CC-BY-4.0,reference-184;reference-185,fisher_uniaxial_cyclic_tensile_mmc6_009,SMP-5_2,test_run_cycle_dependent,3,2.08536,12.853,0.11942987574999984,0.1084377371000003,0.010992138649999539,93.65459322300318,6.345406776996825,0.0920384332728367,3,10,0.5,Tg_plus_10_C,70.83,2.0,False,,,stress_retention_and_hysteresis_transfer_proxy,not_measured_by_this_isothermal_cyclic_protocol,28801,observed_unique,label_only_cross_workbook_identity_unresolved
pu-shape-memory-dib-2020-v1,doi:10.1016/j.dib.2020.106294,SMP-5,crosslinked_shape_memory_polyurethane,56.0,34.1,9.9,molar_percent,monomer_set_molar_composition_mapped,doi:10.1016/j.jmbbm.2018.08.037; doi:10.1016/j.dib.2020.106294,doi:10.1016/j.dib.2020.106294|SMP-5,"1,6-hexamethylene diisocyanate",O=C=NCCCCCCN=C=O,"N,N,N',N'-tetrakis(2-hydroxypropyl)ethylenediamine",triethanolamine,OCCN(CCO)CCO,False,polyurethane_transfer,transfer_learning_only,0.35,数据/原始/外部数据/新增开放数据/DataInBrief_聚氨酯形状记忆多模态原始数据/mmc6.xlsx,CC-BY-4.0,reference-184;reference-185,fisher_uniaxial_cyclic_tensile_mmc6_009,SMP-5_2,test_run_cycle_dependent,4,2.05706,12.853,0.11516316335,0.10565533260000004,0.00950783074999996,92.38362562594031,7.6163743740596885,0.08255965252625165,3,10,0.5,Tg_plus_10_C,70.83,2.0,False,,,stress_retention_and_hysteresis_transfer_proxy,not_measured_by_this_isothermal_cyclic_protocol,28801,observed_unique,label_only_cross_workbook_identity_unresolved
pu-shape-memory-dib-2020-v1,doi:10.1016/j.dib.2020.106294,SMP-5,crosslinked_shape_memory_polyurethane,56.0,34.1,9.9,molar_percent,monomer_set_molar_composition_mapped,doi:10.1016/j.jmbbm.2018.08.037; doi:10.1016/j.dib.2020.106294,doi:10.1016/j.dib.2020.106294|SMP-5,"1,6-hexamethylene diisocyanate",O=C=NCCCCCCN=C=O,"N,N,N',N'-tetrakis(2-hydroxypropyl)ethylenediamine",triethanolamine,OCCN(CCO)CCO,False,polyurethane_transfer,transfer_learning_only,0.35,数据/原始/外部数据/新增开放数据/DataInBrief_聚氨酯形状记忆多模态原始数据/mmc6.xlsx,CC-BY-4.0,reference-184;reference-185,fisher_uniaxial_cyclic_tensile_mmc6_009,SMP-5_2,test_run_cycle_dependent,5,2.03672,12.853,0.11222629435,0.10364468719999988,0.008581607150000128,91.47014573462377,8.52985426537623,0.0764669919799426,3,10,0.5,Tg_plus_10_C,70.83,2.0,False,,,stress_retention_and_hysteresis_transfer_proxy,not_measured_by_this_isothermal_cyclic_protocol,28801,observed_unique,label_only_cross_workbook_identity_unresolved
pu-shape-memory-dib-2020-v1,doi:10.1016/j.dib.2020.106294,SMP-5,crosslinked_shape_memory_polyurethane,56.0,34.1,9.9,molar_percent,monomer_set_molar_composition_mapped,doi:10.1016/j.jmbbm.2018.08.037; doi:10.1016/j.dib.2020.106294,doi:10.1016/j.dib.2020.106294|SMP-5,"1,6-hexamethylene diisocyanate",O=C=NCCCCCCN=C=O,"N,N,N',N'-tetrakis(2-hydroxypropyl)ethylenediamine",triethanolamine,OCCN(CCO)CCO,False,polyurethane_transfer,transfer_learning_only,0.35,数据/原始/外部数据/新增开放数据/DataInBrief_聚氨酯形状记忆多模态原始数据/mmc6.xlsx,CC-BY-4.0,reference-184;reference-185,fisher_uniaxial_cyclic_tensile_mmc6_009,SMP-5_2,test_run_cycle_dependent,6,2.02162,12.853,0.11006652205,0.10206881940000012,0.007997702649999883,90.79199694608494,9.208003053915064,0.07266244541066502,3,10,0.5,Tg_plus_10_C,70.83,2.0,False,,,stress_retention_and_hysteresis_transfer_proxy,not_measured_by_this_isothermal_cyclic_protocol,28801,observed_unique,label_only_cross_workbook_identity_unresolved
pu-shape-memory-dib-2020-v1,doi:10.1016/j.dib.2020.106294,SMP-5,crosslinked_shape_memory_polyurethane,56.0,34.1,9.9,molar_percent,monomer_set_molar_composition_mapped,doi:10.1016/j.jmbbm.2018.08.037; doi:10.1016/j.dib.2020.106294,doi:10.1016/j.dib.2020.106294|SMP-5,"1,6-hexamethylene diisocyanate",O=C=NCCCCCCN=C=O,"N,N,N',N'-tetrakis(2-hydroxypropyl)ethylenediamine",triethanolamine,OCCN(CCO)CCO,False,polyurethane_transfer,transfer_learning_only,0.35,数据/原始/外部数据/新增开放数据/DataInBrief_聚氨酯形状记忆多模态原始数据/mmc6.xlsx,CC-BY-4.0,reference-184;reference-185,fisher_uniaxial_cyclic_tensile_mmc6_009,SMP-5_2,test_run_cycle_dependent,7,2.00863,12.853,0.10831949154999981,0.10072409609999997,0.007595395449999848,90.20860934587834,9.791390654121656,0.07012030190793359,3,10,0.5,Tg_plus_10_C,70.83,2.0,False,,,stress_retention_and_hysteresis_transfer_proxy,not_measured_by_this_isothermal_cyclic_protocol,28801,observed_unique,label_only_cross_workbook_identity_unresolved
pu-shape-memory-dib-2020-v1,doi:10.1016/j.dib.2020.106294,SMP-5,crosslinked_shape_memory_polyurethane,56.0,34.1,9.9,molar_percent,monomer_set_molar_composition_mapped,doi:10.1016/j.jmbbm.2018.08.037; doi:10.1016/j.dib.2020.106294,doi:10.1016/j.dib.2020.106294|SMP-5,"1,6-hexamethylene diisocyanate",O=C=NCCCCCCN=C=O,"N,N,N',N'-tetrakis(2-hydroxypropyl)ethylenediamine",triethanolamine,OCCN(CCO)CCO,False,polyurethane_transfer,transfer_learning_only,0.35,数据/原始/外部数据/新增开放数据/DataInBrief_聚氨酯形状记忆多模态原始数据/mmc6.xlsx,CC-BY-4.0,reference-184;reference-185,fisher_uniaxial_cyclic_tensile_mmc6_009,SMP-5_2,test_run_cycle_dependent,8,1.99651,12.853,0.10688641759999988,0.09958651129999987,0.007299906300000006,89.6642938944154,10.335706105584606,0.06829592069703731,3,10,0.5,Tg_plus_10_C,70.83,2.0,False,,,stress_retention_and_hysteresis_transfer_proxy,not_measured_by_this_isothermal_cyclic_protocol,28801,observed_unique,label_only_cross_workbook_identity_unresolved
pu-shape-memory-dib-2020-v1,doi:10.1016/j.dib.2020.106294,SMP-5,crosslinked_shape_memory_polyurethane,56.0,34.1,9.9,molar_percent,monomer_set_molar_composition_mapped,doi:10.1016/j.jmbbm.2018.08.037; doi:10.1016/j.dib.2020.106294,doi:10.1016/j.dib.2020.106294|SMP-5,"1,6-hexamethylene diisocyanate",O=C=NCCCCCCN=C=O,"N,N,N',N'-tetrakis(2-hydroxypropyl)ethylenediamine",triethanolamine,OCCN(CCO)CCO,False,polyurethane_transfer,transfer_learning_only,0.35,数据/原始/外部数据/新增开放数据/DataInBrief_聚氨酯形状记忆多模态原始数据/mmc6.xlsx,CC-BY-4.0,reference-184;reference-185,fisher_uniaxial_cyclic_tensile_mmc6_009,SMP-5_2,test_run_cycle_dependent,9,1.98868,12.853,0.10566621604999996,0.09864899909999997,0.007017216949999988,89.31264455572273,10.687355444277273,0.06640927642075806,3,10,0.5,Tg_plus_10_C,70.83,2.0,False,,,stress_retention_and_hysteresis_transfer_proxy,not_measured_by_this_isothermal_cyclic_protocol,28801,observed_unique,label_only_cross_workbook_identity_unresolved
pu-shape-memory-dib-2020-v1,doi:10.1016/j.dib.2020.106294,SMP-5,crosslinked_shape_memory_polyurethane,56.0,34.1,9.9,molar_percent,monomer_set_molar_composition_mapped,doi:10.1016/j.jmbbm.2018.08.037; doi:10.1016/j.dib.2020.106294,doi:10.1016/j.dib.2020.106294|SMP-5,"1,6-hexamethylene diisocyanate",O=C=NCCCCCCN=C=O,"N,N,N',N'-tetrakis(2-hydroxypropyl)ethylenediamine",triethanolamine,OCCN(CCO)CCO,False,polyurethane_transfer,transfer_learning_only,0.35,数据/原始/外部数据/新增开放数据/DataInBrief_聚氨酯形状记忆多模态原始数据/mmc6.xlsx,CC-BY-4.0,reference-184;reference-185,fisher_uniaxial_cyclic_tensile_mmc6_009,SMP-5_2,test_run_cycle_dependent,10,1.98092,12.853,0.10462808765000002,0.0978896853,0.0067384023500000195,88.96413895313589,11.035861046864113,0.06440337868490152,3,10,0.5,Tg_plus_10_C,70.83,2.0,False,,,stress_retention_and_hysteresis_transfer_proxy,not_measured_by_this_isothermal_cyclic_protocol,28801,observed_unique,label_only_cross_workbook_identity_unresolved
pu-shape-memory-dib-2020-v1,doi:10.1016/j.dib.2020.106294,SMP-5,crosslinked_shape_memory_polyurethane,56.0,34.1,9.9,molar_percent,monomer_set_molar_composition_mapped,doi:10.1016/j.jmbbm.2018.08.037; doi:10.1016/j.dib.2020.106294,doi:10.1016/j.dib.2020.106294|SMP-5,"1,6-hexamethylene diisocyanate",O=C=NCCCCCCN=C=O,"N,N,N',N'-tetrakis(2-hydroxypropyl)ethylenediamine",triethanolamine,OCCN(CCO)CCO,False,polyurethane_transfer,transfer_learning_only,0.35,数据/原始/外部数据/新增开放数据/DataInBrief_聚氨酯形状记忆多模态原始数据/mmc6.xlsx,CC-BY-4.0,reference-184;reference-185,fisher_uniaxial_cyclic_tensile_mmc6_010,SMP-5_3,test_run_cycle_dependent,1,1.97974,12.854,0.12734892414999993,0.10524619935000006,0.022102724799999876,100.0,0.0,0.1735603574786846,3,10,0.5,Tg_plus_10_C,70.83,2.0,False,,,stress_retention_and_hysteresis_transfer_proxy,not_measured_by_this_isothermal_cyclic_protocol,27304,observed_unique,label_only_cross_workbook_identity_unresolved
pu-shape-memory-dib-2020-v1,doi:10.1016/j.dib.2020.106294,SMP-5,crosslinked_shape_memory_polyurethane,56.0,34.1,9.9,molar_percent,monomer_set_molar_composition_mapped,doi:10.1016/j.jmbbm.2018.08.037; doi:10.1016/j.dib.2020.106294,doi:10.1016/j.dib.2020.106294|SMP-5,"1,6-hexamethylene diisocyanate",O=C=NCCCCCCN=C=O,"N,N,N',N'-tetrakis(2-hydroxypropyl)ethylenediamine",triethanolamine,OCCN(CCO)CCO,False,polyurethane_transfer,transfer_learning_only,0.35,数据/原始/外部数据/新增开放数据/DataInBrief_聚氨酯形状记忆多模态原始数据/mmc6.xlsx,CC-BY-4.0,reference-184;reference-185,fisher_uniaxial_cyclic_tensile_mmc6_010,SMP-5_3,test_run_cycle_dependent,2,1.92299,12.854,0.1126780273,0.10035222219999995,0.012325805100000045,97.13346196975361,2.8665380302463888,0.10938960678804896,3,10,0.5,Tg_plus_10_C,70.83,2.0,False,,,stress_retention_and_hysteresis_transfer_proxy,not_measured_by_this_isothermal_cyclic_protocol,27304,observed_unique,label_only_cross_workbook_identity_unresolved
pu-shape-memory-dib-2020-v1,doi:10.1016/j.dib.2020.106294,SMP-5,crosslinked_shape_memory_polyurethane,56.0,34.1,9.9,molar_percent,monomer_set_molar_composition_mapped,doi:10.1016/j.jmbbm.2018.08.037; doi:10.1016/j.dib.2020.106294,doi:10.1016/j.dib.2020.106294|SMP-5,"1,6-hexamethylene diisocyanate",O=C=NCCCCCCN=C=O,"N,N,N',N'-tetrakis(2-hydroxypropyl)ethylenediamine",triethanolamine,OCCN(CCO)CCO,False,polyurethane_transfer,transfer_learning_only,0.35,数据/原始/外部数据/新增开放数据/DataInBrief_聚氨酯形状记忆多模态原始数据/mmc6.xlsx,CC-BY-4.0,reference-184;reference-185,fisher_uniaxial_cyclic_tensile_mmc6_010,SMP-5_3,test_run_cycle_dependent,3,1.89622,12.854,0.10821458415000018,0.09779283965000013,0.010421744500000052,95.78126420641095,4.2187357935890475,0.09630628423941538,3,10,0.5,Tg_plus_10_C,70.83,2.0,False,,,stress_retention_and_hysteresis_transfer_proxy,not_measured_by_this_isothermal_cyclic_protocol,27304,observed_unique,label_only_cross_workbook_identity_unresolved
pu-shape-memory-dib-2020-v1,doi:10.1016/j.dib.2020.106294,SMP-5,crosslinked_shape_memory_polyurethane,56.0,34.1,9.9,molar_percent,monomer_set_molar_composition_mapped,doi:10.1016/j.jmbbm.2018.08.037; doi:10.1016/j.dib.2020.106294,doi:10.1016/j.dib.2020.106294|SMP-5,"1,6-hexamethylene diisocyanate",O=C=NCCCCCCN=C=O,"N,N,N',N'-tetrakis(2-hydroxypropyl)ethylenediamine",triethanolamine,OCCN(CCO)CCO,False,polyurethane_transfer,transfer_learning_only,0.35,数据/原始/外部数据/新增开放数据/DataInBrief_聚氨酯形状记忆多模态原始数据/mmc6.xlsx,CC-BY-4.0,reference-184;reference-185,fisher_uniaxial_cyclic_tensile_mmc6_010,SMP-5_3,test_run_cycle_dependent,4,1.87918,12.854,0.10570337709999995,0.09604469945000005,0.009658677649999906,94.92054512208674,5.079454877913264,0.09137529864218416,3,10,0.5,Tg_plus_10_C,70.83,2.0,False,,,stress_retention_and_hysteresis_transfer_proxy,not_measured_by_this_isothermal_cyclic_protocol,27304,observed_unique,label_only_cross_workbook_identity_unresolved
pu-shape-memory-dib-2020-v1,doi:10.1016/j.dib.2020.106294,SMP-5,crosslinked_shape_memory_polyurethane,56.0,34.1,9.9,molar_percent,monomer_set_molar_composition_mapped,doi:10.1016/j.jmbbm.2018.08.037; doi:10.1016/j.dib.2020.106294,doi:10.1016/j.dib.2020.106294|SMP-5,"1,6-hexamethylene diisocyanate",O=C=NCCCCCCN=C=O,"N,N,N',N'-tetrakis(2-hydroxypropyl)ethylenediamine",triethanolamine,OCCN(CCO)CCO,False,polyurethane_transfer,transfer_learning_only,0.35,数据/原始/外部数据/新增开放数据/DataInBrief_聚氨酯形状记忆多模态原始数据/mmc6.xlsx,CC-BY-4.0,reference-184;reference-185,fisher_uniaxial_cyclic_tensile_mmc6_010,SMP-5_3,test_run_cycle_dependent,5,1.86682,12.854,0.10387202869999991,0.09483771145000013,0.009034317249999785,94.29622071585156,5.703779284148439,0.08697545781157726,3,10,0.5,Tg_plus_10_C,70.83,2.0,False,,,stress_retention_and_hysteresis_transfer_proxy,not_measured_by_this_isothermal_cyclic_protocol,27304,observed_unique,label_only_cross_workbook_identity_unresolved
pu-shape-memory-dib-2020-v1,doi:10.1016/j.dib.2020.106294,SMP-5,crosslinked_shape_memory_polyurethane,56.0,34.1,9.9,molar_percent,monomer_set_molar_composition_mapped,doi:10.1016/j.jmbbm.2018.08.037; doi:10.1016/j.dib.2020.106294,doi:10.1016/j.dib.2020.106294|SMP-5,"1,6-hexamethylene diisocyanate",O=C=NCCCCCCN=C=O,"N,N,N',N'-tetrakis(2-hydroxypropyl)ethylenediamine",triethanolamine,OCCN(CCO)CCO,False,polyurethane_transfer,transfer_learning_only,0.35,数据/原始/外部数据/新增开放数据/DataInBrief_聚氨酯形状记忆多模态原始数据/mmc6.xlsx,CC-BY-4.0,reference-184;reference-185,fisher_uniaxial_cyclic_tensile_mmc6_010,SMP-5_3,test_run_cycle_dependent,6,1.85797,12.854,0.10259356264999994,0.09388340805000006,0.00871015459999988,93.84919231818319,6.150807681816815,0.08489962113621839,3,10,0.5,Tg_plus_10_C,70.83,2.0,False,,,stress_retention_and_hysteresis_transfer_proxy,not_measured_by_this_isothermal_cyclic_protocol,27304,observed_unique,label_only_cross_workbook_identity_unresolved
pu-shape-memory-dib-2020-v1,doi:10.1016/j.dib.2020.106294,SMP-5,crosslinked_shape_memory_polyurethane,56.0,34.1,9.9,molar_percent,monomer_set_molar_composition_mapped,doi:10.1016/j.jmbbm.2018.08.037; doi:10.1016/j.dib.2020.106294,doi:10.1016/j.dib.2020.106294|SMP-5,"1,6-hexamethylene diisocyanate",O=C=NCCCCCCN=C=O,"N,N,N',N'-tetrakis(2-hydroxypropyl)ethylenediamine",triethanolamine,OCCN(CCO)CCO,False,polyurethane_transfer,transfer_learning_only,0.35,数据/原始/外部数据/新增开放数据/DataInBrief_聚氨酯形状记忆多模态原始数据/mmc6.xlsx,CC-BY-4.0,reference-184;reference-185,fisher_uniaxial_cyclic_tensile_mmc6_010,SMP-5_3,test_run_cycle_dependent,7,1.85062,12.854,0.10154623460000009,0.09310715970000004,0.008439074900000051,93.47793144554335,6.522068554456652,0.08310573930429169,3,10,0.5,Tg_plus_10_C,70.83,2.0,False,,,stress_retention_and_hysteresis_transfer_proxy,not_measured_by_this_isothermal_cyclic_protocol,27304,observed_unique,label_only_cross_workbook_identity_unresolved
pu-shape-memory-dib-2020-v1,doi:10.1016/j.dib.2020.106294,SMP-5,crosslinked_shape_memory_polyurethane,56.0,34.1,9.9,molar_percent,monomer_set_molar_composition_mapped,doi:10.1016/j.jmbbm.2018.08.037; doi:10.1016/j.dib.2020.106294,doi:10.1016/j.dib.2020.106294|SMP-5,"1,6-hexamethylene diisocyanate",O=C=NCCCCCCN=C=O,"N,N,N',N'-tetrakis(2-hydroxypropyl)ethylenediamine",triethanolamine,OCCN(CCO)CCO,False,polyurethane_transfer,transfer_learning_only,0.35,数据/原始/外部数据/新增开放数据/DataInBrief_聚氨酯形状记忆多模态原始数据/mmc6.xlsx,CC-BY-4.0,reference-184;reference-185,fisher_uniaxial_cyclic_tensile_mmc6_010,SMP-5_3,test_run_cycle_dependent,8,1.84503,12.854,0.10071004025000002,0.09250403140000002,0.008206008850000002,93.19557113560366,6.804428864396343,0.08148153679245501,3,10,0.5,Tg_plus_10_C,70.83,2.0,False,,,stress_retention_and_hysteresis_transfer_proxy,not_measured_by_this_isothermal_cyclic_protocol,27304,observed_unique,label_only_cross_workbook_identity_unresolved
pu-shape-memory-dib-2020-v1,doi:10.1016/j.dib.2020.106294,SMP-5,crosslinked_shape_memory_polyurethane,56.0,34.1,9.9,molar_percent,monomer_set_molar_composition_mapped,doi:10.1016/j.jmbbm.2018.08.037; doi:10.1016/j.dib.2020.106294,doi:10.1016/j.dib.2020.106294|SMP-5,"1,6-hexamethylene diisocyanate",O=C=NCCCCCCN=C=O,"N,N,N',N'-tetrakis(2-hydroxypropyl)ethylenediamine",triethanolamine,OCCN(CCO)CCO,False,polyurethane_transfer,transfer_learning_only,0.35,数据/原始/外部数据/新增开放数据/DataInBrief_聚氨酯形状记忆多模态原始数据/mmc6.xlsx,CC-BY-4.0,reference-184;reference-185,fisher_uniaxial_cyclic_tensile_mmc6_010,SMP-5_3,test_run_cycle_dependent,9,1.83962,12.854,0.10000998775000014,0.09191321639999994,0.008096771350000198,92.92230292866739,7.077697071332608,0.08095962745481075,3,10,0.5,Tg_plus_10_C,70.83,2.0,False,,,stress_retention_and_hysteresis_transfer_proxy,not_measured_by_this_isothermal_cyclic_protocol,27304,observed_unique,label_only_cross_workbook_identity_unresolved
pu-shape-memory-dib-2020-v1,doi:10.1016/j.dib.2020.106294,SMP-5,crosslinked_shape_memory_polyurethane,56.0,34.1,9.9,molar_percent,monomer_set_molar_composition_mapped,doi:10.1016/j.jmbbm.2018.08.037; doi:10.1016/j.dib.2020.106294,doi:10.1016/j.dib.2020.106294|SMP-5,"1,6-hexamethylene diisocyanate",O=C=NCCCCCCN=C=O,"N,N,N',N'-tetrakis(2-hydroxypropyl)ethylenediamine",triethanolamine,OCCN(CCO)CCO,False,polyurethane_transfer,transfer_learning_only,0.35,数据/原始/外部数据/新增开放数据/DataInBrief_聚氨酯形状记忆多模态原始数据/mmc6.xlsx,CC-BY-4.0,reference-184;reference-185,fisher_uniaxial_cyclic_tensile_mmc6_010,SMP-5_3,test_run_cycle_dependent,10,1.83516,12.854,0.09934599165000008,0.0914446473499999,0.007901344300000182,92.69702082091587,7.302979179084133,0.07953359938100911,3,10,0.5,Tg_plus_10_C,70.83,2.0,False,,,stress_retention_and_hysteresis_transfer_proxy,not_measured_by_this_isothermal_cyclic_protocol,27304,observed_unique,label_only_cross_workbook_identity_unresolved
pu-shape-memory-dib-2020-v1,doi:10.1016/j.dib.2020.106294,SMP-6,crosslinked_shape_memory_polyurethane,56.9,29.7,13.4,molar_percent,monomer_set_molar_composition_mapped,doi:10.1016/j.jmbbm.2018.08.037; doi:10.1016/j.dib.2020.106294,doi:10.1016/j.dib.2020.106294|SMP-6,"1,6-hexamethylene diisocyanate",O=C=NCCCCCCN=C=O,"N,N,N',N'-tetrakis(2-hydroxypropyl)ethylenediamine",triethanolamine,OCCN(CCO)CCO,False,polyurethane_transfer,transfer_learning_only,0.35,数据/原始/外部数据/新增开放数据/DataInBrief_聚氨酯形状记忆多模态原始数据/mmc6.xlsx,CC-BY-4.0,reference-184;reference-185,fisher_uniaxial_cyclic_tensile_mmc6_011,SMP-6_1,test_run_cycle_dependent,1,2.35856,14.402000000000001,0.1717348460499998,0.14579414545000013,0.025940700599999672,100.0,0.0,0.15105088569181327,3,10,0.5,Tg_plus_10_C,65.39,2.0,False,,,stress_retention_and_hysteresis_transfer_proxy,not_measured_by_this_isothermal_cyclic_protocol,32114,observed_unique,label_only_cross_workbook_identity_unresolved
pu-shape-memory-dib-2020-v1,doi:10.1016/j.dib.2020.106294,SMP-6,crosslinked_shape_memory_polyurethane,56.9,29.7,13.4,molar_percent,monomer_set_molar_composition_mapped,doi:10.1016/j.jmbbm.2018.08.037; doi:10.1016/j.dib.2020.106294,doi:10.1016/j.dib.2020.106294|SMP-6,"1,6-hexamethylene diisocyanate",O=C=NCCCCCCN=C=O,"N,N,N',N'-tetrakis(2-hydroxypropyl)ethylenediamine",triethanolamine,OCCN(CCO)CCO,False,polyurethane_transfer,transfer_learning_only,0.35,数据/原始/外部数据/新增开放数据/DataInBrief_聚氨酯形状记忆多模态原始数据/mmc6.xlsx,CC-BY-4.0,reference-184;reference-185,fisher_uniaxial_cyclic_tensile_mmc6_011,SMP-6_1,test_run_cycle_dependent,2,2.28798,14.402000000000001,0.15369704140000007,0.13880640749999987,0.0148906339000002,97.00749609931484,2.992503900685165,0.09688302236896665,3,10,0.5,Tg_plus_10_C,65.39,2.0,False,,,stress_retention_and_hysteresis_transfer_proxy,not_measured_by_this_isothermal_cyclic_protocol,32114,observed_unique,label_only_cross_workbook_identity_unresolved
pu-shape-memory-dib-2020-v1,doi:10.1016/j.dib.2020.106294,SMP-6,crosslinked_shape_memory_polyurethane,56.9,29.7,13.4,molar_percent,monomer_set_molar_composition_mapped,doi:10.1016/j.jmbbm.2018.08.037; doi:10.1016/j.dib.2020.106294,doi:10.1016/j.dib.2020.106294|SMP-6,"1,6-hexamethylene diisocyanate",O=C=NCCCCCCN=C=O,"N,N,N',N'-tetrakis(2-hydroxypropyl)ethylenediamine",triethanolamine,OCCN(CCO)CCO,False,polyurethane_transfer,transfer_learning_only,0.35,数据/原始/外部数据/新增开放数据/DataInBrief_聚氨酯形状记忆多模态原始数据/mmc6.xlsx,CC-BY-4.0,reference-184;reference-185,fisher_uniaxial_cyclic_tensile_mmc6_011,SMP-6_1,test_run_cycle_dependent,3,2.25684,14.402000000000001,0.14785810900000018,0.1353073966000001,0.01255071240000008,95.68719896886235,4.312801031137653,0.08488349056324036,3,10,0.5,Tg_plus_10_C,65.39,2.0,False,,,stress_retention_and_hysteresis_transfer_proxy,not_measured_by_this_isothermal_cyclic_protocol,32114,observed_unique,label_only_cross_workbook_identity_unresolved
pu-shape-memory-dib-2020-v1,doi:10.1016/j.dib.2020.106294,SMP-6,crosslinked_shape_memory_polyurethane,56.9,29.7,13.4,molar_percent,monomer_set_molar_composition_mapped,doi:10.1016/j.jmbbm.2018.08.037; doi:10.1016/j.dib.2020.106294,doi:10.1016/j.dib.2020.106294|SMP-6,"1,6-hexamethylene diisocyanate",O=C=NCCCCCCN=C=O,"N,N,N',N'-tetrakis(2-hydroxypropyl)ethylenediamine",triethanolamine,OCCN(CCO)CCO,False,polyurethane_transfer,transfer_learning_only,0.35,数据/原始/外部数据/新增开放数据/DataInBrief_聚氨酯形状记忆多模态原始数据/mmc6.xlsx,CC-BY-4.0,reference-184;reference-185,fisher_uniaxial_cyclic_tensile_mmc6_011,SMP-6_1,test_run_cycle_dependent,4,2.23541,14.402000000000001,0.14438622279999988,0.13296444204999983,0.011421780750000055,94.77859371820092,5.2214062817990765,0.07910575211750788,3,10,0.5,Tg_plus_10_C,65.39,2.0,False,,,stress_retention_and_hysteresis_transfer_proxy,not_measured_by_this_isothermal_cyclic_protocol,32114,observed_unique,label_only_cross_workbook_identity_unresolved
pu-shape-memory-dib-2020-v1,doi:10.1016/j.dib.2020.106294,SMP-6,crosslinked_shape_memory_polyurethane,56.9,29.7,13.4,molar_percent,monomer_set_molar_composition_mapped,doi:10.1016/j.jmbbm.2018.08.037; doi:10.1016/j.dib.2020.106294,doi:10.1016/j.dib.2020.106294|SMP-6,"1,6-hexamethylene diisocyanate",O=C=NCCCCCCN=C=O,"N,N,N',N'-tetrakis(2-hydroxypropyl)ethylenediamine",triethanolamine,OCCN(CCO)CCO,False,polyurethane_transfer,transfer_learning_only,0.35,数据/原始/外部数据/新增开放数据/DataInBrief_聚氨酯形状记忆多模态原始数据/mmc6.xlsx,CC-BY-4.0,reference-184;reference-185,fisher_uniaxial_cyclic_tensile_mmc6_011,SMP-6_1,test_run_cycle_dependent,5,2.22231,14.402000000000001,0.14195351520000013,0.13124441934999997,0.010709095850000155,94.22317006987312,5.77682993012688,0.07544086410901465,3,10,0.5,Tg_plus_10_C,65.39,2.0,False,,,stress_retention_and_hysteresis_transfer_proxy,not_measured_by_this_isothermal_cyclic_protocol,32114,observed_unique,label_only_cross_workbook_identity_unresolved
pu-shape-memory-dib-2020-v1,doi:10.1016/j.dib.2020.106294,SMP-6,crosslinked_shape_memory_polyurethane,56.9,29.7,13.4,molar_percent,monomer_set_molar_composition_mapped,doi:10.1016/j.jmbbm.2018.08.037; doi:10.1016/j.dib.2020.106294,doi:10.1016/j.dib.2020.106294|SMP-6,"1,6-hexamethylene diisocyanate",O=C=NCCCCCCN=C=O,"N,N,N',N'-tetrakis(2-hydroxypropyl)ethylenediamine",triethanolamine,OCCN(CCO)CCO,False,polyurethane_transfer,transfer_learning_only,0.35,数据/原始/外部数据/新增开放数据/DataInBrief_聚氨酯形状记忆多模态原始数据/mmc6.xlsx,CC-BY-4.0,reference-184;reference-185,fisher_uniaxial_cyclic_tensile_mmc6_011,SMP-6_1,test_run_cycle_dependent,6,2.20961,14.402000000000001,0.1400692311999998,0.1298800225999999,0.010189208599999916,93.68470592225765,6.315294077742351,0.0727440888531123,3,10,0.5,Tg_plus_10_C,65.39,2.0,False,,,stress_retention_and_hysteresis_transfer_proxy,not_measured_by_this_isothermal_cyclic_protocol,32114,observed_unique,label_only_cross_workbook_identity_unresolved
pu-shape-memory-dib-2020-v1,doi:10.1016/j.dib.2020.106294,SMP-6,crosslinked_shape_memory_polyurethane,56.9,29.7,13.4,molar_percent,monomer_set_molar_composition_mapped,doi:10.1016/j.jmbbm.2018.08.037; doi:10.1016/j.dib.2020.106294,doi:10.1016/j.dib.2020.106294|SMP-6,"1,6-hexamethylene diisocyanate",O=C=NCCCCCCN=C=O,"N,N,N',N'-tetrakis(2-hydroxypropyl)ethylenediamine",triethanolamine,OCCN(CCO)CCO,False,polyurethane_transfer,transfer_learning_only,0.35,数据/原始/外部数据/新增开放数据/DataInBrief_聚氨酯形状记忆多模态原始数据/mmc6.xlsx,CC-BY-4.0,reference-184;reference-185,fisher_uniaxial_cyclic_tensile_mmc6_011,SMP-6_1,test_run_cycle_dependent,7,2.20075,14.402000000000001,0.13853365519999988,0.12874469335000027,0.009788961849999611,93.30905298148022,6.690947018519779,0.07066125437798756,3,10,0.5,Tg_plus_10_C,65.39,2.0,False,,,stress_retention_and_hysteresis_transfer_proxy,not_measured_by_this_isothermal_cyclic_protocol,32114,observed_unique,label_only_cross_workbook_identity_unresolved
pu-shape-memory-dib-2020-v1,doi:10.1016/j.dib.2020.106294,SMP-6,crosslinked_shape_memory_polyurethane,56.9,29.7,13.4,molar_percent,monomer_set_molar_composition_mapped,doi:10.1016/j.jmbbm.2018.08.037; doi:10.1016/j.dib.2020.106294,doi:10.1016/j.dib.2020.106294|SMP-6,"1,6-hexamethylene diisocyanate",O=C=NCCCCCCN=C=O,"N,N,N',N'-tetrakis(2-hydroxypropyl)ethylenediamine",triethanolamine,OCCN(CCO)CCO,False,polyurethane_transfer,transfer_learning_only,0.35,数据/原始/外部数据/新增开放数据/DataInBrief_聚氨酯形状记忆多模态原始数据/mmc6.xlsx,CC-BY-4.0,reference-184;reference-185,fisher_uniaxial_cyclic_tensile_mmc6_011,SMP-6_1,test_run_cycle_dependent,8,2.19364,14.402000000000001,0.13733712139999998,0.12784167269999994,0.009495448700000048,93.0075978563191,6.992402143680906,0.06913970966629018,3,10,0.5,Tg_plus_10_C,65.39,2.0,False,,,stress_retention_and_hysteresis_transfer_proxy,not_measured_by_this_isothermal_cyclic_protocol,32114,observed_unique,label_only_cross_workbook_identity_unresolved
pu-shape-memory-dib-2020-v1,doi:10.1016/j.dib.2020.106294,SMP-6,crosslinked_shape_memory_polyurethane,56.9,29.7,13.4,molar_percent,monomer_set_molar_composition_mapped,doi:10.1016/j.jmbbm.2018.08.037; doi:10.1016/j.dib.2020.106294,doi:10.1016/j.dib.2020.106294|SMP-6,"1,6-hexamethylene diisocyanate",O=C=NCCCCCCN=C=O,"N,N,N',N'-tetrakis(2-hydroxypropyl)ethylenediamine",triethanolamine,OCCN(CCO)CCO,False,polyurethane_transfer,transfer_learning_only,0.35,数据/原始/外部数据/新增开放数据/DataInBrief_聚氨酯形状记忆多模态原始数据/mmc6.xlsx,CC-BY-4.0,reference-184;reference-185,fisher_uniaxial_cyclic_tensile_mmc6_011,SMP-6_1,test_run_cycle_dependent,9,2.18746,14.402000000000001,0.13623560189999992,0.1270255680000002,0.00921003389999972,92.74557357031408,7.254426429685921,0.06760372304707912,3,10,0.5,Tg_plus_10_C,65.39,2.0,False,,,stress_retention_and_hysteresis_transfer_proxy,not_measured_by_this_isothermal_cyclic_protocol,32114,observed_unique,label_only_cross_workbook_identity_unresolved
pu-shape-memory-dib-2020-v1,doi:10.1016/j.dib.2020.106294,SMP-6,crosslinked_shape_memory_polyurethane,56.9,29.7,13.4,molar_percent,monomer_set_molar_composition_mapped,doi:10.1016/j.jmbbm.2018.08.037; doi:10.1016/j.dib.2020.106294,doi:10.1016/j.dib.2020.106294|SMP-6,"1,6-hexamethylene diisocyanate",O=C=NCCCCCCN=C=O,"N,N,N',N'-tetrakis(2-hydroxypropyl)ethylenediamine",triethanolamine,OCCN(CCO)CCO,False,polyurethane_transfer,transfer_learning_only,0.35,数据/原始/外部数据/新增开放数据/DataInBrief_聚氨酯形状记忆多模态原始数据/mmc6.xlsx,CC-BY-4.0,reference-184;reference-185,fisher_uniaxial_cyclic_tensile_mmc6_011,SMP-6_1,test_run_cycle_dependent,10,2.18173,14.402000000000001,0.13529507710000008,0.12630061590000008,0.008994461199999998,92.5026287226104,7.497371277389604,0.06648032872143574,3,10,0.5,Tg_plus_10_C,65.39,2.0,False,,,stress_retention_and_hysteresis_transfer_proxy,not_measured_by_this_isothermal_cyclic_protocol,32114,observed_unique,label_only_cross_workbook_identity_unresolved
pu-shape-memory-dib-2020-v1,doi:10.1016/j.dib.2020.106294,SMP-6,crosslinked_shape_memory_polyurethane,56.9,29.7,13.4,molar_percent,monomer_set_molar_composition_mapped,doi:10.1016/j.jmbbm.2018.08.037; doi:10.1016/j.dib.2020.106294,doi:10.1016/j.dib.2020.106294|SMP-6,"1,6-hexamethylene diisocyanate",O=C=NCCCCCCN=C=O,"N,N,N',N'-tetrakis(2-hydroxypropyl)ethylenediamine",triethanolamine,OCCN(CCO)CCO,False,polyurethane_transfer,transfer_learning_only,0.35,数据/原始/外部数据/新增开放数据/DataInBrief_聚氨酯形状记忆多模态原始数据/mmc6.xlsx,CC-BY-4.0,reference-184;reference-185,fisher_uniaxial_cyclic_tensile_mmc6_012,SMP-6_2,test_run_cycle_dependent,1,2.16367,11.402,0.12615641300000002,0.10568283130000002,0.020473581700000007,100.0,0.0,0.1622872845948783,3,10,0.5,Tg_plus_10_C,65.39,2.0,False,,,stress_retention_and_hysteresis_transfer_proxy,not_measured_by_this_isothermal_cyclic_protocol,29262,observed_unique,label_only_cross_workbook_identity_unresolved
pu-shape-memory-dib-2020-v1,doi:10.1016/j.dib.2020.106294,SMP-6,crosslinked_shape_memory_polyurethane,56.9,29.7,13.4,molar_percent,monomer_set_molar_composition_mapped,doi:10.1016/j.jmbbm.2018.08.037; doi:10.1016/j.dib.2020.106294,doi:10.1016/j.dib.2020.106294|SMP-6,"1,6-hexamethylene diisocyanate",O=C=NCCCCCCN=C=O,"N,N,N',N'-tetrakis(2-hydroxypropyl)ethylenediamine",triethanolamine,OCCN(CCO)CCO,False,polyurethane_transfer,transfer_learning_only,0.35,数据/原始/外部数据/新增开放数据/DataInBrief_聚氨酯形状记忆多模态原始数据/mmc6.xlsx,CC-BY-4.0,reference-184;reference-185,fisher_uniaxial_cyclic_tensile_mmc6_012,SMP-6_2,test_run_cycle_dependent,2,2.08964,11.402,0.1112528306,0.09995681629999985,0.011296014300000157,96.57849856956005,3.421501430439946,0.10153462378511524,3,10,0.5,Tg_plus_10_C,65.39,2.0,False,,,stress_retention_and_hysteresis_transfer_proxy,not_measured_by_this_isothermal_cyclic_protocol,29262,observed_unique,label_only_cross_workbook_identity_unresolved
pu-shape-memory-dib-2020-v1,doi:10.1016/j.dib.2020.106294,SMP-6,crosslinked_shape_memory_polyurethane,56.9,29.7,13.4,molar_percent,monomer_set_molar_composition_mapped,doi:10.1016/j.jmbbm.2018.08.037; doi:10.1016/j.dib.2020.106294,doi:10.1016/j.dib.2020.106294|SMP-6,"1,6-hexamethylene diisocyanate",O=C=NCCCCCCN=C=O,"N,N,N',N'-tetrakis(2-hydroxypropyl)ethylenediamine",triethanolamine,OCCN(CCO)CCO,False,polyurethane_transfer,transfer_learning_only,0.35,数据/原始/外部数据/新增开放数据/DataInBrief_聚氨酯形状记忆多模态原始数据/mmc6.xlsx,CC-BY-4.0,reference-184;reference-185,fisher_uniaxial_cyclic_tensile_mmc6_012,SMP-6_2,test_run_cycle_dependent,3,2.0565,11.402,0.10627961560000009,0.09703262390000003,0.009246991700000054,95.04684170876335,4.953158291236647,0.08700625842308793,3,10,0.5,Tg_plus_10_C,65.39,2.0,False,,,stress_retention_and_hysteresis_transfer_proxy,not_measured_by_this_isothermal_cyclic_protocol,29262,observed_unique,label_only_cross_workbook_identity_unresolved
pu-shape-memory-dib-2020-v1,doi:10.1016/j.dib.2020.106294,SMP-6,crosslinked_shape_memory_polyurethane,56.9,29.7,13.4,molar_percent,monomer_set_molar_composition_mapped,doi:10.1016/j.jmbbm.2018.08.037; doi:10.1016/j.dib.2020.106294,doi:10.1016/j.dib.2020.106294|SMP-6,"1,6-hexamethylene diisocyanate",O=C=NCCCCCCN=C=O,"N,N,N',N'-tetrakis(2-hydroxypropyl)ethylenediamine",triethanolamine,OCCN(CCO)CCO,False,polyurethane_transfer,transfer_learning_only,0.35,数据/原始/外部数据/新增开放数据/DataInBrief_聚氨酯形状记忆多模态原始数据/mmc6.xlsx,CC-BY-4.0,reference-184;reference-185,fisher_uniaxial_cyclic_tensile_mmc6_012,SMP-6_2,test_run_cycle_dependent,4,2.03368,11.402,0.10332947125000018,0.09501824925000016,0.008311222000000021,93.99215222284359,6.007847777156414,0.08043418687289573,3,10,0.5,Tg_plus_10_C,65.39,2.0,False,,,stress_retention_and_hysteresis_transfer_proxy,not_measured_by_this_isothermal_cyclic_protocol,29262,observed_unique,label_only_cross_workbook_identity_unresolved
pu-shape-memory-dib-2020-v1,doi:10.1016/j.dib.2020.106294,SMP-6,crosslinked_shape_memory_polyurethane,56.9,29.7,13.4,molar_percent,monomer_set_molar_composition_mapped,doi:10.1016/j.jmbbm.2018.08.037; doi:10.1016/j.dib.2020.106294,doi:10.1016/j.dib.2020.106294|SMP-6,"1,6-hexamethylene diisocyanate",O=C=NCCCCCCN=C=O,"N,N,N',N'-tetrakis(2-hydroxypropyl)ethylenediamine",triethanolamine,OCCN(CCO)CCO,False,polyurethane_transfer,transfer_learning_only,0.35,数据/原始/外部数据/新增开放数据/DataInBrief_聚氨酯形状记忆多模态原始数据/mmc6.xlsx,CC-BY-4.0,reference-184;reference-185,fisher_uniaxial_cyclic_tensile_mmc6_012,SMP-6_2,test_run_cycle_dependent,5,2.01738,11.402,0.10123580149999997,0.09351514049999984,0.0077206610000001286,93.23880259004378,6.761197409956225,0.07626413665525364,3,10,0.5,Tg_plus_10_C,65.39,2.0,False,,,stress_retention_and_hysteresis_transfer_proxy,not_measured_by_this_isothermal_cyclic_protocol,29262,observed_unique,label_only_cross_workbook_identity_unresolved
pu-shape-memory-dib-2020-v1,doi:10.1016/j.dib.2020.106294,SMP-6,crosslinked_shape_memory_polyurethane,56.9,29.7,13.4,molar_percent,monomer_set_molar_composition_mapped,doi:10.1016/j.jmbbm.2018.08.037; doi:10.1016/j.dib.2020.106294,doi:10.1016/j.dib.2020.106294|SMP-6,"1,6-hexamethylene diisocyanate",O=C=NCCCCCCN=C=O,"N,N,N',N'-tetrakis(2-hydroxypropyl)ethylenediamine",triethanolamine,OCCN(CCO)CCO,False,polyurethane_transfer,transfer_learning_only,0.35,数据/原始/外部数据/新增开放数据/DataInBrief_聚氨酯形状记忆多模态原始数据/mmc6.xlsx,CC-BY-4.0,reference-184;reference-185,fisher_uniaxial_cyclic_tensile_mmc6_012,SMP-6_2,test_run_cycle_dependent,6,2.00592,11.402,0.09962653875,0.09241188529999993,0.007214653450000066,92.70914695863972,7.290853041360279,0.07241698387318576,3,10,0.5,Tg_plus_10_C,65.39,2.0,False,,,stress_retention_and_hysteresis_transfer_proxy,not_measured_by_this_isothermal_cyclic_protocol,29262,observed_unique,label_only_cross_workbook_identity_unresolved
pu-shape-memory-dib-2020-v1,doi:10.1016/j.dib.2020.106294,SMP-6,crosslinked_shape_memory_polyurethane,56.9,29.7,13.4,molar_percent,monomer_set_molar_composition_mapped,doi:10.1016/j.jmbbm.2018.08.037; doi:10.1016/j.dib.2020.106294,doi:10.1016/j.dib.2020.106294|SMP-6,"1,6-hexamethylene diisocyanate",O=C=NCCCCCCN=C=O,"N,N,N',N'-tetrakis(2-hydroxypropyl)ethylenediamine",triethanolamine,OCCN(CCO)CCO,False,polyurethane_transfer,transfer_learning_only,0.35,数据/原始/外部数据/新增开放数据/DataInBrief_聚氨酯形状记忆多模态原始数据/mmc6.xlsx,CC-BY-4.0,reference-184;reference-185,fisher_uniaxial_cyclic_tensile_mmc6_012,SMP-6_2,test_run_cycle_dependent,7,1.99524,11.402,0.09844997660000011,0.09149730535000002,0.0069526712500000976,92.21554118696473,7.784458813035272,0.07062136010705856,3,10,0.5,Tg_plus_10_C,65.39,2.0,False,,,stress_retention_and_hysteresis_transfer_proxy,not_measured_by_this_isothermal_cyclic_protocol,29262,observed_unique,label_only_cross_workbook_identity_unresolved
pu-shape-memory-dib-2020-v1,doi:10.1016/j.dib.2020.106294,SMP-6,crosslinked_shape_memory_polyurethane,56.9,29.7,13.4,molar_percent,monomer_set_molar_composition_mapped,doi:10.1016/j.jmbbm.2018.08.037; doi:10.1016/j.dib.2020.106294,doi:10.1016/j.dib.2020.106294|SMP-6,"1,6-hexamethylene diisocyanate",O=C=NCCCCCCN=C=O,"N,N,N',N'-tetrakis(2-hydroxypropyl)ethylenediamine",triethanolamine,OCCN(CCO)CCO,False,polyurethane_transfer,transfer_learning_only,0.35,数据/原始/外部数据/新增开放数据/DataInBrief_聚氨酯形状记忆多模态原始数据/mmc6.xlsx,CC-BY-4.0,reference-184;reference-185,fisher_uniaxial_cyclic_tensile_mmc6_012,SMP-6_2,test_run_cycle_dependent,8,1.98752,11.402,0.09745160440000004,0.09077799794999998,0.006673606450000064,91.8587400111847,8.141259988815307,0.06848123733917777,3,10,0.5,Tg_plus_10_C,65.39,2.0,False,,,stress_retention_and_hysteresis_transfer_proxy,not_measured_by_this_isothermal_cyclic_protocol,29262,observed_unique,label_only_cross_workbook_identity_unresolved
pu-shape-memory-dib-2020-v1,doi:10.1016/j.dib.2020.106294,SMP-6,crosslinked_shape_memory_polyurethane,56.9,29.7,13.4,molar_percent,monomer_set_molar_composition_mapped,doi:10.1016/j.jmbbm.2018.08.037; doi:10.1016/j.dib.2020.106294,doi:10.1016/j.dib.2020.106294|SMP-6,"1,6-hexamethylene diisocyanate",O=C=NCCCCCCN=C=O,"N,N,N',N'-tetrakis(2-hydroxypropyl)ethylenediamine",triethanolamine,OCCN(CCO)CCO,False,polyurethane_transfer,transfer_learning_only,0.35,数据/原始/外部数据/新增开放数据/DataInBrief_聚氨酯形状记忆多模态原始数据/mmc6.xlsx,CC-BY-4.0,reference-184;reference-185,fisher_uniaxial_cyclic_tensile_mmc6_012,SMP-6_2,test_run_cycle_dependent,9,1.98215,11.402,0.09663611870000008,0.09016257024999984,0.006473548450000241,91.6105505922807,8.389449407719297,0.06698891198328143,3,10,0.5,Tg_plus_10_C,65.39,2.0,False,,,stress_retention_and_hysteresis_transfer_proxy,not_measured_by_this_isothermal_cyclic_protocol,29262,observed_unique,label_only_cross_workbook_identity_unresolved
pu-shape-memory-dib-2020-v1,doi:10.1016/j.dib.2020.106294,SMP-6,crosslinked_shape_memory_polyurethane,56.9,29.7,13.4,molar_percent,monomer_set_molar_composition_mapped,doi:10.1016/j.jmbbm.2018.08.037; doi:10.1016/j.dib.2020.106294,doi:10.1016/j.dib.2020.106294|SMP-6,"1,6-hexamethylene diisocyanate",O=C=NCCCCCCN=C=O,"N,N,N',N'-tetrakis(2-hydroxypropyl)ethylenediamine",triethanolamine,OCCN(CCO)CCO,False,polyurethane_transfer,transfer_learning_only,0.35,数据/原始/外部数据/新增开放数据/DataInBrief_聚氨酯形状记忆多模态原始数据/mmc6.xlsx,CC-BY-4.0,reference-184;reference-185,fisher_uniaxial_cyclic_tensile_mmc6_012,SMP-6_2,test_run_cycle_dependent,10,1.97531,11.402,0.09593826430000012,0.0895862687,0.006351995600000118,91.29442105311806,8.705578946881943,0.06620919865860143,3,10,0.5,Tg_plus_10_C,65.39,2.0,False,,,stress_retention_and_hysteresis_transfer_proxy,not_measured_by_this_isothermal_cyclic_protocol,29262,observed_unique,label_only_cross_workbook_identity_unresolved
pu-shape-memory-dib-2020-v1,doi:10.1016/j.dib.2020.106294,SMP-7,crosslinked_shape_memory_polyurethane,57.8,25.1,17.1,molar_percent,monomer_set_molar_composition_mapped,doi:10.1016/j.jmbbm.2018.08.037; doi:10.1016/j.dib.2020.106294,doi:10.1016/j.dib.2020.106294|SMP-7,"1,6-hexamethylene diisocyanate",O=C=NCCCCCCN=C=O,"N,N,N',N'-tetrakis(2-hydroxypropyl)ethylenediamine",triethanolamine,OCCN(CCO)CCO,False,polyurethane_transfer,transfer_learning_only,0.35,数据/原始/外部数据/新增开放数据/DataInBrief_聚氨酯形状记忆多模态原始数据/mmc6.xlsx,CC-BY-4.0,reference-184;reference-185,fisher_uniaxial_cyclic_tensile_mmc6_013,SMP-7_5,test_run_cycle_dependent,1,2.3669,15.451999999999998,0.18931473575000007,0.15548766864999958,0.033827067100000496,100.0,0.0,0.17868163809853077,3,10,0.5,Tg_plus_10_C,62.6,2.0,False,,,stress_retention_and_hysteresis_transfer_proxy,not_measured_by_this_isothermal_cyclic_protocol,33284,observed_unique,label_only_cross_workbook_identity_unresolved
pu-shape-memory-dib-2020-v1,doi:10.1016/j.dib.2020.106294,SMP-7,crosslinked_shape_memory_polyurethane,57.8,25.1,17.1,molar_percent,monomer_set_molar_composition_mapped,doi:10.1016/j.jmbbm.2018.08.037; doi:10.1016/j.dib.2020.106294,doi:10.1016/j.dib.2020.106294|SMP-7,"1,6-hexamethylene diisocyanate",O=C=NCCCCCCN=C=O,"N,N,N',N'-tetrakis(2-hydroxypropyl)ethylenediamine",triethanolamine,OCCN(CCO)CCO,False,polyurethane_transfer,transfer_learning_only,0.35,数据/原始/外部数据/新增开放数据/DataInBrief_聚氨酯形状记忆多模态原始数据/mmc6.xlsx,CC-BY-4.0,reference-184;reference-185,fisher_uniaxial_cyclic_tensile_mmc6_013,SMP-7_5,test_run_cycle_dependent,2,2.29918,15.451999999999998,0.1713521427000002,0.14791625285,0.023435889850000197,97.13887363217711,2.861126367822891,0.13677033435777497,3,10,0.5,Tg_plus_10_C,62.6,2.0,False,,,stress_retention_and_hysteresis_transfer_proxy,not_measured_by_this_isothermal_cyclic_protocol,33284,observed_unique,label_only_cross_workbook_identity_unresolved
pu-shape-memory-dib-2020-v1,doi:10.1016/j.dib.2020.106294,SMP-7,crosslinked_shape_memory_polyurethane,57.8,25.1,17.1,molar_percent,monomer_set_molar_composition_mapped,doi:10.1016/j.jmbbm.2018.08.037; doi:10.1016/j.dib.2020.106294,doi:10.1016/j.dib.2020.106294|SMP-7,"1,6-hexamethylene diisocyanate",O=C=NCCCCCCN=C=O,"N,N,N',N'-tetrakis(2-hydroxypropyl)ethylenediamine",triethanolamine,OCCN(CCO)CCO,False,polyurethane_transfer,transfer_learning_only,0.35,数据/原始/外部数据/新增开放数据/DataInBrief_聚氨酯形状记忆多模态原始数据/mmc6.xlsx,CC-BY-4.0,reference-184;reference-185,fisher_uniaxial_cyclic_tensile_mmc6_013,SMP-7_5,test_run_cycle_dependent,3,2.26852,15.451999999999998,0.16519633254999963,0.1439847282000002,0.02121160434999944,95.84350838649712,4.1564916135028795,0.12840239261110334,3,10,0.5,Tg_plus_10_C,62.6,2.0,False,,,stress_retention_and_hysteresis_transfer_proxy,not_measured_by_this_isothermal_cyclic_protocol,33284,observed_unique,label_only_cross_workbook_identity_unresolved
pu-shape-memory-dib-2020-v1,doi:10.1016/j.dib.2020.106294,SMP-7,crosslinked_shape_memory_polyurethane,57.8,25.1,17.1,molar_percent,monomer_set_molar_composition_mapped,doi:10.1016/j.jmbbm.2018.08.037; doi:10.1016/j.dib.2020.106294,doi:10.1016/j.dib.2020.106294|SMP-7,"1,6-hexamethylene diisocyanate",O=C=NCCCCCCN=C=O,"N,N,N',N'-tetrakis(2-hydroxypropyl)ethylenediamine",triethanolamine,OCCN(CCO)CCO,False,polyurethane_transfer,transfer_learning_only,0.35,数据/原始/外部数据/新增开放数据/DataInBrief_聚氨酯形状记忆多模态原始数据/mmc6.xlsx,CC-BY-4.0,reference-184;reference-185,fisher_uniaxial_cyclic_tensile_mmc6_013,SMP-7_5,test_run_cycle_dependent,4,2.24817,15.451999999999998,0.1615768458499998,0.1413582525000001,0.020218593349999703,94.98373399805654,5.016266001943464,0.1251329869922679,3,10,0.5,Tg_plus_10_C,62.6,2.0,False,,,stress_retention_and_hysteresis_transfer_proxy,not_measured_by_this_isothermal_cyclic_protocol,33284,observed_unique,label_only_cross_workbook_identity_unresolved
pu-shape-memory-dib-2020-v1,doi:10.1016/j.dib.2020.106294,SMP-7,crosslinked_shape_memory_polyurethane,57.8,25.1,17.1,molar_percent,monomer_set_molar_composition_mapped,doi:10.1016/j.jmbbm.2018.08.037; doi:10.1016/j.dib.2020.106294,doi:10.1016/j.dib.2020.106294|SMP-7,"1,6-hexamethylene diisocyanate",O=C=NCCCCCCN=C=O,"N,N,N',N'-tetrakis(2-hydroxypropyl)ethylenediamine",triethanolamine,OCCN(CCO)CCO,False,polyurethane_transfer,transfer_learning_only,0.35,数据/原始/外部数据/新增开放数据/DataInBrief_聚氨酯形状记忆多模态原始数据/mmc6.xlsx,CC-BY-4.0,reference-184;reference-185,fisher_uniaxial_cyclic_tensile_mmc6_013,SMP-7_5,test_run_cycle_dependent,5,2.23583,15.451999999999998,0.15911639045000003,0.13953027954999964,0.019586110900000397,94.46237694875154,5.53762305124846,0.12309298146224001,3,10,0.5,Tg_plus_10_C,62.6,2.0,False,,,stress_retention_and_hysteresis_transfer_proxy,not_measured_by_this_isothermal_cyclic_protocol,33284,observed_unique,label_only_cross_workbook_identity_unresolved
pu-shape-memory-dib-2020-v1,doi:10.1016/j.dib.2020.106294,SMP-7,crosslinked_shape_memory_polyurethane,57.8,25.1,17.1,molar_percent,monomer_set_molar_composition_mapped,doi:10.1016/j.jmbbm.2018.08.037; doi:10.1016/j.dib.2020.106294,doi:10.1016/j.dib.2020.106294|SMP-7,"1,6-hexamethylene diisocyanate",O=C=NCCCCCCN=C=O,"N,N,N',N'-tetrakis(2-hydroxypropyl)ethylenediamine",triethanolamine,OCCN(CCO)CCO,False,polyurethane_transfer,transfer_learning_only,0.35,数据/原始/外部数据/新增开放数据/DataInBrief_聚氨酯形状记忆多模态原始数据/mmc6.xlsx,CC-BY-4.0,reference-184;reference-185,fisher_uniaxial_cyclic_tensile_mmc6_013,SMP-7_5,test_run_cycle_dependent,6,2.22605,15.451999999999998,0.1572814153499998,0.1380494836000001,0.01923193174999968,94.04917825003169,5.950821749968313,0.12227720425329773,3,10,0.5,Tg_plus_10_C,62.6,2.0,False,,,stress_retention_and_hysteresis_transfer_proxy,not_measured_by_this_isothermal_cyclic_protocol,33284,observed_unique,label_only_cross_workbook_identity_unresolved
pu-shape-memory-dib-2020-v1,doi:10.1016/j.dib.2020.106294,SMP-7,crosslinked_shape_memory_polyurethane,57.8,25.1,17.1,molar_percent,monomer_set_molar_composition_mapped,doi:10.1016/j.jmbbm.2018.08.037; doi:10.1016/j.dib.2020.106294,doi:10.1016/j.dib.2020.106294|SMP-7,"1,6-hexamethylene diisocyanate",O=C=NCCCCCCN=C=O,"N,N,N',N'-tetrakis(2-hydroxypropyl)ethylenediamine",triethanolamine,OCCN(CCO)CCO,False,polyurethane_transfer,transfer_learning_only,0.35,数据/原始/外部数据/新增开放数据/DataInBrief_聚氨酯形状记忆多模态原始数据/mmc6.xlsx,CC-BY-4.0,reference-184;reference-185,fisher_uniaxial_cyclic_tensile_mmc6_013,SMP-7_5,test_run_cycle_dependent,7,2.21717,15.451999999999998,0.15578815109999997,0.1368630186499997,0.01892513245000027,93.67400397143943,6.325996028560567,0.12147992203753855,3,10,0.5,Tg_plus_10_C,62.6,2.0,False,,,stress_retention_and_hysteresis_transfer_proxy,not_measured_by_this_isothermal_cyclic_protocol,33284,observed_unique,label_only_cross_workbook_identity_unresolved
pu-shape-memory-dib-2020-v1,doi:10.1016/j.dib.2020.106294,SMP-7,crosslinked_shape_memory_polyurethane,57.8,25.1,17.1,molar_percent,monomer_set_molar_composition_mapped,doi:10.1016/j.jmbbm.2018.08.037; doi:10.1016/j.dib.2020.106294,doi:10.1016/j.dib.2020.106294|SMP-7,"1,6-hexamethylene diisocyanate",O=C=NCCCCCCN=C=O,"N,N,N',N'-tetrakis(2-hydroxypropyl)ethylenediamine",triethanolamine,OCCN(CCO)CCO,False,polyurethane_transfer,transfer_learning_only,0.35,数据/原始/外部数据/新增开放数据/DataInBrief_聚氨酯形状记忆多模态原始数据/mmc6.xlsx,CC-BY-4.0,reference-184;reference-185,fisher_uniaxial_cyclic_tensile_mmc6_013,SMP-7_5,test_run_cycle_dependent,8,2.21022,15.451999999999998,0.15460111515,0.1358636777500001,0.01873743739999989,93.38037094934305,6.619629050656954,0.12119859149670494,3,10,0.5,Tg_plus_10_C,62.6,2.0,False,,,stress_retention_and_hysteresis_transfer_proxy,not_measured_by_this_isothermal_cyclic_protocol,33284,observed_unique,label_only_cross_workbook_identity_unresolved
pu-shape-memory-dib-2020-v1,doi:10.1016/j.dib.2020.106294,SMP-7,crosslinked_shape_memory_polyurethane,57.8,25.1,17.1,molar_percent,monomer_set_molar_composition_mapped,doi:10.1016/j.jmbbm.2018.08.037; doi:10.1016/j.dib.2020.106294,doi:10.1016/j.dib.2020.106294|SMP-7,"1,6-hexamethylene diisocyanate",O=C=NCCCCCCN=C=O,"N,N,N',N'-tetrakis(2-hydroxypropyl)ethylenediamine",triethanolamine,OCCN(CCO)CCO,False,polyurethane_transfer,transfer_learning_only,0.35,数据/原始/外部数据/新增开放数据/DataInBrief_聚氨酯形状记忆多模态原始数据/mmc6.xlsx,CC-BY-4.0,reference-184;reference-185,fisher_uniaxial_cyclic_tensile_mmc6_013,SMP-7_5,test_run_cycle_dependent,9,2.2047,15.451999999999998,0.15357102164999983,0.1350293651,0.01854165654999984,93.1471545058938,6.852845494106205,0.12073668815108687,3,10,0.5,Tg_plus_10_C,62.6,2.0,False,,,stress_retention_and_hysteresis_transfer_proxy,not_measured_by_this_isothermal_cyclic_protocol,33284,observed_unique,label_only_cross_workbook_identity_unresolved
pu-shape-memory-dib-2020-v1,doi:10.1016/j.dib.2020.106294,SMP-7,crosslinked_shape_memory_polyurethane,57.8,25.1,17.1,molar_percent,monomer_set_molar_composition_mapped,doi:10.1016/j.jmbbm.2018.08.037; doi:10.1016/j.dib.2020.106294,doi:10.1016/j.dib.2020.106294|SMP-7,"1,6-hexamethylene diisocyanate",O=C=NCCCCCCN=C=O,"N,N,N',N'-tetrakis(2-hydroxypropyl)ethylenediamine",triethanolamine,OCCN(CCO)CCO,False,polyurethane_transfer,transfer_learning_only,0.35,数据/原始/外部数据/新增开放数据/DataInBrief_聚氨酯形状记忆多模态原始数据/mmc6.xlsx,CC-BY-4.0,reference-184;reference-185,fisher_uniaxial_cyclic_tensile_mmc6_013,SMP-7_5,test_run_cycle_dependent,10,2.19948,15.451999999999998,0.1527357323999998,0.13425928379999996,0.018476448599999834,92.92661286915374,7.073387130846257,0.12097004616844892,3,10,0.5,Tg_plus_10_C,62.6,2.0,False,,,stress_retention_and_hysteresis_transfer_proxy,not_measured_by_this_isothermal_cyclic_protocol,33284,observed_unique,label_only_cross_workbook_identity_unresolved
pu-shape-memory-dib-2020-v1,doi:10.1016/j.dib.2020.106294,SMP-7,crosslinked_shape_memory_polyurethane,57.8,25.1,17.1,molar_percent,monomer_set_molar_composition_mapped,doi:10.1016/j.jmbbm.2018.08.037; doi:10.1016/j.dib.2020.106294,doi:10.1016/j.dib.2020.106294|SMP-7,"1,6-hexamethylene diisocyanate",O=C=NCCCCCCN=C=O,"N,N,N',N'-tetrakis(2-hydroxypropyl)ethylenediamine",triethanolamine,OCCN(CCO)CCO,False,polyurethane_transfer,transfer_learning_only,0.35,数据/原始/外部数据/新增开放数据/DataInBrief_聚氨酯形状记忆多模态原始数据/mmc6.xlsx,CC-BY-4.0,reference-184;reference-185,fisher_uniaxial_cyclic_tensile_mmc6_014,SMP-7_2,test_run_cycle_dependent,1,2.91617,17.602999999999998,0.2619147271999996,0.2309755192999999,0.030939207899999682,100.0,0.0,0.11812702642098596,3,10,0.5,Tg_plus_10_C,62.6,2.0,False,,,stress_retention_and_hysteresis_transfer_proxy,not_measured_by_this_isothermal_cyclic_protocol,38298,observed_unique,label_only_cross_workbook_identity_unresolved
pu-shape-memory-dib-2020-v1,doi:10.1016/j.dib.2020.106294,SMP-7,crosslinked_shape_memory_polyurethane,57.8,25.1,17.1,molar_percent,monomer_set_molar_composition_mapped,doi:10.1016/j.jmbbm.2018.08.037; doi:10.1016/j.dib.2020.106294,doi:10.1016/j.dib.2020.106294|SMP-7,"1,6-hexamethylene diisocyanate",O=C=NCCCCCCN=C=O,"N,N,N',N'-tetrakis(2-hydroxypropyl)ethylenediamine",triethanolamine,OCCN(CCO)CCO,False,polyurethane_transfer,transfer_learning_only,0.35,数据/原始/外部数据/新增开放数据/DataInBrief_聚氨酯形状记忆多模态原始数据/mmc6.xlsx,CC-BY-4.0,reference-184;reference-185,fisher_uniaxial_cyclic_tensile_mmc6_014,SMP-7_2,test_run_cycle_dependent,2,2.85486,17.602999999999998,0.24244033380000032,0.2228377858499998,0.01960254795000052,97.89758484587661,2.102415154123392,0.08085514337796418,3,10,0.5,Tg_plus_10_C,62.6,2.0,False,,,stress_retention_and_hysteresis_transfer_proxy,not_measured_by_this_isothermal_cyclic_protocol,38298,observed_unique,label_only_cross_workbook_identity_unresolved
pu-shape-memory-dib-2020-v1,doi:10.1016/j.dib.2020.106294,SMP-7,crosslinked_shape_memory_polyurethane,57.8,25.1,17.1,molar_percent,monomer_set_molar_composition_mapped,doi:10.1016/j.jmbbm.2018.08.037; doi:10.1016/j.dib.2020.106294,doi:10.1016/j.dib.2020.106294|SMP-7,"1,6-hexamethylene diisocyanate",O=C=NCCCCCCN=C=O,"N,N,N',N'-tetrakis(2-hydroxypropyl)ethylenediamine",triethanolamine,OCCN(CCO)CCO,False,polyurethane_transfer,transfer_learning_only,0.35,数据/原始/外部数据/新增开放数据/DataInBrief_聚氨酯形状记忆多模态原始数据/mmc6.xlsx,CC-BY-4.0,reference-184;reference-185,fisher_uniaxial_cyclic_tensile_mmc6_014,SMP-7_2,test_run_cycle_dependent,3,2.82146,17.602999999999998,0.23496485600000003,0.21823403760000004,0.016730818399999986,96.75224695405275,3.247753045947249,0.07120562063970956,3,10,0.5,Tg_plus_10_C,62.6,2.0,False,,,stress_retention_and_hysteresis_transfer_proxy,not_measured_by_this_isothermal_cyclic_protocol,38298,observed_unique,label_only_cross_workbook_identity_unresolved
pu-shape-memory-dib-2020-v1,doi:10.1016/j.dib.2020.106294,SMP-7,crosslinked_shape_memory_polyurethane,57.8,25.1,17.1,molar_percent,monomer_set_molar_composition_mapped,doi:10.1016/j.jmbbm.2018.08.037; doi:10.1016/j.dib.2020.106294,doi:10.1016/j.dib.2020.106294|SMP-7,"1,6-hexamethylene diisocyanate",O=C=NCCCCCCN=C=O,"N,N,N',N'-tetrakis(2-hydroxypropyl)ethylenediamine",triethanolamine,OCCN(CCO)CCO,False,polyurethane_transfer,transfer_learning_only,0.35,数据/原始/外部数据/新增开放数据/DataInBrief_聚氨酯形状记忆多模态原始数据/mmc6.xlsx,CC-BY-4.0,reference-184;reference-185,fisher_uniaxial_cyclic_tensile_mmc6_014,SMP-7_2,test_run_cycle_dependent,4,2.80207,17.602999999999998,0.23042644044999996,0.2151120319000007,0.01531440854999927,96.08733372882925,3.9126662711707496,0.06646116009990759,3,10,0.5,Tg_plus_10_C,62.6,2.0,False,,,stress_retention_and_hysteresis_transfer_proxy,not_measured_by_this_isothermal_cyclic_protocol,38298,observed_unique,label_only_cross_workbook_identity_unresolved
pu-shape-memory-dib-2020-v1,doi:10.1016/j.dib.2020.106294,SMP-7,crosslinked_shape_memory_polyurethane,57.8,25.1,17.1,molar_percent,monomer_set_molar_composition_mapped,doi:10.1016/j.jmbbm.2018.08.037; doi:10.1016/j.dib.2020.106294,doi:10.1016/j.dib.2020.106294|SMP-7,"1,6-hexamethylene diisocyanate",O=C=NCCCCCCN=C=O,"N,N,N',N'-tetrakis(2-hydroxypropyl)ethylenediamine",triethanolamine,OCCN(CCO)CCO,False,polyurethane_transfer,transfer_learning_only,0.35,数据/原始/外部数据/新增开放数据/DataInBrief_聚氨酯形状记忆多模态原始数据/mmc6.xlsx,CC-BY-4.0,reference-184;reference-185,fisher_uniaxial_cyclic_tensile_mmc6_014,SMP-7_2,test_run_cycle_dependent,5,2.78595,17.602999999999998,0.2272360936000001,0.21281012989999984,0.014425963700000266,95.53455388403283,4.465446115967168,0.06348447322542891,3,10,0.5,Tg_plus_10_C,62.6,2.0,False,,,stress_retention_and_hysteresis_transfer_proxy,not_measured_by_this_isothermal_cyclic_protocol,38298,observed_unique,label_only_cross_workbook_identity_unresolved
pu-shape-memory-dib-2020-v1,doi:10.1016/j.dib.2020.106294,SMP-7,crosslinked_shape_memory_polyurethane,57.8,25.1,17.1,molar_percent,monomer_set_molar_composition_mapped,doi:10.1016/j.jmbbm.2018.08.037; doi:10.1016/j.dib.2020.106294,doi:10.1016/j.dib.2020.106294|SMP-7,"1,6-hexamethylene diisocyanate",O=C=NCCCCCCN=C=O,"N,N,N',N'-tetrakis(2-hydroxypropyl)ethylenediamine",triethanolamine,OCCN(CCO)CCO,False,polyurethane_transfer,transfer_learning_only,0.35,数据/原始/外部数据/新增开放数据/DataInBrief_聚氨酯形状记忆多模态原始数据/mmc6.xlsx,CC-BY-4.0,reference-184;reference-185,fisher_uniaxial_cyclic_tensile_mmc6_014,SMP-7_2,test_run_cycle_dependent,6,2.7748,17.602999999999998,0.22489545079999992,0.2110799784499999,0.013815472350000024,95.15220306086408,4.847796939135918,0.06143064388743976,3,10,0.5,Tg_plus_10_C,62.6,2.0,False,,,stress_retention_and_hysteresis_transfer_proxy,not_measured_by_this_isothermal_cyclic_protocol,38298,observed_unique,label_only_cross_workbook_identity_unresolved
pu-shape-memory-dib-2020-v1,doi:10.1016/j.dib.2020.106294,SMP-7,crosslinked_shape_memory_polyurethane,57.8,25.1,17.1,molar_percent,monomer_set_molar_composition_mapped,doi:10.1016/j.jmbbm.2018.08.037; doi:10.1016/j.dib.2020.106294,doi:10.1016/j.dib.2020.106294|SMP-7,"1,6-hexamethylene diisocyanate",O=C=NCCCCCCN=C=O,"N,N,N',N'-tetrakis(2-hydroxypropyl)ethylenediamine",triethanolamine,OCCN(CCO)CCO,False,polyurethane_transfer,transfer_learning_only,0.35,数据/原始/外部数据/新增开放数据/DataInBrief_聚氨酯形状记忆多模态原始数据/mmc6.xlsx,CC-BY-4.0,reference-184;reference-185,fisher_uniaxial_cyclic_tensile_mmc6_014,SMP-7_2,test_run_cycle_dependent,7,2.76682,17.602999999999998,0.2229368940000002,0.2094926229499999,0.01344427105000029,94.87855646275766,5.121443537242342,0.06030527656853548,3,10,0.5,Tg_plus_10_C,62.6,2.0,False,,,stress_retention_and_hysteresis_transfer_proxy,not_measured_by_this_isothermal_cyclic_protocol,38298,observed_unique,label_only_cross_workbook_identity_unresolved
pu-shape-memory-dib-2020-v1,doi:10.1016/j.dib.2020.106294,SMP-7,crosslinked_shape_memory_polyurethane,57.8,25.1,17.1,molar_percent,monomer_set_molar_composition_mapped,doi:10.1016/j.jmbbm.2018.08.037; doi:10.1016/j.dib.2020.106294,doi:10.1016/j.dib.2020.106294|SMP-7,"1,6-hexamethylene diisocyanate",O=C=NCCCCCCN=C=O,"N,N,N',N'-tetrakis(2-hydroxypropyl)ethylenediamine",triethanolamine,OCCN(CCO)CCO,False,polyurethane_transfer,transfer_learning_only,0.35,数据/原始/外部数据/新增开放数据/DataInBrief_聚氨酯形状记忆多模态原始数据/mmc6.xlsx,CC-BY-4.0,reference-184;reference-185,fisher_uniaxial_cyclic_tensile_mmc6_014,SMP-7_2,test_run_cycle_dependent,8,2.75905,17.602999999999998,0.22137172229999977,0.2082594966000002,0.013112225699999563,94.61211109091718,5.387888909082818,0.05923171019209971,3,10,0.5,Tg_plus_10_C,62.6,2.0,False,,,stress_retention_and_hysteresis_transfer_proxy,not_measured_by_this_isothermal_cyclic_protocol,38298,observed_unique,label_only_cross_workbook_identity_unresolved
pu-shape-memory-dib-2020-v1,doi:10.1016/j.dib.2020.106294,SMP-7,crosslinked_shape_memory_polyurethane,57.8,25.1,17.1,molar_percent,monomer_set_molar_composition_mapped,doi:10.1016/j.jmbbm.2018.08.037; doi:10.1016/j.dib.2020.106294,doi:10.1016/j.dib.2020.106294|SMP-7,"1,6-hexamethylene diisocyanate",O=C=NCCCCCCN=C=O,"N,N,N',N'-tetrakis(2-hydroxypropyl)ethylenediamine",triethanolamine,OCCN(CCO)CCO,False,polyurethane_transfer,transfer_learning_only,0.35,数据/原始/外部数据/新增开放数据/DataInBrief_聚氨酯形状记忆多模态原始数据/mmc6.xlsx,CC-BY-4.0,reference-184;reference-185,fisher_uniaxial_cyclic_tensile_mmc6_014,SMP-7_2,test_run_cycle_dependent,9,2.75097,17.602999999999998,0.2199313901,0.20712771644999997,0.012803673650000041,94.33503533744604,5.664964662553956,0.05821667222754502,3,10,0.5,Tg_plus_10_C,62.6,2.0,False,,,stress_retention_and_hysteresis_transfer_proxy,not_measured_by_this_isothermal_cyclic_protocol,38298,observed_unique,label_only_cross_workbook_identity_unresolved
pu-shape-memory-dib-2020-v1,doi:10.1016/j.dib.2020.106294,SMP-7,crosslinked_shape_memory_polyurethane,57.8,25.1,17.1,molar_percent,monomer_set_molar_composition_mapped,doi:10.1016/j.jmbbm.2018.08.037; doi:10.1016/j.dib.2020.106294,doi:10.1016/j.dib.2020.106294|SMP-7,"1,6-hexamethylene diisocyanate",O=C=NCCCCCCN=C=O,"N,N,N',N'-tetrakis(2-hydroxypropyl)ethylenediamine",triethanolamine,OCCN(CCO)CCO,False,polyurethane_transfer,transfer_learning_only,0.35,数据/原始/外部数据/新增开放数据/DataInBrief_聚氨酯形状记忆多模态原始数据/mmc6.xlsx,CC-BY-4.0,reference-184;reference-185,fisher_uniaxial_cyclic_tensile_mmc6_014,SMP-7_2,test_run_cycle_dependent,10,2.7459,17.602999999999998,0.21875790170000015,0.20612982215000009,0.01262807955000006,94.16117716045359,5.83882283954641,0.05772627846521373,3,10,0.5,Tg_plus_10_C,62.6,2.0,False,,,stress_retention_and_hysteresis_transfer_proxy,not_measured_by_this_isothermal_cyclic_protocol,38298,observed_unique,label_only_cross_workbook_identity_unresolved
pu-shape-memory-dib-2020-v1,doi:10.1016/j.dib.2020.106294,SMP-8,crosslinked_shape_memory_polyurethane,58.8,20.4,20.8,molar_percent,monomer_set_molar_composition_mapped,doi:10.1016/j.jmbbm.2018.08.037; doi:10.1016/j.dib.2020.106294,doi:10.1016/j.dib.2020.106294|SMP-8,"1,6-hexamethylene diisocyanate",O=C=NCCCCCCN=C=O,"N,N,N',N'-tetrakis(2-hydroxypropyl)ethylenediamine",triethanolamine,OCCN(CCO)CCO,False,polyurethane_transfer,transfer_learning_only,0.35,数据/原始/外部数据/新增开放数据/DataInBrief_聚氨酯形状记忆多模态原始数据/mmc6.xlsx,CC-BY-4.0,reference-184;reference-185,fisher_uniaxial_cyclic_tensile_mmc6_015,SMP-8_1,test_run_cycle_dependent,1,2.30328,15.803,0.17034908309999994,0.16050390584999988,0.009845177250000059,100.0,0.0,0.057794131150213764,3,10,0.5,Tg_plus_10_C,57.08,2.0,False,,,stress_retention_and_hysteresis_transfer_proxy,not_measured_by_this_isothermal_cyclic_protocol,36736,observed_unique,label_only_cross_workbook_identity_unresolved
pu-shape-memory-dib-2020-v1,doi:10.1016/j.dib.2020.106294,SMP-8,crosslinked_shape_memory_polyurethane,58.8,20.4,20.8,molar_percent,monomer_set_molar_composition_mapped,doi:10.1016/j.jmbbm.2018.08.037; doi:10.1016/j.dib.2020.106294,doi:10.1016/j.dib.2020.106294|SMP-8,"1,6-hexamethylene diisocyanate",O=C=NCCCCCCN=C=O,"N,N,N',N'-tetrakis(2-hydroxypropyl)ethylenediamine",triethanolamine,OCCN(CCO)CCO,False,polyurethane_transfer,transfer_learning_only,0.35,数据/原始/外部数据/新增开放数据/DataInBrief_聚氨酯形状记忆多模态原始数据/mmc6.xlsx,CC-BY-4.0,reference-184;reference-185,fisher_uniaxial_cyclic_tensile_mmc6_015,SMP-8_1,test_run_cycle_dependent,2,2.28465,15.803,0.16577770890000007,0.15837416524999998,0.007403543650000094,99.19115348546421,0.8088465145357873,0.04465946416514923,3,10,0.5,Tg_plus_10_C,57.08,2.0,False,,,stress_retention_and_hysteresis_transfer_proxy,not_measured_by_this_isothermal_cyclic_protocol,36736,observed_unique,label_only_cross_workbook_identity_unresolved
pu-shape-memory-dib-2020-v1,doi:10.1016/j.dib.2020.106294,SMP-8,crosslinked_shape_memory_polyurethane,58.8,20.4,20.8,molar_percent,monomer_set_molar_composition_mapped,doi:10.1016/j.jmbbm.2018.08.037; doi:10.1016/j.dib.2020.106294,doi:10.1016/j.dib.2020.106294|SMP-8,"1,6-hexamethylene diisocyanate",O=C=NCCCCCCN=C=O,"N,N,N',N'-tetrakis(2-hydroxypropyl)ethylenediamine",triethanolamine,OCCN(CCO)CCO,False,polyurethane_transfer,transfer_learning_only,0.35,数据/原始/外部数据/新增开放数据/DataInBrief_聚氨酯形状记忆多模态原始数据/mmc6.xlsx,CC-BY-4.0,reference-184;reference-185,fisher_uniaxial_cyclic_tensile_mmc6_015,SMP-8_1,test_run_cycle_dependent,3,2.27726,15.803,0.16401103914999984,0.15724996440000005,0.00676107474999979,98.87030669306381,1.1296933069361899,0.04122329073115806,3,10,0.5,Tg_plus_10_C,57.08,2.0,False,,,stress_retention_and_hysteresis_transfer_proxy,not_measured_by_this_isothermal_cyclic_protocol,36736,observed_unique,label_only_cross_workbook_identity_unresolved
pu-shape-memory-dib-2020-v1,doi:10.1016/j.dib.2020.106294,SMP-8,crosslinked_shape_memory_polyurethane,58.8,20.4,20.8,molar_percent,monomer_set_molar_composition_mapped,doi:10.1016/j.jmbbm.2018.08.037; doi:10.1016/j.dib.2020.106294,doi:10.1016/j.dib.2020.106294|SMP-8,"1,6-hexamethylene diisocyanate",O=C=NCCCCCCN=C=O,"N,N,N',N'-tetrakis(2-hydroxypropyl)ethylenediamine",triethanolamine,OCCN(CCO)CCO,False,polyurethane_transfer,transfer_learning_only,0.35,数据/原始/外部数据/新增开放数据/DataInBrief_聚氨酯形状记忆多模态原始数据/mmc6.xlsx,CC-BY-4.0,reference-184;reference-185,fisher_uniaxial_cyclic_tensile_mmc6_015,SMP-8_1,test_run_cycle_dependent,4,2.27117,15.803,0.16297419114999998,0.15655325720000043,0.006420933949999541,98.60590114966483,1.394098850335169,0.03939847103821348,3,10,0.5,Tg_plus_10_C,57.08,2.0,False,,,stress_retention_and_hysteresis_transfer_proxy,not_measured_by_this_isothermal_cyclic_protocol,36736,observed_unique,label_only_cross_workbook_identity_unresolved
pu-shape-memory-dib-2020-v1,doi:10.1016/j.dib.2020.106294,SMP-8,crosslinked_shape_memory_polyurethane,58.8,20.4,20.8,molar_percent,monomer_set_molar_composition_mapped,doi:10.1016/j.jmbbm.2018.08.037; doi:10.1016/j.dib.2020.106294,doi:10.1016/j.dib.2020.106294|SMP-8,"1,6-hexamethylene diisocyanate",O=C=NCCCCCCN=C=O,"N,N,N',N'-tetrakis(2-hydroxypropyl)ethylenediamine",triethanolamine,OCCN(CCO)CCO,False,polyurethane_transfer,transfer_learning_only,0.35,数据/原始/外部数据/新增开放数据/DataInBrief_聚氨酯形状记忆多模态原始数据/mmc6.xlsx,CC-BY-4.0,reference-184;reference-185,fisher_uniaxial_cyclic_tensile_mmc6_015,SMP-8_1,test_run_cycle_dependent,5,2.26893,15.803,0.16228854135000018,0.15604259605000034,0.006245945299999833,98.50864853600083,1.491351463999166,0.0384866685475316,3,10,0.5,Tg_plus_10_C,57.08,2.0,False,,,stress_retention_and_hysteresis_transfer_proxy,not_measured_by_this_isothermal_cyclic_protocol,36736,observed_unique,label_only_cross_workbook_identity_unresolved
pu-shape-memory-dib-2020-v1,doi:10.1016/j.dib.2020.106294,SMP-8,crosslinked_shape_memory_polyurethane,58.8,20.4,20.8,molar_percent,monomer_set_molar_composition_mapped,doi:10.1016/j.jmbbm.2018.08.037; doi:10.1016/j.dib.2020.106294,doi:10.1016/j.dib.2020.106294|SMP-8,"1,6-hexamethylene diisocyanate",O=C=NCCCCCCN=C=O,"N,N,N',N'-tetrakis(2-hydroxypropyl)ethylenediamine",triethanolamine,OCCN(CCO)CCO,False,polyurethane_transfer,transfer_learning_only,0.35,数据/原始/外部数据/新增开放数据/DataInBrief_聚氨酯形状记忆多模态原始数据/mmc6.xlsx,CC-BY-4.0,reference-184;reference-185,fisher_uniaxial_cyclic_tensile_mmc6_015,SMP-8_1,test_run_cycle_dependent,6,2.26586,15.803,0.1616870542500004,0.1555547589000001,0.006132295350000316,98.3753603556667,1.6246396443332998,0.03792694089483853,3,10,0.5,Tg_plus_10_C,57.08,2.0,False,,,stress_retention_and_hysteresis_transfer_proxy,not_measured_by_this_isothermal_cyclic_protocol,36736,observed_unique,label_only_cross_workbook_identity_unresolved
pu-shape-memory-dib-2020-v1,doi:10.1016/j.dib.2020.106294,SMP-8,crosslinked_shape_memory_polyurethane,58.8,20.4,20.8,molar_percent,monomer_set_molar_composition_mapped,doi:10.1016/j.jmbbm.2018.08.037; doi:10.1016/j.dib.2020.106294,doi:10.1016/j.dib.2020.106294|SMP-8,"1,6-hexamethylene diisocyanate",O=C=NCCCCCCN=C=O,"N,N,N',N'-tetrakis(2-hydroxypropyl)ethylenediamine",triethanolamine,OCCN(CCO)CCO,False,polyurethane_transfer,transfer_learning_only,0.35,数据/原始/外部数据/新增开放数据/DataInBrief_聚氨酯形状记忆多模态原始数据/mmc6.xlsx,CC-BY-4.0,reference-184;reference-185,fisher_uniaxial_cyclic_tensile_mmc6_015,SMP-8_1,test_run_cycle_dependent,7,2.26272,15.803,0.16122102720000012,0.15515720755000026,0.0060638196499998576,98.23903303115557,1.7609669688444285,0.03761184105642427,3,10,0.5,Tg_plus_10_C,57.08,2.0,False,,,stress_retention_and_hysteresis_transfer_proxy,not_measured_by_this_isothermal_cyclic_protocol,36736,observed_unique,label_only_cross_workbook_identity_unresolved
pu-shape-memory-dib-2020-v1,doi:10.1016/j.dib.2020.106294,SMP-8,crosslinked_shape_memory_polyurethane,58.8,20.4,20.8,molar_percent,monomer_set_molar_composition_mapped,doi:10.1016/j.jmbbm.2018.08.037; doi:10.1016/j.dib.2020.106294,doi:10.1016/j.dib.2020.106294|SMP-8,"1,6-hexamethylene diisocyanate",O=C=NCCCCCCN=C=O,"N,N,N',N'-tetrakis(2-hydroxypropyl)ethylenediamine",triethanolamine,OCCN(CCO)CCO,False,polyurethane_transfer,transfer_learning_only,0.35,数据/原始/外部数据/新增开放数据/DataInBrief_聚氨酯形状记忆多模态原始数据/mmc6.xlsx,CC-BY-4.0,reference-184;reference-185,fisher_uniaxial_cyclic_tensile_mmc6_015,SMP-8_1,test_run_cycle_dependent,8,2.26047,15.803,0.16081623724999988,0.1548586045499997,0.005957632700000187,98.14134625403773,1.8586537459622718,0.037046213752275764,3,10,0.5,Tg_plus_10_C,57.08,2.0,False,,,stress_retention_and_hysteresis_transfer_proxy,not_measured_by_this_isothermal_cyclic_protocol,36736,observed_unique,label_only_cross_workbook_identity_unresolved
pu-shape-memory-dib-2020-v1,doi:10.1016/j.dib.2020.106294,SMP-8,crosslinked_shape_memory_polyurethane,58.8,20.4,20.8,molar_percent,monomer_set_molar_composition_mapped,doi:10.1016/j.jmbbm.2018.08.037; doi:10.1016/j.dib.2020.106294,doi:10.1016/j.dib.2020.106294|SMP-8,"1,6-hexamethylene diisocyanate",O=C=NCCCCCCN=C=O,"N,N,N',N'-tetrakis(2-hydroxypropyl)ethylenediamine",triethanolamine,OCCN(CCO)CCO,False,polyurethane_transfer,transfer_learning_only,0.35,数据/原始/外部数据/新增开放数据/DataInBrief_聚氨酯形状记忆多模态原始数据/mmc6.xlsx,CC-BY-4.0,reference-184;reference-185,fisher_uniaxial_cyclic_tensile_mmc6_015,SMP-8_1,test_run_cycle_dependent,9,2.25929,15.803,0.16051827695000004,0.15458409384999994,0.005934183100000101,98.09011496648259,1.909885033517412,0.03696889359115501,3,10,0.5,Tg_plus_10_C,57.08,2.0,False,,,stress_retention_and_hysteresis_transfer_proxy,not_measured_by_this_isothermal_cyclic_protocol,36736,observed_unique,label_only_cross_workbook_identity_unresolved
pu-shape-memory-dib-2020-v1,doi:10.1016/j.dib.2020.106294,SMP-8,crosslinked_shape_memory_polyurethane,58.8,20.4,20.8,molar_percent,monomer_set_molar_composition_mapped,doi:10.1016/j.jmbbm.2018.08.037; doi:10.1016/j.dib.2020.106294,doi:10.1016/j.dib.2020.106294|SMP-8,"1,6-hexamethylene diisocyanate",O=C=NCCCCCCN=C=O,"N,N,N',N'-tetrakis(2-hydroxypropyl)ethylenediamine",triethanolamine,OCCN(CCO)CCO,False,polyurethane_transfer,transfer_learning_only,0.35,数据/原始/外部数据/新增开放数据/DataInBrief_聚氨酯形状记忆多模态原始数据/mmc6.xlsx,CC-BY-4.0,reference-184;reference-185,fisher_uniaxial_cyclic_tensile_mmc6_015,SMP-8_1,test_run_cycle_dependent,10,2.2576,15.803,0.16020900109999991,0.15430978399999934,0.0058992171000005755,98.01674134278073,1.9832586572192668,0.036822007874066816,3,10,0.5,Tg_plus_10_C,57.08,2.0,False,,,stress_retention_and_hysteresis_transfer_proxy,not_measured_by_this_isothermal_cyclic_protocol,36736,observed_unique,label_only_cross_workbook_identity_unresolved
pu-shape-memory-dib-2020-v1,doi:10.1016/j.dib.2020.106294,SMP-8,crosslinked_shape_memory_polyurethane,58.8,20.4,20.8,molar_percent,monomer_set_molar_composition_mapped,doi:10.1016/j.jmbbm.2018.08.037; doi:10.1016/j.dib.2020.106294,doi:10.1016/j.dib.2020.106294|SMP-8,"1,6-hexamethylene diisocyanate",O=C=NCCCCCCN=C=O,"N,N,N',N'-tetrakis(2-hydroxypropyl)ethylenediamine",triethanolamine,OCCN(CCO)CCO,False,polyurethane_transfer,transfer_learning_only,0.3,数据/原始/外部数据/新增开放数据/DataInBrief_聚氨酯形状记忆多模态原始数据/mmc6.xlsx,CC-BY-4.0,reference-184;reference-185,fisher_uniaxial_cyclic_tensile_mmc6_016,SMP-8_2,test_run_cycle_dependent,1,2.70509,15.803,0.2107259988500002,0.18543936264999994,0.025286636200000268,100.0,0.0,0.1199977047825024,3,10,0.5,Tg_plus_10_C,57.08,2.0,False,,,stress_retention_and_hysteresis_transfer_proxy,not_measured_by_this_isothermal_cyclic_protocol,39040,missing_terminal_marker,label_only_cross_workbook_identity_unresolved
pu-shape-memory-dib-2020-v1,doi:10.1016/j.dib.2020.106294,SMP-8,crosslinked_shape_memory_polyurethane,58.8,20.4,20.8,molar_percent,monomer_set_molar_composition_mapped,doi:10.1016/j.jmbbm.2018.08.037; doi:10.1016/j.dib.2020.106294,doi:10.1016/j.dib.2020.106294|SMP-8,"1,6-hexamethylene diisocyanate",O=C=NCCCCCCN=C=O,"N,N,N',N'-tetrakis(2-hydroxypropyl)ethylenediamine",triethanolamine,OCCN(CCO)CCO,False,polyurethane_transfer,transfer_learning_only,0.3,数据/原始/外部数据/新增开放数据/DataInBrief_聚氨酯形状记忆多模态原始数据/mmc6.xlsx,CC-BY-4.0,reference-184;reference-185,fisher_uniaxial_cyclic_tensile_mmc6_016,SMP-8_2,test_run_cycle_dependent,2,2.62291,15.803,0.19219753624999972,0.17593099629999995,0.01626653994999977,96.9620234446913,3.0379765553087026,0.08463448734764827,3,10,0.5,Tg_plus_10_C,57.08,2.0,False,,,stress_retention_and_hysteresis_transfer_proxy,not_measured_by_this_isothermal_cyclic_protocol,39040,missing_terminal_marker,label_only_cross_workbook_identity_unresolved
pu-shape-memory-dib-2020-v1,doi:10.1016/j.dib.2020.106294,SMP-8,crosslinked_shape_memory_polyurethane,58.8,20.4,20.8,molar_percent,monomer_set_molar_composition_mapped,doi:10.1016/j.jmbbm.2018.08.037; doi:10.1016/j.dib.2020.106294,doi:10.1016/j.dib.2020.106294|SMP-8,"1,6-hexamethylene diisocyanate",O=C=NCCCCCCN=C=O,"N,N,N',N'-tetrakis(2-hydroxypropyl)ethylenediamine",triethanolamine,OCCN(CCO)CCO,False,polyurethane_transfer,transfer_learning_only,0.3,数据/原始/外部数据/新增开放数据/DataInBrief_聚氨酯形状记忆多模态原始数据/mmc6.xlsx,CC-BY-4.0,reference-184;reference-185,fisher_uniaxial_cyclic_tensile_mmc6_016,SMP-8_2,test_run_cycle_dependent,3,2.57581,15.803,0.1837334429499999,0.1701912948500001,0.013542148099999818,95.2208614131138,4.779138586886205,0.07370540649850607,3,10,0.5,Tg_plus_10_C,57.08,2.0,False,,,stress_retention_and_hysteresis_transfer_proxy,not_measured_by_this_isothermal_cyclic_protocol,39040,missing_terminal_marker,label_only_cross_workbook_identity_unresolved
pu-shape-memory-dib-2020-v1,doi:10.1016/j.dib.2020.106294,SMP-8,crosslinked_shape_memory_polyurethane,58.8,20.4,20.8,molar_percent,monomer_set_molar_composition_mapped,doi:10.1016/j.jmbbm.2018.08.037; doi:10.1016/j.dib.2020.106294,doi:10.1016/j.dib.2020.106294|SMP-8,"1,6-hexamethylene diisocyanate",O=C=NCCCCCCN=C=O,"N,N,N',N'-tetrakis(2-hydroxypropyl)ethylenediamine",triethanolamine,OCCN(CCO)CCO,False,polyurethane_transfer,transfer_learning_only,0.3,数据/原始/外部数据/新增开放数据/DataInBrief_聚氨酯形状记忆多模态原始数据/mmc6.xlsx,CC-BY-4.0,reference-184;reference-185,fisher_uniaxial_cyclic_tensile_mmc6_016,SMP-8_2,test_run_cycle_dependent,4,2.54507,15.803,0.1782281834499999,0.16627796230000016,0.011950221149999746,94.08448517424559,5.915514825754414,0.06705012034952518,3,10,0.5,Tg_plus_10_C,57.08,2.0,False,,,stress_retention_and_hysteresis_transfer_proxy,not_measured_by_this_isothermal_cyclic_protocol,39040,missing_terminal_marker,label_only_cross_workbook_identity_unresolved
pu-shape-memory-dib-2020-v1,doi:10.1016/j.dib.2020.106294,SMP-8,crosslinked_shape_memory_polyurethane,58.8,20.4,20.8,molar_percent,monomer_set_molar_composition_mapped,doi:10.1016/j.jmbbm.2018.08.037; doi:10.1016/j.dib.2020.106294,doi:10.1016/j.dib.2020.106294|SMP-8,"1,6-hexamethylene diisocyanate",O=C=NCCCCCCN=C=O,"N,N,N',N'-tetrakis(2-hydroxypropyl)ethylenediamine",triethanolamine,OCCN(CCO)CCO,False,polyurethane_transfer,transfer_learning_only,0.3,数据/原始/外部数据/新增开放数据/DataInBrief_聚氨酯形状记忆多模态原始数据/mmc6.xlsx,CC-BY-4.0,reference-184;reference-185,fisher_uniaxial_cyclic_tensile_mmc6_016,SMP-8_2,test_run_cycle_dependent,5,2.52019,15.803,0.17426210580000012,0.16312690295000012,0.011135202849999998,93.16473758728914,6.835262412710861,0.06389916384219425,3,10,0.5,Tg_plus_10_C,57.08,2.0,False,,,stress_retention_and_hysteresis_transfer_proxy,not_measured_by_this_isothermal_cyclic_protocol,39040,missing_terminal_marker,label_only_cross_workbook_identity_unresolved
pu-shape-memory-dib-2020-v1,doi:10.1016/j.dib.2020.106294,SMP-8,crosslinked_shape_memory_polyurethane,58.8,20.4,20.8,molar_percent,monomer_set_molar_composition_mapped,doi:10.1016/j.jmbbm.2018.08.037; doi:10.1016/j.dib.2020.106294,doi:10.1016/j.dib.2020.106294|SMP-8,"1,6-hexamethylene diisocyanate",O=C=NCCCCCCN=C=O,"N,N,N',N'-tetrakis(2-hydroxypropyl)ethylenediamine",triethanolamine,OCCN(CCO)CCO,False,polyurethane_transfer,transfer_learning_only,0.3,数据/原始/外部数据/新增开放数据/DataInBrief_聚氨酯形状记忆多模态原始数据/mmc6.xlsx,CC-BY-4.0,reference-184;reference-185,fisher_uniaxial_cyclic_tensile_mmc6_016,SMP-8_2,test_run_cycle_dependent,6,2.50187,15.803,0.17110817345000004,0.16065510164999997,0.010453071800000074,92.48749579496429,7.512504205035711,0.061090429458967914,3,10,0.5,Tg_plus_10_C,57.08,2.0,False,,,stress_retention_and_hysteresis_transfer_proxy,not_measured_by_this_isothermal_cyclic_protocol,39040,missing_terminal_marker,label_only_cross_workbook_identity_unresolved
pu-shape-memory-dib-2020-v1,doi:10.1016/j.dib.2020.106294,SMP-8,crosslinked_shape_memory_polyurethane,58.8,20.4,20.8,molar_percent,monomer_set_molar_composition_mapped,doi:10.1016/j.jmbbm.2018.08.037; doi:10.1016/j.dib.2020.106294,doi:10.1016/j.dib.2020.106294|SMP-8,"1,6-hexamethylene diisocyanate",O=C=NCCCCCCN=C=O,"N,N,N',N'-tetrakis(2-hydroxypropyl)ethylenediamine",triethanolamine,OCCN(CCO)CCO,False,polyurethane_transfer,transfer_learning_only,0.3,数据/原始/外部数据/新增开放数据/DataInBrief_聚氨酯形状记忆多模态原始数据/mmc6.xlsx,CC-BY-4.0,reference-184;reference-185,fisher_uniaxial_cyclic_tensile_mmc6_016,SMP-8_2,test_run_cycle_dependent,7,2.48586,15.803,0.16859160345,0.15848620259999988,0.010105400850000112,91.89564857361492,8.10435142638508,0.059940119455576084,3,10,0.5,Tg_plus_10_C,57.08,2.0,False,,,stress_retention_and_hysteresis_transfer_proxy,not_measured_by_this_isothermal_cyclic_protocol,39040,missing_terminal_marker,label_only_cross_workbook_identity_unresolved
pu-shape-memory-dib-2020-v1,doi:10.1016/j.dib.2020.106294,SMP-8,crosslinked_shape_memory_polyurethane,58.8,20.4,20.8,molar_percent,monomer_set_molar_composition_mapped,doi:10.1016/j.jmbbm.2018.08.037; doi:10.1016/j.dib.2020.106294,doi:10.1016/j.dib.2020.106294|SMP-8,"1,6-hexamethylene diisocyanate",O=C=NCCCCCCN=C=O,"N,N,N',N'-tetrakis(2-hydroxypropyl)ethylenediamine",triethanolamine,OCCN(CCO)CCO,False,polyurethane_transfer,transfer_learning_only,0.3,数据/原始/外部数据/新增开放数据/DataInBrief_聚氨酯形状记忆多模态原始数据/mmc6.xlsx,CC-BY-4.0,reference-184;reference-185,fisher_uniaxial_cyclic_tensile_mmc6_016,SMP-8_2,test_run_cycle_dependent,8,2.46987,15.803,0.16629492420000003,0.15647891275000017,0.009816011449999856,91.30454069920037,8.695459300799627,0.059027727377862174,3,10,0.5,Tg_plus_10_C,57.08,2.0,False,,,stress_retention_and_hysteresis_transfer_proxy,not_measured_by_this_isothermal_cyclic_protocol,39040,missing_terminal_marker,label_only_cross_workbook_identity_unresolved
pu-shape-memory-dib-2020-v1,doi:10.1016/j.dib.2020.106294,SMP-8,crosslinked_shape_memory_polyurethane,58.8,20.4,20.8,molar_percent,monomer_set_molar_composition_mapped,doi:10.1016/j.jmbbm.2018.08.037; doi:10.1016/j.dib.2020.106294,doi:10.1016/j.dib.2020.106294|SMP-8,"1,6-hexamethylene diisocyanate",O=C=NCCCCCCN=C=O,"N,N,N',N'-tetrakis(2-hydroxypropyl)ethylenediamine",triethanolamine,OCCN(CCO)CCO,False,polyurethane_transfer,transfer_learning_only,0.3,数据/原始/外部数据/新增开放数据/DataInBrief_聚氨酯形状记忆多模态原始数据/mmc6.xlsx,CC-BY-4.0,reference-184;reference-185,fisher_uniaxial_cyclic_tensile_mmc6_016,SMP-8_2,test_run_cycle_dependent,9,2.45719,15.803,0.16433203155000028,0.15474237014999986,0.009589661400000421,90.83579474250395,9.16420525749605,0.05835539979363448,3,10,0.5,Tg_plus_10_C,57.08,2.0,False,,,stress_retention_and_hysteresis_transfer_proxy,not_measured_by_this_isothermal_cyclic_protocol,39040,missing_terminal_marker,label_only_cross_workbook_identity_unresolved
pu-shape-memory-dib-2020-v1,doi:10.1016/j.dib.2020.106294,SMP-8,crosslinked_shape_memory_polyurethane,58.8,20.4,20.8,molar_percent,monomer_set_molar_composition_mapped,doi:10.1016/j.jmbbm.2018.08.037; doi:10.1016/j.dib.2020.106294,doi:10.1016/j.dib.2020.106294|SMP-8,"1,6-hexamethylene diisocyanate",O=C=NCCCCCCN=C=O,"N,N,N',N'-tetrakis(2-hydroxypropyl)ethylenediamine",triethanolamine,OCCN(CCO)CCO,False,polyurethane_transfer,transfer_learning_only,0.3,数据/原始/外部数据/新增开放数据/DataInBrief_聚氨酯形状记忆多模态原始数据/mmc6.xlsx,CC-BY-4.0,reference-184;reference-185,fisher_uniaxial_cyclic_tensile_mmc6_016,SMP-8_2,test_run_cycle_dependent,10,2.44621,15.803,0.16247415259999987,0.15313431960000032,0.009339832999999548,90.42989327526995,9.570106724730053,0.05748503900798037,3,10,0.5,Tg_plus_10_C,57.08,2.0,False,,,stress_retention_and_hysteresis_transfer_proxy,not_measured_by_this_isothermal_cyclic_protocol,39040,missing_terminal_marker,label_only_cross_workbook_identity_unresolved
pu-shape-memory-dib-2020-v1,doi:10.1016/j.dib.2020.106294,SMP-9,crosslinked_shape_memory_polyurethane,59.7,15.6,24.7,molar_percent,monomer_set_molar_composition_mapped,doi:10.1016/j.jmbbm.2018.08.037; doi:10.1016/j.dib.2020.106294,doi:10.1016/j.dib.2020.106294|SMP-9,"1,6-hexamethylene diisocyanate",O=C=NCCCCCCN=C=O,"N,N,N',N'-tetrakis(2-hydroxypropyl)ethylenediamine",triethanolamine,OCCN(CCO)CCO,False,polyurethane_transfer,transfer_learning_only,0.35,数据/原始/外部数据/新增开放数据/DataInBrief_聚氨酯形状记忆多模态原始数据/mmc6.xlsx,CC-BY-4.0,reference-184;reference-185,fisher_uniaxial_cyclic_tensile_mmc6_017,SMP-9_3,test_run_cycle_dependent,1,2.57623,16.372,0.22008844850000006,0.2024780869499998,0.01761036155000026,100.0,0.0,0.08001492886165833,3,10,0.5,Tg_plus_10_C,51.6,2.0,False,,,stress_retention_and_hysteresis_transfer_proxy,not_measured_by_this_isothermal_cyclic_protocol,35685,observed_unique,label_only_cross_workbook_identity_unresolved
pu-shape-memory-dib-2020-v1,doi:10.1016/j.dib.2020.106294,SMP-9,crosslinked_shape_memory_polyurethane,59.7,15.6,24.7,molar_percent,monomer_set_molar_composition_mapped,doi:10.1016/j.jmbbm.2018.08.037; doi:10.1016/j.dib.2020.106294,doi:10.1016/j.dib.2020.106294|SMP-9,"1,6-hexamethylene diisocyanate",O=C=NCCCCCCN=C=O,"N,N,N',N'-tetrakis(2-hydroxypropyl)ethylenediamine",triethanolamine,OCCN(CCO)CCO,False,polyurethane_transfer,transfer_learning_only,0.35,数据/原始/外部数据/新增开放数据/DataInBrief_聚氨酯形状记忆多模态原始数据/mmc6.xlsx,CC-BY-4.0,reference-184;reference-185,fisher_uniaxial_cyclic_tensile_mmc6_017,SMP-9_3,test_run_cycle_dependent,2,2.54174,16.372,0.20955106119999992,0.19784577329999942,0.0117052879000005,98.66122201822043,1.3387779817795717,0.05585888152018819,3,10,0.5,Tg_plus_10_C,51.6,2.0,False,,,stress_retention_and_hysteresis_transfer_proxy,not_measured_by_this_isothermal_cyclic_protocol,35685,observed_unique,label_only_cross_workbook_identity_unresolved
pu-shape-memory-dib-2020-v1,doi:10.1016/j.dib.2020.106294,SMP-9,crosslinked_shape_memory_polyurethane,59.7,15.6,24.7,molar_percent,monomer_set_molar_composition_mapped,doi:10.1016/j.jmbbm.2018.08.037; doi:10.1016/j.dib.2020.106294,doi:10.1016/j.dib.2020.106294|SMP-9,"1,6-hexamethylene diisocyanate",O=C=NCCCCCCN=C=O,"N,N,N',N'-tetrakis(2-hydroxypropyl)ethylenediamine",triethanolamine,OCCN(CCO)CCO,False,polyurethane_transfer,transfer_learning_only,0.35,数据/原始/外部数据/新增开放数据/DataInBrief_聚氨酯形状记忆多模态原始数据/mmc6.xlsx,CC-BY-4.0,reference-184;reference-185,fisher_uniaxial_cyclic_tensile_mmc6_017,SMP-9_3,test_run_cycle_dependent,3,2.52412,16.372,0.20577018634999997,0.1954379104999996,0.010332275850000378,97.97727687357107,2.0227231264289287,0.05021269617954243,3,10,0.5,Tg_plus_10_C,51.6,2.0,False,,,stress_retention_and_hysteresis_transfer_proxy,not_measured_by_this_isothermal_cyclic_protocol,35685,observed_unique,label_only_cross_workbook_identity_unresolved
pu-shape-memory-dib-2020-v1,doi:10.1016/j.dib.2020.106294,SMP-9,crosslinked_shape_memory_polyurethane,59.7,15.6,24.7,molar_percent,monomer_set_molar_composition_mapped,doi:10.1016/j.jmbbm.2018.08.037; doi:10.1016/j.dib.2020.106294,doi:10.1016/j.dib.2020.106294|SMP-9,"1,6-hexamethylene diisocyanate",O=C=NCCCCCCN=C=O,"N,N,N',N'-tetrakis(2-hydroxypropyl)ethylenediamine",triethanolamine,OCCN(CCO)CCO,False,polyurethane_transfer,transfer_learning_only,0.35,数据/原始/外部数据/新增开放数据/DataInBrief_聚氨酯形状记忆多模态原始数据/mmc6.xlsx,CC-BY-4.0,reference-184;reference-185,fisher_uniaxial_cyclic_tensile_mmc6_017,SMP-9_3,test_run_cycle_dependent,4,2.51455,16.372,0.20358903374999968,0.193871301,0.00971773274999968,97.60580382962702,2.394196170372979,0.047732103104987086,3,10,0.5,Tg_plus_10_C,51.6,2.0,False,,,stress_retention_and_hysteresis_transfer_proxy,not_measured_by_this_isothermal_cyclic_protocol,35685,observed_unique,label_only_cross_workbook_identity_unresolved
pu-shape-memory-dib-2020-v1,doi:10.1016/j.dib.2020.106294,SMP-9,crosslinked_shape_memory_polyurethane,59.7,15.6,24.7,molar_percent,monomer_set_molar_composition_mapped,doi:10.1016/j.jmbbm.2018.08.037; doi:10.1016/j.dib.2020.106294,doi:10.1016/j.dib.2020.106294|SMP-9,"1,6-hexamethylene diisocyanate",O=C=NCCCCCCN=C=O,"N,N,N',N'-tetrakis(2-hydroxypropyl)ethylenediamine",triethanolamine,OCCN(CCO)CCO,False,polyurethane_transfer,transfer_learning_only,0.35,数据/原始/外部数据/新增开放数据/DataInBrief_聚氨酯形状记忆多模态原始数据/mmc6.xlsx,CC-BY-4.0,reference-184;reference-185,fisher_uniaxial_cyclic_tensile_mmc6_017,SMP-9_3,test_run_cycle_dependent,5,2.50656,16.372,0.20206308174999998,0.19274212530000026,0.009320956449999723,97.29566071352325,2.7043392864767526,0.04612894334419763,3,10,0.5,Tg_plus_10_C,51.6,2.0,False,,,stress_retention_and_hysteresis_transfer_proxy,not_measured_by_this_isothermal_cyclic_protocol,35685,observed_unique,label_only_cross_workbook_identity_unresolved
pu-shape-memory-dib-2020-v1,doi:10.1016/j.dib.2020.106294,SMP-9,crosslinked_shape_memory_polyurethane,59.7,15.6,24.7,molar_percent,monomer_set_molar_composition_mapped,doi:10.1016/j.jmbbm.2018.08.037; doi:10.1016/j.dib.2020.106294,doi:10.1016/j.dib.2020.106294|SMP-9,"1,6-hexamethylene diisocyanate",O=C=NCCCCCCN=C=O,"N,N,N',N'-tetrakis(2-hydroxypropyl)ethylenediamine",triethanolamine,OCCN(CCO)CCO,False,polyurethane_transfer,transfer_learning_only,0.35,数据/原始/外部数据/新增开放数据/DataInBrief_聚氨酯形状记忆多模态原始数据/mmc6.xlsx,CC-BY-4.0,reference-184;reference-185,fisher_uniaxial_cyclic_tensile_mmc6_017,SMP-9_3,test_run_cycle_dependent,6,2.50299,16.372,0.20102671325000007,0.1919319602499999,0.009094753000000178,97.15708612973222,2.842913870267779,0.04524151468710427,3,10,0.5,Tg_plus_10_C,51.6,2.0,False,,,stress_retention_and_hysteresis_transfer_proxy,not_measured_by_this_isothermal_cyclic_protocol,35685,observed_unique,label_only_cross_workbook_identity_unresolved
pu-shape-memory-dib-2020-v1,doi:10.1016/j.dib.2020.106294,SMP-9,crosslinked_shape_memory_polyurethane,59.7,15.6,24.7,molar_percent,monomer_set_molar_composition_mapped,doi:10.1016/j.jmbbm.2018.08.037; doi:10.1016/j.dib.2020.106294,doi:10.1016/j.dib.2020.106294|SMP-9,"1,6-hexamethylene diisocyanate",O=C=NCCCCCCN=C=O,"N,N,N',N'-tetrakis(2-hydroxypropyl)ethylenediamine",triethanolamine,OCCN(CCO)CCO,False,polyurethane_transfer,transfer_learning_only,0.35,数据/原始/外部数据/新增开放数据/DataInBrief_聚氨酯形状记忆多模态原始数据/mmc6.xlsx,CC-BY-4.0,reference-184;reference-185,fisher_uniaxial_cyclic_tensile_mmc6_017,SMP-9_3,test_run_cycle_dependent,7,2.4989,16.372,0.20019019260000015,0.19125071050000034,0.008939482099999813,96.9983270127279,3.0016729872721015,0.044654945299252416,3,10,0.5,Tg_plus_10_C,51.6,2.0,False,,,stress_retention_and_hysteresis_transfer_proxy,not_measured_by_this_isothermal_cyclic_protocol,35685,observed_unique,label_only_cross_workbook_identity_unresolved
pu-shape-memory-dib-2020-v1,doi:10.1016/j.dib.2020.106294,SMP-9,crosslinked_shape_memory_polyurethane,59.7,15.6,24.7,molar_percent,monomer_set_molar_composition_mapped,doi:10.1016/j.jmbbm.2018.08.037; doi:10.1016/j.dib.2020.106294,doi:10.1016/j.dib.2020.106294|SMP-9,"1,6-hexamethylene diisocyanate",O=C=NCCCCCCN=C=O,"N,N,N',N'-tetrakis(2-hydroxypropyl)ethylenediamine",triethanolamine,OCCN(CCO)CCO,False,polyurethane_transfer,transfer_learning_only,0.35,数据/原始/外部数据/新增开放数据/DataInBrief_聚氨酯形状记忆多模态原始数据/mmc6.xlsx,CC-BY-4.0,reference-184;reference-185,fisher_uniaxial_cyclic_tensile_mmc6_017,SMP-9_3,test_run_cycle_dependent,8,2.49492,16.372,0.1995230715999997,0.19072127715000023,0.008801794449999484,96.8438377008264,3.1561622991736016,0.04411416874959285,3,10,0.5,Tg_plus_10_C,51.6,2.0,False,,,stress_retention_and_hysteresis_transfer_proxy,not_measured_by_this_isothermal_cyclic_protocol,35685,observed_unique,label_only_cross_workbook_identity_unresolved
pu-shape-memory-dib-2020-v1,doi:10.1016/j.dib.2020.106294,SMP-9,crosslinked_shape_memory_polyurethane,59.7,15.6,24.7,molar_percent,monomer_set_molar_composition_mapped,doi:10.1016/j.jmbbm.2018.08.037; doi:10.1016/j.dib.2020.106294,doi:10.1016/j.dib.2020.106294|SMP-9,"1,6-hexamethylene diisocyanate",O=C=NCCCCCCN=C=O,"N,N,N',N'-tetrakis(2-hydroxypropyl)ethylenediamine",triethanolamine,OCCN(CCO)CCO,False,polyurethane_transfer,transfer_learning_only,0.35,数据/原始/外部数据/新增开放数据/DataInBrief_聚氨酯形状记忆多模态原始数据/mmc6.xlsx,CC-BY-4.0,reference-184;reference-185,fisher_uniaxial_cyclic_tensile_mmc6_017,SMP-9_3,test_run_cycle_dependent,9,2.49269,16.372,0.19895088244999987,0.19023840864999964,0.008712473800000231,96.75727710646954,3.2427228935304555,0.04379208422053539,3,10,0.5,Tg_plus_10_C,51.6,2.0,False,,,stress_retention_and_hysteresis_transfer_proxy,not_measured_by_this_isothermal_cyclic_protocol,35685,observed_unique,label_only_cross_workbook_identity_unresolved
pu-shape-memory-dib-2020-v1,doi:10.1016/j.dib.2020.106294,SMP-9,crosslinked_shape_memory_polyurethane,59.7,15.6,24.7,molar_percent,monomer_set_molar_composition_mapped,doi:10.1016/j.jmbbm.2018.08.037; doi:10.1016/j.dib.2020.106294,doi:10.1016/j.dib.2020.106294|SMP-9,"1,6-hexamethylene diisocyanate",O=C=NCCCCCCN=C=O,"N,N,N',N'-tetrakis(2-hydroxypropyl)ethylenediamine",triethanolamine,OCCN(CCO)CCO,False,polyurethane_transfer,transfer_learning_only,0.35,数据/原始/外部数据/新增开放数据/DataInBrief_聚氨酯形状记忆多模态原始数据/mmc6.xlsx,CC-BY-4.0,reference-184;reference-185,fisher_uniaxial_cyclic_tensile_mmc6_017,SMP-9_3,test_run_cycle_dependent,10,2.49043,16.372,0.19847785625000006,0.18984627400000004,0.00863158225000002,96.6695520198119,3.3304479801880973,0.043488892983244404,3,10,0.5,Tg_plus_10_C,51.6,2.0,False,,,stress_retention_and_hysteresis_transfer_proxy,not_measured_by_this_isothermal_cyclic_protocol,35685,observed_unique,label_only_cross_workbook_identity_unresolved
pu-shape-memory-dib-2020-v1,doi:10.1016/j.dib.2020.106294,SMP-10,crosslinked_shape_memory_polyurethane,60.7,10.6,28.7,molar_percent,monomer_set_molar_composition_mapped,doi:10.1016/j.jmbbm.2018.08.037; doi:10.1016/j.dib.2020.106294,doi:10.1016/j.dib.2020.106294|SMP-10,"1,6-hexamethylene diisocyanate",O=C=NCCCCCCN=C=O,"N,N,N',N'-tetrakis(2-hydroxypropyl)ethylenediamine",triethanolamine,OCCN(CCO)CCO,False,polyurethane_transfer,transfer_learning_only,0.35,数据/原始/外部数据/新增开放数据/DataInBrief_聚氨酯形状记忆多模态原始数据/mmc6.xlsx,CC-BY-4.0,reference-184;reference-185,fisher_uniaxial_cyclic_tensile_mmc6_018,SMP-10_2,test_run_cycle_dependent,1,2.87674,18.253,0.26255892724999985,0.24553962225000037,0.017019304999999485,100.0,0.0,0.06482089631556984,3,10,0.5,Tg_plus_10_C,47.06,2.0,False,,,stress_retention_and_hysteresis_transfer_proxy,not_measured_by_this_isothermal_cyclic_protocol,43706,observed_unique,label_only_cross_workbook_identity_unresolved
pu-shape-memory-dib-2020-v1,doi:10.1016/j.dib.2020.106294,SMP-10,crosslinked_shape_memory_polyurethane,60.7,10.6,28.7,molar_percent,monomer_set_molar_composition_mapped,doi:10.1016/j.jmbbm.2018.08.037; doi:10.1016/j.dib.2020.106294,doi:10.1016/j.dib.2020.106294|SMP-10,"1,6-hexamethylene diisocyanate",O=C=NCCCCCCN=C=O,"N,N,N',N'-tetrakis(2-hydroxypropyl)ethylenediamine",triethanolamine,OCCN(CCO)CCO,False,polyurethane_transfer,transfer_learning_only,0.35,数据/原始/外部数据/新增开放数据/DataInBrief_聚氨酯形状记忆多模态原始数据/mmc6.xlsx,CC-BY-4.0,reference-184;reference-185,fisher_uniaxial_cyclic_tensile_mmc6_018,SMP-10_2,test_run_cycle_dependent,2,2.8515,18.253,0.2516491716500003,0.24187438369999978,0.009774787950000502,99.12261796338913,0.877382036610868,0.03884291724828529,3,10,0.5,Tg_plus_10_C,47.06,2.0,False,,,stress_retention_and_hysteresis_transfer_proxy,not_measured_by_this_isothermal_cyclic_protocol,43706,observed_unique,label_only_cross_workbook_identity_unresolved
pu-shape-memory-dib-2020-v1,doi:10.1016/j.dib.2020.106294,SMP-10,crosslinked_shape_memory_polyurethane,60.7,10.6,28.7,molar_percent,monomer_set_molar_composition_mapped,doi:10.1016/j.jmbbm.2018.08.037; doi:10.1016/j.dib.2020.106294,doi:10.1016/j.dib.2020.106294|SMP-10,"1,6-hexamethylene diisocyanate",O=C=NCCCCCCN=C=O,"N,N,N',N'-tetrakis(2-hydroxypropyl)ethylenediamine",triethanolamine,OCCN(CCO)CCO,False,polyurethane_transfer,transfer_learning_only,0.35,数据/原始/外部数据/新增开放数据/DataInBrief_聚氨酯形状记忆多模态原始数据/mmc6.xlsx,CC-BY-4.0,reference-184;reference-185,fisher_uniaxial_cyclic_tensile_mmc6_018,SMP-10_2,test_run_cycle_dependent,3,2.83526,18.253,0.24845031910000004,0.23516834410000037,0.013281974999999668,98.55809006027657,1.4419099397234305,0.05345927929621108,3,10,0.5,Tg_plus_10_C,47.06,2.0,False,,,stress_retention_and_hysteresis_transfer_proxy,not_measured_by_this_isothermal_cyclic_protocol,43706,observed_unique,label_only_cross_workbook_identity_unresolved
pu-shape-memory-dib-2020-v1,doi:10.1016/j.dib.2020.106294,SMP-10,crosslinked_shape_memory_polyurethane,60.7,10.6,28.7,molar_percent,monomer_set_molar_composition_mapped,doi:10.1016/j.jmbbm.2018.08.037; doi:10.1016/j.dib.2020.106294,doi:10.1016/j.dib.2020.106294|SMP-10,"1,6-hexamethylene diisocyanate",O=C=NCCCCCCN=C=O,"N,N,N',N'-tetrakis(2-hydroxypropyl)ethylenediamine",triethanolamine,OCCN(CCO)CCO,False,polyurethane_transfer,transfer_learning_only,0.35,数据/原始/外部数据/新增开放数据/DataInBrief_聚氨酯形状记忆多模态原始数据/mmc6.xlsx,CC-BY-4.0,reference-184;reference-185,fisher_uniaxial_cyclic_tensile_mmc6_018,SMP-10_2,test_run_cycle_dependent,4,2.74928,18.253,0.23805050345000017,0.2171367633,0.020913740150000165,95.5692902382558,4.430709761744197,0.08785421516402238,3,10,0.5,Tg_plus_10_C,47.06,2.0,False,,,stress_retention_and_hysteresis_transfer_proxy,not_measured_by_this_isothermal_cyclic_protocol,43706,observed_unique,label_only_cross_workbook_identity_unresolved
pu-shape-memory-dib-2020-v1,doi:10.1016/j.dib.2020.106294,SMP-10,crosslinked_shape_memory_polyurethane,60.7,10.6,28.7,molar_percent,monomer_set_molar_composition_mapped,doi:10.1016/j.jmbbm.2018.08.037; doi:10.1016/j.dib.2020.106294,doi:10.1016/j.dib.2020.106294|SMP-10,"1,6-hexamethylene diisocyanate",O=C=NCCCCCCN=C=O,"N,N,N',N'-tetrakis(2-hydroxypropyl)ethylenediamine",triethanolamine,OCCN(CCO)CCO,False,polyurethane_transfer,transfer_learning_only,0.35,数据/原始/外部数据/新增开放数据/DataInBrief_聚氨酯形状记忆多模态原始数据/mmc6.xlsx,CC-BY-4.0,reference-184;reference-185,fisher_uniaxial_cyclic_tensile_mmc6_018,SMP-10_2,test_run_cycle_dependent,5,2.67492,18.253,0.22129199109999964,0.2109684820000002,0.010323509099999434,92.98441986415179,7.015580135848211,0.0466510742150372,3,10,0.5,Tg_plus_10_C,47.06,2.0,False,,,stress_retention_and_hysteresis_transfer_proxy,not_measured_by_this_isothermal_cyclic_protocol,43706,observed_unique,label_only_cross_workbook_identity_unresolved
pu-shape-memory-dib-2020-v1,doi:10.1016/j.dib.2020.106294,SMP-10,crosslinked_shape_memory_polyurethane,60.7,10.6,28.7,molar_percent,monomer_set_molar_composition_mapped,doi:10.1016/j.jmbbm.2018.08.037; doi:10.1016/j.dib.2020.106294,doi:10.1016/j.dib.2020.106294|SMP-10,"1,6-hexamethylene diisocyanate",O=C=NCCCCCCN=C=O,"N,N,N',N'-tetrakis(2-hydroxypropyl)ethylenediamine",triethanolamine,OCCN(CCO)CCO,False,polyurethane_transfer,transfer_learning_only,0.35,数据/原始/外部数据/新增开放数据/DataInBrief_聚氨酯形状记忆多模态原始数据/mmc6.xlsx,CC-BY-4.0,reference-184;reference-185,fisher_uniaxial_cyclic_tensile_mmc6_018,SMP-10_2,test_run_cycle_dependent,6,2.65688,18.253,0.2170731343499999,0.2084167811,0.008656353249999887,92.35732113433957,7.642678865660429,0.03987758907116869,3,10,0.5,Tg_plus_10_C,47.06,2.0,False,,,stress_retention_and_hysteresis_transfer_proxy,not_measured_by_this_isothermal_cyclic_protocol,43706,observed_unique,label_only_cross_workbook_identity_unresolved
pu-shape-memory-dib-2020-v1,doi:10.1016/j.dib.2020.106294,SMP-10,crosslinked_shape_memory_polyurethane,60.7,10.6,28.7,molar_percent,monomer_set_molar_composition_mapped,doi:10.1016/j.jmbbm.2018.08.037; doi:10.1016/j.dib.2020.106294,doi:10.1016/j.dib.2020.106294|SMP-10,"1,6-hexamethylene diisocyanate",O=C=NCCCCCCN=C=O,"N,N,N',N'-tetrakis(2-hydroxypropyl)ethylenediamine",triethanolamine,OCCN(CCO)CCO,False,polyurethane_transfer,transfer_learning_only,0.35,数据/原始/外部数据/新增开放数据/DataInBrief_聚氨酯形状记忆多模态原始数据/mmc6.xlsx,CC-BY-4.0,reference-184;reference-185,fisher_uniaxial_cyclic_tensile_mmc6_018,SMP-10_2,test_run_cycle_dependent,7,2.64372,18.253,0.21456437755000005,0.2064896385499999,0.008074739000000136,91.89985886802422,8.100141131975775,0.03763317607611019,3,10,0.5,Tg_plus_10_C,47.06,2.0,False,,,stress_retention_and_hysteresis_transfer_proxy,not_measured_by_this_isothermal_cyclic_protocol,43706,observed_unique,label_only_cross_workbook_identity_unresolved
pu-shape-memory-dib-2020-v1,doi:10.1016/j.dib.2020.106294,SMP-10,crosslinked_shape_memory_polyurethane,60.7,10.6,28.7,molar_percent,monomer_set_molar_composition_mapped,doi:10.1016/j.jmbbm.2018.08.037; doi:10.1016/j.dib.2020.106294,doi:10.1016/j.dib.2020.106294|SMP-10,"1,6-hexamethylene diisocyanate",O=C=NCCCCCCN=C=O,"N,N,N',N'-tetrakis(2-hydroxypropyl)ethylenediamine",triethanolamine,OCCN(CCO)CCO,False,polyurethane_transfer,transfer_learning_only,0.35,数据/原始/外部数据/新增开放数据/DataInBrief_聚氨酯形状记忆多模态原始数据/mmc6.xlsx,CC-BY-4.0,reference-184;reference-185,fisher_uniaxial_cyclic_tensile_mmc6_018,SMP-10_2,test_run_cycle_dependent,8,2.63447,18.253,0.21278069325000007,0.20508432719999986,0.0076963660500002085,91.57831434192872,8.421685658071283,0.03617041533442887,3,10,0.5,Tg_plus_10_C,47.06,2.0,False,,,stress_retention_and_hysteresis_transfer_proxy,not_measured_by_this_isothermal_cyclic_protocol,43706,observed_unique,label_only_cross_workbook_identity_unresolved
pu-shape-memory-dib-2020-v1,doi:10.1016/j.dib.2020.106294,SMP-10,crosslinked_shape_memory_polyurethane,60.7,10.6,28.7,molar_percent,monomer_set_molar_composition_mapped,doi:10.1016/j.jmbbm.2018.08.037; doi:10.1016/j.dib.2020.106294,doi:10.1016/j.dib.2020.106294|SMP-10,"1,6-hexamethylene diisocyanate",O=C=NCCCCCCN=C=O,"N,N,N',N'-tetrakis(2-hydroxypropyl)ethylenediamine",triethanolamine,OCCN(CCO)CCO,False,polyurethane_transfer,transfer_learning_only,0.35,数据/原始/外部数据/新增开放数据/DataInBrief_聚氨酯形状记忆多模态原始数据/mmc6.xlsx,CC-BY-4.0,reference-184;reference-185,fisher_uniaxial_cyclic_tensile_mmc6_018,SMP-10_2,test_run_cycle_dependent,9,2.62668,18.253,0.21137673915000008,0.20386962155000007,0.007507117600000002,91.30752170860072,8.692478291399283,0.03551534397866123,3,10,0.5,Tg_plus_10_C,47.06,2.0,False,,,stress_retention_and_hysteresis_transfer_proxy,not_measured_by_this_isothermal_cyclic_protocol,43706,observed_unique,label_only_cross_workbook_identity_unresolved
pu-shape-memory-dib-2020-v1,doi:10.1016/j.dib.2020.106294,SMP-10,crosslinked_shape_memory_polyurethane,60.7,10.6,28.7,molar_percent,monomer_set_molar_composition_mapped,doi:10.1016/j.jmbbm.2018.08.037; doi:10.1016/j.dib.2020.106294,doi:10.1016/j.dib.2020.106294|SMP-10,"1,6-hexamethylene diisocyanate",O=C=NCCCCCCN=C=O,"N,N,N',N'-tetrakis(2-hydroxypropyl)ethylenediamine",triethanolamine,OCCN(CCO)CCO,False,polyurethane_transfer,transfer_learning_only,0.35,数据/原始/外部数据/新增开放数据/DataInBrief_聚氨酯形状记忆多模态原始数据/mmc6.xlsx,CC-BY-4.0,reference-184;reference-185,fisher_uniaxial_cyclic_tensile_mmc6_018,SMP-10_2,test_run_cycle_dependent,10,2.61946,18.253,0.21017831509999976,0.2029485765499998,0.0072297385499999756,91.05654317039428,8.943456829605722,0.034398118314728006,3,10,0.5,Tg_plus_10_C,47.06,2.0,False,,,stress_retention_and_hysteresis_transfer_proxy,not_measured_by_this_isothermal_cyclic_protocol,43706,observed_unique,label_only_cross_workbook_identity_unresolved
pu-shape-memory-dib-2020-v1,doi:10.1016/j.dib.2020.106294,SMP-10,crosslinked_shape_memory_polyurethane,60.7,10.6,28.7,molar_percent,monomer_set_molar_composition_mapped,doi:10.1016/j.jmbbm.2018.08.037; doi:10.1016/j.dib.2020.106294,doi:10.1016/j.dib.2020.106294|SMP-10,"1,6-hexamethylene diisocyanate",O=C=NCCCCCCN=C=O,"N,N,N',N'-tetrakis(2-hydroxypropyl)ethylenediamine",triethanolamine,OCCN(CCO)CCO,False,polyurethane_transfer,transfer_learning_only,0.35,数据/原始/外部数据/新增开放数据/DataInBrief_聚氨酯形状记忆多模态原始数据/mmc6.xlsx,CC-BY-4.0,reference-184;reference-185,fisher_uniaxial_cyclic_tensile_mmc6_019,SMP-10_3,test_run_cycle_dependent,1,2.6604,18.253,0.2520766277000002,0.23548897075000008,0.01658765695000014,100.0,0.0,0.06580402594778177,3,10,0.5,Tg_plus_10_C,47.06,2.0,False,,,stress_retention_and_hysteresis_transfer_proxy,not_measured_by_this_isothermal_cyclic_protocol,39330,observed_unique,label_only_cross_workbook_identity_unresolved
pu-shape-memory-dib-2020-v1,doi:10.1016/j.dib.2020.106294,SMP-10,crosslinked_shape_memory_polyurethane,60.7,10.6,28.7,molar_percent,monomer_set_molar_composition_mapped,doi:10.1016/j.jmbbm.2018.08.037; doi:10.1016/j.dib.2020.106294,doi:10.1016/j.dib.2020.106294|SMP-10,"1,6-hexamethylene diisocyanate",O=C=NCCCCCCN=C=O,"N,N,N',N'-tetrakis(2-hydroxypropyl)ethylenediamine",triethanolamine,OCCN(CCO)CCO,False,polyurethane_transfer,transfer_learning_only,0.35,数据/原始/外部数据/新增开放数据/DataInBrief_聚氨酯形状记忆多模态原始数据/mmc6.xlsx,CC-BY-4.0,reference-184;reference-185,fisher_uniaxial_cyclic_tensile_mmc6_019,SMP-10_3,test_run_cycle_dependent,2,2.62781,18.253,0.24194023075,0.23048250089999955,0.011457729850000459,98.77499624116675,1.2250037588332532,0.04735768753498413,3,10,0.5,Tg_plus_10_C,47.06,2.0,False,,,stress_retention_and_hysteresis_transfer_proxy,not_measured_by_this_isothermal_cyclic_protocol,39330,observed_unique,label_only_cross_workbook_identity_unresolved
pu-shape-memory-dib-2020-v1,doi:10.1016/j.dib.2020.106294,SMP-10,crosslinked_shape_memory_polyurethane,60.7,10.6,28.7,molar_percent,monomer_set_molar_composition_mapped,doi:10.1016/j.jmbbm.2018.08.037; doi:10.1016/j.dib.2020.106294,doi:10.1016/j.dib.2020.106294|SMP-10,"1,6-hexamethylene diisocyanate",O=C=NCCCCCCN=C=O,"N,N,N',N'-tetrakis(2-hydroxypropyl)ethylenediamine",triethanolamine,OCCN(CCO)CCO,False,polyurethane_transfer,transfer_learning_only,0.35,数据/原始/外部数据/新增开放数据/DataInBrief_聚氨酯形状记忆多模态原始数据/mmc6.xlsx,CC-BY-4.0,reference-184;reference-185,fisher_uniaxial_cyclic_tensile_mmc6_019,SMP-10_3,test_run_cycle_dependent,3,2.61168,18.253,0.23798328699999974,0.22790369499999974,0.010079591999999998,98.16869643662606,1.831303563373936,0.042354201116652404,3,10,0.5,Tg_plus_10_C,47.06,2.0,False,,,stress_retention_and_hysteresis_transfer_proxy,not_measured_by_this_isothermal_cyclic_protocol,39330,observed_unique,label_only_cross_workbook_identity_unresolved
pu-shape-memory-dib-2020-v1,doi:10.1016/j.dib.2020.106294,SMP-10,crosslinked_shape_memory_polyurethane,60.7,10.6,28.7,molar_percent,monomer_set_molar_composition_mapped,doi:10.1016/j.jmbbm.2018.08.037; doi:10.1016/j.dib.2020.106294,doi:10.1016/j.dib.2020.106294|SMP-10,"1,6-hexamethylene diisocyanate",O=C=NCCCCCCN=C=O,"N,N,N',N'-tetrakis(2-hydroxypropyl)ethylenediamine",triethanolamine,OCCN(CCO)CCO,False,polyurethane_transfer,transfer_learning_only,0.35,数据/原始/外部数据/新增开放数据/DataInBrief_聚氨酯形状记忆多模态原始数据/mmc6.xlsx,CC-BY-4.0,reference-184;reference-185,fisher_uniaxial_cyclic_tensile_mmc6_019,SMP-10_3,test_run_cycle_dependent,4,2.60197,18.253,0.2355988762000001,0.22620247270000013,0.009396403499999983,97.80371372725905,2.1962862727409487,0.039883057387860237,3,10,0.5,Tg_plus_10_C,47.06,2.0,False,,,stress_retention_and_hysteresis_transfer_proxy,not_measured_by_this_isothermal_cyclic_protocol,39330,observed_unique,label_only_cross_workbook_identity_unresolved
pu-shape-memory-dib-2020-v1,doi:10.1016/j.dib.2020.106294,SMP-10,crosslinked_shape_memory_polyurethane,60.7,10.6,28.7,molar_percent,monomer_set_molar_composition_mapped,doi:10.1016/j.jmbbm.2018.08.037; doi:10.1016/j.dib.2020.106294,doi:10.1016/j.dib.2020.106294|SMP-10,"1,6-hexamethylene diisocyanate",O=C=NCCCCCCN=C=O,"N,N,N',N'-tetrakis(2-hydroxypropyl)ethylenediamine",triethanolamine,OCCN(CCO)CCO,False,polyurethane_transfer,transfer_learning_only,0.35,数据/原始/外部数据/新增开放数据/DataInBrief_聚氨酯形状记忆多模态原始数据/mmc6.xlsx,CC-BY-4.0,reference-184;reference-185,fisher_uniaxial_cyclic_tensile_mmc6_019,SMP-10_3,test_run_cycle_dependent,5,2.59577,18.253,0.23395016165000013,0.22490784279999995,0.009042318850000175,97.57066606525333,2.4293339347466656,0.03865062022708874,3,10,0.5,Tg_plus_10_C,47.06,2.0,False,,,stress_retention_and_hysteresis_transfer_proxy,not_measured_by_this_isothermal_cyclic_protocol,39330,observed_unique,label_only_cross_workbook_identity_unresolved
pu-shape-memory-dib-2020-v1,doi:10.1016/j.dib.2020.106294,SMP-10,crosslinked_shape_memory_polyurethane,60.7,10.6,28.7,molar_percent,monomer_set_molar_composition_mapped,doi:10.1016/j.jmbbm.2018.08.037; doi:10.1016/j.dib.2020.106294,doi:10.1016/j.dib.2020.106294|SMP-10,"1,6-hexamethylene diisocyanate",O=C=NCCCCCCN=C=O,"N,N,N',N'-tetrakis(2-hydroxypropyl)ethylenediamine",triethanolamine,OCCN(CCO)CCO,False,polyurethane_transfer,transfer_learning_only,0.35,数据/原始/外部数据/新增开放数据/DataInBrief_聚氨酯形状记忆多模态原始数据/mmc6.xlsx,CC-BY-4.0,reference-184;reference-185,fisher_uniaxial_cyclic_tensile_mmc6_019,SMP-10_3,test_run_cycle_dependent,6,2.58938,18.253,0.23268194159999972,0.22393241775000017,0.008749523849999552,97.33047662005713,2.6695233799428735,0.03760293467483926,3,10,0.5,Tg_plus_10_C,47.06,2.0,False,,,stress_retention_and_hysteresis_transfer_proxy,not_measured_by_this_isothermal_cyclic_protocol,39330,observed_unique,label_only_cross_workbook_identity_unresolved
pu-shape-memory-dib-2020-v1,doi:10.1016/j.dib.2020.106294,SMP-10,crosslinked_shape_memory_polyurethane,60.7,10.6,28.7,molar_percent,monomer_set_molar_composition_mapped,doi:10.1016/j.jmbbm.2018.08.037; doi:10.1016/j.dib.2020.106294,doi:10.1016/j.dib.2020.106294|SMP-10,"1,6-hexamethylene diisocyanate",O=C=NCCCCCCN=C=O,"N,N,N',N'-tetrakis(2-hydroxypropyl)ethylenediamine",triethanolamine,OCCN(CCO)CCO,False,polyurethane_transfer,transfer_learning_only,0.35,数据/原始/外部数据/新增开放数据/DataInBrief_聚氨酯形状记忆多模态原始数据/mmc6.xlsx,CC-BY-4.0,reference-184;reference-185,fisher_uniaxial_cyclic_tensile_mmc6_019,SMP-10_3,test_run_cycle_dependent,7,2.58357,18.253,0.2316808514999999,0.2231238084999997,0.008557043000000208,97.11208840775822,2.887911592241778,0.036934614771131455,3,10,0.5,Tg_plus_10_C,47.06,2.0,False,,,stress_retention_and_hysteresis_transfer_proxy,not_measured_by_this_isothermal_cyclic_protocol,39330,observed_unique,label_only_cross_workbook_identity_unresolved
pu-shape-memory-dib-2020-v1,doi:10.1016/j.dib.2020.106294,SMP-10,crosslinked_shape_memory_polyurethane,60.7,10.6,28.7,molar_percent,monomer_set_molar_composition_mapped,doi:10.1016/j.jmbbm.2018.08.037; doi:10.1016/j.dib.2020.106294,doi:10.1016/j.dib.2020.106294|SMP-10,"1,6-hexamethylene diisocyanate",O=C=NCCCCCCN=C=O,"N,N,N',N'-tetrakis(2-hydroxypropyl)ethylenediamine",triethanolamine,OCCN(CCO)CCO,False,polyurethane_transfer,transfer_learning_only,0.35,数据/原始/外部数据/新增开放数据/DataInBrief_聚氨酯形状记忆多模态原始数据/mmc6.xlsx,CC-BY-4.0,reference-184;reference-185,fisher_uniaxial_cyclic_tensile_mmc6_019,SMP-10_3,test_run_cycle_dependent,8,2.58085,18.253,0.23084824809999996,0.22245183039999986,0.008396417700000103,97.00984814313635,2.9901518568636476,0.03637202261272047,3,10,0.5,Tg_plus_10_C,47.06,2.0,False,,,stress_retention_and_hysteresis_transfer_proxy,not_measured_by_this_isothermal_cyclic_protocol,39330,observed_unique,label_only_cross_workbook_identity_unresolved
pu-shape-memory-dib-2020-v1,doi:10.1016/j.dib.2020.106294,SMP-10,crosslinked_shape_memory_polyurethane,60.7,10.6,28.7,molar_percent,monomer_set_molar_composition_mapped,doi:10.1016/j.jmbbm.2018.08.037; doi:10.1016/j.dib.2020.106294,doi:10.1016/j.dib.2020.106294|SMP-10,"1,6-hexamethylene diisocyanate",O=C=NCCCCCCN=C=O,"N,N,N',N'-tetrakis(2-hydroxypropyl)ethylenediamine",triethanolamine,OCCN(CCO)CCO,False,polyurethane_transfer,transfer_learning_only,0.35,数据/原始/外部数据/新增开放数据/DataInBrief_聚氨酯形状记忆多模态原始数据/mmc6.xlsx,CC-BY-4.0,reference-184;reference-185,fisher_uniaxial_cyclic_tensile_mmc6_019,SMP-10_3,test_run_cycle_dependent,9,2.57706,18.253,0.23004987274999988,0.22157849834999996,0.008471374399999926,96.86738836265224,3.1326116373477646,0.036824077747723644,3,10,0.5,Tg_plus_10_C,47.06,2.0,False,,,stress_retention_and_hysteresis_transfer_proxy,not_measured_by_this_isothermal_cyclic_protocol,39330,observed_unique,label_only_cross_workbook_identity_unresolved
pu-shape-memory-dib-2020-v1,doi:10.1016/j.dib.2020.106294,SMP-10,crosslinked_shape_memory_polyurethane,60.7,10.6,28.7,molar_percent,monomer_set_molar_composition_mapped,doi:10.1016/j.jmbbm.2018.08.037; doi:10.1016/j.dib.2020.106294,doi:10.1016/j.dib.2020.106294|SMP-10,"1,6-hexamethylene diisocyanate",O=C=NCCCCCCN=C=O,"N,N,N',N'-tetrakis(2-hydroxypropyl)ethylenediamine",triethanolamine,OCCN(CCO)CCO,False,polyurethane_transfer,transfer_learning_only,0.35,数据/原始/外部数据/新增开放数据/DataInBrief_聚氨酯形状记忆多模态原始数据/mmc6.xlsx,CC-BY-4.0,reference-184;reference-185,fisher_uniaxial_cyclic_tensile_mmc6_019,SMP-10_3,test_run_cycle_dependent,10,2.57169,18.253,0.2290011618499998,0.2206451254500002,0.0083560363999996,96.66553901668921,3.334460983310791,0.03648905679121823,3,10,0.5,Tg_plus_10_C,47.06,2.0,False,,,stress_retention_and_hysteresis_transfer_proxy,not_measured_by_this_isothermal_cyclic_protocol,39330,observed_unique,label_only_cross_workbook_identity_unresolved
pu-shape-memory-dib-2020-v1,doi:10.1016/j.dib.2020.106294,SMP-11,crosslinked_shape_memory_polyurethane,61.8,5.4,32.8,molar_percent,monomer_set_molar_composition_mapped,doi:10.1016/j.jmbbm.2018.08.037; doi:10.1016/j.dib.2020.106294,doi:10.1016/j.dib.2020.106294|SMP-11,"1,6-hexamethylene diisocyanate",O=C=NCCCCCCN=C=O,"N,N,N',N'-tetrakis(2-hydroxypropyl)ethylenediamine",triethanolamine,OCCN(CCO)CCO,False,polyurethane_transfer,transfer_learning_only,0.35,数据/原始/外部数据/新增开放数据/DataInBrief_聚氨酯形状记忆多模态原始数据/mmc6.xlsx,CC-BY-4.0,reference-184;reference-185,fisher_uniaxial_cyclic_tensile_mmc6_020,SMP-11_1,test_run_cycle_dependent,1,3.36859,21.603,0.377103197949999,0.3575535270500003,0.019549670899998706,100.0,0.0,0.05184170011358758,3,10,0.5,Tg_plus_10_C,43.87,2.0,False,,,stress_retention_and_hysteresis_transfer_proxy,not_measured_by_this_isothermal_cyclic_protocol,50947,observed_unique,label_only_cross_workbook_identity_unresolved
pu-shape-memory-dib-2020-v1,doi:10.1016/j.dib.2020.106294,SMP-11,crosslinked_shape_memory_polyurethane,61.8,5.4,32.8,molar_percent,monomer_set_molar_composition_mapped,doi:10.1016/j.jmbbm.2018.08.037; doi:10.1016/j.dib.2020.106294,doi:10.1016/j.dib.2020.106294|SMP-11,"1,6-hexamethylene diisocyanate",O=C=NCCCCCCN=C=O,"N,N,N',N'-tetrakis(2-hydroxypropyl)ethylenediamine",triethanolamine,OCCN(CCO)CCO,False,polyurethane_transfer,transfer_learning_only,0.35,数据/原始/外部数据/新增开放数据/DataInBrief_聚氨酯形状记忆多模态原始数据/mmc6.xlsx,CC-BY-4.0,reference-184;reference-185,fisher_uniaxial_cyclic_tensile_mmc6_020,SMP-11_1,test_run_cycle_dependent,2,3.33304,21.603,0.36473446599999954,0.35082304835000033,0.013911417649999203,98.94466230678117,1.0553376932188314,0.038141220385789425,3,10,0.5,Tg_plus_10_C,43.87,2.0,False,,,stress_retention_and_hysteresis_transfer_proxy,not_measured_by_this_isothermal_cyclic_protocol,50947,observed_unique,label_only_cross_workbook_identity_unresolved
pu-shape-memory-dib-2020-v1,doi:10.1016/j.dib.2020.106294,SMP-11,crosslinked_shape_memory_polyurethane,61.8,5.4,32.8,molar_percent,monomer_set_molar_composition_mapped,doi:10.1016/j.jmbbm.2018.08.037; doi:10.1016/j.dib.2020.106294,doi:10.1016/j.dib.2020.106294|SMP-11,"1,6-hexamethylene diisocyanate",O=C=NCCCCCCN=C=O,"N,N,N',N'-tetrakis(2-hydroxypropyl)ethylenediamine",triethanolamine,OCCN(CCO)CCO,False,polyurethane_transfer,transfer_learning_only,0.35,数据/原始/外部数据/新增开放数据/DataInBrief_聚氨酯形状记忆多模态原始数据/mmc6.xlsx,CC-BY-4.0,reference-184;reference-185,fisher_uniaxial_cyclic_tensile_mmc6_020,SMP-11_1,test_run_cycle_dependent,3,3.31105,21.603,0.3590660614499997,0.3467552300500001,0.012310831399999611,98.2918669235496,1.7081330764503946,0.03428570038138764,3,10,0.5,Tg_plus_10_C,43.87,2.0,False,,,stress_retention_and_hysteresis_transfer_proxy,not_measured_by_this_isothermal_cyclic_protocol,50947,observed_unique,label_only_cross_workbook_identity_unresolved
pu-shape-memory-dib-2020-v1,doi:10.1016/j.dib.2020.106294,SMP-11,crosslinked_shape_memory_polyurethane,61.8,5.4,32.8,molar_percent,monomer_set_molar_composition_mapped,doi:10.1016/j.jmbbm.2018.08.037; doi:10.1016/j.dib.2020.106294,doi:10.1016/j.dib.2020.106294|SMP-11,"1,6-hexamethylene diisocyanate",O=C=NCCCCCCN=C=O,"N,N,N',N'-tetrakis(2-hydroxypropyl)ethylenediamine",triethanolamine,OCCN(CCO)CCO,False,polyurethane_transfer,transfer_learning_only,0.35,数据/原始/外部数据/新增开放数据/DataInBrief_聚氨酯形状记忆多模态原始数据/mmc6.xlsx,CC-BY-4.0,reference-184;reference-185,fisher_uniaxial_cyclic_tensile_mmc6_020,SMP-11_1,test_run_cycle_dependent,4,3.29661,21.603,0.35523473365000013,0.34383163154999963,0.011403102100000506,97.86320092382866,2.136799076171343,0.03210018902947584,3,10,0.5,Tg_plus_10_C,43.87,2.0,False,,,stress_retention_and_hysteresis_transfer_proxy,not_measured_by_this_isothermal_cyclic_protocol,50947,observed_unique,label_only_cross_workbook_identity_unresolved
pu-shape-memory-dib-2020-v1,doi:10.1016/j.dib.2020.106294,SMP-11,crosslinked_shape_memory_polyurethane,61.8,5.4,32.8,molar_percent,monomer_set_molar_composition_mapped,doi:10.1016/j.jmbbm.2018.08.037; doi:10.1016/j.dib.2020.106294,doi:10.1016/j.dib.2020.106294|SMP-11,"1,6-hexamethylene diisocyanate",O=C=NCCCCCCN=C=O,"N,N,N',N'-tetrakis(2-hydroxypropyl)ethylenediamine",triethanolamine,OCCN(CCO)CCO,False,polyurethane_transfer,transfer_learning_only,0.35,数据/原始/外部数据/新增开放数据/DataInBrief_聚氨酯形状记忆多模态原始数据/mmc6.xlsx,CC-BY-4.0,reference-184;reference-185,fisher_uniaxial_cyclic_tensile_mmc6_020,SMP-11_1,test_run_cycle_dependent,5,3.28618,21.603,0.3525279731499996,0.34164273730000017,0.010885235849999453,97.55357582846234,2.4464241715376573,0.030877651361209332,3,10,0.5,Tg_plus_10_C,43.87,2.0,False,,,stress_retention_and_hysteresis_transfer_proxy,not_measured_by_this_isothermal_cyclic_protocol,50947,observed_unique,label_only_cross_workbook_identity_unresolved
pu-shape-memory-dib-2020-v1,doi:10.1016/j.dib.2020.106294,SMP-11,crosslinked_shape_memory_polyurethane,61.8,5.4,32.8,molar_percent,monomer_set_molar_composition_mapped,doi:10.1016/j.jmbbm.2018.08.037; doi:10.1016/j.dib.2020.106294,doi:10.1016/j.dib.2020.106294|SMP-11,"1,6-hexamethylene diisocyanate",O=C=NCCCCCCN=C=O,"N,N,N',N'-tetrakis(2-hydroxypropyl)ethylenediamine",triethanolamine,OCCN(CCO)CCO,False,polyurethane_transfer,transfer_learning_only,0.35,数据/原始/外部数据/新增开放数据/DataInBrief_聚氨酯形状记忆多模态原始数据/mmc6.xlsx,CC-BY-4.0,reference-184;reference-185,fisher_uniaxial_cyclic_tensile_mmc6_020,SMP-11_1,test_run_cycle_dependent,6,3.27644,21.603,0.3504083636000007,0.33994163769999924,0.010466725900001472,97.26443408072814,2.7355659192718633,0.029870080132988728,3,10,0.5,Tg_plus_10_C,43.87,2.0,False,,,stress_retention_and_hysteresis_transfer_proxy,not_measured_by_this_isothermal_cyclic_protocol,50947,observed_unique,label_only_cross_workbook_identity_unresolved
pu-shape-memory-dib-2020-v1,doi:10.1016/j.dib.2020.106294,SMP-11,crosslinked_shape_memory_polyurethane,61.8,5.4,32.8,molar_percent,monomer_set_molar_composition_mapped,doi:10.1016/j.jmbbm.2018.08.037; doi:10.1016/j.dib.2020.106294,doi:10.1016/j.dib.2020.106294|SMP-11,"1,6-hexamethylene diisocyanate",O=C=NCCCCCCN=C=O,"N,N,N',N'-tetrakis(2-hydroxypropyl)ethylenediamine",triethanolamine,OCCN(CCO)CCO,False,polyurethane_transfer,transfer_learning_only,0.35,数据/原始/外部数据/新增开放数据/DataInBrief_聚氨酯形状记忆多模态原始数据/mmc6.xlsx,CC-BY-4.0,reference-184;reference-185,fisher_uniaxial_cyclic_tensile_mmc6_020,SMP-11_1,test_run_cycle_dependent,7,3.26935,21.603,0.3487478043499999,0.33850088524999966,0.010246919100000251,97.0539602623056,2.946039737694406,0.02938203186425381,3,10,0.5,Tg_plus_10_C,43.87,2.0,False,,,stress_retention_and_hysteresis_transfer_proxy,not_measured_by_this_isothermal_cyclic_protocol,50947,observed_unique,label_only_cross_workbook_identity_unresolved
pu-shape-memory-dib-2020-v1,doi:10.1016/j.dib.2020.106294,SMP-11,crosslinked_shape_memory_polyurethane,61.8,5.4,32.8,molar_percent,monomer_set_molar_composition_mapped,doi:10.1016/j.jmbbm.2018.08.037; doi:10.1016/j.dib.2020.106294,doi:10.1016/j.dib.2020.106294|SMP-11,"1,6-hexamethylene diisocyanate",O=C=NCCCCCCN=C=O,"N,N,N',N'-tetrakis(2-hydroxypropyl)ethylenediamine",triethanolamine,OCCN(CCO)CCO,False,polyurethane_transfer,transfer_learning_only,0.35,数据/原始/外部数据/新增开放数据/DataInBrief_聚氨酯形状记忆多模态原始数据/mmc6.xlsx,CC-BY-4.0,reference-184;reference-185,fisher_uniaxial_cyclic_tensile_mmc6_020,SMP-11_1,test_run_cycle_dependent,8,3.26436,21.603,0.3473272560999993,0.33730982544999943,0.010017430649999881,96.90582706711115,3.0941729328888528,0.02884147579571398,3,10,0.5,Tg_plus_10_C,43.87,2.0,False,,,stress_retention_and_hysteresis_transfer_proxy,not_measured_by_this_isothermal_cyclic_protocol,50947,observed_unique,label_only_cross_workbook_identity_unresolved
pu-shape-memory-dib-2020-v1,doi:10.1016/j.dib.2020.106294,SMP-11,crosslinked_shape_memory_polyurethane,61.8,5.4,32.8,molar_percent,monomer_set_molar_composition_mapped,doi:10.1016/j.jmbbm.2018.08.037; doi:10.1016/j.dib.2020.106294,doi:10.1016/j.dib.2020.106294|SMP-11,"1,6-hexamethylene diisocyanate",O=C=NCCCCCCN=C=O,"N,N,N',N'-tetrakis(2-hydroxypropyl)ethylenediamine",triethanolamine,OCCN(CCO)CCO,False,polyurethane_transfer,transfer_learning_only,0.35,数据/原始/外部数据/新增开放数据/DataInBrief_聚氨酯形状记忆多模态原始数据/mmc6.xlsx,CC-BY-4.0,reference-184;reference-185,fisher_uniaxial_cyclic_tensile_mmc6_020,SMP-11_1,test_run_cycle_dependent,9,3.25891,21.603,0.3461004353500001,0.33619227105000077,0.009908164299999356,96.74403830682867,3.2559616931713293,0.028628002995660932,3,10,0.5,Tg_plus_10_C,43.87,2.0,False,,,stress_retention_and_hysteresis_transfer_proxy,not_measured_by_this_isothermal_cyclic_protocol,50947,observed_unique,label_only_cross_workbook_identity_unresolved
pu-shape-memory-dib-2020-v1,doi:10.1016/j.dib.2020.106294,SMP-11,crosslinked_shape_memory_polyurethane,61.8,5.4,32.8,molar_percent,monomer_set_molar_composition_mapped,doi:10.1016/j.jmbbm.2018.08.037; doi:10.1016/j.dib.2020.106294,doi:10.1016/j.dib.2020.106294|SMP-11,"1,6-hexamethylene diisocyanate",O=C=NCCCCCCN=C=O,"N,N,N',N'-tetrakis(2-hydroxypropyl)ethylenediamine",triethanolamine,OCCN(CCO)CCO,False,polyurethane_transfer,transfer_learning_only,0.35,数据/原始/外部数据/新增开放数据/DataInBrief_聚氨酯形状记忆多模态原始数据/mmc6.xlsx,CC-BY-4.0,reference-184;reference-185,fisher_uniaxial_cyclic_tensile_mmc6_020,SMP-11_1,test_run_cycle_dependent,10,3.25405,21.603,0.34497604174999985,0.33526771119999965,0.0097083305500002,96.59976429307216,3.4002357069278446,0.028142042852459054,3,10,0.5,Tg_plus_10_C,43.87,2.0,False,,,stress_retention_and_hysteresis_transfer_proxy,not_measured_by_this_isothermal_cyclic_protocol,50947,observed_unique,label_only_cross_workbook_identity_unresolved
pu-shape-memory-dib-2020-v1,doi:10.1016/j.dib.2020.106294,SMP-9,crosslinked_shape_memory_polyurethane,59.7,15.6,24.7,molar_percent,monomer_set_molar_composition_mapped,doi:10.1016/j.jmbbm.2018.08.037; doi:10.1016/j.dib.2020.106294,doi:10.1016/j.dib.2020.106294|SMP-9,"1,6-hexamethylene diisocyanate",O=C=NCCCCCCN=C=O,"N,N,N',N'-tetrakis(2-hydroxypropyl)ethylenediamine",triethanolamine,OCCN(CCO)CCO,False,polyurethane_transfer,transfer_learning_only,0.35,数据/原始/外部数据/新增开放数据/DataInBrief_聚氨酯形状记忆多模态原始数据/mmc6.xlsx,CC-BY-4.0,reference-184;reference-185,fisher_uniaxial_cyclic_tensile_mmc6_021,SMP-9_1,test_run_cycle_dependent,1,3.33684,16.372999999999998,0.28026993394999994,0.2669026025999997,0.013367331350000233,100.0,0.0,0.04769448924330556,3,10,0.5,Tg_plus_10_C,51.6,2.0,False,,,stress_retention_and_hysteresis_transfer_proxy,not_measured_by_this_isothermal_cyclic_protocol,38094,observed_unique,label_only_cross_workbook_identity_unresolved
pu-shape-memory-dib-2020-v1,doi:10.1016/j.dib.2020.106294,SMP-9,crosslinked_shape_memory_polyurethane,59.7,15.6,24.7,molar_percent,monomer_set_molar_composition_mapped,doi:10.1016/j.jmbbm.2018.08.037; doi:10.1016/j.dib.2020.106294,doi:10.1016/j.dib.2020.106294|SMP-9,"1,6-hexamethylene diisocyanate",O=C=NCCCCCCN=C=O,"N,N,N',N'-tetrakis(2-hydroxypropyl)ethylenediamine",triethanolamine,OCCN(CCO)CCO,False,polyurethane_transfer,transfer_learning_only,0.35,数据/原始/外部数据/新增开放数据/DataInBrief_聚氨酯形状记忆多模态原始数据/mmc6.xlsx,CC-BY-4.0,reference-184;reference-185,fisher_uniaxial_cyclic_tensile_mmc6_021,SMP-9_1,test_run_cycle_dependent,2,3.31648,16.372999999999998,0.2727452777999998,0.2638003351499998,0.00894494265000001,99.38984188633556,0.6101581136644398,0.03279595790677339,3,10,0.5,Tg_plus_10_C,51.6,2.0,False,,,stress_retention_and_hysteresis_transfer_proxy,not_measured_by_this_isothermal_cyclic_protocol,38094,observed_unique,label_only_cross_workbook_identity_unresolved
pu-shape-memory-dib-2020-v1,doi:10.1016/j.dib.2020.106294,SMP-9,crosslinked_shape_memory_polyurethane,59.7,15.6,24.7,molar_percent,monomer_set_molar_composition_mapped,doi:10.1016/j.jmbbm.2018.08.037; doi:10.1016/j.dib.2020.106294,doi:10.1016/j.dib.2020.106294|SMP-9,"1,6-hexamethylene diisocyanate",O=C=NCCCCCCN=C=O,"N,N,N',N'-tetrakis(2-hydroxypropyl)ethylenediamine",triethanolamine,OCCN(CCO)CCO,False,polyurethane_transfer,transfer_learning_only,0.35,数据/原始/外部数据/新增开放数据/DataInBrief_聚氨酯形状记忆多模态原始数据/mmc6.xlsx,CC-BY-4.0,reference-184;reference-185,fisher_uniaxial_cyclic_tensile_mmc6_021,SMP-9_1,test_run_cycle_dependent,3,3.30425,16.372999999999998,0.27013729195,0.2622520956500004,0.00788519629999962,99.0233274595126,0.9766725404873995,0.029189588164891717,3,10,0.5,Tg_plus_10_C,51.6,2.0,False,,,stress_retention_and_hysteresis_transfer_proxy,not_measured_by_this_isothermal_cyclic_protocol,38094,observed_unique,label_only_cross_workbook_identity_unresolved
pu-shape-memory-dib-2020-v1,doi:10.1016/j.dib.2020.106294,SMP-9,crosslinked_shape_memory_polyurethane,59.7,15.6,24.7,molar_percent,monomer_set_molar_composition_mapped,doi:10.1016/j.jmbbm.2018.08.037; doi:10.1016/j.dib.2020.106294,doi:10.1016/j.dib.2020.106294|SMP-9,"1,6-hexamethylene diisocyanate",O=C=NCCCCCCN=C=O,"N,N,N',N'-tetrakis(2-hydroxypropyl)ethylenediamine",triethanolamine,OCCN(CCO)CCO,False,polyurethane_transfer,transfer_learning_only,0.35,数据/原始/外部数据/新增开放数据/DataInBrief_聚氨酯形状记忆多模态原始数据/mmc6.xlsx,CC-BY-4.0,reference-184;reference-185,fisher_uniaxial_cyclic_tensile_mmc6_021,SMP-9_1,test_run_cycle_dependent,4,3.29879,16.372999999999998,0.2687103640500001,0.2613083501499997,0.007402013900000393,98.85969959602497,1.1403004039750329,0.027546439923035747,3,10,0.5,Tg_plus_10_C,51.6,2.0,False,,,stress_retention_and_hysteresis_transfer_proxy,not_measured_by_this_isothermal_cyclic_protocol,38094,observed_unique,label_only_cross_workbook_identity_unresolved
pu-shape-memory-dib-2020-v1,doi:10.1016/j.dib.2020.106294,SMP-9,crosslinked_shape_memory_polyurethane,59.7,15.6,24.7,molar_percent,monomer_set_molar_composition_mapped,doi:10.1016/j.jmbbm.2018.08.037; doi:10.1016/j.dib.2020.106294,doi:10.1016/j.dib.2020.106294|SMP-9,"1,6-hexamethylene diisocyanate",O=C=NCCCCCCN=C=O,"N,N,N',N'-tetrakis(2-hydroxypropyl)ethylenediamine",triethanolamine,OCCN(CCO)CCO,False,polyurethane_transfer,transfer_learning_only,0.35,数据/原始/外部数据/新增开放数据/DataInBrief_聚氨酯形状记忆多模态原始数据/mmc6.xlsx,CC-BY-4.0,reference-184;reference-185,fisher_uniaxial_cyclic_tensile_mmc6_021,SMP-9_1,test_run_cycle_dependent,5,3.29379,16.372999999999998,0.2678162298500002,0.2606558037999999,0.007160426050000279,98.70985723019385,1.2901427698061525,0.02673634101268144,3,10,0.5,Tg_plus_10_C,51.6,2.0,False,,,stress_retention_and_hysteresis_transfer_proxy,not_measured_by_this_isothermal_cyclic_protocol,38094,observed_unique,label_only_cross_workbook_identity_unresolved
pu-shape-memory-dib-2020-v1,doi:10.1016/j.dib.2020.106294,SMP-9,crosslinked_shape_memory_polyurethane,59.7,15.6,24.7,molar_percent,monomer_set_molar_composition_mapped,doi:10.1016/j.jmbbm.2018.08.037; doi:10.1016/j.dib.2020.106294,doi:10.1016/j.dib.2020.106294|SMP-9,"1,6-hexamethylene diisocyanate",O=C=NCCCCCCN=C=O,"N,N,N',N'-tetrakis(2-hydroxypropyl)ethylenediamine",triethanolamine,OCCN(CCO)CCO,False,polyurethane_transfer,transfer_learning_only,0.35,数据/原始/外部数据/新增开放数据/DataInBrief_聚氨酯形状记忆多模态原始数据/mmc6.xlsx,CC-BY-4.0,reference-184;reference-185,fisher_uniaxial_cyclic_tensile_mmc6_021,SMP-9_1,test_run_cycle_dependent,6,3.29189,16.372999999999998,0.2670767044999997,0.2601733909499994,0.00690331355000029,98.652917131178,1.3470828688219996,0.02584768133530829,3,10,0.5,Tg_plus_10_C,51.6,2.0,False,,,stress_retention_and_hysteresis_transfer_proxy,not_measured_by_this_isothermal_cyclic_protocol,38094,observed_unique,label_only_cross_workbook_identity_unresolved
pu-shape-memory-dib-2020-v1,doi:10.1016/j.dib.2020.106294,SMP-9,crosslinked_shape_memory_polyurethane,59.7,15.6,24.7,molar_percent,monomer_set_molar_composition_mapped,doi:10.1016/j.jmbbm.2018.08.037; doi:10.1016/j.dib.2020.106294,doi:10.1016/j.dib.2020.106294|SMP-9,"1,6-hexamethylene diisocyanate",O=C=NCCCCCCN=C=O,"N,N,N',N'-tetrakis(2-hydroxypropyl)ethylenediamine",triethanolamine,OCCN(CCO)CCO,False,polyurethane_transfer,transfer_learning_only,0.35,数据/原始/外部数据/新增开放数据/DataInBrief_聚氨酯形状记忆多模态原始数据/mmc6.xlsx,CC-BY-4.0,reference-184;reference-185,fisher_uniaxial_cyclic_tensile_mmc6_021,SMP-9_1,test_run_cycle_dependent,7,3.28932,16.372999999999998,0.26658408420000035,0.25974611854999935,0.006837965650000999,98.57589815514079,1.4241018448592087,0.0256503146859695,3,10,0.5,Tg_plus_10_C,51.6,2.0,False,,,stress_retention_and_hysteresis_transfer_proxy,not_measured_by_this_isothermal_cyclic_protocol,38094,observed_unique,label_only_cross_workbook_identity_unresolved
pu-shape-memory-dib-2020-v1,doi:10.1016/j.dib.2020.106294,SMP-9,crosslinked_shape_memory_polyurethane,59.7,15.6,24.7,molar_percent,monomer_set_molar_composition_mapped,doi:10.1016/j.jmbbm.2018.08.037; doi:10.1016/j.dib.2020.106294,doi:10.1016/j.dib.2020.106294|SMP-9,"1,6-hexamethylene diisocyanate",O=C=NCCCCCCN=C=O,"N,N,N',N'-tetrakis(2-hydroxypropyl)ethylenediamine",triethanolamine,OCCN(CCO)CCO,False,polyurethane_transfer,transfer_learning_only,0.35,数据/原始/外部数据/新增开放数据/DataInBrief_聚氨酯形状记忆多模态原始数据/mmc6.xlsx,CC-BY-4.0,reference-184;reference-185,fisher_uniaxial_cyclic_tensile_mmc6_021,SMP-9_1,test_run_cycle_dependent,8,3.28615,16.372999999999998,0.26615876155,0.25943653849999904,0.006722223050000975,98.48089809520384,1.519101904796159,0.025256440970996,3,10,0.5,Tg_plus_10_C,51.6,2.0,False,,,stress_retention_and_hysteresis_transfer_proxy,not_measured_by_this_isothermal_cyclic_protocol,38094,observed_unique,label_only_cross_workbook_identity_unresolved
pu-shape-memory-dib-2020-v1,doi:10.1016/j.dib.2020.106294,SMP-9,crosslinked_shape_memory_polyurethane,59.7,15.6,24.7,molar_percent,monomer_set_molar_composition_mapped,doi:10.1016/j.jmbbm.2018.08.037; doi:10.1016/j.dib.2020.106294,doi:10.1016/j.dib.2020.106294|SMP-9,"1,6-hexamethylene diisocyanate",O=C=NCCCCCCN=C=O,"N,N,N',N'-tetrakis(2-hydroxypropyl)ethylenediamine",triethanolamine,OCCN(CCO)CCO,False,polyurethane_transfer,transfer_learning_only,0.35,数据/原始/外部数据/新增开放数据/DataInBrief_聚氨酯形状记忆多模态原始数据/mmc6.xlsx,CC-BY-4.0,reference-184;reference-185,fisher_uniaxial_cyclic_tensile_mmc6_021,SMP-9_1,test_run_cycle_dependent,9,3.28443,16.372999999999998,0.26582422629999974,0.2591436472499997,0.006680579050000024,98.42935232135792,1.570647678642075,0.025131565858337382,3,10,0.5,Tg_plus_10_C,51.6,2.0,False,,,stress_retention_and_hysteresis_transfer_proxy,not_measured_by_this_isothermal_cyclic_protocol,38094,observed_unique,label_only_cross_workbook_identity_unresolved
pu-shape-memory-dib-2020-v1,doi:10.1016/j.dib.2020.106294,SMP-9,crosslinked_shape_memory_polyurethane,59.7,15.6,24.7,molar_percent,monomer_set_molar_composition_mapped,doi:10.1016/j.jmbbm.2018.08.037; doi:10.1016/j.dib.2020.106294,doi:10.1016/j.dib.2020.106294|SMP-9,"1,6-hexamethylene diisocyanate",O=C=NCCCCCCN=C=O,"N,N,N',N'-tetrakis(2-hydroxypropyl)ethylenediamine",triethanolamine,OCCN(CCO)CCO,False,polyurethane_transfer,transfer_learning_only,0.35,数据/原始/外部数据/新增开放数据/DataInBrief_聚氨酯形状记忆多模态原始数据/mmc6.xlsx,CC-BY-4.0,reference-184;reference-185,fisher_uniaxial_cyclic_tensile_mmc6_021,SMP-9_1,test_run_cycle_dependent,10,3.28274,16.372999999999998,0.2655810267999996,0.25891661905000046,0.006664407749999157,98.378705601707,1.6212943982930028,0.025093689222829552,3,10,0.5,Tg_plus_10_C,51.6,2.0,False,,,stress_retention_and_hysteresis_transfer_proxy,not_measured_by_this_isothermal_cyclic_protocol,38094,observed_unique,label_only_cross_workbook_identity_unresolved
pu-shape-memory-dib-2020-v1,doi:10.1016/j.dib.2020.106294,SMP-11,crosslinked_shape_memory_polyurethane,61.8,5.4,32.8,molar_percent,monomer_set_molar_composition_mapped,doi:10.1016/j.jmbbm.2018.08.037; doi:10.1016/j.dib.2020.106294,doi:10.1016/j.dib.2020.106294|SMP-11,"1,6-hexamethylene diisocyanate",O=C=NCCCCCCN=C=O,"N,N,N',N'-tetrakis(2-hydroxypropyl)ethylenediamine",triethanolamine,OCCN(CCO)CCO,False,polyurethane_transfer,transfer_learning_only,0.35,数据/原始/外部数据/新增开放数据/DataInBrief_聚氨酯形状记忆多模态原始数据/mmc6.xlsx,CC-BY-4.0,reference-184;reference-185,fisher_uniaxial_cyclic_tensile_mmc6_022,SMP-11_2,test_run_cycle_dependent,1,2.91235,21.603,0.2954117289500002,0.2789703966999991,0.01644133225000105,100.0,0.0,0.05565565154924442,3,10,0.5,Tg_plus_10_C,43.87,2.0,False,,,stress_retention_and_hysteresis_transfer_proxy,not_measured_by_this_isothermal_cyclic_protocol,50725,observed_unique,label_only_cross_workbook_identity_unresolved
pu-shape-memory-dib-2020-v1,doi:10.1016/j.dib.2020.106294,SMP-11,crosslinked_shape_memory_polyurethane,61.8,5.4,32.8,molar_percent,monomer_set_molar_composition_mapped,doi:10.1016/j.jmbbm.2018.08.037; doi:10.1016/j.dib.2020.106294,doi:10.1016/j.dib.2020.106294|SMP-11,"1,6-hexamethylene diisocyanate",O=C=NCCCCCCN=C=O,"N,N,N',N'-tetrakis(2-hydroxypropyl)ethylenediamine",triethanolamine,OCCN(CCO)CCO,False,polyurethane_transfer,transfer_learning_only,0.35,数据/原始/外部数据/新增开放数据/DataInBrief_聚氨酯形状记忆多模态原始数据/mmc6.xlsx,CC-BY-4.0,reference-184;reference-185,fisher_uniaxial_cyclic_tensile_mmc6_022,SMP-11_2,test_run_cycle_dependent,2,2.88279,21.603,0.28658993309999986,0.27427933739999993,0.012310595699999927,98.98501210362765,1.0149878963723467,0.04295543659485202,3,10,0.5,Tg_plus_10_C,43.87,2.0,False,,,stress_retention_and_hysteresis_transfer_proxy,not_measured_by_this_isothermal_cyclic_protocol,50725,observed_unique,label_only_cross_workbook_identity_unresolved
pu-shape-memory-dib-2020-v1,doi:10.1016/j.dib.2020.106294,SMP-11,crosslinked_shape_memory_polyurethane,61.8,5.4,32.8,molar_percent,monomer_set_molar_composition_mapped,doi:10.1016/j.jmbbm.2018.08.037; doi:10.1016/j.dib.2020.106294,doi:10.1016/j.dib.2020.106294|SMP-11,"1,6-hexamethylene diisocyanate",O=C=NCCCCCCN=C=O,"N,N,N',N'-tetrakis(2-hydroxypropyl)ethylenediamine",triethanolamine,OCCN(CCO)CCO,False,polyurethane_transfer,transfer_learning_only,0.35,数据/原始/外部数据/新增开放数据/DataInBrief_聚氨酯形状记忆多模态原始数据/mmc6.xlsx,CC-BY-4.0,reference-184;reference-185,fisher_uniaxial_cyclic_tensile_mmc6_022,SMP-11_2,test_run_cycle_dependent,3,2.8682,21.603,0.2827289789000001,0.27165415025000017,0.011074828649999924,98.48404209658867,1.5159579034113335,0.03917118327625354,3,10,0.5,Tg_plus_10_C,43.87,2.0,False,,,stress_retention_and_hysteresis_transfer_proxy,not_measured_by_this_isothermal_cyclic_protocol,50725,observed_unique,label_only_cross_workbook_identity_unresolved
pu-shape-memory-dib-2020-v1,doi:10.1016/j.dib.2020.106294,SMP-11,crosslinked_shape_memory_polyurethane,61.8,5.4,32.8,molar_percent,monomer_set_molar_composition_mapped,doi:10.1016/j.jmbbm.2018.08.037; doi:10.1016/j.dib.2020.106294,doi:10.1016/j.dib.2020.106294|SMP-11,"1,6-hexamethylene diisocyanate",O=C=NCCCCCCN=C=O,"N,N,N',N'-tetrakis(2-hydroxypropyl)ethylenediamine",triethanolamine,OCCN(CCO)CCO,False,polyurethane_transfer,transfer_learning_only,0.35,数据/原始/外部数据/新增开放数据/DataInBrief_聚氨酯形状记忆多模态原始数据/mmc6.xlsx,CC-BY-4.0,reference-184;reference-185,fisher_uniaxial_cyclic_tensile_mmc6_022,SMP-11_2,test_run_cycle_dependent,4,2.85859,21.603,0.28036054694999996,0.26998226195000036,0.010378284999999599,98.15406802067059,1.8459319793294071,0.037017637156523606,3,10,0.5,Tg_plus_10_C,43.87,2.0,False,,,stress_retention_and_hysteresis_transfer_proxy,not_measured_by_this_isothermal_cyclic_protocol,50725,observed_unique,label_only_cross_workbook_identity_unresolved
pu-shape-memory-dib-2020-v1,doi:10.1016/j.dib.2020.106294,SMP-11,crosslinked_shape_memory_polyurethane,61.8,5.4,32.8,molar_percent,monomer_set_molar_composition_mapped,doi:10.1016/j.jmbbm.2018.08.037; doi:10.1016/j.dib.2020.106294,doi:10.1016/j.dib.2020.106294|SMP-11,"1,6-hexamethylene diisocyanate",O=C=NCCCCCCN=C=O,"N,N,N',N'-tetrakis(2-hydroxypropyl)ethylenediamine",triethanolamine,OCCN(CCO)CCO,False,polyurethane_transfer,transfer_learning_only,0.35,数据/原始/外部数据/新增开放数据/DataInBrief_聚氨酯形状记忆多模态原始数据/mmc6.xlsx,CC-BY-4.0,reference-184;reference-185,fisher_uniaxial_cyclic_tensile_mmc6_022,SMP-11_2,test_run_cycle_dependent,5,2.85222,21.603,0.27875420275000024,0.26873063285000065,0.010023569899999585,97.93534430957817,2.06465569042183,0.03595845300667696,3,10,0.5,Tg_plus_10_C,43.87,2.0,False,,,stress_retention_and_hysteresis_transfer_proxy,not_measured_by_this_isothermal_cyclic_protocol,50725,observed_unique,label_only_cross_workbook_identity_unresolved
pu-shape-memory-dib-2020-v1,doi:10.1016/j.dib.2020.106294,SMP-11,crosslinked_shape_memory_polyurethane,61.8,5.4,32.8,molar_percent,monomer_set_molar_composition_mapped,doi:10.1016/j.jmbbm.2018.08.037; doi:10.1016/j.dib.2020.106294,doi:10.1016/j.dib.2020.106294|SMP-11,"1,6-hexamethylene diisocyanate",O=C=NCCCCCCN=C=O,"N,N,N',N'-tetrakis(2-hydroxypropyl)ethylenediamine",triethanolamine,OCCN(CCO)CCO,False,polyurethane_transfer,transfer_learning_only,0.35,数据/原始/外部数据/新增开放数据/DataInBrief_聚氨酯形状记忆多模态原始数据/mmc6.xlsx,CC-BY-4.0,reference-184;reference-185,fisher_uniaxial_cyclic_tensile_mmc6_022,SMP-11_2,test_run_cycle_dependent,6,2.8474,21.603,0.2775392193499999,0.2676987082500006,0.009840511099999338,97.76984222363384,2.2301577763661555,0.03545629018862966,3,10,0.5,Tg_plus_10_C,43.87,2.0,False,,,stress_retention_and_hysteresis_transfer_proxy,not_measured_by_this_isothermal_cyclic_protocol,50725,observed_unique,label_only_cross_workbook_identity_unresolved
pu-shape-memory-dib-2020-v1,doi:10.1016/j.dib.2020.106294,SMP-11,crosslinked_shape_memory_polyurethane,61.8,5.4,32.8,molar_percent,monomer_set_molar_composition_mapped,doi:10.1016/j.jmbbm.2018.08.037; doi:10.1016/j.dib.2020.106294,doi:10.1016/j.dib.2020.106294|SMP-11,"1,6-hexamethylene diisocyanate",O=C=NCCCCCCN=C=O,"N,N,N',N'-tetrakis(2-hydroxypropyl)ethylenediamine",triethanolamine,OCCN(CCO)CCO,False,polyurethane_transfer,transfer_learning_only,0.35,数据/原始/外部数据/新增开放数据/DataInBrief_聚氨酯形状记忆多模态原始数据/mmc6.xlsx,CC-BY-4.0,reference-184;reference-185,fisher_uniaxial_cyclic_tensile_mmc6_022,SMP-11_2,test_run_cycle_dependent,7,2.84162,21.603,0.27643073314999966,0.26683706634999976,0.0095936667999999,97.57137706663003,2.428622933369965,0.034705499966221506,3,10,0.5,Tg_plus_10_C,43.87,2.0,False,,,stress_retention_and_hysteresis_transfer_proxy,not_measured_by_this_isothermal_cyclic_protocol,50725,observed_unique,label_only_cross_workbook_identity_unresolved
pu-shape-memory-dib-2020-v1,doi:10.1016/j.dib.2020.106294,SMP-11,crosslinked_shape_memory_polyurethane,61.8,5.4,32.8,molar_percent,monomer_set_molar_composition_mapped,doi:10.1016/j.jmbbm.2018.08.037; doi:10.1016/j.dib.2020.106294,doi:10.1016/j.dib.2020.106294|SMP-11,"1,6-hexamethylene diisocyanate",O=C=NCCCCCCN=C=O,"N,N,N',N'-tetrakis(2-hydroxypropyl)ethylenediamine",triethanolamine,OCCN(CCO)CCO,False,polyurethane_transfer,transfer_learning_only,0.35,数据/原始/外部数据/新增开放数据/DataInBrief_聚氨酯形状记忆多模态原始数据/mmc6.xlsx,CC-BY-4.0,reference-184;reference-185,fisher_uniaxial_cyclic_tensile_mmc6_022,SMP-11_2,test_run_cycle_dependent,8,2.83823,21.603,0.2755859269500002,0.26615301879999975,0.009432908150000474,97.45497622195134,2.545023778048659,0.03422855533443801,3,10,0.5,Tg_plus_10_C,43.87,2.0,False,,,stress_retention_and_hysteresis_transfer_proxy,not_measured_by_this_isothermal_cyclic_protocol,50725,observed_unique,label_only_cross_workbook_identity_unresolved
pu-shape-memory-dib-2020-v1,doi:10.1016/j.dib.2020.106294,SMP-11,crosslinked_shape_memory_polyurethane,61.8,5.4,32.8,molar_percent,monomer_set_molar_composition_mapped,doi:10.1016/j.jmbbm.2018.08.037; doi:10.1016/j.dib.2020.106294,doi:10.1016/j.dib.2020.106294|SMP-11,"1,6-hexamethylene diisocyanate",O=C=NCCCCCCN=C=O,"N,N,N',N'-tetrakis(2-hydroxypropyl)ethylenediamine",triethanolamine,OCCN(CCO)CCO,False,polyurethane_transfer,transfer_learning_only,0.35,数据/原始/外部数据/新增开放数据/DataInBrief_聚氨酯形状记忆多模态原始数据/mmc6.xlsx,CC-BY-4.0,reference-184;reference-185,fisher_uniaxial_cyclic_tensile_mmc6_022,SMP-11_2,test_run_cycle_dependent,9,2.83519,21.603,0.27491355485000013,0.2655782464500001,0.00933530840000002,97.35059316359641,2.6494068364035854,0.03395725032581097,3,10,0.5,Tg_plus_10_C,43.87,2.0,False,,,stress_retention_and_hysteresis_transfer_proxy,not_measured_by_this_isothermal_cyclic_protocol,50725,observed_unique,label_only_cross_workbook_identity_unresolved
pu-shape-memory-dib-2020-v1,doi:10.1016/j.dib.2020.106294,SMP-11,crosslinked_shape_memory_polyurethane,61.8,5.4,32.8,molar_percent,monomer_set_molar_composition_mapped,doi:10.1016/j.jmbbm.2018.08.037; doi:10.1016/j.dib.2020.106294,doi:10.1016/j.dib.2020.106294|SMP-11,"1,6-hexamethylene diisocyanate",O=C=NCCCCCCN=C=O,"N,N,N',N'-tetrakis(2-hydroxypropyl)ethylenediamine",triethanolamine,OCCN(CCO)CCO,False,polyurethane_transfer,transfer_learning_only,0.35,数据/原始/外部数据/新增开放数据/DataInBrief_聚氨酯形状记忆多模态原始数据/mmc6.xlsx,CC-BY-4.0,reference-184;reference-185,fisher_uniaxial_cyclic_tensile_mmc6_022,SMP-11_2,test_run_cycle_dependent,10,2.83316,21.603,0.27430899179999996,0.26506795685,0.009241034949999949,97.2808900029186,2.7191099970814037,0.0336884142563494,3,10,0.5,Tg_plus_10_C,43.87,2.0,False,,,stress_retention_and_hysteresis_transfer_proxy,not_measured_by_this_isothermal_cyclic_protocol,50725,observed_unique,label_only_cross_workbook_identity_unresolved
pu-shape-memory-dib-2020-v1,doi:10.1016/j.dib.2020.106294,SMP-12,crosslinked_shape_memory_polyurethane,62.3,2.7,35.0,molar_percent,monomer_set_molar_composition_mapped,doi:10.1016/j.jmbbm.2018.08.037; doi:10.1016/j.dib.2020.106294,doi:10.1016/j.dib.2020.106294|SMP-12,"1,6-hexamethylene diisocyanate",O=C=NCCCCCCN=C=O,"N,N,N',N'-tetrakis(2-hydroxypropyl)ethylenediamine",triethanolamine,OCCN(CCO)CCO,False,polyurethane_transfer,transfer_learning_only,0.35,数据/原始/外部数据/新增开放数据/DataInBrief_聚氨酯形状记忆多模态原始数据/mmc6.xlsx,CC-BY-4.0,reference-184;reference-185,fisher_uniaxial_cyclic_tensile_mmc6_023,SMP-12_1,test_run_cycle_dependent,1,3.73119,27.183,0.5309164636000008,0.5000966200000007,0.03081984360000012,100.0,0.0,0.058050269134656524,3,10,0.5,Tg_plus_10_C,42.23,2.0,False,,,stress_retention_and_hysteresis_transfer_proxy,not_measured_by_this_isothermal_cyclic_protocol,56562,observed_unique,label_only_cross_workbook_identity_unresolved
pu-shape-memory-dib-2020-v1,doi:10.1016/j.dib.2020.106294,SMP-12,crosslinked_shape_memory_polyurethane,62.3,2.7,35.0,molar_percent,monomer_set_molar_composition_mapped,doi:10.1016/j.jmbbm.2018.08.037; doi:10.1016/j.dib.2020.106294,doi:10.1016/j.dib.2020.106294|SMP-12,"1,6-hexamethylene diisocyanate",O=C=NCCCCCCN=C=O,"N,N,N',N'-tetrakis(2-hydroxypropyl)ethylenediamine",triethanolamine,OCCN(CCO)CCO,False,polyurethane_transfer,transfer_learning_only,0.35,数据/原始/外部数据/新增开放数据/DataInBrief_聚氨酯形状记忆多模态原始数据/mmc6.xlsx,CC-BY-4.0,reference-184;reference-185,fisher_uniaxial_cyclic_tensile_mmc6_023,SMP-12_1,test_run_cycle_dependent,2,3.69166,27.183,0.5143016083999996,0.4917725082999999,0.0225291000999997,98.94055247789579,1.0594475221042075,0.04380522971741831,3,10,0.5,Tg_plus_10_C,42.23,2.0,False,,,stress_retention_and_hysteresis_transfer_proxy,not_measured_by_this_isothermal_cyclic_protocol,56562,observed_unique,label_only_cross_workbook_identity_unresolved
pu-shape-memory-dib-2020-v1,doi:10.1016/j.dib.2020.106294,SMP-12,crosslinked_shape_memory_polyurethane,62.3,2.7,35.0,molar_percent,monomer_set_molar_composition_mapped,doi:10.1016/j.jmbbm.2018.08.037; doi:10.1016/j.dib.2020.106294,doi:10.1016/j.dib.2020.106294|SMP-12,"1,6-hexamethylene diisocyanate",O=C=NCCCCCCN=C=O,"N,N,N',N'-tetrakis(2-hydroxypropyl)ethylenediamine",triethanolamine,OCCN(CCO)CCO,False,polyurethane_transfer,transfer_learning_only,0.35,数据/原始/外部数据/新增开放数据/DataInBrief_聚氨酯形状记忆多模态原始数据/mmc6.xlsx,CC-BY-4.0,reference-184;reference-185,fisher_uniaxial_cyclic_tensile_mmc6_023,SMP-12_1,test_run_cycle_dependent,3,3.67276,27.183,0.5076104993999996,0.4872514371500011,0.020359062249998505,98.43401166919936,1.5659883308006357,0.04010764606733531,3,10,0.5,Tg_plus_10_C,42.23,2.0,False,,,stress_retention_and_hysteresis_transfer_proxy,not_measured_by_this_isothermal_cyclic_protocol,56562,observed_unique,label_only_cross_workbook_identity_unresolved
pu-shape-memory-dib-2020-v1,doi:10.1016/j.dib.2020.106294,SMP-12,crosslinked_shape_memory_polyurethane,62.3,2.7,35.0,molar_percent,monomer_set_molar_composition_mapped,doi:10.1016/j.jmbbm.2018.08.037; doi:10.1016/j.dib.2020.106294,doi:10.1016/j.dib.2020.106294|SMP-12,"1,6-hexamethylene diisocyanate",O=C=NCCCCCCN=C=O,"N,N,N',N'-tetrakis(2-hydroxypropyl)ethylenediamine",triethanolamine,OCCN(CCO)CCO,False,polyurethane_transfer,transfer_learning_only,0.35,数据/原始/外部数据/新增开放数据/DataInBrief_聚氨酯形状记忆多模态原始数据/mmc6.xlsx,CC-BY-4.0,reference-184;reference-185,fisher_uniaxial_cyclic_tensile_mmc6_023,SMP-12_1,test_run_cycle_dependent,4,3.66102,27.183,0.5035559837999996,0.48437653390000057,0.01917944989999898,98.11936674358584,1.880633256414157,0.03808801904261871,3,10,0.5,Tg_plus_10_C,42.23,2.0,False,,,stress_retention_and_hysteresis_transfer_proxy,not_measured_by_this_isothermal_cyclic_protocol,56562,observed_unique,label_only_cross_workbook_identity_unresolved
pu-shape-memory-dib-2020-v1,doi:10.1016/j.dib.2020.106294,SMP-12,crosslinked_shape_memory_polyurethane,62.3,2.7,35.0,molar_percent,monomer_set_molar_composition_mapped,doi:10.1016/j.jmbbm.2018.08.037; doi:10.1016/j.dib.2020.106294,doi:10.1016/j.dib.2020.106294|SMP-12,"1,6-hexamethylene diisocyanate",O=C=NCCCCCCN=C=O,"N,N,N',N'-tetrakis(2-hydroxypropyl)ethylenediamine",triethanolamine,OCCN(CCO)CCO,False,polyurethane_transfer,transfer_learning_only,0.35,数据/原始/外部数据/新增开放数据/DataInBrief_聚氨酯形状记忆多模态原始数据/mmc6.xlsx,CC-BY-4.0,reference-184;reference-185,fisher_uniaxial_cyclic_tensile_mmc6_023,SMP-12_1,test_run_cycle_dependent,5,3.65135,27.183,0.5007558812000009,0.4820149622500006,0.018740918950000296,97.86020009701998,2.139799902980016,0.03742525979942552,3,10,0.5,Tg_plus_10_C,42.23,2.0,False,,,stress_retention_and_hysteresis_transfer_proxy,not_measured_by_this_isothermal_cyclic_protocol,56562,observed_unique,label_only_cross_workbook_identity_unresolved
pu-shape-memory-dib-2020-v1,doi:10.1016/j.dib.2020.106294,SMP-12,crosslinked_shape_memory_polyurethane,62.3,2.7,35.0,molar_percent,monomer_set_molar_composition_mapped,doi:10.1016/j.jmbbm.2018.08.037; doi:10.1016/j.dib.2020.106294,doi:10.1016/j.dib.2020.106294|SMP-12,"1,6-hexamethylene diisocyanate",O=C=NCCCCCCN=C=O,"N,N,N',N'-tetrakis(2-hydroxypropyl)ethylenediamine",triethanolamine,OCCN(CCO)CCO,False,polyurethane_transfer,transfer_learning_only,0.35,数据/原始/外部数据/新增开放数据/DataInBrief_聚氨酯形状记忆多模态原始数据/mmc6.xlsx,CC-BY-4.0,reference-184;reference-185,fisher_uniaxial_cyclic_tensile_mmc6_023,SMP-12_1,test_run_cycle_dependent,6,3.64575,27.183,0.4985982888,0.48072236575000027,0.017875923049999742,97.71011393148031,2.2898860685196922,0.03585235539620998,3,10,0.5,Tg_plus_10_C,42.23,2.0,False,,,stress_retention_and_hysteresis_transfer_proxy,not_measured_by_this_isothermal_cyclic_protocol,56562,observed_unique,label_only_cross_workbook_identity_unresolved
pu-shape-memory-dib-2020-v1,doi:10.1016/j.dib.2020.106294,SMP-12,crosslinked_shape_memory_polyurethane,62.3,2.7,35.0,molar_percent,monomer_set_molar_composition_mapped,doi:10.1016/j.jmbbm.2018.08.037; doi:10.1016/j.dib.2020.106294,doi:10.1016/j.dib.2020.106294|SMP-12,"1,6-hexamethylene diisocyanate",O=C=NCCCCCCN=C=O,"N,N,N',N'-tetrakis(2-hydroxypropyl)ethylenediamine",triethanolamine,OCCN(CCO)CCO,False,polyurethane_transfer,transfer_learning_only,0.35,数据/原始/外部数据/新增开放数据/DataInBrief_聚氨酯形状记忆多模态原始数据/mmc6.xlsx,CC-BY-4.0,reference-184;reference-185,fisher_uniaxial_cyclic_tensile_mmc6_023,SMP-12_1,test_run_cycle_dependent,7,3.64184,27.183,0.49727367695,0.47953241879999947,0.01774125815000055,97.60532162661244,2.3946783733875634,0.035677050630983635,3,10,0.5,Tg_plus_10_C,42.23,2.0,False,,,stress_retention_and_hysteresis_transfer_proxy,not_measured_by_this_isothermal_cyclic_protocol,56562,observed_unique,label_only_cross_workbook_identity_unresolved
pu-shape-memory-dib-2020-v1,doi:10.1016/j.dib.2020.106294,SMP-12,crosslinked_shape_memory_polyurethane,62.3,2.7,35.0,molar_percent,monomer_set_molar_composition_mapped,doi:10.1016/j.jmbbm.2018.08.037; doi:10.1016/j.dib.2020.106294,doi:10.1016/j.dib.2020.106294|SMP-12,"1,6-hexamethylene diisocyanate",O=C=NCCCCCCN=C=O,"N,N,N',N'-tetrakis(2-hydroxypropyl)ethylenediamine",triethanolamine,OCCN(CCO)CCO,False,polyurethane_transfer,transfer_learning_only,0.35,数据/原始/外部数据/新增开放数据/DataInBrief_聚氨酯形状记忆多模态原始数据/mmc6.xlsx,CC-BY-4.0,reference-184;reference-185,fisher_uniaxial_cyclic_tensile_mmc6_023,SMP-12_1,test_run_cycle_dependent,8,3.63754,27.183,0.49595148794999905,0.4783483367000005,0.01760315124999856,97.49007689235874,2.5099231076412565,0.03549369581037184,3,10,0.5,Tg_plus_10_C,42.23,2.0,False,,,stress_retention_and_hysteresis_transfer_proxy,not_measured_by_this_isothermal_cyclic_protocol,56562,observed_unique,label_only_cross_workbook_identity_unresolved
pu-shape-memory-dib-2020-v1,doi:10.1016/j.dib.2020.106294,SMP-12,crosslinked_shape_memory_polyurethane,62.3,2.7,35.0,molar_percent,monomer_set_molar_composition_mapped,doi:10.1016/j.jmbbm.2018.08.037; doi:10.1016/j.dib.2020.106294,doi:10.1016/j.dib.2020.106294|SMP-12,"1,6-hexamethylene diisocyanate",O=C=NCCCCCCN=C=O,"N,N,N',N'-tetrakis(2-hydroxypropyl)ethylenediamine",triethanolamine,OCCN(CCO)CCO,False,polyurethane_transfer,transfer_learning_only,0.35,数据/原始/外部数据/新增开放数据/DataInBrief_聚氨酯形状记忆多模态原始数据/mmc6.xlsx,CC-BY-4.0,reference-184;reference-185,fisher_uniaxial_cyclic_tensile_mmc6_023,SMP-12_1,test_run_cycle_dependent,9,3.63283,27.183,0.4946552597999999,0.47729454950000055,0.01736071029999936,97.36384370669947,2.6361562933005303,0.035096584855923055,3,10,0.5,Tg_plus_10_C,42.23,2.0,False,,,stress_retention_and_hysteresis_transfer_proxy,not_measured_by_this_isothermal_cyclic_protocol,56562,observed_unique,label_only_cross_workbook_identity_unresolved
pu-shape-memory-dib-2020-v1,doi:10.1016/j.dib.2020.106294,SMP-12,crosslinked_shape_memory_polyurethane,62.3,2.7,35.0,molar_percent,monomer_set_molar_composition_mapped,doi:10.1016/j.jmbbm.2018.08.037; doi:10.1016/j.dib.2020.106294,doi:10.1016/j.dib.2020.106294|SMP-12,"1,6-hexamethylene diisocyanate",O=C=NCCCCCCN=C=O,"N,N,N',N'-tetrakis(2-hydroxypropyl)ethylenediamine",triethanolamine,OCCN(CCO)CCO,False,polyurethane_transfer,transfer_learning_only,0.35,数据/原始/外部数据/新增开放数据/DataInBrief_聚氨酯形状记忆多模态原始数据/mmc6.xlsx,CC-BY-4.0,reference-184;reference-185,fisher_uniaxial_cyclic_tensile_mmc6_023,SMP-12_1,test_run_cycle_dependent,10,3.62894,27.183,0.4935985109500004,0.47640759404999933,0.017190916900001074,97.25958742385139,2.740412576148614,0.034827732496426525,3,10,0.5,Tg_plus_10_C,42.23,2.0,False,,,stress_retention_and_hysteresis_transfer_proxy,not_measured_by_this_isothermal_cyclic_protocol,56562,observed_unique,label_only_cross_workbook_identity_unresolved
pu-shape-memory-dib-2020-v1,doi:10.1016/j.dib.2020.106294,SMP-12,crosslinked_shape_memory_polyurethane,62.3,2.7,35.0,molar_percent,monomer_set_molar_composition_mapped,doi:10.1016/j.jmbbm.2018.08.037; doi:10.1016/j.dib.2020.106294,doi:10.1016/j.dib.2020.106294|SMP-12,"1,6-hexamethylene diisocyanate",O=C=NCCCCCCN=C=O,"N,N,N',N'-tetrakis(2-hydroxypropyl)ethylenediamine",triethanolamine,OCCN(CCO)CCO,False,polyurethane_transfer,transfer_learning_only,0.35,数据/原始/外部数据/新增开放数据/DataInBrief_聚氨酯形状记忆多模态原始数据/mmc6.xlsx,CC-BY-4.0,reference-184;reference-185,fisher_uniaxial_cyclic_tensile_mmc6_024,SMP-12_2,test_run_cycle_dependent,1,3.33584,27.303,0.45359518654999953,0.4280536180500007,0.025541568499998835,100.0,0.0,0.056309170064756414,3,10,0.5,Tg_plus_10_C,42.23,2.0,False,,,stress_retention_and_hysteresis_transfer_proxy,not_measured_by_this_isothermal_cyclic_protocol,58129,observed_unique,label_only_cross_workbook_identity_unresolved
pu-shape-memory-dib-2020-v1,doi:10.1016/j.dib.2020.106294,SMP-12,crosslinked_shape_memory_polyurethane,62.3,2.7,35.0,molar_percent,monomer_set_molar_composition_mapped,doi:10.1016/j.jmbbm.2018.08.037; doi:10.1016/j.dib.2020.106294,doi:10.1016/j.dib.2020.106294|SMP-12,"1,6-hexamethylene diisocyanate",O=C=NCCCCCCN=C=O,"N,N,N',N'-tetrakis(2-hydroxypropyl)ethylenediamine",triethanolamine,OCCN(CCO)CCO,False,polyurethane_transfer,transfer_learning_only,0.35,数据/原始/外部数据/新增开放数据/DataInBrief_聚氨酯形状记忆多模态原始数据/mmc6.xlsx,CC-BY-4.0,reference-184;reference-185,fisher_uniaxial_cyclic_tensile_mmc6_024,SMP-12_2,test_run_cycle_dependent,2,3.30405,27.304000000000002,0.4406221936499995,0.4214026269500016,0.019219566699997914,99.0470166434841,0.9529833565159009,0.04361915259144808,3,10,0.5,Tg_plus_10_C,42.23,2.0,False,,,stress_retention_and_hysteresis_transfer_proxy,not_measured_by_this_isothermal_cyclic_protocol,58129,observed_unique,label_only_cross_workbook_identity_unresolved
pu-shape-memory-dib-2020-v1,doi:10.1016/j.dib.2020.106294,SMP-12,crosslinked_shape_memory_polyurethane,62.3,2.7,35.0,molar_percent,monomer_set_molar_composition_mapped,doi:10.1016/j.jmbbm.2018.08.037; doi:10.1016/j.dib.2020.106294,doi:10.1016/j.dib.2020.106294|SMP-12,"1,6-hexamethylene diisocyanate",O=C=NCCCCCCN=C=O,"N,N,N',N'-tetrakis(2-hydroxypropyl)ethylenediamine",triethanolamine,OCCN(CCO)CCO,False,polyurethane_transfer,transfer_learning_only,0.35,数据/原始/外部数据/新增开放数据/DataInBrief_聚氨酯形状记忆多模态原始数据/mmc6.xlsx,CC-BY-4.0,reference-184;reference-185,fisher_uniaxial_cyclic_tensile_mmc6_024,SMP-12_2,test_run_cycle_dependent,3,3.28778,27.304000000000002,0.4349773717499994,0.4172852405499997,0.017692131199999683,98.55928341886901,1.4407165811309852,0.04067368177986079,3,10,0.5,Tg_plus_10_C,42.23,2.0,False,,,stress_retention_and_hysteresis_transfer_proxy,not_measured_by_this_isothermal_cyclic_protocol,58129,observed_unique,label_only_cross_workbook_identity_unresolved
pu-shape-memory-dib-2020-v1,doi:10.1016/j.dib.2020.106294,SMP-12,crosslinked_shape_memory_polyurethane,62.3,2.7,35.0,molar_percent,monomer_set_molar_composition_mapped,doi:10.1016/j.jmbbm.2018.08.037; doi:10.1016/j.dib.2020.106294,doi:10.1016/j.dib.2020.106294|SMP-12,"1,6-hexamethylene diisocyanate",O=C=NCCCCCCN=C=O,"N,N,N',N'-tetrakis(2-hydroxypropyl)ethylenediamine",triethanolamine,OCCN(CCO)CCO,False,polyurethane_transfer,transfer_learning_only,0.35,数据/原始/外部数据/新增开放数据/DataInBrief_聚氨酯形状记忆多模态原始数据/mmc6.xlsx,CC-BY-4.0,reference-184;reference-185,fisher_uniaxial_cyclic_tensile_mmc6_024,SMP-12_2,test_run_cycle_dependent,4,3.27463,27.304000000000002,0.43083207310000016,0.4134795086000002,0.017352564499999945,98.16507985994532,1.8349201400546775,0.04027686326865514,3,10,0.5,Tg_plus_10_C,42.23,2.0,False,,,stress_retention_and_hysteresis_transfer_proxy,not_measured_by_this_isothermal_cyclic_protocol,58129,observed_unique,label_only_cross_workbook_identity_unresolved
pu-shape-memory-dib-2020-v1,doi:10.1016/j.dib.2020.106294,SMP-12,crosslinked_shape_memory_polyurethane,62.3,2.7,35.0,molar_percent,monomer_set_molar_composition_mapped,doi:10.1016/j.jmbbm.2018.08.037; doi:10.1016/j.dib.2020.106294,doi:10.1016/j.dib.2020.106294|SMP-12,"1,6-hexamethylene diisocyanate",O=C=NCCCCCCN=C=O,"N,N,N',N'-tetrakis(2-hydroxypropyl)ethylenediamine",triethanolamine,OCCN(CCO)CCO,False,polyurethane_transfer,transfer_learning_only,0.35,数据/原始/外部数据/新增开放数据/DataInBrief_聚氨酯形状记忆多模态原始数据/mmc6.xlsx,CC-BY-4.0,reference-184;reference-185,fisher_uniaxial_cyclic_tensile_mmc6_024,SMP-12_2,test_run_cycle_dependent,5,3.2597,27.304000000000002,0.4268164394499998,0.40964493424999937,0.017171505200000436,97.71751642764642,2.282483572353584,0.04023159281804567,3,10,0.5,Tg_plus_10_C,42.23,2.0,False,,,stress_retention_and_hysteresis_transfer_proxy,not_measured_by_this_isothermal_cyclic_protocol,58129,observed_unique,label_only_cross_workbook_identity_unresolved
pu-shape-memory-dib-2020-v1,doi:10.1016/j.dib.2020.106294,SMP-12,crosslinked_shape_memory_polyurethane,62.3,2.7,35.0,molar_percent,monomer_set_molar_composition_mapped,doi:10.1016/j.jmbbm.2018.08.037; doi:10.1016/j.dib.2020.106294,doi:10.1016/j.dib.2020.106294|SMP-12,"1,6-hexamethylene diisocyanate",O=C=NCCCCCCN=C=O,"N,N,N',N'-tetrakis(2-hydroxypropyl)ethylenediamine",triethanolamine,OCCN(CCO)CCO,False,polyurethane_transfer,transfer_learning_only,0.35,数据/原始/外部数据/新增开放数据/DataInBrief_聚氨酯形状记忆多模态原始数据/mmc6.xlsx,CC-BY-4.0,reference-184;reference-185,fisher_uniaxial_cyclic_tensile_mmc6_024,SMP-12_2,test_run_cycle_dependent,6,3.24385,27.304000000000002,0.4230268518499993,0.40577772454999905,0.017249127300000222,97.24237373495131,2.7576262650486854,0.040775490313594974,3,10,0.5,Tg_plus_10_C,42.23,2.0,False,,,stress_retention_and_hysteresis_transfer_proxy,not_measured_by_this_isothermal_cyclic_protocol,58129,observed_unique,label_only_cross_workbook_identity_unresolved
pu-shape-memory-dib-2020-v1,doi:10.1016/j.dib.2020.106294,SMP-12,crosslinked_shape_memory_polyurethane,62.3,2.7,35.0,molar_percent,monomer_set_molar_composition_mapped,doi:10.1016/j.jmbbm.2018.08.037; doi:10.1016/j.dib.2020.106294,doi:10.1016/j.dib.2020.106294|SMP-12,"1,6-hexamethylene diisocyanate",O=C=NCCCCCCN=C=O,"N,N,N',N'-tetrakis(2-hydroxypropyl)ethylenediamine",triethanolamine,OCCN(CCO)CCO,False,polyurethane_transfer,transfer_learning_only,0.35,数据/原始/外部数据/新增开放数据/DataInBrief_聚氨酯形状记忆多模态原始数据/mmc6.xlsx,CC-BY-4.0,reference-184;reference-185,fisher_uniaxial_cyclic_tensile_mmc6_024,SMP-12_2,test_run_cycle_dependent,7,3.2299,27.304000000000002,0.41919064644999887,0.4018927145,0.017297931949998846,96.82418821046573,3.175811789534265,0.04126507138575227,3,10,0.5,Tg_plus_10_C,42.23,2.0,False,,,stress_retention_and_hysteresis_transfer_proxy,not_measured_by_this_isothermal_cyclic_protocol,58129,observed_unique,label_only_cross_workbook_identity_unresolved
pu-shape-memory-dib-2020-v1,doi:10.1016/j.dib.2020.106294,SMP-12,crosslinked_shape_memory_polyurethane,62.3,2.7,35.0,molar_percent,monomer_set_molar_composition_mapped,doi:10.1016/j.jmbbm.2018.08.037; doi:10.1016/j.dib.2020.106294,doi:10.1016/j.dib.2020.106294|SMP-12,"1,6-hexamethylene diisocyanate",O=C=NCCCCCCN=C=O,"N,N,N',N'-tetrakis(2-hydroxypropyl)ethylenediamine",triethanolamine,OCCN(CCO)CCO,False,polyurethane_transfer,transfer_learning_only,0.35,数据/原始/外部数据/新增开放数据/DataInBrief_聚氨酯形状记忆多模态原始数据/mmc6.xlsx,CC-BY-4.0,reference-184;reference-185,fisher_uniaxial_cyclic_tensile_mmc6_024,SMP-12_2,test_run_cycle_dependent,8,3.21469,27.304000000000002,0.41547882810000064,0.3986299421499983,0.016848885950002335,96.36823109022015,3.6317689097798507,0.04055293509672415,3,10,0.5,Tg_plus_10_C,42.23,2.0,False,,,stress_retention_and_hysteresis_transfer_proxy,not_measured_by_this_isothermal_cyclic_protocol,58129,observed_unique,label_only_cross_workbook_identity_unresolved
pu-shape-memory-dib-2020-v1,doi:10.1016/j.dib.2020.106294,SMP-12,crosslinked_shape_memory_polyurethane,62.3,2.7,35.0,molar_percent,monomer_set_molar_composition_mapped,doi:10.1016/j.jmbbm.2018.08.037; doi:10.1016/j.dib.2020.106294,doi:10.1016/j.dib.2020.106294|SMP-12,"1,6-hexamethylene diisocyanate",O=C=NCCCCCCN=C=O,"N,N,N',N'-tetrakis(2-hydroxypropyl)ethylenediamine",triethanolamine,OCCN(CCO)CCO,False,polyurethane_transfer,transfer_learning_only,0.35,数据/原始/外部数据/新增开放数据/DataInBrief_聚氨酯形状记忆多模态原始数据/mmc6.xlsx,CC-BY-4.0,reference-184;reference-185,fisher_uniaxial_cyclic_tensile_mmc6_024,SMP-12_2,test_run_cycle_dependent,9,3.20338,27.303,0.41232711755000045,0.3958967261000001,0.01643039145000036,96.02918605208883,3.970813947911168,0.039847952634373955,3,10,0.5,Tg_plus_10_C,42.23,2.0,False,,,stress_retention_and_hysteresis_transfer_proxy,not_measured_by_this_isothermal_cyclic_protocol,58129,observed_unique,label_only_cross_workbook_identity_unresolved
pu-shape-memory-dib-2020-v1,doi:10.1016/j.dib.2020.106294,SMP-12,crosslinked_shape_memory_polyurethane,62.3,2.7,35.0,molar_percent,monomer_set_molar_composition_mapped,doi:10.1016/j.jmbbm.2018.08.037; doi:10.1016/j.dib.2020.106294,doi:10.1016/j.dib.2020.106294|SMP-12,"1,6-hexamethylene diisocyanate",O=C=NCCCCCCN=C=O,"N,N,N',N'-tetrakis(2-hydroxypropyl)ethylenediamine",triethanolamine,OCCN(CCO)CCO,False,polyurethane_transfer,transfer_learning_only,0.35,数据/原始/外部数据/新增开放数据/DataInBrief_聚氨酯形状记忆多模态原始数据/mmc6.xlsx,CC-BY-4.0,reference-184;reference-185,fisher_uniaxial_cyclic_tensile_mmc6_024,SMP-12_2,test_run_cycle_dependent,10,3.19414,27.304000000000002,0.4097769147499994,0.3936940131499995,0.016082901599999866,95.7521943498489,4.2478056501510935,0.03924794448172337,3,10,0.5,Tg_plus_10_C,42.23,2.0,False,,,stress_retention_and_hysteresis_transfer_proxy,not_measured_by_this_isothermal_cyclic_protocol,58129,observed_unique,label_only_cross_workbook_identity_unresolved
