source_id,formulation_id,polymer_family,macrodiol_family,macrodiol_nominal_mn_g_mol,hard_segment_mass_fraction,diisocyanate_family,chain_extension_route,cycle_number,point_count,maximum_strain_percent,peak_stress_MPa,peak_stress_retention_percent,residual_strain_percent,elastic_recovery_percent,loading_energy_MJ_m3,unloading_energy_MJ_m3,hysteresis_energy_MJ_m3,energy_dissipation_percent,quality_status,chemistry_mapping_status,usage_mode,source_locator,license,citation_keys
source_drum_tpuu_recycling_05ek6k60,P4MCL-1.6k-31HS,TPUU,P4MCL,1600.0,0.31,IPDI,water_to_urea,1,1230,50.0,2.349005349268972,100.0,8.821095681076217,82.35780863784757,0.791600064130743,0.45620709920890634,0.3353929649218367,42.3689916309105,valid,family_mn_hard_segment_mapped,primary_train,数据/原始/外部数据/新增开放数据/DRUM_TPUU_机械回收/解包内容/RAW_Chemical_recycling/Repolymerized_TPUUs_hysteresis.xlsx#sheet=P4MCL-1.6k-31HS;cycle=1,CC0-1.0,reference-53;reference-54
source_drum_tpuu_recycling_05ek6k60,P4MCL-1.6k-31HS,TPUU,P4MCL,1600.0,0.31,IPDI,water_to_urea,2,1235,49.99967741935484,2.2781355883035506,100.0,10.457454000610612,79.0849570630179,0.637674911628446,0.4592853782661603,0.17838953336228575,27.974996367150155,valid,family_mn_hard_segment_mapped,primary_train,数据/原始/外部数据/新增开放数据/DRUM_TPUU_机械回收/解包内容/RAW_Chemical_recycling/Repolymerized_TPUUs_hysteresis.xlsx#sheet=P4MCL-1.6k-31HS;cycle=2,CC0-1.0,reference-53;reference-54
source_drum_tpuu_recycling_05ek6k60,P4MCL-1.6k-31HS,TPUU,P4MCL,1600.0,0.31,IPDI,water_to_urea,3,1235,50.0,2.199428927825482,100.0,11.34571358748778,77.30857282502444,0.593891897288297,0.4359349977477325,0.15795689954056458,26.596911030743776,valid,family_mn_hard_segment_mapped,primary_train,数据/原始/外部数据/新增开放数据/DRUM_TPUU_机械回收/解包内容/RAW_Chemical_recycling/Repolymerized_TPUUs_hysteresis.xlsx#sheet=P4MCL-1.6k-31HS;cycle=3,CC0-1.0,reference-53;reference-54
source_drum_tpuu_recycling_05ek6k60,P4MCL-1.6k-31HS,TPUU,P4MCL,1600.0,0.31,IPDI,water_to_urea,4,1235,49.99967741935484,2.1538271060570904,100.0,11.745203586144285,76.50944127571967,0.5687358907555266,0.41939928099399315,0.1493366097615334,26.25763771706934,valid,family_mn_hard_segment_mapped,primary_train,数据/原始/外部数据/新增开放数据/DRUM_TPUU_机械回收/解包内容/RAW_Chemical_recycling/Repolymerized_TPUUs_hysteresis.xlsx#sheet=P4MCL-1.6k-31HS;cycle=4,CC0-1.0,reference-53;reference-54
source_drum_tpuu_recycling_05ek6k60,P4MCL-1.6k-31HS,TPUU,P4MCL,1600.0,0.31,IPDI,water_to_urea,5,1230,49.999345063538605,2.111360988628452,100.0,12.167699697081654,75.66428183885394,0.5477318260477804,0.40524736805896483,0.14248445798881554,26.01354371114929,valid,family_mn_hard_segment_mapped,primary_train,数据/原始/外部数据/新增开放数据/DRUM_TPUU_机械回收/解包内容/RAW_Chemical_recycling/Repolymerized_TPUUs_hysteresis.xlsx#sheet=P4MCL-1.6k-31HS;cycle=5,CC0-1.0,reference-53;reference-54
source_drum_tpuu_recycling_05ek6k60,P4MCL-1.6k-31HS,TPUU,P4MCL,1600.0,0.31,IPDI,water_to_urea,6,1235,50.0,2.096421327454166,100.0,12.737479226485359,74.52504154702928,0.5426954158100968,0.40240633066905285,0.140289085141044,25.850427524181406,valid,family_mn_hard_segment_mapped,primary_train,数据/原始/外部数据/新增开放数据/DRUM_TPUU_机械回收/解包内容/RAW_Chemical_recycling/Repolymerized_TPUUs_hysteresis.xlsx#sheet=P4MCL-1.6k-31HS;cycle=6,CC0-1.0,reference-53;reference-54
source_drum_tpuu_recycling_05ek6k60,P4MCL-1.6k-31HS,TPUU,P4MCL,1600.0,0.31,IPDI,water_to_urea,7,1235,50.0,2.080145625435136,100.0,12.876017973482142,74.24796405303572,0.5326596418355317,0.3963696231945959,0.13629001864093582,25.586698885480388,valid,family_mn_hard_segment_mapped,primary_train,数据/原始/外部数据/新增开放数据/DRUM_TPUU_机械回收/解包内容/RAW_Chemical_recycling/Repolymerized_TPUUs_hysteresis.xlsx#sheet=P4MCL-1.6k-31HS;cycle=7,CC0-1.0,reference-53;reference-54
source_drum_tpuu_recycling_05ek6k60,P4MCL-1.6k-31HS,TPUU,P4MCL,1600.0,0.31,IPDI,water_to_urea,8,1235,50.0,2.0532639823624974,100.0,13.211460017838002,73.577079964324,0.5193897973212614,0.3850953109642623,0.13429448635699914,25.85620415526436,valid,family_mn_hard_segment_mapped,primary_train,数据/原始/外部数据/新增开放数据/DRUM_TPUU_机械回收/解包内容/RAW_Chemical_recycling/Repolymerized_TPUUs_hysteresis.xlsx#sheet=P4MCL-1.6k-31HS;cycle=8,CC0-1.0,reference-53;reference-54
source_drum_tpuu_recycling_05ek6k60,P4MCL-1.6k-31HS,TPUU,P4MCL,1600.0,0.31,IPDI,water_to_urea,9,1235,50.0,2.036065386400557,100.0,13.483626567709042,73.03274686458192,0.5118582648453868,0.3799725678020936,0.13188569704329317,25.76605793073028,valid,family_mn_hard_segment_mapped,primary_train,数据/原始/外部数据/新增开放数据/DRUM_TPUU_机械回收/解包内容/RAW_Chemical_recycling/Repolymerized_TPUUs_hysteresis.xlsx#sheet=P4MCL-1.6k-31HS;cycle=9,CC0-1.0,reference-53;reference-54
source_drum_tpuu_recycling_05ek6k60,P4MCL-1.6k-31HS,TPUU,P4MCL,1600.0,0.31,IPDI,water_to_urea,10,1235,50.0,2.0119046762589927,100.0,13.656576267466116,72.68684746506777,0.503273710208296,0.3731055436341294,0.13016816657416663,25.864288941358044,valid,family_mn_hard_segment_mapped,primary_train,数据/原始/外部数据/新增开放数据/DRUM_TPUU_机械回收/解包内容/RAW_Chemical_recycling/Repolymerized_TPUUs_hysteresis.xlsx#sheet=P4MCL-1.6k-31HS;cycle=10,CC0-1.0,reference-53;reference-54
source_drum_tpuu_recycling_05ek6k60,P4MCL-1k-28HS,TPUU,P4MCL,1000.0,0.28,IPDI,water_to_urea,1,9055,50.00022324359816,1.7476386436298075,100.0,6.922353114787667,86.15535558498935,0.5477708921768969,0.3890532241368535,0.1587176680400434,28.975192056898706,valid,family_mn_hard_segment_mapped,primary_train,数据/原始/外部数据/新增开放数据/DRUM_TPUU_机械回收/解包内容/RAW_TPUU_characterization/Polyol-1k-28HS_Hysteresis.xlsx#sheet=P4MCL-1k-28HS;cycle=1,CC0-1.0,reference-53;reference-54
source_drum_tpuu_recycling_05ek6k60,P4MCL-1k-28HS,TPUU,P4MCL,1000.0,0.28,IPDI,water_to_urea,2,9056,50.00022324359816,1.6925710576923074,100.0,8.256715490681346,83.48664274866312,0.4859859367988173,0.3808924823621599,0.10509345443665741,21.624793328158123,valid,family_mn_hard_segment_mapped,primary_train,数据/原始/外部数据/新增开放数据/DRUM_TPUU_机械回收/解包内容/RAW_TPUU_characterization/Polyol-1k-28HS_Hysteresis.xlsx#sheet=P4MCL-1k-28HS;cycle=2,CC0-1.0,reference-53;reference-54
source_drum_tpuu_recycling_05ek6k60,P4MCL-1k-28HS,TPUU,P4MCL,1000.0,0.28,IPDI,water_to_urea,3,9055,50.00022324359816,1.652500048076923,100.0,8.962175856706795,82.07572831616451,0.46039258476267136,0.36379219817816266,0.0966003865845087,20.98217690328471,valid,family_mn_hard_segment_mapped,primary_train,数据/原始/外部数据/新增开放数据/DRUM_TPUU_机械回收/解包内容/RAW_TPUU_characterization/Polyol-1k-28HS_Hysteresis.xlsx#sheet=P4MCL-1k-28HS;cycle=3,CC0-1.0,reference-53;reference-54
source_drum_tpuu_recycling_05ek6k60,P4MCL-1k-28HS,TPUU,P4MCL,1000.0,0.28,IPDI,water_to_urea,4,9056,50.00022324359816,1.6132418990384614,100.0,9.497922959703127,81.00423889423493,0.4410197184967201,0.34888195914307074,0.09213775935364937,20.891981807007255,valid,family_mn_hard_segment_mapped,primary_train,数据/原始/外部数据/新增开放数据/DRUM_TPUU_机械回收/解包内容/RAW_TPUU_characterization/Polyol-1k-28HS_Hysteresis.xlsx#sheet=P4MCL-1k-28HS;cycle=4,CC0-1.0,reference-53;reference-54
source_drum_tpuu_recycling_05ek6k60,P4MCL-1k-28HS,TPUU,P4MCL,1000.0,0.28,IPDI,water_to_urea,5,9056,50.00022324359816,1.6078925420673076,100.0,10.062540259318016,79.87500933687055,0.432911364307523,0.3435860565636694,0.08932530774385355,20.633625057807542,valid,family_mn_hard_segment_mapped,primary_train,数据/原始/外部数据/新增开放数据/DRUM_TPUU_机械回收/解包内容/RAW_TPUU_characterization/Polyol-1k-28HS_Hysteresis.xlsx#sheet=P4MCL-1k-28HS;cycle=5,CC0-1.0,reference-53;reference-54
source_drum_tpuu_recycling_05ek6k60,P4MCL-1k-28HS,TPUU,P4MCL,1000.0,0.28,IPDI,water_to_urea,6,9057,50.00043992120814,1.5817199278846152,100.0,10.405680258894163,79.18882258777788,0.42056561770989687,0.3328980014431443,0.08766761626675257,20.845169594254624,valid,family_mn_hard_segment_mapped,primary_train,数据/原始/外部数据/新增开放数据/DRUM_TPUU_机械回收/解包内容/RAW_TPUU_characterization/Polyol-1k-28HS_Hysteresis.xlsx#sheet=P4MCL-1k-28HS;cycle=6,CC0-1.0,reference-53;reference-54
source_drum_tpuu_recycling_05ek6k60,P4MCL-1k-28HS,TPUU,P4MCL,1000.0,0.28,IPDI,water_to_urea,7,9056,50.00022324359816,1.5722639122596151,100.0,10.551062001435081,78.89797021499098,0.4177834163748125,0.331302924515647,0.08648049185916545,20.699838353942674,valid,family_mn_hard_segment_mapped,primary_train,数据/原始/外部数据/新增开放数据/DRUM_TPUU_机械回收/解包内容/RAW_TPUU_characterization/Polyol-1k-28HS_Hysteresis.xlsx#sheet=P4MCL-1k-28HS;cycle=7,CC0-1.0,reference-53;reference-54
source_drum_tpuu_recycling_05ek6k60,P4MCL-1k-28HS,TPUU,P4MCL,1000.0,0.28,IPDI,water_to_urea,8,9056,50.00022324359816,1.5576487860576924,100.0,10.858048371381711,78.28400021639516,0.41220356130693686,0.32692037394053797,0.0852831873663989,20.689580433511814,valid,family_mn_hard_segment_mapped,primary_train,数据/原始/外部数据/新增开放数据/DRUM_TPUU_机械回收/解包内容/RAW_TPUU_characterization/Polyol-1k-28HS_Hysteresis.xlsx#sheet=P4MCL-1k-28HS;cycle=8,CC0-1.0,reference-53;reference-54
source_drum_tpuu_recycling_05ek6k60,P4MCL-1k-28HS,TPUU,P4MCL,1000.0,0.28,IPDI,water_to_urea,9,9056,50.00022324359816,1.5499591526442307,100.0,10.937949535690835,78.12419860127068,0.4069308129992517,0.32281447071968605,0.08411634227956566,20.67091986954557,valid,family_mn_hard_segment_mapped,primary_train,数据/原始/外部数据/新增开放数据/DRUM_TPUU_机械回收/解包内容/RAW_TPUU_characterization/Polyol-1k-28HS_Hysteresis.xlsx#sheet=P4MCL-1k-28HS;cycle=9,CC0-1.0,reference-53;reference-54
source_drum_tpuu_recycling_05ek6k60,P4MCL-1k-28HS,TPUU,P4MCL,1000.0,0.28,IPDI,water_to_urea,10,9056,50.00022324359816,1.5475238221153844,100.0,11.209742002065884,77.58061609554686,0.4014541091534288,0.31832328066068016,0.08313082849274861,20.707429964548567,valid,family_mn_hard_segment_mapped,primary_train,数据/原始/外部数据/新增开放数据/DRUM_TPUU_机械回收/解包内容/RAW_TPUU_characterization/Polyol-1k-28HS_Hysteresis.xlsx#sheet=P4MCL-1k-28HS;cycle=10,CC0-1.0,reference-53;reference-54
source_drum_tpuu_recycling_05ek6k60,P4MCL-1k-46HS,TPUU,P4MCL,1000.0,0.46,IPDI,water_to_urea,1,9214,50.000864516129035,10.378510569363895,100.0,31.69943124737461,36.60223367308147,3.9894313213259656,0.5301459224124925,3.4592853989134733,86.71124078315283,valid,family_mn_hard_segment_mapped,primary_train,数据/原始/外部数据/新增开放数据/DRUM_TPUU_机械回收/解包内容/RAW_TPUU_characterization/Polyol_1k-45HS_Hysteresis.xlsx#sheet=P4MCL-1k-46HS;cycle=1,CC0-1.0,reference-53;reference-54
source_drum_tpuu_recycling_05ek6k60,P4MCL-1k-46HS,TPUU,P4MCL,1000.0,0.46,IPDI,water_to_urea,2,9215,50.001935483870966,10.369807603792692,100.0,33.79200975137781,32.41859655157141,2.5833269235898633,0.8930167056180826,1.6903102179717808,65.43152562444085,valid,family_mn_hard_segment_mapped,primary_train,数据/原始/外部数据/新增开放数据/DRUM_TPUU_机械回收/解包内容/RAW_TPUU_characterization/Polyol_1k-45HS_Hysteresis.xlsx#sheet=P4MCL-1k-46HS;cycle=2,CC0-1.0,reference-53;reference-54
source_drum_tpuu_recycling_05ek6k60,P4MCL-1k-46HS,TPUU,P4MCL,1000.0,0.46,IPDI,water_to_urea,3,9216,50.001722580645165,9.828684985731384,100.0,34.81049600381036,30.38140646521462,2.250177960603377,0.8155129952476384,1.4346649653557386,63.75784451159758,valid,family_mn_hard_segment_mapped,primary_train,数据/原始/外部数据/新增开放数据/DRUM_TPUU_机械回收/解包内容/RAW_TPUU_characterization/Polyol_1k-45HS_Hysteresis.xlsx#sheet=P4MCL-1k-46HS;cycle=3,CC0-1.0,reference-53;reference-54
source_drum_tpuu_recycling_05ek6k60,P4MCL-1k-46HS,TPUU,P4MCL,1000.0,0.46,IPDI,water_to_urea,4,9215,50.001935483870966,9.481691521679092,100.0,35.45688538784894,29.088974167237573,2.0814278500752623,0.7715313733445947,1.3098964767306676,62.93259104240885,valid,family_mn_hard_segment_mapped,primary_train,数据/原始/外部数据/新增开放数据/DRUM_TPUU_机械回收/解包内容/RAW_TPUU_characterization/Polyol_1k-45HS_Hysteresis.xlsx#sheet=P4MCL-1k-46HS;cycle=4,CC0-1.0,reference-53;reference-54
source_drum_tpuu_recycling_05ek6k60,P4MCL-1k-46HS,TPUU,P4MCL,1000.0,0.46,IPDI,water_to_urea,5,9215,50.001935483870966,9.251495443247721,100.0,35.94299493806135,28.116792699643767,1.975524457279895,0.7425826762882868,1.2329417809916081,62.41085887082608,valid,family_mn_hard_segment_mapped,primary_train,数据/原始/外部数据/新增开放数据/DRUM_TPUU_机械回收/解包内容/RAW_TPUU_characterization/Polyol_1k-45HS_Hysteresis.xlsx#sheet=P4MCL-1k-46HS;cycle=5,CC0-1.0,reference-53;reference-54
source_drum_tpuu_recycling_05ek6k60,P4MCL-1k-46HS,TPUU,P4MCL,1000.0,0.46,IPDI,water_to_urea,6,9215,50.001935483870966,9.06354874344104,100.0,36.238458064566245,27.525889320313173,1.8937371152246036,0.7165893808944834,1.1771477343301202,62.160039261336784,valid,family_mn_hard_segment_mapped,primary_train,数据/原始/外部数据/新增开放数据/DRUM_TPUU_机械回收/解包内容/RAW_TPUU_characterization/Polyol_1k-45HS_Hysteresis.xlsx#sheet=P4MCL-1k-46HS;cycle=6,CC0-1.0,reference-53;reference-54
source_drum_tpuu_recycling_05ek6k60,P4MCL-1k-46HS,TPUU,P4MCL,1000.0,0.46,IPDI,water_to_urea,7,9215,50.001935483870966,8.911268526189819,100.0,36.57634245210008,26.850146703024237,1.8291964646707148,0.6935852522041265,1.1356112124665882,62.08251734572518,valid,family_mn_hard_segment_mapped,primary_train,数据/原始/外部数据/新增开放数据/DRUM_TPUU_机械回收/解包内容/RAW_TPUU_characterization/Polyol_1k-45HS_Hysteresis.xlsx#sheet=P4MCL-1k-46HS;cycle=7,CC0-1.0,reference-53;reference-54
source_drum_tpuu_recycling_05ek6k60,P4MCL-1k-46HS,TPUU,P4MCL,1000.0,0.46,IPDI,water_to_urea,8,9215,50.001722580645165,8.789897358004232,100.0,36.753906667267756,26.494719040950436,1.7783833570180791,0.6803840266110529,1.0979993304070264,61.74143083795538,valid,family_mn_hard_segment_mapped,primary_train,数据/原始/外部数据/新增开放数据/DRUM_TPUU_机械回收/解包内容/RAW_TPUU_characterization/Polyol_1k-45HS_Hysteresis.xlsx#sheet=P4MCL-1k-46HS;cycle=8,CC0-1.0,reference-53;reference-54
source_drum_tpuu_recycling_05ek6k60,P4MCL-1k-46HS,TPUU,P4MCL,1000.0,0.46,IPDI,water_to_urea,9,9216,50.001935483870966,8.697460646230322,100.0,36.95376120628433,26.095338413041166,1.7381576940135803,0.667949493405524,1.0702082006080564,61.57141002188578,valid,family_mn_hard_segment_mapped,primary_train,数据/原始/外部数据/新增开放数据/DRUM_TPUU_机械回收/解包内容/RAW_TPUU_characterization/Polyol_1k-45HS_Hysteresis.xlsx#sheet=P4MCL-1k-46HS;cycle=9,CC0-1.0,reference-53;reference-54
source_drum_tpuu_recycling_05ek6k60,P4MCL-1k-46HS,TPUU,P4MCL,1000.0,0.46,IPDI,water_to_urea,10,9216,50.001935483870966,8.62247215318052,100.0,37.12679173397205,25.74929075305901,1.705614143019981,0.6573220321525269,1.0482921108674539,61.46126983980886,valid,family_mn_hard_segment_mapped,primary_train,数据/原始/外部数据/新增开放数据/DRUM_TPUU_机械回收/解包内容/RAW_TPUU_characterization/Polyol_1k-45HS_Hysteresis.xlsx#sheet=P4MCL-1k-46HS;cycle=10,CC0-1.0,reference-53;reference-54
source_drum_tpuu_recycling_05ek6k60,P4MCL-2k-18HS,TPUU,P4MCL,2000.0,0.18,IPDI,water_to_urea,1,1871,50.00021794871795,1.0232918133367996,100.0,6.019512117516441,87.96102824253632,0.32467178571373767,0.24928808976647138,0.0753836959472663,23.218431432699827,valid,family_mn_hard_segment_mapped,primary_train,数据/原始/外部数据/新增开放数据/DRUM_TPUU_机械回收/解包内容/RAW_TPUU_characterization/Polyol-2k-18HS_Hysteresis.xlsx#sheet=P4MCL-2k-18HS;cycle=1,CC0-1.0,reference-53;reference-54
source_drum_tpuu_recycling_05ek6k60,P4MCL-2k-18HS,TPUU,P4MCL,2000.0,0.18,IPDI,water_to_urea,2,1871,50.0,1.038426069153776,100.0,7.533490264697266,84.93301947060547,0.3072994467898808,0.2566595855067979,0.0506398612830829,16.478995264091196,valid,family_mn_hard_segment_mapped,primary_train,数据/原始/外部数据/新增开放数据/DRUM_TPUU_机械回收/解包内容/RAW_TPUU_characterization/Polyol-2k-18HS_Hysteresis.xlsx#sheet=P4MCL-2k-18HS;cycle=2,CC0-1.0,reference-53;reference-54
source_drum_tpuu_recycling_05ek6k60,P4MCL-2k-18HS,TPUU,P4MCL,2000.0,0.18,IPDI,water_to_urea,3,1871,50.0,0.9962774665280125,100.0,8.306367694156819,83.38726461168636,0.2853691239518283,0.23950815751526552,0.04586096643656276,16.070752785541128,valid,family_mn_hard_segment_mapped,primary_train,数据/原始/外部数据/新增开放数据/DRUM_TPUU_机械回收/解包内容/RAW_TPUU_characterization/Polyol-2k-18HS_Hysteresis.xlsx#sheet=P4MCL-2k-18HS;cycle=3,CC0-1.0,reference-53;reference-54
source_drum_tpuu_recycling_05ek6k60,P4MCL-2k-18HS,TPUU,P4MCL,2000.0,0.18,IPDI,water_to_urea,4,1871,50.0,0.9826410763031328,100.0,9.258094815872571,81.48381036825486,0.278724300275243,0.23542337823309992,0.04330092204214306,15.535395370759913,valid,family_mn_hard_segment_mapped,primary_train,数据/原始/外部数据/新增开放数据/DRUM_TPUU_机械回收/解包内容/RAW_TPUU_characterization/Polyol-2k-18HS_Hysteresis.xlsx#sheet=P4MCL-2k-18HS;cycle=4,CC0-1.0,reference-53;reference-54
source_drum_tpuu_recycling_05ek6k60,P4MCL-2k-18HS,TPUU,P4MCL,2000.0,0.18,IPDI,water_to_urea,5,1871,50.00021794871795,0.9742734108930197,100.0,9.573446727166312,80.8531900061212,0.27215487936478555,0.22986279405366206,0.042292085311123495,15.53971231742528,valid,family_mn_hard_segment_mapped,primary_train,数据/原始/外部数据/新增开放数据/DRUM_TPUU_机械回收/解包内容/RAW_TPUU_characterization/Polyol-2k-18HS_Hysteresis.xlsx#sheet=P4MCL-2k-18HS;cycle=5,CC0-1.0,reference-53;reference-54
source_drum_tpuu_recycling_05ek6k60,P4MCL-2k-18HS,TPUU,P4MCL,2000.0,0.18,IPDI,water_to_urea,6,1871,50.0,0.9631165020148186,100.0,10.280053447962546,79.43989310407491,0.2635509302616667,0.22267805857765138,0.04087287168401532,15.508528709587429,valid,family_mn_hard_segment_mapped,primary_train,数据/原始/外部数据/新增开放数据/DRUM_TPUU_机械回收/解包内容/RAW_TPUU_characterization/Polyol-2k-18HS_Hysteresis.xlsx#sheet=P4MCL-2k-18HS;cycle=6,CC0-1.0,reference-53;reference-54
source_drum_tpuu_recycling_05ek6k60,P4MCL-2k-18HS,TPUU,P4MCL,2000.0,0.18,IPDI,water_to_urea,7,1871,50.0,0.9577961978421943,99.99999999999999,10.41319007814321,79.17361984371358,0.2637055218113599,0.22307401466882776,0.040631507142532164,15.40790911902014,valid,family_mn_hard_segment_mapped,primary_train,数据/原始/外部数据/新增开放数据/DRUM_TPUU_机械回收/解包内容/RAW_TPUU_characterization/Polyol-2k-18HS_Hysteresis.xlsx#sheet=P4MCL-2k-18HS;cycle=7,CC0-1.0,reference-53;reference-54
source_drum_tpuu_recycling_05ek6k60,P4MCL-2k-18HS,TPUU,P4MCL,2000.0,0.18,IPDI,water_to_urea,8,1871,50.00021794871795,0.9481371636552709,100.0,10.955670174513834,78.08875516152676,0.25691016226252533,0.21680594364482197,0.04010421861770336,15.610211080993597,valid,family_mn_hard_segment_mapped,primary_train,数据/原始/外部数据/新增开放数据/DRUM_TPUU_机械回收/解包内容/RAW_TPUU_characterization/Polyol-2k-18HS_Hysteresis.xlsx#sheet=P4MCL-2k-18HS;cycle=8,CC0-1.0,reference-53;reference-54
source_drum_tpuu_recycling_05ek6k60,P4MCL-2k-18HS,TPUU,P4MCL,2000.0,0.18,IPDI,water_to_urea,9,1871,50.0,0.9301103665670089,100.0,11.238062111792685,77.52387577641463,0.24930027240463393,0.20979050537998065,0.03950976702465328,15.8482646824091,valid,family_mn_hard_segment_mapped,primary_train,数据/原始/外部数据/新增开放数据/DRUM_TPUU_机械回收/解包内容/RAW_TPUU_characterization/Polyol-2k-18HS_Hysteresis.xlsx#sheet=P4MCL-2k-18HS;cycle=9,CC0-1.0,reference-53;reference-54
source_drum_tpuu_recycling_05ek6k60,P4MCL-2k-18HS,TPUU,P4MCL,2000.0,0.18,IPDI,water_to_urea,10,1871,50.0,0.9321248472637462,100.0,11.46457820598152,77.07084358803696,0.2498214270093342,0.21158965458356457,0.03823177242576964,15.303640237529011,valid,family_mn_hard_segment_mapped,primary_train,数据/原始/外部数据/新增开放数据/DRUM_TPUU_机械回收/解包内容/RAW_TPUU_characterization/Polyol-2k-18HS_Hysteresis.xlsx#sheet=P4MCL-2k-18HS;cycle=10,CC0-1.0,reference-53;reference-54
source_drum_tpuu_recycling_05ek6k60,P4MCL-2k-31HS,TPUU,P4MCL,2000.0,0.31,IPDI,water_to_urea,1,1495,50.0,3.459727725366876,100.00000000000001,6.921474322273145,86.15705135545372,1.1820238938128018,0.7836877124383728,0.39833618137442905,33.69950332302791,valid,family_mn_hard_segment_mapped,primary_train,数据/原始/外部数据/新增开放数据/DRUM_TPUU_机械回收/解包内容/RAW_TPUU_characterization/Polyol-2k-31HS_Hysteresis.xlsx#sheet=P4MCL-2k-31HS;cycle=1,CC0-1.0,reference-53;reference-54
source_drum_tpuu_recycling_05ek6k60,P4MCL-2k-31HS,TPUU,P4MCL,2000.0,0.31,IPDI,water_to_urea,2,1495,50.0,3.530915666094911,100.0,8.091079652725488,83.81784069454902,1.0655176207823955,0.8532057144272119,0.2123119063551836,19.92570579914819,valid,family_mn_hard_segment_mapped,primary_train,数据/原始/外部数据/新增开放数据/DRUM_TPUU_机械回收/解包内容/RAW_TPUU_characterization/Polyol-2k-31HS_Hysteresis.xlsx#sheet=P4MCL-2k-31HS;cycle=2,CC0-1.0,reference-53;reference-54
source_drum_tpuu_recycling_05ek6k60,P4MCL-2k-31HS,TPUU,P4MCL,2000.0,0.31,IPDI,water_to_urea,3,1495,50.0,3.4430290165809034,100.0,8.766132916595717,82.46773416680857,1.011042099986556,0.8213826667236237,0.18965943326293222,18.758806707005984,valid,family_mn_hard_segment_mapped,primary_train,数据/原始/外部数据/新增开放数据/DRUM_TPUU_机械回收/解包内容/RAW_TPUU_characterization/Polyol-2k-31HS_Hysteresis.xlsx#sheet=P4MCL-2k-31HS;cycle=3,CC0-1.0,reference-53;reference-54
source_drum_tpuu_recycling_05ek6k60,P4MCL-2k-31HS,TPUU,P4MCL,2000.0,0.31,IPDI,water_to_urea,4,1495,50.0,3.3864945206784833,100.00000000000001,9.286214346485458,81.42757130702908,0.9813418162069913,0.801713075352108,0.17962874085488334,18.304400962874574,valid,family_mn_hard_segment_mapped,primary_train,数据/原始/外部数据/新增开放数据/DRUM_TPUU_机械回收/解包内容/RAW_TPUU_characterization/Polyol-2k-31HS_Hysteresis.xlsx#sheet=P4MCL-2k-31HS;cycle=4,CC0-1.0,reference-53;reference-54
source_drum_tpuu_recycling_05ek6k60,P4MCL-2k-31HS,TPUU,P4MCL,2000.0,0.31,IPDI,water_to_urea,5,1495,50.000265273311896,3.338367591004383,100.0,9.523480852464955,80.95313934754621,0.9564610695914381,0.7826551739809562,0.17380589561048188,18.171768944524295,valid,family_mn_hard_segment_mapped,primary_train,数据/原始/外部数据/新增开放数据/DRUM_TPUU_机械回收/解包内容/RAW_TPUU_characterization/Polyol-2k-31HS_Hysteresis.xlsx#sheet=P4MCL-2k-31HS;cycle=5,CC0-1.0,reference-53;reference-54
source_drum_tpuu_recycling_05ek6k60,P4MCL-2k-31HS,TPUU,P4MCL,2000.0,0.31,IPDI,water_to_urea,6,1495,50.000265273311896,3.3026975414522575,100.0,9.921132549536136,80.15784017283677,0.9406771420511288,0.7717156899103459,0.16896145214078295,17.961683619989497,valid,family_mn_hard_segment_mapped,primary_train,数据/原始/外部数据/新增开放数据/DRUM_TPUU_机械回收/解包内容/RAW_TPUU_characterization/Polyol-2k-31HS_Hysteresis.xlsx#sheet=P4MCL-2k-31HS;cycle=6,CC0-1.0,reference-53;reference-54
source_drum_tpuu_recycling_05ek6k60,P4MCL-2k-31HS,TPUU,P4MCL,2000.0,0.31,IPDI,water_to_urea,7,1495,50.000265273311896,3.2822121212121207,100.0,10.108346218919321,79.78341482057147,0.9265498556124881,0.7603490676192399,0.16620078799324822,17.937597959408517,valid,family_mn_hard_segment_mapped,primary_train,数据/原始/外部数据/新增开放数据/DRUM_TPUU_机械回收/解包内容/RAW_TPUU_characterization/Polyol-2k-31HS_Hysteresis.xlsx#sheet=P4MCL-2k-31HS;cycle=7,CC0-1.0,reference-53;reference-54
source_drum_tpuu_recycling_05ek6k60,P4MCL-2k-31HS,TPUU,P4MCL,2000.0,0.31,IPDI,water_to_urea,8,1495,50.000265273311896,3.2639236706689534,100.0,10.326141480187028,79.34782660903461,0.9163162550121956,0.7526058243594137,0.1637104306527819,17.866149351525255,valid,family_mn_hard_segment_mapped,primary_train,数据/原始/外部数据/新增开放数据/DRUM_TPUU_机械回收/解包内容/RAW_TPUU_characterization/Polyol-2k-31HS_Hysteresis.xlsx#sheet=P4MCL-2k-31HS;cycle=8,CC0-1.0,reference-53;reference-54
source_drum_tpuu_recycling_05ek6k60,P4MCL-2k-31HS,TPUU,P4MCL,2000.0,0.31,IPDI,water_to_urea,9,1495,50.000265273311896,3.247640985324947,100.0,10.561578757895726,78.87695455181301,0.911290565375542,0.7493277117514994,0.1619628536240426,17.772910175724014,valid,family_mn_hard_segment_mapped,primary_train,数据/原始/外部数据/新增开放数据/DRUM_TPUU_机械回收/解包内容/RAW_TPUU_characterization/Polyol-2k-31HS_Hysteresis.xlsx#sheet=P4MCL-2k-31HS;cycle=9,CC0-1.0,reference-53;reference-54
source_drum_tpuu_recycling_05ek6k60,P4MCL-2k-31HS,TPUU,P4MCL,2000.0,0.31,IPDI,water_to_urea,10,1495,50.000265273311896,3.215796169239565,100.0,10.699844709365307,78.60042411599674,0.8973647553663201,0.737383318875136,0.15998143649118413,17.827916188426286,valid,family_mn_hard_segment_mapped,primary_train,数据/原始/外部数据/新增开放数据/DRUM_TPUU_机械回收/解包内容/RAW_TPUU_characterization/Polyol-2k-31HS_Hysteresis.xlsx#sheet=P4MCL-2k-31HS;cycle=10,CC0-1.0,reference-53;reference-54
source_drum_tpuu_recycling_05ek6k60,P4MCL-5k-29HS,TPUU,P4MCL,5000.0,0.29,IPDI,water_to_urea,1,1761,50.00022510231924,3.9295926535087724,100.0,4.335259523721251,91.3295199874607,1.2731785632932278,0.9856544086304068,0.287524154662821,22.583175915176074,valid,family_mn_hard_segment_mapped,primary_train,数据/原始/外部数据/新增开放数据/DRUM_TPUU_机械回收/解包内容/RAW_TPUU_characterization/Polyol-5k-29HS_Hysteresis.xlsx#sheet=P4MCL-5k-29HS;cycle=1,CC0-1.0,reference-53;reference-54
source_drum_tpuu_recycling_05ek6k60,P4MCL-5k-29HS,TPUU,P4MCL,5000.0,0.29,IPDI,water_to_urea,2,1766,50.0,4.113286403508773,100.0,5.123556205505377,89.75288758898924,1.2364417996905013,1.1015285672783408,0.13491323241216047,10.911409857377125,valid,family_mn_hard_segment_mapped,primary_train,数据/原始/外部数据/新增开放数据/DRUM_TPUU_机械回收/解包内容/RAW_TPUU_characterization/Polyol-5k-29HS_Hysteresis.xlsx#sheet=P4MCL-5k-29HS;cycle=2,CC0-1.0,reference-53;reference-54
source_drum_tpuu_recycling_05ek6k60,P4MCL-5k-29HS,TPUU,P4MCL,5000.0,0.29,IPDI,water_to_urea,3,1761,50.00022510231924,4.107578947368421,100.0,5.461678875416832,89.0766914264082,1.2256553466015614,1.108518632949244,0.11713671365231737,9.557067896542732,valid,family_mn_hard_segment_mapped,primary_train,数据/原始/外部数据/新增开放数据/DRUM_TPUU_机械回收/解包内容/RAW_TPUU_characterization/Polyol-5k-29HS_Hysteresis.xlsx#sheet=P4MCL-5k-29HS;cycle=3,CC0-1.0,reference-53;reference-54
source_drum_tpuu_recycling_05ek6k60,P4MCL-5k-29HS,TPUU,P4MCL,5000.0,0.29,IPDI,water_to_urea,4,1761,50.00022510231924,4.09947494517544,100.0,5.89900774619282,88.20203762258822,1.2203775714825675,1.109638741328054,0.11073883015451358,9.074144981211287,valid,family_mn_hard_segment_mapped,primary_train,数据/原始/外部数据/新增开放数据/DRUM_TPUU_机械回收/解包内容/RAW_TPUU_characterization/Polyol-5k-29HS_Hysteresis.xlsx#sheet=P4MCL-5k-29HS;cycle=4,CC0-1.0,reference-53;reference-54
source_drum_tpuu_recycling_05ek6k60,P4MCL-5k-29HS,TPUU,P4MCL,5000.0,0.29,IPDI,water_to_urea,5,1761,50.000457025920866,4.082787938596492,100.0,6.044299946221512,87.91151060261694,1.2116726467820222,1.105629896452834,0.1060427503291883,8.751765636603103,valid,family_mn_hard_segment_mapped,primary_train,数据/原始/外部数据/新增开放数据/DRUM_TPUU_机械回收/解包内容/RAW_TPUU_characterization/Polyol-5k-29HS_Hysteresis.xlsx#sheet=P4MCL-5k-29HS;cycle=5,CC0-1.0,reference-53;reference-54
source_drum_tpuu_recycling_05ek6k60,P4MCL-5k-29HS,TPUU,P4MCL,5000.0,0.29,IPDI,water_to_urea,6,1761,50.00022510231924,4.075468037280702,100.0,6.2410210607507555,87.51801407297812,1.2080997484654743,1.105146967352654,0.10295278111282036,8.52187753896901,valid,family_mn_hard_segment_mapped,primary_train,数据/原始/外部数据/新增开放数据/DRUM_TPUU_机械回收/解包内容/RAW_TPUU_characterization/Polyol-5k-29HS_Hysteresis.xlsx#sheet=P4MCL-5k-29HS;cycle=6,CC0-1.0,reference-53;reference-54
source_drum_tpuu_recycling_05ek6k60,P4MCL-5k-29HS,TPUU,P4MCL,5000.0,0.29,IPDI,water_to_urea,7,1761,50.00022510231924,4.06505427631579,100.0,6.360628514625708,87.27880024217995,1.2005306673551015,1.0985861827383594,0.1019444846167421,8.491618530773295,valid,family_mn_hard_segment_mapped,primary_train,数据/原始/外部数据/新增开放数据/DRUM_TPUU_机械回收/解包内容/RAW_TPUU_characterization/Polyol-5k-29HS_Hysteresis.xlsx#sheet=P4MCL-5k-29HS;cycle=7,CC0-1.0,reference-53;reference-54
source_drum_tpuu_recycling_05ek6k60,P4MCL-5k-29HS,TPUU,P4MCL,5000.0,0.29,IPDI,water_to_urea,8,1761,50.00022510231924,4.070457072368422,100.0,6.511947476898957,86.9761636801173,1.2002454017042925,1.1009585619618123,0.0992868397424802,8.272211632845876,valid,family_mn_hard_segment_mapped,primary_train,数据/原始/外部数据/新增开放数据/DRUM_TPUU_机械回收/解包内容/RAW_TPUU_characterization/Polyol-5k-29HS_Hysteresis.xlsx#sheet=P4MCL-5k-29HS;cycle=8,CC0-1.0,reference-53;reference-54
source_drum_tpuu_recycling_05ek6k60,P4MCL-5k-29HS,TPUU,P4MCL,5000.0,0.29,IPDI,water_to_urea,9,1761,50.00022510231924,4.050762664473685,100.0,6.558798468259595,86.8824621192448,1.192914966542713,1.0948947821072843,0.0980201844354287,8.216862658661181,valid,family_mn_hard_segment_mapped,primary_train,数据/原始/外部数据/新增开放数据/DRUM_TPUU_机械回收/解包内容/RAW_TPUU_characterization/Polyol-5k-29HS_Hysteresis.xlsx#sheet=P4MCL-5k-29HS;cycle=9,CC0-1.0,reference-53;reference-54
source_drum_tpuu_recycling_05ek6k60,P4MCL-5k-29HS,TPUU,P4MCL,5000.0,0.29,IPDI,water_to_urea,10,1761,50.00022510231924,4.0349470942982455,100.0,6.699401311802324,86.60125769815468,1.1865645170430872,1.0900066778349784,0.09655783920810879,8.137597056140736,valid,family_mn_hard_segment_mapped,primary_train,数据/原始/外部数据/新增开放数据/DRUM_TPUU_机械回收/解包内容/RAW_TPUU_characterization/Polyol-5k-29HS_Hysteresis.xlsx#sheet=P4MCL-5k-29HS;cycle=10,CC0-1.0,reference-53;reference-54
source_drum_tpuu_recycling_05ek6k60,P4PrCL-1.6k-31HS,TPUU,P4PrCL,1600.0,0.31,IPDI,water_to_urea,1,1276,50.00031102733271,2.727314673373075,100.0,10.89881026233436,78.20251506760326,0.9195051780216996,0.46515996858637665,0.45434520943532297,49.411925054390586,valid,family_mn_hard_segment_mapped,primary_train,数据/原始/外部数据/新增开放数据/DRUM_TPUU_机械回收/解包内容/RAW_Chemical_recycling/Repolymerized_TPUUs_hysteresis.xlsx#sheet=P4PrCL-1.6k-31HS;cycle=1,CC0-1.0,reference-53;reference-54
source_drum_tpuu_recycling_05ek6k60,P4PrCL-1.6k-31HS,TPUU,P4PrCL,1600.0,0.31,IPDI,water_to_urea,2,1277,50.00031102733271,2.643074701937407,100.00000000000001,12.482857979584812,75.03443934026521,0.7121455977967146,0.4724588356119899,0.23968676218472468,33.65698853244115,valid,family_mn_hard_segment_mapped,primary_train,数据/原始/外部数据/新增开放数据/DRUM_TPUU_机械回收/解包内容/RAW_Chemical_recycling/Repolymerized_TPUUs_hysteresis.xlsx#sheet=P4PrCL-1.6k-31HS;cycle=2,CC0-1.0,reference-53;reference-54
source_drum_tpuu_recycling_05ek6k60,P4PrCL-1.6k-31HS,TPUU,P4PrCL,1600.0,0.31,IPDI,water_to_urea,3,1277,50.00031102733271,2.552862704918033,100.0,13.513887802901582,72.9723925206901,0.665796869949506,0.4509907509218244,0.21480611902768165,32.263011246053544,valid,family_mn_hard_segment_mapped,primary_train,数据/原始/外部数据/新增开放数据/DRUM_TPUU_机械回收/解包内容/RAW_Chemical_recycling/Repolymerized_TPUUs_hysteresis.xlsx#sheet=P4PrCL-1.6k-31HS;cycle=3,CC0-1.0,reference-53;reference-54
source_drum_tpuu_recycling_05ek6k60,P4PrCL-1.6k-31HS,TPUU,P4PrCL,1600.0,0.31,IPDI,water_to_urea,4,1277,50.0,2.4728181818181816,100.0,14.263559533911579,71.47288093217685,0.629040796367632,0.4272436480039615,0.20179714836367052,32.080136857408796,valid,family_mn_hard_segment_mapped,primary_train,数据/原始/外部数据/新增开放数据/DRUM_TPUU_机械回收/解包内容/RAW_Chemical_recycling/Repolymerized_TPUUs_hysteresis.xlsx#sheet=P4PrCL-1.6k-31HS;cycle=4,CC0-1.0,reference-53;reference-54
source_drum_tpuu_recycling_05ek6k60,P4PrCL-1.6k-31HS,TPUU,P4PrCL,1600.0,0.31,IPDI,water_to_urea,5,1277,50.00031102733271,2.4233197342275212,100.0,14.332453583185965,71.33527114391124,0.6088985066949362,0.41541893685471654,0.19347956984021963,31.775339849397053,valid,family_mn_hard_segment_mapped,primary_train,数据/原始/外部数据/新增开放数据/DRUM_TPUU_机械回收/解包内容/RAW_Chemical_recycling/Repolymerized_TPUUs_hysteresis.xlsx#sheet=P4PrCL-1.6k-31HS;cycle=5,CC0-1.0,reference-53;reference-54
source_drum_tpuu_recycling_05ek6k60,P4PrCL-1.6k-31HS,TPUU,P4PrCL,1600.0,0.31,IPDI,water_to_urea,6,1272,49.9996889726673,2.4076766641828113,100.0,14.549192586583848,70.9014338178438,0.5987553688187709,0.41321636213298346,0.18553900668578743,30.98744768699447,valid,family_mn_hard_segment_mapped,primary_train,数据/原始/外部数据/新增开放数据/DRUM_TPUU_机械回收/解包内容/RAW_Chemical_recycling/Repolymerized_TPUUs_hysteresis.xlsx#sheet=P4PrCL-1.6k-31HS;cycle=6,CC0-1.0,reference-53;reference-54
source_drum_tpuu_recycling_05ek6k60,P4PrCL-1.6k-31HS,TPUU,P4PrCL,1600.0,0.31,IPDI,water_to_urea,7,1277,50.00031102733271,2.375154806259314,100.0,15.22163913787788,69.55691109689906,0.5854412323891877,0.40242356379761374,0.18301766859157392,31.261492779502085,valid,family_mn_hard_segment_mapped,primary_train,数据/原始/外部数据/新增开放数据/DRUM_TPUU_机械回收/解包内容/RAW_Chemical_recycling/Repolymerized_TPUUs_hysteresis.xlsx#sheet=P4PrCL-1.6k-31HS;cycle=7,CC0-1.0,reference-53;reference-54
source_drum_tpuu_recycling_05ek6k60,P4PrCL-1.6k-31HS,TPUU,P4PrCL,1600.0,0.31,IPDI,water_to_urea,8,1277,50.0006314797361,2.361287754595132,100.0,15.392966539950404,69.21445572904662,0.5781051475327893,0.3981925836487953,0.17991256388399401,31.12107972949499,valid,family_mn_hard_segment_mapped,primary_train,数据/原始/外部数据/新增开放数据/DRUM_TPUU_机械回收/解包内容/RAW_Chemical_recycling/Repolymerized_TPUUs_hysteresis.xlsx#sheet=P4PrCL-1.6k-31HS;cycle=8,CC0-1.0,reference-53;reference-54
source_drum_tpuu_recycling_05ek6k60,P4PrCL-1.6k-31HS,TPUU,P4PrCL,1600.0,0.31,IPDI,water_to_urea,9,1277,50.00031102733271,2.3305919026328863,100.0,15.56753483818172,68.8651239995853,0.5650734635377902,0.3885346771054665,0.17653878643232368,31.24174073350683,valid,family_mn_hard_segment_mapped,primary_train,数据/原始/外部数据/新增开放数据/DRUM_TPUU_机械回收/解包内容/RAW_Chemical_recycling/Repolymerized_TPUUs_hysteresis.xlsx#sheet=P4PrCL-1.6k-31HS;cycle=9,CC0-1.0,reference-53;reference-54
source_drum_tpuu_recycling_05ek6k60,P4PrCL-1.6k-31HS,TPUU,P4PrCL,1600.0,0.31,IPDI,water_to_urea,10,1277,50.00031102733271,2.3254101465474415,100.0,15.829604482984115,68.34098797039312,0.5621536109391203,0.3879430592726492,0.1742105516664711,30.989848375329142,valid,family_mn_hard_segment_mapped,primary_train,数据/原始/外部数据/新增开放数据/DRUM_TPUU_机械回收/解包内容/RAW_Chemical_recycling/Repolymerized_TPUUs_hysteresis.xlsx#sheet=P4PrCL-1.6k-31HS;cycle=10,CC0-1.0,reference-53;reference-54
source_drum_tpuu_recycling_05ek6k60,P4PrCL-1k-28HS,TPUU,P4PrCL,1000.0,0.28,IPDI,water_to_urea,1,2217,71.87780772686432,0.7920923078242966,99.99999999999999,10.594514121729928,85.26038222814323,0.39145581353750913,0.2492208820305678,0.14223493150694133,36.334862476965725,valid,family_mn_hard_segment_mapped,primary_train,数据/原始/外部数据/新增开放数据/DRUM_TPUU_机械回收/解包内容/RAW_TPUU_characterization/Polyol-1k-28HS_Hysteresis.xlsx#sheet=P4PrCL-1k-28HS;cycle=1,CC0-1.0,reference-53;reference-54
source_drum_tpuu_recycling_05ek6k60,P4PrCL-1k-28HS,TPUU,P4PrCL,1000.0,0.28,IPDI,water_to_urea,2,1638,50.00029649595687,0.6507283344772363,100.00000000000001,11.411280124256656,77.17757508662093,0.1859600568085581,0.1398764610002774,0.0460835958082807,24.781448553612123,valid,family_mn_hard_segment_mapped,primary_train,数据/原始/外部数据/新增开放数据/DRUM_TPUU_机械回收/解包内容/RAW_TPUU_characterization/Polyol-1k-28HS_Hysteresis.xlsx#sheet=P4PrCL-1k-28HS;cycle=2,CC0-1.0,reference-53;reference-54
source_drum_tpuu_recycling_05ek6k60,P4PrCL-1k-28HS,TPUU,P4PrCL,1000.0,0.28,IPDI,water_to_urea,3,1638,50.0,0.6336828929306795,100.0,12.93470799640611,74.13058400718778,0.17767578719588373,0.13400281735749658,0.04367296983838714,24.580147091307737,valid,family_mn_hard_segment_mapped,primary_train,数据/原始/外部数据/新增开放数据/DRUM_TPUU_机械回收/解包内容/RAW_TPUU_characterization/Polyol-1k-28HS_Hysteresis.xlsx#sheet=P4PrCL-1k-28HS;cycle=3,CC0-1.0,reference-53;reference-54
source_drum_tpuu_recycling_05ek6k60,P4PrCL-1k-28HS,TPUU,P4PrCL,1000.0,0.28,IPDI,water_to_urea,4,1638,50.00029649595687,0.6191827956989246,100.0,13.012615849803037,73.9749226269983,0.17014138077261604,0.12816851374384586,0.04197286702877018,24.669405431042346,valid,family_mn_hard_segment_mapped,primary_train,数据/原始/外部数据/新增开放数据/DRUM_TPUU_机械回收/解包内容/RAW_TPUU_characterization/Polyol-1k-28HS_Hysteresis.xlsx#sheet=P4PrCL-1k-28HS;cycle=4,CC0-1.0,reference-53;reference-54
source_drum_tpuu_recycling_05ek6k60,P4PrCL-1k-28HS,TPUU,P4PrCL,1000.0,0.28,IPDI,water_to_urea,5,1638,50.0,0.6067283058796613,100.0,12.925992439208901,74.1480151215822,0.16428921482723988,0.12402709533348695,0.040262119493752926,24.506854899812506,valid,family_mn_hard_segment_mapped,primary_train,数据/原始/外部数据/新增开放数据/DRUM_TPUU_机械回收/解包内容/RAW_TPUU_characterization/Polyol-1k-28HS_Hysteresis.xlsx#sheet=P4PrCL-1k-28HS;cycle=5,CC0-1.0,reference-53;reference-54
source_drum_tpuu_recycling_05ek6k60,P4PrCL-1k-28HS,TPUU,P4PrCL,1000.0,0.28,IPDI,water_to_urea,6,1638,50.00029649595687,0.6071828643331046,100.0,13.67701186632517,72.64613847353661,0.16320101652526292,0.12294725217671755,0.04025376434854537,24.665143150204724,valid,family_mn_hard_segment_mapped,primary_train,数据/原始/外部数据/新增开放数据/DRUM_TPUU_机械回收/解包内容/RAW_TPUU_characterization/Polyol-1k-28HS_Hysteresis.xlsx#sheet=P4PrCL-1k-28HS;cycle=6,CC0-1.0,reference-53;reference-54
source_drum_tpuu_recycling_05ek6k60,P4PrCL-1k-28HS,TPUU,P4PrCL,1000.0,0.28,IPDI,water_to_urea,7,1638,50.0,0.6226373655913978,100.0,13.99278172097756,72.01443655804488,0.16375549269654066,0.12442609732938595,0.03932939536715471,24.017145757691917,valid,family_mn_hard_segment_mapped,primary_train,数据/原始/外部数据/新增开放数据/DRUM_TPUU_机械回收/解包内容/RAW_TPUU_characterization/Polyol-1k-28HS_Hysteresis.xlsx#sheet=P4PrCL-1k-28HS;cycle=7,CC0-1.0,reference-53;reference-54
source_drum_tpuu_recycling_05ek6k60,P4PrCL-1k-28HS,TPUU,P4PrCL,1000.0,0.28,IPDI,water_to_urea,8,1638,49.999703504043126,0.6059555765271105,100.0,13.744580814923582,72.51067536068058,0.16374572875640866,0.126009574020097,0.03773615473631167,23.0455811109728,valid,family_mn_hard_segment_mapped,primary_train,数据/原始/外部数据/新增开放数据/DRUM_TPUU_机械回收/解包内容/RAW_TPUU_characterization/Polyol-1k-28HS_Hysteresis.xlsx#sheet=P4PrCL-1k-28HS;cycle=8,CC0-1.0,reference-53;reference-54
source_drum_tpuu_recycling_05ek6k60,P4PrCL-1k-28HS,TPUU,P4PrCL,1000.0,0.28,IPDI,water_to_urea,9,1638,50.00029649595687,0.5911373541523679,100.0,14.633792560990635,70.73258843140269,0.1521827144310249,0.11422214240560716,0.03796057202541775,24.944076051832383,valid,family_mn_hard_segment_mapped,primary_train,数据/原始/外部数据/新增开放数据/DRUM_TPUU_机械回收/解包内容/RAW_TPUU_characterization/Polyol-1k-28HS_Hysteresis.xlsx#sheet=P4PrCL-1k-28HS;cycle=9,CC0-1.0,reference-53;reference-54
source_drum_tpuu_recycling_05ek6k60,P4PrCL-1k-28HS,TPUU,P4PrCL,1000.0,0.28,IPDI,water_to_urea,10,1641,50.0,0.6027283058796613,100.0,14.459759139610954,71.0804817207781,0.1601733654300295,0.12335279735395406,0.036820568076075436,22.987946827002407,valid,family_mn_hard_segment_mapped,primary_train,数据/原始/外部数据/新增开放数据/DRUM_TPUU_机械回收/解包内容/RAW_TPUU_characterization/Polyol-1k-28HS_Hysteresis.xlsx#sheet=P4PrCL-1k-28HS;cycle=10,CC0-1.0,reference-53;reference-54
source_drum_tpuu_recycling_05ek6k60,P4PrCL-1k-45HS,TPUU,P4PrCL,1000.0,0.45,IPDI,water_to_urea,1,1491,49.99966700302724,18.91753202268555,100.0,24.363977041578398,51.2717213894579,4.592797893559479,0.7006193941331388,3.89217849942634,84.74525963540387,valid,family_mn_hard_segment_mapped,primary_train,数据/原始/外部数据/新增开放数据/DRUM_TPUU_机械回收/解包内容/RAW_TPUU_characterization/Polyol_1k-45HS_Hysteresis.xlsx#sheet=P4PrCL-1k-45HS;cycle=1,CC0-1.0,reference-53;reference-54
source_drum_tpuu_recycling_05ek6k60,P4PrCL-1k-45HS,TPUU,P4PrCL,1000.0,0.45,IPDI,water_to_urea,2,1496,50.0,19.831850052452136,100.0,27.04446796131996,45.91106407736008,3.5791962458151976,1.6747858996999276,1.90441034611527,53.20776552394717,valid,family_mn_hard_segment_mapped,primary_train,数据/原始/外部数据/新增开放数据/DRUM_TPUU_机械回收/解包内容/RAW_TPUU_characterization/Polyol_1k-45HS_Hysteresis.xlsx#sheet=P4PrCL-1k-45HS;cycle=2,CC0-1.0,reference-53;reference-54
source_drum_tpuu_recycling_05ek6k60,P4PrCL-1k-45HS,TPUU,P4PrCL,1000.0,0.45,IPDI,water_to_urea,3,1496,50.0,19.432859100445846,100.0,28.231448031684213,43.537103936631574,3.3577230138313086,1.7164182118578142,1.6413048019734944,48.88148293389734,valid,family_mn_hard_segment_mapped,primary_train,数据/原始/外部数据/新增开放数据/DRUM_TPUU_机械回收/解包内容/RAW_TPUU_characterization/Polyol_1k-45HS_Hysteresis.xlsx#sheet=P4PrCL-1k-45HS;cycle=3,CC0-1.0,reference-53;reference-54
source_drum_tpuu_recycling_05ek6k60,P4PrCL-1k-45HS,TPUU,P4PrCL,1000.0,0.45,IPDI,water_to_urea,4,1496,50.0,19.047068646734854,100.0,29.116784760076424,41.76643047984715,3.1879421323392076,1.6730174636017063,1.5149246687375013,47.520456954653035,valid,family_mn_hard_segment_mapped,primary_train,数据/原始/外部数据/新增开放数据/DRUM_TPUU_机械回收/解包内容/RAW_TPUU_characterization/Polyol_1k-45HS_Hysteresis.xlsx#sheet=P4PrCL-1k-45HS;cycle=4,CC0-1.0,reference-53;reference-54
source_drum_tpuu_recycling_05ek6k60,P4PrCL-1k-45HS,TPUU,P4PrCL,1000.0,0.45,IPDI,water_to_urea,5,1496,50.0,18.687897390506166,100.0,29.826721018887557,40.346557962224885,3.050804349462791,1.6242649816131107,1.4265393678496803,46.759451096917324,valid,family_mn_hard_segment_mapped,primary_train,数据/原始/外部数据/新增开放数据/DRUM_TPUU_机械回收/解包内容/RAW_TPUU_characterization/Polyol_1k-45HS_Hysteresis.xlsx#sheet=P4PrCL-1k-45HS;cycle=5,CC0-1.0,reference-53;reference-54
source_drum_tpuu_recycling_05ek6k60,P4PrCL-1k-45HS,TPUU,P4PrCL,1000.0,0.45,IPDI,water_to_urea,6,1496,50.0,18.37974226330973,100.0,30.064669204924325,39.87066159015135,2.9359170247239823,1.5744909538427259,1.3614260708812564,46.371408299907586,valid,family_mn_hard_segment_mapped,primary_train,数据/原始/外部数据/新增开放数据/DRUM_TPUU_机械回收/解包内容/RAW_TPUU_characterization/Polyol_1k-45HS_Hysteresis.xlsx#sheet=P4PrCL-1k-45HS;cycle=6,CC0-1.0,reference-53;reference-54
source_drum_tpuu_recycling_05ek6k60,P4PrCL-1k-45HS,TPUU,P4PrCL,1000.0,0.45,IPDI,water_to_urea,7,1496,50.0,18.167719840020983,100.0,30.499537071615464,39.00092585676907,2.8627923709876706,1.545972878372254,1.3168194926154166,45.997729558050715,valid,family_mn_hard_segment_mapped,primary_train,数据/原始/外部数据/新增开放数据/DRUM_TPUU_机械回收/解包内容/RAW_TPUU_characterization/Polyol_1k-45HS_Hysteresis.xlsx#sheet=P4PrCL-1k-45HS;cycle=7,CC0-1.0,reference-53;reference-54
source_drum_tpuu_recycling_05ek6k60,P4PrCL-1k-45HS,TPUU,P4PrCL,1000.0,0.45,IPDI,water_to_urea,8,1496,50.00033299697276,17.969351822711776,100.0,30.778201157122975,38.444007644936235,2.791494465174225,1.5137564803052068,1.2777379848690182,45.77254229982043,valid,family_mn_hard_segment_mapped,primary_train,数据/原始/外部数据/新增开放数据/DRUM_TPUU_机械回收/解包内容/RAW_TPUU_characterization/Polyol_1k-45HS_Hysteresis.xlsx#sheet=P4PrCL-1k-45HS;cycle=8,CC0-1.0,reference-53;reference-54
source_drum_tpuu_recycling_05ek6k60,P4PrCL-1k-45HS,TPUU,P4PrCL,1000.0,0.45,IPDI,water_to_urea,9,1496,50.00033299697276,17.838251442433783,100.0,31.16430170458649,37.6718116927875,2.739278457935215,1.489944600203093,1.2493338577321222,45.60813648254775,valid,family_mn_hard_segment_mapped,primary_train,数据/原始/外部数据/新增开放数据/DRUM_TPUU_机械回收/解包内容/RAW_TPUU_characterization/Polyol_1k-45HS_Hysteresis.xlsx#sheet=P4PrCL-1k-45HS;cycle=9,CC0-1.0,reference-53;reference-54
source_drum_tpuu_recycling_05ek6k60,P4PrCL-1k-45HS,TPUU,P4PrCL,1000.0,0.45,IPDI,water_to_urea,10,1499,50.0,17.686195777602936,100.0,31.36921010896959,37.26157978206082,2.692756657707394,1.4739857042199187,1.2187709534874753,45.261087740662525,valid,family_mn_hard_segment_mapped,primary_train,数据/原始/外部数据/新增开放数据/DRUM_TPUU_机械回收/解包内容/RAW_TPUU_characterization/Polyol_1k-45HS_Hysteresis.xlsx#sheet=P4PrCL-1k-45HS;cycle=10,CC0-1.0,reference-53;reference-54
source_drum_tpuu_recycling_05ek6k60,P4PrCL-2k-18HS,TPUU,P4PrCL,2000.0,0.18,IPDI,water_to_urea,1,1276,50.000311909262756,0.6689919548872182,100.0,9.514109288534017,80.97190012374405,0.2152314645498086,0.13810803681063624,0.07712342773917236,35.83278490460884,valid,family_mn_hard_segment_mapped,primary_train,数据/原始/外部数据/新增开放数据/DRUM_TPUU_机械回收/解包内容/RAW_TPUU_characterization/Polyol-2k-18HS_Hysteresis.xlsx#sheet=P4PrCL-2k-18HS;cycle=1,CC0-1.0,reference-53;reference-54
source_drum_tpuu_recycling_05ek6k60,P4PrCL-2k-18HS,TPUU,P4PrCL,2000.0,0.18,IPDI,water_to_urea,2,1276,50.0,0.6527367847585065,99.99999999999999,10.985675942407038,78.02864811518592,0.18261719296256415,0.13416708976902023,0.048450103193543925,26.53096480542005,valid,family_mn_hard_segment_mapped,primary_train,数据/原始/外部数据/新增开放数据/DRUM_TPUU_机械回收/解包内容/RAW_TPUU_characterization/Polyol-2k-18HS_Hysteresis.xlsx#sheet=P4PrCL-2k-18HS;cycle=2,CC0-1.0,reference-53;reference-54
source_drum_tpuu_recycling_05ek6k60,P4PrCL-2k-18HS,TPUU,P4PrCL,2000.0,0.18,IPDI,water_to_urea,3,1276,49.99936672967865,0.622707856505671,100.0,12.5767859692624,74.84610947722852,0.17000432220518322,0.12682212652080704,0.04318219568437617,25.400645774322317,valid,family_mn_hard_segment_mapped,primary_train,数据/原始/外部数据/新增开放数据/DRUM_TPUU_机械回收/解包内容/RAW_TPUU_characterization/Polyol-2k-18HS_Hysteresis.xlsx#sheet=P4PrCL-2k-18HS;cycle=3,CC0-1.0,reference-53;reference-54
source_drum_tpuu_recycling_05ek6k60,P4PrCL-2k-18HS,TPUU,P4PrCL,2000.0,0.18,IPDI,water_to_urea,4,1276,50.0,0.6021485153561871,100.0,13.554389152448934,72.89122169510213,0.15835911205061193,0.11770462961747474,0.040654482433137185,25.67233543223198,valid,family_mn_hard_segment_mapped,primary_train,数据/原始/外部数据/新增开放数据/DRUM_TPUU_机械回收/解包内容/RAW_TPUU_characterization/Polyol-2k-18HS_Hysteresis.xlsx#sheet=P4PrCL-2k-18HS;cycle=4,CC0-1.0,reference-53;reference-54
source_drum_tpuu_recycling_05ek6k60,P4PrCL-2k-18HS,TPUU,P4PrCL,2000.0,0.18,IPDI,water_to_urea,5,1276,50.000311909262756,0.5937929973238181,100.0,14.103868288652572,71.79243938668355,0.15707090409510646,0.11778079570911024,0.039290108385996225,25.01424984617524,valid,family_mn_hard_segment_mapped,primary_train,数据/原始/外部数据/新增开放数据/DRUM_TPUU_机械回收/解包内容/RAW_TPUU_characterization/Polyol-2k-18HS_Hysteresis.xlsx#sheet=P4PrCL-2k-18HS;cycle=5,CC0-1.0,reference-53;reference-54
source_drum_tpuu_recycling_05ek6k60,P4PrCL-2k-18HS,TPUU,P4PrCL,2000.0,0.18,IPDI,water_to_urea,6,1276,50.0,0.5915648464381292,100.0,15.058782095647107,69.8824358087058,0.15206819349734402,0.11363745204467736,0.03843074145266666,25.272044448491382,valid,family_mn_hard_segment_mapped,primary_train,数据/原始/外部数据/新增开放数据/DRUM_TPUU_机械回收/解包内容/RAW_TPUU_characterization/Polyol-2k-18HS_Hysteresis.xlsx#sheet=P4PrCL-2k-18HS;cycle=6,CC0-1.0,reference-53;reference-54
source_drum_tpuu_recycling_05ek6k60,P4PrCL-2k-18HS,TPUU,P4PrCL,2000.0,0.18,IPDI,water_to_urea,7,1276,50.0,0.5928815152287499,100.0,14.98106461730583,70.03787076538833,0.1509023148007661,0.11349319440564215,0.03740912039512395,24.79028929709568,valid,family_mn_hard_segment_mapped,primary_train,数据/原始/外部数据/新增开放数据/DRUM_TPUU_机械回收/解包内容/RAW_TPUU_characterization/Polyol-2k-18HS_Hysteresis.xlsx#sheet=P4PrCL-2k-18HS;cycle=7,CC0-1.0,reference-53;reference-54
source_drum_tpuu_recycling_05ek6k60,P4PrCL-2k-18HS,TPUU,P4PrCL,2000.0,0.18,IPDI,water_to_urea,8,1276,50.000311909262756,0.5649794571173697,100.0,15.743793432412721,68.51260955934933,0.1390101474042822,0.10235270896224923,0.036657438442032966,26.370332760976368,valid,family_mn_hard_segment_mapped,primary_train,数据/原始/外部数据/新增开放数据/DRUM_TPUU_机械回收/解包内容/RAW_TPUU_characterization/Polyol-2k-18HS_Hysteresis.xlsx#sheet=P4PrCL-2k-18HS;cycle=8,CC0-1.0,reference-53;reference-54
source_drum_tpuu_recycling_05ek6k60,P4PrCL-2k-18HS,TPUU,P4PrCL,2000.0,0.18,IPDI,water_to_urea,9,1276,50.0,0.5747527653880464,100.0,16.486543934217398,67.02691213156521,0.14136333136847595,0.10587908505785087,0.03548424631062508,25.101450260911204,valid,family_mn_hard_segment_mapped,primary_train,数据/原始/外部数据/新增开放数据/DRUM_TPUU_机械回收/解包内容/RAW_TPUU_characterization/Polyol-2k-18HS_Hysteresis.xlsx#sheet=P4PrCL-2k-18HS;cycle=9,CC0-1.0,reference-53;reference-54
source_drum_tpuu_recycling_05ek6k60,P4PrCL-2k-18HS,TPUU,P4PrCL,2000.0,0.18,IPDI,water_to_urea,10,1276,50.0,0.5535349751497387,100.0,16.536021330046324,66.92795733990735,0.13480597620360174,0.09979052949491841,0.035015446708683326,25.974699115563233,valid,family_mn_hard_segment_mapped,primary_train,数据/原始/外部数据/新增开放数据/DRUM_TPUU_机械回收/解包内容/RAW_TPUU_characterization/Polyol-2k-18HS_Hysteresis.xlsx#sheet=P4PrCL-2k-18HS;cycle=10,CC0-1.0,reference-53;reference-54
source_drum_tpuu_recycling_05ek6k60,P4PrCL-2k-31HS,TPUU,P4PrCL,2000.0,0.31,IPDI,water_to_urea,1,1584,50.00025796661609,3.3798579576502736,100.0,7.699687604669882,84.60070424074459,1.0937844311555323,0.6407501731311629,0.45303425802436936,41.41897115373637,valid,family_mn_hard_segment_mapped,primary_train,数据/原始/外部数据/新增开放数据/DRUM_TPUU_机械回收/解包内容/RAW_TPUU_characterization/Polyol-2k-31HS_Hysteresis.xlsx#sheet=P4PrCL-2k-31HS;cycle=1,CC0-1.0,reference-53;reference-54
source_drum_tpuu_recycling_05ek6k60,P4PrCL-2k-31HS,TPUU,P4PrCL,2000.0,0.31,IPDI,water_to_urea,2,1584,50.0,3.2708364071038254,100.0,9.1247289630415,81.750542073917,0.8773735913027348,0.6450114117292983,0.23236217957343652,26.483835606269203,valid,family_mn_hard_segment_mapped,primary_train,数据/原始/外部数据/新增开放数据/DRUM_TPUU_机械回收/解包内容/RAW_TPUU_characterization/Polyol-2k-31HS_Hysteresis.xlsx#sheet=P4PrCL-2k-31HS;cycle=2,CC0-1.0,reference-53;reference-54
source_drum_tpuu_recycling_05ek6k60,P4PrCL-2k-31HS,TPUU,P4PrCL,2000.0,0.31,IPDI,water_to_urea,3,1584,50.00025796661609,3.1597332081056466,100.0,9.995326377579262,80.00945038273025,0.8248044068634568,0.6174598548214721,0.20734455204198465,25.138632906978362,valid,family_mn_hard_segment_mapped,primary_train,数据/原始/外部数据/新增开放数据/DRUM_TPUU_机械回收/解包内容/RAW_TPUU_characterization/Polyol-2k-31HS_Hysteresis.xlsx#sheet=P4PrCL-2k-31HS;cycle=3,CC0-1.0,reference-53;reference-54
source_drum_tpuu_recycling_05ek6k60,P4PrCL-2k-31HS,TPUU,P4PrCL,2000.0,0.31,IPDI,water_to_urea,4,1584,50.00025796661609,3.0728785860655736,99.99999999999999,10.430247641633894,79.13961234240449,0.7870302978800104,0.5923675389360553,0.19466275894395513,24.733832924642137,valid,family_mn_hard_segment_mapped,primary_train,数据/原始/外部数据/新增开放数据/DRUM_TPUU_机械回收/解包内容/RAW_TPUU_characterization/Polyol-2k-31HS_Hysteresis.xlsx#sheet=P4PrCL-2k-31HS;cycle=4,CC0-1.0,reference-53;reference-54
source_drum_tpuu_recycling_05ek6k60,P4PrCL-2k-31HS,TPUU,P4PrCL,2000.0,0.31,IPDI,water_to_urea,5,1584,50.00025796661609,3.015562670765027,100.0,10.861208748982365,78.27769457462776,0.7641042260446161,0.5760375469126057,0.18806667913201047,24.612699775989622,valid,family_mn_hard_segment_mapped,primary_train,数据/原始/外部数据/新增开放数据/DRUM_TPUU_机械回收/解包内容/RAW_TPUU_characterization/Polyol-2k-31HS_Hysteresis.xlsx#sheet=P4PrCL-2k-31HS;cycle=5,CC0-1.0,reference-53;reference-54
source_drum_tpuu_recycling_05ek6k60,P4PrCL-2k-31HS,TPUU,P4PrCL,2000.0,0.31,IPDI,water_to_urea,6,1584,50.0,2.980548554189436,100.0,11.18826299562466,77.62347400875068,0.7474355015924298,0.5647874460920528,0.182648055500377,24.43663100177083,valid,family_mn_hard_segment_mapped,primary_train,数据/原始/外部数据/新增开放数据/DRUM_TPUU_机械回收/解包内容/RAW_TPUU_characterization/Polyol-2k-31HS_Hysteresis.xlsx#sheet=P4PrCL-2k-31HS;cycle=6,CC0-1.0,reference-53;reference-54
source_drum_tpuu_recycling_05ek6k60,P4PrCL-2k-31HS,TPUU,P4PrCL,2000.0,0.31,IPDI,water_to_urea,7,1584,50.0,2.9480232240437156,100.0,11.411392563010205,77.1772148739796,0.733587794246505,0.5566089148321594,0.17697887941434565,24.125112331800338,valid,family_mn_hard_segment_mapped,primary_train,数据/原始/外部数据/新增开放数据/DRUM_TPUU_机械回收/解包内容/RAW_TPUU_characterization/Polyol-2k-31HS_Hysteresis.xlsx#sheet=P4PrCL-2k-31HS;cycle=7,CC0-1.0,reference-53;reference-54
source_drum_tpuu_recycling_05ek6k60,P4PrCL-2k-31HS,TPUU,P4PrCL,2000.0,0.31,IPDI,water_to_urea,8,1584,50.00025796661609,2.929340220856102,100.0,11.872773994838107,76.25457452086495,0.7283349952920379,0.5537192915780403,0.1746157037139976,23.974641455197762,valid,family_mn_hard_segment_mapped,primary_train,数据/原始/外部数据/新增开放数据/DRUM_TPUU_机械回收/解包内容/RAW_TPUU_characterization/Polyol-2k-31HS_Hysteresis.xlsx#sheet=P4PrCL-2k-31HS;cycle=8,CC0-1.0,reference-53;reference-54
source_drum_tpuu_recycling_05ek6k60,P4PrCL-2k-31HS,TPUU,P4PrCL,2000.0,0.31,IPDI,water_to_urea,9,1584,50.0,2.889892987249545,100.0,12.003663549452195,75.9926729010956,0.7143319133058754,0.5425984867796385,0.1717334265262369,24.041124766702257,valid,family_mn_hard_segment_mapped,primary_train,数据/原始/外部数据/新增开放数据/DRUM_TPUU_机械回收/解包内容/RAW_TPUU_characterization/Polyol-2k-31HS_Hysteresis.xlsx#sheet=P4PrCL-2k-31HS;cycle=9,CC0-1.0,reference-53;reference-54
source_drum_tpuu_recycling_05ek6k60,P4PrCL-2k-31HS,TPUU,P4PrCL,2000.0,0.31,IPDI,water_to_urea,10,1583,50.0,2.873517531876139,100.0,12.212587466978954,75.5748250660421,0.7065389030095472,0.5372582120281139,0.1692806909814334,23.959146518383,valid,family_mn_hard_segment_mapped,primary_train,数据/原始/外部数据/新增开放数据/DRUM_TPUU_机械回收/解包内容/RAW_TPUU_characterization/Polyol-2k-31HS_Hysteresis.xlsx#sheet=P4PrCL-2k-31HS;cycle=10,CC0-1.0,reference-53;reference-54
source_drum_tpuu_recycling_05ek6k60,P4PrCL-5k-26HS,TPUU,P4PrCL,5000.0,0.26,IPDI,water_to_urea,1,1482,50.00027530364373,3.9455678632478635,100.0,7.175583977393641,85.64891106335422,1.2247336839847975,0.7981101740434944,0.42662350994130316,34.83398191133598,valid,family_mn_hard_segment_mapped,primary_train,数据/原始/外部数据/新增开放数据/DRUM_TPUU_机械回收/解包内容/RAW_TPUU_characterization/Polyol-5k-29HS_Hysteresis.xlsx#sheet=P4PrCL-5k-26HS;cycle=1,CC0-1.0,reference-53;reference-54
source_drum_tpuu_recycling_05ek6k60,P4PrCL-5k-26HS,TPUU,P4PrCL,5000.0,0.26,IPDI,water_to_urea,2,1485,50.0,3.8823202279202285,100.0,7.762819710349912,84.47436057930017,1.012081529893617,0.8170003168102572,0.1950812130833598,19.275246837462333,valid,family_mn_hard_segment_mapped,primary_train,数据/原始/外部数据/新增开放数据/DRUM_TPUU_机械回收/解包内容/RAW_TPUU_characterization/Polyol-5k-29HS_Hysteresis.xlsx#sheet=P4PrCL-5k-26HS;cycle=2,CC0-1.0,reference-53;reference-54
source_drum_tpuu_recycling_05ek6k60,P4PrCL-5k-26HS,TPUU,P4PrCL,5000.0,0.26,IPDI,water_to_urea,3,1485,50.0,3.813639791073125,100.0,7.918859082721703,84.1622818345566,0.9755524763159542,0.7997140397716671,0.1758384365442871,18.024497996080935,valid,family_mn_hard_segment_mapped,primary_train,数据/原始/外部数据/新增开放数据/DRUM_TPUU_机械回收/解包内容/RAW_TPUU_characterization/Polyol-5k-29HS_Hysteresis.xlsx#sheet=P4PrCL-5k-26HS;cycle=3,CC0-1.0,reference-53;reference-54
source_drum_tpuu_recycling_05ek6k60,P4PrCL-5k-26HS,TPUU,P4PrCL,5000.0,0.26,IPDI,water_to_urea,4,1485,50.00027530364373,3.7494887939221275,100.0,8.048816191695629,83.90245625085774,0.9531346705591655,0.7879197606082545,0.16521490995091093,17.333847467114595,valid,family_mn_hard_segment_mapped,primary_train,数据/原始/外部数据/新增开放数据/DRUM_TPUU_机械回收/解包内容/RAW_TPUU_characterization/Polyol-5k-29HS_Hysteresis.xlsx#sheet=P4PrCL-5k-26HS;cycle=4,CC0-1.0,reference-53;reference-54
source_drum_tpuu_recycling_05ek6k60,P4PrCL-5k-26HS,TPUU,P4PrCL,5000.0,0.26,IPDI,water_to_urea,5,1485,49.99973279352226,3.7148471984805322,100.0,8.309875048985653,83.38016108345634,0.9374752632041917,0.7781183559127068,0.15935690729148488,16.998518632568477,valid,family_mn_hard_segment_mapped,primary_train,数据/原始/外部数据/新增开放数据/DRUM_TPUU_机械回收/解包内容/RAW_TPUU_characterization/Polyol-5k-29HS_Hysteresis.xlsx#sheet=P4PrCL-5k-26HS;cycle=5,CC0-1.0,reference-53;reference-54
source_drum_tpuu_recycling_05ek6k60,P4PrCL-5k-26HS,TPUU,P4PrCL,5000.0,0.26,IPDI,water_to_urea,6,1480,50.00054251012146,3.701790028490029,100.0,8.240874051929284,83.51843072450443,0.9323452534240251,0.7781435097473466,0.1542017436766785,16.53912465477512,valid,family_mn_hard_segment_mapped,primary_train,数据/原始/外部数据/新增开放数据/DRUM_TPUU_机械回收/解包内容/RAW_TPUU_characterization/Polyol-5k-29HS_Hysteresis.xlsx#sheet=P4PrCL-5k-26HS;cycle=6,CC0-1.0,reference-53;reference-54
source_drum_tpuu_recycling_05ek6k60,P4PrCL-5k-26HS,TPUU,P4PrCL,5000.0,0.26,IPDI,water_to_urea,7,1480,50.0,3.660808708452042,100.0,8.499052631578948,83.00189473684209,0.916926411038069,0.7645274846968195,0.15239892634124952,16.620627839557585,valid,family_mn_hard_segment_mapped,primary_train,数据/原始/外部数据/新增开放数据/DRUM_TPUU_机械回收/解包内容/RAW_TPUU_characterization/Polyol-5k-29HS_Hysteresis.xlsx#sheet=P4PrCL-5k-26HS;cycle=7,CC0-1.0,reference-53;reference-54
source_drum_tpuu_recycling_05ek6k60,P4PrCL-5k-26HS,TPUU,P4PrCL,5000.0,0.26,IPDI,water_to_urea,8,1480,50.00027530364373,3.662997340930675,100.0,8.52002486533971,82.9600440925596,0.9166762330520077,0.7684890699983792,0.14818716305362856,16.16570362692289,valid,family_mn_hard_segment_mapped,primary_train,数据/原始/外部数据/新增开放数据/DRUM_TPUU_机械回收/解包内容/RAW_TPUU_characterization/Polyol-5k-29HS_Hysteresis.xlsx#sheet=P4PrCL-5k-26HS;cycle=8,CC0-1.0,reference-53;reference-54
source_drum_tpuu_recycling_05ek6k60,P4PrCL-5k-26HS,TPUU,P4PrCL,5000.0,0.26,IPDI,water_to_urea,9,1480,50.00027530364373,3.6397511870845207,100.00000000000001,8.684021826085402,82.63205197701669,0.9105287952256162,0.7633469271585008,0.14718186806711542,16.16443860302582,valid,family_mn_hard_segment_mapped,primary_train,数据/原始/外部数据/新增开放数据/DRUM_TPUU_机械回收/解包内容/RAW_TPUU_characterization/Polyol-5k-29HS_Hysteresis.xlsx#sheet=P4PrCL-5k-26HS;cycle=9,CC0-1.0,reference-53;reference-54
source_drum_tpuu_recycling_05ek6k60,P4PrCL-5k-26HS,TPUU,P4PrCL,5000.0,0.26,IPDI,water_to_urea,10,1480,50.00027530364373,3.6274495061728396,100.0,8.72733328392097,82.54542953829501,0.9023196553329144,0.7580879573248893,0.14423169800802504,15.98454573781951,valid,family_mn_hard_segment_mapped,primary_train,数据/原始/外部数据/新增开放数据/DRUM_TPUU_机械回收/解包内容/RAW_TPUU_characterization/Polyol-5k-29HS_Hysteresis.xlsx#sheet=P4PrCL-5k-26HS;cycle=10,CC0-1.0,reference-53;reference-54
source_drum_tpuu_recycling_05ek6k60,PCL-1.6k-31HS,TPUU,PCL,1600.0,0.31,IPDI,water_to_urea,1,1316,50.0,2.058064472884526,100.0,7.151930264178434,85.69613947164312,0.6836874372835728,0.44148757797202576,0.24219985931154708,35.42552431179015,valid,family_mn_hard_segment_mapped,primary_train,数据/原始/外部数据/新增开放数据/DRUM_TPUU_机械回收/解包内容/RAW_Chemical_recycling/Repolymerized_TPUUs_hysteresis.xlsx#sheet=PCL-1.6k-31HS;cycle=1,CC0-1.0,reference-53;reference-54
source_drum_tpuu_recycling_05ek6k60,PCL-1.6k-31HS,TPUU,PCL,1600.0,0.31,IPDI,water_to_urea,2,1317,50.0,1.999222235857878,100.0,8.534084018988523,82.93183196202295,0.5692237189086704,0.43772386743626157,0.13149985147240884,23.10161138831733,valid,family_mn_hard_segment_mapped,primary_train,数据/原始/外部数据/新增开放数据/DRUM_TPUU_机械回收/解包内容/RAW_Chemical_recycling/Repolymerized_TPUUs_hysteresis.xlsx#sheet=PCL-1.6k-31HS;cycle=2,CC0-1.0,reference-53;reference-54
source_drum_tpuu_recycling_05ek6k60,PCL-1.6k-31HS,TPUU,PCL,1600.0,0.31,IPDI,water_to_urea,3,1317,50.0,1.9689870266479663,100.0,9.24793708103358,81.50412583793283,0.539837135205918,0.42167194668647584,0.11816518851944219,21.889044086299972,valid,family_mn_hard_segment_mapped,primary_train,数据/原始/外部数据/新增开放数据/DRUM_TPUU_机械回收/解包内容/RAW_Chemical_recycling/Repolymerized_TPUUs_hysteresis.xlsx#sheet=PCL-1.6k-31HS;cycle=3,CC0-1.0,reference-53;reference-54
source_drum_tpuu_recycling_05ek6k60,PCL-1.6k-31HS,TPUU,PCL,1600.0,0.31,IPDI,water_to_urea,4,1317,50.00030136986302,1.9032708917718562,100.0,9.853959295499022,80.2922001957405,0.5175442367435248,0.4062629744777577,0.11128126226576707,21.50178755075459,valid,family_mn_hard_segment_mapped,primary_train,数据/原始/外部数据/新增开放数据/DRUM_TPUU_机械回收/解包内容/RAW_Chemical_recycling/Repolymerized_TPUUs_hysteresis.xlsx#sheet=PCL-1.6k-31HS;cycle=4,CC0-1.0,reference-53;reference-54
source_drum_tpuu_recycling_05ek6k60,PCL-1.6k-31HS,TPUU,PCL,1600.0,0.31,IPDI,water_to_urea,5,1317,50.00030136986302,1.878842286115007,100.0,9.98856239682229,80.02299561569691,0.5064284468896237,0.39888078547233546,0.10754766141728828,21.236496898589177,valid,family_mn_hard_segment_mapped,primary_train,数据/原始/外部数据/新增开放数据/DRUM_TPUU_机械回收/解包内容/RAW_Chemical_recycling/Repolymerized_TPUUs_hysteresis.xlsx#sheet=PCL-1.6k-31HS;cycle=5,CC0-1.0,reference-53;reference-54
source_drum_tpuu_recycling_05ek6k60,PCL-1.6k-31HS,TPUU,PCL,1600.0,0.31,IPDI,water_to_urea,6,1317,50.0,1.8535304114071998,100.0,10.523797460355604,78.9524050792888,0.4905361378759154,0.3855571456983452,0.10497899217757017,21.40086816684755,valid,family_mn_hard_segment_mapped,primary_train,数据/原始/外部数据/新增开放数据/DRUM_TPUU_机械回收/解包内容/RAW_Chemical_recycling/Repolymerized_TPUUs_hysteresis.xlsx#sheet=PCL-1.6k-31HS;cycle=6,CC0-1.0,reference-53;reference-54
source_drum_tpuu_recycling_05ek6k60,PCL-1.6k-31HS,TPUU,PCL,1600.0,0.31,IPDI,water_to_urea,7,1317,50.0,1.8474463008415147,100.0,10.685304782070666,78.62939043585867,0.4850279705161961,0.38302620918740643,0.10200176132878969,21.03007816646806,valid,family_mn_hard_segment_mapped,primary_train,数据/原始/外部数据/新增开放数据/DRUM_TPUU_机械回收/解包内容/RAW_Chemical_recycling/Repolymerized_TPUUs_hysteresis.xlsx#sheet=PCL-1.6k-31HS;cycle=7,CC0-1.0,reference-53;reference-54
source_drum_tpuu_recycling_05ek6k60,PCL-1.6k-31HS,TPUU,PCL,1600.0,0.31,IPDI,water_to_urea,8,1317,50.00030136986302,1.8235291374474056,100.0,10.82167087803609,78.35678869616034,0.47637070356395295,0.3748803863032887,0.10149031726066426,21.304903198573616,valid,family_mn_hard_segment_mapped,primary_train,数据/原始/外部数据/新增开放数据/DRUM_TPUU_机械回收/解包内容/RAW_Chemical_recycling/Repolymerized_TPUUs_hysteresis.xlsx#sheet=PCL-1.6k-31HS;cycle=8,CC0-1.0,reference-53;reference-54
source_drum_tpuu_recycling_05ek6k60,PCL-1.6k-31HS,TPUU,PCL,1600.0,0.31,IPDI,water_to_urea,9,1317,50.00030136986302,1.8146580703599813,100.0,11.023801370323113,77.95253014821316,0.47600083268487137,0.37692978594077475,0.09907104674409661,20.81320870496985,valid,family_mn_hard_segment_mapped,primary_train,数据/原始/外部数据/新增开放数据/DRUM_TPUU_机械回收/解包内容/RAW_Chemical_recycling/Repolymerized_TPUUs_hysteresis.xlsx#sheet=PCL-1.6k-31HS;cycle=9,CC0-1.0,reference-53;reference-54
source_drum_tpuu_recycling_05ek6k60,PCL-1.6k-31HS,TPUU,PCL,1600.0,0.31,IPDI,water_to_urea,10,1317,50.0,1.8043483169705472,100.0,11.361416376738246,77.2771672465235,0.46692736581048633,0.3684291088528423,0.09849825695764403,21.094984824175395,valid,family_mn_hard_segment_mapped,primary_train,数据/原始/外部数据/新增开放数据/DRUM_TPUU_机械回收/解包内容/RAW_Chemical_recycling/Repolymerized_TPUUs_hysteresis.xlsx#sheet=PCL-1.6k-31HS;cycle=10,CC0-1.0,reference-53;reference-54
source_drum_tpuu_recycling_05ek6k60,PCL-1k-28HS,TPUU,PCL,1000.0,0.28,IPDI,water_to_urea,1,8520,50.0,1.7419487598128023,100.0,5.568727086609248,88.8625458267815,0.5575915115641821,0.4304696465010171,0.12712186506316497,22.7983859916656,valid,family_mn_hard_segment_mapped,primary_train,数据/原始/外部数据/新增开放数据/DRUM_TPUU_机械回收/解包内容/RAW_TPUU_characterization/Polyol-1k-28HS_Hysteresis.xlsx#sheet=PCL-1k-28HS;cycle=1,CC0-1.0,reference-53;reference-54
source_drum_tpuu_recycling_05ek6k60,PCL-1k-28HS,TPUU,PCL,1000.0,0.28,IPDI,water_to_urea,2,8521,50.000230286113045,1.7878990791062803,100.00000000000001,7.087400040885762,85.82526520312008,0.5454272025669401,0.4602738697911006,0.08515333277583953,15.612226961743566,valid,family_mn_hard_segment_mapped,primary_train,数据/原始/外部数据/新增开放数据/DRUM_TPUU_机械回收/解包内容/RAW_TPUU_characterization/Polyol-1k-28HS_Hysteresis.xlsx#sheet=PCL-1k-28HS;cycle=2,CC0-1.0,reference-53;reference-54
source_drum_tpuu_recycling_05ek6k60,PCL-1k-28HS,TPUU,PCL,1000.0,0.28,IPDI,water_to_urea,3,8521,50.000230286113045,1.7559853562801937,100.0,7.740603629134874,84.51886404354275,0.5211511146414972,0.44318277273728995,0.07796834190420726,14.960793465412065,valid,family_mn_hard_segment_mapped,primary_train,数据/原始/外部数据/新增开放数据/DRUM_TPUU_机械回收/解包内容/RAW_TPUU_characterization/Polyol-1k-28HS_Hysteresis.xlsx#sheet=PCL-1k-28HS;cycle=3,CC0-1.0,reference-53;reference-54
source_drum_tpuu_recycling_05ek6k60,PCL-1k-28HS,TPUU,PCL,1000.0,0.28,IPDI,water_to_urea,4,8521,50.0,1.7343295591787442,100.0,8.397201674569256,83.20559665086148,0.5072739814191042,0.43301097263036514,0.07426300878873904,14.639625036747894,valid,family_mn_hard_segment_mapped,primary_train,数据/原始/外部数据/新增开放数据/DRUM_TPUU_机械回收/解包内容/RAW_TPUU_characterization/Polyol-1k-28HS_Hysteresis.xlsx#sheet=PCL-1k-28HS;cycle=4,CC0-1.0,reference-53;reference-54
source_drum_tpuu_recycling_05ek6k60,PCL-1k-28HS,TPUU,PCL,1000.0,0.28,IPDI,water_to_urea,5,8522,50.00046755059316,1.71789273852657,100.0,8.811554875146424,82.3770550420745,0.4978045610637996,0.425182448785339,0.0726221122784606,14.588478683937414,valid,family_mn_hard_segment_mapped,primary_train,数据/原始/外部数据/新增开放数据/DRUM_TPUU_机械回收/解包内容/RAW_TPUU_characterization/Polyol-1k-28HS_Hysteresis.xlsx#sheet=PCL-1k-28HS;cycle=5,CC0-1.0,reference-53;reference-54
source_drum_tpuu_recycling_05ek6k60,PCL-1k-28HS,TPUU,PCL,1000.0,0.28,IPDI,water_to_urea,6,8527,50.000230286113045,1.694077219202899,100.0,9.206735240489662,81.58661432596097,0.4845133776024822,0.4137978350383803,0.0707155425641019,14.595168231272304,valid,family_mn_hard_segment_mapped,primary_train,数据/原始/外部数据/新增开放数据/DRUM_TPUU_机械回收/解包内容/RAW_TPUU_characterization/Polyol-1k-28HS_Hysteresis.xlsx#sheet=PCL-1k-28HS;cycle=6,CC0-1.0,reference-53;reference-54
source_drum_tpuu_recycling_05ek6k60,PCL-1k-28HS,TPUU,PCL,1000.0,0.28,IPDI,water_to_urea,7,8521,50.0,1.6760806159420294,100.0,9.3353758237447,81.3292483525106,0.4773327137729075,0.4063641544738621,0.07096855929904539,14.86773423470173,valid,family_mn_hard_segment_mapped,primary_train,数据/原始/外部数据/新增开放数据/DRUM_TPUU_机械回收/解包内容/RAW_TPUU_characterization/Polyol-1k-28HS_Hysteresis.xlsx#sheet=PCL-1k-28HS;cycle=7,CC0-1.0,reference-53;reference-54
source_drum_tpuu_recycling_05ek6k60,PCL-1k-28HS,TPUU,PCL,1000.0,0.28,IPDI,water_to_urea,8,8521,50.00046755059316,1.6606037137681162,100.0,9.568970969072343,80.86223701930399,0.47013972359206946,0.4003798555554077,0.06975986803666173,14.838113976769794,valid,family_mn_hard_segment_mapped,primary_train,数据/原始/外部数据/新增开放数据/DRUM_TPUU_机械回收/解包内容/RAW_TPUU_characterization/Polyol-1k-28HS_Hysteresis.xlsx#sheet=PCL-1k-28HS;cycle=8,CC0-1.0,reference-53;reference-54
source_drum_tpuu_recycling_05ek6k60,PCL-1k-28HS,TPUU,PCL,1000.0,0.28,IPDI,water_to_urea,9,8521,50.00046755059316,1.6464462560386477,100.0,9.788899935316497,80.42238319989396,0.4594229941322512,0.3909427718427508,0.0684802222895004,14.90570197054339,valid,family_mn_hard_segment_mapped,primary_train,数据/原始/外部数据/新增开放数据/DRUM_TPUU_机械回收/解包内容/RAW_TPUU_characterization/Polyol-1k-28HS_Hysteresis.xlsx#sheet=PCL-1k-28HS;cycle=9,CC0-1.0,reference-53;reference-54
source_drum_tpuu_recycling_05ek6k60,PCL-1k-28HS,TPUU,PCL,1000.0,0.28,IPDI,water_to_urea,10,8521,50.000230286113045,1.6437469051932372,100.0,10.2315879329122,79.53691838144614,0.45994274793277334,0.39212665229940624,0.0678160956333671,14.744464596554376,valid,family_mn_hard_segment_mapped,primary_train,数据/原始/外部数据/新增开放数据/DRUM_TPUU_机械回收/解包内容/RAW_TPUU_characterization/Polyol-1k-28HS_Hysteresis.xlsx#sheet=PCL-1k-28HS;cycle=10,CC0-1.0,reference-53;reference-54
source_drum_tpuu_recycling_05ek6k60,PCL-1k-44HS,TPUU,PCL,1000.0,0.44,IPDI,water_to_urea,1,9730,50.0008124618204,8.78943247251489,100.0,24.1777951792453,51.6451953701613,3.412837797863301,0.7504992164724931,2.6623385813908076,78.00952576936521,valid,family_mn_hard_segment_mapped,primary_train,数据/原始/外部数据/新增开放数据/DRUM_TPUU_机械回收/解包内容/RAW_TPUU_characterization/Polyol_1k-45HS_Hysteresis.xlsx#sheet=PCL-1k-44HS;cycle=1,CC0-1.0,reference-53;reference-54
source_drum_tpuu_recycling_05ek6k60,PCL-1k-44HS,TPUU,PCL,1000.0,0.44,IPDI,water_to_urea,2,9731,50.00061698228466,8.675211291800276,100.0,26.794350513730937,46.41196022996229,2.3570956364791904,0.9777119840930347,1.3793836523861556,58.52047880613576,valid,family_mn_hard_segment_mapped,primary_train,数据/原始/外部数据/新增开放数据/DRUM_TPUU_机械回收/解包内容/RAW_TPUU_characterization/Polyol_1k-45HS_Hysteresis.xlsx#sheet=PCL-1k-44HS;cycle=2,CC0-1.0,reference-53;reference-54
source_drum_tpuu_recycling_05ek6k60,PCL-1k-44HS,TPUU,PCL,1000.0,0.44,IPDI,water_to_urea,3,9731,50.0008124618204,8.162851007787449,100.0,28.362285778282576,43.27635015943103,2.079211730091344,0.8850892656617233,1.194122464429621,57.43149902185097,valid,family_mn_hard_segment_mapped,primary_train,数据/原始/外部数据/新增开放数据/DRUM_TPUU_机械回收/解包内容/RAW_TPUU_characterization/Polyol_1k-45HS_Hysteresis.xlsx#sheet=PCL-1k-44HS;cycle=3,CC0-1.0,reference-53;reference-54
source_drum_tpuu_recycling_05ek6k60,PCL-1k-44HS,TPUU,PCL,1000.0,0.44,IPDI,water_to_urea,4,9731,50.0008124618204,7.875931058176821,100.0,29.30814207173401,41.38466831091373,1.9257352277658704,0.8337098122079274,1.092025415557943,56.70693456778321,valid,family_mn_hard_segment_mapped,primary_train,数据/原始/外部数据/新增开放数据/DRUM_TPUU_机械回收/解包内容/RAW_TPUU_characterization/Polyol_1k-45HS_Hysteresis.xlsx#sheet=PCL-1k-44HS;cycle=4,CC0-1.0,reference-53;reference-54
source_drum_tpuu_recycling_05ek6k60,PCL-1k-44HS,TPUU,PCL,1000.0,0.44,IPDI,water_to_urea,5,9732,50.0008124618204,7.648215758131012,100.0,30.127865620506714,39.74524785269892,1.8216049272104622,0.7938556942315946,1.0277492329788676,56.419985345160676,valid,family_mn_hard_segment_mapped,primary_train,数据/原始/外部数据/新增开放数据/DRUM_TPUU_机械回收/解包内容/RAW_TPUU_characterization/Polyol_1k-45HS_Hysteresis.xlsx#sheet=PCL-1k-44HS;cycle=5,CC0-1.0,reference-53;reference-54
source_drum_tpuu_recycling_05ek6k60,PCL-1k-44HS,TPUU,PCL,1000.0,0.44,IPDI,water_to_urea,6,9732,50.0008124618204,7.5007289280806235,100.0,30.48081722946452,39.039356104985195,1.7589365279707805,0.7715578427170429,0.9873786852537376,56.13498097016835,valid,family_mn_hard_segment_mapped,primary_train,数据/原始/外部数据/新增开放数据/DRUM_TPUU_机械回收/解包内容/RAW_TPUU_characterization/Polyol_1k-45HS_Hysteresis.xlsx#sheet=PCL-1k-44HS;cycle=6,CC0-1.0,reference-53;reference-54
source_drum_tpuu_recycling_05ek6k60,PCL-1k-44HS,TPUU,PCL,1000.0,0.44,IPDI,water_to_urea,7,9731,50.001014050091634,7.348281607879065,100.0,31.118251937135355,37.76475831877988,1.6955089068298783,0.7412001828782442,0.9543087239516341,56.28450078365683,valid,family_mn_hard_segment_mapped,primary_train,数据/原始/外部数据/新增开放数据/DRUM_TPUU_机械回收/解包内容/RAW_TPUU_characterization/Polyol_1k-45HS_Hysteresis.xlsx#sheet=PCL-1k-44HS;cycle=7,CC0-1.0,reference-53;reference-54
source_drum_tpuu_recycling_05ek6k60,PCL-1k-44HS,TPUU,PCL,1000.0,0.44,IPDI,water_to_urea,8,9731,50.0008124618204,7.212944342647733,100.0,31.504880075464023,36.99126369292398,1.6432154437056017,0.7220719360878193,0.9211435076177824,56.057378911953215,valid,family_mn_hard_segment_mapped,primary_train,数据/原始/外部数据/新增开放数据/DRUM_TPUU_机械回收/解包内容/RAW_TPUU_characterization/Polyol_1k-45HS_Hysteresis.xlsx#sheet=PCL-1k-44HS;cycle=8,CC0-1.0,reference-53;reference-54
source_drum_tpuu_recycling_05ek6k60,PCL-1k-44HS,TPUU,PCL,1000.0,0.44,IPDI,water_to_urea,9,9731,50.001014050091634,7.1082793174530465,100.0,31.84193350464381,36.31742453714205,1.6003530586535206,0.7031455266045714,0.8972075320489492,56.063099776484776,valid,family_mn_hard_segment_mapped,primary_train,数据/原始/外部数据/新增开放数据/DRUM_TPUU_机械回收/解包内容/RAW_TPUU_characterization/Polyol_1k-45HS_Hysteresis.xlsx#sheet=PCL-1k-44HS;cycle=9,CC0-1.0,reference-53;reference-54
source_drum_tpuu_recycling_05ek6k60,PCL-1k-44HS,TPUU,PCL,1000.0,0.44,IPDI,water_to_urea,10,9731,50.001014050091634,7.002839555657353,100.0,32.30075256997816,35.39980501671653,1.5603688705906338,0.6849704326081284,0.8753984379825054,56.10201885475631,valid,family_mn_hard_segment_mapped,primary_train,数据/原始/外部数据/新增开放数据/DRUM_TPUU_机械回收/解包内容/RAW_TPUU_characterization/Polyol_1k-45HS_Hysteresis.xlsx#sheet=PCL-1k-44HS;cycle=10,CC0-1.0,reference-53;reference-54
source_drum_tpuu_recycling_05ek6k60,PCL-2k-17HS,TPUU,PCL,2000.0,0.17,IPDI,water_to_urea,1,1482,50.000544715447155,3.523550956196581,100.0,30.644414332896567,38.711839026367066,1.6179141700339705,0.29832336785826136,1.3195908021757092,81.56123647449125,valid,family_mn_hard_segment_mapped,primary_train,数据/原始/外部数据/新增开放数据/DRUM_TPUU_机械回收/解包内容/RAW_TPUU_characterization/Polyol-2k-18HS_Hysteresis.xlsx#sheet=PCL-2k-17HS;cycle=1,CC0-1.0,reference-53;reference-54
source_drum_tpuu_recycling_05ek6k60,PCL-2k-17HS,TPUU,PCL,2000.0,0.17,IPDI,water_to_urea,2,1482,50.00081300813008,4.221825854700856,100.0,31.16776844902157,37.66547667144188,1.1496616226926353,0.6969090096104548,0.4527526130821805,39.38138006396905,valid,family_mn_hard_segment_mapped,primary_train,数据/原始/外部数据/新增开放数据/DRUM_TPUU_机械回收/解包内容/RAW_TPUU_characterization/Polyol-2k-18HS_Hysteresis.xlsx#sheet=PCL-2k-17HS;cycle=2,CC0-1.0,reference-53;reference-54
source_drum_tpuu_recycling_05ek6k60,PCL-2k-17HS,TPUU,PCL,2000.0,0.17,IPDI,water_to_urea,3,1482,50.00026829268292,4.1655325854700855,100.0,31.366148754505257,37.26803910151137,1.0605791854194824,0.6784834280966624,0.38209575732282,36.02708431164361,valid,family_mn_hard_segment_mapped,primary_train,数据/原始/外部数据/新增开放数据/DRUM_TPUU_机械回收/解包内容/RAW_TPUU_characterization/Polyol-2k-18HS_Hysteresis.xlsx#sheet=PCL-2k-17HS;cycle=3,CC0-1.0,reference-53;reference-54
source_drum_tpuu_recycling_05ek6k60,PCL-2k-17HS,TPUU,PCL,2000.0,0.17,IPDI,water_to_urea,4,1482,50.00026829268292,4.104271901709401,100.0,31.52350728096875,36.95332373730097,1.0092003479773022,0.6615145993719594,0.34768574860534274,34.451608077840504,valid,family_mn_hard_segment_mapped,primary_train,数据/原始/外部数据/新增开放数据/DRUM_TPUU_机械回收/解包内容/RAW_TPUU_characterization/Polyol-2k-18HS_Hysteresis.xlsx#sheet=PCL-2k-17HS;cycle=4,CC0-1.0,reference-53;reference-54
source_drum_tpuu_recycling_05ek6k60,PCL-2k-17HS,TPUU,PCL,2000.0,0.17,IPDI,water_to_urea,5,1482,50.0,4.077653311965812,100.0,31.75368410978828,36.49263178042344,0.9830552288552233,0.6526752491725119,0.3303799796827115,33.60746883646018,valid,family_mn_hard_segment_mapped,primary_train,数据/原始/外部数据/新增开放数据/DRUM_TPUU_机械回收/解包内容/RAW_TPUU_characterization/Polyol-2k-18HS_Hysteresis.xlsx#sheet=PCL-2k-17HS;cycle=5,CC0-1.0,reference-53;reference-54
source_drum_tpuu_recycling_05ek6k60,PCL-2k-17HS,TPUU,PCL,2000.0,0.17,IPDI,water_to_urea,6,1482,50.0,4.064450854700855,100.0,32.00560418155074,35.988791636898526,0.9624022479657208,0.6412568006842576,0.3211454472814632,33.36914974588691,valid,family_mn_hard_segment_mapped,primary_train,数据/原始/外部数据/新增开放数据/DRUM_TPUU_机械回收/解包内容/RAW_TPUU_characterization/Polyol-2k-18HS_Hysteresis.xlsx#sheet=PCL-2k-17HS;cycle=6,CC0-1.0,reference-53;reference-54
source_drum_tpuu_recycling_05ek6k60,PCL-2k-17HS,TPUU,PCL,2000.0,0.17,IPDI,water_to_urea,7,1482,50.000544715447155,4.064536324786325,100.0,32.019625113935184,35.96144742790562,0.9439133485320979,0.6316808211545699,0.31223252737752794,33.07851593190076,valid,family_mn_hard_segment_mapped,primary_train,数据/原始/外部数据/新增开放数据/DRUM_TPUU_机械回收/解包内容/RAW_TPUU_characterization/Polyol-2k-18HS_Hysteresis.xlsx#sheet=PCL-2k-17HS;cycle=7,CC0-1.0,reference-53;reference-54
source_drum_tpuu_recycling_05ek6k60,PCL-2k-17HS,TPUU,PCL,2000.0,0.17,IPDI,water_to_urea,8,1482,50.000544715447155,4.051758012820513,100.0,32.19888500218327,35.602931557192115,0.9313322299538657,0.6283775357103318,0.30295469424353383,32.5291753575994,valid,family_mn_hard_segment_mapped,primary_train,数据/原始/外部数据/新增开放数据/DRUM_TPUU_机械回收/解包内容/RAW_TPUU_characterization/Polyol-2k-18HS_Hysteresis.xlsx#sheet=PCL-2k-17HS;cycle=8,CC0-1.0,reference-53;reference-54
source_drum_tpuu_recycling_05ek6k60,PCL-2k-17HS,TPUU,PCL,2000.0,0.17,IPDI,water_to_urea,9,1482,50.00026829268292,4.043776175213675,100.0,32.4622060096789,35.07593635366663,0.9215673968667487,0.6240083719132945,0.2975590249534542,32.28836284412076,valid,family_mn_hard_segment_mapped,primary_train,数据/原始/外部数据/新增开放数据/DRUM_TPUU_机械回收/解包内容/RAW_TPUU_characterization/Polyol-2k-18HS_Hysteresis.xlsx#sheet=PCL-2k-17HS;cycle=9,CC0-1.0,reference-53;reference-54
source_drum_tpuu_recycling_05ek6k60,PCL-2k-17HS,TPUU,PCL,2000.0,0.17,IPDI,water_to_urea,10,1482,50.00026829268292,4.027644230769231,100.0,32.549613490960155,34.901122329130594,0.9074007146370854,0.6149278910642341,0.2924728235728513,32.23193665764587,valid,family_mn_hard_segment_mapped,primary_train,数据/原始/外部数据/新增开放数据/DRUM_TPUU_机械回收/解包内容/RAW_TPUU_characterization/Polyol-2k-18HS_Hysteresis.xlsx#sheet=PCL-2k-17HS;cycle=10,CC0-1.0,reference-53;reference-54
source_drum_tpuu_recycling_05ek6k60,PCL-2k-30HS,TPUU,PCL,2000.0,0.3,IPDI,water_to_urea,1,1563,50.000253846153846,3.283124466586393,100.0,8.973637855824217,82.0528154048272,1.147988553905985,0.7020150839849121,0.445973469921073,38.84825056867214,valid,family_mn_hard_segment_mapped,primary_train,数据/原始/外部数据/新增开放数据/DRUM_TPUU_机械回收/解包内容/RAW_TPUU_characterization/Polyol-2k-31HS_Hysteresis.xlsx#sheet=PCL-2k-30HS;cycle=1,CC0-1.0,reference-53;reference-54
source_drum_tpuu_recycling_05ek6k60,PCL-2k-30HS,TPUU,PCL,2000.0,0.3,IPDI,water_to_urea,2,1563,50.0,3.393600963275135,100.0,10.520122879776801,78.9597542404464,1.0156053676049814,0.7939832079031781,0.22162215970180332,21.821680622310677,valid,family_mn_hard_segment_mapped,primary_train,数据/原始/外部数据/新增开放数据/DRUM_TPUU_机械回收/解包内容/RAW_TPUU_characterization/Polyol-2k-31HS_Hysteresis.xlsx#sheet=PCL-2k-30HS;cycle=2,CC0-1.0,reference-53;reference-54
source_drum_tpuu_recycling_05ek6k60,PCL-2k-30HS,TPUU,PCL,2000.0,0.3,IPDI,water_to_urea,3,1563,50.0,3.285229741119807,100.0,11.404862884838924,77.19027423032216,0.9567034752756132,0.7596925745335339,0.19701090074207928,20.592681623250414,valid,family_mn_hard_segment_mapped,primary_train,数据/原始/外部数据/新增开放数据/DRUM_TPUU_机械回收/解包内容/RAW_TPUU_characterization/Polyol-2k-31HS_Hysteresis.xlsx#sheet=PCL-2k-30HS;cycle=3,CC0-1.0,reference-53;reference-54
source_drum_tpuu_recycling_05ek6k60,PCL-2k-30HS,TPUU,PCL,2000.0,0.3,IPDI,water_to_urea,4,1563,50.0,3.222214990969295,100.0,11.713306673331697,76.5733866533366,0.9219036827206847,0.7359353702632009,0.1859683124574838,20.172206266565905,valid,family_mn_hard_segment_mapped,primary_train,数据/原始/外部数据/新增开放数据/DRUM_TPUU_机械回收/解包内容/RAW_TPUU_characterization/Polyol-2k-31HS_Hysteresis.xlsx#sheet=PCL-2k-30HS;cycle=4,CC0-1.0,reference-53;reference-54
source_drum_tpuu_recycling_05ek6k60,PCL-2k-30HS,TPUU,PCL,2000.0,0.3,IPDI,water_to_urea,5,1563,50.000253846153846,3.15900999397953,100.0,12.168705544195724,75.66271247014524,0.8953859980551524,0.7178966403361592,0.1774893577189932,19.82266398006154,valid,family_mn_hard_segment_mapped,primary_train,数据/原始/外部数据/新增开放数据/DRUM_TPUU_机械回收/解包内容/RAW_TPUU_characterization/Polyol-2k-31HS_Hysteresis.xlsx#sheet=PCL-2k-30HS;cycle=5,CC0-1.0,reference-53;reference-54
source_drum_tpuu_recycling_05ek6k60,PCL-2k-30HS,TPUU,PCL,2000.0,0.3,IPDI,water_to_urea,6,1563,50.0,3.1259968693558093,100.00000000000001,12.68923076923077,74.62153846153846,0.8773567915280153,0.7028088867091975,0.17454790481881777,19.8947459578928,valid,family_mn_hard_segment_mapped,primary_train,数据/原始/外部数据/新增开放数据/DRUM_TPUU_机械回收/解包内容/RAW_TPUU_characterization/Polyol-2k-31HS_Hysteresis.xlsx#sheet=PCL-2k-30HS;cycle=6,CC0-1.0,reference-53;reference-54
source_drum_tpuu_recycling_05ek6k60,PCL-2k-30HS,TPUU,PCL,2000.0,0.3,IPDI,water_to_urea,7,1568,50.0,3.0939874774232385,100.0,12.849094870041029,74.30181025991794,0.8650552003277789,0.6944942772689785,0.17056092305880044,19.7167675535819,valid,family_mn_hard_segment_mapped,primary_train,数据/原始/外部数据/新增开放数据/DRUM_TPUU_机械回收/解包内容/RAW_TPUU_characterization/Polyol-2k-31HS_Hysteresis.xlsx#sheet=PCL-2k-30HS;cycle=7,CC0-1.0,reference-53;reference-54
source_drum_tpuu_recycling_05ek6k60,PCL-2k-30HS,TPUU,PCL,2000.0,0.3,IPDI,water_to_urea,8,1563,50.0,3.0807336544250448,100.0,12.969549293611264,74.06090141277747,0.8526517482523603,0.685266524020778,0.1673852242315823,19.63113599129584,valid,family_mn_hard_segment_mapped,primary_train,数据/原始/外部数据/新增开放数据/DRUM_TPUU_机械回收/解包内容/RAW_TPUU_characterization/Polyol-2k-31HS_Hysteresis.xlsx#sheet=PCL-2k-30HS;cycle=8,CC0-1.0,reference-53;reference-54
source_drum_tpuu_recycling_05ek6k60,PCL-2k-30HS,TPUU,PCL,2000.0,0.3,IPDI,water_to_urea,9,1563,50.000253846153846,3.038485249849487,100.0,13.506000092187605,72.98813695277565,0.8390208506465098,0.6747092377475981,0.16431161289891172,19.58373415539089,valid,family_mn_hard_segment_mapped,primary_train,数据/原始/外部数据/新增开放数据/DRUM_TPUU_机械回收/解包内容/RAW_TPUU_characterization/Polyol-2k-31HS_Hysteresis.xlsx#sheet=PCL-2k-30HS;cycle=9,CC0-1.0,reference-53;reference-54
source_drum_tpuu_recycling_05ek6k60,PCL-2k-30HS,TPUU,PCL,2000.0,0.3,IPDI,water_to_urea,10,1563,50.0,3.03231282360024,100.0,13.597508840254472,72.80498231949106,0.8332057151592379,0.6701275585751792,0.16307815658405866,19.572376139173745,valid,family_mn_hard_segment_mapped,primary_train,数据/原始/外部数据/新增开放数据/DRUM_TPUU_机械回收/解包内容/RAW_TPUU_characterization/Polyol-2k-31HS_Hysteresis.xlsx#sheet=PCL-2k-30HS;cycle=10,CC0-1.0,reference-53;reference-54
source_drum_tpuu_recycling_05ek6k60,PCL-5k-29HS,TPUU,PCL,5000.0,0.29,IPDI,water_to_urea,1,1446,50.00028286189684,9.219823423913043,100.0,48.75063872098765,2.4992741428298846,3.3934175283429875,-1.4077273069062801,4.801144835249268,141.4840583320048,review_energy_balance,family_mn_hard_segment_mapped,primary_train,数据/原始/外部数据/新增开放数据/DRUM_TPUU_机械回收/解包内容/RAW_TPUU_characterization/Polyol-5k-29HS_Hysteresis.xlsx#sheet=PCL-5k-29HS;cycle=1,CC0-1.0,reference-53;reference-54
source_drum_tpuu_recycling_05ek6k60,PCL-5k-29HS,TPUU,PCL,5000.0,0.29,IPDI,water_to_urea,2,1445,50.0,11.542604619565216,100.0,48.27057001528604,3.4588599694279196,1.9291896112600166,0.7466530432073392,1.1825365680526776,61.29706282630894,valid,family_mn_hard_segment_mapped,primary_train,数据/原始/外部数据/新增开放数据/DRUM_TPUU_机械回收/解包内容/RAW_TPUU_characterization/Polyol-5k-29HS_Hysteresis.xlsx#sheet=PCL-5k-29HS;cycle=2,CC0-1.0,reference-53;reference-54
source_drum_tpuu_recycling_05ek6k60,PCL-5k-29HS,TPUU,PCL,5000.0,0.29,IPDI,water_to_urea,3,1445,50.00028286189684,11.5149981884058,100.0,48.22790795618055,3.544729758052918,1.6981168793673027,0.7367148074520733,0.9614020719152294,56.61577737060337,valid,family_mn_hard_segment_mapped,primary_train,数据/原始/外部数据/新增开放数据/DRUM_TPUU_机械回收/解包内容/RAW_TPUU_characterization/Polyol-5k-29HS_Hysteresis.xlsx#sheet=PCL-5k-29HS;cycle=3,CC0-1.0,reference-53;reference-54
source_drum_tpuu_recycling_05ek6k60,PCL-5k-29HS,TPUU,PCL,5000.0,0.29,IPDI,water_to_urea,4,1445,50.00028286189684,11.47464945652174,100.0,48.23564367701816,3.5292584039028325,1.594887462083014,0.7260575893525262,0.8688298727304878,54.47593597580524,valid,family_mn_hard_segment_mapped,primary_train,数据/原始/外部数据/新增开放数据/DRUM_TPUU_机械回收/解包内容/RAW_TPUU_characterization/Polyol-5k-29HS_Hysteresis.xlsx#sheet=PCL-5k-29HS;cycle=4,CC0-1.0,reference-53;reference-54
source_drum_tpuu_recycling_05ek6k60,PCL-5k-29HS,TPUU,PCL,5000.0,0.29,IPDI,water_to_urea,5,1445,50.0,11.398848278985508,100.0,48.27394760808458,3.4521047838308334,1.5267550067057778,0.7128716144473345,0.8138833922584433,53.308054578745356,valid,family_mn_hard_segment_mapped,primary_train,数据/原始/外部数据/新增开放数据/DRUM_TPUU_机械回收/解包内容/RAW_TPUU_characterization/Polyol-5k-29HS_Hysteresis.xlsx#sheet=PCL-5k-29HS;cycle=5,CC0-1.0,reference-53;reference-54
source_drum_tpuu_recycling_05ek6k60,PCL-5k-29HS,TPUU,PCL,5000.0,0.29,IPDI,water_to_urea,6,1445,50.0,11.3565919384058,100.0,48.29677730781844,3.406445384363124,1.4828121420441378,0.704349318217495,0.7784628238266428,52.49908614542967,valid,family_mn_hard_segment_mapped,primary_train,数据/原始/外部数据/新增开放数据/DRUM_TPUU_机械回收/解包内容/RAW_TPUU_characterization/Polyol-5k-29HS_Hysteresis.xlsx#sheet=PCL-5k-29HS;cycle=6,CC0-1.0,reference-53;reference-54
source_drum_tpuu_recycling_05ek6k60,PCL-5k-29HS,TPUU,PCL,5000.0,0.29,IPDI,water_to_urea,7,1445,50.0,11.325890398550726,100.0,48.30457834320422,3.39084331359156,1.4495115667631397,0.6968478155894564,0.7526637511736833,51.925335984343604,valid,family_mn_hard_segment_mapped,primary_train,数据/原始/外部数据/新增开放数据/DRUM_TPUU_机械回收/解包内容/RAW_TPUU_characterization/Polyol-5k-29HS_Hysteresis.xlsx#sheet=PCL-5k-29HS;cycle=7,CC0-1.0,reference-53;reference-54
source_drum_tpuu_recycling_05ek6k60,PCL-5k-29HS,TPUU,PCL,5000.0,0.29,IPDI,water_to_urea,8,1445,50.00055740432612,11.294468297101451,100.0,48.32697457564048,3.3471283432949193,1.4183944135412372,0.6871379765638975,0.7312564369773397,51.55522540106787,valid,family_mn_hard_segment_mapped,primary_train,数据/原始/外部数据/新增开放数据/DRUM_TPUU_机械回收/解包内容/RAW_TPUU_characterization/Polyol-5k-29HS_Hysteresis.xlsx#sheet=PCL-5k-29HS;cycle=8,CC0-1.0,reference-53;reference-54
source_drum_tpuu_recycling_05ek6k60,PCL-5k-29HS,TPUU,PCL,5000.0,0.29,IPDI,water_to_urea,9,1445,49.99972545757071,11.277407155797103,99.99999999999999,48.34620345989487,3.3070621539292278,1.3967107791773725,0.6816194691841322,0.7150913099932403,51.19823807863866,valid,family_mn_hard_segment_mapped,primary_train,数据/原始/外部数据/新增开放数据/DRUM_TPUU_机械回收/解包内容/RAW_TPUU_characterization/Polyol-5k-29HS_Hysteresis.xlsx#sheet=PCL-5k-29HS;cycle=9,CC0-1.0,reference-53;reference-54
source_drum_tpuu_recycling_05ek6k60,PCL-5k-29HS,TPUU,PCL,5000.0,0.29,IPDI,water_to_urea,10,1445,50.0,11.250988677536231,100.0,48.3569388940379,3.2861222119241944,1.3789548261972358,0.6800430441735422,0.6989117820236935,50.68416809208267,valid,family_mn_hard_segment_mapped,primary_train,数据/原始/外部数据/新增开放数据/DRUM_TPUU_机械回收/解包内容/RAW_TPUU_characterization/Polyol-5k-29HS_Hysteresis.xlsx#sheet=PCL-5k-29HS;cycle=10,CC0-1.0,reference-53;reference-54
source_drum_tpuu_recycling_05ek6k60,PMCL-1k-28HS,TPUU,PMCL,1000.0,0.28,IPDI,water_to_urea,1,1772,50.00023019634394,1.7572737547134238,100.0,6.2545878682108995,87.49088185464346,0.5577137992346151,0.41338737117305036,0.1443264280615647,25.87822432574427,valid,family_mn_hard_segment_mapped,primary_train,数据/原始/外部数据/新增开放数据/DRUM_TPUU_机械回收/解包内容/RAW_TPUU_characterization/Polyol-1k-28HS_Hysteresis.xlsx#sheet=PMCL-1k-28HS;cycle=1,CC0-1.0,reference-53;reference-54
source_drum_tpuu_recycling_05ek6k60,PMCL-1k-28HS,TPUU,PMCL,1000.0,0.28,IPDI,water_to_urea,2,1772,50.00023019634394,1.7754036576168928,100.0,7.916225068264793,84.16762275457758,0.5309335012810827,0.4332920572000357,0.09764144408104702,18.390522324443495,valid,family_mn_hard_segment_mapped,primary_train,数据/原始/外部数据/新增开放数据/DRUM_TPUU_机械回收/解包内容/RAW_TPUU_characterization/Polyol-1k-28HS_Hysteresis.xlsx#sheet=PMCL-1k-28HS;cycle=2,CC0-1.0,reference-53;reference-54
source_drum_tpuu_recycling_05ek6k60,PMCL-1k-28HS,TPUU,PMCL,1000.0,0.28,IPDI,water_to_urea,3,1772,50.00045362220718,1.7111731397687278,100.0,8.503637202102466,82.9928798919423,0.495981747606384,0.40651039259230953,0.0894713550140745,18.039243469314087,valid,family_mn_hard_segment_mapped,primary_train,数据/原始/外部数据/新增开放数据/DRUM_TPUU_机械回收/解包内容/RAW_TPUU_characterization/Polyol-1k-28HS_Hysteresis.xlsx#sheet=PMCL-1k-28HS;cycle=3,CC0-1.0,reference-53;reference-54
source_drum_tpuu_recycling_05ek6k60,PMCL-1k-28HS,TPUU,PMCL,1000.0,0.28,IPDI,water_to_urea,4,1772,49.99977657413676,1.6848025389643035,100.0,9.213240719604844,81.57343622137195,0.48050023986713425,0.3961457654811385,0.08435447438599575,17.555553023099648,valid,family_mn_hard_segment_mapped,primary_train,数据/原始/外部数据/新增开放数据/DRUM_TPUU_机械回收/解包内容/RAW_TPUU_characterization/Polyol-1k-28HS_Hysteresis.xlsx#sheet=PMCL-1k-28HS;cycle=4,CC0-1.0,reference-53;reference-54
source_drum_tpuu_recycling_05ek6k60,PMCL-1k-28HS,TPUU,PMCL,1000.0,0.28,IPDI,water_to_urea,5,1772,50.00023019634394,1.6597299522373052,100.0,9.649688839637392,80.70071117323978,0.4674563077428321,0.384164460195055,0.08329184754777708,17.818103246902705,valid,family_mn_hard_segment_mapped,primary_train,数据/原始/外部数据/新增开放数据/DRUM_TPUU_机械回收/解包内容/RAW_TPUU_characterization/Polyol-1k-28HS_Hysteresis.xlsx#sheet=PMCL-1k-28HS;cycle=5,CC0-1.0,reference-53;reference-54
source_drum_tpuu_recycling_05ek6k60,PMCL-1k-28HS,TPUU,PMCL,1000.0,0.28,IPDI,water_to_urea,6,1772,50.00023019634394,1.652887380593263,99.99999999999999,9.873423571608726,80.25324376940434,0.4630568000863996,0.3813664392382799,0.0816903608481197,17.641542210993876,valid,family_mn_hard_segment_mapped,primary_train,数据/原始/外部数据/新增开放数据/DRUM_TPUU_机械回收/解包内容/RAW_TPUU_characterization/Polyol-1k-28HS_Hysteresis.xlsx#sheet=PMCL-1k-28HS;cycle=6,CC0-1.0,reference-53;reference-54
source_drum_tpuu_recycling_05ek6k60,PMCL-1k-28HS,TPUU,PMCL,1000.0,0.28,IPDI,water_to_urea,7,1772,50.00023019634394,1.6362554047259927,100.0,10.404693962436191,79.19070787958694,0.45782614118852744,0.3777327751586904,0.08009336602983702,17.494275408108578,valid,family_mn_hard_segment_mapped,primary_train,数据/原始/外部数据/新增开放数据/DRUM_TPUU_机械回收/解包内容/RAW_TPUU_characterization/Polyol-1k-28HS_Hysteresis.xlsx#sheet=PMCL-1k-28HS;cycle=7,CC0-1.0,reference-53;reference-54
source_drum_tpuu_recycling_05ek6k60,PMCL-1k-28HS,TPUU,PMCL,1000.0,0.28,IPDI,water_to_urea,8,1772,50.00023019634394,1.6245688788335844,100.0,10.643408164502645,78.71328167348938,0.4493190796095169,0.37084451016534664,0.07847456944417025,17.465220820885012,valid,family_mn_hard_segment_mapped,primary_train,数据/原始/外部数据/新增开放数据/DRUM_TPUU_机械回收/解包内容/RAW_TPUU_characterization/Polyol-1k-28HS_Hysteresis.xlsx#sheet=PMCL-1k-28HS;cycle=8,CC0-1.0,reference-53;reference-54
source_drum_tpuu_recycling_05ek6k60,PMCL-1k-28HS,TPUU,PMCL,1000.0,0.28,IPDI,water_to_urea,9,1772,50.00023019634394,1.6204237053795876,100.0,10.793944834894406,78.41220971881911,0.44191077148683705,0.3641094253538014,0.07780134613303563,17.605668644660554,valid,family_mn_hard_segment_mapped,primary_train,数据/原始/外部数据/新增开放数据/DRUM_TPUU_机械回收/解包内容/RAW_TPUU_characterization/Polyol-1k-28HS_Hysteresis.xlsx#sheet=PMCL-1k-28HS;cycle=9,CC0-1.0,reference-53;reference-54
source_drum_tpuu_recycling_05ek6k60,PMCL-1k-28HS,TPUU,PMCL,1000.0,0.28,IPDI,water_to_urea,10,1772,50.00023019634394,1.6063890774258418,100.00000000000001,10.87748815323994,78.24512385137918,0.43827275949147393,0.3609780547188796,0.07729470477259431,17.63621012227158,valid,family_mn_hard_segment_mapped,primary_train,数据/原始/外部数据/新增开放数据/DRUM_TPUU_机械回收/解包内容/RAW_TPUU_characterization/Polyol-1k-28HS_Hysteresis.xlsx#sheet=PMCL-1k-28HS;cycle=10,CC0-1.0,reference-53;reference-54
source_drum_tpuu_recycling_05ek6k60,PMCL-1k-28HS,TPUU,PMCL,1000.0,0.28,IPDI,water_to_urea,11,1772,50.00023019634394,1.5875097410759176,100.0,11.099959485276251,77.80018323578061,0.4315561188759687,0.3548444087103176,0.07671171016565109,17.775604796301916,valid,family_mn_hard_segment_mapped,primary_train,数据/原始/外部数据/新增开放数据/DRUM_TPUU_机械回收/解包内容/RAW_TPUU_characterization/Polyol-1k-28HS_Hysteresis.xlsx#sheet=PMCL-1k-28HS;cycle=11,CC0-1.0,reference-53;reference-54
source_drum_tpuu_recycling_05ek6k60,PMCL-1k-28HS,TPUU,PMCL,1000.0,0.28,IPDI,water_to_urea,12,1772,50.000677048070415,1.6018932252388136,100.00000000000001,11.285572915784982,77.42915979930615,0.43446339414704704,0.35755107215349197,0.07691232199355508,17.702831361558527,valid,family_mn_hard_segment_mapped,primary_train,数据/原始/外部数据/新增开放数据/DRUM_TPUU_机械回收/解包内容/RAW_TPUU_characterization/Polyol-1k-28HS_Hysteresis.xlsx#sheet=PMCL-1k-28HS;cycle=12,CC0-1.0,reference-53;reference-54
source_drum_tpuu_recycling_05ek6k60,PMCL-1k-28HS,TPUU,PMCL,1000.0,0.28,IPDI,water_to_urea,13,1772,50.00023019634394,1.5871598793363497,100.0,11.456892351211513,77.08632079048057,0.42671986111572685,0.351368395784937,0.07535146533078985,17.65829814758832,valid,family_mn_hard_segment_mapped,primary_train,数据/原始/外部数据/新增开放数据/DRUM_TPUU_机械回收/解包内容/RAW_TPUU_characterization/Polyol-1k-28HS_Hysteresis.xlsx#sheet=PMCL-1k-28HS;cycle=13,CC0-1.0,reference-53;reference-54
source_drum_tpuu_recycling_05ek6k60,PMCL-1k-28HS,TPUU,PMCL,1000.0,0.28,IPDI,water_to_urea,14,1772,50.00023019634394,1.5793184389140271,100.0,11.853282196826711,76.2935447491331,0.42697225726277294,0.3518037149379297,0.07516854232484321,17.60501790133451,valid,family_mn_hard_segment_mapped,primary_train,数据/原始/外部数据/新增开放数据/DRUM_TPUU_机械回收/解包内容/RAW_TPUU_characterization/Polyol-1k-28HS_Hysteresis.xlsx#sheet=PMCL-1k-28HS;cycle=14,CC0-1.0,reference-53;reference-54
source_drum_tpuu_recycling_05ek6k60,PMCL-1k-28HS,TPUU,PMCL,1000.0,0.28,IPDI,water_to_urea,15,1772,50.00023019634394,1.5714773127199597,100.0,11.880051776331028,76.2400058366137,0.4193058888283208,0.34449165045835317,0.07481423836996764,17.842401064059306,valid,family_mn_hard_segment_mapped,primary_train,数据/原始/外部数据/新增开放数据/DRUM_TPUU_机械回收/解包内容/RAW_TPUU_characterization/Polyol-1k-28HS_Hysteresis.xlsx#sheet=PMCL-1k-28HS;cycle=15,CC0-1.0,reference-53;reference-54
source_drum_tpuu_recycling_05ek6k60,PMCL-1k-28HS,TPUU,PMCL,1000.0,0.28,IPDI,water_to_urea,16,1772,50.00023019634394,1.5557937405731523,99.99999999999999,12.423500031959227,75.15311432932633,0.4134348131199896,0.33881518096993785,0.07461963215005174,18.048705571486348,valid,family_mn_hard_segment_mapped,primary_train,数据/原始/外部数据/新增开放数据/DRUM_TPUU_机械回收/解包内容/RAW_TPUU_characterization/Polyol-1k-28HS_Hysteresis.xlsx#sheet=PMCL-1k-28HS;cycle=16,CC0-1.0,reference-53;reference-54
source_drum_tpuu_recycling_05ek6k60,PMCL-1k-28HS,TPUU,PMCL,1000.0,0.28,IPDI,water_to_urea,17,1772,50.00023019634394,1.563385935143288,100.00000000000001,12.042807491197832,75.91449590550403,0.4150823921264666,0.34142377358308895,0.07365861854337763,17.74554159380855,valid,family_mn_hard_segment_mapped,primary_train,数据/原始/外部数据/新增开放数据/DRUM_TPUU_机械回收/解包内容/RAW_TPUU_characterization/Polyol-1k-28HS_Hysteresis.xlsx#sheet=PMCL-1k-28HS;cycle=17,CC0-1.0,reference-53;reference-54
source_drum_tpuu_recycling_05ek6k60,PMCL-1k-28HS,TPUU,PMCL,1000.0,0.28,IPDI,water_to_urea,18,1772,49.999546377792825,1.5486521493212673,100.0,12.07416710449682,75.85144670460544,0.4113145141524187,0.338213614406567,0.07310089974585171,17.772506738909556,valid,family_mn_hard_segment_mapped,primary_train,数据/原始/外部数据/新增开放数据/DRUM_TPUU_机械回收/解包内容/RAW_TPUU_characterization/Polyol-1k-28HS_Hysteresis.xlsx#sheet=PMCL-1k-28HS;cycle=18,CC0-1.0,reference-53;reference-54
source_drum_tpuu_recycling_05ek6k60,PMCL-1k-28HS,TPUU,PMCL,1000.0,0.28,IPDI,water_to_urea,19,1772,50.00023019634394,1.543757918552036,100.0,12.134776685527626,75.73055836367944,0.4076294545102828,0.33424773807005304,0.07338171644022978,18.00206428369829,valid,family_mn_hard_segment_mapped,primary_train,数据/原始/外部数据/新增开放数据/DRUM_TPUU_机械回收/解包内容/RAW_TPUU_characterization/Polyol-1k-28HS_Hysteresis.xlsx#sheet=PMCL-1k-28HS;cycle=19,CC0-1.0,reference-53;reference-54
source_drum_tpuu_recycling_05ek6k60,PMCL-1k-28HS,TPUU,PMCL,1000.0,0.28,IPDI,water_to_urea,20,1772,49.999546377792825,1.5229800779286071,100.0,12.443112169095441,75.11354988088048,0.4013272771475915,0.3290789541576306,0.07224832298996087,18.002345493050285,valid,family_mn_hard_segment_mapped,primary_train,数据/原始/外部数据/新增开放数据/DRUM_TPUU_机械回收/解包内容/RAW_TPUU_characterization/Polyol-1k-28HS_Hysteresis.xlsx#sheet=PMCL-1k-28HS;cycle=20,CC0-1.0,reference-53;reference-54
source_drum_tpuu_recycling_05ek6k60,PMCL-1k-46HS,TPUU,PMCL,1000.0,0.46,IPDI,water_to_urea,1,1494,50.00026570048309,10.089250476607333,100.0,27.33388684506605,45.332516813401746,4.074889915988785,0.7670878554204292,3.307802060568356,81.17524960832488,valid,family_mn_hard_segment_mapped,primary_train,数据/原始/外部数据/新增开放数据/DRUM_TPUU_机械回收/解包内容/RAW_TPUU_characterization/Polyol_1k-45HS_Hysteresis.xlsx#sheet=PMCL-1k-46HS;cycle=1,CC0-1.0,reference-53;reference-54
source_drum_tpuu_recycling_05ek6k60,PMCL-1k-46HS,TPUU,PMCL,1000.0,0.46,IPDI,water_to_urea,2,1494,49.99973429951691,10.199905651201245,100.0,29.683613917500555,40.63245668530012,2.7564279561004534,1.1302273404657759,1.6262006156346775,58.996666756176715,valid,family_mn_hard_segment_mapped,primary_train,数据/原始/外部数据/新增开放数据/DRUM_TPUU_机械回收/解包内容/RAW_TPUU_characterization/Polyol_1k-45HS_Hysteresis.xlsx#sheet=PMCL-1k-46HS;cycle=2,CC0-1.0,reference-53;reference-54
source_drum_tpuu_recycling_05ek6k60,PMCL-1k-46HS,TPUU,PMCL,1000.0,0.46,IPDI,water_to_urea,3,1494,50.000539452495964,9.717936484777745,100.0,30.75840672266889,38.48385025547265,2.4533231505154953,1.046182827244736,1.4071403232707593,57.356501240983654,valid,family_mn_hard_segment_mapped,primary_train,数据/原始/外部数据/新增开放数据/DRUM_TPUU_机械回收/解包内容/RAW_TPUU_characterization/Polyol_1k-45HS_Hysteresis.xlsx#sheet=PMCL-1k-46HS;cycle=3,CC0-1.0,reference-53;reference-54
source_drum_tpuu_recycling_05ek6k60,PMCL-1k-46HS,TPUU,PMCL,1000.0,0.46,IPDI,water_to_urea,4,1494,50.0,9.44378902830464,100.0,31.487284252081555,37.02543149583689,2.2986044172380424,0.9963929867853569,1.3022114304526855,56.6522634641674,valid,family_mn_hard_segment_mapped,primary_train,数据/原始/外部数据/新增开放数据/DRUM_TPUU_机械回收/解包内容/RAW_TPUU_characterization/Polyol_1k-45HS_Hysteresis.xlsx#sheet=PMCL-1k-46HS;cycle=4,CC0-1.0,reference-53;reference-54
source_drum_tpuu_recycling_05ek6k60,PMCL-1k-46HS,TPUU,PMCL,1000.0,0.46,IPDI,water_to_urea,5,1494,50.000539452495964,9.212350938624647,100.0,32.032460378452775,35.93577043526526,2.1856901986858834,0.9559562307792157,1.2297339679066677,56.26295843052362,valid,family_mn_hard_segment_mapped,primary_train,数据/原始/外部数据/新增开放数据/DRUM_TPUU_机械回收/解包内容/RAW_TPUU_characterization/Polyol_1k-45HS_Hysteresis.xlsx#sheet=PMCL-1k-46HS;cycle=5,CC0-1.0,reference-53;reference-54
source_drum_tpuu_recycling_05ek6k60,PMCL-1k-46HS,TPUU,PMCL,1000.0,0.46,IPDI,water_to_urea,6,1494,50.00026570048309,9.061730376422528,100.0,32.45391531357796,35.092514291850264,2.1045497521169456,0.9228486109311258,1.1817011411858198,56.14983157310291,valid,family_mn_hard_segment_mapped,primary_train,数据/原始/外部数据/新增开放数据/DRUM_TPUU_机械回收/解包内容/RAW_TPUU_characterization/Polyol_1k-45HS_Hysteresis.xlsx#sheet=PMCL-1k-46HS;cycle=6,CC0-1.0,reference-53;reference-54
source_drum_tpuu_recycling_05ek6k60,PMCL-1k-46HS,TPUU,PMCL,1000.0,0.46,IPDI,water_to_urea,7,1494,50.000539452495964,8.933720455208636,100.0,32.69557144169175,34.60956261730967,2.0492272556147504,0.906204270681922,1.1430229849328284,55.77824430165172,valid,family_mn_hard_segment_mapped,primary_train,数据/原始/外部数据/新增开放数据/DRUM_TPUU_机械回收/解包内容/RAW_TPUU_characterization/Polyol_1k-45HS_Hysteresis.xlsx#sheet=PMCL-1k-46HS;cycle=7,CC0-1.0,reference-53;reference-54
source_drum_tpuu_recycling_05ek6k60,PMCL-1k-46HS,TPUU,PMCL,1000.0,0.46,IPDI,water_to_urea,8,1494,50.00026570048309,8.818735531563078,100.0,33.060779646634955,33.87879207546785,1.9998548042116786,0.8868457158169721,1.1130090883947066,55.65449481885975,valid,family_mn_hard_segment_mapped,primary_train,数据/原始/外部数据/新增开放数据/DRUM_TPUU_机械回收/解包内容/RAW_TPUU_characterization/Polyol_1k-45HS_Hysteresis.xlsx#sheet=PMCL-1k-46HS;cycle=8,CC0-1.0,reference-53;reference-54
source_drum_tpuu_recycling_05ek6k60,PMCL-1k-46HS,TPUU,PMCL,1000.0,0.46,IPDI,water_to_urea,9,1494,50.00026570048309,8.739038517653924,100.0,33.30600447353682,33.38834502790448,1.9568057517972492,0.8663470631535128,1.0904586886437364,55.72646583045829,valid,family_mn_hard_segment_mapped,primary_train,数据/原始/外部数据/新增开放数据/DRUM_TPUU_机械回收/解包内容/RAW_TPUU_characterization/Polyol_1k-45HS_Hysteresis.xlsx#sheet=PMCL-1k-46HS;cycle=9,CC0-1.0,reference-53;reference-54
source_drum_tpuu_recycling_05ek6k60,PMCL-1k-46HS,TPUU,PMCL,1000.0,0.46,IPDI,water_to_urea,10,1494,50.00026570048309,8.64770790779107,100.0,33.453800881873974,33.0927537820049,1.920572797922236,0.8543246949367359,1.0662481029855,55.517192794723336,valid,family_mn_hard_segment_mapped,primary_train,数据/原始/外部数据/新增开放数据/DRUM_TPUU_机械回收/解包内容/RAW_TPUU_characterization/Polyol_1k-45HS_Hysteresis.xlsx#sheet=PMCL-1k-46HS;cycle=10,CC0-1.0,reference-53;reference-54
source_drum_tpuu_recycling_05ek6k60,PMCL-1k-46HS,TPUU,PMCL,1000.0,0.46,IPDI,water_to_urea,11,1494,49.99973429951691,8.557497811496935,100.0,33.62243961197927,32.75476343420464,1.88769742290671,0.8418486537603811,1.045848769146329,55.40341139714608,valid,family_mn_hard_segment_mapped,primary_train,数据/原始/外部数据/新增开放数据/DRUM_TPUU_机械回收/解包内容/RAW_TPUU_characterization/Polyol_1k-45HS_Hysteresis.xlsx#sheet=PMCL-1k-46HS;cycle=11,CC0-1.0,reference-53;reference-54
source_drum_tpuu_recycling_05ek6k60,PMCL-1k-46HS,TPUU,PMCL,1000.0,0.46,IPDI,water_to_urea,12,1494,50.00026570048309,8.503425250462016,100.0,33.799761423463416,32.4008363756818,1.862619679975657,0.8322824314176461,1.030337248558011,55.31656621235081,valid,family_mn_hard_segment_mapped,primary_train,数据/原始/外部数据/新增开放数据/DRUM_TPUU_机械回收/解包内容/RAW_TPUU_characterization/Polyol_1k-45HS_Hysteresis.xlsx#sheet=PMCL-1k-46HS;cycle=12,CC0-1.0,reference-53;reference-54
source_drum_tpuu_recycling_05ek6k60,PMCL-1k-46HS,TPUU,PMCL,1000.0,0.46,IPDI,water_to_urea,13,1494,50.00026570048309,8.442435560743117,100.0,33.93481848465955,32.130723688670955,1.8385230438142715,0.8211963943481229,1.0173266494661486,55.33390799146924,valid,family_mn_hard_segment_mapped,primary_train,数据/原始/外部数据/新增开放数据/DRUM_TPUU_机械回收/解包内容/RAW_TPUU_characterization/Polyol_1k-45HS_Hysteresis.xlsx#sheet=PMCL-1k-46HS;cycle=13,CC0-1.0,reference-53;reference-54
source_drum_tpuu_recycling_05ek6k60,PMCL-1k-46HS,TPUU,PMCL,1000.0,0.46,IPDI,water_to_urea,14,1494,50.0,8.398992315922577,100.0,34.132752410163675,31.73449517967265,1.8179244995691242,0.8147679166536972,1.003156582915427,55.18142162412083,valid,family_mn_hard_segment_mapped,primary_train,数据/原始/外部数据/新增开放数据/DRUM_TPUU_机械回收/解包内容/RAW_TPUU_characterization/Polyol_1k-45HS_Hysteresis.xlsx#sheet=PMCL-1k-46HS;cycle=14,CC0-1.0,reference-53;reference-54
source_drum_tpuu_recycling_05ek6k60,PMCL-1k-46HS,TPUU,PMCL,1000.0,0.46,IPDI,water_to_urea,15,1494,49.99973429951691,8.348786110300555,100.0,34.202797760328004,31.594040969416778,1.7956578962182068,0.8062603125251369,0.98939758369307,55.09944771645073,valid,family_mn_hard_segment_mapped,primary_train,数据/原始/外部数据/新增开放数据/DRUM_TPUU_机械回收/解包内容/RAW_TPUU_characterization/Polyol_1k-45HS_Hysteresis.xlsx#sheet=PMCL-1k-46HS;cycle=15,CC0-1.0,reference-53;reference-54
source_drum_tpuu_recycling_05ek6k60,PMCL-1k-46HS,TPUU,PMCL,1000.0,0.46,IPDI,water_to_urea,16,1494,49.99973429951691,8.309517556657912,100.0,34.318953463565414,31.36172832843034,1.782324462932064,0.8003776984278593,0.9819467645042047,55.09360304065092,valid,family_mn_hard_segment_mapped,primary_train,数据/原始/外部数据/新增开放数据/DRUM_TPUU_机械回收/解包内容/RAW_TPUU_characterization/Polyol_1k-45HS_Hysteresis.xlsx#sheet=PMCL-1k-46HS;cycle=16,CC0-1.0,reference-53;reference-54
source_drum_tpuu_recycling_05ek6k60,PMCL-1k-46HS,TPUU,PMCL,1000.0,0.46,IPDI,water_to_urea,17,1494,49.99973429951691,8.267310572901469,100.0,34.4326075966016,31.134418854433225,1.7618685307410669,0.7908302939453348,0.9710382367957321,55.114114353770745,valid,family_mn_hard_segment_mapped,primary_train,数据/原始/外部数据/新增开放数据/DRUM_TPUU_机械回收/解包内容/RAW_TPUU_characterization/Polyol_1k-45HS_Hysteresis.xlsx#sheet=PMCL-1k-46HS;cycle=17,CC0-1.0,reference-53;reference-54
source_drum_tpuu_recycling_05ek6k60,PMCL-1k-46HS,TPUU,PMCL,1000.0,0.46,IPDI,water_to_urea,18,1494,49.99973429951691,8.230089971792628,100.0,34.534858211045766,30.929916538817615,1.7458933696534658,0.7876054341545907,0.958287935498875,54.888113567272505,valid,family_mn_hard_segment_mapped,primary_train,数据/原始/外部数据/新增开放数据/DRUM_TPUU_机械回收/解包内容/RAW_TPUU_characterization/Polyol_1k-45HS_Hysteresis.xlsx#sheet=PMCL-1k-46HS;cycle=18,CC0-1.0,reference-53;reference-54
source_drum_tpuu_recycling_05ek6k60,PMCL-1k-46HS,TPUU,PMCL,1000.0,0.46,IPDI,water_to_urea,19,1494,50.0,8.190551502772104,100.0,34.66537376529902,30.669252469401954,1.733097227312012,0.7808396053272932,0.9522576219847187,54.9454241215102,valid,family_mn_hard_segment_mapped,primary_train,数据/原始/外部数据/新增开放数据/DRUM_TPUU_机械回收/解包内容/RAW_TPUU_characterization/Polyol_1k-45HS_Hysteresis.xlsx#sheet=PMCL-1k-46HS;cycle=19,CC0-1.0,reference-53;reference-54
source_drum_tpuu_recycling_05ek6k60,PMCL-1k-46HS,TPUU,PMCL,1000.0,0.46,IPDI,water_to_urea,20,1494,50.0,8.149195603540512,100.0,34.73137759098161,30.537244818036783,1.712711822874291,0.7721777692618386,0.9405340536124525,54.914904016604396,valid,family_mn_hard_segment_mapped,primary_train,数据/原始/外部数据/新增开放数据/DRUM_TPUU_机械回收/解包内容/RAW_TPUU_characterization/Polyol_1k-45HS_Hysteresis.xlsx#sheet=PMCL-1k-46HS;cycle=20,CC0-1.0,reference-53;reference-54
source_drum_tpuu_recycling_05ek6k60,PMCL-2k-18HS,TPUU,PMCL,2000.0,0.18,IPDI,water_to_urea,1,1523,50.00026045777427,1.2841575240259737,100.0,5.619737552661374,88.76058344254567,0.4056392941485296,0.3208714359128939,0.0847678582356357,20.897348816655064,valid,family_mn_hard_segment_mapped,primary_train,数据/原始/外部数据/新增开放数据/DRUM_TPUU_机械回收/解包内容/RAW_TPUU_characterization/Polyol-2k-18HS_Hysteresis.xlsx#sheet=PMCL-2k-18HS;cycle=1,CC0-1.0,reference-53;reference-54
source_drum_tpuu_recycling_05ek6k60,PMCL-2k-18HS,TPUU,PMCL,2000.0,0.18,IPDI,water_to_urea,2,1524,49.99947119179164,1.3483035714285716,100.0,6.9054381830888225,86.18897756618179,0.4086176399960314,0.3555878216303946,0.053029818365636805,12.977858314230351,valid,family_mn_hard_segment_mapped,primary_train,数据/原始/外部数据/新增开放数据/DRUM_TPUU_机械回收/解包内容/RAW_TPUU_characterization/Polyol-2k-18HS_Hysteresis.xlsx#sheet=PMCL-2k-18HS;cycle=2,CC0-1.0,reference-53;reference-54
source_drum_tpuu_recycling_05ek6k60,PMCL-2k-18HS,TPUU,PMCL,2000.0,0.18,IPDI,water_to_urea,3,1524,50.00052880820836,1.3253905844155842,99.99999999999999,7.84606977380151,84.30802641328573,0.3954158847237429,0.34820898350078716,0.04720690122295573,11.938544465894891,valid,family_mn_hard_segment_mapped,primary_train,数据/原始/外部数据/新增开放数据/DRUM_TPUU_机械回收/解包内容/RAW_TPUU_characterization/Polyol-2k-18HS_Hysteresis.xlsx#sheet=PMCL-2k-18HS;cycle=3,CC0-1.0,reference-53;reference-54
source_drum_tpuu_recycling_05ek6k60,PMCL-2k-18HS,TPUU,PMCL,2000.0,0.18,IPDI,water_to_urea,4,1524,50.00052880820836,1.2909695454545456,100.0,8.434834346344543,83.1305097218095,0.3769280110498522,0.3308627814477715,0.046065229602080704,12.221227462977845,valid,family_mn_hard_segment_mapped,primary_train,数据/原始/外部数据/新增开放数据/DRUM_TPUU_机械回收/解包内容/RAW_TPUU_characterization/Polyol-2k-18HS_Hysteresis.xlsx#sheet=PMCL-2k-18HS;cycle=4,CC0-1.0,reference-53;reference-54
source_drum_tpuu_recycling_05ek6k60,PMCL-2k-18HS,TPUU,PMCL,2000.0,0.18,IPDI,water_to_urea,5,1524,49.99973954222573,1.284260714285714,100.00000000000001,8.865287812135962,82.26933201392167,0.37152081481761434,0.3277449625957968,0.04377585222181757,11.782880117580453,valid,family_mn_hard_segment_mapped,primary_train,数据/原始/外部数据/新增开放数据/DRUM_TPUU_机械回收/解包内容/RAW_TPUU_characterization/Polyol-2k-18HS_Hysteresis.xlsx#sheet=PMCL-2k-18HS;cycle=5,CC0-1.0,reference-53;reference-54
source_drum_tpuu_recycling_05ek6k60,PMCL-2k-18HS,TPUU,PMCL,2000.0,0.18,IPDI,water_to_urea,6,1524,50.00026045777427,1.2784809740259742,100.0,9.88498949311602,80.23012399812599,0.3660153481889814,0.32265003662938796,0.043365311559593445,11.84794893825136,valid,family_mn_hard_segment_mapped,primary_train,数据/原始/外部数据/新增开放数据/DRUM_TPUU_机械回收/解包内容/RAW_TPUU_characterization/Polyol-2k-18HS_Hysteresis.xlsx#sheet=PMCL-2k-18HS;cycle=6,CC0-1.0,reference-53;reference-54
source_drum_tpuu_recycling_05ek6k60,PMCL-2k-18HS,TPUU,PMCL,2000.0,0.18,IPDI,water_to_urea,7,1524,50.0,1.261347792207792,100.0,9.88629882852732,80.22740234294537,0.360154909425875,0.31942523765218517,0.04072967177368986,11.308931436924532,valid,family_mn_hard_segment_mapped,primary_train,数据/原始/外部数据/新增开放数据/DRUM_TPUU_机械回收/解包内容/RAW_TPUU_characterization/Polyol-2k-18HS_Hysteresis.xlsx#sheet=PMCL-2k-18HS;cycle=7,CC0-1.0,reference-53;reference-54
source_drum_tpuu_recycling_05ek6k60,PMCL-2k-18HS,TPUU,PMCL,2000.0,0.18,IPDI,water_to_urea,8,1524,50.0,1.2495816883116881,100.0,9.829302537845837,80.34139492430833,0.35046505154995966,0.30889371830933005,0.041571333240629615,11.86176283677276,valid,family_mn_hard_segment_mapped,primary_train,数据/原始/外部数据/新增开放数据/DRUM_TPUU_机械回收/解包内容/RAW_TPUU_characterization/Polyol-2k-18HS_Hysteresis.xlsx#sheet=PMCL-2k-18HS;cycle=8,CC0-1.0,reference-53;reference-54
source_drum_tpuu_recycling_05ek6k60,PMCL-2k-18HS,TPUU,PMCL,2000.0,0.18,IPDI,water_to_urea,9,1524,50.0,1.2392605194805193,100.0,10.101220020908059,79.79755995818388,0.3467292067695309,0.30658105676930036,0.04014815000023053,11.579108196361663,valid,family_mn_hard_segment_mapped,primary_train,数据/原始/外部数据/新增开放数据/DRUM_TPUU_机械回收/解包内容/RAW_TPUU_characterization/Polyol-2k-18HS_Hysteresis.xlsx#sheet=PMCL-2k-18HS;cycle=9,CC0-1.0,reference-53;reference-54
source_drum_tpuu_recycling_05ek6k60,PMCL-2k-18HS,TPUU,PMCL,2000.0,0.18,IPDI,water_to_urea,10,1524,50.0,1.2420988961038963,100.0,10.540425555290081,78.91914888941983,0.3456500492672902,0.3053633520326806,0.04028669723460959,11.655342540818214,valid,family_mn_hard_segment_mapped,primary_train,数据/原始/外部数据/新增开放数据/DRUM_TPUU_机械回收/解包内容/RAW_TPUU_characterization/Polyol-2k-18HS_Hysteresis.xlsx#sheet=PMCL-2k-18HS;cycle=10,CC0-1.0,reference-53;reference-54
source_drum_tpuu_recycling_05ek6k60,PMCL-2k-31HS,TPUU,PMCL,2000.0,0.31,IPDI,water_to_urea,1,1752,50.0,3.657875644648534,100.0,8.721394161105827,82.55721167778835,1.2316906882066245,0.7461436159801221,0.4855470722265024,39.421185600864796,valid,family_mn_hard_segment_mapped,primary_train,数据/原始/外部数据/新增开放数据/DRUM_TPUU_机械回收/解包内容/RAW_TPUU_characterization/Polyol-2k-31HS_Hysteresis.xlsx#sheet=PMCL-2k-31HS;cycle=1,CC0-1.0,reference-53;reference-54
source_drum_tpuu_recycling_05ek6k60,PMCL-2k-31HS,TPUU,PMCL,2000.0,0.31,IPDI,water_to_urea,2,1752,50.00023287671233,3.664379076886848,100.0,10.113063072160802,79.77396805911484,1.0470856384051863,0.8005969465708713,0.246488691834315,23.54045197389407,valid,family_mn_hard_segment_mapped,primary_train,数据/原始/外部数据/新增开放数据/DRUM_TPUU_机械回收/解包内容/RAW_TPUU_characterization/Polyol-2k-31HS_Hysteresis.xlsx#sheet=PMCL-2k-31HS;cycle=2,CC0-1.0,reference-53;reference-54
source_drum_tpuu_recycling_05ek6k60,PMCL-2k-31HS,TPUU,PMCL,2000.0,0.31,IPDI,water_to_urea,3,1752,50.0,3.5580787707523847,100.0,10.897710857003895,78.20457828599221,0.9916953972924852,0.7723618804251723,0.21933351686731295,22.117024790690234,valid,family_mn_hard_segment_mapped,primary_train,数据/原始/外部数据/新增开放数据/DRUM_TPUU_机械回收/解包内容/RAW_TPUU_characterization/Polyol-2k-31HS_Hysteresis.xlsx#sheet=PMCL-2k-31HS;cycle=3,CC0-1.0,reference-53;reference-54
source_drum_tpuu_recycling_05ek6k60,PMCL-2k-31HS,TPUU,PMCL,2000.0,0.31,IPDI,water_to_urea,4,1752,50.0,3.488224537854704,100.0,11.36489345474276,77.27021309051449,0.9556879406990347,0.7495814318441503,0.20610650885488446,21.56629795957544,valid,family_mn_hard_segment_mapped,primary_train,数据/原始/外部数据/新增开放数据/DRUM_TPUU_机械回收/解包内容/RAW_TPUU_characterization/Polyol-2k-31HS_Hysteresis.xlsx#sheet=PMCL-2k-31HS;cycle=4,CC0-1.0,reference-53;reference-54
source_drum_tpuu_recycling_05ek6k60,PMCL-2k-31HS,TPUU,PMCL,2000.0,0.31,IPDI,water_to_urea,5,1752,50.0,3.4182779347698107,100.0,11.719041691839188,76.56191661632162,0.9282749998433137,0.7292902302390557,0.19898476960425804,21.435972059771647,valid,family_mn_hard_segment_mapped,primary_train,数据/原始/外部数据/新增开放数据/DRUM_TPUU_机械回收/解包内容/RAW_TPUU_characterization/Polyol-2k-31HS_Hysteresis.xlsx#sheet=PMCL-2k-31HS;cycle=5,CC0-1.0,reference-53;reference-54
source_drum_tpuu_recycling_05ek6k60,PMCL-2k-31HS,TPUU,PMCL,2000.0,0.31,IPDI,water_to_urea,6,1752,50.0,3.3824393618273874,99.99999999999999,12.144938354255654,75.71012329148869,0.9090489607191987,0.7160345963319074,0.19301436438729136,21.232559821044962,valid,family_mn_hard_segment_mapped,primary_train,数据/原始/外部数据/新增开放数据/DRUM_TPUU_机械回收/解包内容/RAW_TPUU_characterization/Polyol-2k-31HS_Hysteresis.xlsx#sheet=PMCL-2k-31HS;cycle=6,CC0-1.0,reference-53;reference-54
source_drum_tpuu_recycling_05ek6k60,PMCL-2k-31HS,TPUU,PMCL,2000.0,0.31,IPDI,water_to_urea,7,1752,50.0,3.3649869304132816,100.00000000000001,12.476119864208677,75.04776027158265,0.8982022975566841,0.7098235259437817,0.1883787716129024,20.972866816900357,valid,family_mn_hard_segment_mapped,primary_train,数据/原始/外部数据/新增开放数据/DRUM_TPUU_机械回收/解包内容/RAW_TPUU_characterization/Polyol-2k-31HS_Hysteresis.xlsx#sheet=PMCL-2k-31HS;cycle=7,CC0-1.0,reference-53;reference-54
source_drum_tpuu_recycling_05ek6k60,PMCL-2k-31HS,TPUU,PMCL,2000.0,0.31,IPDI,water_to_urea,8,1752,50.0,3.3202121747321325,100.0,12.731442748668844,74.53711450266232,0.8828209539709231,0.6976073911706598,0.18521356280026324,20.979742491065014,valid,family_mn_hard_segment_mapped,primary_train,数据/原始/外部数据/新增开放数据/DRUM_TPUU_机械回收/解包内容/RAW_TPUU_characterization/Polyol-2k-31HS_Hysteresis.xlsx#sheet=PMCL-2k-31HS;cycle=8,CC0-1.0,reference-53;reference-54
source_drum_tpuu_recycling_05ek6k60,PMCL-2k-31HS,TPUU,PMCL,2000.0,0.31,IPDI,water_to_urea,9,1752,50.0,3.2986895090074184,100.0,12.893600166782083,74.21279966643584,0.8709942594780525,0.6890109111491944,0.1819833483288581,20.89374830528877,valid,family_mn_hard_segment_mapped,primary_train,数据/原始/外部数据/新增开放数据/DRUM_TPUU_机械回收/解包内容/RAW_TPUU_characterization/Polyol-2k-31HS_Hysteresis.xlsx#sheet=PMCL-2k-31HS;cycle=9,CC0-1.0,reference-53;reference-54
source_drum_tpuu_recycling_05ek6k60,PMCL-2k-31HS,TPUU,PMCL,2000.0,0.31,IPDI,water_to_urea,10,1752,50.0,3.265891498881432,100.0,13.204150326120214,73.59169934775957,0.8562749390377874,0.6767994374897497,0.1794755015480377,20.96003203710689,valid,family_mn_hard_segment_mapped,primary_train,数据/原始/外部数据/新增开放数据/DRUM_TPUU_机械回收/解包内容/RAW_TPUU_characterization/Polyol-2k-31HS_Hysteresis.xlsx#sheet=PMCL-2k-31HS;cycle=10,CC0-1.0,reference-53;reference-54
