source_id,material_code,formulation_id,fiber_csv_id,hydration_condition,test_date_batch,diameter_um,temperature_degC,nominal_strain_percent,peak_force_cycle1_uN,loading_work_cycle1_pJ,recovery_work_cycle1_pJ,hysteresis_work_cycle1_pJ,dissipation_fraction_cycle1,loading_displacement_excursion_cycle1_um,residual_displacement_cycle1_um,displacement_recovery_proxy_cycle1,peak_force_cycle2_uN,loading_work_cycle2_pJ,recovery_work_cycle2_pJ,hysteresis_work_cycle2_pJ,dissipation_fraction_cycle2,loading_displacement_excursion_cycle2_um,residual_displacement_cycle2_um,displacement_recovery_proxy_cycle2,cycle2_peak_force_retention,cycle2_loading_work_retention,source_machine_row_count,nested_curve_segment_count,initialization_transient_rows_excluded,absolute_stress_available,complete_toughness_available,target_role,chemistry_mapping_status,model_admission_layer,usage_mode,sample_weight_ceiling,fiber_total_weight_ceiling,split_group,source_locator,source_sha256,license,citation_keys
source_texas_zyq5z1_v1,PCU85,PCU85,PCU85_01_29_25_001,Dry,01_29_25,0.727,24.1,10,6.85678199,872.6231521129757,755.4175067061848,117.20564540679095,0.13431415969538327,197.5140000000001,13.297900000000002,0.9326736332614397,6.617471989999999,821.2473681377724,707.1915151079766,114.0558530297958,0.13888124023876544,197.14433000000002,7.8774,0.960042472436311,0.9650987882728351,0.9411248901077153,1417,17,1,False,False,single_fiber_cyclic_force_displacement_transfer,material_code_only,single_fiber_polyurethane_auxiliary,cyclic_transfer_and_wet_condition_external_validation,0.0625,0.25,10.18738/T8/ZYQ5Z1|PCU85|Dry|01_29_25,数据/原始/外部数据/新增开放数据/Texas_湿干单根电纺PU纤维力学/解压内容/Data/Dry/PCU85_01_29_25_001Data.csv,3d741f8d8f58c8b44f638dff1af8206476a8449bab146c98dc5f9ac835a941c6,CC0-1.0,reference-197
source_texas_zyq5z1_v1,PCU85,PCU85,PCU85_01_29_25_001,Dry,01_29_25,0.727,24.1,15,14.17613199,3005.7039781082567,3189.519665749168,-183.81568764091116,-0.061155619109438016,425.81699000000015,4.752739999999999,0.9888385383589321,13.200231989999999,2688.3597943313944,2846.8341224844407,-158.47432815304637,-0.058948332915557365,394.36889999999994,1.0684899999999988,0.997290633211696,0.931158936676915,0.894419348649033,1417,17,1,False,False,single_fiber_cyclic_force_displacement_transfer,material_code_only,single_fiber_polyurethane_auxiliary,cyclic_transfer_and_wet_condition_external_validation,0.0625,0.25,10.18738/T8/ZYQ5Z1|PCU85|Dry|01_29_25,数据/原始/外部数据/新增开放数据/Texas_湿干单根电纺PU纤维力学/解压内容/Data/Dry/PCU85_01_29_25_001Data.csv,3d741f8d8f58c8b44f638dff1af8206476a8449bab146c98dc5f9ac835a941c6,CC0-1.0,reference-197
source_texas_zyq5z1_v1,PCU85,PCU85,PCU85_01_29_25_001,Dry,01_29_25,0.727,24.1,20,20.50983199,6278.677688397532,6714.081581537281,-435.403893139749,-0.06934643164504825,605.9757500000002,0.7280800000000003,0.9987984997749497,18.88003199,5307.583470709203,5701.550981929584,-393.9675112203813,-0.07422728505252112,559.0723300000001,8.17397,0.98537940520147,0.9205356728034318,0.8453345965691423,1417,17,1,False,False,single_fiber_cyclic_force_displacement_transfer,material_code_only,single_fiber_polyurethane_auxiliary,cyclic_transfer_and_wet_condition_external_validation,0.0625,0.25,10.18738/T8/ZYQ5Z1|PCU85|Dry|01_29_25,数据/原始/外部数据/新增开放数据/Texas_湿干单根电纺PU纤维力学/解压内容/Data/Dry/PCU85_01_29_25_001Data.csv,3d741f8d8f58c8b44f638dff1af8206476a8449bab146c98dc5f9ac835a941c6,CC0-1.0,reference-197
source_texas_zyq5z1_v1,PCU85,PCU85,PCU85_01_29_25_001,Dry,01_29_25,0.727,24.1,30,33.68613199,16455.535206567754,17200.76097077607,-745.2257642083168,-0.04528723951262803,990.6062999999999,14.9692,0.9848888503939456,29.94013199,13068.455761395946,14200.31058085567,-1131.8548194597242,-0.08660968366310036,870.8019999999999,13.734300000000001,0.9842279875333313,0.8887969684049202,0.7941677737822862,1417,17,1,False,False,single_fiber_cyclic_force_displacement_transfer,material_code_only,single_fiber_polyurethane_auxiliary,cyclic_transfer_and_wet_condition_external_validation,0.0625,0.25,10.18738/T8/ZYQ5Z1|PCU85|Dry|01_29_25,数据/原始/外部数据/新增开放数据/Texas_湿干单根电纺PU纤维力学/解压内容/Data/Dry/PCU85_01_29_25_001Data.csv,3d741f8d8f58c8b44f638dff1af8206476a8449bab146c98dc5f9ac835a941c6,CC0-1.0,reference-197
source_texas_zyq5z1_v1,PCU85,PCU85,PCU85_01_29_25_002,Dry,01_29_25,0.504,23.6,10,7.52843655,1317.9565008737316,934.6965049935776,383.25999588015395,0.2907986687163605,225.7392999999999,0.27263000000000215,0.998792279412579,7.183716550000001,1125.3923105145202,911.3136663662006,214.07864414831965,0.1902257925064768,212.32274999999987,16.02675,0.9245170383296184,0.9542109443693193,0.8538918467858749,1417,17,1,False,False,single_fiber_cyclic_force_displacement_transfer,material_code_only,single_fiber_polyurethane_auxiliary,cyclic_transfer_and_wet_condition_external_validation,0.0625,0.25,10.18738/T8/ZYQ5Z1|PCU85|Dry|01_29_25,数据/原始/外部数据/新增开放数据/Texas_湿干单根电纺PU纤维力学/解压内容/Data/Dry/PCU85_01_29_25_002Data.csv,9fdacc5ddb4b0a81fc2813fe2b21aad47a8a3866e92ff7e8ec30dc3620c1d2fd,CC0-1.0,reference-197
source_texas_zyq5z1_v1,PCU85,PCU85,PCU85_01_29_25_002,Dry,01_29_25,0.504,23.6,15,11.61174655,2148.379030126922,2120.636948357773,27.74208176914908,0.012913029488800278,192.74360000000013,145.73215,0.24390667186874226,10.854246550000001,1947.943027244308,1984.9299191682137,-36.98689192390566,-0.01898766617226471,319.59767000000005,1.4472599999999998,0.9954716190515407,0.9347643356890184,0.9067036123179938,1417,17,1,False,False,single_fiber_cyclic_force_displacement_transfer,material_code_only,single_fiber_polyurethane_auxiliary,cyclic_transfer_and_wet_condition_external_validation,0.0625,0.25,10.18738/T8/ZYQ5Z1|PCU85|Dry|01_29_25,数据/原始/外部数据/新增开放数据/Texas_湿干单根电纺PU纤维力学/解压内容/Data/Dry/PCU85_01_29_25_002Data.csv,9fdacc5ddb4b0a81fc2813fe2b21aad47a8a3866e92ff7e8ec30dc3620c1d2fd,CC0-1.0,reference-197
source_texas_zyq5z1_v1,PCU85,PCU85,PCU85_01_29_25_002,Dry,01_29_25,0.504,23.6,20,15.88364655,3908.386020513701,3978.842359966899,-70.45633945319787,-0.01802696537225292,452.78620000000006,0.042500000000000426,0.9999061367152974,14.46024655,3277.115239354793,3402.4928912477258,-125.37765189293259,-0.03825854226524462,412.56890000000016,9.803429999999999,0.9762380780519326,0.9103858175438939,0.8384830009508794,1417,17,1,False,False,single_fiber_cyclic_force_displacement_transfer,material_code_only,single_fiber_polyurethane_auxiliary,cyclic_transfer_and_wet_condition_external_validation,0.0625,0.25,10.18738/T8/ZYQ5Z1|PCU85|Dry|01_29_25,数据/原始/外部数据/新增开放数据/Texas_湿干单根电纺PU纤维力学/解压内容/Data/Dry/PCU85_01_29_25_002Data.csv,9fdacc5ddb4b0a81fc2813fe2b21aad47a8a3866e92ff7e8ec30dc3620c1d2fd,CC0-1.0,reference-197
source_texas_zyq5z1_v1,PCU85,PCU85,PCU85_01_29_25_002,Dry,01_29_25,0.504,23.6,30,24.60434655,8908.275543070211,9333.944876581276,-425.6693335110649,-0.04778358409021093,698.9130099999998,6.803430000000001,0.9902656984450754,22.27114655,7448.71738724313,7989.494085754851,-540.7766985117205,-0.07259997532432481,650.1177999999998,7.132869999999999,0.989028342248128,0.9051712267481455,0.8361570487160697,1417,17,1,False,False,single_fiber_cyclic_force_displacement_transfer,material_code_only,single_fiber_polyurethane_auxiliary,cyclic_transfer_and_wet_condition_external_validation,0.0625,0.25,10.18738/T8/ZYQ5Z1|PCU85|Dry|01_29_25,数据/原始/外部数据/新增开放数据/Texas_湿干单根电纺PU纤维力学/解压内容/Data/Dry/PCU85_01_29_25_002Data.csv,9fdacc5ddb4b0a81fc2813fe2b21aad47a8a3866e92ff7e8ec30dc3620c1d2fd,CC0-1.0,reference-197
source_texas_zyq5z1_v1,PCU85,PCU85,PCU85_01_29_25_003,Dry,01_29_25,0.498,24.0,10,3.7114195000000003,415.89183067547583,285.99520759437513,129.8966230811007,0.3123327112968954,106.52173000000002,7.222600000000001,0.9321959941882281,3.6643795000000003,354.73795652267404,347.56273296752795,7.17522355514609,0.020226827784321035,106.81933000000004,7.002059999999999,0.9344495045980911,0.9873256041253219,0.852957260416782,1417,17,1,False,False,single_fiber_cyclic_force_displacement_transfer,material_code_only,single_fiber_polyurethane_auxiliary,cyclic_transfer_and_wet_condition_external_validation,0.0625,0.25,10.18738/T8/ZYQ5Z1|PCU85|Dry|01_29_25,数据/原始/外部数据/新增开放数据/Texas_湿干单根电纺PU纤维力学/解压内容/Data/Dry/PCU85_01_29_25_003Data.csv,3e3103cd8c255a54249041e2a304ed574e0f3996111944ca4896bf1fb6c793d6,CC0-1.0,reference-197
source_texas_zyq5z1_v1,PCU85,PCU85,PCU85_01_29_25_003,Dry,01_29_25,0.498,24.0,15,7.751879499999999,1117.022470586468,1043.106141015082,73.91632957138609,0.06617264336014471,225.62301000000008,3.226719999999999,0.9856986217850742,7.5211795,991.9420747972109,1059.1554893236237,-67.21341452641275,-0.06775941482283995,216.08959,3.7945200000000003,0.9824400610876257,0.9702394754717227,0.8880233844144726,1417,17,1,False,False,single_fiber_cyclic_force_displacement_transfer,material_code_only,single_fiber_polyurethane_auxiliary,cyclic_transfer_and_wet_condition_external_validation,0.0625,0.25,10.18738/T8/ZYQ5Z1|PCU85|Dry|01_29_25,数据/原始/外部数据/新增开放数据/Texas_湿干单根电纺PU纤维力学/解压内容/Data/Dry/PCU85_01_29_25_003Data.csv,3e3103cd8c255a54249041e2a304ed574e0f3996111944ca4896bf1fb6c793d6,CC0-1.0,reference-197
source_texas_zyq5z1_v1,PCU85,PCU85,PCU85_01_29_25_003,Dry,01_29_25,0.498,24.0,20,12.4114295,2400.5496603051693,2527.2159161368318,-126.66625583166251,-0.05276552196614841,357.69698999999997,3.1561700000000004,0.9911764144283126,11.8080295,2296.374219267015,2333.378288006971,-37.00406873995598,-0.01611412827643022,338.61425,0.60548,0.998211888601853,0.9513835211326785,0.95660350512186,1417,17,1,False,False,single_fiber_cyclic_force_displacement_transfer,material_code_only,single_fiber_polyurethane_auxiliary,cyclic_transfer_and_wet_condition_external_validation,0.0625,0.25,10.18738/T8/ZYQ5Z1|PCU85|Dry|01_29_25,数据/原始/外部数据/新增开放数据/Texas_湿干单根电纺PU纤维力学/解压内容/Data/Dry/PCU85_01_29_25_003Data.csv,3e3103cd8c255a54249041e2a304ed574e0f3996111944ca4896bf1fb6c793d6,CC0-1.0,reference-197
source_texas_zyq5z1_v1,PCU85,PCU85,PCU85_01_29_25_003,Dry,01_29_25,0.498,24.0,30,19.567529500000003,5752.287515578976,6095.5035826598305,-343.2160670808544,-0.05966601393816268,559.3342499999999,1.8719199999999994,0.9966533070342107,18.209429500000002,5173.992942113265,5444.435000961823,-270.4420588485582,-0.05226950671836419,525.51507,5.580819999999999,0.9893802855168359,0.9305942019916209,0.8994670256138083,1417,17,1,False,False,single_fiber_cyclic_force_displacement_transfer,material_code_only,single_fiber_polyurethane_auxiliary,cyclic_transfer_and_wet_condition_external_validation,0.0625,0.25,10.18738/T8/ZYQ5Z1|PCU85|Dry|01_29_25,数据/原始/外部数据/新增开放数据/Texas_湿干单根电纺PU纤维力学/解压内容/Data/Dry/PCU85_01_29_25_003Data.csv,3e3103cd8c255a54249041e2a304ed574e0f3996111944ca4896bf1fb6c793d6,CC0-1.0,reference-197
source_texas_zyq5z1_v1,PCU85,PCU85,PCU85_01_29_25_004,Dry,01_29_25,0.18,23.8,10,4.4704597,449.80542020418005,329.86229901269013,119.94312119148992,0.2666555710623589,123.99673000000004,5.022600000000001,0.9594940931103586,4.3459497,417.27808012774415,359.12325957529714,58.154820552447006,0.13936706316958627,121.79501000000002,4.49658,0.9630807534725766,0.972148278173719,0.9276857534049483,1417,17,1,False,False,single_fiber_cyclic_force_displacement_transfer,material_code_only,single_fiber_polyurethane_auxiliary,cyclic_transfer_and_wet_condition_external_validation,0.0625,0.25,10.18738/T8/ZYQ5Z1|PCU85|Dry|01_29_25,数据/原始/外部数据/新增开放数据/Texas_湿干单根电纺PU纤维力学/解压内容/Data/Dry/PCU85_01_29_25_004Data.csv,e9c19d59ef0419828e5e9d9e6cb159c291572e9bce60c20074c7c3ca87b303f1,CC0-1.0,reference-197
source_texas_zyq5z1_v1,PCU85,PCU85,PCU85_01_29_25_004,Dry,01_29_25,0.18,23.8,15,7.8093097,1012.3803771230083,1001.939567210707,10.440809912301347,0.010313129480020281,218.1430100000002,8.55274,0.9607929678791909,7.6021197,951.479690066889,988.7572319178067,-37.277541850917714,-0.03917849454915544,216.5649299999999,1.1280800000000006,0.9947910310316633,0.9734688457803127,0.9398440660918503,1417,17,1,False,False,single_fiber_cyclic_force_displacement_transfer,material_code_only,single_fiber_polyurethane_auxiliary,cyclic_transfer_and_wet_condition_external_validation,0.0625,0.25,10.18738/T8/ZYQ5Z1|PCU85|Dry|01_29_25,数据/原始/外部数据/新增开放数据/Texas_湿干单根电纺PU纤维力学/解压内容/Data/Dry/PCU85_01_29_25_004Data.csv,e9c19d59ef0419828e5e9d9e6cb159c291572e9bce60c20074c7c3ca87b303f1,CC0-1.0,reference-197
source_texas_zyq5z1_v1,PCU85,PCU85,PCU85_01_29_25_004,Dry,01_29_25,0.18,23.8,20,11.6495297,2105.295411981345,2216.897703677563,-111.60229169621834,-0.05301027640163178,321.50180000000006,8.593129999999999,0.9732719070313137,11.058529700000001,1952.3381790097046,2046.1414346390263,-93.80325562932171,-0.04804662257688474,324.09889999999984,9.56849,0.9704766353727211,0.9492683382746344,0.9273464274414162,1417,17,1,False,False,single_fiber_cyclic_force_displacement_transfer,material_code_only,single_fiber_polyurethane_auxiliary,cyclic_transfer_and_wet_condition_external_validation,0.0625,0.25,10.18738/T8/ZYQ5Z1|PCU85|Dry|01_29_25,数据/原始/外部数据/新增开放数据/Texas_湿干单根电纺PU纤维力学/解压内容/Data/Dry/PCU85_01_29_25_004Data.csv,e9c19d59ef0419828e5e9d9e6cb159c291572e9bce60c20074c7c3ca87b303f1,CC0-1.0,reference-197
source_texas_zyq5z1_v1,PCU85,PCU85,PCU85_01_29_25_004,Dry,01_29_25,0.18,23.8,30,21.1458297,6583.2402472500335,7037.141485844226,-453.90123859419236,-0.06894799848506168,608.7849300000001,4.6548,0.9923539500230402,19.9548297,6050.619515551501,6473.339290191369,-422.7197746398688,-0.06986388312029546,568.0657499999998,13.296579999999999,0.9765932376665906,0.9436768376130449,0.9190944410814993,1417,17,1,False,False,single_fiber_cyclic_force_displacement_transfer,material_code_only,single_fiber_polyurethane_auxiliary,cyclic_transfer_and_wet_condition_external_validation,0.0625,0.25,10.18738/T8/ZYQ5Z1|PCU85|Dry|01_29_25,数据/原始/外部数据/新增开放数据/Texas_湿干单根电纺PU纤维力学/解压内容/Data/Dry/PCU85_01_29_25_004Data.csv,e9c19d59ef0419828e5e9d9e6cb159c291572e9bce60c20074c7c3ca87b303f1,CC0-1.0,reference-197
source_texas_zyq5z1_v1,PCU85,PCU85,PCU85_01_29_25_005,Dry,01_29_25,0.432,23.9,10,4.45884147,449.9910243325754,330.71890623071783,119.27211810185759,0.2650544380940963,137.12039999999993,1.623330000000001,0.9881612801596261,4.32303147,395.0836344949734,330.5437241646608,64.53991033031264,0.16335758987540083,135.46899000000002,0.12809000000000026,0.9990544699565561,0.9695414154296004,0.8779811443594006,1417,17,1,False,False,single_fiber_cyclic_force_displacement_transfer,material_code_only,single_fiber_polyurethane_auxiliary,cyclic_transfer_and_wet_condition_external_validation,0.0625,0.25,10.18738/T8/ZYQ5Z1|PCU85|Dry|01_29_25,数据/原始/外部数据/新增开放数据/Texas_湿干单根电纺PU纤维力学/解压内容/Data/Dry/PCU85_01_29_25_005Data.csv,36704eb9b372342139ab0e506daecbce069d7ca78d62dbd8a671a6d0a33208f6,CC0-1.0,reference-197
source_texas_zyq5z1_v1,PCU85,PCU85,PCU85_01_29_25_005,Dry,01_29_25,0.432,23.9,15,6.717391470000001,846.9475646141011,710.8607095588034,136.08685505529775,0.16067919755729348,197.6989,2.5822000000000003,0.986938723483034,6.27861147,704.6216259390577,689.3053234158211,15.316302523236573,0.021736918027209784,193.43041,5.37397,0.9722175535894279,0.9346800016108038,0.8319542500368461,1417,17,1,False,False,single_fiber_cyclic_force_displacement_transfer,material_code_only,single_fiber_polyurethane_auxiliary,cyclic_transfer_and_wet_condition_external_validation,0.0625,0.25,10.18738/T8/ZYQ5Z1|PCU85|Dry|01_29_25,数据/原始/外部数据/新增开放数据/Texas_湿干单根电纺PU纤维力学/解压内容/Data/Dry/PCU85_01_29_25_005Data.csv,36704eb9b372342139ab0e506daecbce069d7ca78d62dbd8a671a6d0a33208f6,CC0-1.0,reference-197
source_texas_zyq5z1_v1,PCU85,PCU85,PCU85_01_29_25_005,Dry,01_29_25,0.432,23.9,20,8.91378147,1287.0875314751108,1260.4795678705893,26.6079636045215,0.02067300238238384,250.94630000000004,15.20137,0.9394238129830964,8.52626147,1142.6428363024304,1189.5336946577545,-46.8908583553241,-0.04103719628354035,254.32110000000011,0.9246499999999997,0.9963642418973494,0.9565257459694039,0.8877739923351331,1417,17,1,False,False,single_fiber_cyclic_force_displacement_transfer,material_code_only,single_fiber_polyurethane_auxiliary,cyclic_transfer_and_wet_condition_external_validation,0.0625,0.25,10.18738/T8/ZYQ5Z1|PCU85|Dry|01_29_25,数据/原始/外部数据/新增开放数据/Texas_湿干单根电纺PU纤维力学/解压内容/Data/Dry/PCU85_01_29_25_005Data.csv,36704eb9b372342139ab0e506daecbce069d7ca78d62dbd8a671a6d0a33208f6,CC0-1.0,reference-197
source_texas_zyq5z1_v1,PCU85,PCU85,PCU85_01_29_25_005,Dry,01_29_25,0.432,23.9,30,14.58289147,3151.8507436739133,3296.50844979827,-144.65770612435654,-0.0458961156122952,428.1411000000001,0.19657000000000124,0.9995408756599168,13.903991470000001,2924.423455344686,3097.678518040294,-173.2550626956081,-0.05924417764430339,412.7095899999997,7.626709999999999,0.9815203954916579,0.9534454465771321,0.9278432556536196,1417,17,1,False,False,single_fiber_cyclic_force_displacement_transfer,material_code_only,single_fiber_polyurethane_auxiliary,cyclic_transfer_and_wet_condition_external_validation,0.0625,0.25,10.18738/T8/ZYQ5Z1|PCU85|Dry|01_29_25,数据/原始/外部数据/新增开放数据/Texas_湿干单根电纺PU纤维力学/解压内容/Data/Dry/PCU85_01_29_25_005Data.csv,36704eb9b372342139ab0e506daecbce069d7ca78d62dbd8a671a6d0a33208f6,CC0-1.0,reference-197
source_texas_zyq5z1_v1,PCU85,PCU85,PCU85_05_19_25_005,Dry,05_19_25,0.636,22.4,10,1.94405426,125.53330120220906,91.00547464191605,34.52782656029301,0.27504914018532484,75.97039999999998,16.6132,0.7813200930888873,1.9152042599999999,139.5003887795309,100.79220471915706,38.70818406037385,0.277477248622934,68.65670000000009,7.770200000000001,0.8868253207625768,0.9851598792309428,1.1112620113034681,1417,17,1,False,False,single_fiber_cyclic_force_displacement_transfer,material_code_only,single_fiber_polyurethane_auxiliary,cyclic_transfer_and_wet_condition_external_validation,0.0625,0.25,10.18738/T8/ZYQ5Z1|PCU85|Dry|05_19_25,数据/原始/外部数据/新增开放数据/Texas_湿干单根电纺PU纤维力学/解压内容/Data/Dry/PCU85_05_19_25_005Data.csv,ced752f2980de0c9b5ec9b76cbceae095e991a14cbfb066027ea15f791b6a384,CC0-1.0,reference-197
source_texas_zyq5z1_v1,PCU85,PCU85,PCU85_05_19_25_005,Dry,05_19_25,0.636,22.4,15,3.74644426,288.4071173421538,235.811047048391,52.59607029376281,0.18236744910620598,126.53120000000004,1.4730200000000035,0.9883584443994841,3.57897426,336.6914834450537,233.19660102042764,103.49488242462604,0.30738788330984285,96.24390000000014,20.035650000000004,0.791824209118708,0.9552989479149491,1.1674173874343654,1417,17,1,False,False,single_fiber_cyclic_force_displacement_transfer,material_code_only,single_fiber_polyurethane_auxiliary,cyclic_transfer_and_wet_condition_external_validation,0.0625,0.25,10.18738/T8/ZYQ5Z1|PCU85|Dry|05_19_25,数据/原始/外部数据/新增开放数据/Texas_湿干单根电纺PU纤维力学/解压内容/Data/Dry/PCU85_05_19_25_005Data.csv,ced752f2980de0c9b5ec9b76cbceae095e991a14cbfb066027ea15f791b6a384,CC0-1.0,reference-197
source_texas_zyq5z1_v1,PCU85,PCU85,PCU85_05_19_25_005,Dry,05_19_25,0.636,22.4,20,5.622944260000001,607.3527480115249,537.0707766067849,70.28197140474003,0.11571853693729627,177.27849000000015,7.1581800000000015,0.9596218356778649,5.48676426,588.1781977502674,535.0019991330419,53.17619861722551,0.09040831302591637,175.94730000000007,14.880199999999995,0.915428085568804,0.9757813711637254,0.9684293018776402,1417,17,1,False,False,single_fiber_cyclic_force_displacement_transfer,material_code_only,single_fiber_polyurethane_auxiliary,cyclic_transfer_and_wet_condition_external_validation,0.0625,0.25,10.18738/T8/ZYQ5Z1|PCU85|Dry|05_19_25,数据/原始/外部数据/新增开放数据/Texas_湿干单根电纺PU纤维力学/解压内容/Data/Dry/PCU85_05_19_25_005Data.csv,ced752f2980de0c9b5ec9b76cbceae095e991a14cbfb066027ea15f791b6a384,CC0-1.0,reference-197
source_texas_zyq5z1_v1,PCU85,PCU85,PCU85_05_19_25_005,Dry,05_19_25,0.636,22.4,30,13.11838426,2571.476125527536,2678.6390630845094,-107.16293755697325,-0.041673705033908826,395.2244999999998,2.101399999999998,0.9946830219280435,12.433384259999999,2368.2020207320666,2487.683422355861,-119.48140162379423,-0.05045236874971491,354.0144,15.83711,0.9552642208904497,0.9477832036001055,0.9209504211306772,1417,17,1,False,False,single_fiber_cyclic_force_displacement_transfer,material_code_only,single_fiber_polyurethane_auxiliary,cyclic_transfer_and_wet_condition_external_validation,0.0625,0.25,10.18738/T8/ZYQ5Z1|PCU85|Dry|05_19_25,数据/原始/外部数据/新增开放数据/Texas_湿干单根电纺PU纤维力学/解压内容/Data/Dry/PCU85_05_19_25_005Data.csv,ced752f2980de0c9b5ec9b76cbceae095e991a14cbfb066027ea15f791b6a384,CC0-1.0,reference-197
source_texas_zyq5z1_v1,PCU85,PCU85,PCU85_05_19_25_006,Dry,05_19_25,0.668,22.6,10,2.087273,227.75735883405082,142.77345381273562,84.9839050213152,0.373133520059988,41.26890000000003,6.426970000000004,0.8442660211442515,2.0908029999999997,209.86334878261553,214.7067280325533,-4.843379249937755,-0.023078728506113335,51.21397000000002,12.62531,0.7534791776540659,1.0016912018696162,0.9214338884897534,1417,17,1,False,False,single_fiber_cyclic_force_displacement_transfer,material_code_only,single_fiber_polyurethane_auxiliary,cyclic_transfer_and_wet_condition_external_validation,0.0625,0.25,10.18738/T8/ZYQ5Z1|PCU85|Dry|05_19_25,数据/原始/外部数据/新增开放数据/Texas_湿干单根电纺PU纤维力学/解压内容/Data/Dry/PCU85_05_19_25_006Data.csv,5bbba8ab5853942dec9d25276407fa81e764acb55fefd5a70ca0f23426e6cc3b,CC0-1.0,reference-197
source_texas_zyq5z1_v1,PCU85,PCU85,PCU85_05_19_25_006,Dry,05_19_25,0.668,22.6,15,3.417763,396.57383053139733,274.7672663089273,121.80656422247006,0.30714725694141953,86.88940000000005,8.349090000000004,0.9039112941279374,3.455083,367.42228001050006,288.4287435604693,78.99353645003077,0.21499386604365234,76.16489999999999,8.36889999999999,0.890121302594765,1.010919423026114,0.9264914921848599,1417,17,1,False,False,single_fiber_cyclic_force_displacement_transfer,material_code_only,single_fiber_polyurethane_auxiliary,cyclic_transfer_and_wet_condition_external_validation,0.0625,0.25,10.18738/T8/ZYQ5Z1|PCU85|Dry|05_19_25,数据/原始/外部数据/新增开放数据/Texas_湿干单根电纺PU纤维力学/解压内容/Data/Dry/PCU85_05_19_25_006Data.csv,5bbba8ab5853942dec9d25276407fa81e764acb55fefd5a70ca0f23426e6cc3b,CC0-1.0,reference-197
source_texas_zyq5z1_v1,PCU85,PCU85,PCU85_05_19_25_006,Dry,05_19_25,0.668,22.6,20,5.1090230000000005,555.5464660080971,512.130427565283,43.41603844281417,0.07815014782612509,142.39834000000002,1.0119630000000015,0.9928934354150477,4.9942530000000005,572.8718107117976,549.5024650721471,23.369345639650533,0.0407933244448072,144.6844000000001,6.953639999999998,0.951939255372383,0.9775358224067497,1.031186130708728,1417,17,1,False,False,single_fiber_cyclic_force_displacement_transfer,material_code_only,single_fiber_polyurethane_auxiliary,cyclic_transfer_and_wet_condition_external_validation,0.0625,0.25,10.18738/T8/ZYQ5Z1|PCU85|Dry|05_19_25,数据/原始/外部数据/新增开放数据/Texas_湿干单根电纺PU纤维力学/解压内容/Data/Dry/PCU85_05_19_25_006Data.csv,5bbba8ab5853942dec9d25276407fa81e764acb55fefd5a70ca0f23426e6cc3b,CC0-1.0,reference-197
source_texas_zyq5z1_v1,PCU85,PCU85,PCU85_05_19_25_006,Dry,05_19_25,0.668,22.6,30,9.809223000000001,1514.461911031653,1678.9514302371358,-164.4895192054828,-0.10861251643722909,282.1295499999999,1.1030299999999986,0.9960903421849998,9.401013,1529.0243601241418,1623.7283670325592,-94.70400690841734,-0.06193753963522746,271.3631999999999,6.485019999999995,0.9761020654237568,0.958385083099854,1.0096155928296466,1417,17,1,False,False,single_fiber_cyclic_force_displacement_transfer,material_code_only,single_fiber_polyurethane_auxiliary,cyclic_transfer_and_wet_condition_external_validation,0.0625,0.25,10.18738/T8/ZYQ5Z1|PCU85|Dry|05_19_25,数据/原始/外部数据/新增开放数据/Texas_湿干单根电纺PU纤维力学/解压内容/Data/Dry/PCU85_05_19_25_006Data.csv,5bbba8ab5853942dec9d25276407fa81e764acb55fefd5a70ca0f23426e6cc3b,CC0-1.0,reference-197
source_texas_zyq5z1_v1,PCU85,PCU85,PCU85_05_27_25_002,Dry,05_27_25,0.356,22.4,10,1.6253502,198.69962066677468,118.29963256283438,80.3999881039403,0.40463080822269676,46.74910000000006,0.4419899999999948,0.9905454864371722,1.5955101999999999,162.1284612854425,116.71843057847396,45.410030706968556,0.28008673089803704,42.14169699999997,3.6193930000000005,0.9141137339580795,0.9816408796085914,0.8159475128406857,1417,17,1,False,False,single_fiber_cyclic_force_displacement_transfer,material_code_only,single_fiber_polyurethane_auxiliary,cyclic_transfer_and_wet_condition_external_validation,0.0625,0.25,10.18738/T8/ZYQ5Z1|PCU85|Dry|05_27_25,数据/原始/外部数据/新增开放数据/Texas_湿干单根电纺PU纤维力学/解压内容/Data/Dry/PCU85_05_27_25_002Data.csv,b6119c6727cabc9a00e59cca84148180826be490559a6b1ac8afcd621c2ec61e,CC0-1.0,reference-197
source_texas_zyq5z1_v1,PCU85,PCU85,PCU85_05_27_25_002,Dry,05_27_25,0.356,22.4,15,3.1498201999999997,276.49888811953076,241.24660637413956,35.2522817453912,0.12749520254906632,90.4198490000001,2.8596980000000003,0.9683731168363265,2.9746601999999998,285.4095284284289,228.5562397922109,56.853288636218025,0.19919898592479862,90.25849000000012,10.98955,0.8782435868359865,0.9443904766373649,1.0322266768213768,1417,17,1,False,False,single_fiber_cyclic_force_displacement_transfer,material_code_only,single_fiber_polyurethane_auxiliary,cyclic_transfer_and_wet_condition_external_validation,0.0625,0.25,10.18738/T8/ZYQ5Z1|PCU85|Dry|05_27_25,数据/原始/外部数据/新增开放数据/Texas_湿干单根电纺PU纤维力学/解压内容/Data/Dry/PCU85_05_27_25_002Data.csv,b6119c6727cabc9a00e59cca84148180826be490559a6b1ac8afcd621c2ec61e,CC0-1.0,reference-197
source_texas_zyq5z1_v1,PCU85,PCU85,PCU85_05_27_25_002,Dry,05_27_25,0.356,22.4,20,5.1199802000000005,610.5007035122927,534.8930593438919,75.60764416840084,0.12384530227962046,135.25560000000013,4.40591,0.9674253043866576,5.0565702,579.6043479721652,525.4232443520084,54.18110362015682,0.0934794637233446,138.77439999999993,2.5433400000000006,0.9816728445592271,0.987615186480604,0.9493917773355925,1417,17,1,False,False,single_fiber_cyclic_force_displacement_transfer,material_code_only,single_fiber_polyurethane_auxiliary,cyclic_transfer_and_wet_condition_external_validation,0.0625,0.25,10.18738/T8/ZYQ5Z1|PCU85|Dry|05_27_25,数据/原始/外部数据/新增开放数据/Texas_湿干单根电纺PU纤维力学/解压内容/Data/Dry/PCU85_05_27_25_002Data.csv,b6119c6727cabc9a00e59cca84148180826be490559a6b1ac8afcd621c2ec61e,CC0-1.0,reference-197
source_texas_zyq5z1_v1,PCU85,PCU85,PCU85_05_27_25_002,Dry,05_27_25,0.356,22.4,30,12.032140199999999,2269.41657585846,2408.9387358488766,-139.52215999041664,-0.06147930771045819,345.47682,7.71485,0.9776689793543891,11.4982402,2038.2908305330068,2292.6736467728624,-254.38281623985563,-0.12480202159047897,328.60510000000005,3.3447970000000016,0.9898212261465206,0.9556271792777149,0.8981563156874254,1417,17,1,False,False,single_fiber_cyclic_force_displacement_transfer,material_code_only,single_fiber_polyurethane_auxiliary,cyclic_transfer_and_wet_condition_external_validation,0.0625,0.25,10.18738/T8/ZYQ5Z1|PCU85|Dry|05_27_25,数据/原始/外部数据/新增开放数据/Texas_湿干单根电纺PU纤维力学/解压内容/Data/Dry/PCU85_05_27_25_002Data.csv,b6119c6727cabc9a00e59cca84148180826be490559a6b1ac8afcd621c2ec61e,CC0-1.0,reference-197
source_texas_zyq5z1_v1,PCU85,PCU85,PCU85_06_04_25_002,Dry,06_04_25,0.655,22.5,10,6.981512,758.3390370478978,821.5564046332809,-63.217367585383045,-0.08336293464659152,189.92559999999992,19.85379,0.8954654348860817,6.771532,701.6910507396994,746.3402903101029,-44.64923957040344,-0.06363090924892899,207.7195499999999,0.16272999999999804,0.9992165879427334,0.9699234206000075,0.9252999205622848,1417,17,1,False,False,single_fiber_cyclic_force_displacement_transfer,material_code_only,single_fiber_polyurethane_auxiliary,cyclic_transfer_and_wet_condition_external_validation,0.0625,0.25,10.18738/T8/ZYQ5Z1|PCU85|Dry|06_04_25,数据/原始/外部数据/新增开放数据/Texas_湿干单根电纺PU纤维力学/解压内容/Data/Dry/PCU85_06_04_25_002Data.csv,b4bb0bc0f74b2ce9cfd594440f01d12d170e8d60d3b0187e9de62445bcb73692,CC0-1.0,reference-197
source_texas_zyq5z1_v1,PCU85,PCU85,PCU85_06_04_25_002,Dry,06_04_25,0.655,22.5,15,14.973582,3272.952224518603,3629.923402978148,-356.9711784595447,-0.10906702999981897,444.83015100000006,0.7880289999999999,0.9982284721522845,14.237082000000001,2981.769040034381,3371.4662263812515,-389.6971863468707,-0.13069328345510534,427.06818000000004,0.07909000000000077,0.9998148070877114,0.9508133725116675,0.9110334754345366,1417,17,1,False,False,single_fiber_cyclic_force_displacement_transfer,material_code_only,single_fiber_polyurethane_auxiliary,cyclic_transfer_and_wet_condition_external_validation,0.0625,0.25,10.18738/T8/ZYQ5Z1|PCU85|Dry|06_04_25,数据/原始/外部数据/新增开放数据/Texas_湿干单根电纺PU纤维力学/解压内容/Data/Dry/PCU85_06_04_25_002Data.csv,b4bb0bc0f74b2ce9cfd594440f01d12d170e8d60d3b0187e9de62445bcb73692,CC0-1.0,reference-197
source_texas_zyq5z1_v1,PCU85,PCU85,PCU85_06_04_25_002,Dry,06_04_25,0.655,22.5,20,23.901282,8269.5700299243,8774.6814240513,-505.1113941269996,-0.061080732407997204,701.66924,0.9119599999999988,0.9987002993034154,22.324782,7278.1688606608495,8046.033430632394,-767.8645699715444,-0.10550243951083915,660.9559,1.3252900000000007,0.9979948889177024,0.934041194945108,0.8801145445681019,1417,17,1,False,False,single_fiber_cyclic_force_displacement_transfer,material_code_only,single_fiber_polyurethane_auxiliary,cyclic_transfer_and_wet_condition_external_validation,0.0625,0.25,10.18738/T8/ZYQ5Z1|PCU85|Dry|06_04_25,数据/原始/外部数据/新增开放数据/Texas_湿干单根电纺PU纤维力学/解压内容/Data/Dry/PCU85_06_04_25_002Data.csv,b4bb0bc0f74b2ce9cfd594440f01d12d170e8d60d3b0187e9de62445bcb73692,CC0-1.0,reference-197
source_texas_zyq5z1_v1,PCU85,PCU85,PCU85_06_04_25_002,Dry,06_04_25,0.655,22.5,30,45.105082,29308.936740269655,31540.757939503004,-2231.821199233349,-0.076148146178462,1300.75818,12.004540000000002,0.9907711208858206,39.565582,22829.390456862548,25585.720673787095,-2756.330216924547,-0.12073604076870963,1152.70318,5.54773,0.9951871998826272,0.8771867879544039,0.7789225061001823,1417,17,1,False,False,single_fiber_cyclic_force_displacement_transfer,material_code_only,single_fiber_polyurethane_auxiliary,cyclic_transfer_and_wet_condition_external_validation,0.0625,0.25,10.18738/T8/ZYQ5Z1|PCU85|Dry|06_04_25,数据/原始/外部数据/新增开放数据/Texas_湿干单根电纺PU纤维力学/解压内容/Data/Dry/PCU85_06_04_25_002Data.csv,b4bb0bc0f74b2ce9cfd594440f01d12d170e8d60d3b0187e9de62445bcb73692,CC0-1.0,reference-197
source_texas_zyq5z1_v1,PCU85,PCU85,PCU85_07_09_25_001,Dry,07_09_25,0.731,22.3,10,8.794810325,1146.5458809963857,1238.181954705677,-91.6360737092914,-0.07992359941989995,257.87469999999996,14.031399999999998,0.945588303156533,8.291830325,1000.176561115586,1172.4347404985501,-172.25817938296416,-0.17222777065564232,253.9864999999999,4.33732,0.9829230293736084,0.9428094545063426,0.8723388899591179,1417,17,1,False,False,single_fiber_cyclic_force_displacement_transfer,material_code_only,single_fiber_polyurethane_auxiliary,cyclic_transfer_and_wet_condition_external_validation,0.0625,0.25,10.18738/T8/ZYQ5Z1|PCU85|Dry|07_09_25,数据/原始/外部数据/新增开放数据/Texas_湿干单根电纺PU纤维力学/解压内容/Data/Dry/PCU85_07_09_25_001Data.csv,0da89707a3c458d17ff97c87ea6e917574f474865bcc4f0430c079ea19313236,CC0-1.0,reference-197
source_texas_zyq5z1_v1,PCU85,PCU85,PCU85_07_09_25_001,Dry,07_09_25,0.731,22.3,15,14.532320325,3070.9257048642144,3326.1956517978633,-255.26994693364895,-0.08312475503048228,429.51091000000014,4.4074300000000015,0.9897384911596309,13.906920325,2826.648268989525,3076.8680718491105,-250.21980285958534,-0.08852173282565302,418.25091,0.8089399999999998,0.9980658978123921,0.9569648902574682,0.9204547881155951,1417,17,1,False,False,single_fiber_cyclic_force_displacement_transfer,material_code_only,single_fiber_polyurethane_auxiliary,cyclic_transfer_and_wet_condition_external_validation,0.0625,0.25,10.18738/T8/ZYQ5Z1|PCU85|Dry|07_09_25,数据/原始/外部数据/新增开放数据/Texas_湿干单根电纺PU纤维力学/解压内容/Data/Dry/PCU85_07_09_25_001Data.csv,0da89707a3c458d17ff97c87ea6e917574f474865bcc4f0430c079ea19313236,CC0-1.0,reference-197
source_texas_zyq5z1_v1,PCU85,PCU85,PCU85_07_09_25_001,Dry,07_09_25,0.731,22.3,20,22.112320325,7102.106689318337,7594.1773759551015,-492.07068663676455,-0.06928517243719323,648.6290899999999,9.4194,0.9854779871189557,21.000420325,6420.299309667958,7083.609870062527,-663.3105603945687,-0.10331458525550788,628.1781799999998,1.5984900000000017,0.9974553557399909,0.9497158152714126,0.9039992766264937,1417,17,1,False,False,single_fiber_cyclic_force_displacement_transfer,material_code_only,single_fiber_polyurethane_auxiliary,cyclic_transfer_and_wet_condition_external_validation,0.0625,0.25,10.18738/T8/ZYQ5Z1|PCU85|Dry|07_09_25,数据/原始/外部数据/新增开放数据/Texas_湿干单根电纺PU纤维力学/解压内容/Data/Dry/PCU85_07_09_25_001Data.csv,0da89707a3c458d17ff97c87ea6e917574f474865bcc4f0430c079ea19313236,CC0-1.0,reference-197
source_texas_zyq5z1_v1,PCU85,PCU85,PCU85_07_09_25_001,Dry,07_09_25,0.731,22.3,30,42.011920325,25410.094693894993,26699.53654608147,-1289.4418521864754,-0.050745259619055086,1231.520303,3.1999999999999993,0.997401585672437,38.654920325,21640.065668658615,24006.09157024201,-2366.0259015833944,-0.10933543076119766,1136.16212,3.7775770000000044,0.996675142628413,0.9200941072431209,0.8516326259050833,1417,17,1,False,False,single_fiber_cyclic_force_displacement_transfer,material_code_only,single_fiber_polyurethane_auxiliary,cyclic_transfer_and_wet_condition_external_validation,0.0625,0.25,10.18738/T8/ZYQ5Z1|PCU85|Dry|07_09_25,数据/原始/外部数据/新增开放数据/Texas_湿干单根电纺PU纤维力学/解压内容/Data/Dry/PCU85_07_09_25_001Data.csv,0da89707a3c458d17ff97c87ea6e917574f474865bcc4f0430c079ea19313236,CC0-1.0,reference-197
source_texas_zyq5z1_v1,PCU85,PCU85,PCU85_07_09_25_002,Dry,07_09_25,0.786,22.5,10,5.08463514,426.26084432508,425.7338553201212,0.5269890049587502,0.001236306388387979,149.8554,11.8717,0.920778964254875,5.00453514,408.91600379711133,405.06889662696256,3.8471071701487745,0.009408062131159738,160.57039000000003,1.5432900000000025,0.9903887011795885,0.9842466572734263,0.9593093272373361,1417,17,1,False,False,single_fiber_cyclic_force_displacement_transfer,material_code_only,single_fiber_polyurethane_auxiliary,cyclic_transfer_and_wet_condition_external_validation,0.0625,0.25,10.18738/T8/ZYQ5Z1|PCU85|Dry|07_09_25,数据/原始/外部数据/新增开放数据/Texas_湿干单根电纺PU纤维力学/解压内容/Data/Dry/PCU85_07_09_25_002Data.csv,feae6e3cfa9bf6b50fa0fdc26b92ec73cafc547adc0f810c7f34c720bc7cd444,CC0-1.0,reference-197
source_texas_zyq5z1_v1,PCU85,PCU85,PCU85_07_09_25_002,Dry,07_09_25,0.786,22.5,15,8.27719514,999.8612895737085,1086.4889937652088,-86.62770419150024,-0.086639722024276,246.5643999999999,2.253630000000001,0.9908598727147958,7.97874514,926.3742738079305,1023.5454762043288,-97.17120239639826,-0.104894107213242,244.61818000000008,5.6791,0.9767838187660459,0.9639430996911352,0.9265027894048091,1417,17,1,False,False,single_fiber_cyclic_force_displacement_transfer,material_code_only,single_fiber_polyurethane_auxiliary,cyclic_transfer_and_wet_condition_external_validation,0.0625,0.25,10.18738/T8/ZYQ5Z1|PCU85|Dry|07_09_25,数据/原始/外部数据/新增开放数据/Texas_湿干单根电纺PU纤维力学/解压内容/Data/Dry/PCU85_07_09_25_002Data.csv,feae6e3cfa9bf6b50fa0fdc26b92ec73cafc547adc0f810c7f34c720bc7cd444,CC0-1.0,reference-197
source_texas_zyq5z1_v1,PCU85,PCU85,PCU85_07_09_25_002,Dry,07_09_25,0.786,22.5,20,11.88827514,2063.338163733298,2211.2058447287795,-147.86768099548135,-0.07166429797815456,360.8692399999999,1.608937000000001,0.9955414958614927,11.55947514,1940.6738246869306,2079.3840917144116,-138.710267027481,-0.07147531195761747,352.0083400000001,2.0865599999999986,0.9940724131706652,0.9723424974499707,0.9405505402835059,1417,17,1,False,False,single_fiber_cyclic_force_displacement_transfer,material_code_only,single_fiber_polyurethane_auxiliary,cyclic_transfer_and_wet_condition_external_validation,0.0625,0.25,10.18738/T8/ZYQ5Z1|PCU85|Dry|07_09_25,数据/原始/外部数据/新增开放数据/Texas_湿干单根电纺PU纤维力学/解压内容/Data/Dry/PCU85_07_09_25_002Data.csv,feae6e3cfa9bf6b50fa0fdc26b92ec73cafc547adc0f810c7f34c720bc7cd444,CC0-1.0,reference-197
source_texas_zyq5z1_v1,PCU85,PCU85,PCU85_07_09_25_002,Dry,07_09_25,0.786,22.5,30,21.03757514,6393.877661603856,6804.955741779969,-411.07808017611296,-0.0642924531766842,622.4619699999998,2.776060000000001,0.9955401934033014,20.12167514,5874.777374909349,6409.5237837566165,-534.746408847267,-0.09102411457004674,600.9081799999999,8.101517000000001,0.9865178786549386,0.9564636136101757,0.9188129153906436,1417,17,1,False,False,single_fiber_cyclic_force_displacement_transfer,material_code_only,single_fiber_polyurethane_auxiliary,cyclic_transfer_and_wet_condition_external_validation,0.0625,0.25,10.18738/T8/ZYQ5Z1|PCU85|Dry|07_09_25,数据/原始/外部数据/新增开放数据/Texas_湿干单根电纺PU纤维力学/解压内容/Data/Dry/PCU85_07_09_25_002Data.csv,feae6e3cfa9bf6b50fa0fdc26b92ec73cafc547adc0f810c7f34c720bc7cd444,CC0-1.0,reference-197
source_texas_zyq5z1_v1,PCU85,PCU85,PCU85_07_09_25_003,Dry,07_09_25,0.69,22.6,10,7.182365535000001,778.8421628942007,815.6405224216651,-36.79835952746441,-0.04724751853536102,206.80589999999995,13.02092,0.9370379665183634,7.019425535,749.2665290557239,791.8014940596793,-42.534965003955335,-0.056768804363329504,216.98069700000005,5.307433,0.9755396075624183,0.9773138808925852,0.9620261520914933,1417,17,1,False,False,single_fiber_cyclic_force_displacement_transfer,material_code_only,single_fiber_polyurethane_auxiliary,cyclic_transfer_and_wet_condition_external_validation,0.0625,0.25,10.18738/T8/ZYQ5Z1|PCU85|Dry|07_09_25,数据/原始/外部数据/新增开放数据/Texas_湿干单根电纺PU纤维力学/解压内容/Data/Dry/PCU85_07_09_25_003Data.csv,5f9d7a2611083cecd25b1acd7a7a88f963e7929641403202f7a596de413c5bd3,CC0-1.0,reference-197
source_texas_zyq5z1_v1,PCU85,PCU85,PCU85_07_09_25_003,Dry,07_09_25,0.69,22.6,15,11.675985535,1969.083824133103,2117.790938576645,-148.7071144435422,-0.0755209669700126,358.20713,6.316369999999999,0.9823667105677099,11.461785535,1914.488863528974,2058.3940785792483,-143.90521505027436,-0.07516638920793414,363.2123,23.483400000000003,0.9353452512483745,0.9816546535315659,0.9722739276332409,1417,17,1,False,False,single_fiber_cyclic_force_displacement_transfer,material_code_only,single_fiber_polyurethane_auxiliary,cyclic_transfer_and_wet_condition_external_validation,0.0625,0.25,10.18738/T8/ZYQ5Z1|PCU85|Dry|07_09_25,数据/原始/外部数据/新增开放数据/Texas_湿干单根电纺PU纤维力学/解压内容/Data/Dry/PCU85_07_09_25_003Data.csv,5f9d7a2611083cecd25b1acd7a7a88f963e7929641403202f7a596de413c5bd3,CC0-1.0,reference-197
source_texas_zyq5z1_v1,PCU85,PCU85,PCU85_07_09_25_003,Dry,07_09_25,0.69,22.6,20,16.837385535,4157.6064845076435,4412.509431917924,-254.90294741028083,-0.06131002257190948,507.03954999999996,6.498480000000001,0.9871834849963873,16.311585535,3824.059284551774,4126.052314194594,-301.99302964282015,-0.07897184828247697,485.64559999999994,7.601499999999998,0.9843476395132582,0.96877187382168,0.9197742255793674,1417,17,1,False,False,single_fiber_cyclic_force_displacement_transfer,material_code_only,single_fiber_polyurethane_auxiliary,cyclic_transfer_and_wet_condition_external_validation,0.0625,0.25,10.18738/T8/ZYQ5Z1|PCU85|Dry|07_09_25,数据/原始/外部数据/新增开放数据/Texas_湿干单根电纺PU纤维力学/解压内容/Data/Dry/PCU85_07_09_25_003Data.csv,5f9d7a2611083cecd25b1acd7a7a88f963e7929641403202f7a596de413c5bd3,CC0-1.0,reference-197
source_texas_zyq5z1_v1,PCU85,PCU85,PCU85_07_09_25_003,Dry,07_09_25,0.69,22.6,30,29.877985535,12862.165759074536,13707.157584228604,-844.9918251540676,-0.06569592096555804,871.0961000000002,7.05677,0.9918989764734338,28.597585535,11823.518345430457,12602.311245951109,-778.7929005206515,-0.06586811791277329,857.3290900000002,6.86121,0.9919969938264896,0.9571457052049208,0.9192478597229016,1417,17,1,False,False,single_fiber_cyclic_force_displacement_transfer,material_code_only,single_fiber_polyurethane_auxiliary,cyclic_transfer_and_wet_condition_external_validation,0.0625,0.25,10.18738/T8/ZYQ5Z1|PCU85|Dry|07_09_25,数据/原始/外部数据/新增开放数据/Texas_湿干单根电纺PU纤维力学/解压内容/Data/Dry/PCU85_07_09_25_003Data.csv,5f9d7a2611083cecd25b1acd7a7a88f963e7929641403202f7a596de413c5bd3,CC0-1.0,reference-197
source_texas_zyq5z1_v1,PCU85,PCU85,PCU85_07_09_25_004,Dry,07_09_25,0.738,22.0,10,8.87726255,1153.8787160338811,1291.2608029801736,-137.38208694629247,-0.11906111538178207,255.96590000000006,24.18213,0.9055259704515328,8.58052255,1077.5791095652996,1194.3832492796562,-116.80413971435655,-0.10839495557915546,271.50172,0.5866199999999964,0.9978393507046659,0.9665730287542301,0.9338755404633522,1417,17,1,False,False,single_fiber_cyclic_force_displacement_transfer,material_code_only,single_fiber_polyurethane_auxiliary,cyclic_transfer_and_wet_condition_external_validation,0.0625,0.25,10.18738/T8/ZYQ5Z1|PCU85|Dry|07_09_25,数据/原始/外部数据/新增开放数据/Texas_湿干单根电纺PU纤维力学/解压内容/Data/Dry/PCU85_07_09_25_004Data.csv,5657b241ffec280723bb063d2f6a7f7c19eefd04fe5d2cdf316379419eab518f,CC0-1.0,reference-197
source_texas_zyq5z1_v1,PCU85,PCU85,PCU85_07_09_25_004,Dry,07_09_25,0.738,22.0,15,13.41926255,2612.92851542665,2809.722195012725,-196.7936795860751,-0.07531537063651425,418.7721200000001,3.5431799999999996,0.9915391215632979,12.764562549999999,2374.3985160657367,2603.8822218883734,-229.4837058226367,-0.0966491952677262,395.60045000000014,3.7163699999999977,0.9906057488053919,0.9512119240859476,0.9087116245421031,1417,17,1,False,False,single_fiber_cyclic_force_displacement_transfer,material_code_only,single_fiber_polyurethane_auxiliary,cyclic_transfer_and_wet_condition_external_validation,0.0625,0.25,10.18738/T8/ZYQ5Z1|PCU85|Dry|07_09_25,数据/原始/外部数据/新增开放数据/Texas_湿干单根电纺PU纤维力学/解压内容/Data/Dry/PCU85_07_09_25_004Data.csv,5657b241ffec280723bb063d2f6a7f7c19eefd04fe5d2cdf316379419eab518f,CC0-1.0,reference-197
source_texas_zyq5z1_v1,PCU85,PCU85,PCU85_07_09_25_004,Dry,07_09_25,0.738,22.0,20,17.68056255,4530.518733417649,4827.829983717611,-297.311250299962,-0.06562410792101103,537.220151,4.377579000000001,0.9918514244265569,16.932862550000003,4141.7560312428,4406.3908749470975,-264.63484370429705,-0.0638943582644797,519.8203030000001,1.0477269999999983,0.9979844438665567,0.957710621600103,0.9141902450800417,1417,17,1,False,False,single_fiber_cyclic_force_displacement_transfer,material_code_only,single_fiber_polyurethane_auxiliary,cyclic_transfer_and_wet_condition_external_validation,0.0625,0.25,10.18738/T8/ZYQ5Z1|PCU85|Dry|07_09_25,数据/原始/外部数据/新增开放数据/Texas_湿干单根电纺PU纤维力学/解压内容/Data/Dry/PCU85_07_09_25_004Data.csv,5657b241ffec280723bb063d2f6a7f7c19eefd04fe5d2cdf316379419eab518f,CC0-1.0,reference-197
source_texas_zyq5z1_v1,PCU85,PCU85,PCU85_07_09_25_004,Dry,07_09_25,0.738,22.0,30,26.41996255,10048.168291807779,10603.955346342475,-555.7870545346959,-0.05531227566996726,796.4204499999997,0.7492469999999898,0.9990592318416736,25.17816255,9140.688569619428,9698.203076437745,-557.5145068183174,-0.06099261588140176,772.4295000000002,12.130260000000007,0.9842959648744642,0.952997662367996,0.9096870498349222,1417,17,1,False,False,single_fiber_cyclic_force_displacement_transfer,material_code_only,single_fiber_polyurethane_auxiliary,cyclic_transfer_and_wet_condition_external_validation,0.0625,0.25,10.18738/T8/ZYQ5Z1|PCU85|Dry|07_09_25,数据/原始/外部数据/新增开放数据/Texas_湿干单根电纺PU纤维力学/解压内容/Data/Dry/PCU85_07_09_25_004Data.csv,5657b241ffec280723bb063d2f6a7f7c19eefd04fe5d2cdf316379419eab518f,CC0-1.0,reference-197
source_texas_zyq5z1_v1,PCU85,PCU85,PCU85_07_09_25_005,Dry,07_09_25,0.563,22.3,10,13.5238891,2638.6069818913084,2877.209657153251,-238.60267526194275,-0.09042751607172525,387.8206999999999,36.8045,0.9050991862992357,12.7267891,2356.0087279466,2579.5998961420014,-223.59116819540122,-0.09490252117625814,405.60348000000005,4.713340000000009,0.9883794389535316,0.941059853855205,0.8928986939380618,1417,17,1,False,False,single_fiber_cyclic_force_displacement_transfer,material_code_only,single_fiber_polyurethane_auxiliary,cyclic_transfer_and_wet_condition_external_validation,0.0625,0.25,10.18738/T8/ZYQ5Z1|PCU85|Dry|07_09_25,数据/原始/外部数据/新增开放数据/Texas_湿干单根电纺PU纤维力学/解压内容/Data/Dry/PCU85_07_09_25_005Data.csv,4bc4917b288d77a2b4b682f0be9421b01c8f5934c3623cd55cdd22e1f084ed96,CC0-1.0,reference-197
source_texas_zyq5z1_v1,PCU85,PCU85,PCU85_07_09_25_005,Dry,07_09_25,0.563,22.3,15,19.5841891,5506.1398646693515,5890.721864834948,-384.5820001655966,-0.06984602818270237,606.4681800000001,4.567120000000003,0.9924693163621544,18.4200891,4911.083736654465,5357.4089679870485,-446.3252313325838,-0.09088120978296128,578.9723999999999,1.325480000000006,0.9977106335293358,0.9405591932320546,0.8919286210230295,1417,17,1,False,False,single_fiber_cyclic_force_displacement_transfer,material_code_only,single_fiber_polyurethane_auxiliary,cyclic_transfer_and_wet_condition_external_validation,0.0625,0.25,10.18738/T8/ZYQ5Z1|PCU85|Dry|07_09_25,数据/原始/外部数据/新增开放数据/Texas_湿干单根电纺PU纤维力学/解压内容/Data/Dry/PCU85_07_09_25_005Data.csv,4bc4917b288d77a2b4b682f0be9421b01c8f5934c3623cd55cdd22e1f084ed96,CC0-1.0,reference-197
source_texas_zyq5z1_v1,PCU85,PCU85,PCU85_07_09_25_005,Dry,07_09_25,0.563,22.3,20,25.6371891,9448.413745623693,10109.630340320547,-661.2165946968544,-0.06998175699102042,770.4633299999999,0.9850299999999947,0.9987215095623045,24.1223891,8371.307431691599,9010.4261271927,-639.1186955011017,-0.0763463414426239,727.33939,0.2956099999999928,0.9995935735035607,0.9409139592452435,0.886001360341466,1417,17,1,False,False,single_fiber_cyclic_force_displacement_transfer,material_code_only,single_fiber_polyurethane_auxiliary,cyclic_transfer_and_wet_condition_external_validation,0.0625,0.25,10.18738/T8/ZYQ5Z1|PCU85|Dry|07_09_25,数据/原始/外部数据/新增开放数据/Texas_湿干单根电纺PU纤维力学/解压内容/Data/Dry/PCU85_07_09_25_005Data.csv,4bc4917b288d77a2b4b682f0be9421b01c8f5934c3623cd55cdd22e1f084ed96,CC0-1.0,reference-197
source_texas_zyq5z1_v1,PCU85,PCU85,PCU85_07_09_25_005,Dry,07_09_25,0.563,22.3,30,40.592789100000005,23699.88026955941,25187.80141534962,-1487.9211457902093,-0.06278180011319823,1213.7680300000002,3.068639999999995,0.997471806865765,37.6480891,20473.080138475492,21964.368306679648,-1491.2881682041552,-0.07284141702750169,1111.9828999999997,24.216190000000005,0.9782225158318532,0.9274575592047701,0.863847407903217,1417,17,1,False,False,single_fiber_cyclic_force_displacement_transfer,material_code_only,single_fiber_polyurethane_auxiliary,cyclic_transfer_and_wet_condition_external_validation,0.0625,0.25,10.18738/T8/ZYQ5Z1|PCU85|Dry|07_09_25,数据/原始/外部数据/新增开放数据/Texas_湿干单根电纺PU纤维力学/解压内容/Data/Dry/PCU85_07_09_25_005Data.csv,4bc4917b288d77a2b4b682f0be9421b01c8f5934c3623cd55cdd22e1f084ed96,CC0-1.0,reference-197
source_texas_zyq5z1_v1,PCU85,PCU85,PCU85_07_09_25_006,Dry,07_09_25,0.636,22.5,10,7.483106575,888.087988639797,909.569490240702,-21.48150160090495,-0.024188483433726198,213.28666999999996,9.703026999999999,0.9545071100786561,7.164126575,774.2190166940647,854.3648455951501,-80.14582890108534,-0.10351829026792717,217.68490000000006,3.9612,0.9818030557011533,0.9573733185805924,0.8717818803966317,1417,17,1,False,False,single_fiber_cyclic_force_displacement_transfer,material_code_only,single_fiber_polyurethane_auxiliary,cyclic_transfer_and_wet_condition_external_validation,0.0625,0.25,10.18738/T8/ZYQ5Z1|PCU85|Dry|07_09_25,数据/原始/外部数据/新增开放数据/Texas_湿干单根电纺PU纤维力学/解压内容/Data/Dry/PCU85_07_09_25_006Data.csv,cb2f14adb91529fb919f74ddfd27cad0611b9648b2a3a25a40d27309bcb8692b,CC0-1.0,reference-197
source_texas_zyq5z1_v1,PCU85,PCU85,PCU85_07_09_25_006,Dry,07_09_25,0.636,22.5,15,11.420266575,1931.0482157519373,2091.067533245477,-160.0193174935398,-0.0828665572346827,344.41833999999994,0.08953999999999951,0.9997400254585745,10.881166575,1760.6305798277506,1888.7939338413867,-128.16335401363608,-0.07279400658040076,322.17272,5.088040000000001,0.9842071048101155,0.952794446919467,0.9117486375875772,1417,17,1,False,False,single_fiber_cyclic_force_displacement_transfer,material_code_only,single_fiber_polyurethane_auxiliary,cyclic_transfer_and_wet_condition_external_validation,0.0625,0.25,10.18738/T8/ZYQ5Z1|PCU85|Dry|07_09_25,数据/原始/外部数据/新增开放数据/Texas_湿干单根电纺PU纤维力学/解压内容/Data/Dry/PCU85_07_09_25_006Data.csv,cb2f14adb91529fb919f74ddfd27cad0611b9648b2a3a25a40d27309bcb8692b,CC0-1.0,reference-197
source_texas_zyq5z1_v1,PCU85,PCU85,PCU85_07_09_25_006,Dry,07_09_25,0.636,22.5,20,15.249666575,3377.706415249397,3581.5047428643884,-203.7983276149912,-0.06033630593082303,460.86510000000004,0.08827999999999392,0.9998084472007102,14.485566575,3098.0988689084143,3272.1816417726995,-174.0827728642853,-0.05619019283449198,429.78430000000014,12.383879999999998,0.9711858250755088,0.9498939864526186,0.9172197011917219,1417,17,1,False,False,single_fiber_cyclic_force_displacement_transfer,material_code_only,single_fiber_polyurethane_auxiliary,cyclic_transfer_and_wet_condition_external_validation,0.0625,0.25,10.18738/T8/ZYQ5Z1|PCU85|Dry|07_09_25,数据/原始/外部数据/新增开放数据/Texas_湿干单根电纺PU纤维力学/解压内容/Data/Dry/PCU85_07_09_25_006Data.csv,cb2f14adb91529fb919f74ddfd27cad0611b9648b2a3a25a40d27309bcb8692b,CC0-1.0,reference-197
source_texas_zyq5z1_v1,PCU85,PCU85,PCU85_07_09_25_006,Dry,07_09_25,0.636,22.5,30,23.389066575,7916.317561287111,8359.213272878955,-442.8957115918438,-0.05594718859659207,697.2039,2.1746599999999994,0.9968808837701567,22.363166575,7228.859574154975,7642.1076686496235,-413.2480944946483,-0.05716642995419583,673.278,5.077389999999998,0.9924587020517528,0.9561376253853345,0.9131593721689505,1417,17,1,False,False,single_fiber_cyclic_force_displacement_transfer,material_code_only,single_fiber_polyurethane_auxiliary,cyclic_transfer_and_wet_condition_external_validation,0.0625,0.25,10.18738/T8/ZYQ5Z1|PCU85|Dry|07_09_25,数据/原始/外部数据/新增开放数据/Texas_湿干单根电纺PU纤维力学/解压内容/Data/Dry/PCU85_07_09_25_006Data.csv,cb2f14adb91529fb919f74ddfd27cad0611b9648b2a3a25a40d27309bcb8692b,CC0-1.0,reference-197
source_texas_zyq5z1_v1,PCU85,PCU85,PCU85_08_01_25_001,Soaked,08_01_25,0.714,22.7,10,4.626796165999999,320.9640028464751,353.9686857105718,-33.00468286409665,-0.10282985808811586,132.72679999999994,10.507399999999999,0.9208343755744883,4.557146166,303.86587009722473,339.7333905668066,-35.86752046958185,-0.1180373447603895,141.38055000000003,0.4148500000000013,0.9970657208505697,0.9849463867650314,0.9467288150770327,1417,17,1,False,False,single_fiber_cyclic_force_displacement_transfer,material_code_only,single_fiber_polyurethane_auxiliary,cyclic_transfer_and_wet_condition_external_validation,0.0625,0.25,10.18738/T8/ZYQ5Z1|PCU85|Soaked|08_01_25,数据/原始/外部数据/新增开放数据/Texas_湿干单根电纺PU纤维力学/解压内容/Data/Soaked/PCU85_08_01_25_001Data.csv,f74e2145bb632041924a7420a2d4f52805f9b3805aa7fc0a97cfae487a778363,CC0-1.0,reference-197
source_texas_zyq5z1_v1,PCU85,PCU85,PCU85_08_01_25_001,Soaked,08_01_25,0.714,22.7,15,7.967686166,919.0760485345527,1004.0471067825316,-84.97105824797893,-0.09245269570832956,242.14044999999987,1.5939500000000013,0.9934172501950831,7.900486165999999,896.2101035698878,990.4790325809302,-94.26892901104236,-0.1051861930986266,241.71045,1.7939500000000006,0.9925781032636363,0.9915659328693494,0.9751207258625397,1417,17,1,False,False,single_fiber_cyclic_force_displacement_transfer,material_code_only,single_fiber_polyurethane_auxiliary,cyclic_transfer_and_wet_condition_external_validation,0.0625,0.25,10.18738/T8/ZYQ5Z1|PCU85|Soaked|08_01_25,数据/原始/外部数据/新增开放数据/Texas_湿干单根电纺PU纤维力学/解压内容/Data/Soaked/PCU85_08_01_25_001Data.csv,f74e2145bb632041924a7420a2d4f52805f9b3805aa7fc0a97cfae487a778363,CC0-1.0,reference-197
source_texas_zyq5z1_v1,PCU85,PCU85,PCU85_08_01_25_001,Soaked,08_01_25,0.714,22.7,20,12.366846166,2219.118627806018,2390.7015968519827,-171.58296904596455,-0.07732032298588919,375.0395499999999,0.4148499999999995,0.9988938499952872,12.015146166,2095.839008750789,2326.9638581065383,-231.12484935574912,-0.110277959514414,365.16044999999986,3.234250000000001,0.991142934564792,0.9715610596849725,0.9444465845536558,1417,17,1,False,False,single_fiber_cyclic_force_displacement_transfer,material_code_only,single_fiber_polyurethane_auxiliary,cyclic_transfer_and_wet_condition_external_validation,0.0625,0.25,10.18738/T8/ZYQ5Z1|PCU85|Soaked|08_01_25,数据/原始/外部数据/新增开放数据/Texas_湿干单根电纺PU纤维力学/解压内容/Data/Soaked/PCU85_08_01_25_001Data.csv,f74e2145bb632041924a7420a2d4f52805f9b3805aa7fc0a97cfae487a778363,CC0-1.0,reference-197
source_texas_zyq5z1_v1,PCU85,PCU85,PCU85_08_01_25_001,Soaked,08_01_25,0.714,22.7,30,25.676646166,9497.708288412661,10311.402880932843,-813.6945925201817,-0.0856727294428384,760.6604499999999,1.4939499999999981,0.998035983072342,24.889546166,8925.347938807961,9818.924301356237,-893.5763625482759,-0.10011669782227212,741.8007600000001,1.2238399999999992,0.9983501769396947,0.9693456849889435,0.9397370047358701,1417,17,1,False,False,single_fiber_cyclic_force_displacement_transfer,material_code_only,single_fiber_polyurethane_auxiliary,cyclic_transfer_and_wet_condition_external_validation,0.0625,0.25,10.18738/T8/ZYQ5Z1|PCU85|Soaked|08_01_25,数据/原始/外部数据/新增开放数据/Texas_湿干单根电纺PU纤维力学/解压内容/Data/Soaked/PCU85_08_01_25_001Data.csv,f74e2145bb632041924a7420a2d4f52805f9b3805aa7fc0a97cfae487a778363,CC0-1.0,reference-197
source_texas_zyq5z1_v1,PCU85,PCU85,PCU85_08_06_25_001,Soaked,08_06_25,0.694,21.9,10,8.658832585,1091.2247533649784,1209.4042835991318,-118.17953023415339,-0.10829989868698137,250.69559999999987,12.779100000000001,0.9490254316390075,8.482272585,1050.317556737002,1156.3372981037076,-106.0197413667056,-0.1009406542684812,258.07045000000005,0.4939499999999999,0.998085987760319,0.979609260455519,0.962512583680097,1417,17,1,False,False,single_fiber_cyclic_force_displacement_transfer,material_code_only,single_fiber_polyurethane_auxiliary,cyclic_transfer_and_wet_condition_external_validation,0.0625,0.25,10.18738/T8/ZYQ5Z1|PCU85|Soaked|08_06_25,数据/原始/外部数据/新增开放数据/Texas_湿干单根电纺PU纤维力学/解压内容/Data/Soaked/PCU85_08_06_25_001Data.csv,4309ba1717b010f82b61852b598486be660f5f8a53acf5bd4449bcd95cc03cd5,CC0-1.0,reference-197
source_texas_zyq5z1_v1,PCU85,PCU85,PCU85_08_06_25_001,Soaked,08_06_25,0.694,21.9,15,13.166392585,2484.490483391304,2617.831472635082,-133.34098924377759,-0.05366934996738989,390.71181999999993,0.9625800000000009,0.9975363427704849,12.583392585,2283.783729987364,2473.261238119835,-189.47750813247103,-0.08296648480524878,374.94044999999994,0.034250000000000114,0.9999086521606297,0.9557205972527212,0.91921613113608,1417,17,1,False,False,single_fiber_cyclic_force_displacement_transfer,material_code_only,single_fiber_polyurethane_auxiliary,cyclic_transfer_and_wet_condition_external_validation,0.0625,0.25,10.18738/T8/ZYQ5Z1|PCU85|Soaked|08_06_25,数据/原始/外部数据/新增开放数据/Texas_湿干单根电纺PU纤维力学/解压内容/Data/Soaked/PCU85_08_06_25_001Data.csv,4309ba1717b010f82b61852b598486be660f5f8a53acf5bd4449bcd95cc03cd5,CC0-1.0,reference-197
source_texas_zyq5z1_v1,PCU85,PCU85,PCU85_08_06_25_001,Soaked,08_06_25,0.694,21.9,20,17.410892585,4353.197846030901,4640.057184530407,-286.8593384995056,-0.06589623275704187,514.3096969999999,3.2940970000000007,0.9935951100684769,16.666692585,4010.0541794504657,4377.864471888162,-367.8102924376967,-0.09172202568297995,492.4606100000001,1.2060099999999991,0.9975510528649185,0.9572566428535002,0.9211743461434214,1417,17,1,False,False,single_fiber_cyclic_force_displacement_transfer,material_code_only,single_fiber_polyurethane_auxiliary,cyclic_transfer_and_wet_condition_external_validation,0.0625,0.25,10.18738/T8/ZYQ5Z1|PCU85|Soaked|08_06_25,数据/原始/外部数据/新增开放数据/Texas_湿干单根电纺PU纤维力学/解压内容/Data/Soaked/PCU85_08_06_25_001Data.csv,4309ba1717b010f82b61852b598486be660f5f8a53acf5bd4449bcd95cc03cd5,CC0-1.0,reference-197
source_texas_zyq5z1_v1,PCU85,PCU85,PCU85_08_06_25_001,Soaked,08_06_25,0.694,21.9,30,27.989392584999997,11228.860711154928,11784.063940480999,-555.2032293260709,-0.04944430638226042,814.5618200000001,2.80288,0.9965590334199558,26.357192585,10004.471636968006,10951.74096278162,-947.2693258136132,-0.09468459306869466,771.1604500000001,2.164150000000001,0.9971936449801075,0.9416850510405602,0.8909605252320394,1417,17,1,False,False,single_fiber_cyclic_force_displacement_transfer,material_code_only,single_fiber_polyurethane_auxiliary,cyclic_transfer_and_wet_condition_external_validation,0.0625,0.25,10.18738/T8/ZYQ5Z1|PCU85|Soaked|08_06_25,数据/原始/外部数据/新增开放数据/Texas_湿干单根电纺PU纤维力学/解压内容/Data/Soaked/PCU85_08_06_25_001Data.csv,4309ba1717b010f82b61852b598486be660f5f8a53acf5bd4449bcd95cc03cd5,CC0-1.0,reference-197
source_texas_zyq5z1_v1,PCU85,PCU85,PCU85_08_06_25_003,Soaked,08_06_25,0.288,22.2,10,4.41150322,281.83386701425997,300.6445055495894,-18.810638535329417,-0.06674371229621476,125.09680000000003,15.798499999999999,0.8737097991315526,4.19559322,251.3105515751803,278.13247977603,-26.82192820084967,-0.1067282214484568,134.30130300000005,3.5043970000000026,0.9739064556953703,0.9510574991714502,0.8916974891540084,1417,17,1,False,False,single_fiber_cyclic_force_displacement_transfer,material_code_only,single_fiber_polyurethane_auxiliary,cyclic_transfer_and_wet_condition_external_validation,0.0625,0.25,10.18738/T8/ZYQ5Z1|PCU85|Soaked|08_06_25,数据/原始/外部数据/新增开放数据/Texas_湿干单根电纺PU纤维力学/解压内容/Data/Soaked/PCU85_08_06_25_003Data.csv,78069e0f5e59b7f8411972344a732a1e19346a5e022ef456aa7ba5b25cd51f08,CC0-1.0,reference-197
source_texas_zyq5z1_v1,PCU85,PCU85,PCU85_08_06_25_003,Soaked,08_06_25,0.288,22.2,15,6.55792322,613.0049650019508,669.3792178455891,-56.37425284363826,-0.09196377853719154,206.04030300000014,1.4448030000000003,0.9929877651170024,6.26192322,561.2158398859802,625.3040969073799,-64.08825702139961,-0.11419538164571431,200.11045000000001,3.773049999999998,0.981145162583963,0.9548637594448689,0.9155159777281644,1417,17,1,False,False,single_fiber_cyclic_force_displacement_transfer,material_code_only,single_fiber_polyurethane_auxiliary,cyclic_transfer_and_wet_condition_external_validation,0.0625,0.25,10.18738/T8/ZYQ5Z1|PCU85|Soaked|08_06_25,数据/原始/外部数据/新增开放数据/Texas_湿干单根电纺PU纤维力学/解压内容/Data/Soaked/PCU85_08_06_25_003Data.csv,78069e0f5e59b7f8411972344a732a1e19346a5e022ef456aa7ba5b25cd51f08,CC0-1.0,reference-197
source_texas_zyq5z1_v1,PCU85,PCU85,PCU85_08_06_25_003,Soaked,08_06_25,0.288,22.2,20,8.857153219999999,1122.419756671579,1214.6627124312502,-92.24295575967108,-0.0821822274700582,276.66030299999983,2.7132970000000007,0.9901926768293896,8.536773219999999,1042.1177996271183,1119.7831088483201,-77.66530922120182,-0.07452642038068188,267.9603029999998,2.843197,0.989389484307308,0.9638281068372441,0.9284563938159927,1417,17,1,False,False,single_fiber_cyclic_force_displacement_transfer,material_code_only,single_fiber_polyurethane_auxiliary,cyclic_transfer_and_wet_condition_external_validation,0.0625,0.25,10.18738/T8/ZYQ5Z1|PCU85|Soaked|08_06_25,数据/原始/外部数据/新增开放数据/Texas_湿干单根电纺PU纤维力学/解压内容/Data/Soaked/PCU85_08_06_25_003Data.csv,78069e0f5e59b7f8411972344a732a1e19346a5e022ef456aa7ba5b25cd51f08,CC0-1.0,reference-197
source_texas_zyq5z1_v1,PCU85,PCU85,PCU85_08_06_25_003,Soaked,08_06_25,0.288,22.2,30,13.866873219999999,2762.3791677238387,2943.657222689878,-181.27805496603924,-0.06562388577358473,423.3203029999999,3.4729969999999994,0.9917958175514204,12.896673219999998,2398.4408200144385,2594.524113725392,-196.0832937109535,-0.08175448486144975,396.7603029999999,0.9254029999999993,0.9976676018417094,0.9300346960264485,0.8682518489996867,1417,17,1,False,False,single_fiber_cyclic_force_displacement_transfer,material_code_only,single_fiber_polyurethane_auxiliary,cyclic_transfer_and_wet_condition_external_validation,0.0625,0.25,10.18738/T8/ZYQ5Z1|PCU85|Soaked|08_06_25,数据/原始/外部数据/新增开放数据/Texas_湿干单根电纺PU纤维力学/解压内容/Data/Soaked/PCU85_08_06_25_003Data.csv,78069e0f5e59b7f8411972344a732a1e19346a5e022ef456aa7ba5b25cd51f08,CC0-1.0,reference-197
source_texas_zyq5z1_v1,PCU85,PCU85,PCU85_08_06_25_004,Soaked,08_06_25,0.435,22.4,10,5.54914085,438.5886849062435,485.8455095595901,-47.2568246533466,-0.1077474779438248,157.61782,16.06408,0.8980820823432274,5.09991085,372.6752675255664,416.21153287197933,-43.536265346412904,-0.11682091391650026,166.31329999999994,0.622399999999999,0.9962576655023981,0.9190451256972509,0.849714733532701,1417,17,1,False,False,single_fiber_cyclic_force_displacement_transfer,material_code_only,single_fiber_polyurethane_auxiliary,cyclic_transfer_and_wet_condition_external_validation,0.0625,0.25,10.18738/T8/ZYQ5Z1|PCU85|Soaked|08_06_25,数据/原始/外部数据/新增开放数据/Texas_湿干单根电纺PU纤维力学/解压内容/Data/Soaked/PCU85_08_06_25_004Data.csv,c591aa654f05331dc20e270d00ffbea9432e4c2ccb59eb8b1b5551caca2f746f,CC0-1.0,reference-197
source_texas_zyq5z1_v1,PCU85,PCU85,PCU85_08_06_25_004,Soaked,08_06_25,0.435,22.4,15,8.34085085,996.5726231608473,1087.3892843592746,-90.81666119842725,-0.09112899460390796,260.6121,0.7373000000000012,0.9971708911443482,7.866200849999999,897.2330546854726,998.0834093140135,-100.85035462854091,-0.1124015149708169,250.79110000000003,1.1313999999999993,0.9954886756348211,0.9430933356157541,0.9003187864419778,1417,17,1,False,False,single_fiber_cyclic_force_displacement_transfer,material_code_only,single_fiber_polyurethane_auxiliary,cyclic_transfer_and_wet_condition_external_validation,0.0625,0.25,10.18738/T8/ZYQ5Z1|PCU85|Soaked|08_06_25,数据/原始/外部数据/新增开放数据/Texas_湿干单根电纺PU纤维力学/解压内容/Data/Soaked/PCU85_08_06_25_004Data.csv,c591aa654f05331dc20e270d00ffbea9432e4c2ccb59eb8b1b5551caca2f746f,CC0-1.0,reference-197
source_texas_zyq5z1_v1,PCU85,PCU85,PCU85_08_06_25_004,Soaked,08_06_25,0.435,22.4,20,11.51659085,1912.8303184652746,2067.69230206065,-154.86198359537548,-0.080959603212284,354.93199999999996,0.32239999999999824,0.9990916569934523,10.753990850000001,1663.8874618153,1820.0240142530504,-156.13655243775042,-0.0938384091598392,334.58119999999997,1.4715999999999987,0.9956016656046425,0.9337824873755936,0.8698562782872924,1417,17,1,False,False,single_fiber_cyclic_force_displacement_transfer,material_code_only,single_fiber_polyurethane_auxiliary,cyclic_transfer_and_wet_condition_external_validation,0.0625,0.25,10.18738/T8/ZYQ5Z1|PCU85|Soaked|08_06_25,数据/原始/外部数据/新增开放数据/Texas_湿干单根电纺PU纤维力学/解压内容/Data/Soaked/PCU85_08_06_25_004Data.csv,c591aa654f05331dc20e270d00ffbea9432e4c2ccb59eb8b1b5551caca2f746f,CC0-1.0,reference-197
source_texas_zyq5z1_v1,PCU85,PCU85,PCU85_08_06_25_004,Soaked,08_06_25,0.435,22.4,30,18.68689085,5015.301663935323,5432.453072264722,-417.1514083293996,-0.08317573623319724,562.6811999999999,1.9670999999999985,0.9965040594923023,16.93869085,4135.882451818202,4457.381830620946,-321.4993788027441,-0.07773416738703676,514.6006000000001,1.317899999999998,0.9974389847194115,0.9064477866311291,0.8246527784278737,1417,17,1,False,False,single_fiber_cyclic_force_displacement_transfer,material_code_only,single_fiber_polyurethane_auxiliary,cyclic_transfer_and_wet_condition_external_validation,0.0625,0.25,10.18738/T8/ZYQ5Z1|PCU85|Soaked|08_06_25,数据/原始/外部数据/新增开放数据/Texas_湿干单根电纺PU纤维力学/解压内容/Data/Soaked/PCU85_08_06_25_004Data.csv,c591aa654f05331dc20e270d00ffbea9432e4c2ccb59eb8b1b5551caca2f746f,CC0-1.0,reference-197
source_texas_zyq5z1_v1,PCU85,PCU85,PCU85_09_12_25_007,Soaked,09_12_25,0.613,21.1,10,2.8655518225,140.16745633530093,151.87382684898733,-11.706370513686409,-0.083517036120589,85.02670000000002,0.5089000000000006,0.9940148212267441,3.0956418225,166.78354287321687,171.16773468945468,-4.384191816237802,-0.026286717146730205,92.67154999999997,0.15515000000000168,0.9983258076507838,1.0802951802139324,1.1898877759060307,1417,17,1,False,False,single_fiber_cyclic_force_displacement_transfer,material_code_only,single_fiber_polyurethane_auxiliary,cyclic_transfer_and_wet_condition_external_validation,0.0625,0.25,10.18738/T8/ZYQ5Z1|PCU85|Soaked|09_12_25,数据/原始/外部数据/新增开放数据/Texas_湿干单根电纺PU纤维力学/解压内容/Data/Soaked/PCU85_09_12_25_007Data.csv,76422c035906b63ba07d81ec80af76715069ae598be8d422b6b3298315ffbac2,CC0-1.0,reference-197
source_texas_zyq5z1_v1,PCU85,PCU85,PCU85_09_12_25_007,Soaked,09_12_25,0.613,21.1,15,5.3097918225,419.09545876234995,448.9198243807039,-29.824365618353966,-0.07116365733580046,155.50045000000006,1.3045499999999997,0.9916106352103804,4.3451618225,279.9983213679868,314.2700895690954,-34.27176820110856,-0.12239990594824676,125.8004500000002,0.9954500000000004,0.9920870712306673,0.8183299774743663,0.6681015399089809,1417,17,1,False,False,single_fiber_cyclic_force_displacement_transfer,material_code_only,single_fiber_polyurethane_auxiliary,cyclic_transfer_and_wet_condition_external_validation,0.0625,0.25,10.18738/T8/ZYQ5Z1|PCU85|Soaked|09_12_25,数据/原始/外部数据/新增开放数据/Texas_湿干单根电纺PU纤维力学/解压内容/Data/Soaked/PCU85_09_12_25_007Data.csv,76422c035906b63ba07d81ec80af76715069ae598be8d422b6b3298315ffbac2,CC0-1.0,reference-197
source_texas_zyq5z1_v1,PCU85,PCU85,PCU85_09_12_25_007,Soaked,09_12_25,0.613,21.1,20,6.9811418225,730.7435737530033,791.1152385050653,-60.37166475206209,-0.08261675767054799,206.26954999999998,2.8537500000000002,0.9861649477588912,7.5602718225,828.1256146306916,906.5422333644871,-78.41661873379542,-0.09469169573841264,219.72939,0.07611000000000057,0.9996536193906513,1.082956343636149,1.1332643137421612,1417,17,1,False,False,single_fiber_cyclic_force_displacement_transfer,material_code_only,single_fiber_polyurethane_auxiliary,cyclic_transfer_and_wet_condition_external_validation,0.0625,0.25,10.18738/T8/ZYQ5Z1|PCU85|Soaked|09_12_25,数据/原始/外部数据/新增开放数据/Texas_湿干单根电纺PU纤维力学/解压内容/Data/Soaked/PCU85_09_12_25_007Data.csv,76422c035906b63ba07d81ec80af76715069ae598be8d422b6b3298315ffbac2,CC0-1.0,reference-197
source_texas_zyq5z1_v1,PCU85,PCU85,PCU85_09_12_25_007,Soaked,09_12_25,0.613,21.1,30,15.796801822499999,3636.647116058389,4070.684842763111,-434.037726704722,-0.11935107060240628,459.8493899999998,0.5253100000000004,0.998857647718093,14.996501822499999,3242.909754507479,3643.17600902819,-400.26625452071085,-0.12342812005926504,433.83954999999986,0.45375000000000054,0.9989541064202192,0.9493378464202734,0.8917306659168884,1417,17,1,False,False,single_fiber_cyclic_force_displacement_transfer,material_code_only,single_fiber_polyurethane_auxiliary,cyclic_transfer_and_wet_condition_external_validation,0.0625,0.25,10.18738/T8/ZYQ5Z1|PCU85|Soaked|09_12_25,数据/原始/外部数据/新增开放数据/Texas_湿干单根电纺PU纤维力学/解压内容/Data/Soaked/PCU85_09_12_25_007Data.csv,76422c035906b63ba07d81ec80af76715069ae598be8d422b6b3298315ffbac2,CC0-1.0,reference-197
source_texas_zyq5z1_v1,PCU85,PCU85,PCU85_09_23_25_002,Soaked,09_23_25,0.828,22.6,10,3.6898580500000002,330.427983983047,223.88243095984478,106.54555302320222,0.3224471236935812,101.09810000000004,5.122389999999999,0.9493324800367169,3.64339805,301.3132818917204,243.40422330503876,57.90905858668165,0.19218886808810434,114.72828000000003,3.386520000000001,0.9704822559878,0.987408729720646,0.911887904467497,1417,17,1,False,False,single_fiber_cyclic_force_displacement_transfer,material_code_only,single_fiber_polyurethane_auxiliary,cyclic_transfer_and_wet_condition_external_validation,0.0625,0.25,10.18738/T8/ZYQ5Z1|PCU85|Soaked|09_23_25,数据/原始/外部数据/新增开放数据/Texas_湿干单根电纺PU纤维力学/解压内容/Data/Soaked/PCU85_09_23_25_002Data.csv,3c595ba6079daf30b10ea6f6ccfd4ba7de663eaab2a2b5c896150f7ea1144774,CC0-1.0,reference-197
source_texas_zyq5z1_v1,PCU85,PCU85,PCU85_09_23_25_002,Soaked,09_23_25,0.828,22.6,15,6.4285080500000005,660.349777942699,666.4758277707202,-6.126049828021223,-0.00927697719094683,193.26240000000007,1.195429999999999,0.993814471930391,6.31321805,703.3913960460751,650.236288670557,53.15510737551813,0.07556974349461085,194.70924,3.67314,0.981135255830694,0.9820658231889434,1.065180029646517,1417,17,1,False,False,single_fiber_cyclic_force_displacement_transfer,material_code_only,single_fiber_polyurethane_auxiliary,cyclic_transfer_and_wet_condition_external_validation,0.0625,0.25,10.18738/T8/ZYQ5Z1|PCU85|Soaked|09_23_25,数据/原始/外部数据/新增开放数据/Texas_湿干单根电纺PU纤维力学/解压内容/Data/Soaked/PCU85_09_23_25_002Data.csv,3c595ba6079daf30b10ea6f6ccfd4ba7de663eaab2a2b5c896150f7ea1144774,CC0-1.0,reference-197
source_texas_zyq5z1_v1,PCU85,PCU85,PCU85_09_23_25_002,Soaked,09_23_25,0.828,22.6,20,9.38939805,1323.360886867856,1425.779996331541,-102.41910946368512,-0.07739318161812361,280.06318000000005,2.855299999999998,0.9898048004739503,9.05611805,1289.3338829277757,1341.7319823900502,-52.39809946227456,-0.040639666851297454,270.7707599999999,1.57606,0.994179356737042,0.9645046468127954,0.9742874341551565,1417,17,1,False,False,single_fiber_cyclic_force_displacement_transfer,material_code_only,single_fiber_polyurethane_auxiliary,cyclic_transfer_and_wet_condition_external_validation,0.0625,0.25,10.18738/T8/ZYQ5Z1|PCU85|Soaked|09_23_25,数据/原始/外部数据/新增开放数据/Texas_湿干单根电纺PU纤维力学/解压内容/Data/Soaked/PCU85_09_23_25_002Data.csv,3c595ba6079daf30b10ea6f6ccfd4ba7de663eaab2a2b5c896150f7ea1144774,CC0-1.0,reference-197
source_texas_zyq5z1_v1,PCU85,PCU85,PCU85_09_23_25_002,Soaked,09_23_25,0.828,22.6,30,17.547248049999997,4511.806540447319,4777.2498553645255,-265.4433149172064,-0.05883304448840337,516.4992399999999,2.88211,0.9944199143448885,16.76994805,4126.192524720125,4456.464632130396,-330.272107410271,-0.08004282529998355,497.1180300000001,3.91193,0.992130782301338,0.9557024555767879,0.9145322361962438,1417,17,1,False,False,single_fiber_cyclic_force_displacement_transfer,material_code_only,single_fiber_polyurethane_auxiliary,cyclic_transfer_and_wet_condition_external_validation,0.0625,0.25,10.18738/T8/ZYQ5Z1|PCU85|Soaked|09_23_25,数据/原始/外部数据/新增开放数据/Texas_湿干单根电纺PU纤维力学/解压内容/Data/Soaked/PCU85_09_23_25_002Data.csv,3c595ba6079daf30b10ea6f6ccfd4ba7de663eaab2a2b5c896150f7ea1144774,CC0-1.0,reference-197
source_texas_zyq5z1_v1,PCU85,PCU85,PCU85_09_23_25_003,Soaked,09_23_25,0.817,22.6,10,4.14591055,347.7651655510115,319.2608673560277,28.50429819498379,0.08196421326391494,124.69440000000002,0.4388000000000005,0.996480996740832,4.09825055,368.1473272494996,304.31628484874756,63.83104240075204,0.17338450581088335,121.61054999999996,2.816350000000001,0.9768412362249821,0.9885043347112253,1.0586089801898184,1417,17,1,False,False,single_fiber_cyclic_force_displacement_transfer,material_code_only,single_fiber_polyurethane_auxiliary,cyclic_transfer_and_wet_condition_external_validation,0.0625,0.25,10.18738/T8/ZYQ5Z1|PCU85|Soaked|09_23_25,数据/原始/外部数据/新增开放数据/Texas_湿干单根电纺PU纤维力学/解压内容/Data/Soaked/PCU85_09_23_25_003Data.csv,db530b870f5b0c9b88905089f6179577694e696b3593b69e74e1f149c91c8d77,CC0-1.0,reference-197
source_texas_zyq5z1_v1,PCU85,PCU85,PCU85_09_23_25_003,Soaked,09_23_25,0.817,22.6,15,7.39876055,908.8756081253629,885.5048579909912,23.370750134371633,0.025713915001609397,211.77166000000008,5.0029400000000015,0.9763757813486469,7.27340055,846.1276879143037,876.6961096357809,-30.568421721477193,-0.036127433433632276,206.54924,0.02241999999999944,0.9998914544541534,0.9830566215580526,0.9309609371732592,1417,17,1,False,False,single_fiber_cyclic_force_displacement_transfer,material_code_only,single_fiber_polyurethane_auxiliary,cyclic_transfer_and_wet_condition_external_validation,0.0625,0.25,10.18738/T8/ZYQ5Z1|PCU85|Soaked|09_23_25,数据/原始/外部数据/新增开放数据/Texas_湿干单根电纺PU纤维力学/解压内容/Data/Soaked/PCU85_09_23_25_003Data.csv,db530b870f5b0c9b88905089f6179577694e696b3593b69e74e1f149c91c8d77,CC0-1.0,reference-197
source_texas_zyq5z1_v1,PCU85,PCU85,PCU85_09_23_25_003,Soaked,09_23_25,0.817,22.6,20,11.36226055,1958.6420509306274,2071.499154891977,-112.8571039613496,-0.057620076066337275,323.9982,0.21770000000000245,0.9993280826868791,10.955160549999999,1864.7397433540557,1937.0828714139466,-72.34312805989089,-0.0387952947952776,312.67076,0.8746599999999987,0.997202616579817,0.9641708621089488,0.9520574433026417,1417,17,1,False,False,single_fiber_cyclic_force_displacement_transfer,material_code_only,single_fiber_polyurethane_auxiliary,cyclic_transfer_and_wet_condition_external_validation,0.0625,0.25,10.18738/T8/ZYQ5Z1|PCU85|Soaked|09_23_25,数据/原始/外部数据/新增开放数据/Texas_湿干单根电纺PU纤维力学/解压内容/Data/Soaked/PCU85_09_23_25_003Data.csv,db530b870f5b0c9b88905089f6179577694e696b3593b69e74e1f149c91c8d77,CC0-1.0,reference-197
source_texas_zyq5z1_v1,PCU85,PCU85,PCU85_09_23_25_003,Soaked,09_23_25,0.817,22.6,30,20.912360550000002,6405.67768136095,6777.183528968205,-371.5058476072545,-0.057996337950042526,596.4992399999999,0.6178900000000027,0.9989641395016697,19.96686055,5911.959870895076,6311.53587505898,-399.57600416390414,-0.06758773958041227,570.7671300000001,7.0686399999999985,0.9876155447143566,0.9547875048472229,0.9229249682820477,1417,17,1,False,False,single_fiber_cyclic_force_displacement_transfer,material_code_only,single_fiber_polyurethane_auxiliary,cyclic_transfer_and_wet_condition_external_validation,0.0625,0.25,10.18738/T8/ZYQ5Z1|PCU85|Soaked|09_23_25,数据/原始/外部数据/新增开放数据/Texas_湿干单根电纺PU纤维力学/解压内容/Data/Soaked/PCU85_09_23_25_003Data.csv,db530b870f5b0c9b88905089f6179577694e696b3593b69e74e1f149c91c8d77,CC0-1.0,reference-197
source_texas_zyq5z1_v1,PCU85,PCU85,PCU85_09_23_25_004,Soaked,09_23_25,0.852,22.9,10,3.544515,344.57160275710027,237.99236443764974,106.57923831945052,0.30930940758510994,103.6386,3.1999999999999993,0.9691234733004884,3.656885,336.9526483007105,226.98658383775006,109.96606446296045,0.3263546525529076,104.94923999999996,3.59546,0.9657409620117307,1.0317025037275904,0.97788861764746,1417,17,1,False,False,single_fiber_cyclic_force_displacement_transfer,material_code_only,single_fiber_polyurethane_auxiliary,cyclic_transfer_and_wet_condition_external_validation,0.0625,0.25,10.18738/T8/ZYQ5Z1|PCU85|Soaked|09_23_25,数据/原始/外部数据/新增开放数据/Texas_湿干单根电纺PU纤维力学/解压内容/Data/Soaked/PCU85_09_23_25_004Data.csv,59ffe3ebf270b8ad5e04075d28795b18a30fd96ef7df989e0cf2ff898f3e6321,CC0-1.0,reference-197
source_texas_zyq5z1_v1,PCU85,PCU85,PCU85_09_23_25_004,Soaked,09_23_25,0.852,22.9,15,5.885325,651.3420457153528,619.7025336242509,31.639512091101892,0.048575878525319215,169.69165999999993,2.993940000000001,0.9823565872359313,5.877535,589.2718491410498,609.051019158011,-19.77917001696119,-0.033565441902226,172.32969699999998,2.122417000000001,0.9876839741672615,0.9986763687646817,0.9047041458744877,1417,17,1,False,False,single_fiber_cyclic_force_displacement_transfer,material_code_only,single_fiber_polyurethane_auxiliary,cyclic_transfer_and_wet_condition_external_validation,0.0625,0.25,10.18738/T8/ZYQ5Z1|PCU85|Soaked|09_23_25,数据/原始/外部数据/新增开放数据/Texas_湿干单根电纺PU纤维力学/解压内容/Data/Soaked/PCU85_09_23_25_004Data.csv,59ffe3ebf270b8ad5e04075d28795b18a30fd96ef7df989e0cf2ff898f3e6321,CC0-1.0,reference-197
source_texas_zyq5z1_v1,PCU85,PCU85,PCU85_09_23_25_004,Soaked,09_23_25,0.852,22.9,20,9.236455,1407.250334027859,1398.5605651083004,8.689768919558674,0.006174998654778535,269.5006099999998,3.22379,0.9880379120477687,8.833535,1256.5785904246493,1316.073496968701,-59.49490654405167,-0.047346745358717204,258.14089999999993,2.495400000000002,0.9903331862560331,0.9563772031585711,0.8929318118035515,1417,17,1,False,False,single_fiber_cyclic_force_displacement_transfer,material_code_only,single_fiber_polyurethane_auxiliary,cyclic_transfer_and_wet_condition_external_validation,0.0625,0.25,10.18738/T8/ZYQ5Z1|PCU85|Soaked|09_23_25,数据/原始/外部数据/新增开放数据/Texas_湿干单根电纺PU纤维力学/解压内容/Data/Soaked/PCU85_09_23_25_004Data.csv,59ffe3ebf270b8ad5e04075d28795b18a30fd96ef7df989e0cf2ff898f3e6321,CC0-1.0,reference-197
source_texas_zyq5z1_v1,PCU85,PCU85,PCU85_09_23_25_004,Soaked,09_23_25,0.852,22.9,30,17.529055,4584.29232401495,4803.967730942302,-219.67540692735201,-0.04791915336126711,510.97834000000023,3.87606,0.9924144338486051,16.711755,4258.288264223814,4417.3778258686,-159.08956164478604,-0.03735997935634927,486.87849,1.27611,0.9973789969649306,0.9533745544183643,0.9288867208394729,1417,17,1,False,False,single_fiber_cyclic_force_displacement_transfer,material_code_only,single_fiber_polyurethane_auxiliary,cyclic_transfer_and_wet_condition_external_validation,0.0625,0.25,10.18738/T8/ZYQ5Z1|PCU85|Soaked|09_23_25,数据/原始/外部数据/新增开放数据/Texas_湿干单根电纺PU纤维力学/解压内容/Data/Soaked/PCU85_09_23_25_004Data.csv,59ffe3ebf270b8ad5e04075d28795b18a30fd96ef7df989e0cf2ff898f3e6321,CC0-1.0,reference-197
source_texas_zyq5z1_v1,PCU85,PCU85,PCU85_09_23_25_005,Soaked,09_23_25,0.986,22.9,10,6.3927855,685.0542752771476,669.8998258006498,15.154449476497803,0.02212153113031354,188.22709999999995,3.2194000000000003,0.9828961929498994,6.4766755,719.5625995588994,685.7796712238004,33.78292833509897,0.046949255500227945,197.29728,3.9417800000000005,0.9800211133169195,1.0131226051617093,1.050373124476584,1417,17,1,False,False,single_fiber_cyclic_force_displacement_transfer,material_code_only,single_fiber_polyurethane_auxiliary,cyclic_transfer_and_wet_condition_external_validation,0.0625,0.25,10.18738/T8/ZYQ5Z1|PCU85|Soaked|09_23_25,数据/原始/外部数据/新增开放数据/Texas_湿干单根电纺PU纤维力学/解压内容/Data/Soaked/PCU85_09_23_25_005Data.csv,a2d8ffcacfa1f8a147aa7a8b8e9cedf970235085bc0eb97d260473a345d74855,CC0-1.0,reference-197
source_texas_zyq5z1_v1,PCU85,PCU85,PCU85_09_23_25_005,Soaked,09_23_25,0.986,22.9,15,12.0519455,2182.1715866069985,2315.3589579003165,-133.18737129331794,-0.061034325673907014,350.7316599999999,3.3149900000000008,0.9905483582520038,11.9589455,2144.0741640505266,2323.597029758201,-179.52286570767455,-0.08372978356705947,349.07061000000004,0.7148899999999996,0.9979520189339343,0.9922834035384578,0.9825415092056493,1417,17,1,False,False,single_fiber_cyclic_force_displacement_transfer,material_code_only,single_fiber_polyurethane_auxiliary,cyclic_transfer_and_wet_condition_external_validation,0.0625,0.25,10.18738/T8/ZYQ5Z1|PCU85|Soaked|09_23_25,数据/原始/外部数据/新增开放数据/Texas_湿干单根电纺PU纤维力学/解压内容/Data/Soaked/PCU85_09_23_25_005Data.csv,a2d8ffcacfa1f8a147aa7a8b8e9cedf970235085bc0eb97d260473a345d74855,CC0-1.0,reference-197
source_texas_zyq5z1_v1,PCU85,PCU85,PCU85_09_23_25_005,Soaked,09_23_25,0.986,22.9,20,20.4071455,6105.235214043496,6637.724544269104,-532.4893302256078,-0.08721847915060757,590.15909,1.8164100000000003,0.9969221689019481,20.0031455,5875.1237781121,6361.752445836898,-486.6286677247981,-0.08282866644235543,578.7606099999999,3.6074199999999994,0.9937669911571901,0.9802030127143456,0.9623091612585073,1417,17,1,False,False,single_fiber_cyclic_force_displacement_transfer,material_code_only,single_fiber_polyurethane_auxiliary,cyclic_transfer_and_wet_condition_external_validation,0.0625,0.25,10.18738/T8/ZYQ5Z1|PCU85|Soaked|09_23_25,数据/原始/外部数据/新增开放数据/Texas_湿干单根电纺PU纤维力学/解压内容/Data/Soaked/PCU85_09_23_25_005Data.csv,a2d8ffcacfa1f8a147aa7a8b8e9cedf970235085bc0eb97d260473a345d74855,CC0-1.0,reference-197
source_texas_zyq5z1_v1,PCU85,PCU85,PCU85_09_23_25_005,Soaked,09_23_25,0.986,22.9,30,51.980545500000005,39055.234023855315,43126.71164564254,-4071.4776217872277,-0.1042492184095051,1501.6672800000001,0.5373200000000011,0.999642184385878,49.651545500000005,35694.974856988236,39529.70529392206,-3834.7304369338235,-0.10743054035750563,1433.509697,6.976103,0.9951335501848371,0.9551947757069998,0.9139613613679898,1417,17,1,False,False,single_fiber_cyclic_force_displacement_transfer,material_code_only,single_fiber_polyurethane_auxiliary,cyclic_transfer_and_wet_condition_external_validation,0.0625,0.25,10.18738/T8/ZYQ5Z1|PCU85|Soaked|09_23_25,数据/原始/外部数据/新增开放数据/Texas_湿干单根电纺PU纤维力学/解压内容/Data/Soaked/PCU85_09_23_25_005Data.csv,a2d8ffcacfa1f8a147aa7a8b8e9cedf970235085bc0eb97d260473a345d74855,CC0-1.0,reference-197
source_texas_zyq5z1_v1,PCU85,PCU85,PCU85_09_23_25_006,Soaked,09_23_25,0.891,23.2,10,4.25766695,429.87307755338213,305.4998036013759,124.37327395200623,0.28932557177080115,126.02559999999991,2.79253,0.9778415655231952,4.19846695,401.99403026973863,301.9787155014776,100.01531476826102,0.24879801001311036,130.56888,2.720909999999999,0.9791611140418759,0.9860956714803633,0.9351458634201593,1417,17,1,False,False,single_fiber_cyclic_force_displacement_transfer,material_code_only,single_fiber_polyurethane_auxiliary,cyclic_transfer_and_wet_condition_external_validation,0.0625,0.25,10.18738/T8/ZYQ5Z1|PCU85|Soaked|09_23_25,数据/原始/外部数据/新增开放数据/Texas_湿干单根电纺PU纤维力学/解压内容/Data/Soaked/PCU85_09_23_25_006Data.csv,45602e1bb789b36637bc6446b56dcea6cfb521de7bd263e80ce06e0d4fe75f1d,CC0-1.0,reference-197
source_texas_zyq5z1_v1,PCU85,PCU85,PCU85_09_23_25_006,Soaked,09_23_25,0.891,23.2,15,7.536246950000001,895.5888728063862,969.9519934822941,-74.36312067590791,-0.08303265363591021,220.60151000000013,0.34622000000000064,0.9984305637799125,7.40947695,889.5221910254626,943.8783605263998,-54.3561695009372,-0.061107153985977686,225.67788000000007,7.02238,0.9688831710046195,0.9831786297820295,0.9932260415854506,1417,17,1,False,False,single_fiber_cyclic_force_displacement_transfer,material_code_only,single_fiber_polyurethane_auxiliary,cyclic_transfer_and_wet_condition_external_validation,0.0625,0.25,10.18738/T8/ZYQ5Z1|PCU85|Soaked|09_23_25,数据/原始/外部数据/新增开放数据/Texas_湿干单根电纺PU纤维力学/解压内容/Data/Soaked/PCU85_09_23_25_006Data.csv,45602e1bb789b36637bc6446b56dcea6cfb521de7bd263e80ce06e0d4fe75f1d,CC0-1.0,reference-197
source_texas_zyq5z1_v1,PCU85,PCU85,PCU85_09_23_25_006,Soaked,09_23_25,0.891,23.2,20,11.747686949999999,2095.8629936370194,2185.3434725832526,-89.48047894623323,-0.04269385891057451,350.19272000000007,1.5269199999999996,0.995639772294524,11.386186949999999,2002.5744339389782,2076.7403572097387,-74.16592327076046,-0.037035289182674354,334.69923999999986,0.3119599999999991,0.9990679393236745,0.9692279849183417,0.9554891899035087,1417,17,1,False,False,single_fiber_cyclic_force_displacement_transfer,material_code_only,single_fiber_polyurethane_auxiliary,cyclic_transfer_and_wet_condition_external_validation,0.0625,0.25,10.18738/T8/ZYQ5Z1|PCU85|Soaked|09_23_25,数据/原始/外部数据/新增开放数据/Texas_湿干单根电纺PU纤维力学/解压内容/Data/Soaked/PCU85_09_23_25_006Data.csv,45602e1bb789b36637bc6446b56dcea6cfb521de7bd263e80ce06e0d4fe75f1d,CC0-1.0,reference-197
source_texas_zyq5z1_v1,PCU85,PCU85,PCU85_09_23_25_006,Soaked,09_23_25,0.891,23.2,30,22.909486949999998,7663.678439249247,8123.251082900937,-459.57264365168976,-0.059967631378947915,663.37091,5.223790000000001,0.9921253857815381,21.94488695,7089.755627849865,7544.930302238036,-455.1746743881713,-0.06420174379497107,642.9903030000003,5.513482999999999,0.9914252470460663,0.9578951723316529,0.9251113135879948,1417,17,1,False,False,single_fiber_cyclic_force_displacement_transfer,material_code_only,single_fiber_polyurethane_auxiliary,cyclic_transfer_and_wet_condition_external_validation,0.0625,0.25,10.18738/T8/ZYQ5Z1|PCU85|Soaked|09_23_25,数据/原始/外部数据/新增开放数据/Texas_湿干单根电纺PU纤维力学/解压内容/Data/Soaked/PCU85_09_23_25_006Data.csv,45602e1bb789b36637bc6446b56dcea6cfb521de7bd263e80ce06e0d4fe75f1d,CC0-1.0,reference-197
source_texas_zyq5z1_v1,PCU85,PCU85,PCU85_09_23_25_007,Soaked,09_23_25,0.945,23.2,10,2.47932319,207.2286275808638,133.067865195967,74.1607623848968,0.3578692927257752,65.1786000000001,6.879099999999999,0.8944576901007387,2.47496319,209.7573074170053,126.46594710337196,83.29136031363335,0.3970844274237704,76.50903000000002,1.3477700000000001,0.9823841708619231,0.9982414555643307,1.012202367335347,1417,17,1,False,False,single_fiber_cyclic_force_displacement_transfer,material_code_only,single_fiber_polyurethane_auxiliary,cyclic_transfer_and_wet_condition_external_validation,0.0625,0.25,10.18738/T8/ZYQ5Z1|PCU85|Soaked|09_23_25,数据/原始/外部数据/新增开放数据/Texas_湿干单根电纺PU纤维力学/解压内容/Data/Soaked/PCU85_09_23_25_007Data.csv,6599cc634fbf99fd1a5779109d6b5f002c265d4e93262b0a497867a155d7b425,CC0-1.0,reference-197
source_texas_zyq5z1_v1,PCU85,PCU85,PCU85_09_23_25_007,Soaked,09_23_25,0.945,23.2,15,4.38228319,466.83052722927425,365.6360205785071,101.19450665076715,0.21676925725353763,126.58165999999994,1.9836299999999998,0.984329246432698,4.35432319,456.19472899929224,369.148366892702,87.04636210659027,0.19080966213164052,121.63333000000014,8.16257,0.9328919959685393,0.9936197642215815,0.9772170035813479,1417,17,1,False,False,single_fiber_cyclic_force_displacement_transfer,material_code_only,single_fiber_polyurethane_auxiliary,cyclic_transfer_and_wet_condition_external_validation,0.0625,0.25,10.18738/T8/ZYQ5Z1|PCU85|Soaked|09_23_25,数据/原始/外部数据/新增开放数据/Texas_湿干单根电纺PU纤维力学/解压内容/Data/Soaked/PCU85_09_23_25_007Data.csv,6599cc634fbf99fd1a5779109d6b5f002c265d4e93262b0a497867a155d7b425,CC0-1.0,reference-197
source_texas_zyq5z1_v1,PCU85,PCU85,PCU85_09_23_25_007,Soaked,09_23_25,0.945,23.2,20,6.92897319,811.103086927551,809.9409268192387,1.1621601083122641,0.001432814308122674,202.16923999999997,2.2163600000000008,0.9890371057436829,6.62013319,773.2194637891907,764.2148656469976,9.004598142193117,0.01164559166431966,197.54849,3.0716699999999992,0.9844510580668068,0.9554277392145603,0.9532937011966469,1417,17,1,False,False,single_fiber_cyclic_force_displacement_transfer,material_code_only,single_fiber_polyurethane_auxiliary,cyclic_transfer_and_wet_condition_external_validation,0.0625,0.25,10.18738/T8/ZYQ5Z1|PCU85|Soaked|09_23_25,数据/原始/外部数据/新增开放数据/Texas_湿干单根电纺PU纤维力学/解压内容/Data/Soaked/PCU85_09_23_25_007Data.csv,6599cc634fbf99fd1a5779109d6b5f002c265d4e93262b0a497867a155d7b425,CC0-1.0,reference-197
source_texas_zyq5z1_v1,PCU85,PCU85,PCU85_09_23_25_007,Soaked,09_23_25,0.945,23.2,30,13.13215319,2695.7115671015554,2810.2127959764666,-114.50122887491125,-0.042475326467521016,386.2992400000002,1.404539999999999,0.996364113996186,12.63415319,2496.4684133186975,2610.0044513125736,-113.5360379938761,-0.04547865992942654,369.60969700000004,1.1164029999999996,0.996979508359598,0.9620778106381501,0.9260888456263571,1417,17,1,False,False,single_fiber_cyclic_force_displacement_transfer,material_code_only,single_fiber_polyurethane_auxiliary,cyclic_transfer_and_wet_condition_external_validation,0.0625,0.25,10.18738/T8/ZYQ5Z1|PCU85|Soaked|09_23_25,数据/原始/外部数据/新增开放数据/Texas_湿干单根电纺PU纤维力学/解压内容/Data/Soaked/PCU85_09_23_25_007Data.csv,6599cc634fbf99fd1a5779109d6b5f002c265d4e93262b0a497867a155d7b425,CC0-1.0,reference-197
source_texas_zyq5z1_v1,PCU85,PCU85,PCU85_09_23_24_001,Submerged,09_23_24,1.316,21.7,10,6.289224,577.0418411610544,646.2321446148858,-69.19030345383135,-0.11990517587878015,183.13929999999993,2.7880999999999982,0.9847760693635937,5.996694,532.4794172789998,605.12014205185,-72.64072477285026,-0.13641977964903979,178.05250999999993,3.7863099999999994,0.9787348687193458,0.9534871074714464,0.9227743627872955,1417,17,1,False,False,single_fiber_cyclic_force_displacement_transfer,material_code_only,single_fiber_polyurethane_auxiliary,cyclic_transfer_and_wet_condition_external_validation,0.0625,0.25,10.18738/T8/ZYQ5Z1|PCU85|Submerged|09_23_24,数据/原始/外部数据/新增开放数据/Texas_湿干单根电纺PU纤维力学/解压内容/Data/Submerged/PCU85_09_23_24_001Data.csv,90a66eb78e042e1b247ee78508a62b79257ef727cfd2563db2911062cc3efc1f,CC0-1.0,reference-197
source_texas_zyq5z1_v1,PCU85,PCU85,PCU85_09_23_24_001,Submerged,09_23_24,1.316,21.7,15,10.924354,1732.6205238416014,1901.52461501658,-168.90409117497848,-0.0974847572511036,320.3556100000001,0.8330899999999994,0.9973994836550545,10.281054,1535.1962192523758,1687.823271235201,-152.62705198282515,-0.09941859553116467,301.0706200000001,0.9863200000000018,0.9967239579869999,0.9411132228047535,0.8860545042191394,1417,17,1,False,False,single_fiber_cyclic_force_displacement_transfer,material_code_only,single_fiber_polyurethane_auxiliary,cyclic_transfer_and_wet_condition_external_validation,0.0625,0.25,10.18738/T8/ZYQ5Z1|PCU85|Submerged|09_23_24,数据/原始/外部数据/新增开放数据/Texas_湿干单根电纺PU纤维力学/解压内容/Data/Submerged/PCU85_09_23_24_001Data.csv,90a66eb78e042e1b247ee78508a62b79257ef727cfd2563db2911062cc3efc1f,CC0-1.0,reference-197
source_texas_zyq5z1_v1,PCU85,PCU85,PCU85_09_23_24_001,Submerged,09_23_24,1.316,21.7,20,16.202954000000002,3797.273785038089,4094.42992358035,-297.15613854226103,-0.07825512600990407,470.89374599999985,2.5281459999999987,0.9946311752460607,15.160854,3321.397872408578,3627.5156428566993,-306.11777044812106,-0.09216534188544344,438.5562540000001,2.5400539999999987,0.9942081455301741,0.9356845671474472,0.8746795886816106,1417,17,1,False,False,single_fiber_cyclic_force_displacement_transfer,material_code_only,single_fiber_polyurethane_auxiliary,cyclic_transfer_and_wet_condition_external_validation,0.0625,0.25,10.18738/T8/ZYQ5Z1|PCU85|Submerged|09_23_24,数据/原始/外部数据/新增开放数据/Texas_湿干单根电纺PU纤维力学/解压内容/Data/Submerged/PCU85_09_23_24_001Data.csv,90a66eb78e042e1b247ee78508a62b79257ef727cfd2563db2911062cc3efc1f,CC0-1.0,reference-197
source_texas_zyq5z1_v1,PCU85,PCU85,PCU85_09_23_24_001,Submerged,09_23_24,1.316,21.7,30,28.532354,11670.02489392649,12531.779113192599,-861.7542192661094,-0.0738433916893012,822.7337460000001,1.2475459999999998,0.9984836576765382,25.834854,9644.735890940094,10727.670130018196,-1082.934239078102,-0.11228241512506011,748.6393800000001,0.14801999999999937,0.9998022813066553,0.9054582036939538,0.826453754692466,1417,17,1,False,False,single_fiber_cyclic_force_displacement_transfer,material_code_only,single_fiber_polyurethane_auxiliary,cyclic_transfer_and_wet_condition_external_validation,0.0625,0.25,10.18738/T8/ZYQ5Z1|PCU85|Submerged|09_23_24,数据/原始/外部数据/新增开放数据/Texas_湿干单根电纺PU纤维力学/解压内容/Data/Submerged/PCU85_09_23_24_001Data.csv,90a66eb78e042e1b247ee78508a62b79257ef727cfd2563db2911062cc3efc1f,CC0-1.0,reference-197
source_texas_zyq5z1_v1,PCU85,PCU85,PCU85_09_23_24_005,Submerged,09_23_24,0.566,22.1,10,7.40137275,788.7869289756966,870.9810034783006,-82.19407450260405,-0.10420313963536348,214.56619999999987,1.2611999999999988,0.9941220937873719,6.96606275,695.1464849392174,795.8700271517004,-100.72354221248293,-0.14489542045413642,205.10625399999998,2.0788539999999998,0.9898645021326361,0.9411852348606546,0.8812855023370141,1417,17,1,False,False,single_fiber_cyclic_force_displacement_transfer,material_code_only,single_fiber_polyurethane_auxiliary,cyclic_transfer_and_wet_condition_external_validation,0.0625,0.25,10.18738/T8/ZYQ5Z1|PCU85|Submerged|09_23_24,数据/原始/外部数据/新增开放数据/Texas_湿干单根电纺PU纤维力学/解压内容/Data/Submerged/PCU85_09_23_24_005Data.csv,1db091d5a07644794024c5922f943534d7ef9d76ecfb814fd10b73f348c41490,CC0-1.0,reference-197
source_texas_zyq5z1_v1,PCU85,PCU85,PCU85_09_23_24_005,Submerged,09_23_24,0.566,22.1,15,11.67786275,1964.3572380046328,2125.495122294801,-161.13788429016836,-0.0820308450889768,339.36749,0.059910000000000796,0.9998234657067475,10.89866275,1707.905501173931,1906.213410182849,-198.30790900891793,-0.11611175727966842,316.7825100000001,0.9713100000000012,0.9969338269338165,0.9332754617277892,0.8694475058461353,1417,17,1,False,False,single_fiber_cyclic_force_displacement_transfer,material_code_only,single_fiber_polyurethane_auxiliary,cyclic_transfer_and_wet_condition_external_validation,0.0625,0.25,10.18738/T8/ZYQ5Z1|PCU85|Submerged|09_23_24,数据/原始/外部数据/新增开放数据/Texas_湿干单根电纺PU纤维力学/解压内容/Data/Submerged/PCU85_09_23_24_005Data.csv,1db091d5a07644794024c5922f943534d7ef9d76ecfb814fd10b73f348c41490,CC0-1.0,reference-197
source_texas_zyq5z1_v1,PCU85,PCU85,PCU85_09_23_24_005,Submerged,09_23_24,0.566,22.1,20,16.46886275,3895.4611379566054,4199.948721877125,-304.4875839205192,-0.07816470839707583,477.0862539999999,0.709246,0.9985133799306656,15.19876275,3330.658411824942,3732.950646684625,-402.29223485968305,-0.12078459725302726,439.7043699999999,1.8206699999999993,0.9958593315777143,0.9228787063636195,0.8550100473013742,1417,17,1,False,False,single_fiber_cyclic_force_displacement_transfer,material_code_only,single_fiber_polyurethane_auxiliary,cyclic_transfer_and_wet_condition_external_validation,0.0625,0.25,10.18738/T8/ZYQ5Z1|PCU85|Submerged|09_23_24,数据/原始/外部数据/新增开放数据/Texas_湿干单根电纺PU纤维力学/解压内容/Data/Submerged/PCU85_09_23_24_005Data.csv,1db091d5a07644794024c5922f943534d7ef9d76ecfb814fd10b73f348c41490,CC0-1.0,reference-197
source_texas_zyq5z1_v1,PCU85,PCU85,PCU85_09_23_24_005,Submerged,09_23_24,0.566,22.1,30,27.41366275,10776.076994623647,11477.772688441144,-701.6956938174972,-0.06511606163983276,791.6737459999998,2.113146000000001,0.9973307868163156,24.93886275,8979.849372473958,9818.373393249474,-838.524020775516,-0.093378406028263,723.1062539999997,2.1669539999999996,0.997003270282876,0.9097238474636155,0.8333134012455689,1417,17,1,False,False,single_fiber_cyclic_force_displacement_transfer,material_code_only,single_fiber_polyurethane_auxiliary,cyclic_transfer_and_wet_condition_external_validation,0.0625,0.25,10.18738/T8/ZYQ5Z1|PCU85|Submerged|09_23_24,数据/原始/外部数据/新增开放数据/Texas_湿干单根电纺PU纤维力学/解压内容/Data/Submerged/PCU85_09_23_24_005Data.csv,1db091d5a07644794024c5922f943534d7ef9d76ecfb814fd10b73f348c41490,CC0-1.0,reference-197
source_texas_zyq5z1_v1,PCU85,PCU85,PCU85_09_23_24_007,Submerged,09_23_24,0.66,21.6,10,7.3487375,805.9652894458006,875.7154011665996,-69.75011172079894,-0.08654232711282224,219.22340000000008,1.285000000000002,0.9941383994591818,7.209957500000001,777.9916541990748,845.2819412397499,-67.29028704067514,-0.08649229934214268,217.79349000000002,7.040089999999999,0.9676753882772162,0.9811151235161142,0.965291761800361,1417,17,1,False,False,single_fiber_cyclic_force_displacement_transfer,material_code_only,single_fiber_polyurethane_auxiliary,cyclic_transfer_and_wet_condition_external_validation,0.0625,0.25,10.18738/T8/ZYQ5Z1|PCU85|Submerged|09_23_24,数据/原始/外部数据/新增开放数据/Texas_湿干单根电纺PU纤维力学/解压内容/Data/Submerged/PCU85_09_23_24_007Data.csv,e5c5a380edf5531c0146a8dd750d17401237b966b2c231bd1d17203e778b39ba,CC0-1.0,reference-197
source_texas_zyq5z1_v1,PCU85,PCU85,PCU85_09_23_24_007,Submerged,09_23_24,0.66,21.6,15,12.238637500000001,2200.0914153137496,2441.3075479956024,-241.21613268185274,-0.10963914090244904,362.37062000000003,2.3863200000000013,0.9934146979134235,11.6491375,1964.9821649268758,2122.689347721348,-157.70718279447215,-0.08025883675149846,342.28248000000013,3.140080000000001,0.9908260568872821,0.9518328735531222,0.893136599347466,1417,17,1,False,False,single_fiber_cyclic_force_displacement_transfer,material_code_only,single_fiber_polyurethane_auxiliary,cyclic_transfer_and_wet_condition_external_validation,0.0625,0.25,10.18738/T8/ZYQ5Z1|PCU85|Submerged|09_23_24,数据/原始/外部数据/新增开放数据/Texas_湿干单根电纺PU纤维力学/解压内容/Data/Submerged/PCU85_09_23_24_007Data.csv,e5c5a380edf5531c0146a8dd750d17401237b966b2c231bd1d17203e778b39ba,CC0-1.0,reference-197
source_texas_zyq5z1_v1,PCU85,PCU85,PCU85_09_23_24_007,Submerged,09_23_24,0.66,21.6,20,18.0431375,4718.417081572249,5153.065617219299,-434.64853564705027,-0.09211744704480823,525.53563,1.3832299999999993,0.9973679615214671,16.9869375,4161.128781958524,4530.5259636910005,-369.3971817324764,-0.08877331154327113,492.44749,0.4749099999999977,0.9990356129137749,0.9414625089455756,0.8818908354265224,1417,17,1,False,False,single_fiber_cyclic_force_displacement_transfer,material_code_only,single_fiber_polyurethane_auxiliary,cyclic_transfer_and_wet_condition_external_validation,0.0625,0.25,10.18738/T8/ZYQ5Z1|PCU85|Submerged|09_23_24,数据/原始/外部数据/新增开放数据/Texas_湿干单根电纺PU纤维力学/解压内容/Data/Submerged/PCU85_09_23_24_007Data.csv,e5c5a380edf5531c0146a8dd750d17401237b966b2c231bd1d17203e778b39ba,CC0-1.0,reference-197
source_texas_zyq5z1_v1,PCU85,PCU85,PCU85_09_23_24_007,Submerged,09_23_24,0.66,21.6,30,31.222237500000002,14098.488743277054,15095.566051878952,-997.077308601898,-0.07072228284590858,903.5293800000001,2.18992,0.9975762603314571,28.2960375,11698.87761068051,12903.490379247352,-1204.6127685668416,-0.10296823410367917,821.95752,0.6220199999999991,0.9992432455633473,0.9062783376751906,0.8297965706614611,1417,17,1,False,False,single_fiber_cyclic_force_displacement_transfer,material_code_only,single_fiber_polyurethane_auxiliary,cyclic_transfer_and_wet_condition_external_validation,0.0625,0.25,10.18738/T8/ZYQ5Z1|PCU85|Submerged|09_23_24,数据/原始/外部数据/新增开放数据/Texas_湿干单根电纺PU纤维力学/解压内容/Data/Submerged/PCU85_09_23_24_007Data.csv,e5c5a380edf5531c0146a8dd750d17401237b966b2c231bd1d17203e778b39ba,CC0-1.0,reference-197
source_texas_zyq5z1_v1,PCU85,PCU85,PCU85_10_03_24_007,Submerged,10_03_24,0.585,21.8,10,11.283586715,1837.9834395124124,2008.8229970145755,-170.8395575021632,-0.09294945418413791,325.40629999999993,6.7675,0.9792029226231944,10.522086715,1617.808541900708,1804.2404034554804,-186.43186155477247,-0.11523728347715363,311.67317999999995,0.6097199999999994,0.9980437200274981,0.9325125938024929,0.8802084431891762,1417,17,1,False,False,single_fiber_cyclic_force_displacement_transfer,material_code_only,single_fiber_polyurethane_auxiliary,cyclic_transfer_and_wet_condition_external_validation,0.0625,0.25,10.18738/T8/ZYQ5Z1|PCU85|Submerged|10_03_24,数据/原始/外部数据/新增开放数据/Texas_湿干单根电纺PU纤维力学/解压内容/Data/Submerged/PCU85_10_03_24_007Data.csv,c3b2136da95f5c8b6a58879b32a484e5ea5f72ed3cb6009f9701dbd94fa80cb0,CC0-1.0,reference-197
source_texas_zyq5z1_v1,PCU85,PCU85,PCU85_10_03_24_007,Submerged,10_03_24,0.585,21.8,15,18.187286715,4767.857084966837,5172.35840872825,-404.501323761413,-0.08483922998380447,532.83182,2.1339200000000007,0.9959951340743877,16.835286715,4078.0544870458803,4641.012626649205,-562.958139603325,-0.13804576211318076,493.63424000000003,0.14244000000000057,0.9997114462724466,0.9256623584822614,0.8553222998030038,1417,17,1,False,False,single_fiber_cyclic_force_displacement_transfer,material_code_only,single_fiber_polyurethane_auxiliary,cyclic_transfer_and_wet_condition_external_validation,0.0625,0.25,10.18738/T8/ZYQ5Z1|PCU85|Submerged|10_03_24,数据/原始/外部数据/新增开放数据/Texas_湿干单根电纺PU纤维力学/解压内容/Data/Submerged/PCU85_10_03_24_007Data.csv,c3b2136da95f5c8b6a58879b32a484e5ea5f72ed3cb6009f9701dbd94fa80cb0,CC0-1.0,reference-197
source_texas_zyq5z1_v1,PCU85,PCU85,PCU85_10_03_24_007,Submerged,10_03_24,0.585,21.8,20,25.936986715,9668.958628118977,10508.122325150987,-839.1636970320105,-0.08678945988987684,755.7618199999997,2.757579999999998,0.9963512578605783,23.793786715,8206.711824648037,9284.124608264441,-1077.4127836164043,-0.13128434464830396,699.42182,2.47752,0.9964577599251908,0.9173689671992415,0.8487689460974135,1417,17,1,False,False,single_fiber_cyclic_force_displacement_transfer,material_code_only,single_fiber_polyurethane_auxiliary,cyclic_transfer_and_wet_condition_external_validation,0.0625,0.25,10.18738/T8/ZYQ5Z1|PCU85|Submerged|10_03_24,数据/原始/外部数据/新增开放数据/Texas_湿干单根电纺PU纤维力学/解压内容/Data/Submerged/PCU85_10_03_24_007Data.csv,c3b2136da95f5c8b6a58879b32a484e5ea5f72ed3cb6009f9701dbd94fa80cb0,CC0-1.0,reference-197
source_texas_zyq5z1_v1,PCU85,PCU85,PCU85_10_03_24_007,Submerged,10_03_24,0.585,21.8,30,44.110986714999996,27991.80482948796,29884.97562679933,-1893.1707973113698,-0.06763303791390435,1280.49818,2.6097199999999994,0.9979619494656369,39.336586714999996,22389.417722878672,25011.12029897232,-2621.7025760936485,-0.11709561224607715,1150.53334,3.2930399999999995,0.9971378143635542,0.8917639265054921,0.7998561671626313,1417,17,1,False,False,single_fiber_cyclic_force_displacement_transfer,material_code_only,single_fiber_polyurethane_auxiliary,cyclic_transfer_and_wet_condition_external_validation,0.0625,0.25,10.18738/T8/ZYQ5Z1|PCU85|Submerged|10_03_24,数据/原始/外部数据/新增开放数据/Texas_湿干单根电纺PU纤维力学/解压内容/Data/Submerged/PCU85_10_03_24_007Data.csv,c3b2136da95f5c8b6a58879b32a484e5ea5f72ed3cb6009f9701dbd94fa80cb0,CC0-1.0,reference-197
source_texas_zyq5z1_v1,PCU85,PCU85,PCU85_10_03_24_008,Submerged,10_03_24,0.553,21.6,10,4.1105285,244.33298102200004,276.25475970090076,-31.921778678900722,-0.13064866865446398,120.32330000000005,0.5760000000000005,0.9952128972526518,4.0617685,248.91690404500048,291.47355875739953,-42.55665471239905,-0.17096731487832356,120.54876,1.8254599999999988,0.9848570818978146,0.988137778390297,1.018760967118834,1417,17,1,False,False,single_fiber_cyclic_force_displacement_transfer,material_code_only,single_fiber_polyurethane_auxiliary,cyclic_transfer_and_wet_condition_external_validation,0.0625,0.25,10.18738/T8/ZYQ5Z1|PCU85|Submerged|10_03_24,数据/原始/外部数据/新增开放数据/Texas_湿干单根电纺PU纤维力学/解压内容/Data/Submerged/PCU85_10_03_24_008Data.csv,01278560d6b8ccbd721fd780815d566396dd8c5dc545704abc0a93a74a729981,CC0-1.0,reference-197
source_texas_zyq5z1_v1,PCU85,PCU85,PCU85_10_03_24_008,Submerged,10_03_24,0.553,21.6,15,7.8255285,890.3149582067348,1003.2425061518009,-112.92754794506607,-0.12683999847932895,228.65818000000007,0.3902800000000006,0.9982931728049266,7.6835885,853.6781707901614,971.4840187910494,-117.80584800088798,-0.1379979622670301,222.94030000000012,2.4859999999999998,0.9888490326782551,0.9818619279196287,0.9588496328418801,1417,17,1,False,False,single_fiber_cyclic_force_displacement_transfer,material_code_only,single_fiber_polyurethane_auxiliary,cyclic_transfer_and_wet_condition_external_validation,0.0625,0.25,10.18738/T8/ZYQ5Z1|PCU85|Submerged|10_03_24,数据/原始/外部数据/新增开放数据/Texas_湿干单根电纺PU纤维力学/解压内容/Data/Submerged/PCU85_10_03_24_008Data.csv,01278560d6b8ccbd721fd780815d566396dd8c5dc545704abc0a93a74a729981,CC0-1.0,reference-197
source_texas_zyq5z1_v1,PCU85,PCU85,PCU85_10_03_24_008,Submerged,10_03_24,0.553,21.6,20,12.4081485,2232.6004243513885,2445.4644960062515,-212.86407165486298,-0.09534355961466053,357.61575999999985,0.3224400000000003,0.9990983618842749,11.933748499999998,2078.80897733042,2296.8002611567517,-217.9912838263317,-0.1048635474464197,344.52818,0.8661200000000013,0.9974860692092008,0.9617670597672165,0.9311155523650643,1417,17,1,False,False,single_fiber_cyclic_force_displacement_transfer,material_code_only,single_fiber_polyurethane_auxiliary,cyclic_transfer_and_wet_condition_external_validation,0.0625,0.25,10.18738/T8/ZYQ5Z1|PCU85|Submerged|10_03_24,数据/原始/外部数据/新增开放数据/Texas_湿干单根电纺PU纤维力学/解压内容/Data/Submerged/PCU85_10_03_24_008Data.csv,01278560d6b8ccbd721fd780815d566396dd8c5dc545704abc0a93a74a729981,CC0-1.0,reference-197
source_texas_zyq5z1_v1,PCU85,PCU85,PCU85_10_03_24_008,Submerged,10_03_24,0.553,21.6,30,20.9512485,6351.216719063918,6786.194195685999,-434.97747662208076,-0.06848726722179785,602.6878799999998,1.6661200000000003,0.9972355176613141,19.7820485,5684.595091032908,6277.084845409198,-592.48975437629,-0.10422725715520272,572.4657599999999,3.2014600000000017,0.9944075956612671,0.9441942564902517,0.8950403273076689,1417,17,1,False,False,single_fiber_cyclic_force_displacement_transfer,material_code_only,single_fiber_polyurethane_auxiliary,cyclic_transfer_and_wet_condition_external_validation,0.0625,0.25,10.18738/T8/ZYQ5Z1|PCU85|Submerged|10_03_24,数据/原始/外部数据/新增开放数据/Texas_湿干单根电纺PU纤维力学/解压内容/Data/Submerged/PCU85_10_03_24_008Data.csv,01278560d6b8ccbd721fd780815d566396dd8c5dc545704abc0a93a74a729981,CC0-1.0,reference-197
source_texas_zyq5z1_v1,PCU85,PCU85,PCU85_10_21_24_002,Submerged,10_21_24,0.301,21.5,10,5.69055485,484.04940521573167,532.6669186702005,-48.61751345446885,-0.10043915544695473,165.03879999999995,1.700000000000001,0.9896993919005712,5.216114849999999,408.0853930966829,487.6814922296897,-79.59609913300682,-0.19504765541595617,154.88117999999994,2.5663800000000014,0.9834300074418337,0.9166267591639152,0.8430655811152312,1417,17,1,False,False,single_fiber_cyclic_force_displacement_transfer,material_code_only,single_fiber_polyurethane_auxiliary,cyclic_transfer_and_wet_condition_external_validation,0.0625,0.25,10.18738/T8/ZYQ5Z1|PCU85|Submerged|10_21_24,数据/原始/外部数据/新增开放数据/Texas_湿干单根电纺PU纤维力学/解压内容/Data/Submerged/PCU85_10_21_24_002Data.csv,f223cae299705562914a6bd734ed72bf57e6fb8d6ff91390bc510bc92075c0ff,CC0-1.0,reference-197
source_texas_zyq5z1_v1,PCU85,PCU85,PCU85_10_21_24_002,Submerged,10_21_24,0.301,21.5,15,9.39428485,1277.0312370778338,1388.138256291975,-111.10701921414125,-0.08700415149466652,273.12575999999996,0.8660399999999986,0.9968291529879862,8.680384850000001,1113.7032593376143,1242.45526763153,-128.75200829391565,-0.11560710379036884,257.23424,0.8424400000000016,0.9967250083037157,0.9240069881423705,0.8721033808742575,1417,17,1,False,False,single_fiber_cyclic_force_displacement_transfer,material_code_only,single_fiber_polyurethane_auxiliary,cyclic_transfer_and_wet_condition_external_validation,0.0625,0.25,10.18738/T8/ZYQ5Z1|PCU85|Submerged|10_21_24,数据/原始/外部数据/新增开放数据/Texas_湿干单根电纺PU纤维力学/解压内容/Data/Submerged/PCU85_10_21_24_002Data.csv,f223cae299705562914a6bd734ed72bf57e6fb8d6ff91390bc510bc92075c0ff,CC0-1.0,reference-197
source_texas_zyq5z1_v1,PCU85,PCU85,PCU85_10_21_24_002,Submerged,10_21_24,0.301,21.5,20,13.131824850000001,2501.9367174004774,2713.7214110350983,-211.7846936346209,-0.0846483015184597,383.6557600000001,1.5339600000000013,0.9960017282159402,12.005924850000001,2095.813115889488,2362.49818065113,-266.685064761642,-0.1272465864154389,352.6157599999999,2.5339600000000004,0.9928138209137334,0.9142617257798714,0.8376763094420095,1417,17,1,False,False,single_fiber_cyclic_force_displacement_transfer,material_code_only,single_fiber_polyurethane_auxiliary,cyclic_transfer_and_wet_condition_external_validation,0.0625,0.25,10.18738/T8/ZYQ5Z1|PCU85|Submerged|10_21_24,数据/原始/外部数据/新增开放数据/Texas_湿干单根电纺PU纤维力学/解压内容/Data/Submerged/PCU85_10_21_24_002Data.csv,f223cae299705562914a6bd734ed72bf57e6fb8d6ff91390bc510bc92075c0ff,CC0-1.0,reference-197
source_texas_zyq5z1_v1,PCU85,PCU85,PCU85_10_21_24_002,Submerged,10_21_24,0.301,21.5,30,22.11102485,7114.490652109852,7596.352489439967,-481.8618373301151,-0.06772963250534536,645.09576,0.3578600000000005,0.9994452606540152,19.31702485,5429.601513452603,6179.407379593432,-749.8058661408286,-0.13809592919168723,563.1827200000002,0.9490799999999986,0.9983147920447559,0.8736376979830494,0.7631750154654314,1417,17,1,False,False,single_fiber_cyclic_force_displacement_transfer,material_code_only,single_fiber_polyurethane_auxiliary,cyclic_transfer_and_wet_condition_external_validation,0.0625,0.25,10.18738/T8/ZYQ5Z1|PCU85|Submerged|10_21_24,数据/原始/外部数据/新增开放数据/Texas_湿干单根电纺PU纤维力学/解压内容/Data/Submerged/PCU85_10_21_24_002Data.csv,f223cae299705562914a6bd734ed72bf57e6fb8d6ff91390bc510bc92075c0ff,CC0-1.0,reference-197
source_texas_zyq5z1_v1,PCU85,PCU85,PCU85_10_21_24_003,Submerged,10_21_24,0.347,21.7,10,2.348170835,164.25470791408628,139.93833441353212,24.316373500554164,0.14804064863256697,69.91479999999996,2.400000000000002,0.9656725042480275,2.3032008349999997,174.3726341566159,148.10336376630644,26.269270390309458,0.1506501895630896,65.36623999999996,0.3336599999999994,0.9948955301697023,0.9808489232002576,1.0615990029815268,1417,17,1,False,False,single_fiber_cyclic_force_displacement_transfer,material_code_only,single_fiber_polyurethane_auxiliary,cyclic_transfer_and_wet_condition_external_validation,0.0625,0.25,10.18738/T8/ZYQ5Z1|PCU85|Submerged|10_21_24,数据/原始/外部数据/新增开放数据/Texas_湿干单根电纺PU纤维力学/解压内容/Data/Submerged/PCU85_10_21_24_003Data.csv,5ed61420806790e2b0e670db0345a1b619c88e14d3bf183c40773589a6846f91,CC0-1.0,reference-197
source_texas_zyq5z1_v1,PCU85,PCU85,PCU85_10_21_24_003,Submerged,10_21_24,0.347,21.7,15,5.899510835,567.5188097308052,628.1755081878496,-60.6566984570444,-0.10688050760082486,170.90181999999987,2.0015199999999993,0.9882884804854624,5.735830835,548.2430635279824,580.251761226785,-32.00869769880262,-0.058384136212913336,165.23424000000006,1.2424400000000002,0.992480735227759,0.9722553268266012,0.9660350531606767,1417,17,1,False,False,single_fiber_cyclic_force_displacement_transfer,material_code_only,single_fiber_polyurethane_auxiliary,cyclic_transfer_and_wet_condition_external_validation,0.0625,0.25,10.18738/T8/ZYQ5Z1|PCU85|Submerged|10_21_24,数据/原始/外部数据/新增开放数据/Texas_湿干单根电纺PU纤维力学/解压内容/Data/Submerged/PCU85_10_21_24_003Data.csv,5ed61420806790e2b0e670db0345a1b619c88e14d3bf183c40773589a6846f91,CC0-1.0,reference-197
source_texas_zyq5z1_v1,PCU85,PCU85,PCU85_10_21_24_003,Submerged,10_21_24,0.347,21.7,20,10.162900835,1542.9927281828093,1672.4626236112388,-129.46989542842948,-0.08390829915375354,295.04728,2.001479999999998,0.9932164092480364,9.445530835,1381.4832459955378,1505.5246541938898,-124.04140819835197,-0.08978857221606336,275.22334000000006,1.1254400000000007,0.9959108119245991,0.9294128702378507,0.8953271267989176,1417,17,1,False,False,single_fiber_cyclic_force_displacement_transfer,material_code_only,single_fiber_polyurethane_auxiliary,cyclic_transfer_and_wet_condition_external_validation,0.0625,0.25,10.18738/T8/ZYQ5Z1|PCU85|Submerged|10_21_24,数据/原始/外部数据/新增开放数据/Texas_湿干单根电纺PU纤维力学/解压内容/Data/Submerged/PCU85_10_21_24_003Data.csv,5ed61420806790e2b0e670db0345a1b619c88e14d3bf183c40773589a6846f91,CC0-1.0,reference-197
source_texas_zyq5z1_v1,PCU85,PCU85,PCU85_10_21_24_003,Submerged,10_21_24,0.347,21.7,30,17.851700835,4645.930310536976,5097.862744068076,-451.9324335310994,-0.09727490584740714,515.4597,4.357600000000001,0.9915461868309007,16.230800835,3918.0317494070155,4268.008181325002,-349.97643191798625,-0.08932455230128095,470.77181999999993,4.701519999999999,0.9900131660386979,0.9092019289936751,0.8433255532311611,1417,17,1,False,False,single_fiber_cyclic_force_displacement_transfer,material_code_only,single_fiber_polyurethane_auxiliary,cyclic_transfer_and_wet_condition_external_validation,0.0625,0.25,10.18738/T8/ZYQ5Z1|PCU85|Submerged|10_21_24,数据/原始/外部数据/新增开放数据/Texas_湿干单根电纺PU纤维力学/解压内容/Data/Submerged/PCU85_10_21_24_003Data.csv,5ed61420806790e2b0e670db0345a1b619c88e14d3bf183c40773589a6846f91,CC0-1.0,reference-197
source_texas_zyq5z1_v1,PCU85,PCU85,PCU85_10_21_24_004,Submerged,10_21_24,0.335,21.6,10,3.2676435,163.3010308155007,186.24646385196002,-22.94543303645932,-0.14051003182204846,100.14020000000008,5.34619,0.9466129486459983,3.3651535,175.1840451098137,203.71426348545026,-28.530218375636565,-0.16285854318384113,100.22905000000003,5.043549999999998,0.9496797585131257,1.029841076604593,1.0727675400147263,1417,17,1,False,False,single_fiber_cyclic_force_displacement_transfer,material_code_only,single_fiber_polyurethane_auxiliary,cyclic_transfer_and_wet_condition_external_validation,0.0625,0.25,10.18738/T8/ZYQ5Z1|PCU85|Submerged|10_21_24,数据/原始/外部数据/新增开放数据/Texas_湿干单根电纺PU纤维力学/解压内容/Data/Submerged/PCU85_10_21_24_004Data.csv,ff293777d55ae86682ad980f3f82517f8e76a97311e2f07976aa94b799417765,CC0-1.0,reference-197
source_texas_zyq5z1_v1,PCU85,PCU85,PCU85_10_21_24_004,Submerged,10_21_24,0.335,21.6,15,8.9191935,1165.263808291874,1294.6325270070006,-129.36871871512653,-0.11102097035414181,256.44794999999993,5.852150000000002,0.9771799696585604,8.5605035,1078.3601042498249,1190.2287128445505,-111.86860859472563,-0.10373956543259588,241.04794999999987,1.4247499999999977,0.9940893502724251,0.959784480513849,0.9254214338215492,1417,17,1,False,False,single_fiber_cyclic_force_displacement_transfer,material_code_only,single_fiber_polyurethane_auxiliary,cyclic_transfer_and_wet_condition_external_validation,0.0625,0.25,10.18738/T8/ZYQ5Z1|PCU85|Submerged|10_21_24,数据/原始/外部数据/新增开放数据/Texas_湿干单根电纺PU纤维力学/解压内容/Data/Submerged/PCU85_10_21_24_004Data.csv,ff293777d55ae86682ad980f3f82517f8e76a97311e2f07976aa94b799417765,CC0-1.0,reference-197
source_texas_zyq5z1_v1,PCU85,PCU85,PCU85_10_21_24_004,Submerged,10_21_24,0.335,21.6,20,13.4942735,2624.480936968901,2893.887744087399,-269.4068071184979,-0.10265146274205544,377.70060000000007,1.097400000000004,0.9970945240754184,12.4045735,2246.5321069700485,2489.078269245152,-242.5461622751036,-0.10796469880069126,346.4106000000001,2.3521000000000036,0.99321008075388,0.9192472273516614,0.8559910172426864,1417,17,1,False,False,single_fiber_cyclic_force_displacement_transfer,material_code_only,single_fiber_polyurethane_auxiliary,cyclic_transfer_and_wet_condition_external_validation,0.0625,0.25,10.18738/T8/ZYQ5Z1|PCU85|Submerged|10_21_24,数据/原始/外部数据/新增开放数据/Texas_湿干单根电纺PU纤维力学/解压内容/Data/Submerged/PCU85_10_21_24_004Data.csv,ff293777d55ae86682ad980f3f82517f8e76a97311e2f07976aa94b799417765,CC0-1.0,reference-197
source_texas_zyq5z1_v1,PCU85,PCU85,PCU85_10_21_24_004,Submerged,10_21_24,0.335,21.6,30,22.413273500000003,7237.860893630645,8037.4744442147985,-799.6135505841539,-0.11047650159839602,630.6379499999997,0.4478499999999954,0.9992898460994933,19.764073500000002,5697.123933616473,6594.933035247741,-897.8091016312683,-0.1575898843157777,555.3679499999998,2.943590000000004,0.9946997481579555,0.8818021829787603,0.7871281332071429,1417,17,1,False,False,single_fiber_cyclic_force_displacement_transfer,material_code_only,single_fiber_polyurethane_auxiliary,cyclic_transfer_and_wet_condition_external_validation,0.0625,0.25,10.18738/T8/ZYQ5Z1|PCU85|Submerged|10_21_24,数据/原始/外部数据/新增开放数据/Texas_湿干单根电纺PU纤维力学/解压内容/Data/Submerged/PCU85_10_21_24_004Data.csv,ff293777d55ae86682ad980f3f82517f8e76a97311e2f07976aa94b799417765,CC0-1.0,reference-197
source_texas_zyq5z1_v1,PCU85,PCU85,PCU85_11_11_24_003,Submerged,11_11_24,0.485,21.3,10,1.8703144999999999,65.30231767800109,76.39891101885074,-11.096593340849651,-0.1699264855432206,58.77299999999991,2.599999999999998,0.95576199955762,1.9082145,84.23720629377452,100.53971552954982,-16.302509235775304,-0.1935309817721261,57.59968000000007,2.5454799999999986,0.9558073933744077,1.0202639716475492,1.2899573750068012,1417,17,1,False,False,single_fiber_cyclic_force_displacement_transfer,material_code_only,single_fiber_polyurethane_auxiliary,cyclic_transfer_and_wet_condition_external_validation,0.0625,0.25,10.18738/T8/ZYQ5Z1|PCU85|Submerged|11_11_24,数据/原始/外部数据/新增开放数据/Texas_湿干单根电纺PU纤维力学/解压内容/Data/Submerged/PCU85_11_11_24_003Data.csv,df8f5a9ff0ba6a8602cd5ba224d28fbc942b8ff5477398435e2043e45d818749,CC0-1.0,reference-197
source_texas_zyq5z1_v1,PCU85,PCU85,PCU85_11_11_24_003,Submerged,11_11_24,0.485,21.3,15,3.4026445,243.2113960424704,231.42023601395007,11.791160028520324,0.048481116511749765,99.74641999999996,3.9714199999999984,0.9601848367089265,3.3608545000000003,201.14569363912253,232.40641842579936,-31.260724786676832,-0.15541334353775432,96.55357999999991,4.25268,0.9559552323176417,0.9877183761042331,0.8270405783288123,1417,17,1,False,False,single_fiber_cyclic_force_displacement_transfer,material_code_only,single_fiber_polyurethane_auxiliary,cyclic_transfer_and_wet_condition_external_validation,0.0625,0.25,10.18738/T8/ZYQ5Z1|PCU85|Submerged|11_11_24,数据/原始/外部数据/新增开放数据/Texas_湿干单根电纺PU纤维力学/解压内容/Data/Submerged/PCU85_11_11_24_003Data.csv,df8f5a9ff0ba6a8602cd5ba224d28fbc942b8ff5477398435e2043e45d818749,CC0-1.0,reference-197
source_texas_zyq5z1_v1,PCU85,PCU85,PCU85_11_11_24_003,Submerged,11_11_24,0.485,21.3,20,5.7541645,558.4220792111414,585.8084532331998,-27.386374022058362,-0.04904242694118739,162.84768000000008,1.47138,0.9909646855269906,5.5480445000000005,511.19778977007803,546.6837427723,-35.48595300222195,-0.06941726610004026,156.13768000000005,3.952679999999999,0.9746846501113633,0.9641789872361141,0.9154326248923125,1417,17,1,False,False,single_fiber_cyclic_force_displacement_transfer,material_code_only,single_fiber_polyurethane_auxiliary,cyclic_transfer_and_wet_condition_external_validation,0.0625,0.25,10.18738/T8/ZYQ5Z1|PCU85|Submerged|11_11_24,数据/原始/外部数据/新增开放数据/Texas_湿干单根电纺PU纤维力学/解压内容/Data/Submerged/PCU85_11_11_24_003Data.csv,df8f5a9ff0ba6a8602cd5ba224d28fbc942b8ff5477398435e2043e45d818749,CC0-1.0,reference-197
source_texas_zyq5z1_v1,PCU85,PCU85,PCU85_11_11_24_003,Submerged,11_11_24,0.485,21.3,30,14.9034245,3248.5642338186553,3581.8791669582515,-333.3149331395962,-0.10260376866483804,424.8035799999997,2.0713799999999996,0.995123911149713,13.9484245,2877.7660560643358,3283.5206873726474,-405.7546313083117,-0.14099639213314863,397.07642000000027,1.5642200000000006,0.9960606575429485,0.9359207677403271,0.8858578279308179,1417,17,1,False,False,single_fiber_cyclic_force_displacement_transfer,material_code_only,single_fiber_polyurethane_auxiliary,cyclic_transfer_and_wet_condition_external_validation,0.0625,0.25,10.18738/T8/ZYQ5Z1|PCU85|Submerged|11_11_24,数据/原始/外部数据/新增开放数据/Texas_湿干单根电纺PU纤维力学/解压内容/Data/Submerged/PCU85_11_11_24_003Data.csv,df8f5a9ff0ba6a8602cd5ba224d28fbc942b8ff5477398435e2043e45d818749,CC0-1.0,reference-197
source_texas_zyq5z1_v1,PCU85,PCU85,PCU85_11_11_24_005,Submerged,11_11_24,0.456,21.3,10,1.366847,46.78401011199967,54.75513021790011,-7.9711201059004395,-0.17038129238638994,44.153999999999954,0.8741000000000021,0.9802033790823028,1.4713269999999998,54.95130463873982,57.33898357585032,-2.3876789371105005,-0.04345081436751228,44.651319999999906,0.5714200000000011,0.9872026179741158,1.0764386943088728,1.1745744861799547,1417,17,1,False,False,single_fiber_cyclic_force_displacement_transfer,material_code_only,single_fiber_polyurethane_auxiliary,cyclic_transfer_and_wet_condition_external_validation,0.0625,0.25,10.18738/T8/ZYQ5Z1|PCU85|Submerged|11_11_24,数据/原始/外部数据/新增开放数据/Texas_湿干单根电纺PU纤维力学/解压内容/Data/Submerged/PCU85_11_11_24_005Data.csv,34fb1197f1c855d1352b37917f7610922e3ae5c849e301005392c4d3567f91e0,CC0-1.0,reference-197
source_texas_zyq5z1_v1,PCU85,PCU85,PCU85_11_11_24_005,Submerged,11_11_24,0.456,21.3,15,2.750337,145.73767714040014,145.58906014625015,0.14861699414998952,0.0010197568471385441,81.33767999999999,3.833899999999999,0.9528644042957705,2.725057,125.77912639876087,163.95613368080038,-38.17700728203951,-0.30352418859235786,76.92641999999998,1.1714199999999977,0.9847722018001098,0.990808399116181,0.8630515379875878,1417,17,1,False,False,single_fiber_cyclic_force_displacement_transfer,material_code_only,single_fiber_polyurethane_auxiliary,cyclic_transfer_and_wet_condition_external_validation,0.0625,0.25,10.18738/T8/ZYQ5Z1|PCU85|Submerged|11_11_24,数据/原始/外部数据/新增开放数据/Texas_湿干单根电纺PU纤维力学/解压内容/Data/Submerged/PCU85_11_11_24_005Data.csv,34fb1197f1c855d1352b37917f7610922e3ae5c849e301005392c4d3567f91e0,CC0-1.0,reference-197
source_texas_zyq5z1_v1,PCU85,PCU85,PCU85_11_11_24_005,Submerged,11_11_24,0.456,21.3,20,4.129357,283.5010460922196,307.48982040389944,-23.988774311679833,-0.08461617564499767,116.48231999999994,0.5714200000000007,0.995094362818323,4.0014069999999995,275.7770279446803,295.27347434409916,-19.496446399418858,-0.07069641204244816,112.50947000000015,1.078570000000001,0.9904135180798559,0.9690145463325162,0.9727548866079783,1417,17,1,False,False,single_fiber_cyclic_force_displacement_transfer,material_code_only,single_fiber_polyurethane_auxiliary,cyclic_transfer_and_wet_condition_external_validation,0.0625,0.25,10.18738/T8/ZYQ5Z1|PCU85|Submerged|11_11_24,数据/原始/外部数据/新增开放数据/Texas_湿干单根电纺PU纤维力学/解压内容/Data/Submerged/PCU85_11_11_24_005Data.csv,34fb1197f1c855d1352b37917f7610922e3ae5c849e301005392c4d3567f91e0,CC0-1.0,reference-197
source_texas_zyq5z1_v1,PCU85,PCU85,PCU85_11_11_24_005,Submerged,11_11_24,0.456,21.3,30,9.147587000000001,1264.046492540147,1370.7300841587603,-106.68359161861326,-0.0843984712969131,260.85642,1.6526399999999999,0.9936645607572165,8.730597000000001,1182.7376219857274,1318.935144255502,-136.1975222697747,-0.11515446852963832,249.59515999999974,0.6839400000000015,0.9972598026339934,0.954415300996864,0.9356757278832153,1417,17,1,False,False,single_fiber_cyclic_force_displacement_transfer,material_code_only,single_fiber_polyurethane_auxiliary,cyclic_transfer_and_wet_condition_external_validation,0.0625,0.25,10.18738/T8/ZYQ5Z1|PCU85|Submerged|11_11_24,数据/原始/外部数据/新增开放数据/Texas_湿干单根电纺PU纤维力学/解压内容/Data/Submerged/PCU85_11_11_24_005Data.csv,34fb1197f1c855d1352b37917f7610922e3ae5c849e301005392c4d3567f91e0,CC0-1.0,reference-197
source_texas_zyq5z1_v1,PCU85,PCU85,PCU85_11_11_24_007,Submerged,11_11_24,0.485,21.4,10,2.328350895,103.30790002563458,107.0060447292354,-3.6981447036008177,-0.035797307879486165,67.19889999999998,0.7553999999999998,0.988758744562783,2.313920895,95.65054291834471,106.7327765620656,-11.082233643720883,-0.11586169095957566,67.47746999999991,0.39727,0.9941125534196822,0.993802480532042,0.9258783006392561,1417,17,1,False,False,single_fiber_cyclic_force_displacement_transfer,material_code_only,single_fiber_polyurethane_auxiliary,cyclic_transfer_and_wet_condition_external_validation,0.0625,0.25,10.18738/T8/ZYQ5Z1|PCU85|Submerged|11_11_24,数据/原始/外部数据/新增开放数据/Texas_湿干单根电纺PU纤维力学/解压内容/Data/Submerged/PCU85_11_11_24_007Data.csv,11491d912bbd9e3a5696541dd5438f4dc1575c0a73124cfdddc6beac55eff1e2,CC0-1.0,reference-197
source_texas_zyq5z1_v1,PCU85,PCU85,PCU85_11_11_24_007,Submerged,11_11_24,0.485,21.4,15,4.052780895,252.29803432362337,300.12460674127897,-47.8265724176556,-0.18956379325693962,117.32821100000002,1.9098890000000006,0.983721826287797,3.900450895,248.1650596721128,271.37643747075754,-23.211377798644747,-0.09353201385123554,114.32232,1.3098800000000008,0.9885422199269573,0.9624134627687541,0.9836186807297547,1417,17,1,False,False,single_fiber_cyclic_force_displacement_transfer,material_code_only,single_fiber_polyurethane_auxiliary,cyclic_transfer_and_wet_condition_external_validation,0.0625,0.25,10.18738/T8/ZYQ5Z1|PCU85|Submerged|11_11_24,数据/原始/外部数据/新增开放数据/Texas_湿干单根电纺PU纤维力学/解压内容/Data/Submerged/PCU85_11_11_24_007Data.csv,11491d912bbd9e3a5696541dd5438f4dc1575c0a73124cfdddc6beac55eff1e2,CC0-1.0,reference-197
source_texas_zyq5z1_v1,PCU85,PCU85,PCU85_11_11_24_007,Submerged,11_11_24,0.485,21.4,20,6.9886908949999995,729.6699056919456,857.7682283328459,-128.09832264090028,-0.1755565381573805,203.30232,1.58398,0.9922087460684167,6.791870895,701.8117520264935,802.3114768598276,-100.49972483333408,-0.14320040173613421,199.40768000000003,1.6713800000000005,0.9916182766882399,0.9718373579605856,0.9618208816779498,1417,17,1,False,False,single_fiber_cyclic_force_displacement_transfer,material_code_only,single_fiber_polyurethane_auxiliary,cyclic_transfer_and_wet_condition_external_validation,0.0625,0.25,10.18738/T8/ZYQ5Z1|PCU85|Submerged|11_11_24,数据/原始/外部数据/新增开放数据/Texas_湿干单根电纺PU纤维力学/解压内容/Data/Submerged/PCU85_11_11_24_007Data.csv,11491d912bbd9e3a5696541dd5438f4dc1575c0a73124cfdddc6beac55eff1e2,CC0-1.0,reference-197
source_texas_zyq5z1_v1,PCU85,PCU85,PCU85_11_11_24_007,Submerged,11_11_24,0.485,21.4,30,18.725150895,5061.987020226608,5590.807039752285,-528.8200195256768,-0.10446886122240655,541.2035799999998,4.109920000000001,0.9924059630204219,17.146050895,4328.489755648029,4875.869944950413,-547.3801893023838,-0.12645985556235517,496.9376799999999,0.5454800000000002,0.9989023170873257,0.9156695714307086,0.8550969685130202,1417,17,1,False,False,single_fiber_cyclic_force_displacement_transfer,material_code_only,single_fiber_polyurethane_auxiliary,cyclic_transfer_and_wet_condition_external_validation,0.0625,0.25,10.18738/T8/ZYQ5Z1|PCU85|Submerged|11_11_24,数据/原始/外部数据/新增开放数据/Texas_湿干单根电纺PU纤维力学/解压内容/Data/Submerged/PCU85_11_11_24_007Data.csv,11491d912bbd9e3a5696541dd5438f4dc1575c0a73124cfdddc6beac55eff1e2,CC0-1.0,reference-197
source_texas_zyq5z1_v1,PCU85,PCU85,PCU85_11_11_24_008,Submerged,11_11_24,0.451,21.4,10,4.512114499999999,306.71783513425015,376.3673870003003,-69.64955186605016,-0.22708021473731585,139.73500000000004,2.2741000000000007,0.9837256235016281,4.5441044999999995,301.52890326254993,362.5760304536998,-61.047127191149855,-0.2024586251288632,135.70668,2.452679999999999,0.9819266081817049,1.0070898023531984,0.9830823927489283,1417,17,1,False,False,single_fiber_cyclic_force_displacement_transfer,material_code_only,single_fiber_polyurethane_auxiliary,cyclic_transfer_and_wet_condition_external_validation,0.0625,0.25,10.18738/T8/ZYQ5Z1|PCU85|Submerged|11_11_24,数据/原始/外部数据/新增开放数据/Texas_湿干单根电纺PU纤维力学/解压内容/Data/Submerged/PCU85_11_11_24_008Data.csv,789a17796a8393cb83c466699d45132a690a30b7d83f99a7427d813167815999,CC0-1.0,reference-197
source_texas_zyq5z1_v1,PCU85,PCU85,PCU85_11_11_24_008,Submerged,11_11_24,0.451,21.4,15,11.261744499999999,1815.504039050595,1996.9216299994496,-181.41759094885447,-0.09992684513317057,325.25232,2.3714200000000005,0.9927089835977189,10.1666445,1510.849021633161,1729.8627338338056,-219.01371220064448,-0.1449606870472738,295.9576800000001,5.2856900000000016,0.9821403857470433,0.9027592927543332,0.8321925972818264,1417,17,1,False,False,single_fiber_cyclic_force_displacement_transfer,material_code_only,single_fiber_polyurethane_auxiliary,cyclic_transfer_and_wet_condition_external_validation,0.0625,0.25,10.18738/T8/ZYQ5Z1|PCU85|Submerged|11_11_24,数据/原始/外部数据/新增开放数据/Texas_湿干单根电纺PU纤维力学/解压内容/Data/Submerged/PCU85_11_11_24_008Data.csv,789a17796a8393cb83c466699d45132a690a30b7d83f99a7427d813167815999,CC0-1.0,reference-197
source_texas_zyq5z1_v1,PCU85,PCU85,PCU85_11_11_24_008,Submerged,11_11_24,0.451,21.4,20,16.6674445,3989.7071249405426,4302.243435221148,-312.536310280605,-0.07833565234071226,479.36358000000007,2.352680000000001,0.9950920760396524,14.683344499999999,3157.867910771174,3613.661687249951,-455.79377647877664,-0.1443359220074118,426.05768,1.0267800000000022,0.9975900446155553,0.8809595556175394,0.791503689839949,1417,17,1,False,False,single_fiber_cyclic_force_displacement_transfer,material_code_only,single_fiber_polyurethane_auxiliary,cyclic_transfer_and_wet_condition_external_validation,0.0625,0.25,10.18738/T8/ZYQ5Z1|PCU85|Submerged|11_11_24,数据/原始/外部数据/新增开放数据/Texas_湿干单根电纺PU纤维力学/解压内容/Data/Submerged/PCU85_11_11_24_008Data.csv,789a17796a8393cb83c466699d45132a690a30b7d83f99a7427d813167815999,CC0-1.0,reference-197
source_texas_zyq5z1_v1,PCU85,PCU85,PCU85_11_11_24_008,Submerged,11_11_24,0.451,21.4,30,28.9794445,12063.084052970406,12821.681499129654,-758.5974461592486,-0.06288586258938088,832.6517889999999,0.6526890000000005,0.9992161321111387,24.5421445,8755.998975790897,10003.034834283664,-1247.0358584927671,-0.14242074056205872,708.5764199999999,0.8526399999999992,0.9987966858959264,0.846881122928357,0.7258507805584614,1417,17,1,False,False,single_fiber_cyclic_force_displacement_transfer,material_code_only,single_fiber_polyurethane_auxiliary,cyclic_transfer_and_wet_condition_external_validation,0.0625,0.25,10.18738/T8/ZYQ5Z1|PCU85|Submerged|11_11_24,数据/原始/外部数据/新增开放数据/Texas_湿干单根电纺PU纤维力学/解压内容/Data/Submerged/PCU85_11_11_24_008Data.csv,789a17796a8393cb83c466699d45132a690a30b7d83f99a7427d813167815999,CC0-1.0,reference-197
