source_id,material_grade,formulation_id,condition_id,source_workbook_name,sample_id,source_sample_label,source_Fmax_MPa,source_strain_at_Fmax_percent,source_fracture_stress_MPa,source_elongation_at_break_percent,source_young_modulus_MPa,curve_point_count,tensile_strength_MPa,elongation_at_break_percent,toughness_MJ_m3,young_modulus_0_5pct_MPa,negative_strain_step_fraction,endpoint_quality_status,curve_sha256,cross_gold_curve_duplicate,source_young_modulus_qc_status,toughness_semantics,material_class,chemistry_mapping_status,process_mapping_status,target_role,model_admission_layer,usage_mode,sample_weight_ceiling,process_model_weight_ceiling,split_group,source_locator,source_file_sha256,license,citation_keys
source_mendeley_wfsm6f9rbn_v1,EOS TPU 1301,EOS TPU 1301,TPU_1,TPU_1.xls,silver|TPU_1|Éprouvette 1,Éprouvette 1,4.0711431382510135,160.01432671397924,3.8188073881282847,166.93090691417456,37.396481097947664,993,4.0711431382510135,166.93090691417456,4.998960267469212,21.110607748194717,0.0,valid,ffd90e97c854c6d1feb630852c64260e1f27dcde942fcc5a131894f680795a0f,False,valid,direct_tensile_curve_area_silver_process_not_new_chemistry,SLS_printed_thermoplastic_polyurethane,commercial_grade_known,exploratory_condition_code_detailed_mapping_incomplete,direct_tensile_toughness_silver_process,SLS_TPU_process_silver,low_weight_process_transfer_only,0.15,0.0,10.17632/wfsm6f9rbn.1|EOS TPU 1301,数据/原始/外部数据/新增开放数据/Mendeley_SLS_TPU工艺力学/结构化表格/TPU_1.xls#sample=Éprouvette 1,ab96fc8717c545631d4ffb9dedb096f778620beab9141d49edfea7458c0870ad,CC-BY-4.0,reference-59
source_mendeley_wfsm6f9rbn_v1,EOS TPU 1301,EOS TPU 1301,TPU_1,TPU_1.xls,silver|TPU_1|Éprouvette 2,Éprouvette 2,3.918233856441468,149.18991364818066,3.8294412207415722,155.64812936168164,36.3902293219981,942,3.918233856441468,155.64812936168164,4.442714083065914,22.456619863928488,0.0,valid,b653ed2146e2894b8a082670f5f3b98744b2f68089bd92501c17f943c6095990,False,valid,direct_tensile_curve_area_silver_process_not_new_chemistry,SLS_printed_thermoplastic_polyurethane,commercial_grade_known,exploratory_condition_code_detailed_mapping_incomplete,direct_tensile_toughness_silver_process,SLS_TPU_process_silver,low_weight_process_transfer_only,0.15,0.0,10.17632/wfsm6f9rbn.1|EOS TPU 1301,数据/原始/外部数据/新增开放数据/Mendeley_SLS_TPU工艺力学/结构化表格/TPU_1.xls#sample=Éprouvette 2,ab96fc8717c545631d4ffb9dedb096f778620beab9141d49edfea7458c0870ad,CC-BY-4.0,reference-59
source_mendeley_wfsm6f9rbn_v1,EOS TPU 1301,EOS TPU 1301,TPU_1,TPU_1.xls,silver|TPU_1|Éprouvette 3,Éprouvette 3,3.9007873267882736,141.04583578370512,3.6752253408472106,146.46206693910062,36.21290437682334,873,3.9007873267882736,146.46206693910062,4.145246307927738,22.43282635061207,0.0,valid,3367d0a799a39d952d7624c012ccf9c2b6161d9baf749cb9ad17318a3a314a47,False,valid,direct_tensile_curve_area_silver_process_not_new_chemistry,SLS_printed_thermoplastic_polyurethane,commercial_grade_known,exploratory_condition_code_detailed_mapping_incomplete,direct_tensile_toughness_silver_process,SLS_TPU_process_silver,low_weight_process_transfer_only,0.15,0.0,10.17632/wfsm6f9rbn.1|EOS TPU 1301,数据/原始/外部数据/新增开放数据/Mendeley_SLS_TPU工艺力学/结构化表格/TPU_1.xls#sample=Éprouvette 3,ab96fc8717c545631d4ffb9dedb096f778620beab9141d49edfea7458c0870ad,CC-BY-4.0,reference-59
source_mendeley_wfsm6f9rbn_v1,EOS TPU 1301,EOS TPU 1301,TPU_1,TPU_1.xls,silver|TPU_1|Éprouvette 4,Éprouvette 4,3.9946614278978627,161.56187730515376,3.8881559446667433,167.39493089402094,37.14697651967998,895,3.9946614278978627,167.39493089402094,4.947341946027648,22.098968361690773,0.0,valid,11a4da025cfee182ee925f49fda7aba765baffd5fd2ea5dc4fad300e2cf5968b,False,valid,direct_tensile_curve_area_silver_process_not_new_chemistry,SLS_printed_thermoplastic_polyurethane,commercial_grade_known,exploratory_condition_code_detailed_mapping_incomplete,direct_tensile_toughness_silver_process,SLS_TPU_process_silver,low_weight_process_transfer_only,0.15,0.0,10.17632/wfsm6f9rbn.1|EOS TPU 1301,数据/原始/外部数据/新增开放数据/Mendeley_SLS_TPU工艺力学/结构化表格/TPU_1.xls#sample=Éprouvette 4,ab96fc8717c545631d4ffb9dedb096f778620beab9141d49edfea7458c0870ad,CC-BY-4.0,reference-59
source_mendeley_wfsm6f9rbn_v1,EOS TPU 1301,EOS TPU 1301,TPU_10,TPU_10.xls,silver|TPU_10|Éprouvette 1,Éprouvette 1,5.179869691734668,153.80943812849,5.015824493079611,157.68464602949098,57.79628366629292,1021,5.179869691734668,157.68464602949098,6.148595734119082,33.32504382196043,0.0,valid,8d872de1b41bbc4738cdbf0872ffc6bcd98cd1df4252298047405db13f2067bf,True,valid,direct_tensile_curve_area_silver_process_not_new_chemistry,SLS_printed_thermoplastic_polyurethane,commercial_grade_known,exploratory_condition_code_detailed_mapping_incomplete,direct_tensile_toughness_silver_process,SLS_TPU_process_silver,low_weight_process_transfer_only,0.0,0.0,10.17632/wfsm6f9rbn.1|EOS TPU 1301,数据/原始/外部数据/新增开放数据/Mendeley_SLS_TPU工艺力学/结构化表格/TPU_10.xls#sample=Éprouvette 1,b7bce671fce56e173064ade8e516c66d11f18b372ba0beb61f32aba1b5fa9194,CC-BY-4.0,reference-59
source_mendeley_wfsm6f9rbn_v1,EOS TPU 1301,EOS TPU 1301,TPU_10,TPU_10.xls,silver|TPU_10|Éprouvette 2,Éprouvette 2,4.806710080075033,168.77224545413628,4.602074522685623,180.1052723401226,61.51851652435217,1062,4.806710080075033,180.1052723401226,6.665131867232383,30.511748866840872,0.0,valid,b00e97e3b06bf384a9a1c6f82a95995a6cb9dfce9cf0b8d33422725f69e76f4d,True,valid,direct_tensile_curve_area_silver_process_not_new_chemistry,SLS_printed_thermoplastic_polyurethane,commercial_grade_known,exploratory_condition_code_detailed_mapping_incomplete,direct_tensile_toughness_silver_process,SLS_TPU_process_silver,low_weight_process_transfer_only,0.0,0.0,10.17632/wfsm6f9rbn.1|EOS TPU 1301,数据/原始/外部数据/新增开放数据/Mendeley_SLS_TPU工艺力学/结构化表格/TPU_10.xls#sample=Éprouvette 2,b7bce671fce56e173064ade8e516c66d11f18b372ba0beb61f32aba1b5fa9194,CC-BY-4.0,reference-59
source_mendeley_wfsm6f9rbn_v1,EOS TPU 1301,EOS TPU 1301,TPU_10,TPU_10.xls,silver|TPU_10|Éprouvette 3,Éprouvette 3,4.979704210608155,160.67094964021817,4.830138533545711,167.29597252840176,52.74213355711951,933,4.979704210608155,167.29597252840176,6.3278494267840095,31.594001827063583,0.0,valid,11d883445355fea18075d3b8d1e24734bda784c15d8898177fed993f757d6cea,True,valid,direct_tensile_curve_area_silver_process_not_new_chemistry,SLS_printed_thermoplastic_polyurethane,commercial_grade_known,exploratory_condition_code_detailed_mapping_incomplete,direct_tensile_toughness_silver_process,SLS_TPU_process_silver,low_weight_process_transfer_only,0.0,0.0,10.17632/wfsm6f9rbn.1|EOS TPU 1301,数据/原始/外部数据/新增开放数据/Mendeley_SLS_TPU工艺力学/结构化表格/TPU_10.xls#sample=Éprouvette 3,b7bce671fce56e173064ade8e516c66d11f18b372ba0beb61f32aba1b5fa9194,CC-BY-4.0,reference-59
source_mendeley_wfsm6f9rbn_v1,EOS TPU 1301,EOS TPU 1301,TPU_10,TPU_10.xls,silver|TPU_10|Éprouvette 4,Éprouvette 4,4.999151243805928,172.46664364147,4.88334218546765,177.21649486827664,59.42113172448866,971,4.999151243805928,177.21649486827664,6.780914314566963,31.134590428822122,0.0,valid,5fc385b2b4872b0e1cf88ae7066bb098b8a42f0c76ee38ebc6d6a43e857ceb40,True,valid,direct_tensile_curve_area_silver_process_not_new_chemistry,SLS_printed_thermoplastic_polyurethane,commercial_grade_known,exploratory_condition_code_detailed_mapping_incomplete,direct_tensile_toughness_silver_process,SLS_TPU_process_silver,low_weight_process_transfer_only,0.0,0.0,10.17632/wfsm6f9rbn.1|EOS TPU 1301,数据/原始/外部数据/新增开放数据/Mendeley_SLS_TPU工艺力学/结构化表格/TPU_10.xls#sample=Éprouvette 4,b7bce671fce56e173064ade8e516c66d11f18b372ba0beb61f32aba1b5fa9194,CC-BY-4.0,reference-59
source_mendeley_wfsm6f9rbn_v1,EOS TPU 1301,EOS TPU 1301,TPU_10,TPU_10.xls,silver|TPU_10|Éprouvette 5,Éprouvette 5,4.987264360700335,173.72420252440497,4.739778662930016,183.22405756590888,56.06227833144549,2140,4.987264360700335,183.22405756590888,7.064326512124208,31.142949199716305,0.0,valid,25c496420673259a08c2b728e944d65688018a488370eb21c54d4e63413ab333,False,valid,direct_tensile_curve_area_silver_process_not_new_chemistry,SLS_printed_thermoplastic_polyurethane,commercial_grade_known,exploratory_condition_code_detailed_mapping_incomplete,direct_tensile_toughness_silver_process,SLS_TPU_process_silver,low_weight_process_transfer_only,0.15,0.0,10.17632/wfsm6f9rbn.1|EOS TPU 1301,数据/原始/外部数据/新增开放数据/Mendeley_SLS_TPU工艺力学/结构化表格/TPU_10.xls#sample=Éprouvette 5,b7bce671fce56e173064ade8e516c66d11f18b372ba0beb61f32aba1b5fa9194,CC-BY-4.0,reference-59
source_mendeley_wfsm6f9rbn_v1,EOS TPU 1301,EOS TPU 1301,TPU_1_1 (45°),TPU_1_1 (45°).xlsx,silver|TPU_1_1 (45°)|Éprouvette 1,Éprouvette 1,2.1225454330444338,36.702916622161865,1.8008504867553712,37.24040508270264,22.908058441842087,8943,2.1225454330444338,37.24040508270264,0.5629547727952213,15.975343702962732,0.0,valid,06f034a2e50016bf77d79f77897e49d70b211906a06fcbb8c6fb05fdbde7ceb9,False,valid,direct_tensile_curve_area_silver_process_not_new_chemistry,SLS_printed_thermoplastic_polyurethane,commercial_grade_known,exploratory_condition_code_detailed_mapping_incomplete,direct_tensile_toughness_silver_process,SLS_TPU_process_silver,low_weight_process_transfer_only,0.15,0.0,10.17632/wfsm6f9rbn.1|EOS TPU 1301,数据/原始/外部数据/新增开放数据/Mendeley_SLS_TPU工艺力学/结构化表格/TPU_1_1 (45°).xlsx#sample=Éprouvette 1,f5008c1d81fb604cd089e10b2408b086bda370003109deb22a5ed8b69dc6b87a,CC-BY-4.0,reference-59
source_mendeley_wfsm6f9rbn_v1,EOS TPU 1301,EOS TPU 1301,TPU_1_1 (45°),TPU_1_1 (45°).xlsx,silver|TPU_1_1 (45°)|Éprouvette 2,Éprouvette 2,2.5850166320800785,51.795454025268555,2.4791559219360355,53.92045021057129,25.94886624612173,12946,2.5850166320800785,53.92045021057129,1.0309416159393572,17.444031082783017,0.0,valid,954156a1fea951a18d33c48dd639703b308ba415fd6c65926c7cb1ba8700ebf8,False,valid,direct_tensile_curve_area_silver_process_not_new_chemistry,SLS_printed_thermoplastic_polyurethane,commercial_grade_known,exploratory_condition_code_detailed_mapping_incomplete,direct_tensile_toughness_silver_process,SLS_TPU_process_silver,low_weight_process_transfer_only,0.15,0.0,10.17632/wfsm6f9rbn.1|EOS TPU 1301,数据/原始/外部数据/新增开放数据/Mendeley_SLS_TPU工艺力学/结构化表格/TPU_1_1 (45°).xlsx#sample=Éprouvette 2,f5008c1d81fb604cd089e10b2408b086bda370003109deb22a5ed8b69dc6b87a,CC-BY-4.0,reference-59
source_mendeley_wfsm6f9rbn_v1,EOS TPU 1301,EOS TPU 1301,TPU_1_1 (45°),TPU_1_1 (45°).xlsx,silver|TPU_1_1 (45°)|Éprouvette 3,Éprouvette 3,2.3541843414306642,45.40299415588379,1.9811347961425783,47.882089614868164,23.813648793701695,11497,2.3541843414306642,47.882089614868164,0.8244932263937714,16.910116391590424,0.0,valid,eef4eb36f363390eb6794290b268de24015c8592519e15b7f1ae63520190f7a3,False,valid,direct_tensile_curve_area_silver_process_not_new_chemistry,SLS_printed_thermoplastic_polyurethane,commercial_grade_known,exploratory_condition_code_detailed_mapping_incomplete,direct_tensile_toughness_silver_process,SLS_TPU_process_silver,low_weight_process_transfer_only,0.15,0.0,10.17632/wfsm6f9rbn.1|EOS TPU 1301,数据/原始/外部数据/新增开放数据/Mendeley_SLS_TPU工艺力学/结构化表格/TPU_1_1 (45°).xlsx#sample=Éprouvette 3,f5008c1d81fb604cd089e10b2408b086bda370003109deb22a5ed8b69dc6b87a,CC-BY-4.0,reference-59
source_mendeley_wfsm6f9rbn_v1,EOS TPU 1301,EOS TPU 1301,TPU_1_1 (45°),TPU_1_1 (45°).xlsx,silver|TPU_1_1 (45°)|Éprouvette 4,Éprouvette 4,2.304319381713867,48.005475997924805,2.2585498809814455,50.03457069396973,23.50012203414074,12012,2.304319381713867,50.03457069396973,0.8548775007702972,15.570159216829419,0.0,valid,eaf9f4a00b30474fc084950c46abf0d40bcb57f37aa4f19b49b9a36470b130bb,False,valid,direct_tensile_curve_area_silver_process_not_new_chemistry,SLS_printed_thermoplastic_polyurethane,commercial_grade_known,exploratory_condition_code_detailed_mapping_incomplete,direct_tensile_toughness_silver_process,SLS_TPU_process_silver,low_weight_process_transfer_only,0.15,0.0,10.17632/wfsm6f9rbn.1|EOS TPU 1301,数据/原始/外部数据/新增开放数据/Mendeley_SLS_TPU工艺力学/结构化表格/TPU_1_1 (45°).xlsx#sample=Éprouvette 4,f5008c1d81fb604cd089e10b2408b086bda370003109deb22a5ed8b69dc6b87a,CC-BY-4.0,reference-59
source_mendeley_wfsm6f9rbn_v1,EOS TPU 1301,EOS TPU 1301,TPU_1_1 (45°),TPU_1_1 (45°).xlsx,silver|TPU_1_1 (45°)|Éprouvette 5,Éprouvette 5,2.2848728179931643,42.11702346801758,1.8983776092529299,44.50459957122803,23.691123429806265,10686,2.2848728179931643,44.50459957122803,0.7390881313366758,16.13925284698379,0.0,valid,a9dadc647dcac47611b8a6057b135d3a26c2aecf8043e2025467538ee2420562,False,valid,direct_tensile_curve_area_silver_process_not_new_chemistry,SLS_printed_thermoplastic_polyurethane,commercial_grade_known,exploratory_condition_code_detailed_mapping_incomplete,direct_tensile_toughness_silver_process,SLS_TPU_process_silver,low_weight_process_transfer_only,0.15,0.0,10.17632/wfsm6f9rbn.1|EOS TPU 1301,数据/原始/外部数据/新增开放数据/Mendeley_SLS_TPU工艺力学/结构化表格/TPU_1_1 (45°).xlsx#sample=Éprouvette 5,f5008c1d81fb604cd089e10b2408b086bda370003109deb22a5ed8b69dc6b87a,CC-BY-4.0,reference-59
source_mendeley_wfsm6f9rbn_v1,EOS TPU 1301,EOS TPU 1301,TPU_1_1 (on edge),TPU_1_1 (on edge).xlsx,silver|TPU_1_1 (on edge)|Éprouvette 1,Éprouvette 1,3.8977901458740236,108.7736988067627,3.260943603515625,113.2695198059082,28.708904212991417,27191,3.8977901458740236,113.2695198059082,3.306127344755829,19.74484048217944,0.0,valid,7f817f1a1189e98370fcb42a00e0dd4af3a25677c35b117a925de551be908e22,False,valid,direct_tensile_curve_area_silver_process_not_new_chemistry,SLS_printed_thermoplastic_polyurethane,commercial_grade_known,exploratory_condition_code_detailed_mapping_incomplete,direct_tensile_toughness_silver_process,SLS_TPU_process_silver,low_weight_process_transfer_only,0.15,0.0,10.17632/wfsm6f9rbn.1|EOS TPU 1301,数据/原始/外部数据/新增开放数据/Mendeley_SLS_TPU工艺力学/结构化表格/TPU_1_1 (on edge).xlsx#sample=Éprouvette 1,db3baebd6aeefde16ede498ef417f0981c1165a6cf80b4866f3b8fec7fc38638,CC-BY-4.0,reference-59
source_mendeley_wfsm6f9rbn_v1,EOS TPU 1301,EOS TPU 1301,TPU_1_1 (on edge),TPU_1_1 (on edge).xlsx,silver|TPU_1_1 (on edge)|Éprouvette 2,Éprouvette 2,3.7558189392089845,105.05038261413574,3.3622287750244144,106.91708564758301,28.202305571591875,25664,3.7558189392089845,106.91708564758301,3.015381976129743,19.009251782648818,0.0,valid,eacb94319d2f81a6ee4fed65a1216c27ea48bf515f33b104aaa73822dd9455e7,False,valid,direct_tensile_curve_area_silver_process_not_new_chemistry,SLS_printed_thermoplastic_polyurethane,commercial_grade_known,exploratory_condition_code_detailed_mapping_incomplete,direct_tensile_toughness_silver_process,SLS_TPU_process_silver,low_weight_process_transfer_only,0.15,0.0,10.17632/wfsm6f9rbn.1|EOS TPU 1301,数据/原始/外部数据/新增开放数据/Mendeley_SLS_TPU工艺力学/结构化表格/TPU_1_1 (on edge).xlsx#sample=Éprouvette 2,db3baebd6aeefde16ede498ef417f0981c1165a6cf80b4866f3b8fec7fc38638,CC-BY-4.0,reference-59
source_mendeley_wfsm6f9rbn_v1,EOS TPU 1301,EOS TPU 1301,TPU_1_1 (on edge),TPU_1_1 (on edge).xlsx,silver|TPU_1_1 (on edge)|Éprouvette 3,Éprouvette 3,3.8184665679931644,110.06205558776855,3.4016563415527346,113.54951858520508,27.93212125561463,27257,3.8184665679931644,113.54951858520508,3.243820746792437,19.40120301667985,0.0,valid,86441cec63570c4092daf8215759c804c9cc6139edf4e299ee3b268a00ac75de,False,valid,direct_tensile_curve_area_silver_process_not_new_chemistry,SLS_printed_thermoplastic_polyurethane,commercial_grade_known,exploratory_condition_code_detailed_mapping_incomplete,direct_tensile_toughness_silver_process,SLS_TPU_process_silver,low_weight_process_transfer_only,0.15,0.0,10.17632/wfsm6f9rbn.1|EOS TPU 1301,数据/原始/外部数据/新增开放数据/Mendeley_SLS_TPU工艺力学/结构化表格/TPU_1_1 (on edge).xlsx#sample=Éprouvette 3,db3baebd6aeefde16ede498ef417f0981c1165a6cf80b4866f3b8fec7fc38638,CC-BY-4.0,reference-59
source_mendeley_wfsm6f9rbn_v1,EOS TPU 1301,EOS TPU 1301,TPU_1_1 (on edge),TPU_1_1 (on edge).xlsx,silver|TPU_1_1 (on edge)|Éprouvette 4,Éprouvette 4,4.079147720336914,131.39124870300293,3.822039794921875,133.07043075561523,28.47062822677744,31941,4.079147720336914,133.07043075561523,4.083099188860978,19.744629212845297,0.0,valid,387837e0732ab862744541cc2d80a63e84b965bc57913497643d1e84b6d42e43,False,valid,direct_tensile_curve_area_silver_process_not_new_chemistry,SLS_printed_thermoplastic_polyurethane,commercial_grade_known,exploratory_condition_code_detailed_mapping_incomplete,direct_tensile_toughness_silver_process,SLS_TPU_process_silver,low_weight_process_transfer_only,0.15,0.0,10.17632/wfsm6f9rbn.1|EOS TPU 1301,数据/原始/外部数据/新增开放数据/Mendeley_SLS_TPU工艺力学/结构化表格/TPU_1_1 (on edge).xlsx#sample=Éprouvette 4,db3baebd6aeefde16ede498ef417f0981c1165a6cf80b4866f3b8fec7fc38638,CC-BY-4.0,reference-59
source_mendeley_wfsm6f9rbn_v1,EOS TPU 1301,EOS TPU 1301,TPU_1_1 (on edge),TPU_1_1 (on edge).xlsx,silver|TPU_1_1 (on edge)|Éprouvette 5,Éprouvette 5,4.243914794921875,129.06124114990234,3.6965538024902345,132.55291938781738,30.869283941368575,31818,4.243914794921875,132.55291938781738,4.232059572160832,20.631945336262397,0.0,valid,df7371fe5ab4fa4b32be4ba5e50a8b4b8d1d10eb1c6cbe9121c9fbb9ae3d5525,False,valid,direct_tensile_curve_area_silver_process_not_new_chemistry,SLS_printed_thermoplastic_polyurethane,commercial_grade_known,exploratory_condition_code_detailed_mapping_incomplete,direct_tensile_toughness_silver_process,SLS_TPU_process_silver,low_weight_process_transfer_only,0.15,0.0,10.17632/wfsm6f9rbn.1|EOS TPU 1301,数据/原始/外部数据/新增开放数据/Mendeley_SLS_TPU工艺力学/结构化表格/TPU_1_1 (on edge).xlsx#sample=Éprouvette 5,db3baebd6aeefde16ede498ef417f0981c1165a6cf80b4866f3b8fec7fc38638,CC-BY-4.0,reference-59
source_mendeley_wfsm6f9rbn_v1,EOS TPU 1301,EOS TPU 1301,TPU_1_1 (upright),TPU_1_1 (upright).xlsx,silver|TPU_1_1 (upright)|Éprouvette 2,Éprouvette 2,1.6243436813354493,30.749671459197998,1.513245487213135,33.00790548324585,19.703063345366687,7927,1.6243436813354493,33.00790548324585,0.3916807327237564,13.742662037224088,0.0,valid,df84ee2fd79e92272d2af0a6f83a423ff3ccdc99e703e91f9d993aaa5d233194,False,valid,direct_tensile_curve_area_silver_process_not_new_chemistry,SLS_printed_thermoplastic_polyurethane,commercial_grade_known,exploratory_condition_code_detailed_mapping_incomplete,direct_tensile_toughness_silver_process,SLS_TPU_process_silver,low_weight_process_transfer_only,0.15,0.0,10.17632/wfsm6f9rbn.1|EOS TPU 1301,数据/原始/外部数据/新增开放数据/Mendeley_SLS_TPU工艺力学/结构化表格/TPU_1_1 (upright).xlsx#sample=Éprouvette 2,e3f7836331cf2242e5ccebb746061a045c4546acf0892792b8fda212f05f5fa7,CC-BY-4.0,reference-59
source_mendeley_wfsm6f9rbn_v1,EOS TPU 1301,EOS TPU 1301,TPU_1_1 (upright),TPU_1_1 (upright).xlsx,silver|TPU_1_1 (upright)|Éprouvette 3,Éprouvette 3,1.6485023498535156,28.129549026489258,1.482716751098633,29.067046642303467,19.997858907335694,6981,1.6485023498535156,29.067046642303467,0.3363052234428515,14.028203076960832,0.0,valid,564d73854aa3176260bf4c54590947fceb4442732fb7b81dfa356af3a524e0f2,False,valid,direct_tensile_curve_area_silver_process_not_new_chemistry,SLS_printed_thermoplastic_polyurethane,commercial_grade_known,exploratory_condition_code_detailed_mapping_incomplete,direct_tensile_toughness_silver_process,SLS_TPU_process_silver,low_weight_process_transfer_only,0.15,0.0,10.17632/wfsm6f9rbn.1|EOS TPU 1301,数据/原始/外部数据/新增开放数据/Mendeley_SLS_TPU工艺力学/结构化表格/TPU_1_1 (upright).xlsx#sample=Éprouvette 3,e3f7836331cf2242e5ccebb746061a045c4546acf0892792b8fda212f05f5fa7,CC-BY-4.0,reference-59
source_mendeley_wfsm6f9rbn_v1,EOS TPU 1301,EOS TPU 1301,TPU_1_1 (upright),TPU_1_1 (upright).xlsx,silver|TPU_1_1 (upright)|Éprouvette 4,Éprouvette 4,1.5866365432739258,27.99206018447876,1.3698437690734864,32.21292018890381,18.38666728621707,7736,1.5866365432739258,32.21292018890381,0.3689701388436395,13.267090032904168,0.0,valid,f1b99be8621dd41f472ac7cf31339af70192e211689f0eb620d2069dd25766b0,False,valid,direct_tensile_curve_area_silver_process_not_new_chemistry,SLS_printed_thermoplastic_polyurethane,commercial_grade_known,exploratory_condition_code_detailed_mapping_incomplete,direct_tensile_toughness_silver_process,SLS_TPU_process_silver,low_weight_process_transfer_only,0.15,0.0,10.17632/wfsm6f9rbn.1|EOS TPU 1301,数据/原始/外部数据/新增开放数据/Mendeley_SLS_TPU工艺力学/结构化表格/TPU_1_1 (upright).xlsx#sample=Éprouvette 4,e3f7836331cf2242e5ccebb746061a045c4546acf0892792b8fda212f05f5fa7,CC-BY-4.0,reference-59
source_mendeley_wfsm6f9rbn_v1,EOS TPU 1301,EOS TPU 1301,TPU_1_1 (upright),TPU_1_1 (upright).xlsx,silver|TPU_1_1 (upright)|Éprouvette 5,Éprouvette 5,1.6937118530273438,29.531264305114746,1.4855643272399903,31.69379472732544,20.152943431864152,7611,1.6937118530273438,31.69379472732544,0.38446882226435186,13.907327865994366,0.0,valid,f3a2e715907abfc4b6440aeff485f0a90c37bf5752578a85c8a3ec3e39108471,False,valid,direct_tensile_curve_area_silver_process_not_new_chemistry,SLS_printed_thermoplastic_polyurethane,commercial_grade_known,exploratory_condition_code_detailed_mapping_incomplete,direct_tensile_toughness_silver_process,SLS_TPU_process_silver,low_weight_process_transfer_only,0.15,0.0,10.17632/wfsm6f9rbn.1|EOS TPU 1301,数据/原始/外部数据/新增开放数据/Mendeley_SLS_TPU工艺力学/结构化表格/TPU_1_1 (upright).xlsx#sample=Éprouvette 5,e3f7836331cf2242e5ccebb746061a045c4546acf0892792b8fda212f05f5fa7,CC-BY-4.0,reference-59
source_mendeley_wfsm6f9rbn_v1,EOS TPU 1301,EOS TPU 1301,TPU_1_1 (upright),TPU_1_1 (upright).xlsx,silver|TPU_1_1 (upright)|Éprouvette 6,Éprouvette 6,1.683279037475586,27.87377119064331,1.4597025871276856,32.89044141769409,20.199676426153808,7899,1.683279037475586,32.89044141769409,0.40474517670818927,13.807240905402454,0.0,valid,4dfdddb9cd19d0e380056ff49c44fb50ad8976927b84c4cc5fa1550d4108de1e,False,valid,direct_tensile_curve_area_silver_process_not_new_chemistry,SLS_printed_thermoplastic_polyurethane,commercial_grade_known,exploratory_condition_code_detailed_mapping_incomplete,direct_tensile_toughness_silver_process,SLS_TPU_process_silver,low_weight_process_transfer_only,0.15,0.0,10.17632/wfsm6f9rbn.1|EOS TPU 1301,数据/原始/外部数据/新增开放数据/Mendeley_SLS_TPU工艺力学/结构化表格/TPU_1_1 (upright).xlsx#sample=Éprouvette 6,e3f7836331cf2242e5ccebb746061a045c4546acf0892792b8fda212f05f5fa7,CC-BY-4.0,reference-59
source_mendeley_wfsm6f9rbn_v1,EOS TPU 1301,EOS TPU 1301,TPU_1_1-zstLSy,TPU_1_1-zstLSy.xls,silver|TPU_1_1-zstLSy|Éprouvette 1,Éprouvette 1,5.220097201180714,172.9638902321458,4.861353156047895,177.00533310323954,49.24192763916912,996,5.220097201180714,177.00533310323954,6.959168714545759,29.81236595439705,0.0,valid,a2216d8f082f4704d20b21274d6b175a08cc4ff18bc78a8a3d149581e9736f60,False,valid,direct_tensile_curve_area_silver_process_not_new_chemistry,SLS_printed_thermoplastic_polyurethane,commercial_grade_known,exploratory_condition_code_detailed_mapping_incomplete,direct_tensile_toughness_silver_process,SLS_TPU_process_silver,low_weight_process_transfer_only,0.15,0.0,10.17632/wfsm6f9rbn.1|EOS TPU 1301,数据/原始/外部数据/新增开放数据/Mendeley_SLS_TPU工艺力学/结构化表格/TPU_1_1-zstLSy.xls#sample=Éprouvette 1,a9702f61d3c1ac0cb611672b43fc57534db636a5a37ce7dcd43b49767145a56d,CC-BY-4.0,reference-59
source_mendeley_wfsm6f9rbn_v1,EOS TPU 1301,EOS TPU 1301,TPU_1_1-zstLSy,TPU_1_1-zstLSy.xls,silver|TPU_1_1-zstLSy|Éprouvette 2,Éprouvette 2,5.460859619377884,167.57161045493558,5.304374237604267,171.0294046443887,51.33506832392663,988,5.460859619377884,171.0294046443887,6.992883816658944,31.513368536564563,0.0,valid,bbe53ec2e2e145373e73931f0a55a03aa8872c534286681a1ef91242b8927d74,False,valid,direct_tensile_curve_area_silver_process_not_new_chemistry,SLS_printed_thermoplastic_polyurethane,commercial_grade_known,exploratory_condition_code_detailed_mapping_incomplete,direct_tensile_toughness_silver_process,SLS_TPU_process_silver,low_weight_process_transfer_only,0.15,0.0,10.17632/wfsm6f9rbn.1|EOS TPU 1301,数据/原始/外部数据/新增开放数据/Mendeley_SLS_TPU工艺力学/结构化表格/TPU_1_1-zstLSy.xls#sample=Éprouvette 2,a9702f61d3c1ac0cb611672b43fc57534db636a5a37ce7dcd43b49767145a56d,CC-BY-4.0,reference-59
source_mendeley_wfsm6f9rbn_v1,EOS TPU 1301,EOS TPU 1301,TPU_1_1-zstLSy,TPU_1_1-zstLSy.xls,silver|TPU_1_1-zstLSy|Éprouvette 3,Éprouvette 3,5.225367921865579,175.74215214699507,5.063883670681716,184.3258885666728,48.29969227930318,1050,5.225367921865579,184.3258885666728,7.268749530347867,29.370290687061186,0.0,valid,d1c17efd05815a826864d34738827d91e45d57fd58c5e9c5888efcd42105dcd5,False,valid,direct_tensile_curve_area_silver_process_not_new_chemistry,SLS_printed_thermoplastic_polyurethane,commercial_grade_known,exploratory_condition_code_detailed_mapping_incomplete,direct_tensile_toughness_silver_process,SLS_TPU_process_silver,low_weight_process_transfer_only,0.15,0.0,10.17632/wfsm6f9rbn.1|EOS TPU 1301,数据/原始/外部数据/新增开放数据/Mendeley_SLS_TPU工艺力学/结构化表格/TPU_1_1-zstLSy.xls#sample=Éprouvette 3,a9702f61d3c1ac0cb611672b43fc57534db636a5a37ce7dcd43b49767145a56d,CC-BY-4.0,reference-59
source_mendeley_wfsm6f9rbn_v1,EOS TPU 1301,EOS TPU 1301,TPU_1_1-zstLSy,TPU_1_1-zstLSy.xls,silver|TPU_1_1-zstLSy|Éprouvette 4,Éprouvette 4,5.3876226398802025,181.7779014799744,5.271289510966202,186.5695045683533,48.95338641568767,1078,5.3876226398802025,186.5695045683533,7.578190813270582,30.39687236902695,0.0,valid,392626f5e339aa8d7827081b8636807e53074c311e9df704dc57970b26d3f4da,False,valid,direct_tensile_curve_area_silver_process_not_new_chemistry,SLS_printed_thermoplastic_polyurethane,commercial_grade_known,exploratory_condition_code_detailed_mapping_incomplete,direct_tensile_toughness_silver_process,SLS_TPU_process_silver,low_weight_process_transfer_only,0.15,0.0,10.17632/wfsm6f9rbn.1|EOS TPU 1301,数据/原始/外部数据/新增开放数据/Mendeley_SLS_TPU工艺力学/结构化表格/TPU_1_1-zstLSy.xls#sample=Éprouvette 4,a9702f61d3c1ac0cb611672b43fc57534db636a5a37ce7dcd43b49767145a56d,CC-BY-4.0,reference-59
source_mendeley_wfsm6f9rbn_v1,EOS TPU 1301,EOS TPU 1301,TPU_1_double_contour,TPU_1_double_contour.xls,silver|TPU_1_double_contour|Éprouvette 1,Éprouvette 1,6.904235925410129,233.16317644459195,6.752513982994354,243.74604311329313,67.53827615811099,1250,6.904235925410129,243.74604311329313,13.14619804116355,41.65626538139336,0.0,valid,fd646d680bc4fbe9af26f553e07e7093bb4081032b61ab7aaaa3eef7e35e0cac,False,valid,direct_tensile_curve_area_silver_process_not_new_chemistry,SLS_printed_thermoplastic_polyurethane,commercial_grade_known,exploratory_condition_code_detailed_mapping_incomplete,direct_tensile_toughness_silver_process,SLS_TPU_process_silver,low_weight_process_transfer_only,0.15,0.0,10.17632/wfsm6f9rbn.1|EOS TPU 1301,数据/原始/外部数据/新增开放数据/Mendeley_SLS_TPU工艺力学/结构化表格/TPU_1_double_contour.xls#sample=Éprouvette 1,41369f90a0cd8441b2b56720709a9000dfe5c10cdf6aa0242c4f4ce93ee4addd,CC-BY-4.0,reference-59
source_mendeley_wfsm6f9rbn_v1,EOS TPU 1301,EOS TPU 1301,TPU_1_double_contour,TPU_1_double_contour.xls,silver|TPU_1_double_contour|Éprouvette 2,Éprouvette 2,7.08477913399547,254.05907058506273,6.772360452993287,269.8506202676799,70.32209779431967,1356,7.08477913399547,269.8506202676799,15.088537770559924,42.285400723111586,0.0,valid,d858225f289b0b7d7498ddda1a2165cdc51cc736d8d7fdf5eb3668637d8ac0a5,False,valid,direct_tensile_curve_area_silver_process_not_new_chemistry,SLS_printed_thermoplastic_polyurethane,commercial_grade_known,exploratory_condition_code_detailed_mapping_incomplete,direct_tensile_toughness_silver_process,SLS_TPU_process_silver,low_weight_process_transfer_only,0.15,0.0,10.17632/wfsm6f9rbn.1|EOS TPU 1301,数据/原始/外部数据/新增开放数据/Mendeley_SLS_TPU工艺力学/结构化表格/TPU_1_double_contour.xls#sample=Éprouvette 2,41369f90a0cd8441b2b56720709a9000dfe5c10cdf6aa0242c4f4ce93ee4addd,CC-BY-4.0,reference-59
source_mendeley_wfsm6f9rbn_v1,EOS TPU 1301,EOS TPU 1301,TPU_1_double_contour,TPU_1_double_contour.xls,silver|TPU_1_double_contour|Éprouvette 3,Éprouvette 3,6.850267870641197,243.61844038264826,6.570894622425743,254.0346620013006,68.34130307630103,1330,6.850267870641197,254.0346620013006,13.722045910516062,41.45640627133705,0.0,valid,4bddb5802485c3f56172fa76d4aeb359da3294f256ffa6be3c17532496c58d5b,False,valid,direct_tensile_curve_area_silver_process_not_new_chemistry,SLS_printed_thermoplastic_polyurethane,commercial_grade_known,exploratory_condition_code_detailed_mapping_incomplete,direct_tensile_toughness_silver_process,SLS_TPU_process_silver,low_weight_process_transfer_only,0.15,0.0,10.17632/wfsm6f9rbn.1|EOS TPU 1301,数据/原始/外部数据/新增开放数据/Mendeley_SLS_TPU工艺力学/结构化表格/TPU_1_double_contour.xls#sample=Éprouvette 3,41369f90a0cd8441b2b56720709a9000dfe5c10cdf6aa0242c4f4ce93ee4addd,CC-BY-4.0,reference-59
source_mendeley_wfsm6f9rbn_v1,EOS TPU 1301,EOS TPU 1301,TPU_1_double_contour,TPU_1_double_contour.xls,silver|TPU_1_double_contour|Éprouvette 4,Éprouvette 4,7.0556370433771445,274.3041708613746,6.8505487721753715,282.2622206355445,71.7798706651613,1354,7.0556370433771445,282.2622206355445,15.775536986374135,41.91056388097209,0.0,valid,7bfaf67abadc5e080ab09708cea3074706786d4d064fcb48d639e0392b9736a8,False,valid,direct_tensile_curve_area_silver_process_not_new_chemistry,SLS_printed_thermoplastic_polyurethane,commercial_grade_known,exploratory_condition_code_detailed_mapping_incomplete,direct_tensile_toughness_silver_process,SLS_TPU_process_silver,low_weight_process_transfer_only,0.15,0.0,10.17632/wfsm6f9rbn.1|EOS TPU 1301,数据/原始/外部数据/新增开放数据/Mendeley_SLS_TPU工艺力学/结构化表格/TPU_1_double_contour.xls#sample=Éprouvette 4,41369f90a0cd8441b2b56720709a9000dfe5c10cdf6aa0242c4f4ce93ee4addd,CC-BY-4.0,reference-59
source_mendeley_wfsm6f9rbn_v1,EOS TPU 1301,EOS TPU 1301,TPU_1_double_contour_45,TPU_1_double_contour_45.xls,silver|TPU_1_double_contour_45|Éprouvette 1,Éprouvette 1,6.9213013904044365,208.1203433247283,6.838283459541963,213.7871714802459,68.84042016693759,1334,6.9213013904044365,213.7871714802459,11.68259504160988,43.084181597213934,0.0,valid,e99da0d8b4db811d72a9a202bafe68b6ba9b155bef92808bf1873ba2294ff52b,False,valid,direct_tensile_curve_area_silver_process_not_new_chemistry,SLS_printed_thermoplastic_polyurethane,commercial_grade_known,exploratory_condition_code_detailed_mapping_incomplete,direct_tensile_toughness_silver_process,SLS_TPU_process_silver,low_weight_process_transfer_only,0.15,0.0,10.17632/wfsm6f9rbn.1|EOS TPU 1301,数据/原始/外部数据/新增开放数据/Mendeley_SLS_TPU工艺力学/结构化表格/TPU_1_double_contour_45.xls#sample=Éprouvette 1,2ebb091ed8d63f576147b0a3cd2fbb0c9aacc044d43ffc48f3e21786a55b6ca3,CC-BY-4.0,reference-59
source_mendeley_wfsm6f9rbn_v1,EOS TPU 1301,EOS TPU 1301,TPU_1_double_contour_45,TPU_1_double_contour_45.xls,silver|TPU_1_double_contour_45|Éprouvette 2,Éprouvette 2,6.890004966687835,209.15159402554855,6.5936405008699035,215.90135751431808,68.23964005464178,1228,6.890004966687835,215.90135751431808,11.763502167909763,42.262175302108496,0.0,valid,c3493fa5e720a9cdf79bf552776d4132ba1e0c1aeb7991926dbe2b1f7ed90267,False,valid,direct_tensile_curve_area_silver_process_not_new_chemistry,SLS_printed_thermoplastic_polyurethane,commercial_grade_known,exploratory_condition_code_detailed_mapping_incomplete,direct_tensile_toughness_silver_process,SLS_TPU_process_silver,low_weight_process_transfer_only,0.15,0.0,10.17632/wfsm6f9rbn.1|EOS TPU 1301,数据/原始/外部数据/新增开放数据/Mendeley_SLS_TPU工艺力学/结构化表格/TPU_1_double_contour_45.xls#sample=Éprouvette 2,2ebb091ed8d63f576147b0a3cd2fbb0c9aacc044d43ffc48f3e21786a55b6ca3,CC-BY-4.0,reference-59
source_mendeley_wfsm6f9rbn_v1,EOS TPU 1301,EOS TPU 1301,TPU_1_double_contour_45,TPU_1_double_contour_45.xls,silver|TPU_1_double_contour_45|Éprouvette 3,Éprouvette 3,6.687474139502918,184.80215786583722,6.580137735637343,188.96879910118878,64.9018698169528,1110,6.687474139502918,188.96879910118878,9.815629447909656,41.051206883602006,0.0,valid,c0c803954c8cd1101cc6d2dfde460974b87961da85d8a4eefe5d3d2859a6791f,False,valid,direct_tensile_curve_area_silver_process_not_new_chemistry,SLS_printed_thermoplastic_polyurethane,commercial_grade_known,exploratory_condition_code_detailed_mapping_incomplete,direct_tensile_toughness_silver_process,SLS_TPU_process_silver,low_weight_process_transfer_only,0.15,0.0,10.17632/wfsm6f9rbn.1|EOS TPU 1301,数据/原始/外部数据/新增开放数据/Mendeley_SLS_TPU工艺力学/结构化表格/TPU_1_double_contour_45.xls#sample=Éprouvette 3,2ebb091ed8d63f576147b0a3cd2fbb0c9aacc044d43ffc48f3e21786a55b6ca3,CC-BY-4.0,reference-59
source_mendeley_wfsm6f9rbn_v1,EOS TPU 1301,EOS TPU 1301,TPU_1_double_contour_45,TPU_1_double_contour_45.xls,silver|TPU_1_double_contour_45|Éprouvette 4,Éprouvette 4,6.97713125814839,216.2622286346741,6.647860753170893,222.84536614688113,70.29675552037982,1264,6.97713125814839,222.84536614688113,12.340334798660926,43.53955179006329,0.0,valid,a5c3f340792d5c3b353af06e288c527d8e63c0fcc154657294304e60569db175,False,valid,direct_tensile_curve_area_silver_process_not_new_chemistry,SLS_printed_thermoplastic_polyurethane,commercial_grade_known,exploratory_condition_code_detailed_mapping_incomplete,direct_tensile_toughness_silver_process,SLS_TPU_process_silver,low_weight_process_transfer_only,0.15,0.0,10.17632/wfsm6f9rbn.1|EOS TPU 1301,数据/原始/外部数据/新增开放数据/Mendeley_SLS_TPU工艺力学/结构化表格/TPU_1_double_contour_45.xls#sample=Éprouvette 4,2ebb091ed8d63f576147b0a3cd2fbb0c9aacc044d43ffc48f3e21786a55b6ca3,CC-BY-4.0,reference-59
source_mendeley_wfsm6f9rbn_v1,EOS TPU 1301,EOS TPU 1301,TPU_1_double_contour_45,TPU_1_double_contour_45.xls,silver|TPU_1_double_contour_45|Éprouvette 5,Éprouvette 5,7.0201421050672685,213.83480327483267,6.811749609247866,218.62617748137563,67.27407742407452,1346,7.0201421050672685,218.62617748137563,12.171288972014336,43.898889503863316,0.0,valid,18203cdbc0e5c620c283c8e24b6a7bebfacfe9bf61714bde5ac2e511567dcc82,False,valid,direct_tensile_curve_area_silver_process_not_new_chemistry,SLS_printed_thermoplastic_polyurethane,commercial_grade_known,exploratory_condition_code_detailed_mapping_incomplete,direct_tensile_toughness_silver_process,SLS_TPU_process_silver,low_weight_process_transfer_only,0.15,0.0,10.17632/wfsm6f9rbn.1|EOS TPU 1301,数据/原始/外部数据/新增开放数据/Mendeley_SLS_TPU工艺力学/结构化表格/TPU_1_double_contour_45.xls#sample=Éprouvette 5,2ebb091ed8d63f576147b0a3cd2fbb0c9aacc044d43ffc48f3e21786a55b6ca3,CC-BY-4.0,reference-59
source_mendeley_wfsm6f9rbn_v1,EOS TPU 1301,EOS TPU 1301,TPU_1_double_contour__v2_45,TPU_1_double_contour__v2_45.xls,silver|TPU_1_double_contour__v2_45|Éprouvette 1,Éprouvette 1,6.609340162545255,171.35546255065128,6.473717300333566,177.5214438433759,72.73006696010735,1147,6.609340162545255,177.5214438433759,9.115537895196455,41.05205671361948,0.0,valid,a48b1b6c9b9b4b033cc6e38eaf0d711a4f19a1256511434a05be9f3893d9d47c,False,valid,direct_tensile_curve_area_silver_process_not_new_chemistry,SLS_printed_thermoplastic_polyurethane,commercial_grade_known,exploratory_condition_code_detailed_mapping_incomplete,direct_tensile_toughness_silver_process,SLS_TPU_process_silver,low_weight_process_transfer_only,0.15,0.0,10.17632/wfsm6f9rbn.1|EOS TPU 1301,数据/原始/外部数据/新增开放数据/Mendeley_SLS_TPU工艺力学/结构化表格/TPU_1_double_contour__v2_45.xls#sample=Éprouvette 1,b4f79a5c1de0812b22bf02c1f9f0982dff3b3594031b414ed388c7362fc7cfef,CC-BY-4.0,reference-59
source_mendeley_wfsm6f9rbn_v1,EOS TPU 1301,EOS TPU 1301,TPU_1_double_contour__v2_45,TPU_1_double_contour__v2_45.xls,silver|TPU_1_double_contour__v2_45|Éprouvette 2,Éprouvette 2,4.622792640175779,95.88300331874052,4.564746184120135,98.67465599818388,51.31609731492387,1025,4.622792640175779,98.67465599818388,3.3711019828750493,30.16764581353592,0.0,valid,51ff8aa59c6e76d4eaa11cde016e39054e2844cc13cb0ec199c25834041a4c42,False,valid,direct_tensile_curve_area_silver_process_not_new_chemistry,SLS_printed_thermoplastic_polyurethane,commercial_grade_known,exploratory_condition_code_detailed_mapping_incomplete,direct_tensile_toughness_silver_process,SLS_TPU_process_silver,low_weight_process_transfer_only,0.15,0.0,10.17632/wfsm6f9rbn.1|EOS TPU 1301,数据/原始/外部数据/新增开放数据/Mendeley_SLS_TPU工艺力学/结构化表格/TPU_1_double_contour__v2_45.xls#sample=Éprouvette 2,b4f79a5c1de0812b22bf02c1f9f0982dff3b3594031b414ed388c7362fc7cfef,CC-BY-4.0,reference-59
source_mendeley_wfsm6f9rbn_v1,EOS TPU 1301,EOS TPU 1301,TPU_1_double_contour__v2_45,TPU_1_double_contour__v2_45.xls,silver|TPU_1_double_contour__v2_45|Éprouvette 3,Éprouvette 3,5.6521666703904865,131.72188970819116,5.532171419551042,134.01319715753198,62.25153827728036,1174,5.6521666703904865,134.01319715753198,5.77389540834255,35.581649526514596,0.0,valid,aba7b1d8f984d98b153b122b3c717e9bcd1039d6dd58a751ef7b83c05ee262d4,False,valid,direct_tensile_curve_area_silver_process_not_new_chemistry,SLS_printed_thermoplastic_polyurethane,commercial_grade_known,exploratory_condition_code_detailed_mapping_incomplete,direct_tensile_toughness_silver_process,SLS_TPU_process_silver,low_weight_process_transfer_only,0.15,0.0,10.17632/wfsm6f9rbn.1|EOS TPU 1301,数据/原始/外部数据/新增开放数据/Mendeley_SLS_TPU工艺力学/结构化表格/TPU_1_double_contour__v2_45.xls#sample=Éprouvette 3,b4f79a5c1de0812b22bf02c1f9f0982dff3b3594031b414ed388c7362fc7cfef,CC-BY-4.0,reference-59
source_mendeley_wfsm6f9rbn_v1,EOS TPU 1301,EOS TPU 1301,TPU_1_double_contour__v2_45,TPU_1_double_contour__v2_45.xls,silver|TPU_1_double_contour__v2_45|Éprouvette 4,Éprouvette 4,5.854172003073771,130.7507221272681,5.690220180460309,132.83402367145754,58.75536441220291,945,5.854172003073771,132.83402367145754,5.917459001933513,37.26751261224681,0.0,valid,f03f17c68654b768861cc86e0b8b88ea913bbd29fdae7fec0de612977cb4a5cd,False,valid,direct_tensile_curve_area_silver_process_not_new_chemistry,SLS_printed_thermoplastic_polyurethane,commercial_grade_known,exploratory_condition_code_detailed_mapping_incomplete,direct_tensile_toughness_silver_process,SLS_TPU_process_silver,low_weight_process_transfer_only,0.15,0.0,10.17632/wfsm6f9rbn.1|EOS TPU 1301,数据/原始/外部数据/新增开放数据/Mendeley_SLS_TPU工艺力学/结构化表格/TPU_1_double_contour__v2_45.xls#sample=Éprouvette 4,b4f79a5c1de0812b22bf02c1f9f0982dff3b3594031b414ed388c7362fc7cfef,CC-BY-4.0,reference-59
source_mendeley_wfsm6f9rbn_v1,EOS TPU 1301,EOS TPU 1301,TPU_1_double_contour__v2_45,TPU_1_double_contour__v2_45.xls,silver|TPU_1_double_contour__v2_45|Éprouvette 5,Éprouvette 5,5.042436403675576,102.88842531567207,4.970567821451975,105.9300360334455,57.86844632208954,894,5.042436403675576,105.9300360334455,3.9776042129294362,32.71173877820019,0.0,valid,3fd4dfac77891dc1fcdfcc7ed73b2cc6ad016989edb97b53710f74f55328fc35,False,valid,direct_tensile_curve_area_silver_process_not_new_chemistry,SLS_printed_thermoplastic_polyurethane,commercial_grade_known,exploratory_condition_code_detailed_mapping_incomplete,direct_tensile_toughness_silver_process,SLS_TPU_process_silver,low_weight_process_transfer_only,0.15,0.0,10.17632/wfsm6f9rbn.1|EOS TPU 1301,数据/原始/外部数据/新增开放数据/Mendeley_SLS_TPU工艺力学/结构化表格/TPU_1_double_contour__v2_45.xls#sample=Éprouvette 5,b4f79a5c1de0812b22bf02c1f9f0982dff3b3594031b414ed388c7362fc7cfef,CC-BY-4.0,reference-59
source_mendeley_wfsm6f9rbn_v1,EOS TPU 1301,EOS TPU 1301,TPU_1_double_contour__v2_flat,TPU_1_double_contour__v2_flat.xls,silver|TPU_1_double_contour__v2_flat|Éprouvette 1,Éprouvette 1,5.248558596467706,174.14836061187088,5.075931584459068,178.85651719756424,47.16775269792533,1005,5.248558596467706,178.85651719756424,7.117678347037678,29.71508598721045,0.0,valid,312a994bf5796a987357cfd50b9cf7ce980b909c2db26f32d93a436654b8cae3,False,valid,direct_tensile_curve_area_silver_process_not_new_chemistry,SLS_printed_thermoplastic_polyurethane,commercial_grade_known,exploratory_condition_code_detailed_mapping_incomplete,direct_tensile_toughness_silver_process,SLS_TPU_process_silver,low_weight_process_transfer_only,0.15,0.0,10.17632/wfsm6f9rbn.1|EOS TPU 1301,数据/原始/外部数据/新增开放数据/Mendeley_SLS_TPU工艺力学/结构化表格/TPU_1_double_contour__v2_flat.xls#sample=Éprouvette 1,2ba0d7ae0063c241663dc91ba356f34bf867f38bfb6852a2b25a21edcec6eb3c,CC-BY-4.0,reference-59
source_mendeley_wfsm6f9rbn_v1,EOS TPU 1301,EOS TPU 1301,TPU_1_double_contour__v2_flat,TPU_1_double_contour__v2_flat.xls,silver|TPU_1_double_contour__v2_flat|Éprouvette 2,Éprouvette 2,5.49781855255742,175.93514767615125,5.305368122612295,180.68543759314343,53.270603943300586,994,5.49781855255742,180.68543759314343,7.532147546231757,31.05568104974825,0.0,valid,6b884127f735c8101bda87c8c6cc666437d9b234d03316430d54ed709caf7ebd,False,valid,direct_tensile_curve_area_silver_process_not_new_chemistry,SLS_printed_thermoplastic_polyurethane,commercial_grade_known,exploratory_condition_code_detailed_mapping_incomplete,direct_tensile_toughness_silver_process,SLS_TPU_process_silver,low_weight_process_transfer_only,0.15,0.0,10.17632/wfsm6f9rbn.1|EOS TPU 1301,数据/原始/外部数据/新增开放数据/Mendeley_SLS_TPU工艺力学/结构化表格/TPU_1_double_contour__v2_flat.xls#sample=Éprouvette 2,2ba0d7ae0063c241663dc91ba356f34bf867f38bfb6852a2b25a21edcec6eb3c,CC-BY-4.0,reference-59
source_mendeley_wfsm6f9rbn_v1,EOS TPU 1301,EOS TPU 1301,TPU_1_double_contour__v2_flat,TPU_1_double_contour__v2_flat.xls,silver|TPU_1_double_contour__v2_flat|Éprouvette 3,Éprouvette 3,6.084893808709694,217.51783043937758,6.037866874100558,223.22702080802992,54.484185707713145,1200,6.084893808709694,223.22702080802992,10.509333767208007,34.48439295969691,0.0,valid,a7686aaccecaf97d21f02a3b1328c2936afd72fb61678d4bed3182ee25c54067,False,valid,direct_tensile_curve_area_silver_process_not_new_chemistry,SLS_printed_thermoplastic_polyurethane,commercial_grade_known,exploratory_condition_code_detailed_mapping_incomplete,direct_tensile_toughness_silver_process,SLS_TPU_process_silver,low_weight_process_transfer_only,0.15,0.0,10.17632/wfsm6f9rbn.1|EOS TPU 1301,数据/原始/外部数据/新增开放数据/Mendeley_SLS_TPU工艺力学/结构化表格/TPU_1_double_contour__v2_flat.xls#sample=Éprouvette 3,2ba0d7ae0063c241663dc91ba356f34bf867f38bfb6852a2b25a21edcec6eb3c,CC-BY-4.0,reference-59
source_mendeley_wfsm6f9rbn_v1,EOS TPU 1301,EOS TPU 1301,TPU_1_double_contour__v2_flat,TPU_1_double_contour__v2_flat.xls,silver|TPU_1_double_contour__v2_flat|Éprouvette 4,Éprouvette 4,4.5304561458998895,139.09223663108423,4.41773708868204,142.2174082924612,39.74129532464738,962,4.5304561458998895,142.2174082924612,4.750450145755002,26.09975632116989,0.0,valid,04b5c4d0193931c99761d27f1a70136dcc6faaf16fbf5f56ae469fa7047fc68e,False,valid,direct_tensile_curve_area_silver_process_not_new_chemistry,SLS_printed_thermoplastic_polyurethane,commercial_grade_known,exploratory_condition_code_detailed_mapping_incomplete,direct_tensile_toughness_silver_process,SLS_TPU_process_silver,low_weight_process_transfer_only,0.15,0.0,10.17632/wfsm6f9rbn.1|EOS TPU 1301,数据/原始/外部数据/新增开放数据/Mendeley_SLS_TPU工艺力学/结构化表格/TPU_1_double_contour__v2_flat.xls#sample=Éprouvette 4,2ba0d7ae0063c241663dc91ba356f34bf867f38bfb6852a2b25a21edcec6eb3c,CC-BY-4.0,reference-59
source_mendeley_wfsm6f9rbn_v1,EOS TPU 1301,EOS TPU 1301,TPU_1_double_contour__v2_flat,TPU_1_double_contour__v2_flat.xls,silver|TPU_1_double_contour__v2_flat|Éprouvette 5,Éprouvette 5,5.798405402457035,184.67803621012717,5.687898289491045,189.38661241251975,54.67780141115693,1394,5.798405402457035,189.38661241251975,8.390758764471189,34.03827830623739,0.0,valid,8a45ad15c51754499f84b9bbfe32a69b2eed62a202529bfd9441a0cc743ebe97,False,valid,direct_tensile_curve_area_silver_process_not_new_chemistry,SLS_printed_thermoplastic_polyurethane,commercial_grade_known,exploratory_condition_code_detailed_mapping_incomplete,direct_tensile_toughness_silver_process,SLS_TPU_process_silver,low_weight_process_transfer_only,0.15,0.0,10.17632/wfsm6f9rbn.1|EOS TPU 1301,数据/原始/外部数据/新增开放数据/Mendeley_SLS_TPU工艺力学/结构化表格/TPU_1_double_contour__v2_flat.xls#sample=Éprouvette 5,2ba0d7ae0063c241663dc91ba356f34bf867f38bfb6852a2b25a21edcec6eb3c,CC-BY-4.0,reference-59
source_mendeley_wfsm6f9rbn_v1,EOS TPU 1301,EOS TPU 1301,TPU_1_double_contour__v2_on-edge,TPU_1_double_contour__v2_on-edge.xls,silver|TPU_1_double_contour__v2_on-edge|Éprouvette 1,Éprouvette 1,4.975048295641295,153.41177585232072,4.9351069497574676,155.1204169045668,45.6925985816825,968,4.975048295641295,155.1204169045668,5.742812437802646,28.090890770184966,0.0,valid,4a70ca89e8d5b704102023b05adf2cfb5da0fafb8dcd5b9db863b7bda87e8fdb,False,valid,direct_tensile_curve_area_silver_process_not_new_chemistry,SLS_printed_thermoplastic_polyurethane,commercial_grade_known,exploratory_condition_code_detailed_mapping_incomplete,direct_tensile_toughness_silver_process,SLS_TPU_process_silver,low_weight_process_transfer_only,0.15,0.0,10.17632/wfsm6f9rbn.1|EOS TPU 1301,数据/原始/外部数据/新增开放数据/Mendeley_SLS_TPU工艺力学/结构化表格/TPU_1_double_contour__v2_on-edge.xls#sample=Éprouvette 1,adada552412b68274354043f299ba5af23c7499e4627d3b94d7617832c42f2e8,CC-BY-4.0,reference-59
source_mendeley_wfsm6f9rbn_v1,EOS TPU 1301,EOS TPU 1301,TPU_1_double_contour__v2_on-edge,TPU_1_double_contour__v2_on-edge.xls,silver|TPU_1_double_contour__v2_on-edge|Éprouvette 2,Éprouvette 2,5.999643863046933,197.64774122135714,5.872632636398565,204.0223673810251,55.97512739962058,1107,5.999643863046933,204.0223673810251,9.39739008889174,33.68031447886983,0.0,valid,843d3711820f4cab3d3b5002e5b6ec683a3e74f5c8e3346a4f11e9ac14cfc576,False,valid,direct_tensile_curve_area_silver_process_not_new_chemistry,SLS_printed_thermoplastic_polyurethane,commercial_grade_known,exploratory_condition_code_detailed_mapping_incomplete,direct_tensile_toughness_silver_process,SLS_TPU_process_silver,low_weight_process_transfer_only,0.15,0.0,10.17632/wfsm6f9rbn.1|EOS TPU 1301,数据/原始/外部数据/新增开放数据/Mendeley_SLS_TPU工艺力学/结构化表格/TPU_1_double_contour__v2_on-edge.xls#sample=Éprouvette 2,adada552412b68274354043f299ba5af23c7499e4627d3b94d7617832c42f2e8,CC-BY-4.0,reference-59
source_mendeley_wfsm6f9rbn_v1,EOS TPU 1301,EOS TPU 1301,TPU_1_double_contour__v2_on-edge,TPU_1_double_contour__v2_on-edge.xls,silver|TPU_1_double_contour__v2_on-edge|Éprouvette 3,Éprouvette 3,5.946148810196342,183.69378732936457,5.658921003360124,185.65190958278254,55.79974650920019,1046,5.946148810196342,185.65190958278254,8.370107599383424,33.4414989610083,0.0,valid,e65caf2550180fbc8e379807588ebe930ec84609802e220dfb11e02c2bce816f,False,valid,direct_tensile_curve_area_silver_process_not_new_chemistry,SLS_printed_thermoplastic_polyurethane,commercial_grade_known,exploratory_condition_code_detailed_mapping_incomplete,direct_tensile_toughness_silver_process,SLS_TPU_process_silver,low_weight_process_transfer_only,0.15,0.0,10.17632/wfsm6f9rbn.1|EOS TPU 1301,数据/原始/外部数据/新增开放数据/Mendeley_SLS_TPU工艺力学/结构化表格/TPU_1_double_contour__v2_on-edge.xls#sample=Éprouvette 3,adada552412b68274354043f299ba5af23c7499e4627d3b94d7617832c42f2e8,CC-BY-4.0,reference-59
source_mendeley_wfsm6f9rbn_v1,EOS TPU 1301,EOS TPU 1301,TPU_1_double_contour__v2_on-edge,TPU_1_double_contour__v2_on-edge.xls,silver|TPU_1_double_contour__v2_on-edge|Éprouvette 4,Éprouvette 4,4.909096920129024,101.18211307097226,4.806217135805072,103.76525439787656,51.45321156505261,921,4.909096920129024,103.76525439787656,3.7148273352104506,30.937728988880654,0.0,valid,8b37c243b73669689f4cac16ca671f7c043a7f1e1cc827651874e9ae7127d77a,False,valid,direct_tensile_curve_area_silver_process_not_new_chemistry,SLS_printed_thermoplastic_polyurethane,commercial_grade_known,exploratory_condition_code_detailed_mapping_incomplete,direct_tensile_toughness_silver_process,SLS_TPU_process_silver,low_weight_process_transfer_only,0.15,0.0,10.17632/wfsm6f9rbn.1|EOS TPU 1301,数据/原始/外部数据/新增开放数据/Mendeley_SLS_TPU工艺力学/结构化表格/TPU_1_double_contour__v2_on-edge.xls#sample=Éprouvette 4,adada552412b68274354043f299ba5af23c7499e4627d3b94d7617832c42f2e8,CC-BY-4.0,reference-59
source_mendeley_wfsm6f9rbn_v1,EOS TPU 1301,EOS TPU 1301,TPU_1_double_contour__v2_on-edge,TPU_1_double_contour__v2_on-edge.xls,silver|TPU_1_double_contour__v2_on-edge|Éprouvette 5,Éprouvette 5,5.622174812085701,162.87066214624792,5.318789048628374,167.41196387354285,59.40343767101764,1054,5.622174812085701,167.41196387354285,7.1000740346405475,31.753408928045754,0.0,valid,86b9fda125c50e146f46e2ed12bde710e3edd930103f206c0e098dcf1eaa0c17,False,valid,direct_tensile_curve_area_silver_process_not_new_chemistry,SLS_printed_thermoplastic_polyurethane,commercial_grade_known,exploratory_condition_code_detailed_mapping_incomplete,direct_tensile_toughness_silver_process,SLS_TPU_process_silver,low_weight_process_transfer_only,0.15,0.0,10.17632/wfsm6f9rbn.1|EOS TPU 1301,数据/原始/外部数据/新增开放数据/Mendeley_SLS_TPU工艺力学/结构化表格/TPU_1_double_contour__v2_on-edge.xls#sample=Éprouvette 5,adada552412b68274354043f299ba5af23c7499e4627d3b94d7617832c42f2e8,CC-BY-4.0,reference-59
source_mendeley_wfsm6f9rbn_v1,EOS TPU 1301,EOS TPU 1301,TPU_1_double_contour__v2_upright,TPU_1_double_contour__v2_upright.xls,silver|TPU_1_double_contour__v2_upright|Éprouvette 1,Éprouvette 1,6.047195170348858,107.01842736639082,5.9912996718721825,110.4763932172209,77.25321866193374,941,6.047195170348858,110.4763932172209,5.083679364058961,41.050998636863454,0.0,valid,8b0330236764900f44b0514983fdecf83ff5c4eded5369a148327ddffc67da4b,False,valid,direct_tensile_curve_area_silver_process_not_new_chemistry,SLS_printed_thermoplastic_polyurethane,commercial_grade_known,exploratory_condition_code_detailed_mapping_incomplete,direct_tensile_toughness_silver_process,SLS_TPU_process_silver,low_weight_process_transfer_only,0.15,0.0,10.17632/wfsm6f9rbn.1|EOS TPU 1301,数据/原始/外部数据/新增开放数据/Mendeley_SLS_TPU工艺力学/结构化表格/TPU_1_double_contour__v2_upright.xls#sample=Éprouvette 1,1cbe362e069362b98dbfd35f6bafce1756ef4a98aa35470295be014df8241e0d,CC-BY-4.0,reference-59
source_mendeley_wfsm6f9rbn_v1,EOS TPU 1301,EOS TPU 1301,TPU_1_double_contour__v2_upright,TPU_1_double_contour__v2_upright.xls,silver|TPU_1_double_contour__v2_upright|Éprouvette 2,Éprouvette 2,4.914731560461319,89.4625569274649,4.855125833047753,91.54572495725006,54.95634158129658,1030,4.914731560461319,91.54572495725006,3.343114290597984,33.668608017132385,0.0,valid,0db5e211b3ffdf4ccff25e088026211051de5db263e022772b7425eb88f74435,False,valid,direct_tensile_curve_area_silver_process_not_new_chemistry,SLS_printed_thermoplastic_polyurethane,commercial_grade_known,exploratory_condition_code_detailed_mapping_incomplete,direct_tensile_toughness_silver_process,SLS_TPU_process_silver,low_weight_process_transfer_only,0.15,0.0,10.17632/wfsm6f9rbn.1|EOS TPU 1301,数据/原始/外部数据/新增开放数据/Mendeley_SLS_TPU工艺力学/结构化表格/TPU_1_double_contour__v2_upright.xls#sample=Éprouvette 2,1cbe362e069362b98dbfd35f6bafce1756ef4a98aa35470295be014df8241e0d,CC-BY-4.0,reference-59
source_mendeley_wfsm6f9rbn_v1,EOS TPU 1301,EOS TPU 1301,TPU_1_double_contour__v2_upright,TPU_1_double_contour__v2_upright.xls,silver|TPU_1_double_contour__v2_upright|Éprouvette 3,Éprouvette 3,5.842230165784282,110.21256920229644,5.797565588255025,112.2544717444107,68.79581171913837,939,5.842230165784282,112.2544717444107,4.989928558986533,39.719738715393255,0.0,valid,49cf24d4b3d878ca04cdf26a8a4dd48dce95e90607755c8aac30e20063ce7668,False,valid,direct_tensile_curve_area_silver_process_not_new_chemistry,SLS_printed_thermoplastic_polyurethane,commercial_grade_known,exploratory_condition_code_detailed_mapping_incomplete,direct_tensile_toughness_silver_process,SLS_TPU_process_silver,low_weight_process_transfer_only,0.15,0.0,10.17632/wfsm6f9rbn.1|EOS TPU 1301,数据/原始/外部数据/新增开放数据/Mendeley_SLS_TPU工艺力学/结构化表格/TPU_1_double_contour__v2_upright.xls#sample=Éprouvette 3,1cbe362e069362b98dbfd35f6bafce1756ef4a98aa35470295be014df8241e0d,CC-BY-4.0,reference-59
source_mendeley_wfsm6f9rbn_v1,EOS TPU 1301,EOS TPU 1301,TPU_1_double_contour__v2_upright,TPU_1_double_contour__v2_upright.xls,silver|TPU_1_double_contour__v2_upright|Éprouvette 4,Éprouvette 4,6.103911047811162,114.09916806500405,5.821981056950981,115.43281483929604,72.95318652894991,962,6.103911047811162,115.43281483929604,5.354306563352502,41.4675445058408,0.0,valid,8b1ea79b5f0eb3e765fa29f00d80554a0f987f63e2a8254768d075429af1bed6,False,valid,direct_tensile_curve_area_silver_process_not_new_chemistry,SLS_printed_thermoplastic_polyurethane,commercial_grade_known,exploratory_condition_code_detailed_mapping_incomplete,direct_tensile_toughness_silver_process,SLS_TPU_process_silver,low_weight_process_transfer_only,0.15,0.0,10.17632/wfsm6f9rbn.1|EOS TPU 1301,数据/原始/外部数据/新增开放数据/Mendeley_SLS_TPU工艺力学/结构化表格/TPU_1_double_contour__v2_upright.xls#sample=Éprouvette 4,1cbe362e069362b98dbfd35f6bafce1756ef4a98aa35470295be014df8241e0d,CC-BY-4.0,reference-59
source_mendeley_wfsm6f9rbn_v1,EOS TPU 1301,EOS TPU 1301,TPU_1_double_contour__v2_upright,TPU_1_double_contour__v2_upright.xls,silver|TPU_1_double_contour__v2_upright|Éprouvette 5,Éprouvette 5,5.907701143151084,97.03293618327007,5.756238103861396,98.69963463908061,71.70414675646255,955,5.907701143151084,98.69963463908061,4.381007435004947,41.36033723803652,0.0,valid,9d188546a07598151ff16acbf38971be9503f3f955fc422fe81f60dc705b02c1,False,valid,direct_tensile_curve_area_silver_process_not_new_chemistry,SLS_printed_thermoplastic_polyurethane,commercial_grade_known,exploratory_condition_code_detailed_mapping_incomplete,direct_tensile_toughness_silver_process,SLS_TPU_process_silver,low_weight_process_transfer_only,0.15,0.0,10.17632/wfsm6f9rbn.1|EOS TPU 1301,数据/原始/外部数据/新增开放数据/Mendeley_SLS_TPU工艺力学/结构化表格/TPU_1_double_contour__v2_upright.xls#sample=Éprouvette 5,1cbe362e069362b98dbfd35f6bafce1756ef4a98aa35470295be014df8241e0d,CC-BY-4.0,reference-59
source_mendeley_wfsm6f9rbn_v1,EOS TPU 1301,EOS TPU 1301,TPU_1_double_contour__v3_45,TPU_1_double_contour__v3_45.xls,silver|TPU_1_double_contour__v3_45|Éprouvette 1,Éprouvette 1,4.483142709569497,83.35128986183554,4.475576202536847,84.18460094276816,58.98093874191233,893,4.483142709569497,84.18460094276816,2.787825099567563,31.694120647221755,0.0,valid,52014e4817bdd2d82ef7af27057fa5b33795d3df622c4338d177af4c7eb1bfd7,False,valid,direct_tensile_curve_area_silver_process_not_new_chemistry,SLS_printed_thermoplastic_polyurethane,commercial_grade_known,exploratory_condition_code_detailed_mapping_incomplete,direct_tensile_toughness_silver_process,SLS_TPU_process_silver,low_weight_process_transfer_only,0.15,0.0,10.17632/wfsm6f9rbn.1|EOS TPU 1301,数据/原始/外部数据/新增开放数据/Mendeley_SLS_TPU工艺力学/结构化表格/TPU_1_double_contour__v3_45.xls#sample=Éprouvette 1,416efd90edc28b71f92a21ceff9d94762f8368ea63cd8aacbd700ecd263dbaea,CC-BY-4.0,reference-59
source_mendeley_wfsm6f9rbn_v1,EOS TPU 1301,EOS TPU 1301,TPU_1_double_contour__v3_45,TPU_1_double_contour__v3_45.xls,silver|TPU_1_double_contour__v3_45|Éprouvette 2,Éprouvette 2,4.9598732077631755,95.98859849339351,4.830509351337084,97.363777784165,63.839222373127,870,4.9598732077631755,97.363777784165,3.6572776551605104,35.22317056937154,0.0,valid,562c131e69bb87e7d8c847fa6a96627d62805b89c0473d3c44da4ed50f7c9f84,False,valid,direct_tensile_curve_area_silver_process_not_new_chemistry,SLS_printed_thermoplastic_polyurethane,commercial_grade_known,exploratory_condition_code_detailed_mapping_incomplete,direct_tensile_toughness_silver_process,SLS_TPU_process_silver,low_weight_process_transfer_only,0.15,0.0,10.17632/wfsm6f9rbn.1|EOS TPU 1301,数据/原始/外部数据/新增开放数据/Mendeley_SLS_TPU工艺力学/结构化表格/TPU_1_double_contour__v3_45.xls#sample=Éprouvette 2,416efd90edc28b71f92a21ceff9d94762f8368ea63cd8aacbd700ecd263dbaea,CC-BY-4.0,reference-59
source_mendeley_wfsm6f9rbn_v1,EOS TPU 1301,EOS TPU 1301,TPU_1_double_contour__v3_45,TPU_1_double_contour__v3_45.xls,silver|TPU_1_double_contour__v3_45|Éprouvette 3,Éprouvette 3,5.261718358281314,102.22398158651777,5.2082658031164835,104.26518794638105,64.95157410713665,947,5.261718358281314,104.26518794638105,4.1837415216798135,37.84679567996473,0.0,valid,2333dc9ee07eda855e334e17294e3cdcfae77a2183a7d2adf08a5ab3782042aa,False,valid,direct_tensile_curve_area_silver_process_not_new_chemistry,SLS_printed_thermoplastic_polyurethane,commercial_grade_known,exploratory_condition_code_detailed_mapping_incomplete,direct_tensile_toughness_silver_process,SLS_TPU_process_silver,low_weight_process_transfer_only,0.15,0.0,10.17632/wfsm6f9rbn.1|EOS TPU 1301,数据/原始/外部数据/新增开放数据/Mendeley_SLS_TPU工艺力学/结构化表格/TPU_1_double_contour__v3_45.xls#sample=Éprouvette 3,416efd90edc28b71f92a21ceff9d94762f8368ea63cd8aacbd700ecd263dbaea,CC-BY-4.0,reference-59
source_mendeley_wfsm6f9rbn_v1,EOS TPU 1301,EOS TPU 1301,TPU_1_double_contour__v3_45,TPU_1_double_contour__v3_45.xls,silver|TPU_1_double_contour__v3_45|Éprouvette 4,Éprouvette 4,4.330499678290173,81.5416542137973,4.136047182124225,86.37584839714691,51.63433053791507,901,4.330499678290173,86.37584839714691,2.78021225548163,30.96593920883096,0.0,valid,db7dee91824fb93226d69f57d1d723c1f57be7b5ec3d4fc5c77e9c84640fd796,False,valid,direct_tensile_curve_area_silver_process_not_new_chemistry,SLS_printed_thermoplastic_polyurethane,commercial_grade_known,exploratory_condition_code_detailed_mapping_incomplete,direct_tensile_toughness_silver_process,SLS_TPU_process_silver,low_weight_process_transfer_only,0.15,0.0,10.17632/wfsm6f9rbn.1|EOS TPU 1301,数据/原始/外部数据/新增开放数据/Mendeley_SLS_TPU工艺力学/结构化表格/TPU_1_double_contour__v3_45.xls#sample=Éprouvette 4,416efd90edc28b71f92a21ceff9d94762f8368ea63cd8aacbd700ecd263dbaea,CC-BY-4.0,reference-59
source_mendeley_wfsm6f9rbn_v1,EOS TPU 1301,EOS TPU 1301,TPU_1_double_contour__v3_45,TPU_1_double_contour__v3_45.xls,silver|TPU_1_double_contour__v3_45|Éprouvette 5,Éprouvette 5,4.997865752855789,103.99726997129619,4.98153203723054,105.41401038877666,57.035730688143936,950,4.997865752855789,105.41401038877666,4.000769449275641,35.0087193920963,0.0,valid,579115b33c0f49221a7e165578ab6ff0278e3b3b7afdfa270c52dfc19d8e5b32,False,valid,direct_tensile_curve_area_silver_process_not_new_chemistry,SLS_printed_thermoplastic_polyurethane,commercial_grade_known,exploratory_condition_code_detailed_mapping_incomplete,direct_tensile_toughness_silver_process,SLS_TPU_process_silver,low_weight_process_transfer_only,0.15,0.0,10.17632/wfsm6f9rbn.1|EOS TPU 1301,数据/原始/外部数据/新增开放数据/Mendeley_SLS_TPU工艺力学/结构化表格/TPU_1_double_contour__v3_45.xls#sample=Éprouvette 5,416efd90edc28b71f92a21ceff9d94762f8368ea63cd8aacbd700ecd263dbaea,CC-BY-4.0,reference-59
source_mendeley_wfsm6f9rbn_v1,EOS TPU 1301,EOS TPU 1301,TPU_1_double_contour__v3_flat,TPU_1_double_contour__v3_flat.xls,silver|TPU_1_double_contour__v3_flat|Éprouvette 1,Éprouvette 1,3.9212884179356924,137.25495394840254,3.848315614457164,140.62984522953047,39.78639726646916,1215,3.9212884179356924,140.62984522953047,4.037917119040183,23.49039919339798,0.0,valid,358bb22fa94a08e462c380dd09dc0487ded71f921d9ea195b4e5e517e29e2f62,False,valid,direct_tensile_curve_area_silver_process_not_new_chemistry,SLS_printed_thermoplastic_polyurethane,commercial_grade_known,exploratory_condition_code_detailed_mapping_incomplete,direct_tensile_toughness_silver_process,SLS_TPU_process_silver,low_weight_process_transfer_only,0.15,0.0,10.17632/wfsm6f9rbn.1|EOS TPU 1301,数据/原始/外部数据/新增开放数据/Mendeley_SLS_TPU工艺力学/结构化表格/TPU_1_double_contour__v3_flat.xls#sample=Éprouvette 1,b9f08338d8a1c28a7351b3a2c4cc0ce20363b160ec21c40bf94a543d908ba90a,CC-BY-4.0,reference-59
source_mendeley_wfsm6f9rbn_v1,EOS TPU 1301,EOS TPU 1301,TPU_1_double_contour__v3_flat,TPU_1_double_contour__v3_flat.xls,silver|TPU_1_double_contour__v3_flat|Éprouvette 2,Éprouvette 2,4.260020414058692,151.69849221408367,4.1683970371417365,158.48963563144207,43.664588286780976,1013,4.260020414058692,158.48963563144207,5.08894067268743,25.521031720420485,0.0,valid,222ccf7f3af569f8e70eb60d1e8212c0dcd720c8b43ec187f53414b6d5198421,False,valid,direct_tensile_curve_area_silver_process_not_new_chemistry,SLS_printed_thermoplastic_polyurethane,commercial_grade_known,exploratory_condition_code_detailed_mapping_incomplete,direct_tensile_toughness_silver_process,SLS_TPU_process_silver,low_weight_process_transfer_only,0.15,0.0,10.17632/wfsm6f9rbn.1|EOS TPU 1301,数据/原始/外部数据/新增开放数据/Mendeley_SLS_TPU工艺力学/结构化表格/TPU_1_double_contour__v3_flat.xls#sample=Éprouvette 2,b9f08338d8a1c28a7351b3a2c4cc0ce20363b160ec21c40bf94a543d908ba90a,CC-BY-4.0,reference-59
source_mendeley_wfsm6f9rbn_v1,EOS TPU 1301,EOS TPU 1301,TPU_1_double_contour__v3_flat,TPU_1_double_contour__v3_flat.xls,silver|TPU_1_double_contour__v3_flat|Éprouvette 3,Éprouvette 3,3.7368364148420823,134.47502873209305,3.681767741743905,138.89220021036454,36.74273971871077,935,3.7368364148420823,138.89220021036454,3.798832417955667,21.64307849869595,0.0,valid,b52c9bc16cbdfd1b247bb5dd5d5f87bc2ccb46429ad0977e95b4d402e943ee9a,False,valid,direct_tensile_curve_area_silver_process_not_new_chemistry,SLS_printed_thermoplastic_polyurethane,commercial_grade_known,exploratory_condition_code_detailed_mapping_incomplete,direct_tensile_toughness_silver_process,SLS_TPU_process_silver,low_weight_process_transfer_only,0.15,0.0,10.17632/wfsm6f9rbn.1|EOS TPU 1301,数据/原始/外部数据/新增开放数据/Mendeley_SLS_TPU工艺力学/结构化表格/TPU_1_double_contour__v3_flat.xls#sample=Éprouvette 3,b9f08338d8a1c28a7351b3a2c4cc0ce20363b160ec21c40bf94a543d908ba90a,CC-BY-4.0,reference-59
source_mendeley_wfsm6f9rbn_v1,EOS TPU 1301,EOS TPU 1301,TPU_1_double_contour__v3_flat,TPU_1_double_contour__v3_flat.xls,silver|TPU_1_double_contour__v3_flat|Éprouvette 4,Éprouvette 4,2.780382636356302,100.91497098840773,2.7213746396750524,104.70647489465773,27.696413032940026,1517,2.780382636356302,104.70647489465773,2.0393852370960643,15.244707316454043,0.0,valid,b4fdf5143bda55c25d40a6c388cb95ca4f6636f977e78b8926a6cd146bb62203,False,valid,direct_tensile_curve_area_silver_process_not_new_chemistry,SLS_printed_thermoplastic_polyurethane,commercial_grade_known,exploratory_condition_code_detailed_mapping_incomplete,direct_tensile_toughness_silver_process,SLS_TPU_process_silver,low_weight_process_transfer_only,0.15,0.0,10.17632/wfsm6f9rbn.1|EOS TPU 1301,数据/原始/外部数据/新增开放数据/Mendeley_SLS_TPU工艺力学/结构化表格/TPU_1_double_contour__v3_flat.xls#sample=Éprouvette 4,b9f08338d8a1c28a7351b3a2c4cc0ce20363b160ec21c40bf94a543d908ba90a,CC-BY-4.0,reference-59
source_mendeley_wfsm6f9rbn_v1,EOS TPU 1301,EOS TPU 1301,TPU_1_double_contour__v3_flat,TPU_1_double_contour__v3_flat.xls,silver|TPU_1_double_contour__v3_flat|Éprouvette 5,Éprouvette 5,3.1793826624466774,112.5387197426171,3.008445847255955,117.78869685443351,31.887102008123392,791,3.1793826624466774,117.78869685443351,2.664082738870736,17.92988870011147,0.0,valid,fc970988a7034bffbb729567b7e92e98663e636ed90d20691a276e64c1f52ad5,False,valid,direct_tensile_curve_area_silver_process_not_new_chemistry,SLS_printed_thermoplastic_polyurethane,commercial_grade_known,exploratory_condition_code_detailed_mapping_incomplete,direct_tensile_toughness_silver_process,SLS_TPU_process_silver,low_weight_process_transfer_only,0.15,0.0,10.17632/wfsm6f9rbn.1|EOS TPU 1301,数据/原始/外部数据/新增开放数据/Mendeley_SLS_TPU工艺力学/结构化表格/TPU_1_double_contour__v3_flat.xls#sample=Éprouvette 5,b9f08338d8a1c28a7351b3a2c4cc0ce20363b160ec21c40bf94a543d908ba90a,CC-BY-4.0,reference-59
source_mendeley_wfsm6f9rbn_v1,EOS TPU 1301,EOS TPU 1301,TPU_1_double_contour__v3_on-edge,TPU_1_double_contour__v3_on-edge.xls,silver|TPU_1_double_contour__v3_on-edge|Éprouvette 1,Éprouvette 1,3.6913845862871333,116.7100531825563,3.6417125183858987,121.00181648822036,35.049321821261216,850,3.6913845862871333,121.00181648822036,3.189028661325016,20.519909767457083,0.0,valid,40e59ab3fb3079f1edb20fd54be96543ffff5e7e12e801f07069d7dd888ae80f,False,valid,direct_tensile_curve_area_silver_process_not_new_chemistry,SLS_printed_thermoplastic_polyurethane,commercial_grade_known,exploratory_condition_code_detailed_mapping_incomplete,direct_tensile_toughness_silver_process,SLS_TPU_process_silver,low_weight_process_transfer_only,0.15,0.0,10.17632/wfsm6f9rbn.1|EOS TPU 1301,数据/原始/外部数据/新增开放数据/Mendeley_SLS_TPU工艺力学/结构化表格/TPU_1_double_contour__v3_on-edge.xls#sample=Éprouvette 1,9e470e447d715c7b64542c418369d1372748f70e97ef4f42fbd11fbcb0301df3,CC-BY-4.0,reference-59
source_mendeley_wfsm6f9rbn_v1,EOS TPU 1301,EOS TPU 1301,TPU_1_double_contour__v3_on-edge,TPU_1_double_contour__v3_on-edge.xls,silver|TPU_1_double_contour__v3_on-edge|Éprouvette 2,Éprouvette 2,3.0554910604264762,97.60012189671397,2.9019866349128534,98.72561017796397,30.9636990711436,767,3.0554910604264762,98.72561017796397,2.068213420117161,16.773822522720977,0.0,valid,6eaec7ddd014c668bafdc4a32e15d0ae1895de85ea57e433d514b73cf3ace368,False,valid,direct_tensile_curve_area_silver_process_not_new_chemistry,SLS_printed_thermoplastic_polyurethane,commercial_grade_known,exploratory_condition_code_detailed_mapping_incomplete,direct_tensile_toughness_silver_process,SLS_TPU_process_silver,low_weight_process_transfer_only,0.15,0.0,10.17632/wfsm6f9rbn.1|EOS TPU 1301,数据/原始/外部数据/新增开放数据/Mendeley_SLS_TPU工艺力学/结构化表格/TPU_1_double_contour__v3_on-edge.xls#sample=Éprouvette 2,9e470e447d715c7b64542c418369d1372748f70e97ef4f42fbd11fbcb0301df3,CC-BY-4.0,reference-59
source_mendeley_wfsm6f9rbn_v1,EOS TPU 1301,EOS TPU 1301,TPU_1_double_contour__v3_on-edge,TPU_1_double_contour__v3_on-edge.xls,silver|TPU_1_double_contour__v3_on-edge|Éprouvette 3,Éprouvette 3,3.606372034871737,132.48755273176357,3.4753871788674,136.19635400129482,36.366967603070684,850,3.606372034871737,136.19635400129482,3.558337018470837,19.281070448699534,0.0,valid,2f1fed8cb9c0ce54a0c7bc531d46081cc3bd2fc5dba84c3cee7d34a15fab33dd,False,valid,direct_tensile_curve_area_silver_process_not_new_chemistry,SLS_printed_thermoplastic_polyurethane,commercial_grade_known,exploratory_condition_code_detailed_mapping_incomplete,direct_tensile_toughness_silver_process,SLS_TPU_process_silver,low_weight_process_transfer_only,0.15,0.0,10.17632/wfsm6f9rbn.1|EOS TPU 1301,数据/原始/外部数据/新增开放数据/Mendeley_SLS_TPU工艺力学/结构化表格/TPU_1_double_contour__v3_on-edge.xls#sample=Éprouvette 3,9e470e447d715c7b64542c418369d1372748f70e97ef4f42fbd11fbcb0301df3,CC-BY-4.0,reference-59
source_mendeley_wfsm6f9rbn_v1,EOS TPU 1301,EOS TPU 1301,TPU_1_double_contour__v3_on-edge,TPU_1_double_contour__v3_on-edge.xls,silver|TPU_1_double_contour__v3_on-edge|Éprouvette 4,Éprouvette 4,4.072440096788037,120.66933006246109,3.813971268245763,124.54374641377944,38.71691694949656,849,4.072440096788037,124.54374641377944,3.6517947770385506,23.48432121739366,0.0,valid,68cefbd65d24ac075a9a9bc21faeba59176eb0aff08414243263385ff7bd831a,False,valid,direct_tensile_curve_area_silver_process_not_new_chemistry,SLS_printed_thermoplastic_polyurethane,commercial_grade_known,exploratory_condition_code_detailed_mapping_incomplete,direct_tensile_toughness_silver_process,SLS_TPU_process_silver,low_weight_process_transfer_only,0.15,0.0,10.17632/wfsm6f9rbn.1|EOS TPU 1301,数据/原始/外部数据/新增开放数据/Mendeley_SLS_TPU工艺力学/结构化表格/TPU_1_double_contour__v3_on-edge.xls#sample=Éprouvette 4,9e470e447d715c7b64542c418369d1372748f70e97ef4f42fbd11fbcb0301df3,CC-BY-4.0,reference-59
source_mendeley_wfsm6f9rbn_v1,EOS TPU 1301,EOS TPU 1301,TPU_1_double_contour__v3_on-edge,TPU_1_double_contour__v3_on-edge.xls,silver|TPU_1_double_contour__v3_on-edge|Éprouvette 5,Éprouvette 5,3.945502887295458,125.1395341353491,3.917373917559231,128.38923658896238,40.75977159652831,879,3.945502887295458,128.38923658896238,3.645390263970717,21.988715943089378,0.0,valid,d6efc5cf16dd5326c91a936702da601484859adba23c23c97caef431447cda61,False,valid,direct_tensile_curve_area_silver_process_not_new_chemistry,SLS_printed_thermoplastic_polyurethane,commercial_grade_known,exploratory_condition_code_detailed_mapping_incomplete,direct_tensile_toughness_silver_process,SLS_TPU_process_silver,low_weight_process_transfer_only,0.15,0.0,10.17632/wfsm6f9rbn.1|EOS TPU 1301,数据/原始/外部数据/新增开放数据/Mendeley_SLS_TPU工艺力学/结构化表格/TPU_1_double_contour__v3_on-edge.xls#sample=Éprouvette 5,9e470e447d715c7b64542c418369d1372748f70e97ef4f42fbd11fbcb0301df3,CC-BY-4.0,reference-59
source_mendeley_wfsm6f9rbn_v1,EOS TPU 1301,EOS TPU 1301,TPU_1_double_contour__v3_upright,TPU_1_double_contour__v3_upright.xls,silver|TPU_1_double_contour__v3_upright|Éprouvette 1,Éprouvette 1,3.185444327080031,43.54316108382773,3.1571726994335703,44.95979182876181,45.56984730333754,630,3.185444327080031,44.95979182876181,0.9881286645324716,25.711260243842364,0.0,valid,ccf0d5f411b8a5b1f97c92e0b9ec26fe15c687c36bab6b3f6f37959a134a41ae,False,valid,direct_tensile_curve_area_silver_process_not_new_chemistry,SLS_printed_thermoplastic_polyurethane,commercial_grade_known,exploratory_condition_code_detailed_mapping_incomplete,direct_tensile_toughness_silver_process,SLS_TPU_process_silver,low_weight_process_transfer_only,0.15,0.0,10.17632/wfsm6f9rbn.1|EOS TPU 1301,数据/原始/外部数据/新增开放数据/Mendeley_SLS_TPU工艺力学/结构化表格/TPU_1_double_contour__v3_upright.xls#sample=Éprouvette 1,c8e590a880cc38566bceedd9fcd06b4aa8bcb121b5bc1b025cd11a22dae6610a,CC-BY-4.0,reference-59
source_mendeley_wfsm6f9rbn_v1,EOS TPU 1301,EOS TPU 1301,TPU_1_double_contour__v3_upright,TPU_1_double_contour__v3_upright.xls,silver|TPU_1_double_contour__v3_upright|Éprouvette 2,Éprouvette 2,2.2811869161341556,39.845362056512386,2.252351483791806,40.67906414391473,31.719838429716514,544,2.2811869161341556,40.67906414391473,0.6039918543489019,17.432540710137534,0.0,valid,9481a011af36a5bd436985dfe532b8bdd0259da34cd28bd8c948f36ade2beb60,False,valid,direct_tensile_curve_area_silver_process_not_new_chemistry,SLS_printed_thermoplastic_polyurethane,commercial_grade_known,exploratory_condition_code_detailed_mapping_incomplete,direct_tensile_toughness_silver_process,SLS_TPU_process_silver,low_weight_process_transfer_only,0.15,0.0,10.17632/wfsm6f9rbn.1|EOS TPU 1301,数据/原始/外部数据/新增开放数据/Mendeley_SLS_TPU工艺力学/结构化表格/TPU_1_double_contour__v3_upright.xls#sample=Éprouvette 2,c8e590a880cc38566bceedd9fcd06b4aa8bcb121b5bc1b025cd11a22dae6610a,CC-BY-4.0,reference-59
source_mendeley_wfsm6f9rbn_v1,EOS TPU 1301,EOS TPU 1301,TPU_1_double_contour__v3_upright,TPU_1_double_contour__v3_upright.xls,silver|TPU_1_double_contour__v3_upright|Éprouvette 3,Éprouvette 3,3.1633045967976363,45.01552935154177,3.0544088083977927,46.4324938824866,47.14952906077017,785,3.1633045967976363,46.4324938824866,1.016208407692297,25.706328308107295,0.0,valid,d2fa45a32fa1fef450a193bcce54c11b6128888e6f184291e9e303acecd5fdb4,False,valid,direct_tensile_curve_area_silver_process_not_new_chemistry,SLS_printed_thermoplastic_polyurethane,commercial_grade_known,exploratory_condition_code_detailed_mapping_incomplete,direct_tensile_toughness_silver_process,SLS_TPU_process_silver,low_weight_process_transfer_only,0.15,0.0,10.17632/wfsm6f9rbn.1|EOS TPU 1301,数据/原始/外部数据/新增开放数据/Mendeley_SLS_TPU工艺力学/结构化表格/TPU_1_double_contour__v3_upright.xls#sample=Éprouvette 3,c8e590a880cc38566bceedd9fcd06b4aa8bcb121b5bc1b025cd11a22dae6610a,CC-BY-4.0,reference-59
source_mendeley_wfsm6f9rbn_v1,EOS TPU 1301,EOS TPU 1301,TPU_1_double_contour__v3_upright,TPU_1_double_contour__v3_upright.xls,silver|TPU_1_double_contour__v3_upright|Éprouvette 4,Éprouvette 4,3.455405501975962,49.888431711122394,3.442018103285139,50.55476872436702,49.207490294992006,703,3.455405501975962,50.55476872436702,1.2369113883085456,28.062333686638752,0.0,valid,0e2397cc2d20a264332a2d7c7edc80c0dce08a2e89dc701484e8c23a01de7d36,False,valid,direct_tensile_curve_area_silver_process_not_new_chemistry,SLS_printed_thermoplastic_polyurethane,commercial_grade_known,exploratory_condition_code_detailed_mapping_incomplete,direct_tensile_toughness_silver_process,SLS_TPU_process_silver,low_weight_process_transfer_only,0.15,0.0,10.17632/wfsm6f9rbn.1|EOS TPU 1301,数据/原始/外部数据/新增开放数据/Mendeley_SLS_TPU工艺力学/结构化表格/TPU_1_double_contour__v3_upright.xls#sample=Éprouvette 4,c8e590a880cc38566bceedd9fcd06b4aa8bcb121b5bc1b025cd11a22dae6610a,CC-BY-4.0,reference-59
source_mendeley_wfsm6f9rbn_v1,EOS TPU 1301,EOS TPU 1301,TPU_1_double_contour__v3_upright,TPU_1_double_contour__v3_upright.xls,silver|TPU_1_double_contour__v3_upright|Éprouvette 5,Éprouvette 5,2.692956069854015,36.34896680340171,2.669252098884604,37.015556540340185,41.599053684386476,1053,2.692956069854015,37.015556540340185,0.6550174867992261,22.315995439046784,0.0,valid,9d2366224ac2dd54f85e1e2e043b7753adb881e8f2838216852cdba38a3bf3d7,False,valid,direct_tensile_curve_area_silver_process_not_new_chemistry,SLS_printed_thermoplastic_polyurethane,commercial_grade_known,exploratory_condition_code_detailed_mapping_incomplete,direct_tensile_toughness_silver_process,SLS_TPU_process_silver,low_weight_process_transfer_only,0.15,0.0,10.17632/wfsm6f9rbn.1|EOS TPU 1301,数据/原始/外部数据/新增开放数据/Mendeley_SLS_TPU工艺力学/结构化表格/TPU_1_double_contour__v3_upright.xls#sample=Éprouvette 5,c8e590a880cc38566bceedd9fcd06b4aa8bcb121b5bc1b025cd11a22dae6610a,CC-BY-4.0,reference-59
source_mendeley_wfsm6f9rbn_v1,EOS TPU 1301,EOS TPU 1301,TPU_1_double_contour_flat,TPU_1_double_contour_flat.xls,silver|TPU_1_double_contour_flat|Éprouvette 1,Éprouvette 1,7.313577036594112,273.40626325737685,6.758579589401968,290.0728854192421,68.36967465564625,1449,7.313577036594112,290.0728854192421,17.001000092050248,42.739178699433175,0.0,valid,11e834c81117d8d37d0f8dcc5283d205c75ef119ab7d7a857459ee98346732f7,False,valid,direct_tensile_curve_area_silver_process_not_new_chemistry,SLS_printed_thermoplastic_polyurethane,commercial_grade_known,exploratory_condition_code_detailed_mapping_incomplete,direct_tensile_toughness_silver_process,SLS_TPU_process_silver,low_weight_process_transfer_only,0.15,0.0,10.17632/wfsm6f9rbn.1|EOS TPU 1301,数据/原始/外部数据/新增开放数据/Mendeley_SLS_TPU工艺力学/结构化表格/TPU_1_double_contour_flat.xls#sample=Éprouvette 1,ea141bc2a0f564f607de7af4f1399276f6ccdddcfa2a43d22197af2b54d72103,CC-BY-4.0,reference-59
source_mendeley_wfsm6f9rbn_v1,EOS TPU 1301,EOS TPU 1301,TPU_1_double_contour_flat,TPU_1_double_contour_flat.xls,silver|TPU_1_double_contour_flat|Éprouvette 2,Éprouvette 2,6.671253501946199,224.7138307131827,6.4624277750651045,234.9223039187491,61.26404198423695,1210,6.671253501946199,234.9223039187491,12.411841796042232,39.41576947679115,0.0,valid,2bf38b259781cd836a8804e0f48cd5851e28d1e703ac1390857347ca1395ebe3,False,valid,direct_tensile_curve_area_silver_process_not_new_chemistry,SLS_printed_thermoplastic_polyurethane,commercial_grade_known,exploratory_condition_code_detailed_mapping_incomplete,direct_tensile_toughness_silver_process,SLS_TPU_process_silver,low_weight_process_transfer_only,0.15,0.0,10.17632/wfsm6f9rbn.1|EOS TPU 1301,数据/原始/外部数据/新增开放数据/Mendeley_SLS_TPU工艺力学/结构化表格/TPU_1_double_contour_flat.xls#sample=Éprouvette 2,ea141bc2a0f564f607de7af4f1399276f6ccdddcfa2a43d22197af2b54d72103,CC-BY-4.0,reference-59
source_mendeley_wfsm6f9rbn_v1,EOS TPU 1301,EOS TPU 1301,TPU_1_double_contour_flat,TPU_1_double_contour_flat.xls,silver|TPU_1_double_contour_flat|Éprouvette 3,Éprouvette 3,7.104032833717102,236.71981692826375,6.683924978495003,244.30328250443563,66.11561813232046,1308,7.104032833717102,244.30328250443563,13.683312056746654,42.632683892436894,0.0,valid,be604c9205b3dc577905c52cc2878e0c2360a07009ab4bad8aff5aadf151c406,False,valid,direct_tensile_curve_area_silver_process_not_new_chemistry,SLS_printed_thermoplastic_polyurethane,commercial_grade_known,exploratory_condition_code_detailed_mapping_incomplete,direct_tensile_toughness_silver_process,SLS_TPU_process_silver,low_weight_process_transfer_only,0.15,0.0,10.17632/wfsm6f9rbn.1|EOS TPU 1301,数据/原始/外部数据/新增开放数据/Mendeley_SLS_TPU工艺力学/结构化表格/TPU_1_double_contour_flat.xls#sample=Éprouvette 3,ea141bc2a0f564f607de7af4f1399276f6ccdddcfa2a43d22197af2b54d72103,CC-BY-4.0,reference-59
source_mendeley_wfsm6f9rbn_v1,EOS TPU 1301,EOS TPU 1301,TPU_1_double_contour_flat,TPU_1_double_contour_flat.xls,silver|TPU_1_double_contour_flat|Éprouvette 4,Éprouvette 4,6.871333496929356,230.8828483899124,6.732088443822998,236.21600497560576,64.66274884707157,1221,6.871333496929356,236.21600497560576,12.824000054670027,40.94648551669361,0.0,valid,620472557552dbf0239001c9819b77288b70ae90677f45a6f5a1688cee9b4c1c,False,valid,direct_tensile_curve_area_silver_process_not_new_chemistry,SLS_printed_thermoplastic_polyurethane,commercial_grade_known,exploratory_condition_code_detailed_mapping_incomplete,direct_tensile_toughness_silver_process,SLS_TPU_process_silver,low_weight_process_transfer_only,0.15,0.0,10.17632/wfsm6f9rbn.1|EOS TPU 1301,数据/原始/外部数据/新增开放数据/Mendeley_SLS_TPU工艺力学/结构化表格/TPU_1_double_contour_flat.xls#sample=Éprouvette 4,ea141bc2a0f564f607de7af4f1399276f6ccdddcfa2a43d22197af2b54d72103,CC-BY-4.0,reference-59
source_mendeley_wfsm6f9rbn_v1,EOS TPU 1301,EOS TPU 1301,TPU_1_double_contour_flat,TPU_1_double_contour_flat.xls,silver|TPU_1_double_contour_flat|Éprouvette 5,Éprouvette 5,7.337266367617147,297.56757867289707,6.893769373877122,313.77586495829746,67.75739603977485,1452,7.337266367617147,313.77586495829746,18.58449450174328,42.92136008382791,0.0,valid,10cbd5c2ddfe0d04645257c408627bba60a13bdc7795e8d042117bce1dda740a,False,valid,direct_tensile_curve_area_silver_process_not_new_chemistry,SLS_printed_thermoplastic_polyurethane,commercial_grade_known,exploratory_condition_code_detailed_mapping_incomplete,direct_tensile_toughness_silver_process,SLS_TPU_process_silver,low_weight_process_transfer_only,0.15,0.0,10.17632/wfsm6f9rbn.1|EOS TPU 1301,数据/原始/外部数据/新增开放数据/Mendeley_SLS_TPU工艺力学/结构化表格/TPU_1_double_contour_flat.xls#sample=Éprouvette 5,ea141bc2a0f564f607de7af4f1399276f6ccdddcfa2a43d22197af2b54d72103,CC-BY-4.0,reference-59
source_mendeley_wfsm6f9rbn_v1,EOS TPU 1301,EOS TPU 1301,TPU_1_double_contour_on-edge,TPU_1_double_contour_on-edge.xls,silver|TPU_1_double_contour_on-edge|Éprouvette 1,Éprouvette 1,7.607452337475914,275.07301333220676,7.526032652931893,280.9062958029099,68.08760079576562,1353,7.607452337475914,280.9062958029099,16.8511332452801,43.60417101548942,0.0,valid,875f01a15ac31f84cffce4881c640712a54db89995a3497483af8950e97bcde8,False,valid,direct_tensile_curve_area_silver_process_not_new_chemistry,SLS_printed_thermoplastic_polyurethane,commercial_grade_known,exploratory_condition_code_detailed_mapping_incomplete,direct_tensile_toughness_silver_process,SLS_TPU_process_silver,low_weight_process_transfer_only,0.15,0.0,10.17632/wfsm6f9rbn.1|EOS TPU 1301,数据/原始/外部数据/新增开放数据/Mendeley_SLS_TPU工艺力学/结构化表格/TPU_1_double_contour_on-edge.xls#sample=Éprouvette 1,4ff99e5df5194e7c0b466806fccd2987b0262e7b4c548c615bb9011dd7460c41,CC-BY-4.0,reference-59
source_mendeley_wfsm6f9rbn_v1,EOS TPU 1301,EOS TPU 1301,TPU_1_double_contour_on-edge,TPU_1_double_contour_on-edge.xls,silver|TPU_1_double_contour_on-edge|Éprouvette 2,Éprouvette 2,6.870958461248682,210.72537903673947,6.474234816486332,213.47518448717892,63.7332958982851,1277,6.870958461248682,213.47518448717892,11.357520533721532,39.848220943202136,0.0,valid,6a5eb3c30c983f164adb71a3f461cd89e41550d08b07f68ce2e4bacf980bf697,False,valid,direct_tensile_curve_area_silver_process_not_new_chemistry,SLS_printed_thermoplastic_polyurethane,commercial_grade_known,exploratory_condition_code_detailed_mapping_incomplete,direct_tensile_toughness_silver_process,SLS_TPU_process_silver,low_weight_process_transfer_only,0.15,0.0,10.17632/wfsm6f9rbn.1|EOS TPU 1301,数据/原始/外部数据/新增开放数据/Mendeley_SLS_TPU工艺力学/结构化表格/TPU_1_double_contour_on-edge.xls#sample=Éprouvette 2,4ff99e5df5194e7c0b466806fccd2987b0262e7b4c548c615bb9011dd7460c41,CC-BY-4.0,reference-59
source_mendeley_wfsm6f9rbn_v1,EOS TPU 1301,EOS TPU 1301,TPU_1_double_contour_on-edge,TPU_1_double_contour_on-edge.xls,silver|TPU_1_double_contour_on-edge|Éprouvette 3,Éprouvette 3,7.5935781997763385,266.6349263722077,7.078047017104754,272.1352620655671,66.35240052963167,1377,7.5935781997763385,272.1352620655671,16.232534049159078,43.18978104711595,0.0,valid,538f1dcafe88db65fd4c6b121e4978f3998541de433be54d1e74ad226cdf5b31,False,valid,direct_tensile_curve_area_silver_process_not_new_chemistry,SLS_printed_thermoplastic_polyurethane,commercial_grade_known,exploratory_condition_code_detailed_mapping_incomplete,direct_tensile_toughness_silver_process,SLS_TPU_process_silver,low_weight_process_transfer_only,0.15,0.0,10.17632/wfsm6f9rbn.1|EOS TPU 1301,数据/原始/外部数据/新增开放数据/Mendeley_SLS_TPU工艺力学/结构化表格/TPU_1_double_contour_on-edge.xls#sample=Éprouvette 3,4ff99e5df5194e7c0b466806fccd2987b0262e7b4c548c615bb9011dd7460c41,CC-BY-4.0,reference-59
source_mendeley_wfsm6f9rbn_v1,EOS TPU 1301,EOS TPU 1301,TPU_1_double_contour_on-edge,TPU_1_double_contour_on-edge.xls,silver|TPU_1_double_contour_on-edge|Éprouvette 4,Éprouvette 4,7.492761274126168,259.7788442056626,7.419856866323062,263.90417226962745,66.68256760176429,1316,7.492761274126168,263.90417226962745,15.554910850999425,42.547589463119834,0.0,valid,ce2b71d2149c9ef0432128235c99fe3c44af9a76876c7d24c4efbc946dd888a1,False,valid,direct_tensile_curve_area_silver_process_not_new_chemistry,SLS_printed_thermoplastic_polyurethane,commercial_grade_known,exploratory_condition_code_detailed_mapping_incomplete,direct_tensile_toughness_silver_process,SLS_TPU_process_silver,low_weight_process_transfer_only,0.15,0.0,10.17632/wfsm6f9rbn.1|EOS TPU 1301,数据/原始/外部数据/新增开放数据/Mendeley_SLS_TPU工艺力学/结构化表格/TPU_1_double_contour_on-edge.xls#sample=Éprouvette 4,4ff99e5df5194e7c0b466806fccd2987b0262e7b4c548c615bb9011dd7460c41,CC-BY-4.0,reference-59
source_mendeley_wfsm6f9rbn_v1,EOS TPU 1301,EOS TPU 1301,TPU_1_double_contour_upright,TPU_1_double_contour_upright.xls,silver|TPU_1_double_contour_upright|Éprouvette 1,Éprouvette 1,6.521205846368819,157.3989135553129,6.109872951696851,161.0652953912504,72.87871438360699,1191,6.521205846368819,161.0652953912504,8.329454922090088,44.9485974143137,0.0,valid,83eecfc0ca12f8248deb63910a2846a102a6505ceb132e554b381b5f2ba7c839,False,valid,direct_tensile_curve_area_silver_process_not_new_chemistry,SLS_printed_thermoplastic_polyurethane,commercial_grade_known,exploratory_condition_code_detailed_mapping_incomplete,direct_tensile_toughness_silver_process,SLS_TPU_process_silver,low_weight_process_transfer_only,0.15,0.0,10.17632/wfsm6f9rbn.1|EOS TPU 1301,数据/原始/外部数据/新增开放数据/Mendeley_SLS_TPU工艺力学/结构化表格/TPU_1_double_contour_upright.xls#sample=Éprouvette 1,442021120f0540d48b21232a3b2c5a452913f9437d3440b5dde9cc28bb5f00d7,CC-BY-4.0,reference-59
source_mendeley_wfsm6f9rbn_v1,EOS TPU 1301,EOS TPU 1301,TPU_1_double_contour_upright,TPU_1_double_contour_upright.xls,silver|TPU_1_double_contour_upright|Éprouvette 2,Éprouvette 2,5.998498656612589,132.07977772597224,5.9559162690973535,133.82975102309138,69.06060817183143,998,5.998498656612589,133.82975102309138,6.198702488257505,40.98110142124535,0.0,valid,6cf2cf55f2d848f3be557d94e12bd747b5db63f548051b57b85000c36a64c70a,False,valid,direct_tensile_curve_area_silver_process_not_new_chemistry,SLS_printed_thermoplastic_polyurethane,commercial_grade_known,exploratory_condition_code_detailed_mapping_incomplete,direct_tensile_toughness_silver_process,SLS_TPU_process_silver,low_weight_process_transfer_only,0.15,0.0,10.17632/wfsm6f9rbn.1|EOS TPU 1301,数据/原始/外部数据/新增开放数据/Mendeley_SLS_TPU工艺力学/结构化表格/TPU_1_double_contour_upright.xls#sample=Éprouvette 2,442021120f0540d48b21232a3b2c5a452913f9437d3440b5dde9cc28bb5f00d7,CC-BY-4.0,reference-59
source_mendeley_wfsm6f9rbn_v1,EOS TPU 1301,EOS TPU 1301,TPU_1_double_contour_upright,TPU_1_double_contour_upright.xls,silver|TPU_1_double_contour_upright|Éprouvette 3,Éprouvette 3,6.383942886137627,151.41814812505618,6.260754850746287,157.25107773626223,69.08200327640115,1059,6.383942886137627,157.25107773626223,7.9519508871231785,43.938589744480765,0.0,valid,817eff373eed6fa098d387eb56a456a7fe92c50a3e960af4f6136ce429629f90,False,valid,direct_tensile_curve_area_silver_process_not_new_chemistry,SLS_printed_thermoplastic_polyurethane,commercial_grade_known,exploratory_condition_code_detailed_mapping_incomplete,direct_tensile_toughness_silver_process,SLS_TPU_process_silver,low_weight_process_transfer_only,0.15,0.0,10.17632/wfsm6f9rbn.1|EOS TPU 1301,数据/原始/外部数据/新增开放数据/Mendeley_SLS_TPU工艺力学/结构化表格/TPU_1_double_contour_upright.xls#sample=Éprouvette 3,442021120f0540d48b21232a3b2c5a452913f9437d3440b5dde9cc28bb5f00d7,CC-BY-4.0,reference-59
source_mendeley_wfsm6f9rbn_v1,EOS TPU 1301,EOS TPU 1301,TPU_1_double_contour_upright,TPU_1_double_contour_upright.xls,silver|TPU_1_double_contour_upright|Éprouvette 4,Éprouvette 4,6.426825998084327,154.25636640377343,6.207043021752949,160.54825177975,71.72442256386049,1066,6.426825998084327,160.54825177975,8.203959605807194,44.355901134828144,0.0,valid,bae47a5ad95076c1b27d056e7aa8b0c799690aec474d0647366f6c4db652b77c,False,valid,direct_tensile_curve_area_silver_process_not_new_chemistry,SLS_printed_thermoplastic_polyurethane,commercial_grade_known,exploratory_condition_code_detailed_mapping_incomplete,direct_tensile_toughness_silver_process,SLS_TPU_process_silver,low_weight_process_transfer_only,0.15,0.0,10.17632/wfsm6f9rbn.1|EOS TPU 1301,数据/原始/外部数据/新增开放数据/Mendeley_SLS_TPU工艺力学/结构化表格/TPU_1_double_contour_upright.xls#sample=Éprouvette 4,442021120f0540d48b21232a3b2c5a452913f9437d3440b5dde9cc28bb5f00d7,CC-BY-4.0,reference-59
source_mendeley_wfsm6f9rbn_v1,EOS TPU 1301,EOS TPU 1301,TPU_1_double_contour_upright,TPU_1_double_contour_upright.xls,silver|TPU_1_double_contour_upright|Éprouvette 5,Éprouvette 5,6.413223760215185,149.36798794101924,6.3038375130437165,154.65963108371943,72.73537227911444,1062,6.413223760215185,154.65963108371943,7.833374507165004,43.66155295660723,0.0,valid,e732acfc25059a7243fb4656107f8ee6eca35703a1b1451601361b2516014940,False,valid,direct_tensile_curve_area_silver_process_not_new_chemistry,SLS_printed_thermoplastic_polyurethane,commercial_grade_known,exploratory_condition_code_detailed_mapping_incomplete,direct_tensile_toughness_silver_process,SLS_TPU_process_silver,low_weight_process_transfer_only,0.15,0.0,10.17632/wfsm6f9rbn.1|EOS TPU 1301,数据/原始/外部数据/新增开放数据/Mendeley_SLS_TPU工艺力学/结构化表格/TPU_1_double_contour_upright.xls#sample=Éprouvette 5,442021120f0540d48b21232a3b2c5a452913f9437d3440b5dde9cc28bb5f00d7,CC-BY-4.0,reference-59
source_mendeley_wfsm6f9rbn_v1,EOS TPU 1301,EOS TPU 1301,TPU_1_double_contour_v2,TPU_1_double_contour_v2.xls,silver|TPU_1_double_contour_v2|Éprouvette 1,Éprouvette 1,5.518485908232089,198.96828737016767,5.356003453486483,210.38525666948408,49.84710541307532,1130,5.518485908232089,210.38525666948408,8.863983580240978,29.926225493217828,0.0,valid,85ef5e53c55d315796cf476b0fa82aa983576cd17f87626db7ba774051c95392,False,valid,direct_tensile_curve_area_silver_process_not_new_chemistry,SLS_printed_thermoplastic_polyurethane,commercial_grade_known,exploratory_condition_code_detailed_mapping_incomplete,direct_tensile_toughness_silver_process,SLS_TPU_process_silver,low_weight_process_transfer_only,0.15,0.0,10.17632/wfsm6f9rbn.1|EOS TPU 1301,数据/原始/外部数据/新增开放数据/Mendeley_SLS_TPU工艺力学/结构化表格/TPU_1_double_contour_v2.xls#sample=Éprouvette 1,85cbb81bec46b3867621ae576af43533ca6ccdb916cb71f3577d961561fabf3d,CC-BY-4.0,reference-59
source_mendeley_wfsm6f9rbn_v1,EOS TPU 1301,EOS TPU 1301,TPU_1_double_contour_v2,TPU_1_double_contour_v2.xls,silver|TPU_1_double_contour_v2|Éprouvette 2,Éprouvette 2,5.561447221140999,209.43601893249433,5.41472818079972,218.22775172058027,51.02677778166539,1119,5.561447221140999,218.22775172058027,9.27831811977578,30.09895037668642,0.0,valid,eaa2e9ab5a862048fc929a8aaa087da2409749c21f9a8bc7928f0726cc1f0c80,False,valid,direct_tensile_curve_area_silver_process_not_new_chemistry,SLS_printed_thermoplastic_polyurethane,commercial_grade_known,exploratory_condition_code_detailed_mapping_incomplete,direct_tensile_toughness_silver_process,SLS_TPU_process_silver,low_weight_process_transfer_only,0.15,0.0,10.17632/wfsm6f9rbn.1|EOS TPU 1301,数据/原始/外部数据/新增开放数据/Mendeley_SLS_TPU工艺力学/结构化表格/TPU_1_double_contour_v2.xls#sample=Éprouvette 2,85cbb81bec46b3867621ae576af43533ca6ccdb916cb71f3577d961561fabf3d,CC-BY-4.0,reference-59
source_mendeley_wfsm6f9rbn_v1,EOS TPU 1301,EOS TPU 1301,TPU_1_double_contour_v2,TPU_1_double_contour_v2.xls,silver|TPU_1_double_contour_v2|Éprouvette 3,Éprouvette 3,5.386378993655977,209.12063073180616,5.236257442735329,216.95367287658155,47.246099785175616,1115,5.386378993655977,216.95367287658155,8.943868810255452,30.3885783179677,0.0,valid,195717879addd72d3a50fa623a31fa38199e3d38d16c042d5408c2367b1ac8ed,False,valid,direct_tensile_curve_area_silver_process_not_new_chemistry,SLS_printed_thermoplastic_polyurethane,commercial_grade_known,exploratory_condition_code_detailed_mapping_incomplete,direct_tensile_toughness_silver_process,SLS_TPU_process_silver,low_weight_process_transfer_only,0.15,0.0,10.17632/wfsm6f9rbn.1|EOS TPU 1301,数据/原始/外部数据/新增开放数据/Mendeley_SLS_TPU工艺力学/结构化表格/TPU_1_double_contour_v2.xls#sample=Éprouvette 3,85cbb81bec46b3867621ae576af43533ca6ccdb916cb71f3577d961561fabf3d,CC-BY-4.0,reference-59
source_mendeley_wfsm6f9rbn_v1,EOS TPU 1301,EOS TPU 1301,TPU_1_double_contour_v2,TPU_1_double_contour_v2.xls,silver|TPU_1_double_contour_v2|Éprouvette 4,Éprouvette 4,5.527358277980917,199.32517753960565,5.221246114349309,202.57543312432244,54.18436085825176,1165,5.527358277980917,202.57543312432244,8.469939825717567,29.80694085323091,0.0,valid,cf545c653059b4fff6ccf27ab7a9d3aaab07a7e488cbcdb3ba212e78d8ce915d,False,valid,direct_tensile_curve_area_silver_process_not_new_chemistry,SLS_printed_thermoplastic_polyurethane,commercial_grade_known,exploratory_condition_code_detailed_mapping_incomplete,direct_tensile_toughness_silver_process,SLS_TPU_process_silver,low_weight_process_transfer_only,0.15,0.0,10.17632/wfsm6f9rbn.1|EOS TPU 1301,数据/原始/外部数据/新增开放数据/Mendeley_SLS_TPU工艺力学/结构化表格/TPU_1_double_contour_v2.xls#sample=Éprouvette 4,85cbb81bec46b3867621ae576af43533ca6ccdb916cb71f3577d961561fabf3d,CC-BY-4.0,reference-59
source_mendeley_wfsm6f9rbn_v1,EOS TPU 1301,EOS TPU 1301,TPU_1_double_contour_v3,TPU_1_double_contour_v3.xls,silver|TPU_1_double_contour_v3|Éprouvette 1,Éprouvette 1,3.094051838762125,120.82459441758692,2.8876679704723323,124.19933311082423,27.523433289382766,773,3.094051838762125,124.19933311082423,2.687076640772887,15.470250733269939,0.0,valid,dbb482825117385b4b7d3189be25fdd34401f31a067f784a2699872b630ae5d9,False,valid,direct_tensile_curve_area_silver_process_not_new_chemistry,SLS_printed_thermoplastic_polyurethane,commercial_grade_known,exploratory_condition_code_detailed_mapping_incomplete,direct_tensile_toughness_silver_process,SLS_TPU_process_silver,low_weight_process_transfer_only,0.15,0.0,10.17632/wfsm6f9rbn.1|EOS TPU 1301,数据/原始/外部数据/新增开放数据/Mendeley_SLS_TPU工艺力学/结构化表格/TPU_1_double_contour_v3.xls#sample=Éprouvette 1,36ccddb35696b0fa0a2101b1909e47f9f121c098224bf7d51767047d8df3570a,CC-BY-4.0,reference-59
source_mendeley_wfsm6f9rbn_v1,EOS TPU 1301,EOS TPU 1301,TPU_1_double_contour_v3,TPU_1_double_contour_v3.xls,silver|TPU_1_double_contour_v3|Éprouvette 2,Éprouvette 2,3.0319856575716595,109.53842154238373,3.0288135780399905,110.37158003542572,28.490577740030865,711,3.0319856575716595,110.37158003542572,2.284556436512129,15.22443698113153,0.0,valid,905b3df68c58b4d5ffa9a6ad80aef8c2bdc2015938540e38512a88d04cd12867,False,valid,direct_tensile_curve_area_silver_process_not_new_chemistry,SLS_printed_thermoplastic_polyurethane,commercial_grade_known,exploratory_condition_code_detailed_mapping_incomplete,direct_tensile_toughness_silver_process,SLS_TPU_process_silver,low_weight_process_transfer_only,0.15,0.0,10.17632/wfsm6f9rbn.1|EOS TPU 1301,数据/原始/外部数据/新增开放数据/Mendeley_SLS_TPU工艺力学/结构化表格/TPU_1_double_contour_v3.xls#sample=Éprouvette 2,36ccddb35696b0fa0a2101b1909e47f9f121c098224bf7d51767047d8df3570a,CC-BY-4.0,reference-59
source_mendeley_wfsm6f9rbn_v1,EOS TPU 1301,EOS TPU 1301,TPU_1_double_contour_v3,TPU_1_double_contour_v3.xls,silver|TPU_1_double_contour_v3|Éprouvette 3,Éprouvette 3,3.212706423895197,127.62135701905936,3.1996082320163017,129.70416265260428,27.869084091368503,786,3.212706423895197,129.70416265260428,2.9187985863362145,15.690583595335246,0.0,valid,56f5fa8229a489f38e5aeea41826114ff9248ca584af5af9ffc9c7af9358d9fb,False,valid,direct_tensile_curve_area_silver_process_not_new_chemistry,SLS_printed_thermoplastic_polyurethane,commercial_grade_known,exploratory_condition_code_detailed_mapping_incomplete,direct_tensile_toughness_silver_process,SLS_TPU_process_silver,low_weight_process_transfer_only,0.15,0.0,10.17632/wfsm6f9rbn.1|EOS TPU 1301,数据/原始/外部数据/新增开放数据/Mendeley_SLS_TPU工艺力学/结构化表格/TPU_1_double_contour_v3.xls#sample=Éprouvette 3,36ccddb35696b0fa0a2101b1909e47f9f121c098224bf7d51767047d8df3570a,CC-BY-4.0,reference-59
source_mendeley_wfsm6f9rbn_v1,EOS TPU 1301,EOS TPU 1301,TPU_1_double_contour_v3,TPU_1_double_contour_v3.xls,silver|TPU_1_double_contour_v3|Éprouvette 4,Éprouvette 4,3.23975753162556,133.38441153988242,3.1908469970873625,138.96827002987266,29.055911265298587,818,3.23975753162556,138.96827002987266,3.196959320410773,15.697360145818276,0.0,valid,22c07aabb1a8126bfb5710711ea79616b5012bb259ab2ab2bb7b00b2a53b1d0c,False,valid,direct_tensile_curve_area_silver_process_not_new_chemistry,SLS_printed_thermoplastic_polyurethane,commercial_grade_known,exploratory_condition_code_detailed_mapping_incomplete,direct_tensile_toughness_silver_process,SLS_TPU_process_silver,low_weight_process_transfer_only,0.15,0.0,10.17632/wfsm6f9rbn.1|EOS TPU 1301,数据/原始/外部数据/新增开放数据/Mendeley_SLS_TPU工艺力学/结构化表格/TPU_1_double_contour_v3.xls#sample=Éprouvette 4,36ccddb35696b0fa0a2101b1909e47f9f121c098224bf7d51767047d8df3570a,CC-BY-4.0,reference-59
source_mendeley_wfsm6f9rbn_v1,EOS TPU 1301,EOS TPU 1301,TPU_1_edge_45,TPU_1_edge_45.xls,silver|TPU_1_edge_45|Éprouvette 1,Éprouvette 1,7.014805493129457,235.09442210849375,6.848405890706958,245.2195060318336,73.33249854941744,1352,7.014805493129457,245.2195060318336,13.68305613579738,42.80239361758792,0.0,valid,d7fb99571c948379bcef23e6d3b18995dfe82ead4e7970df2179ca247fb04a21,False,valid,direct_tensile_curve_area_silver_process_not_new_chemistry,SLS_printed_thermoplastic_polyurethane,commercial_grade_known,exploratory_condition_code_detailed_mapping_incomplete,direct_tensile_toughness_silver_process,SLS_TPU_process_silver,low_weight_process_transfer_only,0.15,0.0,10.17632/wfsm6f9rbn.1|EOS TPU 1301,数据/原始/外部数据/新增开放数据/Mendeley_SLS_TPU工艺力学/结构化表格/TPU_1_edge_45.xls#sample=Éprouvette 1,cd853eeba9642d3f9d1f36900f89a6225b4a771416fbbf51c23fb55d6dc834c0,CC-BY-4.0,reference-59
source_mendeley_wfsm6f9rbn_v1,EOS TPU 1301,EOS TPU 1301,TPU_1_edge_45,TPU_1_edge_45.xls,silver|TPU_1_edge_45|Éprouvette 2,Éprouvette 2,6.84083245118535,227.24640990328044,6.468509758492409,235.3296771151945,64.92911962735623,1302,6.84083245118535,235.3296771151945,12.734554043994807,41.68518988705961,0.0,valid,8b6fb849815271b9caf1da6d018635c4aa5f6232b164086073362298d0ef1780,False,valid,direct_tensile_curve_area_silver_process_not_new_chemistry,SLS_printed_thermoplastic_polyurethane,commercial_grade_known,exploratory_condition_code_detailed_mapping_incomplete,direct_tensile_toughness_silver_process,SLS_TPU_process_silver,low_weight_process_transfer_only,0.15,0.0,10.17632/wfsm6f9rbn.1|EOS TPU 1301,数据/原始/外部数据/新增开放数据/Mendeley_SLS_TPU工艺力学/结构化表格/TPU_1_edge_45.xls#sample=Éprouvette 2,cd853eeba9642d3f9d1f36900f89a6225b4a771416fbbf51c23fb55d6dc834c0,CC-BY-4.0,reference-59
source_mendeley_wfsm6f9rbn_v1,EOS TPU 1301,EOS TPU 1301,TPU_1_edge_45,TPU_1_edge_45.xls,silver|TPU_1_edge_45|Éprouvette 3,Éprouvette 3,6.936649998148729,229.65690196864307,6.666888872173236,236.1566883455962,66.6656462106434,1435,6.936649998148729,236.1566883455962,13.020355769194367,42.633175638448414,0.0,valid,5a016905c4ff76bd83d153638a9c71c873722bbfd4509a3e22e6d87e747b91ca,False,valid,direct_tensile_curve_area_silver_process_not_new_chemistry,SLS_printed_thermoplastic_polyurethane,commercial_grade_known,exploratory_condition_code_detailed_mapping_incomplete,direct_tensile_toughness_silver_process,SLS_TPU_process_silver,low_weight_process_transfer_only,0.15,0.0,10.17632/wfsm6f9rbn.1|EOS TPU 1301,数据/原始/外部数据/新增开放数据/Mendeley_SLS_TPU工艺力学/结构化表格/TPU_1_edge_45.xls#sample=Éprouvette 3,cd853eeba9642d3f9d1f36900f89a6225b4a771416fbbf51c23fb55d6dc834c0,CC-BY-4.0,reference-59
source_mendeley_wfsm6f9rbn_v1,EOS TPU 1301,EOS TPU 1301,TPU_1_edge_45,TPU_1_edge_45.xls,silver|TPU_1_edge_45|Éprouvette 4,Éprouvette 4,6.83223510860664,232.89516710210592,6.486386336465747,241.228564013727,68.16612981609514,1316,6.83223510860664,241.228564013727,13.102331011396517,42.1474327367748,0.0,valid,58836d2e5534d9fed2ec54804a0f8610b6835c06718d6344b610c00a7e5ca85c,False,valid,direct_tensile_curve_area_silver_process_not_new_chemistry,SLS_printed_thermoplastic_polyurethane,commercial_grade_known,exploratory_condition_code_detailed_mapping_incomplete,direct_tensile_toughness_silver_process,SLS_TPU_process_silver,low_weight_process_transfer_only,0.15,0.0,10.17632/wfsm6f9rbn.1|EOS TPU 1301,数据/原始/外部数据/新增开放数据/Mendeley_SLS_TPU工艺力学/结构化表格/TPU_1_edge_45.xls#sample=Éprouvette 4,cd853eeba9642d3f9d1f36900f89a6225b4a771416fbbf51c23fb55d6dc834c0,CC-BY-4.0,reference-59
source_mendeley_wfsm6f9rbn_v1,EOS TPU 1301,EOS TPU 1301,TPU_1_edge_45,TPU_1_edge_45.xls,silver|TPU_1_edge_45|Éprouvette 5,Éprouvette 5,6.641314432641102,208.74753377120942,6.174853475604625,216.03963277023286,67.00359461332432,1308,6.641314432641102,216.03963277023286,11.280362994569385,40.676614408004575,0.0,valid,f203630bc93197fc5eb0ec517fc494fc3d21f835b3608190f8e2fcf20f63f62e,False,valid,direct_tensile_curve_area_silver_process_not_new_chemistry,SLS_printed_thermoplastic_polyurethane,commercial_grade_known,exploratory_condition_code_detailed_mapping_incomplete,direct_tensile_toughness_silver_process,SLS_TPU_process_silver,low_weight_process_transfer_only,0.15,0.0,10.17632/wfsm6f9rbn.1|EOS TPU 1301,数据/原始/外部数据/新增开放数据/Mendeley_SLS_TPU工艺力学/结构化表格/TPU_1_edge_45.xls#sample=Éprouvette 5,cd853eeba9642d3f9d1f36900f89a6225b4a771416fbbf51c23fb55d6dc834c0,CC-BY-4.0,reference-59
source_mendeley_wfsm6f9rbn_v1,EOS TPU 1301,EOS TPU 1301,TPU_1_edge__v2_45,TPU_1_edge__v2_45.xls,silver|TPU_1_edge__v2_45|Éprouvette 1,Éprouvette 1,6.941129190782216,195.89871092280373,6.777614771670177,203.1074778600596,72.1095697383989,1182,6.941129190782216,203.1074778600596,11.104575666437709,41.97399060938538,0.0,valid,241022c480225d50245e084bd39cccf52e32d737fa2b7353529bfed0bb94a08c,False,valid,direct_tensile_curve_area_silver_process_not_new_chemistry,SLS_printed_thermoplastic_polyurethane,commercial_grade_known,exploratory_condition_code_detailed_mapping_incomplete,direct_tensile_toughness_silver_process,SLS_TPU_process_silver,low_weight_process_transfer_only,0.15,0.0,10.17632/wfsm6f9rbn.1|EOS TPU 1301,数据/原始/外部数据/新增开放数据/Mendeley_SLS_TPU工艺力学/结构化表格/TPU_1_edge__v2_45.xls#sample=Éprouvette 1,713d75c381fcc166c8575be7d61c460d45b80e272a3138ebddb9e1a0d9353f47,CC-BY-4.0,reference-59
source_mendeley_wfsm6f9rbn_v1,EOS TPU 1301,EOS TPU 1301,TPU_1_edge__v2_45,TPU_1_edge__v2_45.xls,silver|TPU_1_edge__v2_45|Éprouvette 2,Éprouvette 2,6.601345636189873,175.64094072114676,6.224360098867385,180.64113145601004,72.22770013451932,1156,6.601345636189873,180.64113145601004,9.259454661315273,39.67575111800127,0.0,valid,791c9f71bedd86089824a2f7ed207b4651cf7e9d57f46d84b8712a725a399a99,False,valid,direct_tensile_curve_area_silver_process_not_new_chemistry,SLS_printed_thermoplastic_polyurethane,commercial_grade_known,exploratory_condition_code_detailed_mapping_incomplete,direct_tensile_toughness_silver_process,SLS_TPU_process_silver,low_weight_process_transfer_only,0.15,0.0,10.17632/wfsm6f9rbn.1|EOS TPU 1301,数据/原始/外部数据/新增开放数据/Mendeley_SLS_TPU工艺力学/结构化表格/TPU_1_edge__v2_45.xls#sample=Éprouvette 2,713d75c381fcc166c8575be7d61c460d45b80e272a3138ebddb9e1a0d9353f47,CC-BY-4.0,reference-59
source_mendeley_wfsm6f9rbn_v1,EOS TPU 1301,EOS TPU 1301,TPU_1_edge__v2_45,TPU_1_edge__v2_45.xls,silver|TPU_1_edge__v2_45|Éprouvette 3,Éprouvette 3,6.653479544438999,179.38477206230164,6.451425119860231,187.6339976787567,71.19518364007162,1169,6.653479544438999,187.6339976787567,9.749423729120055,40.60632867358513,0.0,valid,834b7da179ba01b944cbcbe2e9501447f04a89124c06a05200c1aeeff3cd705f,False,valid,direct_tensile_curve_area_silver_process_not_new_chemistry,SLS_printed_thermoplastic_polyurethane,commercial_grade_known,exploratory_condition_code_detailed_mapping_incomplete,direct_tensile_toughness_silver_process,SLS_TPU_process_silver,low_weight_process_transfer_only,0.15,0.0,10.17632/wfsm6f9rbn.1|EOS TPU 1301,数据/原始/外部数据/新增开放数据/Mendeley_SLS_TPU工艺力学/结构化表格/TPU_1_edge__v2_45.xls#sample=Éprouvette 3,713d75c381fcc166c8575be7d61c460d45b80e272a3138ebddb9e1a0d9353f47,CC-BY-4.0,reference-59
source_mendeley_wfsm6f9rbn_v1,EOS TPU 1301,EOS TPU 1301,TPU_1_edge__v2_45,TPU_1_edge__v2_45.xls,silver|TPU_1_edge__v2_45|Éprouvette 4,Éprouvette 4,6.987903734123905,209.19936552550644,6.895767908975194,214.28286924865097,75.45800252525615,1207,6.987903734123905,214.28286924865097,11.786869434640444,41.47389518793477,0.0,valid,387fe86fc204709406ae1b298a7b563454a9bc0922064149a1d0bd307e326d9a,False,valid,direct_tensile_curve_area_silver_process_not_new_chemistry,SLS_printed_thermoplastic_polyurethane,commercial_grade_known,exploratory_condition_code_detailed_mapping_incomplete,direct_tensile_toughness_silver_process,SLS_TPU_process_silver,low_weight_process_transfer_only,0.15,0.0,10.17632/wfsm6f9rbn.1|EOS TPU 1301,数据/原始/外部数据/新增开放数据/Mendeley_SLS_TPU工艺力学/结构化表格/TPU_1_edge__v2_45.xls#sample=Éprouvette 4,713d75c381fcc166c8575be7d61c460d45b80e272a3138ebddb9e1a0d9353f47,CC-BY-4.0,reference-59
source_mendeley_wfsm6f9rbn_v1,EOS TPU 1301,EOS TPU 1301,TPU_1_edge__v2_45,TPU_1_edge__v2_45.xls,silver|TPU_1_edge__v2_45|Éprouvette 5,Éprouvette 5,6.5932235097497465,183.44034459465183,6.4642435269659035,187.35697057121433,71.39507385445425,1097,6.5932235097497465,187.35697057121433,9.625952288543123,39.534128606525215,0.0,valid,fbfbd08291daf323327af10db3d276f4886f3735a198a1e8d507c6fd9d717645,False,valid,direct_tensile_curve_area_silver_process_not_new_chemistry,SLS_printed_thermoplastic_polyurethane,commercial_grade_known,exploratory_condition_code_detailed_mapping_incomplete,direct_tensile_toughness_silver_process,SLS_TPU_process_silver,low_weight_process_transfer_only,0.15,0.0,10.17632/wfsm6f9rbn.1|EOS TPU 1301,数据/原始/外部数据/新增开放数据/Mendeley_SLS_TPU工艺力学/结构化表格/TPU_1_edge__v2_45.xls#sample=Éprouvette 5,713d75c381fcc166c8575be7d61c460d45b80e272a3138ebddb9e1a0d9353f47,CC-BY-4.0,reference-59
source_mendeley_wfsm6f9rbn_v1,EOS TPU 1301,EOS TPU 1301,TPU_1_edge__v2_flat,TPU_1_edge__v2_flat.xls,silver|TPU_1_edge__v2_flat|Éprouvette 1,Éprouvette 1,7.32901907892244,238.06587949907407,6.938037838675148,241.14882246172056,74.32942363333622,1371,7.32901907892244,241.14882246172056,13.585558273362537,40.578464867890354,0.0,valid,b3c0942350985c240694f63cbdb5017a1579de1987b7adfe8a2dd1d00bc1cff5,False,valid,direct_tensile_curve_area_silver_process_not_new_chemistry,SLS_printed_thermoplastic_polyurethane,commercial_grade_known,exploratory_condition_code_detailed_mapping_incomplete,direct_tensile_toughness_silver_process,SLS_TPU_process_silver,low_weight_process_transfer_only,0.15,0.0,10.17632/wfsm6f9rbn.1|EOS TPU 1301,数据/原始/外部数据/新增开放数据/Mendeley_SLS_TPU工艺力学/结构化表格/TPU_1_edge__v2_flat.xls#sample=Éprouvette 1,b6b9d231683f1212a1a05d465b44a90f7fb04764a84f68b67f23ab922658b5ff,CC-BY-4.0,reference-59
source_mendeley_wfsm6f9rbn_v1,EOS TPU 1301,EOS TPU 1301,TPU_1_edge__v2_flat,TPU_1_edge__v2_flat.xls,silver|TPU_1_edge__v2_flat|Éprouvette 2,Éprouvette 2,7.363729381117975,231.37208140920848,6.970581612963782,234.2882267339155,77.660403001605,1227,7.363729381117975,234.2882267339155,13.210390176180635,40.38523890011669,0.0,valid,f5f797c2d318e314eac99c70cf3342bbf44c91ed07c6c9c2c5557acfee9bbea7,False,valid,direct_tensile_curve_area_silver_process_not_new_chemistry,SLS_printed_thermoplastic_polyurethane,commercial_grade_known,exploratory_condition_code_detailed_mapping_incomplete,direct_tensile_toughness_silver_process,SLS_TPU_process_silver,low_weight_process_transfer_only,0.15,0.0,10.17632/wfsm6f9rbn.1|EOS TPU 1301,数据/原始/外部数据/新增开放数据/Mendeley_SLS_TPU工艺力学/结构化表格/TPU_1_edge__v2_flat.xls#sample=Éprouvette 2,b6b9d231683f1212a1a05d465b44a90f7fb04764a84f68b67f23ab922658b5ff,CC-BY-4.0,reference-59
source_mendeley_wfsm6f9rbn_v1,EOS TPU 1301,EOS TPU 1301,TPU_1_edge__v2_flat,TPU_1_edge__v2_flat.xls,silver|TPU_1_edge__v2_flat|Éprouvette 3,Éprouvette 3,7.118774856430598,222.58195204287767,6.646536434740368,226.9573716595769,69.91307707828646,1240,7.118774856430598,226.9573716595769,12.446556230749248,39.53847212684347,0.0,valid,8ddb78bd12aa6af14abc4e2a2b7d73243eed5a2d32584c9a15716d295197e928,False,valid,direct_tensile_curve_area_silver_process_not_new_chemistry,SLS_printed_thermoplastic_polyurethane,commercial_grade_known,exploratory_condition_code_detailed_mapping_incomplete,direct_tensile_toughness_silver_process,SLS_TPU_process_silver,low_weight_process_transfer_only,0.15,0.0,10.17632/wfsm6f9rbn.1|EOS TPU 1301,数据/原始/外部数据/新增开放数据/Mendeley_SLS_TPU工艺力学/结构化表格/TPU_1_edge__v2_flat.xls#sample=Éprouvette 3,b6b9d231683f1212a1a05d465b44a90f7fb04764a84f68b67f23ab922658b5ff,CC-BY-4.0,reference-59
source_mendeley_wfsm6f9rbn_v1,EOS TPU 1301,EOS TPU 1301,TPU_1_edge__v2_flat,TPU_1_edge__v2_flat.xls,silver|TPU_1_edge__v2_flat|Éprouvette 4,Éprouvette 4,7.201403418457595,227.9610873479396,6.702991554633351,233.41949951834977,69.74640739099245,1231,7.201403418457595,233.41949951834977,12.872488149247571,38.04914398473984,0.0,valid,6519f035c0a64029bf22cc6a07838086d3bfb21a07b654d93399280554937ccd,False,valid,direct_tensile_curve_area_silver_process_not_new_chemistry,SLS_printed_thermoplastic_polyurethane,commercial_grade_known,exploratory_condition_code_detailed_mapping_incomplete,direct_tensile_toughness_silver_process,SLS_TPU_process_silver,low_weight_process_transfer_only,0.15,0.0,10.17632/wfsm6f9rbn.1|EOS TPU 1301,数据/原始/外部数据/新增开放数据/Mendeley_SLS_TPU工艺力学/结构化表格/TPU_1_edge__v2_flat.xls#sample=Éprouvette 4,b6b9d231683f1212a1a05d465b44a90f7fb04764a84f68b67f23ab922658b5ff,CC-BY-4.0,reference-59
source_mendeley_wfsm6f9rbn_v1,EOS TPU 1301,EOS TPU 1301,TPU_1_edge__v2_flat,TPU_1_edge__v2_flat.xls,silver|TPU_1_edge__v2_flat|Éprouvette 5,Éprouvette 5,6.695070747514473,194.87322187516838,6.416358663781405,198.4147677430883,70.21218750857955,1139,6.695070747514473,198.4147677430883,10.096318748098158,37.88080986151207,0.0,valid,fe1fb5b3b10c2b9b95a1fbab0cce39c70ffb5ee46dbe5ea3e27e5f0a5aa8d1ef,False,valid,direct_tensile_curve_area_silver_process_not_new_chemistry,SLS_printed_thermoplastic_polyurethane,commercial_grade_known,exploratory_condition_code_detailed_mapping_incomplete,direct_tensile_toughness_silver_process,SLS_TPU_process_silver,low_weight_process_transfer_only,0.15,0.0,10.17632/wfsm6f9rbn.1|EOS TPU 1301,数据/原始/外部数据/新增开放数据/Mendeley_SLS_TPU工艺力学/结构化表格/TPU_1_edge__v2_flat.xls#sample=Éprouvette 5,b6b9d231683f1212a1a05d465b44a90f7fb04764a84f68b67f23ab922658b5ff,CC-BY-4.0,reference-59
source_mendeley_wfsm6f9rbn_v1,EOS TPU 1301,EOS TPU 1301,TPU_1_edge__v2_on-edge,TPU_1_edge__v2_on-edge.xls,silver|TPU_1_edge__v2_on-edge|Éprouvette 1,Éprouvette 1,4.207769673884069,39.02711524255574,4.01112496235915,39.943696396425366,67.29299184163595,741,4.207769673884069,39.943696396425366,1.1692186908346065,35.86420497939059,0.0,valid,af41d5fcc93d36f77036cc32f88508aa4ad141237e80d6347b486119db454faa,False,valid,direct_tensile_curve_area_silver_process_not_new_chemistry,SLS_printed_thermoplastic_polyurethane,commercial_grade_known,exploratory_condition_code_detailed_mapping_incomplete,direct_tensile_toughness_silver_process,SLS_TPU_process_silver,low_weight_process_transfer_only,0.15,0.0,10.17632/wfsm6f9rbn.1|EOS TPU 1301,数据/原始/外部数据/新增开放数据/Mendeley_SLS_TPU工艺力学/结构化表格/TPU_1_edge__v2_on-edge.xls#sample=Éprouvette 1,ba7a948b37bee55c1b0475ae621ce685f1746d913ffd891c8cd684e00cfec105,CC-BY-4.0,reference-59
source_mendeley_wfsm6f9rbn_v1,EOS TPU 1301,EOS TPU 1301,TPU_1_edge__v2_on-edge,TPU_1_edge__v2_on-edge.xls,silver|TPU_1_edge__v2_on-edge|Éprouvette 2,Éprouvette 2,7.113457044283867,233.04571597580798,6.988320605037908,237.08759753708728,67.61735506947743,1246,7.113457044283867,237.08759753708728,12.983341454482016,39.13399118330337,0.0,valid,c3033cc4a2da03f45422aaa7635b9347b02f5a98ce51e6b98d0850cc180b8878,False,valid,direct_tensile_curve_area_silver_process_not_new_chemistry,SLS_printed_thermoplastic_polyurethane,commercial_grade_known,exploratory_condition_code_detailed_mapping_incomplete,direct_tensile_toughness_silver_process,SLS_TPU_process_silver,low_weight_process_transfer_only,0.15,0.0,10.17632/wfsm6f9rbn.1|EOS TPU 1301,数据/原始/外部数据/新增开放数据/Mendeley_SLS_TPU工艺力学/结构化表格/TPU_1_edge__v2_on-edge.xls#sample=Éprouvette 2,ba7a948b37bee55c1b0475ae621ce685f1746d913ffd891c8cd684e00cfec105,CC-BY-4.0,reference-59
source_mendeley_wfsm6f9rbn_v1,EOS TPU 1301,EOS TPU 1301,TPU_1_edge__v2_on-edge,TPU_1_edge__v2_on-edge.xls,silver|TPU_1_edge__v2_on-edge|Éprouvette 3,Éprouvette 3,6.892814993924089,203.87452047644183,6.715851194785346,206.95816915808246,68.53280868270019,1181,6.892814993924089,206.95816915808246,10.881289737196742,38.673420440787496,0.0,valid,e3590dacea0c854669f97380ec05906f8129da0031c1547124e565fffc5b9499,False,valid,direct_tensile_curve_area_silver_process_not_new_chemistry,SLS_printed_thermoplastic_polyurethane,commercial_grade_known,exploratory_condition_code_detailed_mapping_incomplete,direct_tensile_toughness_silver_process,SLS_TPU_process_silver,low_weight_process_transfer_only,0.15,0.0,10.17632/wfsm6f9rbn.1|EOS TPU 1301,数据/原始/外部数据/新增开放数据/Mendeley_SLS_TPU工艺力学/结构化表格/TPU_1_edge__v2_on-edge.xls#sample=Éprouvette 3,ba7a948b37bee55c1b0475ae621ce685f1746d913ffd891c8cd684e00cfec105,CC-BY-4.0,reference-59
source_mendeley_wfsm6f9rbn_v1,EOS TPU 1301,EOS TPU 1301,TPU_1_edge__v2_on-edge,TPU_1_edge__v2_on-edge.xls,silver|TPU_1_edge__v2_on-edge|Éprouvette 4,Éprouvette 4,6.736243321929327,214.02116190455854,6.40645826461109,217.89622675441206,69.00703985410415,1431,6.736243321929327,217.89622675441206,11.218221809488135,38.302504126411485,0.0,valid,6116f3e182d79ace55a543cf8a3cf6d0f1b4362426d88670526f67ef7df834d4,False,valid,direct_tensile_curve_area_silver_process_not_new_chemistry,SLS_printed_thermoplastic_polyurethane,commercial_grade_known,exploratory_condition_code_detailed_mapping_incomplete,direct_tensile_toughness_silver_process,SLS_TPU_process_silver,low_weight_process_transfer_only,0.15,0.0,10.17632/wfsm6f9rbn.1|EOS TPU 1301,数据/原始/外部数据/新增开放数据/Mendeley_SLS_TPU工艺力学/结构化表格/TPU_1_edge__v2_on-edge.xls#sample=Éprouvette 4,ba7a948b37bee55c1b0475ae621ce685f1746d913ffd891c8cd684e00cfec105,CC-BY-4.0,reference-59
source_mendeley_wfsm6f9rbn_v1,EOS TPU 1301,EOS TPU 1301,TPU_1_edge__v2_on-edge,TPU_1_edge__v2_on-edge.xls,silver|TPU_1_edge__v2_on-edge|Éprouvette 5,Éprouvette 5,7.207546334442208,232.4166554135736,6.619838195846639,234.95854078955017,70.27028866180679,1249,7.207546334442208,234.95854078955017,12.985811651707847,40.27381579396912,0.0,valid,fe76398d4199f3880844b8e02da3da041214bcda071feae4b52a6d082fd29999,False,valid,direct_tensile_curve_area_silver_process_not_new_chemistry,SLS_printed_thermoplastic_polyurethane,commercial_grade_known,exploratory_condition_code_detailed_mapping_incomplete,direct_tensile_toughness_silver_process,SLS_TPU_process_silver,low_weight_process_transfer_only,0.15,0.0,10.17632/wfsm6f9rbn.1|EOS TPU 1301,数据/原始/外部数据/新增开放数据/Mendeley_SLS_TPU工艺力学/结构化表格/TPU_1_edge__v2_on-edge.xls#sample=Éprouvette 5,ba7a948b37bee55c1b0475ae621ce685f1746d913ffd891c8cd684e00cfec105,CC-BY-4.0,reference-59
source_mendeley_wfsm6f9rbn_v1,EOS TPU 1301,EOS TPU 1301,TPU_1_edge__v2_upright,TPU_1_edge__v2_upright.xls,silver|TPU_1_edge__v2_upright|Éprouvette 1,Éprouvette 1,5.559045891128866,98.5862029165146,5.524587009624086,100.00258093775483,61.79006229809978,897,5.559045891128866,100.00258093775483,4.109003222753137,35.522829326599194,0.0,valid,b469c777cf773e466a51bfcafa63c1ff988c1edb28b2655870a739b30bb4022e,False,valid,direct_tensile_curve_area_silver_process_not_new_chemistry,SLS_printed_thermoplastic_polyurethane,commercial_grade_known,exploratory_condition_code_detailed_mapping_incomplete,direct_tensile_toughness_silver_process,SLS_TPU_process_silver,low_weight_process_transfer_only,0.15,0.0,10.17632/wfsm6f9rbn.1|EOS TPU 1301,数据/原始/外部数据/新增开放数据/Mendeley_SLS_TPU工艺力学/结构化表格/TPU_1_edge__v2_upright.xls#sample=Éprouvette 1,e3b753bd196d20d2d13c491b9bc86e1c2ebcd8d2ab72276e1b36a2e973df51d9,CC-BY-4.0,reference-59
source_mendeley_wfsm6f9rbn_v1,EOS TPU 1301,EOS TPU 1301,TPU_1_edge__v2_upright,TPU_1_edge__v2_upright.xls,silver|TPU_1_edge__v2_upright|Éprouvette 2,Éprouvette 2,6.199393692915131,130.75039913947694,6.107878377394319,132.58381893928163,68.42703342817651,998,6.199393692915131,132.58381893928163,6.2759791977827355,39.83955280961874,0.0,valid,3672de688776d20701fdddf5c6e3187cc571ebd79ad1f1047712f9ec51b2a291,False,valid,direct_tensile_curve_area_silver_process_not_new_chemistry,SLS_printed_thermoplastic_polyurethane,commercial_grade_known,exploratory_condition_code_detailed_mapping_incomplete,direct_tensile_toughness_silver_process,SLS_TPU_process_silver,low_weight_process_transfer_only,0.15,0.0,10.17632/wfsm6f9rbn.1|EOS TPU 1301,数据/原始/外部数据/新增开放数据/Mendeley_SLS_TPU工艺力学/结构化表格/TPU_1_edge__v2_upright.xls#sample=Éprouvette 2,e3b753bd196d20d2d13c491b9bc86e1c2ebcd8d2ab72276e1b36a2e973df51d9,CC-BY-4.0,reference-59
source_mendeley_wfsm6f9rbn_v1,EOS TPU 1301,EOS TPU 1301,TPU_1_edge__v2_upright,TPU_1_edge__v2_upright.xls,silver|TPU_1_edge__v2_upright|Éprouvette 3,Éprouvette 3,6.027759674558633,110.4624110518489,5.917283151531533,112.17099488363601,71.79288539139756,951,6.027759674558633,112.17099488363601,5.089822892355708,39.8820697061503,0.0,valid,f079e1ad9e7b266cae69363ecfeadaecbe68d6d5bbccfd002af456398713a6f5,False,valid,direct_tensile_curve_area_silver_process_not_new_chemistry,SLS_printed_thermoplastic_polyurethane,commercial_grade_known,exploratory_condition_code_detailed_mapping_incomplete,direct_tensile_toughness_silver_process,SLS_TPU_process_silver,low_weight_process_transfer_only,0.15,0.0,10.17632/wfsm6f9rbn.1|EOS TPU 1301,数据/原始/外部数据/新增开放数据/Mendeley_SLS_TPU工艺力学/结构化表格/TPU_1_edge__v2_upright.xls#sample=Éprouvette 3,e3b753bd196d20d2d13c491b9bc86e1c2ebcd8d2ab72276e1b36a2e973df51d9,CC-BY-4.0,reference-59
source_mendeley_wfsm6f9rbn_v1,EOS TPU 1301,EOS TPU 1301,TPU_1_edge__v2_upright,TPU_1_edge__v2_upright.xls,silver|TPU_1_edge__v2_upright|Éprouvette 4,Éprouvette 4,5.9733748077194395,120.81597535207402,5.920524965766945,122.56589142873418,66.42281148798729,949,5.9733748077194395,122.56589142873418,5.551689700462125,38.478077214873736,0.0,valid,6eda74219b3f5457aa2444e78ba2f9745f8097c5ddf0fdaa052b1acdee84f740,False,valid,direct_tensile_curve_area_silver_process_not_new_chemistry,SLS_printed_thermoplastic_polyurethane,commercial_grade_known,exploratory_condition_code_detailed_mapping_incomplete,direct_tensile_toughness_silver_process,SLS_TPU_process_silver,low_weight_process_transfer_only,0.15,0.0,10.17632/wfsm6f9rbn.1|EOS TPU 1301,数据/原始/外部数据/新增开放数据/Mendeley_SLS_TPU工艺力学/结构化表格/TPU_1_edge__v2_upright.xls#sample=Éprouvette 4,e3b753bd196d20d2d13c491b9bc86e1c2ebcd8d2ab72276e1b36a2e973df51d9,CC-BY-4.0,reference-59
source_mendeley_wfsm6f9rbn_v1,EOS TPU 1301,EOS TPU 1301,TPU_1_edge__v2_upright,TPU_1_edge__v2_upright.xls,silver|TPU_1_edge__v2_upright|Éprouvette 5,Éprouvette 5,5.363976282810373,95.21696212061215,5.290159960165302,96.09145285852719,60.76247522713784,882,5.363976282810373,96.09145285852719,3.819992651513414,35.753666728390556,0.0,valid,e61204d958d9733b8a3f9517aabb40899262689e53c2903f1beadf15c7f85f06,False,valid,direct_tensile_curve_area_silver_process_not_new_chemistry,SLS_printed_thermoplastic_polyurethane,commercial_grade_known,exploratory_condition_code_detailed_mapping_incomplete,direct_tensile_toughness_silver_process,SLS_TPU_process_silver,low_weight_process_transfer_only,0.15,0.0,10.17632/wfsm6f9rbn.1|EOS TPU 1301,数据/原始/外部数据/新增开放数据/Mendeley_SLS_TPU工艺力学/结构化表格/TPU_1_edge__v2_upright.xls#sample=Éprouvette 5,e3b753bd196d20d2d13c491b9bc86e1c2ebcd8d2ab72276e1b36a2e973df51d9,CC-BY-4.0,reference-59
source_mendeley_wfsm6f9rbn_v1,EOS TPU 1301,EOS TPU 1301,TPU_1_edge__v3_45,TPU_1_edge__v3_45.xls,silver|TPU_1_edge__v3_45|Éprouvette 1,Éprouvette 1,5.946612048913309,139.78050877922215,5.66804499447652,144.03049161308445,66.5696753938812,1013,5.946612048913309,144.03049161308445,6.611931391850257,39.64067669334,0.0,valid,8e90f63a50ef2c8e6602eb373cebc83122f81a1c67504ab9b9704385775d4f9e,False,valid,direct_tensile_curve_area_silver_process_not_new_chemistry,SLS_printed_thermoplastic_polyurethane,commercial_grade_known,exploratory_condition_code_detailed_mapping_incomplete,direct_tensile_toughness_silver_process,SLS_TPU_process_silver,low_weight_process_transfer_only,0.15,0.0,10.17632/wfsm6f9rbn.1|EOS TPU 1301,数据/原始/外部数据/新增开放数据/Mendeley_SLS_TPU工艺力学/结构化表格/TPU_1_edge__v3_45.xls#sample=Éprouvette 1,cce92b12fc0e33df812028f5746f2f7f58b169b420bc81a8e493606b0c7ef638,CC-BY-4.0,reference-59
source_mendeley_wfsm6f9rbn_v1,EOS TPU 1301,EOS TPU 1301,TPU_1_edge__v3_45,TPU_1_edge__v3_45.xls,silver|TPU_1_edge__v3_45|Éprouvette 2,Éprouvette 2,5.692022497003729,150.15948528656736,5.475491285324098,158.57674831757322,66.60554869314976,1050,5.692022497003729,158.57674831757322,7.095638106068717,37.83987144048241,0.0,valid,85cb6770e599e98604f1d5ec43bb6a8c5f9a793d2ff1362dea17839fd2215158,False,valid,direct_tensile_curve_area_silver_process_not_new_chemistry,SLS_printed_thermoplastic_polyurethane,commercial_grade_known,exploratory_condition_code_detailed_mapping_incomplete,direct_tensile_toughness_silver_process,SLS_TPU_process_silver,low_weight_process_transfer_only,0.15,0.0,10.17632/wfsm6f9rbn.1|EOS TPU 1301,数据/原始/外部数据/新增开放数据/Mendeley_SLS_TPU工艺力学/结构化表格/TPU_1_edge__v3_45.xls#sample=Éprouvette 2,cce92b12fc0e33df812028f5746f2f7f58b169b420bc81a8e493606b0c7ef638,CC-BY-4.0,reference-59
source_mendeley_wfsm6f9rbn_v1,EOS TPU 1301,EOS TPU 1301,TPU_1_edge__v3_45,TPU_1_edge__v3_45.xls,silver|TPU_1_edge__v3_45|Éprouvette 3,Éprouvette 3,5.705220054214703,125.87512009125203,5.629462269964496,128.50048058014363,72.95633772613384,1035,5.705220054214703,128.50048058014363,5.638906208065878,39.16425832406005,0.0,valid,cff67555b486e009c014bbae2c45933febc90c4d581ec1a647b24e9cb3a0ce4b,False,valid,direct_tensile_curve_area_silver_process_not_new_chemistry,SLS_printed_thermoplastic_polyurethane,commercial_grade_known,exploratory_condition_code_detailed_mapping_incomplete,direct_tensile_toughness_silver_process,SLS_TPU_process_silver,low_weight_process_transfer_only,0.15,0.0,10.17632/wfsm6f9rbn.1|EOS TPU 1301,数据/原始/外部数据/新增开放数据/Mendeley_SLS_TPU工艺力学/结构化表格/TPU_1_edge__v3_45.xls#sample=Éprouvette 3,cce92b12fc0e33df812028f5746f2f7f58b169b420bc81a8e493606b0c7ef638,CC-BY-4.0,reference-59
source_mendeley_wfsm6f9rbn_v1,EOS TPU 1301,EOS TPU 1301,TPU_1_edge__v3_45,TPU_1_edge__v3_45.xls,silver|TPU_1_edge__v3_45|Éprouvette 4,Éprouvette 4,5.752540702592085,140.04039658598776,5.588646508413326,143.04012192778464,71.99126677714568,1014,5.752540702592085,143.04012192778464,6.372294973843247,38.38435166128679,0.0,valid,ab0c5dcbf6d330fa682b5b0a3cc497ec0eaab0d157e4f84079f51b13a575a26c,False,valid,direct_tensile_curve_area_silver_process_not_new_chemistry,SLS_printed_thermoplastic_polyurethane,commercial_grade_known,exploratory_condition_code_detailed_mapping_incomplete,direct_tensile_toughness_silver_process,SLS_TPU_process_silver,low_weight_process_transfer_only,0.15,0.0,10.17632/wfsm6f9rbn.1|EOS TPU 1301,数据/原始/外部数据/新增开放数据/Mendeley_SLS_TPU工艺力学/结构化表格/TPU_1_edge__v3_45.xls#sample=Éprouvette 4,cce92b12fc0e33df812028f5746f2f7f58b169b420bc81a8e493606b0c7ef638,CC-BY-4.0,reference-59
source_mendeley_wfsm6f9rbn_v1,EOS TPU 1301,EOS TPU 1301,TPU_1_edge__v3_45,TPU_1_edge__v3_45.xls,silver|TPU_1_edge__v3_45|Éprouvette 5,Éprouvette 5,5.53517977354559,121.54995747585781,5.36873928542409,122.75737591763027,67.72376943478031,936,5.53517977354559,122.75737591763027,5.191793244546364,37.94145757211389,0.0,valid,09ca0a8203ef47fde5d57f1a1899b005e2e2a9383654751c00cc066baf660acb,False,valid,direct_tensile_curve_area_silver_process_not_new_chemistry,SLS_printed_thermoplastic_polyurethane,commercial_grade_known,exploratory_condition_code_detailed_mapping_incomplete,direct_tensile_toughness_silver_process,SLS_TPU_process_silver,low_weight_process_transfer_only,0.15,0.0,10.17632/wfsm6f9rbn.1|EOS TPU 1301,数据/原始/外部数据/新增开放数据/Mendeley_SLS_TPU工艺力学/结构化表格/TPU_1_edge__v3_45.xls#sample=Éprouvette 5,cce92b12fc0e33df812028f5746f2f7f58b169b420bc81a8e493606b0c7ef638,CC-BY-4.0,reference-59
source_mendeley_wfsm6f9rbn_v1,EOS TPU 1301,EOS TPU 1301,TPU_1_edge__v3_flat,TPU_1_edge__v3_flat.xls,silver|TPU_1_edge__v3_flat|Éprouvette 1,Éprouvette 1,5.202063648054488,146.1175497561926,4.811471146178672,152.2831591159338,58.115127562240374,971,5.202063648054488,152.2831591159338,5.996819317987746,32.237137608915766,0.0,valid,65f5b68d3f0c10e3e7e9d73dcd1a0114f3ef449225678ba416e09d3bb16ed0ce,False,valid,direct_tensile_curve_area_silver_process_not_new_chemistry,SLS_printed_thermoplastic_polyurethane,commercial_grade_known,exploratory_condition_code_detailed_mapping_incomplete,direct_tensile_toughness_silver_process,SLS_TPU_process_silver,low_weight_process_transfer_only,0.15,0.0,10.17632/wfsm6f9rbn.1|EOS TPU 1301,数据/原始/外部数据/新增开放数据/Mendeley_SLS_TPU工艺力学/结构化表格/TPU_1_edge__v3_flat.xls#sample=Éprouvette 1,e16c43a08bbc9cb5abadba7b0be4f3a88850411e9aad19552103b3e3cc1400f8,CC-BY-4.0,reference-59
source_mendeley_wfsm6f9rbn_v1,EOS TPU 1301,EOS TPU 1301,TPU_1_edge__v3_flat,TPU_1_edge__v3_flat.xls,silver|TPU_1_edge__v3_flat|Éprouvette 2,Éprouvette 2,4.777602075543669,125.5898525910452,4.574452889623337,129.58958174753934,54.09635788385579,1026,4.777602075543669,129.58958174753934,4.606672070657499,30.052625618730858,0.0,valid,7a60b805267c3311795f960b6c0e993a09ca30de2272123fc349f87511cd178c,False,valid,direct_tensile_curve_area_silver_process_not_new_chemistry,SLS_printed_thermoplastic_polyurethane,commercial_grade_known,exploratory_condition_code_detailed_mapping_incomplete,direct_tensile_toughness_silver_process,SLS_TPU_process_silver,low_weight_process_transfer_only,0.15,0.0,10.17632/wfsm6f9rbn.1|EOS TPU 1301,数据/原始/外部数据/新增开放数据/Mendeley_SLS_TPU工艺力学/结构化表格/TPU_1_edge__v3_flat.xls#sample=Éprouvette 2,e16c43a08bbc9cb5abadba7b0be4f3a88850411e9aad19552103b3e3cc1400f8,CC-BY-4.0,reference-59
source_mendeley_wfsm6f9rbn_v1,EOS TPU 1301,EOS TPU 1301,TPU_1_edge__v3_flat,TPU_1_edge__v3_flat.xls,silver|TPU_1_edge__v3_flat|Éprouvette 3,Éprouvette 3,4.754858890225781,129.15753367479192,4.6229692632860715,132.24140170152532,52.129460043813275,927,4.754858890225781,132.24140170152532,4.6829012073578395,29.68021243708116,0.0,valid,8930697083365eadc31bb92f74306468f65e3ad18f09d2e3e042bd011c49e66a,False,valid,direct_tensile_curve_area_silver_process_not_new_chemistry,SLS_printed_thermoplastic_polyurethane,commercial_grade_known,exploratory_condition_code_detailed_mapping_incomplete,direct_tensile_toughness_silver_process,SLS_TPU_process_silver,low_weight_process_transfer_only,0.15,0.0,10.17632/wfsm6f9rbn.1|EOS TPU 1301,数据/原始/外部数据/新增开放数据/Mendeley_SLS_TPU工艺力学/结构化表格/TPU_1_edge__v3_flat.xls#sample=Éprouvette 3,e16c43a08bbc9cb5abadba7b0be4f3a88850411e9aad19552103b3e3cc1400f8,CC-BY-4.0,reference-59
source_mendeley_wfsm6f9rbn_v1,EOS TPU 1301,EOS TPU 1301,TPU_1_edge__v3_flat,TPU_1_edge__v3_flat.xls,silver|TPU_1_edge__v3_flat|Éprouvette 4,Éprouvette 4,5.669674671387828,171.81621225201525,5.58401735109123,176.649891451234,59.1419431645997,1102,5.669674671387828,176.649891451234,7.688402141266516,34.86048209919513,0.0,valid,f0b55831e1e3048516cefdaa5a503666d9558ae5a255525289ba8a71537224f4,False,valid,direct_tensile_curve_area_silver_process_not_new_chemistry,SLS_printed_thermoplastic_polyurethane,commercial_grade_known,exploratory_condition_code_detailed_mapping_incomplete,direct_tensile_toughness_silver_process,SLS_TPU_process_silver,low_weight_process_transfer_only,0.15,0.0,10.17632/wfsm6f9rbn.1|EOS TPU 1301,数据/原始/外部数据/新增开放数据/Mendeley_SLS_TPU工艺力学/结构化表格/TPU_1_edge__v3_flat.xls#sample=Éprouvette 4,e16c43a08bbc9cb5abadba7b0be4f3a88850411e9aad19552103b3e3cc1400f8,CC-BY-4.0,reference-59
source_mendeley_wfsm6f9rbn_v1,EOS TPU 1301,EOS TPU 1301,TPU_1_edge__v3_flat,TPU_1_edge__v3_flat.xls,silver|TPU_1_edge__v3_flat|Éprouvette 5,Éprouvette 5,5.536407130394637,159.9050457320991,5.488846825156215,162.9051620803657,60.27576756953294,1028,5.536407130394637,162.9051620803657,6.841129398619008,34.34508608702244,0.0,valid,5cf7dc9e64eac9bdc81102e115a6879827f3dad677b23f7b83cb1e00d7528a48,False,valid,direct_tensile_curve_area_silver_process_not_new_chemistry,SLS_printed_thermoplastic_polyurethane,commercial_grade_known,exploratory_condition_code_detailed_mapping_incomplete,direct_tensile_toughness_silver_process,SLS_TPU_process_silver,low_weight_process_transfer_only,0.15,0.0,10.17632/wfsm6f9rbn.1|EOS TPU 1301,数据/原始/外部数据/新增开放数据/Mendeley_SLS_TPU工艺力学/结构化表格/TPU_1_edge__v3_flat.xls#sample=Éprouvette 5,e16c43a08bbc9cb5abadba7b0be4f3a88850411e9aad19552103b3e3cc1400f8,CC-BY-4.0,reference-59
source_mendeley_wfsm6f9rbn_v1,EOS TPU 1301,EOS TPU 1301,TPU_1_edge__v3_on-edge,TPU_1_edge__v3_on-edge.xls,silver|TPU_1_edge__v3_on-edge|Éprouvette 1,Éprouvette 1,5.711906969729548,178.85131152253598,5.666749042351554,183.10096057038754,61.07736520490508,1047,5.711906969729548,183.10096057038754,7.936047714863497,32.80663599027928,0.0,valid,14edcf5d53db3f1981e12b63fa7c28c6eceaaa8561ba1f2ca12a3bf20abd40fb,False,valid,direct_tensile_curve_area_silver_process_not_new_chemistry,SLS_printed_thermoplastic_polyurethane,commercial_grade_known,exploratory_condition_code_detailed_mapping_incomplete,direct_tensile_toughness_silver_process,SLS_TPU_process_silver,low_weight_process_transfer_only,0.15,0.0,10.17632/wfsm6f9rbn.1|EOS TPU 1301,数据/原始/外部数据/新增开放数据/Mendeley_SLS_TPU工艺力学/结构化表格/TPU_1_edge__v3_on-edge.xls#sample=Éprouvette 1,dc14b6e04a6419c7a8f1b97ce4a245b41a235c546ccde70d9c91cb85668bfc7e,CC-BY-4.0,reference-59
source_mendeley_wfsm6f9rbn_v1,EOS TPU 1301,EOS TPU 1301,TPU_1_edge__v3_on-edge,TPU_1_edge__v3_on-edge.xls,silver|TPU_1_edge__v3_on-edge|Éprouvette 2,Éprouvette 2,6.139860821825992,193.8007574484218,6.0222230029917485,200.34248642181046,59.60319405402251,1126,6.139860821825992,200.34248642181046,9.42179113826541,35.44989366327287,0.0,valid,d62a9f21caf6dd229ce7257c1aa51dd77c80307b8642bb52e48a7b2d2121afa0,False,valid,direct_tensile_curve_area_silver_process_not_new_chemistry,SLS_printed_thermoplastic_polyurethane,commercial_grade_known,exploratory_condition_code_detailed_mapping_incomplete,direct_tensile_toughness_silver_process,SLS_TPU_process_silver,low_weight_process_transfer_only,0.15,0.0,10.17632/wfsm6f9rbn.1|EOS TPU 1301,数据/原始/外部数据/新增开放数据/Mendeley_SLS_TPU工艺力学/结构化表格/TPU_1_edge__v3_on-edge.xls#sample=Éprouvette 2,dc14b6e04a6419c7a8f1b97ce4a245b41a235c546ccde70d9c91cb85668bfc7e,CC-BY-4.0,reference-59
source_mendeley_wfsm6f9rbn_v1,EOS TPU 1301,EOS TPU 1301,TPU_1_edge__v3_on-edge,TPU_1_edge__v3_on-edge.xls,silver|TPU_1_edge__v3_on-edge|Éprouvette 3,Éprouvette 3,5.480620720811851,155.98326698481105,5.395179622838566,158.4414865130093,56.83012995660183,1048,5.480620720811851,158.4414865130093,6.460917922615136,31.811614332231937,0.0,valid,659288e15619b3347d6f7728f875f17aeb5e8ae51290106d65e4cd6f2fd8fbcb,False,valid,direct_tensile_curve_area_silver_process_not_new_chemistry,SLS_printed_thermoplastic_polyurethane,commercial_grade_known,exploratory_condition_code_detailed_mapping_incomplete,direct_tensile_toughness_silver_process,SLS_TPU_process_silver,low_weight_process_transfer_only,0.15,0.0,10.17632/wfsm6f9rbn.1|EOS TPU 1301,数据/原始/外部数据/新增开放数据/Mendeley_SLS_TPU工艺力学/结构化表格/TPU_1_edge__v3_on-edge.xls#sample=Éprouvette 3,dc14b6e04a6419c7a8f1b97ce4a245b41a235c546ccde70d9c91cb85668bfc7e,CC-BY-4.0,reference-59
source_mendeley_wfsm6f9rbn_v1,EOS TPU 1301,EOS TPU 1301,TPU_1_edge__v3_on-edge,TPU_1_edge__v3_on-edge.xls,silver|TPU_1_edge__v3_on-edge|Éprouvette 4,Éprouvette 4,5.781624297721091,183.8938373620622,5.529665763808456,188.97697868896648,60.5267267197138,1087,5.781624297721091,188.97697868896648,8.33433824401506,33.31648981040834,0.0,valid,55beddf2ffc58de9ff872a8d3b0859f55fa4dea9112b74387f81e7ece30225ef,False,valid,direct_tensile_curve_area_silver_process_not_new_chemistry,SLS_printed_thermoplastic_polyurethane,commercial_grade_known,exploratory_condition_code_detailed_mapping_incomplete,direct_tensile_toughness_silver_process,SLS_TPU_process_silver,low_weight_process_transfer_only,0.15,0.0,10.17632/wfsm6f9rbn.1|EOS TPU 1301,数据/原始/外部数据/新增开放数据/Mendeley_SLS_TPU工艺力学/结构化表格/TPU_1_edge__v3_on-edge.xls#sample=Éprouvette 4,dc14b6e04a6419c7a8f1b97ce4a245b41a235c546ccde70d9c91cb85668bfc7e,CC-BY-4.0,reference-59
source_mendeley_wfsm6f9rbn_v1,EOS TPU 1301,EOS TPU 1301,TPU_1_edge__v3_on-edge,TPU_1_edge__v3_on-edge.xls,silver|TPU_1_edge__v3_on-edge|Éprouvette 5,Éprouvette 5,5.699280455121336,169.53155990957748,5.296421239035271,177.40629669546615,57.54710096217981,1049,5.699280455121336,177.40629669546615,7.664527633084192,33.15719737216739,0.0,valid,db1d1e4c540b76587fa9fc0c32a4d27ea95378b2340c6809e0e2042f2be2fffc,False,valid,direct_tensile_curve_area_silver_process_not_new_chemistry,SLS_printed_thermoplastic_polyurethane,commercial_grade_known,exploratory_condition_code_detailed_mapping_incomplete,direct_tensile_toughness_silver_process,SLS_TPU_process_silver,low_weight_process_transfer_only,0.15,0.0,10.17632/wfsm6f9rbn.1|EOS TPU 1301,数据/原始/外部数据/新增开放数据/Mendeley_SLS_TPU工艺力学/结构化表格/TPU_1_edge__v3_on-edge.xls#sample=Éprouvette 5,dc14b6e04a6419c7a8f1b97ce4a245b41a235c546ccde70d9c91cb85668bfc7e,CC-BY-4.0,reference-59
source_mendeley_wfsm6f9rbn_v1,EOS TPU 1301,EOS TPU 1301,TPU_1_edge__v3_upright,TPU_1_edge__v3_upright.xls,silver|TPU_1_edge__v3_upright|Éprouvette 1,Éprouvette 1,2.788672272049571,47.51050776371267,2.719827566646473,48.92767733463552,38.58212945600123,635,2.788672272049571,48.92767733463552,0.9195407023906442,19.7056715790354,0.0,valid,a6d3f1ba3714a1527ffda2769afe222ab6b541ad8f1fe2ca91f3b3dfa4ce4a9f,False,valid,direct_tensile_curve_area_silver_process_not_new_chemistry,SLS_printed_thermoplastic_polyurethane,commercial_grade_known,exploratory_condition_code_detailed_mapping_incomplete,direct_tensile_toughness_silver_process,SLS_TPU_process_silver,low_weight_process_transfer_only,0.15,0.0,10.17632/wfsm6f9rbn.1|EOS TPU 1301,数据/原始/外部数据/新增开放数据/Mendeley_SLS_TPU工艺力学/结构化表格/TPU_1_edge__v3_upright.xls#sample=Éprouvette 1,7bb65a77ef03cc9b9ae7d97c1b2bf797b3d7b41cab623c6a5c7c3cad42bb8c5d,CC-BY-4.0,reference-59
source_mendeley_wfsm6f9rbn_v1,EOS TPU 1301,EOS TPU 1301,TPU_1_edge__v3_upright,TPU_1_edge__v3_upright.xls,silver|TPU_1_edge__v3_upright|Éprouvette 2,Éprouvette 2,3.8719678092261187,48.97852478531422,3.6780012725188214,49.85350189713063,60.25745911995884,685,3.8719678092261187,49.85350189713063,1.3546215874332042,29.452105464815588,0.0,valid,ce0f45fd89614c7435cb3f64e5ad131b7c23ef8b9c7c7142560ff5f75d2f7654,False,valid,direct_tensile_curve_area_silver_process_not_new_chemistry,SLS_printed_thermoplastic_polyurethane,commercial_grade_known,exploratory_condition_code_detailed_mapping_incomplete,direct_tensile_toughness_silver_process,SLS_TPU_process_silver,low_weight_process_transfer_only,0.15,0.0,10.17632/wfsm6f9rbn.1|EOS TPU 1301,数据/原始/外部数据/新增开放数据/Mendeley_SLS_TPU工艺力学/结构化表格/TPU_1_edge__v3_upright.xls#sample=Éprouvette 2,7bb65a77ef03cc9b9ae7d97c1b2bf797b3d7b41cab623c6a5c7c3cad42bb8c5d,CC-BY-4.0,reference-59
source_mendeley_wfsm6f9rbn_v1,EOS TPU 1301,EOS TPU 1301,TPU_1_edge__v3_upright,TPU_1_edge__v3_upright.xls,silver|TPU_1_edge__v3_upright|Éprouvette 3,Éprouvette 3,2.9279939495795686,37.22065109806135,2.8929362833027548,37.67896313266829,46.774054125996805,635,2.9279939495795686,37.67896313266829,0.7306507352719696,24.282651257229073,0.0,valid,573aeb64b5307f20e3d02f7c2d3971034ec25ddf0faf857d32eb9a06da127e3a,False,valid,direct_tensile_curve_area_silver_process_not_new_chemistry,SLS_printed_thermoplastic_polyurethane,commercial_grade_known,exploratory_condition_code_detailed_mapping_incomplete,direct_tensile_toughness_silver_process,SLS_TPU_process_silver,low_weight_process_transfer_only,0.15,0.0,10.17632/wfsm6f9rbn.1|EOS TPU 1301,数据/原始/外部数据/新增开放数据/Mendeley_SLS_TPU工艺力学/结构化表格/TPU_1_edge__v3_upright.xls#sample=Éprouvette 3,7bb65a77ef03cc9b9ae7d97c1b2bf797b3d7b41cab623c6a5c7c3cad42bb8c5d,CC-BY-4.0,reference-59
source_mendeley_wfsm6f9rbn_v1,EOS TPU 1301,EOS TPU 1301,TPU_1_edge__v3_upright,TPU_1_edge__v3_upright.xls,silver|TPU_1_edge__v3_upright|Éprouvette 4,Éprouvette 4,2.9659888736554287,38.922354015521705,2.928958594344044,40.58904770296067,45.3278459170464,603,2.9659888736554287,40.58904770296067,0.8046749235446959,24.18369273805441,0.0,valid,3daee6c4170ef996dde0a5c28f84e6e757c3417d4d5d290e3e11846781047d64,False,valid,direct_tensile_curve_area_silver_process_not_new_chemistry,SLS_printed_thermoplastic_polyurethane,commercial_grade_known,exploratory_condition_code_detailed_mapping_incomplete,direct_tensile_toughness_silver_process,SLS_TPU_process_silver,low_weight_process_transfer_only,0.15,0.0,10.17632/wfsm6f9rbn.1|EOS TPU 1301,数据/原始/外部数据/新增开放数据/Mendeley_SLS_TPU工艺力学/结构化表格/TPU_1_edge__v3_upright.xls#sample=Éprouvette 4,7bb65a77ef03cc9b9ae7d97c1b2bf797b3d7b41cab623c6a5c7c3cad42bb8c5d,CC-BY-4.0,reference-59
source_mendeley_wfsm6f9rbn_v1,EOS TPU 1301,EOS TPU 1301,TPU_1_edge__v3_upright,TPU_1_edge__v3_upright.xls,silver|TPU_1_edge__v3_upright|Éprouvette 5,Éprouvette 5,3.9258293780801976,49.95068646618165,3.9095472238899767,50.701008808100596,55.65453235316947,699,3.9258293780801976,50.701008808100596,1.4015413845797604,31.3597098451903,0.0,valid,684213e4832dc824efc177d25c17178bb5a61c530d1b2bcafb9d4380117493da,False,valid,direct_tensile_curve_area_silver_process_not_new_chemistry,SLS_printed_thermoplastic_polyurethane,commercial_grade_known,exploratory_condition_code_detailed_mapping_incomplete,direct_tensile_toughness_silver_process,SLS_TPU_process_silver,low_weight_process_transfer_only,0.15,0.0,10.17632/wfsm6f9rbn.1|EOS TPU 1301,数据/原始/外部数据/新增开放数据/Mendeley_SLS_TPU工艺力学/结构化表格/TPU_1_edge__v3_upright.xls#sample=Éprouvette 5,7bb65a77ef03cc9b9ae7d97c1b2bf797b3d7b41cab623c6a5c7c3cad42bb8c5d,CC-BY-4.0,reference-59
source_mendeley_wfsm6f9rbn_v1,EOS TPU 1301,EOS TPU 1301,TPU_1_edge_flat,TPU_1_edge_flat.xls,silver|TPU_1_edge_flat|Éprouvette 1,Éprouvette 1,8.126253070253313,293.1907746512443,7.932352954034305,299.02396175451577,86.72131845918574,1511,8.126253070253313,299.02396175451577,19.122395629163787,45.93943565352974,0.0,valid,d112a04bafced4cc2c73189127622c68483b730381980467affd085eec368c21,False,valid,direct_tensile_curve_area_silver_process_not_new_chemistry,SLS_printed_thermoplastic_polyurethane,commercial_grade_known,exploratory_condition_code_detailed_mapping_incomplete,direct_tensile_toughness_silver_process,SLS_TPU_process_silver,low_weight_process_transfer_only,0.15,0.0,10.17632/wfsm6f9rbn.1|EOS TPU 1301,数据/原始/外部数据/新增开放数据/Mendeley_SLS_TPU工艺力学/结构化表格/TPU_1_edge_flat.xls#sample=Éprouvette 1,4ee44fe9504894f7269407df0bf3547447c89917098dc09e8273465594ecaf58,CC-BY-4.0,reference-59
source_mendeley_wfsm6f9rbn_v1,EOS TPU 1301,EOS TPU 1301,TPU_1_edge_flat,TPU_1_edge_flat.xls,silver|TPU_1_edge_flat|Éprouvette 2,Éprouvette 2,8.218393213182257,319.07687108870596,8.047427771226417,329.9517909800634,80.25919944389655,1539,8.218393213182257,329.9517909800634,21.39006828005343,45.32634860016888,0.0,valid,7fc02b242cb732ce0ccc8b1f594487262f0ee01290b2945bc34c36519d97c2d7,False,valid,direct_tensile_curve_area_silver_process_not_new_chemistry,SLS_printed_thermoplastic_polyurethane,commercial_grade_known,exploratory_condition_code_detailed_mapping_incomplete,direct_tensile_toughness_silver_process,SLS_TPU_process_silver,low_weight_process_transfer_only,0.15,0.0,10.17632/wfsm6f9rbn.1|EOS TPU 1301,数据/原始/外部数据/新增开放数据/Mendeley_SLS_TPU工艺力学/结构化表格/TPU_1_edge_flat.xls#sample=Éprouvette 2,4ee44fe9504894f7269407df0bf3547447c89917098dc09e8273465594ecaf58,CC-BY-4.0,reference-59
source_mendeley_wfsm6f9rbn_v1,EOS TPU 1301,EOS TPU 1301,TPU_1_edge_flat,TPU_1_edge_flat.xls,silver|TPU_1_edge_flat|Éprouvette 3,Éprouvette 3,8.22464918298475,327.5739937117323,7.991610794992402,332.3656349470839,86.29249872564873,1819,8.22464918298475,332.3656349470839,21.639463377687647,46.22055730879056,0.0,valid,b1803d9104d7ec71bae69b3e1185e8faaaae3a2fe672c7a7cb273247fb63a069,False,valid,direct_tensile_curve_area_silver_process_not_new_chemistry,SLS_printed_thermoplastic_polyurethane,commercial_grade_known,exploratory_condition_code_detailed_mapping_incomplete,direct_tensile_toughness_silver_process,SLS_TPU_process_silver,low_weight_process_transfer_only,0.15,0.0,10.17632/wfsm6f9rbn.1|EOS TPU 1301,数据/原始/外部数据/新增开放数据/Mendeley_SLS_TPU工艺力学/结构化表格/TPU_1_edge_flat.xls#sample=Éprouvette 3,4ee44fe9504894f7269407df0bf3547447c89917098dc09e8273465594ecaf58,CC-BY-4.0,reference-59
source_mendeley_wfsm6f9rbn_v1,EOS TPU 1301,EOS TPU 1301,TPU_1_edge_flat,TPU_1_edge_flat.xls,silver|TPU_1_edge_flat|Éprouvette 4,Éprouvette 4,8.068960262519289,305.5794180771336,7.894864636354423,312.0796622177586,84.84800031623732,1518,8.068960262519289,312.0796622177586,19.85233174393945,44.9200079530748,0.0,valid,b39e2d734a029beb50c54871ced4cdca542da8e8d8c71a94e895de4c256a2070,False,valid,direct_tensile_curve_area_silver_process_not_new_chemistry,SLS_printed_thermoplastic_polyurethane,commercial_grade_known,exploratory_condition_code_detailed_mapping_incomplete,direct_tensile_toughness_silver_process,SLS_TPU_process_silver,low_weight_process_transfer_only,0.15,0.0,10.17632/wfsm6f9rbn.1|EOS TPU 1301,数据/原始/外部数据/新增开放数据/Mendeley_SLS_TPU工艺力学/结构化表格/TPU_1_edge_flat.xls#sample=Éprouvette 4,4ee44fe9504894f7269407df0bf3547447c89917098dc09e8273465594ecaf58,CC-BY-4.0,reference-59
source_mendeley_wfsm6f9rbn_v1,EOS TPU 1301,EOS TPU 1301,TPU_1_edge_flat,TPU_1_edge_flat.xls,silver|TPU_1_edge_flat|Éprouvette 5,Éprouvette 5,8.356623782439888,319.10919040907174,8.01364921287639,331.35921329725534,83.8362574991846,1617,8.356623782439888,331.35921329725534,21.84142483653189,46.181239755722494,0.0,valid,d069720109a84d84d1361522fe1a121d5cd698bb94a10450f7bf395223213919,False,valid,direct_tensile_curve_area_silver_process_not_new_chemistry,SLS_printed_thermoplastic_polyurethane,commercial_grade_known,exploratory_condition_code_detailed_mapping_incomplete,direct_tensile_toughness_silver_process,SLS_TPU_process_silver,low_weight_process_transfer_only,0.15,0.0,10.17632/wfsm6f9rbn.1|EOS TPU 1301,数据/原始/外部数据/新增开放数据/Mendeley_SLS_TPU工艺力学/结构化表格/TPU_1_edge_flat.xls#sample=Éprouvette 5,4ee44fe9504894f7269407df0bf3547447c89917098dc09e8273465594ecaf58,CC-BY-4.0,reference-59
source_mendeley_wfsm6f9rbn_v1,EOS TPU 1301,EOS TPU 1301,TPU_1_edge_on-edge,TPU_1_edge_on-edge.xls,silver|TPU_1_edge_on-edge|Éprouvette 1,Éprouvette 1,8.16066609857805,317.1862767194398,8.012111905559845,322.3107312177308,78.38226044024266,1512,8.16066609857805,322.3107312177308,20.784968178793548,45.36937356594147,0.0,valid,7e7a714f785a39cb395cccdb6ab2d7d7de4422b8b2b52b680cd7abdb2115383d,False,valid,direct_tensile_curve_area_silver_process_not_new_chemistry,SLS_printed_thermoplastic_polyurethane,commercial_grade_known,exploratory_condition_code_detailed_mapping_incomplete,direct_tensile_toughness_silver_process,SLS_TPU_process_silver,low_weight_process_transfer_only,0.15,0.0,10.17632/wfsm6f9rbn.1|EOS TPU 1301,数据/原始/外部数据/新增开放数据/Mendeley_SLS_TPU工艺力学/结构化表格/TPU_1_edge_on-edge.xls#sample=Éprouvette 1,f33e608deab46c1af4f0c083e39c30d3cc212445c101c3b00dbda74f6cd3566f,CC-BY-4.0,reference-59
source_mendeley_wfsm6f9rbn_v1,EOS TPU 1301,EOS TPU 1301,TPU_1_edge_on-edge,TPU_1_edge_on-edge.xls,silver|TPU_1_edge_on-edge|Éprouvette 2,Éprouvette 2,8.125122011699993,314.6549017284997,8.001812899463765,320.36336730467156,75.44363497697411,1498,8.125122011699993,320.36336730467156,20.580688534853728,45.29620148729481,0.0,valid,e6d8e7e5d453180a1646d797994f86fdc23690b868a04212baa50b5846b9e04b,False,valid,direct_tensile_curve_area_silver_process_not_new_chemistry,SLS_printed_thermoplastic_polyurethane,commercial_grade_known,exploratory_condition_code_detailed_mapping_incomplete,direct_tensile_toughness_silver_process,SLS_TPU_process_silver,low_weight_process_transfer_only,0.15,0.0,10.17632/wfsm6f9rbn.1|EOS TPU 1301,数据/原始/外部数据/新增开放数据/Mendeley_SLS_TPU工艺力学/结构化表格/TPU_1_edge_on-edge.xls#sample=Éprouvette 2,f33e608deab46c1af4f0c083e39c30d3cc212445c101c3b00dbda74f6cd3566f,CC-BY-4.0,reference-59
source_mendeley_wfsm6f9rbn_v1,EOS TPU 1301,EOS TPU 1301,TPU_1_edge_on-edge,TPU_1_edge_on-edge.xls,silver|TPU_1_edge_on-edge|Éprouvette 3,Éprouvette 3,8.016365835502732,310.48521641641855,7.874946256654451,315.56856755167246,75.87955549374502,1534,8.016365835502732,315.56856755167246,19.888209099652578,44.35593684557401,0.0,valid,3258aab0616f49a99f4dbe7a759fdf6cbf8a6e30995581a7ac5bcfc5fd529877,False,valid,direct_tensile_curve_area_silver_process_not_new_chemistry,SLS_printed_thermoplastic_polyurethane,commercial_grade_known,exploratory_condition_code_detailed_mapping_incomplete,direct_tensile_toughness_silver_process,SLS_TPU_process_silver,low_weight_process_transfer_only,0.15,0.0,10.17632/wfsm6f9rbn.1|EOS TPU 1301,数据/原始/外部数据/新增开放数据/Mendeley_SLS_TPU工艺力学/结构化表格/TPU_1_edge_on-edge.xls#sample=Éprouvette 3,f33e608deab46c1af4f0c083e39c30d3cc212445c101c3b00dbda74f6cd3566f,CC-BY-4.0,reference-59
source_mendeley_wfsm6f9rbn_v1,EOS TPU 1301,EOS TPU 1301,TPU_1_edge_on-edge,TPU_1_edge_on-edge.xls,silver|TPU_1_edge_on-edge|Éprouvette 4,Éprouvette 4,7.85053665768987,341.51362971402705,7.724912207960589,347.430606642738,71.55488762078447,1650,7.85053665768987,347.430606642738,21.607886578857606,43.65403819215602,0.0,valid,c8f7e6d7304b2d2127cc764a6ed249ec6d5caf418e561beffb9e6bd123f1cb8a,False,valid,direct_tensile_curve_area_silver_process_not_new_chemistry,SLS_printed_thermoplastic_polyurethane,commercial_grade_known,exploratory_condition_code_detailed_mapping_incomplete,direct_tensile_toughness_silver_process,SLS_TPU_process_silver,low_weight_process_transfer_only,0.15,0.0,10.17632/wfsm6f9rbn.1|EOS TPU 1301,数据/原始/外部数据/新增开放数据/Mendeley_SLS_TPU工艺力学/结构化表格/TPU_1_edge_on-edge.xls#sample=Éprouvette 4,f33e608deab46c1af4f0c083e39c30d3cc212445c101c3b00dbda74f6cd3566f,CC-BY-4.0,reference-59
source_mendeley_wfsm6f9rbn_v1,EOS TPU 1301,EOS TPU 1301,TPU_1_edge_on-edge,TPU_1_edge_on-edge.xls,silver|TPU_1_edge_on-edge|Éprouvette 5,Éprouvette 5,7.7413938749023545,296.48326300270855,7.317083101746039,304.6500148642808,69.3271755178935,1510,7.7413938749023545,304.6500148642808,18.52143305362389,42.817046557784124,0.0,valid,270a1a617b890a3d3dfa7d382687a78fff1dc7a9b07d37783a8e58943d183d6b,False,valid,direct_tensile_curve_area_silver_process_not_new_chemistry,SLS_printed_thermoplastic_polyurethane,commercial_grade_known,exploratory_condition_code_detailed_mapping_incomplete,direct_tensile_toughness_silver_process,SLS_TPU_process_silver,low_weight_process_transfer_only,0.15,0.0,10.17632/wfsm6f9rbn.1|EOS TPU 1301,数据/原始/外部数据/新增开放数据/Mendeley_SLS_TPU工艺力学/结构化表格/TPU_1_edge_on-edge.xls#sample=Éprouvette 5,f33e608deab46c1af4f0c083e39c30d3cc212445c101c3b00dbda74f6cd3566f,CC-BY-4.0,reference-59
source_mendeley_wfsm6f9rbn_v1,EOS TPU 1301,EOS TPU 1301,TPU_1_edge_upright,TPU_1_edge_upright.xls,silver|TPU_1_edge_upright|Éprouvette 1,Éprouvette 1,6.337363434874494,153.17478157998994,5.934207659700642,157.8001687717624,72.738273362493,1161,6.337363434874494,157.8001687717624,7.845979751713891,42.07577068075423,0.0,valid,5f2923e2004523256d8ce0258766029ed06090df40ee1bcc8687eacfce2d0036,False,valid,direct_tensile_curve_area_silver_process_not_new_chemistry,SLS_printed_thermoplastic_polyurethane,commercial_grade_known,exploratory_condition_code_detailed_mapping_incomplete,direct_tensile_toughness_silver_process,SLS_TPU_process_silver,low_weight_process_transfer_only,0.15,0.0,10.17632/wfsm6f9rbn.1|EOS TPU 1301,数据/原始/外部数据/新增开放数据/Mendeley_SLS_TPU工艺力学/结构化表格/TPU_1_edge_upright.xls#sample=Éprouvette 1,fc8caa1a27ae8108f16ffd98184b373a76abebe3a99fca73f82c7731cdade16a,CC-BY-4.0,reference-59
source_mendeley_wfsm6f9rbn_v1,EOS TPU 1301,EOS TPU 1301,TPU_1_edge_upright,TPU_1_edge_upright.xls,silver|TPU_1_edge_upright|Éprouvette 2,Éprouvette 2,6.440329442342457,154.54553612042218,6.390149378429302,157.6282311277464,70.51665070810873,1160,6.440329442342457,157.6282311277464,7.882278203189237,42.24359121468519,0.0,valid,cef678dcaf13503b1f686dbd6e3a5cc7accd95089d59519767b2e0fd9bd75d69,False,valid,direct_tensile_curve_area_silver_process_not_new_chemistry,SLS_printed_thermoplastic_polyurethane,commercial_grade_known,exploratory_condition_code_detailed_mapping_incomplete,direct_tensile_toughness_silver_process,SLS_TPU_process_silver,low_weight_process_transfer_only,0.15,0.0,10.17632/wfsm6f9rbn.1|EOS TPU 1301,数据/原始/外部数据/新增开放数据/Mendeley_SLS_TPU工艺力学/结构化表格/TPU_1_edge_upright.xls#sample=Éprouvette 2,fc8caa1a27ae8108f16ffd98184b373a76abebe3a99fca73f82c7731cdade16a,CC-BY-4.0,reference-59
source_mendeley_wfsm6f9rbn_v1,EOS TPU 1301,EOS TPU 1301,TPU_1_edge_upright,TPU_1_edge_upright.xls,silver|TPU_1_edge_upright|Éprouvette 3,Éprouvette 3,6.33722123642831,143.64929578686133,6.2519120136128485,146.35754964733496,65.4118653876605,1027,6.33722123642831,146.35754964733496,7.195429732218212,41.25831090076051,0.0,valid,2ecd80c3d33d02b1151471b3fca0f3fd63f374fab27920465c169e91f21fc96b,False,valid,direct_tensile_curve_area_silver_process_not_new_chemistry,SLS_printed_thermoplastic_polyurethane,commercial_grade_known,exploratory_condition_code_detailed_mapping_incomplete,direct_tensile_toughness_silver_process,SLS_TPU_process_silver,low_weight_process_transfer_only,0.15,0.0,10.17632/wfsm6f9rbn.1|EOS TPU 1301,数据/原始/外部数据/新增开放数据/Mendeley_SLS_TPU工艺力学/结构化表格/TPU_1_edge_upright.xls#sample=Éprouvette 3,fc8caa1a27ae8108f16ffd98184b373a76abebe3a99fca73f82c7731cdade16a,CC-BY-4.0,reference-59
source_mendeley_wfsm6f9rbn_v1,EOS TPU 1301,EOS TPU 1301,TPU_1_edge_upright,TPU_1_edge_upright.xls,silver|TPU_1_edge_upright|Éprouvette 4,Éprouvette 4,6.485063512026352,149.68959467392415,6.421651461073382,154.64788095932454,70.86297407873307,1099,6.485063512026352,154.64788095932454,7.765263716094514,42.0164465248462,0.0,valid,51593ec631d1efd54f1582764d34a260d6b338933c4405ac89e5d57132cef5b3,False,valid,direct_tensile_curve_area_silver_process_not_new_chemistry,SLS_printed_thermoplastic_polyurethane,commercial_grade_known,exploratory_condition_code_detailed_mapping_incomplete,direct_tensile_toughness_silver_process,SLS_TPU_process_silver,low_weight_process_transfer_only,0.15,0.0,10.17632/wfsm6f9rbn.1|EOS TPU 1301,数据/原始/外部数据/新增开放数据/Mendeley_SLS_TPU工艺力学/结构化表格/TPU_1_edge_upright.xls#sample=Éprouvette 4,fc8caa1a27ae8108f16ffd98184b373a76abebe3a99fca73f82c7731cdade16a,CC-BY-4.0,reference-59
source_mendeley_wfsm6f9rbn_v1,EOS TPU 1301,EOS TPU 1301,TPU_1_edge_upright,TPU_1_edge_upright.xls,silver|TPU_1_edge_upright|Éprouvette 5,Éprouvette 5,6.3016551110880945,148.7049359891098,6.001664258888602,151.49682708713226,64.2081991286401,1092,6.3016551110880945,151.49682708713226,7.322889901525785,39.23109591402335,0.0,valid,2335b1f073bc184f53c0f4f3aaaaed4f9274eddf45b11db5b07e4adb9021bb6e,False,valid,direct_tensile_curve_area_silver_process_not_new_chemistry,SLS_printed_thermoplastic_polyurethane,commercial_grade_known,exploratory_condition_code_detailed_mapping_incomplete,direct_tensile_toughness_silver_process,SLS_TPU_process_silver,low_weight_process_transfer_only,0.15,0.0,10.17632/wfsm6f9rbn.1|EOS TPU 1301,数据/原始/外部数据/新增开放数据/Mendeley_SLS_TPU工艺力学/结构化表格/TPU_1_edge_upright.xls#sample=Éprouvette 5,fc8caa1a27ae8108f16ffd98184b373a76abebe3a99fca73f82c7731cdade16a,CC-BY-4.0,reference-59
source_mendeley_wfsm6f9rbn_v1,EOS TPU 1301,EOS TPU 1301,TPU_2,TPU_2.xls,silver|TPU_2|Éprouvette 1,Éprouvette 1,4.87472353116879,178.79752360843122,4.785253686547514,185.92307292483747,46.63016359145527,1011,4.87472353116879,185.92307292483747,6.838241145447173,27.012159437987233,0.0,valid,dcc67d6f93d3248cb542bc3e6bb811096cae1382ffcf369e3a5146fafc129e01,False,valid,direct_tensile_curve_area_silver_process_not_new_chemistry,SLS_printed_thermoplastic_polyurethane,commercial_grade_known,exploratory_condition_code_detailed_mapping_incomplete,direct_tensile_toughness_silver_process,SLS_TPU_process_silver,low_weight_process_transfer_only,0.15,0.0,10.17632/wfsm6f9rbn.1|EOS TPU 1301,数据/原始/外部数据/新增开放数据/Mendeley_SLS_TPU工艺力学/结构化表格/TPU_2.xls#sample=Éprouvette 1,626a59857779d5a3b98aceca7c233930aca7c620b4a18dc25fdd352bfec8dd7c,CC-BY-4.0,reference-59
source_mendeley_wfsm6f9rbn_v1,EOS TPU 1301,EOS TPU 1301,TPU_2,TPU_2.xls,silver|TPU_2|Éprouvette 2,Éprouvette 2,4.987215959424833,171.6799196396023,4.854725527599062,179.97158376313746,44.32491685773078,985,4.987215959424833,179.97158376313746,6.732352053246468,29.54260440277963,0.0,valid,3796e9070aba474b5285cd683b0f40191e095c9cc7b2326a9c0573606c530ca8,False,valid,direct_tensile_curve_area_silver_process_not_new_chemistry,SLS_printed_thermoplastic_polyurethane,commercial_grade_known,exploratory_condition_code_detailed_mapping_incomplete,direct_tensile_toughness_silver_process,SLS_TPU_process_silver,low_weight_process_transfer_only,0.15,0.0,10.17632/wfsm6f9rbn.1|EOS TPU 1301,数据/原始/外部数据/新增开放数据/Mendeley_SLS_TPU工艺力学/结构化表格/TPU_2.xls#sample=Éprouvette 2,626a59857779d5a3b98aceca7c233930aca7c620b4a18dc25fdd352bfec8dd7c,CC-BY-4.0,reference-59
source_mendeley_wfsm6f9rbn_v1,EOS TPU 1301,EOS TPU 1301,TPU_2,TPU_2.xls,silver|TPU_2|Éprouvette 3,Éprouvette 3,5.240200348152416,176.1205053385347,5.056585506811681,184.74610806070268,45.4171388920078,1007,5.240200348152416,184.74610806070268,7.277313342380869,30.933755209096738,0.0,valid,cec35648fce9aad27715b458f65acf8f9e4374be4c1ccfee0d584c6a8aaae515,False,valid,direct_tensile_curve_area_silver_process_not_new_chemistry,SLS_printed_thermoplastic_polyurethane,commercial_grade_known,exploratory_condition_code_detailed_mapping_incomplete,direct_tensile_toughness_silver_process,SLS_TPU_process_silver,low_weight_process_transfer_only,0.15,0.0,10.17632/wfsm6f9rbn.1|EOS TPU 1301,数据/原始/外部数据/新增开放数据/Mendeley_SLS_TPU工艺力学/结构化表格/TPU_2.xls#sample=Éprouvette 3,626a59857779d5a3b98aceca7c233930aca7c620b4a18dc25fdd352bfec8dd7c,CC-BY-4.0,reference-59
source_mendeley_wfsm6f9rbn_v1,EOS TPU 1301,EOS TPU 1301,TPU_2,TPU_2.xls,silver|TPU_2|Éprouvette 4,Éprouvette 4,4.960054283039951,182.6467078095302,4.70327719975746,189.81391362007707,43.73640413089808,1034,4.960054283039951,189.81391362007707,7.098854117655567,29.143999333600874,0.0,valid,f04c3c1d941b5c0a2d4497db71a24b4e5423727299ce7e46aba04528e980b9ca,False,valid,direct_tensile_curve_area_silver_process_not_new_chemistry,SLS_printed_thermoplastic_polyurethane,commercial_grade_known,exploratory_condition_code_detailed_mapping_incomplete,direct_tensile_toughness_silver_process,SLS_TPU_process_silver,low_weight_process_transfer_only,0.15,0.0,10.17632/wfsm6f9rbn.1|EOS TPU 1301,数据/原始/外部数据/新增开放数据/Mendeley_SLS_TPU工艺力学/结构化表格/TPU_2.xls#sample=Éprouvette 4,626a59857779d5a3b98aceca7c233930aca7c620b4a18dc25fdd352bfec8dd7c,CC-BY-4.0,reference-59
source_mendeley_wfsm6f9rbn_v1,EOS TPU 1301,EOS TPU 1301,TPU_2 (45°),TPU_2 (45°).xlsx,silver|TPU_2 (45°)|Éprouvette 1,Éprouvette 1,2.0168817520141604,36.5011191368103,1.7548133850097658,39.93455410003662,0.35110875170910083,9590,2.0168817520141604,39.93455410003662,0.576930744611504,15.437372314604026,0.0,valid,53510bf0a1bedafb7b22bf42bf0adb0904dbb0916d2a25682cc6f01f6134b7dd,False,condition_quarantined_due_negative_modulus_replicates,direct_tensile_curve_area_silver_process_not_new_chemistry,SLS_printed_thermoplastic_polyurethane,commercial_grade_known,exploratory_condition_code_detailed_mapping_incomplete,direct_tensile_toughness_silver_process,SLS_TPU_process_silver,low_weight_process_transfer_only,0.0,0.0,10.17632/wfsm6f9rbn.1|EOS TPU 1301,数据/原始/外部数据/新增开放数据/Mendeley_SLS_TPU工艺力学/结构化表格/TPU_2 (45°).xlsx#sample=Éprouvette 1,8870addb809ff22e15d402e267f71393adbdc48d97ef7f0e73c5de4c17569d84,CC-BY-4.0,reference-59
source_mendeley_wfsm6f9rbn_v1,EOS TPU 1301,EOS TPU 1301,TPU_2 (45°),TPU_2 (45°).xlsx,silver|TPU_2 (45°)|Éprouvette 2,Éprouvette 2,1.8065311431884767,32.58208513259888,1.6376131057739258,33.23200464248657,21.010819591533128,7982,1.8065311431884767,33.23200464248657,0.4207416926127512,14.034448257930089,0.0,valid,94d5b58b630f00634f04aaa0e6814e869a3191287334cc1bbed820b6bac0de49,False,condition_quarantined_due_negative_modulus_replicates,direct_tensile_curve_area_silver_process_not_new_chemistry,SLS_printed_thermoplastic_polyurethane,commercial_grade_known,exploratory_condition_code_detailed_mapping_incomplete,direct_tensile_toughness_silver_process,SLS_TPU_process_silver,low_weight_process_transfer_only,0.0,0.0,10.17632/wfsm6f9rbn.1|EOS TPU 1301,数据/原始/外部数据/新增开放数据/Mendeley_SLS_TPU工艺力学/结构化表格/TPU_2 (45°).xlsx#sample=Éprouvette 2,8870addb809ff22e15d402e267f71393adbdc48d97ef7f0e73c5de4c17569d84,CC-BY-4.0,reference-59
source_mendeley_wfsm6f9rbn_v1,EOS TPU 1301,EOS TPU 1301,TPU_2 (45°),TPU_2 (45°).xlsx,silver|TPU_2 (45°)|Éprouvette 3,Éprouvette 3,2.0985822677612305,31.167879104614258,1.6662458419799806,32.322025299072266,12.371662710468819,7763,2.0985822677612305,32.322025299072266,0.4739759771650611,16.95812988734677,0.0,valid,3cef01e006d7f9375943a39165185119c26295f059214dd26c5a78bcca5b0f83,False,condition_quarantined_due_negative_modulus_replicates,direct_tensile_curve_area_silver_process_not_new_chemistry,SLS_printed_thermoplastic_polyurethane,commercial_grade_known,exploratory_condition_code_detailed_mapping_incomplete,direct_tensile_toughness_silver_process,SLS_TPU_process_silver,low_weight_process_transfer_only,0.0,0.0,10.17632/wfsm6f9rbn.1|EOS TPU 1301,数据/原始/外部数据/新增开放数据/Mendeley_SLS_TPU工艺力学/结构化表格/TPU_2 (45°).xlsx#sample=Éprouvette 3,8870addb809ff22e15d402e267f71393adbdc48d97ef7f0e73c5de4c17569d84,CC-BY-4.0,reference-59
source_mendeley_wfsm6f9rbn_v1,EOS TPU 1301,EOS TPU 1301,TPU_2 (45°),TPU_2 (45°).xlsx,silver|TPU_2 (45°)|Éprouvette 4,Éprouvette 4,2.049042892456055,32.55038499832153,1.8221696853637697,35.59620141983032,-0.10044672935171871,8549,2.049042892456055,35.59620141983032,0.5034451266881184,15.430341695748613,0.0,valid,5e9c553e0e7de212d6b21e3306c541396861b615d17b4a56333b760625e21dd4,False,quarantined_negative_source_modulus,direct_tensile_curve_area_silver_process_not_new_chemistry,SLS_printed_thermoplastic_polyurethane,commercial_grade_known,exploratory_condition_code_detailed_mapping_incomplete,direct_tensile_toughness_silver_process,SLS_TPU_process_silver,low_weight_process_transfer_only,0.0,0.0,10.17632/wfsm6f9rbn.1|EOS TPU 1301,数据/原始/外部数据/新增开放数据/Mendeley_SLS_TPU工艺力学/结构化表格/TPU_2 (45°).xlsx#sample=Éprouvette 4,8870addb809ff22e15d402e267f71393adbdc48d97ef7f0e73c5de4c17569d84,CC-BY-4.0,reference-59
source_mendeley_wfsm6f9rbn_v1,EOS TPU 1301,EOS TPU 1301,TPU_2 (45°),TPU_2 (45°).xlsx,silver|TPU_2 (45°)|Éprouvette 5,Éprouvette 5,2.097367286682129,32.7087926864624,2.0296394348144533,33.15866470336914,-0.014703310981209815,7963,2.097367286682129,33.15866470336914,0.461850349523536,15.589893923426425,0.0,valid,af25f7d976799c0be17d7582a524509b68486507d1d8f4944f564549aabab7f5,False,quarantined_negative_source_modulus,direct_tensile_curve_area_silver_process_not_new_chemistry,SLS_printed_thermoplastic_polyurethane,commercial_grade_known,exploratory_condition_code_detailed_mapping_incomplete,direct_tensile_toughness_silver_process,SLS_TPU_process_silver,low_weight_process_transfer_only,0.0,0.0,10.17632/wfsm6f9rbn.1|EOS TPU 1301,数据/原始/外部数据/新增开放数据/Mendeley_SLS_TPU工艺力学/结构化表格/TPU_2 (45°).xlsx#sample=Éprouvette 5,8870addb809ff22e15d402e267f71393adbdc48d97ef7f0e73c5de4c17569d84,CC-BY-4.0,reference-59
source_mendeley_wfsm6f9rbn_v1,EOS TPU 1301,EOS TPU 1301,TPU_2 (on edge),TPU_2 (on edge).xlsx,silver|TPU_2 (on edge)|Éprouvette 1,Éprouvette 1,3.6776844024658204,98.84041786193848,3.245158386230469,101.96118354797363,25.946796425120933,24478,3.6776844024658204,101.96118354797363,2.7987981494277783,19.550122424357912,0.0,valid,437095464bee8927cc731a1af87346afc0ed56dc44730725313053cc3b34a457,False,valid,direct_tensile_curve_area_silver_process_not_new_chemistry,SLS_printed_thermoplastic_polyurethane,commercial_grade_known,exploratory_condition_code_detailed_mapping_incomplete,direct_tensile_toughness_silver_process,SLS_TPU_process_silver,low_weight_process_transfer_only,0.15,0.0,10.17632/wfsm6f9rbn.1|EOS TPU 1301,数据/原始/外部数据/新增开放数据/Mendeley_SLS_TPU工艺力学/结构化表格/TPU_2 (on edge).xlsx#sample=Éprouvette 1,c9a2d8c69950d3d34eaedb1f5cc61abc2b10abdb317f80d73bd971d24eb29924,CC-BY-4.0,reference-59
source_mendeley_wfsm6f9rbn_v1,EOS TPU 1301,EOS TPU 1301,TPU_2 (on edge),TPU_2 (on edge).xlsx,silver|TPU_2 (on edge)|Éprouvette 2,Éprouvette 2,3.6236717224121096,107.88366317749023,3.4874065399169925,109.94621276855469,26.14693332222239,26394,3.6236717224121096,109.94621276855469,3.0115317063895795,18.588783555117658,0.0,valid,b9c28ae44bf0a1b4694fdd84a895e7ec90edd0916dd6736d60ce954219f682bb,False,valid,direct_tensile_curve_area_silver_process_not_new_chemistry,SLS_printed_thermoplastic_polyurethane,commercial_grade_known,exploratory_condition_code_detailed_mapping_incomplete,direct_tensile_toughness_silver_process,SLS_TPU_process_silver,low_weight_process_transfer_only,0.15,0.0,10.17632/wfsm6f9rbn.1|EOS TPU 1301,数据/原始/外部数据/新增开放数据/Mendeley_SLS_TPU工艺力学/结构化表格/TPU_2 (on edge).xlsx#sample=Éprouvette 2,c9a2d8c69950d3d34eaedb1f5cc61abc2b10abdb317f80d73bd971d24eb29924,CC-BY-4.0,reference-59
source_mendeley_wfsm6f9rbn_v1,EOS TPU 1301,EOS TPU 1301,TPU_2 (on edge),TPU_2 (on edge).xlsx,silver|TPU_2 (on edge)|Éprouvette 3,Éprouvette 3,3.7504024505615234,103.06293487548828,3.585888290405274,108.30039024353027,27.184527067606073,25998,3.7504024505615234,108.30039024353027,3.0743259248595853,19.70740809626067,0.0,valid,b25dc62fab18e3e9b5374582913968bdb870f90f2bfd0d9643a87e62c632b2b1,False,valid,direct_tensile_curve_area_silver_process_not_new_chemistry,SLS_printed_thermoplastic_polyurethane,commercial_grade_known,exploratory_condition_code_detailed_mapping_incomplete,direct_tensile_toughness_silver_process,SLS_TPU_process_silver,low_weight_process_transfer_only,0.15,0.0,10.17632/wfsm6f9rbn.1|EOS TPU 1301,数据/原始/外部数据/新增开放数据/Mendeley_SLS_TPU工艺力学/结构化表格/TPU_2 (on edge).xlsx#sample=Éprouvette 3,c9a2d8c69950d3d34eaedb1f5cc61abc2b10abdb317f80d73bd971d24eb29924,CC-BY-4.0,reference-59
source_mendeley_wfsm6f9rbn_v1,EOS TPU 1301,EOS TPU 1301,TPU_2 (on edge),TPU_2 (on edge).xlsx,silver|TPU_2 (on edge)|Éprouvette 4,Éprouvette 4,3.630316543579102,102.32529640197754,3.3492813110351562,110.02952575683594,16.476533367889388,26413,3.630316543579102,110.02952575683594,3.0399513614193356,19.367598112447034,0.0,valid,4eda596f9960eda1e21f3c7d8a8abefcf3ac57d46e762ef5434446c5c7f480a9,False,valid,direct_tensile_curve_area_silver_process_not_new_chemistry,SLS_printed_thermoplastic_polyurethane,commercial_grade_known,exploratory_condition_code_detailed_mapping_incomplete,direct_tensile_toughness_silver_process,SLS_TPU_process_silver,low_weight_process_transfer_only,0.15,0.0,10.17632/wfsm6f9rbn.1|EOS TPU 1301,数据/原始/外部数据/新增开放数据/Mendeley_SLS_TPU工艺力学/结构化表格/TPU_2 (on edge).xlsx#sample=Éprouvette 4,c9a2d8c69950d3d34eaedb1f5cc61abc2b10abdb317f80d73bd971d24eb29924,CC-BY-4.0,reference-59
source_mendeley_wfsm6f9rbn_v1,EOS TPU 1301,EOS TPU 1301,TPU_2 (on edge),TPU_2 (on edge).xlsx,silver|TPU_2 (on edge)|Éprouvette 5,Éprouvette 5,3.439549255371094,82.13451385498047,2.7767375946044925,86.8553638458252,21.089656853996384,20851,3.439549255371094,86.8553638458252,2.2163689989258017,19.3454452971971,0.0,valid,5d4d95cd3eb6e2d7d73b305ef65f6f61de3e206b7380be10fd8be320e7a7af5f,False,valid,direct_tensile_curve_area_silver_process_not_new_chemistry,SLS_printed_thermoplastic_polyurethane,commercial_grade_known,exploratory_condition_code_detailed_mapping_incomplete,direct_tensile_toughness_silver_process,SLS_TPU_process_silver,low_weight_process_transfer_only,0.15,0.0,10.17632/wfsm6f9rbn.1|EOS TPU 1301,数据/原始/外部数据/新增开放数据/Mendeley_SLS_TPU工艺力学/结构化表格/TPU_2 (on edge).xlsx#sample=Éprouvette 5,c9a2d8c69950d3d34eaedb1f5cc61abc2b10abdb317f80d73bd971d24eb29924,CC-BY-4.0,reference-59
source_mendeley_wfsm6f9rbn_v1,EOS TPU 1301,EOS TPU 1301,TPU_2 (upright),TPU_2 (upright).xlsx,silver|TPU_2 (upright)|Éprouvette 1,Éprouvette 1,1.9259944915771485,29.566996097564697,1.5065978050231934,30.921149253845215,21.548831988342524,7427,1.9259944915771485,30.921149253845215,0.41996280288599824,15.987418554656925,0.0,valid,bedf91c69fdf897d140f3cb02c0711154d3c4e233b00ba1316b8287dca24caa5,False,valid,direct_tensile_curve_area_silver_process_not_new_chemistry,SLS_printed_thermoplastic_polyurethane,commercial_grade_known,exploratory_condition_code_detailed_mapping_incomplete,direct_tensile_toughness_silver_process,SLS_TPU_process_silver,low_weight_process_transfer_only,0.15,0.0,10.17632/wfsm6f9rbn.1|EOS TPU 1301,数据/原始/外部数据/新增开放数据/Mendeley_SLS_TPU工艺力学/结构化表格/TPU_2 (upright).xlsx#sample=Éprouvette 1,77fcb8f8ca95cb0576d20fa8de33cd6f31623ecdfd479362459722045a5c1d01,CC-BY-4.0,reference-59
source_mendeley_wfsm6f9rbn_v1,EOS TPU 1301,EOS TPU 1301,TPU_2 (upright),TPU_2 (upright).xlsx,silver|TPU_2 (upright)|Éprouvette 2,Éprouvette 2,1.7897565841674805,22.247774600982666,1.5428165435791017,25.16876220703125,23.727462696960767,6047,1.7897565841674805,25.16876220703125,0.3128485933434811,16.098673178324095,0.0,valid,4f6eceb82599928272d07b27cc040d8aa46a67b9c8b80f92bff663775e1871cb,False,valid,direct_tensile_curve_area_silver_process_not_new_chemistry,SLS_printed_thermoplastic_polyurethane,commercial_grade_known,exploratory_condition_code_detailed_mapping_incomplete,direct_tensile_toughness_silver_process,SLS_TPU_process_silver,low_weight_process_transfer_only,0.15,0.0,10.17632/wfsm6f9rbn.1|EOS TPU 1301,数据/原始/外部数据/新增开放数据/Mendeley_SLS_TPU工艺力学/结构化表格/TPU_2 (upright).xlsx#sample=Éprouvette 2,77fcb8f8ca95cb0576d20fa8de33cd6f31623ecdfd479362459722045a5c1d01,CC-BY-4.0,reference-59
source_mendeley_wfsm6f9rbn_v1,EOS TPU 1301,EOS TPU 1301,TPU_2 (upright),TPU_2 (upright).xlsx,silver|TPU_2 (upright)|Éprouvette 3,Éprouvette 3,1.7199077606201172,25.887861251831055,1.6720617294311524,27.058706283569336,17.182669396278204,6499,1.7199077606201172,27.058706283569336,0.3238084450311842,14.856078678288801,0.0,valid,e55b9bd24a0e1b76da6375f159df38482681294e53cb1a3c3153e63475885030,False,valid,direct_tensile_curve_area_silver_process_not_new_chemistry,SLS_printed_thermoplastic_polyurethane,commercial_grade_known,exploratory_condition_code_detailed_mapping_incomplete,direct_tensile_toughness_silver_process,SLS_TPU_process_silver,low_weight_process_transfer_only,0.15,0.0,10.17632/wfsm6f9rbn.1|EOS TPU 1301,数据/原始/外部数据/新增开放数据/Mendeley_SLS_TPU工艺力学/结构化表格/TPU_2 (upright).xlsx#sample=Éprouvette 3,77fcb8f8ca95cb0576d20fa8de33cd6f31623ecdfd479362459722045a5c1d01,CC-BY-4.0,reference-59
source_mendeley_wfsm6f9rbn_v1,EOS TPU 1301,EOS TPU 1301,TPU_2 (upright),TPU_2 (upright).xlsx,silver|TPU_2 (upright)|Éprouvette 4,Éprouvette 4,1.900363349914551,30.6795597076416,1.6787904739379884,31.40038251876831,3.883785138056564,7541,1.900363349914551,31.40038251876831,0.4267674595386247,16.130260877010876,0.0,valid,4e80e1b93b0bd95ef5de317710f40ec30c4d5416d61abb0026009e5ef82df08e,False,valid,direct_tensile_curve_area_silver_process_not_new_chemistry,SLS_printed_thermoplastic_polyurethane,commercial_grade_known,exploratory_condition_code_detailed_mapping_incomplete,direct_tensile_toughness_silver_process,SLS_TPU_process_silver,low_weight_process_transfer_only,0.15,0.0,10.17632/wfsm6f9rbn.1|EOS TPU 1301,数据/原始/外部数据/新增开放数据/Mendeley_SLS_TPU工艺力学/结构化表格/TPU_2 (upright).xlsx#sample=Éprouvette 4,77fcb8f8ca95cb0576d20fa8de33cd6f31623ecdfd479362459722045a5c1d01,CC-BY-4.0,reference-59
source_mendeley_wfsm6f9rbn_v1,EOS TPU 1301,EOS TPU 1301,TPU_2 (upright),TPU_2 (upright).xlsx,silver|TPU_2 (upright)|Éprouvette 5,Éprouvette 5,1.4270442962646486,23.612940311431885,1.3470340728759767,25.012946128845215,18.884612108381653,6009,1.4270442962646486,25.012946128845215,0.25175908183210705,13.016245792125071,0.0,valid,f1266429bf50955f55a412a5f18558ae0b35567f5666461eaa27e09e70b74a69,False,valid,direct_tensile_curve_area_silver_process_not_new_chemistry,SLS_printed_thermoplastic_polyurethane,commercial_grade_known,exploratory_condition_code_detailed_mapping_incomplete,direct_tensile_toughness_silver_process,SLS_TPU_process_silver,low_weight_process_transfer_only,0.15,0.0,10.17632/wfsm6f9rbn.1|EOS TPU 1301,数据/原始/外部数据/新增开放数据/Mendeley_SLS_TPU工艺力学/结构化表格/TPU_2 (upright).xlsx#sample=Éprouvette 5,77fcb8f8ca95cb0576d20fa8de33cd6f31623ecdfd479362459722045a5c1d01,CC-BY-4.0,reference-59
source_mendeley_wfsm6f9rbn_v1,EOS TPU 1301,EOS TPU 1301,TPU_2-N5LUYA,TPU_2-N5LUYA.xls,silver|TPU_2-N5LUYA|Éprouvette 1,Éprouvette 1,7.648016856266901,282.0872150724754,7.476299848311986,288.04558146651834,77.38615775365142,1647,7.648016856266901,288.04558146651834,17.161796099780915,43.58161345356571,0.0,valid,4d471e7d2945427f46569ba7ba64d231b8caa66e9f146adde20e0ecab1f3a982,False,valid,direct_tensile_curve_area_silver_process_not_new_chemistry,SLS_printed_thermoplastic_polyurethane,commercial_grade_known,exploratory_condition_code_detailed_mapping_incomplete,direct_tensile_toughness_silver_process,SLS_TPU_process_silver,low_weight_process_transfer_only,0.15,0.0,10.17632/wfsm6f9rbn.1|EOS TPU 1301,数据/原始/外部数据/新增开放数据/Mendeley_SLS_TPU工艺力学/结构化表格/TPU_2-N5LUYA.xls#sample=Éprouvette 1,7a71003da262ebb577c64be032bc58671935d8edeedbdfdff771447c72e68b0b,CC-BY-4.0,reference-59
source_mendeley_wfsm6f9rbn_v1,EOS TPU 1301,EOS TPU 1301,TPU_2-N5LUYA,TPU_2-N5LUYA.xls,silver|TPU_2-N5LUYA|Éprouvette 2,Éprouvette 2,7.556370132397504,284.2260446731234,7.413294991922668,294.5595827285433,77.15205661798227,1426,7.556370132397504,294.5595827285433,17.415525400027512,43.34907729493398,0.0,valid,e2579bd6eb4a74076d5f4c8579ec150205f1352852b2418d81e7786269974cf2,False,valid,direct_tensile_curve_area_silver_process_not_new_chemistry,SLS_printed_thermoplastic_polyurethane,commercial_grade_known,exploratory_condition_code_detailed_mapping_incomplete,direct_tensile_toughness_silver_process,SLS_TPU_process_silver,low_weight_process_transfer_only,0.15,0.0,10.17632/wfsm6f9rbn.1|EOS TPU 1301,数据/原始/外部数据/新增开放数据/Mendeley_SLS_TPU工艺力学/结构化表格/TPU_2-N5LUYA.xls#sample=Éprouvette 2,7a71003da262ebb577c64be032bc58671935d8edeedbdfdff771447c72e68b0b,CC-BY-4.0,reference-59
source_mendeley_wfsm6f9rbn_v1,EOS TPU 1301,EOS TPU 1301,TPU_2-N5LUYA,TPU_2-N5LUYA.xls,silver|TPU_2-N5LUYA|Éprouvette 3,Éprouvette 3,7.262144508590743,264.94091930706054,7.085746434153319,270.64927044231445,74.08565574631568,1338,7.262144508590743,270.64927044231445,15.310571409104108,42.14676983787159,0.0,valid,1cdbe49004ac844c3358f4df1c7b605c30a0a34999727f377e568906a6106e82,False,valid,direct_tensile_curve_area_silver_process_not_new_chemistry,SLS_printed_thermoplastic_polyurethane,commercial_grade_known,exploratory_condition_code_detailed_mapping_incomplete,direct_tensile_toughness_silver_process,SLS_TPU_process_silver,low_weight_process_transfer_only,0.15,0.0,10.17632/wfsm6f9rbn.1|EOS TPU 1301,数据/原始/外部数据/新增开放数据/Mendeley_SLS_TPU工艺力学/结构化表格/TPU_2-N5LUYA.xls#sample=Éprouvette 3,7a71003da262ebb577c64be032bc58671935d8edeedbdfdff771447c72e68b0b,CC-BY-4.0,reference-59
source_mendeley_wfsm6f9rbn_v1,EOS TPU 1301,EOS TPU 1301,TPU_2-N5LUYA,TPU_2-N5LUYA.xls,silver|TPU_2-N5LUYA|Éprouvette 4,Éprouvette 4,7.22357619884446,274.3820521417074,7.010957354025198,282.1325251641683,76.5207333288693,1421,7.22357619884446,282.1325251641683,15.956207162475042,41.771103656449434,0.0,valid,b6d40cd7094366a58ca85790b259c0da6798ee92f5d219bca74e85ba578586a3,False,valid,direct_tensile_curve_area_silver_process_not_new_chemistry,SLS_printed_thermoplastic_polyurethane,commercial_grade_known,exploratory_condition_code_detailed_mapping_incomplete,direct_tensile_toughness_silver_process,SLS_TPU_process_silver,low_weight_process_transfer_only,0.15,0.0,10.17632/wfsm6f9rbn.1|EOS TPU 1301,数据/原始/外部数据/新增开放数据/Mendeley_SLS_TPU工艺力学/结构化表格/TPU_2-N5LUYA.xls#sample=Éprouvette 4,7a71003da262ebb577c64be032bc58671935d8edeedbdfdff771447c72e68b0b,CC-BY-4.0,reference-59
source_mendeley_wfsm6f9rbn_v1,EOS TPU 1301,EOS TPU 1301,TPU_2-N5LUYA,TPU_2-N5LUYA.xls,silver|TPU_2-N5LUYA|Éprouvette 5,Éprouvette 5,7.729829271766044,342.7747456904035,7.58885079520624,350.19128011423163,74.27017404324212,1593,7.729829271766044,350.19128011423163,21.444919754298578,42.90923525852624,0.0,valid,72b032c243e7e154fd2ae5c4fad2e0982057328197480842b1bcd4ed48e5739a,False,valid,direct_tensile_curve_area_silver_process_not_new_chemistry,SLS_printed_thermoplastic_polyurethane,commercial_grade_known,exploratory_condition_code_detailed_mapping_incomplete,direct_tensile_toughness_silver_process,SLS_TPU_process_silver,low_weight_process_transfer_only,0.15,0.0,10.17632/wfsm6f9rbn.1|EOS TPU 1301,数据/原始/外部数据/新增开放数据/Mendeley_SLS_TPU工艺力学/结构化表格/TPU_2-N5LUYA.xls#sample=Éprouvette 5,7a71003da262ebb577c64be032bc58671935d8edeedbdfdff771447c72e68b0b,CC-BY-4.0,reference-59
source_mendeley_wfsm6f9rbn_v1,EOS TPU 1301,EOS TPU 1301,TPU_3,TPU_3.xls,silver|TPU_3|Éprouvette 1,Éprouvette 1,5.6677373102261726,215.46368147805333,5.382541679368484,234.3383076377213,50.207814451972965,1124,5.6677373102261726,234.3383076377213,10.329989135376879,33.11084181910793,0.0,valid,9ffea97d0caa883fc273322dcb6a32b0072a16906616a69f8d1a88dc56a6be37,False,valid,direct_tensile_curve_area_silver_process_not_new_chemistry,SLS_printed_thermoplastic_polyurethane,commercial_grade_known,exploratory_condition_code_detailed_mapping_incomplete,direct_tensile_toughness_silver_process,SLS_TPU_process_silver,low_weight_process_transfer_only,0.15,0.0,10.17632/wfsm6f9rbn.1|EOS TPU 1301,数据/原始/外部数据/新增开放数据/Mendeley_SLS_TPU工艺力学/结构化表格/TPU_3.xls#sample=Éprouvette 1,e14eb441dc36cf0d79ba86df9b09fd2912093d6bda121594b8366bd35bfafd70,CC-BY-4.0,reference-59
source_mendeley_wfsm6f9rbn_v1,EOS TPU 1301,EOS TPU 1301,TPU_3,TPU_3.xls,silver|TPU_3|Éprouvette 2,Éprouvette 2,5.626806568959454,208.89845856279135,5.533708844866071,214.81528290361166,53.565586082682984,1102,5.626806568959454,214.81528290361166,9.228750614086154,31.480139908615467,0.0,valid,94024c9f17a2bc37d8abbf22bd53cd5574da7aeb1fc53000dccfefdaa6495530,False,valid,direct_tensile_curve_area_silver_process_not_new_chemistry,SLS_printed_thermoplastic_polyurethane,commercial_grade_known,exploratory_condition_code_detailed_mapping_incomplete,direct_tensile_toughness_silver_process,SLS_TPU_process_silver,low_weight_process_transfer_only,0.15,0.0,10.17632/wfsm6f9rbn.1|EOS TPU 1301,数据/原始/外部数据/新增开放数据/Mendeley_SLS_TPU工艺力学/结构化表格/TPU_3.xls#sample=Éprouvette 2,e14eb441dc36cf0d79ba86df9b09fd2912093d6bda121594b8366bd35bfafd70,CC-BY-4.0,reference-59
source_mendeley_wfsm6f9rbn_v1,EOS TPU 1301,EOS TPU 1301,TPU_3,TPU_3.xls,silver|TPU_3|Éprouvette 3,Éprouvette 3,5.906641294803897,209.73497303947806,5.784650002756427,219.60956486687064,52.22517987459851,1106,5.906641294803897,219.60956486687064,9.934337796875534,34.61399567115574,0.0,valid,d981f3bd137fdf0a0c0335c871467419691cfdd1a6a4e80657ccaae13aab0835,False,valid,direct_tensile_curve_area_silver_process_not_new_chemistry,SLS_printed_thermoplastic_polyurethane,commercial_grade_known,exploratory_condition_code_detailed_mapping_incomplete,direct_tensile_toughness_silver_process,SLS_TPU_process_silver,low_weight_process_transfer_only,0.15,0.0,10.17632/wfsm6f9rbn.1|EOS TPU 1301,数据/原始/外部数据/新增开放数据/Mendeley_SLS_TPU工艺力学/结构化表格/TPU_3.xls#sample=Éprouvette 3,e14eb441dc36cf0d79ba86df9b09fd2912093d6bda121594b8366bd35bfafd70,CC-BY-4.0,reference-59
source_mendeley_wfsm6f9rbn_v1,EOS TPU 1301,EOS TPU 1301,TPU_3,TPU_3.xls,silver|TPU_3|Éprouvette 4,Éprouvette 4,5.634826900452141,196.21939096110873,5.518872719111405,206.88572320598178,50.961836937540795,1071,5.634826900452141,206.88572320598178,8.892748291569518,31.378862032143907,0.0,valid,74a133a93c4c4a231600583ca1881946d99f3b088994da5f6d84a810dc6a52e3,False,valid,direct_tensile_curve_area_silver_process_not_new_chemistry,SLS_printed_thermoplastic_polyurethane,commercial_grade_known,exploratory_condition_code_detailed_mapping_incomplete,direct_tensile_toughness_silver_process,SLS_TPU_process_silver,low_weight_process_transfer_only,0.15,0.0,10.17632/wfsm6f9rbn.1|EOS TPU 1301,数据/原始/外部数据/新增开放数据/Mendeley_SLS_TPU工艺力学/结构化表格/TPU_3.xls#sample=Éprouvette 4,e14eb441dc36cf0d79ba86df9b09fd2912093d6bda121594b8366bd35bfafd70,CC-BY-4.0,reference-59
source_mendeley_wfsm6f9rbn_v1,EOS TPU 1301,EOS TPU 1301,TPU_3-J2I0kh,TPU_3-J2I0kh.xls,silver|TPU_3-J2I0kh|Éprouvette 2,Éprouvette 2,8.384406370809316,363.41400807723403,8.13690890047618,375.1224965415895,80.85785878021639,1605,8.384406370809316,375.1224965415895,25.117635233959476,45.98289555179745,0.0,valid,0b873c86c1c19f068e8e0198bc13a125a87ccb961a4be5546577ec505a2dd37b,False,valid,direct_tensile_curve_area_silver_process_not_new_chemistry,SLS_printed_thermoplastic_polyurethane,commercial_grade_known,exploratory_condition_code_detailed_mapping_incomplete,direct_tensile_toughness_silver_process,SLS_TPU_process_silver,low_weight_process_transfer_only,0.15,0.0,10.17632/wfsm6f9rbn.1|EOS TPU 1301,数据/原始/外部数据/新增开放数据/Mendeley_SLS_TPU工艺力学/结构化表格/TPU_3-J2I0kh.xls#sample=Éprouvette 2,d30afa9b33b630d821ae38f3bbd6c418994b829f462ccad88829957f89d3a59c,CC-BY-4.0,reference-59
source_mendeley_wfsm6f9rbn_v1,EOS TPU 1301,EOS TPU 1301,TPU_3-J2I0kh,TPU_3-J2I0kh.xls,silver|TPU_3-J2I0kh|Éprouvette 3,Éprouvette 3,8.479129969516647,366.65714577026665,7.943688508506132,373.49045112915337,79.23277196792989,1645,8.479129969516647,373.49045112915337,24.959094527830846,46.251782070206545,0.0,valid,54faa2b2880ba8e9695593033e126e9bb9acd0f582e2673024fccf8457707923,False,valid,direct_tensile_curve_area_silver_process_not_new_chemistry,SLS_printed_thermoplastic_polyurethane,commercial_grade_known,exploratory_condition_code_detailed_mapping_incomplete,direct_tensile_toughness_silver_process,SLS_TPU_process_silver,low_weight_process_transfer_only,0.15,0.0,10.17632/wfsm6f9rbn.1|EOS TPU 1301,数据/原始/外部数据/新增开放数据/Mendeley_SLS_TPU工艺力学/结构化表格/TPU_3-J2I0kh.xls#sample=Éprouvette 3,d30afa9b33b630d821ae38f3bbd6c418994b829f462ccad88829957f89d3a59c,CC-BY-4.0,reference-59
source_mendeley_wfsm6f9rbn_v1,EOS TPU 1301,EOS TPU 1301,TPU_3-J2I0kh,TPU_3-J2I0kh.xls,silver|TPU_3-J2I0kh|Éprouvette 4,Éprouvette 4,7.972923777927861,323.56737006036565,7.459415614047897,332.7754389080219,74.95031539445878,1491,7.972923777927861,332.7754389080219,20.849441932435226,44.757299108429805,0.0,valid,e6277d5eabdd2b778d6239f589610d60c2c5b4af938610a2c10b4d532b0b5827,False,valid,direct_tensile_curve_area_silver_process_not_new_chemistry,SLS_printed_thermoplastic_polyurethane,commercial_grade_known,exploratory_condition_code_detailed_mapping_incomplete,direct_tensile_toughness_silver_process,SLS_TPU_process_silver,low_weight_process_transfer_only,0.15,0.0,10.17632/wfsm6f9rbn.1|EOS TPU 1301,数据/原始/外部数据/新增开放数据/Mendeley_SLS_TPU工艺力学/结构化表格/TPU_3-J2I0kh.xls#sample=Éprouvette 4,d30afa9b33b630d821ae38f3bbd6c418994b829f462ccad88829957f89d3a59c,CC-BY-4.0,reference-59
source_mendeley_wfsm6f9rbn_v1,EOS TPU 1301,EOS TPU 1301,TPU_3-J2I0kh,TPU_3-J2I0kh.xls,silver|TPU_3-J2I0kh|Éprouvette 5,Éprouvette 5,8.274878667264186,347.7788972854614,8.063006451044943,356.52851581573486,76.4123377019261,1728,8.274878667264186,356.52851581573486,23.299476621587086,46.58685439558763,0.0,valid,e8b381efb4873b9e2f002312d01e815aed15d8ac69fb618c879ba14e96892e91,False,valid,direct_tensile_curve_area_silver_process_not_new_chemistry,SLS_printed_thermoplastic_polyurethane,commercial_grade_known,exploratory_condition_code_detailed_mapping_incomplete,direct_tensile_toughness_silver_process,SLS_TPU_process_silver,low_weight_process_transfer_only,0.15,0.0,10.17632/wfsm6f9rbn.1|EOS TPU 1301,数据/原始/外部数据/新增开放数据/Mendeley_SLS_TPU工艺力学/结构化表格/TPU_3-J2I0kh.xls#sample=Éprouvette 5,d30afa9b33b630d821ae38f3bbd6c418994b829f462ccad88829957f89d3a59c,CC-BY-4.0,reference-59
source_mendeley_wfsm6f9rbn_v1,EOS TPU 1301,EOS TPU 1301,TPU_3-J2I0kh,TPU_3-J2I0kh.xls,silver|TPU_3-J2I0kh|Éprouvette 6,Éprouvette 6,8.331746582812437,319.2329636053182,7.81492990276521,333.5243835882284,78.30404376139863,1506,8.331746582812437,333.5243835882284,21.76760971759434,46.36491624514908,0.0,valid,97118af829a0415647238f0265581c0f947d791d1f583d0a64fb895fe7930c78,False,valid,direct_tensile_curve_area_silver_process_not_new_chemistry,SLS_printed_thermoplastic_polyurethane,commercial_grade_known,exploratory_condition_code_detailed_mapping_incomplete,direct_tensile_toughness_silver_process,SLS_TPU_process_silver,low_weight_process_transfer_only,0.15,0.0,10.17632/wfsm6f9rbn.1|EOS TPU 1301,数据/原始/外部数据/新增开放数据/Mendeley_SLS_TPU工艺力学/结构化表格/TPU_3-J2I0kh.xls#sample=Éprouvette 6,d30afa9b33b630d821ae38f3bbd6c418994b829f462ccad88829957f89d3a59c,CC-BY-4.0,reference-59
source_mendeley_wfsm6f9rbn_v1,EOS TPU 1301,EOS TPU 1301,TPU_4,TPU_4.xls,silver|TPU_4|Éprouvette 1,Éprouvette 1,4.51887721992562,146.5237513948232,4.354977648585151,150.9818927217275,43.12571634918746,930,4.51887721992562,150.9818927217275,4.980605067397011,24.92538217003251,0.0,valid,da8f4928fe0c7ae90b94001d5b9278f4a07717131a85f4872fd5db53dcc07f41,False,valid,direct_tensile_curve_area_silver_process_not_new_chemistry,SLS_printed_thermoplastic_polyurethane,commercial_grade_known,exploratory_condition_code_detailed_mapping_incomplete,direct_tensile_toughness_silver_process,SLS_TPU_process_silver,low_weight_process_transfer_only,0.15,0.0,10.17632/wfsm6f9rbn.1|EOS TPU 1301,数据/原始/外部数据/新增开放数据/Mendeley_SLS_TPU工艺力学/结构化表格/TPU_4.xls#sample=Éprouvette 1,aa75cf79f82695ea27ce48cf725e0f30579b4f2ee1cdccac7261c9e59b14e297,CC-BY-4.0,reference-59
source_mendeley_wfsm6f9rbn_v1,EOS TPU 1301,EOS TPU 1301,TPU_4,TPU_4.xls,silver|TPU_4|Éprouvette 2,Éprouvette 2,4.6041214627481555,165.60013193637133,4.303723726640641,170.93346018344164,42.46689547556118,984,4.6041214627481555,170.93346018344164,5.843464588783516,24.922787131119755,0.0,valid,21e3d626b1e952db46c78208cf5f61e5a7c977d0d2df215d0be8b5ced688b1fe,False,valid,direct_tensile_curve_area_silver_process_not_new_chemistry,SLS_printed_thermoplastic_polyurethane,commercial_grade_known,exploratory_condition_code_detailed_mapping_incomplete,direct_tensile_toughness_silver_process,SLS_TPU_process_silver,low_weight_process_transfer_only,0.15,0.0,10.17632/wfsm6f9rbn.1|EOS TPU 1301,数据/原始/外部数据/新增开放数据/Mendeley_SLS_TPU工艺力学/结构化表格/TPU_4.xls#sample=Éprouvette 2,aa75cf79f82695ea27ce48cf725e0f30579b4f2ee1cdccac7261c9e59b14e297,CC-BY-4.0,reference-59
source_mendeley_wfsm6f9rbn_v1,EOS TPU 1301,EOS TPU 1301,TPU_4,TPU_4.xls,silver|TPU_4|Éprouvette 3,Éprouvette 3,4.888570598392847,168.03414046484977,4.755529090451215,174.1165798874572,44.27423857292454,988,4.888570598392847,174.1165798874572,6.318704795086596,26.642887120890897,0.0,valid,d2846c43c2df109b87fbf38a692960e90506faa8378a4a2db0f23b84b9e1161a,False,valid,direct_tensile_curve_area_silver_process_not_new_chemistry,SLS_printed_thermoplastic_polyurethane,commercial_grade_known,exploratory_condition_code_detailed_mapping_incomplete,direct_tensile_toughness_silver_process,SLS_TPU_process_silver,low_weight_process_transfer_only,0.15,0.0,10.17632/wfsm6f9rbn.1|EOS TPU 1301,数据/原始/外部数据/新增开放数据/Mendeley_SLS_TPU工艺力学/结构化表格/TPU_4.xls#sample=Éprouvette 3,aa75cf79f82695ea27ce48cf725e0f30579b4f2ee1cdccac7261c9e59b14e297,CC-BY-4.0,reference-59
source_mendeley_wfsm6f9rbn_v1,EOS TPU 1301,EOS TPU 1301,TPU_4,TPU_4.xls,silver|TPU_4|Éprouvette 4,Éprouvette 4,4.585709088371977,165.15469089802355,4.455205982561821,169.65475574787706,38.982900096841156,949,4.585709088371977,169.65475574787706,5.733007930386259,24.642562080662678,0.0,valid,907342f31f4dd0b6938bb8e8a0693195394e5207065c84b4d8a4344b3e14a16e,False,valid,direct_tensile_curve_area_silver_process_not_new_chemistry,SLS_printed_thermoplastic_polyurethane,commercial_grade_known,exploratory_condition_code_detailed_mapping_incomplete,direct_tensile_toughness_silver_process,SLS_TPU_process_silver,low_weight_process_transfer_only,0.15,0.0,10.17632/wfsm6f9rbn.1|EOS TPU 1301,数据/原始/外部数据/新增开放数据/Mendeley_SLS_TPU工艺力学/结构化表格/TPU_4.xls#sample=Éprouvette 4,aa75cf79f82695ea27ce48cf725e0f30579b4f2ee1cdccac7261c9e59b14e297,CC-BY-4.0,reference-59
source_mendeley_wfsm6f9rbn_v1,EOS TPU 1301,EOS TPU 1301,TPU_4-XGnnvk,TPU_4-XGnnvk.xls,silver|TPU_4-XGnnvk|Éprouvette 1,Éprouvette 1,7.219320112624827,270.3115376252681,6.84807323949992,278.9368160981685,72.16822955824784,1410,7.219320112624827,278.9368160981685,15.724234222210892,40.90438093337372,0.0,valid,525d5231dffb37df3f525a9853cf1b8520508faf79aff6d71b35536e05d6ca15,False,valid,direct_tensile_curve_area_silver_process_not_new_chemistry,SLS_printed_thermoplastic_polyurethane,commercial_grade_known,exploratory_condition_code_detailed_mapping_incomplete,direct_tensile_toughness_silver_process,SLS_TPU_process_silver,low_weight_process_transfer_only,0.15,0.0,10.17632/wfsm6f9rbn.1|EOS TPU 1301,数据/原始/外部数据/新增开放数据/Mendeley_SLS_TPU工艺力学/结构化表格/TPU_4-XGnnvk.xls#sample=Éprouvette 1,d223b55cf582a709b94c70edb1fa3dbc77b2a562a457cbd566ef0e2e1eb60837,CC-BY-4.0,reference-59
source_mendeley_wfsm6f9rbn_v1,EOS TPU 1301,EOS TPU 1301,TPU_4-XGnnvk,TPU_4-XGnnvk.xls,silver|TPU_4-XGnnvk|Éprouvette 2,Éprouvette 2,7.893099090632864,315.7610906017944,7.554971927996594,320.3445638073608,76.18198088678368,1568,7.893099090632864,320.3445638073608,19.73326159144599,44.263380612482294,0.0,valid,e2e91e81907d55fb038447b0fff515a001e0098e63088a93ed92c7273f7cb321,False,valid,direct_tensile_curve_area_silver_process_not_new_chemistry,SLS_printed_thermoplastic_polyurethane,commercial_grade_known,exploratory_condition_code_detailed_mapping_incomplete,direct_tensile_toughness_silver_process,SLS_TPU_process_silver,low_weight_process_transfer_only,0.15,0.0,10.17632/wfsm6f9rbn.1|EOS TPU 1301,数据/原始/外部数据/新增开放数据/Mendeley_SLS_TPU工艺力学/结构化表格/TPU_4-XGnnvk.xls#sample=Éprouvette 2,d223b55cf582a709b94c70edb1fa3dbc77b2a562a457cbd566ef0e2e1eb60837,CC-BY-4.0,reference-59
source_mendeley_wfsm6f9rbn_v1,EOS TPU 1301,EOS TPU 1301,TPU_4-XGnnvk,TPU_4-XGnnvk.xls,silver|TPU_4-XGnnvk|Éprouvette 3,Éprouvette 3,7.783442073271724,307.2031215475872,7.486319562035498,319.57769430149347,75.43331655022767,1466,7.783442073271724,319.57769430149347,19.566857250738945,41.69838716321163,0.0,valid,ea44bf0006b6d2af2142f0fa305b0e73311effcf33f5cc4479e828211c13446b,False,valid,direct_tensile_curve_area_silver_process_not_new_chemistry,SLS_printed_thermoplastic_polyurethane,commercial_grade_known,exploratory_condition_code_detailed_mapping_incomplete,direct_tensile_toughness_silver_process,SLS_TPU_process_silver,low_weight_process_transfer_only,0.15,0.0,10.17632/wfsm6f9rbn.1|EOS TPU 1301,数据/原始/外部数据/新增开放数据/Mendeley_SLS_TPU工艺力学/结构化表格/TPU_4-XGnnvk.xls#sample=Éprouvette 3,d223b55cf582a709b94c70edb1fa3dbc77b2a562a457cbd566ef0e2e1eb60837,CC-BY-4.0,reference-59
source_mendeley_wfsm6f9rbn_v1,EOS TPU 1301,EOS TPU 1301,TPU_4-XGnnvk,TPU_4-XGnnvk.xls,silver|TPU_4-XGnnvk|Éprouvette 4,Éprouvette 4,7.202413909039058,265.2027119062841,7.083405409162737,271.20290645584464,68.7509807040987,1326,7.202413909039058,271.20290645584464,15.225780802711613,40.614509297214624,0.0,valid,e3e86072f48a4f6fc082fb85380aecdce6790ca62f374b08fd60b3c824262d28,False,valid,direct_tensile_curve_area_silver_process_not_new_chemistry,SLS_printed_thermoplastic_polyurethane,commercial_grade_known,exploratory_condition_code_detailed_mapping_incomplete,direct_tensile_toughness_silver_process,SLS_TPU_process_silver,low_weight_process_transfer_only,0.15,0.0,10.17632/wfsm6f9rbn.1|EOS TPU 1301,数据/原始/外部数据/新增开放数据/Mendeley_SLS_TPU工艺力学/结构化表格/TPU_4-XGnnvk.xls#sample=Éprouvette 4,d223b55cf582a709b94c70edb1fa3dbc77b2a562a457cbd566ef0e2e1eb60837,CC-BY-4.0,reference-59
source_mendeley_wfsm6f9rbn_v1,EOS TPU 1301,EOS TPU 1301,TPU_4-XGnnvk,TPU_4-XGnnvk.xls,silver|TPU_4-XGnnvk|Éprouvette 5,Éprouvette 5,7.515146476752895,281.9719603834674,7.240812853074181,288.47151787858456,77.26665898177298,1343,7.515146476752895,288.47151787858456,16.967938736857807,42.56599041305547,0.0,valid,affc0eab15744b29fa89f825f9f6e4db2f70f6baf11ff0f81f66e9fb210e7ec5,False,valid,direct_tensile_curve_area_silver_process_not_new_chemistry,SLS_printed_thermoplastic_polyurethane,commercial_grade_known,exploratory_condition_code_detailed_mapping_incomplete,direct_tensile_toughness_silver_process,SLS_TPU_process_silver,low_weight_process_transfer_only,0.15,0.0,10.17632/wfsm6f9rbn.1|EOS TPU 1301,数据/原始/外部数据/新增开放数据/Mendeley_SLS_TPU工艺力学/结构化表格/TPU_4-XGnnvk.xls#sample=Éprouvette 5,d223b55cf582a709b94c70edb1fa3dbc77b2a562a457cbd566ef0e2e1eb60837,CC-BY-4.0,reference-59
source_mendeley_wfsm6f9rbn_v1,EOS TPU 1301,EOS TPU 1301,TPU_5,TPU_5.xls,silver|TPU_5|Éprouvette 1,Éprouvette 1,5.656413999024708,216.3576220339164,5.467051922310434,222.6487063234672,54.23569563455846,1154,5.656413999024708,222.6487063234672,9.647777984032516,31.40047729808466,0.0,valid,b0b7c25c2c56a3ed83e50315ba091a389baa18fef8e7a36ce58973a295b095dd,False,valid,direct_tensile_curve_area_silver_process_not_new_chemistry,SLS_printed_thermoplastic_polyurethane,commercial_grade_known,exploratory_condition_code_detailed_mapping_incomplete,direct_tensile_toughness_silver_process,SLS_TPU_process_silver,low_weight_process_transfer_only,0.15,0.0,10.17632/wfsm6f9rbn.1|EOS TPU 1301,数据/原始/外部数据/新增开放数据/Mendeley_SLS_TPU工艺力学/结构化表格/TPU_5.xls#sample=Éprouvette 1,557883c5133e6bff80287a21b2445c05a52f2e592fc06401ffc973d80ccbb619,CC-BY-4.0,reference-59
source_mendeley_wfsm6f9rbn_v1,EOS TPU 1301,EOS TPU 1301,TPU_5,TPU_5.xls,silver|TPU_5|Éprouvette 2,Éprouvette 2,5.892155546624326,203.09701176197268,5.658955162299222,208.471786694834,56.529509136736195,1082,5.892155546624326,208.471786694834,9.353158475887676,34.917971735399355,0.0,valid,a916a5cdcf35159f60ba4ad5f9c65dd6dcb7757e12b83fe8d6a87626167f97a1,False,valid,direct_tensile_curve_area_silver_process_not_new_chemistry,SLS_printed_thermoplastic_polyurethane,commercial_grade_known,exploratory_condition_code_detailed_mapping_incomplete,direct_tensile_toughness_silver_process,SLS_TPU_process_silver,low_weight_process_transfer_only,0.15,0.0,10.17632/wfsm6f9rbn.1|EOS TPU 1301,数据/原始/外部数据/新增开放数据/Mendeley_SLS_TPU工艺力学/结构化表格/TPU_5.xls#sample=Éprouvette 2,557883c5133e6bff80287a21b2445c05a52f2e592fc06401ffc973d80ccbb619,CC-BY-4.0,reference-59
source_mendeley_wfsm6f9rbn_v1,EOS TPU 1301,EOS TPU 1301,TPU_5,TPU_5.xls,silver|TPU_5|Éprouvette 3,Éprouvette 3,5.635435403584712,194.61010426783469,5.481870398849307,201.3188979079714,54.97617590819019,1113,5.635435403584712,201.3188979079714,8.590651360300594,31.474742242203096,0.0,valid,0fadda9267c0ce36c89b67665d52da102907a1636004936ef0b1c27ddcbd3a8b,False,valid,direct_tensile_curve_area_silver_process_not_new_chemistry,SLS_printed_thermoplastic_polyurethane,commercial_grade_known,exploratory_condition_code_detailed_mapping_incomplete,direct_tensile_toughness_silver_process,SLS_TPU_process_silver,low_weight_process_transfer_only,0.15,0.0,10.17632/wfsm6f9rbn.1|EOS TPU 1301,数据/原始/外部数据/新增开放数据/Mendeley_SLS_TPU工艺力学/结构化表格/TPU_5.xls#sample=Éprouvette 3,557883c5133e6bff80287a21b2445c05a52f2e592fc06401ffc973d80ccbb619,CC-BY-4.0,reference-59
source_mendeley_wfsm6f9rbn_v1,EOS TPU 1301,EOS TPU 1301,TPU_5,TPU_5.xls,silver|TPU_5|Éprouvette 4,Éprouvette 4,5.582281206243479,197.46440835064277,5.4211753570655175,206.79796166485175,54.751638072926774,1123,5.582281206243479,206.79796166485175,8.75731375647756,33.12913886597556,0.0,valid,209e4d785710d81f18a3f7bf3e9cb85a8873bf2315d313a2b3918c4e999cb868,False,valid,direct_tensile_curve_area_silver_process_not_new_chemistry,SLS_printed_thermoplastic_polyurethane,commercial_grade_known,exploratory_condition_code_detailed_mapping_incomplete,direct_tensile_toughness_silver_process,SLS_TPU_process_silver,low_weight_process_transfer_only,0.15,0.0,10.17632/wfsm6f9rbn.1|EOS TPU 1301,数据/原始/外部数据/新增开放数据/Mendeley_SLS_TPU工艺力学/结构化表格/TPU_5.xls#sample=Éprouvette 4,557883c5133e6bff80287a21b2445c05a52f2e592fc06401ffc973d80ccbb619,CC-BY-4.0,reference-59
source_mendeley_wfsm6f9rbn_v1,EOS TPU 1301,EOS TPU 1301,TPU_5-GO63nq,TPU_5-GO63nq.xls,silver|TPU_5-GO63nq|Éprouvette 1,Éprouvette 1,8.340228698287913,327.5829310724512,8.101098076742748,336.66683152411133,86.9055568998532,1605,8.340228698287913,336.66683152411133,21.96148297389065,45.495608574141755,0.0,valid,96cd1c05fb3f1489f20dc8d251dea91cff397690c58ec02b3929710f5eddb9cc,False,valid,direct_tensile_curve_area_silver_process_not_new_chemistry,SLS_printed_thermoplastic_polyurethane,commercial_grade_known,exploratory_condition_code_detailed_mapping_incomplete,direct_tensile_toughness_silver_process,SLS_TPU_process_silver,low_weight_process_transfer_only,0.15,0.0,10.17632/wfsm6f9rbn.1|EOS TPU 1301,数据/原始/外部数据/新增开放数据/Mendeley_SLS_TPU工艺力学/结构化表格/TPU_5-GO63nq.xls#sample=Éprouvette 1,163117267ac56bc7fedf63a8185a8469e1d97d56d8c578d5cbf86ffd7b26520f,CC-BY-4.0,reference-59
source_mendeley_wfsm6f9rbn_v1,EOS TPU 1301,EOS TPU 1301,TPU_5-GO63nq,TPU_5-GO63nq.xls,silver|TPU_5-GO63nq|Éprouvette 2,Éprouvette 2,8.771017736464863,340.47352793067694,8.538243537269315,348.76523020118475,87.86136607589799,1549,8.771017736464863,348.76523020118475,23.995971853744287,48.30857733122655,0.0,valid,c3d649cb8c4a4625f64f0015116943aa52a77ef74c6e6f770586ca3ce80416f2,False,valid,direct_tensile_curve_area_silver_process_not_new_chemistry,SLS_printed_thermoplastic_polyurethane,commercial_grade_known,exploratory_condition_code_detailed_mapping_incomplete,direct_tensile_toughness_silver_process,SLS_TPU_process_silver,low_weight_process_transfer_only,0.15,0.0,10.17632/wfsm6f9rbn.1|EOS TPU 1301,数据/原始/外部数据/新增开放数据/Mendeley_SLS_TPU工艺力学/结构化表格/TPU_5-GO63nq.xls#sample=Éprouvette 2,163117267ac56bc7fedf63a8185a8469e1d97d56d8c578d5cbf86ffd7b26520f,CC-BY-4.0,reference-59
source_mendeley_wfsm6f9rbn_v1,EOS TPU 1301,EOS TPU 1301,TPU_5-GO63nq,TPU_5-GO63nq.xls,silver|TPU_5-GO63nq|Éprouvette 3,Éprouvette 3,8.628601286750158,348.1564108328894,8.440106456209564,356.9057623343542,88.35293530803874,1652,8.628601286750158,356.9057623343542,24.16682055367527,47.72127796060619,0.0,valid,b035c741648e579cd09262fc30985e3c99f5afa323f475b0fdf541b0f0e432f5,False,valid,direct_tensile_curve_area_silver_process_not_new_chemistry,SLS_printed_thermoplastic_polyurethane,commercial_grade_known,exploratory_condition_code_detailed_mapping_incomplete,direct_tensile_toughness_silver_process,SLS_TPU_process_silver,low_weight_process_transfer_only,0.15,0.0,10.17632/wfsm6f9rbn.1|EOS TPU 1301,数据/原始/外部数据/新增开放数据/Mendeley_SLS_TPU工艺力学/结构化表格/TPU_5-GO63nq.xls#sample=Éprouvette 3,163117267ac56bc7fedf63a8185a8469e1d97d56d8c578d5cbf86ffd7b26520f,CC-BY-4.0,reference-59
source_mendeley_wfsm6f9rbn_v1,EOS TPU 1301,EOS TPU 1301,TPU_5-GO63nq,TPU_5-GO63nq.xls,silver|TPU_5-GO63nq|Éprouvette 4,Éprouvette 4,8.111455380767351,346.75264104269445,8.011740472408396,355.9611295070499,76.11102424362657,1561,8.111455380767351,355.9611295070499,22.74484018228672,44.24745257427476,0.0,valid,7b35c46f81692191f1d31b77e0e847868304824921f1496f96a6e20930822a62,False,valid,direct_tensile_curve_area_silver_process_not_new_chemistry,SLS_printed_thermoplastic_polyurethane,commercial_grade_known,exploratory_condition_code_detailed_mapping_incomplete,direct_tensile_toughness_silver_process,SLS_TPU_process_silver,low_weight_process_transfer_only,0.15,0.0,10.17632/wfsm6f9rbn.1|EOS TPU 1301,数据/原始/外部数据/新增开放数据/Mendeley_SLS_TPU工艺力学/结构化表格/TPU_5-GO63nq.xls#sample=Éprouvette 4,163117267ac56bc7fedf63a8185a8469e1d97d56d8c578d5cbf86ffd7b26520f,CC-BY-4.0,reference-59
source_mendeley_wfsm6f9rbn_v1,EOS TPU 1301,EOS TPU 1301,TPU_5-GO63nq,TPU_5-GO63nq.xls,silver|TPU_5-GO63nq|Éprouvette 5,Éprouvette 5,8.270507836033893,349.7136108772829,7.9807073366258185,360.6722061531618,86.55426970325624,1606,8.270507836033893,360.6722061531618,23.40306018954517,45.561827417227505,0.0,valid,b71d3f66d2538f5e08dbcfbcfd1cd11c51cb26866103a257fda1e681155f569f,False,valid,direct_tensile_curve_area_silver_process_not_new_chemistry,SLS_printed_thermoplastic_polyurethane,commercial_grade_known,exploratory_condition_code_detailed_mapping_incomplete,direct_tensile_toughness_silver_process,SLS_TPU_process_silver,low_weight_process_transfer_only,0.15,0.0,10.17632/wfsm6f9rbn.1|EOS TPU 1301,数据/原始/外部数据/新增开放数据/Mendeley_SLS_TPU工艺力学/结构化表格/TPU_5-GO63nq.xls#sample=Éprouvette 5,163117267ac56bc7fedf63a8185a8469e1d97d56d8c578d5cbf86ffd7b26520f,CC-BY-4.0,reference-59
