source_id,material_grade,formulation_id,condition_id,source_workbook_name,parsed_workbook_name,sample_id,source_sample_label,source_Fmax_MPa,source_strain_at_Fmax_percent,source_fracture_stress_MPa,source_elongation_at_break_percent,source_young_modulus_MPa,curve_point_count,tensile_strength_MPa,elongation_at_break_percent,toughness_MJ_m3,young_modulus_0_5pct_MPa,negative_strain_step_fraction,endpoint_quality_status,toughness_semantics,material_class,chemistry_mapping_status,target_role,model_admission_layer,usage_mode,sample_weight_ceiling,process_mapping_status,split_group,source_locator,source_file_sha256,license,citation_keys
source_mendeley_wfsm6f9rbn_v1,EOS TPU 1301,EOS TPU 1301,TPU_1 (45°),TPU_1 (45°).xlsx,TPU_1 (45°).xlsx,TPU_1 (45°)|Éprouvette 1,Éprouvette 1,1.8830190658569337,32.81714677810669,1.556894588470459,35.02129316329956,22.036421741708654,8412,1.8830190658569337,35.02129316329956,0.47405647740460727,15.014444134387883,0.0,valid,direct_tensile_curve_area_application_not_independent_chemistry,SLS_printed_thermoplastic_polyurethane,commercial_grade_process_condition_partial,direct_tensile_toughness_application,core_tpu_application_experimental,gold_process_transfer_after_condition_group_split,0.35,paper_condition_mapped_detailed_parameters_partial,10.17632/wfsm6f9rbn.1|EOS TPU 1301,数据/原始/外部数据/新增开放数据/Mendeley_SLS_TPU工艺力学/结构化表格/TPU_1 (45°).xlsx#sample=Éprouvette 1,de510df0699c028975dc1f6d353e0467d8fd2cc000271e2ca197312f0caca41f,CC-BY-4.0,reference-59
source_mendeley_wfsm6f9rbn_v1,EOS TPU 1301,EOS TPU 1301,TPU_1 (45°),TPU_1 (45°).xlsx,TPU_1 (45°).xlsx,TPU_1 (45°)|Éprouvette 2,Éprouvette 2,1.7092470169067384,21.652097702026367,1.5956315994262695,24.38124418258667,23.414401375060745,5858,1.7092470169067384,24.38124418258667,0.2963010284719873,16.545551163764376,0.0,valid,direct_tensile_curve_area_application_not_independent_chemistry,SLS_printed_thermoplastic_polyurethane,commercial_grade_process_condition_partial,direct_tensile_toughness_application,core_tpu_application_experimental,gold_process_transfer_after_condition_group_split,0.35,paper_condition_mapped_detailed_parameters_partial,10.17632/wfsm6f9rbn.1|EOS TPU 1301,数据/原始/外部数据/新增开放数据/Mendeley_SLS_TPU工艺力学/结构化表格/TPU_1 (45°).xlsx#sample=Éprouvette 2,de510df0699c028975dc1f6d353e0467d8fd2cc000271e2ca197312f0caca41f,CC-BY-4.0,reference-59
source_mendeley_wfsm6f9rbn_v1,EOS TPU 1301,EOS TPU 1301,TPU_1 (45°),TPU_1 (45°).xlsx,TPU_1 (45°).xlsx,TPU_1 (45°)|Éprouvette 3,Éprouvette 3,2.0389223098754883,36.57455921173096,1.8096403121948244,40.2579402923584,23.817761640109055,9667,2.0389223098754883,40.2579402923584,0.611038339014141,16.205050083239325,0.0,valid,direct_tensile_curve_area_application_not_independent_chemistry,SLS_printed_thermoplastic_polyurethane,commercial_grade_process_condition_partial,direct_tensile_toughness_application,core_tpu_application_experimental,gold_process_transfer_after_condition_group_split,0.35,paper_condition_mapped_detailed_parameters_partial,10.17632/wfsm6f9rbn.1|EOS TPU 1301,数据/原始/外部数据/新增开放数据/Mendeley_SLS_TPU工艺力学/结构化表格/TPU_1 (45°).xlsx#sample=Éprouvette 3,de510df0699c028975dc1f6d353e0467d8fd2cc000271e2ca197312f0caca41f,CC-BY-4.0,reference-59
source_mendeley_wfsm6f9rbn_v1,EOS TPU 1301,EOS TPU 1301,TPU_1 (45°),TPU_1 (45°).xlsx,TPU_1 (45°).xlsx,TPU_1 (45°)|Éprouvette 4,Éprouvette 4,1.9347127914428712,27.109618186950684,1.9191078186035158,27.342915534973145,23.73452202364227,6567,1.9347127914428712,27.342915534973145,0.36078192723663816,16.272087302698424,0.0,valid,direct_tensile_curve_area_application_not_independent_chemistry,SLS_printed_thermoplastic_polyurethane,commercial_grade_process_condition_partial,direct_tensile_toughness_application,core_tpu_application_experimental,gold_process_transfer_after_condition_group_split,0.35,paper_condition_mapped_detailed_parameters_partial,10.17632/wfsm6f9rbn.1|EOS TPU 1301,数据/原始/外部数据/新增开放数据/Mendeley_SLS_TPU工艺力学/结构化表格/TPU_1 (45°).xlsx#sample=Éprouvette 4,de510df0699c028975dc1f6d353e0467d8fd2cc000271e2ca197312f0caca41f,CC-BY-4.0,reference-59
source_mendeley_wfsm6f9rbn_v1,EOS TPU 1301,EOS TPU 1301,TPU_1 (45°),TPU_1 (45°).xlsx,TPU_1 (45°).xlsx,TPU_1 (45°)|Éprouvette 5,Éprouvette 5,1.6696521759033205,30.3812837600708,1.2303250312805176,33.39794874191284,19.733540378763973,8022,1.6696521759033205,33.39794874191284,0.39834056708416377,13.780160496267545,0.0,valid,direct_tensile_curve_area_application_not_independent_chemistry,SLS_printed_thermoplastic_polyurethane,commercial_grade_process_condition_partial,direct_tensile_toughness_application,core_tpu_application_experimental,gold_process_transfer_after_condition_group_split,0.35,paper_condition_mapped_detailed_parameters_partial,10.17632/wfsm6f9rbn.1|EOS TPU 1301,数据/原始/外部数据/新增开放数据/Mendeley_SLS_TPU工艺力学/结构化表格/TPU_1 (45°).xlsx#sample=Éprouvette 5,de510df0699c028975dc1f6d353e0467d8fd2cc000271e2ca197312f0caca41f,CC-BY-4.0,reference-59
source_mendeley_wfsm6f9rbn_v1,EOS TPU 1301,EOS TPU 1301,TPU_1 (on edge),TPU_1 (on edge).xlsx,TPU_1 (on edge).xlsx,TPU_1 (on edge)|Éprouvette 1,Éprouvette 1,3.6434959411621097,98.69714736938477,3.3120639801025393,101.75539016723633,28.68128770915533,24427,3.6434959411621097,101.75539016723633,2.7822035590713563,19.289279893505032,0.0,valid,direct_tensile_curve_area_application_not_independent_chemistry,SLS_printed_thermoplastic_polyurethane,commercial_grade_process_condition_partial,direct_tensile_toughness_application,core_tpu_application_experimental,gold_process_transfer_after_condition_group_split,0.35,paper_condition_mapped_detailed_parameters_partial,10.17632/wfsm6f9rbn.1|EOS TPU 1301,数据/原始/外部数据/新增开放数据/Mendeley_SLS_TPU工艺力学/结构化表格/TPU_1 (on edge).xlsx#sample=Éprouvette 1,65e309f8f24f5e2c7ba8e673ff1d557b719a004d5f98849ff78ad15b29280a1e,CC-BY-4.0,reference-59
source_mendeley_wfsm6f9rbn_v1,EOS TPU 1301,EOS TPU 1301,TPU_1 (on edge),TPU_1 (on edge).xlsx,TPU_1 (on edge).xlsx,TPU_1 (on edge)|Éprouvette 2,Éprouvette 2,3.139790153503418,78.55213165283203,2.935664749145508,79.78955745697021,25.874577865186843,19156,3.139790153503418,79.78955745697021,1.8451867282426955,17.625305053509408,0.0,valid,direct_tensile_curve_area_application_not_independent_chemistry,SLS_printed_thermoplastic_polyurethane,commercial_grade_process_condition_partial,direct_tensile_toughness_application,core_tpu_application_experimental,gold_process_transfer_after_condition_group_split,0.35,paper_condition_mapped_detailed_parameters_partial,10.17632/wfsm6f9rbn.1|EOS TPU 1301,数据/原始/外部数据/新增开放数据/Mendeley_SLS_TPU工艺力学/结构化表格/TPU_1 (on edge).xlsx#sample=Éprouvette 2,65e309f8f24f5e2c7ba8e673ff1d557b719a004d5f98849ff78ad15b29280a1e,CC-BY-4.0,reference-59
source_mendeley_wfsm6f9rbn_v1,EOS TPU 1301,EOS TPU 1301,TPU_1 (on edge),TPU_1 (on edge).xlsx,TPU_1 (on edge).xlsx,TPU_1 (on edge)|Éprouvette 3,Éprouvette 3,3.5779155731201175,94.77450370788574,3.038675689697266,101.62040710449219,29.09152295562541,24395,3.5779155731201175,101.62040710449219,2.743331781979551,19.125078724867148,0.0,valid,direct_tensile_curve_area_application_not_independent_chemistry,SLS_printed_thermoplastic_polyurethane,commercial_grade_process_condition_partial,direct_tensile_toughness_application,core_tpu_application_experimental,gold_process_transfer_after_condition_group_split,0.35,paper_condition_mapped_detailed_parameters_partial,10.17632/wfsm6f9rbn.1|EOS TPU 1301,数据/原始/外部数据/新增开放数据/Mendeley_SLS_TPU工艺力学/结构化表格/TPU_1 (on edge).xlsx#sample=Éprouvette 3,65e309f8f24f5e2c7ba8e673ff1d557b719a004d5f98849ff78ad15b29280a1e,CC-BY-4.0,reference-59
source_mendeley_wfsm6f9rbn_v1,EOS TPU 1301,EOS TPU 1301,TPU_1 (on edge),TPU_1 (on edge).xlsx,TPU_1 (on edge).xlsx,TPU_1 (on edge)|Éprouvette 4,Éprouvette 4,3.4344871520996096,83.8304328918457,3.1790115356445314,85.95131874084473,28.305059222300063,20634,3.4344871520996096,85.95131874084473,2.1920086849603404,19.065821946838504,0.0,valid,direct_tensile_curve_area_application_not_independent_chemistry,SLS_printed_thermoplastic_polyurethane,commercial_grade_process_condition_partial,direct_tensile_toughness_application,core_tpu_application_experimental,gold_process_transfer_after_condition_group_split,0.35,paper_condition_mapped_detailed_parameters_partial,10.17632/wfsm6f9rbn.1|EOS TPU 1301,数据/原始/外部数据/新增开放数据/Mendeley_SLS_TPU工艺力学/结构化表格/TPU_1 (on edge).xlsx#sample=Éprouvette 4,65e309f8f24f5e2c7ba8e673ff1d557b719a004d5f98849ff78ad15b29280a1e,CC-BY-4.0,reference-59
source_mendeley_wfsm6f9rbn_v1,EOS TPU 1301,EOS TPU 1301,TPU_1 (on edge),TPU_1 (on edge).xlsx,TPU_1 (on edge).xlsx,TPU_1 (on edge)|Éprouvette 5,Éprouvette 5,3.392021942138672,86.1553955078125,3.1242902755737307,87.98866271972656,27.452773962566777,21123,3.392021942138672,87.98866271972656,2.2253675526131635,18.696119806068346,0.0,valid,direct_tensile_curve_area_application_not_independent_chemistry,SLS_printed_thermoplastic_polyurethane,commercial_grade_process_condition_partial,direct_tensile_toughness_application,core_tpu_application_experimental,gold_process_transfer_after_condition_group_split,0.35,paper_condition_mapped_detailed_parameters_partial,10.17632/wfsm6f9rbn.1|EOS TPU 1301,数据/原始/外部数据/新增开放数据/Mendeley_SLS_TPU工艺力学/结构化表格/TPU_1 (on edge).xlsx#sample=Éprouvette 5,65e309f8f24f5e2c7ba8e673ff1d557b719a004d5f98849ff78ad15b29280a1e,CC-BY-4.0,reference-59
source_mendeley_wfsm6f9rbn_v1,EOS TPU 1301,EOS TPU 1301,TPU_1 (upright),TPU_1 (upright).xlsx,TPU_1 (upright).xlsx,TPU_1 (upright)|Éprouvette 1,Éprouvette 1,1.6935726165771485,23.57884407043457,1.4905941009521486,25.07880926132202,21.71411015839076,6025,1.6935726165771485,25.07880926132202,0.293674806548618,15.057053477182107,0.0,valid,direct_tensile_curve_area_application_not_independent_chemistry,SLS_printed_thermoplastic_polyurethane,commercial_grade_process_condition_partial,direct_tensile_toughness_application,core_tpu_application_experimental,gold_process_transfer_after_condition_group_split,0.35,paper_condition_mapped_detailed_parameters_partial,10.17632/wfsm6f9rbn.1|EOS TPU 1301,数据/原始/外部数据/新增开放数据/Mendeley_SLS_TPU工艺力学/结构化表格/TPU_1 (upright).xlsx#sample=Éprouvette 1,0ea8abc6bb321674fbd253858b97cdd50c825a561ed7929f9a7bdd33e179d362,CC-BY-4.0,reference-59
source_mendeley_wfsm6f9rbn_v1,EOS TPU 1301,EOS TPU 1301,TPU_1 (upright),TPU_1 (upright).xlsx,TPU_1 (upright).xlsx,TPU_1 (upright)|Éprouvette 2,Éprouvette 2,1.4282903671264648,16.157954931259155,1.29249906539917,16.824588775634766,20.68006637871414,4044,1.4282903671264648,16.824588775634766,0.15681762779198272,14.672196694049651,0.0,valid,direct_tensile_curve_area_application_not_independent_chemistry,SLS_printed_thermoplastic_polyurethane,commercial_grade_process_condition_partial,direct_tensile_toughness_application,core_tpu_application_experimental,gold_process_transfer_after_condition_group_split,0.35,paper_condition_mapped_detailed_parameters_partial,10.17632/wfsm6f9rbn.1|EOS TPU 1301,数据/原始/外部数据/新增开放数据/Mendeley_SLS_TPU工艺力学/结构化表格/TPU_1 (upright).xlsx#sample=Éprouvette 2,0ea8abc6bb321674fbd253858b97cdd50c825a561ed7929f9a7bdd33e179d362,CC-BY-4.0,reference-59
source_mendeley_wfsm6f9rbn_v1,EOS TPU 1301,EOS TPU 1301,TPU_1 (upright),TPU_1 (upright).xlsx,TPU_1 (upright).xlsx,TPU_1 (upright)|Éprouvette 3,Éprouvette 3,1.8394006729125978,29.852983951568604,1.7320789337158204,31.507105827331543,22.454624004940317,7568,1.8394006729125978,31.507105827331543,0.42078278269862884,15.597148097839876,0.0,valid,direct_tensile_curve_area_application_not_independent_chemistry,SLS_printed_thermoplastic_polyurethane,commercial_grade_process_condition_partial,direct_tensile_toughness_application,core_tpu_application_experimental,gold_process_transfer_after_condition_group_split,0.35,paper_condition_mapped_detailed_parameters_partial,10.17632/wfsm6f9rbn.1|EOS TPU 1301,数据/原始/外部数据/新增开放数据/Mendeley_SLS_TPU工艺力学/结构化表格/TPU_1 (upright).xlsx#sample=Éprouvette 3,0ea8abc6bb321674fbd253858b97cdd50c825a561ed7929f9a7bdd33e179d362,CC-BY-4.0,reference-59
source_mendeley_wfsm6f9rbn_v1,EOS TPU 1301,EOS TPU 1301,TPU_1 (upright),TPU_1 (upright).xlsx,TPU_1 (upright).xlsx,TPU_1 (upright)|Éprouvette 4,Éprouvette 4,1.2981809616088869,29.91046905517578,1.0485383033752442,35.060482025146484,16.19448210689223,8421,1.2981809616088869,35.060482025146484,0.3379188422436802,11.462108594661144,0.0,valid,direct_tensile_curve_area_application_not_independent_chemistry,SLS_printed_thermoplastic_polyurethane,commercial_grade_process_condition_partial,direct_tensile_toughness_application,core_tpu_application_experimental,gold_process_transfer_after_condition_group_split,0.35,paper_condition_mapped_detailed_parameters_partial,10.17632/wfsm6f9rbn.1|EOS TPU 1301,数据/原始/外部数据/新增开放数据/Mendeley_SLS_TPU工艺力学/结构化表格/TPU_1 (upright).xlsx#sample=Éprouvette 4,0ea8abc6bb321674fbd253858b97cdd50c825a561ed7929f9a7bdd33e179d362,CC-BY-4.0,reference-59
source_mendeley_wfsm6f9rbn_v1,EOS TPU 1301,EOS TPU 1301,TPU_1 (upright),TPU_1 (upright).xlsx,TPU_1 (upright).xlsx,TPU_1 (upright)|Éprouvette 5,Éprouvette 5,1.8289789199829103,27.4888277053833,1.6159770965576172,29.409618377685547,23.204772910234393,7064,1.8289789199829103,29.409618377685547,0.3847496014975784,16.066741959336206,0.0,valid,direct_tensile_curve_area_application_not_independent_chemistry,SLS_printed_thermoplastic_polyurethane,commercial_grade_process_condition_partial,direct_tensile_toughness_application,core_tpu_application_experimental,gold_process_transfer_after_condition_group_split,0.35,paper_condition_mapped_detailed_parameters_partial,10.17632/wfsm6f9rbn.1|EOS TPU 1301,数据/原始/外部数据/新增开放数据/Mendeley_SLS_TPU工艺力学/结构化表格/TPU_1 (upright).xlsx#sample=Éprouvette 5,0ea8abc6bb321674fbd253858b97cdd50c825a561ed7929f9a7bdd33e179d362,CC-BY-4.0,reference-59
source_mendeley_wfsm6f9rbn_v1,EOS TPU 1301,EOS TPU 1301,TPU_10sem5,TPU_10sem5.xls,TPU_10sem5.xls,TPU_10sem5|Éprouvette 1,Éprouvette 1,5.179869691734668,153.80943812849,5.015824493079611,157.68464602949098,57.79628366629292,1021,5.179869691734668,157.68464602949098,6.148595734119082,33.32504382196043,0.0,valid,direct_tensile_curve_area_application_not_independent_chemistry,SLS_printed_thermoplastic_polyurethane,commercial_grade_process_condition_partial,direct_tensile_toughness_application,core_tpu_application_experimental,gold_process_transfer_after_condition_group_split,0.35,paper_condition_mapped_detailed_parameters_partial,10.17632/wfsm6f9rbn.1|EOS TPU 1301,数据/原始/外部数据/新增开放数据/Mendeley_SLS_TPU工艺力学/结构化表格/TPU_10sem5.xls#sample=Éprouvette 1,8ddfebdea87da265424c49ae1339d975ee72d0acdcc8ab5104fa0af7f6bf1b37,CC-BY-4.0,reference-59
source_mendeley_wfsm6f9rbn_v1,EOS TPU 1301,EOS TPU 1301,TPU_10sem5,TPU_10sem5.xls,TPU_10sem5.xls,TPU_10sem5|Éprouvette 2,Éprouvette 2,4.806710080075033,168.77224545413628,4.602074522685623,180.1052723401226,61.51851652435217,1062,4.806710080075033,180.1052723401226,6.665131867232383,30.511748866840872,0.0,valid,direct_tensile_curve_area_application_not_independent_chemistry,SLS_printed_thermoplastic_polyurethane,commercial_grade_process_condition_partial,direct_tensile_toughness_application,core_tpu_application_experimental,gold_process_transfer_after_condition_group_split,0.35,paper_condition_mapped_detailed_parameters_partial,10.17632/wfsm6f9rbn.1|EOS TPU 1301,数据/原始/外部数据/新增开放数据/Mendeley_SLS_TPU工艺力学/结构化表格/TPU_10sem5.xls#sample=Éprouvette 2,8ddfebdea87da265424c49ae1339d975ee72d0acdcc8ab5104fa0af7f6bf1b37,CC-BY-4.0,reference-59
source_mendeley_wfsm6f9rbn_v1,EOS TPU 1301,EOS TPU 1301,TPU_10sem5,TPU_10sem5.xls,TPU_10sem5.xls,TPU_10sem5|Éprouvette 3,Éprouvette 3,4.979704210608155,160.67094964021817,4.830138533545711,167.29597252840176,52.74213355711951,933,4.979704210608155,167.29597252840176,6.3278494267840095,31.594001827063583,0.0,valid,direct_tensile_curve_area_application_not_independent_chemistry,SLS_printed_thermoplastic_polyurethane,commercial_grade_process_condition_partial,direct_tensile_toughness_application,core_tpu_application_experimental,gold_process_transfer_after_condition_group_split,0.35,paper_condition_mapped_detailed_parameters_partial,10.17632/wfsm6f9rbn.1|EOS TPU 1301,数据/原始/外部数据/新增开放数据/Mendeley_SLS_TPU工艺力学/结构化表格/TPU_10sem5.xls#sample=Éprouvette 3,8ddfebdea87da265424c49ae1339d975ee72d0acdcc8ab5104fa0af7f6bf1b37,CC-BY-4.0,reference-59
source_mendeley_wfsm6f9rbn_v1,EOS TPU 1301,EOS TPU 1301,TPU_10sem5,TPU_10sem5.xls,TPU_10sem5.xls,TPU_10sem5|Éprouvette 4,Éprouvette 4,4.999151243805928,172.46664364147,4.88334218546765,177.21649486827664,59.42113172448866,971,4.999151243805928,177.21649486827664,6.780914314566963,31.134590428822122,0.0,valid,direct_tensile_curve_area_application_not_independent_chemistry,SLS_printed_thermoplastic_polyurethane,commercial_grade_process_condition_partial,direct_tensile_toughness_application,core_tpu_application_experimental,gold_process_transfer_after_condition_group_split,0.35,paper_condition_mapped_detailed_parameters_partial,10.17632/wfsm6f9rbn.1|EOS TPU 1301,数据/原始/外部数据/新增开放数据/Mendeley_SLS_TPU工艺力学/结构化表格/TPU_10sem5.xls#sample=Éprouvette 4,8ddfebdea87da265424c49ae1339d975ee72d0acdcc8ab5104fa0af7f6bf1b37,CC-BY-4.0,reference-59
source_mendeley_wfsm6f9rbn_v1,EOS TPU 1301,EOS TPU 1301,TPU_11,TPU_11.xls,TPU_11.xls,TPU_11|Éprouvette 1,Éprouvette 1,5.329348512274451,159.7490882303391,5.19167592834728,166.20757097264868,60.395701862185916,1005,5.329348512274451,166.20757097264868,6.796906444707181,35.589166728377876,0.0,valid,direct_tensile_curve_area_application_not_independent_chemistry,SLS_printed_thermoplastic_polyurethane,commercial_grade_process_condition_partial,direct_tensile_toughness_application,core_tpu_application_experimental,gold_process_transfer_after_condition_group_split,0.35,paper_condition_mapped_detailed_parameters_partial,10.17632/wfsm6f9rbn.1|EOS TPU 1301,数据/原始/外部数据/新增开放数据/Mendeley_SLS_TPU工艺力学/结构化表格/TPU_11.xls#sample=Éprouvette 1,d705295996bf4617e28cda1a9d253a8593e0eeaabe3e4a137c52e77b1639ffe7,CC-BY-4.0,reference-59
source_mendeley_wfsm6f9rbn_v1,EOS TPU 1301,EOS TPU 1301,TPU_11,TPU_11.xls,TPU_11.xls,TPU_11|Éprouvette 2,Éprouvette 2,6.103490076642851,203.03786308388226,5.895825823775883,210.66243202309124,63.962206751153914,1131,6.103490076642851,210.66243202309124,9.98474054075299,38.3837731529552,0.0,valid,direct_tensile_curve_area_application_not_independent_chemistry,SLS_printed_thermoplastic_polyurethane,commercial_grade_process_condition_partial,direct_tensile_toughness_application,core_tpu_application_experimental,gold_process_transfer_after_condition_group_split,0.35,paper_condition_mapped_detailed_parameters_partial,10.17632/wfsm6f9rbn.1|EOS TPU 1301,数据/原始/外部数据/新增开放数据/Mendeley_SLS_TPU工艺力学/结构化表格/TPU_11.xls#sample=Éprouvette 2,d705295996bf4617e28cda1a9d253a8593e0eeaabe3e4a137c52e77b1639ffe7,CC-BY-4.0,reference-59
source_mendeley_wfsm6f9rbn_v1,EOS TPU 1301,EOS TPU 1301,TPU_11,TPU_11.xls,TPU_11.xls,TPU_11|Éprouvette 3,Éprouvette 3,5.717123835134206,190.03728941082954,5.584848130460879,204.45398405194283,65.8994067817611,1113,5.717123835134206,204.45398405194283,9.160002379018625,36.66737932036838,0.0,valid,direct_tensile_curve_area_application_not_independent_chemistry,SLS_printed_thermoplastic_polyurethane,commercial_grade_process_condition_partial,direct_tensile_toughness_application,core_tpu_application_experimental,gold_process_transfer_after_condition_group_split,0.35,paper_condition_mapped_detailed_parameters_partial,10.17632/wfsm6f9rbn.1|EOS TPU 1301,数据/原始/外部数据/新增开放数据/Mendeley_SLS_TPU工艺力学/结构化表格/TPU_11.xls#sample=Éprouvette 3,d705295996bf4617e28cda1a9d253a8593e0eeaabe3e4a137c52e77b1639ffe7,CC-BY-4.0,reference-59
source_mendeley_wfsm6f9rbn_v1,EOS TPU 1301,EOS TPU 1301,TPU_11,TPU_11.xls,TPU_11.xls,TPU_11|Éprouvette 4,Éprouvette 4,5.803100354299063,193.52773219964,5.50498509082776,198.56935054680798,62.87123756954479,1074,5.803100354299063,198.56935054680798,8.946639179195671,37.00259022595515,0.0,valid,direct_tensile_curve_area_application_not_independent_chemistry,SLS_printed_thermoplastic_polyurethane,commercial_grade_process_condition_partial,direct_tensile_toughness_application,core_tpu_application_experimental,gold_process_transfer_after_condition_group_split,0.35,paper_condition_mapped_detailed_parameters_partial,10.17632/wfsm6f9rbn.1|EOS TPU 1301,数据/原始/外部数据/新增开放数据/Mendeley_SLS_TPU工艺力学/结构化表格/TPU_11.xls#sample=Éprouvette 4,d705295996bf4617e28cda1a9d253a8593e0eeaabe3e4a137c52e77b1639ffe7,CC-BY-4.0,reference-59
source_mendeley_wfsm6f9rbn_v1,EOS TPU 1301,EOS TPU 1301,TPU_11,TPU_11.xls,TPU_11.xls,TPU_11|Éprouvette 5,Éprouvette 5,5.938670717436692,201.37888847989962,5.779818830818966,209.58662926359102,62.85179289636356,1135,5.938670717436692,209.58662926359102,9.672353911421087,37.749416424948805,0.0,valid,direct_tensile_curve_area_application_not_independent_chemistry,SLS_printed_thermoplastic_polyurethane,commercial_grade_process_condition_partial,direct_tensile_toughness_application,core_tpu_application_experimental,gold_process_transfer_after_condition_group_split,0.35,paper_condition_mapped_detailed_parameters_partial,10.17632/wfsm6f9rbn.1|EOS TPU 1301,数据/原始/外部数据/新增开放数据/Mendeley_SLS_TPU工艺力学/结构化表格/TPU_11.xls#sample=Éprouvette 5,d705295996bf4617e28cda1a9d253a8593e0eeaabe3e4a137c52e77b1639ffe7,CC-BY-4.0,reference-59
source_mendeley_wfsm6f9rbn_v1,EOS TPU 1301,EOS TPU 1301,TPU_12,TPU_12.xls,TPU_12.xls,TPU_12|Éprouvette 1,Éprouvette 1,6.13694116934464,200.48602627543733,6.044695545845544,210.8604197385721,67.72735852510064,1098,6.13694116934464,210.8604197385721,10.147194912589095,39.5230189523023,0.0,valid,direct_tensile_curve_area_application_not_independent_chemistry,SLS_printed_thermoplastic_polyurethane,commercial_grade_process_condition_partial,direct_tensile_toughness_application,core_tpu_application_experimental,gold_process_transfer_after_condition_group_split,0.35,paper_condition_mapped_detailed_parameters_partial,10.17632/wfsm6f9rbn.1|EOS TPU 1301,数据/原始/外部数据/新增开放数据/Mendeley_SLS_TPU工艺力学/结构化表格/TPU_12.xls#sample=Éprouvette 1,b2fb0b5005f32481b54c3b46c4b3669fef51707fe4a24f117fd5bf0c20a46314,CC-BY-4.0,reference-59
source_mendeley_wfsm6f9rbn_v1,EOS TPU 1301,EOS TPU 1301,TPU_12,TPU_12.xls,TPU_12.xls,TPU_12|Éprouvette 2,Éprouvette 2,6.16441658970554,199.52553805476055,5.924296374615221,205.7338052666746,68.34270250061022,1167,6.16441658970554,205.7338052666746,9.90988682251757,39.91360841124221,0.0,valid,direct_tensile_curve_area_application_not_independent_chemistry,SLS_printed_thermoplastic_polyurethane,commercial_grade_process_condition_partial,direct_tensile_toughness_application,core_tpu_application_experimental,gold_process_transfer_after_condition_group_split,0.35,paper_condition_mapped_detailed_parameters_partial,10.17632/wfsm6f9rbn.1|EOS TPU 1301,数据/原始/外部数据/新增开放数据/Mendeley_SLS_TPU工艺力学/结构化表格/TPU_12.xls#sample=Éprouvette 2,b2fb0b5005f32481b54c3b46c4b3669fef51707fe4a24f117fd5bf0c20a46314,CC-BY-4.0,reference-59
source_mendeley_wfsm6f9rbn_v1,EOS TPU 1301,EOS TPU 1301,TPU_12,TPU_12.xls,TPU_12.xls,TPU_12|Éprouvette 3,Éprouvette 3,6.147562468136359,207.47157185559627,5.815245836147701,221.30471318250056,65.40515266005049,1130,6.147562468136359,221.30471318250056,10.732581514626279,39.8781755931776,0.0,valid,direct_tensile_curve_area_application_not_independent_chemistry,SLS_printed_thermoplastic_polyurethane,commercial_grade_process_condition_partial,direct_tensile_toughness_application,core_tpu_application_experimental,gold_process_transfer_after_condition_group_split,0.35,paper_condition_mapped_detailed_parameters_partial,10.17632/wfsm6f9rbn.1|EOS TPU 1301,数据/原始/外部数据/新增开放数据/Mendeley_SLS_TPU工艺力学/结构化表格/TPU_12.xls#sample=Éprouvette 3,b2fb0b5005f32481b54c3b46c4b3669fef51707fe4a24f117fd5bf0c20a46314,CC-BY-4.0,reference-59
source_mendeley_wfsm6f9rbn_v1,EOS TPU 1301,EOS TPU 1301,TPU_12,TPU_12.xls,TPU_12.xls,TPU_12|Éprouvette 4,Éprouvette 4,6.244744356094009,208.41719157993793,6.099162805524949,220.66673763096333,68.31311533474597,1322,6.244744356094009,220.66673763096333,10.84441438975232,40.43003536979622,0.0,valid,direct_tensile_curve_area_application_not_independent_chemistry,SLS_printed_thermoplastic_polyurethane,commercial_grade_process_condition_partial,direct_tensile_toughness_application,core_tpu_application_experimental,gold_process_transfer_after_condition_group_split,0.35,paper_condition_mapped_detailed_parameters_partial,10.17632/wfsm6f9rbn.1|EOS TPU 1301,数据/原始/外部数据/新增开放数据/Mendeley_SLS_TPU工艺力学/结构化表格/TPU_12.xls#sample=Éprouvette 4,b2fb0b5005f32481b54c3b46c4b3669fef51707fe4a24f117fd5bf0c20a46314,CC-BY-4.0,reference-59
source_mendeley_wfsm6f9rbn_v1,EOS TPU 1301,EOS TPU 1301,TPU_12,TPU_12.xls,TPU_12.xls,TPU_12|Éprouvette 5,Éprouvette 5,6.144131342597095,212.7667745788931,5.756332468377579,227.43340818485012,63.964685631320556,1171,6.144131342597095,227.43340818485012,11.066858005988536,39.5377042464067,0.0,valid,direct_tensile_curve_area_application_not_independent_chemistry,SLS_printed_thermoplastic_polyurethane,commercial_grade_process_condition_partial,direct_tensile_toughness_application,core_tpu_application_experimental,gold_process_transfer_after_condition_group_split,0.35,paper_condition_mapped_detailed_parameters_partial,10.17632/wfsm6f9rbn.1|EOS TPU 1301,数据/原始/外部数据/新增开放数据/Mendeley_SLS_TPU工艺力学/结构化表格/TPU_12.xls#sample=Éprouvette 5,b2fb0b5005f32481b54c3b46c4b3669fef51707fe4a24f117fd5bf0c20a46314,CC-BY-4.0,reference-59
source_mendeley_wfsm6f9rbn_v1,EOS TPU 1301,EOS TPU 1301,TPU_13,TPU_13.xls,TPU_13.xls,TPU_13|Éprouvette 1,Éprouvette 1,6.093048564290784,168.74480402609333,5.994133969248009,174.32774698873982,72.20041159740217,1081,6.093048564290784,174.32774698873982,8.30853958044539,42.22347534861709,0.0,valid,direct_tensile_curve_area_application_not_independent_chemistry,SLS_printed_thermoplastic_polyurethane,commercial_grade_process_condition_partial,direct_tensile_toughness_application,core_tpu_application_experimental,gold_process_transfer_after_condition_group_split,0.35,paper_condition_mapped_detailed_parameters_partial,10.17632/wfsm6f9rbn.1|EOS TPU 1301,数据/原始/外部数据/新增开放数据/Mendeley_SLS_TPU工艺力学/结构化表格/TPU_13.xls#sample=Éprouvette 1,7b26ef6fe78002f68d3025c2cd3b33a93862d9fafb9097a6509da3e9c293a9d9,CC-BY-4.0,reference-59
source_mendeley_wfsm6f9rbn_v1,EOS TPU 1301,EOS TPU 1301,TPU_13,TPU_13.xls,TPU_13.xls,TPU_13|Éprouvette 2,Éprouvette 2,6.247815308141094,177.0550036476925,6.076903118084429,185.01333952415735,72.77148922985775,1214,6.247815308141094,185.01333952415735,9.079190609065659,43.1287836514507,0.0,valid,direct_tensile_curve_area_application_not_independent_chemistry,SLS_printed_thermoplastic_polyurethane,commercial_grade_process_condition_partial,direct_tensile_toughness_application,core_tpu_application_experimental,gold_process_transfer_after_condition_group_split,0.35,paper_condition_mapped_detailed_parameters_partial,10.17632/wfsm6f9rbn.1|EOS TPU 1301,数据/原始/外部数据/新增开放数据/Mendeley_SLS_TPU工艺力学/结构化表格/TPU_13.xls#sample=Éprouvette 2,7b26ef6fe78002f68d3025c2cd3b33a93862d9fafb9097a6509da3e9c293a9d9,CC-BY-4.0,reference-59
source_mendeley_wfsm6f9rbn_v1,EOS TPU 1301,EOS TPU 1301,TPU_13,TPU_13.xls,TPU_13.xls,TPU_13|Éprouvette 3,Éprouvette 3,6.266603787281674,188.47249356517568,6.15015297540468,194.5560773969628,70.36034796504242,1149,6.266603787281674,194.5560773969628,9.600696325926798,42.828063615653015,0.0,valid,direct_tensile_curve_area_application_not_independent_chemistry,SLS_printed_thermoplastic_polyurethane,commercial_grade_process_condition_partial,direct_tensile_toughness_application,core_tpu_application_experimental,gold_process_transfer_after_condition_group_split,0.35,paper_condition_mapped_detailed_parameters_partial,10.17632/wfsm6f9rbn.1|EOS TPU 1301,数据/原始/外部数据/新增开放数据/Mendeley_SLS_TPU工艺力学/结构化表格/TPU_13.xls#sample=Éprouvette 3,7b26ef6fe78002f68d3025c2cd3b33a93862d9fafb9097a6509da3e9c293a9d9,CC-BY-4.0,reference-59
source_mendeley_wfsm6f9rbn_v1,EOS TPU 1301,EOS TPU 1301,TPU_13,TPU_13.xls,TPU_13.xls,TPU_13|Éprouvette 4,Éprouvette 4,6.127409967518696,172.9726837987546,6.041270811220162,177.1810578221921,70.46954237044154,1077,6.127409967518696,177.1810578221921,8.474027131217976,42.30197087440528,0.0,valid,direct_tensile_curve_area_application_not_independent_chemistry,SLS_printed_thermoplastic_polyurethane,commercial_grade_process_condition_partial,direct_tensile_toughness_application,core_tpu_application_experimental,gold_process_transfer_after_condition_group_split,0.35,paper_condition_mapped_detailed_parameters_partial,10.17632/wfsm6f9rbn.1|EOS TPU 1301,数据/原始/外部数据/新增开放数据/Mendeley_SLS_TPU工艺力学/结构化表格/TPU_13.xls#sample=Éprouvette 4,7b26ef6fe78002f68d3025c2cd3b33a93862d9fafb9097a6509da3e9c293a9d9,CC-BY-4.0,reference-59
source_mendeley_wfsm6f9rbn_v1,EOS TPU 1301,EOS TPU 1301,TPU_13,TPU_13.xls,TPU_13.xls,TPU_13|Éprouvette 5,Éprouvette 5,6.111384460757673,180.75357817020267,5.789080369638051,187.67021559085697,70.60894188978966,1056,6.111384460757673,187.67021559085697,9.073806307733083,42.47648243007383,0.0,valid,direct_tensile_curve_area_application_not_independent_chemistry,SLS_printed_thermoplastic_polyurethane,commercial_grade_process_condition_partial,direct_tensile_toughness_application,core_tpu_application_experimental,gold_process_transfer_after_condition_group_split,0.35,paper_condition_mapped_detailed_parameters_partial,10.17632/wfsm6f9rbn.1|EOS TPU 1301,数据/原始/外部数据/新增开放数据/Mendeley_SLS_TPU工艺力学/结构化表格/TPU_13.xls#sample=Éprouvette 5,7b26ef6fe78002f68d3025c2cd3b33a93862d9fafb9097a6509da3e9c293a9d9,CC-BY-4.0,reference-59
source_mendeley_wfsm6f9rbn_v1,EOS TPU 1301,EOS TPU 1301,TPU_1_1,TPU_1_1.xls,TPU_1_1.xls,TPU_1_1|Éprouvette 2,Éprouvette 2,6.974596844902644,249.67805472831242,6.6538590321024245,258.84488669852726,62.51147075926259,1166,6.974596844902644,258.84488669852726,13.883878807652295,35.029925178833565,0.0,valid,direct_tensile_curve_area_application_not_independent_chemistry,SLS_printed_thermoplastic_polyurethane,commercial_grade_process_condition_partial,direct_tensile_toughness_application,core_tpu_application_experimental,gold_process_transfer_after_condition_group_split,0.35,paper_condition_mapped_detailed_parameters_partial,10.17632/wfsm6f9rbn.1|EOS TPU 1301,数据/原始/外部数据/新增开放数据/Mendeley_SLS_TPU工艺力学/结构化表格/TPU_1_1.xls#sample=Éprouvette 2,d295022f54787faf5a1a16dd102861e06ac60dfd81298b0a19200eb9bc7616b0,CC-BY-4.0,reference-59
source_mendeley_wfsm6f9rbn_v1,EOS TPU 1301,EOS TPU 1301,TPU_1_1,TPU_1_1.xls,TPU_1_1.xls,TPU_1_1|Éprouvette 3,Éprouvette 3,7.36690959114045,283.31064921140205,6.870399034749982,291.769072825904,62.50895909356701,1366,7.36690959114045,291.769072825904,16.59824843955134,37.288368656741504,0.0,valid,direct_tensile_curve_area_application_not_independent_chemistry,SLS_printed_thermoplastic_polyurethane,commercial_grade_process_condition_partial,direct_tensile_toughness_application,core_tpu_application_experimental,gold_process_transfer_after_condition_group_split,0.35,paper_condition_mapped_detailed_parameters_partial,10.17632/wfsm6f9rbn.1|EOS TPU 1301,数据/原始/外部数据/新增开放数据/Mendeley_SLS_TPU工艺力学/结构化表格/TPU_1_1.xls#sample=Éprouvette 3,d295022f54787faf5a1a16dd102861e06ac60dfd81298b0a19200eb9bc7616b0,CC-BY-4.0,reference-59
source_mendeley_wfsm6f9rbn_v1,EOS TPU 1301,EOS TPU 1301,TPU_1_1,TPU_1_1.xls,TPU_1_1.xls,TPU_1_1|Éprouvette 4,Éprouvette 4,7.167073158027312,283.06425393605605,7.0417875810934305,293.3556395866908,64.92227163841942,1314,7.167073158027312,293.3556395866908,16.363734751392798,35.85357819749751,0.0,valid,direct_tensile_curve_area_application_not_independent_chemistry,SLS_printed_thermoplastic_polyurethane,commercial_grade_process_condition_partial,direct_tensile_toughness_application,core_tpu_application_experimental,gold_process_transfer_after_condition_group_split,0.35,paper_condition_mapped_detailed_parameters_partial,10.17632/wfsm6f9rbn.1|EOS TPU 1301,数据/原始/外部数据/新增开放数据/Mendeley_SLS_TPU工艺力学/结构化表格/TPU_1_1.xls#sample=Éprouvette 4,d295022f54787faf5a1a16dd102861e06ac60dfd81298b0a19200eb9bc7616b0,CC-BY-4.0,reference-59
source_mendeley_wfsm6f9rbn_v1,EOS TPU 1301,EOS TPU 1301,TPU_1_1,TPU_1_1.xls,TPU_1_1.xls,TPU_1_1|Éprouvette 5,Éprouvette 5,7.234368253017573,271.1677874214074,6.925447797372483,282.12621103590936,63.473326468064684,1331,7.234368253017573,282.12621103590936,15.791119353496597,37.18812989014483,0.0,valid,direct_tensile_curve_area_application_not_independent_chemistry,SLS_printed_thermoplastic_polyurethane,commercial_grade_process_condition_partial,direct_tensile_toughness_application,core_tpu_application_experimental,gold_process_transfer_after_condition_group_split,0.35,paper_condition_mapped_detailed_parameters_partial,10.17632/wfsm6f9rbn.1|EOS TPU 1301,数据/原始/外部数据/新增开放数据/Mendeley_SLS_TPU工艺力学/结构化表格/TPU_1_1.xls#sample=Éprouvette 5,d295022f54787faf5a1a16dd102861e06ac60dfd81298b0a19200eb9bc7616b0,CC-BY-4.0,reference-59
source_mendeley_wfsm6f9rbn_v1,EOS TPU 1301,EOS TPU 1301,TPU_1_edge,TPU_1_edge.xls,TPU_1_edge.xls,TPU_1_edge|Éprouvette 1,Éprouvette 1,6.90049902870581,243.56253534334246,6.7704113918023605,249.60383325594012,67.19355894992815,1291,6.90049902870581,249.60383325594012,13.414234163502703,41.29021659960937,0.0,valid,direct_tensile_curve_area_application_not_independent_chemistry,SLS_printed_thermoplastic_polyurethane,commercial_grade_process_condition_partial,direct_tensile_toughness_application,core_tpu_application_experimental,gold_process_transfer_after_condition_group_split,0.35,paper_condition_mapped_detailed_parameters_partial,10.17632/wfsm6f9rbn.1|EOS TPU 1301,数据/原始/外部数据/新增开放数据/Mendeley_SLS_TPU工艺力学/结构化表格/TPU_1_edge.xls#sample=Éprouvette 1,ffddbe83ae70a00cd90b7642b69c6e29b859e182c6b4a44d17dda435c425f811,CC-BY-4.0,reference-59
source_mendeley_wfsm6f9rbn_v1,EOS TPU 1301,EOS TPU 1301,TPU_1_edge,TPU_1_edge.xls,TPU_1_edge.xls,TPU_1_edge|Éprouvette 2,Éprouvette 2,7.327828694367767,260.77897263120394,6.831241185267561,268.4871978814481,69.04945772509559,1308,7.327828694367767,268.4871978814481,15.253728154161502,43.04210397785153,0.0,valid,direct_tensile_curve_area_application_not_independent_chemistry,SLS_printed_thermoplastic_polyurethane,commercial_grade_process_condition_partial,direct_tensile_toughness_application,core_tpu_application_experimental,gold_process_transfer_after_condition_group_split,0.35,paper_condition_mapped_detailed_parameters_partial,10.17632/wfsm6f9rbn.1|EOS TPU 1301,数据/原始/外部数据/新增开放数据/Mendeley_SLS_TPU工艺力学/结构化表格/TPU_1_edge.xls#sample=Éprouvette 2,ffddbe83ae70a00cd90b7642b69c6e29b859e182c6b4a44d17dda435c425f811,CC-BY-4.0,reference-59
source_mendeley_wfsm6f9rbn_v1,EOS TPU 1301,EOS TPU 1301,TPU_1_edge,TPU_1_edge.xls,TPU_1_edge.xls,TPU_1_edge|Éprouvette 3,Éprouvette 3,7.044100826192849,229.24037503730506,6.707818928253787,236.9487338019535,73.69268778196903,1245,7.044100826192849,236.9487338019535,12.939064928722127,42.50662508178009,0.0,valid,direct_tensile_curve_area_application_not_independent_chemistry,SLS_printed_thermoplastic_polyurethane,commercial_grade_process_condition_partial,direct_tensile_toughness_application,core_tpu_application_experimental,gold_process_transfer_after_condition_group_split,0.35,paper_condition_mapped_detailed_parameters_partial,10.17632/wfsm6f9rbn.1|EOS TPU 1301,数据/原始/外部数据/新增开放数据/Mendeley_SLS_TPU工艺力学/结构化表格/TPU_1_edge.xls#sample=Éprouvette 3,ffddbe83ae70a00cd90b7642b69c6e29b859e182c6b4a44d17dda435c425f811,CC-BY-4.0,reference-59
source_mendeley_wfsm6f9rbn_v1,EOS TPU 1301,EOS TPU 1301,TPU_1_edge,TPU_1_edge.xls,TPU_1_edge.xls,TPU_1_edge|Éprouvette 4,Éprouvette 4,7.023025608662539,252.8502908401424,6.736696191303884,261.9332185439998,71.09799886252928,1331,7.023025608662539,261.9332185439998,14.390830054567349,41.89786722830001,0.0,valid,direct_tensile_curve_area_application_not_independent_chemistry,SLS_printed_thermoplastic_polyurethane,commercial_grade_process_condition_partial,direct_tensile_toughness_application,core_tpu_application_experimental,gold_process_transfer_after_condition_group_split,0.35,paper_condition_mapped_detailed_parameters_partial,10.17632/wfsm6f9rbn.1|EOS TPU 1301,数据/原始/外部数据/新增开放数据/Mendeley_SLS_TPU工艺力学/结构化表格/TPU_1_edge.xls#sample=Éprouvette 4,ffddbe83ae70a00cd90b7642b69c6e29b859e182c6b4a44d17dda435c425f811,CC-BY-4.0,reference-59
source_mendeley_wfsm6f9rbn_v1,EOS TPU 1301,EOS TPU 1301,TPU_1_edge_v2,TPU_1_edge_v2.xls,TPU_1_edge_v2.xls,TPU_1_edge_v2|Éprouvette 1,Éprouvette 1,5.556653462222155,197.81328573753126,5.2074209180434385,210.93819037009962,50.268767844415486,1107,5.556653462222155,210.93819037009962,8.98463926210309,32.20594214161709,0.0,valid,direct_tensile_curve_area_application_not_independent_chemistry,SLS_printed_thermoplastic_polyurethane,commercial_grade_process_condition_partial,direct_tensile_toughness_application,core_tpu_application_experimental,gold_process_transfer_after_condition_group_split,0.35,paper_condition_mapped_detailed_parameters_partial,10.17632/wfsm6f9rbn.1|EOS TPU 1301,数据/原始/外部数据/新增开放数据/Mendeley_SLS_TPU工艺力学/结构化表格/TPU_1_edge_v2.xls#sample=Éprouvette 1,210673492704d9311e1da9bc7be3acd363b308fec8aa37406b6b6ab5f8dbc0f5,CC-BY-4.0,reference-59
source_mendeley_wfsm6f9rbn_v1,EOS TPU 1301,EOS TPU 1301,TPU_1_edge_v2,TPU_1_edge_v2.xls,TPU_1_edge_v2.xls,TPU_1_edge_v2|Éprouvette 2,Éprouvette 2,5.6508188146680585,181.7469533821568,5.287069498811485,186.12197245564312,51.955638765340744,1017,5.6508188146680585,186.12197245564312,7.909575302870398,33.14891921096766,0.0,valid,direct_tensile_curve_area_application_not_independent_chemistry,SLS_printed_thermoplastic_polyurethane,commercial_grade_process_condition_partial,direct_tensile_toughness_application,core_tpu_application_experimental,gold_process_transfer_after_condition_group_split,0.35,paper_condition_mapped_detailed_parameters_partial,10.17632/wfsm6f9rbn.1|EOS TPU 1301,数据/原始/外部数据/新增开放数据/Mendeley_SLS_TPU工艺力学/结构化表格/TPU_1_edge_v2.xls#sample=Éprouvette 2,210673492704d9311e1da9bc7be3acd363b308fec8aa37406b6b6ab5f8dbc0f5,CC-BY-4.0,reference-59
source_mendeley_wfsm6f9rbn_v1,EOS TPU 1301,EOS TPU 1301,TPU_1_edge_v2,TPU_1_edge_v2.xls,TPU_1_edge_v2.xls,TPU_1_edge_v2|Éprouvette 3,Éprouvette 3,5.710210752842148,194.4397542499937,5.627012134485741,200.5644795917906,52.10725556607846,1109,5.710210752842148,200.5644795917906,8.665197375419709,31.39969866041609,0.0,valid,direct_tensile_curve_area_application_not_independent_chemistry,SLS_printed_thermoplastic_polyurethane,commercial_grade_process_condition_partial,direct_tensile_toughness_application,core_tpu_application_experimental,gold_process_transfer_after_condition_group_split,0.35,paper_condition_mapped_detailed_parameters_partial,10.17632/wfsm6f9rbn.1|EOS TPU 1301,数据/原始/外部数据/新增开放数据/Mendeley_SLS_TPU工艺力学/结构化表格/TPU_1_edge_v2.xls#sample=Éprouvette 3,210673492704d9311e1da9bc7be3acd363b308fec8aa37406b6b6ab5f8dbc0f5,CC-BY-4.0,reference-59
source_mendeley_wfsm6f9rbn_v1,EOS TPU 1301,EOS TPU 1301,TPU_1_edge_v2,TPU_1_edge_v2.xls,TPU_1_edge_v2.xls,TPU_1_edge_v2|Éprouvette 4,Éprouvette 4,5.520552227761253,178.43425722885877,5.263790633426929,185.72595568466932,53.94983742612999,1034,5.520552227761253,185.72595568466932,7.702137312169019,30.663670156566916,0.0,valid,direct_tensile_curve_area_application_not_independent_chemistry,SLS_printed_thermoplastic_polyurethane,commercial_grade_process_condition_partial,direct_tensile_toughness_application,core_tpu_application_experimental,gold_process_transfer_after_condition_group_split,0.35,paper_condition_mapped_detailed_parameters_partial,10.17632/wfsm6f9rbn.1|EOS TPU 1301,数据/原始/外部数据/新增开放数据/Mendeley_SLS_TPU工艺力学/结构化表格/TPU_1_edge_v2.xls#sample=Éprouvette 4,210673492704d9311e1da9bc7be3acd363b308fec8aa37406b6b6ab5f8dbc0f5,CC-BY-4.0,reference-59
source_mendeley_wfsm6f9rbn_v1,EOS TPU 1301,EOS TPU 1301,TPU_1_edge_v3,TPU_1_edge_v3.xls,TPU_1_edge_v3.xls,TPU_1_edge_v3|Éprouvette 1,Éprouvette 1,3.4013512716936614,145.03192707151175,3.306385107733646,149.61505695432425,28.305875869650183,862,3.4013512716936614,149.61505695432425,3.6367523280365237,16.22831030844605,0.0,valid,direct_tensile_curve_area_application_not_independent_chemistry,SLS_printed_thermoplastic_polyurethane,commercial_grade_process_condition_partial,direct_tensile_toughness_application,core_tpu_application_experimental,gold_process_transfer_after_condition_group_split,0.35,paper_condition_mapped_detailed_parameters_partial,10.17632/wfsm6f9rbn.1|EOS TPU 1301,数据/原始/外部数据/新增开放数据/Mendeley_SLS_TPU工艺力学/结构化表格/TPU_1_edge_v3.xls#sample=Éprouvette 1,866b8ba27e7a3dcf3a9d4addc01cc8aeba612ee85ac2345d4c63f8f4960e88de,CC-BY-4.0,reference-59
source_mendeley_wfsm6f9rbn_v1,EOS TPU 1301,EOS TPU 1301,TPU_1_edge_v3,TPU_1_edge_v3.xls,TPU_1_edge_v3.xls,TPU_1_edge_v3|Éprouvette 2,Éprouvette 2,3.282651254078928,134.53207824938,3.1805529201665976,143.57380722276866,27.91809935648778,819,3.282651254078928,143.57380722276866,3.3583027472866585,15.86870853683839,0.0,valid,direct_tensile_curve_area_application_not_independent_chemistry,SLS_printed_thermoplastic_polyurethane,commercial_grade_process_condition_partial,direct_tensile_toughness_application,core_tpu_application_experimental,gold_process_transfer_after_condition_group_split,0.35,paper_condition_mapped_detailed_parameters_partial,10.17632/wfsm6f9rbn.1|EOS TPU 1301,数据/原始/外部数据/新增开放数据/Mendeley_SLS_TPU工艺力学/结构化表格/TPU_1_edge_v3.xls#sample=Éprouvette 2,866b8ba27e7a3dcf3a9d4addc01cc8aeba612ee85ac2345d4c63f8f4960e88de,CC-BY-4.0,reference-59
source_mendeley_wfsm6f9rbn_v1,EOS TPU 1301,EOS TPU 1301,TPU_1_edge_v3,TPU_1_edge_v3.xls,TPU_1_edge_v3.xls,TPU_1_edge_v3|Éprouvette 3,Éprouvette 3,3.3687491717766145,131.15204340033233,3.3376601245231354,133.31841951422393,29.313835510780983,792,3.3687491717766145,133.31841951422393,3.1607951956639013,16.600378151134713,0.0,valid,direct_tensile_curve_area_application_not_independent_chemistry,SLS_printed_thermoplastic_polyurethane,commercial_grade_process_condition_partial,direct_tensile_toughness_application,core_tpu_application_experimental,gold_process_transfer_after_condition_group_split,0.35,paper_condition_mapped_detailed_parameters_partial,10.17632/wfsm6f9rbn.1|EOS TPU 1301,数据/原始/外部数据/新增开放数据/Mendeley_SLS_TPU工艺力学/结构化表格/TPU_1_edge_v3.xls#sample=Éprouvette 3,866b8ba27e7a3dcf3a9d4addc01cc8aeba612ee85ac2345d4c63f8f4960e88de,CC-BY-4.0,reference-59
source_mendeley_wfsm6f9rbn_v1,EOS TPU 1301,EOS TPU 1301,TPU_1_edge_v3,TPU_1_edge_v3.xls,TPU_1_edge_v3.xls,TPU_1_edge_v3|Éprouvette 4,Éprouvette 4,3.0722688944613346,118.77822639420629,2.9692435484440596,128.44510795548558,27.399405907752506,792,3.0722688944613346,128.44510795548558,2.758891352981301,14.77426149809785,0.0,valid,direct_tensile_curve_area_application_not_independent_chemistry,SLS_printed_thermoplastic_polyurethane,commercial_grade_process_condition_partial,direct_tensile_toughness_application,core_tpu_application_experimental,gold_process_transfer_after_condition_group_split,0.35,paper_condition_mapped_detailed_parameters_partial,10.17632/wfsm6f9rbn.1|EOS TPU 1301,数据/原始/外部数据/新增开放数据/Mendeley_SLS_TPU工艺力学/结构化表格/TPU_1_edge_v3.xls#sample=Éprouvette 4,866b8ba27e7a3dcf3a9d4addc01cc8aeba612ee85ac2345d4c63f8f4960e88de,CC-BY-4.0,reference-59
source_mendeley_wfsm6f9rbn_v1,EOS TPU 1301,EOS TPU 1301,TPU_2_1,TPU_2_1.xls,TPU_2_1.xls,TPU_2_1|Éprouvette 1,Éprouvette 1,7.257002966888542,301.79947607405484,7.049868527589694,310.13281576521695,69.8709121355458,1402,7.257002966888542,310.13281576521695,17.58544692263793,36.73887436564275,0.0,valid,direct_tensile_curve_area_application_not_independent_chemistry,SLS_printed_thermoplastic_polyurethane,commercial_grade_process_condition_partial,direct_tensile_toughness_application,core_tpu_application_experimental,gold_process_transfer_after_condition_group_split,0.35,paper_condition_mapped_detailed_parameters_partial,10.17632/wfsm6f9rbn.1|EOS TPU 1301,数据/原始/外部数据/新增开放数据/Mendeley_SLS_TPU工艺力学/结构化表格/TPU_2_1.xls#sample=Éprouvette 1,617d3c2d6d003c0589c632523221972c7ea919938249ed53ee06ac3dc50fd8ff,CC-BY-4.0,reference-59
source_mendeley_wfsm6f9rbn_v1,EOS TPU 1301,EOS TPU 1301,TPU_2_1,TPU_2_1.xls,TPU_2_1.xls,TPU_2_1|Éprouvette 2,Éprouvette 2,7.606821770035333,331.5072760232724,7.428679111320224,350.5071005471982,65.52224439183499,1575,7.606821770035333,350.5071005471982,21.05498969149072,37.9034150936427,0.0,valid,direct_tensile_curve_area_application_not_independent_chemistry,SLS_printed_thermoplastic_polyurethane,commercial_grade_process_condition_partial,direct_tensile_toughness_application,core_tpu_application_experimental,gold_process_transfer_after_condition_group_split,0.35,paper_condition_mapped_detailed_parameters_partial,10.17632/wfsm6f9rbn.1|EOS TPU 1301,数据/原始/外部数据/新增开放数据/Mendeley_SLS_TPU工艺力学/结构化表格/TPU_2_1.xls#sample=Éprouvette 2,617d3c2d6d003c0589c632523221972c7ea919938249ed53ee06ac3dc50fd8ff,CC-BY-4.0,reference-59
source_mendeley_wfsm6f9rbn_v1,EOS TPU 1301,EOS TPU 1301,TPU_2_1,TPU_2_1.xls,TPU_2_1.xls,TPU_2_1|Éprouvette 3,Éprouvette 3,7.427087440148421,330.393402419053,7.0729758148205475,343.3937381124124,63.78052791655326,1475,7.427087440148421,343.3937381124124,20.073702221633326,37.01502793729927,0.0,valid,direct_tensile_curve_area_application_not_independent_chemistry,SLS_printed_thermoplastic_polyurethane,commercial_grade_process_condition_partial,direct_tensile_toughness_application,core_tpu_application_experimental,gold_process_transfer_after_condition_group_split,0.35,paper_condition_mapped_detailed_parameters_partial,10.17632/wfsm6f9rbn.1|EOS TPU 1301,数据/原始/外部数据/新增开放数据/Mendeley_SLS_TPU工艺力学/结构化表格/TPU_2_1.xls#sample=Éprouvette 3,617d3c2d6d003c0589c632523221972c7ea919938249ed53ee06ac3dc50fd8ff,CC-BY-4.0,reference-59
source_mendeley_wfsm6f9rbn_v1,EOS TPU 1301,EOS TPU 1301,TPU_2_1,TPU_2_1.xls,TPU_2_1.xls,TPU_2_1|Éprouvette 4,Éprouvette 4,7.718244171595422,311.88501663925126,7.480567751494954,325.26005097152665,65.95504636158155,1437,7.718244171595422,325.26005097152665,19.614363476057488,38.91089102129014,0.0,valid,direct_tensile_curve_area_application_not_independent_chemistry,SLS_printed_thermoplastic_polyurethane,commercial_grade_process_condition_partial,direct_tensile_toughness_application,core_tpu_application_experimental,gold_process_transfer_after_condition_group_split,0.35,paper_condition_mapped_detailed_parameters_partial,10.17632/wfsm6f9rbn.1|EOS TPU 1301,数据/原始/外部数据/新增开放数据/Mendeley_SLS_TPU工艺力学/结构化表格/TPU_2_1.xls#sample=Éprouvette 4,617d3c2d6d003c0589c632523221972c7ea919938249ed53ee06ac3dc50fd8ff,CC-BY-4.0,reference-59
source_mendeley_wfsm6f9rbn_v1,EOS TPU 1301,EOS TPU 1301,TPU_3 (45°),TPU_3 (45°).xlsx,TPU_3 (45°).xlsx,TPU_3 (45°)|Éprouvette 1,Éprouvette 1,2.6462717056274414,43.42118740081787,2.2720808029174804,45.67533016204834,26.434857671141213,10967,2.6462717056274414,45.67533016204834,0.8873497320567714,19.37453577382208,0.0,valid,direct_tensile_curve_area_application_not_independent_chemistry,SLS_printed_thermoplastic_polyurethane,commercial_grade_process_condition_partial,direct_tensile_toughness_application,core_tpu_application_experimental,gold_process_transfer_after_condition_group_split,0.35,paper_condition_mapped_detailed_parameters_partial,10.17632/wfsm6f9rbn.1|EOS TPU 1301,数据/原始/外部数据/新增开放数据/Mendeley_SLS_TPU工艺力学/结构化表格/TPU_3 (45°).xlsx#sample=Éprouvette 1,6606220819bf4869f39c2a7c966e7ef05eb237c683f2371b358818f0924963dc,CC-BY-4.0,reference-59
source_mendeley_wfsm6f9rbn_v1,EOS TPU 1301,EOS TPU 1301,TPU_3 (45°),TPU_3 (45°).xlsx,TPU_3 (45°).xlsx,TPU_3 (45°)|Éprouvette 2,Éprouvette 2,2.5120180130004885,36.21619939804077,2.4269710540771485,37.9329252243042,26.901087950378948,9110,2.5120180130004885,37.9329252243042,0.6821487934350909,18.922643892948564,0.0,valid,direct_tensile_curve_area_application_not_independent_chemistry,SLS_printed_thermoplastic_polyurethane,commercial_grade_process_condition_partial,direct_tensile_toughness_application,core_tpu_application_experimental,gold_process_transfer_after_condition_group_split,0.35,paper_condition_mapped_detailed_parameters_partial,10.17632/wfsm6f9rbn.1|EOS TPU 1301,数据/原始/外部数据/新增开放数据/Mendeley_SLS_TPU工艺力学/结构化表格/TPU_3 (45°).xlsx#sample=Éprouvette 2,6606220819bf4869f39c2a7c966e7ef05eb237c683f2371b358818f0924963dc,CC-BY-4.0,reference-59
source_mendeley_wfsm6f9rbn_v1,EOS TPU 1301,EOS TPU 1301,TPU_3 (45°),TPU_3 (45°).xlsx,TPU_3 (45°).xlsx,TPU_3 (45°)|Éprouvette 3,Éprouvette 3,2.5600738525390625,40.64033508300781,2.3770721435546878,41.79863929748535,28.333323342402448,10037,2.5600738525390625,41.79863929748535,0.7874114952903009,19.451747633888022,0.0,valid,direct_tensile_curve_area_application_not_independent_chemistry,SLS_printed_thermoplastic_polyurethane,commercial_grade_process_condition_partial,direct_tensile_toughness_application,core_tpu_application_experimental,gold_process_transfer_after_condition_group_split,0.35,paper_condition_mapped_detailed_parameters_partial,10.17632/wfsm6f9rbn.1|EOS TPU 1301,数据/原始/外部数据/新增开放数据/Mendeley_SLS_TPU工艺力学/结构化表格/TPU_3 (45°).xlsx#sample=Éprouvette 3,6606220819bf4869f39c2a7c966e7ef05eb237c683f2371b358818f0924963dc,CC-BY-4.0,reference-59
source_mendeley_wfsm6f9rbn_v1,EOS TPU 1301,EOS TPU 1301,TPU_3 (45°),TPU_3 (45°).xlsx,TPU_3 (45°).xlsx,TPU_3 (45°)|Éprouvette 4,Éprouvette 4,2.5619020462036133,39.480392932891846,2.491379547119141,42.53036975860596,27.369987317931326,10213,2.5619020462036133,42.53036975860596,0.7991084519269898,18.506429106809474,0.0,valid,direct_tensile_curve_area_application_not_independent_chemistry,SLS_printed_thermoplastic_polyurethane,commercial_grade_process_condition_partial,direct_tensile_toughness_application,core_tpu_application_experimental,gold_process_transfer_after_condition_group_split,0.35,paper_condition_mapped_detailed_parameters_partial,10.17632/wfsm6f9rbn.1|EOS TPU 1301,数据/原始/外部数据/新增开放数据/Mendeley_SLS_TPU工艺力学/结构化表格/TPU_3 (45°).xlsx#sample=Éprouvette 4,6606220819bf4869f39c2a7c966e7ef05eb237c683f2371b358818f0924963dc,CC-BY-4.0,reference-59
source_mendeley_wfsm6f9rbn_v1,EOS TPU 1301,EOS TPU 1301,TPU_3 (45°),TPU_3 (45°).xlsx,TPU_3 (45°).xlsx,TPU_3 (45°)|Éprouvette 5,Éprouvette 5,2.7465089797973636,49.15785789489746,2.3878093719482423,51.3828182220459,28.401201327381845,12338,2.7465089797973636,51.3828182220459,1.0446806840539482,19.148219620037953,0.0,valid,direct_tensile_curve_area_application_not_independent_chemistry,SLS_printed_thermoplastic_polyurethane,commercial_grade_process_condition_partial,direct_tensile_toughness_application,core_tpu_application_experimental,gold_process_transfer_after_condition_group_split,0.35,paper_condition_mapped_detailed_parameters_partial,10.17632/wfsm6f9rbn.1|EOS TPU 1301,数据/原始/外部数据/新增开放数据/Mendeley_SLS_TPU工艺力学/结构化表格/TPU_3 (45°).xlsx#sample=Éprouvette 5,6606220819bf4869f39c2a7c966e7ef05eb237c683f2371b358818f0924963dc,CC-BY-4.0,reference-59
source_mendeley_wfsm6f9rbn_v1,EOS TPU 1301,EOS TPU 1301,TPU_3 (on edge),TPU_3 (on edge).xlsx,TPU_3 (on edge).xlsx,TPU_3 (on edge)|Éprouvette 1,Éprouvette 1,4.584136962890625,137.06284523010254,4.046284103393555,141.55874252319336,32.617985753070755,33979,4.584136962890625,141.55874252319336,4.9318395756217726,21.10322282775661,0.0,valid,direct_tensile_curve_area_application_not_independent_chemistry,SLS_printed_thermoplastic_polyurethane,commercial_grade_process_condition_partial,direct_tensile_toughness_application,core_tpu_application_experimental,gold_process_transfer_after_condition_group_split,0.35,paper_condition_mapped_detailed_parameters_partial,10.17632/wfsm6f9rbn.1|EOS TPU 1301,数据/原始/外部数据/新增开放数据/Mendeley_SLS_TPU工艺力学/结构化表格/TPU_3 (on edge).xlsx#sample=Éprouvette 1,f7e3266193bf716b9ad9bc2cb194b89f0386c21f861321ff5dcdc3cb1940cb90,CC-BY-4.0,reference-59
source_mendeley_wfsm6f9rbn_v1,EOS TPU 1301,EOS TPU 1301,TPU_3 (on edge),TPU_3 (on edge).xlsx,TPU_3 (on edge).xlsx,TPU_3 (on edge)|Éprouvette 2,Éprouvette 2,4.505475997924805,131.9520378112793,3.9639068603515626,134.96451377868652,32.90833135961607,32398,4.505475997924805,134.96451377868652,4.614863245448868,20.314698341570644,0.0,valid,direct_tensile_curve_area_application_not_independent_chemistry,SLS_printed_thermoplastic_polyurethane,commercial_grade_process_condition_partial,direct_tensile_toughness_application,core_tpu_application_experimental,gold_process_transfer_after_condition_group_split,0.35,paper_condition_mapped_detailed_parameters_partial,10.17632/wfsm6f9rbn.1|EOS TPU 1301,数据/原始/外部数据/新增开放数据/Mendeley_SLS_TPU工艺力学/结构化表格/TPU_3 (on edge).xlsx#sample=Éprouvette 2,f7e3266193bf716b9ad9bc2cb194b89f0386c21f861321ff5dcdc3cb1940cb90,CC-BY-4.0,reference-59
source_mendeley_wfsm6f9rbn_v1,EOS TPU 1301,EOS TPU 1301,TPU_3 (on edge),TPU_3 (on edge).xlsx,TPU_3 (on edge).xlsx,TPU_3 (on edge)|Éprouvette 3,Éprouvette 3,4.451092910766602,124.05284881591797,4.379457473754883,126.04043006896973,32.02713617468617,30256,4.451092910766602,126.04043006896973,4.238488333141673,22.16493810908085,0.0,valid,direct_tensile_curve_area_application_not_independent_chemistry,SLS_printed_thermoplastic_polyurethane,commercial_grade_process_condition_partial,direct_tensile_toughness_application,core_tpu_application_experimental,gold_process_transfer_after_condition_group_split,0.35,paper_condition_mapped_detailed_parameters_partial,10.17632/wfsm6f9rbn.1|EOS TPU 1301,数据/原始/外部数据/新增开放数据/Mendeley_SLS_TPU工艺力学/结构化表格/TPU_3 (on edge).xlsx#sample=Éprouvette 3,f7e3266193bf716b9ad9bc2cb194b89f0386c21f861321ff5dcdc3cb1940cb90,CC-BY-4.0,reference-59
source_mendeley_wfsm6f9rbn_v1,EOS TPU 1301,EOS TPU 1301,TPU_3 (on edge),TPU_3 (on edge).xlsx,TPU_3 (on edge).xlsx,TPU_3 (on edge)|Éprouvette 4,Éprouvette 4,4.42657356262207,121.5445613861084,3.6958625793457034,124.21124458312988,31.03581376555809,29816,4.42657356262207,124.21124458312988,4.15349584121331,21.875249446603657,0.0,valid,direct_tensile_curve_area_application_not_independent_chemistry,SLS_printed_thermoplastic_polyurethane,commercial_grade_process_condition_partial,direct_tensile_toughness_application,core_tpu_application_experimental,gold_process_transfer_after_condition_group_split,0.35,paper_condition_mapped_detailed_parameters_partial,10.17632/wfsm6f9rbn.1|EOS TPU 1301,数据/原始/外部数据/新增开放数据/Mendeley_SLS_TPU工艺力学/结构化表格/TPU_3 (on edge).xlsx#sample=Éprouvette 4,f7e3266193bf716b9ad9bc2cb194b89f0386c21f861321ff5dcdc3cb1940cb90,CC-BY-4.0,reference-59
source_mendeley_wfsm6f9rbn_v1,EOS TPU 1301,EOS TPU 1301,TPU_3 (on edge),TPU_3 (on edge).xlsx,TPU_3 (on edge).xlsx,TPU_3 (on edge)|Éprouvette 5,Éprouvette 5,4.406667709350586,124.95797157287598,4.01286735534668,128.25785636901855,31.712508152342544,30787,4.406667709350586,128.25785636901855,4.300449942455988,21.822093844715553,0.0,valid,direct_tensile_curve_area_application_not_independent_chemistry,SLS_printed_thermoplastic_polyurethane,commercial_grade_process_condition_partial,direct_tensile_toughness_application,core_tpu_application_experimental,gold_process_transfer_after_condition_group_split,0.35,paper_condition_mapped_detailed_parameters_partial,10.17632/wfsm6f9rbn.1|EOS TPU 1301,数据/原始/外部数据/新增开放数据/Mendeley_SLS_TPU工艺力学/结构化表格/TPU_3 (on edge).xlsx#sample=Éprouvette 5,f7e3266193bf716b9ad9bc2cb194b89f0386c21f861321ff5dcdc3cb1940cb90,CC-BY-4.0,reference-59
source_mendeley_wfsm6f9rbn_v1,EOS TPU 1301,EOS TPU 1301,TPU_3 (upright),TPU_3 (upright).xlsx,TPU_3 (upright).xlsx,TPU_3 (upright)|Éprouvette 1,Éprouvette 1,1.9947494506835939,31.61287546157837,1.9198368072509766,32.46702432632446,23.48329601445785,7797,1.9947494506835939,32.46702432632446,0.45872637117177967,16.039222565582236,0.0,valid,direct_tensile_curve_area_application_not_independent_chemistry,SLS_printed_thermoplastic_polyurethane,commercial_grade_process_condition_partial,direct_tensile_toughness_application,core_tpu_application_experimental,gold_process_transfer_after_condition_group_split,0.35,paper_condition_mapped_detailed_parameters_partial,10.17632/wfsm6f9rbn.1|EOS TPU 1301,数据/原始/外部数据/新增开放数据/Mendeley_SLS_TPU工艺力学/结构化表格/TPU_3 (upright).xlsx#sample=Éprouvette 1,6b62a436b12d1af52679bb75df78f20ec08117188c1b6df707d6d3d0f8e35ec6,CC-BY-4.0,reference-59
source_mendeley_wfsm6f9rbn_v1,EOS TPU 1301,EOS TPU 1301,TPU_3 (upright),TPU_3 (upright).xlsx,TPU_3 (upright).xlsx,TPU_3 (upright)|Éprouvette 2,Éprouvette 2,2.078453254699707,30.733695030212402,1.9693559646606447,34.2503023147583,25.002683255321774,8225,2.078453254699707,34.2503023147583,0.5189318025116401,17.13363184827863,0.0,valid,direct_tensile_curve_area_application_not_independent_chemistry,SLS_printed_thermoplastic_polyurethane,commercial_grade_process_condition_partial,direct_tensile_toughness_application,core_tpu_application_experimental,gold_process_transfer_after_condition_group_split,0.35,paper_condition_mapped_detailed_parameters_partial,10.17632/wfsm6f9rbn.1|EOS TPU 1301,数据/原始/外部数据/新增开放数据/Mendeley_SLS_TPU工艺力学/结构化表格/TPU_3 (upright).xlsx#sample=Éprouvette 2,6b62a436b12d1af52679bb75df78f20ec08117188c1b6df707d6d3d0f8e35ec6,CC-BY-4.0,reference-59
source_mendeley_wfsm6f9rbn_v1,EOS TPU 1301,EOS TPU 1301,TPU_3 (upright),TPU_3 (upright).xlsx,TPU_3 (upright).xlsx,TPU_3 (upright)|Éprouvette 3,Éprouvette 3,1.706985664367676,36.88711404800415,1.5743309974670412,37.541210651397705,19.830705201703548,9016,1.706985664367676,37.541210651397705,0.46970538424762387,13.527337695145963,0.0,valid,direct_tensile_curve_area_application_not_independent_chemistry,SLS_printed_thermoplastic_polyurethane,commercial_grade_process_condition_partial,direct_tensile_toughness_application,core_tpu_application_experimental,gold_process_transfer_after_condition_group_split,0.35,paper_condition_mapped_detailed_parameters_partial,10.17632/wfsm6f9rbn.1|EOS TPU 1301,数据/原始/外部数据/新增开放数据/Mendeley_SLS_TPU工艺力学/结构化表格/TPU_3 (upright).xlsx#sample=Éprouvette 3,6b62a436b12d1af52679bb75df78f20ec08117188c1b6df707d6d3d0f8e35ec6,CC-BY-4.0,reference-59
source_mendeley_wfsm6f9rbn_v1,EOS TPU 1301,EOS TPU 1301,TPU_3 (upright),TPU_3 (upright).xlsx,TPU_3 (upright).xlsx,TPU_3 (upright)|Éprouvette 4,Éprouvette 4,2.118035125732422,34.80199575424194,1.5590282440185548,36.00618124008179,24.145272458579477,8647,2.118035125732422,36.00618124008179,0.5525391700839489,16.748265770768676,0.0,valid,direct_tensile_curve_area_application_not_independent_chemistry,SLS_printed_thermoplastic_polyurethane,commercial_grade_process_condition_partial,direct_tensile_toughness_application,core_tpu_application_experimental,gold_process_transfer_after_condition_group_split,0.35,paper_condition_mapped_detailed_parameters_partial,10.17632/wfsm6f9rbn.1|EOS TPU 1301,数据/原始/外部数据/新增开放数据/Mendeley_SLS_TPU工艺力学/结构化表格/TPU_3 (upright).xlsx#sample=Éprouvette 4,6b62a436b12d1af52679bb75df78f20ec08117188c1b6df707d6d3d0f8e35ec6,CC-BY-4.0,reference-59
source_mendeley_wfsm6f9rbn_v1,EOS TPU 1301,EOS TPU 1301,TPU_3 (upright),TPU_3 (upright).xlsx,TPU_3 (upright).xlsx,TPU_3 (upright)|Éprouvette 5,Éprouvette 5,2.232212448120117,38.72284650802612,2.019263076782227,42.83543586730957,22.386442921910547,10286,2.232212448120117,42.83543586730957,0.7091730168833217,16.856423398898293,0.0,valid,direct_tensile_curve_area_application_not_independent_chemistry,SLS_printed_thermoplastic_polyurethane,commercial_grade_process_condition_partial,direct_tensile_toughness_application,core_tpu_application_experimental,gold_process_transfer_after_condition_group_split,0.35,paper_condition_mapped_detailed_parameters_partial,10.17632/wfsm6f9rbn.1|EOS TPU 1301,数据/原始/外部数据/新增开放数据/Mendeley_SLS_TPU工艺力学/结构化表格/TPU_3 (upright).xlsx#sample=Éprouvette 5,6b62a436b12d1af52679bb75df78f20ec08117188c1b6df707d6d3d0f8e35ec6,CC-BY-4.0,reference-59
source_mendeley_wfsm6f9rbn_v1,EOS TPU 1301,EOS TPU 1301,TPU_3_1,TPU_3_1.xls,TPU_3_1.xls,TPU_3_1|Éprouvette 1,Éprouvette 1,8.628396913317951,425.86336165014654,8.12555263438878,435.44683485571295,70.12272119167493,1967,8.628396913317951,435.44683485571295,29.251951156895643,40.970878776528295,0.0,valid,direct_tensile_curve_area_application_not_independent_chemistry,SLS_printed_thermoplastic_polyurethane,commercial_grade_process_condition_partial,direct_tensile_toughness_application,core_tpu_application_experimental,gold_process_transfer_after_condition_group_split,0.35,paper_condition_mapped_detailed_parameters_partial,10.17632/wfsm6f9rbn.1|EOS TPU 1301,数据/原始/外部数据/新增开放数据/Mendeley_SLS_TPU工艺力学/结构化表格/TPU_3_1.xls#sample=Éprouvette 1,c9e788880b40133ca0eb517cb51122a8029b2b5cbe69c6ca7fbda08c7ac9a0b4,CC-BY-4.0,reference-59
source_mendeley_wfsm6f9rbn_v1,EOS TPU 1301,EOS TPU 1301,TPU_3_1,TPU_3_1.xls,TPU_3_1.xls,TPU_3_1|Éprouvette 2,Éprouvette 2,8.353781497565636,371.945367553737,8.161458043895722,384.27836010744795,73.54272542367495,1779,8.353781497565636,384.27836010744795,25.03853365525959,41.3364317650845,0.0,valid,direct_tensile_curve_area_application_not_independent_chemistry,SLS_printed_thermoplastic_polyurethane,commercial_grade_process_condition_partial,direct_tensile_toughness_application,core_tpu_application_experimental,gold_process_transfer_after_condition_group_split,0.35,paper_condition_mapped_detailed_parameters_partial,10.17632/wfsm6f9rbn.1|EOS TPU 1301,数据/原始/外部数据/新增开放数据/Mendeley_SLS_TPU工艺力学/结构化表格/TPU_3_1.xls#sample=Éprouvette 2,c9e788880b40133ca0eb517cb51122a8029b2b5cbe69c6ca7fbda08c7ac9a0b4,CC-BY-4.0,reference-59
source_mendeley_wfsm6f9rbn_v1,EOS TPU 1301,EOS TPU 1301,TPU_3_1,TPU_3_1.xls,TPU_3_1.xls,TPU_3_1|Éprouvette 3,Éprouvette 3,8.530487045931176,373.08513457980007,8.230423714161528,383.2517224093899,73.56660083549295,1731,8.530487045931176,383.2517224093899,25.40052531752676,42.35699536776425,0.0,valid,direct_tensile_curve_area_application_not_independent_chemistry,SLS_printed_thermoplastic_polyurethane,commercial_grade_process_condition_partial,direct_tensile_toughness_application,core_tpu_application_experimental,gold_process_transfer_after_condition_group_split,0.35,paper_condition_mapped_detailed_parameters_partial,10.17632/wfsm6f9rbn.1|EOS TPU 1301,数据/原始/外部数据/新增开放数据/Mendeley_SLS_TPU工艺力学/结构化表格/TPU_3_1.xls#sample=Éprouvette 3,c9e788880b40133ca0eb517cb51122a8029b2b5cbe69c6ca7fbda08c7ac9a0b4,CC-BY-4.0,reference-59
source_mendeley_wfsm6f9rbn_v1,EOS TPU 1301,EOS TPU 1301,TPU_3_1,TPU_3_1.xls,TPU_3_1.xls,TPU_3_1|Éprouvette 4,Éprouvette 4,8.196456222241865,349.34313357342035,7.764568426295411,358.67643893230706,79.44061047884523,1867,8.196456222241865,358.67643893230706,22.923948279243103,41.489139536759176,0.0,valid,direct_tensile_curve_area_application_not_independent_chemistry,SLS_printed_thermoplastic_polyurethane,commercial_grade_process_condition_partial,direct_tensile_toughness_application,core_tpu_application_experimental,gold_process_transfer_after_condition_group_split,0.35,paper_condition_mapped_detailed_parameters_partial,10.17632/wfsm6f9rbn.1|EOS TPU 1301,数据/原始/外部数据/新增开放数据/Mendeley_SLS_TPU工艺力学/结构化表格/TPU_3_1.xls#sample=Éprouvette 4,c9e788880b40133ca0eb517cb51122a8029b2b5cbe69c6ca7fbda08c7ac9a0b4,CC-BY-4.0,reference-59
source_mendeley_wfsm6f9rbn_v1,EOS TPU 1301,EOS TPU 1301,TPU_4_1,TPU_4_1.xls,TPU_4_1.xls,TPU_4_1|Éprouvette 1,Éprouvette 1,7.927461413042103,341.802038136404,7.688970817698206,353.2189311417751,75.03470434788997,1685,7.927461413042103,353.2189311417751,22.109022606505956,40.15648950245053,0.0,valid,direct_tensile_curve_area_application_not_independent_chemistry,SLS_printed_thermoplastic_polyurethane,commercial_grade_process_condition_partial,direct_tensile_toughness_application,core_tpu_application_experimental,gold_process_transfer_after_condition_group_split,0.35,paper_condition_mapped_detailed_parameters_partial,10.17632/wfsm6f9rbn.1|EOS TPU 1301,数据/原始/外部数据/新增开放数据/Mendeley_SLS_TPU工艺力学/结构化表格/TPU_4_1.xls#sample=Éprouvette 1,017defc76f3646c01436621cc1a74c112efa25cf3db2f908f31704e8b7263e90,CC-BY-4.0,reference-59
source_mendeley_wfsm6f9rbn_v1,EOS TPU 1301,EOS TPU 1301,TPU_4_1,TPU_4_1.xls,TPU_4_1.xls,TPU_4_1|Éprouvette 2,Éprouvette 2,7.743967903984917,324.6554148918949,7.252413549540955,334.11338455742225,68.7382508919929,1603,7.743967903984917,334.11338455742225,20.34726817307529,39.19663103079665,0.0,valid,direct_tensile_curve_area_application_not_independent_chemistry,SLS_printed_thermoplastic_polyurethane,commercial_grade_process_condition_partial,direct_tensile_toughness_application,core_tpu_application_experimental,gold_process_transfer_after_condition_group_split,0.35,paper_condition_mapped_detailed_parameters_partial,10.17632/wfsm6f9rbn.1|EOS TPU 1301,数据/原始/外部数据/新增开放数据/Mendeley_SLS_TPU工艺力学/结构化表格/TPU_4_1.xls#sample=Éprouvette 2,017defc76f3646c01436621cc1a74c112efa25cf3db2f908f31704e8b7263e90,CC-BY-4.0,reference-59
source_mendeley_wfsm6f9rbn_v1,EOS TPU 1301,EOS TPU 1301,TPU_4_1,TPU_4_1.xls,TPU_4_1.xls,TPU_4_1|Éprouvette 3,Éprouvette 3,7.821651717467693,337.16866530291736,7.378034061344826,348.2939628493041,73.12250237296892,1611,7.821651717467693,348.2939628493041,21.43970467511363,39.35358962150582,0.0,valid,direct_tensile_curve_area_application_not_independent_chemistry,SLS_printed_thermoplastic_polyurethane,commercial_grade_process_condition_partial,direct_tensile_toughness_application,core_tpu_application_experimental,gold_process_transfer_after_condition_group_split,0.35,paper_condition_mapped_detailed_parameters_partial,10.17632/wfsm6f9rbn.1|EOS TPU 1301,数据/原始/外部数据/新增开放数据/Mendeley_SLS_TPU工艺力学/结构化表格/TPU_4_1.xls#sample=Éprouvette 3,017defc76f3646c01436621cc1a74c112efa25cf3db2f908f31704e8b7263e90,CC-BY-4.0,reference-59
source_mendeley_wfsm6f9rbn_v1,EOS TPU 1301,EOS TPU 1301,TPU_4_1,TPU_4_1.xls,TPU_4_1.xls,TPU_4_1|Éprouvette 4,Éprouvette 4,8.04478985844108,333.9620875585824,7.69158937055406,341.50366775877774,72.34059050705059,1564,8.04478985844108,341.50366775877774,21.58197953597036,40.83653634860724,0.0,valid,direct_tensile_curve_area_application_not_independent_chemistry,SLS_printed_thermoplastic_polyurethane,commercial_grade_process_condition_partial,direct_tensile_toughness_application,core_tpu_application_experimental,gold_process_transfer_after_condition_group_split,0.35,paper_condition_mapped_detailed_parameters_partial,10.17632/wfsm6f9rbn.1|EOS TPU 1301,数据/原始/外部数据/新增开放数据/Mendeley_SLS_TPU工艺力学/结构化表格/TPU_4_1.xls#sample=Éprouvette 4,017defc76f3646c01436621cc1a74c112efa25cf3db2f908f31704e8b7263e90,CC-BY-4.0,reference-59
source_mendeley_wfsm6f9rbn_v1,EOS TPU 1301,EOS TPU 1301,TPU_5_1,TPU_5_1.xls,TPU_5_1.xls,TPU_5_1|Éprouvette 1,Éprouvette 1,8.866513915439143,413.97003402840346,8.683695957935239,423.01178207527846,74.9885333858891,1703,8.866513915439143,423.01178207527846,29.238546865314117,42.99894590301178,0.0,valid,direct_tensile_curve_area_application_not_independent_chemistry,SLS_printed_thermoplastic_polyurethane,commercial_grade_process_condition_partial,direct_tensile_toughness_application,core_tpu_application_experimental,gold_process_transfer_after_condition_group_split,0.35,paper_condition_mapped_detailed_parameters_partial,10.17632/wfsm6f9rbn.1|EOS TPU 1301,数据/原始/外部数据/新增开放数据/Mendeley_SLS_TPU工艺力学/结构化表格/TPU_5_1.xls#sample=Éprouvette 1,570d6964d3498fbfff05abac1d270cdcceab9e6cf4c8d9f6a0a5f9c3ce5c789a,CC-BY-4.0,reference-59
source_mendeley_wfsm6f9rbn_v1,EOS TPU 1301,EOS TPU 1301,TPU_5_1,TPU_5_1.xls,TPU_5_1.xls,TPU_5_1|Éprouvette 2,Éprouvette 2,8.574718236545952,395.06320764287375,8.306008923301986,407.85495568974875,73.1858205386786,1671,8.574718236545952,407.85495568974875,27.52619922522494,42.71715392416954,0.0,valid,direct_tensile_curve_area_application_not_independent_chemistry,SLS_printed_thermoplastic_polyurethane,commercial_grade_process_condition_partial,direct_tensile_toughness_application,core_tpu_application_experimental,gold_process_transfer_after_condition_group_split,0.35,paper_condition_mapped_detailed_parameters_partial,10.17632/wfsm6f9rbn.1|EOS TPU 1301,数据/原始/外部数据/新增开放数据/Mendeley_SLS_TPU工艺力学/结构化表格/TPU_5_1.xls#sample=Éprouvette 2,570d6964d3498fbfff05abac1d270cdcceab9e6cf4c8d9f6a0a5f9c3ce5c789a,CC-BY-4.0,reference-59
source_mendeley_wfsm6f9rbn_v1,EOS TPU 1301,EOS TPU 1301,TPU_5_1,TPU_5_1.xls,TPU_5_1.xls,TPU_5_1|Éprouvette 3,Éprouvette 3,8.38696351783277,355.72378743160516,7.842431408362121,368.0990468310192,79.38737406670042,1587,8.38696351783277,368.0990468310192,24.441831341337192,43.23020699536035,0.0,valid,direct_tensile_curve_area_application_not_independent_chemistry,SLS_printed_thermoplastic_polyurethane,commercial_grade_process_condition_partial,direct_tensile_toughness_application,core_tpu_application_experimental,gold_process_transfer_after_condition_group_split,0.35,paper_condition_mapped_detailed_parameters_partial,10.17632/wfsm6f9rbn.1|EOS TPU 1301,数据/原始/外部数据/新增开放数据/Mendeley_SLS_TPU工艺力学/结构化表格/TPU_5_1.xls#sample=Éprouvette 3,570d6964d3498fbfff05abac1d270cdcceab9e6cf4c8d9f6a0a5f9c3ce5c789a,CC-BY-4.0,reference-59
source_mendeley_wfsm6f9rbn_v1,EOS TPU 1301,EOS TPU 1301,TPU_5_1,TPU_5_1.xls,TPU_5_1.xls,TPU_5_1|Éprouvette 4,Éprouvette 4,8.922084783896421,412.70280369045213,8.760927273676945,421.1203528237529,75.81892176516065,1820,8.922084783896421,421.1203528237529,29.34466124506196,43.89259175211464,0.0,valid,direct_tensile_curve_area_application_not_independent_chemistry,SLS_printed_thermoplastic_polyurethane,commercial_grade_process_condition_partial,direct_tensile_toughness_application,core_tpu_application_experimental,gold_process_transfer_after_condition_group_split,0.35,paper_condition_mapped_detailed_parameters_partial,10.17632/wfsm6f9rbn.1|EOS TPU 1301,数据/原始/外部数据/新增开放数据/Mendeley_SLS_TPU工艺力学/结构化表格/TPU_5_1.xls#sample=Éprouvette 4,570d6964d3498fbfff05abac1d270cdcceab9e6cf4c8d9f6a0a5f9c3ce5c789a,CC-BY-4.0,reference-59
source_mendeley_wfsm6f9rbn_v1,EOS TPU 1301,EOS TPU 1301,TPU_6,TPU_6.xls,TPU_6.xls,TPU_6|Éprouvette 1,Éprouvette 1,6.526252924681137,231.883625989547,6.34330699767685,238.8836145454552,68.83220617994384,1203,6.526252924681137,238.8836145454552,12.174953622017787,39.27902854454592,0.0,valid,direct_tensile_curve_area_application_not_independent_chemistry,SLS_printed_thermoplastic_polyurethane,commercial_grade_process_condition_partial,direct_tensile_toughness_application,core_tpu_application_experimental,gold_process_transfer_after_condition_group_split,0.35,paper_condition_mapped_detailed_parameters_partial,10.17632/wfsm6f9rbn.1|EOS TPU 1301,数据/原始/外部数据/新增开放数据/Mendeley_SLS_TPU工艺力学/结构化表格/TPU_6.xls#sample=Éprouvette 1,11944f88e12508104fbdcbdf3e8e872068aeb44f324f5e768ae846155c6b5e14,CC-BY-4.0,reference-59
source_mendeley_wfsm6f9rbn_v1,EOS TPU 1301,EOS TPU 1301,TPU_6,TPU_6.xls,TPU_6.xls,TPU_6|Éprouvette 2,Éprouvette 2,6.508067247256964,236.65814279182814,6.101176001936639,251.40831826790236,67.71118192272185,1219,6.508067247256964,251.40831826790236,12.819704106472921,38.892267283491464,0.0,valid,direct_tensile_curve_area_application_not_independent_chemistry,SLS_printed_thermoplastic_polyurethane,commercial_grade_process_condition_partial,direct_tensile_toughness_application,core_tpu_application_experimental,gold_process_transfer_after_condition_group_split,0.35,paper_condition_mapped_detailed_parameters_partial,10.17632/wfsm6f9rbn.1|EOS TPU 1301,数据/原始/外部数据/新增开放数据/Mendeley_SLS_TPU工艺力学/结构化表格/TPU_6.xls#sample=Éprouvette 2,11944f88e12508104fbdcbdf3e8e872068aeb44f324f5e768ae846155c6b5e14,CC-BY-4.0,reference-59
source_mendeley_wfsm6f9rbn_v1,EOS TPU 1301,EOS TPU 1301,TPU_6,TPU_6.xls,TPU_6.xls,TPU_6|Éprouvette 3,Éprouvette 3,6.510489531503533,235.82831492694095,6.336701159859057,245.45292964251712,64.64827557887529,1190,6.510489531503533,245.45292964251712,12.453705028238637,38.90371804519844,0.0,valid,direct_tensile_curve_area_application_not_independent_chemistry,SLS_printed_thermoplastic_polyurethane,commercial_grade_process_condition_partial,direct_tensile_toughness_application,core_tpu_application_experimental,gold_process_transfer_after_condition_group_split,0.35,paper_condition_mapped_detailed_parameters_partial,10.17632/wfsm6f9rbn.1|EOS TPU 1301,数据/原始/外部数据/新增开放数据/Mendeley_SLS_TPU工艺力学/结构化表格/TPU_6.xls#sample=Éprouvette 3,11944f88e12508104fbdcbdf3e8e872068aeb44f324f5e768ae846155c6b5e14,CC-BY-4.0,reference-59
source_mendeley_wfsm6f9rbn_v1,EOS TPU 1301,EOS TPU 1301,TPU_6,TPU_6.xls,TPU_6.xls,TPU_6|Éprouvette 4,Éprouvette 4,6.412205479101458,231.96566344611347,6.0005543086552,238.92407180182636,69.54362265359369,1167,6.412205479101458,238.92407180182636,11.953759854518035,38.72535664846581,0.0,valid,direct_tensile_curve_area_application_not_independent_chemistry,SLS_printed_thermoplastic_polyurethane,commercial_grade_process_condition_partial,direct_tensile_toughness_application,core_tpu_application_experimental,gold_process_transfer_after_condition_group_split,0.35,paper_condition_mapped_detailed_parameters_partial,10.17632/wfsm6f9rbn.1|EOS TPU 1301,数据/原始/外部数据/新增开放数据/Mendeley_SLS_TPU工艺力学/结构化表格/TPU_6.xls#sample=Éprouvette 4,11944f88e12508104fbdcbdf3e8e872068aeb44f324f5e768ae846155c6b5e14,CC-BY-4.0,reference-59
source_mendeley_wfsm6f9rbn_v1,EOS TPU 1301,EOS TPU 1301,TPU_6,TPU_6.xls,TPU_6.xls,TPU_6|Éprouvette 5,Éprouvette 5,6.406272251867253,216.66978564532474,6.064736817102742,221.04522433551028,67.53954413675116,1153,6.406272251867253,221.04522433551028,10.921104836544519,38.81939988154062,0.0,valid,direct_tensile_curve_area_application_not_independent_chemistry,SLS_printed_thermoplastic_polyurethane,commercial_grade_process_condition_partial,direct_tensile_toughness_application,core_tpu_application_experimental,gold_process_transfer_after_condition_group_split,0.35,paper_condition_mapped_detailed_parameters_partial,10.17632/wfsm6f9rbn.1|EOS TPU 1301,数据/原始/外部数据/新增开放数据/Mendeley_SLS_TPU工艺力学/结构化表格/TPU_6.xls#sample=Éprouvette 5,11944f88e12508104fbdcbdf3e8e872068aeb44f324f5e768ae846155c6b5e14,CC-BY-4.0,reference-59
source_mendeley_wfsm6f9rbn_v1,EOS TPU 1301,EOS TPU 1301,TPU_6_05,TPU_6_05.xls,TPU_6_05.xls,TPU_6_05|Éprouvette 1,Éprouvette 1,6.765736998504538,243.97251819632947,6.506636591240911,248.22235797904432,73.08141714943733,1310,6.765736998504538,248.22235797904432,13.128688582888643,41.18517180950476,0.0,valid,direct_tensile_curve_area_application_not_independent_chemistry,SLS_printed_thermoplastic_polyurethane,commercial_grade_process_condition_partial,direct_tensile_toughness_application,core_tpu_application_experimental,gold_process_transfer_after_condition_group_split,0.35,paper_condition_mapped_detailed_parameters_partial,10.17632/wfsm6f9rbn.1|EOS TPU 1301,数据/原始/外部数据/新增开放数据/Mendeley_SLS_TPU工艺力学/结构化表格/TPU_6_05.xls#sample=Éprouvette 1,377310549a3281fb958c4f5c9b11742dcdbc8ed3f7b741e8e5c5fe394d392139,CC-BY-4.0,reference-59
source_mendeley_wfsm6f9rbn_v1,EOS TPU 1301,EOS TPU 1301,TPU_6_05,TPU_6_05.xls,TPU_6_05.xls,TPU_6_05|Éprouvette 2,Éprouvette 2,6.805113339039896,233.31949057267047,6.653692399500933,240.61145605728962,74.64388775888786,1207,6.805113339039896,240.61145605728962,12.769099260605602,41.568920710558984,0.0,valid,direct_tensile_curve_area_application_not_independent_chemistry,SLS_printed_thermoplastic_polyurethane,commercial_grade_process_condition_partial,direct_tensile_toughness_application,core_tpu_application_experimental,gold_process_transfer_after_condition_group_split,0.35,paper_condition_mapped_detailed_parameters_partial,10.17632/wfsm6f9rbn.1|EOS TPU 1301,数据/原始/外部数据/新增开放数据/Mendeley_SLS_TPU工艺力学/结构化表格/TPU_6_05.xls#sample=Éprouvette 2,377310549a3281fb958c4f5c9b11742dcdbc8ed3f7b741e8e5c5fe394d392139,CC-BY-4.0,reference-59
source_mendeley_wfsm6f9rbn_v1,EOS TPU 1301,EOS TPU 1301,TPU_6_05,TPU_6_05.xls,TPU_6_05.xls,TPU_6_05|Éprouvette 3,Éprouvette 3,6.777163194898561,246.55634597269818,6.34051691268712,256.72314361063763,68.90054983258712,1257,6.777163194898561,256.72314361063763,13.708181143634242,41.57866030702397,0.0,valid,direct_tensile_curve_area_application_not_independent_chemistry,SLS_printed_thermoplastic_polyurethane,commercial_grade_process_condition_partial,direct_tensile_toughness_application,core_tpu_application_experimental,gold_process_transfer_after_condition_group_split,0.35,paper_condition_mapped_detailed_parameters_partial,10.17632/wfsm6f9rbn.1|EOS TPU 1301,数据/原始/外部数据/新增开放数据/Mendeley_SLS_TPU工艺力学/结构化表格/TPU_6_05.xls#sample=Éprouvette 3,377310549a3281fb958c4f5c9b11742dcdbc8ed3f7b741e8e5c5fe394d392139,CC-BY-4.0,reference-59
source_mendeley_wfsm6f9rbn_v1,EOS TPU 1301,EOS TPU 1301,TPU_6_05,TPU_6_05.xls,TPU_6_05.xls,TPU_6_05|Éprouvette 4,Éprouvette 4,6.72667313374476,254.04731703340076,6.563744679788944,257.5056071334984,68.66338931567907,1223,6.72667313374476,257.5056071334984,13.57924158092496,40.72590257990764,0.0,valid,direct_tensile_curve_area_application_not_independent_chemistry,SLS_printed_thermoplastic_polyurethane,commercial_grade_process_condition_partial,direct_tensile_toughness_application,core_tpu_application_experimental,gold_process_transfer_after_condition_group_split,0.35,paper_condition_mapped_detailed_parameters_partial,10.17632/wfsm6f9rbn.1|EOS TPU 1301,数据/原始/外部数据/新增开放数据/Mendeley_SLS_TPU工艺力学/结构化表格/TPU_6_05.xls#sample=Éprouvette 4,377310549a3281fb958c4f5c9b11742dcdbc8ed3f7b741e8e5c5fe394d392139,CC-BY-4.0,reference-59
source_mendeley_wfsm6f9rbn_v1,EOS TPU 1301,EOS TPU 1301,TPU_6_05,TPU_6_05.xls,TPU_6_05.xls,TPU_6_05|Éprouvette 5,Éprouvette 5,6.9458523389102345,249.16949667129666,6.812949925832334,255.5864278236404,77.03883239564527,1252,6.9458523389102345,255.5864278236404,13.860989665998211,42.13798096155445,0.0,valid,direct_tensile_curve_area_application_not_independent_chemistry,SLS_printed_thermoplastic_polyurethane,commercial_grade_process_condition_partial,direct_tensile_toughness_application,core_tpu_application_experimental,gold_process_transfer_after_condition_group_split,0.35,paper_condition_mapped_detailed_parameters_partial,10.17632/wfsm6f9rbn.1|EOS TPU 1301,数据/原始/外部数据/新增开放数据/Mendeley_SLS_TPU工艺力学/结构化表格/TPU_6_05.xls#sample=Éprouvette 5,377310549a3281fb958c4f5c9b11742dcdbc8ed3f7b741e8e5c5fe394d392139,CC-BY-4.0,reference-59
source_mendeley_wfsm6f9rbn_v1,EOS TPU 1301,EOS TPU 1301,T_TPU_1,T_TPU_1.xls,T_TPU_1.xls,T_TPU_1|Éprouvette 1,Éprouvette 1,5.1352700303057,171.2676016110927,4.766949848623984,182.68378889746964,45.580147217603916,1331,5.1352700303057,182.68378889746964,7.207670435187483,30.446664719737186,0.0,valid,direct_tensile_curve_area_application_not_independent_chemistry,SLS_printed_thermoplastic_polyurethane,commercial_grade_process_condition_partial,direct_tensile_toughness_application,core_tpu_application_experimental,gold_process_transfer_after_condition_group_split,0.35,paper_condition_mapped_detailed_parameters_partial,10.17632/wfsm6f9rbn.1|EOS TPU 1301,数据/原始/外部数据/新增开放数据/Mendeley_SLS_TPU工艺力学/结构化表格/T_TPU_1.xls#sample=Éprouvette 1,62812864853486cf9c72698c73c6a7d61f8d6db4658cdc3a6166aeb0187f4f47,CC-BY-4.0,reference-59
source_mendeley_wfsm6f9rbn_v1,EOS TPU 1301,EOS TPU 1301,T_TPU_1,T_TPU_1.xls,T_TPU_1.xls,T_TPU_1|Éprouvette 2,Éprouvette 2,5.131277491769429,172.70123933255672,4.95473006627923,181.57609437406063,45.94137403199362,1288,5.131277491769429,181.57609437406063,7.11316744446657,29.953372799770417,0.0,valid,direct_tensile_curve_area_application_not_independent_chemistry,SLS_printed_thermoplastic_polyurethane,commercial_grade_process_condition_partial,direct_tensile_toughness_application,core_tpu_application_experimental,gold_process_transfer_after_condition_group_split,0.35,paper_condition_mapped_detailed_parameters_partial,10.17632/wfsm6f9rbn.1|EOS TPU 1301,数据/原始/外部数据/新增开放数据/Mendeley_SLS_TPU工艺力学/结构化表格/T_TPU_1.xls#sample=Éprouvette 2,62812864853486cf9c72698c73c6a7d61f8d6db4658cdc3a6166aeb0187f4f47,CC-BY-4.0,reference-59
source_mendeley_wfsm6f9rbn_v1,EOS TPU 1301,EOS TPU 1301,T_TPU_1,T_TPU_1.xls,T_TPU_1.xls,T_TPU_1|Éprouvette 3,Éprouvette 3,5.205230169628153,162.4472305024974,4.950955276507112,170.32183377398178,47.68192892959049,1320,5.205230169628153,170.32183377398178,6.695683729254909,30.495368390615994,0.0,valid,direct_tensile_curve_area_application_not_independent_chemistry,SLS_printed_thermoplastic_polyurethane,commercial_grade_process_condition_partial,direct_tensile_toughness_application,core_tpu_application_experimental,gold_process_transfer_after_condition_group_split,0.35,paper_condition_mapped_detailed_parameters_partial,10.17632/wfsm6f9rbn.1|EOS TPU 1301,数据/原始/外部数据/新增开放数据/Mendeley_SLS_TPU工艺力学/结构化表格/T_TPU_1.xls#sample=Éprouvette 3,62812864853486cf9c72698c73c6a7d61f8d6db4658cdc3a6166aeb0187f4f47,CC-BY-4.0,reference-59
source_mendeley_wfsm6f9rbn_v1,EOS TPU 1301,EOS TPU 1301,T_TPU_1,T_TPU_1.xls,T_TPU_1.xls,T_TPU_1|Éprouvette 4,Éprouvette 4,5.42193149722835,169.7529557896778,5.232599306369691,176.21099030505866,49.88242847798961,1108,5.42193149722835,176.21099030505866,7.261257585123227,32.35237426611521,0.0,valid,direct_tensile_curve_area_application_not_independent_chemistry,SLS_printed_thermoplastic_polyurethane,commercial_grade_process_condition_partial,direct_tensile_toughness_application,core_tpu_application_experimental,gold_process_transfer_after_condition_group_split,0.35,paper_condition_mapped_detailed_parameters_partial,10.17632/wfsm6f9rbn.1|EOS TPU 1301,数据/原始/外部数据/新增开放数据/Mendeley_SLS_TPU工艺力学/结构化表格/T_TPU_1.xls#sample=Éprouvette 4,62812864853486cf9c72698c73c6a7d61f8d6db4658cdc3a6166aeb0187f4f47,CC-BY-4.0,reference-59
source_mendeley_wfsm6f9rbn_v1,EOS TPU 1301,EOS TPU 1301,T_TPU_2,T_TPU_2.xls,T_TPU_2.xls,T_TPU_2|Éprouvette 1,Éprouvette 1,5.55565394416629,176.93516115495004,5.133717135727147,184.81027941056527,56.67273678777457,1149,5.55565394416629,184.81027941056527,7.807155541222261,32.21669611804538,0.0,valid,direct_tensile_curve_area_application_not_independent_chemistry,SLS_printed_thermoplastic_polyurethane,commercial_grade_process_condition_partial,direct_tensile_toughness_application,core_tpu_application_experimental,gold_process_transfer_after_condition_group_split,0.35,paper_condition_mapped_detailed_parameters_partial,10.17632/wfsm6f9rbn.1|EOS TPU 1301,数据/原始/外部数据/新增开放数据/Mendeley_SLS_TPU工艺力学/结构化表格/T_TPU_2.xls#sample=Éprouvette 1,6453938909c38a80386e5e1db59e02d3f53546c0e1a4e35e86af15deba52216e,CC-BY-4.0,reference-59
source_mendeley_wfsm6f9rbn_v1,EOS TPU 1301,EOS TPU 1301,T_TPU_2,T_TPU_2.xls,T_TPU_2.xls,T_TPU_2|Éprouvette 2,Éprouvette 2,4.838851901614771,85.94505804032087,4.716910035363582,87.4029685780406,52.633321397060705,1027,4.838851901614771,87.4029685780406,3.0612780812876488,33.669317076982416,0.0,valid,direct_tensile_curve_area_application_not_independent_chemistry,SLS_printed_thermoplastic_polyurethane,commercial_grade_process_condition_partial,direct_tensile_toughness_application,core_tpu_application_experimental,gold_process_transfer_after_condition_group_split,0.35,paper_condition_mapped_detailed_parameters_partial,10.17632/wfsm6f9rbn.1|EOS TPU 1301,数据/原始/外部数据/新增开放数据/Mendeley_SLS_TPU工艺力学/结构化表格/T_TPU_2.xls#sample=Éprouvette 2,6453938909c38a80386e5e1db59e02d3f53546c0e1a4e35e86af15deba52216e,CC-BY-4.0,reference-59
source_mendeley_wfsm6f9rbn_v1,EOS TPU 1301,EOS TPU 1301,T_TPU_2,T_TPU_2.xls,T_TPU_2.xls,T_TPU_2|Éprouvette 3,Éprouvette 3,4.752426092473144,88.37001541443169,4.614980869630417,91.2449810821563,54.92883208713349,1106,4.752426092473144,91.2449810821563,3.135608406017449,32.44272528170845,0.0,valid,direct_tensile_curve_area_application_not_independent_chemistry,SLS_printed_thermoplastic_polyurethane,commercial_grade_process_condition_partial,direct_tensile_toughness_application,core_tpu_application_experimental,gold_process_transfer_after_condition_group_split,0.35,paper_condition_mapped_detailed_parameters_partial,10.17632/wfsm6f9rbn.1|EOS TPU 1301,数据/原始/外部数据/新增开放数据/Mendeley_SLS_TPU工艺力学/结构化表格/T_TPU_2.xls#sample=Éprouvette 3,6453938909c38a80386e5e1db59e02d3f53546c0e1a4e35e86af15deba52216e,CC-BY-4.0,reference-59
source_mendeley_wfsm6f9rbn_v1,EOS TPU 1301,EOS TPU 1301,T_TPU_2,T_TPU_2.xls,T_TPU_2.xls,T_TPU_2|Éprouvette 4,Éprouvette 4,5.133398703411625,126.90499843805446,5.045007399958284,128.82140697687282,51.48291556818906,1004,5.133398703411625,128.82140697687282,4.895191876301337,32.263609327607455,0.0,valid,direct_tensile_curve_area_application_not_independent_chemistry,SLS_printed_thermoplastic_polyurethane,commercial_grade_process_condition_partial,direct_tensile_toughness_application,core_tpu_application_experimental,gold_process_transfer_after_condition_group_split,0.35,paper_condition_mapped_detailed_parameters_partial,10.17632/wfsm6f9rbn.1|EOS TPU 1301,数据/原始/外部数据/新增开放数据/Mendeley_SLS_TPU工艺力学/结构化表格/T_TPU_2.xls#sample=Éprouvette 4,6453938909c38a80386e5e1db59e02d3f53546c0e1a4e35e86af15deba52216e,CC-BY-4.0,reference-59
source_mendeley_wfsm6f9rbn_v1,EOS TPU 1301,EOS TPU 1301,T_TPU_3,T_TPU_3.xls,T_TPU_3.xls,T_TPU_3|Éprouvette 1,Éprouvette 1,5.7054519010466045,105.88456144975498,5.498511967210606,108.42601767228916,58.904281500753854,964,5.7054519010466045,108.42601767228916,4.597033115267472,36.41313334812186,0.0,valid,direct_tensile_curve_area_application_not_independent_chemistry,SLS_printed_thermoplastic_polyurethane,commercial_grade_process_condition_partial,direct_tensile_toughness_application,core_tpu_application_experimental,gold_process_transfer_after_condition_group_split,0.35,paper_condition_mapped_detailed_parameters_partial,10.17632/wfsm6f9rbn.1|EOS TPU 1301,数据/原始/外部数据/新增开放数据/Mendeley_SLS_TPU工艺力学/结构化表格/T_TPU_3.xls#sample=Éprouvette 1,23558a897d0686f1ff87e7a4858d927d8ad8c6407db417cfdf146d0e7255b4cc,CC-BY-4.0,reference-59
source_mendeley_wfsm6f9rbn_v1,EOS TPU 1301,EOS TPU 1301,T_TPU_3,T_TPU_3.xls,T_TPU_3.xls,T_TPU_3|Éprouvette 2,Éprouvette 2,6.395510524953712,148.44498317549005,6.28118780267773,150.11152904340997,68.42405341280629,1054,6.395510524953712,150.11152904340997,7.245840173513016,40.06292612925701,0.0,valid,direct_tensile_curve_area_application_not_independent_chemistry,SLS_printed_thermoplastic_polyurethane,commercial_grade_process_condition_partial,direct_tensile_toughness_application,core_tpu_application_experimental,gold_process_transfer_after_condition_group_split,0.35,paper_condition_mapped_detailed_parameters_partial,10.17632/wfsm6f9rbn.1|EOS TPU 1301,数据/原始/外部数据/新增开放数据/Mendeley_SLS_TPU工艺力学/结构化表格/T_TPU_3.xls#sample=Éprouvette 2,23558a897d0686f1ff87e7a4858d927d8ad8c6407db417cfdf146d0e7255b4cc,CC-BY-4.0,reference-59
source_mendeley_wfsm6f9rbn_v1,EOS TPU 1301,EOS TPU 1301,T_TPU_3,T_TPU_3.xls,T_TPU_3.xls,T_TPU_3|Éprouvette 3,Éprouvette 3,5.7940198265085465,138.88076084456407,5.484221415105685,140.88104503951035,64.05581547678206,1167,5.7940198265085465,140.88104503951035,6.128432534718929,35.66936821273055,0.0,valid,direct_tensile_curve_area_application_not_independent_chemistry,SLS_printed_thermoplastic_polyurethane,commercial_grade_process_condition_partial,direct_tensile_toughness_application,core_tpu_application_experimental,gold_process_transfer_after_condition_group_split,0.35,paper_condition_mapped_detailed_parameters_partial,10.17632/wfsm6f9rbn.1|EOS TPU 1301,数据/原始/外部数据/新增开放数据/Mendeley_SLS_TPU工艺力学/结构化表格/T_TPU_3.xls#sample=Éprouvette 3,23558a897d0686f1ff87e7a4858d927d8ad8c6407db417cfdf146d0e7255b4cc,CC-BY-4.0,reference-59
source_mendeley_wfsm6f9rbn_v1,EOS TPU 1301,EOS TPU 1301,T_TPU_3,T_TPU_3.xls,T_TPU_3.xls,T_TPU_3|Éprouvette 4,Éprouvette 4,5.71735761728932,139.0736072086729,5.663314363682738,140.49016642803326,60.19358522564919,993,5.71735761728932,140.49016642803326,6.053422852314279,35.97451394877388,0.0,valid,direct_tensile_curve_area_application_not_independent_chemistry,SLS_printed_thermoplastic_polyurethane,commercial_grade_process_condition_partial,direct_tensile_toughness_application,core_tpu_application_experimental,gold_process_transfer_after_condition_group_split,0.35,paper_condition_mapped_detailed_parameters_partial,10.17632/wfsm6f9rbn.1|EOS TPU 1301,数据/原始/外部数据/新增开放数据/Mendeley_SLS_TPU工艺力学/结构化表格/T_TPU_3.xls#sample=Éprouvette 4,23558a897d0686f1ff87e7a4858d927d8ad8c6407db417cfdf146d0e7255b4cc,CC-BY-4.0,reference-59
source_mendeley_wfsm6f9rbn_v1,EOS TPU 1301,EOS TPU 1301,T_TPU_4,T_TPU_4.xls,T_TPU_4.xls,T_TPU_4|Éprouvette 1,Éprouvette 1,4.437647862782375,67.79298927634954,4.291135962271205,68.959542773664,47.788796585019725,846,4.437647862782375,68.959542773664,2.181940101062527,32.94975089492112,0.0,valid,direct_tensile_curve_area_application_not_independent_chemistry,SLS_printed_thermoplastic_polyurethane,commercial_grade_process_condition_partial,direct_tensile_toughness_application,core_tpu_application_experimental,gold_process_transfer_after_condition_group_split,0.35,paper_condition_mapped_detailed_parameters_partial,10.17632/wfsm6f9rbn.1|EOS TPU 1301,数据/原始/外部数据/新增开放数据/Mendeley_SLS_TPU工艺力学/结构化表格/T_TPU_4.xls#sample=Éprouvette 1,42a0be33aa9615a231b524f31fa980197767685932367266e0935b7dcc47eb8d,CC-BY-4.0,reference-59
source_mendeley_wfsm6f9rbn_v1,EOS TPU 1301,EOS TPU 1301,T_TPU_4,T_TPU_4.xls,T_TPU_4.xls,T_TPU_4|Éprouvette 2,Éprouvette 2,4.416464435671272,54.41051402915036,4.359980999287471,56.160535009985324,58.84567443182429,785,4.416464435671272,56.160535009985324,1.7597835702880047,34.90525096900813,0.0,valid,direct_tensile_curve_area_application_not_independent_chemistry,SLS_printed_thermoplastic_polyurethane,commercial_grade_process_condition_partial,direct_tensile_toughness_application,core_tpu_application_experimental,gold_process_transfer_after_condition_group_split,0.35,paper_condition_mapped_detailed_parameters_partial,10.17632/wfsm6f9rbn.1|EOS TPU 1301,数据/原始/外部数据/新增开放数据/Mendeley_SLS_TPU工艺力学/结构化表格/T_TPU_4.xls#sample=Éprouvette 2,42a0be33aa9615a231b524f31fa980197767685932367266e0935b7dcc47eb8d,CC-BY-4.0,reference-59
source_mendeley_wfsm6f9rbn_v1,EOS TPU 1301,EOS TPU 1301,T_TPU_4,T_TPU_4.xls,T_TPU_4.xls,T_TPU_4|Éprouvette 3,Éprouvette 3,4.287505010415239,51.1687400782248,4.220504299014924,51.9184902155539,58.31699461028688,775,4.287505010415239,51.9184902155539,1.5662536460971621,34.452433180508955,0.0,valid,direct_tensile_curve_area_application_not_independent_chemistry,SLS_printed_thermoplastic_polyurethane,commercial_grade_process_condition_partial,direct_tensile_toughness_application,core_tpu_application_experimental,gold_process_transfer_after_condition_group_split,0.35,paper_condition_mapped_detailed_parameters_partial,10.17632/wfsm6f9rbn.1|EOS TPU 1301,数据/原始/外部数据/新增开放数据/Mendeley_SLS_TPU工艺力学/结构化表格/T_TPU_4.xls#sample=Éprouvette 3,42a0be33aa9615a231b524f31fa980197767685932367266e0935b7dcc47eb8d,CC-BY-4.0,reference-59
source_mendeley_wfsm6f9rbn_v1,EOS TPU 1301,EOS TPU 1301,T_TPU_4,T_TPU_4.xls,T_TPU_4.xls,T_TPU_4|Éprouvette 4,Éprouvette 4,4.784647291912983,73.86845207493752,4.734698729194696,74.70177746098489,58.183135682095994,823,4.784647291912983,74.70177746098489,2.5722188094067326,34.80642440202025,0.0,valid,direct_tensile_curve_area_application_not_independent_chemistry,SLS_printed_thermoplastic_polyurethane,commercial_grade_process_condition_partial,direct_tensile_toughness_application,core_tpu_application_experimental,gold_process_transfer_after_condition_group_split,0.35,paper_condition_mapped_detailed_parameters_partial,10.17632/wfsm6f9rbn.1|EOS TPU 1301,数据/原始/外部数据/新增开放数据/Mendeley_SLS_TPU工艺力学/结构化表格/T_TPU_4.xls#sample=Éprouvette 4,42a0be33aa9615a231b524f31fa980197767685932367266e0935b7dcc47eb8d,CC-BY-4.0,reference-59
source_mendeley_wfsm6f9rbn_v1,EOS TPU 1301,EOS TPU 1301,T_TPU_5,T_TPU_5.xls,T_TPU_5.xls,T_TPU_5|Éprouvette 1,Éprouvette 1,5.645435320058908,95.14350885991007,5.542823317508021,96.35231012944132,48.14270497892116,1028,5.645435320058908,96.35231012944132,3.9452746779426136,39.31992192106973,0.0,valid,direct_tensile_curve_area_application_not_independent_chemistry,SLS_printed_thermoplastic_polyurethane,commercial_grade_process_condition_partial,direct_tensile_toughness_application,core_tpu_application_experimental,gold_process_transfer_after_condition_group_split,0.35,paper_condition_mapped_detailed_parameters_partial,10.17632/wfsm6f9rbn.1|EOS TPU 1301,数据/原始/外部数据/新增开放数据/Mendeley_SLS_TPU工艺力学/结构化表格/T_TPU_5.xls#sample=Éprouvette 1,f6da13583780cc59056d7f39dfe3c236311170bc1d5a9880cca1e99c3b60e83a,CC-BY-4.0,reference-59
source_mendeley_wfsm6f9rbn_v1,EOS TPU 1301,EOS TPU 1301,T_TPU_5,T_TPU_5.xls,T_TPU_5.xls,T_TPU_5|Éprouvette 2,Éprouvette 2,5.782086066422032,110.83445664914325,5.616596200435458,112.54287835629657,66.14237523355455,844,5.782086066422032,112.54287835629657,4.878461865877432,38.47471609443803,0.0,valid,direct_tensile_curve_area_application_not_independent_chemistry,SLS_printed_thermoplastic_polyurethane,commercial_grade_process_condition_partial,direct_tensile_toughness_application,core_tpu_application_experimental,gold_process_transfer_after_condition_group_split,0.35,paper_condition_mapped_detailed_parameters_partial,10.17632/wfsm6f9rbn.1|EOS TPU 1301,数据/原始/外部数据/新增开放数据/Mendeley_SLS_TPU工艺力学/结构化表格/T_TPU_5.xls#sample=Éprouvette 2,f6da13583780cc59056d7f39dfe3c236311170bc1d5a9880cca1e99c3b60e83a,CC-BY-4.0,reference-59
source_mendeley_wfsm6f9rbn_v1,EOS TPU 1301,EOS TPU 1301,T_TPU_5,T_TPU_5.xls,T_TPU_5.xls,T_TPU_5|Éprouvette 3,Éprouvette 3,5.635967530956545,106.28790920216125,5.554967369847741,108.24682300526183,63.715273199318915,946,5.635967530956545,108.24682300526183,4.560784229502014,38.372649883218116,0.0,valid,direct_tensile_curve_area_application_not_independent_chemistry,SLS_printed_thermoplastic_polyurethane,commercial_grade_process_condition_partial,direct_tensile_toughness_application,core_tpu_application_experimental,gold_process_transfer_after_condition_group_split,0.35,paper_condition_mapped_detailed_parameters_partial,10.17632/wfsm6f9rbn.1|EOS TPU 1301,数据/原始/外部数据/新增开放数据/Mendeley_SLS_TPU工艺力学/结构化表格/T_TPU_5.xls#sample=Éprouvette 3,f6da13583780cc59056d7f39dfe3c236311170bc1d5a9880cca1e99c3b60e83a,CC-BY-4.0,reference-59
source_mendeley_wfsm6f9rbn_v1,EOS TPU 1301,EOS TPU 1301,T_TPU_5,T_TPU_5.xls,T_TPU_5.xls,T_TPU_5|Éprouvette 4,Éprouvette 4,5.390452719710117,87.05808221083134,5.291033680335387,89.016128170304,64.58360165637852,885,5.390452719710117,89.016128170304,3.572582768035688,39.133520463238405,0.0,valid,direct_tensile_curve_area_application_not_independent_chemistry,SLS_printed_thermoplastic_polyurethane,commercial_grade_process_condition_partial,direct_tensile_toughness_application,core_tpu_application_experimental,gold_process_transfer_after_condition_group_split,0.35,paper_condition_mapped_detailed_parameters_partial,10.17632/wfsm6f9rbn.1|EOS TPU 1301,数据/原始/外部数据/新增开放数据/Mendeley_SLS_TPU工艺力学/结构化表格/T_TPU_5.xls#sample=Éprouvette 4,f6da13583780cc59056d7f39dfe3c236311170bc1d5a9880cca1e99c3b60e83a,CC-BY-4.0,reference-59
source_mendeley_wfsm6f9rbn_v1,EOS TPU 1301,EOS TPU 1301,double_contour_v3 (45°),double_contour_v3 (45°).xlsx,double_contour_v3 (45°).xlsx,double_contour_v3 (45°)|Éprouvette 1,Éprouvette 1,5.0232696533203125,55.88870048522949,4.771918487548828,58.44289779663086,51.37929907474002,14032,5.0232696533203125,58.44289779663086,2.1992440664709574,33.75585617110089,0.0,valid,direct_tensile_curve_area_application_not_independent_chemistry,SLS_printed_thermoplastic_polyurethane,commercial_grade_process_condition_partial,direct_tensile_toughness_application,core_tpu_application_experimental,gold_process_transfer_after_condition_group_split,0.35,paper_condition_mapped_detailed_parameters_partial,10.17632/wfsm6f9rbn.1|EOS TPU 1301,数据/原始/外部数据/新增开放数据/Mendeley_SLS_TPU工艺力学/结构化表格/double_contour_v3 (45°).xlsx#sample=Éprouvette 1,e65ee77f900be8447517d51ca645985bf5103cb324b8b4aec13f174bdc53209b,CC-BY-4.0,reference-59
source_mendeley_wfsm6f9rbn_v1,EOS TPU 1301,EOS TPU 1301,double_contour_v3 (45°),double_contour_v3 (45°).xlsx,double_contour_v3 (45°).xlsx,double_contour_v3 (45°)|Éprouvette 2,Éprouvette 2,4.834716033935547,51.58381462097168,4.049725341796875,58.179612159729004,50.78685159372415,13969,4.834716033935547,58.179612159729004,2.144812035754463,34.14858144332766,0.0,valid,direct_tensile_curve_area_application_not_independent_chemistry,SLS_printed_thermoplastic_polyurethane,commercial_grade_process_condition_partial,direct_tensile_toughness_application,core_tpu_application_experimental,gold_process_transfer_after_condition_group_split,0.35,paper_condition_mapped_detailed_parameters_partial,10.17632/wfsm6f9rbn.1|EOS TPU 1301,数据/原始/外部数据/新增开放数据/Mendeley_SLS_TPU工艺力学/结构化表格/double_contour_v3 (45°).xlsx#sample=Éprouvette 2,e65ee77f900be8447517d51ca645985bf5103cb324b8b4aec13f174bdc53209b,CC-BY-4.0,reference-59
source_mendeley_wfsm6f9rbn_v1,EOS TPU 1301,EOS TPU 1301,double_contour_v3 (45°),double_contour_v3 (45°).xlsx,double_contour_v3 (45°).xlsx,double_contour_v3 (45°)|Éprouvette 3,Éprouvette 3,4.73230323791504,47.80881404876709,4.4186748504638675,52.029619216918945,49.84061503056379,12493,4.73230323791504,52.029619216918945,1.8348414780443214,32.850323001178786,0.0,valid,direct_tensile_curve_area_application_not_independent_chemistry,SLS_printed_thermoplastic_polyurethane,commercial_grade_process_condition_partial,direct_tensile_toughness_application,core_tpu_application_experimental,gold_process_transfer_after_condition_group_split,0.35,paper_condition_mapped_detailed_parameters_partial,10.17632/wfsm6f9rbn.1|EOS TPU 1301,数据/原始/外部数据/新增开放数据/Mendeley_SLS_TPU工艺力学/结构化表格/double_contour_v3 (45°).xlsx#sample=Éprouvette 3,e65ee77f900be8447517d51ca645985bf5103cb324b8b4aec13f174bdc53209b,CC-BY-4.0,reference-59
source_mendeley_wfsm6f9rbn_v1,EOS TPU 1301,EOS TPU 1301,double_contour_v3 (45°),double_contour_v3 (45°).xlsx,double_contour_v3 (45°).xlsx,double_contour_v3 (45°)|Éprouvette 4,Éprouvette 4,5.102059173583985,59.17459011077881,4.763800811767578,60.478758811950684,51.43489824158292,14520,5.102059173583985,60.478758811950684,2.315012378820941,33.57016154058176,0.0,valid,direct_tensile_curve_area_application_not_independent_chemistry,SLS_printed_thermoplastic_polyurethane,commercial_grade_process_condition_partial,direct_tensile_toughness_application,core_tpu_application_experimental,gold_process_transfer_after_condition_group_split,0.35,paper_condition_mapped_detailed_parameters_partial,10.17632/wfsm6f9rbn.1|EOS TPU 1301,数据/原始/外部数据/新增开放数据/Mendeley_SLS_TPU工艺力学/结构化表格/double_contour_v3 (45°).xlsx#sample=Éprouvette 4,e65ee77f900be8447517d51ca645985bf5103cb324b8b4aec13f174bdc53209b,CC-BY-4.0,reference-59
source_mendeley_wfsm6f9rbn_v1,EOS TPU 1301,EOS TPU 1301,double_contour_v3 (on edge),double_contour_v3 (on edge).xlsx,double_contour_v3 (on edge).xlsx,double_contour_v3 (on edge)|Éprouvette 1,Éprouvette 1,6.66165771484375,152.60210037231445,5.784877395629883,156.18962287902832,48.53016649595891,37492,6.66165771484375,156.18962287902832,7.986116671359976,32.27863899133853,0.0,valid,direct_tensile_curve_area_application_not_independent_chemistry,SLS_printed_thermoplastic_polyurethane,commercial_grade_process_condition_partial,direct_tensile_toughness_application,core_tpu_application_experimental,gold_process_transfer_after_condition_group_split,0.35,paper_condition_mapped_detailed_parameters_partial,10.17632/wfsm6f9rbn.1|EOS TPU 1301,数据/原始/外部数据/新增开放数据/Mendeley_SLS_TPU工艺力学/结构化表格/double_contour_v3 (on edge).xlsx#sample=Éprouvette 1,20b241d4f98a49fb531192bf5d85683106c7ceebbff0cdddcba9f531da51eeca,CC-BY-4.0,reference-59
source_mendeley_wfsm6f9rbn_v1,EOS TPU 1301,EOS TPU 1301,double_contour_v3 (on edge),double_contour_v3 (on edge).xlsx,double_contour_v3 (on edge).xlsx,double_contour_v3 (on edge)|Éprouvette 2,Éprouvette 2,6.888463592529297,134.93876457214355,6.734342956542969,137.4512767791748,46.782528394305395,32995,6.888463592529297,137.4512767791748,7.259538675757257,35.97590103719933,0.0,valid,direct_tensile_curve_area_application_not_independent_chemistry,SLS_printed_thermoplastic_polyurethane,commercial_grade_process_condition_partial,direct_tensile_toughness_application,core_tpu_application_experimental,gold_process_transfer_after_condition_group_split,0.35,paper_condition_mapped_detailed_parameters_partial,10.17632/wfsm6f9rbn.1|EOS TPU 1301,数据/原始/外部数据/新增开放数据/Mendeley_SLS_TPU工艺力学/结构化表格/double_contour_v3 (on edge).xlsx#sample=Éprouvette 2,20b241d4f98a49fb531192bf5d85683106c7ceebbff0cdddcba9f531da51eeca,CC-BY-4.0,reference-59
source_mendeley_wfsm6f9rbn_v1,EOS TPU 1301,EOS TPU 1301,double_contour_v3 (on edge),double_contour_v3 (on edge).xlsx,double_contour_v3 (on edge).xlsx,double_contour_v3 (on edge)|Éprouvette 3,Éprouvette 3,7.962754821777344,175.37126541137695,7.536906433105469,181.28795623779297,51.516998669111175,43514,7.962754821777344,181.28795623779297,11.245207889547359,36.72115539276655,0.0,valid,direct_tensile_curve_area_application_not_independent_chemistry,SLS_printed_thermoplastic_polyurethane,commercial_grade_process_condition_partial,direct_tensile_toughness_application,core_tpu_application_experimental,gold_process_transfer_after_condition_group_split,0.35,paper_condition_mapped_detailed_parameters_partial,10.17632/wfsm6f9rbn.1|EOS TPU 1301,数据/原始/外部数据/新增开放数据/Mendeley_SLS_TPU工艺力学/结构化表格/double_contour_v3 (on edge).xlsx#sample=Éprouvette 3,20b241d4f98a49fb531192bf5d85683106c7ceebbff0cdddcba9f531da51eeca,CC-BY-4.0,reference-59
source_mendeley_wfsm6f9rbn_v1,EOS TPU 1301,EOS TPU 1301,double_contour_v3 (on edge),double_contour_v3 (on edge).xlsx,double_contour_v3 (on edge).xlsx,double_contour_v3 (on edge)|Éprouvette 4,Éprouvette 4,6.888744354248047,136.2595558166504,6.786888885498048,148.92206192016602,52.581196299499986,35746,6.888744354248047,148.92206192016602,8.034913560952678,34.46108538393243,0.0,valid,direct_tensile_curve_area_application_not_independent_chemistry,SLS_printed_thermoplastic_polyurethane,commercial_grade_process_condition_partial,direct_tensile_toughness_application,core_tpu_application_experimental,gold_process_transfer_after_condition_group_split,0.35,paper_condition_mapped_detailed_parameters_partial,10.17632/wfsm6f9rbn.1|EOS TPU 1301,数据/原始/外部数据/新增开放数据/Mendeley_SLS_TPU工艺力学/结构化表格/double_contour_v3 (on edge).xlsx#sample=Éprouvette 4,20b241d4f98a49fb531192bf5d85683106c7ceebbff0cdddcba9f531da51eeca,CC-BY-4.0,reference-59
source_mendeley_wfsm6f9rbn_v1,EOS TPU 1301,EOS TPU 1301,double_contour_v3 (on edge),double_contour_v3 (on edge).xlsx,double_contour_v3 (on edge).xlsx,double_contour_v3 (on edge)|Éprouvette 5,Éprouvette 5,7.260010528564454,153.47711563110352,6.38775749206543,160.18959045410156,50.67005843849775,38451,7.260010528564454,160.18959045410156,9.00807562426342,35.35514644164348,0.0,valid,direct_tensile_curve_area_application_not_independent_chemistry,SLS_printed_thermoplastic_polyurethane,commercial_grade_process_condition_partial,direct_tensile_toughness_application,core_tpu_application_experimental,gold_process_transfer_after_condition_group_split,0.35,paper_condition_mapped_detailed_parameters_partial,10.17632/wfsm6f9rbn.1|EOS TPU 1301,数据/原始/外部数据/新增开放数据/Mendeley_SLS_TPU工艺力学/结构化表格/double_contour_v3 (on edge).xlsx#sample=Éprouvette 5,20b241d4f98a49fb531192bf5d85683106c7ceebbff0cdddcba9f531da51eeca,CC-BY-4.0,reference-59
source_mendeley_wfsm6f9rbn_v1,EOS TPU 1301,EOS TPU 1301,double_contour_v3 (upright),double_contour_v3 (upright).xlsx,double_contour_v3 (upright).xlsx,double_contour_v3 (upright)|Éprouvette 1,Éprouvette 1,4.319773864746094,42.62551784515381,4.044921493530274,45.137977600097656,47.98270012906731,10839,4.319773864746094,45.137977600097656,1.440644643298275,31.823913995748285,0.0,valid,direct_tensile_curve_area_application_not_independent_chemistry,SLS_printed_thermoplastic_polyurethane,commercial_grade_process_condition_partial,direct_tensile_toughness_application,core_tpu_application_experimental,gold_process_transfer_after_condition_group_split,0.35,paper_condition_mapped_detailed_parameters_partial,10.17632/wfsm6f9rbn.1|EOS TPU 1301,数据/原始/外部数据/新增开放数据/Mendeley_SLS_TPU工艺力学/结构化表格/double_contour_v3 (upright).xlsx#sample=Éprouvette 1,d5eec4a02432e308fcbd8f5e9f3d707e812e8fcbc386ed12519b4466760b3188,CC-BY-4.0,reference-59
source_mendeley_wfsm6f9rbn_v1,EOS TPU 1301,EOS TPU 1301,double_contour_v3 (upright),double_contour_v3 (upright).xlsx,double_contour_v3 (upright).xlsx,double_contour_v3 (upright)|Éprouvette 2,Éprouvette 2,4.409927749633789,41.33542060852051,4.286569213867188,42.356224060058594,50.4499594251323,10171,4.409927749633789,42.356224060058594,1.3888072604773,34.67784793328842,0.0,valid,direct_tensile_curve_area_application_not_independent_chemistry,SLS_printed_thermoplastic_polyurethane,commercial_grade_process_condition_partial,direct_tensile_toughness_application,core_tpu_application_experimental,gold_process_transfer_after_condition_group_split,0.35,paper_condition_mapped_detailed_parameters_partial,10.17632/wfsm6f9rbn.1|EOS TPU 1301,数据/原始/外部数据/新增开放数据/Mendeley_SLS_TPU工艺力学/结构化表格/double_contour_v3 (upright).xlsx#sample=Éprouvette 2,d5eec4a02432e308fcbd8f5e9f3d707e812e8fcbc386ed12519b4466760b3188,CC-BY-4.0,reference-59
source_mendeley_wfsm6f9rbn_v1,EOS TPU 1301,EOS TPU 1301,double_contour_v3 (upright),double_contour_v3 (upright).xlsx,double_contour_v3 (upright).xlsx,double_contour_v3 (upright)|Éprouvette 3,Éprouvette 3,3.6029224395751953,35.54293632507324,2.95339469909668,36.65968418121338,43.23909310343344,8804,3.6029224395751953,36.65968418121338,0.9617979298341991,28.559610506494018,0.0,valid,direct_tensile_curve_area_application_not_independent_chemistry,SLS_printed_thermoplastic_polyurethane,commercial_grade_process_condition_partial,direct_tensile_toughness_application,core_tpu_application_experimental,gold_process_transfer_after_condition_group_split,0.35,paper_condition_mapped_detailed_parameters_partial,10.17632/wfsm6f9rbn.1|EOS TPU 1301,数据/原始/外部数据/新增开放数据/Mendeley_SLS_TPU工艺力学/结构化表格/double_contour_v3 (upright).xlsx#sample=Éprouvette 3,d5eec4a02432e308fcbd8f5e9f3d707e812e8fcbc386ed12519b4466760b3188,CC-BY-4.0,reference-59
source_mendeley_wfsm6f9rbn_v1,EOS TPU 1301,EOS TPU 1301,double_contour_v3 (upright),double_contour_v3 (upright).xlsx,double_contour_v3 (upright).xlsx,double_contour_v3 (upright)|Éprouvette 4,Éprouvette 4,4.492211532592774,42.53877639770508,4.413058853149415,44.892897605895996,49.29993414836278,10780,4.492211532592774,44.892897605895996,1.4822776835818745,32.736368041621986,0.0,valid,direct_tensile_curve_area_application_not_independent_chemistry,SLS_printed_thermoplastic_polyurethane,commercial_grade_process_condition_partial,direct_tensile_toughness_application,core_tpu_application_experimental,gold_process_transfer_after_condition_group_split,0.35,paper_condition_mapped_detailed_parameters_partial,10.17632/wfsm6f9rbn.1|EOS TPU 1301,数据/原始/外部数据/新增开放数据/Mendeley_SLS_TPU工艺力学/结构化表格/double_contour_v3 (upright).xlsx#sample=Éprouvette 4,d5eec4a02432e308fcbd8f5e9f3d707e812e8fcbc386ed12519b4466760b3188,CC-BY-4.0,reference-59
source_mendeley_wfsm6f9rbn_v1,EOS TPU 1301,EOS TPU 1301,double_contour_v3 (upright),double_contour_v3 (upright).xlsx,double_contour_v3 (upright).xlsx,double_contour_v3 (upright)|Éprouvette 5,Éprouvette 5,4.488474655151367,42.527079582214355,4.3027595520019535,45.056190490722656,48.59080314520619,10820,4.488474655151367,45.056190490722656,1.4873320369500054,30.674850042822957,0.0,valid,direct_tensile_curve_area_application_not_independent_chemistry,SLS_printed_thermoplastic_polyurethane,commercial_grade_process_condition_partial,direct_tensile_toughness_application,core_tpu_application_experimental,gold_process_transfer_after_condition_group_split,0.35,paper_condition_mapped_detailed_parameters_partial,10.17632/wfsm6f9rbn.1|EOS TPU 1301,数据/原始/外部数据/新增开放数据/Mendeley_SLS_TPU工艺力学/结构化表格/double_contour_v3 (upright).xlsx#sample=Éprouvette 5,d5eec4a02432e308fcbd8f5e9f3d707e812e8fcbc386ed12519b4466760b3188,CC-BY-4.0,reference-59
source_mendeley_wfsm6f9rbn_v1,EOS TPU 1301,EOS TPU 1301,edge_v3 (45°),edge_v3 (45°).xlsx,edge_v3 (45°).xlsx,edge_v3 (45°)|Éprouvette 1,Éprouvette 1,4.360207366943359,79.69207763671875,4.133166122436523,84.15871620178223,40.09278010343727,20203,4.360207366943359,84.15871620178223,2.8103053980474635,26.32142308890486,0.0,valid,direct_tensile_curve_area_application_not_independent_chemistry,SLS_printed_thermoplastic_polyurethane,commercial_grade_process_condition_partial,direct_tensile_toughness_application,core_tpu_application_experimental,gold_process_transfer_after_condition_group_split,0.35,paper_condition_mapped_detailed_parameters_partial,10.17632/wfsm6f9rbn.1|EOS TPU 1301,数据/原始/外部数据/新增开放数据/Mendeley_SLS_TPU工艺力学/结构化表格/edge_v3 (45°).xlsx#sample=Éprouvette 1,2308e0a24a9679f5122df2e74257f607e46ebdb6a920d9cb2837e3c6c72a0d60,CC-BY-4.0,reference-59
source_mendeley_wfsm6f9rbn_v1,EOS TPU 1301,EOS TPU 1301,edge_v3 (45°),edge_v3 (45°).xlsx,edge_v3 (45°).xlsx,edge_v3 (45°)|Éprouvette 2,Éprouvette 2,4.068670654296875,60.88038921356201,3.816038131713867,66.76380157470703,40.79091138876903,16029,4.068670654296875,66.76380157470703,2.066746523234503,26.741387916773313,0.0,valid,direct_tensile_curve_area_application_not_independent_chemistry,SLS_printed_thermoplastic_polyurethane,commercial_grade_process_condition_partial,direct_tensile_toughness_application,core_tpu_application_experimental,gold_process_transfer_after_condition_group_split,0.35,paper_condition_mapped_detailed_parameters_partial,10.17632/wfsm6f9rbn.1|EOS TPU 1301,数据/原始/外部数据/新增开放数据/Mendeley_SLS_TPU工艺力学/结构化表格/edge_v3 (45°).xlsx#sample=Éprouvette 2,2308e0a24a9679f5122df2e74257f607e46ebdb6a920d9cb2837e3c6c72a0d60,CC-BY-4.0,reference-59
source_mendeley_wfsm6f9rbn_v1,EOS TPU 1301,EOS TPU 1301,edge_v3 (45°),edge_v3 (45°).xlsx,edge_v3 (45°).xlsx,edge_v3 (45°)|Éprouvette 3,Éprouvette 3,4.093749237060547,59.12373065948486,3.4584842681884767,63.852925300598145,40.627023145891535,15330,4.093749237060547,63.852925300598145,1.952377806057726,27.019229303077182,0.0,valid,direct_tensile_curve_area_application_not_independent_chemistry,SLS_printed_thermoplastic_polyurethane,commercial_grade_process_condition_partial,direct_tensile_toughness_application,core_tpu_application_experimental,gold_process_transfer_after_condition_group_split,0.35,paper_condition_mapped_detailed_parameters_partial,10.17632/wfsm6f9rbn.1|EOS TPU 1301,数据/原始/外部数据/新增开放数据/Mendeley_SLS_TPU工艺力学/结构化表格/edge_v3 (45°).xlsx#sample=Éprouvette 3,2308e0a24a9679f5122df2e74257f607e46ebdb6a920d9cb2837e3c6c72a0d60,CC-BY-4.0,reference-59
source_mendeley_wfsm6f9rbn_v1,EOS TPU 1301,EOS TPU 1301,edge_v3 (45°),edge_v3 (45°).xlsx,edge_v3 (45°).xlsx,edge_v3 (45°)|Éprouvette 4,Éprouvette 4,3.3957645416259767,35.1337194442749,2.3862455368041995,40.242085456848145,39.884751590948746,9663,3.3957645416259767,40.242085456848145,0.9890174930421591,26.04882880518582,0.0,valid,direct_tensile_curve_area_application_not_independent_chemistry,SLS_printed_thermoplastic_polyurethane,commercial_grade_process_condition_partial,direct_tensile_toughness_application,core_tpu_application_experimental,gold_process_transfer_after_condition_group_split,0.35,paper_condition_mapped_detailed_parameters_partial,10.17632/wfsm6f9rbn.1|EOS TPU 1301,数据/原始/外部数据/新增开放数据/Mendeley_SLS_TPU工艺力学/结构化表格/edge_v3 (45°).xlsx#sample=Éprouvette 4,2308e0a24a9679f5122df2e74257f607e46ebdb6a920d9cb2837e3c6c72a0d60,CC-BY-4.0,reference-59
source_mendeley_wfsm6f9rbn_v1,EOS TPU 1301,EOS TPU 1301,edge_v3 (45°),edge_v3 (45°).xlsx,edge_v3 (45°).xlsx,edge_v3 (45°)|Éprouvette 5,Éprouvette 5,4.210672378540039,71.2195634841919,3.993504333496094,72.96544551849365,40.04707520778569,17517,4.210672378540039,72.96544551849365,2.3183510171958757,26.63787808045529,0.0,valid,direct_tensile_curve_area_application_not_independent_chemistry,SLS_printed_thermoplastic_polyurethane,commercial_grade_process_condition_partial,direct_tensile_toughness_application,core_tpu_application_experimental,gold_process_transfer_after_condition_group_split,0.35,paper_condition_mapped_detailed_parameters_partial,10.17632/wfsm6f9rbn.1|EOS TPU 1301,数据/原始/外部数据/新增开放数据/Mendeley_SLS_TPU工艺力学/结构化表格/edge_v3 (45°).xlsx#sample=Éprouvette 5,2308e0a24a9679f5122df2e74257f607e46ebdb6a920d9cb2837e3c6c72a0d60,CC-BY-4.0,reference-59
source_mendeley_wfsm6f9rbn_v1,EOS TPU 1301,EOS TPU 1301,edge_v3 (on edge),edge_v3 (on edge).xlsx,edge_v3 (on edge).xlsx,edge_v3 (on edge)|Éprouvette 1,Éprouvette 1,5.809183502197266,150.1771354675293,4.783226394653321,155.1854133605957,41.83100649925568,37250,5.809183502197266,155.1854133605957,6.879289865661885,28.444057792078528,0.0,valid,direct_tensile_curve_area_application_not_independent_chemistry,SLS_printed_thermoplastic_polyurethane,commercial_grade_process_condition_partial,direct_tensile_toughness_application,core_tpu_application_experimental,gold_process_transfer_after_condition_group_split,0.35,paper_condition_mapped_detailed_parameters_partial,10.17632/wfsm6f9rbn.1|EOS TPU 1301,数据/原始/外部数据/新增开放数据/Mendeley_SLS_TPU工艺力学/结构化表格/edge_v3 (on edge).xlsx#sample=Éprouvette 1,9215c15f434f7a633b989594405602660ecb1dbe148ec95bfbb28444274caacc,CC-BY-4.0,reference-59
source_mendeley_wfsm6f9rbn_v1,EOS TPU 1301,EOS TPU 1301,edge_v3 (on edge),edge_v3 (on edge).xlsx,edge_v3 (on edge).xlsx,edge_v3 (on edge)|Éprouvette 2,Éprouvette 2,4.920314025878906,125.92203140258789,4.286130905151367,128.89296531677246,36.895431865045,30939,4.920314025878906,128.89296531677246,4.769723268711376,24.93871723248639,0.0,valid,direct_tensile_curve_area_application_not_independent_chemistry,SLS_printed_thermoplastic_polyurethane,commercial_grade_process_condition_partial,direct_tensile_toughness_application,core_tpu_application_experimental,gold_process_transfer_after_condition_group_split,0.35,paper_condition_mapped_detailed_parameters_partial,10.17632/wfsm6f9rbn.1|EOS TPU 1301,数据/原始/外部数据/新增开放数据/Mendeley_SLS_TPU工艺力学/结构化表格/edge_v3 (on edge).xlsx#sample=Éprouvette 2,9215c15f434f7a633b989594405602660ecb1dbe148ec95bfbb28444274caacc,CC-BY-4.0,reference-59
source_mendeley_wfsm6f9rbn_v1,EOS TPU 1301,EOS TPU 1301,edge_v3 (on edge),edge_v3 (on edge).xlsx,edge_v3 (on edge).xlsx,edge_v3 (on edge)|Éprouvette 3,Éprouvette 3,5.1272426605224615,138.45125198364258,4.573694229125977,144.91372108459473,36.71868422956038,34784,5.1272426605224615,144.91372108459473,5.610942163236248,23.529495434375328,0.0,valid,direct_tensile_curve_area_application_not_independent_chemistry,SLS_printed_thermoplastic_polyurethane,commercial_grade_process_condition_partial,direct_tensile_toughness_application,core_tpu_application_experimental,gold_process_transfer_after_condition_group_split,0.35,paper_condition_mapped_detailed_parameters_partial,10.17632/wfsm6f9rbn.1|EOS TPU 1301,数据/原始/外部数据/新增开放数据/Mendeley_SLS_TPU工艺力学/结构化表格/edge_v3 (on edge).xlsx#sample=Éprouvette 3,9215c15f434f7a633b989594405602660ecb1dbe148ec95bfbb28444274caacc,CC-BY-4.0,reference-59
source_mendeley_wfsm6f9rbn_v1,EOS TPU 1301,EOS TPU 1301,edge_v3 (on edge),edge_v3 (on edge).xlsx,edge_v3 (on edge).xlsx,edge_v3 (on edge)|Éprouvette 4,Éprouvette 4,5.746068954467773,169.77045059204102,5.594514465332032,172.76208877563477,40.44097005962297,41468,5.746068954467773,172.76208877563477,7.53264491476176,26.657321226813135,0.0,valid,direct_tensile_curve_area_application_not_independent_chemistry,SLS_printed_thermoplastic_polyurethane,commercial_grade_process_condition_partial,direct_tensile_toughness_application,core_tpu_application_experimental,gold_process_transfer_after_condition_group_split,0.35,paper_condition_mapped_detailed_parameters_partial,10.17632/wfsm6f9rbn.1|EOS TPU 1301,数据/原始/外部数据/新增开放数据/Mendeley_SLS_TPU工艺力学/结构化表格/edge_v3 (on edge).xlsx#sample=Éprouvette 4,9215c15f434f7a633b989594405602660ecb1dbe148ec95bfbb28444274caacc,CC-BY-4.0,reference-59
source_mendeley_wfsm6f9rbn_v1,EOS TPU 1301,EOS TPU 1301,edge_v3 (on edge),edge_v3 (on edge).xlsx,edge_v3 (on edge).xlsx,edge_v3 (on edge)|Éprouvette 5,Éprouvette 5,6.673513793945313,155.93951225280762,6.479716491699219,166.28957748413086,46.14288459969952,39915,6.673513793945313,166.28957748413086,8.423099660819451,29.7648569886758,0.0,valid,direct_tensile_curve_area_application_not_independent_chemistry,SLS_printed_thermoplastic_polyurethane,commercial_grade_process_condition_partial,direct_tensile_toughness_application,core_tpu_application_experimental,gold_process_transfer_after_condition_group_split,0.35,paper_condition_mapped_detailed_parameters_partial,10.17632/wfsm6f9rbn.1|EOS TPU 1301,数据/原始/外部数据/新增开放数据/Mendeley_SLS_TPU工艺力学/结构化表格/edge_v3 (on edge).xlsx#sample=Éprouvette 5,9215c15f434f7a633b989594405602660ecb1dbe148ec95bfbb28444274caacc,CC-BY-4.0,reference-59
source_mendeley_wfsm6f9rbn_v1,EOS TPU 1301,EOS TPU 1301,edge_v3 (upright),edge_v3 (upright).xlsx,edge_v3 (upright).xlsx,edge_v3 (upright)|Éprouvette 1,Éprouvette 1,3.0551107406616214,35.955402851104736,2.7907583236694338,40.32628536224365,34.61854411931682,9683,3.0551107406616214,40.32628536224365,0.8935224296827987,23.305627003003238,0.0,valid,direct_tensile_curve_area_application_not_independent_chemistry,SLS_printed_thermoplastic_polyurethane,commercial_grade_process_condition_partial,direct_tensile_toughness_application,core_tpu_application_experimental,gold_process_transfer_after_condition_group_split,0.35,paper_condition_mapped_detailed_parameters_partial,10.17632/wfsm6f9rbn.1|EOS TPU 1301,数据/原始/外部数据/新增开放数据/Mendeley_SLS_TPU工艺力学/结构化表格/edge_v3 (upright).xlsx#sample=Éprouvette 1,7c251baff2fa299104086b4333054a221a4158919afe21c2b646a9ab91994b33,CC-BY-4.0,reference-59
source_mendeley_wfsm6f9rbn_v1,EOS TPU 1301,EOS TPU 1301,edge_v3 (upright),edge_v3 (upright).xlsx,edge_v3 (upright).xlsx,edge_v3 (upright)|Éprouvette 2,Éprouvette 2,3.376902008056641,43.58957290649414,3.0616571426391603,46.30620002746582,36.667961050683786,11119,3.376902008056641,46.30620002746582,1.14453301267985,22.164656723848953,0.0,valid,direct_tensile_curve_area_application_not_independent_chemistry,SLS_printed_thermoplastic_polyurethane,commercial_grade_process_condition_partial,direct_tensile_toughness_application,core_tpu_application_experimental,gold_process_transfer_after_condition_group_split,0.35,paper_condition_mapped_detailed_parameters_partial,10.17632/wfsm6f9rbn.1|EOS TPU 1301,数据/原始/外部数据/新增开放数据/Mendeley_SLS_TPU工艺力学/结构化表格/edge_v3 (upright).xlsx#sample=Éprouvette 2,7c251baff2fa299104086b4333054a221a4158919afe21c2b646a9ab91994b33,CC-BY-4.0,reference-59
source_mendeley_wfsm6f9rbn_v1,EOS TPU 1301,EOS TPU 1301,edge_v3 (upright),edge_v3 (upright).xlsx,edge_v3 (upright).xlsx,edge_v3 (upright)|Éprouvette 3,Éprouvette 3,3.450777816772461,47.03462600708008,2.956904411315918,49.29295539855957,37.77975272144066,11835,3.450777816772461,49.29295539855957,1.2633664347819196,25.296104389513577,0.0,valid,direct_tensile_curve_area_application_not_independent_chemistry,SLS_printed_thermoplastic_polyurethane,commercial_grade_process_condition_partial,direct_tensile_toughness_application,core_tpu_application_experimental,gold_process_transfer_after_condition_group_split,0.35,paper_condition_mapped_detailed_parameters_partial,10.17632/wfsm6f9rbn.1|EOS TPU 1301,数据/原始/外部数据/新增开放数据/Mendeley_SLS_TPU工艺力学/结构化表格/edge_v3 (upright).xlsx#sample=Éprouvette 3,7c251baff2fa299104086b4333054a221a4158919afe21c2b646a9ab91994b33,CC-BY-4.0,reference-59
source_mendeley_wfsm6f9rbn_v1,EOS TPU 1301,EOS TPU 1301,edge_v3 (upright),edge_v3 (upright).xlsx,edge_v3 (upright).xlsx,edge_v3 (upright)|Éprouvette 4,Éprouvette 4,3.421189117431641,47.767910957336426,3.3012187957763675,48.826212882995605,36.90193615382695,11723,3.421189117431641,48.826212882995605,1.2425211322931096,21.806640162395585,0.0,valid,direct_tensile_curve_area_application_not_independent_chemistry,SLS_printed_thermoplastic_polyurethane,commercial_grade_process_condition_partial,direct_tensile_toughness_application,core_tpu_application_experimental,gold_process_transfer_after_condition_group_split,0.35,paper_condition_mapped_detailed_parameters_partial,10.17632/wfsm6f9rbn.1|EOS TPU 1301,数据/原始/外部数据/新增开放数据/Mendeley_SLS_TPU工艺力学/结构化表格/edge_v3 (upright).xlsx#sample=Éprouvette 4,7c251baff2fa299104086b4333054a221a4158919afe21c2b646a9ab91994b33,CC-BY-4.0,reference-59
source_mendeley_wfsm6f9rbn_v1,EOS TPU 1301,EOS TPU 1301,edge_v3 (upright),edge_v3 (upright).xlsx,edge_v3 (upright).xlsx,edge_v3 (upright)|Éprouvette 5,Éprouvette 5,3.0609090805053714,34.76288080215454,2.9741586685180668,37.72953748703003,35.92166650780242,9061,3.0609090805053714,37.72953748703003,0.8394098519765036,23.736738227779178,0.0,valid,direct_tensile_curve_area_application_not_independent_chemistry,SLS_printed_thermoplastic_polyurethane,commercial_grade_process_condition_partial,direct_tensile_toughness_application,core_tpu_application_experimental,gold_process_transfer_after_condition_group_split,0.35,paper_condition_mapped_detailed_parameters_partial,10.17632/wfsm6f9rbn.1|EOS TPU 1301,数据/原始/外部数据/新增开放数据/Mendeley_SLS_TPU工艺力学/结构化表格/edge_v3 (upright).xlsx#sample=Éprouvette 5,7c251baff2fa299104086b4333054a221a4158919afe21c2b646a9ab91994b33,CC-BY-4.0,reference-59
