source_directory,source_record_id,observation_id,formulation_id,sample_id,record_kind,component_name,component_role,property_name,value,unit,uncertainty_value,uncertainty_type,condition_name,condition_value,condition_unit,target_origin,data_origin,reduction_level,method_or_test_protocol,fidelity_level,gold_admission_status,mapping_status,protocol_status,potential_weight_ceiling,current_weight_materialized,training_weight,split_group,source_locator,file_sha256,license,citation_keys,notes
第十六批实验_再生PU泡沫,viscosity:RPUF_0,recycled-pu:RPUF_0:viscosity:001,RPUF_0,component_A_slurry_RPUF_0,curve_point,component_A_plus_CDW_PU_foam_powder,polyol_side_mixture_before_isocyanate_addition,dynamic_viscosity,0.7882,Pa*s,,,elapsed_time,0.1,min,experimental,source_raw_workbook,raw_point,TA Instruments AR200ex rheometer; source time series,direct_experimental_process_property,conditional_reference,formulation_resolved_commercial_component_A_unresolved,rheometer_identified_shear_rate_and_temperature_unreported,0.25,False,,family_elorza_recycled_pu_foam,数据/原始/外部数据/新增开放数据/第十六批实验_再生PU泡沫/原始文件/row data for _Sustainable insulating foams_3/RPUF_viscosity_RawData/RPUF00_viscosty.xlsx#Hoja1!A3:B3,e971ad95716e4a6283d3cca8e0f9f6258132223e7f718941abe8e324a956783a,CC BY 4.0,elorza-2021-recycled-pu-foam-data;elorza-2021-recycled-pu-foam-paper,时间序列点共享一个配方运行预算，不按点扩增独立样本。
第十六批实验_再生PU泡沫,viscosity:RPUF_0,recycled-pu:RPUF_0:viscosity:002,RPUF_0,component_A_slurry_RPUF_0,curve_point,component_A_plus_CDW_PU_foam_powder,polyol_side_mixture_before_isocyanate_addition,dynamic_viscosity,0.789,Pa*s,,,elapsed_time,0.2,min,experimental,source_raw_workbook,raw_point,TA Instruments AR200ex rheometer; source time series,direct_experimental_process_property,conditional_reference,formulation_resolved_commercial_component_A_unresolved,rheometer_identified_shear_rate_and_temperature_unreported,0.25,False,,family_elorza_recycled_pu_foam,数据/原始/外部数据/新增开放数据/第十六批实验_再生PU泡沫/原始文件/row data for _Sustainable insulating foams_3/RPUF_viscosity_RawData/RPUF00_viscosty.xlsx#Hoja1!A4:B4,e971ad95716e4a6283d3cca8e0f9f6258132223e7f718941abe8e324a956783a,CC BY 4.0,elorza-2021-recycled-pu-foam-data;elorza-2021-recycled-pu-foam-paper,时间序列点共享一个配方运行预算，不按点扩增独立样本。
第十六批实验_再生PU泡沫,viscosity:RPUF_0,recycled-pu:RPUF_0:viscosity:003,RPUF_0,component_A_slurry_RPUF_0,curve_point,component_A_plus_CDW_PU_foam_powder,polyol_side_mixture_before_isocyanate_addition,dynamic_viscosity,0.7837,Pa*s,,,elapsed_time,0.3,min,experimental,source_raw_workbook,raw_point,TA Instruments AR200ex rheometer; source time series,direct_experimental_process_property,conditional_reference,formulation_resolved_commercial_component_A_unresolved,rheometer_identified_shear_rate_and_temperature_unreported,0.25,False,,family_elorza_recycled_pu_foam,数据/原始/外部数据/新增开放数据/第十六批实验_再生PU泡沫/原始文件/row data for _Sustainable insulating foams_3/RPUF_viscosity_RawData/RPUF00_viscosty.xlsx#Hoja1!A5:B5,e971ad95716e4a6283d3cca8e0f9f6258132223e7f718941abe8e324a956783a,CC BY 4.0,elorza-2021-recycled-pu-foam-data;elorza-2021-recycled-pu-foam-paper,时间序列点共享一个配方运行预算，不按点扩增独立样本。
第十六批实验_再生PU泡沫,viscosity:RPUF_0,recycled-pu:RPUF_0:viscosity:004,RPUF_0,component_A_slurry_RPUF_0,curve_point,component_A_plus_CDW_PU_foam_powder,polyol_side_mixture_before_isocyanate_addition,dynamic_viscosity,0.7821,Pa*s,,,elapsed_time,0.3,min,experimental,source_raw_workbook,raw_point,TA Instruments AR200ex rheometer; source time series,direct_experimental_process_property,conditional_reference,formulation_resolved_commercial_component_A_unresolved,rheometer_identified_shear_rate_and_temperature_unreported,0.25,False,,family_elorza_recycled_pu_foam,数据/原始/外部数据/新增开放数据/第十六批实验_再生PU泡沫/原始文件/row data for _Sustainable insulating foams_3/RPUF_viscosity_RawData/RPUF00_viscosty.xlsx#Hoja1!A6:B6,e971ad95716e4a6283d3cca8e0f9f6258132223e7f718941abe8e324a956783a,CC BY 4.0,elorza-2021-recycled-pu-foam-data;elorza-2021-recycled-pu-foam-paper,时间序列点共享一个配方运行预算，不按点扩增独立样本。
第十六批实验_再生PU泡沫,viscosity:RPUF_0,recycled-pu:RPUF_0:viscosity:005,RPUF_0,component_A_slurry_RPUF_0,curve_point,component_A_plus_CDW_PU_foam_powder,polyol_side_mixture_before_isocyanate_addition,dynamic_viscosity,0.7794,Pa*s,,,elapsed_time,0.4,min,experimental,source_raw_workbook,raw_point,TA Instruments AR200ex rheometer; source time series,direct_experimental_process_property,conditional_reference,formulation_resolved_commercial_component_A_unresolved,rheometer_identified_shear_rate_and_temperature_unreported,0.25,False,,family_elorza_recycled_pu_foam,数据/原始/外部数据/新增开放数据/第十六批实验_再生PU泡沫/原始文件/row data for _Sustainable insulating foams_3/RPUF_viscosity_RawData/RPUF00_viscosty.xlsx#Hoja1!A7:B7,e971ad95716e4a6283d3cca8e0f9f6258132223e7f718941abe8e324a956783a,CC BY 4.0,elorza-2021-recycled-pu-foam-data;elorza-2021-recycled-pu-foam-paper,时间序列点共享一个配方运行预算，不按点扩增独立样本。
第十六批实验_再生PU泡沫,viscosity:RPUF_0,recycled-pu:RPUF_0:viscosity:006,RPUF_0,component_A_slurry_RPUF_0,curve_point,component_A_plus_CDW_PU_foam_powder,polyol_side_mixture_before_isocyanate_addition,dynamic_viscosity,0.7723,Pa*s,,,elapsed_time,0.5,min,experimental,source_raw_workbook,raw_point,TA Instruments AR200ex rheometer; source time series,direct_experimental_process_property,conditional_reference,formulation_resolved_commercial_component_A_unresolved,rheometer_identified_shear_rate_and_temperature_unreported,0.25,False,,family_elorza_recycled_pu_foam,数据/原始/外部数据/新增开放数据/第十六批实验_再生PU泡沫/原始文件/row data for _Sustainable insulating foams_3/RPUF_viscosity_RawData/RPUF00_viscosty.xlsx#Hoja1!A8:B8,e971ad95716e4a6283d3cca8e0f9f6258132223e7f718941abe8e324a956783a,CC BY 4.0,elorza-2021-recycled-pu-foam-data;elorza-2021-recycled-pu-foam-paper,时间序列点共享一个配方运行预算，不按点扩增独立样本。
第十六批实验_再生PU泡沫,viscosity:RPUF_0,recycled-pu:RPUF_0:viscosity:007,RPUF_0,component_A_slurry_RPUF_0,curve_point,component_A_plus_CDW_PU_foam_powder,polyol_side_mixture_before_isocyanate_addition,dynamic_viscosity,0.7731,Pa*s,,,elapsed_time,0.6,min,experimental,source_raw_workbook,raw_point,TA Instruments AR200ex rheometer; source time series,direct_experimental_process_property,conditional_reference,formulation_resolved_commercial_component_A_unresolved,rheometer_identified_shear_rate_and_temperature_unreported,0.25,False,,family_elorza_recycled_pu_foam,数据/原始/外部数据/新增开放数据/第十六批实验_再生PU泡沫/原始文件/row data for _Sustainable insulating foams_3/RPUF_viscosity_RawData/RPUF00_viscosty.xlsx#Hoja1!A9:B9,e971ad95716e4a6283d3cca8e0f9f6258132223e7f718941abe8e324a956783a,CC BY 4.0,elorza-2021-recycled-pu-foam-data;elorza-2021-recycled-pu-foam-paper,时间序列点共享一个配方运行预算，不按点扩增独立样本。
第十六批实验_再生PU泡沫,viscosity:RPUF_0,recycled-pu:RPUF_0:viscosity:008,RPUF_0,component_A_slurry_RPUF_0,curve_point,component_A_plus_CDW_PU_foam_powder,polyol_side_mixture_before_isocyanate_addition,dynamic_viscosity,0.7701,Pa*s,,,elapsed_time,0.7,min,experimental,source_raw_workbook,raw_point,TA Instruments AR200ex rheometer; source time series,direct_experimental_process_property,conditional_reference,formulation_resolved_commercial_component_A_unresolved,rheometer_identified_shear_rate_and_temperature_unreported,0.25,False,,family_elorza_recycled_pu_foam,数据/原始/外部数据/新增开放数据/第十六批实验_再生PU泡沫/原始文件/row data for _Sustainable insulating foams_3/RPUF_viscosity_RawData/RPUF00_viscosty.xlsx#Hoja1!A10:B10,e971ad95716e4a6283d3cca8e0f9f6258132223e7f718941abe8e324a956783a,CC BY 4.0,elorza-2021-recycled-pu-foam-data;elorza-2021-recycled-pu-foam-paper,时间序列点共享一个配方运行预算，不按点扩增独立样本。
第十六批实验_再生PU泡沫,viscosity:RPUF_0,recycled-pu:RPUF_0:viscosity:009,RPUF_0,component_A_slurry_RPUF_0,curve_point,component_A_plus_CDW_PU_foam_powder,polyol_side_mixture_before_isocyanate_addition,dynamic_viscosity,0.7711,Pa*s,,,elapsed_time,0.8,min,experimental,source_raw_workbook,raw_point,TA Instruments AR200ex rheometer; source time series,direct_experimental_process_property,conditional_reference,formulation_resolved_commercial_component_A_unresolved,rheometer_identified_shear_rate_and_temperature_unreported,0.25,False,,family_elorza_recycled_pu_foam,数据/原始/外部数据/新增开放数据/第十六批实验_再生PU泡沫/原始文件/row data for _Sustainable insulating foams_3/RPUF_viscosity_RawData/RPUF00_viscosty.xlsx#Hoja1!A11:B11,e971ad95716e4a6283d3cca8e0f9f6258132223e7f718941abe8e324a956783a,CC BY 4.0,elorza-2021-recycled-pu-foam-data;elorza-2021-recycled-pu-foam-paper,时间序列点共享一个配方运行预算，不按点扩增独立样本。
第十六批实验_再生PU泡沫,viscosity:RPUF_0,recycled-pu:RPUF_0:viscosity:010,RPUF_0,component_A_slurry_RPUF_0,curve_point,component_A_plus_CDW_PU_foam_powder,polyol_side_mixture_before_isocyanate_addition,dynamic_viscosity,0.7718,Pa*s,,,elapsed_time,0.8,min,experimental,source_raw_workbook,raw_point,TA Instruments AR200ex rheometer; source time series,direct_experimental_process_property,conditional_reference,formulation_resolved_commercial_component_A_unresolved,rheometer_identified_shear_rate_and_temperature_unreported,0.25,False,,family_elorza_recycled_pu_foam,数据/原始/外部数据/新增开放数据/第十六批实验_再生PU泡沫/原始文件/row data for _Sustainable insulating foams_3/RPUF_viscosity_RawData/RPUF00_viscosty.xlsx#Hoja1!A12:B12,e971ad95716e4a6283d3cca8e0f9f6258132223e7f718941abe8e324a956783a,CC BY 4.0,elorza-2021-recycled-pu-foam-data;elorza-2021-recycled-pu-foam-paper,时间序列点共享一个配方运行预算，不按点扩增独立样本。
第十六批实验_再生PU泡沫,viscosity:RPUF_0,recycled-pu:RPUF_0:viscosity:011,RPUF_0,component_A_slurry_RPUF_0,curve_point,component_A_plus_CDW_PU_foam_powder,polyol_side_mixture_before_isocyanate_addition,dynamic_viscosity,0.7748,Pa*s,,,elapsed_time,0.9,min,experimental,source_raw_workbook,raw_point,TA Instruments AR200ex rheometer; source time series,direct_experimental_process_property,conditional_reference,formulation_resolved_commercial_component_A_unresolved,rheometer_identified_shear_rate_and_temperature_unreported,0.25,False,,family_elorza_recycled_pu_foam,数据/原始/外部数据/新增开放数据/第十六批实验_再生PU泡沫/原始文件/row data for _Sustainable insulating foams_3/RPUF_viscosity_RawData/RPUF00_viscosty.xlsx#Hoja1!A13:B13,e971ad95716e4a6283d3cca8e0f9f6258132223e7f718941abe8e324a956783a,CC BY 4.0,elorza-2021-recycled-pu-foam-data;elorza-2021-recycled-pu-foam-paper,时间序列点共享一个配方运行预算，不按点扩增独立样本。
第十六批实验_再生PU泡沫,viscosity:RPUF_0,recycled-pu:RPUF_0:viscosity:012,RPUF_0,component_A_slurry_RPUF_0,curve_point,component_A_plus_CDW_PU_foam_powder,polyol_side_mixture_before_isocyanate_addition,dynamic_viscosity,0.7765,Pa*s,,,elapsed_time,1.0,min,experimental,source_raw_workbook,raw_point,TA Instruments AR200ex rheometer; source time series,direct_experimental_process_property,conditional_reference,formulation_resolved_commercial_component_A_unresolved,rheometer_identified_shear_rate_and_temperature_unreported,0.25,False,,family_elorza_recycled_pu_foam,数据/原始/外部数据/新增开放数据/第十六批实验_再生PU泡沫/原始文件/row data for _Sustainable insulating foams_3/RPUF_viscosity_RawData/RPUF00_viscosty.xlsx#Hoja1!A14:B14,e971ad95716e4a6283d3cca8e0f9f6258132223e7f718941abe8e324a956783a,CC BY 4.0,elorza-2021-recycled-pu-foam-data;elorza-2021-recycled-pu-foam-paper,时间序列点共享一个配方运行预算，不按点扩增独立样本。
第十六批实验_再生PU泡沫,viscosity:RPUF_0,recycled-pu:RPUF_0:viscosity:013,RPUF_0,component_A_slurry_RPUF_0,curve_point,component_A_plus_CDW_PU_foam_powder,polyol_side_mixture_before_isocyanate_addition,dynamic_viscosity,0.7793,Pa*s,,,elapsed_time,1.1,min,experimental,source_raw_workbook,raw_point,TA Instruments AR200ex rheometer; source time series,direct_experimental_process_property,conditional_reference,formulation_resolved_commercial_component_A_unresolved,rheometer_identified_shear_rate_and_temperature_unreported,0.25,False,,family_elorza_recycled_pu_foam,数据/原始/外部数据/新增开放数据/第十六批实验_再生PU泡沫/原始文件/row data for _Sustainable insulating foams_3/RPUF_viscosity_RawData/RPUF00_viscosty.xlsx#Hoja1!A15:B15,e971ad95716e4a6283d3cca8e0f9f6258132223e7f718941abe8e324a956783a,CC BY 4.0,elorza-2021-recycled-pu-foam-data;elorza-2021-recycled-pu-foam-paper,时间序列点共享一个配方运行预算，不按点扩增独立样本。
第十六批实验_再生PU泡沫,viscosity:RPUF_0,recycled-pu:RPUF_0:viscosity:014,RPUF_0,component_A_slurry_RPUF_0,curve_point,component_A_plus_CDW_PU_foam_powder,polyol_side_mixture_before_isocyanate_addition,dynamic_viscosity,0.7796,Pa*s,,,elapsed_time,1.2,min,experimental,source_raw_workbook,raw_point,TA Instruments AR200ex rheometer; source time series,direct_experimental_process_property,conditional_reference,formulation_resolved_commercial_component_A_unresolved,rheometer_identified_shear_rate_and_temperature_unreported,0.25,False,,family_elorza_recycled_pu_foam,数据/原始/外部数据/新增开放数据/第十六批实验_再生PU泡沫/原始文件/row data for _Sustainable insulating foams_3/RPUF_viscosity_RawData/RPUF00_viscosty.xlsx#Hoja1!A16:B16,e971ad95716e4a6283d3cca8e0f9f6258132223e7f718941abe8e324a956783a,CC BY 4.0,elorza-2021-recycled-pu-foam-data;elorza-2021-recycled-pu-foam-paper,时间序列点共享一个配方运行预算，不按点扩增独立样本。
第十六批实验_再生PU泡沫,viscosity:RPUF_0,recycled-pu:RPUF_0:viscosity:015,RPUF_0,component_A_slurry_RPUF_0,curve_point,component_A_plus_CDW_PU_foam_powder,polyol_side_mixture_before_isocyanate_addition,dynamic_viscosity,0.7794,Pa*s,,,elapsed_time,1.3,min,experimental,source_raw_workbook,raw_point,TA Instruments AR200ex rheometer; source time series,direct_experimental_process_property,conditional_reference,formulation_resolved_commercial_component_A_unresolved,rheometer_identified_shear_rate_and_temperature_unreported,0.25,False,,family_elorza_recycled_pu_foam,数据/原始/外部数据/新增开放数据/第十六批实验_再生PU泡沫/原始文件/row data for _Sustainable insulating foams_3/RPUF_viscosity_RawData/RPUF00_viscosty.xlsx#Hoja1!A17:B17,e971ad95716e4a6283d3cca8e0f9f6258132223e7f718941abe8e324a956783a,CC BY 4.0,elorza-2021-recycled-pu-foam-data;elorza-2021-recycled-pu-foam-paper,时间序列点共享一个配方运行预算，不按点扩增独立样本。
第十六批实验_再生PU泡沫,viscosity:RPUF_0,recycled-pu:RPUF_0:viscosity:016,RPUF_0,component_A_slurry_RPUF_0,curve_point,component_A_plus_CDW_PU_foam_powder,polyol_side_mixture_before_isocyanate_addition,dynamic_viscosity,0.7793,Pa*s,,,elapsed_time,1.3,min,experimental,source_raw_workbook,raw_point,TA Instruments AR200ex rheometer; source time series,direct_experimental_process_property,conditional_reference,formulation_resolved_commercial_component_A_unresolved,rheometer_identified_shear_rate_and_temperature_unreported,0.25,False,,family_elorza_recycled_pu_foam,数据/原始/外部数据/新增开放数据/第十六批实验_再生PU泡沫/原始文件/row data for _Sustainable insulating foams_3/RPUF_viscosity_RawData/RPUF00_viscosty.xlsx#Hoja1!A18:B18,e971ad95716e4a6283d3cca8e0f9f6258132223e7f718941abe8e324a956783a,CC BY 4.0,elorza-2021-recycled-pu-foam-data;elorza-2021-recycled-pu-foam-paper,时间序列点共享一个配方运行预算，不按点扩增独立样本。
第十六批实验_再生PU泡沫,viscosity:RPUF_0,recycled-pu:RPUF_0:viscosity:017,RPUF_0,component_A_slurry_RPUF_0,curve_point,component_A_plus_CDW_PU_foam_powder,polyol_side_mixture_before_isocyanate_addition,dynamic_viscosity,0.7785,Pa*s,,,elapsed_time,1.4,min,experimental,source_raw_workbook,raw_point,TA Instruments AR200ex rheometer; source time series,direct_experimental_process_property,conditional_reference,formulation_resolved_commercial_component_A_unresolved,rheometer_identified_shear_rate_and_temperature_unreported,0.25,False,,family_elorza_recycled_pu_foam,数据/原始/外部数据/新增开放数据/第十六批实验_再生PU泡沫/原始文件/row data for _Sustainable insulating foams_3/RPUF_viscosity_RawData/RPUF00_viscosty.xlsx#Hoja1!A19:B19,e971ad95716e4a6283d3cca8e0f9f6258132223e7f718941abe8e324a956783a,CC BY 4.0,elorza-2021-recycled-pu-foam-data;elorza-2021-recycled-pu-foam-paper,时间序列点共享一个配方运行预算，不按点扩增独立样本。
第十六批实验_再生PU泡沫,viscosity:RPUF_0,recycled-pu:RPUF_0:viscosity:018,RPUF_0,component_A_slurry_RPUF_0,curve_point,component_A_plus_CDW_PU_foam_powder,polyol_side_mixture_before_isocyanate_addition,dynamic_viscosity,0.7751,Pa*s,,,elapsed_time,1.5,min,experimental,source_raw_workbook,raw_point,TA Instruments AR200ex rheometer; source time series,direct_experimental_process_property,conditional_reference,formulation_resolved_commercial_component_A_unresolved,rheometer_identified_shear_rate_and_temperature_unreported,0.25,False,,family_elorza_recycled_pu_foam,数据/原始/外部数据/新增开放数据/第十六批实验_再生PU泡沫/原始文件/row data for _Sustainable insulating foams_3/RPUF_viscosity_RawData/RPUF00_viscosty.xlsx#Hoja1!A20:B20,e971ad95716e4a6283d3cca8e0f9f6258132223e7f718941abe8e324a956783a,CC BY 4.0,elorza-2021-recycled-pu-foam-data;elorza-2021-recycled-pu-foam-paper,时间序列点共享一个配方运行预算，不按点扩增独立样本。
第十六批实验_再生PU泡沫,viscosity:RPUF_0,recycled-pu:RPUF_0:viscosity:019,RPUF_0,component_A_slurry_RPUF_0,curve_point,component_A_plus_CDW_PU_foam_powder,polyol_side_mixture_before_isocyanate_addition,dynamic_viscosity,0.7777,Pa*s,,,elapsed_time,1.6,min,experimental,source_raw_workbook,raw_point,TA Instruments AR200ex rheometer; source time series,direct_experimental_process_property,conditional_reference,formulation_resolved_commercial_component_A_unresolved,rheometer_identified_shear_rate_and_temperature_unreported,0.25,False,,family_elorza_recycled_pu_foam,数据/原始/外部数据/新增开放数据/第十六批实验_再生PU泡沫/原始文件/row data for _Sustainable insulating foams_3/RPUF_viscosity_RawData/RPUF00_viscosty.xlsx#Hoja1!A21:B21,e971ad95716e4a6283d3cca8e0f9f6258132223e7f718941abe8e324a956783a,CC BY 4.0,elorza-2021-recycled-pu-foam-data;elorza-2021-recycled-pu-foam-paper,时间序列点共享一个配方运行预算，不按点扩增独立样本。
第十六批实验_再生PU泡沫,viscosity:RPUF_0,recycled-pu:RPUF_0:viscosity:020,RPUF_0,component_A_slurry_RPUF_0,curve_point,component_A_plus_CDW_PU_foam_powder,polyol_side_mixture_before_isocyanate_addition,dynamic_viscosity,0.7729,Pa*s,,,elapsed_time,1.7,min,experimental,source_raw_workbook,raw_point,TA Instruments AR200ex rheometer; source time series,direct_experimental_process_property,conditional_reference,formulation_resolved_commercial_component_A_unresolved,rheometer_identified_shear_rate_and_temperature_unreported,0.25,False,,family_elorza_recycled_pu_foam,数据/原始/外部数据/新增开放数据/第十六批实验_再生PU泡沫/原始文件/row data for _Sustainable insulating foams_3/RPUF_viscosity_RawData/RPUF00_viscosty.xlsx#Hoja1!A22:B22,e971ad95716e4a6283d3cca8e0f9f6258132223e7f718941abe8e324a956783a,CC BY 4.0,elorza-2021-recycled-pu-foam-data;elorza-2021-recycled-pu-foam-paper,时间序列点共享一个配方运行预算，不按点扩增独立样本。
第十六批实验_再生PU泡沫,viscosity:RPUF_0,recycled-pu:RPUF_0:viscosity:021,RPUF_0,component_A_slurry_RPUF_0,curve_point,component_A_plus_CDW_PU_foam_powder,polyol_side_mixture_before_isocyanate_addition,dynamic_viscosity,0.7721,Pa*s,,,elapsed_time,1.8,min,experimental,source_raw_workbook,raw_point,TA Instruments AR200ex rheometer; source time series,direct_experimental_process_property,conditional_reference,formulation_resolved_commercial_component_A_unresolved,rheometer_identified_shear_rate_and_temperature_unreported,0.25,False,,family_elorza_recycled_pu_foam,数据/原始/外部数据/新增开放数据/第十六批实验_再生PU泡沫/原始文件/row data for _Sustainable insulating foams_3/RPUF_viscosity_RawData/RPUF00_viscosty.xlsx#Hoja1!A23:B23,e971ad95716e4a6283d3cca8e0f9f6258132223e7f718941abe8e324a956783a,CC BY 4.0,elorza-2021-recycled-pu-foam-data;elorza-2021-recycled-pu-foam-paper,时间序列点共享一个配方运行预算，不按点扩增独立样本。
第十六批实验_再生PU泡沫,viscosity:RPUF_0,recycled-pu:RPUF_0:viscosity:022,RPUF_0,component_A_slurry_RPUF_0,curve_point,component_A_plus_CDW_PU_foam_powder,polyol_side_mixture_before_isocyanate_addition,dynamic_viscosity,0.7739,Pa*s,,,elapsed_time,1.8,min,experimental,source_raw_workbook,raw_point,TA Instruments AR200ex rheometer; source time series,direct_experimental_process_property,conditional_reference,formulation_resolved_commercial_component_A_unresolved,rheometer_identified_shear_rate_and_temperature_unreported,0.25,False,,family_elorza_recycled_pu_foam,数据/原始/外部数据/新增开放数据/第十六批实验_再生PU泡沫/原始文件/row data for _Sustainable insulating foams_3/RPUF_viscosity_RawData/RPUF00_viscosty.xlsx#Hoja1!A24:B24,e971ad95716e4a6283d3cca8e0f9f6258132223e7f718941abe8e324a956783a,CC BY 4.0,elorza-2021-recycled-pu-foam-data;elorza-2021-recycled-pu-foam-paper,时间序列点共享一个配方运行预算，不按点扩增独立样本。
第十六批实验_再生PU泡沫,viscosity:RPUF_0,recycled-pu:RPUF_0:viscosity:023,RPUF_0,component_A_slurry_RPUF_0,curve_point,component_A_plus_CDW_PU_foam_powder,polyol_side_mixture_before_isocyanate_addition,dynamic_viscosity,0.7766,Pa*s,,,elapsed_time,1.9,min,experimental,source_raw_workbook,raw_point,TA Instruments AR200ex rheometer; source time series,direct_experimental_process_property,conditional_reference,formulation_resolved_commercial_component_A_unresolved,rheometer_identified_shear_rate_and_temperature_unreported,0.25,False,,family_elorza_recycled_pu_foam,数据/原始/外部数据/新增开放数据/第十六批实验_再生PU泡沫/原始文件/row data for _Sustainable insulating foams_3/RPUF_viscosity_RawData/RPUF00_viscosty.xlsx#Hoja1!A25:B25,e971ad95716e4a6283d3cca8e0f9f6258132223e7f718941abe8e324a956783a,CC BY 4.0,elorza-2021-recycled-pu-foam-data;elorza-2021-recycled-pu-foam-paper,时间序列点共享一个配方运行预算，不按点扩增独立样本。
第十六批实验_再生PU泡沫,viscosity:RPUF_0,recycled-pu:RPUF_0:viscosity:024,RPUF_0,component_A_slurry_RPUF_0,curve_point,component_A_plus_CDW_PU_foam_powder,polyol_side_mixture_before_isocyanate_addition,dynamic_viscosity,0.7782,Pa*s,,,elapsed_time,2.0,min,experimental,source_raw_workbook,raw_point,TA Instruments AR200ex rheometer; source time series,direct_experimental_process_property,conditional_reference,formulation_resolved_commercial_component_A_unresolved,rheometer_identified_shear_rate_and_temperature_unreported,0.25,False,,family_elorza_recycled_pu_foam,数据/原始/外部数据/新增开放数据/第十六批实验_再生PU泡沫/原始文件/row data for _Sustainable insulating foams_3/RPUF_viscosity_RawData/RPUF00_viscosty.xlsx#Hoja1!A26:B26,e971ad95716e4a6283d3cca8e0f9f6258132223e7f718941abe8e324a956783a,CC BY 4.0,elorza-2021-recycled-pu-foam-data;elorza-2021-recycled-pu-foam-paper,时间序列点共享一个配方运行预算，不按点扩增独立样本。
第十六批实验_再生PU泡沫,viscosity:RPUF_0,recycled-pu:RPUF_0:viscosity:025,RPUF_0,component_A_slurry_RPUF_0,curve_point,component_A_plus_CDW_PU_foam_powder,polyol_side_mixture_before_isocyanate_addition,dynamic_viscosity,0.7802,Pa*s,,,elapsed_time,2.1,min,experimental,source_raw_workbook,raw_point,TA Instruments AR200ex rheometer; source time series,direct_experimental_process_property,conditional_reference,formulation_resolved_commercial_component_A_unresolved,rheometer_identified_shear_rate_and_temperature_unreported,0.25,False,,family_elorza_recycled_pu_foam,数据/原始/外部数据/新增开放数据/第十六批实验_再生PU泡沫/原始文件/row data for _Sustainable insulating foams_3/RPUF_viscosity_RawData/RPUF00_viscosty.xlsx#Hoja1!A27:B27,e971ad95716e4a6283d3cca8e0f9f6258132223e7f718941abe8e324a956783a,CC BY 4.0,elorza-2021-recycled-pu-foam-data;elorza-2021-recycled-pu-foam-paper,时间序列点共享一个配方运行预算，不按点扩增独立样本。
第十六批实验_再生PU泡沫,viscosity:RPUF_0,recycled-pu:RPUF_0:viscosity:026,RPUF_0,component_A_slurry_RPUF_0,curve_point,component_A_plus_CDW_PU_foam_powder,polyol_side_mixture_before_isocyanate_addition,dynamic_viscosity,0.7788,Pa*s,,,elapsed_time,2.2,min,experimental,source_raw_workbook,raw_point,TA Instruments AR200ex rheometer; source time series,direct_experimental_process_property,conditional_reference,formulation_resolved_commercial_component_A_unresolved,rheometer_identified_shear_rate_and_temperature_unreported,0.25,False,,family_elorza_recycled_pu_foam,数据/原始/外部数据/新增开放数据/第十六批实验_再生PU泡沫/原始文件/row data for _Sustainable insulating foams_3/RPUF_viscosity_RawData/RPUF00_viscosty.xlsx#Hoja1!A28:B28,e971ad95716e4a6283d3cca8e0f9f6258132223e7f718941abe8e324a956783a,CC BY 4.0,elorza-2021-recycled-pu-foam-data;elorza-2021-recycled-pu-foam-paper,时间序列点共享一个配方运行预算，不按点扩增独立样本。
第十六批实验_再生PU泡沫,viscosity:RPUF_0,recycled-pu:RPUF_0:viscosity:027,RPUF_0,component_A_slurry_RPUF_0,curve_point,component_A_plus_CDW_PU_foam_powder,polyol_side_mixture_before_isocyanate_addition,dynamic_viscosity,0.7788,Pa*s,,,elapsed_time,2.3,min,experimental,source_raw_workbook,raw_point,TA Instruments AR200ex rheometer; source time series,direct_experimental_process_property,conditional_reference,formulation_resolved_commercial_component_A_unresolved,rheometer_identified_shear_rate_and_temperature_unreported,0.25,False,,family_elorza_recycled_pu_foam,数据/原始/外部数据/新增开放数据/第十六批实验_再生PU泡沫/原始文件/row data for _Sustainable insulating foams_3/RPUF_viscosity_RawData/RPUF00_viscosty.xlsx#Hoja1!A29:B29,e971ad95716e4a6283d3cca8e0f9f6258132223e7f718941abe8e324a956783a,CC BY 4.0,elorza-2021-recycled-pu-foam-data;elorza-2021-recycled-pu-foam-paper,时间序列点共享一个配方运行预算，不按点扩增独立样本。
第十六批实验_再生PU泡沫,viscosity:RPUF_0,recycled-pu:RPUF_0:viscosity:028,RPUF_0,component_A_slurry_RPUF_0,curve_point,component_A_plus_CDW_PU_foam_powder,polyol_side_mixture_before_isocyanate_addition,dynamic_viscosity,0.7819,Pa*s,,,elapsed_time,2.3,min,experimental,source_raw_workbook,raw_point,TA Instruments AR200ex rheometer; source time series,direct_experimental_process_property,conditional_reference,formulation_resolved_commercial_component_A_unresolved,rheometer_identified_shear_rate_and_temperature_unreported,0.25,False,,family_elorza_recycled_pu_foam,数据/原始/外部数据/新增开放数据/第十六批实验_再生PU泡沫/原始文件/row data for _Sustainable insulating foams_3/RPUF_viscosity_RawData/RPUF00_viscosty.xlsx#Hoja1!A30:B30,e971ad95716e4a6283d3cca8e0f9f6258132223e7f718941abe8e324a956783a,CC BY 4.0,elorza-2021-recycled-pu-foam-data;elorza-2021-recycled-pu-foam-paper,时间序列点共享一个配方运行预算，不按点扩增独立样本。
第十六批实验_再生PU泡沫,viscosity:RPUF_0,recycled-pu:RPUF_0:viscosity:029,RPUF_0,component_A_slurry_RPUF_0,curve_point,component_A_plus_CDW_PU_foam_powder,polyol_side_mixture_before_isocyanate_addition,dynamic_viscosity,0.7795,Pa*s,,,elapsed_time,2.4,min,experimental,source_raw_workbook,raw_point,TA Instruments AR200ex rheometer; source time series,direct_experimental_process_property,conditional_reference,formulation_resolved_commercial_component_A_unresolved,rheometer_identified_shear_rate_and_temperature_unreported,0.25,False,,family_elorza_recycled_pu_foam,数据/原始/外部数据/新增开放数据/第十六批实验_再生PU泡沫/原始文件/row data for _Sustainable insulating foams_3/RPUF_viscosity_RawData/RPUF00_viscosty.xlsx#Hoja1!A31:B31,e971ad95716e4a6283d3cca8e0f9f6258132223e7f718941abe8e324a956783a,CC BY 4.0,elorza-2021-recycled-pu-foam-data;elorza-2021-recycled-pu-foam-paper,时间序列点共享一个配方运行预算，不按点扩增独立样本。
第十六批实验_再生PU泡沫,viscosity:RPUF_0,recycled-pu:RPUF_0:viscosity:030,RPUF_0,component_A_slurry_RPUF_0,curve_point,component_A_plus_CDW_PU_foam_powder,polyol_side_mixture_before_isocyanate_addition,dynamic_viscosity,0.7813,Pa*s,,,elapsed_time,2.5,min,experimental,source_raw_workbook,raw_point,TA Instruments AR200ex rheometer; source time series,direct_experimental_process_property,conditional_reference,formulation_resolved_commercial_component_A_unresolved,rheometer_identified_shear_rate_and_temperature_unreported,0.25,False,,family_elorza_recycled_pu_foam,数据/原始/外部数据/新增开放数据/第十六批实验_再生PU泡沫/原始文件/row data for _Sustainable insulating foams_3/RPUF_viscosity_RawData/RPUF00_viscosty.xlsx#Hoja1!A32:B32,e971ad95716e4a6283d3cca8e0f9f6258132223e7f718941abe8e324a956783a,CC BY 4.0,elorza-2021-recycled-pu-foam-data;elorza-2021-recycled-pu-foam-paper,时间序列点共享一个配方运行预算，不按点扩增独立样本。
第十六批实验_再生PU泡沫,viscosity:RPUF_0,recycled-pu:RPUF_0:viscosity:031,RPUF_0,component_A_slurry_RPUF_0,curve_point,component_A_plus_CDW_PU_foam_powder,polyol_side_mixture_before_isocyanate_addition,dynamic_viscosity,0.7809,Pa*s,,,elapsed_time,2.6,min,experimental,source_raw_workbook,raw_point,TA Instruments AR200ex rheometer; source time series,direct_experimental_process_property,conditional_reference,formulation_resolved_commercial_component_A_unresolved,rheometer_identified_shear_rate_and_temperature_unreported,0.25,False,,family_elorza_recycled_pu_foam,数据/原始/外部数据/新增开放数据/第十六批实验_再生PU泡沫/原始文件/row data for _Sustainable insulating foams_3/RPUF_viscosity_RawData/RPUF00_viscosty.xlsx#Hoja1!A33:B33,e971ad95716e4a6283d3cca8e0f9f6258132223e7f718941abe8e324a956783a,CC BY 4.0,elorza-2021-recycled-pu-foam-data;elorza-2021-recycled-pu-foam-paper,时间序列点共享一个配方运行预算，不按点扩增独立样本。
第十六批实验_再生PU泡沫,viscosity:RPUF_0,recycled-pu:RPUF_0:viscosity:032,RPUF_0,component_A_slurry_RPUF_0,curve_point,component_A_plus_CDW_PU_foam_powder,polyol_side_mixture_before_isocyanate_addition,dynamic_viscosity,0.7801,Pa*s,,,elapsed_time,2.7,min,experimental,source_raw_workbook,raw_point,TA Instruments AR200ex rheometer; source time series,direct_experimental_process_property,conditional_reference,formulation_resolved_commercial_component_A_unresolved,rheometer_identified_shear_rate_and_temperature_unreported,0.25,False,,family_elorza_recycled_pu_foam,数据/原始/外部数据/新增开放数据/第十六批实验_再生PU泡沫/原始文件/row data for _Sustainable insulating foams_3/RPUF_viscosity_RawData/RPUF00_viscosty.xlsx#Hoja1!A34:B34,e971ad95716e4a6283d3cca8e0f9f6258132223e7f718941abe8e324a956783a,CC BY 4.0,elorza-2021-recycled-pu-foam-data;elorza-2021-recycled-pu-foam-paper,时间序列点共享一个配方运行预算，不按点扩增独立样本。
第十六批实验_再生PU泡沫,viscosity:RPUF_0,recycled-pu:RPUF_0:viscosity:033,RPUF_0,component_A_slurry_RPUF_0,curve_point,component_A_plus_CDW_PU_foam_powder,polyol_side_mixture_before_isocyanate_addition,dynamic_viscosity,0.7826,Pa*s,,,elapsed_time,2.8,min,experimental,source_raw_workbook,raw_point,TA Instruments AR200ex rheometer; source time series,direct_experimental_process_property,conditional_reference,formulation_resolved_commercial_component_A_unresolved,rheometer_identified_shear_rate_and_temperature_unreported,0.25,False,,family_elorza_recycled_pu_foam,数据/原始/外部数据/新增开放数据/第十六批实验_再生PU泡沫/原始文件/row data for _Sustainable insulating foams_3/RPUF_viscosity_RawData/RPUF00_viscosty.xlsx#Hoja1!A35:B35,e971ad95716e4a6283d3cca8e0f9f6258132223e7f718941abe8e324a956783a,CC BY 4.0,elorza-2021-recycled-pu-foam-data;elorza-2021-recycled-pu-foam-paper,时间序列点共享一个配方运行预算，不按点扩增独立样本。
第十六批实验_再生PU泡沫,viscosity:RPUF_0,recycled-pu:RPUF_0:viscosity:034,RPUF_0,component_A_slurry_RPUF_0,curve_point,component_A_plus_CDW_PU_foam_powder,polyol_side_mixture_before_isocyanate_addition,dynamic_viscosity,0.7802,Pa*s,,,elapsed_time,2.8,min,experimental,source_raw_workbook,raw_point,TA Instruments AR200ex rheometer; source time series,direct_experimental_process_property,conditional_reference,formulation_resolved_commercial_component_A_unresolved,rheometer_identified_shear_rate_and_temperature_unreported,0.25,False,,family_elorza_recycled_pu_foam,数据/原始/外部数据/新增开放数据/第十六批实验_再生PU泡沫/原始文件/row data for _Sustainable insulating foams_3/RPUF_viscosity_RawData/RPUF00_viscosty.xlsx#Hoja1!A36:B36,e971ad95716e4a6283d3cca8e0f9f6258132223e7f718941abe8e324a956783a,CC BY 4.0,elorza-2021-recycled-pu-foam-data;elorza-2021-recycled-pu-foam-paper,时间序列点共享一个配方运行预算，不按点扩增独立样本。
第十六批实验_再生PU泡沫,viscosity:RPUF_0,recycled-pu:RPUF_0:viscosity:035,RPUF_0,component_A_slurry_RPUF_0,curve_point,component_A_plus_CDW_PU_foam_powder,polyol_side_mixture_before_isocyanate_addition,dynamic_viscosity,0.7779,Pa*s,,,elapsed_time,2.9,min,experimental,source_raw_workbook,raw_point,TA Instruments AR200ex rheometer; source time series,direct_experimental_process_property,conditional_reference,formulation_resolved_commercial_component_A_unresolved,rheometer_identified_shear_rate_and_temperature_unreported,0.25,False,,family_elorza_recycled_pu_foam,数据/原始/外部数据/新增开放数据/第十六批实验_再生PU泡沫/原始文件/row data for _Sustainable insulating foams_3/RPUF_viscosity_RawData/RPUF00_viscosty.xlsx#Hoja1!A37:B37,e971ad95716e4a6283d3cca8e0f9f6258132223e7f718941abe8e324a956783a,CC BY 4.0,elorza-2021-recycled-pu-foam-data;elorza-2021-recycled-pu-foam-paper,时间序列点共享一个配方运行预算，不按点扩增独立样本。
第十六批实验_再生PU泡沫,viscosity:RPUF_0,recycled-pu:RPUF_0:viscosity:036,RPUF_0,component_A_slurry_RPUF_0,curve_point,component_A_plus_CDW_PU_foam_powder,polyol_side_mixture_before_isocyanate_addition,dynamic_viscosity,0.7806,Pa*s,,,elapsed_time,3.0,min,experimental,source_raw_workbook,raw_point,TA Instruments AR200ex rheometer; source time series,direct_experimental_process_property,conditional_reference,formulation_resolved_commercial_component_A_unresolved,rheometer_identified_shear_rate_and_temperature_unreported,0.25,False,,family_elorza_recycled_pu_foam,数据/原始/外部数据/新增开放数据/第十六批实验_再生PU泡沫/原始文件/row data for _Sustainable insulating foams_3/RPUF_viscosity_RawData/RPUF00_viscosty.xlsx#Hoja1!A38:B38,e971ad95716e4a6283d3cca8e0f9f6258132223e7f718941abe8e324a956783a,CC BY 4.0,elorza-2021-recycled-pu-foam-data;elorza-2021-recycled-pu-foam-paper,时间序列点共享一个配方运行预算，不按点扩增独立样本。
第十六批实验_再生PU泡沫,viscosity:RPUF_0,recycled-pu:RPUF_0:viscosity:037,RPUF_0,component_A_slurry_RPUF_0,curve_point,component_A_plus_CDW_PU_foam_powder,polyol_side_mixture_before_isocyanate_addition,dynamic_viscosity,0.7784,Pa*s,,,elapsed_time,3.1,min,experimental,source_raw_workbook,raw_point,TA Instruments AR200ex rheometer; source time series,direct_experimental_process_property,conditional_reference,formulation_resolved_commercial_component_A_unresolved,rheometer_identified_shear_rate_and_temperature_unreported,0.25,False,,family_elorza_recycled_pu_foam,数据/原始/外部数据/新增开放数据/第十六批实验_再生PU泡沫/原始文件/row data for _Sustainable insulating foams_3/RPUF_viscosity_RawData/RPUF00_viscosty.xlsx#Hoja1!A39:B39,e971ad95716e4a6283d3cca8e0f9f6258132223e7f718941abe8e324a956783a,CC BY 4.0,elorza-2021-recycled-pu-foam-data;elorza-2021-recycled-pu-foam-paper,时间序列点共享一个配方运行预算，不按点扩增独立样本。
第十六批实验_再生PU泡沫,viscosity:RPUF_0,recycled-pu:RPUF_0:viscosity:038,RPUF_0,component_A_slurry_RPUF_0,curve_point,component_A_plus_CDW_PU_foam_powder,polyol_side_mixture_before_isocyanate_addition,dynamic_viscosity,0.7811,Pa*s,,,elapsed_time,3.2,min,experimental,source_raw_workbook,raw_point,TA Instruments AR200ex rheometer; source time series,direct_experimental_process_property,conditional_reference,formulation_resolved_commercial_component_A_unresolved,rheometer_identified_shear_rate_and_temperature_unreported,0.25,False,,family_elorza_recycled_pu_foam,数据/原始/外部数据/新增开放数据/第十六批实验_再生PU泡沫/原始文件/row data for _Sustainable insulating foams_3/RPUF_viscosity_RawData/RPUF00_viscosty.xlsx#Hoja1!A40:B40,e971ad95716e4a6283d3cca8e0f9f6258132223e7f718941abe8e324a956783a,CC BY 4.0,elorza-2021-recycled-pu-foam-data;elorza-2021-recycled-pu-foam-paper,时间序列点共享一个配方运行预算，不按点扩增独立样本。
第十六批实验_再生PU泡沫,viscosity:RPUF_0,recycled-pu:RPUF_0:viscosity:039,RPUF_0,component_A_slurry_RPUF_0,curve_point,component_A_plus_CDW_PU_foam_powder,polyol_side_mixture_before_isocyanate_addition,dynamic_viscosity,0.7797,Pa*s,,,elapsed_time,3.3,min,experimental,source_raw_workbook,raw_point,TA Instruments AR200ex rheometer; source time series,direct_experimental_process_property,conditional_reference,formulation_resolved_commercial_component_A_unresolved,rheometer_identified_shear_rate_and_temperature_unreported,0.25,False,,family_elorza_recycled_pu_foam,数据/原始/外部数据/新增开放数据/第十六批实验_再生PU泡沫/原始文件/row data for _Sustainable insulating foams_3/RPUF_viscosity_RawData/RPUF00_viscosty.xlsx#Hoja1!A41:B41,e971ad95716e4a6283d3cca8e0f9f6258132223e7f718941abe8e324a956783a,CC BY 4.0,elorza-2021-recycled-pu-foam-data;elorza-2021-recycled-pu-foam-paper,时间序列点共享一个配方运行预算，不按点扩增独立样本。
第十六批实验_再生PU泡沫,viscosity:RPUF_0,recycled-pu:RPUF_0:viscosity:040,RPUF_0,component_A_slurry_RPUF_0,curve_point,component_A_plus_CDW_PU_foam_powder,polyol_side_mixture_before_isocyanate_addition,dynamic_viscosity,0.7792,Pa*s,,,elapsed_time,3.3,min,experimental,source_raw_workbook,raw_point,TA Instruments AR200ex rheometer; source time series,direct_experimental_process_property,conditional_reference,formulation_resolved_commercial_component_A_unresolved,rheometer_identified_shear_rate_and_temperature_unreported,0.25,False,,family_elorza_recycled_pu_foam,数据/原始/外部数据/新增开放数据/第十六批实验_再生PU泡沫/原始文件/row data for _Sustainable insulating foams_3/RPUF_viscosity_RawData/RPUF00_viscosty.xlsx#Hoja1!A42:B42,e971ad95716e4a6283d3cca8e0f9f6258132223e7f718941abe8e324a956783a,CC BY 4.0,elorza-2021-recycled-pu-foam-data;elorza-2021-recycled-pu-foam-paper,时间序列点共享一个配方运行预算，不按点扩增独立样本。
第十六批实验_再生PU泡沫,viscosity:RPUF_0,recycled-pu:RPUF_0:viscosity:041,RPUF_0,component_A_slurry_RPUF_0,curve_point,component_A_plus_CDW_PU_foam_powder,polyol_side_mixture_before_isocyanate_addition,dynamic_viscosity,0.7842,Pa*s,,,elapsed_time,3.4,min,experimental,source_raw_workbook,raw_point,TA Instruments AR200ex rheometer; source time series,direct_experimental_process_property,conditional_reference,formulation_resolved_commercial_component_A_unresolved,rheometer_identified_shear_rate_and_temperature_unreported,0.25,False,,family_elorza_recycled_pu_foam,数据/原始/外部数据/新增开放数据/第十六批实验_再生PU泡沫/原始文件/row data for _Sustainable insulating foams_3/RPUF_viscosity_RawData/RPUF00_viscosty.xlsx#Hoja1!A43:B43,e971ad95716e4a6283d3cca8e0f9f6258132223e7f718941abe8e324a956783a,CC BY 4.0,elorza-2021-recycled-pu-foam-data;elorza-2021-recycled-pu-foam-paper,时间序列点共享一个配方运行预算，不按点扩增独立样本。
第十六批实验_再生PU泡沫,viscosity:RPUF_0,recycled-pu:RPUF_0:viscosity:042,RPUF_0,component_A_slurry_RPUF_0,curve_point,component_A_plus_CDW_PU_foam_powder,polyol_side_mixture_before_isocyanate_addition,dynamic_viscosity,0.7813,Pa*s,,,elapsed_time,3.5,min,experimental,source_raw_workbook,raw_point,TA Instruments AR200ex rheometer; source time series,direct_experimental_process_property,conditional_reference,formulation_resolved_commercial_component_A_unresolved,rheometer_identified_shear_rate_and_temperature_unreported,0.25,False,,family_elorza_recycled_pu_foam,数据/原始/外部数据/新增开放数据/第十六批实验_再生PU泡沫/原始文件/row data for _Sustainable insulating foams_3/RPUF_viscosity_RawData/RPUF00_viscosty.xlsx#Hoja1!A44:B44,e971ad95716e4a6283d3cca8e0f9f6258132223e7f718941abe8e324a956783a,CC BY 4.0,elorza-2021-recycled-pu-foam-data;elorza-2021-recycled-pu-foam-paper,时间序列点共享一个配方运行预算，不按点扩增独立样本。
第十六批实验_再生PU泡沫,viscosity:RPUF_0,recycled-pu:RPUF_0:viscosity:043,RPUF_0,component_A_slurry_RPUF_0,curve_point,component_A_plus_CDW_PU_foam_powder,polyol_side_mixture_before_isocyanate_addition,dynamic_viscosity,0.7859,Pa*s,,,elapsed_time,3.6,min,experimental,source_raw_workbook,raw_point,TA Instruments AR200ex rheometer; source time series,direct_experimental_process_property,conditional_reference,formulation_resolved_commercial_component_A_unresolved,rheometer_identified_shear_rate_and_temperature_unreported,0.25,False,,family_elorza_recycled_pu_foam,数据/原始/外部数据/新增开放数据/第十六批实验_再生PU泡沫/原始文件/row data for _Sustainable insulating foams_3/RPUF_viscosity_RawData/RPUF00_viscosty.xlsx#Hoja1!A45:B45,e971ad95716e4a6283d3cca8e0f9f6258132223e7f718941abe8e324a956783a,CC BY 4.0,elorza-2021-recycled-pu-foam-data;elorza-2021-recycled-pu-foam-paper,时间序列点共享一个配方运行预算，不按点扩增独立样本。
第十六批实验_再生PU泡沫,viscosity:RPUF_0,recycled-pu:RPUF_0:viscosity:044,RPUF_0,component_A_slurry_RPUF_0,curve_point,component_A_plus_CDW_PU_foam_powder,polyol_side_mixture_before_isocyanate_addition,dynamic_viscosity,0.7848,Pa*s,,,elapsed_time,3.7,min,experimental,source_raw_workbook,raw_point,TA Instruments AR200ex rheometer; source time series,direct_experimental_process_property,conditional_reference,formulation_resolved_commercial_component_A_unresolved,rheometer_identified_shear_rate_and_temperature_unreported,0.25,False,,family_elorza_recycled_pu_foam,数据/原始/外部数据/新增开放数据/第十六批实验_再生PU泡沫/原始文件/row data for _Sustainable insulating foams_3/RPUF_viscosity_RawData/RPUF00_viscosty.xlsx#Hoja1!A46:B46,e971ad95716e4a6283d3cca8e0f9f6258132223e7f718941abe8e324a956783a,CC BY 4.0,elorza-2021-recycled-pu-foam-data;elorza-2021-recycled-pu-foam-paper,时间序列点共享一个配方运行预算，不按点扩增独立样本。
第十六批实验_再生PU泡沫,viscosity:RPUF_0,recycled-pu:RPUF_0:viscosity:045,RPUF_0,component_A_slurry_RPUF_0,curve_point,component_A_plus_CDW_PU_foam_powder,polyol_side_mixture_before_isocyanate_addition,dynamic_viscosity,0.782,Pa*s,,,elapsed_time,3.8,min,experimental,source_raw_workbook,raw_point,TA Instruments AR200ex rheometer; source time series,direct_experimental_process_property,conditional_reference,formulation_resolved_commercial_component_A_unresolved,rheometer_identified_shear_rate_and_temperature_unreported,0.25,False,,family_elorza_recycled_pu_foam,数据/原始/外部数据/新增开放数据/第十六批实验_再生PU泡沫/原始文件/row data for _Sustainable insulating foams_3/RPUF_viscosity_RawData/RPUF00_viscosty.xlsx#Hoja1!A47:B47,e971ad95716e4a6283d3cca8e0f9f6258132223e7f718941abe8e324a956783a,CC BY 4.0,elorza-2021-recycled-pu-foam-data;elorza-2021-recycled-pu-foam-paper,时间序列点共享一个配方运行预算，不按点扩增独立样本。
第十六批实验_再生PU泡沫,viscosity:RPUF_0,recycled-pu:RPUF_0:viscosity:046,RPUF_0,component_A_slurry_RPUF_0,curve_point,component_A_plus_CDW_PU_foam_powder,polyol_side_mixture_before_isocyanate_addition,dynamic_viscosity,0.7827,Pa*s,,,elapsed_time,3.8,min,experimental,source_raw_workbook,raw_point,TA Instruments AR200ex rheometer; source time series,direct_experimental_process_property,conditional_reference,formulation_resolved_commercial_component_A_unresolved,rheometer_identified_shear_rate_and_temperature_unreported,0.25,False,,family_elorza_recycled_pu_foam,数据/原始/外部数据/新增开放数据/第十六批实验_再生PU泡沫/原始文件/row data for _Sustainable insulating foams_3/RPUF_viscosity_RawData/RPUF00_viscosty.xlsx#Hoja1!A48:B48,e971ad95716e4a6283d3cca8e0f9f6258132223e7f718941abe8e324a956783a,CC BY 4.0,elorza-2021-recycled-pu-foam-data;elorza-2021-recycled-pu-foam-paper,时间序列点共享一个配方运行预算，不按点扩增独立样本。
第十六批实验_再生PU泡沫,viscosity:RPUF_0,recycled-pu:RPUF_0:viscosity:047,RPUF_0,component_A_slurry_RPUF_0,curve_point,component_A_plus_CDW_PU_foam_powder,polyol_side_mixture_before_isocyanate_addition,dynamic_viscosity,0.7797,Pa*s,,,elapsed_time,3.9,min,experimental,source_raw_workbook,raw_point,TA Instruments AR200ex rheometer; source time series,direct_experimental_process_property,conditional_reference,formulation_resolved_commercial_component_A_unresolved,rheometer_identified_shear_rate_and_temperature_unreported,0.25,False,,family_elorza_recycled_pu_foam,数据/原始/外部数据/新增开放数据/第十六批实验_再生PU泡沫/原始文件/row data for _Sustainable insulating foams_3/RPUF_viscosity_RawData/RPUF00_viscosty.xlsx#Hoja1!A49:B49,e971ad95716e4a6283d3cca8e0f9f6258132223e7f718941abe8e324a956783a,CC BY 4.0,elorza-2021-recycled-pu-foam-data;elorza-2021-recycled-pu-foam-paper,时间序列点共享一个配方运行预算，不按点扩增独立样本。
第十六批实验_再生PU泡沫,viscosity:RPUF_0,recycled-pu:RPUF_0:viscosity:048,RPUF_0,component_A_slurry_RPUF_0,curve_point,component_A_plus_CDW_PU_foam_powder,polyol_side_mixture_before_isocyanate_addition,dynamic_viscosity,0.7798,Pa*s,,,elapsed_time,4.0,min,experimental,source_raw_workbook,raw_point,TA Instruments AR200ex rheometer; source time series,direct_experimental_process_property,conditional_reference,formulation_resolved_commercial_component_A_unresolved,rheometer_identified_shear_rate_and_temperature_unreported,0.25,False,,family_elorza_recycled_pu_foam,数据/原始/外部数据/新增开放数据/第十六批实验_再生PU泡沫/原始文件/row data for _Sustainable insulating foams_3/RPUF_viscosity_RawData/RPUF00_viscosty.xlsx#Hoja1!A50:B50,e971ad95716e4a6283d3cca8e0f9f6258132223e7f718941abe8e324a956783a,CC BY 4.0,elorza-2021-recycled-pu-foam-data;elorza-2021-recycled-pu-foam-paper,时间序列点共享一个配方运行预算，不按点扩增独立样本。
第十六批实验_再生PU泡沫,viscosity:RPUF_0,recycled-pu:RPUF_0:viscosity:049,RPUF_0,component_A_slurry_RPUF_0,curve_point,component_A_plus_CDW_PU_foam_powder,polyol_side_mixture_before_isocyanate_addition,dynamic_viscosity,0.78,Pa*s,,,elapsed_time,4.1,min,experimental,source_raw_workbook,raw_point,TA Instruments AR200ex rheometer; source time series,direct_experimental_process_property,conditional_reference,formulation_resolved_commercial_component_A_unresolved,rheometer_identified_shear_rate_and_temperature_unreported,0.25,False,,family_elorza_recycled_pu_foam,数据/原始/外部数据/新增开放数据/第十六批实验_再生PU泡沫/原始文件/row data for _Sustainable insulating foams_3/RPUF_viscosity_RawData/RPUF00_viscosty.xlsx#Hoja1!A51:B51,e971ad95716e4a6283d3cca8e0f9f6258132223e7f718941abe8e324a956783a,CC BY 4.0,elorza-2021-recycled-pu-foam-data;elorza-2021-recycled-pu-foam-paper,时间序列点共享一个配方运行预算，不按点扩增独立样本。
第十六批实验_再生PU泡沫,viscosity:RPUF_0,recycled-pu:RPUF_0:viscosity:050,RPUF_0,component_A_slurry_RPUF_0,curve_point,component_A_plus_CDW_PU_foam_powder,polyol_side_mixture_before_isocyanate_addition,dynamic_viscosity,0.7806,Pa*s,,,elapsed_time,4.2,min,experimental,source_raw_workbook,raw_point,TA Instruments AR200ex rheometer; source time series,direct_experimental_process_property,conditional_reference,formulation_resolved_commercial_component_A_unresolved,rheometer_identified_shear_rate_and_temperature_unreported,0.25,False,,family_elorza_recycled_pu_foam,数据/原始/外部数据/新增开放数据/第十六批实验_再生PU泡沫/原始文件/row data for _Sustainable insulating foams_3/RPUF_viscosity_RawData/RPUF00_viscosty.xlsx#Hoja1!A52:B52,e971ad95716e4a6283d3cca8e0f9f6258132223e7f718941abe8e324a956783a,CC BY 4.0,elorza-2021-recycled-pu-foam-data;elorza-2021-recycled-pu-foam-paper,时间序列点共享一个配方运行预算，不按点扩增独立样本。
第十六批实验_再生PU泡沫,viscosity:RPUF_0,recycled-pu:RPUF_0:viscosity:051,RPUF_0,component_A_slurry_RPUF_0,curve_point,component_A_plus_CDW_PU_foam_powder,polyol_side_mixture_before_isocyanate_addition,dynamic_viscosity,0.7792,Pa*s,,,elapsed_time,4.3,min,experimental,source_raw_workbook,raw_point,TA Instruments AR200ex rheometer; source time series,direct_experimental_process_property,conditional_reference,formulation_resolved_commercial_component_A_unresolved,rheometer_identified_shear_rate_and_temperature_unreported,0.25,False,,family_elorza_recycled_pu_foam,数据/原始/外部数据/新增开放数据/第十六批实验_再生PU泡沫/原始文件/row data for _Sustainable insulating foams_3/RPUF_viscosity_RawData/RPUF00_viscosty.xlsx#Hoja1!A53:B53,e971ad95716e4a6283d3cca8e0f9f6258132223e7f718941abe8e324a956783a,CC BY 4.0,elorza-2021-recycled-pu-foam-data;elorza-2021-recycled-pu-foam-paper,时间序列点共享一个配方运行预算，不按点扩增独立样本。
第十六批实验_再生PU泡沫,viscosity:RPUF_0,recycled-pu:RPUF_0:viscosity:052,RPUF_0,component_A_slurry_RPUF_0,curve_point,component_A_plus_CDW_PU_foam_powder,polyol_side_mixture_before_isocyanate_addition,dynamic_viscosity,0.7843,Pa*s,,,elapsed_time,4.3,min,experimental,source_raw_workbook,raw_point,TA Instruments AR200ex rheometer; source time series,direct_experimental_process_property,conditional_reference,formulation_resolved_commercial_component_A_unresolved,rheometer_identified_shear_rate_and_temperature_unreported,0.25,False,,family_elorza_recycled_pu_foam,数据/原始/外部数据/新增开放数据/第十六批实验_再生PU泡沫/原始文件/row data for _Sustainable insulating foams_3/RPUF_viscosity_RawData/RPUF00_viscosty.xlsx#Hoja1!A54:B54,e971ad95716e4a6283d3cca8e0f9f6258132223e7f718941abe8e324a956783a,CC BY 4.0,elorza-2021-recycled-pu-foam-data;elorza-2021-recycled-pu-foam-paper,时间序列点共享一个配方运行预算，不按点扩增独立样本。
第十六批实验_再生PU泡沫,viscosity:RPUF_0,recycled-pu:RPUF_0:viscosity:053,RPUF_0,component_A_slurry_RPUF_0,curve_point,component_A_plus_CDW_PU_foam_powder,polyol_side_mixture_before_isocyanate_addition,dynamic_viscosity,0.7793,Pa*s,,,elapsed_time,4.4,min,experimental,source_raw_workbook,raw_point,TA Instruments AR200ex rheometer; source time series,direct_experimental_process_property,conditional_reference,formulation_resolved_commercial_component_A_unresolved,rheometer_identified_shear_rate_and_temperature_unreported,0.25,False,,family_elorza_recycled_pu_foam,数据/原始/外部数据/新增开放数据/第十六批实验_再生PU泡沫/原始文件/row data for _Sustainable insulating foams_3/RPUF_viscosity_RawData/RPUF00_viscosty.xlsx#Hoja1!A55:B55,e971ad95716e4a6283d3cca8e0f9f6258132223e7f718941abe8e324a956783a,CC BY 4.0,elorza-2021-recycled-pu-foam-data;elorza-2021-recycled-pu-foam-paper,时间序列点共享一个配方运行预算，不按点扩增独立样本。
第十六批实验_再生PU泡沫,viscosity:RPUF_0,recycled-pu:RPUF_0:viscosity:054,RPUF_0,component_A_slurry_RPUF_0,curve_point,component_A_plus_CDW_PU_foam_powder,polyol_side_mixture_before_isocyanate_addition,dynamic_viscosity,0.7809,Pa*s,,,elapsed_time,4.5,min,experimental,source_raw_workbook,raw_point,TA Instruments AR200ex rheometer; source time series,direct_experimental_process_property,conditional_reference,formulation_resolved_commercial_component_A_unresolved,rheometer_identified_shear_rate_and_temperature_unreported,0.25,False,,family_elorza_recycled_pu_foam,数据/原始/外部数据/新增开放数据/第十六批实验_再生PU泡沫/原始文件/row data for _Sustainable insulating foams_3/RPUF_viscosity_RawData/RPUF00_viscosty.xlsx#Hoja1!A56:B56,e971ad95716e4a6283d3cca8e0f9f6258132223e7f718941abe8e324a956783a,CC BY 4.0,elorza-2021-recycled-pu-foam-data;elorza-2021-recycled-pu-foam-paper,时间序列点共享一个配方运行预算，不按点扩增独立样本。
第十六批实验_再生PU泡沫,viscosity:RPUF_0,recycled-pu:RPUF_0:viscosity:055,RPUF_0,component_A_slurry_RPUF_0,curve_point,component_A_plus_CDW_PU_foam_powder,polyol_side_mixture_before_isocyanate_addition,dynamic_viscosity,0.7821,Pa*s,,,elapsed_time,4.6,min,experimental,source_raw_workbook,raw_point,TA Instruments AR200ex rheometer; source time series,direct_experimental_process_property,conditional_reference,formulation_resolved_commercial_component_A_unresolved,rheometer_identified_shear_rate_and_temperature_unreported,0.25,False,,family_elorza_recycled_pu_foam,数据/原始/外部数据/新增开放数据/第十六批实验_再生PU泡沫/原始文件/row data for _Sustainable insulating foams_3/RPUF_viscosity_RawData/RPUF00_viscosty.xlsx#Hoja1!A57:B57,e971ad95716e4a6283d3cca8e0f9f6258132223e7f718941abe8e324a956783a,CC BY 4.0,elorza-2021-recycled-pu-foam-data;elorza-2021-recycled-pu-foam-paper,时间序列点共享一个配方运行预算，不按点扩增独立样本。
第十六批实验_再生PU泡沫,viscosity:RPUF_0,recycled-pu:RPUF_0:viscosity:056,RPUF_0,component_A_slurry_RPUF_0,curve_point,component_A_plus_CDW_PU_foam_powder,polyol_side_mixture_before_isocyanate_addition,dynamic_viscosity,0.7818,Pa*s,,,elapsed_time,4.7,min,experimental,source_raw_workbook,raw_point,TA Instruments AR200ex rheometer; source time series,direct_experimental_process_property,conditional_reference,formulation_resolved_commercial_component_A_unresolved,rheometer_identified_shear_rate_and_temperature_unreported,0.25,False,,family_elorza_recycled_pu_foam,数据/原始/外部数据/新增开放数据/第十六批实验_再生PU泡沫/原始文件/row data for _Sustainable insulating foams_3/RPUF_viscosity_RawData/RPUF00_viscosty.xlsx#Hoja1!A58:B58,e971ad95716e4a6283d3cca8e0f9f6258132223e7f718941abe8e324a956783a,CC BY 4.0,elorza-2021-recycled-pu-foam-data;elorza-2021-recycled-pu-foam-paper,时间序列点共享一个配方运行预算，不按点扩增独立样本。
第十六批实验_再生PU泡沫,viscosity:RPUF_0,recycled-pu:RPUF_0:viscosity:057,RPUF_0,component_A_slurry_RPUF_0,curve_point,component_A_plus_CDW_PU_foam_powder,polyol_side_mixture_before_isocyanate_addition,dynamic_viscosity,0.7825,Pa*s,,,elapsed_time,4.8,min,experimental,source_raw_workbook,raw_point,TA Instruments AR200ex rheometer; source time series,direct_experimental_process_property,conditional_reference,formulation_resolved_commercial_component_A_unresolved,rheometer_identified_shear_rate_and_temperature_unreported,0.25,False,,family_elorza_recycled_pu_foam,数据/原始/外部数据/新增开放数据/第十六批实验_再生PU泡沫/原始文件/row data for _Sustainable insulating foams_3/RPUF_viscosity_RawData/RPUF00_viscosty.xlsx#Hoja1!A59:B59,e971ad95716e4a6283d3cca8e0f9f6258132223e7f718941abe8e324a956783a,CC BY 4.0,elorza-2021-recycled-pu-foam-data;elorza-2021-recycled-pu-foam-paper,时间序列点共享一个配方运行预算，不按点扩增独立样本。
第十六批实验_再生PU泡沫,viscosity:RPUF_0,recycled-pu:RPUF_0:viscosity:058,RPUF_0,component_A_slurry_RPUF_0,curve_point,component_A_plus_CDW_PU_foam_powder,polyol_side_mixture_before_isocyanate_addition,dynamic_viscosity,0.7803,Pa*s,,,elapsed_time,4.8,min,experimental,source_raw_workbook,raw_point,TA Instruments AR200ex rheometer; source time series,direct_experimental_process_property,conditional_reference,formulation_resolved_commercial_component_A_unresolved,rheometer_identified_shear_rate_and_temperature_unreported,0.25,False,,family_elorza_recycled_pu_foam,数据/原始/外部数据/新增开放数据/第十六批实验_再生PU泡沫/原始文件/row data for _Sustainable insulating foams_3/RPUF_viscosity_RawData/RPUF00_viscosty.xlsx#Hoja1!A60:B60,e971ad95716e4a6283d3cca8e0f9f6258132223e7f718941abe8e324a956783a,CC BY 4.0,elorza-2021-recycled-pu-foam-data;elorza-2021-recycled-pu-foam-paper,时间序列点共享一个配方运行预算，不按点扩增独立样本。
第十六批实验_再生PU泡沫,viscosity:RPUF_0,recycled-pu:RPUF_0:viscosity:059,RPUF_0,component_A_slurry_RPUF_0,curve_point,component_A_plus_CDW_PU_foam_powder,polyol_side_mixture_before_isocyanate_addition,dynamic_viscosity,0.7774,Pa*s,,,elapsed_time,4.9,min,experimental,source_raw_workbook,raw_point,TA Instruments AR200ex rheometer; source time series,direct_experimental_process_property,conditional_reference,formulation_resolved_commercial_component_A_unresolved,rheometer_identified_shear_rate_and_temperature_unreported,0.25,False,,family_elorza_recycled_pu_foam,数据/原始/外部数据/新增开放数据/第十六批实验_再生PU泡沫/原始文件/row data for _Sustainable insulating foams_3/RPUF_viscosity_RawData/RPUF00_viscosty.xlsx#Hoja1!A61:B61,e971ad95716e4a6283d3cca8e0f9f6258132223e7f718941abe8e324a956783a,CC BY 4.0,elorza-2021-recycled-pu-foam-data;elorza-2021-recycled-pu-foam-paper,时间序列点共享一个配方运行预算，不按点扩增独立样本。
第十六批实验_再生PU泡沫,viscosity:RPUF_0,recycled-pu:RPUF_0:viscosity:060,RPUF_0,component_A_slurry_RPUF_0,curve_point,component_A_plus_CDW_PU_foam_powder,polyol_side_mixture_before_isocyanate_addition,dynamic_viscosity,0.7789,Pa*s,,,elapsed_time,5.0,min,experimental,source_raw_workbook,raw_point,TA Instruments AR200ex rheometer; source time series,direct_experimental_process_property,conditional_reference,formulation_resolved_commercial_component_A_unresolved,rheometer_identified_shear_rate_and_temperature_unreported,0.25,False,,family_elorza_recycled_pu_foam,数据/原始/外部数据/新增开放数据/第十六批实验_再生PU泡沫/原始文件/row data for _Sustainable insulating foams_3/RPUF_viscosity_RawData/RPUF00_viscosty.xlsx#Hoja1!A62:B62,e971ad95716e4a6283d3cca8e0f9f6258132223e7f718941abe8e324a956783a,CC BY 4.0,elorza-2021-recycled-pu-foam-data;elorza-2021-recycled-pu-foam-paper,时间序列点共享一个配方运行预算，不按点扩增独立样本。
第十六批实验_再生PU泡沫,viscosity:RPUF_1.5,recycled-pu:RPUF_1.5:viscosity:001,RPUF_1.5,component_A_slurry_RPUF_1.5,curve_point,component_A_plus_CDW_PU_foam_powder,polyol_side_mixture_before_isocyanate_addition,dynamic_viscosity,5.587,Pa*s,,,elapsed_time,0.1,min,experimental,source_raw_workbook,raw_point,TA Instruments AR200ex rheometer; source time series,direct_experimental_process_property,conditional_reference,formulation_resolved_commercial_component_A_unresolved,rheometer_identified_shear_rate_and_temperature_unreported,0.25,False,,family_elorza_recycled_pu_foam,数据/原始/外部数据/新增开放数据/第十六批实验_再生PU泡沫/原始文件/row data for _Sustainable insulating foams_3/RPUF_viscosity_RawData/RPUF15_viscosty.xlsx#Hoja1!A3:B3,b54439a4f52cb276df4b359bbf8376001e38fcd3d4fc56f7eb7d399fe3119c53,CC BY 4.0,elorza-2021-recycled-pu-foam-data;elorza-2021-recycled-pu-foam-paper,时间序列点共享一个配方运行预算，不按点扩增独立样本。
第十六批实验_再生PU泡沫,viscosity:RPUF_1.5,recycled-pu:RPUF_1.5:viscosity:002,RPUF_1.5,component_A_slurry_RPUF_1.5,curve_point,component_A_plus_CDW_PU_foam_powder,polyol_side_mixture_before_isocyanate_addition,dynamic_viscosity,5.691,Pa*s,,,elapsed_time,0.2,min,experimental,source_raw_workbook,raw_point,TA Instruments AR200ex rheometer; source time series,direct_experimental_process_property,conditional_reference,formulation_resolved_commercial_component_A_unresolved,rheometer_identified_shear_rate_and_temperature_unreported,0.25,False,,family_elorza_recycled_pu_foam,数据/原始/外部数据/新增开放数据/第十六批实验_再生PU泡沫/原始文件/row data for _Sustainable insulating foams_3/RPUF_viscosity_RawData/RPUF15_viscosty.xlsx#Hoja1!A4:B4,b54439a4f52cb276df4b359bbf8376001e38fcd3d4fc56f7eb7d399fe3119c53,CC BY 4.0,elorza-2021-recycled-pu-foam-data;elorza-2021-recycled-pu-foam-paper,时间序列点共享一个配方运行预算，不按点扩增独立样本。
第十六批实验_再生PU泡沫,viscosity:RPUF_1.5,recycled-pu:RPUF_1.5:viscosity:003,RPUF_1.5,component_A_slurry_RPUF_1.5,curve_point,component_A_plus_CDW_PU_foam_powder,polyol_side_mixture_before_isocyanate_addition,dynamic_viscosity,5.908,Pa*s,,,elapsed_time,0.3,min,experimental,source_raw_workbook,raw_point,TA Instruments AR200ex rheometer; source time series,direct_experimental_process_property,conditional_reference,formulation_resolved_commercial_component_A_unresolved,rheometer_identified_shear_rate_and_temperature_unreported,0.25,False,,family_elorza_recycled_pu_foam,数据/原始/外部数据/新增开放数据/第十六批实验_再生PU泡沫/原始文件/row data for _Sustainable insulating foams_3/RPUF_viscosity_RawData/RPUF15_viscosty.xlsx#Hoja1!A5:B5,b54439a4f52cb276df4b359bbf8376001e38fcd3d4fc56f7eb7d399fe3119c53,CC BY 4.0,elorza-2021-recycled-pu-foam-data;elorza-2021-recycled-pu-foam-paper,时间序列点共享一个配方运行预算，不按点扩增独立样本。
第十六批实验_再生PU泡沫,viscosity:RPUF_1.5,recycled-pu:RPUF_1.5:viscosity:004,RPUF_1.5,component_A_slurry_RPUF_1.5,curve_point,component_A_plus_CDW_PU_foam_powder,polyol_side_mixture_before_isocyanate_addition,dynamic_viscosity,5.904,Pa*s,,,elapsed_time,0.3,min,experimental,source_raw_workbook,raw_point,TA Instruments AR200ex rheometer; source time series,direct_experimental_process_property,conditional_reference,formulation_resolved_commercial_component_A_unresolved,rheometer_identified_shear_rate_and_temperature_unreported,0.25,False,,family_elorza_recycled_pu_foam,数据/原始/外部数据/新增开放数据/第十六批实验_再生PU泡沫/原始文件/row data for _Sustainable insulating foams_3/RPUF_viscosity_RawData/RPUF15_viscosty.xlsx#Hoja1!A6:B6,b54439a4f52cb276df4b359bbf8376001e38fcd3d4fc56f7eb7d399fe3119c53,CC BY 4.0,elorza-2021-recycled-pu-foam-data;elorza-2021-recycled-pu-foam-paper,时间序列点共享一个配方运行预算，不按点扩增独立样本。
第十六批实验_再生PU泡沫,viscosity:RPUF_1.5,recycled-pu:RPUF_1.5:viscosity:005,RPUF_1.5,component_A_slurry_RPUF_1.5,curve_point,component_A_plus_CDW_PU_foam_powder,polyol_side_mixture_before_isocyanate_addition,dynamic_viscosity,6.313,Pa*s,,,elapsed_time,0.4,min,experimental,source_raw_workbook,raw_point,TA Instruments AR200ex rheometer; source time series,direct_experimental_process_property,conditional_reference,formulation_resolved_commercial_component_A_unresolved,rheometer_identified_shear_rate_and_temperature_unreported,0.25,False,,family_elorza_recycled_pu_foam,数据/原始/外部数据/新增开放数据/第十六批实验_再生PU泡沫/原始文件/row data for _Sustainable insulating foams_3/RPUF_viscosity_RawData/RPUF15_viscosty.xlsx#Hoja1!A7:B7,b54439a4f52cb276df4b359bbf8376001e38fcd3d4fc56f7eb7d399fe3119c53,CC BY 4.0,elorza-2021-recycled-pu-foam-data;elorza-2021-recycled-pu-foam-paper,时间序列点共享一个配方运行预算，不按点扩增独立样本。
第十六批实验_再生PU泡沫,viscosity:RPUF_1.5,recycled-pu:RPUF_1.5:viscosity:006,RPUF_1.5,component_A_slurry_RPUF_1.5,curve_point,component_A_plus_CDW_PU_foam_powder,polyol_side_mixture_before_isocyanate_addition,dynamic_viscosity,7.19,Pa*s,,,elapsed_time,0.5,min,experimental,source_raw_workbook,raw_point,TA Instruments AR200ex rheometer; source time series,direct_experimental_process_property,conditional_reference,formulation_resolved_commercial_component_A_unresolved,rheometer_identified_shear_rate_and_temperature_unreported,0.25,False,,family_elorza_recycled_pu_foam,数据/原始/外部数据/新增开放数据/第十六批实验_再生PU泡沫/原始文件/row data for _Sustainable insulating foams_3/RPUF_viscosity_RawData/RPUF15_viscosty.xlsx#Hoja1!A8:B8,b54439a4f52cb276df4b359bbf8376001e38fcd3d4fc56f7eb7d399fe3119c53,CC BY 4.0,elorza-2021-recycled-pu-foam-data;elorza-2021-recycled-pu-foam-paper,时间序列点共享一个配方运行预算，不按点扩增独立样本。
第十六批实验_再生PU泡沫,viscosity:RPUF_1.5,recycled-pu:RPUF_1.5:viscosity:007,RPUF_1.5,component_A_slurry_RPUF_1.5,curve_point,component_A_plus_CDW_PU_foam_powder,polyol_side_mixture_before_isocyanate_addition,dynamic_viscosity,6.209,Pa*s,,,elapsed_time,0.6,min,experimental,source_raw_workbook,raw_point,TA Instruments AR200ex rheometer; source time series,direct_experimental_process_property,conditional_reference,formulation_resolved_commercial_component_A_unresolved,rheometer_identified_shear_rate_and_temperature_unreported,0.25,False,,family_elorza_recycled_pu_foam,数据/原始/外部数据/新增开放数据/第十六批实验_再生PU泡沫/原始文件/row data for _Sustainable insulating foams_3/RPUF_viscosity_RawData/RPUF15_viscosty.xlsx#Hoja1!A9:B9,b54439a4f52cb276df4b359bbf8376001e38fcd3d4fc56f7eb7d399fe3119c53,CC BY 4.0,elorza-2021-recycled-pu-foam-data;elorza-2021-recycled-pu-foam-paper,时间序列点共享一个配方运行预算，不按点扩增独立样本。
第十六批实验_再生PU泡沫,viscosity:RPUF_1.5,recycled-pu:RPUF_1.5:viscosity:008,RPUF_1.5,component_A_slurry_RPUF_1.5,curve_point,component_A_plus_CDW_PU_foam_powder,polyol_side_mixture_before_isocyanate_addition,dynamic_viscosity,6.453,Pa*s,,,elapsed_time,0.7,min,experimental,source_raw_workbook,raw_point,TA Instruments AR200ex rheometer; source time series,direct_experimental_process_property,conditional_reference,formulation_resolved_commercial_component_A_unresolved,rheometer_identified_shear_rate_and_temperature_unreported,0.25,False,,family_elorza_recycled_pu_foam,数据/原始/外部数据/新增开放数据/第十六批实验_再生PU泡沫/原始文件/row data for _Sustainable insulating foams_3/RPUF_viscosity_RawData/RPUF15_viscosty.xlsx#Hoja1!A10:B10,b54439a4f52cb276df4b359bbf8376001e38fcd3d4fc56f7eb7d399fe3119c53,CC BY 4.0,elorza-2021-recycled-pu-foam-data;elorza-2021-recycled-pu-foam-paper,时间序列点共享一个配方运行预算，不按点扩增独立样本。
第十六批实验_再生PU泡沫,viscosity:RPUF_1.5,recycled-pu:RPUF_1.5:viscosity:009,RPUF_1.5,component_A_slurry_RPUF_1.5,curve_point,component_A_plus_CDW_PU_foam_powder,polyol_side_mixture_before_isocyanate_addition,dynamic_viscosity,5.995,Pa*s,,,elapsed_time,0.8,min,experimental,source_raw_workbook,raw_point,TA Instruments AR200ex rheometer; source time series,direct_experimental_process_property,conditional_reference,formulation_resolved_commercial_component_A_unresolved,rheometer_identified_shear_rate_and_temperature_unreported,0.25,False,,family_elorza_recycled_pu_foam,数据/原始/外部数据/新增开放数据/第十六批实验_再生PU泡沫/原始文件/row data for _Sustainable insulating foams_3/RPUF_viscosity_RawData/RPUF15_viscosty.xlsx#Hoja1!A11:B11,b54439a4f52cb276df4b359bbf8376001e38fcd3d4fc56f7eb7d399fe3119c53,CC BY 4.0,elorza-2021-recycled-pu-foam-data;elorza-2021-recycled-pu-foam-paper,时间序列点共享一个配方运行预算，不按点扩增独立样本。
第十六批实验_再生PU泡沫,viscosity:RPUF_1.5,recycled-pu:RPUF_1.5:viscosity:010,RPUF_1.5,component_A_slurry_RPUF_1.5,curve_point,component_A_plus_CDW_PU_foam_powder,polyol_side_mixture_before_isocyanate_addition,dynamic_viscosity,6.622,Pa*s,,,elapsed_time,0.8,min,experimental,source_raw_workbook,raw_point,TA Instruments AR200ex rheometer; source time series,direct_experimental_process_property,conditional_reference,formulation_resolved_commercial_component_A_unresolved,rheometer_identified_shear_rate_and_temperature_unreported,0.25,False,,family_elorza_recycled_pu_foam,数据/原始/外部数据/新增开放数据/第十六批实验_再生PU泡沫/原始文件/row data for _Sustainable insulating foams_3/RPUF_viscosity_RawData/RPUF15_viscosty.xlsx#Hoja1!A12:B12,b54439a4f52cb276df4b359bbf8376001e38fcd3d4fc56f7eb7d399fe3119c53,CC BY 4.0,elorza-2021-recycled-pu-foam-data;elorza-2021-recycled-pu-foam-paper,时间序列点共享一个配方运行预算，不按点扩增独立样本。
第十六批实验_再生PU泡沫,viscosity:RPUF_1.5,recycled-pu:RPUF_1.5:viscosity:011,RPUF_1.5,component_A_slurry_RPUF_1.5,curve_point,component_A_plus_CDW_PU_foam_powder,polyol_side_mixture_before_isocyanate_addition,dynamic_viscosity,6.307,Pa*s,,,elapsed_time,0.9,min,experimental,source_raw_workbook,raw_point,TA Instruments AR200ex rheometer; source time series,direct_experimental_process_property,conditional_reference,formulation_resolved_commercial_component_A_unresolved,rheometer_identified_shear_rate_and_temperature_unreported,0.25,False,,family_elorza_recycled_pu_foam,数据/原始/外部数据/新增开放数据/第十六批实验_再生PU泡沫/原始文件/row data for _Sustainable insulating foams_3/RPUF_viscosity_RawData/RPUF15_viscosty.xlsx#Hoja1!A13:B13,b54439a4f52cb276df4b359bbf8376001e38fcd3d4fc56f7eb7d399fe3119c53,CC BY 4.0,elorza-2021-recycled-pu-foam-data;elorza-2021-recycled-pu-foam-paper,时间序列点共享一个配方运行预算，不按点扩增独立样本。
第十六批实验_再生PU泡沫,viscosity:RPUF_1.5,recycled-pu:RPUF_1.5:viscosity:012,RPUF_1.5,component_A_slurry_RPUF_1.5,curve_point,component_A_plus_CDW_PU_foam_powder,polyol_side_mixture_before_isocyanate_addition,dynamic_viscosity,6.3,Pa*s,,,elapsed_time,1.0,min,experimental,source_raw_workbook,raw_point,TA Instruments AR200ex rheometer; source time series,direct_experimental_process_property,conditional_reference,formulation_resolved_commercial_component_A_unresolved,rheometer_identified_shear_rate_and_temperature_unreported,0.25,False,,family_elorza_recycled_pu_foam,数据/原始/外部数据/新增开放数据/第十六批实验_再生PU泡沫/原始文件/row data for _Sustainable insulating foams_3/RPUF_viscosity_RawData/RPUF15_viscosty.xlsx#Hoja1!A14:B14,b54439a4f52cb276df4b359bbf8376001e38fcd3d4fc56f7eb7d399fe3119c53,CC BY 4.0,elorza-2021-recycled-pu-foam-data;elorza-2021-recycled-pu-foam-paper,时间序列点共享一个配方运行预算，不按点扩增独立样本。
第十六批实验_再生PU泡沫,viscosity:RPUF_1.5,recycled-pu:RPUF_1.5:viscosity:013,RPUF_1.5,component_A_slurry_RPUF_1.5,curve_point,component_A_plus_CDW_PU_foam_powder,polyol_side_mixture_before_isocyanate_addition,dynamic_viscosity,6.541,Pa*s,,,elapsed_time,1.1,min,experimental,source_raw_workbook,raw_point,TA Instruments AR200ex rheometer; source time series,direct_experimental_process_property,conditional_reference,formulation_resolved_commercial_component_A_unresolved,rheometer_identified_shear_rate_and_temperature_unreported,0.25,False,,family_elorza_recycled_pu_foam,数据/原始/外部数据/新增开放数据/第十六批实验_再生PU泡沫/原始文件/row data for _Sustainable insulating foams_3/RPUF_viscosity_RawData/RPUF15_viscosty.xlsx#Hoja1!A15:B15,b54439a4f52cb276df4b359bbf8376001e38fcd3d4fc56f7eb7d399fe3119c53,CC BY 4.0,elorza-2021-recycled-pu-foam-data;elorza-2021-recycled-pu-foam-paper,时间序列点共享一个配方运行预算，不按点扩增独立样本。
第十六批实验_再生PU泡沫,viscosity:RPUF_1.5,recycled-pu:RPUF_1.5:viscosity:014,RPUF_1.5,component_A_slurry_RPUF_1.5,curve_point,component_A_plus_CDW_PU_foam_powder,polyol_side_mixture_before_isocyanate_addition,dynamic_viscosity,6.701,Pa*s,,,elapsed_time,1.2,min,experimental,source_raw_workbook,raw_point,TA Instruments AR200ex rheometer; source time series,direct_experimental_process_property,conditional_reference,formulation_resolved_commercial_component_A_unresolved,rheometer_identified_shear_rate_and_temperature_unreported,0.25,False,,family_elorza_recycled_pu_foam,数据/原始/外部数据/新增开放数据/第十六批实验_再生PU泡沫/原始文件/row data for _Sustainable insulating foams_3/RPUF_viscosity_RawData/RPUF15_viscosty.xlsx#Hoja1!A16:B16,b54439a4f52cb276df4b359bbf8376001e38fcd3d4fc56f7eb7d399fe3119c53,CC BY 4.0,elorza-2021-recycled-pu-foam-data;elorza-2021-recycled-pu-foam-paper,时间序列点共享一个配方运行预算，不按点扩增独立样本。
第十六批实验_再生PU泡沫,viscosity:RPUF_1.5,recycled-pu:RPUF_1.5:viscosity:015,RPUF_1.5,component_A_slurry_RPUF_1.5,curve_point,component_A_plus_CDW_PU_foam_powder,polyol_side_mixture_before_isocyanate_addition,dynamic_viscosity,6.266,Pa*s,,,elapsed_time,1.3,min,experimental,source_raw_workbook,raw_point,TA Instruments AR200ex rheometer; source time series,direct_experimental_process_property,conditional_reference,formulation_resolved_commercial_component_A_unresolved,rheometer_identified_shear_rate_and_temperature_unreported,0.25,False,,family_elorza_recycled_pu_foam,数据/原始/外部数据/新增开放数据/第十六批实验_再生PU泡沫/原始文件/row data for _Sustainable insulating foams_3/RPUF_viscosity_RawData/RPUF15_viscosty.xlsx#Hoja1!A17:B17,b54439a4f52cb276df4b359bbf8376001e38fcd3d4fc56f7eb7d399fe3119c53,CC BY 4.0,elorza-2021-recycled-pu-foam-data;elorza-2021-recycled-pu-foam-paper,时间序列点共享一个配方运行预算，不按点扩增独立样本。
第十六批实验_再生PU泡沫,viscosity:RPUF_1.5,recycled-pu:RPUF_1.5:viscosity:016,RPUF_1.5,component_A_slurry_RPUF_1.5,curve_point,component_A_plus_CDW_PU_foam_powder,polyol_side_mixture_before_isocyanate_addition,dynamic_viscosity,7.117,Pa*s,,,elapsed_time,1.3,min,experimental,source_raw_workbook,raw_point,TA Instruments AR200ex rheometer; source time series,direct_experimental_process_property,conditional_reference,formulation_resolved_commercial_component_A_unresolved,rheometer_identified_shear_rate_and_temperature_unreported,0.25,False,,family_elorza_recycled_pu_foam,数据/原始/外部数据/新增开放数据/第十六批实验_再生PU泡沫/原始文件/row data for _Sustainable insulating foams_3/RPUF_viscosity_RawData/RPUF15_viscosty.xlsx#Hoja1!A18:B18,b54439a4f52cb276df4b359bbf8376001e38fcd3d4fc56f7eb7d399fe3119c53,CC BY 4.0,elorza-2021-recycled-pu-foam-data;elorza-2021-recycled-pu-foam-paper,时间序列点共享一个配方运行预算，不按点扩增独立样本。
第十六批实验_再生PU泡沫,viscosity:RPUF_1.5,recycled-pu:RPUF_1.5:viscosity:017,RPUF_1.5,component_A_slurry_RPUF_1.5,curve_point,component_A_plus_CDW_PU_foam_powder,polyol_side_mixture_before_isocyanate_addition,dynamic_viscosity,6.334,Pa*s,,,elapsed_time,1.4,min,experimental,source_raw_workbook,raw_point,TA Instruments AR200ex rheometer; source time series,direct_experimental_process_property,conditional_reference,formulation_resolved_commercial_component_A_unresolved,rheometer_identified_shear_rate_and_temperature_unreported,0.25,False,,family_elorza_recycled_pu_foam,数据/原始/外部数据/新增开放数据/第十六批实验_再生PU泡沫/原始文件/row data for _Sustainable insulating foams_3/RPUF_viscosity_RawData/RPUF15_viscosty.xlsx#Hoja1!A19:B19,b54439a4f52cb276df4b359bbf8376001e38fcd3d4fc56f7eb7d399fe3119c53,CC BY 4.0,elorza-2021-recycled-pu-foam-data;elorza-2021-recycled-pu-foam-paper,时间序列点共享一个配方运行预算，不按点扩增独立样本。
第十六批实验_再生PU泡沫,viscosity:RPUF_1.5,recycled-pu:RPUF_1.5:viscosity:018,RPUF_1.5,component_A_slurry_RPUF_1.5,curve_point,component_A_plus_CDW_PU_foam_powder,polyol_side_mixture_before_isocyanate_addition,dynamic_viscosity,6.389,Pa*s,,,elapsed_time,1.5,min,experimental,source_raw_workbook,raw_point,TA Instruments AR200ex rheometer; source time series,direct_experimental_process_property,conditional_reference,formulation_resolved_commercial_component_A_unresolved,rheometer_identified_shear_rate_and_temperature_unreported,0.25,False,,family_elorza_recycled_pu_foam,数据/原始/外部数据/新增开放数据/第十六批实验_再生PU泡沫/原始文件/row data for _Sustainable insulating foams_3/RPUF_viscosity_RawData/RPUF15_viscosty.xlsx#Hoja1!A20:B20,b54439a4f52cb276df4b359bbf8376001e38fcd3d4fc56f7eb7d399fe3119c53,CC BY 4.0,elorza-2021-recycled-pu-foam-data;elorza-2021-recycled-pu-foam-paper,时间序列点共享一个配方运行预算，不按点扩增独立样本。
第十六批实验_再生PU泡沫,viscosity:RPUF_1.5,recycled-pu:RPUF_1.5:viscosity:019,RPUF_1.5,component_A_slurry_RPUF_1.5,curve_point,component_A_plus_CDW_PU_foam_powder,polyol_side_mixture_before_isocyanate_addition,dynamic_viscosity,6.317,Pa*s,,,elapsed_time,1.6,min,experimental,source_raw_workbook,raw_point,TA Instruments AR200ex rheometer; source time series,direct_experimental_process_property,conditional_reference,formulation_resolved_commercial_component_A_unresolved,rheometer_identified_shear_rate_and_temperature_unreported,0.25,False,,family_elorza_recycled_pu_foam,数据/原始/外部数据/新增开放数据/第十六批实验_再生PU泡沫/原始文件/row data for _Sustainable insulating foams_3/RPUF_viscosity_RawData/RPUF15_viscosty.xlsx#Hoja1!A21:B21,b54439a4f52cb276df4b359bbf8376001e38fcd3d4fc56f7eb7d399fe3119c53,CC BY 4.0,elorza-2021-recycled-pu-foam-data;elorza-2021-recycled-pu-foam-paper,时间序列点共享一个配方运行预算，不按点扩增独立样本。
第十六批实验_再生PU泡沫,viscosity:RPUF_1.5,recycled-pu:RPUF_1.5:viscosity:020,RPUF_1.5,component_A_slurry_RPUF_1.5,curve_point,component_A_plus_CDW_PU_foam_powder,polyol_side_mixture_before_isocyanate_addition,dynamic_viscosity,6.486,Pa*s,,,elapsed_time,1.7,min,experimental,source_raw_workbook,raw_point,TA Instruments AR200ex rheometer; source time series,direct_experimental_process_property,conditional_reference,formulation_resolved_commercial_component_A_unresolved,rheometer_identified_shear_rate_and_temperature_unreported,0.25,False,,family_elorza_recycled_pu_foam,数据/原始/外部数据/新增开放数据/第十六批实验_再生PU泡沫/原始文件/row data for _Sustainable insulating foams_3/RPUF_viscosity_RawData/RPUF15_viscosty.xlsx#Hoja1!A22:B22,b54439a4f52cb276df4b359bbf8376001e38fcd3d4fc56f7eb7d399fe3119c53,CC BY 4.0,elorza-2021-recycled-pu-foam-data;elorza-2021-recycled-pu-foam-paper,时间序列点共享一个配方运行预算，不按点扩增独立样本。
第十六批实验_再生PU泡沫,viscosity:RPUF_1.5,recycled-pu:RPUF_1.5:viscosity:021,RPUF_1.5,component_A_slurry_RPUF_1.5,curve_point,component_A_plus_CDW_PU_foam_powder,polyol_side_mixture_before_isocyanate_addition,dynamic_viscosity,6.48,Pa*s,,,elapsed_time,1.8,min,experimental,source_raw_workbook,raw_point,TA Instruments AR200ex rheometer; source time series,direct_experimental_process_property,conditional_reference,formulation_resolved_commercial_component_A_unresolved,rheometer_identified_shear_rate_and_temperature_unreported,0.25,False,,family_elorza_recycled_pu_foam,数据/原始/外部数据/新增开放数据/第十六批实验_再生PU泡沫/原始文件/row data for _Sustainable insulating foams_3/RPUF_viscosity_RawData/RPUF15_viscosty.xlsx#Hoja1!A23:B23,b54439a4f52cb276df4b359bbf8376001e38fcd3d4fc56f7eb7d399fe3119c53,CC BY 4.0,elorza-2021-recycled-pu-foam-data;elorza-2021-recycled-pu-foam-paper,时间序列点共享一个配方运行预算，不按点扩增独立样本。
第十六批实验_再生PU泡沫,viscosity:RPUF_1.5,recycled-pu:RPUF_1.5:viscosity:022,RPUF_1.5,component_A_slurry_RPUF_1.5,curve_point,component_A_plus_CDW_PU_foam_powder,polyol_side_mixture_before_isocyanate_addition,dynamic_viscosity,6.33,Pa*s,,,elapsed_time,1.8,min,experimental,source_raw_workbook,raw_point,TA Instruments AR200ex rheometer; source time series,direct_experimental_process_property,conditional_reference,formulation_resolved_commercial_component_A_unresolved,rheometer_identified_shear_rate_and_temperature_unreported,0.25,False,,family_elorza_recycled_pu_foam,数据/原始/外部数据/新增开放数据/第十六批实验_再生PU泡沫/原始文件/row data for _Sustainable insulating foams_3/RPUF_viscosity_RawData/RPUF15_viscosty.xlsx#Hoja1!A24:B24,b54439a4f52cb276df4b359bbf8376001e38fcd3d4fc56f7eb7d399fe3119c53,CC BY 4.0,elorza-2021-recycled-pu-foam-data;elorza-2021-recycled-pu-foam-paper,时间序列点共享一个配方运行预算，不按点扩增独立样本。
第十六批实验_再生PU泡沫,viscosity:RPUF_1.5,recycled-pu:RPUF_1.5:viscosity:023,RPUF_1.5,component_A_slurry_RPUF_1.5,curve_point,component_A_plus_CDW_PU_foam_powder,polyol_side_mixture_before_isocyanate_addition,dynamic_viscosity,7.275,Pa*s,,,elapsed_time,1.9,min,experimental,source_raw_workbook,raw_point,TA Instruments AR200ex rheometer; source time series,direct_experimental_process_property,conditional_reference,formulation_resolved_commercial_component_A_unresolved,rheometer_identified_shear_rate_and_temperature_unreported,0.25,False,,family_elorza_recycled_pu_foam,数据/原始/外部数据/新增开放数据/第十六批实验_再生PU泡沫/原始文件/row data for _Sustainable insulating foams_3/RPUF_viscosity_RawData/RPUF15_viscosty.xlsx#Hoja1!A25:B25,b54439a4f52cb276df4b359bbf8376001e38fcd3d4fc56f7eb7d399fe3119c53,CC BY 4.0,elorza-2021-recycled-pu-foam-data;elorza-2021-recycled-pu-foam-paper,时间序列点共享一个配方运行预算，不按点扩增独立样本。
第十六批实验_再生PU泡沫,viscosity:RPUF_1.5,recycled-pu:RPUF_1.5:viscosity:024,RPUF_1.5,component_A_slurry_RPUF_1.5,curve_point,component_A_plus_CDW_PU_foam_powder,polyol_side_mixture_before_isocyanate_addition,dynamic_viscosity,6.389,Pa*s,,,elapsed_time,2.0,min,experimental,source_raw_workbook,raw_point,TA Instruments AR200ex rheometer; source time series,direct_experimental_process_property,conditional_reference,formulation_resolved_commercial_component_A_unresolved,rheometer_identified_shear_rate_and_temperature_unreported,0.25,False,,family_elorza_recycled_pu_foam,数据/原始/外部数据/新增开放数据/第十六批实验_再生PU泡沫/原始文件/row data for _Sustainable insulating foams_3/RPUF_viscosity_RawData/RPUF15_viscosty.xlsx#Hoja1!A26:B26,b54439a4f52cb276df4b359bbf8376001e38fcd3d4fc56f7eb7d399fe3119c53,CC BY 4.0,elorza-2021-recycled-pu-foam-data;elorza-2021-recycled-pu-foam-paper,时间序列点共享一个配方运行预算，不按点扩增独立样本。
第十六批实验_再生PU泡沫,viscosity:RPUF_1.5,recycled-pu:RPUF_1.5:viscosity:025,RPUF_1.5,component_A_slurry_RPUF_1.5,curve_point,component_A_plus_CDW_PU_foam_powder,polyol_side_mixture_before_isocyanate_addition,dynamic_viscosity,7.064,Pa*s,,,elapsed_time,2.1,min,experimental,source_raw_workbook,raw_point,TA Instruments AR200ex rheometer; source time series,direct_experimental_process_property,conditional_reference,formulation_resolved_commercial_component_A_unresolved,rheometer_identified_shear_rate_and_temperature_unreported,0.25,False,,family_elorza_recycled_pu_foam,数据/原始/外部数据/新增开放数据/第十六批实验_再生PU泡沫/原始文件/row data for _Sustainable insulating foams_3/RPUF_viscosity_RawData/RPUF15_viscosty.xlsx#Hoja1!A27:B27,b54439a4f52cb276df4b359bbf8376001e38fcd3d4fc56f7eb7d399fe3119c53,CC BY 4.0,elorza-2021-recycled-pu-foam-data;elorza-2021-recycled-pu-foam-paper,时间序列点共享一个配方运行预算，不按点扩增独立样本。
第十六批实验_再生PU泡沫,viscosity:RPUF_1.5,recycled-pu:RPUF_1.5:viscosity:026,RPUF_1.5,component_A_slurry_RPUF_1.5,curve_point,component_A_plus_CDW_PU_foam_powder,polyol_side_mixture_before_isocyanate_addition,dynamic_viscosity,6.472,Pa*s,,,elapsed_time,2.2,min,experimental,source_raw_workbook,raw_point,TA Instruments AR200ex rheometer; source time series,direct_experimental_process_property,conditional_reference,formulation_resolved_commercial_component_A_unresolved,rheometer_identified_shear_rate_and_temperature_unreported,0.25,False,,family_elorza_recycled_pu_foam,数据/原始/外部数据/新增开放数据/第十六批实验_再生PU泡沫/原始文件/row data for _Sustainable insulating foams_3/RPUF_viscosity_RawData/RPUF15_viscosty.xlsx#Hoja1!A28:B28,b54439a4f52cb276df4b359bbf8376001e38fcd3d4fc56f7eb7d399fe3119c53,CC BY 4.0,elorza-2021-recycled-pu-foam-data;elorza-2021-recycled-pu-foam-paper,时间序列点共享一个配方运行预算，不按点扩增独立样本。
第十六批实验_再生PU泡沫,viscosity:RPUF_1.5,recycled-pu:RPUF_1.5:viscosity:027,RPUF_1.5,component_A_slurry_RPUF_1.5,curve_point,component_A_plus_CDW_PU_foam_powder,polyol_side_mixture_before_isocyanate_addition,dynamic_viscosity,7.694,Pa*s,,,elapsed_time,2.3,min,experimental,source_raw_workbook,raw_point,TA Instruments AR200ex rheometer; source time series,direct_experimental_process_property,conditional_reference,formulation_resolved_commercial_component_A_unresolved,rheometer_identified_shear_rate_and_temperature_unreported,0.25,False,,family_elorza_recycled_pu_foam,数据/原始/外部数据/新增开放数据/第十六批实验_再生PU泡沫/原始文件/row data for _Sustainable insulating foams_3/RPUF_viscosity_RawData/RPUF15_viscosty.xlsx#Hoja1!A29:B29,b54439a4f52cb276df4b359bbf8376001e38fcd3d4fc56f7eb7d399fe3119c53,CC BY 4.0,elorza-2021-recycled-pu-foam-data;elorza-2021-recycled-pu-foam-paper,时间序列点共享一个配方运行预算，不按点扩增独立样本。
第十六批实验_再生PU泡沫,viscosity:RPUF_1.5,recycled-pu:RPUF_1.5:viscosity:028,RPUF_1.5,component_A_slurry_RPUF_1.5,curve_point,component_A_plus_CDW_PU_foam_powder,polyol_side_mixture_before_isocyanate_addition,dynamic_viscosity,7.126,Pa*s,,,elapsed_time,2.3,min,experimental,source_raw_workbook,raw_point,TA Instruments AR200ex rheometer; source time series,direct_experimental_process_property,conditional_reference,formulation_resolved_commercial_component_A_unresolved,rheometer_identified_shear_rate_and_temperature_unreported,0.25,False,,family_elorza_recycled_pu_foam,数据/原始/外部数据/新增开放数据/第十六批实验_再生PU泡沫/原始文件/row data for _Sustainable insulating foams_3/RPUF_viscosity_RawData/RPUF15_viscosty.xlsx#Hoja1!A30:B30,b54439a4f52cb276df4b359bbf8376001e38fcd3d4fc56f7eb7d399fe3119c53,CC BY 4.0,elorza-2021-recycled-pu-foam-data;elorza-2021-recycled-pu-foam-paper,时间序列点共享一个配方运行预算，不按点扩增独立样本。
第十六批实验_再生PU泡沫,viscosity:RPUF_1.5,recycled-pu:RPUF_1.5:viscosity:029,RPUF_1.5,component_A_slurry_RPUF_1.5,curve_point,component_A_plus_CDW_PU_foam_powder,polyol_side_mixture_before_isocyanate_addition,dynamic_viscosity,6.384,Pa*s,,,elapsed_time,2.4,min,experimental,source_raw_workbook,raw_point,TA Instruments AR200ex rheometer; source time series,direct_experimental_process_property,conditional_reference,formulation_resolved_commercial_component_A_unresolved,rheometer_identified_shear_rate_and_temperature_unreported,0.25,False,,family_elorza_recycled_pu_foam,数据/原始/外部数据/新增开放数据/第十六批实验_再生PU泡沫/原始文件/row data for _Sustainable insulating foams_3/RPUF_viscosity_RawData/RPUF15_viscosty.xlsx#Hoja1!A31:B31,b54439a4f52cb276df4b359bbf8376001e38fcd3d4fc56f7eb7d399fe3119c53,CC BY 4.0,elorza-2021-recycled-pu-foam-data;elorza-2021-recycled-pu-foam-paper,时间序列点共享一个配方运行预算，不按点扩增独立样本。
第十六批实验_再生PU泡沫,viscosity:RPUF_1.5,recycled-pu:RPUF_1.5:viscosity:030,RPUF_1.5,component_A_slurry_RPUF_1.5,curve_point,component_A_plus_CDW_PU_foam_powder,polyol_side_mixture_before_isocyanate_addition,dynamic_viscosity,6.868,Pa*s,,,elapsed_time,2.5,min,experimental,source_raw_workbook,raw_point,TA Instruments AR200ex rheometer; source time series,direct_experimental_process_property,conditional_reference,formulation_resolved_commercial_component_A_unresolved,rheometer_identified_shear_rate_and_temperature_unreported,0.25,False,,family_elorza_recycled_pu_foam,数据/原始/外部数据/新增开放数据/第十六批实验_再生PU泡沫/原始文件/row data for _Sustainable insulating foams_3/RPUF_viscosity_RawData/RPUF15_viscosty.xlsx#Hoja1!A32:B32,b54439a4f52cb276df4b359bbf8376001e38fcd3d4fc56f7eb7d399fe3119c53,CC BY 4.0,elorza-2021-recycled-pu-foam-data;elorza-2021-recycled-pu-foam-paper,时间序列点共享一个配方运行预算，不按点扩增独立样本。
第十六批实验_再生PU泡沫,viscosity:RPUF_1.5,recycled-pu:RPUF_1.5:viscosity:031,RPUF_1.5,component_A_slurry_RPUF_1.5,curve_point,component_A_plus_CDW_PU_foam_powder,polyol_side_mixture_before_isocyanate_addition,dynamic_viscosity,6.58,Pa*s,,,elapsed_time,2.6,min,experimental,source_raw_workbook,raw_point,TA Instruments AR200ex rheometer; source time series,direct_experimental_process_property,conditional_reference,formulation_resolved_commercial_component_A_unresolved,rheometer_identified_shear_rate_and_temperature_unreported,0.25,False,,family_elorza_recycled_pu_foam,数据/原始/外部数据/新增开放数据/第十六批实验_再生PU泡沫/原始文件/row data for _Sustainable insulating foams_3/RPUF_viscosity_RawData/RPUF15_viscosty.xlsx#Hoja1!A33:B33,b54439a4f52cb276df4b359bbf8376001e38fcd3d4fc56f7eb7d399fe3119c53,CC BY 4.0,elorza-2021-recycled-pu-foam-data;elorza-2021-recycled-pu-foam-paper,时间序列点共享一个配方运行预算，不按点扩增独立样本。
第十六批实验_再生PU泡沫,viscosity:RPUF_1.5,recycled-pu:RPUF_1.5:viscosity:032,RPUF_1.5,component_A_slurry_RPUF_1.5,curve_point,component_A_plus_CDW_PU_foam_powder,polyol_side_mixture_before_isocyanate_addition,dynamic_viscosity,6.318,Pa*s,,,elapsed_time,2.7,min,experimental,source_raw_workbook,raw_point,TA Instruments AR200ex rheometer; source time series,direct_experimental_process_property,conditional_reference,formulation_resolved_commercial_component_A_unresolved,rheometer_identified_shear_rate_and_temperature_unreported,0.25,False,,family_elorza_recycled_pu_foam,数据/原始/外部数据/新增开放数据/第十六批实验_再生PU泡沫/原始文件/row data for _Sustainable insulating foams_3/RPUF_viscosity_RawData/RPUF15_viscosty.xlsx#Hoja1!A34:B34,b54439a4f52cb276df4b359bbf8376001e38fcd3d4fc56f7eb7d399fe3119c53,CC BY 4.0,elorza-2021-recycled-pu-foam-data;elorza-2021-recycled-pu-foam-paper,时间序列点共享一个配方运行预算，不按点扩增独立样本。
第十六批实验_再生PU泡沫,viscosity:RPUF_1.5,recycled-pu:RPUF_1.5:viscosity:033,RPUF_1.5,component_A_slurry_RPUF_1.5,curve_point,component_A_plus_CDW_PU_foam_powder,polyol_side_mixture_before_isocyanate_addition,dynamic_viscosity,6.735,Pa*s,,,elapsed_time,2.8,min,experimental,source_raw_workbook,raw_point,TA Instruments AR200ex rheometer; source time series,direct_experimental_process_property,conditional_reference,formulation_resolved_commercial_component_A_unresolved,rheometer_identified_shear_rate_and_temperature_unreported,0.25,False,,family_elorza_recycled_pu_foam,数据/原始/外部数据/新增开放数据/第十六批实验_再生PU泡沫/原始文件/row data for _Sustainable insulating foams_3/RPUF_viscosity_RawData/RPUF15_viscosty.xlsx#Hoja1!A35:B35,b54439a4f52cb276df4b359bbf8376001e38fcd3d4fc56f7eb7d399fe3119c53,CC BY 4.0,elorza-2021-recycled-pu-foam-data;elorza-2021-recycled-pu-foam-paper,时间序列点共享一个配方运行预算，不按点扩增独立样本。
第十六批实验_再生PU泡沫,viscosity:RPUF_1.5,recycled-pu:RPUF_1.5:viscosity:034,RPUF_1.5,component_A_slurry_RPUF_1.5,curve_point,component_A_plus_CDW_PU_foam_powder,polyol_side_mixture_before_isocyanate_addition,dynamic_viscosity,6.401,Pa*s,,,elapsed_time,2.8,min,experimental,source_raw_workbook,raw_point,TA Instruments AR200ex rheometer; source time series,direct_experimental_process_property,conditional_reference,formulation_resolved_commercial_component_A_unresolved,rheometer_identified_shear_rate_and_temperature_unreported,0.25,False,,family_elorza_recycled_pu_foam,数据/原始/外部数据/新增开放数据/第十六批实验_再生PU泡沫/原始文件/row data for _Sustainable insulating foams_3/RPUF_viscosity_RawData/RPUF15_viscosty.xlsx#Hoja1!A36:B36,b54439a4f52cb276df4b359bbf8376001e38fcd3d4fc56f7eb7d399fe3119c53,CC BY 4.0,elorza-2021-recycled-pu-foam-data;elorza-2021-recycled-pu-foam-paper,时间序列点共享一个配方运行预算，不按点扩增独立样本。
第十六批实验_再生PU泡沫,viscosity:RPUF_1.5,recycled-pu:RPUF_1.5:viscosity:035,RPUF_1.5,component_A_slurry_RPUF_1.5,curve_point,component_A_plus_CDW_PU_foam_powder,polyol_side_mixture_before_isocyanate_addition,dynamic_viscosity,8.969,Pa*s,,,elapsed_time,2.9,min,experimental,source_raw_workbook,raw_point,TA Instruments AR200ex rheometer; source time series,direct_experimental_process_property,conditional_reference,formulation_resolved_commercial_component_A_unresolved,rheometer_identified_shear_rate_and_temperature_unreported,0.25,False,,family_elorza_recycled_pu_foam,数据/原始/外部数据/新增开放数据/第十六批实验_再生PU泡沫/原始文件/row data for _Sustainable insulating foams_3/RPUF_viscosity_RawData/RPUF15_viscosty.xlsx#Hoja1!A37:B37,b54439a4f52cb276df4b359bbf8376001e38fcd3d4fc56f7eb7d399fe3119c53,CC BY 4.0,elorza-2021-recycled-pu-foam-data;elorza-2021-recycled-pu-foam-paper,时间序列点共享一个配方运行预算，不按点扩增独立样本。
第十六批实验_再生PU泡沫,viscosity:RPUF_1.5,recycled-pu:RPUF_1.5:viscosity:036,RPUF_1.5,component_A_slurry_RPUF_1.5,curve_point,component_A_plus_CDW_PU_foam_powder,polyol_side_mixture_before_isocyanate_addition,dynamic_viscosity,6.802,Pa*s,,,elapsed_time,3.0,min,experimental,source_raw_workbook,raw_point,TA Instruments AR200ex rheometer; source time series,direct_experimental_process_property,conditional_reference,formulation_resolved_commercial_component_A_unresolved,rheometer_identified_shear_rate_and_temperature_unreported,0.25,False,,family_elorza_recycled_pu_foam,数据/原始/外部数据/新增开放数据/第十六批实验_再生PU泡沫/原始文件/row data for _Sustainable insulating foams_3/RPUF_viscosity_RawData/RPUF15_viscosty.xlsx#Hoja1!A38:B38,b54439a4f52cb276df4b359bbf8376001e38fcd3d4fc56f7eb7d399fe3119c53,CC BY 4.0,elorza-2021-recycled-pu-foam-data;elorza-2021-recycled-pu-foam-paper,时间序列点共享一个配方运行预算，不按点扩增独立样本。
第十六批实验_再生PU泡沫,viscosity:RPUF_1.5,recycled-pu:RPUF_1.5:viscosity:037,RPUF_1.5,component_A_slurry_RPUF_1.5,curve_point,component_A_plus_CDW_PU_foam_powder,polyol_side_mixture_before_isocyanate_addition,dynamic_viscosity,8.816,Pa*s,,,elapsed_time,3.1,min,experimental,source_raw_workbook,raw_point,TA Instruments AR200ex rheometer; source time series,direct_experimental_process_property,conditional_reference,formulation_resolved_commercial_component_A_unresolved,rheometer_identified_shear_rate_and_temperature_unreported,0.25,False,,family_elorza_recycled_pu_foam,数据/原始/外部数据/新增开放数据/第十六批实验_再生PU泡沫/原始文件/row data for _Sustainable insulating foams_3/RPUF_viscosity_RawData/RPUF15_viscosty.xlsx#Hoja1!A39:B39,b54439a4f52cb276df4b359bbf8376001e38fcd3d4fc56f7eb7d399fe3119c53,CC BY 4.0,elorza-2021-recycled-pu-foam-data;elorza-2021-recycled-pu-foam-paper,时间序列点共享一个配方运行预算，不按点扩增独立样本。
第十六批实验_再生PU泡沫,viscosity:RPUF_1.5,recycled-pu:RPUF_1.5:viscosity:038,RPUF_1.5,component_A_slurry_RPUF_1.5,curve_point,component_A_plus_CDW_PU_foam_powder,polyol_side_mixture_before_isocyanate_addition,dynamic_viscosity,7.965,Pa*s,,,elapsed_time,3.2,min,experimental,source_raw_workbook,raw_point,TA Instruments AR200ex rheometer; source time series,direct_experimental_process_property,conditional_reference,formulation_resolved_commercial_component_A_unresolved,rheometer_identified_shear_rate_and_temperature_unreported,0.25,False,,family_elorza_recycled_pu_foam,数据/原始/外部数据/新增开放数据/第十六批实验_再生PU泡沫/原始文件/row data for _Sustainable insulating foams_3/RPUF_viscosity_RawData/RPUF15_viscosty.xlsx#Hoja1!A40:B40,b54439a4f52cb276df4b359bbf8376001e38fcd3d4fc56f7eb7d399fe3119c53,CC BY 4.0,elorza-2021-recycled-pu-foam-data;elorza-2021-recycled-pu-foam-paper,时间序列点共享一个配方运行预算，不按点扩增独立样本。
第十六批实验_再生PU泡沫,viscosity:RPUF_1.5,recycled-pu:RPUF_1.5:viscosity:039,RPUF_1.5,component_A_slurry_RPUF_1.5,curve_point,component_A_plus_CDW_PU_foam_powder,polyol_side_mixture_before_isocyanate_addition,dynamic_viscosity,8.447,Pa*s,,,elapsed_time,3.2,min,experimental,source_raw_workbook,raw_point,TA Instruments AR200ex rheometer; source time series,direct_experimental_process_property,conditional_reference,formulation_resolved_commercial_component_A_unresolved,rheometer_identified_shear_rate_and_temperature_unreported,0.25,False,,family_elorza_recycled_pu_foam,数据/原始/外部数据/新增开放数据/第十六批实验_再生PU泡沫/原始文件/row data for _Sustainable insulating foams_3/RPUF_viscosity_RawData/RPUF15_viscosty.xlsx#Hoja1!A41:B41,b54439a4f52cb276df4b359bbf8376001e38fcd3d4fc56f7eb7d399fe3119c53,CC BY 4.0,elorza-2021-recycled-pu-foam-data;elorza-2021-recycled-pu-foam-paper,时间序列点共享一个配方运行预算，不按点扩增独立样本。
第十六批实验_再生PU泡沫,viscosity:RPUF_1.5,recycled-pu:RPUF_1.5:viscosity:040,RPUF_1.5,component_A_slurry_RPUF_1.5,curve_point,component_A_plus_CDW_PU_foam_powder,polyol_side_mixture_before_isocyanate_addition,dynamic_viscosity,7.37,Pa*s,,,elapsed_time,3.3,min,experimental,source_raw_workbook,raw_point,TA Instruments AR200ex rheometer; source time series,direct_experimental_process_property,conditional_reference,formulation_resolved_commercial_component_A_unresolved,rheometer_identified_shear_rate_and_temperature_unreported,0.25,False,,family_elorza_recycled_pu_foam,数据/原始/外部数据/新增开放数据/第十六批实验_再生PU泡沫/原始文件/row data for _Sustainable insulating foams_3/RPUF_viscosity_RawData/RPUF15_viscosty.xlsx#Hoja1!A42:B42,b54439a4f52cb276df4b359bbf8376001e38fcd3d4fc56f7eb7d399fe3119c53,CC BY 4.0,elorza-2021-recycled-pu-foam-data;elorza-2021-recycled-pu-foam-paper,时间序列点共享一个配方运行预算，不按点扩增独立样本。
第十六批实验_再生PU泡沫,viscosity:RPUF_1.5,recycled-pu:RPUF_1.5:viscosity:041,RPUF_1.5,component_A_slurry_RPUF_1.5,curve_point,component_A_plus_CDW_PU_foam_powder,polyol_side_mixture_before_isocyanate_addition,dynamic_viscosity,6.841,Pa*s,,,elapsed_time,3.4,min,experimental,source_raw_workbook,raw_point,TA Instruments AR200ex rheometer; source time series,direct_experimental_process_property,conditional_reference,formulation_resolved_commercial_component_A_unresolved,rheometer_identified_shear_rate_and_temperature_unreported,0.25,False,,family_elorza_recycled_pu_foam,数据/原始/外部数据/新增开放数据/第十六批实验_再生PU泡沫/原始文件/row data for _Sustainable insulating foams_3/RPUF_viscosity_RawData/RPUF15_viscosty.xlsx#Hoja1!A43:B43,b54439a4f52cb276df4b359bbf8376001e38fcd3d4fc56f7eb7d399fe3119c53,CC BY 4.0,elorza-2021-recycled-pu-foam-data;elorza-2021-recycled-pu-foam-paper,时间序列点共享一个配方运行预算，不按点扩增独立样本。
第十六批实验_再生PU泡沫,viscosity:RPUF_1.5,recycled-pu:RPUF_1.5:viscosity:042,RPUF_1.5,component_A_slurry_RPUF_1.5,curve_point,component_A_plus_CDW_PU_foam_powder,polyol_side_mixture_before_isocyanate_addition,dynamic_viscosity,6.868,Pa*s,,,elapsed_time,3.5,min,experimental,source_raw_workbook,raw_point,TA Instruments AR200ex rheometer; source time series,direct_experimental_process_property,conditional_reference,formulation_resolved_commercial_component_A_unresolved,rheometer_identified_shear_rate_and_temperature_unreported,0.25,False,,family_elorza_recycled_pu_foam,数据/原始/外部数据/新增开放数据/第十六批实验_再生PU泡沫/原始文件/row data for _Sustainable insulating foams_3/RPUF_viscosity_RawData/RPUF15_viscosty.xlsx#Hoja1!A44:B44,b54439a4f52cb276df4b359bbf8376001e38fcd3d4fc56f7eb7d399fe3119c53,CC BY 4.0,elorza-2021-recycled-pu-foam-data;elorza-2021-recycled-pu-foam-paper,时间序列点共享一个配方运行预算，不按点扩增独立样本。
第十六批实验_再生PU泡沫,viscosity:RPUF_1.5,recycled-pu:RPUF_1.5:viscosity:043,RPUF_1.5,component_A_slurry_RPUF_1.5,curve_point,component_A_plus_CDW_PU_foam_powder,polyol_side_mixture_before_isocyanate_addition,dynamic_viscosity,7.135,Pa*s,,,elapsed_time,3.6,min,experimental,source_raw_workbook,raw_point,TA Instruments AR200ex rheometer; source time series,direct_experimental_process_property,conditional_reference,formulation_resolved_commercial_component_A_unresolved,rheometer_identified_shear_rate_and_temperature_unreported,0.25,False,,family_elorza_recycled_pu_foam,数据/原始/外部数据/新增开放数据/第十六批实验_再生PU泡沫/原始文件/row data for _Sustainable insulating foams_3/RPUF_viscosity_RawData/RPUF15_viscosty.xlsx#Hoja1!A45:B45,b54439a4f52cb276df4b359bbf8376001e38fcd3d4fc56f7eb7d399fe3119c53,CC BY 4.0,elorza-2021-recycled-pu-foam-data;elorza-2021-recycled-pu-foam-paper,时间序列点共享一个配方运行预算，不按点扩增独立样本。
第十六批实验_再生PU泡沫,viscosity:RPUF_1.5,recycled-pu:RPUF_1.5:viscosity:044,RPUF_1.5,component_A_slurry_RPUF_1.5,curve_point,component_A_plus_CDW_PU_foam_powder,polyol_side_mixture_before_isocyanate_addition,dynamic_viscosity,6.729,Pa*s,,,elapsed_time,3.7,min,experimental,source_raw_workbook,raw_point,TA Instruments AR200ex rheometer; source time series,direct_experimental_process_property,conditional_reference,formulation_resolved_commercial_component_A_unresolved,rheometer_identified_shear_rate_and_temperature_unreported,0.25,False,,family_elorza_recycled_pu_foam,数据/原始/外部数据/新增开放数据/第十六批实验_再生PU泡沫/原始文件/row data for _Sustainable insulating foams_3/RPUF_viscosity_RawData/RPUF15_viscosty.xlsx#Hoja1!A46:B46,b54439a4f52cb276df4b359bbf8376001e38fcd3d4fc56f7eb7d399fe3119c53,CC BY 4.0,elorza-2021-recycled-pu-foam-data;elorza-2021-recycled-pu-foam-paper,时间序列点共享一个配方运行预算，不按点扩增独立样本。
第十六批实验_再生PU泡沫,viscosity:RPUF_1.5,recycled-pu:RPUF_1.5:viscosity:045,RPUF_1.5,component_A_slurry_RPUF_1.5,curve_point,component_A_plus_CDW_PU_foam_powder,polyol_side_mixture_before_isocyanate_addition,dynamic_viscosity,7.027,Pa*s,,,elapsed_time,3.8,min,experimental,source_raw_workbook,raw_point,TA Instruments AR200ex rheometer; source time series,direct_experimental_process_property,conditional_reference,formulation_resolved_commercial_component_A_unresolved,rheometer_identified_shear_rate_and_temperature_unreported,0.25,False,,family_elorza_recycled_pu_foam,数据/原始/外部数据/新增开放数据/第十六批实验_再生PU泡沫/原始文件/row data for _Sustainable insulating foams_3/RPUF_viscosity_RawData/RPUF15_viscosty.xlsx#Hoja1!A47:B47,b54439a4f52cb276df4b359bbf8376001e38fcd3d4fc56f7eb7d399fe3119c53,CC BY 4.0,elorza-2021-recycled-pu-foam-data;elorza-2021-recycled-pu-foam-paper,时间序列点共享一个配方运行预算，不按点扩增独立样本。
第十六批实验_再生PU泡沫,viscosity:RPUF_1.5,recycled-pu:RPUF_1.5:viscosity:046,RPUF_1.5,component_A_slurry_RPUF_1.5,curve_point,component_A_plus_CDW_PU_foam_powder,polyol_side_mixture_before_isocyanate_addition,dynamic_viscosity,7.012,Pa*s,,,elapsed_time,3.8,min,experimental,source_raw_workbook,raw_point,TA Instruments AR200ex rheometer; source time series,direct_experimental_process_property,conditional_reference,formulation_resolved_commercial_component_A_unresolved,rheometer_identified_shear_rate_and_temperature_unreported,0.25,False,,family_elorza_recycled_pu_foam,数据/原始/外部数据/新增开放数据/第十六批实验_再生PU泡沫/原始文件/row data for _Sustainable insulating foams_3/RPUF_viscosity_RawData/RPUF15_viscosty.xlsx#Hoja1!A48:B48,b54439a4f52cb276df4b359bbf8376001e38fcd3d4fc56f7eb7d399fe3119c53,CC BY 4.0,elorza-2021-recycled-pu-foam-data;elorza-2021-recycled-pu-foam-paper,时间序列点共享一个配方运行预算，不按点扩增独立样本。
第十六批实验_再生PU泡沫,viscosity:RPUF_1.5,recycled-pu:RPUF_1.5:viscosity:047,RPUF_1.5,component_A_slurry_RPUF_1.5,curve_point,component_A_plus_CDW_PU_foam_powder,polyol_side_mixture_before_isocyanate_addition,dynamic_viscosity,7.052,Pa*s,,,elapsed_time,3.9,min,experimental,source_raw_workbook,raw_point,TA Instruments AR200ex rheometer; source time series,direct_experimental_process_property,conditional_reference,formulation_resolved_commercial_component_A_unresolved,rheometer_identified_shear_rate_and_temperature_unreported,0.25,False,,family_elorza_recycled_pu_foam,数据/原始/外部数据/新增开放数据/第十六批实验_再生PU泡沫/原始文件/row data for _Sustainable insulating foams_3/RPUF_viscosity_RawData/RPUF15_viscosty.xlsx#Hoja1!A49:B49,b54439a4f52cb276df4b359bbf8376001e38fcd3d4fc56f7eb7d399fe3119c53,CC BY 4.0,elorza-2021-recycled-pu-foam-data;elorza-2021-recycled-pu-foam-paper,时间序列点共享一个配方运行预算，不按点扩增独立样本。
第十六批实验_再生PU泡沫,viscosity:RPUF_1.5,recycled-pu:RPUF_1.5:viscosity:048,RPUF_1.5,component_A_slurry_RPUF_1.5,curve_point,component_A_plus_CDW_PU_foam_powder,polyol_side_mixture_before_isocyanate_addition,dynamic_viscosity,7.21,Pa*s,,,elapsed_time,4.0,min,experimental,source_raw_workbook,raw_point,TA Instruments AR200ex rheometer; source time series,direct_experimental_process_property,conditional_reference,formulation_resolved_commercial_component_A_unresolved,rheometer_identified_shear_rate_and_temperature_unreported,0.25,False,,family_elorza_recycled_pu_foam,数据/原始/外部数据/新增开放数据/第十六批实验_再生PU泡沫/原始文件/row data for _Sustainable insulating foams_3/RPUF_viscosity_RawData/RPUF15_viscosty.xlsx#Hoja1!A50:B50,b54439a4f52cb276df4b359bbf8376001e38fcd3d4fc56f7eb7d399fe3119c53,CC BY 4.0,elorza-2021-recycled-pu-foam-data;elorza-2021-recycled-pu-foam-paper,时间序列点共享一个配方运行预算，不按点扩增独立样本。
第十六批实验_再生PU泡沫,viscosity:RPUF_1.5,recycled-pu:RPUF_1.5:viscosity:049,RPUF_1.5,component_A_slurry_RPUF_1.5,curve_point,component_A_plus_CDW_PU_foam_powder,polyol_side_mixture_before_isocyanate_addition,dynamic_viscosity,7.796,Pa*s,,,elapsed_time,4.1,min,experimental,source_raw_workbook,raw_point,TA Instruments AR200ex rheometer; source time series,direct_experimental_process_property,conditional_reference,formulation_resolved_commercial_component_A_unresolved,rheometer_identified_shear_rate_and_temperature_unreported,0.25,False,,family_elorza_recycled_pu_foam,数据/原始/外部数据/新增开放数据/第十六批实验_再生PU泡沫/原始文件/row data for _Sustainable insulating foams_3/RPUF_viscosity_RawData/RPUF15_viscosty.xlsx#Hoja1!A51:B51,b54439a4f52cb276df4b359bbf8376001e38fcd3d4fc56f7eb7d399fe3119c53,CC BY 4.0,elorza-2021-recycled-pu-foam-data;elorza-2021-recycled-pu-foam-paper,时间序列点共享一个配方运行预算，不按点扩增独立样本。
第十六批实验_再生PU泡沫,viscosity:RPUF_1.5,recycled-pu:RPUF_1.5:viscosity:050,RPUF_1.5,component_A_slurry_RPUF_1.5,curve_point,component_A_plus_CDW_PU_foam_powder,polyol_side_mixture_before_isocyanate_addition,dynamic_viscosity,7.156,Pa*s,,,elapsed_time,4.2,min,experimental,source_raw_workbook,raw_point,TA Instruments AR200ex rheometer; source time series,direct_experimental_process_property,conditional_reference,formulation_resolved_commercial_component_A_unresolved,rheometer_identified_shear_rate_and_temperature_unreported,0.25,False,,family_elorza_recycled_pu_foam,数据/原始/外部数据/新增开放数据/第十六批实验_再生PU泡沫/原始文件/row data for _Sustainable insulating foams_3/RPUF_viscosity_RawData/RPUF15_viscosty.xlsx#Hoja1!A52:B52,b54439a4f52cb276df4b359bbf8376001e38fcd3d4fc56f7eb7d399fe3119c53,CC BY 4.0,elorza-2021-recycled-pu-foam-data;elorza-2021-recycled-pu-foam-paper,时间序列点共享一个配方运行预算，不按点扩增独立样本。
第十六批实验_再生PU泡沫,viscosity:RPUF_1.5,recycled-pu:RPUF_1.5:viscosity:051,RPUF_1.5,component_A_slurry_RPUF_1.5,curve_point,component_A_plus_CDW_PU_foam_powder,polyol_side_mixture_before_isocyanate_addition,dynamic_viscosity,8.828,Pa*s,,,elapsed_time,4.2,min,experimental,source_raw_workbook,raw_point,TA Instruments AR200ex rheometer; source time series,direct_experimental_process_property,conditional_reference,formulation_resolved_commercial_component_A_unresolved,rheometer_identified_shear_rate_and_temperature_unreported,0.25,False,,family_elorza_recycled_pu_foam,数据/原始/外部数据/新增开放数据/第十六批实验_再生PU泡沫/原始文件/row data for _Sustainable insulating foams_3/RPUF_viscosity_RawData/RPUF15_viscosty.xlsx#Hoja1!A53:B53,b54439a4f52cb276df4b359bbf8376001e38fcd3d4fc56f7eb7d399fe3119c53,CC BY 4.0,elorza-2021-recycled-pu-foam-data;elorza-2021-recycled-pu-foam-paper,时间序列点共享一个配方运行预算，不按点扩增独立样本。
第十六批实验_再生PU泡沫,viscosity:RPUF_1.5,recycled-pu:RPUF_1.5:viscosity:052,RPUF_1.5,component_A_slurry_RPUF_1.5,curve_point,component_A_plus_CDW_PU_foam_powder,polyol_side_mixture_before_isocyanate_addition,dynamic_viscosity,6.757,Pa*s,,,elapsed_time,4.3,min,experimental,source_raw_workbook,raw_point,TA Instruments AR200ex rheometer; source time series,direct_experimental_process_property,conditional_reference,formulation_resolved_commercial_component_A_unresolved,rheometer_identified_shear_rate_and_temperature_unreported,0.25,False,,family_elorza_recycled_pu_foam,数据/原始/外部数据/新增开放数据/第十六批实验_再生PU泡沫/原始文件/row data for _Sustainable insulating foams_3/RPUF_viscosity_RawData/RPUF15_viscosty.xlsx#Hoja1!A54:B54,b54439a4f52cb276df4b359bbf8376001e38fcd3d4fc56f7eb7d399fe3119c53,CC BY 4.0,elorza-2021-recycled-pu-foam-data;elorza-2021-recycled-pu-foam-paper,时间序列点共享一个配方运行预算，不按点扩增独立样本。
第十六批实验_再生PU泡沫,viscosity:RPUF_1.5,recycled-pu:RPUF_1.5:viscosity:053,RPUF_1.5,component_A_slurry_RPUF_1.5,curve_point,component_A_plus_CDW_PU_foam_powder,polyol_side_mixture_before_isocyanate_addition,dynamic_viscosity,6.66,Pa*s,,,elapsed_time,4.4,min,experimental,source_raw_workbook,raw_point,TA Instruments AR200ex rheometer; source time series,direct_experimental_process_property,conditional_reference,formulation_resolved_commercial_component_A_unresolved,rheometer_identified_shear_rate_and_temperature_unreported,0.25,False,,family_elorza_recycled_pu_foam,数据/原始/外部数据/新增开放数据/第十六批实验_再生PU泡沫/原始文件/row data for _Sustainable insulating foams_3/RPUF_viscosity_RawData/RPUF15_viscosty.xlsx#Hoja1!A55:B55,b54439a4f52cb276df4b359bbf8376001e38fcd3d4fc56f7eb7d399fe3119c53,CC BY 4.0,elorza-2021-recycled-pu-foam-data;elorza-2021-recycled-pu-foam-paper,时间序列点共享一个配方运行预算，不按点扩增独立样本。
第十六批实验_再生PU泡沫,viscosity:RPUF_1.5,recycled-pu:RPUF_1.5:viscosity:054,RPUF_1.5,component_A_slurry_RPUF_1.5,curve_point,component_A_plus_CDW_PU_foam_powder,polyol_side_mixture_before_isocyanate_addition,dynamic_viscosity,6.444,Pa*s,,,elapsed_time,4.5,min,experimental,source_raw_workbook,raw_point,TA Instruments AR200ex rheometer; source time series,direct_experimental_process_property,conditional_reference,formulation_resolved_commercial_component_A_unresolved,rheometer_identified_shear_rate_and_temperature_unreported,0.25,False,,family_elorza_recycled_pu_foam,数据/原始/外部数据/新增开放数据/第十六批实验_再生PU泡沫/原始文件/row data for _Sustainable insulating foams_3/RPUF_viscosity_RawData/RPUF15_viscosty.xlsx#Hoja1!A56:B56,b54439a4f52cb276df4b359bbf8376001e38fcd3d4fc56f7eb7d399fe3119c53,CC BY 4.0,elorza-2021-recycled-pu-foam-data;elorza-2021-recycled-pu-foam-paper,时间序列点共享一个配方运行预算，不按点扩增独立样本。
第十六批实验_再生PU泡沫,viscosity:RPUF_1.5,recycled-pu:RPUF_1.5:viscosity:055,RPUF_1.5,component_A_slurry_RPUF_1.5,curve_point,component_A_plus_CDW_PU_foam_powder,polyol_side_mixture_before_isocyanate_addition,dynamic_viscosity,6.642,Pa*s,,,elapsed_time,4.6,min,experimental,source_raw_workbook,raw_point,TA Instruments AR200ex rheometer; source time series,direct_experimental_process_property,conditional_reference,formulation_resolved_commercial_component_A_unresolved,rheometer_identified_shear_rate_and_temperature_unreported,0.25,False,,family_elorza_recycled_pu_foam,数据/原始/外部数据/新增开放数据/第十六批实验_再生PU泡沫/原始文件/row data for _Sustainable insulating foams_3/RPUF_viscosity_RawData/RPUF15_viscosty.xlsx#Hoja1!A57:B57,b54439a4f52cb276df4b359bbf8376001e38fcd3d4fc56f7eb7d399fe3119c53,CC BY 4.0,elorza-2021-recycled-pu-foam-data;elorza-2021-recycled-pu-foam-paper,时间序列点共享一个配方运行预算，不按点扩增独立样本。
第十六批实验_再生PU泡沫,viscosity:RPUF_1.5,recycled-pu:RPUF_1.5:viscosity:056,RPUF_1.5,component_A_slurry_RPUF_1.5,curve_point,component_A_plus_CDW_PU_foam_powder,polyol_side_mixture_before_isocyanate_addition,dynamic_viscosity,6.97,Pa*s,,,elapsed_time,4.7,min,experimental,source_raw_workbook,raw_point,TA Instruments AR200ex rheometer; source time series,direct_experimental_process_property,conditional_reference,formulation_resolved_commercial_component_A_unresolved,rheometer_identified_shear_rate_and_temperature_unreported,0.25,False,,family_elorza_recycled_pu_foam,数据/原始/外部数据/新增开放数据/第十六批实验_再生PU泡沫/原始文件/row data for _Sustainable insulating foams_3/RPUF_viscosity_RawData/RPUF15_viscosty.xlsx#Hoja1!A58:B58,b54439a4f52cb276df4b359bbf8376001e38fcd3d4fc56f7eb7d399fe3119c53,CC BY 4.0,elorza-2021-recycled-pu-foam-data;elorza-2021-recycled-pu-foam-paper,时间序列点共享一个配方运行预算，不按点扩增独立样本。
第十六批实验_再生PU泡沫,viscosity:RPUF_1.5,recycled-pu:RPUF_1.5:viscosity:057,RPUF_1.5,component_A_slurry_RPUF_1.5,curve_point,component_A_plus_CDW_PU_foam_powder,polyol_side_mixture_before_isocyanate_addition,dynamic_viscosity,6.987,Pa*s,,,elapsed_time,4.8,min,experimental,source_raw_workbook,raw_point,TA Instruments AR200ex rheometer; source time series,direct_experimental_process_property,conditional_reference,formulation_resolved_commercial_component_A_unresolved,rheometer_identified_shear_rate_and_temperature_unreported,0.25,False,,family_elorza_recycled_pu_foam,数据/原始/外部数据/新增开放数据/第十六批实验_再生PU泡沫/原始文件/row data for _Sustainable insulating foams_3/RPUF_viscosity_RawData/RPUF15_viscosty.xlsx#Hoja1!A59:B59,b54439a4f52cb276df4b359bbf8376001e38fcd3d4fc56f7eb7d399fe3119c53,CC BY 4.0,elorza-2021-recycled-pu-foam-data;elorza-2021-recycled-pu-foam-paper,时间序列点共享一个配方运行预算，不按点扩增独立样本。
第十六批实验_再生PU泡沫,viscosity:RPUF_1.5,recycled-pu:RPUF_1.5:viscosity:058,RPUF_1.5,component_A_slurry_RPUF_1.5,curve_point,component_A_plus_CDW_PU_foam_powder,polyol_side_mixture_before_isocyanate_addition,dynamic_viscosity,7.042,Pa*s,,,elapsed_time,4.8,min,experimental,source_raw_workbook,raw_point,TA Instruments AR200ex rheometer; source time series,direct_experimental_process_property,conditional_reference,formulation_resolved_commercial_component_A_unresolved,rheometer_identified_shear_rate_and_temperature_unreported,0.25,False,,family_elorza_recycled_pu_foam,数据/原始/外部数据/新增开放数据/第十六批实验_再生PU泡沫/原始文件/row data for _Sustainable insulating foams_3/RPUF_viscosity_RawData/RPUF15_viscosty.xlsx#Hoja1!A60:B60,b54439a4f52cb276df4b359bbf8376001e38fcd3d4fc56f7eb7d399fe3119c53,CC BY 4.0,elorza-2021-recycled-pu-foam-data;elorza-2021-recycled-pu-foam-paper,时间序列点共享一个配方运行预算，不按点扩增独立样本。
第十六批实验_再生PU泡沫,viscosity:RPUF_1.5,recycled-pu:RPUF_1.5:viscosity:059,RPUF_1.5,component_A_slurry_RPUF_1.5,curve_point,component_A_plus_CDW_PU_foam_powder,polyol_side_mixture_before_isocyanate_addition,dynamic_viscosity,7.17,Pa*s,,,elapsed_time,4.9,min,experimental,source_raw_workbook,raw_point,TA Instruments AR200ex rheometer; source time series,direct_experimental_process_property,conditional_reference,formulation_resolved_commercial_component_A_unresolved,rheometer_identified_shear_rate_and_temperature_unreported,0.25,False,,family_elorza_recycled_pu_foam,数据/原始/外部数据/新增开放数据/第十六批实验_再生PU泡沫/原始文件/row data for _Sustainable insulating foams_3/RPUF_viscosity_RawData/RPUF15_viscosty.xlsx#Hoja1!A61:B61,b54439a4f52cb276df4b359bbf8376001e38fcd3d4fc56f7eb7d399fe3119c53,CC BY 4.0,elorza-2021-recycled-pu-foam-data;elorza-2021-recycled-pu-foam-paper,时间序列点共享一个配方运行预算，不按点扩增独立样本。
第十六批实验_再生PU泡沫,viscosity:RPUF_1.5,recycled-pu:RPUF_1.5:viscosity:060,RPUF_1.5,component_A_slurry_RPUF_1.5,curve_point,component_A_plus_CDW_PU_foam_powder,polyol_side_mixture_before_isocyanate_addition,dynamic_viscosity,6.789,Pa*s,,,elapsed_time,5.0,min,experimental,source_raw_workbook,raw_point,TA Instruments AR200ex rheometer; source time series,direct_experimental_process_property,conditional_reference,formulation_resolved_commercial_component_A_unresolved,rheometer_identified_shear_rate_and_temperature_unreported,0.25,False,,family_elorza_recycled_pu_foam,数据/原始/外部数据/新增开放数据/第十六批实验_再生PU泡沫/原始文件/row data for _Sustainable insulating foams_3/RPUF_viscosity_RawData/RPUF15_viscosty.xlsx#Hoja1!A62:B62,b54439a4f52cb276df4b359bbf8376001e38fcd3d4fc56f7eb7d399fe3119c53,CC BY 4.0,elorza-2021-recycled-pu-foam-data;elorza-2021-recycled-pu-foam-paper,时间序列点共享一个配方运行预算，不按点扩增独立样本。
第十六批实验_再生PU泡沫,viscosity:RPUF_3.0,recycled-pu:RPUF_3.0:viscosity:001,RPUF_3.0,component_A_slurry_RPUF_3.0,curve_point,component_A_plus_CDW_PU_foam_powder,polyol_side_mixture_before_isocyanate_addition,dynamic_viscosity,48.79,Pa*s,,,elapsed_time,0.1,min,experimental,source_raw_workbook,raw_point,TA Instruments AR200ex rheometer; source time series,direct_experimental_process_property,conditional_reference,formulation_resolved_commercial_component_A_unresolved,rheometer_identified_shear_rate_and_temperature_unreported,0.25,False,,family_elorza_recycled_pu_foam,数据/原始/外部数据/新增开放数据/第十六批实验_再生PU泡沫/原始文件/row data for _Sustainable insulating foams_3/RPUF_viscosity_RawData/RPUF30_viscosty.xlsx#Hoja1!A3:B3,be0f0452805fa66a111ea9a1e06790a580460c24e9c8def5be31a1eefcd2b9f8,CC BY 4.0,elorza-2021-recycled-pu-foam-data;elorza-2021-recycled-pu-foam-paper,时间序列点共享一个配方运行预算，不按点扩增独立样本。
第十六批实验_再生PU泡沫,viscosity:RPUF_3.0,recycled-pu:RPUF_3.0:viscosity:002,RPUF_3.0,component_A_slurry_RPUF_3.0,curve_point,component_A_plus_CDW_PU_foam_powder,polyol_side_mixture_before_isocyanate_addition,dynamic_viscosity,51.23,Pa*s,,,elapsed_time,0.2,min,experimental,source_raw_workbook,raw_point,TA Instruments AR200ex rheometer; source time series,direct_experimental_process_property,conditional_reference,formulation_resolved_commercial_component_A_unresolved,rheometer_identified_shear_rate_and_temperature_unreported,0.25,False,,family_elorza_recycled_pu_foam,数据/原始/外部数据/新增开放数据/第十六批实验_再生PU泡沫/原始文件/row data for _Sustainable insulating foams_3/RPUF_viscosity_RawData/RPUF30_viscosty.xlsx#Hoja1!A4:B4,be0f0452805fa66a111ea9a1e06790a580460c24e9c8def5be31a1eefcd2b9f8,CC BY 4.0,elorza-2021-recycled-pu-foam-data;elorza-2021-recycled-pu-foam-paper,时间序列点共享一个配方运行预算，不按点扩增独立样本。
第十六批实验_再生PU泡沫,viscosity:RPUF_3.0,recycled-pu:RPUF_3.0:viscosity:003,RPUF_3.0,component_A_slurry_RPUF_3.0,curve_point,component_A_plus_CDW_PU_foam_powder,polyol_side_mixture_before_isocyanate_addition,dynamic_viscosity,51.53,Pa*s,,,elapsed_time,0.3,min,experimental,source_raw_workbook,raw_point,TA Instruments AR200ex rheometer; source time series,direct_experimental_process_property,conditional_reference,formulation_resolved_commercial_component_A_unresolved,rheometer_identified_shear_rate_and_temperature_unreported,0.25,False,,family_elorza_recycled_pu_foam,数据/原始/外部数据/新增开放数据/第十六批实验_再生PU泡沫/原始文件/row data for _Sustainable insulating foams_3/RPUF_viscosity_RawData/RPUF30_viscosty.xlsx#Hoja1!A5:B5,be0f0452805fa66a111ea9a1e06790a580460c24e9c8def5be31a1eefcd2b9f8,CC BY 4.0,elorza-2021-recycled-pu-foam-data;elorza-2021-recycled-pu-foam-paper,时间序列点共享一个配方运行预算，不按点扩增独立样本。
第十六批实验_再生PU泡沫,viscosity:RPUF_3.0,recycled-pu:RPUF_3.0:viscosity:004,RPUF_3.0,component_A_slurry_RPUF_3.0,curve_point,component_A_plus_CDW_PU_foam_powder,polyol_side_mixture_before_isocyanate_addition,dynamic_viscosity,51.33,Pa*s,,,elapsed_time,0.3,min,experimental,source_raw_workbook,raw_point,TA Instruments AR200ex rheometer; source time series,direct_experimental_process_property,conditional_reference,formulation_resolved_commercial_component_A_unresolved,rheometer_identified_shear_rate_and_temperature_unreported,0.25,False,,family_elorza_recycled_pu_foam,数据/原始/外部数据/新增开放数据/第十六批实验_再生PU泡沫/原始文件/row data for _Sustainable insulating foams_3/RPUF_viscosity_RawData/RPUF30_viscosty.xlsx#Hoja1!A6:B6,be0f0452805fa66a111ea9a1e06790a580460c24e9c8def5be31a1eefcd2b9f8,CC BY 4.0,elorza-2021-recycled-pu-foam-data;elorza-2021-recycled-pu-foam-paper,时间序列点共享一个配方运行预算，不按点扩增独立样本。
第十六批实验_再生PU泡沫,viscosity:RPUF_3.0,recycled-pu:RPUF_3.0:viscosity:005,RPUF_3.0,component_A_slurry_RPUF_3.0,curve_point,component_A_plus_CDW_PU_foam_powder,polyol_side_mixture_before_isocyanate_addition,dynamic_viscosity,48.88,Pa*s,,,elapsed_time,0.4,min,experimental,source_raw_workbook,raw_point,TA Instruments AR200ex rheometer; source time series,direct_experimental_process_property,conditional_reference,formulation_resolved_commercial_component_A_unresolved,rheometer_identified_shear_rate_and_temperature_unreported,0.25,False,,family_elorza_recycled_pu_foam,数据/原始/外部数据/新增开放数据/第十六批实验_再生PU泡沫/原始文件/row data for _Sustainable insulating foams_3/RPUF_viscosity_RawData/RPUF30_viscosty.xlsx#Hoja1!A7:B7,be0f0452805fa66a111ea9a1e06790a580460c24e9c8def5be31a1eefcd2b9f8,CC BY 4.0,elorza-2021-recycled-pu-foam-data;elorza-2021-recycled-pu-foam-paper,时间序列点共享一个配方运行预算，不按点扩增独立样本。
第十六批实验_再生PU泡沫,viscosity:RPUF_3.0,recycled-pu:RPUF_3.0:viscosity:006,RPUF_3.0,component_A_slurry_RPUF_3.0,curve_point,component_A_plus_CDW_PU_foam_powder,polyol_side_mixture_before_isocyanate_addition,dynamic_viscosity,47.87,Pa*s,,,elapsed_time,0.5,min,experimental,source_raw_workbook,raw_point,TA Instruments AR200ex rheometer; source time series,direct_experimental_process_property,conditional_reference,formulation_resolved_commercial_component_A_unresolved,rheometer_identified_shear_rate_and_temperature_unreported,0.25,False,,family_elorza_recycled_pu_foam,数据/原始/外部数据/新增开放数据/第十六批实验_再生PU泡沫/原始文件/row data for _Sustainable insulating foams_3/RPUF_viscosity_RawData/RPUF30_viscosty.xlsx#Hoja1!A8:B8,be0f0452805fa66a111ea9a1e06790a580460c24e9c8def5be31a1eefcd2b9f8,CC BY 4.0,elorza-2021-recycled-pu-foam-data;elorza-2021-recycled-pu-foam-paper,时间序列点共享一个配方运行预算，不按点扩增独立样本。
第十六批实验_再生PU泡沫,viscosity:RPUF_3.0,recycled-pu:RPUF_3.0:viscosity:007,RPUF_3.0,component_A_slurry_RPUF_3.0,curve_point,component_A_plus_CDW_PU_foam_powder,polyol_side_mixture_before_isocyanate_addition,dynamic_viscosity,44.96,Pa*s,,,elapsed_time,0.6,min,experimental,source_raw_workbook,raw_point,TA Instruments AR200ex rheometer; source time series,direct_experimental_process_property,conditional_reference,formulation_resolved_commercial_component_A_unresolved,rheometer_identified_shear_rate_and_temperature_unreported,0.25,False,,family_elorza_recycled_pu_foam,数据/原始/外部数据/新增开放数据/第十六批实验_再生PU泡沫/原始文件/row data for _Sustainable insulating foams_3/RPUF_viscosity_RawData/RPUF30_viscosty.xlsx#Hoja1!A9:B9,be0f0452805fa66a111ea9a1e06790a580460c24e9c8def5be31a1eefcd2b9f8,CC BY 4.0,elorza-2021-recycled-pu-foam-data;elorza-2021-recycled-pu-foam-paper,时间序列点共享一个配方运行预算，不按点扩增独立样本。
第十六批实验_再生PU泡沫,viscosity:RPUF_3.0,recycled-pu:RPUF_3.0:viscosity:008,RPUF_3.0,component_A_slurry_RPUF_3.0,curve_point,component_A_plus_CDW_PU_foam_powder,polyol_side_mixture_before_isocyanate_addition,dynamic_viscosity,44.03,Pa*s,,,elapsed_time,0.7,min,experimental,source_raw_workbook,raw_point,TA Instruments AR200ex rheometer; source time series,direct_experimental_process_property,conditional_reference,formulation_resolved_commercial_component_A_unresolved,rheometer_identified_shear_rate_and_temperature_unreported,0.25,False,,family_elorza_recycled_pu_foam,数据/原始/外部数据/新增开放数据/第十六批实验_再生PU泡沫/原始文件/row data for _Sustainable insulating foams_3/RPUF_viscosity_RawData/RPUF30_viscosty.xlsx#Hoja1!A10:B10,be0f0452805fa66a111ea9a1e06790a580460c24e9c8def5be31a1eefcd2b9f8,CC BY 4.0,elorza-2021-recycled-pu-foam-data;elorza-2021-recycled-pu-foam-paper,时间序列点共享一个配方运行预算，不按点扩增独立样本。
第十六批实验_再生PU泡沫,viscosity:RPUF_3.0,recycled-pu:RPUF_3.0:viscosity:009,RPUF_3.0,component_A_slurry_RPUF_3.0,curve_point,component_A_plus_CDW_PU_foam_powder,polyol_side_mixture_before_isocyanate_addition,dynamic_viscosity,43.98,Pa*s,,,elapsed_time,0.8,min,experimental,source_raw_workbook,raw_point,TA Instruments AR200ex rheometer; source time series,direct_experimental_process_property,conditional_reference,formulation_resolved_commercial_component_A_unresolved,rheometer_identified_shear_rate_and_temperature_unreported,0.25,False,,family_elorza_recycled_pu_foam,数据/原始/外部数据/新增开放数据/第十六批实验_再生PU泡沫/原始文件/row data for _Sustainable insulating foams_3/RPUF_viscosity_RawData/RPUF30_viscosty.xlsx#Hoja1!A11:B11,be0f0452805fa66a111ea9a1e06790a580460c24e9c8def5be31a1eefcd2b9f8,CC BY 4.0,elorza-2021-recycled-pu-foam-data;elorza-2021-recycled-pu-foam-paper,时间序列点共享一个配方运行预算，不按点扩增独立样本。
第十六批实验_再生PU泡沫,viscosity:RPUF_3.0,recycled-pu:RPUF_3.0:viscosity:010,RPUF_3.0,component_A_slurry_RPUF_3.0,curve_point,component_A_plus_CDW_PU_foam_powder,polyol_side_mixture_before_isocyanate_addition,dynamic_viscosity,43.32,Pa*s,,,elapsed_time,0.8,min,experimental,source_raw_workbook,raw_point,TA Instruments AR200ex rheometer; source time series,direct_experimental_process_property,conditional_reference,formulation_resolved_commercial_component_A_unresolved,rheometer_identified_shear_rate_and_temperature_unreported,0.25,False,,family_elorza_recycled_pu_foam,数据/原始/外部数据/新增开放数据/第十六批实验_再生PU泡沫/原始文件/row data for _Sustainable insulating foams_3/RPUF_viscosity_RawData/RPUF30_viscosty.xlsx#Hoja1!A12:B12,be0f0452805fa66a111ea9a1e06790a580460c24e9c8def5be31a1eefcd2b9f8,CC BY 4.0,elorza-2021-recycled-pu-foam-data;elorza-2021-recycled-pu-foam-paper,时间序列点共享一个配方运行预算，不按点扩增独立样本。
第十六批实验_再生PU泡沫,viscosity:RPUF_3.0,recycled-pu:RPUF_3.0:viscosity:011,RPUF_3.0,component_A_slurry_RPUF_3.0,curve_point,component_A_plus_CDW_PU_foam_powder,polyol_side_mixture_before_isocyanate_addition,dynamic_viscosity,42.24,Pa*s,,,elapsed_time,0.9,min,experimental,source_raw_workbook,raw_point,TA Instruments AR200ex rheometer; source time series,direct_experimental_process_property,conditional_reference,formulation_resolved_commercial_component_A_unresolved,rheometer_identified_shear_rate_and_temperature_unreported,0.25,False,,family_elorza_recycled_pu_foam,数据/原始/外部数据/新增开放数据/第十六批实验_再生PU泡沫/原始文件/row data for _Sustainable insulating foams_3/RPUF_viscosity_RawData/RPUF30_viscosty.xlsx#Hoja1!A13:B13,be0f0452805fa66a111ea9a1e06790a580460c24e9c8def5be31a1eefcd2b9f8,CC BY 4.0,elorza-2021-recycled-pu-foam-data;elorza-2021-recycled-pu-foam-paper,时间序列点共享一个配方运行预算，不按点扩增独立样本。
第十六批实验_再生PU泡沫,viscosity:RPUF_3.0,recycled-pu:RPUF_3.0:viscosity:012,RPUF_3.0,component_A_slurry_RPUF_3.0,curve_point,component_A_plus_CDW_PU_foam_powder,polyol_side_mixture_before_isocyanate_addition,dynamic_viscosity,42.56,Pa*s,,,elapsed_time,1.0,min,experimental,source_raw_workbook,raw_point,TA Instruments AR200ex rheometer; source time series,direct_experimental_process_property,conditional_reference,formulation_resolved_commercial_component_A_unresolved,rheometer_identified_shear_rate_and_temperature_unreported,0.25,False,,family_elorza_recycled_pu_foam,数据/原始/外部数据/新增开放数据/第十六批实验_再生PU泡沫/原始文件/row data for _Sustainable insulating foams_3/RPUF_viscosity_RawData/RPUF30_viscosty.xlsx#Hoja1!A14:B14,be0f0452805fa66a111ea9a1e06790a580460c24e9c8def5be31a1eefcd2b9f8,CC BY 4.0,elorza-2021-recycled-pu-foam-data;elorza-2021-recycled-pu-foam-paper,时间序列点共享一个配方运行预算，不按点扩增独立样本。
第十六批实验_再生PU泡沫,viscosity:RPUF_3.0,recycled-pu:RPUF_3.0:viscosity:013,RPUF_3.0,component_A_slurry_RPUF_3.0,curve_point,component_A_plus_CDW_PU_foam_powder,polyol_side_mixture_before_isocyanate_addition,dynamic_viscosity,42.14,Pa*s,,,elapsed_time,1.1,min,experimental,source_raw_workbook,raw_point,TA Instruments AR200ex rheometer; source time series,direct_experimental_process_property,conditional_reference,formulation_resolved_commercial_component_A_unresolved,rheometer_identified_shear_rate_and_temperature_unreported,0.25,False,,family_elorza_recycled_pu_foam,数据/原始/外部数据/新增开放数据/第十六批实验_再生PU泡沫/原始文件/row data for _Sustainable insulating foams_3/RPUF_viscosity_RawData/RPUF30_viscosty.xlsx#Hoja1!A15:B15,be0f0452805fa66a111ea9a1e06790a580460c24e9c8def5be31a1eefcd2b9f8,CC BY 4.0,elorza-2021-recycled-pu-foam-data;elorza-2021-recycled-pu-foam-paper,时间序列点共享一个配方运行预算，不按点扩增独立样本。
第十六批实验_再生PU泡沫,viscosity:RPUF_3.0,recycled-pu:RPUF_3.0:viscosity:014,RPUF_3.0,component_A_slurry_RPUF_3.0,curve_point,component_A_plus_CDW_PU_foam_powder,polyol_side_mixture_before_isocyanate_addition,dynamic_viscosity,44.19,Pa*s,,,elapsed_time,1.2,min,experimental,source_raw_workbook,raw_point,TA Instruments AR200ex rheometer; source time series,direct_experimental_process_property,conditional_reference,formulation_resolved_commercial_component_A_unresolved,rheometer_identified_shear_rate_and_temperature_unreported,0.25,False,,family_elorza_recycled_pu_foam,数据/原始/外部数据/新增开放数据/第十六批实验_再生PU泡沫/原始文件/row data for _Sustainable insulating foams_3/RPUF_viscosity_RawData/RPUF30_viscosty.xlsx#Hoja1!A16:B16,be0f0452805fa66a111ea9a1e06790a580460c24e9c8def5be31a1eefcd2b9f8,CC BY 4.0,elorza-2021-recycled-pu-foam-data;elorza-2021-recycled-pu-foam-paper,时间序列点共享一个配方运行预算，不按点扩增独立样本。
第十六批实验_再生PU泡沫,viscosity:RPUF_3.0,recycled-pu:RPUF_3.0:viscosity:015,RPUF_3.0,component_A_slurry_RPUF_3.0,curve_point,component_A_plus_CDW_PU_foam_powder,polyol_side_mixture_before_isocyanate_addition,dynamic_viscosity,44.91,Pa*s,,,elapsed_time,1.3,min,experimental,source_raw_workbook,raw_point,TA Instruments AR200ex rheometer; source time series,direct_experimental_process_property,conditional_reference,formulation_resolved_commercial_component_A_unresolved,rheometer_identified_shear_rate_and_temperature_unreported,0.25,False,,family_elorza_recycled_pu_foam,数据/原始/外部数据/新增开放数据/第十六批实验_再生PU泡沫/原始文件/row data for _Sustainable insulating foams_3/RPUF_viscosity_RawData/RPUF30_viscosty.xlsx#Hoja1!A17:B17,be0f0452805fa66a111ea9a1e06790a580460c24e9c8def5be31a1eefcd2b9f8,CC BY 4.0,elorza-2021-recycled-pu-foam-data;elorza-2021-recycled-pu-foam-paper,时间序列点共享一个配方运行预算，不按点扩增独立样本。
第十六批实验_再生PU泡沫,viscosity:RPUF_3.0,recycled-pu:RPUF_3.0:viscosity:016,RPUF_3.0,component_A_slurry_RPUF_3.0,curve_point,component_A_plus_CDW_PU_foam_powder,polyol_side_mixture_before_isocyanate_addition,dynamic_viscosity,45.98,Pa*s,,,elapsed_time,1.3,min,experimental,source_raw_workbook,raw_point,TA Instruments AR200ex rheometer; source time series,direct_experimental_process_property,conditional_reference,formulation_resolved_commercial_component_A_unresolved,rheometer_identified_shear_rate_and_temperature_unreported,0.25,False,,family_elorza_recycled_pu_foam,数据/原始/外部数据/新增开放数据/第十六批实验_再生PU泡沫/原始文件/row data for _Sustainable insulating foams_3/RPUF_viscosity_RawData/RPUF30_viscosty.xlsx#Hoja1!A18:B18,be0f0452805fa66a111ea9a1e06790a580460c24e9c8def5be31a1eefcd2b9f8,CC BY 4.0,elorza-2021-recycled-pu-foam-data;elorza-2021-recycled-pu-foam-paper,时间序列点共享一个配方运行预算，不按点扩增独立样本。
第十六批实验_再生PU泡沫,viscosity:RPUF_3.0,recycled-pu:RPUF_3.0:viscosity:017,RPUF_3.0,component_A_slurry_RPUF_3.0,curve_point,component_A_plus_CDW_PU_foam_powder,polyol_side_mixture_before_isocyanate_addition,dynamic_viscosity,47.19,Pa*s,,,elapsed_time,1.4,min,experimental,source_raw_workbook,raw_point,TA Instruments AR200ex rheometer; source time series,direct_experimental_process_property,conditional_reference,formulation_resolved_commercial_component_A_unresolved,rheometer_identified_shear_rate_and_temperature_unreported,0.25,False,,family_elorza_recycled_pu_foam,数据/原始/外部数据/新增开放数据/第十六批实验_再生PU泡沫/原始文件/row data for _Sustainable insulating foams_3/RPUF_viscosity_RawData/RPUF30_viscosty.xlsx#Hoja1!A19:B19,be0f0452805fa66a111ea9a1e06790a580460c24e9c8def5be31a1eefcd2b9f8,CC BY 4.0,elorza-2021-recycled-pu-foam-data;elorza-2021-recycled-pu-foam-paper,时间序列点共享一个配方运行预算，不按点扩增独立样本。
第十六批实验_再生PU泡沫,viscosity:RPUF_3.0,recycled-pu:RPUF_3.0:viscosity:018,RPUF_3.0,component_A_slurry_RPUF_3.0,curve_point,component_A_plus_CDW_PU_foam_powder,polyol_side_mixture_before_isocyanate_addition,dynamic_viscosity,49.79,Pa*s,,,elapsed_time,1.5,min,experimental,source_raw_workbook,raw_point,TA Instruments AR200ex rheometer; source time series,direct_experimental_process_property,conditional_reference,formulation_resolved_commercial_component_A_unresolved,rheometer_identified_shear_rate_and_temperature_unreported,0.25,False,,family_elorza_recycled_pu_foam,数据/原始/外部数据/新增开放数据/第十六批实验_再生PU泡沫/原始文件/row data for _Sustainable insulating foams_3/RPUF_viscosity_RawData/RPUF30_viscosty.xlsx#Hoja1!A20:B20,be0f0452805fa66a111ea9a1e06790a580460c24e9c8def5be31a1eefcd2b9f8,CC BY 4.0,elorza-2021-recycled-pu-foam-data;elorza-2021-recycled-pu-foam-paper,时间序列点共享一个配方运行预算，不按点扩增独立样本。
第十六批实验_再生PU泡沫,viscosity:RPUF_3.0,recycled-pu:RPUF_3.0:viscosity:019,RPUF_3.0,component_A_slurry_RPUF_3.0,curve_point,component_A_plus_CDW_PU_foam_powder,polyol_side_mixture_before_isocyanate_addition,dynamic_viscosity,51.35,Pa*s,,,elapsed_time,1.6,min,experimental,source_raw_workbook,raw_point,TA Instruments AR200ex rheometer; source time series,direct_experimental_process_property,conditional_reference,formulation_resolved_commercial_component_A_unresolved,rheometer_identified_shear_rate_and_temperature_unreported,0.25,False,,family_elorza_recycled_pu_foam,数据/原始/外部数据/新增开放数据/第十六批实验_再生PU泡沫/原始文件/row data for _Sustainable insulating foams_3/RPUF_viscosity_RawData/RPUF30_viscosty.xlsx#Hoja1!A21:B21,be0f0452805fa66a111ea9a1e06790a580460c24e9c8def5be31a1eefcd2b9f8,CC BY 4.0,elorza-2021-recycled-pu-foam-data;elorza-2021-recycled-pu-foam-paper,时间序列点共享一个配方运行预算，不按点扩增独立样本。
第十六批实验_再生PU泡沫,viscosity:RPUF_3.0,recycled-pu:RPUF_3.0:viscosity:020,RPUF_3.0,component_A_slurry_RPUF_3.0,curve_point,component_A_plus_CDW_PU_foam_powder,polyol_side_mixture_before_isocyanate_addition,dynamic_viscosity,50.28,Pa*s,,,elapsed_time,1.7,min,experimental,source_raw_workbook,raw_point,TA Instruments AR200ex rheometer; source time series,direct_experimental_process_property,conditional_reference,formulation_resolved_commercial_component_A_unresolved,rheometer_identified_shear_rate_and_temperature_unreported,0.25,False,,family_elorza_recycled_pu_foam,数据/原始/外部数据/新增开放数据/第十六批实验_再生PU泡沫/原始文件/row data for _Sustainable insulating foams_3/RPUF_viscosity_RawData/RPUF30_viscosty.xlsx#Hoja1!A22:B22,be0f0452805fa66a111ea9a1e06790a580460c24e9c8def5be31a1eefcd2b9f8,CC BY 4.0,elorza-2021-recycled-pu-foam-data;elorza-2021-recycled-pu-foam-paper,时间序列点共享一个配方运行预算，不按点扩增独立样本。
第十六批实验_再生PU泡沫,viscosity:RPUF_3.0,recycled-pu:RPUF_3.0:viscosity:021,RPUF_3.0,component_A_slurry_RPUF_3.0,curve_point,component_A_plus_CDW_PU_foam_powder,polyol_side_mixture_before_isocyanate_addition,dynamic_viscosity,49.77,Pa*s,,,elapsed_time,1.8,min,experimental,source_raw_workbook,raw_point,TA Instruments AR200ex rheometer; source time series,direct_experimental_process_property,conditional_reference,formulation_resolved_commercial_component_A_unresolved,rheometer_identified_shear_rate_and_temperature_unreported,0.25,False,,family_elorza_recycled_pu_foam,数据/原始/外部数据/新增开放数据/第十六批实验_再生PU泡沫/原始文件/row data for _Sustainable insulating foams_3/RPUF_viscosity_RawData/RPUF30_viscosty.xlsx#Hoja1!A23:B23,be0f0452805fa66a111ea9a1e06790a580460c24e9c8def5be31a1eefcd2b9f8,CC BY 4.0,elorza-2021-recycled-pu-foam-data;elorza-2021-recycled-pu-foam-paper,时间序列点共享一个配方运行预算，不按点扩增独立样本。
第十六批实验_再生PU泡沫,viscosity:RPUF_3.0,recycled-pu:RPUF_3.0:viscosity:022,RPUF_3.0,component_A_slurry_RPUF_3.0,curve_point,component_A_plus_CDW_PU_foam_powder,polyol_side_mixture_before_isocyanate_addition,dynamic_viscosity,48.33,Pa*s,,,elapsed_time,1.8,min,experimental,source_raw_workbook,raw_point,TA Instruments AR200ex rheometer; source time series,direct_experimental_process_property,conditional_reference,formulation_resolved_commercial_component_A_unresolved,rheometer_identified_shear_rate_and_temperature_unreported,0.25,False,,family_elorza_recycled_pu_foam,数据/原始/外部数据/新增开放数据/第十六批实验_再生PU泡沫/原始文件/row data for _Sustainable insulating foams_3/RPUF_viscosity_RawData/RPUF30_viscosty.xlsx#Hoja1!A24:B24,be0f0452805fa66a111ea9a1e06790a580460c24e9c8def5be31a1eefcd2b9f8,CC BY 4.0,elorza-2021-recycled-pu-foam-data;elorza-2021-recycled-pu-foam-paper,时间序列点共享一个配方运行预算，不按点扩增独立样本。
第十六批实验_再生PU泡沫,viscosity:RPUF_3.0,recycled-pu:RPUF_3.0:viscosity:023,RPUF_3.0,component_A_slurry_RPUF_3.0,curve_point,component_A_plus_CDW_PU_foam_powder,polyol_side_mixture_before_isocyanate_addition,dynamic_viscosity,45.43,Pa*s,,,elapsed_time,1.9,min,experimental,source_raw_workbook,raw_point,TA Instruments AR200ex rheometer; source time series,direct_experimental_process_property,conditional_reference,formulation_resolved_commercial_component_A_unresolved,rheometer_identified_shear_rate_and_temperature_unreported,0.25,False,,family_elorza_recycled_pu_foam,数据/原始/外部数据/新增开放数据/第十六批实验_再生PU泡沫/原始文件/row data for _Sustainable insulating foams_3/RPUF_viscosity_RawData/RPUF30_viscosty.xlsx#Hoja1!A25:B25,be0f0452805fa66a111ea9a1e06790a580460c24e9c8def5be31a1eefcd2b9f8,CC BY 4.0,elorza-2021-recycled-pu-foam-data;elorza-2021-recycled-pu-foam-paper,时间序列点共享一个配方运行预算，不按点扩增独立样本。
第十六批实验_再生PU泡沫,viscosity:RPUF_3.0,recycled-pu:RPUF_3.0:viscosity:024,RPUF_3.0,component_A_slurry_RPUF_3.0,curve_point,component_A_plus_CDW_PU_foam_powder,polyol_side_mixture_before_isocyanate_addition,dynamic_viscosity,43.72,Pa*s,,,elapsed_time,2.0,min,experimental,source_raw_workbook,raw_point,TA Instruments AR200ex rheometer; source time series,direct_experimental_process_property,conditional_reference,formulation_resolved_commercial_component_A_unresolved,rheometer_identified_shear_rate_and_temperature_unreported,0.25,False,,family_elorza_recycled_pu_foam,数据/原始/外部数据/新增开放数据/第十六批实验_再生PU泡沫/原始文件/row data for _Sustainable insulating foams_3/RPUF_viscosity_RawData/RPUF30_viscosty.xlsx#Hoja1!A26:B26,be0f0452805fa66a111ea9a1e06790a580460c24e9c8def5be31a1eefcd2b9f8,CC BY 4.0,elorza-2021-recycled-pu-foam-data;elorza-2021-recycled-pu-foam-paper,时间序列点共享一个配方运行预算，不按点扩增独立样本。
第十六批实验_再生PU泡沫,viscosity:RPUF_3.0,recycled-pu:RPUF_3.0:viscosity:025,RPUF_3.0,component_A_slurry_RPUF_3.0,curve_point,component_A_plus_CDW_PU_foam_powder,polyol_side_mixture_before_isocyanate_addition,dynamic_viscosity,42.22,Pa*s,,,elapsed_time,2.1,min,experimental,source_raw_workbook,raw_point,TA Instruments AR200ex rheometer; source time series,direct_experimental_process_property,conditional_reference,formulation_resolved_commercial_component_A_unresolved,rheometer_identified_shear_rate_and_temperature_unreported,0.25,False,,family_elorza_recycled_pu_foam,数据/原始/外部数据/新增开放数据/第十六批实验_再生PU泡沫/原始文件/row data for _Sustainable insulating foams_3/RPUF_viscosity_RawData/RPUF30_viscosty.xlsx#Hoja1!A27:B27,be0f0452805fa66a111ea9a1e06790a580460c24e9c8def5be31a1eefcd2b9f8,CC BY 4.0,elorza-2021-recycled-pu-foam-data;elorza-2021-recycled-pu-foam-paper,时间序列点共享一个配方运行预算，不按点扩增独立样本。
第十六批实验_再生PU泡沫,viscosity:RPUF_3.0,recycled-pu:RPUF_3.0:viscosity:026,RPUF_3.0,component_A_slurry_RPUF_3.0,curve_point,component_A_plus_CDW_PU_foam_powder,polyol_side_mixture_before_isocyanate_addition,dynamic_viscosity,40.76,Pa*s,,,elapsed_time,2.2,min,experimental,source_raw_workbook,raw_point,TA Instruments AR200ex rheometer; source time series,direct_experimental_process_property,conditional_reference,formulation_resolved_commercial_component_A_unresolved,rheometer_identified_shear_rate_and_temperature_unreported,0.25,False,,family_elorza_recycled_pu_foam,数据/原始/外部数据/新增开放数据/第十六批实验_再生PU泡沫/原始文件/row data for _Sustainable insulating foams_3/RPUF_viscosity_RawData/RPUF30_viscosty.xlsx#Hoja1!A28:B28,be0f0452805fa66a111ea9a1e06790a580460c24e9c8def5be31a1eefcd2b9f8,CC BY 4.0,elorza-2021-recycled-pu-foam-data;elorza-2021-recycled-pu-foam-paper,时间序列点共享一个配方运行预算，不按点扩增独立样本。
第十六批实验_再生PU泡沫,viscosity:RPUF_3.0,recycled-pu:RPUF_3.0:viscosity:027,RPUF_3.0,component_A_slurry_RPUF_3.0,curve_point,component_A_plus_CDW_PU_foam_powder,polyol_side_mixture_before_isocyanate_addition,dynamic_viscosity,40.33,Pa*s,,,elapsed_time,2.3,min,experimental,source_raw_workbook,raw_point,TA Instruments AR200ex rheometer; source time series,direct_experimental_process_property,conditional_reference,formulation_resolved_commercial_component_A_unresolved,rheometer_identified_shear_rate_and_temperature_unreported,0.25,False,,family_elorza_recycled_pu_foam,数据/原始/外部数据/新增开放数据/第十六批实验_再生PU泡沫/原始文件/row data for _Sustainable insulating foams_3/RPUF_viscosity_RawData/RPUF30_viscosty.xlsx#Hoja1!A29:B29,be0f0452805fa66a111ea9a1e06790a580460c24e9c8def5be31a1eefcd2b9f8,CC BY 4.0,elorza-2021-recycled-pu-foam-data;elorza-2021-recycled-pu-foam-paper,时间序列点共享一个配方运行预算，不按点扩增独立样本。
第十六批实验_再生PU泡沫,viscosity:RPUF_3.0,recycled-pu:RPUF_3.0:viscosity:028,RPUF_3.0,component_A_slurry_RPUF_3.0,curve_point,component_A_plus_CDW_PU_foam_powder,polyol_side_mixture_before_isocyanate_addition,dynamic_viscosity,39.9,Pa*s,,,elapsed_time,2.3,min,experimental,source_raw_workbook,raw_point,TA Instruments AR200ex rheometer; source time series,direct_experimental_process_property,conditional_reference,formulation_resolved_commercial_component_A_unresolved,rheometer_identified_shear_rate_and_temperature_unreported,0.25,False,,family_elorza_recycled_pu_foam,数据/原始/外部数据/新增开放数据/第十六批实验_再生PU泡沫/原始文件/row data for _Sustainable insulating foams_3/RPUF_viscosity_RawData/RPUF30_viscosty.xlsx#Hoja1!A30:B30,be0f0452805fa66a111ea9a1e06790a580460c24e9c8def5be31a1eefcd2b9f8,CC BY 4.0,elorza-2021-recycled-pu-foam-data;elorza-2021-recycled-pu-foam-paper,时间序列点共享一个配方运行预算，不按点扩增独立样本。
第十六批实验_再生PU泡沫,viscosity:RPUF_3.0,recycled-pu:RPUF_3.0:viscosity:029,RPUF_3.0,component_A_slurry_RPUF_3.0,curve_point,component_A_plus_CDW_PU_foam_powder,polyol_side_mixture_before_isocyanate_addition,dynamic_viscosity,40.24,Pa*s,,,elapsed_time,2.4,min,experimental,source_raw_workbook,raw_point,TA Instruments AR200ex rheometer; source time series,direct_experimental_process_property,conditional_reference,formulation_resolved_commercial_component_A_unresolved,rheometer_identified_shear_rate_and_temperature_unreported,0.25,False,,family_elorza_recycled_pu_foam,数据/原始/外部数据/新增开放数据/第十六批实验_再生PU泡沫/原始文件/row data for _Sustainable insulating foams_3/RPUF_viscosity_RawData/RPUF30_viscosty.xlsx#Hoja1!A31:B31,be0f0452805fa66a111ea9a1e06790a580460c24e9c8def5be31a1eefcd2b9f8,CC BY 4.0,elorza-2021-recycled-pu-foam-data;elorza-2021-recycled-pu-foam-paper,时间序列点共享一个配方运行预算，不按点扩增独立样本。
第十六批实验_再生PU泡沫,viscosity:RPUF_3.0,recycled-pu:RPUF_3.0:viscosity:030,RPUF_3.0,component_A_slurry_RPUF_3.0,curve_point,component_A_plus_CDW_PU_foam_powder,polyol_side_mixture_before_isocyanate_addition,dynamic_viscosity,39.94,Pa*s,,,elapsed_time,2.5,min,experimental,source_raw_workbook,raw_point,TA Instruments AR200ex rheometer; source time series,direct_experimental_process_property,conditional_reference,formulation_resolved_commercial_component_A_unresolved,rheometer_identified_shear_rate_and_temperature_unreported,0.25,False,,family_elorza_recycled_pu_foam,数据/原始/外部数据/新增开放数据/第十六批实验_再生PU泡沫/原始文件/row data for _Sustainable insulating foams_3/RPUF_viscosity_RawData/RPUF30_viscosty.xlsx#Hoja1!A32:B32,be0f0452805fa66a111ea9a1e06790a580460c24e9c8def5be31a1eefcd2b9f8,CC BY 4.0,elorza-2021-recycled-pu-foam-data;elorza-2021-recycled-pu-foam-paper,时间序列点共享一个配方运行预算，不按点扩增独立样本。
第十六批实验_再生PU泡沫,viscosity:RPUF_3.0,recycled-pu:RPUF_3.0:viscosity:031,RPUF_3.0,component_A_slurry_RPUF_3.0,curve_point,component_A_plus_CDW_PU_foam_powder,polyol_side_mixture_before_isocyanate_addition,dynamic_viscosity,41.31,Pa*s,,,elapsed_time,2.6,min,experimental,source_raw_workbook,raw_point,TA Instruments AR200ex rheometer; source time series,direct_experimental_process_property,conditional_reference,formulation_resolved_commercial_component_A_unresolved,rheometer_identified_shear_rate_and_temperature_unreported,0.25,False,,family_elorza_recycled_pu_foam,数据/原始/外部数据/新增开放数据/第十六批实验_再生PU泡沫/原始文件/row data for _Sustainable insulating foams_3/RPUF_viscosity_RawData/RPUF30_viscosty.xlsx#Hoja1!A33:B33,be0f0452805fa66a111ea9a1e06790a580460c24e9c8def5be31a1eefcd2b9f8,CC BY 4.0,elorza-2021-recycled-pu-foam-data;elorza-2021-recycled-pu-foam-paper,时间序列点共享一个配方运行预算，不按点扩增独立样本。
第十六批实验_再生PU泡沫,viscosity:RPUF_3.0,recycled-pu:RPUF_3.0:viscosity:032,RPUF_3.0,component_A_slurry_RPUF_3.0,curve_point,component_A_plus_CDW_PU_foam_powder,polyol_side_mixture_before_isocyanate_addition,dynamic_viscosity,41.12,Pa*s,,,elapsed_time,2.7,min,experimental,source_raw_workbook,raw_point,TA Instruments AR200ex rheometer; source time series,direct_experimental_process_property,conditional_reference,formulation_resolved_commercial_component_A_unresolved,rheometer_identified_shear_rate_and_temperature_unreported,0.25,False,,family_elorza_recycled_pu_foam,数据/原始/外部数据/新增开放数据/第十六批实验_再生PU泡沫/原始文件/row data for _Sustainable insulating foams_3/RPUF_viscosity_RawData/RPUF30_viscosty.xlsx#Hoja1!A34:B34,be0f0452805fa66a111ea9a1e06790a580460c24e9c8def5be31a1eefcd2b9f8,CC BY 4.0,elorza-2021-recycled-pu-foam-data;elorza-2021-recycled-pu-foam-paper,时间序列点共享一个配方运行预算，不按点扩增独立样本。
第十六批实验_再生PU泡沫,viscosity:RPUF_3.0,recycled-pu:RPUF_3.0:viscosity:033,RPUF_3.0,component_A_slurry_RPUF_3.0,curve_point,component_A_plus_CDW_PU_foam_powder,polyol_side_mixture_before_isocyanate_addition,dynamic_viscosity,42.05,Pa*s,,,elapsed_time,2.8,min,experimental,source_raw_workbook,raw_point,TA Instruments AR200ex rheometer; source time series,direct_experimental_process_property,conditional_reference,formulation_resolved_commercial_component_A_unresolved,rheometer_identified_shear_rate_and_temperature_unreported,0.25,False,,family_elorza_recycled_pu_foam,数据/原始/外部数据/新增开放数据/第十六批实验_再生PU泡沫/原始文件/row data for _Sustainable insulating foams_3/RPUF_viscosity_RawData/RPUF30_viscosty.xlsx#Hoja1!A35:B35,be0f0452805fa66a111ea9a1e06790a580460c24e9c8def5be31a1eefcd2b9f8,CC BY 4.0,elorza-2021-recycled-pu-foam-data;elorza-2021-recycled-pu-foam-paper,时间序列点共享一个配方运行预算，不按点扩增独立样本。
第十六批实验_再生PU泡沫,viscosity:RPUF_3.0,recycled-pu:RPUF_3.0:viscosity:034,RPUF_3.0,component_A_slurry_RPUF_3.0,curve_point,component_A_plus_CDW_PU_foam_powder,polyol_side_mixture_before_isocyanate_addition,dynamic_viscosity,42.63,Pa*s,,,elapsed_time,2.8,min,experimental,source_raw_workbook,raw_point,TA Instruments AR200ex rheometer; source time series,direct_experimental_process_property,conditional_reference,formulation_resolved_commercial_component_A_unresolved,rheometer_identified_shear_rate_and_temperature_unreported,0.25,False,,family_elorza_recycled_pu_foam,数据/原始/外部数据/新增开放数据/第十六批实验_再生PU泡沫/原始文件/row data for _Sustainable insulating foams_3/RPUF_viscosity_RawData/RPUF30_viscosty.xlsx#Hoja1!A36:B36,be0f0452805fa66a111ea9a1e06790a580460c24e9c8def5be31a1eefcd2b9f8,CC BY 4.0,elorza-2021-recycled-pu-foam-data;elorza-2021-recycled-pu-foam-paper,时间序列点共享一个配方运行预算，不按点扩增独立样本。
第十六批实验_再生PU泡沫,viscosity:RPUF_3.0,recycled-pu:RPUF_3.0:viscosity:035,RPUF_3.0,component_A_slurry_RPUF_3.0,curve_point,component_A_plus_CDW_PU_foam_powder,polyol_side_mixture_before_isocyanate_addition,dynamic_viscosity,42.96,Pa*s,,,elapsed_time,2.9,min,experimental,source_raw_workbook,raw_point,TA Instruments AR200ex rheometer; source time series,direct_experimental_process_property,conditional_reference,formulation_resolved_commercial_component_A_unresolved,rheometer_identified_shear_rate_and_temperature_unreported,0.25,False,,family_elorza_recycled_pu_foam,数据/原始/外部数据/新增开放数据/第十六批实验_再生PU泡沫/原始文件/row data for _Sustainable insulating foams_3/RPUF_viscosity_RawData/RPUF30_viscosty.xlsx#Hoja1!A37:B37,be0f0452805fa66a111ea9a1e06790a580460c24e9c8def5be31a1eefcd2b9f8,CC BY 4.0,elorza-2021-recycled-pu-foam-data;elorza-2021-recycled-pu-foam-paper,时间序列点共享一个配方运行预算，不按点扩增独立样本。
第十六批实验_再生PU泡沫,viscosity:RPUF_3.0,recycled-pu:RPUF_3.0:viscosity:036,RPUF_3.0,component_A_slurry_RPUF_3.0,curve_point,component_A_plus_CDW_PU_foam_powder,polyol_side_mixture_before_isocyanate_addition,dynamic_viscosity,43.77,Pa*s,,,elapsed_time,3.0,min,experimental,source_raw_workbook,raw_point,TA Instruments AR200ex rheometer; source time series,direct_experimental_process_property,conditional_reference,formulation_resolved_commercial_component_A_unresolved,rheometer_identified_shear_rate_and_temperature_unreported,0.25,False,,family_elorza_recycled_pu_foam,数据/原始/外部数据/新增开放数据/第十六批实验_再生PU泡沫/原始文件/row data for _Sustainable insulating foams_3/RPUF_viscosity_RawData/RPUF30_viscosty.xlsx#Hoja1!A38:B38,be0f0452805fa66a111ea9a1e06790a580460c24e9c8def5be31a1eefcd2b9f8,CC BY 4.0,elorza-2021-recycled-pu-foam-data;elorza-2021-recycled-pu-foam-paper,时间序列点共享一个配方运行预算，不按点扩增独立样本。
第十六批实验_再生PU泡沫,viscosity:RPUF_3.0,recycled-pu:RPUF_3.0:viscosity:037,RPUF_3.0,component_A_slurry_RPUF_3.0,curve_point,component_A_plus_CDW_PU_foam_powder,polyol_side_mixture_before_isocyanate_addition,dynamic_viscosity,44.34,Pa*s,,,elapsed_time,3.1,min,experimental,source_raw_workbook,raw_point,TA Instruments AR200ex rheometer; source time series,direct_experimental_process_property,conditional_reference,formulation_resolved_commercial_component_A_unresolved,rheometer_identified_shear_rate_and_temperature_unreported,0.25,False,,family_elorza_recycled_pu_foam,数据/原始/外部数据/新增开放数据/第十六批实验_再生PU泡沫/原始文件/row data for _Sustainable insulating foams_3/RPUF_viscosity_RawData/RPUF30_viscosty.xlsx#Hoja1!A39:B39,be0f0452805fa66a111ea9a1e06790a580460c24e9c8def5be31a1eefcd2b9f8,CC BY 4.0,elorza-2021-recycled-pu-foam-data;elorza-2021-recycled-pu-foam-paper,时间序列点共享一个配方运行预算，不按点扩增独立样本。
第十六批实验_再生PU泡沫,viscosity:RPUF_3.0,recycled-pu:RPUF_3.0:viscosity:038,RPUF_3.0,component_A_slurry_RPUF_3.0,curve_point,component_A_plus_CDW_PU_foam_powder,polyol_side_mixture_before_isocyanate_addition,dynamic_viscosity,43.5,Pa*s,,,elapsed_time,3.2,min,experimental,source_raw_workbook,raw_point,TA Instruments AR200ex rheometer; source time series,direct_experimental_process_property,conditional_reference,formulation_resolved_commercial_component_A_unresolved,rheometer_identified_shear_rate_and_temperature_unreported,0.25,False,,family_elorza_recycled_pu_foam,数据/原始/外部数据/新增开放数据/第十六批实验_再生PU泡沫/原始文件/row data for _Sustainable insulating foams_3/RPUF_viscosity_RawData/RPUF30_viscosty.xlsx#Hoja1!A40:B40,be0f0452805fa66a111ea9a1e06790a580460c24e9c8def5be31a1eefcd2b9f8,CC BY 4.0,elorza-2021-recycled-pu-foam-data;elorza-2021-recycled-pu-foam-paper,时间序列点共享一个配方运行预算，不按点扩增独立样本。
第十六批实验_再生PU泡沫,viscosity:RPUF_3.0,recycled-pu:RPUF_3.0:viscosity:039,RPUF_3.0,component_A_slurry_RPUF_3.0,curve_point,component_A_plus_CDW_PU_foam_powder,polyol_side_mixture_before_isocyanate_addition,dynamic_viscosity,42.79,Pa*s,,,elapsed_time,3.3,min,experimental,source_raw_workbook,raw_point,TA Instruments AR200ex rheometer; source time series,direct_experimental_process_property,conditional_reference,formulation_resolved_commercial_component_A_unresolved,rheometer_identified_shear_rate_and_temperature_unreported,0.25,False,,family_elorza_recycled_pu_foam,数据/原始/外部数据/新增开放数据/第十六批实验_再生PU泡沫/原始文件/row data for _Sustainable insulating foams_3/RPUF_viscosity_RawData/RPUF30_viscosty.xlsx#Hoja1!A41:B41,be0f0452805fa66a111ea9a1e06790a580460c24e9c8def5be31a1eefcd2b9f8,CC BY 4.0,elorza-2021-recycled-pu-foam-data;elorza-2021-recycled-pu-foam-paper,时间序列点共享一个配方运行预算，不按点扩增独立样本。
第十六批实验_再生PU泡沫,viscosity:RPUF_3.0,recycled-pu:RPUF_3.0:viscosity:040,RPUF_3.0,component_A_slurry_RPUF_3.0,curve_point,component_A_plus_CDW_PU_foam_powder,polyol_side_mixture_before_isocyanate_addition,dynamic_viscosity,41.14,Pa*s,,,elapsed_time,3.3,min,experimental,source_raw_workbook,raw_point,TA Instruments AR200ex rheometer; source time series,direct_experimental_process_property,conditional_reference,formulation_resolved_commercial_component_A_unresolved,rheometer_identified_shear_rate_and_temperature_unreported,0.25,False,,family_elorza_recycled_pu_foam,数据/原始/外部数据/新增开放数据/第十六批实验_再生PU泡沫/原始文件/row data for _Sustainable insulating foams_3/RPUF_viscosity_RawData/RPUF30_viscosty.xlsx#Hoja1!A42:B42,be0f0452805fa66a111ea9a1e06790a580460c24e9c8def5be31a1eefcd2b9f8,CC BY 4.0,elorza-2021-recycled-pu-foam-data;elorza-2021-recycled-pu-foam-paper,时间序列点共享一个配方运行预算，不按点扩增独立样本。
第十六批实验_再生PU泡沫,viscosity:RPUF_3.0,recycled-pu:RPUF_3.0:viscosity:041,RPUF_3.0,component_A_slurry_RPUF_3.0,curve_point,component_A_plus_CDW_PU_foam_powder,polyol_side_mixture_before_isocyanate_addition,dynamic_viscosity,40.36,Pa*s,,,elapsed_time,3.4,min,experimental,source_raw_workbook,raw_point,TA Instruments AR200ex rheometer; source time series,direct_experimental_process_property,conditional_reference,formulation_resolved_commercial_component_A_unresolved,rheometer_identified_shear_rate_and_temperature_unreported,0.25,False,,family_elorza_recycled_pu_foam,数据/原始/外部数据/新增开放数据/第十六批实验_再生PU泡沫/原始文件/row data for _Sustainable insulating foams_3/RPUF_viscosity_RawData/RPUF30_viscosty.xlsx#Hoja1!A43:B43,be0f0452805fa66a111ea9a1e06790a580460c24e9c8def5be31a1eefcd2b9f8,CC BY 4.0,elorza-2021-recycled-pu-foam-data;elorza-2021-recycled-pu-foam-paper,时间序列点共享一个配方运行预算，不按点扩增独立样本。
第十六批实验_再生PU泡沫,viscosity:RPUF_3.0,recycled-pu:RPUF_3.0:viscosity:042,RPUF_3.0,component_A_slurry_RPUF_3.0,curve_point,component_A_plus_CDW_PU_foam_powder,polyol_side_mixture_before_isocyanate_addition,dynamic_viscosity,39.98,Pa*s,,,elapsed_time,3.5,min,experimental,source_raw_workbook,raw_point,TA Instruments AR200ex rheometer; source time series,direct_experimental_process_property,conditional_reference,formulation_resolved_commercial_component_A_unresolved,rheometer_identified_shear_rate_and_temperature_unreported,0.25,False,,family_elorza_recycled_pu_foam,数据/原始/外部数据/新增开放数据/第十六批实验_再生PU泡沫/原始文件/row data for _Sustainable insulating foams_3/RPUF_viscosity_RawData/RPUF30_viscosty.xlsx#Hoja1!A44:B44,be0f0452805fa66a111ea9a1e06790a580460c24e9c8def5be31a1eefcd2b9f8,CC BY 4.0,elorza-2021-recycled-pu-foam-data;elorza-2021-recycled-pu-foam-paper,时间序列点共享一个配方运行预算，不按点扩增独立样本。
第十六批实验_再生PU泡沫,viscosity:RPUF_3.0,recycled-pu:RPUF_3.0:viscosity:043,RPUF_3.0,component_A_slurry_RPUF_3.0,curve_point,component_A_plus_CDW_PU_foam_powder,polyol_side_mixture_before_isocyanate_addition,dynamic_viscosity,39.43,Pa*s,,,elapsed_time,3.6,min,experimental,source_raw_workbook,raw_point,TA Instruments AR200ex rheometer; source time series,direct_experimental_process_property,conditional_reference,formulation_resolved_commercial_component_A_unresolved,rheometer_identified_shear_rate_and_temperature_unreported,0.25,False,,family_elorza_recycled_pu_foam,数据/原始/外部数据/新增开放数据/第十六批实验_再生PU泡沫/原始文件/row data for _Sustainable insulating foams_3/RPUF_viscosity_RawData/RPUF30_viscosty.xlsx#Hoja1!A45:B45,be0f0452805fa66a111ea9a1e06790a580460c24e9c8def5be31a1eefcd2b9f8,CC BY 4.0,elorza-2021-recycled-pu-foam-data;elorza-2021-recycled-pu-foam-paper,时间序列点共享一个配方运行预算，不按点扩增独立样本。
第十六批实验_再生PU泡沫,viscosity:RPUF_3.0,recycled-pu:RPUF_3.0:viscosity:044,RPUF_3.0,component_A_slurry_RPUF_3.0,curve_point,component_A_plus_CDW_PU_foam_powder,polyol_side_mixture_before_isocyanate_addition,dynamic_viscosity,39.11,Pa*s,,,elapsed_time,3.7,min,experimental,source_raw_workbook,raw_point,TA Instruments AR200ex rheometer; source time series,direct_experimental_process_property,conditional_reference,formulation_resolved_commercial_component_A_unresolved,rheometer_identified_shear_rate_and_temperature_unreported,0.25,False,,family_elorza_recycled_pu_foam,数据/原始/外部数据/新增开放数据/第十六批实验_再生PU泡沫/原始文件/row data for _Sustainable insulating foams_3/RPUF_viscosity_RawData/RPUF30_viscosty.xlsx#Hoja1!A46:B46,be0f0452805fa66a111ea9a1e06790a580460c24e9c8def5be31a1eefcd2b9f8,CC BY 4.0,elorza-2021-recycled-pu-foam-data;elorza-2021-recycled-pu-foam-paper,时间序列点共享一个配方运行预算，不按点扩增独立样本。
第十六批实验_再生PU泡沫,viscosity:RPUF_3.0,recycled-pu:RPUF_3.0:viscosity:045,RPUF_3.0,component_A_slurry_RPUF_3.0,curve_point,component_A_plus_CDW_PU_foam_powder,polyol_side_mixture_before_isocyanate_addition,dynamic_viscosity,39.74,Pa*s,,,elapsed_time,3.8,min,experimental,source_raw_workbook,raw_point,TA Instruments AR200ex rheometer; source time series,direct_experimental_process_property,conditional_reference,formulation_resolved_commercial_component_A_unresolved,rheometer_identified_shear_rate_and_temperature_unreported,0.25,False,,family_elorza_recycled_pu_foam,数据/原始/外部数据/新增开放数据/第十六批实验_再生PU泡沫/原始文件/row data for _Sustainable insulating foams_3/RPUF_viscosity_RawData/RPUF30_viscosty.xlsx#Hoja1!A47:B47,be0f0452805fa66a111ea9a1e06790a580460c24e9c8def5be31a1eefcd2b9f8,CC BY 4.0,elorza-2021-recycled-pu-foam-data;elorza-2021-recycled-pu-foam-paper,时间序列点共享一个配方运行预算，不按点扩增独立样本。
第十六批实验_再生PU泡沫,viscosity:RPUF_3.0,recycled-pu:RPUF_3.0:viscosity:046,RPUF_3.0,component_A_slurry_RPUF_3.0,curve_point,component_A_plus_CDW_PU_foam_powder,polyol_side_mixture_before_isocyanate_addition,dynamic_viscosity,40.03,Pa*s,,,elapsed_time,3.8,min,experimental,source_raw_workbook,raw_point,TA Instruments AR200ex rheometer; source time series,direct_experimental_process_property,conditional_reference,formulation_resolved_commercial_component_A_unresolved,rheometer_identified_shear_rate_and_temperature_unreported,0.25,False,,family_elorza_recycled_pu_foam,数据/原始/外部数据/新增开放数据/第十六批实验_再生PU泡沫/原始文件/row data for _Sustainable insulating foams_3/RPUF_viscosity_RawData/RPUF30_viscosty.xlsx#Hoja1!A48:B48,be0f0452805fa66a111ea9a1e06790a580460c24e9c8def5be31a1eefcd2b9f8,CC BY 4.0,elorza-2021-recycled-pu-foam-data;elorza-2021-recycled-pu-foam-paper,时间序列点共享一个配方运行预算，不按点扩增独立样本。
第十六批实验_再生PU泡沫,viscosity:RPUF_3.0,recycled-pu:RPUF_3.0:viscosity:047,RPUF_3.0,component_A_slurry_RPUF_3.0,curve_point,component_A_plus_CDW_PU_foam_powder,polyol_side_mixture_before_isocyanate_addition,dynamic_viscosity,39.23,Pa*s,,,elapsed_time,3.9,min,experimental,source_raw_workbook,raw_point,TA Instruments AR200ex rheometer; source time series,direct_experimental_process_property,conditional_reference,formulation_resolved_commercial_component_A_unresolved,rheometer_identified_shear_rate_and_temperature_unreported,0.25,False,,family_elorza_recycled_pu_foam,数据/原始/外部数据/新增开放数据/第十六批实验_再生PU泡沫/原始文件/row data for _Sustainable insulating foams_3/RPUF_viscosity_RawData/RPUF30_viscosty.xlsx#Hoja1!A49:B49,be0f0452805fa66a111ea9a1e06790a580460c24e9c8def5be31a1eefcd2b9f8,CC BY 4.0,elorza-2021-recycled-pu-foam-data;elorza-2021-recycled-pu-foam-paper,时间序列点共享一个配方运行预算，不按点扩增独立样本。
第十六批实验_再生PU泡沫,viscosity:RPUF_3.0,recycled-pu:RPUF_3.0:viscosity:048,RPUF_3.0,component_A_slurry_RPUF_3.0,curve_point,component_A_plus_CDW_PU_foam_powder,polyol_side_mixture_before_isocyanate_addition,dynamic_viscosity,39.19,Pa*s,,,elapsed_time,4.0,min,experimental,source_raw_workbook,raw_point,TA Instruments AR200ex rheometer; source time series,direct_experimental_process_property,conditional_reference,formulation_resolved_commercial_component_A_unresolved,rheometer_identified_shear_rate_and_temperature_unreported,0.25,False,,family_elorza_recycled_pu_foam,数据/原始/外部数据/新增开放数据/第十六批实验_再生PU泡沫/原始文件/row data for _Sustainable insulating foams_3/RPUF_viscosity_RawData/RPUF30_viscosty.xlsx#Hoja1!A50:B50,be0f0452805fa66a111ea9a1e06790a580460c24e9c8def5be31a1eefcd2b9f8,CC BY 4.0,elorza-2021-recycled-pu-foam-data;elorza-2021-recycled-pu-foam-paper,时间序列点共享一个配方运行预算，不按点扩增独立样本。
第十六批实验_再生PU泡沫,viscosity:RPUF_3.0,recycled-pu:RPUF_3.0:viscosity:049,RPUF_3.0,component_A_slurry_RPUF_3.0,curve_point,component_A_plus_CDW_PU_foam_powder,polyol_side_mixture_before_isocyanate_addition,dynamic_viscosity,40.22,Pa*s,,,elapsed_time,4.1,min,experimental,source_raw_workbook,raw_point,TA Instruments AR200ex rheometer; source time series,direct_experimental_process_property,conditional_reference,formulation_resolved_commercial_component_A_unresolved,rheometer_identified_shear_rate_and_temperature_unreported,0.25,False,,family_elorza_recycled_pu_foam,数据/原始/外部数据/新增开放数据/第十六批实验_再生PU泡沫/原始文件/row data for _Sustainable insulating foams_3/RPUF_viscosity_RawData/RPUF30_viscosty.xlsx#Hoja1!A51:B51,be0f0452805fa66a111ea9a1e06790a580460c24e9c8def5be31a1eefcd2b9f8,CC BY 4.0,elorza-2021-recycled-pu-foam-data;elorza-2021-recycled-pu-foam-paper,时间序列点共享一个配方运行预算，不按点扩增独立样本。
第十六批实验_再生PU泡沫,viscosity:RPUF_3.0,recycled-pu:RPUF_3.0:viscosity:050,RPUF_3.0,component_A_slurry_RPUF_3.0,curve_point,component_A_plus_CDW_PU_foam_powder,polyol_side_mixture_before_isocyanate_addition,dynamic_viscosity,42.37,Pa*s,,,elapsed_time,4.2,min,experimental,source_raw_workbook,raw_point,TA Instruments AR200ex rheometer; source time series,direct_experimental_process_property,conditional_reference,formulation_resolved_commercial_component_A_unresolved,rheometer_identified_shear_rate_and_temperature_unreported,0.25,False,,family_elorza_recycled_pu_foam,数据/原始/外部数据/新增开放数据/第十六批实验_再生PU泡沫/原始文件/row data for _Sustainable insulating foams_3/RPUF_viscosity_RawData/RPUF30_viscosty.xlsx#Hoja1!A52:B52,be0f0452805fa66a111ea9a1e06790a580460c24e9c8def5be31a1eefcd2b9f8,CC BY 4.0,elorza-2021-recycled-pu-foam-data;elorza-2021-recycled-pu-foam-paper,时间序列点共享一个配方运行预算，不按点扩增独立样本。
第十六批实验_再生PU泡沫,viscosity:RPUF_3.0,recycled-pu:RPUF_3.0:viscosity:051,RPUF_3.0,component_A_slurry_RPUF_3.0,curve_point,component_A_plus_CDW_PU_foam_powder,polyol_side_mixture_before_isocyanate_addition,dynamic_viscosity,43.31,Pa*s,,,elapsed_time,4.3,min,experimental,source_raw_workbook,raw_point,TA Instruments AR200ex rheometer; source time series,direct_experimental_process_property,conditional_reference,formulation_resolved_commercial_component_A_unresolved,rheometer_identified_shear_rate_and_temperature_unreported,0.25,False,,family_elorza_recycled_pu_foam,数据/原始/外部数据/新增开放数据/第十六批实验_再生PU泡沫/原始文件/row data for _Sustainable insulating foams_3/RPUF_viscosity_RawData/RPUF30_viscosty.xlsx#Hoja1!A53:B53,be0f0452805fa66a111ea9a1e06790a580460c24e9c8def5be31a1eefcd2b9f8,CC BY 4.0,elorza-2021-recycled-pu-foam-data;elorza-2021-recycled-pu-foam-paper,时间序列点共享一个配方运行预算，不按点扩增独立样本。
第十六批实验_再生PU泡沫,viscosity:RPUF_3.0,recycled-pu:RPUF_3.0:viscosity:052,RPUF_3.0,component_A_slurry_RPUF_3.0,curve_point,component_A_plus_CDW_PU_foam_powder,polyol_side_mixture_before_isocyanate_addition,dynamic_viscosity,43.29,Pa*s,,,elapsed_time,4.3,min,experimental,source_raw_workbook,raw_point,TA Instruments AR200ex rheometer; source time series,direct_experimental_process_property,conditional_reference,formulation_resolved_commercial_component_A_unresolved,rheometer_identified_shear_rate_and_temperature_unreported,0.25,False,,family_elorza_recycled_pu_foam,数据/原始/外部数据/新增开放数据/第十六批实验_再生PU泡沫/原始文件/row data for _Sustainable insulating foams_3/RPUF_viscosity_RawData/RPUF30_viscosty.xlsx#Hoja1!A54:B54,be0f0452805fa66a111ea9a1e06790a580460c24e9c8def5be31a1eefcd2b9f8,CC BY 4.0,elorza-2021-recycled-pu-foam-data;elorza-2021-recycled-pu-foam-paper,时间序列点共享一个配方运行预算，不按点扩增独立样本。
第十六批实验_再生PU泡沫,viscosity:RPUF_3.0,recycled-pu:RPUF_3.0:viscosity:053,RPUF_3.0,component_A_slurry_RPUF_3.0,curve_point,component_A_plus_CDW_PU_foam_powder,polyol_side_mixture_before_isocyanate_addition,dynamic_viscosity,45.04,Pa*s,,,elapsed_time,4.4,min,experimental,source_raw_workbook,raw_point,TA Instruments AR200ex rheometer; source time series,direct_experimental_process_property,conditional_reference,formulation_resolved_commercial_component_A_unresolved,rheometer_identified_shear_rate_and_temperature_unreported,0.25,False,,family_elorza_recycled_pu_foam,数据/原始/外部数据/新增开放数据/第十六批实验_再生PU泡沫/原始文件/row data for _Sustainable insulating foams_3/RPUF_viscosity_RawData/RPUF30_viscosty.xlsx#Hoja1!A55:B55,be0f0452805fa66a111ea9a1e06790a580460c24e9c8def5be31a1eefcd2b9f8,CC BY 4.0,elorza-2021-recycled-pu-foam-data;elorza-2021-recycled-pu-foam-paper,时间序列点共享一个配方运行预算，不按点扩增独立样本。
第十六批实验_再生PU泡沫,viscosity:RPUF_3.0,recycled-pu:RPUF_3.0:viscosity:054,RPUF_3.0,component_A_slurry_RPUF_3.0,curve_point,component_A_plus_CDW_PU_foam_powder,polyol_side_mixture_before_isocyanate_addition,dynamic_viscosity,45.02,Pa*s,,,elapsed_time,4.5,min,experimental,source_raw_workbook,raw_point,TA Instruments AR200ex rheometer; source time series,direct_experimental_process_property,conditional_reference,formulation_resolved_commercial_component_A_unresolved,rheometer_identified_shear_rate_and_temperature_unreported,0.25,False,,family_elorza_recycled_pu_foam,数据/原始/外部数据/新增开放数据/第十六批实验_再生PU泡沫/原始文件/row data for _Sustainable insulating foams_3/RPUF_viscosity_RawData/RPUF30_viscosty.xlsx#Hoja1!A56:B56,be0f0452805fa66a111ea9a1e06790a580460c24e9c8def5be31a1eefcd2b9f8,CC BY 4.0,elorza-2021-recycled-pu-foam-data;elorza-2021-recycled-pu-foam-paper,时间序列点共享一个配方运行预算，不按点扩增独立样本。
第十六批实验_再生PU泡沫,viscosity:RPUF_3.0,recycled-pu:RPUF_3.0:viscosity:055,RPUF_3.0,component_A_slurry_RPUF_3.0,curve_point,component_A_plus_CDW_PU_foam_powder,polyol_side_mixture_before_isocyanate_addition,dynamic_viscosity,39.79,Pa*s,,,elapsed_time,4.6,min,experimental,source_raw_workbook,raw_point,TA Instruments AR200ex rheometer; source time series,direct_experimental_process_property,conditional_reference,formulation_resolved_commercial_component_A_unresolved,rheometer_identified_shear_rate_and_temperature_unreported,0.25,False,,family_elorza_recycled_pu_foam,数据/原始/外部数据/新增开放数据/第十六批实验_再生PU泡沫/原始文件/row data for _Sustainable insulating foams_3/RPUF_viscosity_RawData/RPUF30_viscosty.xlsx#Hoja1!A57:B57,be0f0452805fa66a111ea9a1e06790a580460c24e9c8def5be31a1eefcd2b9f8,CC BY 4.0,elorza-2021-recycled-pu-foam-data;elorza-2021-recycled-pu-foam-paper,时间序列点共享一个配方运行预算，不按点扩增独立样本。
第十六批实验_再生PU泡沫,viscosity:RPUF_3.0,recycled-pu:RPUF_3.0:viscosity:056,RPUF_3.0,component_A_slurry_RPUF_3.0,curve_point,component_A_plus_CDW_PU_foam_powder,polyol_side_mixture_before_isocyanate_addition,dynamic_viscosity,37.74,Pa*s,,,elapsed_time,4.7,min,experimental,source_raw_workbook,raw_point,TA Instruments AR200ex rheometer; source time series,direct_experimental_process_property,conditional_reference,formulation_resolved_commercial_component_A_unresolved,rheometer_identified_shear_rate_and_temperature_unreported,0.25,False,,family_elorza_recycled_pu_foam,数据/原始/外部数据/新增开放数据/第十六批实验_再生PU泡沫/原始文件/row data for _Sustainable insulating foams_3/RPUF_viscosity_RawData/RPUF30_viscosty.xlsx#Hoja1!A58:B58,be0f0452805fa66a111ea9a1e06790a580460c24e9c8def5be31a1eefcd2b9f8,CC BY 4.0,elorza-2021-recycled-pu-foam-data;elorza-2021-recycled-pu-foam-paper,时间序列点共享一个配方运行预算，不按点扩增独立样本。
第十六批实验_再生PU泡沫,viscosity:RPUF_3.0,recycled-pu:RPUF_3.0:viscosity:057,RPUF_3.0,component_A_slurry_RPUF_3.0,curve_point,component_A_plus_CDW_PU_foam_powder,polyol_side_mixture_before_isocyanate_addition,dynamic_viscosity,37.23,Pa*s,,,elapsed_time,4.8,min,experimental,source_raw_workbook,raw_point,TA Instruments AR200ex rheometer; source time series,direct_experimental_process_property,conditional_reference,formulation_resolved_commercial_component_A_unresolved,rheometer_identified_shear_rate_and_temperature_unreported,0.25,False,,family_elorza_recycled_pu_foam,数据/原始/外部数据/新增开放数据/第十六批实验_再生PU泡沫/原始文件/row data for _Sustainable insulating foams_3/RPUF_viscosity_RawData/RPUF30_viscosty.xlsx#Hoja1!A59:B59,be0f0452805fa66a111ea9a1e06790a580460c24e9c8def5be31a1eefcd2b9f8,CC BY 4.0,elorza-2021-recycled-pu-foam-data;elorza-2021-recycled-pu-foam-paper,时间序列点共享一个配方运行预算，不按点扩增独立样本。
第十六批实验_再生PU泡沫,viscosity:RPUF_3.0,recycled-pu:RPUF_3.0:viscosity:058,RPUF_3.0,component_A_slurry_RPUF_3.0,curve_point,component_A_plus_CDW_PU_foam_powder,polyol_side_mixture_before_isocyanate_addition,dynamic_viscosity,38.05,Pa*s,,,elapsed_time,4.8,min,experimental,source_raw_workbook,raw_point,TA Instruments AR200ex rheometer; source time series,direct_experimental_process_property,conditional_reference,formulation_resolved_commercial_component_A_unresolved,rheometer_identified_shear_rate_and_temperature_unreported,0.25,False,,family_elorza_recycled_pu_foam,数据/原始/外部数据/新增开放数据/第十六批实验_再生PU泡沫/原始文件/row data for _Sustainable insulating foams_3/RPUF_viscosity_RawData/RPUF30_viscosty.xlsx#Hoja1!A60:B60,be0f0452805fa66a111ea9a1e06790a580460c24e9c8def5be31a1eefcd2b9f8,CC BY 4.0,elorza-2021-recycled-pu-foam-data;elorza-2021-recycled-pu-foam-paper,时间序列点共享一个配方运行预算，不按点扩增独立样本。
第十六批实验_再生PU泡沫,viscosity:RPUF_3.0,recycled-pu:RPUF_3.0:viscosity:059,RPUF_3.0,component_A_slurry_RPUF_3.0,curve_point,component_A_plus_CDW_PU_foam_powder,polyol_side_mixture_before_isocyanate_addition,dynamic_viscosity,38.52,Pa*s,,,elapsed_time,4.9,min,experimental,source_raw_workbook,raw_point,TA Instruments AR200ex rheometer; source time series,direct_experimental_process_property,conditional_reference,formulation_resolved_commercial_component_A_unresolved,rheometer_identified_shear_rate_and_temperature_unreported,0.25,False,,family_elorza_recycled_pu_foam,数据/原始/外部数据/新增开放数据/第十六批实验_再生PU泡沫/原始文件/row data for _Sustainable insulating foams_3/RPUF_viscosity_RawData/RPUF30_viscosty.xlsx#Hoja1!A61:B61,be0f0452805fa66a111ea9a1e06790a580460c24e9c8def5be31a1eefcd2b9f8,CC BY 4.0,elorza-2021-recycled-pu-foam-data;elorza-2021-recycled-pu-foam-paper,时间序列点共享一个配方运行预算，不按点扩增独立样本。
第十六批实验_再生PU泡沫,viscosity:RPUF_3.0,recycled-pu:RPUF_3.0:viscosity:060,RPUF_3.0,component_A_slurry_RPUF_3.0,curve_point,component_A_plus_CDW_PU_foam_powder,polyol_side_mixture_before_isocyanate_addition,dynamic_viscosity,38.3,Pa*s,,,elapsed_time,5.0,min,experimental,source_raw_workbook,raw_point,TA Instruments AR200ex rheometer; source time series,direct_experimental_process_property,conditional_reference,formulation_resolved_commercial_component_A_unresolved,rheometer_identified_shear_rate_and_temperature_unreported,0.25,False,,family_elorza_recycled_pu_foam,数据/原始/外部数据/新增开放数据/第十六批实验_再生PU泡沫/原始文件/row data for _Sustainable insulating foams_3/RPUF_viscosity_RawData/RPUF30_viscosty.xlsx#Hoja1!A62:B62,be0f0452805fa66a111ea9a1e06790a580460c24e9c8def5be31a1eefcd2b9f8,CC BY 4.0,elorza-2021-recycled-pu-foam-data;elorza-2021-recycled-pu-foam-paper,时间序列点共享一个配方运行预算，不按点扩增独立样本。
第十六批实验_再生PU泡沫,viscosity:RPUF_4.5,recycled-pu:RPUF_4.5:viscosity:001,RPUF_4.5,component_A_slurry_RPUF_4.5,curve_point,component_A_plus_CDW_PU_foam_powder,polyol_side_mixture_before_isocyanate_addition,dynamic_viscosity,136.2,Pa*s,,,elapsed_time,0.1,min,experimental,source_raw_workbook,raw_point,TA Instruments AR200ex rheometer; source time series,direct_experimental_process_property,conditional_reference,formulation_resolved_commercial_component_A_unresolved,rheometer_identified_shear_rate_and_temperature_unreported,0.25,False,,family_elorza_recycled_pu_foam,数据/原始/外部数据/新增开放数据/第十六批实验_再生PU泡沫/原始文件/row data for _Sustainable insulating foams_3/RPUF_viscosity_RawData/RPUF45_viscosty.xlsx#Hoja1!A3:B3,779ca5405fad8c28cd72a122cb304d63dee30a5fe6f6c7bc97bfe48db5254263,CC BY 4.0,elorza-2021-recycled-pu-foam-data;elorza-2021-recycled-pu-foam-paper,时间序列点共享一个配方运行预算，不按点扩增独立样本。
第十六批实验_再生PU泡沫,viscosity:RPUF_4.5,recycled-pu:RPUF_4.5:viscosity:002,RPUF_4.5,component_A_slurry_RPUF_4.5,curve_point,component_A_plus_CDW_PU_foam_powder,polyol_side_mixture_before_isocyanate_addition,dynamic_viscosity,134.6,Pa*s,,,elapsed_time,0.2,min,experimental,source_raw_workbook,raw_point,TA Instruments AR200ex rheometer; source time series,direct_experimental_process_property,conditional_reference,formulation_resolved_commercial_component_A_unresolved,rheometer_identified_shear_rate_and_temperature_unreported,0.25,False,,family_elorza_recycled_pu_foam,数据/原始/外部数据/新增开放数据/第十六批实验_再生PU泡沫/原始文件/row data for _Sustainable insulating foams_3/RPUF_viscosity_RawData/RPUF45_viscosty.xlsx#Hoja1!A4:B4,779ca5405fad8c28cd72a122cb304d63dee30a5fe6f6c7bc97bfe48db5254263,CC BY 4.0,elorza-2021-recycled-pu-foam-data;elorza-2021-recycled-pu-foam-paper,时间序列点共享一个配方运行预算，不按点扩增独立样本。
第十六批实验_再生PU泡沫,viscosity:RPUF_4.5,recycled-pu:RPUF_4.5:viscosity:003,RPUF_4.5,component_A_slurry_RPUF_4.5,curve_point,component_A_plus_CDW_PU_foam_powder,polyol_side_mixture_before_isocyanate_addition,dynamic_viscosity,130.3,Pa*s,,,elapsed_time,0.3,min,experimental,source_raw_workbook,raw_point,TA Instruments AR200ex rheometer; source time series,direct_experimental_process_property,conditional_reference,formulation_resolved_commercial_component_A_unresolved,rheometer_identified_shear_rate_and_temperature_unreported,0.25,False,,family_elorza_recycled_pu_foam,数据/原始/外部数据/新增开放数据/第十六批实验_再生PU泡沫/原始文件/row data for _Sustainable insulating foams_3/RPUF_viscosity_RawData/RPUF45_viscosty.xlsx#Hoja1!A5:B5,779ca5405fad8c28cd72a122cb304d63dee30a5fe6f6c7bc97bfe48db5254263,CC BY 4.0,elorza-2021-recycled-pu-foam-data;elorza-2021-recycled-pu-foam-paper,时间序列点共享一个配方运行预算，不按点扩增独立样本。
第十六批实验_再生PU泡沫,viscosity:RPUF_4.5,recycled-pu:RPUF_4.5:viscosity:004,RPUF_4.5,component_A_slurry_RPUF_4.5,curve_point,component_A_plus_CDW_PU_foam_powder,polyol_side_mixture_before_isocyanate_addition,dynamic_viscosity,128.7,Pa*s,,,elapsed_time,0.3,min,experimental,source_raw_workbook,raw_point,TA Instruments AR200ex rheometer; source time series,direct_experimental_process_property,conditional_reference,formulation_resolved_commercial_component_A_unresolved,rheometer_identified_shear_rate_and_temperature_unreported,0.25,False,,family_elorza_recycled_pu_foam,数据/原始/外部数据/新增开放数据/第十六批实验_再生PU泡沫/原始文件/row data for _Sustainable insulating foams_3/RPUF_viscosity_RawData/RPUF45_viscosty.xlsx#Hoja1!A6:B6,779ca5405fad8c28cd72a122cb304d63dee30a5fe6f6c7bc97bfe48db5254263,CC BY 4.0,elorza-2021-recycled-pu-foam-data;elorza-2021-recycled-pu-foam-paper,时间序列点共享一个配方运行预算，不按点扩增独立样本。
第十六批实验_再生PU泡沫,viscosity:RPUF_4.5,recycled-pu:RPUF_4.5:viscosity:005,RPUF_4.5,component_A_slurry_RPUF_4.5,curve_point,component_A_plus_CDW_PU_foam_powder,polyol_side_mixture_before_isocyanate_addition,dynamic_viscosity,126.9,Pa*s,,,elapsed_time,0.4,min,experimental,source_raw_workbook,raw_point,TA Instruments AR200ex rheometer; source time series,direct_experimental_process_property,conditional_reference,formulation_resolved_commercial_component_A_unresolved,rheometer_identified_shear_rate_and_temperature_unreported,0.25,False,,family_elorza_recycled_pu_foam,数据/原始/外部数据/新增开放数据/第十六批实验_再生PU泡沫/原始文件/row data for _Sustainable insulating foams_3/RPUF_viscosity_RawData/RPUF45_viscosty.xlsx#Hoja1!A7:B7,779ca5405fad8c28cd72a122cb304d63dee30a5fe6f6c7bc97bfe48db5254263,CC BY 4.0,elorza-2021-recycled-pu-foam-data;elorza-2021-recycled-pu-foam-paper,时间序列点共享一个配方运行预算，不按点扩增独立样本。
第十六批实验_再生PU泡沫,viscosity:RPUF_4.5,recycled-pu:RPUF_4.5:viscosity:006,RPUF_4.5,component_A_slurry_RPUF_4.5,curve_point,component_A_plus_CDW_PU_foam_powder,polyol_side_mixture_before_isocyanate_addition,dynamic_viscosity,126.5,Pa*s,,,elapsed_time,0.5,min,experimental,source_raw_workbook,raw_point,TA Instruments AR200ex rheometer; source time series,direct_experimental_process_property,conditional_reference,formulation_resolved_commercial_component_A_unresolved,rheometer_identified_shear_rate_and_temperature_unreported,0.25,False,,family_elorza_recycled_pu_foam,数据/原始/外部数据/新增开放数据/第十六批实验_再生PU泡沫/原始文件/row data for _Sustainable insulating foams_3/RPUF_viscosity_RawData/RPUF45_viscosty.xlsx#Hoja1!A8:B8,779ca5405fad8c28cd72a122cb304d63dee30a5fe6f6c7bc97bfe48db5254263,CC BY 4.0,elorza-2021-recycled-pu-foam-data;elorza-2021-recycled-pu-foam-paper,时间序列点共享一个配方运行预算，不按点扩增独立样本。
第十六批实验_再生PU泡沫,viscosity:RPUF_4.5,recycled-pu:RPUF_4.5:viscosity:007,RPUF_4.5,component_A_slurry_RPUF_4.5,curve_point,component_A_plus_CDW_PU_foam_powder,polyol_side_mixture_before_isocyanate_addition,dynamic_viscosity,122.1,Pa*s,,,elapsed_time,0.6,min,experimental,source_raw_workbook,raw_point,TA Instruments AR200ex rheometer; source time series,direct_experimental_process_property,conditional_reference,formulation_resolved_commercial_component_A_unresolved,rheometer_identified_shear_rate_and_temperature_unreported,0.25,False,,family_elorza_recycled_pu_foam,数据/原始/外部数据/新增开放数据/第十六批实验_再生PU泡沫/原始文件/row data for _Sustainable insulating foams_3/RPUF_viscosity_RawData/RPUF45_viscosty.xlsx#Hoja1!A9:B9,779ca5405fad8c28cd72a122cb304d63dee30a5fe6f6c7bc97bfe48db5254263,CC BY 4.0,elorza-2021-recycled-pu-foam-data;elorza-2021-recycled-pu-foam-paper,时间序列点共享一个配方运行预算，不按点扩增独立样本。
第十六批实验_再生PU泡沫,viscosity:RPUF_4.5,recycled-pu:RPUF_4.5:viscosity:008,RPUF_4.5,component_A_slurry_RPUF_4.5,curve_point,component_A_plus_CDW_PU_foam_powder,polyol_side_mixture_before_isocyanate_addition,dynamic_viscosity,120.4,Pa*s,,,elapsed_time,0.7,min,experimental,source_raw_workbook,raw_point,TA Instruments AR200ex rheometer; source time series,direct_experimental_process_property,conditional_reference,formulation_resolved_commercial_component_A_unresolved,rheometer_identified_shear_rate_and_temperature_unreported,0.25,False,,family_elorza_recycled_pu_foam,数据/原始/外部数据/新增开放数据/第十六批实验_再生PU泡沫/原始文件/row data for _Sustainable insulating foams_3/RPUF_viscosity_RawData/RPUF45_viscosty.xlsx#Hoja1!A10:B10,779ca5405fad8c28cd72a122cb304d63dee30a5fe6f6c7bc97bfe48db5254263,CC BY 4.0,elorza-2021-recycled-pu-foam-data;elorza-2021-recycled-pu-foam-paper,时间序列点共享一个配方运行预算，不按点扩增独立样本。
第十六批实验_再生PU泡沫,viscosity:RPUF_4.5,recycled-pu:RPUF_4.5:viscosity:009,RPUF_4.5,component_A_slurry_RPUF_4.5,curve_point,component_A_plus_CDW_PU_foam_powder,polyol_side_mixture_before_isocyanate_addition,dynamic_viscosity,117.9,Pa*s,,,elapsed_time,0.8,min,experimental,source_raw_workbook,raw_point,TA Instruments AR200ex rheometer; source time series,direct_experimental_process_property,conditional_reference,formulation_resolved_commercial_component_A_unresolved,rheometer_identified_shear_rate_and_temperature_unreported,0.25,False,,family_elorza_recycled_pu_foam,数据/原始/外部数据/新增开放数据/第十六批实验_再生PU泡沫/原始文件/row data for _Sustainable insulating foams_3/RPUF_viscosity_RawData/RPUF45_viscosty.xlsx#Hoja1!A11:B11,779ca5405fad8c28cd72a122cb304d63dee30a5fe6f6c7bc97bfe48db5254263,CC BY 4.0,elorza-2021-recycled-pu-foam-data;elorza-2021-recycled-pu-foam-paper,时间序列点共享一个配方运行预算，不按点扩增独立样本。
第十六批实验_再生PU泡沫,viscosity:RPUF_4.5,recycled-pu:RPUF_4.5:viscosity:010,RPUF_4.5,component_A_slurry_RPUF_4.5,curve_point,component_A_plus_CDW_PU_foam_powder,polyol_side_mixture_before_isocyanate_addition,dynamic_viscosity,115.0,Pa*s,,,elapsed_time,0.8,min,experimental,source_raw_workbook,raw_point,TA Instruments AR200ex rheometer; source time series,direct_experimental_process_property,conditional_reference,formulation_resolved_commercial_component_A_unresolved,rheometer_identified_shear_rate_and_temperature_unreported,0.25,False,,family_elorza_recycled_pu_foam,数据/原始/外部数据/新增开放数据/第十六批实验_再生PU泡沫/原始文件/row data for _Sustainable insulating foams_3/RPUF_viscosity_RawData/RPUF45_viscosty.xlsx#Hoja1!A12:B12,779ca5405fad8c28cd72a122cb304d63dee30a5fe6f6c7bc97bfe48db5254263,CC BY 4.0,elorza-2021-recycled-pu-foam-data;elorza-2021-recycled-pu-foam-paper,时间序列点共享一个配方运行预算，不按点扩增独立样本。
第十六批实验_再生PU泡沫,viscosity:RPUF_4.5,recycled-pu:RPUF_4.5:viscosity:011,RPUF_4.5,component_A_slurry_RPUF_4.5,curve_point,component_A_plus_CDW_PU_foam_powder,polyol_side_mixture_before_isocyanate_addition,dynamic_viscosity,113.6,Pa*s,,,elapsed_time,0.9,min,experimental,source_raw_workbook,raw_point,TA Instruments AR200ex rheometer; source time series,direct_experimental_process_property,conditional_reference,formulation_resolved_commercial_component_A_unresolved,rheometer_identified_shear_rate_and_temperature_unreported,0.25,False,,family_elorza_recycled_pu_foam,数据/原始/外部数据/新增开放数据/第十六批实验_再生PU泡沫/原始文件/row data for _Sustainable insulating foams_3/RPUF_viscosity_RawData/RPUF45_viscosty.xlsx#Hoja1!A13:B13,779ca5405fad8c28cd72a122cb304d63dee30a5fe6f6c7bc97bfe48db5254263,CC BY 4.0,elorza-2021-recycled-pu-foam-data;elorza-2021-recycled-pu-foam-paper,时间序列点共享一个配方运行预算，不按点扩增独立样本。
第十六批实验_再生PU泡沫,viscosity:RPUF_4.5,recycled-pu:RPUF_4.5:viscosity:012,RPUF_4.5,component_A_slurry_RPUF_4.5,curve_point,component_A_plus_CDW_PU_foam_powder,polyol_side_mixture_before_isocyanate_addition,dynamic_viscosity,112.9,Pa*s,,,elapsed_time,1.0,min,experimental,source_raw_workbook,raw_point,TA Instruments AR200ex rheometer; source time series,direct_experimental_process_property,conditional_reference,formulation_resolved_commercial_component_A_unresolved,rheometer_identified_shear_rate_and_temperature_unreported,0.25,False,,family_elorza_recycled_pu_foam,数据/原始/外部数据/新增开放数据/第十六批实验_再生PU泡沫/原始文件/row data for _Sustainable insulating foams_3/RPUF_viscosity_RawData/RPUF45_viscosty.xlsx#Hoja1!A14:B14,779ca5405fad8c28cd72a122cb304d63dee30a5fe6f6c7bc97bfe48db5254263,CC BY 4.0,elorza-2021-recycled-pu-foam-data;elorza-2021-recycled-pu-foam-paper,时间序列点共享一个配方运行预算，不按点扩增独立样本。
第十六批实验_再生PU泡沫,viscosity:RPUF_4.5,recycled-pu:RPUF_4.5:viscosity:013,RPUF_4.5,component_A_slurry_RPUF_4.5,curve_point,component_A_plus_CDW_PU_foam_powder,polyol_side_mixture_before_isocyanate_addition,dynamic_viscosity,113.2,Pa*s,,,elapsed_time,1.1,min,experimental,source_raw_workbook,raw_point,TA Instruments AR200ex rheometer; source time series,direct_experimental_process_property,conditional_reference,formulation_resolved_commercial_component_A_unresolved,rheometer_identified_shear_rate_and_temperature_unreported,0.25,False,,family_elorza_recycled_pu_foam,数据/原始/外部数据/新增开放数据/第十六批实验_再生PU泡沫/原始文件/row data for _Sustainable insulating foams_3/RPUF_viscosity_RawData/RPUF45_viscosty.xlsx#Hoja1!A15:B15,779ca5405fad8c28cd72a122cb304d63dee30a5fe6f6c7bc97bfe48db5254263,CC BY 4.0,elorza-2021-recycled-pu-foam-data;elorza-2021-recycled-pu-foam-paper,时间序列点共享一个配方运行预算，不按点扩增独立样本。
第十六批实验_再生PU泡沫,viscosity:RPUF_4.5,recycled-pu:RPUF_4.5:viscosity:014,RPUF_4.5,component_A_slurry_RPUF_4.5,curve_point,component_A_plus_CDW_PU_foam_powder,polyol_side_mixture_before_isocyanate_addition,dynamic_viscosity,113.3,Pa*s,,,elapsed_time,1.2,min,experimental,source_raw_workbook,raw_point,TA Instruments AR200ex rheometer; source time series,direct_experimental_process_property,conditional_reference,formulation_resolved_commercial_component_A_unresolved,rheometer_identified_shear_rate_and_temperature_unreported,0.25,False,,family_elorza_recycled_pu_foam,数据/原始/外部数据/新增开放数据/第十六批实验_再生PU泡沫/原始文件/row data for _Sustainable insulating foams_3/RPUF_viscosity_RawData/RPUF45_viscosty.xlsx#Hoja1!A16:B16,779ca5405fad8c28cd72a122cb304d63dee30a5fe6f6c7bc97bfe48db5254263,CC BY 4.0,elorza-2021-recycled-pu-foam-data;elorza-2021-recycled-pu-foam-paper,时间序列点共享一个配方运行预算，不按点扩增独立样本。
第十六批实验_再生PU泡沫,viscosity:RPUF_4.5,recycled-pu:RPUF_4.5:viscosity:015,RPUF_4.5,component_A_slurry_RPUF_4.5,curve_point,component_A_plus_CDW_PU_foam_powder,polyol_side_mixture_before_isocyanate_addition,dynamic_viscosity,112.0,Pa*s,,,elapsed_time,1.3,min,experimental,source_raw_workbook,raw_point,TA Instruments AR200ex rheometer; source time series,direct_experimental_process_property,conditional_reference,formulation_resolved_commercial_component_A_unresolved,rheometer_identified_shear_rate_and_temperature_unreported,0.25,False,,family_elorza_recycled_pu_foam,数据/原始/外部数据/新增开放数据/第十六批实验_再生PU泡沫/原始文件/row data for _Sustainable insulating foams_3/RPUF_viscosity_RawData/RPUF45_viscosty.xlsx#Hoja1!A17:B17,779ca5405fad8c28cd72a122cb304d63dee30a5fe6f6c7bc97bfe48db5254263,CC BY 4.0,elorza-2021-recycled-pu-foam-data;elorza-2021-recycled-pu-foam-paper,时间序列点共享一个配方运行预算，不按点扩增独立样本。
第十六批实验_再生PU泡沫,viscosity:RPUF_4.5,recycled-pu:RPUF_4.5:viscosity:016,RPUF_4.5,component_A_slurry_RPUF_4.5,curve_point,component_A_plus_CDW_PU_foam_powder,polyol_side_mixture_before_isocyanate_addition,dynamic_viscosity,109.6,Pa*s,,,elapsed_time,1.3,min,experimental,source_raw_workbook,raw_point,TA Instruments AR200ex rheometer; source time series,direct_experimental_process_property,conditional_reference,formulation_resolved_commercial_component_A_unresolved,rheometer_identified_shear_rate_and_temperature_unreported,0.25,False,,family_elorza_recycled_pu_foam,数据/原始/外部数据/新增开放数据/第十六批实验_再生PU泡沫/原始文件/row data for _Sustainable insulating foams_3/RPUF_viscosity_RawData/RPUF45_viscosty.xlsx#Hoja1!A18:B18,779ca5405fad8c28cd72a122cb304d63dee30a5fe6f6c7bc97bfe48db5254263,CC BY 4.0,elorza-2021-recycled-pu-foam-data;elorza-2021-recycled-pu-foam-paper,时间序列点共享一个配方运行预算，不按点扩增独立样本。
第十六批实验_再生PU泡沫,viscosity:RPUF_4.5,recycled-pu:RPUF_4.5:viscosity:017,RPUF_4.5,component_A_slurry_RPUF_4.5,curve_point,component_A_plus_CDW_PU_foam_powder,polyol_side_mixture_before_isocyanate_addition,dynamic_viscosity,107.8,Pa*s,,,elapsed_time,1.4,min,experimental,source_raw_workbook,raw_point,TA Instruments AR200ex rheometer; source time series,direct_experimental_process_property,conditional_reference,formulation_resolved_commercial_component_A_unresolved,rheometer_identified_shear_rate_and_temperature_unreported,0.25,False,,family_elorza_recycled_pu_foam,数据/原始/外部数据/新增开放数据/第十六批实验_再生PU泡沫/原始文件/row data for _Sustainable insulating foams_3/RPUF_viscosity_RawData/RPUF45_viscosty.xlsx#Hoja1!A19:B19,779ca5405fad8c28cd72a122cb304d63dee30a5fe6f6c7bc97bfe48db5254263,CC BY 4.0,elorza-2021-recycled-pu-foam-data;elorza-2021-recycled-pu-foam-paper,时间序列点共享一个配方运行预算，不按点扩增独立样本。
第十六批实验_再生PU泡沫,viscosity:RPUF_4.5,recycled-pu:RPUF_4.5:viscosity:018,RPUF_4.5,component_A_slurry_RPUF_4.5,curve_point,component_A_plus_CDW_PU_foam_powder,polyol_side_mixture_before_isocyanate_addition,dynamic_viscosity,105.6,Pa*s,,,elapsed_time,1.5,min,experimental,source_raw_workbook,raw_point,TA Instruments AR200ex rheometer; source time series,direct_experimental_process_property,conditional_reference,formulation_resolved_commercial_component_A_unresolved,rheometer_identified_shear_rate_and_temperature_unreported,0.25,False,,family_elorza_recycled_pu_foam,数据/原始/外部数据/新增开放数据/第十六批实验_再生PU泡沫/原始文件/row data for _Sustainable insulating foams_3/RPUF_viscosity_RawData/RPUF45_viscosty.xlsx#Hoja1!A20:B20,779ca5405fad8c28cd72a122cb304d63dee30a5fe6f6c7bc97bfe48db5254263,CC BY 4.0,elorza-2021-recycled-pu-foam-data;elorza-2021-recycled-pu-foam-paper,时间序列点共享一个配方运行预算，不按点扩增独立样本。
第十六批实验_再生PU泡沫,viscosity:RPUF_4.5,recycled-pu:RPUF_4.5:viscosity:019,RPUF_4.5,component_A_slurry_RPUF_4.5,curve_point,component_A_plus_CDW_PU_foam_powder,polyol_side_mixture_before_isocyanate_addition,dynamic_viscosity,104.8,Pa*s,,,elapsed_time,1.6,min,experimental,source_raw_workbook,raw_point,TA Instruments AR200ex rheometer; source time series,direct_experimental_process_property,conditional_reference,formulation_resolved_commercial_component_A_unresolved,rheometer_identified_shear_rate_and_temperature_unreported,0.25,False,,family_elorza_recycled_pu_foam,数据/原始/外部数据/新增开放数据/第十六批实验_再生PU泡沫/原始文件/row data for _Sustainable insulating foams_3/RPUF_viscosity_RawData/RPUF45_viscosty.xlsx#Hoja1!A21:B21,779ca5405fad8c28cd72a122cb304d63dee30a5fe6f6c7bc97bfe48db5254263,CC BY 4.0,elorza-2021-recycled-pu-foam-data;elorza-2021-recycled-pu-foam-paper,时间序列点共享一个配方运行预算，不按点扩增独立样本。
第十六批实验_再生PU泡沫,viscosity:RPUF_4.5,recycled-pu:RPUF_4.5:viscosity:020,RPUF_4.5,component_A_slurry_RPUF_4.5,curve_point,component_A_plus_CDW_PU_foam_powder,polyol_side_mixture_before_isocyanate_addition,dynamic_viscosity,102.6,Pa*s,,,elapsed_time,1.7,min,experimental,source_raw_workbook,raw_point,TA Instruments AR200ex rheometer; source time series,direct_experimental_process_property,conditional_reference,formulation_resolved_commercial_component_A_unresolved,rheometer_identified_shear_rate_and_temperature_unreported,0.25,False,,family_elorza_recycled_pu_foam,数据/原始/外部数据/新增开放数据/第十六批实验_再生PU泡沫/原始文件/row data for _Sustainable insulating foams_3/RPUF_viscosity_RawData/RPUF45_viscosty.xlsx#Hoja1!A22:B22,779ca5405fad8c28cd72a122cb304d63dee30a5fe6f6c7bc97bfe48db5254263,CC BY 4.0,elorza-2021-recycled-pu-foam-data;elorza-2021-recycled-pu-foam-paper,时间序列点共享一个配方运行预算，不按点扩增独立样本。
第十六批实验_再生PU泡沫,viscosity:RPUF_4.5,recycled-pu:RPUF_4.5:viscosity:021,RPUF_4.5,component_A_slurry_RPUF_4.5,curve_point,component_A_plus_CDW_PU_foam_powder,polyol_side_mixture_before_isocyanate_addition,dynamic_viscosity,99.61,Pa*s,,,elapsed_time,1.8,min,experimental,source_raw_workbook,raw_point,TA Instruments AR200ex rheometer; source time series,direct_experimental_process_property,conditional_reference,formulation_resolved_commercial_component_A_unresolved,rheometer_identified_shear_rate_and_temperature_unreported,0.25,False,,family_elorza_recycled_pu_foam,数据/原始/外部数据/新增开放数据/第十六批实验_再生PU泡沫/原始文件/row data for _Sustainable insulating foams_3/RPUF_viscosity_RawData/RPUF45_viscosty.xlsx#Hoja1!A23:B23,779ca5405fad8c28cd72a122cb304d63dee30a5fe6f6c7bc97bfe48db5254263,CC BY 4.0,elorza-2021-recycled-pu-foam-data;elorza-2021-recycled-pu-foam-paper,时间序列点共享一个配方运行预算，不按点扩增独立样本。
第十六批实验_再生PU泡沫,viscosity:RPUF_4.5,recycled-pu:RPUF_4.5:viscosity:022,RPUF_4.5,component_A_slurry_RPUF_4.5,curve_point,component_A_plus_CDW_PU_foam_powder,polyol_side_mixture_before_isocyanate_addition,dynamic_viscosity,97.48,Pa*s,,,elapsed_time,1.8,min,experimental,source_raw_workbook,raw_point,TA Instruments AR200ex rheometer; source time series,direct_experimental_process_property,conditional_reference,formulation_resolved_commercial_component_A_unresolved,rheometer_identified_shear_rate_and_temperature_unreported,0.25,False,,family_elorza_recycled_pu_foam,数据/原始/外部数据/新增开放数据/第十六批实验_再生PU泡沫/原始文件/row data for _Sustainable insulating foams_3/RPUF_viscosity_RawData/RPUF45_viscosty.xlsx#Hoja1!A24:B24,779ca5405fad8c28cd72a122cb304d63dee30a5fe6f6c7bc97bfe48db5254263,CC BY 4.0,elorza-2021-recycled-pu-foam-data;elorza-2021-recycled-pu-foam-paper,时间序列点共享一个配方运行预算，不按点扩增独立样本。
第十六批实验_再生PU泡沫,viscosity:RPUF_4.5,recycled-pu:RPUF_4.5:viscosity:023,RPUF_4.5,component_A_slurry_RPUF_4.5,curve_point,component_A_plus_CDW_PU_foam_powder,polyol_side_mixture_before_isocyanate_addition,dynamic_viscosity,96.14,Pa*s,,,elapsed_time,1.9,min,experimental,source_raw_workbook,raw_point,TA Instruments AR200ex rheometer; source time series,direct_experimental_process_property,conditional_reference,formulation_resolved_commercial_component_A_unresolved,rheometer_identified_shear_rate_and_temperature_unreported,0.25,False,,family_elorza_recycled_pu_foam,数据/原始/外部数据/新增开放数据/第十六批实验_再生PU泡沫/原始文件/row data for _Sustainable insulating foams_3/RPUF_viscosity_RawData/RPUF45_viscosty.xlsx#Hoja1!A25:B25,779ca5405fad8c28cd72a122cb304d63dee30a5fe6f6c7bc97bfe48db5254263,CC BY 4.0,elorza-2021-recycled-pu-foam-data;elorza-2021-recycled-pu-foam-paper,时间序列点共享一个配方运行预算，不按点扩增独立样本。
第十六批实验_再生PU泡沫,viscosity:RPUF_4.5,recycled-pu:RPUF_4.5:viscosity:024,RPUF_4.5,component_A_slurry_RPUF_4.5,curve_point,component_A_plus_CDW_PU_foam_powder,polyol_side_mixture_before_isocyanate_addition,dynamic_viscosity,94.63,Pa*s,,,elapsed_time,2.0,min,experimental,source_raw_workbook,raw_point,TA Instruments AR200ex rheometer; source time series,direct_experimental_process_property,conditional_reference,formulation_resolved_commercial_component_A_unresolved,rheometer_identified_shear_rate_and_temperature_unreported,0.25,False,,family_elorza_recycled_pu_foam,数据/原始/外部数据/新增开放数据/第十六批实验_再生PU泡沫/原始文件/row data for _Sustainable insulating foams_3/RPUF_viscosity_RawData/RPUF45_viscosty.xlsx#Hoja1!A26:B26,779ca5405fad8c28cd72a122cb304d63dee30a5fe6f6c7bc97bfe48db5254263,CC BY 4.0,elorza-2021-recycled-pu-foam-data;elorza-2021-recycled-pu-foam-paper,时间序列点共享一个配方运行预算，不按点扩增独立样本。
第十六批实验_再生PU泡沫,viscosity:RPUF_4.5,recycled-pu:RPUF_4.5:viscosity:025,RPUF_4.5,component_A_slurry_RPUF_4.5,curve_point,component_A_plus_CDW_PU_foam_powder,polyol_side_mixture_before_isocyanate_addition,dynamic_viscosity,95.4,Pa*s,,,elapsed_time,2.1,min,experimental,source_raw_workbook,raw_point,TA Instruments AR200ex rheometer; source time series,direct_experimental_process_property,conditional_reference,formulation_resolved_commercial_component_A_unresolved,rheometer_identified_shear_rate_and_temperature_unreported,0.25,False,,family_elorza_recycled_pu_foam,数据/原始/外部数据/新增开放数据/第十六批实验_再生PU泡沫/原始文件/row data for _Sustainable insulating foams_3/RPUF_viscosity_RawData/RPUF45_viscosty.xlsx#Hoja1!A27:B27,779ca5405fad8c28cd72a122cb304d63dee30a5fe6f6c7bc97bfe48db5254263,CC BY 4.0,elorza-2021-recycled-pu-foam-data;elorza-2021-recycled-pu-foam-paper,时间序列点共享一个配方运行预算，不按点扩增独立样本。
第十六批实验_再生PU泡沫,viscosity:RPUF_4.5,recycled-pu:RPUF_4.5:viscosity:026,RPUF_4.5,component_A_slurry_RPUF_4.5,curve_point,component_A_plus_CDW_PU_foam_powder,polyol_side_mixture_before_isocyanate_addition,dynamic_viscosity,96.53,Pa*s,,,elapsed_time,2.2,min,experimental,source_raw_workbook,raw_point,TA Instruments AR200ex rheometer; source time series,direct_experimental_process_property,conditional_reference,formulation_resolved_commercial_component_A_unresolved,rheometer_identified_shear_rate_and_temperature_unreported,0.25,False,,family_elorza_recycled_pu_foam,数据/原始/外部数据/新增开放数据/第十六批实验_再生PU泡沫/原始文件/row data for _Sustainable insulating foams_3/RPUF_viscosity_RawData/RPUF45_viscosty.xlsx#Hoja1!A28:B28,779ca5405fad8c28cd72a122cb304d63dee30a5fe6f6c7bc97bfe48db5254263,CC BY 4.0,elorza-2021-recycled-pu-foam-data;elorza-2021-recycled-pu-foam-paper,时间序列点共享一个配方运行预算，不按点扩增独立样本。
第十六批实验_再生PU泡沫,viscosity:RPUF_4.5,recycled-pu:RPUF_4.5:viscosity:027,RPUF_4.5,component_A_slurry_RPUF_4.5,curve_point,component_A_plus_CDW_PU_foam_powder,polyol_side_mixture_before_isocyanate_addition,dynamic_viscosity,97.91,Pa*s,,,elapsed_time,2.3,min,experimental,source_raw_workbook,raw_point,TA Instruments AR200ex rheometer; source time series,direct_experimental_process_property,conditional_reference,formulation_resolved_commercial_component_A_unresolved,rheometer_identified_shear_rate_and_temperature_unreported,0.25,False,,family_elorza_recycled_pu_foam,数据/原始/外部数据/新增开放数据/第十六批实验_再生PU泡沫/原始文件/row data for _Sustainable insulating foams_3/RPUF_viscosity_RawData/RPUF45_viscosty.xlsx#Hoja1!A29:B29,779ca5405fad8c28cd72a122cb304d63dee30a5fe6f6c7bc97bfe48db5254263,CC BY 4.0,elorza-2021-recycled-pu-foam-data;elorza-2021-recycled-pu-foam-paper,时间序列点共享一个配方运行预算，不按点扩增独立样本。
第十六批实验_再生PU泡沫,viscosity:RPUF_4.5,recycled-pu:RPUF_4.5:viscosity:028,RPUF_4.5,component_A_slurry_RPUF_4.5,curve_point,component_A_plus_CDW_PU_foam_powder,polyol_side_mixture_before_isocyanate_addition,dynamic_viscosity,98.3,Pa*s,,,elapsed_time,2.3,min,experimental,source_raw_workbook,raw_point,TA Instruments AR200ex rheometer; source time series,direct_experimental_process_property,conditional_reference,formulation_resolved_commercial_component_A_unresolved,rheometer_identified_shear_rate_and_temperature_unreported,0.25,False,,family_elorza_recycled_pu_foam,数据/原始/外部数据/新增开放数据/第十六批实验_再生PU泡沫/原始文件/row data for _Sustainable insulating foams_3/RPUF_viscosity_RawData/RPUF45_viscosty.xlsx#Hoja1!A30:B30,779ca5405fad8c28cd72a122cb304d63dee30a5fe6f6c7bc97bfe48db5254263,CC BY 4.0,elorza-2021-recycled-pu-foam-data;elorza-2021-recycled-pu-foam-paper,时间序列点共享一个配方运行预算，不按点扩增独立样本。
第十六批实验_再生PU泡沫,viscosity:RPUF_4.5,recycled-pu:RPUF_4.5:viscosity:029,RPUF_4.5,component_A_slurry_RPUF_4.5,curve_point,component_A_plus_CDW_PU_foam_powder,polyol_side_mixture_before_isocyanate_addition,dynamic_viscosity,97.93,Pa*s,,,elapsed_time,2.4,min,experimental,source_raw_workbook,raw_point,TA Instruments AR200ex rheometer; source time series,direct_experimental_process_property,conditional_reference,formulation_resolved_commercial_component_A_unresolved,rheometer_identified_shear_rate_and_temperature_unreported,0.25,False,,family_elorza_recycled_pu_foam,数据/原始/外部数据/新增开放数据/第十六批实验_再生PU泡沫/原始文件/row data for _Sustainable insulating foams_3/RPUF_viscosity_RawData/RPUF45_viscosty.xlsx#Hoja1!A31:B31,779ca5405fad8c28cd72a122cb304d63dee30a5fe6f6c7bc97bfe48db5254263,CC BY 4.0,elorza-2021-recycled-pu-foam-data;elorza-2021-recycled-pu-foam-paper,时间序列点共享一个配方运行预算，不按点扩增独立样本。
第十六批实验_再生PU泡沫,viscosity:RPUF_4.5,recycled-pu:RPUF_4.5:viscosity:030,RPUF_4.5,component_A_slurry_RPUF_4.5,curve_point,component_A_plus_CDW_PU_foam_powder,polyol_side_mixture_before_isocyanate_addition,dynamic_viscosity,98.51,Pa*s,,,elapsed_time,2.5,min,experimental,source_raw_workbook,raw_point,TA Instruments AR200ex rheometer; source time series,direct_experimental_process_property,conditional_reference,formulation_resolved_commercial_component_A_unresolved,rheometer_identified_shear_rate_and_temperature_unreported,0.25,False,,family_elorza_recycled_pu_foam,数据/原始/外部数据/新增开放数据/第十六批实验_再生PU泡沫/原始文件/row data for _Sustainable insulating foams_3/RPUF_viscosity_RawData/RPUF45_viscosty.xlsx#Hoja1!A32:B32,779ca5405fad8c28cd72a122cb304d63dee30a5fe6f6c7bc97bfe48db5254263,CC BY 4.0,elorza-2021-recycled-pu-foam-data;elorza-2021-recycled-pu-foam-paper,时间序列点共享一个配方运行预算，不按点扩增独立样本。
第十六批实验_再生PU泡沫,viscosity:RPUF_4.5,recycled-pu:RPUF_4.5:viscosity:031,RPUF_4.5,component_A_slurry_RPUF_4.5,curve_point,component_A_plus_CDW_PU_foam_powder,polyol_side_mixture_before_isocyanate_addition,dynamic_viscosity,98.79,Pa*s,,,elapsed_time,2.6,min,experimental,source_raw_workbook,raw_point,TA Instruments AR200ex rheometer; source time series,direct_experimental_process_property,conditional_reference,formulation_resolved_commercial_component_A_unresolved,rheometer_identified_shear_rate_and_temperature_unreported,0.25,False,,family_elorza_recycled_pu_foam,数据/原始/外部数据/新增开放数据/第十六批实验_再生PU泡沫/原始文件/row data for _Sustainable insulating foams_3/RPUF_viscosity_RawData/RPUF45_viscosty.xlsx#Hoja1!A33:B33,779ca5405fad8c28cd72a122cb304d63dee30a5fe6f6c7bc97bfe48db5254263,CC BY 4.0,elorza-2021-recycled-pu-foam-data;elorza-2021-recycled-pu-foam-paper,时间序列点共享一个配方运行预算，不按点扩增独立样本。
第十六批实验_再生PU泡沫,viscosity:RPUF_4.5,recycled-pu:RPUF_4.5:viscosity:032,RPUF_4.5,component_A_slurry_RPUF_4.5,curve_point,component_A_plus_CDW_PU_foam_powder,polyol_side_mixture_before_isocyanate_addition,dynamic_viscosity,96.15,Pa*s,,,elapsed_time,2.7,min,experimental,source_raw_workbook,raw_point,TA Instruments AR200ex rheometer; source time series,direct_experimental_process_property,conditional_reference,formulation_resolved_commercial_component_A_unresolved,rheometer_identified_shear_rate_and_temperature_unreported,0.25,False,,family_elorza_recycled_pu_foam,数据/原始/外部数据/新增开放数据/第十六批实验_再生PU泡沫/原始文件/row data for _Sustainable insulating foams_3/RPUF_viscosity_RawData/RPUF45_viscosty.xlsx#Hoja1!A34:B34,779ca5405fad8c28cd72a122cb304d63dee30a5fe6f6c7bc97bfe48db5254263,CC BY 4.0,elorza-2021-recycled-pu-foam-data;elorza-2021-recycled-pu-foam-paper,时间序列点共享一个配方运行预算，不按点扩增独立样本。
第十六批实验_再生PU泡沫,viscosity:RPUF_4.5,recycled-pu:RPUF_4.5:viscosity:033,RPUF_4.5,component_A_slurry_RPUF_4.5,curve_point,component_A_plus_CDW_PU_foam_powder,polyol_side_mixture_before_isocyanate_addition,dynamic_viscosity,97.42,Pa*s,,,elapsed_time,2.8,min,experimental,source_raw_workbook,raw_point,TA Instruments AR200ex rheometer; source time series,direct_experimental_process_property,conditional_reference,formulation_resolved_commercial_component_A_unresolved,rheometer_identified_shear_rate_and_temperature_unreported,0.25,False,,family_elorza_recycled_pu_foam,数据/原始/外部数据/新增开放数据/第十六批实验_再生PU泡沫/原始文件/row data for _Sustainable insulating foams_3/RPUF_viscosity_RawData/RPUF45_viscosty.xlsx#Hoja1!A35:B35,779ca5405fad8c28cd72a122cb304d63dee30a5fe6f6c7bc97bfe48db5254263,CC BY 4.0,elorza-2021-recycled-pu-foam-data;elorza-2021-recycled-pu-foam-paper,时间序列点共享一个配方运行预算，不按点扩增独立样本。
第十六批实验_再生PU泡沫,viscosity:RPUF_4.5,recycled-pu:RPUF_4.5:viscosity:034,RPUF_4.5,component_A_slurry_RPUF_4.5,curve_point,component_A_plus_CDW_PU_foam_powder,polyol_side_mixture_before_isocyanate_addition,dynamic_viscosity,98.06,Pa*s,,,elapsed_time,2.8,min,experimental,source_raw_workbook,raw_point,TA Instruments AR200ex rheometer; source time series,direct_experimental_process_property,conditional_reference,formulation_resolved_commercial_component_A_unresolved,rheometer_identified_shear_rate_and_temperature_unreported,0.25,False,,family_elorza_recycled_pu_foam,数据/原始/外部数据/新增开放数据/第十六批实验_再生PU泡沫/原始文件/row data for _Sustainable insulating foams_3/RPUF_viscosity_RawData/RPUF45_viscosty.xlsx#Hoja1!A36:B36,779ca5405fad8c28cd72a122cb304d63dee30a5fe6f6c7bc97bfe48db5254263,CC BY 4.0,elorza-2021-recycled-pu-foam-data;elorza-2021-recycled-pu-foam-paper,时间序列点共享一个配方运行预算，不按点扩增独立样本。
第十六批实验_再生PU泡沫,viscosity:RPUF_4.5,recycled-pu:RPUF_4.5:viscosity:035,RPUF_4.5,component_A_slurry_RPUF_4.5,curve_point,component_A_plus_CDW_PU_foam_powder,polyol_side_mixture_before_isocyanate_addition,dynamic_viscosity,94.24,Pa*s,,,elapsed_time,2.9,min,experimental,source_raw_workbook,raw_point,TA Instruments AR200ex rheometer; source time series,direct_experimental_process_property,conditional_reference,formulation_resolved_commercial_component_A_unresolved,rheometer_identified_shear_rate_and_temperature_unreported,0.25,False,,family_elorza_recycled_pu_foam,数据/原始/外部数据/新增开放数据/第十六批实验_再生PU泡沫/原始文件/row data for _Sustainable insulating foams_3/RPUF_viscosity_RawData/RPUF45_viscosty.xlsx#Hoja1!A37:B37,779ca5405fad8c28cd72a122cb304d63dee30a5fe6f6c7bc97bfe48db5254263,CC BY 4.0,elorza-2021-recycled-pu-foam-data;elorza-2021-recycled-pu-foam-paper,时间序列点共享一个配方运行预算，不按点扩增独立样本。
第十六批实验_再生PU泡沫,viscosity:RPUF_4.5,recycled-pu:RPUF_4.5:viscosity:036,RPUF_4.5,component_A_slurry_RPUF_4.5,curve_point,component_A_plus_CDW_PU_foam_powder,polyol_side_mixture_before_isocyanate_addition,dynamic_viscosity,94.52,Pa*s,,,elapsed_time,3.0,min,experimental,source_raw_workbook,raw_point,TA Instruments AR200ex rheometer; source time series,direct_experimental_process_property,conditional_reference,formulation_resolved_commercial_component_A_unresolved,rheometer_identified_shear_rate_and_temperature_unreported,0.25,False,,family_elorza_recycled_pu_foam,数据/原始/外部数据/新增开放数据/第十六批实验_再生PU泡沫/原始文件/row data for _Sustainable insulating foams_3/RPUF_viscosity_RawData/RPUF45_viscosty.xlsx#Hoja1!A38:B38,779ca5405fad8c28cd72a122cb304d63dee30a5fe6f6c7bc97bfe48db5254263,CC BY 4.0,elorza-2021-recycled-pu-foam-data;elorza-2021-recycled-pu-foam-paper,时间序列点共享一个配方运行预算，不按点扩增独立样本。
第十六批实验_再生PU泡沫,viscosity:RPUF_4.5,recycled-pu:RPUF_4.5:viscosity:037,RPUF_4.5,component_A_slurry_RPUF_4.5,curve_point,component_A_plus_CDW_PU_foam_powder,polyol_side_mixture_before_isocyanate_addition,dynamic_viscosity,97.03,Pa*s,,,elapsed_time,3.1,min,experimental,source_raw_workbook,raw_point,TA Instruments AR200ex rheometer; source time series,direct_experimental_process_property,conditional_reference,formulation_resolved_commercial_component_A_unresolved,rheometer_identified_shear_rate_and_temperature_unreported,0.25,False,,family_elorza_recycled_pu_foam,数据/原始/外部数据/新增开放数据/第十六批实验_再生PU泡沫/原始文件/row data for _Sustainable insulating foams_3/RPUF_viscosity_RawData/RPUF45_viscosty.xlsx#Hoja1!A39:B39,779ca5405fad8c28cd72a122cb304d63dee30a5fe6f6c7bc97bfe48db5254263,CC BY 4.0,elorza-2021-recycled-pu-foam-data;elorza-2021-recycled-pu-foam-paper,时间序列点共享一个配方运行预算，不按点扩增独立样本。
第十六批实验_再生PU泡沫,viscosity:RPUF_4.5,recycled-pu:RPUF_4.5:viscosity:038,RPUF_4.5,component_A_slurry_RPUF_4.5,curve_point,component_A_plus_CDW_PU_foam_powder,polyol_side_mixture_before_isocyanate_addition,dynamic_viscosity,96.5,Pa*s,,,elapsed_time,3.2,min,experimental,source_raw_workbook,raw_point,TA Instruments AR200ex rheometer; source time series,direct_experimental_process_property,conditional_reference,formulation_resolved_commercial_component_A_unresolved,rheometer_identified_shear_rate_and_temperature_unreported,0.25,False,,family_elorza_recycled_pu_foam,数据/原始/外部数据/新增开放数据/第十六批实验_再生PU泡沫/原始文件/row data for _Sustainable insulating foams_3/RPUF_viscosity_RawData/RPUF45_viscosty.xlsx#Hoja1!A40:B40,779ca5405fad8c28cd72a122cb304d63dee30a5fe6f6c7bc97bfe48db5254263,CC BY 4.0,elorza-2021-recycled-pu-foam-data;elorza-2021-recycled-pu-foam-paper,时间序列点共享一个配方运行预算，不按点扩增独立样本。
第十六批实验_再生PU泡沫,viscosity:RPUF_4.5,recycled-pu:RPUF_4.5:viscosity:039,RPUF_4.5,component_A_slurry_RPUF_4.5,curve_point,component_A_plus_CDW_PU_foam_powder,polyol_side_mixture_before_isocyanate_addition,dynamic_viscosity,93.66,Pa*s,,,elapsed_time,3.3,min,experimental,source_raw_workbook,raw_point,TA Instruments AR200ex rheometer; source time series,direct_experimental_process_property,conditional_reference,formulation_resolved_commercial_component_A_unresolved,rheometer_identified_shear_rate_and_temperature_unreported,0.25,False,,family_elorza_recycled_pu_foam,数据/原始/外部数据/新增开放数据/第十六批实验_再生PU泡沫/原始文件/row data for _Sustainable insulating foams_3/RPUF_viscosity_RawData/RPUF45_viscosty.xlsx#Hoja1!A41:B41,779ca5405fad8c28cd72a122cb304d63dee30a5fe6f6c7bc97bfe48db5254263,CC BY 4.0,elorza-2021-recycled-pu-foam-data;elorza-2021-recycled-pu-foam-paper,时间序列点共享一个配方运行预算，不按点扩增独立样本。
第十六批实验_再生PU泡沫,viscosity:RPUF_4.5,recycled-pu:RPUF_4.5:viscosity:040,RPUF_4.5,component_A_slurry_RPUF_4.5,curve_point,component_A_plus_CDW_PU_foam_powder,polyol_side_mixture_before_isocyanate_addition,dynamic_viscosity,95.39,Pa*s,,,elapsed_time,3.3,min,experimental,source_raw_workbook,raw_point,TA Instruments AR200ex rheometer; source time series,direct_experimental_process_property,conditional_reference,formulation_resolved_commercial_component_A_unresolved,rheometer_identified_shear_rate_and_temperature_unreported,0.25,False,,family_elorza_recycled_pu_foam,数据/原始/外部数据/新增开放数据/第十六批实验_再生PU泡沫/原始文件/row data for _Sustainable insulating foams_3/RPUF_viscosity_RawData/RPUF45_viscosty.xlsx#Hoja1!A42:B42,779ca5405fad8c28cd72a122cb304d63dee30a5fe6f6c7bc97bfe48db5254263,CC BY 4.0,elorza-2021-recycled-pu-foam-data;elorza-2021-recycled-pu-foam-paper,时间序列点共享一个配方运行预算，不按点扩增独立样本。
第十六批实验_再生PU泡沫,viscosity:RPUF_4.5,recycled-pu:RPUF_4.5:viscosity:041,RPUF_4.5,component_A_slurry_RPUF_4.5,curve_point,component_A_plus_CDW_PU_foam_powder,polyol_side_mixture_before_isocyanate_addition,dynamic_viscosity,97.41,Pa*s,,,elapsed_time,3.4,min,experimental,source_raw_workbook,raw_point,TA Instruments AR200ex rheometer; source time series,direct_experimental_process_property,conditional_reference,formulation_resolved_commercial_component_A_unresolved,rheometer_identified_shear_rate_and_temperature_unreported,0.25,False,,family_elorza_recycled_pu_foam,数据/原始/外部数据/新增开放数据/第十六批实验_再生PU泡沫/原始文件/row data for _Sustainable insulating foams_3/RPUF_viscosity_RawData/RPUF45_viscosty.xlsx#Hoja1!A43:B43,779ca5405fad8c28cd72a122cb304d63dee30a5fe6f6c7bc97bfe48db5254263,CC BY 4.0,elorza-2021-recycled-pu-foam-data;elorza-2021-recycled-pu-foam-paper,时间序列点共享一个配方运行预算，不按点扩增独立样本。
第十六批实验_再生PU泡沫,viscosity:RPUF_4.5,recycled-pu:RPUF_4.5:viscosity:042,RPUF_4.5,component_A_slurry_RPUF_4.5,curve_point,component_A_plus_CDW_PU_foam_powder,polyol_side_mixture_before_isocyanate_addition,dynamic_viscosity,98.2,Pa*s,,,elapsed_time,3.5,min,experimental,source_raw_workbook,raw_point,TA Instruments AR200ex rheometer; source time series,direct_experimental_process_property,conditional_reference,formulation_resolved_commercial_component_A_unresolved,rheometer_identified_shear_rate_and_temperature_unreported,0.25,False,,family_elorza_recycled_pu_foam,数据/原始/外部数据/新增开放数据/第十六批实验_再生PU泡沫/原始文件/row data for _Sustainable insulating foams_3/RPUF_viscosity_RawData/RPUF45_viscosty.xlsx#Hoja1!A44:B44,779ca5405fad8c28cd72a122cb304d63dee30a5fe6f6c7bc97bfe48db5254263,CC BY 4.0,elorza-2021-recycled-pu-foam-data;elorza-2021-recycled-pu-foam-paper,时间序列点共享一个配方运行预算，不按点扩增独立样本。
第十六批实验_再生PU泡沫,viscosity:RPUF_4.5,recycled-pu:RPUF_4.5:viscosity:043,RPUF_4.5,component_A_slurry_RPUF_4.5,curve_point,component_A_plus_CDW_PU_foam_powder,polyol_side_mixture_before_isocyanate_addition,dynamic_viscosity,99.97,Pa*s,,,elapsed_time,3.6,min,experimental,source_raw_workbook,raw_point,TA Instruments AR200ex rheometer; source time series,direct_experimental_process_property,conditional_reference,formulation_resolved_commercial_component_A_unresolved,rheometer_identified_shear_rate_and_temperature_unreported,0.25,False,,family_elorza_recycled_pu_foam,数据/原始/外部数据/新增开放数据/第十六批实验_再生PU泡沫/原始文件/row data for _Sustainable insulating foams_3/RPUF_viscosity_RawData/RPUF45_viscosty.xlsx#Hoja1!A45:B45,779ca5405fad8c28cd72a122cb304d63dee30a5fe6f6c7bc97bfe48db5254263,CC BY 4.0,elorza-2021-recycled-pu-foam-data;elorza-2021-recycled-pu-foam-paper,时间序列点共享一个配方运行预算，不按点扩增独立样本。
第十六批实验_再生PU泡沫,viscosity:RPUF_4.5,recycled-pu:RPUF_4.5:viscosity:044,RPUF_4.5,component_A_slurry_RPUF_4.5,curve_point,component_A_plus_CDW_PU_foam_powder,polyol_side_mixture_before_isocyanate_addition,dynamic_viscosity,98.64,Pa*s,,,elapsed_time,3.7,min,experimental,source_raw_workbook,raw_point,TA Instruments AR200ex rheometer; source time series,direct_experimental_process_property,conditional_reference,formulation_resolved_commercial_component_A_unresolved,rheometer_identified_shear_rate_and_temperature_unreported,0.25,False,,family_elorza_recycled_pu_foam,数据/原始/外部数据/新增开放数据/第十六批实验_再生PU泡沫/原始文件/row data for _Sustainable insulating foams_3/RPUF_viscosity_RawData/RPUF45_viscosty.xlsx#Hoja1!A46:B46,779ca5405fad8c28cd72a122cb304d63dee30a5fe6f6c7bc97bfe48db5254263,CC BY 4.0,elorza-2021-recycled-pu-foam-data;elorza-2021-recycled-pu-foam-paper,时间序列点共享一个配方运行预算，不按点扩增独立样本。
第十六批实验_再生PU泡沫,viscosity:RPUF_4.5,recycled-pu:RPUF_4.5:viscosity:045,RPUF_4.5,component_A_slurry_RPUF_4.5,curve_point,component_A_plus_CDW_PU_foam_powder,polyol_side_mixture_before_isocyanate_addition,dynamic_viscosity,94.13,Pa*s,,,elapsed_time,3.8,min,experimental,source_raw_workbook,raw_point,TA Instruments AR200ex rheometer; source time series,direct_experimental_process_property,conditional_reference,formulation_resolved_commercial_component_A_unresolved,rheometer_identified_shear_rate_and_temperature_unreported,0.25,False,,family_elorza_recycled_pu_foam,数据/原始/外部数据/新增开放数据/第十六批实验_再生PU泡沫/原始文件/row data for _Sustainable insulating foams_3/RPUF_viscosity_RawData/RPUF45_viscosty.xlsx#Hoja1!A47:B47,779ca5405fad8c28cd72a122cb304d63dee30a5fe6f6c7bc97bfe48db5254263,CC BY 4.0,elorza-2021-recycled-pu-foam-data;elorza-2021-recycled-pu-foam-paper,时间序列点共享一个配方运行预算，不按点扩增独立样本。
第十六批实验_再生PU泡沫,viscosity:RPUF_4.5,recycled-pu:RPUF_4.5:viscosity:046,RPUF_4.5,component_A_slurry_RPUF_4.5,curve_point,component_A_plus_CDW_PU_foam_powder,polyol_side_mixture_before_isocyanate_addition,dynamic_viscosity,92.53,Pa*s,,,elapsed_time,3.8,min,experimental,source_raw_workbook,raw_point,TA Instruments AR200ex rheometer; source time series,direct_experimental_process_property,conditional_reference,formulation_resolved_commercial_component_A_unresolved,rheometer_identified_shear_rate_and_temperature_unreported,0.25,False,,family_elorza_recycled_pu_foam,数据/原始/外部数据/新增开放数据/第十六批实验_再生PU泡沫/原始文件/row data for _Sustainable insulating foams_3/RPUF_viscosity_RawData/RPUF45_viscosty.xlsx#Hoja1!A48:B48,779ca5405fad8c28cd72a122cb304d63dee30a5fe6f6c7bc97bfe48db5254263,CC BY 4.0,elorza-2021-recycled-pu-foam-data;elorza-2021-recycled-pu-foam-paper,时间序列点共享一个配方运行预算，不按点扩增独立样本。
第十六批实验_再生PU泡沫,viscosity:RPUF_4.5,recycled-pu:RPUF_4.5:viscosity:047,RPUF_4.5,component_A_slurry_RPUF_4.5,curve_point,component_A_plus_CDW_PU_foam_powder,polyol_side_mixture_before_isocyanate_addition,dynamic_viscosity,90.16,Pa*s,,,elapsed_time,3.9,min,experimental,source_raw_workbook,raw_point,TA Instruments AR200ex rheometer; source time series,direct_experimental_process_property,conditional_reference,formulation_resolved_commercial_component_A_unresolved,rheometer_identified_shear_rate_and_temperature_unreported,0.25,False,,family_elorza_recycled_pu_foam,数据/原始/外部数据/新增开放数据/第十六批实验_再生PU泡沫/原始文件/row data for _Sustainable insulating foams_3/RPUF_viscosity_RawData/RPUF45_viscosty.xlsx#Hoja1!A49:B49,779ca5405fad8c28cd72a122cb304d63dee30a5fe6f6c7bc97bfe48db5254263,CC BY 4.0,elorza-2021-recycled-pu-foam-data;elorza-2021-recycled-pu-foam-paper,时间序列点共享一个配方运行预算，不按点扩增独立样本。
第十六批实验_再生PU泡沫,viscosity:RPUF_4.5,recycled-pu:RPUF_4.5:viscosity:048,RPUF_4.5,component_A_slurry_RPUF_4.5,curve_point,component_A_plus_CDW_PU_foam_powder,polyol_side_mixture_before_isocyanate_addition,dynamic_viscosity,90.97,Pa*s,,,elapsed_time,4.0,min,experimental,source_raw_workbook,raw_point,TA Instruments AR200ex rheometer; source time series,direct_experimental_process_property,conditional_reference,formulation_resolved_commercial_component_A_unresolved,rheometer_identified_shear_rate_and_temperature_unreported,0.25,False,,family_elorza_recycled_pu_foam,数据/原始/外部数据/新增开放数据/第十六批实验_再生PU泡沫/原始文件/row data for _Sustainable insulating foams_3/RPUF_viscosity_RawData/RPUF45_viscosty.xlsx#Hoja1!A50:B50,779ca5405fad8c28cd72a122cb304d63dee30a5fe6f6c7bc97bfe48db5254263,CC BY 4.0,elorza-2021-recycled-pu-foam-data;elorza-2021-recycled-pu-foam-paper,时间序列点共享一个配方运行预算，不按点扩增独立样本。
第十六批实验_再生PU泡沫,viscosity:RPUF_4.5,recycled-pu:RPUF_4.5:viscosity:049,RPUF_4.5,component_A_slurry_RPUF_4.5,curve_point,component_A_plus_CDW_PU_foam_powder,polyol_side_mixture_before_isocyanate_addition,dynamic_viscosity,91.89,Pa*s,,,elapsed_time,4.1,min,experimental,source_raw_workbook,raw_point,TA Instruments AR200ex rheometer; source time series,direct_experimental_process_property,conditional_reference,formulation_resolved_commercial_component_A_unresolved,rheometer_identified_shear_rate_and_temperature_unreported,0.25,False,,family_elorza_recycled_pu_foam,数据/原始/外部数据/新增开放数据/第十六批实验_再生PU泡沫/原始文件/row data for _Sustainable insulating foams_3/RPUF_viscosity_RawData/RPUF45_viscosty.xlsx#Hoja1!A51:B51,779ca5405fad8c28cd72a122cb304d63dee30a5fe6f6c7bc97bfe48db5254263,CC BY 4.0,elorza-2021-recycled-pu-foam-data;elorza-2021-recycled-pu-foam-paper,时间序列点共享一个配方运行预算，不按点扩增独立样本。
第十六批实验_再生PU泡沫,viscosity:RPUF_4.5,recycled-pu:RPUF_4.5:viscosity:050,RPUF_4.5,component_A_slurry_RPUF_4.5,curve_point,component_A_plus_CDW_PU_foam_powder,polyol_side_mixture_before_isocyanate_addition,dynamic_viscosity,91.94,Pa*s,,,elapsed_time,4.2,min,experimental,source_raw_workbook,raw_point,TA Instruments AR200ex rheometer; source time series,direct_experimental_process_property,conditional_reference,formulation_resolved_commercial_component_A_unresolved,rheometer_identified_shear_rate_and_temperature_unreported,0.25,False,,family_elorza_recycled_pu_foam,数据/原始/外部数据/新增开放数据/第十六批实验_再生PU泡沫/原始文件/row data for _Sustainable insulating foams_3/RPUF_viscosity_RawData/RPUF45_viscosty.xlsx#Hoja1!A52:B52,779ca5405fad8c28cd72a122cb304d63dee30a5fe6f6c7bc97bfe48db5254263,CC BY 4.0,elorza-2021-recycled-pu-foam-data;elorza-2021-recycled-pu-foam-paper,时间序列点共享一个配方运行预算，不按点扩增独立样本。
第十六批实验_再生PU泡沫,viscosity:RPUF_4.5,recycled-pu:RPUF_4.5:viscosity:051,RPUF_4.5,component_A_slurry_RPUF_4.5,curve_point,component_A_plus_CDW_PU_foam_powder,polyol_side_mixture_before_isocyanate_addition,dynamic_viscosity,92.96,Pa*s,,,elapsed_time,4.3,min,experimental,source_raw_workbook,raw_point,TA Instruments AR200ex rheometer; source time series,direct_experimental_process_property,conditional_reference,formulation_resolved_commercial_component_A_unresolved,rheometer_identified_shear_rate_and_temperature_unreported,0.25,False,,family_elorza_recycled_pu_foam,数据/原始/外部数据/新增开放数据/第十六批实验_再生PU泡沫/原始文件/row data for _Sustainable insulating foams_3/RPUF_viscosity_RawData/RPUF45_viscosty.xlsx#Hoja1!A53:B53,779ca5405fad8c28cd72a122cb304d63dee30a5fe6f6c7bc97bfe48db5254263,CC BY 4.0,elorza-2021-recycled-pu-foam-data;elorza-2021-recycled-pu-foam-paper,时间序列点共享一个配方运行预算，不按点扩增独立样本。
第十六批实验_再生PU泡沫,viscosity:RPUF_4.5,recycled-pu:RPUF_4.5:viscosity:052,RPUF_4.5,component_A_slurry_RPUF_4.5,curve_point,component_A_plus_CDW_PU_foam_powder,polyol_side_mixture_before_isocyanate_addition,dynamic_viscosity,93.47,Pa*s,,,elapsed_time,4.3,min,experimental,source_raw_workbook,raw_point,TA Instruments AR200ex rheometer; source time series,direct_experimental_process_property,conditional_reference,formulation_resolved_commercial_component_A_unresolved,rheometer_identified_shear_rate_and_temperature_unreported,0.25,False,,family_elorza_recycled_pu_foam,数据/原始/外部数据/新增开放数据/第十六批实验_再生PU泡沫/原始文件/row data for _Sustainable insulating foams_3/RPUF_viscosity_RawData/RPUF45_viscosty.xlsx#Hoja1!A54:B54,779ca5405fad8c28cd72a122cb304d63dee30a5fe6f6c7bc97bfe48db5254263,CC BY 4.0,elorza-2021-recycled-pu-foam-data;elorza-2021-recycled-pu-foam-paper,时间序列点共享一个配方运行预算，不按点扩增独立样本。
第十六批实验_再生PU泡沫,viscosity:RPUF_4.5,recycled-pu:RPUF_4.5:viscosity:053,RPUF_4.5,component_A_slurry_RPUF_4.5,curve_point,component_A_plus_CDW_PU_foam_powder,polyol_side_mixture_before_isocyanate_addition,dynamic_viscosity,93.42,Pa*s,,,elapsed_time,4.4,min,experimental,source_raw_workbook,raw_point,TA Instruments AR200ex rheometer; source time series,direct_experimental_process_property,conditional_reference,formulation_resolved_commercial_component_A_unresolved,rheometer_identified_shear_rate_and_temperature_unreported,0.25,False,,family_elorza_recycled_pu_foam,数据/原始/外部数据/新增开放数据/第十六批实验_再生PU泡沫/原始文件/row data for _Sustainable insulating foams_3/RPUF_viscosity_RawData/RPUF45_viscosty.xlsx#Hoja1!A55:B55,779ca5405fad8c28cd72a122cb304d63dee30a5fe6f6c7bc97bfe48db5254263,CC BY 4.0,elorza-2021-recycled-pu-foam-data;elorza-2021-recycled-pu-foam-paper,时间序列点共享一个配方运行预算，不按点扩增独立样本。
第十六批实验_再生PU泡沫,viscosity:RPUF_4.5,recycled-pu:RPUF_4.5:viscosity:054,RPUF_4.5,component_A_slurry_RPUF_4.5,curve_point,component_A_plus_CDW_PU_foam_powder,polyol_side_mixture_before_isocyanate_addition,dynamic_viscosity,90.47,Pa*s,,,elapsed_time,4.5,min,experimental,source_raw_workbook,raw_point,TA Instruments AR200ex rheometer; source time series,direct_experimental_process_property,conditional_reference,formulation_resolved_commercial_component_A_unresolved,rheometer_identified_shear_rate_and_temperature_unreported,0.25,False,,family_elorza_recycled_pu_foam,数据/原始/外部数据/新增开放数据/第十六批实验_再生PU泡沫/原始文件/row data for _Sustainable insulating foams_3/RPUF_viscosity_RawData/RPUF45_viscosty.xlsx#Hoja1!A56:B56,779ca5405fad8c28cd72a122cb304d63dee30a5fe6f6c7bc97bfe48db5254263,CC BY 4.0,elorza-2021-recycled-pu-foam-data;elorza-2021-recycled-pu-foam-paper,时间序列点共享一个配方运行预算，不按点扩增独立样本。
第十六批实验_再生PU泡沫,viscosity:RPUF_4.5,recycled-pu:RPUF_4.5:viscosity:055,RPUF_4.5,component_A_slurry_RPUF_4.5,curve_point,component_A_plus_CDW_PU_foam_powder,polyol_side_mixture_before_isocyanate_addition,dynamic_viscosity,87.48,Pa*s,,,elapsed_time,4.6,min,experimental,source_raw_workbook,raw_point,TA Instruments AR200ex rheometer; source time series,direct_experimental_process_property,conditional_reference,formulation_resolved_commercial_component_A_unresolved,rheometer_identified_shear_rate_and_temperature_unreported,0.25,False,,family_elorza_recycled_pu_foam,数据/原始/外部数据/新增开放数据/第十六批实验_再生PU泡沫/原始文件/row data for _Sustainable insulating foams_3/RPUF_viscosity_RawData/RPUF45_viscosty.xlsx#Hoja1!A57:B57,779ca5405fad8c28cd72a122cb304d63dee30a5fe6f6c7bc97bfe48db5254263,CC BY 4.0,elorza-2021-recycled-pu-foam-data;elorza-2021-recycled-pu-foam-paper,时间序列点共享一个配方运行预算，不按点扩增独立样本。
第十六批实验_再生PU泡沫,viscosity:RPUF_4.5,recycled-pu:RPUF_4.5:viscosity:056,RPUF_4.5,component_A_slurry_RPUF_4.5,curve_point,component_A_plus_CDW_PU_foam_powder,polyol_side_mixture_before_isocyanate_addition,dynamic_viscosity,87.6,Pa*s,,,elapsed_time,4.7,min,experimental,source_raw_workbook,raw_point,TA Instruments AR200ex rheometer; source time series,direct_experimental_process_property,conditional_reference,formulation_resolved_commercial_component_A_unresolved,rheometer_identified_shear_rate_and_temperature_unreported,0.25,False,,family_elorza_recycled_pu_foam,数据/原始/外部数据/新增开放数据/第十六批实验_再生PU泡沫/原始文件/row data for _Sustainable insulating foams_3/RPUF_viscosity_RawData/RPUF45_viscosty.xlsx#Hoja1!A58:B58,779ca5405fad8c28cd72a122cb304d63dee30a5fe6f6c7bc97bfe48db5254263,CC BY 4.0,elorza-2021-recycled-pu-foam-data;elorza-2021-recycled-pu-foam-paper,时间序列点共享一个配方运行预算，不按点扩增独立样本。
第十六批实验_再生PU泡沫,viscosity:RPUF_4.5,recycled-pu:RPUF_4.5:viscosity:057,RPUF_4.5,component_A_slurry_RPUF_4.5,curve_point,component_A_plus_CDW_PU_foam_powder,polyol_side_mixture_before_isocyanate_addition,dynamic_viscosity,87.12,Pa*s,,,elapsed_time,4.8,min,experimental,source_raw_workbook,raw_point,TA Instruments AR200ex rheometer; source time series,direct_experimental_process_property,conditional_reference,formulation_resolved_commercial_component_A_unresolved,rheometer_identified_shear_rate_and_temperature_unreported,0.25,False,,family_elorza_recycled_pu_foam,数据/原始/外部数据/新增开放数据/第十六批实验_再生PU泡沫/原始文件/row data for _Sustainable insulating foams_3/RPUF_viscosity_RawData/RPUF45_viscosty.xlsx#Hoja1!A59:B59,779ca5405fad8c28cd72a122cb304d63dee30a5fe6f6c7bc97bfe48db5254263,CC BY 4.0,elorza-2021-recycled-pu-foam-data;elorza-2021-recycled-pu-foam-paper,时间序列点共享一个配方运行预算，不按点扩增独立样本。
第十六批实验_再生PU泡沫,viscosity:RPUF_4.5,recycled-pu:RPUF_4.5:viscosity:058,RPUF_4.5,component_A_slurry_RPUF_4.5,curve_point,component_A_plus_CDW_PU_foam_powder,polyol_side_mixture_before_isocyanate_addition,dynamic_viscosity,86.59,Pa*s,,,elapsed_time,4.8,min,experimental,source_raw_workbook,raw_point,TA Instruments AR200ex rheometer; source time series,direct_experimental_process_property,conditional_reference,formulation_resolved_commercial_component_A_unresolved,rheometer_identified_shear_rate_and_temperature_unreported,0.25,False,,family_elorza_recycled_pu_foam,数据/原始/外部数据/新增开放数据/第十六批实验_再生PU泡沫/原始文件/row data for _Sustainable insulating foams_3/RPUF_viscosity_RawData/RPUF45_viscosty.xlsx#Hoja1!A60:B60,779ca5405fad8c28cd72a122cb304d63dee30a5fe6f6c7bc97bfe48db5254263,CC BY 4.0,elorza-2021-recycled-pu-foam-data;elorza-2021-recycled-pu-foam-paper,时间序列点共享一个配方运行预算，不按点扩增独立样本。
第十六批实验_再生PU泡沫,viscosity:RPUF_4.5,recycled-pu:RPUF_4.5:viscosity:059,RPUF_4.5,component_A_slurry_RPUF_4.5,curve_point,component_A_plus_CDW_PU_foam_powder,polyol_side_mixture_before_isocyanate_addition,dynamic_viscosity,83.69,Pa*s,,,elapsed_time,4.9,min,experimental,source_raw_workbook,raw_point,TA Instruments AR200ex rheometer; source time series,direct_experimental_process_property,conditional_reference,formulation_resolved_commercial_component_A_unresolved,rheometer_identified_shear_rate_and_temperature_unreported,0.25,False,,family_elorza_recycled_pu_foam,数据/原始/外部数据/新增开放数据/第十六批实验_再生PU泡沫/原始文件/row data for _Sustainable insulating foams_3/RPUF_viscosity_RawData/RPUF45_viscosty.xlsx#Hoja1!A61:B61,779ca5405fad8c28cd72a122cb304d63dee30a5fe6f6c7bc97bfe48db5254263,CC BY 4.0,elorza-2021-recycled-pu-foam-data;elorza-2021-recycled-pu-foam-paper,时间序列点共享一个配方运行预算，不按点扩增独立样本。
第十六批实验_再生PU泡沫,viscosity:RPUF_4.5,recycled-pu:RPUF_4.5:viscosity:060,RPUF_4.5,component_A_slurry_RPUF_4.5,curve_point,component_A_plus_CDW_PU_foam_powder,polyol_side_mixture_before_isocyanate_addition,dynamic_viscosity,81.78,Pa*s,,,elapsed_time,5.0,min,experimental,source_raw_workbook,raw_point,TA Instruments AR200ex rheometer; source time series,direct_experimental_process_property,conditional_reference,formulation_resolved_commercial_component_A_unresolved,rheometer_identified_shear_rate_and_temperature_unreported,0.25,False,,family_elorza_recycled_pu_foam,数据/原始/外部数据/新增开放数据/第十六批实验_再生PU泡沫/原始文件/row data for _Sustainable insulating foams_3/RPUF_viscosity_RawData/RPUF45_viscosty.xlsx#Hoja1!A62:B62,779ca5405fad8c28cd72a122cb304d63dee30a5fe6f6c7bc97bfe48db5254263,CC BY 4.0,elorza-2021-recycled-pu-foam-data;elorza-2021-recycled-pu-foam-paper,时间序列点共享一个配方运行预算，不按点扩增独立样本。
第十六批实验_再生PU泡沫,viscosity:RPUF_6.0,recycled-pu:RPUF_6.0:viscosity:001,RPUF_6.0,component_A_slurry_RPUF_6.0,curve_point,component_A_plus_CDW_PU_foam_powder,polyol_side_mixture_before_isocyanate_addition,dynamic_viscosity,422.3,Pa*s,,,elapsed_time,0.1,min,experimental,source_raw_workbook,raw_point,TA Instruments AR200ex rheometer; source time series,direct_experimental_process_property,conditional_reference,formulation_resolved_commercial_component_A_unresolved,rheometer_identified_shear_rate_and_temperature_unreported,0.25,False,,family_elorza_recycled_pu_foam,数据/原始/外部数据/新增开放数据/第十六批实验_再生PU泡沫/原始文件/row data for _Sustainable insulating foams_3/RPUF_viscosity_RawData/RPUF60_viscosty.xlsx#Hoja1!A3:B3,17cf98c0dcea5121f192c611323769e1ffacb2d7a1e4cc0dfc09519fe27aedfa,CC BY 4.0,elorza-2021-recycled-pu-foam-data;elorza-2021-recycled-pu-foam-paper,时间序列点共享一个配方运行预算，不按点扩增独立样本。
第十六批实验_再生PU泡沫,viscosity:RPUF_6.0,recycled-pu:RPUF_6.0:viscosity:002,RPUF_6.0,component_A_slurry_RPUF_6.0,curve_point,component_A_plus_CDW_PU_foam_powder,polyol_side_mixture_before_isocyanate_addition,dynamic_viscosity,407.3,Pa*s,,,elapsed_time,0.2,min,experimental,source_raw_workbook,raw_point,TA Instruments AR200ex rheometer; source time series,direct_experimental_process_property,conditional_reference,formulation_resolved_commercial_component_A_unresolved,rheometer_identified_shear_rate_and_temperature_unreported,0.25,False,,family_elorza_recycled_pu_foam,数据/原始/外部数据/新增开放数据/第十六批实验_再生PU泡沫/原始文件/row data for _Sustainable insulating foams_3/RPUF_viscosity_RawData/RPUF60_viscosty.xlsx#Hoja1!A4:B4,17cf98c0dcea5121f192c611323769e1ffacb2d7a1e4cc0dfc09519fe27aedfa,CC BY 4.0,elorza-2021-recycled-pu-foam-data;elorza-2021-recycled-pu-foam-paper,时间序列点共享一个配方运行预算，不按点扩增独立样本。
第十六批实验_再生PU泡沫,viscosity:RPUF_6.0,recycled-pu:RPUF_6.0:viscosity:003,RPUF_6.0,component_A_slurry_RPUF_6.0,curve_point,component_A_plus_CDW_PU_foam_powder,polyol_side_mixture_before_isocyanate_addition,dynamic_viscosity,398.0,Pa*s,,,elapsed_time,0.3,min,experimental,source_raw_workbook,raw_point,TA Instruments AR200ex rheometer; source time series,direct_experimental_process_property,conditional_reference,formulation_resolved_commercial_component_A_unresolved,rheometer_identified_shear_rate_and_temperature_unreported,0.25,False,,family_elorza_recycled_pu_foam,数据/原始/外部数据/新增开放数据/第十六批实验_再生PU泡沫/原始文件/row data for _Sustainable insulating foams_3/RPUF_viscosity_RawData/RPUF60_viscosty.xlsx#Hoja1!A5:B5,17cf98c0dcea5121f192c611323769e1ffacb2d7a1e4cc0dfc09519fe27aedfa,CC BY 4.0,elorza-2021-recycled-pu-foam-data;elorza-2021-recycled-pu-foam-paper,时间序列点共享一个配方运行预算，不按点扩增独立样本。
第十六批实验_再生PU泡沫,viscosity:RPUF_6.0,recycled-pu:RPUF_6.0:viscosity:004,RPUF_6.0,component_A_slurry_RPUF_6.0,curve_point,component_A_plus_CDW_PU_foam_powder,polyol_side_mixture_before_isocyanate_addition,dynamic_viscosity,384.7,Pa*s,,,elapsed_time,0.3,min,experimental,source_raw_workbook,raw_point,TA Instruments AR200ex rheometer; source time series,direct_experimental_process_property,conditional_reference,formulation_resolved_commercial_component_A_unresolved,rheometer_identified_shear_rate_and_temperature_unreported,0.25,False,,family_elorza_recycled_pu_foam,数据/原始/外部数据/新增开放数据/第十六批实验_再生PU泡沫/原始文件/row data for _Sustainable insulating foams_3/RPUF_viscosity_RawData/RPUF60_viscosty.xlsx#Hoja1!A6:B6,17cf98c0dcea5121f192c611323769e1ffacb2d7a1e4cc0dfc09519fe27aedfa,CC BY 4.0,elorza-2021-recycled-pu-foam-data;elorza-2021-recycled-pu-foam-paper,时间序列点共享一个配方运行预算，不按点扩增独立样本。
第十六批实验_再生PU泡沫,viscosity:RPUF_6.0,recycled-pu:RPUF_6.0:viscosity:005,RPUF_6.0,component_A_slurry_RPUF_6.0,curve_point,component_A_plus_CDW_PU_foam_powder,polyol_side_mixture_before_isocyanate_addition,dynamic_viscosity,374.8,Pa*s,,,elapsed_time,0.4,min,experimental,source_raw_workbook,raw_point,TA Instruments AR200ex rheometer; source time series,direct_experimental_process_property,conditional_reference,formulation_resolved_commercial_component_A_unresolved,rheometer_identified_shear_rate_and_temperature_unreported,0.25,False,,family_elorza_recycled_pu_foam,数据/原始/外部数据/新增开放数据/第十六批实验_再生PU泡沫/原始文件/row data for _Sustainable insulating foams_3/RPUF_viscosity_RawData/RPUF60_viscosty.xlsx#Hoja1!A7:B7,17cf98c0dcea5121f192c611323769e1ffacb2d7a1e4cc0dfc09519fe27aedfa,CC BY 4.0,elorza-2021-recycled-pu-foam-data;elorza-2021-recycled-pu-foam-paper,时间序列点共享一个配方运行预算，不按点扩增独立样本。
第十六批实验_再生PU泡沫,viscosity:RPUF_6.0,recycled-pu:RPUF_6.0:viscosity:006,RPUF_6.0,component_A_slurry_RPUF_6.0,curve_point,component_A_plus_CDW_PU_foam_powder,polyol_side_mixture_before_isocyanate_addition,dynamic_viscosity,364.2,Pa*s,,,elapsed_time,0.5,min,experimental,source_raw_workbook,raw_point,TA Instruments AR200ex rheometer; source time series,direct_experimental_process_property,conditional_reference,formulation_resolved_commercial_component_A_unresolved,rheometer_identified_shear_rate_and_temperature_unreported,0.25,False,,family_elorza_recycled_pu_foam,数据/原始/外部数据/新增开放数据/第十六批实验_再生PU泡沫/原始文件/row data for _Sustainable insulating foams_3/RPUF_viscosity_RawData/RPUF60_viscosty.xlsx#Hoja1!A8:B8,17cf98c0dcea5121f192c611323769e1ffacb2d7a1e4cc0dfc09519fe27aedfa,CC BY 4.0,elorza-2021-recycled-pu-foam-data;elorza-2021-recycled-pu-foam-paper,时间序列点共享一个配方运行预算，不按点扩增独立样本。
第十六批实验_再生PU泡沫,viscosity:RPUF_6.0,recycled-pu:RPUF_6.0:viscosity:007,RPUF_6.0,component_A_slurry_RPUF_6.0,curve_point,component_A_plus_CDW_PU_foam_powder,polyol_side_mixture_before_isocyanate_addition,dynamic_viscosity,354.5,Pa*s,,,elapsed_time,0.6,min,experimental,source_raw_workbook,raw_point,TA Instruments AR200ex rheometer; source time series,direct_experimental_process_property,conditional_reference,formulation_resolved_commercial_component_A_unresolved,rheometer_identified_shear_rate_and_temperature_unreported,0.25,False,,family_elorza_recycled_pu_foam,数据/原始/外部数据/新增开放数据/第十六批实验_再生PU泡沫/原始文件/row data for _Sustainable insulating foams_3/RPUF_viscosity_RawData/RPUF60_viscosty.xlsx#Hoja1!A9:B9,17cf98c0dcea5121f192c611323769e1ffacb2d7a1e4cc0dfc09519fe27aedfa,CC BY 4.0,elorza-2021-recycled-pu-foam-data;elorza-2021-recycled-pu-foam-paper,时间序列点共享一个配方运行预算，不按点扩增独立样本。
第十六批实验_再生PU泡沫,viscosity:RPUF_6.0,recycled-pu:RPUF_6.0:viscosity:008,RPUF_6.0,component_A_slurry_RPUF_6.0,curve_point,component_A_plus_CDW_PU_foam_powder,polyol_side_mixture_before_isocyanate_addition,dynamic_viscosity,344.4,Pa*s,,,elapsed_time,0.7,min,experimental,source_raw_workbook,raw_point,TA Instruments AR200ex rheometer; source time series,direct_experimental_process_property,conditional_reference,formulation_resolved_commercial_component_A_unresolved,rheometer_identified_shear_rate_and_temperature_unreported,0.25,False,,family_elorza_recycled_pu_foam,数据/原始/外部数据/新增开放数据/第十六批实验_再生PU泡沫/原始文件/row data for _Sustainable insulating foams_3/RPUF_viscosity_RawData/RPUF60_viscosty.xlsx#Hoja1!A10:B10,17cf98c0dcea5121f192c611323769e1ffacb2d7a1e4cc0dfc09519fe27aedfa,CC BY 4.0,elorza-2021-recycled-pu-foam-data;elorza-2021-recycled-pu-foam-paper,时间序列点共享一个配方运行预算，不按点扩增独立样本。
第十六批实验_再生PU泡沫,viscosity:RPUF_6.0,recycled-pu:RPUF_6.0:viscosity:009,RPUF_6.0,component_A_slurry_RPUF_6.0,curve_point,component_A_plus_CDW_PU_foam_powder,polyol_side_mixture_before_isocyanate_addition,dynamic_viscosity,338.7,Pa*s,,,elapsed_time,0.8,min,experimental,source_raw_workbook,raw_point,TA Instruments AR200ex rheometer; source time series,direct_experimental_process_property,conditional_reference,formulation_resolved_commercial_component_A_unresolved,rheometer_identified_shear_rate_and_temperature_unreported,0.25,False,,family_elorza_recycled_pu_foam,数据/原始/外部数据/新增开放数据/第十六批实验_再生PU泡沫/原始文件/row data for _Sustainable insulating foams_3/RPUF_viscosity_RawData/RPUF60_viscosty.xlsx#Hoja1!A11:B11,17cf98c0dcea5121f192c611323769e1ffacb2d7a1e4cc0dfc09519fe27aedfa,CC BY 4.0,elorza-2021-recycled-pu-foam-data;elorza-2021-recycled-pu-foam-paper,时间序列点共享一个配方运行预算，不按点扩增独立样本。
第十六批实验_再生PU泡沫,viscosity:RPUF_6.0,recycled-pu:RPUF_6.0:viscosity:010,RPUF_6.0,component_A_slurry_RPUF_6.0,curve_point,component_A_plus_CDW_PU_foam_powder,polyol_side_mixture_before_isocyanate_addition,dynamic_viscosity,335.5,Pa*s,,,elapsed_time,0.8,min,experimental,source_raw_workbook,raw_point,TA Instruments AR200ex rheometer; source time series,direct_experimental_process_property,conditional_reference,formulation_resolved_commercial_component_A_unresolved,rheometer_identified_shear_rate_and_temperature_unreported,0.25,False,,family_elorza_recycled_pu_foam,数据/原始/外部数据/新增开放数据/第十六批实验_再生PU泡沫/原始文件/row data for _Sustainable insulating foams_3/RPUF_viscosity_RawData/RPUF60_viscosty.xlsx#Hoja1!A12:B12,17cf98c0dcea5121f192c611323769e1ffacb2d7a1e4cc0dfc09519fe27aedfa,CC BY 4.0,elorza-2021-recycled-pu-foam-data;elorza-2021-recycled-pu-foam-paper,时间序列点共享一个配方运行预算，不按点扩增独立样本。
第十六批实验_再生PU泡沫,viscosity:RPUF_6.0,recycled-pu:RPUF_6.0:viscosity:011,RPUF_6.0,component_A_slurry_RPUF_6.0,curve_point,component_A_plus_CDW_PU_foam_powder,polyol_side_mixture_before_isocyanate_addition,dynamic_viscosity,337.2,Pa*s,,,elapsed_time,0.9,min,experimental,source_raw_workbook,raw_point,TA Instruments AR200ex rheometer; source time series,direct_experimental_process_property,conditional_reference,formulation_resolved_commercial_component_A_unresolved,rheometer_identified_shear_rate_and_temperature_unreported,0.25,False,,family_elorza_recycled_pu_foam,数据/原始/外部数据/新增开放数据/第十六批实验_再生PU泡沫/原始文件/row data for _Sustainable insulating foams_3/RPUF_viscosity_RawData/RPUF60_viscosty.xlsx#Hoja1!A13:B13,17cf98c0dcea5121f192c611323769e1ffacb2d7a1e4cc0dfc09519fe27aedfa,CC BY 4.0,elorza-2021-recycled-pu-foam-data;elorza-2021-recycled-pu-foam-paper,时间序列点共享一个配方运行预算，不按点扩增独立样本。
第十六批实验_再生PU泡沫,viscosity:RPUF_6.0,recycled-pu:RPUF_6.0:viscosity:012,RPUF_6.0,component_A_slurry_RPUF_6.0,curve_point,component_A_plus_CDW_PU_foam_powder,polyol_side_mixture_before_isocyanate_addition,dynamic_viscosity,334.0,Pa*s,,,elapsed_time,1.0,min,experimental,source_raw_workbook,raw_point,TA Instruments AR200ex rheometer; source time series,direct_experimental_process_property,conditional_reference,formulation_resolved_commercial_component_A_unresolved,rheometer_identified_shear_rate_and_temperature_unreported,0.25,False,,family_elorza_recycled_pu_foam,数据/原始/外部数据/新增开放数据/第十六批实验_再生PU泡沫/原始文件/row data for _Sustainable insulating foams_3/RPUF_viscosity_RawData/RPUF60_viscosty.xlsx#Hoja1!A14:B14,17cf98c0dcea5121f192c611323769e1ffacb2d7a1e4cc0dfc09519fe27aedfa,CC BY 4.0,elorza-2021-recycled-pu-foam-data;elorza-2021-recycled-pu-foam-paper,时间序列点共享一个配方运行预算，不按点扩增独立样本。
第十六批实验_再生PU泡沫,viscosity:RPUF_6.0,recycled-pu:RPUF_6.0:viscosity:013,RPUF_6.0,component_A_slurry_RPUF_6.0,curve_point,component_A_plus_CDW_PU_foam_powder,polyol_side_mixture_before_isocyanate_addition,dynamic_viscosity,332.5,Pa*s,,,elapsed_time,1.1,min,experimental,source_raw_workbook,raw_point,TA Instruments AR200ex rheometer; source time series,direct_experimental_process_property,conditional_reference,formulation_resolved_commercial_component_A_unresolved,rheometer_identified_shear_rate_and_temperature_unreported,0.25,False,,family_elorza_recycled_pu_foam,数据/原始/外部数据/新增开放数据/第十六批实验_再生PU泡沫/原始文件/row data for _Sustainable insulating foams_3/RPUF_viscosity_RawData/RPUF60_viscosty.xlsx#Hoja1!A15:B15,17cf98c0dcea5121f192c611323769e1ffacb2d7a1e4cc0dfc09519fe27aedfa,CC BY 4.0,elorza-2021-recycled-pu-foam-data;elorza-2021-recycled-pu-foam-paper,时间序列点共享一个配方运行预算，不按点扩增独立样本。
第十六批实验_再生PU泡沫,viscosity:RPUF_6.0,recycled-pu:RPUF_6.0:viscosity:014,RPUF_6.0,component_A_slurry_RPUF_6.0,curve_point,component_A_plus_CDW_PU_foam_powder,polyol_side_mixture_before_isocyanate_addition,dynamic_viscosity,325.7,Pa*s,,,elapsed_time,1.2,min,experimental,source_raw_workbook,raw_point,TA Instruments AR200ex rheometer; source time series,direct_experimental_process_property,conditional_reference,formulation_resolved_commercial_component_A_unresolved,rheometer_identified_shear_rate_and_temperature_unreported,0.25,False,,family_elorza_recycled_pu_foam,数据/原始/外部数据/新增开放数据/第十六批实验_再生PU泡沫/原始文件/row data for _Sustainable insulating foams_3/RPUF_viscosity_RawData/RPUF60_viscosty.xlsx#Hoja1!A16:B16,17cf98c0dcea5121f192c611323769e1ffacb2d7a1e4cc0dfc09519fe27aedfa,CC BY 4.0,elorza-2021-recycled-pu-foam-data;elorza-2021-recycled-pu-foam-paper,时间序列点共享一个配方运行预算，不按点扩增独立样本。
第十六批实验_再生PU泡沫,viscosity:RPUF_6.0,recycled-pu:RPUF_6.0:viscosity:015,RPUF_6.0,component_A_slurry_RPUF_6.0,curve_point,component_A_plus_CDW_PU_foam_powder,polyol_side_mixture_before_isocyanate_addition,dynamic_viscosity,316.6,Pa*s,,,elapsed_time,1.3,min,experimental,source_raw_workbook,raw_point,TA Instruments AR200ex rheometer; source time series,direct_experimental_process_property,conditional_reference,formulation_resolved_commercial_component_A_unresolved,rheometer_identified_shear_rate_and_temperature_unreported,0.25,False,,family_elorza_recycled_pu_foam,数据/原始/外部数据/新增开放数据/第十六批实验_再生PU泡沫/原始文件/row data for _Sustainable insulating foams_3/RPUF_viscosity_RawData/RPUF60_viscosty.xlsx#Hoja1!A17:B17,17cf98c0dcea5121f192c611323769e1ffacb2d7a1e4cc0dfc09519fe27aedfa,CC BY 4.0,elorza-2021-recycled-pu-foam-data;elorza-2021-recycled-pu-foam-paper,时间序列点共享一个配方运行预算，不按点扩增独立样本。
第十六批实验_再生PU泡沫,viscosity:RPUF_6.0,recycled-pu:RPUF_6.0:viscosity:016,RPUF_6.0,component_A_slurry_RPUF_6.0,curve_point,component_A_plus_CDW_PU_foam_powder,polyol_side_mixture_before_isocyanate_addition,dynamic_viscosity,312.6,Pa*s,,,elapsed_time,1.3,min,experimental,source_raw_workbook,raw_point,TA Instruments AR200ex rheometer; source time series,direct_experimental_process_property,conditional_reference,formulation_resolved_commercial_component_A_unresolved,rheometer_identified_shear_rate_and_temperature_unreported,0.25,False,,family_elorza_recycled_pu_foam,数据/原始/外部数据/新增开放数据/第十六批实验_再生PU泡沫/原始文件/row data for _Sustainable insulating foams_3/RPUF_viscosity_RawData/RPUF60_viscosty.xlsx#Hoja1!A18:B18,17cf98c0dcea5121f192c611323769e1ffacb2d7a1e4cc0dfc09519fe27aedfa,CC BY 4.0,elorza-2021-recycled-pu-foam-data;elorza-2021-recycled-pu-foam-paper,时间序列点共享一个配方运行预算，不按点扩增独立样本。
第十六批实验_再生PU泡沫,viscosity:RPUF_6.0,recycled-pu:RPUF_6.0:viscosity:017,RPUF_6.0,component_A_slurry_RPUF_6.0,curve_point,component_A_plus_CDW_PU_foam_powder,polyol_side_mixture_before_isocyanate_addition,dynamic_viscosity,309.3,Pa*s,,,elapsed_time,1.4,min,experimental,source_raw_workbook,raw_point,TA Instruments AR200ex rheometer; source time series,direct_experimental_process_property,conditional_reference,formulation_resolved_commercial_component_A_unresolved,rheometer_identified_shear_rate_and_temperature_unreported,0.25,False,,family_elorza_recycled_pu_foam,数据/原始/外部数据/新增开放数据/第十六批实验_再生PU泡沫/原始文件/row data for _Sustainable insulating foams_3/RPUF_viscosity_RawData/RPUF60_viscosty.xlsx#Hoja1!A19:B19,17cf98c0dcea5121f192c611323769e1ffacb2d7a1e4cc0dfc09519fe27aedfa,CC BY 4.0,elorza-2021-recycled-pu-foam-data;elorza-2021-recycled-pu-foam-paper,时间序列点共享一个配方运行预算，不按点扩增独立样本。
第十六批实验_再生PU泡沫,viscosity:RPUF_6.0,recycled-pu:RPUF_6.0:viscosity:018,RPUF_6.0,component_A_slurry_RPUF_6.0,curve_point,component_A_plus_CDW_PU_foam_powder,polyol_side_mixture_before_isocyanate_addition,dynamic_viscosity,305.5,Pa*s,,,elapsed_time,1.5,min,experimental,source_raw_workbook,raw_point,TA Instruments AR200ex rheometer; source time series,direct_experimental_process_property,conditional_reference,formulation_resolved_commercial_component_A_unresolved,rheometer_identified_shear_rate_and_temperature_unreported,0.25,False,,family_elorza_recycled_pu_foam,数据/原始/外部数据/新增开放数据/第十六批实验_再生PU泡沫/原始文件/row data for _Sustainable insulating foams_3/RPUF_viscosity_RawData/RPUF60_viscosty.xlsx#Hoja1!A20:B20,17cf98c0dcea5121f192c611323769e1ffacb2d7a1e4cc0dfc09519fe27aedfa,CC BY 4.0,elorza-2021-recycled-pu-foam-data;elorza-2021-recycled-pu-foam-paper,时间序列点共享一个配方运行预算，不按点扩增独立样本。
第十六批实验_再生PU泡沫,viscosity:RPUF_6.0,recycled-pu:RPUF_6.0:viscosity:019,RPUF_6.0,component_A_slurry_RPUF_6.0,curve_point,component_A_plus_CDW_PU_foam_powder,polyol_side_mixture_before_isocyanate_addition,dynamic_viscosity,297.8,Pa*s,,,elapsed_time,1.6,min,experimental,source_raw_workbook,raw_point,TA Instruments AR200ex rheometer; source time series,direct_experimental_process_property,conditional_reference,formulation_resolved_commercial_component_A_unresolved,rheometer_identified_shear_rate_and_temperature_unreported,0.25,False,,family_elorza_recycled_pu_foam,数据/原始/外部数据/新增开放数据/第十六批实验_再生PU泡沫/原始文件/row data for _Sustainable insulating foams_3/RPUF_viscosity_RawData/RPUF60_viscosty.xlsx#Hoja1!A21:B21,17cf98c0dcea5121f192c611323769e1ffacb2d7a1e4cc0dfc09519fe27aedfa,CC BY 4.0,elorza-2021-recycled-pu-foam-data;elorza-2021-recycled-pu-foam-paper,时间序列点共享一个配方运行预算，不按点扩增独立样本。
第十六批实验_再生PU泡沫,viscosity:RPUF_6.0,recycled-pu:RPUF_6.0:viscosity:020,RPUF_6.0,component_A_slurry_RPUF_6.0,curve_point,component_A_plus_CDW_PU_foam_powder,polyol_side_mixture_before_isocyanate_addition,dynamic_viscosity,288.5,Pa*s,,,elapsed_time,1.7,min,experimental,source_raw_workbook,raw_point,TA Instruments AR200ex rheometer; source time series,direct_experimental_process_property,conditional_reference,formulation_resolved_commercial_component_A_unresolved,rheometer_identified_shear_rate_and_temperature_unreported,0.25,False,,family_elorza_recycled_pu_foam,数据/原始/外部数据/新增开放数据/第十六批实验_再生PU泡沫/原始文件/row data for _Sustainable insulating foams_3/RPUF_viscosity_RawData/RPUF60_viscosty.xlsx#Hoja1!A22:B22,17cf98c0dcea5121f192c611323769e1ffacb2d7a1e4cc0dfc09519fe27aedfa,CC BY 4.0,elorza-2021-recycled-pu-foam-data;elorza-2021-recycled-pu-foam-paper,时间序列点共享一个配方运行预算，不按点扩增独立样本。
第十六批实验_再生PU泡沫,viscosity:RPUF_6.0,recycled-pu:RPUF_6.0:viscosity:021,RPUF_6.0,component_A_slurry_RPUF_6.0,curve_point,component_A_plus_CDW_PU_foam_powder,polyol_side_mixture_before_isocyanate_addition,dynamic_viscosity,277.3,Pa*s,,,elapsed_time,1.8,min,experimental,source_raw_workbook,raw_point,TA Instruments AR200ex rheometer; source time series,direct_experimental_process_property,conditional_reference,formulation_resolved_commercial_component_A_unresolved,rheometer_identified_shear_rate_and_temperature_unreported,0.25,False,,family_elorza_recycled_pu_foam,数据/原始/外部数据/新增开放数据/第十六批实验_再生PU泡沫/原始文件/row data for _Sustainable insulating foams_3/RPUF_viscosity_RawData/RPUF60_viscosty.xlsx#Hoja1!A23:B23,17cf98c0dcea5121f192c611323769e1ffacb2d7a1e4cc0dfc09519fe27aedfa,CC BY 4.0,elorza-2021-recycled-pu-foam-data;elorza-2021-recycled-pu-foam-paper,时间序列点共享一个配方运行预算，不按点扩增独立样本。
第十六批实验_再生PU泡沫,viscosity:RPUF_6.0,recycled-pu:RPUF_6.0:viscosity:022,RPUF_6.0,component_A_slurry_RPUF_6.0,curve_point,component_A_plus_CDW_PU_foam_powder,polyol_side_mixture_before_isocyanate_addition,dynamic_viscosity,267.3,Pa*s,,,elapsed_time,1.8,min,experimental,source_raw_workbook,raw_point,TA Instruments AR200ex rheometer; source time series,direct_experimental_process_property,conditional_reference,formulation_resolved_commercial_component_A_unresolved,rheometer_identified_shear_rate_and_temperature_unreported,0.25,False,,family_elorza_recycled_pu_foam,数据/原始/外部数据/新增开放数据/第十六批实验_再生PU泡沫/原始文件/row data for _Sustainable insulating foams_3/RPUF_viscosity_RawData/RPUF60_viscosty.xlsx#Hoja1!A24:B24,17cf98c0dcea5121f192c611323769e1ffacb2d7a1e4cc0dfc09519fe27aedfa,CC BY 4.0,elorza-2021-recycled-pu-foam-data;elorza-2021-recycled-pu-foam-paper,时间序列点共享一个配方运行预算，不按点扩增独立样本。
第十六批实验_再生PU泡沫,viscosity:RPUF_6.0,recycled-pu:RPUF_6.0:viscosity:023,RPUF_6.0,component_A_slurry_RPUF_6.0,curve_point,component_A_plus_CDW_PU_foam_powder,polyol_side_mixture_before_isocyanate_addition,dynamic_viscosity,258.1,Pa*s,,,elapsed_time,1.9,min,experimental,source_raw_workbook,raw_point,TA Instruments AR200ex rheometer; source time series,direct_experimental_process_property,conditional_reference,formulation_resolved_commercial_component_A_unresolved,rheometer_identified_shear_rate_and_temperature_unreported,0.25,False,,family_elorza_recycled_pu_foam,数据/原始/外部数据/新增开放数据/第十六批实验_再生PU泡沫/原始文件/row data for _Sustainable insulating foams_3/RPUF_viscosity_RawData/RPUF60_viscosty.xlsx#Hoja1!A25:B25,17cf98c0dcea5121f192c611323769e1ffacb2d7a1e4cc0dfc09519fe27aedfa,CC BY 4.0,elorza-2021-recycled-pu-foam-data;elorza-2021-recycled-pu-foam-paper,时间序列点共享一个配方运行预算，不按点扩增独立样本。
第十六批实验_再生PU泡沫,viscosity:RPUF_6.0,recycled-pu:RPUF_6.0:viscosity:024,RPUF_6.0,component_A_slurry_RPUF_6.0,curve_point,component_A_plus_CDW_PU_foam_powder,polyol_side_mixture_before_isocyanate_addition,dynamic_viscosity,255.1,Pa*s,,,elapsed_time,2.0,min,experimental,source_raw_workbook,raw_point,TA Instruments AR200ex rheometer; source time series,direct_experimental_process_property,conditional_reference,formulation_resolved_commercial_component_A_unresolved,rheometer_identified_shear_rate_and_temperature_unreported,0.25,False,,family_elorza_recycled_pu_foam,数据/原始/外部数据/新增开放数据/第十六批实验_再生PU泡沫/原始文件/row data for _Sustainable insulating foams_3/RPUF_viscosity_RawData/RPUF60_viscosty.xlsx#Hoja1!A26:B26,17cf98c0dcea5121f192c611323769e1ffacb2d7a1e4cc0dfc09519fe27aedfa,CC BY 4.0,elorza-2021-recycled-pu-foam-data;elorza-2021-recycled-pu-foam-paper,时间序列点共享一个配方运行预算，不按点扩增独立样本。
第十六批实验_再生PU泡沫,viscosity:RPUF_6.0,recycled-pu:RPUF_6.0:viscosity:025,RPUF_6.0,component_A_slurry_RPUF_6.0,curve_point,component_A_plus_CDW_PU_foam_powder,polyol_side_mixture_before_isocyanate_addition,dynamic_viscosity,256.0,Pa*s,,,elapsed_time,2.1,min,experimental,source_raw_workbook,raw_point,TA Instruments AR200ex rheometer; source time series,direct_experimental_process_property,conditional_reference,formulation_resolved_commercial_component_A_unresolved,rheometer_identified_shear_rate_and_temperature_unreported,0.25,False,,family_elorza_recycled_pu_foam,数据/原始/外部数据/新增开放数据/第十六批实验_再生PU泡沫/原始文件/row data for _Sustainable insulating foams_3/RPUF_viscosity_RawData/RPUF60_viscosty.xlsx#Hoja1!A27:B27,17cf98c0dcea5121f192c611323769e1ffacb2d7a1e4cc0dfc09519fe27aedfa,CC BY 4.0,elorza-2021-recycled-pu-foam-data;elorza-2021-recycled-pu-foam-paper,时间序列点共享一个配方运行预算，不按点扩增独立样本。
第十六批实验_再生PU泡沫,viscosity:RPUF_6.0,recycled-pu:RPUF_6.0:viscosity:026,RPUF_6.0,component_A_slurry_RPUF_6.0,curve_point,component_A_plus_CDW_PU_foam_powder,polyol_side_mixture_before_isocyanate_addition,dynamic_viscosity,259.5,Pa*s,,,elapsed_time,2.2,min,experimental,source_raw_workbook,raw_point,TA Instruments AR200ex rheometer; source time series,direct_experimental_process_property,conditional_reference,formulation_resolved_commercial_component_A_unresolved,rheometer_identified_shear_rate_and_temperature_unreported,0.25,False,,family_elorza_recycled_pu_foam,数据/原始/外部数据/新增开放数据/第十六批实验_再生PU泡沫/原始文件/row data for _Sustainable insulating foams_3/RPUF_viscosity_RawData/RPUF60_viscosty.xlsx#Hoja1!A28:B28,17cf98c0dcea5121f192c611323769e1ffacb2d7a1e4cc0dfc09519fe27aedfa,CC BY 4.0,elorza-2021-recycled-pu-foam-data;elorza-2021-recycled-pu-foam-paper,时间序列点共享一个配方运行预算，不按点扩增独立样本。
第十六批实验_再生PU泡沫,viscosity:RPUF_6.0,recycled-pu:RPUF_6.0:viscosity:027,RPUF_6.0,component_A_slurry_RPUF_6.0,curve_point,component_A_plus_CDW_PU_foam_powder,polyol_side_mixture_before_isocyanate_addition,dynamic_viscosity,264.0,Pa*s,,,elapsed_time,2.3,min,experimental,source_raw_workbook,raw_point,TA Instruments AR200ex rheometer; source time series,direct_experimental_process_property,conditional_reference,formulation_resolved_commercial_component_A_unresolved,rheometer_identified_shear_rate_and_temperature_unreported,0.25,False,,family_elorza_recycled_pu_foam,数据/原始/外部数据/新增开放数据/第十六批实验_再生PU泡沫/原始文件/row data for _Sustainable insulating foams_3/RPUF_viscosity_RawData/RPUF60_viscosty.xlsx#Hoja1!A29:B29,17cf98c0dcea5121f192c611323769e1ffacb2d7a1e4cc0dfc09519fe27aedfa,CC BY 4.0,elorza-2021-recycled-pu-foam-data;elorza-2021-recycled-pu-foam-paper,时间序列点共享一个配方运行预算，不按点扩增独立样本。
第十六批实验_再生PU泡沫,viscosity:RPUF_6.0,recycled-pu:RPUF_6.0:viscosity:028,RPUF_6.0,component_A_slurry_RPUF_6.0,curve_point,component_A_plus_CDW_PU_foam_powder,polyol_side_mixture_before_isocyanate_addition,dynamic_viscosity,268.7,Pa*s,,,elapsed_time,2.3,min,experimental,source_raw_workbook,raw_point,TA Instruments AR200ex rheometer; source time series,direct_experimental_process_property,conditional_reference,formulation_resolved_commercial_component_A_unresolved,rheometer_identified_shear_rate_and_temperature_unreported,0.25,False,,family_elorza_recycled_pu_foam,数据/原始/外部数据/新增开放数据/第十六批实验_再生PU泡沫/原始文件/row data for _Sustainable insulating foams_3/RPUF_viscosity_RawData/RPUF60_viscosty.xlsx#Hoja1!A30:B30,17cf98c0dcea5121f192c611323769e1ffacb2d7a1e4cc0dfc09519fe27aedfa,CC BY 4.0,elorza-2021-recycled-pu-foam-data;elorza-2021-recycled-pu-foam-paper,时间序列点共享一个配方运行预算，不按点扩增独立样本。
第十六批实验_再生PU泡沫,viscosity:RPUF_6.0,recycled-pu:RPUF_6.0:viscosity:029,RPUF_6.0,component_A_slurry_RPUF_6.0,curve_point,component_A_plus_CDW_PU_foam_powder,polyol_side_mixture_before_isocyanate_addition,dynamic_viscosity,270.7,Pa*s,,,elapsed_time,2.4,min,experimental,source_raw_workbook,raw_point,TA Instruments AR200ex rheometer; source time series,direct_experimental_process_property,conditional_reference,formulation_resolved_commercial_component_A_unresolved,rheometer_identified_shear_rate_and_temperature_unreported,0.25,False,,family_elorza_recycled_pu_foam,数据/原始/外部数据/新增开放数据/第十六批实验_再生PU泡沫/原始文件/row data for _Sustainable insulating foams_3/RPUF_viscosity_RawData/RPUF60_viscosty.xlsx#Hoja1!A31:B31,17cf98c0dcea5121f192c611323769e1ffacb2d7a1e4cc0dfc09519fe27aedfa,CC BY 4.0,elorza-2021-recycled-pu-foam-data;elorza-2021-recycled-pu-foam-paper,时间序列点共享一个配方运行预算，不按点扩增独立样本。
第十六批实验_再生PU泡沫,viscosity:RPUF_6.0,recycled-pu:RPUF_6.0:viscosity:030,RPUF_6.0,component_A_slurry_RPUF_6.0,curve_point,component_A_plus_CDW_PU_foam_powder,polyol_side_mixture_before_isocyanate_addition,dynamic_viscosity,272.7,Pa*s,,,elapsed_time,2.5,min,experimental,source_raw_workbook,raw_point,TA Instruments AR200ex rheometer; source time series,direct_experimental_process_property,conditional_reference,formulation_resolved_commercial_component_A_unresolved,rheometer_identified_shear_rate_and_temperature_unreported,0.25,False,,family_elorza_recycled_pu_foam,数据/原始/外部数据/新增开放数据/第十六批实验_再生PU泡沫/原始文件/row data for _Sustainable insulating foams_3/RPUF_viscosity_RawData/RPUF60_viscosty.xlsx#Hoja1!A32:B32,17cf98c0dcea5121f192c611323769e1ffacb2d7a1e4cc0dfc09519fe27aedfa,CC BY 4.0,elorza-2021-recycled-pu-foam-data;elorza-2021-recycled-pu-foam-paper,时间序列点共享一个配方运行预算，不按点扩增独立样本。
第十六批实验_再生PU泡沫,viscosity:RPUF_6.0,recycled-pu:RPUF_6.0:viscosity:031,RPUF_6.0,component_A_slurry_RPUF_6.0,curve_point,component_A_plus_CDW_PU_foam_powder,polyol_side_mixture_before_isocyanate_addition,dynamic_viscosity,268.2,Pa*s,,,elapsed_time,2.6,min,experimental,source_raw_workbook,raw_point,TA Instruments AR200ex rheometer; source time series,direct_experimental_process_property,conditional_reference,formulation_resolved_commercial_component_A_unresolved,rheometer_identified_shear_rate_and_temperature_unreported,0.25,False,,family_elorza_recycled_pu_foam,数据/原始/外部数据/新增开放数据/第十六批实验_再生PU泡沫/原始文件/row data for _Sustainable insulating foams_3/RPUF_viscosity_RawData/RPUF60_viscosty.xlsx#Hoja1!A33:B33,17cf98c0dcea5121f192c611323769e1ffacb2d7a1e4cc0dfc09519fe27aedfa,CC BY 4.0,elorza-2021-recycled-pu-foam-data;elorza-2021-recycled-pu-foam-paper,时间序列点共享一个配方运行预算，不按点扩增独立样本。
第十六批实验_再生PU泡沫,viscosity:RPUF_6.0,recycled-pu:RPUF_6.0:viscosity:032,RPUF_6.0,component_A_slurry_RPUF_6.0,curve_point,component_A_plus_CDW_PU_foam_powder,polyol_side_mixture_before_isocyanate_addition,dynamic_viscosity,259.1,Pa*s,,,elapsed_time,2.7,min,experimental,source_raw_workbook,raw_point,TA Instruments AR200ex rheometer; source time series,direct_experimental_process_property,conditional_reference,formulation_resolved_commercial_component_A_unresolved,rheometer_identified_shear_rate_and_temperature_unreported,0.25,False,,family_elorza_recycled_pu_foam,数据/原始/外部数据/新增开放数据/第十六批实验_再生PU泡沫/原始文件/row data for _Sustainable insulating foams_3/RPUF_viscosity_RawData/RPUF60_viscosty.xlsx#Hoja1!A34:B34,17cf98c0dcea5121f192c611323769e1ffacb2d7a1e4cc0dfc09519fe27aedfa,CC BY 4.0,elorza-2021-recycled-pu-foam-data;elorza-2021-recycled-pu-foam-paper,时间序列点共享一个配方运行预算，不按点扩增独立样本。
第十六批实验_再生PU泡沫,viscosity:RPUF_6.0,recycled-pu:RPUF_6.0:viscosity:033,RPUF_6.0,component_A_slurry_RPUF_6.0,curve_point,component_A_plus_CDW_PU_foam_powder,polyol_side_mixture_before_isocyanate_addition,dynamic_viscosity,246.3,Pa*s,,,elapsed_time,2.8,min,experimental,source_raw_workbook,raw_point,TA Instruments AR200ex rheometer; source time series,direct_experimental_process_property,conditional_reference,formulation_resolved_commercial_component_A_unresolved,rheometer_identified_shear_rate_and_temperature_unreported,0.25,False,,family_elorza_recycled_pu_foam,数据/原始/外部数据/新增开放数据/第十六批实验_再生PU泡沫/原始文件/row data for _Sustainable insulating foams_3/RPUF_viscosity_RawData/RPUF60_viscosty.xlsx#Hoja1!A35:B35,17cf98c0dcea5121f192c611323769e1ffacb2d7a1e4cc0dfc09519fe27aedfa,CC BY 4.0,elorza-2021-recycled-pu-foam-data;elorza-2021-recycled-pu-foam-paper,时间序列点共享一个配方运行预算，不按点扩增独立样本。
第十六批实验_再生PU泡沫,viscosity:RPUF_6.0,recycled-pu:RPUF_6.0:viscosity:034,RPUF_6.0,component_A_slurry_RPUF_6.0,curve_point,component_A_plus_CDW_PU_foam_powder,polyol_side_mixture_before_isocyanate_addition,dynamic_viscosity,232.2,Pa*s,,,elapsed_time,2.8,min,experimental,source_raw_workbook,raw_point,TA Instruments AR200ex rheometer; source time series,direct_experimental_process_property,conditional_reference,formulation_resolved_commercial_component_A_unresolved,rheometer_identified_shear_rate_and_temperature_unreported,0.25,False,,family_elorza_recycled_pu_foam,数据/原始/外部数据/新增开放数据/第十六批实验_再生PU泡沫/原始文件/row data for _Sustainable insulating foams_3/RPUF_viscosity_RawData/RPUF60_viscosty.xlsx#Hoja1!A36:B36,17cf98c0dcea5121f192c611323769e1ffacb2d7a1e4cc0dfc09519fe27aedfa,CC BY 4.0,elorza-2021-recycled-pu-foam-data;elorza-2021-recycled-pu-foam-paper,时间序列点共享一个配方运行预算，不按点扩增独立样本。
第十六批实验_再生PU泡沫,viscosity:RPUF_6.0,recycled-pu:RPUF_6.0:viscosity:035,RPUF_6.0,component_A_slurry_RPUF_6.0,curve_point,component_A_plus_CDW_PU_foam_powder,polyol_side_mixture_before_isocyanate_addition,dynamic_viscosity,215.4,Pa*s,,,elapsed_time,2.9,min,experimental,source_raw_workbook,raw_point,TA Instruments AR200ex rheometer; source time series,direct_experimental_process_property,conditional_reference,formulation_resolved_commercial_component_A_unresolved,rheometer_identified_shear_rate_and_temperature_unreported,0.25,False,,family_elorza_recycled_pu_foam,数据/原始/外部数据/新增开放数据/第十六批实验_再生PU泡沫/原始文件/row data for _Sustainable insulating foams_3/RPUF_viscosity_RawData/RPUF60_viscosty.xlsx#Hoja1!A37:B37,17cf98c0dcea5121f192c611323769e1ffacb2d7a1e4cc0dfc09519fe27aedfa,CC BY 4.0,elorza-2021-recycled-pu-foam-data;elorza-2021-recycled-pu-foam-paper,时间序列点共享一个配方运行预算，不按点扩增独立样本。
第十六批实验_再生PU泡沫,viscosity:RPUF_6.0,recycled-pu:RPUF_6.0:viscosity:036,RPUF_6.0,component_A_slurry_RPUF_6.0,curve_point,component_A_plus_CDW_PU_foam_powder,polyol_side_mixture_before_isocyanate_addition,dynamic_viscosity,203.4,Pa*s,,,elapsed_time,3.0,min,experimental,source_raw_workbook,raw_point,TA Instruments AR200ex rheometer; source time series,direct_experimental_process_property,conditional_reference,formulation_resolved_commercial_component_A_unresolved,rheometer_identified_shear_rate_and_temperature_unreported,0.25,False,,family_elorza_recycled_pu_foam,数据/原始/外部数据/新增开放数据/第十六批实验_再生PU泡沫/原始文件/row data for _Sustainable insulating foams_3/RPUF_viscosity_RawData/RPUF60_viscosty.xlsx#Hoja1!A38:B38,17cf98c0dcea5121f192c611323769e1ffacb2d7a1e4cc0dfc09519fe27aedfa,CC BY 4.0,elorza-2021-recycled-pu-foam-data;elorza-2021-recycled-pu-foam-paper,时间序列点共享一个配方运行预算，不按点扩增独立样本。
第十六批实验_再生PU泡沫,viscosity:RPUF_6.0,recycled-pu:RPUF_6.0:viscosity:037,RPUF_6.0,component_A_slurry_RPUF_6.0,curve_point,component_A_plus_CDW_PU_foam_powder,polyol_side_mixture_before_isocyanate_addition,dynamic_viscosity,195.7,Pa*s,,,elapsed_time,3.1,min,experimental,source_raw_workbook,raw_point,TA Instruments AR200ex rheometer; source time series,direct_experimental_process_property,conditional_reference,formulation_resolved_commercial_component_A_unresolved,rheometer_identified_shear_rate_and_temperature_unreported,0.25,False,,family_elorza_recycled_pu_foam,数据/原始/外部数据/新增开放数据/第十六批实验_再生PU泡沫/原始文件/row data for _Sustainable insulating foams_3/RPUF_viscosity_RawData/RPUF60_viscosty.xlsx#Hoja1!A39:B39,17cf98c0dcea5121f192c611323769e1ffacb2d7a1e4cc0dfc09519fe27aedfa,CC BY 4.0,elorza-2021-recycled-pu-foam-data;elorza-2021-recycled-pu-foam-paper,时间序列点共享一个配方运行预算，不按点扩增独立样本。
第十六批实验_再生PU泡沫,viscosity:RPUF_6.0,recycled-pu:RPUF_6.0:viscosity:038,RPUF_6.0,component_A_slurry_RPUF_6.0,curve_point,component_A_plus_CDW_PU_foam_powder,polyol_side_mixture_before_isocyanate_addition,dynamic_viscosity,194.6,Pa*s,,,elapsed_time,3.2,min,experimental,source_raw_workbook,raw_point,TA Instruments AR200ex rheometer; source time series,direct_experimental_process_property,conditional_reference,formulation_resolved_commercial_component_A_unresolved,rheometer_identified_shear_rate_and_temperature_unreported,0.25,False,,family_elorza_recycled_pu_foam,数据/原始/外部数据/新增开放数据/第十六批实验_再生PU泡沫/原始文件/row data for _Sustainable insulating foams_3/RPUF_viscosity_RawData/RPUF60_viscosty.xlsx#Hoja1!A40:B40,17cf98c0dcea5121f192c611323769e1ffacb2d7a1e4cc0dfc09519fe27aedfa,CC BY 4.0,elorza-2021-recycled-pu-foam-data;elorza-2021-recycled-pu-foam-paper,时间序列点共享一个配方运行预算，不按点扩增独立样本。
第十六批实验_再生PU泡沫,viscosity:RPUF_6.0,recycled-pu:RPUF_6.0:viscosity:039,RPUF_6.0,component_A_slurry_RPUF_6.0,curve_point,component_A_plus_CDW_PU_foam_powder,polyol_side_mixture_before_isocyanate_addition,dynamic_viscosity,197.7,Pa*s,,,elapsed_time,3.3,min,experimental,source_raw_workbook,raw_point,TA Instruments AR200ex rheometer; source time series,direct_experimental_process_property,conditional_reference,formulation_resolved_commercial_component_A_unresolved,rheometer_identified_shear_rate_and_temperature_unreported,0.25,False,,family_elorza_recycled_pu_foam,数据/原始/外部数据/新增开放数据/第十六批实验_再生PU泡沫/原始文件/row data for _Sustainable insulating foams_3/RPUF_viscosity_RawData/RPUF60_viscosty.xlsx#Hoja1!A41:B41,17cf98c0dcea5121f192c611323769e1ffacb2d7a1e4cc0dfc09519fe27aedfa,CC BY 4.0,elorza-2021-recycled-pu-foam-data;elorza-2021-recycled-pu-foam-paper,时间序列点共享一个配方运行预算，不按点扩增独立样本。
第十六批实验_再生PU泡沫,viscosity:RPUF_6.0,recycled-pu:RPUF_6.0:viscosity:040,RPUF_6.0,component_A_slurry_RPUF_6.0,curve_point,component_A_plus_CDW_PU_foam_powder,polyol_side_mixture_before_isocyanate_addition,dynamic_viscosity,199.7,Pa*s,,,elapsed_time,3.3,min,experimental,source_raw_workbook,raw_point,TA Instruments AR200ex rheometer; source time series,direct_experimental_process_property,conditional_reference,formulation_resolved_commercial_component_A_unresolved,rheometer_identified_shear_rate_and_temperature_unreported,0.25,False,,family_elorza_recycled_pu_foam,数据/原始/外部数据/新增开放数据/第十六批实验_再生PU泡沫/原始文件/row data for _Sustainable insulating foams_3/RPUF_viscosity_RawData/RPUF60_viscosty.xlsx#Hoja1!A42:B42,17cf98c0dcea5121f192c611323769e1ffacb2d7a1e4cc0dfc09519fe27aedfa,CC BY 4.0,elorza-2021-recycled-pu-foam-data;elorza-2021-recycled-pu-foam-paper,时间序列点共享一个配方运行预算，不按点扩增独立样本。
第十六批实验_再生PU泡沫,viscosity:RPUF_6.0,recycled-pu:RPUF_6.0:viscosity:041,RPUF_6.0,component_A_slurry_RPUF_6.0,curve_point,component_A_plus_CDW_PU_foam_powder,polyol_side_mixture_before_isocyanate_addition,dynamic_viscosity,202.1,Pa*s,,,elapsed_time,3.4,min,experimental,source_raw_workbook,raw_point,TA Instruments AR200ex rheometer; source time series,direct_experimental_process_property,conditional_reference,formulation_resolved_commercial_component_A_unresolved,rheometer_identified_shear_rate_and_temperature_unreported,0.25,False,,family_elorza_recycled_pu_foam,数据/原始/外部数据/新增开放数据/第十六批实验_再生PU泡沫/原始文件/row data for _Sustainable insulating foams_3/RPUF_viscosity_RawData/RPUF60_viscosty.xlsx#Hoja1!A43:B43,17cf98c0dcea5121f192c611323769e1ffacb2d7a1e4cc0dfc09519fe27aedfa,CC BY 4.0,elorza-2021-recycled-pu-foam-data;elorza-2021-recycled-pu-foam-paper,时间序列点共享一个配方运行预算，不按点扩增独立样本。
第十六批实验_再生PU泡沫,viscosity:SPUF_0,recycled-pu:SPUF_0:viscosity:001,SPUF_0,component_A_slurry_SPUF_0,curve_point,component_A_plus_CDW_PU_foam_powder,polyol_side_mixture_before_isocyanate_addition,dynamic_viscosity,0.2646,Pa*s,,,elapsed_time,0.1,min,experimental,source_raw_workbook,raw_point,TA Instruments AR200ex rheometer; source time series,direct_experimental_process_property,conditional_reference,formulation_resolved_commercial_component_A_unresolved,rheometer_identified_shear_rate_and_temperature_unreported,0.25,False,,family_elorza_recycled_pu_foam,数据/原始/外部数据/新增开放数据/第十六批实验_再生PU泡沫/原始文件/row data for _Sustainable insulating foams_3/SPUF_viscosity_RawData/SPUF00_viscosty.xlsx#Hoja1!A3:B3,282f63c66496cf613e1e5c6c1cf6264f0ed2926341bd3c4e829b446ddeb13561,CC BY 4.0,elorza-2021-recycled-pu-foam-data;elorza-2021-recycled-pu-foam-paper,时间序列点共享一个配方运行预算，不按点扩增独立样本。
第十六批实验_再生PU泡沫,viscosity:SPUF_0,recycled-pu:SPUF_0:viscosity:002,SPUF_0,component_A_slurry_SPUF_0,curve_point,component_A_plus_CDW_PU_foam_powder,polyol_side_mixture_before_isocyanate_addition,dynamic_viscosity,0.2574,Pa*s,,,elapsed_time,0.2,min,experimental,source_raw_workbook,raw_point,TA Instruments AR200ex rheometer; source time series,direct_experimental_process_property,conditional_reference,formulation_resolved_commercial_component_A_unresolved,rheometer_identified_shear_rate_and_temperature_unreported,0.25,False,,family_elorza_recycled_pu_foam,数据/原始/外部数据/新增开放数据/第十六批实验_再生PU泡沫/原始文件/row data for _Sustainable insulating foams_3/SPUF_viscosity_RawData/SPUF00_viscosty.xlsx#Hoja1!A4:B4,282f63c66496cf613e1e5c6c1cf6264f0ed2926341bd3c4e829b446ddeb13561,CC BY 4.0,elorza-2021-recycled-pu-foam-data;elorza-2021-recycled-pu-foam-paper,时间序列点共享一个配方运行预算，不按点扩增独立样本。
第十六批实验_再生PU泡沫,viscosity:SPUF_0,recycled-pu:SPUF_0:viscosity:003,SPUF_0,component_A_slurry_SPUF_0,curve_point,component_A_plus_CDW_PU_foam_powder,polyol_side_mixture_before_isocyanate_addition,dynamic_viscosity,0.246,Pa*s,,,elapsed_time,0.3,min,experimental,source_raw_workbook,raw_point,TA Instruments AR200ex rheometer; source time series,direct_experimental_process_property,conditional_reference,formulation_resolved_commercial_component_A_unresolved,rheometer_identified_shear_rate_and_temperature_unreported,0.25,False,,family_elorza_recycled_pu_foam,数据/原始/外部数据/新增开放数据/第十六批实验_再生PU泡沫/原始文件/row data for _Sustainable insulating foams_3/SPUF_viscosity_RawData/SPUF00_viscosty.xlsx#Hoja1!A5:B5,282f63c66496cf613e1e5c6c1cf6264f0ed2926341bd3c4e829b446ddeb13561,CC BY 4.0,elorza-2021-recycled-pu-foam-data;elorza-2021-recycled-pu-foam-paper,时间序列点共享一个配方运行预算，不按点扩增独立样本。
第十六批实验_再生PU泡沫,viscosity:SPUF_0,recycled-pu:SPUF_0:viscosity:004,SPUF_0,component_A_slurry_SPUF_0,curve_point,component_A_plus_CDW_PU_foam_powder,polyol_side_mixture_before_isocyanate_addition,dynamic_viscosity,0.2536,Pa*s,,,elapsed_time,0.3,min,experimental,source_raw_workbook,raw_point,TA Instruments AR200ex rheometer; source time series,direct_experimental_process_property,conditional_reference,formulation_resolved_commercial_component_A_unresolved,rheometer_identified_shear_rate_and_temperature_unreported,0.25,False,,family_elorza_recycled_pu_foam,数据/原始/外部数据/新增开放数据/第十六批实验_再生PU泡沫/原始文件/row data for _Sustainable insulating foams_3/SPUF_viscosity_RawData/SPUF00_viscosty.xlsx#Hoja1!A6:B6,282f63c66496cf613e1e5c6c1cf6264f0ed2926341bd3c4e829b446ddeb13561,CC BY 4.0,elorza-2021-recycled-pu-foam-data;elorza-2021-recycled-pu-foam-paper,时间序列点共享一个配方运行预算，不按点扩增独立样本。
第十六批实验_再生PU泡沫,viscosity:SPUF_0,recycled-pu:SPUF_0:viscosity:005,SPUF_0,component_A_slurry_SPUF_0,curve_point,component_A_plus_CDW_PU_foam_powder,polyol_side_mixture_before_isocyanate_addition,dynamic_viscosity,0.2535,Pa*s,,,elapsed_time,0.4,min,experimental,source_raw_workbook,raw_point,TA Instruments AR200ex rheometer; source time series,direct_experimental_process_property,conditional_reference,formulation_resolved_commercial_component_A_unresolved,rheometer_identified_shear_rate_and_temperature_unreported,0.25,False,,family_elorza_recycled_pu_foam,数据/原始/外部数据/新增开放数据/第十六批实验_再生PU泡沫/原始文件/row data for _Sustainable insulating foams_3/SPUF_viscosity_RawData/SPUF00_viscosty.xlsx#Hoja1!A7:B7,282f63c66496cf613e1e5c6c1cf6264f0ed2926341bd3c4e829b446ddeb13561,CC BY 4.0,elorza-2021-recycled-pu-foam-data;elorza-2021-recycled-pu-foam-paper,时间序列点共享一个配方运行预算，不按点扩增独立样本。
第十六批实验_再生PU泡沫,viscosity:SPUF_0,recycled-pu:SPUF_0:viscosity:006,SPUF_0,component_A_slurry_SPUF_0,curve_point,component_A_plus_CDW_PU_foam_powder,polyol_side_mixture_before_isocyanate_addition,dynamic_viscosity,0.2535,Pa*s,,,elapsed_time,0.5,min,experimental,source_raw_workbook,raw_point,TA Instruments AR200ex rheometer; source time series,direct_experimental_process_property,conditional_reference,formulation_resolved_commercial_component_A_unresolved,rheometer_identified_shear_rate_and_temperature_unreported,0.25,False,,family_elorza_recycled_pu_foam,数据/原始/外部数据/新增开放数据/第十六批实验_再生PU泡沫/原始文件/row data for _Sustainable insulating foams_3/SPUF_viscosity_RawData/SPUF00_viscosty.xlsx#Hoja1!A8:B8,282f63c66496cf613e1e5c6c1cf6264f0ed2926341bd3c4e829b446ddeb13561,CC BY 4.0,elorza-2021-recycled-pu-foam-data;elorza-2021-recycled-pu-foam-paper,时间序列点共享一个配方运行预算，不按点扩增独立样本。
第十六批实验_再生PU泡沫,viscosity:SPUF_0,recycled-pu:SPUF_0:viscosity:007,SPUF_0,component_A_slurry_SPUF_0,curve_point,component_A_plus_CDW_PU_foam_powder,polyol_side_mixture_before_isocyanate_addition,dynamic_viscosity,0.2513,Pa*s,,,elapsed_time,0.6,min,experimental,source_raw_workbook,raw_point,TA Instruments AR200ex rheometer; source time series,direct_experimental_process_property,conditional_reference,formulation_resolved_commercial_component_A_unresolved,rheometer_identified_shear_rate_and_temperature_unreported,0.25,False,,family_elorza_recycled_pu_foam,数据/原始/外部数据/新增开放数据/第十六批实验_再生PU泡沫/原始文件/row data for _Sustainable insulating foams_3/SPUF_viscosity_RawData/SPUF00_viscosty.xlsx#Hoja1!A9:B9,282f63c66496cf613e1e5c6c1cf6264f0ed2926341bd3c4e829b446ddeb13561,CC BY 4.0,elorza-2021-recycled-pu-foam-data;elorza-2021-recycled-pu-foam-paper,时间序列点共享一个配方运行预算，不按点扩增独立样本。
第十六批实验_再生PU泡沫,viscosity:SPUF_0,recycled-pu:SPUF_0:viscosity:008,SPUF_0,component_A_slurry_SPUF_0,curve_point,component_A_plus_CDW_PU_foam_powder,polyol_side_mixture_before_isocyanate_addition,dynamic_viscosity,0.2523,Pa*s,,,elapsed_time,0.7,min,experimental,source_raw_workbook,raw_point,TA Instruments AR200ex rheometer; source time series,direct_experimental_process_property,conditional_reference,formulation_resolved_commercial_component_A_unresolved,rheometer_identified_shear_rate_and_temperature_unreported,0.25,False,,family_elorza_recycled_pu_foam,数据/原始/外部数据/新增开放数据/第十六批实验_再生PU泡沫/原始文件/row data for _Sustainable insulating foams_3/SPUF_viscosity_RawData/SPUF00_viscosty.xlsx#Hoja1!A10:B10,282f63c66496cf613e1e5c6c1cf6264f0ed2926341bd3c4e829b446ddeb13561,CC BY 4.0,elorza-2021-recycled-pu-foam-data;elorza-2021-recycled-pu-foam-paper,时间序列点共享一个配方运行预算，不按点扩增独立样本。
第十六批实验_再生PU泡沫,viscosity:SPUF_0,recycled-pu:SPUF_0:viscosity:009,SPUF_0,component_A_slurry_SPUF_0,curve_point,component_A_plus_CDW_PU_foam_powder,polyol_side_mixture_before_isocyanate_addition,dynamic_viscosity,0.2523,Pa*s,,,elapsed_time,0.8,min,experimental,source_raw_workbook,raw_point,TA Instruments AR200ex rheometer; source time series,direct_experimental_process_property,conditional_reference,formulation_resolved_commercial_component_A_unresolved,rheometer_identified_shear_rate_and_temperature_unreported,0.25,False,,family_elorza_recycled_pu_foam,数据/原始/外部数据/新增开放数据/第十六批实验_再生PU泡沫/原始文件/row data for _Sustainable insulating foams_3/SPUF_viscosity_RawData/SPUF00_viscosty.xlsx#Hoja1!A11:B11,282f63c66496cf613e1e5c6c1cf6264f0ed2926341bd3c4e829b446ddeb13561,CC BY 4.0,elorza-2021-recycled-pu-foam-data;elorza-2021-recycled-pu-foam-paper,时间序列点共享一个配方运行预算，不按点扩增独立样本。
第十六批实验_再生PU泡沫,viscosity:SPUF_0,recycled-pu:SPUF_0:viscosity:010,SPUF_0,component_A_slurry_SPUF_0,curve_point,component_A_plus_CDW_PU_foam_powder,polyol_side_mixture_before_isocyanate_addition,dynamic_viscosity,0.2534,Pa*s,,,elapsed_time,0.8,min,experimental,source_raw_workbook,raw_point,TA Instruments AR200ex rheometer; source time series,direct_experimental_process_property,conditional_reference,formulation_resolved_commercial_component_A_unresolved,rheometer_identified_shear_rate_and_temperature_unreported,0.25,False,,family_elorza_recycled_pu_foam,数据/原始/外部数据/新增开放数据/第十六批实验_再生PU泡沫/原始文件/row data for _Sustainable insulating foams_3/SPUF_viscosity_RawData/SPUF00_viscosty.xlsx#Hoja1!A12:B12,282f63c66496cf613e1e5c6c1cf6264f0ed2926341bd3c4e829b446ddeb13561,CC BY 4.0,elorza-2021-recycled-pu-foam-data;elorza-2021-recycled-pu-foam-paper,时间序列点共享一个配方运行预算，不按点扩增独立样本。
第十六批实验_再生PU泡沫,viscosity:SPUF_0,recycled-pu:SPUF_0:viscosity:011,SPUF_0,component_A_slurry_SPUF_0,curve_point,component_A_plus_CDW_PU_foam_powder,polyol_side_mixture_before_isocyanate_addition,dynamic_viscosity,0.253,Pa*s,,,elapsed_time,0.9,min,experimental,source_raw_workbook,raw_point,TA Instruments AR200ex rheometer; source time series,direct_experimental_process_property,conditional_reference,formulation_resolved_commercial_component_A_unresolved,rheometer_identified_shear_rate_and_temperature_unreported,0.25,False,,family_elorza_recycled_pu_foam,数据/原始/外部数据/新增开放数据/第十六批实验_再生PU泡沫/原始文件/row data for _Sustainable insulating foams_3/SPUF_viscosity_RawData/SPUF00_viscosty.xlsx#Hoja1!A13:B13,282f63c66496cf613e1e5c6c1cf6264f0ed2926341bd3c4e829b446ddeb13561,CC BY 4.0,elorza-2021-recycled-pu-foam-data;elorza-2021-recycled-pu-foam-paper,时间序列点共享一个配方运行预算，不按点扩增独立样本。
第十六批实验_再生PU泡沫,viscosity:SPUF_0,recycled-pu:SPUF_0:viscosity:012,SPUF_0,component_A_slurry_SPUF_0,curve_point,component_A_plus_CDW_PU_foam_powder,polyol_side_mixture_before_isocyanate_addition,dynamic_viscosity,0.2512,Pa*s,,,elapsed_time,1.0,min,experimental,source_raw_workbook,raw_point,TA Instruments AR200ex rheometer; source time series,direct_experimental_process_property,conditional_reference,formulation_resolved_commercial_component_A_unresolved,rheometer_identified_shear_rate_and_temperature_unreported,0.25,False,,family_elorza_recycled_pu_foam,数据/原始/外部数据/新增开放数据/第十六批实验_再生PU泡沫/原始文件/row data for _Sustainable insulating foams_3/SPUF_viscosity_RawData/SPUF00_viscosty.xlsx#Hoja1!A14:B14,282f63c66496cf613e1e5c6c1cf6264f0ed2926341bd3c4e829b446ddeb13561,CC BY 4.0,elorza-2021-recycled-pu-foam-data;elorza-2021-recycled-pu-foam-paper,时间序列点共享一个配方运行预算，不按点扩增独立样本。
第十六批实验_再生PU泡沫,viscosity:SPUF_0,recycled-pu:SPUF_0:viscosity:013,SPUF_0,component_A_slurry_SPUF_0,curve_point,component_A_plus_CDW_PU_foam_powder,polyol_side_mixture_before_isocyanate_addition,dynamic_viscosity,0.2506,Pa*s,,,elapsed_time,1.1,min,experimental,source_raw_workbook,raw_point,TA Instruments AR200ex rheometer; source time series,direct_experimental_process_property,conditional_reference,formulation_resolved_commercial_component_A_unresolved,rheometer_identified_shear_rate_and_temperature_unreported,0.25,False,,family_elorza_recycled_pu_foam,数据/原始/外部数据/新增开放数据/第十六批实验_再生PU泡沫/原始文件/row data for _Sustainable insulating foams_3/SPUF_viscosity_RawData/SPUF00_viscosty.xlsx#Hoja1!A15:B15,282f63c66496cf613e1e5c6c1cf6264f0ed2926341bd3c4e829b446ddeb13561,CC BY 4.0,elorza-2021-recycled-pu-foam-data;elorza-2021-recycled-pu-foam-paper,时间序列点共享一个配方运行预算，不按点扩增独立样本。
第十六批实验_再生PU泡沫,viscosity:SPUF_0,recycled-pu:SPUF_0:viscosity:014,SPUF_0,component_A_slurry_SPUF_0,curve_point,component_A_plus_CDW_PU_foam_powder,polyol_side_mixture_before_isocyanate_addition,dynamic_viscosity,0.2486,Pa*s,,,elapsed_time,1.2,min,experimental,source_raw_workbook,raw_point,TA Instruments AR200ex rheometer; source time series,direct_experimental_process_property,conditional_reference,formulation_resolved_commercial_component_A_unresolved,rheometer_identified_shear_rate_and_temperature_unreported,0.25,False,,family_elorza_recycled_pu_foam,数据/原始/外部数据/新增开放数据/第十六批实验_再生PU泡沫/原始文件/row data for _Sustainable insulating foams_3/SPUF_viscosity_RawData/SPUF00_viscosty.xlsx#Hoja1!A16:B16,282f63c66496cf613e1e5c6c1cf6264f0ed2926341bd3c4e829b446ddeb13561,CC BY 4.0,elorza-2021-recycled-pu-foam-data;elorza-2021-recycled-pu-foam-paper,时间序列点共享一个配方运行预算，不按点扩增独立样本。
第十六批实验_再生PU泡沫,viscosity:SPUF_0,recycled-pu:SPUF_0:viscosity:015,SPUF_0,component_A_slurry_SPUF_0,curve_point,component_A_plus_CDW_PU_foam_powder,polyol_side_mixture_before_isocyanate_addition,dynamic_viscosity,0.248,Pa*s,,,elapsed_time,1.3,min,experimental,source_raw_workbook,raw_point,TA Instruments AR200ex rheometer; source time series,direct_experimental_process_property,conditional_reference,formulation_resolved_commercial_component_A_unresolved,rheometer_identified_shear_rate_and_temperature_unreported,0.25,False,,family_elorza_recycled_pu_foam,数据/原始/外部数据/新增开放数据/第十六批实验_再生PU泡沫/原始文件/row data for _Sustainable insulating foams_3/SPUF_viscosity_RawData/SPUF00_viscosty.xlsx#Hoja1!A17:B17,282f63c66496cf613e1e5c6c1cf6264f0ed2926341bd3c4e829b446ddeb13561,CC BY 4.0,elorza-2021-recycled-pu-foam-data;elorza-2021-recycled-pu-foam-paper,时间序列点共享一个配方运行预算，不按点扩增独立样本。
第十六批实验_再生PU泡沫,viscosity:SPUF_0,recycled-pu:SPUF_0:viscosity:016,SPUF_0,component_A_slurry_SPUF_0,curve_point,component_A_plus_CDW_PU_foam_powder,polyol_side_mixture_before_isocyanate_addition,dynamic_viscosity,0.2477,Pa*s,,,elapsed_time,1.3,min,experimental,source_raw_workbook,raw_point,TA Instruments AR200ex rheometer; source time series,direct_experimental_process_property,conditional_reference,formulation_resolved_commercial_component_A_unresolved,rheometer_identified_shear_rate_and_temperature_unreported,0.25,False,,family_elorza_recycled_pu_foam,数据/原始/外部数据/新增开放数据/第十六批实验_再生PU泡沫/原始文件/row data for _Sustainable insulating foams_3/SPUF_viscosity_RawData/SPUF00_viscosty.xlsx#Hoja1!A18:B18,282f63c66496cf613e1e5c6c1cf6264f0ed2926341bd3c4e829b446ddeb13561,CC BY 4.0,elorza-2021-recycled-pu-foam-data;elorza-2021-recycled-pu-foam-paper,时间序列点共享一个配方运行预算，不按点扩增独立样本。
第十六批实验_再生PU泡沫,viscosity:SPUF_0,recycled-pu:SPUF_0:viscosity:017,SPUF_0,component_A_slurry_SPUF_0,curve_point,component_A_plus_CDW_PU_foam_powder,polyol_side_mixture_before_isocyanate_addition,dynamic_viscosity,0.2418,Pa*s,,,elapsed_time,1.4,min,experimental,source_raw_workbook,raw_point,TA Instruments AR200ex rheometer; source time series,direct_experimental_process_property,conditional_reference,formulation_resolved_commercial_component_A_unresolved,rheometer_identified_shear_rate_and_temperature_unreported,0.25,False,,family_elorza_recycled_pu_foam,数据/原始/外部数据/新增开放数据/第十六批实验_再生PU泡沫/原始文件/row data for _Sustainable insulating foams_3/SPUF_viscosity_RawData/SPUF00_viscosty.xlsx#Hoja1!A19:B19,282f63c66496cf613e1e5c6c1cf6264f0ed2926341bd3c4e829b446ddeb13561,CC BY 4.0,elorza-2021-recycled-pu-foam-data;elorza-2021-recycled-pu-foam-paper,时间序列点共享一个配方运行预算，不按点扩增独立样本。
第十六批实验_再生PU泡沫,viscosity:SPUF_0,recycled-pu:SPUF_0:viscosity:018,SPUF_0,component_A_slurry_SPUF_0,curve_point,component_A_plus_CDW_PU_foam_powder,polyol_side_mixture_before_isocyanate_addition,dynamic_viscosity,0.2442,Pa*s,,,elapsed_time,1.5,min,experimental,source_raw_workbook,raw_point,TA Instruments AR200ex rheometer; source time series,direct_experimental_process_property,conditional_reference,formulation_resolved_commercial_component_A_unresolved,rheometer_identified_shear_rate_and_temperature_unreported,0.25,False,,family_elorza_recycled_pu_foam,数据/原始/外部数据/新增开放数据/第十六批实验_再生PU泡沫/原始文件/row data for _Sustainable insulating foams_3/SPUF_viscosity_RawData/SPUF00_viscosty.xlsx#Hoja1!A20:B20,282f63c66496cf613e1e5c6c1cf6264f0ed2926341bd3c4e829b446ddeb13561,CC BY 4.0,elorza-2021-recycled-pu-foam-data;elorza-2021-recycled-pu-foam-paper,时间序列点共享一个配方运行预算，不按点扩增独立样本。
第十六批实验_再生PU泡沫,viscosity:SPUF_0,recycled-pu:SPUF_0:viscosity:019,SPUF_0,component_A_slurry_SPUF_0,curve_point,component_A_plus_CDW_PU_foam_powder,polyol_side_mixture_before_isocyanate_addition,dynamic_viscosity,0.2421,Pa*s,,,elapsed_time,1.6,min,experimental,source_raw_workbook,raw_point,TA Instruments AR200ex rheometer; source time series,direct_experimental_process_property,conditional_reference,formulation_resolved_commercial_component_A_unresolved,rheometer_identified_shear_rate_and_temperature_unreported,0.25,False,,family_elorza_recycled_pu_foam,数据/原始/外部数据/新增开放数据/第十六批实验_再生PU泡沫/原始文件/row data for _Sustainable insulating foams_3/SPUF_viscosity_RawData/SPUF00_viscosty.xlsx#Hoja1!A21:B21,282f63c66496cf613e1e5c6c1cf6264f0ed2926341bd3c4e829b446ddeb13561,CC BY 4.0,elorza-2021-recycled-pu-foam-data;elorza-2021-recycled-pu-foam-paper,时间序列点共享一个配方运行预算，不按点扩增独立样本。
第十六批实验_再生PU泡沫,viscosity:SPUF_0,recycled-pu:SPUF_0:viscosity:020,SPUF_0,component_A_slurry_SPUF_0,curve_point,component_A_plus_CDW_PU_foam_powder,polyol_side_mixture_before_isocyanate_addition,dynamic_viscosity,0.2436,Pa*s,,,elapsed_time,1.7,min,experimental,source_raw_workbook,raw_point,TA Instruments AR200ex rheometer; source time series,direct_experimental_process_property,conditional_reference,formulation_resolved_commercial_component_A_unresolved,rheometer_identified_shear_rate_and_temperature_unreported,0.25,False,,family_elorza_recycled_pu_foam,数据/原始/外部数据/新增开放数据/第十六批实验_再生PU泡沫/原始文件/row data for _Sustainable insulating foams_3/SPUF_viscosity_RawData/SPUF00_viscosty.xlsx#Hoja1!A22:B22,282f63c66496cf613e1e5c6c1cf6264f0ed2926341bd3c4e829b446ddeb13561,CC BY 4.0,elorza-2021-recycled-pu-foam-data;elorza-2021-recycled-pu-foam-paper,时间序列点共享一个配方运行预算，不按点扩增独立样本。
第十六批实验_再生PU泡沫,viscosity:SPUF_0,recycled-pu:SPUF_0:viscosity:021,SPUF_0,component_A_slurry_SPUF_0,curve_point,component_A_plus_CDW_PU_foam_powder,polyol_side_mixture_before_isocyanate_addition,dynamic_viscosity,0.2417,Pa*s,,,elapsed_time,1.8,min,experimental,source_raw_workbook,raw_point,TA Instruments AR200ex rheometer; source time series,direct_experimental_process_property,conditional_reference,formulation_resolved_commercial_component_A_unresolved,rheometer_identified_shear_rate_and_temperature_unreported,0.25,False,,family_elorza_recycled_pu_foam,数据/原始/外部数据/新增开放数据/第十六批实验_再生PU泡沫/原始文件/row data for _Sustainable insulating foams_3/SPUF_viscosity_RawData/SPUF00_viscosty.xlsx#Hoja1!A23:B23,282f63c66496cf613e1e5c6c1cf6264f0ed2926341bd3c4e829b446ddeb13561,CC BY 4.0,elorza-2021-recycled-pu-foam-data;elorza-2021-recycled-pu-foam-paper,时间序列点共享一个配方运行预算，不按点扩增独立样本。
第十六批实验_再生PU泡沫,viscosity:SPUF_0,recycled-pu:SPUF_0:viscosity:022,SPUF_0,component_A_slurry_SPUF_0,curve_point,component_A_plus_CDW_PU_foam_powder,polyol_side_mixture_before_isocyanate_addition,dynamic_viscosity,0.2438,Pa*s,,,elapsed_time,1.8,min,experimental,source_raw_workbook,raw_point,TA Instruments AR200ex rheometer; source time series,direct_experimental_process_property,conditional_reference,formulation_resolved_commercial_component_A_unresolved,rheometer_identified_shear_rate_and_temperature_unreported,0.25,False,,family_elorza_recycled_pu_foam,数据/原始/外部数据/新增开放数据/第十六批实验_再生PU泡沫/原始文件/row data for _Sustainable insulating foams_3/SPUF_viscosity_RawData/SPUF00_viscosty.xlsx#Hoja1!A24:B24,282f63c66496cf613e1e5c6c1cf6264f0ed2926341bd3c4e829b446ddeb13561,CC BY 4.0,elorza-2021-recycled-pu-foam-data;elorza-2021-recycled-pu-foam-paper,时间序列点共享一个配方运行预算，不按点扩增独立样本。
第十六批实验_再生PU泡沫,viscosity:SPUF_0,recycled-pu:SPUF_0:viscosity:023,SPUF_0,component_A_slurry_SPUF_0,curve_point,component_A_plus_CDW_PU_foam_powder,polyol_side_mixture_before_isocyanate_addition,dynamic_viscosity,0.2405,Pa*s,,,elapsed_time,1.9,min,experimental,source_raw_workbook,raw_point,TA Instruments AR200ex rheometer; source time series,direct_experimental_process_property,conditional_reference,formulation_resolved_commercial_component_A_unresolved,rheometer_identified_shear_rate_and_temperature_unreported,0.25,False,,family_elorza_recycled_pu_foam,数据/原始/外部数据/新增开放数据/第十六批实验_再生PU泡沫/原始文件/row data for _Sustainable insulating foams_3/SPUF_viscosity_RawData/SPUF00_viscosty.xlsx#Hoja1!A25:B25,282f63c66496cf613e1e5c6c1cf6264f0ed2926341bd3c4e829b446ddeb13561,CC BY 4.0,elorza-2021-recycled-pu-foam-data;elorza-2021-recycled-pu-foam-paper,时间序列点共享一个配方运行预算，不按点扩增独立样本。
第十六批实验_再生PU泡沫,viscosity:SPUF_0,recycled-pu:SPUF_0:viscosity:024,SPUF_0,component_A_slurry_SPUF_0,curve_point,component_A_plus_CDW_PU_foam_powder,polyol_side_mixture_before_isocyanate_addition,dynamic_viscosity,0.2402,Pa*s,,,elapsed_time,2.0,min,experimental,source_raw_workbook,raw_point,TA Instruments AR200ex rheometer; source time series,direct_experimental_process_property,conditional_reference,formulation_resolved_commercial_component_A_unresolved,rheometer_identified_shear_rate_and_temperature_unreported,0.25,False,,family_elorza_recycled_pu_foam,数据/原始/外部数据/新增开放数据/第十六批实验_再生PU泡沫/原始文件/row data for _Sustainable insulating foams_3/SPUF_viscosity_RawData/SPUF00_viscosty.xlsx#Hoja1!A26:B26,282f63c66496cf613e1e5c6c1cf6264f0ed2926341bd3c4e829b446ddeb13561,CC BY 4.0,elorza-2021-recycled-pu-foam-data;elorza-2021-recycled-pu-foam-paper,时间序列点共享一个配方运行预算，不按点扩增独立样本。
第十六批实验_再生PU泡沫,viscosity:SPUF_0,recycled-pu:SPUF_0:viscosity:025,SPUF_0,component_A_slurry_SPUF_0,curve_point,component_A_plus_CDW_PU_foam_powder,polyol_side_mixture_before_isocyanate_addition,dynamic_viscosity,0.2429,Pa*s,,,elapsed_time,2.1,min,experimental,source_raw_workbook,raw_point,TA Instruments AR200ex rheometer; source time series,direct_experimental_process_property,conditional_reference,formulation_resolved_commercial_component_A_unresolved,rheometer_identified_shear_rate_and_temperature_unreported,0.25,False,,family_elorza_recycled_pu_foam,数据/原始/外部数据/新增开放数据/第十六批实验_再生PU泡沫/原始文件/row data for _Sustainable insulating foams_3/SPUF_viscosity_RawData/SPUF00_viscosty.xlsx#Hoja1!A27:B27,282f63c66496cf613e1e5c6c1cf6264f0ed2926341bd3c4e829b446ddeb13561,CC BY 4.0,elorza-2021-recycled-pu-foam-data;elorza-2021-recycled-pu-foam-paper,时间序列点共享一个配方运行预算，不按点扩增独立样本。
第十六批实验_再生PU泡沫,viscosity:SPUF_0,recycled-pu:SPUF_0:viscosity:026,SPUF_0,component_A_slurry_SPUF_0,curve_point,component_A_plus_CDW_PU_foam_powder,polyol_side_mixture_before_isocyanate_addition,dynamic_viscosity,0.2425,Pa*s,,,elapsed_time,2.2,min,experimental,source_raw_workbook,raw_point,TA Instruments AR200ex rheometer; source time series,direct_experimental_process_property,conditional_reference,formulation_resolved_commercial_component_A_unresolved,rheometer_identified_shear_rate_and_temperature_unreported,0.25,False,,family_elorza_recycled_pu_foam,数据/原始/外部数据/新增开放数据/第十六批实验_再生PU泡沫/原始文件/row data for _Sustainable insulating foams_3/SPUF_viscosity_RawData/SPUF00_viscosty.xlsx#Hoja1!A28:B28,282f63c66496cf613e1e5c6c1cf6264f0ed2926341bd3c4e829b446ddeb13561,CC BY 4.0,elorza-2021-recycled-pu-foam-data;elorza-2021-recycled-pu-foam-paper,时间序列点共享一个配方运行预算，不按点扩增独立样本。
第十六批实验_再生PU泡沫,viscosity:SPUF_0,recycled-pu:SPUF_0:viscosity:027,SPUF_0,component_A_slurry_SPUF_0,curve_point,component_A_plus_CDW_PU_foam_powder,polyol_side_mixture_before_isocyanate_addition,dynamic_viscosity,0.2421,Pa*s,,,elapsed_time,2.3,min,experimental,source_raw_workbook,raw_point,TA Instruments AR200ex rheometer; source time series,direct_experimental_process_property,conditional_reference,formulation_resolved_commercial_component_A_unresolved,rheometer_identified_shear_rate_and_temperature_unreported,0.25,False,,family_elorza_recycled_pu_foam,数据/原始/外部数据/新增开放数据/第十六批实验_再生PU泡沫/原始文件/row data for _Sustainable insulating foams_3/SPUF_viscosity_RawData/SPUF00_viscosty.xlsx#Hoja1!A29:B29,282f63c66496cf613e1e5c6c1cf6264f0ed2926341bd3c4e829b446ddeb13561,CC BY 4.0,elorza-2021-recycled-pu-foam-data;elorza-2021-recycled-pu-foam-paper,时间序列点共享一个配方运行预算，不按点扩增独立样本。
第十六批实验_再生PU泡沫,viscosity:SPUF_0,recycled-pu:SPUF_0:viscosity:028,SPUF_0,component_A_slurry_SPUF_0,curve_point,component_A_plus_CDW_PU_foam_powder,polyol_side_mixture_before_isocyanate_addition,dynamic_viscosity,0.2444,Pa*s,,,elapsed_time,2.3,min,experimental,source_raw_workbook,raw_point,TA Instruments AR200ex rheometer; source time series,direct_experimental_process_property,conditional_reference,formulation_resolved_commercial_component_A_unresolved,rheometer_identified_shear_rate_and_temperature_unreported,0.25,False,,family_elorza_recycled_pu_foam,数据/原始/外部数据/新增开放数据/第十六批实验_再生PU泡沫/原始文件/row data for _Sustainable insulating foams_3/SPUF_viscosity_RawData/SPUF00_viscosty.xlsx#Hoja1!A30:B30,282f63c66496cf613e1e5c6c1cf6264f0ed2926341bd3c4e829b446ddeb13561,CC BY 4.0,elorza-2021-recycled-pu-foam-data;elorza-2021-recycled-pu-foam-paper,时间序列点共享一个配方运行预算，不按点扩增独立样本。
第十六批实验_再生PU泡沫,viscosity:SPUF_0,recycled-pu:SPUF_0:viscosity:029,SPUF_0,component_A_slurry_SPUF_0,curve_point,component_A_plus_CDW_PU_foam_powder,polyol_side_mixture_before_isocyanate_addition,dynamic_viscosity,0.2446,Pa*s,,,elapsed_time,2.4,min,experimental,source_raw_workbook,raw_point,TA Instruments AR200ex rheometer; source time series,direct_experimental_process_property,conditional_reference,formulation_resolved_commercial_component_A_unresolved,rheometer_identified_shear_rate_and_temperature_unreported,0.25,False,,family_elorza_recycled_pu_foam,数据/原始/外部数据/新增开放数据/第十六批实验_再生PU泡沫/原始文件/row data for _Sustainable insulating foams_3/SPUF_viscosity_RawData/SPUF00_viscosty.xlsx#Hoja1!A31:B31,282f63c66496cf613e1e5c6c1cf6264f0ed2926341bd3c4e829b446ddeb13561,CC BY 4.0,elorza-2021-recycled-pu-foam-data;elorza-2021-recycled-pu-foam-paper,时间序列点共享一个配方运行预算，不按点扩增独立样本。
第十六批实验_再生PU泡沫,viscosity:SPUF_0,recycled-pu:SPUF_0:viscosity:030,SPUF_0,component_A_slurry_SPUF_0,curve_point,component_A_plus_CDW_PU_foam_powder,polyol_side_mixture_before_isocyanate_addition,dynamic_viscosity,0.2424,Pa*s,,,elapsed_time,2.5,min,experimental,source_raw_workbook,raw_point,TA Instruments AR200ex rheometer; source time series,direct_experimental_process_property,conditional_reference,formulation_resolved_commercial_component_A_unresolved,rheometer_identified_shear_rate_and_temperature_unreported,0.25,False,,family_elorza_recycled_pu_foam,数据/原始/外部数据/新增开放数据/第十六批实验_再生PU泡沫/原始文件/row data for _Sustainable insulating foams_3/SPUF_viscosity_RawData/SPUF00_viscosty.xlsx#Hoja1!A32:B32,282f63c66496cf613e1e5c6c1cf6264f0ed2926341bd3c4e829b446ddeb13561,CC BY 4.0,elorza-2021-recycled-pu-foam-data;elorza-2021-recycled-pu-foam-paper,时间序列点共享一个配方运行预算，不按点扩增独立样本。
第十六批实验_再生PU泡沫,viscosity:SPUF_0,recycled-pu:SPUF_0:viscosity:031,SPUF_0,component_A_slurry_SPUF_0,curve_point,component_A_plus_CDW_PU_foam_powder,polyol_side_mixture_before_isocyanate_addition,dynamic_viscosity,0.2453,Pa*s,,,elapsed_time,2.6,min,experimental,source_raw_workbook,raw_point,TA Instruments AR200ex rheometer; source time series,direct_experimental_process_property,conditional_reference,formulation_resolved_commercial_component_A_unresolved,rheometer_identified_shear_rate_and_temperature_unreported,0.25,False,,family_elorza_recycled_pu_foam,数据/原始/外部数据/新增开放数据/第十六批实验_再生PU泡沫/原始文件/row data for _Sustainable insulating foams_3/SPUF_viscosity_RawData/SPUF00_viscosty.xlsx#Hoja1!A33:B33,282f63c66496cf613e1e5c6c1cf6264f0ed2926341bd3c4e829b446ddeb13561,CC BY 4.0,elorza-2021-recycled-pu-foam-data;elorza-2021-recycled-pu-foam-paper,时间序列点共享一个配方运行预算，不按点扩增独立样本。
第十六批实验_再生PU泡沫,viscosity:SPUF_0,recycled-pu:SPUF_0:viscosity:032,SPUF_0,component_A_slurry_SPUF_0,curve_point,component_A_plus_CDW_PU_foam_powder,polyol_side_mixture_before_isocyanate_addition,dynamic_viscosity,0.2432,Pa*s,,,elapsed_time,2.7,min,experimental,source_raw_workbook,raw_point,TA Instruments AR200ex rheometer; source time series,direct_experimental_process_property,conditional_reference,formulation_resolved_commercial_component_A_unresolved,rheometer_identified_shear_rate_and_temperature_unreported,0.25,False,,family_elorza_recycled_pu_foam,数据/原始/外部数据/新增开放数据/第十六批实验_再生PU泡沫/原始文件/row data for _Sustainable insulating foams_3/SPUF_viscosity_RawData/SPUF00_viscosty.xlsx#Hoja1!A34:B34,282f63c66496cf613e1e5c6c1cf6264f0ed2926341bd3c4e829b446ddeb13561,CC BY 4.0,elorza-2021-recycled-pu-foam-data;elorza-2021-recycled-pu-foam-paper,时间序列点共享一个配方运行预算，不按点扩增独立样本。
第十六批实验_再生PU泡沫,viscosity:SPUF_0,recycled-pu:SPUF_0:viscosity:033,SPUF_0,component_A_slurry_SPUF_0,curve_point,component_A_plus_CDW_PU_foam_powder,polyol_side_mixture_before_isocyanate_addition,dynamic_viscosity,0.2435,Pa*s,,,elapsed_time,2.8,min,experimental,source_raw_workbook,raw_point,TA Instruments AR200ex rheometer; source time series,direct_experimental_process_property,conditional_reference,formulation_resolved_commercial_component_A_unresolved,rheometer_identified_shear_rate_and_temperature_unreported,0.25,False,,family_elorza_recycled_pu_foam,数据/原始/外部数据/新增开放数据/第十六批实验_再生PU泡沫/原始文件/row data for _Sustainable insulating foams_3/SPUF_viscosity_RawData/SPUF00_viscosty.xlsx#Hoja1!A35:B35,282f63c66496cf613e1e5c6c1cf6264f0ed2926341bd3c4e829b446ddeb13561,CC BY 4.0,elorza-2021-recycled-pu-foam-data;elorza-2021-recycled-pu-foam-paper,时间序列点共享一个配方运行预算，不按点扩增独立样本。
第十六批实验_再生PU泡沫,viscosity:SPUF_0,recycled-pu:SPUF_0:viscosity:034,SPUF_0,component_A_slurry_SPUF_0,curve_point,component_A_plus_CDW_PU_foam_powder,polyol_side_mixture_before_isocyanate_addition,dynamic_viscosity,0.2423,Pa*s,,,elapsed_time,2.8,min,experimental,source_raw_workbook,raw_point,TA Instruments AR200ex rheometer; source time series,direct_experimental_process_property,conditional_reference,formulation_resolved_commercial_component_A_unresolved,rheometer_identified_shear_rate_and_temperature_unreported,0.25,False,,family_elorza_recycled_pu_foam,数据/原始/外部数据/新增开放数据/第十六批实验_再生PU泡沫/原始文件/row data for _Sustainable insulating foams_3/SPUF_viscosity_RawData/SPUF00_viscosty.xlsx#Hoja1!A36:B36,282f63c66496cf613e1e5c6c1cf6264f0ed2926341bd3c4e829b446ddeb13561,CC BY 4.0,elorza-2021-recycled-pu-foam-data;elorza-2021-recycled-pu-foam-paper,时间序列点共享一个配方运行预算，不按点扩增独立样本。
第十六批实验_再生PU泡沫,viscosity:SPUF_0,recycled-pu:SPUF_0:viscosity:035,SPUF_0,component_A_slurry_SPUF_0,curve_point,component_A_plus_CDW_PU_foam_powder,polyol_side_mixture_before_isocyanate_addition,dynamic_viscosity,0.2424,Pa*s,,,elapsed_time,2.9,min,experimental,source_raw_workbook,raw_point,TA Instruments AR200ex rheometer; source time series,direct_experimental_process_property,conditional_reference,formulation_resolved_commercial_component_A_unresolved,rheometer_identified_shear_rate_and_temperature_unreported,0.25,False,,family_elorza_recycled_pu_foam,数据/原始/外部数据/新增开放数据/第十六批实验_再生PU泡沫/原始文件/row data for _Sustainable insulating foams_3/SPUF_viscosity_RawData/SPUF00_viscosty.xlsx#Hoja1!A37:B37,282f63c66496cf613e1e5c6c1cf6264f0ed2926341bd3c4e829b446ddeb13561,CC BY 4.0,elorza-2021-recycled-pu-foam-data;elorza-2021-recycled-pu-foam-paper,时间序列点共享一个配方运行预算，不按点扩增独立样本。
第十六批实验_再生PU泡沫,viscosity:SPUF_0,recycled-pu:SPUF_0:viscosity:036,SPUF_0,component_A_slurry_SPUF_0,curve_point,component_A_plus_CDW_PU_foam_powder,polyol_side_mixture_before_isocyanate_addition,dynamic_viscosity,0.2376,Pa*s,,,elapsed_time,3.0,min,experimental,source_raw_workbook,raw_point,TA Instruments AR200ex rheometer; source time series,direct_experimental_process_property,conditional_reference,formulation_resolved_commercial_component_A_unresolved,rheometer_identified_shear_rate_and_temperature_unreported,0.25,False,,family_elorza_recycled_pu_foam,数据/原始/外部数据/新增开放数据/第十六批实验_再生PU泡沫/原始文件/row data for _Sustainable insulating foams_3/SPUF_viscosity_RawData/SPUF00_viscosty.xlsx#Hoja1!A38:B38,282f63c66496cf613e1e5c6c1cf6264f0ed2926341bd3c4e829b446ddeb13561,CC BY 4.0,elorza-2021-recycled-pu-foam-data;elorza-2021-recycled-pu-foam-paper,时间序列点共享一个配方运行预算，不按点扩增独立样本。
第十六批实验_再生PU泡沫,viscosity:SPUF_0,recycled-pu:SPUF_0:viscosity:037,SPUF_0,component_A_slurry_SPUF_0,curve_point,component_A_plus_CDW_PU_foam_powder,polyol_side_mixture_before_isocyanate_addition,dynamic_viscosity,0.2394,Pa*s,,,elapsed_time,3.1,min,experimental,source_raw_workbook,raw_point,TA Instruments AR200ex rheometer; source time series,direct_experimental_process_property,conditional_reference,formulation_resolved_commercial_component_A_unresolved,rheometer_identified_shear_rate_and_temperature_unreported,0.25,False,,family_elorza_recycled_pu_foam,数据/原始/外部数据/新增开放数据/第十六批实验_再生PU泡沫/原始文件/row data for _Sustainable insulating foams_3/SPUF_viscosity_RawData/SPUF00_viscosty.xlsx#Hoja1!A39:B39,282f63c66496cf613e1e5c6c1cf6264f0ed2926341bd3c4e829b446ddeb13561,CC BY 4.0,elorza-2021-recycled-pu-foam-data;elorza-2021-recycled-pu-foam-paper,时间序列点共享一个配方运行预算，不按点扩增独立样本。
第十六批实验_再生PU泡沫,viscosity:SPUF_0,recycled-pu:SPUF_0:viscosity:038,SPUF_0,component_A_slurry_SPUF_0,curve_point,component_A_plus_CDW_PU_foam_powder,polyol_side_mixture_before_isocyanate_addition,dynamic_viscosity,0.24,Pa*s,,,elapsed_time,3.2,min,experimental,source_raw_workbook,raw_point,TA Instruments AR200ex rheometer; source time series,direct_experimental_process_property,conditional_reference,formulation_resolved_commercial_component_A_unresolved,rheometer_identified_shear_rate_and_temperature_unreported,0.25,False,,family_elorza_recycled_pu_foam,数据/原始/外部数据/新增开放数据/第十六批实验_再生PU泡沫/原始文件/row data for _Sustainable insulating foams_3/SPUF_viscosity_RawData/SPUF00_viscosty.xlsx#Hoja1!A40:B40,282f63c66496cf613e1e5c6c1cf6264f0ed2926341bd3c4e829b446ddeb13561,CC BY 4.0,elorza-2021-recycled-pu-foam-data;elorza-2021-recycled-pu-foam-paper,时间序列点共享一个配方运行预算，不按点扩增独立样本。
第十六批实验_再生PU泡沫,viscosity:SPUF_0,recycled-pu:SPUF_0:viscosity:039,SPUF_0,component_A_slurry_SPUF_0,curve_point,component_A_plus_CDW_PU_foam_powder,polyol_side_mixture_before_isocyanate_addition,dynamic_viscosity,0.2381,Pa*s,,,elapsed_time,3.3,min,experimental,source_raw_workbook,raw_point,TA Instruments AR200ex rheometer; source time series,direct_experimental_process_property,conditional_reference,formulation_resolved_commercial_component_A_unresolved,rheometer_identified_shear_rate_and_temperature_unreported,0.25,False,,family_elorza_recycled_pu_foam,数据/原始/外部数据/新增开放数据/第十六批实验_再生PU泡沫/原始文件/row data for _Sustainable insulating foams_3/SPUF_viscosity_RawData/SPUF00_viscosty.xlsx#Hoja1!A41:B41,282f63c66496cf613e1e5c6c1cf6264f0ed2926341bd3c4e829b446ddeb13561,CC BY 4.0,elorza-2021-recycled-pu-foam-data;elorza-2021-recycled-pu-foam-paper,时间序列点共享一个配方运行预算，不按点扩增独立样本。
第十六批实验_再生PU泡沫,viscosity:SPUF_0,recycled-pu:SPUF_0:viscosity:040,SPUF_0,component_A_slurry_SPUF_0,curve_point,component_A_plus_CDW_PU_foam_powder,polyol_side_mixture_before_isocyanate_addition,dynamic_viscosity,0.2406,Pa*s,,,elapsed_time,3.3,min,experimental,source_raw_workbook,raw_point,TA Instruments AR200ex rheometer; source time series,direct_experimental_process_property,conditional_reference,formulation_resolved_commercial_component_A_unresolved,rheometer_identified_shear_rate_and_temperature_unreported,0.25,False,,family_elorza_recycled_pu_foam,数据/原始/外部数据/新增开放数据/第十六批实验_再生PU泡沫/原始文件/row data for _Sustainable insulating foams_3/SPUF_viscosity_RawData/SPUF00_viscosty.xlsx#Hoja1!A42:B42,282f63c66496cf613e1e5c6c1cf6264f0ed2926341bd3c4e829b446ddeb13561,CC BY 4.0,elorza-2021-recycled-pu-foam-data;elorza-2021-recycled-pu-foam-paper,时间序列点共享一个配方运行预算，不按点扩增独立样本。
第十六批实验_再生PU泡沫,viscosity:SPUF_0,recycled-pu:SPUF_0:viscosity:041,SPUF_0,component_A_slurry_SPUF_0,curve_point,component_A_plus_CDW_PU_foam_powder,polyol_side_mixture_before_isocyanate_addition,dynamic_viscosity,0.2382,Pa*s,,,elapsed_time,3.4,min,experimental,source_raw_workbook,raw_point,TA Instruments AR200ex rheometer; source time series,direct_experimental_process_property,conditional_reference,formulation_resolved_commercial_component_A_unresolved,rheometer_identified_shear_rate_and_temperature_unreported,0.25,False,,family_elorza_recycled_pu_foam,数据/原始/外部数据/新增开放数据/第十六批实验_再生PU泡沫/原始文件/row data for _Sustainable insulating foams_3/SPUF_viscosity_RawData/SPUF00_viscosty.xlsx#Hoja1!A43:B43,282f63c66496cf613e1e5c6c1cf6264f0ed2926341bd3c4e829b446ddeb13561,CC BY 4.0,elorza-2021-recycled-pu-foam-data;elorza-2021-recycled-pu-foam-paper,时间序列点共享一个配方运行预算，不按点扩增独立样本。
第十六批实验_再生PU泡沫,viscosity:SPUF_0,recycled-pu:SPUF_0:viscosity:042,SPUF_0,component_A_slurry_SPUF_0,curve_point,component_A_plus_CDW_PU_foam_powder,polyol_side_mixture_before_isocyanate_addition,dynamic_viscosity,0.2394,Pa*s,,,elapsed_time,3.5,min,experimental,source_raw_workbook,raw_point,TA Instruments AR200ex rheometer; source time series,direct_experimental_process_property,conditional_reference,formulation_resolved_commercial_component_A_unresolved,rheometer_identified_shear_rate_and_temperature_unreported,0.25,False,,family_elorza_recycled_pu_foam,数据/原始/外部数据/新增开放数据/第十六批实验_再生PU泡沫/原始文件/row data for _Sustainable insulating foams_3/SPUF_viscosity_RawData/SPUF00_viscosty.xlsx#Hoja1!A44:B44,282f63c66496cf613e1e5c6c1cf6264f0ed2926341bd3c4e829b446ddeb13561,CC BY 4.0,elorza-2021-recycled-pu-foam-data;elorza-2021-recycled-pu-foam-paper,时间序列点共享一个配方运行预算，不按点扩增独立样本。
第十六批实验_再生PU泡沫,viscosity:SPUF_0,recycled-pu:SPUF_0:viscosity:043,SPUF_0,component_A_slurry_SPUF_0,curve_point,component_A_plus_CDW_PU_foam_powder,polyol_side_mixture_before_isocyanate_addition,dynamic_viscosity,0.2381,Pa*s,,,elapsed_time,3.6,min,experimental,source_raw_workbook,raw_point,TA Instruments AR200ex rheometer; source time series,direct_experimental_process_property,conditional_reference,formulation_resolved_commercial_component_A_unresolved,rheometer_identified_shear_rate_and_temperature_unreported,0.25,False,,family_elorza_recycled_pu_foam,数据/原始/外部数据/新增开放数据/第十六批实验_再生PU泡沫/原始文件/row data for _Sustainable insulating foams_3/SPUF_viscosity_RawData/SPUF00_viscosty.xlsx#Hoja1!A45:B45,282f63c66496cf613e1e5c6c1cf6264f0ed2926341bd3c4e829b446ddeb13561,CC BY 4.0,elorza-2021-recycled-pu-foam-data;elorza-2021-recycled-pu-foam-paper,时间序列点共享一个配方运行预算，不按点扩增独立样本。
第十六批实验_再生PU泡沫,viscosity:SPUF_0,recycled-pu:SPUF_0:viscosity:044,SPUF_0,component_A_slurry_SPUF_0,curve_point,component_A_plus_CDW_PU_foam_powder,polyol_side_mixture_before_isocyanate_addition,dynamic_viscosity,0.2396,Pa*s,,,elapsed_time,3.7,min,experimental,source_raw_workbook,raw_point,TA Instruments AR200ex rheometer; source time series,direct_experimental_process_property,conditional_reference,formulation_resolved_commercial_component_A_unresolved,rheometer_identified_shear_rate_and_temperature_unreported,0.25,False,,family_elorza_recycled_pu_foam,数据/原始/外部数据/新增开放数据/第十六批实验_再生PU泡沫/原始文件/row data for _Sustainable insulating foams_3/SPUF_viscosity_RawData/SPUF00_viscosty.xlsx#Hoja1!A46:B46,282f63c66496cf613e1e5c6c1cf6264f0ed2926341bd3c4e829b446ddeb13561,CC BY 4.0,elorza-2021-recycled-pu-foam-data;elorza-2021-recycled-pu-foam-paper,时间序列点共享一个配方运行预算，不按点扩增独立样本。
第十六批实验_再生PU泡沫,viscosity:SPUF_0,recycled-pu:SPUF_0:viscosity:045,SPUF_0,component_A_slurry_SPUF_0,curve_point,component_A_plus_CDW_PU_foam_powder,polyol_side_mixture_before_isocyanate_addition,dynamic_viscosity,0.2417,Pa*s,,,elapsed_time,3.8,min,experimental,source_raw_workbook,raw_point,TA Instruments AR200ex rheometer; source time series,direct_experimental_process_property,conditional_reference,formulation_resolved_commercial_component_A_unresolved,rheometer_identified_shear_rate_and_temperature_unreported,0.25,False,,family_elorza_recycled_pu_foam,数据/原始/外部数据/新增开放数据/第十六批实验_再生PU泡沫/原始文件/row data for _Sustainable insulating foams_3/SPUF_viscosity_RawData/SPUF00_viscosty.xlsx#Hoja1!A47:B47,282f63c66496cf613e1e5c6c1cf6264f0ed2926341bd3c4e829b446ddeb13561,CC BY 4.0,elorza-2021-recycled-pu-foam-data;elorza-2021-recycled-pu-foam-paper,时间序列点共享一个配方运行预算，不按点扩增独立样本。
第十六批实验_再生PU泡沫,viscosity:SPUF_0,recycled-pu:SPUF_0:viscosity:046,SPUF_0,component_A_slurry_SPUF_0,curve_point,component_A_plus_CDW_PU_foam_powder,polyol_side_mixture_before_isocyanate_addition,dynamic_viscosity,0.2388,Pa*s,,,elapsed_time,3.8,min,experimental,source_raw_workbook,raw_point,TA Instruments AR200ex rheometer; source time series,direct_experimental_process_property,conditional_reference,formulation_resolved_commercial_component_A_unresolved,rheometer_identified_shear_rate_and_temperature_unreported,0.25,False,,family_elorza_recycled_pu_foam,数据/原始/外部数据/新增开放数据/第十六批实验_再生PU泡沫/原始文件/row data for _Sustainable insulating foams_3/SPUF_viscosity_RawData/SPUF00_viscosty.xlsx#Hoja1!A48:B48,282f63c66496cf613e1e5c6c1cf6264f0ed2926341bd3c4e829b446ddeb13561,CC BY 4.0,elorza-2021-recycled-pu-foam-data;elorza-2021-recycled-pu-foam-paper,时间序列点共享一个配方运行预算，不按点扩增独立样本。
第十六批实验_再生PU泡沫,viscosity:SPUF_0,recycled-pu:SPUF_0:viscosity:047,SPUF_0,component_A_slurry_SPUF_0,curve_point,component_A_plus_CDW_PU_foam_powder,polyol_side_mixture_before_isocyanate_addition,dynamic_viscosity,0.2407,Pa*s,,,elapsed_time,3.9,min,experimental,source_raw_workbook,raw_point,TA Instruments AR200ex rheometer; source time series,direct_experimental_process_property,conditional_reference,formulation_resolved_commercial_component_A_unresolved,rheometer_identified_shear_rate_and_temperature_unreported,0.25,False,,family_elorza_recycled_pu_foam,数据/原始/外部数据/新增开放数据/第十六批实验_再生PU泡沫/原始文件/row data for _Sustainable insulating foams_3/SPUF_viscosity_RawData/SPUF00_viscosty.xlsx#Hoja1!A49:B49,282f63c66496cf613e1e5c6c1cf6264f0ed2926341bd3c4e829b446ddeb13561,CC BY 4.0,elorza-2021-recycled-pu-foam-data;elorza-2021-recycled-pu-foam-paper,时间序列点共享一个配方运行预算，不按点扩增独立样本。
第十六批实验_再生PU泡沫,viscosity:SPUF_0,recycled-pu:SPUF_0:viscosity:048,SPUF_0,component_A_slurry_SPUF_0,curve_point,component_A_plus_CDW_PU_foam_powder,polyol_side_mixture_before_isocyanate_addition,dynamic_viscosity,0.2385,Pa*s,,,elapsed_time,4.0,min,experimental,source_raw_workbook,raw_point,TA Instruments AR200ex rheometer; source time series,direct_experimental_process_property,conditional_reference,formulation_resolved_commercial_component_A_unresolved,rheometer_identified_shear_rate_and_temperature_unreported,0.25,False,,family_elorza_recycled_pu_foam,数据/原始/外部数据/新增开放数据/第十六批实验_再生PU泡沫/原始文件/row data for _Sustainable insulating foams_3/SPUF_viscosity_RawData/SPUF00_viscosty.xlsx#Hoja1!A50:B50,282f63c66496cf613e1e5c6c1cf6264f0ed2926341bd3c4e829b446ddeb13561,CC BY 4.0,elorza-2021-recycled-pu-foam-data;elorza-2021-recycled-pu-foam-paper,时间序列点共享一个配方运行预算，不按点扩增独立样本。
第十六批实验_再生PU泡沫,viscosity:SPUF_0,recycled-pu:SPUF_0:viscosity:049,SPUF_0,component_A_slurry_SPUF_0,curve_point,component_A_plus_CDW_PU_foam_powder,polyol_side_mixture_before_isocyanate_addition,dynamic_viscosity,0.2375,Pa*s,,,elapsed_time,4.1,min,experimental,source_raw_workbook,raw_point,TA Instruments AR200ex rheometer; source time series,direct_experimental_process_property,conditional_reference,formulation_resolved_commercial_component_A_unresolved,rheometer_identified_shear_rate_and_temperature_unreported,0.25,False,,family_elorza_recycled_pu_foam,数据/原始/外部数据/新增开放数据/第十六批实验_再生PU泡沫/原始文件/row data for _Sustainable insulating foams_3/SPUF_viscosity_RawData/SPUF00_viscosty.xlsx#Hoja1!A51:B51,282f63c66496cf613e1e5c6c1cf6264f0ed2926341bd3c4e829b446ddeb13561,CC BY 4.0,elorza-2021-recycled-pu-foam-data;elorza-2021-recycled-pu-foam-paper,时间序列点共享一个配方运行预算，不按点扩增独立样本。
第十六批实验_再生PU泡沫,viscosity:SPUF_0,recycled-pu:SPUF_0:viscosity:050,SPUF_0,component_A_slurry_SPUF_0,curve_point,component_A_plus_CDW_PU_foam_powder,polyol_side_mixture_before_isocyanate_addition,dynamic_viscosity,0.2397,Pa*s,,,elapsed_time,4.2,min,experimental,source_raw_workbook,raw_point,TA Instruments AR200ex rheometer; source time series,direct_experimental_process_property,conditional_reference,formulation_resolved_commercial_component_A_unresolved,rheometer_identified_shear_rate_and_temperature_unreported,0.25,False,,family_elorza_recycled_pu_foam,数据/原始/外部数据/新增开放数据/第十六批实验_再生PU泡沫/原始文件/row data for _Sustainable insulating foams_3/SPUF_viscosity_RawData/SPUF00_viscosty.xlsx#Hoja1!A52:B52,282f63c66496cf613e1e5c6c1cf6264f0ed2926341bd3c4e829b446ddeb13561,CC BY 4.0,elorza-2021-recycled-pu-foam-data;elorza-2021-recycled-pu-foam-paper,时间序列点共享一个配方运行预算，不按点扩增独立样本。
第十六批实验_再生PU泡沫,viscosity:SPUF_0,recycled-pu:SPUF_0:viscosity:051,SPUF_0,component_A_slurry_SPUF_0,curve_point,component_A_plus_CDW_PU_foam_powder,polyol_side_mixture_before_isocyanate_addition,dynamic_viscosity,0.2403,Pa*s,,,elapsed_time,4.3,min,experimental,source_raw_workbook,raw_point,TA Instruments AR200ex rheometer; source time series,direct_experimental_process_property,conditional_reference,formulation_resolved_commercial_component_A_unresolved,rheometer_identified_shear_rate_and_temperature_unreported,0.25,False,,family_elorza_recycled_pu_foam,数据/原始/外部数据/新增开放数据/第十六批实验_再生PU泡沫/原始文件/row data for _Sustainable insulating foams_3/SPUF_viscosity_RawData/SPUF00_viscosty.xlsx#Hoja1!A53:B53,282f63c66496cf613e1e5c6c1cf6264f0ed2926341bd3c4e829b446ddeb13561,CC BY 4.0,elorza-2021-recycled-pu-foam-data;elorza-2021-recycled-pu-foam-paper,时间序列点共享一个配方运行预算，不按点扩增独立样本。
第十六批实验_再生PU泡沫,viscosity:SPUF_0,recycled-pu:SPUF_0:viscosity:052,SPUF_0,component_A_slurry_SPUF_0,curve_point,component_A_plus_CDW_PU_foam_powder,polyol_side_mixture_before_isocyanate_addition,dynamic_viscosity,0.2394,Pa*s,,,elapsed_time,4.3,min,experimental,source_raw_workbook,raw_point,TA Instruments AR200ex rheometer; source time series,direct_experimental_process_property,conditional_reference,formulation_resolved_commercial_component_A_unresolved,rheometer_identified_shear_rate_and_temperature_unreported,0.25,False,,family_elorza_recycled_pu_foam,数据/原始/外部数据/新增开放数据/第十六批实验_再生PU泡沫/原始文件/row data for _Sustainable insulating foams_3/SPUF_viscosity_RawData/SPUF00_viscosty.xlsx#Hoja1!A54:B54,282f63c66496cf613e1e5c6c1cf6264f0ed2926341bd3c4e829b446ddeb13561,CC BY 4.0,elorza-2021-recycled-pu-foam-data;elorza-2021-recycled-pu-foam-paper,时间序列点共享一个配方运行预算，不按点扩增独立样本。
第十六批实验_再生PU泡沫,viscosity:SPUF_0,recycled-pu:SPUF_0:viscosity:053,SPUF_0,component_A_slurry_SPUF_0,curve_point,component_A_plus_CDW_PU_foam_powder,polyol_side_mixture_before_isocyanate_addition,dynamic_viscosity,0.2372,Pa*s,,,elapsed_time,4.4,min,experimental,source_raw_workbook,raw_point,TA Instruments AR200ex rheometer; source time series,direct_experimental_process_property,conditional_reference,formulation_resolved_commercial_component_A_unresolved,rheometer_identified_shear_rate_and_temperature_unreported,0.25,False,,family_elorza_recycled_pu_foam,数据/原始/外部数据/新增开放数据/第十六批实验_再生PU泡沫/原始文件/row data for _Sustainable insulating foams_3/SPUF_viscosity_RawData/SPUF00_viscosty.xlsx#Hoja1!A55:B55,282f63c66496cf613e1e5c6c1cf6264f0ed2926341bd3c4e829b446ddeb13561,CC BY 4.0,elorza-2021-recycled-pu-foam-data;elorza-2021-recycled-pu-foam-paper,时间序列点共享一个配方运行预算，不按点扩增独立样本。
第十六批实验_再生PU泡沫,viscosity:SPUF_0,recycled-pu:SPUF_0:viscosity:054,SPUF_0,component_A_slurry_SPUF_0,curve_point,component_A_plus_CDW_PU_foam_powder,polyol_side_mixture_before_isocyanate_addition,dynamic_viscosity,0.2375,Pa*s,,,elapsed_time,4.5,min,experimental,source_raw_workbook,raw_point,TA Instruments AR200ex rheometer; source time series,direct_experimental_process_property,conditional_reference,formulation_resolved_commercial_component_A_unresolved,rheometer_identified_shear_rate_and_temperature_unreported,0.25,False,,family_elorza_recycled_pu_foam,数据/原始/外部数据/新增开放数据/第十六批实验_再生PU泡沫/原始文件/row data for _Sustainable insulating foams_3/SPUF_viscosity_RawData/SPUF00_viscosty.xlsx#Hoja1!A56:B56,282f63c66496cf613e1e5c6c1cf6264f0ed2926341bd3c4e829b446ddeb13561,CC BY 4.0,elorza-2021-recycled-pu-foam-data;elorza-2021-recycled-pu-foam-paper,时间序列点共享一个配方运行预算，不按点扩增独立样本。
第十六批实验_再生PU泡沫,viscosity:SPUF_0,recycled-pu:SPUF_0:viscosity:055,SPUF_0,component_A_slurry_SPUF_0,curve_point,component_A_plus_CDW_PU_foam_powder,polyol_side_mixture_before_isocyanate_addition,dynamic_viscosity,0.2321,Pa*s,,,elapsed_time,4.6,min,experimental,source_raw_workbook,raw_point,TA Instruments AR200ex rheometer; source time series,direct_experimental_process_property,conditional_reference,formulation_resolved_commercial_component_A_unresolved,rheometer_identified_shear_rate_and_temperature_unreported,0.25,False,,family_elorza_recycled_pu_foam,数据/原始/外部数据/新增开放数据/第十六批实验_再生PU泡沫/原始文件/row data for _Sustainable insulating foams_3/SPUF_viscosity_RawData/SPUF00_viscosty.xlsx#Hoja1!A57:B57,282f63c66496cf613e1e5c6c1cf6264f0ed2926341bd3c4e829b446ddeb13561,CC BY 4.0,elorza-2021-recycled-pu-foam-data;elorza-2021-recycled-pu-foam-paper,时间序列点共享一个配方运行预算，不按点扩增独立样本。
第十六批实验_再生PU泡沫,viscosity:SPUF_0,recycled-pu:SPUF_0:viscosity:056,SPUF_0,component_A_slurry_SPUF_0,curve_point,component_A_plus_CDW_PU_foam_powder,polyol_side_mixture_before_isocyanate_addition,dynamic_viscosity,0.2348,Pa*s,,,elapsed_time,4.7,min,experimental,source_raw_workbook,raw_point,TA Instruments AR200ex rheometer; source time series,direct_experimental_process_property,conditional_reference,formulation_resolved_commercial_component_A_unresolved,rheometer_identified_shear_rate_and_temperature_unreported,0.25,False,,family_elorza_recycled_pu_foam,数据/原始/外部数据/新增开放数据/第十六批实验_再生PU泡沫/原始文件/row data for _Sustainable insulating foams_3/SPUF_viscosity_RawData/SPUF00_viscosty.xlsx#Hoja1!A58:B58,282f63c66496cf613e1e5c6c1cf6264f0ed2926341bd3c4e829b446ddeb13561,CC BY 4.0,elorza-2021-recycled-pu-foam-data;elorza-2021-recycled-pu-foam-paper,时间序列点共享一个配方运行预算，不按点扩增独立样本。
第十六批实验_再生PU泡沫,viscosity:SPUF_0,recycled-pu:SPUF_0:viscosity:057,SPUF_0,component_A_slurry_SPUF_0,curve_point,component_A_plus_CDW_PU_foam_powder,polyol_side_mixture_before_isocyanate_addition,dynamic_viscosity,0.2341,Pa*s,,,elapsed_time,4.8,min,experimental,source_raw_workbook,raw_point,TA Instruments AR200ex rheometer; source time series,direct_experimental_process_property,conditional_reference,formulation_resolved_commercial_component_A_unresolved,rheometer_identified_shear_rate_and_temperature_unreported,0.25,False,,family_elorza_recycled_pu_foam,数据/原始/外部数据/新增开放数据/第十六批实验_再生PU泡沫/原始文件/row data for _Sustainable insulating foams_3/SPUF_viscosity_RawData/SPUF00_viscosty.xlsx#Hoja1!A59:B59,282f63c66496cf613e1e5c6c1cf6264f0ed2926341bd3c4e829b446ddeb13561,CC BY 4.0,elorza-2021-recycled-pu-foam-data;elorza-2021-recycled-pu-foam-paper,时间序列点共享一个配方运行预算，不按点扩增独立样本。
第十六批实验_再生PU泡沫,viscosity:SPUF_0,recycled-pu:SPUF_0:viscosity:058,SPUF_0,component_A_slurry_SPUF_0,curve_point,component_A_plus_CDW_PU_foam_powder,polyol_side_mixture_before_isocyanate_addition,dynamic_viscosity,0.2362,Pa*s,,,elapsed_time,4.8,min,experimental,source_raw_workbook,raw_point,TA Instruments AR200ex rheometer; source time series,direct_experimental_process_property,conditional_reference,formulation_resolved_commercial_component_A_unresolved,rheometer_identified_shear_rate_and_temperature_unreported,0.25,False,,family_elorza_recycled_pu_foam,数据/原始/外部数据/新增开放数据/第十六批实验_再生PU泡沫/原始文件/row data for _Sustainable insulating foams_3/SPUF_viscosity_RawData/SPUF00_viscosty.xlsx#Hoja1!A60:B60,282f63c66496cf613e1e5c6c1cf6264f0ed2926341bd3c4e829b446ddeb13561,CC BY 4.0,elorza-2021-recycled-pu-foam-data;elorza-2021-recycled-pu-foam-paper,时间序列点共享一个配方运行预算，不按点扩增独立样本。
第十六批实验_再生PU泡沫,viscosity:SPUF_0,recycled-pu:SPUF_0:viscosity:059,SPUF_0,component_A_slurry_SPUF_0,curve_point,component_A_plus_CDW_PU_foam_powder,polyol_side_mixture_before_isocyanate_addition,dynamic_viscosity,0.2343,Pa*s,,,elapsed_time,4.9,min,experimental,source_raw_workbook,raw_point,TA Instruments AR200ex rheometer; source time series,direct_experimental_process_property,conditional_reference,formulation_resolved_commercial_component_A_unresolved,rheometer_identified_shear_rate_and_temperature_unreported,0.25,False,,family_elorza_recycled_pu_foam,数据/原始/外部数据/新增开放数据/第十六批实验_再生PU泡沫/原始文件/row data for _Sustainable insulating foams_3/SPUF_viscosity_RawData/SPUF00_viscosty.xlsx#Hoja1!A61:B61,282f63c66496cf613e1e5c6c1cf6264f0ed2926341bd3c4e829b446ddeb13561,CC BY 4.0,elorza-2021-recycled-pu-foam-data;elorza-2021-recycled-pu-foam-paper,时间序列点共享一个配方运行预算，不按点扩增独立样本。
第十六批实验_再生PU泡沫,viscosity:SPUF_0,recycled-pu:SPUF_0:viscosity:060,SPUF_0,component_A_slurry_SPUF_0,curve_point,component_A_plus_CDW_PU_foam_powder,polyol_side_mixture_before_isocyanate_addition,dynamic_viscosity,0.2351,Pa*s,,,elapsed_time,5.0,min,experimental,source_raw_workbook,raw_point,TA Instruments AR200ex rheometer; source time series,direct_experimental_process_property,conditional_reference,formulation_resolved_commercial_component_A_unresolved,rheometer_identified_shear_rate_and_temperature_unreported,0.25,False,,family_elorza_recycled_pu_foam,数据/原始/外部数据/新增开放数据/第十六批实验_再生PU泡沫/原始文件/row data for _Sustainable insulating foams_3/SPUF_viscosity_RawData/SPUF00_viscosty.xlsx#Hoja1!A62:B62,282f63c66496cf613e1e5c6c1cf6264f0ed2926341bd3c4e829b446ddeb13561,CC BY 4.0,elorza-2021-recycled-pu-foam-data;elorza-2021-recycled-pu-foam-paper,时间序列点共享一个配方运行预算，不按点扩增独立样本。
第十六批实验_再生PU泡沫,viscosity:SPUF_1.5,recycled-pu:SPUF_1.5:viscosity:001,SPUF_1.5,component_A_slurry_SPUF_1.5,curve_point,component_A_plus_CDW_PU_foam_powder,polyol_side_mixture_before_isocyanate_addition,dynamic_viscosity,3.288,Pa*s,,,elapsed_time,0.1,min,experimental,source_raw_workbook,raw_point,TA Instruments AR200ex rheometer; source time series,direct_experimental_process_property,conditional_reference,formulation_resolved_commercial_component_A_unresolved,rheometer_identified_shear_rate_and_temperature_unreported,0.25,False,,family_elorza_recycled_pu_foam,数据/原始/外部数据/新增开放数据/第十六批实验_再生PU泡沫/原始文件/row data for _Sustainable insulating foams_3/SPUF_viscosity_RawData/SPUF15_viscosty.xlsx#Hoja1!A3:B3,233298b1188c3dd974305b97cf89be947e2c35d2d8d40638ab7b8799d12531f1,CC BY 4.0,elorza-2021-recycled-pu-foam-data;elorza-2021-recycled-pu-foam-paper,时间序列点共享一个配方运行预算，不按点扩增独立样本。
第十六批实验_再生PU泡沫,viscosity:SPUF_1.5,recycled-pu:SPUF_1.5:viscosity:002,SPUF_1.5,component_A_slurry_SPUF_1.5,curve_point,component_A_plus_CDW_PU_foam_powder,polyol_side_mixture_before_isocyanate_addition,dynamic_viscosity,3.124,Pa*s,,,elapsed_time,0.2,min,experimental,source_raw_workbook,raw_point,TA Instruments AR200ex rheometer; source time series,direct_experimental_process_property,conditional_reference,formulation_resolved_commercial_component_A_unresolved,rheometer_identified_shear_rate_and_temperature_unreported,0.25,False,,family_elorza_recycled_pu_foam,数据/原始/外部数据/新增开放数据/第十六批实验_再生PU泡沫/原始文件/row data for _Sustainable insulating foams_3/SPUF_viscosity_RawData/SPUF15_viscosty.xlsx#Hoja1!A4:B4,233298b1188c3dd974305b97cf89be947e2c35d2d8d40638ab7b8799d12531f1,CC BY 4.0,elorza-2021-recycled-pu-foam-data;elorza-2021-recycled-pu-foam-paper,时间序列点共享一个配方运行预算，不按点扩增独立样本。
第十六批实验_再生PU泡沫,viscosity:SPUF_1.5,recycled-pu:SPUF_1.5:viscosity:003,SPUF_1.5,component_A_slurry_SPUF_1.5,curve_point,component_A_plus_CDW_PU_foam_powder,polyol_side_mixture_before_isocyanate_addition,dynamic_viscosity,4.267,Pa*s,,,elapsed_time,0.3,min,experimental,source_raw_workbook,raw_point,TA Instruments AR200ex rheometer; source time series,direct_experimental_process_property,conditional_reference,formulation_resolved_commercial_component_A_unresolved,rheometer_identified_shear_rate_and_temperature_unreported,0.25,False,,family_elorza_recycled_pu_foam,数据/原始/外部数据/新增开放数据/第十六批实验_再生PU泡沫/原始文件/row data for _Sustainable insulating foams_3/SPUF_viscosity_RawData/SPUF15_viscosty.xlsx#Hoja1!A5:B5,233298b1188c3dd974305b97cf89be947e2c35d2d8d40638ab7b8799d12531f1,CC BY 4.0,elorza-2021-recycled-pu-foam-data;elorza-2021-recycled-pu-foam-paper,时间序列点共享一个配方运行预算，不按点扩增独立样本。
第十六批实验_再生PU泡沫,viscosity:SPUF_1.5,recycled-pu:SPUF_1.5:viscosity:004,SPUF_1.5,component_A_slurry_SPUF_1.5,curve_point,component_A_plus_CDW_PU_foam_powder,polyol_side_mixture_before_isocyanate_addition,dynamic_viscosity,6.043,Pa*s,,,elapsed_time,0.3,min,experimental,source_raw_workbook,raw_point,TA Instruments AR200ex rheometer; source time series,direct_experimental_process_property,conditional_reference,formulation_resolved_commercial_component_A_unresolved,rheometer_identified_shear_rate_and_temperature_unreported,0.25,False,,family_elorza_recycled_pu_foam,数据/原始/外部数据/新增开放数据/第十六批实验_再生PU泡沫/原始文件/row data for _Sustainable insulating foams_3/SPUF_viscosity_RawData/SPUF15_viscosty.xlsx#Hoja1!A6:B6,233298b1188c3dd974305b97cf89be947e2c35d2d8d40638ab7b8799d12531f1,CC BY 4.0,elorza-2021-recycled-pu-foam-data;elorza-2021-recycled-pu-foam-paper,时间序列点共享一个配方运行预算，不按点扩增独立样本。
第十六批实验_再生PU泡沫,viscosity:SPUF_1.5,recycled-pu:SPUF_1.5:viscosity:005,SPUF_1.5,component_A_slurry_SPUF_1.5,curve_point,component_A_plus_CDW_PU_foam_powder,polyol_side_mixture_before_isocyanate_addition,dynamic_viscosity,4.176,Pa*s,,,elapsed_time,0.4,min,experimental,source_raw_workbook,raw_point,TA Instruments AR200ex rheometer; source time series,direct_experimental_process_property,conditional_reference,formulation_resolved_commercial_component_A_unresolved,rheometer_identified_shear_rate_and_temperature_unreported,0.25,False,,family_elorza_recycled_pu_foam,数据/原始/外部数据/新增开放数据/第十六批实验_再生PU泡沫/原始文件/row data for _Sustainable insulating foams_3/SPUF_viscosity_RawData/SPUF15_viscosty.xlsx#Hoja1!A7:B7,233298b1188c3dd974305b97cf89be947e2c35d2d8d40638ab7b8799d12531f1,CC BY 4.0,elorza-2021-recycled-pu-foam-data;elorza-2021-recycled-pu-foam-paper,时间序列点共享一个配方运行预算，不按点扩增独立样本。
第十六批实验_再生PU泡沫,viscosity:SPUF_1.5,recycled-pu:SPUF_1.5:viscosity:006,SPUF_1.5,component_A_slurry_SPUF_1.5,curve_point,component_A_plus_CDW_PU_foam_powder,polyol_side_mixture_before_isocyanate_addition,dynamic_viscosity,3.552,Pa*s,,,elapsed_time,0.5,min,experimental,source_raw_workbook,raw_point,TA Instruments AR200ex rheometer; source time series,direct_experimental_process_property,conditional_reference,formulation_resolved_commercial_component_A_unresolved,rheometer_identified_shear_rate_and_temperature_unreported,0.25,False,,family_elorza_recycled_pu_foam,数据/原始/外部数据/新增开放数据/第十六批实验_再生PU泡沫/原始文件/row data for _Sustainable insulating foams_3/SPUF_viscosity_RawData/SPUF15_viscosty.xlsx#Hoja1!A8:B8,233298b1188c3dd974305b97cf89be947e2c35d2d8d40638ab7b8799d12531f1,CC BY 4.0,elorza-2021-recycled-pu-foam-data;elorza-2021-recycled-pu-foam-paper,时间序列点共享一个配方运行预算，不按点扩增独立样本。
第十六批实验_再生PU泡沫,viscosity:SPUF_1.5,recycled-pu:SPUF_1.5:viscosity:007,SPUF_1.5,component_A_slurry_SPUF_1.5,curve_point,component_A_plus_CDW_PU_foam_powder,polyol_side_mixture_before_isocyanate_addition,dynamic_viscosity,4.261,Pa*s,,,elapsed_time,0.6,min,experimental,source_raw_workbook,raw_point,TA Instruments AR200ex rheometer; source time series,direct_experimental_process_property,conditional_reference,formulation_resolved_commercial_component_A_unresolved,rheometer_identified_shear_rate_and_temperature_unreported,0.25,False,,family_elorza_recycled_pu_foam,数据/原始/外部数据/新增开放数据/第十六批实验_再生PU泡沫/原始文件/row data for _Sustainable insulating foams_3/SPUF_viscosity_RawData/SPUF15_viscosty.xlsx#Hoja1!A9:B9,233298b1188c3dd974305b97cf89be947e2c35d2d8d40638ab7b8799d12531f1,CC BY 4.0,elorza-2021-recycled-pu-foam-data;elorza-2021-recycled-pu-foam-paper,时间序列点共享一个配方运行预算，不按点扩增独立样本。
第十六批实验_再生PU泡沫,viscosity:SPUF_1.5,recycled-pu:SPUF_1.5:viscosity:008,SPUF_1.5,component_A_slurry_SPUF_1.5,curve_point,component_A_plus_CDW_PU_foam_powder,polyol_side_mixture_before_isocyanate_addition,dynamic_viscosity,3.546,Pa*s,,,elapsed_time,0.7,min,experimental,source_raw_workbook,raw_point,TA Instruments AR200ex rheometer; source time series,direct_experimental_process_property,conditional_reference,formulation_resolved_commercial_component_A_unresolved,rheometer_identified_shear_rate_and_temperature_unreported,0.25,False,,family_elorza_recycled_pu_foam,数据/原始/外部数据/新增开放数据/第十六批实验_再生PU泡沫/原始文件/row data for _Sustainable insulating foams_3/SPUF_viscosity_RawData/SPUF15_viscosty.xlsx#Hoja1!A10:B10,233298b1188c3dd974305b97cf89be947e2c35d2d8d40638ab7b8799d12531f1,CC BY 4.0,elorza-2021-recycled-pu-foam-data;elorza-2021-recycled-pu-foam-paper,时间序列点共享一个配方运行预算，不按点扩增独立样本。
第十六批实验_再生PU泡沫,viscosity:SPUF_1.5,recycled-pu:SPUF_1.5:viscosity:009,SPUF_1.5,component_A_slurry_SPUF_1.5,curve_point,component_A_plus_CDW_PU_foam_powder,polyol_side_mixture_before_isocyanate_addition,dynamic_viscosity,4.153,Pa*s,,,elapsed_time,0.8,min,experimental,source_raw_workbook,raw_point,TA Instruments AR200ex rheometer; source time series,direct_experimental_process_property,conditional_reference,formulation_resolved_commercial_component_A_unresolved,rheometer_identified_shear_rate_and_temperature_unreported,0.25,False,,family_elorza_recycled_pu_foam,数据/原始/外部数据/新增开放数据/第十六批实验_再生PU泡沫/原始文件/row data for _Sustainable insulating foams_3/SPUF_viscosity_RawData/SPUF15_viscosty.xlsx#Hoja1!A11:B11,233298b1188c3dd974305b97cf89be947e2c35d2d8d40638ab7b8799d12531f1,CC BY 4.0,elorza-2021-recycled-pu-foam-data;elorza-2021-recycled-pu-foam-paper,时间序列点共享一个配方运行预算，不按点扩增独立样本。
第十六批实验_再生PU泡沫,viscosity:SPUF_1.5,recycled-pu:SPUF_1.5:viscosity:010,SPUF_1.5,component_A_slurry_SPUF_1.5,curve_point,component_A_plus_CDW_PU_foam_powder,polyol_side_mixture_before_isocyanate_addition,dynamic_viscosity,3.251,Pa*s,,,elapsed_time,0.8,min,experimental,source_raw_workbook,raw_point,TA Instruments AR200ex rheometer; source time series,direct_experimental_process_property,conditional_reference,formulation_resolved_commercial_component_A_unresolved,rheometer_identified_shear_rate_and_temperature_unreported,0.25,False,,family_elorza_recycled_pu_foam,数据/原始/外部数据/新增开放数据/第十六批实验_再生PU泡沫/原始文件/row data for _Sustainable insulating foams_3/SPUF_viscosity_RawData/SPUF15_viscosty.xlsx#Hoja1!A12:B12,233298b1188c3dd974305b97cf89be947e2c35d2d8d40638ab7b8799d12531f1,CC BY 4.0,elorza-2021-recycled-pu-foam-data;elorza-2021-recycled-pu-foam-paper,时间序列点共享一个配方运行预算，不按点扩增独立样本。
第十六批实验_再生PU泡沫,viscosity:SPUF_1.5,recycled-pu:SPUF_1.5:viscosity:011,SPUF_1.5,component_A_slurry_SPUF_1.5,curve_point,component_A_plus_CDW_PU_foam_powder,polyol_side_mixture_before_isocyanate_addition,dynamic_viscosity,2.979,Pa*s,,,elapsed_time,0.9,min,experimental,source_raw_workbook,raw_point,TA Instruments AR200ex rheometer; source time series,direct_experimental_process_property,conditional_reference,formulation_resolved_commercial_component_A_unresolved,rheometer_identified_shear_rate_and_temperature_unreported,0.25,False,,family_elorza_recycled_pu_foam,数据/原始/外部数据/新增开放数据/第十六批实验_再生PU泡沫/原始文件/row data for _Sustainable insulating foams_3/SPUF_viscosity_RawData/SPUF15_viscosty.xlsx#Hoja1!A13:B13,233298b1188c3dd974305b97cf89be947e2c35d2d8d40638ab7b8799d12531f1,CC BY 4.0,elorza-2021-recycled-pu-foam-data;elorza-2021-recycled-pu-foam-paper,时间序列点共享一个配方运行预算，不按点扩增独立样本。
第十六批实验_再生PU泡沫,viscosity:SPUF_1.5,recycled-pu:SPUF_1.5:viscosity:012,SPUF_1.5,component_A_slurry_SPUF_1.5,curve_point,component_A_plus_CDW_PU_foam_powder,polyol_side_mixture_before_isocyanate_addition,dynamic_viscosity,3.072,Pa*s,,,elapsed_time,1.0,min,experimental,source_raw_workbook,raw_point,TA Instruments AR200ex rheometer; source time series,direct_experimental_process_property,conditional_reference,formulation_resolved_commercial_component_A_unresolved,rheometer_identified_shear_rate_and_temperature_unreported,0.25,False,,family_elorza_recycled_pu_foam,数据/原始/外部数据/新增开放数据/第十六批实验_再生PU泡沫/原始文件/row data for _Sustainable insulating foams_3/SPUF_viscosity_RawData/SPUF15_viscosty.xlsx#Hoja1!A14:B14,233298b1188c3dd974305b97cf89be947e2c35d2d8d40638ab7b8799d12531f1,CC BY 4.0,elorza-2021-recycled-pu-foam-data;elorza-2021-recycled-pu-foam-paper,时间序列点共享一个配方运行预算，不按点扩增独立样本。
第十六批实验_再生PU泡沫,viscosity:SPUF_1.5,recycled-pu:SPUF_1.5:viscosity:013,SPUF_1.5,component_A_slurry_SPUF_1.5,curve_point,component_A_plus_CDW_PU_foam_powder,polyol_side_mixture_before_isocyanate_addition,dynamic_viscosity,4.163,Pa*s,,,elapsed_time,1.1,min,experimental,source_raw_workbook,raw_point,TA Instruments AR200ex rheometer; source time series,direct_experimental_process_property,conditional_reference,formulation_resolved_commercial_component_A_unresolved,rheometer_identified_shear_rate_and_temperature_unreported,0.25,False,,family_elorza_recycled_pu_foam,数据/原始/外部数据/新增开放数据/第十六批实验_再生PU泡沫/原始文件/row data for _Sustainable insulating foams_3/SPUF_viscosity_RawData/SPUF15_viscosty.xlsx#Hoja1!A15:B15,233298b1188c3dd974305b97cf89be947e2c35d2d8d40638ab7b8799d12531f1,CC BY 4.0,elorza-2021-recycled-pu-foam-data;elorza-2021-recycled-pu-foam-paper,时间序列点共享一个配方运行预算，不按点扩增独立样本。
第十六批实验_再生PU泡沫,viscosity:SPUF_1.5,recycled-pu:SPUF_1.5:viscosity:014,SPUF_1.5,component_A_slurry_SPUF_1.5,curve_point,component_A_plus_CDW_PU_foam_powder,polyol_side_mixture_before_isocyanate_addition,dynamic_viscosity,3.526,Pa*s,,,elapsed_time,1.2,min,experimental,source_raw_workbook,raw_point,TA Instruments AR200ex rheometer; source time series,direct_experimental_process_property,conditional_reference,formulation_resolved_commercial_component_A_unresolved,rheometer_identified_shear_rate_and_temperature_unreported,0.25,False,,family_elorza_recycled_pu_foam,数据/原始/外部数据/新增开放数据/第十六批实验_再生PU泡沫/原始文件/row data for _Sustainable insulating foams_3/SPUF_viscosity_RawData/SPUF15_viscosty.xlsx#Hoja1!A16:B16,233298b1188c3dd974305b97cf89be947e2c35d2d8d40638ab7b8799d12531f1,CC BY 4.0,elorza-2021-recycled-pu-foam-data;elorza-2021-recycled-pu-foam-paper,时间序列点共享一个配方运行预算，不按点扩增独立样本。
第十六批实验_再生PU泡沫,viscosity:SPUF_1.5,recycled-pu:SPUF_1.5:viscosity:015,SPUF_1.5,component_A_slurry_SPUF_1.5,curve_point,component_A_plus_CDW_PU_foam_powder,polyol_side_mixture_before_isocyanate_addition,dynamic_viscosity,3.481,Pa*s,,,elapsed_time,1.3,min,experimental,source_raw_workbook,raw_point,TA Instruments AR200ex rheometer; source time series,direct_experimental_process_property,conditional_reference,formulation_resolved_commercial_component_A_unresolved,rheometer_identified_shear_rate_and_temperature_unreported,0.25,False,,family_elorza_recycled_pu_foam,数据/原始/外部数据/新增开放数据/第十六批实验_再生PU泡沫/原始文件/row data for _Sustainable insulating foams_3/SPUF_viscosity_RawData/SPUF15_viscosty.xlsx#Hoja1!A17:B17,233298b1188c3dd974305b97cf89be947e2c35d2d8d40638ab7b8799d12531f1,CC BY 4.0,elorza-2021-recycled-pu-foam-data;elorza-2021-recycled-pu-foam-paper,时间序列点共享一个配方运行预算，不按点扩增独立样本。
第十六批实验_再生PU泡沫,viscosity:SPUF_1.5,recycled-pu:SPUF_1.5:viscosity:016,SPUF_1.5,component_A_slurry_SPUF_1.5,curve_point,component_A_plus_CDW_PU_foam_powder,polyol_side_mixture_before_isocyanate_addition,dynamic_viscosity,3.099,Pa*s,,,elapsed_time,1.3,min,experimental,source_raw_workbook,raw_point,TA Instruments AR200ex rheometer; source time series,direct_experimental_process_property,conditional_reference,formulation_resolved_commercial_component_A_unresolved,rheometer_identified_shear_rate_and_temperature_unreported,0.25,False,,family_elorza_recycled_pu_foam,数据/原始/外部数据/新增开放数据/第十六批实验_再生PU泡沫/原始文件/row data for _Sustainable insulating foams_3/SPUF_viscosity_RawData/SPUF15_viscosty.xlsx#Hoja1!A18:B18,233298b1188c3dd974305b97cf89be947e2c35d2d8d40638ab7b8799d12531f1,CC BY 4.0,elorza-2021-recycled-pu-foam-data;elorza-2021-recycled-pu-foam-paper,时间序列点共享一个配方运行预算，不按点扩增独立样本。
第十六批实验_再生PU泡沫,viscosity:SPUF_1.5,recycled-pu:SPUF_1.5:viscosity:017,SPUF_1.5,component_A_slurry_SPUF_1.5,curve_point,component_A_plus_CDW_PU_foam_powder,polyol_side_mixture_before_isocyanate_addition,dynamic_viscosity,3.653,Pa*s,,,elapsed_time,1.4,min,experimental,source_raw_workbook,raw_point,TA Instruments AR200ex rheometer; source time series,direct_experimental_process_property,conditional_reference,formulation_resolved_commercial_component_A_unresolved,rheometer_identified_shear_rate_and_temperature_unreported,0.25,False,,family_elorza_recycled_pu_foam,数据/原始/外部数据/新增开放数据/第十六批实验_再生PU泡沫/原始文件/row data for _Sustainable insulating foams_3/SPUF_viscosity_RawData/SPUF15_viscosty.xlsx#Hoja1!A19:B19,233298b1188c3dd974305b97cf89be947e2c35d2d8d40638ab7b8799d12531f1,CC BY 4.0,elorza-2021-recycled-pu-foam-data;elorza-2021-recycled-pu-foam-paper,时间序列点共享一个配方运行预算，不按点扩增独立样本。
第十六批实验_再生PU泡沫,viscosity:SPUF_1.5,recycled-pu:SPUF_1.5:viscosity:018,SPUF_1.5,component_A_slurry_SPUF_1.5,curve_point,component_A_plus_CDW_PU_foam_powder,polyol_side_mixture_before_isocyanate_addition,dynamic_viscosity,3.173,Pa*s,,,elapsed_time,1.5,min,experimental,source_raw_workbook,raw_point,TA Instruments AR200ex rheometer; source time series,direct_experimental_process_property,conditional_reference,formulation_resolved_commercial_component_A_unresolved,rheometer_identified_shear_rate_and_temperature_unreported,0.25,False,,family_elorza_recycled_pu_foam,数据/原始/外部数据/新增开放数据/第十六批实验_再生PU泡沫/原始文件/row data for _Sustainable insulating foams_3/SPUF_viscosity_RawData/SPUF15_viscosty.xlsx#Hoja1!A20:B20,233298b1188c3dd974305b97cf89be947e2c35d2d8d40638ab7b8799d12531f1,CC BY 4.0,elorza-2021-recycled-pu-foam-data;elorza-2021-recycled-pu-foam-paper,时间序列点共享一个配方运行预算，不按点扩增独立样本。
第十六批实验_再生PU泡沫,viscosity:SPUF_1.5,recycled-pu:SPUF_1.5:viscosity:019,SPUF_1.5,component_A_slurry_SPUF_1.5,curve_point,component_A_plus_CDW_PU_foam_powder,polyol_side_mixture_before_isocyanate_addition,dynamic_viscosity,3.473,Pa*s,,,elapsed_time,1.6,min,experimental,source_raw_workbook,raw_point,TA Instruments AR200ex rheometer; source time series,direct_experimental_process_property,conditional_reference,formulation_resolved_commercial_component_A_unresolved,rheometer_identified_shear_rate_and_temperature_unreported,0.25,False,,family_elorza_recycled_pu_foam,数据/原始/外部数据/新增开放数据/第十六批实验_再生PU泡沫/原始文件/row data for _Sustainable insulating foams_3/SPUF_viscosity_RawData/SPUF15_viscosty.xlsx#Hoja1!A21:B21,233298b1188c3dd974305b97cf89be947e2c35d2d8d40638ab7b8799d12531f1,CC BY 4.0,elorza-2021-recycled-pu-foam-data;elorza-2021-recycled-pu-foam-paper,时间序列点共享一个配方运行预算，不按点扩增独立样本。
第十六批实验_再生PU泡沫,viscosity:SPUF_1.5,recycled-pu:SPUF_1.5:viscosity:020,SPUF_1.5,component_A_slurry_SPUF_1.5,curve_point,component_A_plus_CDW_PU_foam_powder,polyol_side_mixture_before_isocyanate_addition,dynamic_viscosity,5.97,Pa*s,,,elapsed_time,1.7,min,experimental,source_raw_workbook,raw_point,TA Instruments AR200ex rheometer; source time series,direct_experimental_process_property,conditional_reference,formulation_resolved_commercial_component_A_unresolved,rheometer_identified_shear_rate_and_temperature_unreported,0.25,False,,family_elorza_recycled_pu_foam,数据/原始/外部数据/新增开放数据/第十六批实验_再生PU泡沫/原始文件/row data for _Sustainable insulating foams_3/SPUF_viscosity_RawData/SPUF15_viscosty.xlsx#Hoja1!A22:B22,233298b1188c3dd974305b97cf89be947e2c35d2d8d40638ab7b8799d12531f1,CC BY 4.0,elorza-2021-recycled-pu-foam-data;elorza-2021-recycled-pu-foam-paper,时间序列点共享一个配方运行预算，不按点扩增独立样本。
第十六批实验_再生PU泡沫,viscosity:SPUF_1.5,recycled-pu:SPUF_1.5:viscosity:021,SPUF_1.5,component_A_slurry_SPUF_1.5,curve_point,component_A_plus_CDW_PU_foam_powder,polyol_side_mixture_before_isocyanate_addition,dynamic_viscosity,4.207,Pa*s,,,elapsed_time,1.8,min,experimental,source_raw_workbook,raw_point,TA Instruments AR200ex rheometer; source time series,direct_experimental_process_property,conditional_reference,formulation_resolved_commercial_component_A_unresolved,rheometer_identified_shear_rate_and_temperature_unreported,0.25,False,,family_elorza_recycled_pu_foam,数据/原始/外部数据/新增开放数据/第十六批实验_再生PU泡沫/原始文件/row data for _Sustainable insulating foams_3/SPUF_viscosity_RawData/SPUF15_viscosty.xlsx#Hoja1!A23:B23,233298b1188c3dd974305b97cf89be947e2c35d2d8d40638ab7b8799d12531f1,CC BY 4.0,elorza-2021-recycled-pu-foam-data;elorza-2021-recycled-pu-foam-paper,时间序列点共享一个配方运行预算，不按点扩增独立样本。
第十六批实验_再生PU泡沫,viscosity:SPUF_1.5,recycled-pu:SPUF_1.5:viscosity:022,SPUF_1.5,component_A_slurry_SPUF_1.5,curve_point,component_A_plus_CDW_PU_foam_powder,polyol_side_mixture_before_isocyanate_addition,dynamic_viscosity,4.538,Pa*s,,,elapsed_time,1.8,min,experimental,source_raw_workbook,raw_point,TA Instruments AR200ex rheometer; source time series,direct_experimental_process_property,conditional_reference,formulation_resolved_commercial_component_A_unresolved,rheometer_identified_shear_rate_and_temperature_unreported,0.25,False,,family_elorza_recycled_pu_foam,数据/原始/外部数据/新增开放数据/第十六批实验_再生PU泡沫/原始文件/row data for _Sustainable insulating foams_3/SPUF_viscosity_RawData/SPUF15_viscosty.xlsx#Hoja1!A24:B24,233298b1188c3dd974305b97cf89be947e2c35d2d8d40638ab7b8799d12531f1,CC BY 4.0,elorza-2021-recycled-pu-foam-data;elorza-2021-recycled-pu-foam-paper,时间序列点共享一个配方运行预算，不按点扩增独立样本。
第十六批实验_再生PU泡沫,viscosity:SPUF_1.5,recycled-pu:SPUF_1.5:viscosity:023,SPUF_1.5,component_A_slurry_SPUF_1.5,curve_point,component_A_plus_CDW_PU_foam_powder,polyol_side_mixture_before_isocyanate_addition,dynamic_viscosity,3.971,Pa*s,,,elapsed_time,1.9,min,experimental,source_raw_workbook,raw_point,TA Instruments AR200ex rheometer; source time series,direct_experimental_process_property,conditional_reference,formulation_resolved_commercial_component_A_unresolved,rheometer_identified_shear_rate_and_temperature_unreported,0.25,False,,family_elorza_recycled_pu_foam,数据/原始/外部数据/新增开放数据/第十六批实验_再生PU泡沫/原始文件/row data for _Sustainable insulating foams_3/SPUF_viscosity_RawData/SPUF15_viscosty.xlsx#Hoja1!A25:B25,233298b1188c3dd974305b97cf89be947e2c35d2d8d40638ab7b8799d12531f1,CC BY 4.0,elorza-2021-recycled-pu-foam-data;elorza-2021-recycled-pu-foam-paper,时间序列点共享一个配方运行预算，不按点扩增独立样本。
第十六批实验_再生PU泡沫,viscosity:SPUF_1.5,recycled-pu:SPUF_1.5:viscosity:024,SPUF_1.5,component_A_slurry_SPUF_1.5,curve_point,component_A_plus_CDW_PU_foam_powder,polyol_side_mixture_before_isocyanate_addition,dynamic_viscosity,4.131,Pa*s,,,elapsed_time,2.0,min,experimental,source_raw_workbook,raw_point,TA Instruments AR200ex rheometer; source time series,direct_experimental_process_property,conditional_reference,formulation_resolved_commercial_component_A_unresolved,rheometer_identified_shear_rate_and_temperature_unreported,0.25,False,,family_elorza_recycled_pu_foam,数据/原始/外部数据/新增开放数据/第十六批实验_再生PU泡沫/原始文件/row data for _Sustainable insulating foams_3/SPUF_viscosity_RawData/SPUF15_viscosty.xlsx#Hoja1!A26:B26,233298b1188c3dd974305b97cf89be947e2c35d2d8d40638ab7b8799d12531f1,CC BY 4.0,elorza-2021-recycled-pu-foam-data;elorza-2021-recycled-pu-foam-paper,时间序列点共享一个配方运行预算，不按点扩增独立样本。
第十六批实验_再生PU泡沫,viscosity:SPUF_1.5,recycled-pu:SPUF_1.5:viscosity:025,SPUF_1.5,component_A_slurry_SPUF_1.5,curve_point,component_A_plus_CDW_PU_foam_powder,polyol_side_mixture_before_isocyanate_addition,dynamic_viscosity,4.792,Pa*s,,,elapsed_time,2.1,min,experimental,source_raw_workbook,raw_point,TA Instruments AR200ex rheometer; source time series,direct_experimental_process_property,conditional_reference,formulation_resolved_commercial_component_A_unresolved,rheometer_identified_shear_rate_and_temperature_unreported,0.25,False,,family_elorza_recycled_pu_foam,数据/原始/外部数据/新增开放数据/第十六批实验_再生PU泡沫/原始文件/row data for _Sustainable insulating foams_3/SPUF_viscosity_RawData/SPUF15_viscosty.xlsx#Hoja1!A27:B27,233298b1188c3dd974305b97cf89be947e2c35d2d8d40638ab7b8799d12531f1,CC BY 4.0,elorza-2021-recycled-pu-foam-data;elorza-2021-recycled-pu-foam-paper,时间序列点共享一个配方运行预算，不按点扩增独立样本。
第十六批实验_再生PU泡沫,viscosity:SPUF_1.5,recycled-pu:SPUF_1.5:viscosity:026,SPUF_1.5,component_A_slurry_SPUF_1.5,curve_point,component_A_plus_CDW_PU_foam_powder,polyol_side_mixture_before_isocyanate_addition,dynamic_viscosity,3.173,Pa*s,,,elapsed_time,2.2,min,experimental,source_raw_workbook,raw_point,TA Instruments AR200ex rheometer; source time series,direct_experimental_process_property,conditional_reference,formulation_resolved_commercial_component_A_unresolved,rheometer_identified_shear_rate_and_temperature_unreported,0.25,False,,family_elorza_recycled_pu_foam,数据/原始/外部数据/新增开放数据/第十六批实验_再生PU泡沫/原始文件/row data for _Sustainable insulating foams_3/SPUF_viscosity_RawData/SPUF15_viscosty.xlsx#Hoja1!A28:B28,233298b1188c3dd974305b97cf89be947e2c35d2d8d40638ab7b8799d12531f1,CC BY 4.0,elorza-2021-recycled-pu-foam-data;elorza-2021-recycled-pu-foam-paper,时间序列点共享一个配方运行预算，不按点扩增独立样本。
第十六批实验_再生PU泡沫,viscosity:SPUF_1.5,recycled-pu:SPUF_1.5:viscosity:027,SPUF_1.5,component_A_slurry_SPUF_1.5,curve_point,component_A_plus_CDW_PU_foam_powder,polyol_side_mixture_before_isocyanate_addition,dynamic_viscosity,3.877,Pa*s,,,elapsed_time,2.3,min,experimental,source_raw_workbook,raw_point,TA Instruments AR200ex rheometer; source time series,direct_experimental_process_property,conditional_reference,formulation_resolved_commercial_component_A_unresolved,rheometer_identified_shear_rate_and_temperature_unreported,0.25,False,,family_elorza_recycled_pu_foam,数据/原始/外部数据/新增开放数据/第十六批实验_再生PU泡沫/原始文件/row data for _Sustainable insulating foams_3/SPUF_viscosity_RawData/SPUF15_viscosty.xlsx#Hoja1!A29:B29,233298b1188c3dd974305b97cf89be947e2c35d2d8d40638ab7b8799d12531f1,CC BY 4.0,elorza-2021-recycled-pu-foam-data;elorza-2021-recycled-pu-foam-paper,时间序列点共享一个配方运行预算，不按点扩增独立样本。
第十六批实验_再生PU泡沫,viscosity:SPUF_1.5,recycled-pu:SPUF_1.5:viscosity:028,SPUF_1.5,component_A_slurry_SPUF_1.5,curve_point,component_A_plus_CDW_PU_foam_powder,polyol_side_mixture_before_isocyanate_addition,dynamic_viscosity,4.09,Pa*s,,,elapsed_time,2.3,min,experimental,source_raw_workbook,raw_point,TA Instruments AR200ex rheometer; source time series,direct_experimental_process_property,conditional_reference,formulation_resolved_commercial_component_A_unresolved,rheometer_identified_shear_rate_and_temperature_unreported,0.25,False,,family_elorza_recycled_pu_foam,数据/原始/外部数据/新增开放数据/第十六批实验_再生PU泡沫/原始文件/row data for _Sustainable insulating foams_3/SPUF_viscosity_RawData/SPUF15_viscosty.xlsx#Hoja1!A30:B30,233298b1188c3dd974305b97cf89be947e2c35d2d8d40638ab7b8799d12531f1,CC BY 4.0,elorza-2021-recycled-pu-foam-data;elorza-2021-recycled-pu-foam-paper,时间序列点共享一个配方运行预算，不按点扩增独立样本。
第十六批实验_再生PU泡沫,viscosity:SPUF_1.5,recycled-pu:SPUF_1.5:viscosity:029,SPUF_1.5,component_A_slurry_SPUF_1.5,curve_point,component_A_plus_CDW_PU_foam_powder,polyol_side_mixture_before_isocyanate_addition,dynamic_viscosity,3.817,Pa*s,,,elapsed_time,2.4,min,experimental,source_raw_workbook,raw_point,TA Instruments AR200ex rheometer; source time series,direct_experimental_process_property,conditional_reference,formulation_resolved_commercial_component_A_unresolved,rheometer_identified_shear_rate_and_temperature_unreported,0.25,False,,family_elorza_recycled_pu_foam,数据/原始/外部数据/新增开放数据/第十六批实验_再生PU泡沫/原始文件/row data for _Sustainable insulating foams_3/SPUF_viscosity_RawData/SPUF15_viscosty.xlsx#Hoja1!A31:B31,233298b1188c3dd974305b97cf89be947e2c35d2d8d40638ab7b8799d12531f1,CC BY 4.0,elorza-2021-recycled-pu-foam-data;elorza-2021-recycled-pu-foam-paper,时间序列点共享一个配方运行预算，不按点扩增独立样本。
第十六批实验_再生PU泡沫,viscosity:SPUF_1.5,recycled-pu:SPUF_1.5:viscosity:030,SPUF_1.5,component_A_slurry_SPUF_1.5,curve_point,component_A_plus_CDW_PU_foam_powder,polyol_side_mixture_before_isocyanate_addition,dynamic_viscosity,5.07,Pa*s,,,elapsed_time,2.5,min,experimental,source_raw_workbook,raw_point,TA Instruments AR200ex rheometer; source time series,direct_experimental_process_property,conditional_reference,formulation_resolved_commercial_component_A_unresolved,rheometer_identified_shear_rate_and_temperature_unreported,0.25,False,,family_elorza_recycled_pu_foam,数据/原始/外部数据/新增开放数据/第十六批实验_再生PU泡沫/原始文件/row data for _Sustainable insulating foams_3/SPUF_viscosity_RawData/SPUF15_viscosty.xlsx#Hoja1!A32:B32,233298b1188c3dd974305b97cf89be947e2c35d2d8d40638ab7b8799d12531f1,CC BY 4.0,elorza-2021-recycled-pu-foam-data;elorza-2021-recycled-pu-foam-paper,时间序列点共享一个配方运行预算，不按点扩增独立样本。
第十六批实验_再生PU泡沫,viscosity:SPUF_1.5,recycled-pu:SPUF_1.5:viscosity:031,SPUF_1.5,component_A_slurry_SPUF_1.5,curve_point,component_A_plus_CDW_PU_foam_powder,polyol_side_mixture_before_isocyanate_addition,dynamic_viscosity,3.313,Pa*s,,,elapsed_time,2.6,min,experimental,source_raw_workbook,raw_point,TA Instruments AR200ex rheometer; source time series,direct_experimental_process_property,conditional_reference,formulation_resolved_commercial_component_A_unresolved,rheometer_identified_shear_rate_and_temperature_unreported,0.25,False,,family_elorza_recycled_pu_foam,数据/原始/外部数据/新增开放数据/第十六批实验_再生PU泡沫/原始文件/row data for _Sustainable insulating foams_3/SPUF_viscosity_RawData/SPUF15_viscosty.xlsx#Hoja1!A33:B33,233298b1188c3dd974305b97cf89be947e2c35d2d8d40638ab7b8799d12531f1,CC BY 4.0,elorza-2021-recycled-pu-foam-data;elorza-2021-recycled-pu-foam-paper,时间序列点共享一个配方运行预算，不按点扩增独立样本。
第十六批实验_再生PU泡沫,viscosity:SPUF_1.5,recycled-pu:SPUF_1.5:viscosity:032,SPUF_1.5,component_A_slurry_SPUF_1.5,curve_point,component_A_plus_CDW_PU_foam_powder,polyol_side_mixture_before_isocyanate_addition,dynamic_viscosity,3.498,Pa*s,,,elapsed_time,2.7,min,experimental,source_raw_workbook,raw_point,TA Instruments AR200ex rheometer; source time series,direct_experimental_process_property,conditional_reference,formulation_resolved_commercial_component_A_unresolved,rheometer_identified_shear_rate_and_temperature_unreported,0.25,False,,family_elorza_recycled_pu_foam,数据/原始/外部数据/新增开放数据/第十六批实验_再生PU泡沫/原始文件/row data for _Sustainable insulating foams_3/SPUF_viscosity_RawData/SPUF15_viscosty.xlsx#Hoja1!A34:B34,233298b1188c3dd974305b97cf89be947e2c35d2d8d40638ab7b8799d12531f1,CC BY 4.0,elorza-2021-recycled-pu-foam-data;elorza-2021-recycled-pu-foam-paper,时间序列点共享一个配方运行预算，不按点扩增独立样本。
第十六批实验_再生PU泡沫,viscosity:SPUF_1.5,recycled-pu:SPUF_1.5:viscosity:033,SPUF_1.5,component_A_slurry_SPUF_1.5,curve_point,component_A_plus_CDW_PU_foam_powder,polyol_side_mixture_before_isocyanate_addition,dynamic_viscosity,3.963,Pa*s,,,elapsed_time,2.8,min,experimental,source_raw_workbook,raw_point,TA Instruments AR200ex rheometer; source time series,direct_experimental_process_property,conditional_reference,formulation_resolved_commercial_component_A_unresolved,rheometer_identified_shear_rate_and_temperature_unreported,0.25,False,,family_elorza_recycled_pu_foam,数据/原始/外部数据/新增开放数据/第十六批实验_再生PU泡沫/原始文件/row data for _Sustainable insulating foams_3/SPUF_viscosity_RawData/SPUF15_viscosty.xlsx#Hoja1!A35:B35,233298b1188c3dd974305b97cf89be947e2c35d2d8d40638ab7b8799d12531f1,CC BY 4.0,elorza-2021-recycled-pu-foam-data;elorza-2021-recycled-pu-foam-paper,时间序列点共享一个配方运行预算，不按点扩增独立样本。
第十六批实验_再生PU泡沫,viscosity:SPUF_1.5,recycled-pu:SPUF_1.5:viscosity:034,SPUF_1.5,component_A_slurry_SPUF_1.5,curve_point,component_A_plus_CDW_PU_foam_powder,polyol_side_mixture_before_isocyanate_addition,dynamic_viscosity,3.805,Pa*s,,,elapsed_time,2.8,min,experimental,source_raw_workbook,raw_point,TA Instruments AR200ex rheometer; source time series,direct_experimental_process_property,conditional_reference,formulation_resolved_commercial_component_A_unresolved,rheometer_identified_shear_rate_and_temperature_unreported,0.25,False,,family_elorza_recycled_pu_foam,数据/原始/外部数据/新增开放数据/第十六批实验_再生PU泡沫/原始文件/row data for _Sustainable insulating foams_3/SPUF_viscosity_RawData/SPUF15_viscosty.xlsx#Hoja1!A36:B36,233298b1188c3dd974305b97cf89be947e2c35d2d8d40638ab7b8799d12531f1,CC BY 4.0,elorza-2021-recycled-pu-foam-data;elorza-2021-recycled-pu-foam-paper,时间序列点共享一个配方运行预算，不按点扩增独立样本。
第十六批实验_再生PU泡沫,viscosity:SPUF_1.5,recycled-pu:SPUF_1.5:viscosity:035,SPUF_1.5,component_A_slurry_SPUF_1.5,curve_point,component_A_plus_CDW_PU_foam_powder,polyol_side_mixture_before_isocyanate_addition,dynamic_viscosity,3.531,Pa*s,,,elapsed_time,2.9,min,experimental,source_raw_workbook,raw_point,TA Instruments AR200ex rheometer; source time series,direct_experimental_process_property,conditional_reference,formulation_resolved_commercial_component_A_unresolved,rheometer_identified_shear_rate_and_temperature_unreported,0.25,False,,family_elorza_recycled_pu_foam,数据/原始/外部数据/新增开放数据/第十六批实验_再生PU泡沫/原始文件/row data for _Sustainable insulating foams_3/SPUF_viscosity_RawData/SPUF15_viscosty.xlsx#Hoja1!A37:B37,233298b1188c3dd974305b97cf89be947e2c35d2d8d40638ab7b8799d12531f1,CC BY 4.0,elorza-2021-recycled-pu-foam-data;elorza-2021-recycled-pu-foam-paper,时间序列点共享一个配方运行预算，不按点扩增独立样本。
第十六批实验_再生PU泡沫,viscosity:SPUF_1.5,recycled-pu:SPUF_1.5:viscosity:036,SPUF_1.5,component_A_slurry_SPUF_1.5,curve_point,component_A_plus_CDW_PU_foam_powder,polyol_side_mixture_before_isocyanate_addition,dynamic_viscosity,3.904,Pa*s,,,elapsed_time,3.0,min,experimental,source_raw_workbook,raw_point,TA Instruments AR200ex rheometer; source time series,direct_experimental_process_property,conditional_reference,formulation_resolved_commercial_component_A_unresolved,rheometer_identified_shear_rate_and_temperature_unreported,0.25,False,,family_elorza_recycled_pu_foam,数据/原始/外部数据/新增开放数据/第十六批实验_再生PU泡沫/原始文件/row data for _Sustainable insulating foams_3/SPUF_viscosity_RawData/SPUF15_viscosty.xlsx#Hoja1!A38:B38,233298b1188c3dd974305b97cf89be947e2c35d2d8d40638ab7b8799d12531f1,CC BY 4.0,elorza-2021-recycled-pu-foam-data;elorza-2021-recycled-pu-foam-paper,时间序列点共享一个配方运行预算，不按点扩增独立样本。
第十六批实验_再生PU泡沫,viscosity:SPUF_1.5,recycled-pu:SPUF_1.5:viscosity:037,SPUF_1.5,component_A_slurry_SPUF_1.5,curve_point,component_A_plus_CDW_PU_foam_powder,polyol_side_mixture_before_isocyanate_addition,dynamic_viscosity,3.222,Pa*s,,,elapsed_time,3.1,min,experimental,source_raw_workbook,raw_point,TA Instruments AR200ex rheometer; source time series,direct_experimental_process_property,conditional_reference,formulation_resolved_commercial_component_A_unresolved,rheometer_identified_shear_rate_and_temperature_unreported,0.25,False,,family_elorza_recycled_pu_foam,数据/原始/外部数据/新增开放数据/第十六批实验_再生PU泡沫/原始文件/row data for _Sustainable insulating foams_3/SPUF_viscosity_RawData/SPUF15_viscosty.xlsx#Hoja1!A39:B39,233298b1188c3dd974305b97cf89be947e2c35d2d8d40638ab7b8799d12531f1,CC BY 4.0,elorza-2021-recycled-pu-foam-data;elorza-2021-recycled-pu-foam-paper,时间序列点共享一个配方运行预算，不按点扩增独立样本。
第十六批实验_再生PU泡沫,viscosity:SPUF_1.5,recycled-pu:SPUF_1.5:viscosity:038,SPUF_1.5,component_A_slurry_SPUF_1.5,curve_point,component_A_plus_CDW_PU_foam_powder,polyol_side_mixture_before_isocyanate_addition,dynamic_viscosity,5.809,Pa*s,,,elapsed_time,3.2,min,experimental,source_raw_workbook,raw_point,TA Instruments AR200ex rheometer; source time series,direct_experimental_process_property,conditional_reference,formulation_resolved_commercial_component_A_unresolved,rheometer_identified_shear_rate_and_temperature_unreported,0.25,False,,family_elorza_recycled_pu_foam,数据/原始/外部数据/新增开放数据/第十六批实验_再生PU泡沫/原始文件/row data for _Sustainable insulating foams_3/SPUF_viscosity_RawData/SPUF15_viscosty.xlsx#Hoja1!A40:B40,233298b1188c3dd974305b97cf89be947e2c35d2d8d40638ab7b8799d12531f1,CC BY 4.0,elorza-2021-recycled-pu-foam-data;elorza-2021-recycled-pu-foam-paper,时间序列点共享一个配方运行预算，不按点扩增独立样本。
第十六批实验_再生PU泡沫,viscosity:SPUF_1.5,recycled-pu:SPUF_1.5:viscosity:039,SPUF_1.5,component_A_slurry_SPUF_1.5,curve_point,component_A_plus_CDW_PU_foam_powder,polyol_side_mixture_before_isocyanate_addition,dynamic_viscosity,5.233,Pa*s,,,elapsed_time,3.3,min,experimental,source_raw_workbook,raw_point,TA Instruments AR200ex rheometer; source time series,direct_experimental_process_property,conditional_reference,formulation_resolved_commercial_component_A_unresolved,rheometer_identified_shear_rate_and_temperature_unreported,0.25,False,,family_elorza_recycled_pu_foam,数据/原始/外部数据/新增开放数据/第十六批实验_再生PU泡沫/原始文件/row data for _Sustainable insulating foams_3/SPUF_viscosity_RawData/SPUF15_viscosty.xlsx#Hoja1!A41:B41,233298b1188c3dd974305b97cf89be947e2c35d2d8d40638ab7b8799d12531f1,CC BY 4.0,elorza-2021-recycled-pu-foam-data;elorza-2021-recycled-pu-foam-paper,时间序列点共享一个配方运行预算，不按点扩增独立样本。
第十六批实验_再生PU泡沫,viscosity:SPUF_1.5,recycled-pu:SPUF_1.5:viscosity:040,SPUF_1.5,component_A_slurry_SPUF_1.5,curve_point,component_A_plus_CDW_PU_foam_powder,polyol_side_mixture_before_isocyanate_addition,dynamic_viscosity,3.573,Pa*s,,,elapsed_time,3.3,min,experimental,source_raw_workbook,raw_point,TA Instruments AR200ex rheometer; source time series,direct_experimental_process_property,conditional_reference,formulation_resolved_commercial_component_A_unresolved,rheometer_identified_shear_rate_and_temperature_unreported,0.25,False,,family_elorza_recycled_pu_foam,数据/原始/外部数据/新增开放数据/第十六批实验_再生PU泡沫/原始文件/row data for _Sustainable insulating foams_3/SPUF_viscosity_RawData/SPUF15_viscosty.xlsx#Hoja1!A42:B42,233298b1188c3dd974305b97cf89be947e2c35d2d8d40638ab7b8799d12531f1,CC BY 4.0,elorza-2021-recycled-pu-foam-data;elorza-2021-recycled-pu-foam-paper,时间序列点共享一个配方运行预算，不按点扩增独立样本。
第十六批实验_再生PU泡沫,viscosity:SPUF_1.5,recycled-pu:SPUF_1.5:viscosity:041,SPUF_1.5,component_A_slurry_SPUF_1.5,curve_point,component_A_plus_CDW_PU_foam_powder,polyol_side_mixture_before_isocyanate_addition,dynamic_viscosity,5.569,Pa*s,,,elapsed_time,3.4,min,experimental,source_raw_workbook,raw_point,TA Instruments AR200ex rheometer; source time series,direct_experimental_process_property,conditional_reference,formulation_resolved_commercial_component_A_unresolved,rheometer_identified_shear_rate_and_temperature_unreported,0.25,False,,family_elorza_recycled_pu_foam,数据/原始/外部数据/新增开放数据/第十六批实验_再生PU泡沫/原始文件/row data for _Sustainable insulating foams_3/SPUF_viscosity_RawData/SPUF15_viscosty.xlsx#Hoja1!A43:B43,233298b1188c3dd974305b97cf89be947e2c35d2d8d40638ab7b8799d12531f1,CC BY 4.0,elorza-2021-recycled-pu-foam-data;elorza-2021-recycled-pu-foam-paper,时间序列点共享一个配方运行预算，不按点扩增独立样本。
第十六批实验_再生PU泡沫,viscosity:SPUF_1.5,recycled-pu:SPUF_1.5:viscosity:042,SPUF_1.5,component_A_slurry_SPUF_1.5,curve_point,component_A_plus_CDW_PU_foam_powder,polyol_side_mixture_before_isocyanate_addition,dynamic_viscosity,4.953,Pa*s,,,elapsed_time,3.5,min,experimental,source_raw_workbook,raw_point,TA Instruments AR200ex rheometer; source time series,direct_experimental_process_property,conditional_reference,formulation_resolved_commercial_component_A_unresolved,rheometer_identified_shear_rate_and_temperature_unreported,0.25,False,,family_elorza_recycled_pu_foam,数据/原始/外部数据/新增开放数据/第十六批实验_再生PU泡沫/原始文件/row data for _Sustainable insulating foams_3/SPUF_viscosity_RawData/SPUF15_viscosty.xlsx#Hoja1!A44:B44,233298b1188c3dd974305b97cf89be947e2c35d2d8d40638ab7b8799d12531f1,CC BY 4.0,elorza-2021-recycled-pu-foam-data;elorza-2021-recycled-pu-foam-paper,时间序列点共享一个配方运行预算，不按点扩增独立样本。
第十六批实验_再生PU泡沫,viscosity:SPUF_1.5,recycled-pu:SPUF_1.5:viscosity:043,SPUF_1.5,component_A_slurry_SPUF_1.5,curve_point,component_A_plus_CDW_PU_foam_powder,polyol_side_mixture_before_isocyanate_addition,dynamic_viscosity,5.872,Pa*s,,,elapsed_time,3.6,min,experimental,source_raw_workbook,raw_point,TA Instruments AR200ex rheometer; source time series,direct_experimental_process_property,conditional_reference,formulation_resolved_commercial_component_A_unresolved,rheometer_identified_shear_rate_and_temperature_unreported,0.25,False,,family_elorza_recycled_pu_foam,数据/原始/外部数据/新增开放数据/第十六批实验_再生PU泡沫/原始文件/row data for _Sustainable insulating foams_3/SPUF_viscosity_RawData/SPUF15_viscosty.xlsx#Hoja1!A45:B45,233298b1188c3dd974305b97cf89be947e2c35d2d8d40638ab7b8799d12531f1,CC BY 4.0,elorza-2021-recycled-pu-foam-data;elorza-2021-recycled-pu-foam-paper,时间序列点共享一个配方运行预算，不按点扩增独立样本。
第十六批实验_再生PU泡沫,viscosity:SPUF_1.5,recycled-pu:SPUF_1.5:viscosity:044,SPUF_1.5,component_A_slurry_SPUF_1.5,curve_point,component_A_plus_CDW_PU_foam_powder,polyol_side_mixture_before_isocyanate_addition,dynamic_viscosity,5.212,Pa*s,,,elapsed_time,3.7,min,experimental,source_raw_workbook,raw_point,TA Instruments AR200ex rheometer; source time series,direct_experimental_process_property,conditional_reference,formulation_resolved_commercial_component_A_unresolved,rheometer_identified_shear_rate_and_temperature_unreported,0.25,False,,family_elorza_recycled_pu_foam,数据/原始/外部数据/新增开放数据/第十六批实验_再生PU泡沫/原始文件/row data for _Sustainable insulating foams_3/SPUF_viscosity_RawData/SPUF15_viscosty.xlsx#Hoja1!A46:B46,233298b1188c3dd974305b97cf89be947e2c35d2d8d40638ab7b8799d12531f1,CC BY 4.0,elorza-2021-recycled-pu-foam-data;elorza-2021-recycled-pu-foam-paper,时间序列点共享一个配方运行预算，不按点扩增独立样本。
第十六批实验_再生PU泡沫,viscosity:SPUF_1.5,recycled-pu:SPUF_1.5:viscosity:045,SPUF_1.5,component_A_slurry_SPUF_1.5,curve_point,component_A_plus_CDW_PU_foam_powder,polyol_side_mixture_before_isocyanate_addition,dynamic_viscosity,5.099,Pa*s,,,elapsed_time,3.8,min,experimental,source_raw_workbook,raw_point,TA Instruments AR200ex rheometer; source time series,direct_experimental_process_property,conditional_reference,formulation_resolved_commercial_component_A_unresolved,rheometer_identified_shear_rate_and_temperature_unreported,0.25,False,,family_elorza_recycled_pu_foam,数据/原始/外部数据/新增开放数据/第十六批实验_再生PU泡沫/原始文件/row data for _Sustainable insulating foams_3/SPUF_viscosity_RawData/SPUF15_viscosty.xlsx#Hoja1!A47:B47,233298b1188c3dd974305b97cf89be947e2c35d2d8d40638ab7b8799d12531f1,CC BY 4.0,elorza-2021-recycled-pu-foam-data;elorza-2021-recycled-pu-foam-paper,时间序列点共享一个配方运行预算，不按点扩增独立样本。
第十六批实验_再生PU泡沫,viscosity:SPUF_1.5,recycled-pu:SPUF_1.5:viscosity:046,SPUF_1.5,component_A_slurry_SPUF_1.5,curve_point,component_A_plus_CDW_PU_foam_powder,polyol_side_mixture_before_isocyanate_addition,dynamic_viscosity,5.532,Pa*s,,,elapsed_time,3.8,min,experimental,source_raw_workbook,raw_point,TA Instruments AR200ex rheometer; source time series,direct_experimental_process_property,conditional_reference,formulation_resolved_commercial_component_A_unresolved,rheometer_identified_shear_rate_and_temperature_unreported,0.25,False,,family_elorza_recycled_pu_foam,数据/原始/外部数据/新增开放数据/第十六批实验_再生PU泡沫/原始文件/row data for _Sustainable insulating foams_3/SPUF_viscosity_RawData/SPUF15_viscosty.xlsx#Hoja1!A48:B48,233298b1188c3dd974305b97cf89be947e2c35d2d8d40638ab7b8799d12531f1,CC BY 4.0,elorza-2021-recycled-pu-foam-data;elorza-2021-recycled-pu-foam-paper,时间序列点共享一个配方运行预算，不按点扩增独立样本。
第十六批实验_再生PU泡沫,viscosity:SPUF_1.5,recycled-pu:SPUF_1.5:viscosity:047,SPUF_1.5,component_A_slurry_SPUF_1.5,curve_point,component_A_plus_CDW_PU_foam_powder,polyol_side_mixture_before_isocyanate_addition,dynamic_viscosity,5.788,Pa*s,,,elapsed_time,3.9,min,experimental,source_raw_workbook,raw_point,TA Instruments AR200ex rheometer; source time series,direct_experimental_process_property,conditional_reference,formulation_resolved_commercial_component_A_unresolved,rheometer_identified_shear_rate_and_temperature_unreported,0.25,False,,family_elorza_recycled_pu_foam,数据/原始/外部数据/新增开放数据/第十六批实验_再生PU泡沫/原始文件/row data for _Sustainable insulating foams_3/SPUF_viscosity_RawData/SPUF15_viscosty.xlsx#Hoja1!A49:B49,233298b1188c3dd974305b97cf89be947e2c35d2d8d40638ab7b8799d12531f1,CC BY 4.0,elorza-2021-recycled-pu-foam-data;elorza-2021-recycled-pu-foam-paper,时间序列点共享一个配方运行预算，不按点扩增独立样本。
第十六批实验_再生PU泡沫,viscosity:SPUF_1.5,recycled-pu:SPUF_1.5:viscosity:048,SPUF_1.5,component_A_slurry_SPUF_1.5,curve_point,component_A_plus_CDW_PU_foam_powder,polyol_side_mixture_before_isocyanate_addition,dynamic_viscosity,5.46,Pa*s,,,elapsed_time,4.0,min,experimental,source_raw_workbook,raw_point,TA Instruments AR200ex rheometer; source time series,direct_experimental_process_property,conditional_reference,formulation_resolved_commercial_component_A_unresolved,rheometer_identified_shear_rate_and_temperature_unreported,0.25,False,,family_elorza_recycled_pu_foam,数据/原始/外部数据/新增开放数据/第十六批实验_再生PU泡沫/原始文件/row data for _Sustainable insulating foams_3/SPUF_viscosity_RawData/SPUF15_viscosty.xlsx#Hoja1!A50:B50,233298b1188c3dd974305b97cf89be947e2c35d2d8d40638ab7b8799d12531f1,CC BY 4.0,elorza-2021-recycled-pu-foam-data;elorza-2021-recycled-pu-foam-paper,时间序列点共享一个配方运行预算，不按点扩增独立样本。
第十六批实验_再生PU泡沫,viscosity:SPUF_1.5,recycled-pu:SPUF_1.5:viscosity:049,SPUF_1.5,component_A_slurry_SPUF_1.5,curve_point,component_A_plus_CDW_PU_foam_powder,polyol_side_mixture_before_isocyanate_addition,dynamic_viscosity,4.98,Pa*s,,,elapsed_time,4.1,min,experimental,source_raw_workbook,raw_point,TA Instruments AR200ex rheometer; source time series,direct_experimental_process_property,conditional_reference,formulation_resolved_commercial_component_A_unresolved,rheometer_identified_shear_rate_and_temperature_unreported,0.25,False,,family_elorza_recycled_pu_foam,数据/原始/外部数据/新增开放数据/第十六批实验_再生PU泡沫/原始文件/row data for _Sustainable insulating foams_3/SPUF_viscosity_RawData/SPUF15_viscosty.xlsx#Hoja1!A51:B51,233298b1188c3dd974305b97cf89be947e2c35d2d8d40638ab7b8799d12531f1,CC BY 4.0,elorza-2021-recycled-pu-foam-data;elorza-2021-recycled-pu-foam-paper,时间序列点共享一个配方运行预算，不按点扩增独立样本。
第十六批实验_再生PU泡沫,viscosity:SPUF_1.5,recycled-pu:SPUF_1.5:viscosity:050,SPUF_1.5,component_A_slurry_SPUF_1.5,curve_point,component_A_plus_CDW_PU_foam_powder,polyol_side_mixture_before_isocyanate_addition,dynamic_viscosity,5.411,Pa*s,,,elapsed_time,4.2,min,experimental,source_raw_workbook,raw_point,TA Instruments AR200ex rheometer; source time series,direct_experimental_process_property,conditional_reference,formulation_resolved_commercial_component_A_unresolved,rheometer_identified_shear_rate_and_temperature_unreported,0.25,False,,family_elorza_recycled_pu_foam,数据/原始/外部数据/新增开放数据/第十六批实验_再生PU泡沫/原始文件/row data for _Sustainable insulating foams_3/SPUF_viscosity_RawData/SPUF15_viscosty.xlsx#Hoja1!A52:B52,233298b1188c3dd974305b97cf89be947e2c35d2d8d40638ab7b8799d12531f1,CC BY 4.0,elorza-2021-recycled-pu-foam-data;elorza-2021-recycled-pu-foam-paper,时间序列点共享一个配方运行预算，不按点扩增独立样本。
第十六批实验_再生PU泡沫,viscosity:SPUF_1.5,recycled-pu:SPUF_1.5:viscosity:051,SPUF_1.5,component_A_slurry_SPUF_1.5,curve_point,component_A_plus_CDW_PU_foam_powder,polyol_side_mixture_before_isocyanate_addition,dynamic_viscosity,4.798,Pa*s,,,elapsed_time,4.3,min,experimental,source_raw_workbook,raw_point,TA Instruments AR200ex rheometer; source time series,direct_experimental_process_property,conditional_reference,formulation_resolved_commercial_component_A_unresolved,rheometer_identified_shear_rate_and_temperature_unreported,0.25,False,,family_elorza_recycled_pu_foam,数据/原始/外部数据/新增开放数据/第十六批实验_再生PU泡沫/原始文件/row data for _Sustainable insulating foams_3/SPUF_viscosity_RawData/SPUF15_viscosty.xlsx#Hoja1!A53:B53,233298b1188c3dd974305b97cf89be947e2c35d2d8d40638ab7b8799d12531f1,CC BY 4.0,elorza-2021-recycled-pu-foam-data;elorza-2021-recycled-pu-foam-paper,时间序列点共享一个配方运行预算，不按点扩增独立样本。
第十六批实验_再生PU泡沫,viscosity:SPUF_1.5,recycled-pu:SPUF_1.5:viscosity:052,SPUF_1.5,component_A_slurry_SPUF_1.5,curve_point,component_A_plus_CDW_PU_foam_powder,polyol_side_mixture_before_isocyanate_addition,dynamic_viscosity,4.945,Pa*s,,,elapsed_time,4.3,min,experimental,source_raw_workbook,raw_point,TA Instruments AR200ex rheometer; source time series,direct_experimental_process_property,conditional_reference,formulation_resolved_commercial_component_A_unresolved,rheometer_identified_shear_rate_and_temperature_unreported,0.25,False,,family_elorza_recycled_pu_foam,数据/原始/外部数据/新增开放数据/第十六批实验_再生PU泡沫/原始文件/row data for _Sustainable insulating foams_3/SPUF_viscosity_RawData/SPUF15_viscosty.xlsx#Hoja1!A54:B54,233298b1188c3dd974305b97cf89be947e2c35d2d8d40638ab7b8799d12531f1,CC BY 4.0,elorza-2021-recycled-pu-foam-data;elorza-2021-recycled-pu-foam-paper,时间序列点共享一个配方运行预算，不按点扩增独立样本。
第十六批实验_再生PU泡沫,viscosity:SPUF_1.5,recycled-pu:SPUF_1.5:viscosity:053,SPUF_1.5,component_A_slurry_SPUF_1.5,curve_point,component_A_plus_CDW_PU_foam_powder,polyol_side_mixture_before_isocyanate_addition,dynamic_viscosity,4.631,Pa*s,,,elapsed_time,4.4,min,experimental,source_raw_workbook,raw_point,TA Instruments AR200ex rheometer; source time series,direct_experimental_process_property,conditional_reference,formulation_resolved_commercial_component_A_unresolved,rheometer_identified_shear_rate_and_temperature_unreported,0.25,False,,family_elorza_recycled_pu_foam,数据/原始/外部数据/新增开放数据/第十六批实验_再生PU泡沫/原始文件/row data for _Sustainable insulating foams_3/SPUF_viscosity_RawData/SPUF15_viscosty.xlsx#Hoja1!A55:B55,233298b1188c3dd974305b97cf89be947e2c35d2d8d40638ab7b8799d12531f1,CC BY 4.0,elorza-2021-recycled-pu-foam-data;elorza-2021-recycled-pu-foam-paper,时间序列点共享一个配方运行预算，不按点扩增独立样本。
第十六批实验_再生PU泡沫,viscosity:SPUF_1.5,recycled-pu:SPUF_1.5:viscosity:054,SPUF_1.5,component_A_slurry_SPUF_1.5,curve_point,component_A_plus_CDW_PU_foam_powder,polyol_side_mixture_before_isocyanate_addition,dynamic_viscosity,4.877,Pa*s,,,elapsed_time,4.5,min,experimental,source_raw_workbook,raw_point,TA Instruments AR200ex rheometer; source time series,direct_experimental_process_property,conditional_reference,formulation_resolved_commercial_component_A_unresolved,rheometer_identified_shear_rate_and_temperature_unreported,0.25,False,,family_elorza_recycled_pu_foam,数据/原始/外部数据/新增开放数据/第十六批实验_再生PU泡沫/原始文件/row data for _Sustainable insulating foams_3/SPUF_viscosity_RawData/SPUF15_viscosty.xlsx#Hoja1!A56:B56,233298b1188c3dd974305b97cf89be947e2c35d2d8d40638ab7b8799d12531f1,CC BY 4.0,elorza-2021-recycled-pu-foam-data;elorza-2021-recycled-pu-foam-paper,时间序列点共享一个配方运行预算，不按点扩增独立样本。
第十六批实验_再生PU泡沫,viscosity:SPUF_1.5,recycled-pu:SPUF_1.5:viscosity:055,SPUF_1.5,component_A_slurry_SPUF_1.5,curve_point,component_A_plus_CDW_PU_foam_powder,polyol_side_mixture_before_isocyanate_addition,dynamic_viscosity,4.721,Pa*s,,,elapsed_time,4.6,min,experimental,source_raw_workbook,raw_point,TA Instruments AR200ex rheometer; source time series,direct_experimental_process_property,conditional_reference,formulation_resolved_commercial_component_A_unresolved,rheometer_identified_shear_rate_and_temperature_unreported,0.25,False,,family_elorza_recycled_pu_foam,数据/原始/外部数据/新增开放数据/第十六批实验_再生PU泡沫/原始文件/row data for _Sustainable insulating foams_3/SPUF_viscosity_RawData/SPUF15_viscosty.xlsx#Hoja1!A57:B57,233298b1188c3dd974305b97cf89be947e2c35d2d8d40638ab7b8799d12531f1,CC BY 4.0,elorza-2021-recycled-pu-foam-data;elorza-2021-recycled-pu-foam-paper,时间序列点共享一个配方运行预算，不按点扩增独立样本。
第十六批实验_再生PU泡沫,viscosity:SPUF_1.5,recycled-pu:SPUF_1.5:viscosity:056,SPUF_1.5,component_A_slurry_SPUF_1.5,curve_point,component_A_plus_CDW_PU_foam_powder,polyol_side_mixture_before_isocyanate_addition,dynamic_viscosity,4.221,Pa*s,,,elapsed_time,4.7,min,experimental,source_raw_workbook,raw_point,TA Instruments AR200ex rheometer; source time series,direct_experimental_process_property,conditional_reference,formulation_resolved_commercial_component_A_unresolved,rheometer_identified_shear_rate_and_temperature_unreported,0.25,False,,family_elorza_recycled_pu_foam,数据/原始/外部数据/新增开放数据/第十六批实验_再生PU泡沫/原始文件/row data for _Sustainable insulating foams_3/SPUF_viscosity_RawData/SPUF15_viscosty.xlsx#Hoja1!A58:B58,233298b1188c3dd974305b97cf89be947e2c35d2d8d40638ab7b8799d12531f1,CC BY 4.0,elorza-2021-recycled-pu-foam-data;elorza-2021-recycled-pu-foam-paper,时间序列点共享一个配方运行预算，不按点扩增独立样本。
第十六批实验_再生PU泡沫,viscosity:SPUF_1.5,recycled-pu:SPUF_1.5:viscosity:057,SPUF_1.5,component_A_slurry_SPUF_1.5,curve_point,component_A_plus_CDW_PU_foam_powder,polyol_side_mixture_before_isocyanate_addition,dynamic_viscosity,3.897,Pa*s,,,elapsed_time,4.8,min,experimental,source_raw_workbook,raw_point,TA Instruments AR200ex rheometer; source time series,direct_experimental_process_property,conditional_reference,formulation_resolved_commercial_component_A_unresolved,rheometer_identified_shear_rate_and_temperature_unreported,0.25,False,,family_elorza_recycled_pu_foam,数据/原始/外部数据/新增开放数据/第十六批实验_再生PU泡沫/原始文件/row data for _Sustainable insulating foams_3/SPUF_viscosity_RawData/SPUF15_viscosty.xlsx#Hoja1!A59:B59,233298b1188c3dd974305b97cf89be947e2c35d2d8d40638ab7b8799d12531f1,CC BY 4.0,elorza-2021-recycled-pu-foam-data;elorza-2021-recycled-pu-foam-paper,时间序列点共享一个配方运行预算，不按点扩增独立样本。
第十六批实验_再生PU泡沫,viscosity:SPUF_1.5,recycled-pu:SPUF_1.5:viscosity:058,SPUF_1.5,component_A_slurry_SPUF_1.5,curve_point,component_A_plus_CDW_PU_foam_powder,polyol_side_mixture_before_isocyanate_addition,dynamic_viscosity,4.405,Pa*s,,,elapsed_time,4.8,min,experimental,source_raw_workbook,raw_point,TA Instruments AR200ex rheometer; source time series,direct_experimental_process_property,conditional_reference,formulation_resolved_commercial_component_A_unresolved,rheometer_identified_shear_rate_and_temperature_unreported,0.25,False,,family_elorza_recycled_pu_foam,数据/原始/外部数据/新增开放数据/第十六批实验_再生PU泡沫/原始文件/row data for _Sustainable insulating foams_3/SPUF_viscosity_RawData/SPUF15_viscosty.xlsx#Hoja1!A60:B60,233298b1188c3dd974305b97cf89be947e2c35d2d8d40638ab7b8799d12531f1,CC BY 4.0,elorza-2021-recycled-pu-foam-data;elorza-2021-recycled-pu-foam-paper,时间序列点共享一个配方运行预算，不按点扩增独立样本。
第十六批实验_再生PU泡沫,viscosity:SPUF_1.5,recycled-pu:SPUF_1.5:viscosity:059,SPUF_1.5,component_A_slurry_SPUF_1.5,curve_point,component_A_plus_CDW_PU_foam_powder,polyol_side_mixture_before_isocyanate_addition,dynamic_viscosity,3.9,Pa*s,,,elapsed_time,4.9,min,experimental,source_raw_workbook,raw_point,TA Instruments AR200ex rheometer; source time series,direct_experimental_process_property,conditional_reference,formulation_resolved_commercial_component_A_unresolved,rheometer_identified_shear_rate_and_temperature_unreported,0.25,False,,family_elorza_recycled_pu_foam,数据/原始/外部数据/新增开放数据/第十六批实验_再生PU泡沫/原始文件/row data for _Sustainable insulating foams_3/SPUF_viscosity_RawData/SPUF15_viscosty.xlsx#Hoja1!A61:B61,233298b1188c3dd974305b97cf89be947e2c35d2d8d40638ab7b8799d12531f1,CC BY 4.0,elorza-2021-recycled-pu-foam-data;elorza-2021-recycled-pu-foam-paper,时间序列点共享一个配方运行预算，不按点扩增独立样本。
第十六批实验_再生PU泡沫,viscosity:SPUF_1.5,recycled-pu:SPUF_1.5:viscosity:060,SPUF_1.5,component_A_slurry_SPUF_1.5,curve_point,component_A_plus_CDW_PU_foam_powder,polyol_side_mixture_before_isocyanate_addition,dynamic_viscosity,3.566,Pa*s,,,elapsed_time,5.0,min,experimental,source_raw_workbook,raw_point,TA Instruments AR200ex rheometer; source time series,direct_experimental_process_property,conditional_reference,formulation_resolved_commercial_component_A_unresolved,rheometer_identified_shear_rate_and_temperature_unreported,0.25,False,,family_elorza_recycled_pu_foam,数据/原始/外部数据/新增开放数据/第十六批实验_再生PU泡沫/原始文件/row data for _Sustainable insulating foams_3/SPUF_viscosity_RawData/SPUF15_viscosty.xlsx#Hoja1!A62:B62,233298b1188c3dd974305b97cf89be947e2c35d2d8d40638ab7b8799d12531f1,CC BY 4.0,elorza-2021-recycled-pu-foam-data;elorza-2021-recycled-pu-foam-paper,时间序列点共享一个配方运行预算，不按点扩增独立样本。
第十六批实验_再生PU泡沫,viscosity:SPUF_3.0,recycled-pu:SPUF_3.0:viscosity:001,SPUF_3.0,component_A_slurry_SPUF_3.0,curve_point,component_A_plus_CDW_PU_foam_powder,polyol_side_mixture_before_isocyanate_addition,dynamic_viscosity,20.48,Pa*s,,,elapsed_time,0.1,min,experimental,source_raw_workbook,raw_point,TA Instruments AR200ex rheometer; source time series,direct_experimental_process_property,conditional_reference,formulation_resolved_commercial_component_A_unresolved,rheometer_identified_shear_rate_and_temperature_unreported,0.25,False,,family_elorza_recycled_pu_foam,数据/原始/外部数据/新增开放数据/第十六批实验_再生PU泡沫/原始文件/row data for _Sustainable insulating foams_3/SPUF_viscosity_RawData/SPUF30_viscosty.xlsx#Hoja1!A3:B3,1b19d84eb6bd97524a5287272f1933d0d62f6a43137fbd6c295a6780d36a7a7b,CC BY 4.0,elorza-2021-recycled-pu-foam-data;elorza-2021-recycled-pu-foam-paper,时间序列点共享一个配方运行预算，不按点扩增独立样本。
第十六批实验_再生PU泡沫,viscosity:SPUF_3.0,recycled-pu:SPUF_3.0:viscosity:002,SPUF_3.0,component_A_slurry_SPUF_3.0,curve_point,component_A_plus_CDW_PU_foam_powder,polyol_side_mixture_before_isocyanate_addition,dynamic_viscosity,20.5,Pa*s,,,elapsed_time,0.2,min,experimental,source_raw_workbook,raw_point,TA Instruments AR200ex rheometer; source time series,direct_experimental_process_property,conditional_reference,formulation_resolved_commercial_component_A_unresolved,rheometer_identified_shear_rate_and_temperature_unreported,0.25,False,,family_elorza_recycled_pu_foam,数据/原始/外部数据/新增开放数据/第十六批实验_再生PU泡沫/原始文件/row data for _Sustainable insulating foams_3/SPUF_viscosity_RawData/SPUF30_viscosty.xlsx#Hoja1!A4:B4,1b19d84eb6bd97524a5287272f1933d0d62f6a43137fbd6c295a6780d36a7a7b,CC BY 4.0,elorza-2021-recycled-pu-foam-data;elorza-2021-recycled-pu-foam-paper,时间序列点共享一个配方运行预算，不按点扩增独立样本。
第十六批实验_再生PU泡沫,viscosity:SPUF_3.0,recycled-pu:SPUF_3.0:viscosity:003,SPUF_3.0,component_A_slurry_SPUF_3.0,curve_point,component_A_plus_CDW_PU_foam_powder,polyol_side_mixture_before_isocyanate_addition,dynamic_viscosity,20.92,Pa*s,,,elapsed_time,0.3,min,experimental,source_raw_workbook,raw_point,TA Instruments AR200ex rheometer; source time series,direct_experimental_process_property,conditional_reference,formulation_resolved_commercial_component_A_unresolved,rheometer_identified_shear_rate_and_temperature_unreported,0.25,False,,family_elorza_recycled_pu_foam,数据/原始/外部数据/新增开放数据/第十六批实验_再生PU泡沫/原始文件/row data for _Sustainable insulating foams_3/SPUF_viscosity_RawData/SPUF30_viscosty.xlsx#Hoja1!A5:B5,1b19d84eb6bd97524a5287272f1933d0d62f6a43137fbd6c295a6780d36a7a7b,CC BY 4.0,elorza-2021-recycled-pu-foam-data;elorza-2021-recycled-pu-foam-paper,时间序列点共享一个配方运行预算，不按点扩增独立样本。
第十六批实验_再生PU泡沫,viscosity:SPUF_3.0,recycled-pu:SPUF_3.0:viscosity:004,SPUF_3.0,component_A_slurry_SPUF_3.0,curve_point,component_A_plus_CDW_PU_foam_powder,polyol_side_mixture_before_isocyanate_addition,dynamic_viscosity,20.75,Pa*s,,,elapsed_time,0.3,min,experimental,source_raw_workbook,raw_point,TA Instruments AR200ex rheometer; source time series,direct_experimental_process_property,conditional_reference,formulation_resolved_commercial_component_A_unresolved,rheometer_identified_shear_rate_and_temperature_unreported,0.25,False,,family_elorza_recycled_pu_foam,数据/原始/外部数据/新增开放数据/第十六批实验_再生PU泡沫/原始文件/row data for _Sustainable insulating foams_3/SPUF_viscosity_RawData/SPUF30_viscosty.xlsx#Hoja1!A6:B6,1b19d84eb6bd97524a5287272f1933d0d62f6a43137fbd6c295a6780d36a7a7b,CC BY 4.0,elorza-2021-recycled-pu-foam-data;elorza-2021-recycled-pu-foam-paper,时间序列点共享一个配方运行预算，不按点扩增独立样本。
第十六批实验_再生PU泡沫,viscosity:SPUF_3.0,recycled-pu:SPUF_3.0:viscosity:005,SPUF_3.0,component_A_slurry_SPUF_3.0,curve_point,component_A_plus_CDW_PU_foam_powder,polyol_side_mixture_before_isocyanate_addition,dynamic_viscosity,20.56,Pa*s,,,elapsed_time,0.4,min,experimental,source_raw_workbook,raw_point,TA Instruments AR200ex rheometer; source time series,direct_experimental_process_property,conditional_reference,formulation_resolved_commercial_component_A_unresolved,rheometer_identified_shear_rate_and_temperature_unreported,0.25,False,,family_elorza_recycled_pu_foam,数据/原始/外部数据/新增开放数据/第十六批实验_再生PU泡沫/原始文件/row data for _Sustainable insulating foams_3/SPUF_viscosity_RawData/SPUF30_viscosty.xlsx#Hoja1!A7:B7,1b19d84eb6bd97524a5287272f1933d0d62f6a43137fbd6c295a6780d36a7a7b,CC BY 4.0,elorza-2021-recycled-pu-foam-data;elorza-2021-recycled-pu-foam-paper,时间序列点共享一个配方运行预算，不按点扩增独立样本。
第十六批实验_再生PU泡沫,viscosity:SPUF_3.0,recycled-pu:SPUF_3.0:viscosity:006,SPUF_3.0,component_A_slurry_SPUF_3.0,curve_point,component_A_plus_CDW_PU_foam_powder,polyol_side_mixture_before_isocyanate_addition,dynamic_viscosity,20.28,Pa*s,,,elapsed_time,0.5,min,experimental,source_raw_workbook,raw_point,TA Instruments AR200ex rheometer; source time series,direct_experimental_process_property,conditional_reference,formulation_resolved_commercial_component_A_unresolved,rheometer_identified_shear_rate_and_temperature_unreported,0.25,False,,family_elorza_recycled_pu_foam,数据/原始/外部数据/新增开放数据/第十六批实验_再生PU泡沫/原始文件/row data for _Sustainable insulating foams_3/SPUF_viscosity_RawData/SPUF30_viscosty.xlsx#Hoja1!A8:B8,1b19d84eb6bd97524a5287272f1933d0d62f6a43137fbd6c295a6780d36a7a7b,CC BY 4.0,elorza-2021-recycled-pu-foam-data;elorza-2021-recycled-pu-foam-paper,时间序列点共享一个配方运行预算，不按点扩增独立样本。
第十六批实验_再生PU泡沫,viscosity:SPUF_3.0,recycled-pu:SPUF_3.0:viscosity:007,SPUF_3.0,component_A_slurry_SPUF_3.0,curve_point,component_A_plus_CDW_PU_foam_powder,polyol_side_mixture_before_isocyanate_addition,dynamic_viscosity,20.66,Pa*s,,,elapsed_time,0.6,min,experimental,source_raw_workbook,raw_point,TA Instruments AR200ex rheometer; source time series,direct_experimental_process_property,conditional_reference,formulation_resolved_commercial_component_A_unresolved,rheometer_identified_shear_rate_and_temperature_unreported,0.25,False,,family_elorza_recycled_pu_foam,数据/原始/外部数据/新增开放数据/第十六批实验_再生PU泡沫/原始文件/row data for _Sustainable insulating foams_3/SPUF_viscosity_RawData/SPUF30_viscosty.xlsx#Hoja1!A9:B9,1b19d84eb6bd97524a5287272f1933d0d62f6a43137fbd6c295a6780d36a7a7b,CC BY 4.0,elorza-2021-recycled-pu-foam-data;elorza-2021-recycled-pu-foam-paper,时间序列点共享一个配方运行预算，不按点扩增独立样本。
第十六批实验_再生PU泡沫,viscosity:SPUF_3.0,recycled-pu:SPUF_3.0:viscosity:008,SPUF_3.0,component_A_slurry_SPUF_3.0,curve_point,component_A_plus_CDW_PU_foam_powder,polyol_side_mixture_before_isocyanate_addition,dynamic_viscosity,19.3,Pa*s,,,elapsed_time,0.7,min,experimental,source_raw_workbook,raw_point,TA Instruments AR200ex rheometer; source time series,direct_experimental_process_property,conditional_reference,formulation_resolved_commercial_component_A_unresolved,rheometer_identified_shear_rate_and_temperature_unreported,0.25,False,,family_elorza_recycled_pu_foam,数据/原始/外部数据/新增开放数据/第十六批实验_再生PU泡沫/原始文件/row data for _Sustainable insulating foams_3/SPUF_viscosity_RawData/SPUF30_viscosty.xlsx#Hoja1!A10:B10,1b19d84eb6bd97524a5287272f1933d0d62f6a43137fbd6c295a6780d36a7a7b,CC BY 4.0,elorza-2021-recycled-pu-foam-data;elorza-2021-recycled-pu-foam-paper,时间序列点共享一个配方运行预算，不按点扩增独立样本。
第十六批实验_再生PU泡沫,viscosity:SPUF_3.0,recycled-pu:SPUF_3.0:viscosity:009,SPUF_3.0,component_A_slurry_SPUF_3.0,curve_point,component_A_plus_CDW_PU_foam_powder,polyol_side_mixture_before_isocyanate_addition,dynamic_viscosity,17.23,Pa*s,,,elapsed_time,0.8,min,experimental,source_raw_workbook,raw_point,TA Instruments AR200ex rheometer; source time series,direct_experimental_process_property,conditional_reference,formulation_resolved_commercial_component_A_unresolved,rheometer_identified_shear_rate_and_temperature_unreported,0.25,False,,family_elorza_recycled_pu_foam,数据/原始/外部数据/新增开放数据/第十六批实验_再生PU泡沫/原始文件/row data for _Sustainable insulating foams_3/SPUF_viscosity_RawData/SPUF30_viscosty.xlsx#Hoja1!A11:B11,1b19d84eb6bd97524a5287272f1933d0d62f6a43137fbd6c295a6780d36a7a7b,CC BY 4.0,elorza-2021-recycled-pu-foam-data;elorza-2021-recycled-pu-foam-paper,时间序列点共享一个配方运行预算，不按点扩增独立样本。
第十六批实验_再生PU泡沫,viscosity:SPUF_3.0,recycled-pu:SPUF_3.0:viscosity:010,SPUF_3.0,component_A_slurry_SPUF_3.0,curve_point,component_A_plus_CDW_PU_foam_powder,polyol_side_mixture_before_isocyanate_addition,dynamic_viscosity,17.41,Pa*s,,,elapsed_time,0.8,min,experimental,source_raw_workbook,raw_point,TA Instruments AR200ex rheometer; source time series,direct_experimental_process_property,conditional_reference,formulation_resolved_commercial_component_A_unresolved,rheometer_identified_shear_rate_and_temperature_unreported,0.25,False,,family_elorza_recycled_pu_foam,数据/原始/外部数据/新增开放数据/第十六批实验_再生PU泡沫/原始文件/row data for _Sustainable insulating foams_3/SPUF_viscosity_RawData/SPUF30_viscosty.xlsx#Hoja1!A12:B12,1b19d84eb6bd97524a5287272f1933d0d62f6a43137fbd6c295a6780d36a7a7b,CC BY 4.0,elorza-2021-recycled-pu-foam-data;elorza-2021-recycled-pu-foam-paper,时间序列点共享一个配方运行预算，不按点扩增独立样本。
第十六批实验_再生PU泡沫,viscosity:SPUF_3.0,recycled-pu:SPUF_3.0:viscosity:011,SPUF_3.0,component_A_slurry_SPUF_3.0,curve_point,component_A_plus_CDW_PU_foam_powder,polyol_side_mixture_before_isocyanate_addition,dynamic_viscosity,16.8,Pa*s,,,elapsed_time,0.9,min,experimental,source_raw_workbook,raw_point,TA Instruments AR200ex rheometer; source time series,direct_experimental_process_property,conditional_reference,formulation_resolved_commercial_component_A_unresolved,rheometer_identified_shear_rate_and_temperature_unreported,0.25,False,,family_elorza_recycled_pu_foam,数据/原始/外部数据/新增开放数据/第十六批实验_再生PU泡沫/原始文件/row data for _Sustainable insulating foams_3/SPUF_viscosity_RawData/SPUF30_viscosty.xlsx#Hoja1!A13:B13,1b19d84eb6bd97524a5287272f1933d0d62f6a43137fbd6c295a6780d36a7a7b,CC BY 4.0,elorza-2021-recycled-pu-foam-data;elorza-2021-recycled-pu-foam-paper,时间序列点共享一个配方运行预算，不按点扩增独立样本。
第十六批实验_再生PU泡沫,viscosity:SPUF_3.0,recycled-pu:SPUF_3.0:viscosity:012,SPUF_3.0,component_A_slurry_SPUF_3.0,curve_point,component_A_plus_CDW_PU_foam_powder,polyol_side_mixture_before_isocyanate_addition,dynamic_viscosity,16.89,Pa*s,,,elapsed_time,1.0,min,experimental,source_raw_workbook,raw_point,TA Instruments AR200ex rheometer; source time series,direct_experimental_process_property,conditional_reference,formulation_resolved_commercial_component_A_unresolved,rheometer_identified_shear_rate_and_temperature_unreported,0.25,False,,family_elorza_recycled_pu_foam,数据/原始/外部数据/新增开放数据/第十六批实验_再生PU泡沫/原始文件/row data for _Sustainable insulating foams_3/SPUF_viscosity_RawData/SPUF30_viscosty.xlsx#Hoja1!A14:B14,1b19d84eb6bd97524a5287272f1933d0d62f6a43137fbd6c295a6780d36a7a7b,CC BY 4.0,elorza-2021-recycled-pu-foam-data;elorza-2021-recycled-pu-foam-paper,时间序列点共享一个配方运行预算，不按点扩增独立样本。
第十六批实验_再生PU泡沫,viscosity:SPUF_3.0,recycled-pu:SPUF_3.0:viscosity:013,SPUF_3.0,component_A_slurry_SPUF_3.0,curve_point,component_A_plus_CDW_PU_foam_powder,polyol_side_mixture_before_isocyanate_addition,dynamic_viscosity,16.77,Pa*s,,,elapsed_time,1.1,min,experimental,source_raw_workbook,raw_point,TA Instruments AR200ex rheometer; source time series,direct_experimental_process_property,conditional_reference,formulation_resolved_commercial_component_A_unresolved,rheometer_identified_shear_rate_and_temperature_unreported,0.25,False,,family_elorza_recycled_pu_foam,数据/原始/外部数据/新增开放数据/第十六批实验_再生PU泡沫/原始文件/row data for _Sustainable insulating foams_3/SPUF_viscosity_RawData/SPUF30_viscosty.xlsx#Hoja1!A15:B15,1b19d84eb6bd97524a5287272f1933d0d62f6a43137fbd6c295a6780d36a7a7b,CC BY 4.0,elorza-2021-recycled-pu-foam-data;elorza-2021-recycled-pu-foam-paper,时间序列点共享一个配方运行预算，不按点扩增独立样本。
第十六批实验_再生PU泡沫,viscosity:SPUF_3.0,recycled-pu:SPUF_3.0:viscosity:014,SPUF_3.0,component_A_slurry_SPUF_3.0,curve_point,component_A_plus_CDW_PU_foam_powder,polyol_side_mixture_before_isocyanate_addition,dynamic_viscosity,16.07,Pa*s,,,elapsed_time,1.2,min,experimental,source_raw_workbook,raw_point,TA Instruments AR200ex rheometer; source time series,direct_experimental_process_property,conditional_reference,formulation_resolved_commercial_component_A_unresolved,rheometer_identified_shear_rate_and_temperature_unreported,0.25,False,,family_elorza_recycled_pu_foam,数据/原始/外部数据/新增开放数据/第十六批实验_再生PU泡沫/原始文件/row data for _Sustainable insulating foams_3/SPUF_viscosity_RawData/SPUF30_viscosty.xlsx#Hoja1!A16:B16,1b19d84eb6bd97524a5287272f1933d0d62f6a43137fbd6c295a6780d36a7a7b,CC BY 4.0,elorza-2021-recycled-pu-foam-data;elorza-2021-recycled-pu-foam-paper,时间序列点共享一个配方运行预算，不按点扩增独立样本。
第十六批实验_再生PU泡沫,viscosity:SPUF_3.0,recycled-pu:SPUF_3.0:viscosity:015,SPUF_3.0,component_A_slurry_SPUF_3.0,curve_point,component_A_plus_CDW_PU_foam_powder,polyol_side_mixture_before_isocyanate_addition,dynamic_viscosity,15.98,Pa*s,,,elapsed_time,1.3,min,experimental,source_raw_workbook,raw_point,TA Instruments AR200ex rheometer; source time series,direct_experimental_process_property,conditional_reference,formulation_resolved_commercial_component_A_unresolved,rheometer_identified_shear_rate_and_temperature_unreported,0.25,False,,family_elorza_recycled_pu_foam,数据/原始/外部数据/新增开放数据/第十六批实验_再生PU泡沫/原始文件/row data for _Sustainable insulating foams_3/SPUF_viscosity_RawData/SPUF30_viscosty.xlsx#Hoja1!A17:B17,1b19d84eb6bd97524a5287272f1933d0d62f6a43137fbd6c295a6780d36a7a7b,CC BY 4.0,elorza-2021-recycled-pu-foam-data;elorza-2021-recycled-pu-foam-paper,时间序列点共享一个配方运行预算，不按点扩增独立样本。
第十六批实验_再生PU泡沫,viscosity:SPUF_3.0,recycled-pu:SPUF_3.0:viscosity:016,SPUF_3.0,component_A_slurry_SPUF_3.0,curve_point,component_A_plus_CDW_PU_foam_powder,polyol_side_mixture_before_isocyanate_addition,dynamic_viscosity,15.83,Pa*s,,,elapsed_time,1.3,min,experimental,source_raw_workbook,raw_point,TA Instruments AR200ex rheometer; source time series,direct_experimental_process_property,conditional_reference,formulation_resolved_commercial_component_A_unresolved,rheometer_identified_shear_rate_and_temperature_unreported,0.25,False,,family_elorza_recycled_pu_foam,数据/原始/外部数据/新增开放数据/第十六批实验_再生PU泡沫/原始文件/row data for _Sustainable insulating foams_3/SPUF_viscosity_RawData/SPUF30_viscosty.xlsx#Hoja1!A18:B18,1b19d84eb6bd97524a5287272f1933d0d62f6a43137fbd6c295a6780d36a7a7b,CC BY 4.0,elorza-2021-recycled-pu-foam-data;elorza-2021-recycled-pu-foam-paper,时间序列点共享一个配方运行预算，不按点扩增独立样本。
第十六批实验_再生PU泡沫,viscosity:SPUF_3.0,recycled-pu:SPUF_3.0:viscosity:017,SPUF_3.0,component_A_slurry_SPUF_3.0,curve_point,component_A_plus_CDW_PU_foam_powder,polyol_side_mixture_before_isocyanate_addition,dynamic_viscosity,16.31,Pa*s,,,elapsed_time,1.4,min,experimental,source_raw_workbook,raw_point,TA Instruments AR200ex rheometer; source time series,direct_experimental_process_property,conditional_reference,formulation_resolved_commercial_component_A_unresolved,rheometer_identified_shear_rate_and_temperature_unreported,0.25,False,,family_elorza_recycled_pu_foam,数据/原始/外部数据/新增开放数据/第十六批实验_再生PU泡沫/原始文件/row data for _Sustainable insulating foams_3/SPUF_viscosity_RawData/SPUF30_viscosty.xlsx#Hoja1!A19:B19,1b19d84eb6bd97524a5287272f1933d0d62f6a43137fbd6c295a6780d36a7a7b,CC BY 4.0,elorza-2021-recycled-pu-foam-data;elorza-2021-recycled-pu-foam-paper,时间序列点共享一个配方运行预算，不按点扩增独立样本。
第十六批实验_再生PU泡沫,viscosity:SPUF_3.0,recycled-pu:SPUF_3.0:viscosity:018,SPUF_3.0,component_A_slurry_SPUF_3.0,curve_point,component_A_plus_CDW_PU_foam_powder,polyol_side_mixture_before_isocyanate_addition,dynamic_viscosity,16.09,Pa*s,,,elapsed_time,1.5,min,experimental,source_raw_workbook,raw_point,TA Instruments AR200ex rheometer; source time series,direct_experimental_process_property,conditional_reference,formulation_resolved_commercial_component_A_unresolved,rheometer_identified_shear_rate_and_temperature_unreported,0.25,False,,family_elorza_recycled_pu_foam,数据/原始/外部数据/新增开放数据/第十六批实验_再生PU泡沫/原始文件/row data for _Sustainable insulating foams_3/SPUF_viscosity_RawData/SPUF30_viscosty.xlsx#Hoja1!A20:B20,1b19d84eb6bd97524a5287272f1933d0d62f6a43137fbd6c295a6780d36a7a7b,CC BY 4.0,elorza-2021-recycled-pu-foam-data;elorza-2021-recycled-pu-foam-paper,时间序列点共享一个配方运行预算，不按点扩增独立样本。
第十六批实验_再生PU泡沫,viscosity:SPUF_3.0,recycled-pu:SPUF_3.0:viscosity:019,SPUF_3.0,component_A_slurry_SPUF_3.0,curve_point,component_A_plus_CDW_PU_foam_powder,polyol_side_mixture_before_isocyanate_addition,dynamic_viscosity,15.6,Pa*s,,,elapsed_time,1.6,min,experimental,source_raw_workbook,raw_point,TA Instruments AR200ex rheometer; source time series,direct_experimental_process_property,conditional_reference,formulation_resolved_commercial_component_A_unresolved,rheometer_identified_shear_rate_and_temperature_unreported,0.25,False,,family_elorza_recycled_pu_foam,数据/原始/外部数据/新增开放数据/第十六批实验_再生PU泡沫/原始文件/row data for _Sustainable insulating foams_3/SPUF_viscosity_RawData/SPUF30_viscosty.xlsx#Hoja1!A21:B21,1b19d84eb6bd97524a5287272f1933d0d62f6a43137fbd6c295a6780d36a7a7b,CC BY 4.0,elorza-2021-recycled-pu-foam-data;elorza-2021-recycled-pu-foam-paper,时间序列点共享一个配方运行预算，不按点扩增独立样本。
第十六批实验_再生PU泡沫,viscosity:SPUF_3.0,recycled-pu:SPUF_3.0:viscosity:020,SPUF_3.0,component_A_slurry_SPUF_3.0,curve_point,component_A_plus_CDW_PU_foam_powder,polyol_side_mixture_before_isocyanate_addition,dynamic_viscosity,15.3,Pa*s,,,elapsed_time,1.7,min,experimental,source_raw_workbook,raw_point,TA Instruments AR200ex rheometer; source time series,direct_experimental_process_property,conditional_reference,formulation_resolved_commercial_component_A_unresolved,rheometer_identified_shear_rate_and_temperature_unreported,0.25,False,,family_elorza_recycled_pu_foam,数据/原始/外部数据/新增开放数据/第十六批实验_再生PU泡沫/原始文件/row data for _Sustainable insulating foams_3/SPUF_viscosity_RawData/SPUF30_viscosty.xlsx#Hoja1!A22:B22,1b19d84eb6bd97524a5287272f1933d0d62f6a43137fbd6c295a6780d36a7a7b,CC BY 4.0,elorza-2021-recycled-pu-foam-data;elorza-2021-recycled-pu-foam-paper,时间序列点共享一个配方运行预算，不按点扩增独立样本。
第十六批实验_再生PU泡沫,viscosity:SPUF_3.0,recycled-pu:SPUF_3.0:viscosity:021,SPUF_3.0,component_A_slurry_SPUF_3.0,curve_point,component_A_plus_CDW_PU_foam_powder,polyol_side_mixture_before_isocyanate_addition,dynamic_viscosity,15.2,Pa*s,,,elapsed_time,1.8,min,experimental,source_raw_workbook,raw_point,TA Instruments AR200ex rheometer; source time series,direct_experimental_process_property,conditional_reference,formulation_resolved_commercial_component_A_unresolved,rheometer_identified_shear_rate_and_temperature_unreported,0.25,False,,family_elorza_recycled_pu_foam,数据/原始/外部数据/新增开放数据/第十六批实验_再生PU泡沫/原始文件/row data for _Sustainable insulating foams_3/SPUF_viscosity_RawData/SPUF30_viscosty.xlsx#Hoja1!A23:B23,1b19d84eb6bd97524a5287272f1933d0d62f6a43137fbd6c295a6780d36a7a7b,CC BY 4.0,elorza-2021-recycled-pu-foam-data;elorza-2021-recycled-pu-foam-paper,时间序列点共享一个配方运行预算，不按点扩增独立样本。
第十六批实验_再生PU泡沫,viscosity:SPUF_3.0,recycled-pu:SPUF_3.0:viscosity:022,SPUF_3.0,component_A_slurry_SPUF_3.0,curve_point,component_A_plus_CDW_PU_foam_powder,polyol_side_mixture_before_isocyanate_addition,dynamic_viscosity,15.03,Pa*s,,,elapsed_time,1.8,min,experimental,source_raw_workbook,raw_point,TA Instruments AR200ex rheometer; source time series,direct_experimental_process_property,conditional_reference,formulation_resolved_commercial_component_A_unresolved,rheometer_identified_shear_rate_and_temperature_unreported,0.25,False,,family_elorza_recycled_pu_foam,数据/原始/外部数据/新增开放数据/第十六批实验_再生PU泡沫/原始文件/row data for _Sustainable insulating foams_3/SPUF_viscosity_RawData/SPUF30_viscosty.xlsx#Hoja1!A24:B24,1b19d84eb6bd97524a5287272f1933d0d62f6a43137fbd6c295a6780d36a7a7b,CC BY 4.0,elorza-2021-recycled-pu-foam-data;elorza-2021-recycled-pu-foam-paper,时间序列点共享一个配方运行预算，不按点扩增独立样本。
第十六批实验_再生PU泡沫,viscosity:SPUF_3.0,recycled-pu:SPUF_3.0:viscosity:023,SPUF_3.0,component_A_slurry_SPUF_3.0,curve_point,component_A_plus_CDW_PU_foam_powder,polyol_side_mixture_before_isocyanate_addition,dynamic_viscosity,14.85,Pa*s,,,elapsed_time,1.9,min,experimental,source_raw_workbook,raw_point,TA Instruments AR200ex rheometer; source time series,direct_experimental_process_property,conditional_reference,formulation_resolved_commercial_component_A_unresolved,rheometer_identified_shear_rate_and_temperature_unreported,0.25,False,,family_elorza_recycled_pu_foam,数据/原始/外部数据/新增开放数据/第十六批实验_再生PU泡沫/原始文件/row data for _Sustainable insulating foams_3/SPUF_viscosity_RawData/SPUF30_viscosty.xlsx#Hoja1!A25:B25,1b19d84eb6bd97524a5287272f1933d0d62f6a43137fbd6c295a6780d36a7a7b,CC BY 4.0,elorza-2021-recycled-pu-foam-data;elorza-2021-recycled-pu-foam-paper,时间序列点共享一个配方运行预算，不按点扩增独立样本。
第十六批实验_再生PU泡沫,viscosity:SPUF_3.0,recycled-pu:SPUF_3.0:viscosity:024,SPUF_3.0,component_A_slurry_SPUF_3.0,curve_point,component_A_plus_CDW_PU_foam_powder,polyol_side_mixture_before_isocyanate_addition,dynamic_viscosity,14.94,Pa*s,,,elapsed_time,2.0,min,experimental,source_raw_workbook,raw_point,TA Instruments AR200ex rheometer; source time series,direct_experimental_process_property,conditional_reference,formulation_resolved_commercial_component_A_unresolved,rheometer_identified_shear_rate_and_temperature_unreported,0.25,False,,family_elorza_recycled_pu_foam,数据/原始/外部数据/新增开放数据/第十六批实验_再生PU泡沫/原始文件/row data for _Sustainable insulating foams_3/SPUF_viscosity_RawData/SPUF30_viscosty.xlsx#Hoja1!A26:B26,1b19d84eb6bd97524a5287272f1933d0d62f6a43137fbd6c295a6780d36a7a7b,CC BY 4.0,elorza-2021-recycled-pu-foam-data;elorza-2021-recycled-pu-foam-paper,时间序列点共享一个配方运行预算，不按点扩增独立样本。
第十六批实验_再生PU泡沫,viscosity:SPUF_3.0,recycled-pu:SPUF_3.0:viscosity:025,SPUF_3.0,component_A_slurry_SPUF_3.0,curve_point,component_A_plus_CDW_PU_foam_powder,polyol_side_mixture_before_isocyanate_addition,dynamic_viscosity,14.6,Pa*s,,,elapsed_time,2.1,min,experimental,source_raw_workbook,raw_point,TA Instruments AR200ex rheometer; source time series,direct_experimental_process_property,conditional_reference,formulation_resolved_commercial_component_A_unresolved,rheometer_identified_shear_rate_and_temperature_unreported,0.25,False,,family_elorza_recycled_pu_foam,数据/原始/外部数据/新增开放数据/第十六批实验_再生PU泡沫/原始文件/row data for _Sustainable insulating foams_3/SPUF_viscosity_RawData/SPUF30_viscosty.xlsx#Hoja1!A27:B27,1b19d84eb6bd97524a5287272f1933d0d62f6a43137fbd6c295a6780d36a7a7b,CC BY 4.0,elorza-2021-recycled-pu-foam-data;elorza-2021-recycled-pu-foam-paper,时间序列点共享一个配方运行预算，不按点扩增独立样本。
第十六批实验_再生PU泡沫,viscosity:SPUF_3.0,recycled-pu:SPUF_3.0:viscosity:026,SPUF_3.0,component_A_slurry_SPUF_3.0,curve_point,component_A_plus_CDW_PU_foam_powder,polyol_side_mixture_before_isocyanate_addition,dynamic_viscosity,14.95,Pa*s,,,elapsed_time,2.2,min,experimental,source_raw_workbook,raw_point,TA Instruments AR200ex rheometer; source time series,direct_experimental_process_property,conditional_reference,formulation_resolved_commercial_component_A_unresolved,rheometer_identified_shear_rate_and_temperature_unreported,0.25,False,,family_elorza_recycled_pu_foam,数据/原始/外部数据/新增开放数据/第十六批实验_再生PU泡沫/原始文件/row data for _Sustainable insulating foams_3/SPUF_viscosity_RawData/SPUF30_viscosty.xlsx#Hoja1!A28:B28,1b19d84eb6bd97524a5287272f1933d0d62f6a43137fbd6c295a6780d36a7a7b,CC BY 4.0,elorza-2021-recycled-pu-foam-data;elorza-2021-recycled-pu-foam-paper,时间序列点共享一个配方运行预算，不按点扩增独立样本。
第十六批实验_再生PU泡沫,viscosity:SPUF_3.0,recycled-pu:SPUF_3.0:viscosity:027,SPUF_3.0,component_A_slurry_SPUF_3.0,curve_point,component_A_plus_CDW_PU_foam_powder,polyol_side_mixture_before_isocyanate_addition,dynamic_viscosity,14.95,Pa*s,,,elapsed_time,2.3,min,experimental,source_raw_workbook,raw_point,TA Instruments AR200ex rheometer; source time series,direct_experimental_process_property,conditional_reference,formulation_resolved_commercial_component_A_unresolved,rheometer_identified_shear_rate_and_temperature_unreported,0.25,False,,family_elorza_recycled_pu_foam,数据/原始/外部数据/新增开放数据/第十六批实验_再生PU泡沫/原始文件/row data for _Sustainable insulating foams_3/SPUF_viscosity_RawData/SPUF30_viscosty.xlsx#Hoja1!A29:B29,1b19d84eb6bd97524a5287272f1933d0d62f6a43137fbd6c295a6780d36a7a7b,CC BY 4.0,elorza-2021-recycled-pu-foam-data;elorza-2021-recycled-pu-foam-paper,时间序列点共享一个配方运行预算，不按点扩增独立样本。
第十六批实验_再生PU泡沫,viscosity:SPUF_3.0,recycled-pu:SPUF_3.0:viscosity:028,SPUF_3.0,component_A_slurry_SPUF_3.0,curve_point,component_A_plus_CDW_PU_foam_powder,polyol_side_mixture_before_isocyanate_addition,dynamic_viscosity,14.8,Pa*s,,,elapsed_time,2.3,min,experimental,source_raw_workbook,raw_point,TA Instruments AR200ex rheometer; source time series,direct_experimental_process_property,conditional_reference,formulation_resolved_commercial_component_A_unresolved,rheometer_identified_shear_rate_and_temperature_unreported,0.25,False,,family_elorza_recycled_pu_foam,数据/原始/外部数据/新增开放数据/第十六批实验_再生PU泡沫/原始文件/row data for _Sustainable insulating foams_3/SPUF_viscosity_RawData/SPUF30_viscosty.xlsx#Hoja1!A30:B30,1b19d84eb6bd97524a5287272f1933d0d62f6a43137fbd6c295a6780d36a7a7b,CC BY 4.0,elorza-2021-recycled-pu-foam-data;elorza-2021-recycled-pu-foam-paper,时间序列点共享一个配方运行预算，不按点扩增独立样本。
第十六批实验_再生PU泡沫,viscosity:SPUF_3.0,recycled-pu:SPUF_3.0:viscosity:029,SPUF_3.0,component_A_slurry_SPUF_3.0,curve_point,component_A_plus_CDW_PU_foam_powder,polyol_side_mixture_before_isocyanate_addition,dynamic_viscosity,14.42,Pa*s,,,elapsed_time,2.4,min,experimental,source_raw_workbook,raw_point,TA Instruments AR200ex rheometer; source time series,direct_experimental_process_property,conditional_reference,formulation_resolved_commercial_component_A_unresolved,rheometer_identified_shear_rate_and_temperature_unreported,0.25,False,,family_elorza_recycled_pu_foam,数据/原始/外部数据/新增开放数据/第十六批实验_再生PU泡沫/原始文件/row data for _Sustainable insulating foams_3/SPUF_viscosity_RawData/SPUF30_viscosty.xlsx#Hoja1!A31:B31,1b19d84eb6bd97524a5287272f1933d0d62f6a43137fbd6c295a6780d36a7a7b,CC BY 4.0,elorza-2021-recycled-pu-foam-data;elorza-2021-recycled-pu-foam-paper,时间序列点共享一个配方运行预算，不按点扩增独立样本。
第十六批实验_再生PU泡沫,viscosity:SPUF_3.0,recycled-pu:SPUF_3.0:viscosity:030,SPUF_3.0,component_A_slurry_SPUF_3.0,curve_point,component_A_plus_CDW_PU_foam_powder,polyol_side_mixture_before_isocyanate_addition,dynamic_viscosity,14.66,Pa*s,,,elapsed_time,2.5,min,experimental,source_raw_workbook,raw_point,TA Instruments AR200ex rheometer; source time series,direct_experimental_process_property,conditional_reference,formulation_resolved_commercial_component_A_unresolved,rheometer_identified_shear_rate_and_temperature_unreported,0.25,False,,family_elorza_recycled_pu_foam,数据/原始/外部数据/新增开放数据/第十六批实验_再生PU泡沫/原始文件/row data for _Sustainable insulating foams_3/SPUF_viscosity_RawData/SPUF30_viscosty.xlsx#Hoja1!A32:B32,1b19d84eb6bd97524a5287272f1933d0d62f6a43137fbd6c295a6780d36a7a7b,CC BY 4.0,elorza-2021-recycled-pu-foam-data;elorza-2021-recycled-pu-foam-paper,时间序列点共享一个配方运行预算，不按点扩增独立样本。
第十六批实验_再生PU泡沫,viscosity:SPUF_3.0,recycled-pu:SPUF_3.0:viscosity:031,SPUF_3.0,component_A_slurry_SPUF_3.0,curve_point,component_A_plus_CDW_PU_foam_powder,polyol_side_mixture_before_isocyanate_addition,dynamic_viscosity,14.57,Pa*s,,,elapsed_time,2.6,min,experimental,source_raw_workbook,raw_point,TA Instruments AR200ex rheometer; source time series,direct_experimental_process_property,conditional_reference,formulation_resolved_commercial_component_A_unresolved,rheometer_identified_shear_rate_and_temperature_unreported,0.25,False,,family_elorza_recycled_pu_foam,数据/原始/外部数据/新增开放数据/第十六批实验_再生PU泡沫/原始文件/row data for _Sustainable insulating foams_3/SPUF_viscosity_RawData/SPUF30_viscosty.xlsx#Hoja1!A33:B33,1b19d84eb6bd97524a5287272f1933d0d62f6a43137fbd6c295a6780d36a7a7b,CC BY 4.0,elorza-2021-recycled-pu-foam-data;elorza-2021-recycled-pu-foam-paper,时间序列点共享一个配方运行预算，不按点扩增独立样本。
第十六批实验_再生PU泡沫,viscosity:SPUF_3.0,recycled-pu:SPUF_3.0:viscosity:032,SPUF_3.0,component_A_slurry_SPUF_3.0,curve_point,component_A_plus_CDW_PU_foam_powder,polyol_side_mixture_before_isocyanate_addition,dynamic_viscosity,14.62,Pa*s,,,elapsed_time,2.7,min,experimental,source_raw_workbook,raw_point,TA Instruments AR200ex rheometer; source time series,direct_experimental_process_property,conditional_reference,formulation_resolved_commercial_component_A_unresolved,rheometer_identified_shear_rate_and_temperature_unreported,0.25,False,,family_elorza_recycled_pu_foam,数据/原始/外部数据/新增开放数据/第十六批实验_再生PU泡沫/原始文件/row data for _Sustainable insulating foams_3/SPUF_viscosity_RawData/SPUF30_viscosty.xlsx#Hoja1!A34:B34,1b19d84eb6bd97524a5287272f1933d0d62f6a43137fbd6c295a6780d36a7a7b,CC BY 4.0,elorza-2021-recycled-pu-foam-data;elorza-2021-recycled-pu-foam-paper,时间序列点共享一个配方运行预算，不按点扩增独立样本。
第十六批实验_再生PU泡沫,viscosity:SPUF_3.0,recycled-pu:SPUF_3.0:viscosity:033,SPUF_3.0,component_A_slurry_SPUF_3.0,curve_point,component_A_plus_CDW_PU_foam_powder,polyol_side_mixture_before_isocyanate_addition,dynamic_viscosity,14.75,Pa*s,,,elapsed_time,2.8,min,experimental,source_raw_workbook,raw_point,TA Instruments AR200ex rheometer; source time series,direct_experimental_process_property,conditional_reference,formulation_resolved_commercial_component_A_unresolved,rheometer_identified_shear_rate_and_temperature_unreported,0.25,False,,family_elorza_recycled_pu_foam,数据/原始/外部数据/新增开放数据/第十六批实验_再生PU泡沫/原始文件/row data for _Sustainable insulating foams_3/SPUF_viscosity_RawData/SPUF30_viscosty.xlsx#Hoja1!A35:B35,1b19d84eb6bd97524a5287272f1933d0d62f6a43137fbd6c295a6780d36a7a7b,CC BY 4.0,elorza-2021-recycled-pu-foam-data;elorza-2021-recycled-pu-foam-paper,时间序列点共享一个配方运行预算，不按点扩增独立样本。
第十六批实验_再生PU泡沫,viscosity:SPUF_3.0,recycled-pu:SPUF_3.0:viscosity:034,SPUF_3.0,component_A_slurry_SPUF_3.0,curve_point,component_A_plus_CDW_PU_foam_powder,polyol_side_mixture_before_isocyanate_addition,dynamic_viscosity,14.54,Pa*s,,,elapsed_time,2.8,min,experimental,source_raw_workbook,raw_point,TA Instruments AR200ex rheometer; source time series,direct_experimental_process_property,conditional_reference,formulation_resolved_commercial_component_A_unresolved,rheometer_identified_shear_rate_and_temperature_unreported,0.25,False,,family_elorza_recycled_pu_foam,数据/原始/外部数据/新增开放数据/第十六批实验_再生PU泡沫/原始文件/row data for _Sustainable insulating foams_3/SPUF_viscosity_RawData/SPUF30_viscosty.xlsx#Hoja1!A36:B36,1b19d84eb6bd97524a5287272f1933d0d62f6a43137fbd6c295a6780d36a7a7b,CC BY 4.0,elorza-2021-recycled-pu-foam-data;elorza-2021-recycled-pu-foam-paper,时间序列点共享一个配方运行预算，不按点扩增独立样本。
第十六批实验_再生PU泡沫,viscosity:SPUF_3.0,recycled-pu:SPUF_3.0:viscosity:035,SPUF_3.0,component_A_slurry_SPUF_3.0,curve_point,component_A_plus_CDW_PU_foam_powder,polyol_side_mixture_before_isocyanate_addition,dynamic_viscosity,14.52,Pa*s,,,elapsed_time,2.9,min,experimental,source_raw_workbook,raw_point,TA Instruments AR200ex rheometer; source time series,direct_experimental_process_property,conditional_reference,formulation_resolved_commercial_component_A_unresolved,rheometer_identified_shear_rate_and_temperature_unreported,0.25,False,,family_elorza_recycled_pu_foam,数据/原始/外部数据/新增开放数据/第十六批实验_再生PU泡沫/原始文件/row data for _Sustainable insulating foams_3/SPUF_viscosity_RawData/SPUF30_viscosty.xlsx#Hoja1!A37:B37,1b19d84eb6bd97524a5287272f1933d0d62f6a43137fbd6c295a6780d36a7a7b,CC BY 4.0,elorza-2021-recycled-pu-foam-data;elorza-2021-recycled-pu-foam-paper,时间序列点共享一个配方运行预算，不按点扩增独立样本。
第十六批实验_再生PU泡沫,viscosity:SPUF_3.0,recycled-pu:SPUF_3.0:viscosity:036,SPUF_3.0,component_A_slurry_SPUF_3.0,curve_point,component_A_plus_CDW_PU_foam_powder,polyol_side_mixture_before_isocyanate_addition,dynamic_viscosity,14.55,Pa*s,,,elapsed_time,3.0,min,experimental,source_raw_workbook,raw_point,TA Instruments AR200ex rheometer; source time series,direct_experimental_process_property,conditional_reference,formulation_resolved_commercial_component_A_unresolved,rheometer_identified_shear_rate_and_temperature_unreported,0.25,False,,family_elorza_recycled_pu_foam,数据/原始/外部数据/新增开放数据/第十六批实验_再生PU泡沫/原始文件/row data for _Sustainable insulating foams_3/SPUF_viscosity_RawData/SPUF30_viscosty.xlsx#Hoja1!A38:B38,1b19d84eb6bd97524a5287272f1933d0d62f6a43137fbd6c295a6780d36a7a7b,CC BY 4.0,elorza-2021-recycled-pu-foam-data;elorza-2021-recycled-pu-foam-paper,时间序列点共享一个配方运行预算，不按点扩增独立样本。
第十六批实验_再生PU泡沫,viscosity:SPUF_3.0,recycled-pu:SPUF_3.0:viscosity:037,SPUF_3.0,component_A_slurry_SPUF_3.0,curve_point,component_A_plus_CDW_PU_foam_powder,polyol_side_mixture_before_isocyanate_addition,dynamic_viscosity,14.97,Pa*s,,,elapsed_time,3.1,min,experimental,source_raw_workbook,raw_point,TA Instruments AR200ex rheometer; source time series,direct_experimental_process_property,conditional_reference,formulation_resolved_commercial_component_A_unresolved,rheometer_identified_shear_rate_and_temperature_unreported,0.25,False,,family_elorza_recycled_pu_foam,数据/原始/外部数据/新增开放数据/第十六批实验_再生PU泡沫/原始文件/row data for _Sustainable insulating foams_3/SPUF_viscosity_RawData/SPUF30_viscosty.xlsx#Hoja1!A39:B39,1b19d84eb6bd97524a5287272f1933d0d62f6a43137fbd6c295a6780d36a7a7b,CC BY 4.0,elorza-2021-recycled-pu-foam-data;elorza-2021-recycled-pu-foam-paper,时间序列点共享一个配方运行预算，不按点扩增独立样本。
第十六批实验_再生PU泡沫,viscosity:SPUF_3.0,recycled-pu:SPUF_3.0:viscosity:038,SPUF_3.0,component_A_slurry_SPUF_3.0,curve_point,component_A_plus_CDW_PU_foam_powder,polyol_side_mixture_before_isocyanate_addition,dynamic_viscosity,14.78,Pa*s,,,elapsed_time,3.2,min,experimental,source_raw_workbook,raw_point,TA Instruments AR200ex rheometer; source time series,direct_experimental_process_property,conditional_reference,formulation_resolved_commercial_component_A_unresolved,rheometer_identified_shear_rate_and_temperature_unreported,0.25,False,,family_elorza_recycled_pu_foam,数据/原始/外部数据/新增开放数据/第十六批实验_再生PU泡沫/原始文件/row data for _Sustainable insulating foams_3/SPUF_viscosity_RawData/SPUF30_viscosty.xlsx#Hoja1!A40:B40,1b19d84eb6bd97524a5287272f1933d0d62f6a43137fbd6c295a6780d36a7a7b,CC BY 4.0,elorza-2021-recycled-pu-foam-data;elorza-2021-recycled-pu-foam-paper,时间序列点共享一个配方运行预算，不按点扩增独立样本。
第十六批实验_再生PU泡沫,viscosity:SPUF_3.0,recycled-pu:SPUF_3.0:viscosity:039,SPUF_3.0,component_A_slurry_SPUF_3.0,curve_point,component_A_plus_CDW_PU_foam_powder,polyol_side_mixture_before_isocyanate_addition,dynamic_viscosity,15.07,Pa*s,,,elapsed_time,3.3,min,experimental,source_raw_workbook,raw_point,TA Instruments AR200ex rheometer; source time series,direct_experimental_process_property,conditional_reference,formulation_resolved_commercial_component_A_unresolved,rheometer_identified_shear_rate_and_temperature_unreported,0.25,False,,family_elorza_recycled_pu_foam,数据/原始/外部数据/新增开放数据/第十六批实验_再生PU泡沫/原始文件/row data for _Sustainable insulating foams_3/SPUF_viscosity_RawData/SPUF30_viscosty.xlsx#Hoja1!A41:B41,1b19d84eb6bd97524a5287272f1933d0d62f6a43137fbd6c295a6780d36a7a7b,CC BY 4.0,elorza-2021-recycled-pu-foam-data;elorza-2021-recycled-pu-foam-paper,时间序列点共享一个配方运行预算，不按点扩增独立样本。
第十六批实验_再生PU泡沫,viscosity:SPUF_3.0,recycled-pu:SPUF_3.0:viscosity:040,SPUF_3.0,component_A_slurry_SPUF_3.0,curve_point,component_A_plus_CDW_PU_foam_powder,polyol_side_mixture_before_isocyanate_addition,dynamic_viscosity,15.06,Pa*s,,,elapsed_time,3.3,min,experimental,source_raw_workbook,raw_point,TA Instruments AR200ex rheometer; source time series,direct_experimental_process_property,conditional_reference,formulation_resolved_commercial_component_A_unresolved,rheometer_identified_shear_rate_and_temperature_unreported,0.25,False,,family_elorza_recycled_pu_foam,数据/原始/外部数据/新增开放数据/第十六批实验_再生PU泡沫/原始文件/row data for _Sustainable insulating foams_3/SPUF_viscosity_RawData/SPUF30_viscosty.xlsx#Hoja1!A42:B42,1b19d84eb6bd97524a5287272f1933d0d62f6a43137fbd6c295a6780d36a7a7b,CC BY 4.0,elorza-2021-recycled-pu-foam-data;elorza-2021-recycled-pu-foam-paper,时间序列点共享一个配方运行预算，不按点扩增独立样本。
第十六批实验_再生PU泡沫,viscosity:SPUF_3.0,recycled-pu:SPUF_3.0:viscosity:041,SPUF_3.0,component_A_slurry_SPUF_3.0,curve_point,component_A_plus_CDW_PU_foam_powder,polyol_side_mixture_before_isocyanate_addition,dynamic_viscosity,14.96,Pa*s,,,elapsed_time,3.4,min,experimental,source_raw_workbook,raw_point,TA Instruments AR200ex rheometer; source time series,direct_experimental_process_property,conditional_reference,formulation_resolved_commercial_component_A_unresolved,rheometer_identified_shear_rate_and_temperature_unreported,0.25,False,,family_elorza_recycled_pu_foam,数据/原始/外部数据/新增开放数据/第十六批实验_再生PU泡沫/原始文件/row data for _Sustainable insulating foams_3/SPUF_viscosity_RawData/SPUF30_viscosty.xlsx#Hoja1!A43:B43,1b19d84eb6bd97524a5287272f1933d0d62f6a43137fbd6c295a6780d36a7a7b,CC BY 4.0,elorza-2021-recycled-pu-foam-data;elorza-2021-recycled-pu-foam-paper,时间序列点共享一个配方运行预算，不按点扩增独立样本。
第十六批实验_再生PU泡沫,viscosity:SPUF_3.0,recycled-pu:SPUF_3.0:viscosity:042,SPUF_3.0,component_A_slurry_SPUF_3.0,curve_point,component_A_plus_CDW_PU_foam_powder,polyol_side_mixture_before_isocyanate_addition,dynamic_viscosity,15.02,Pa*s,,,elapsed_time,3.5,min,experimental,source_raw_workbook,raw_point,TA Instruments AR200ex rheometer; source time series,direct_experimental_process_property,conditional_reference,formulation_resolved_commercial_component_A_unresolved,rheometer_identified_shear_rate_and_temperature_unreported,0.25,False,,family_elorza_recycled_pu_foam,数据/原始/外部数据/新增开放数据/第十六批实验_再生PU泡沫/原始文件/row data for _Sustainable insulating foams_3/SPUF_viscosity_RawData/SPUF30_viscosty.xlsx#Hoja1!A44:B44,1b19d84eb6bd97524a5287272f1933d0d62f6a43137fbd6c295a6780d36a7a7b,CC BY 4.0,elorza-2021-recycled-pu-foam-data;elorza-2021-recycled-pu-foam-paper,时间序列点共享一个配方运行预算，不按点扩增独立样本。
第十六批实验_再生PU泡沫,viscosity:SPUF_3.0,recycled-pu:SPUF_3.0:viscosity:043,SPUF_3.0,component_A_slurry_SPUF_3.0,curve_point,component_A_plus_CDW_PU_foam_powder,polyol_side_mixture_before_isocyanate_addition,dynamic_viscosity,15.25,Pa*s,,,elapsed_time,3.6,min,experimental,source_raw_workbook,raw_point,TA Instruments AR200ex rheometer; source time series,direct_experimental_process_property,conditional_reference,formulation_resolved_commercial_component_A_unresolved,rheometer_identified_shear_rate_and_temperature_unreported,0.25,False,,family_elorza_recycled_pu_foam,数据/原始/外部数据/新增开放数据/第十六批实验_再生PU泡沫/原始文件/row data for _Sustainable insulating foams_3/SPUF_viscosity_RawData/SPUF30_viscosty.xlsx#Hoja1!A45:B45,1b19d84eb6bd97524a5287272f1933d0d62f6a43137fbd6c295a6780d36a7a7b,CC BY 4.0,elorza-2021-recycled-pu-foam-data;elorza-2021-recycled-pu-foam-paper,时间序列点共享一个配方运行预算，不按点扩增独立样本。
第十六批实验_再生PU泡沫,viscosity:SPUF_3.0,recycled-pu:SPUF_3.0:viscosity:044,SPUF_3.0,component_A_slurry_SPUF_3.0,curve_point,component_A_plus_CDW_PU_foam_powder,polyol_side_mixture_before_isocyanate_addition,dynamic_viscosity,15.07,Pa*s,,,elapsed_time,3.7,min,experimental,source_raw_workbook,raw_point,TA Instruments AR200ex rheometer; source time series,direct_experimental_process_property,conditional_reference,formulation_resolved_commercial_component_A_unresolved,rheometer_identified_shear_rate_and_temperature_unreported,0.25,False,,family_elorza_recycled_pu_foam,数据/原始/外部数据/新增开放数据/第十六批实验_再生PU泡沫/原始文件/row data for _Sustainable insulating foams_3/SPUF_viscosity_RawData/SPUF30_viscosty.xlsx#Hoja1!A46:B46,1b19d84eb6bd97524a5287272f1933d0d62f6a43137fbd6c295a6780d36a7a7b,CC BY 4.0,elorza-2021-recycled-pu-foam-data;elorza-2021-recycled-pu-foam-paper,时间序列点共享一个配方运行预算，不按点扩增独立样本。
第十六批实验_再生PU泡沫,viscosity:SPUF_3.0,recycled-pu:SPUF_3.0:viscosity:045,SPUF_3.0,component_A_slurry_SPUF_3.0,curve_point,component_A_plus_CDW_PU_foam_powder,polyol_side_mixture_before_isocyanate_addition,dynamic_viscosity,14.7,Pa*s,,,elapsed_time,3.8,min,experimental,source_raw_workbook,raw_point,TA Instruments AR200ex rheometer; source time series,direct_experimental_process_property,conditional_reference,formulation_resolved_commercial_component_A_unresolved,rheometer_identified_shear_rate_and_temperature_unreported,0.25,False,,family_elorza_recycled_pu_foam,数据/原始/外部数据/新增开放数据/第十六批实验_再生PU泡沫/原始文件/row data for _Sustainable insulating foams_3/SPUF_viscosity_RawData/SPUF30_viscosty.xlsx#Hoja1!A47:B47,1b19d84eb6bd97524a5287272f1933d0d62f6a43137fbd6c295a6780d36a7a7b,CC BY 4.0,elorza-2021-recycled-pu-foam-data;elorza-2021-recycled-pu-foam-paper,时间序列点共享一个配方运行预算，不按点扩增独立样本。
第十六批实验_再生PU泡沫,viscosity:SPUF_3.0,recycled-pu:SPUF_3.0:viscosity:046,SPUF_3.0,component_A_slurry_SPUF_3.0,curve_point,component_A_plus_CDW_PU_foam_powder,polyol_side_mixture_before_isocyanate_addition,dynamic_viscosity,14.7,Pa*s,,,elapsed_time,3.8,min,experimental,source_raw_workbook,raw_point,TA Instruments AR200ex rheometer; source time series,direct_experimental_process_property,conditional_reference,formulation_resolved_commercial_component_A_unresolved,rheometer_identified_shear_rate_and_temperature_unreported,0.25,False,,family_elorza_recycled_pu_foam,数据/原始/外部数据/新增开放数据/第十六批实验_再生PU泡沫/原始文件/row data for _Sustainable insulating foams_3/SPUF_viscosity_RawData/SPUF30_viscosty.xlsx#Hoja1!A48:B48,1b19d84eb6bd97524a5287272f1933d0d62f6a43137fbd6c295a6780d36a7a7b,CC BY 4.0,elorza-2021-recycled-pu-foam-data;elorza-2021-recycled-pu-foam-paper,时间序列点共享一个配方运行预算，不按点扩增独立样本。
第十六批实验_再生PU泡沫,viscosity:SPUF_3.0,recycled-pu:SPUF_3.0:viscosity:047,SPUF_3.0,component_A_slurry_SPUF_3.0,curve_point,component_A_plus_CDW_PU_foam_powder,polyol_side_mixture_before_isocyanate_addition,dynamic_viscosity,14.5,Pa*s,,,elapsed_time,3.9,min,experimental,source_raw_workbook,raw_point,TA Instruments AR200ex rheometer; source time series,direct_experimental_process_property,conditional_reference,formulation_resolved_commercial_component_A_unresolved,rheometer_identified_shear_rate_and_temperature_unreported,0.25,False,,family_elorza_recycled_pu_foam,数据/原始/外部数据/新增开放数据/第十六批实验_再生PU泡沫/原始文件/row data for _Sustainable insulating foams_3/SPUF_viscosity_RawData/SPUF30_viscosty.xlsx#Hoja1!A49:B49,1b19d84eb6bd97524a5287272f1933d0d62f6a43137fbd6c295a6780d36a7a7b,CC BY 4.0,elorza-2021-recycled-pu-foam-data;elorza-2021-recycled-pu-foam-paper,时间序列点共享一个配方运行预算，不按点扩增独立样本。
第十六批实验_再生PU泡沫,viscosity:SPUF_3.0,recycled-pu:SPUF_3.0:viscosity:048,SPUF_3.0,component_A_slurry_SPUF_3.0,curve_point,component_A_plus_CDW_PU_foam_powder,polyol_side_mixture_before_isocyanate_addition,dynamic_viscosity,14.55,Pa*s,,,elapsed_time,4.0,min,experimental,source_raw_workbook,raw_point,TA Instruments AR200ex rheometer; source time series,direct_experimental_process_property,conditional_reference,formulation_resolved_commercial_component_A_unresolved,rheometer_identified_shear_rate_and_temperature_unreported,0.25,False,,family_elorza_recycled_pu_foam,数据/原始/外部数据/新增开放数据/第十六批实验_再生PU泡沫/原始文件/row data for _Sustainable insulating foams_3/SPUF_viscosity_RawData/SPUF30_viscosty.xlsx#Hoja1!A50:B50,1b19d84eb6bd97524a5287272f1933d0d62f6a43137fbd6c295a6780d36a7a7b,CC BY 4.0,elorza-2021-recycled-pu-foam-data;elorza-2021-recycled-pu-foam-paper,时间序列点共享一个配方运行预算，不按点扩增独立样本。
第十六批实验_再生PU泡沫,viscosity:SPUF_3.0,recycled-pu:SPUF_3.0:viscosity:049,SPUF_3.0,component_A_slurry_SPUF_3.0,curve_point,component_A_plus_CDW_PU_foam_powder,polyol_side_mixture_before_isocyanate_addition,dynamic_viscosity,14.41,Pa*s,,,elapsed_time,4.1,min,experimental,source_raw_workbook,raw_point,TA Instruments AR200ex rheometer; source time series,direct_experimental_process_property,conditional_reference,formulation_resolved_commercial_component_A_unresolved,rheometer_identified_shear_rate_and_temperature_unreported,0.25,False,,family_elorza_recycled_pu_foam,数据/原始/外部数据/新增开放数据/第十六批实验_再生PU泡沫/原始文件/row data for _Sustainable insulating foams_3/SPUF_viscosity_RawData/SPUF30_viscosty.xlsx#Hoja1!A51:B51,1b19d84eb6bd97524a5287272f1933d0d62f6a43137fbd6c295a6780d36a7a7b,CC BY 4.0,elorza-2021-recycled-pu-foam-data;elorza-2021-recycled-pu-foam-paper,时间序列点共享一个配方运行预算，不按点扩增独立样本。
第十六批实验_再生PU泡沫,viscosity:SPUF_3.0,recycled-pu:SPUF_3.0:viscosity:050,SPUF_3.0,component_A_slurry_SPUF_3.0,curve_point,component_A_plus_CDW_PU_foam_powder,polyol_side_mixture_before_isocyanate_addition,dynamic_viscosity,14.2,Pa*s,,,elapsed_time,4.2,min,experimental,source_raw_workbook,raw_point,TA Instruments AR200ex rheometer; source time series,direct_experimental_process_property,conditional_reference,formulation_resolved_commercial_component_A_unresolved,rheometer_identified_shear_rate_and_temperature_unreported,0.25,False,,family_elorza_recycled_pu_foam,数据/原始/外部数据/新增开放数据/第十六批实验_再生PU泡沫/原始文件/row data for _Sustainable insulating foams_3/SPUF_viscosity_RawData/SPUF30_viscosty.xlsx#Hoja1!A52:B52,1b19d84eb6bd97524a5287272f1933d0d62f6a43137fbd6c295a6780d36a7a7b,CC BY 4.0,elorza-2021-recycled-pu-foam-data;elorza-2021-recycled-pu-foam-paper,时间序列点共享一个配方运行预算，不按点扩增独立样本。
第十六批实验_再生PU泡沫,viscosity:SPUF_3.0,recycled-pu:SPUF_3.0:viscosity:051,SPUF_3.0,component_A_slurry_SPUF_3.0,curve_point,component_A_plus_CDW_PU_foam_powder,polyol_side_mixture_before_isocyanate_addition,dynamic_viscosity,14.12,Pa*s,,,elapsed_time,4.3,min,experimental,source_raw_workbook,raw_point,TA Instruments AR200ex rheometer; source time series,direct_experimental_process_property,conditional_reference,formulation_resolved_commercial_component_A_unresolved,rheometer_identified_shear_rate_and_temperature_unreported,0.25,False,,family_elorza_recycled_pu_foam,数据/原始/外部数据/新增开放数据/第十六批实验_再生PU泡沫/原始文件/row data for _Sustainable insulating foams_3/SPUF_viscosity_RawData/SPUF30_viscosty.xlsx#Hoja1!A53:B53,1b19d84eb6bd97524a5287272f1933d0d62f6a43137fbd6c295a6780d36a7a7b,CC BY 4.0,elorza-2021-recycled-pu-foam-data;elorza-2021-recycled-pu-foam-paper,时间序列点共享一个配方运行预算，不按点扩增独立样本。
第十六批实验_再生PU泡沫,viscosity:SPUF_3.0,recycled-pu:SPUF_3.0:viscosity:052,SPUF_3.0,component_A_slurry_SPUF_3.0,curve_point,component_A_plus_CDW_PU_foam_powder,polyol_side_mixture_before_isocyanate_addition,dynamic_viscosity,14.49,Pa*s,,,elapsed_time,4.3,min,experimental,source_raw_workbook,raw_point,TA Instruments AR200ex rheometer; source time series,direct_experimental_process_property,conditional_reference,formulation_resolved_commercial_component_A_unresolved,rheometer_identified_shear_rate_and_temperature_unreported,0.25,False,,family_elorza_recycled_pu_foam,数据/原始/外部数据/新增开放数据/第十六批实验_再生PU泡沫/原始文件/row data for _Sustainable insulating foams_3/SPUF_viscosity_RawData/SPUF30_viscosty.xlsx#Hoja1!A54:B54,1b19d84eb6bd97524a5287272f1933d0d62f6a43137fbd6c295a6780d36a7a7b,CC BY 4.0,elorza-2021-recycled-pu-foam-data;elorza-2021-recycled-pu-foam-paper,时间序列点共享一个配方运行预算，不按点扩增独立样本。
第十六批实验_再生PU泡沫,viscosity:SPUF_3.0,recycled-pu:SPUF_3.0:viscosity:053,SPUF_3.0,component_A_slurry_SPUF_3.0,curve_point,component_A_plus_CDW_PU_foam_powder,polyol_side_mixture_before_isocyanate_addition,dynamic_viscosity,13.91,Pa*s,,,elapsed_time,4.4,min,experimental,source_raw_workbook,raw_point,TA Instruments AR200ex rheometer; source time series,direct_experimental_process_property,conditional_reference,formulation_resolved_commercial_component_A_unresolved,rheometer_identified_shear_rate_and_temperature_unreported,0.25,False,,family_elorza_recycled_pu_foam,数据/原始/外部数据/新增开放数据/第十六批实验_再生PU泡沫/原始文件/row data for _Sustainable insulating foams_3/SPUF_viscosity_RawData/SPUF30_viscosty.xlsx#Hoja1!A55:B55,1b19d84eb6bd97524a5287272f1933d0d62f6a43137fbd6c295a6780d36a7a7b,CC BY 4.0,elorza-2021-recycled-pu-foam-data;elorza-2021-recycled-pu-foam-paper,时间序列点共享一个配方运行预算，不按点扩增独立样本。
第十六批实验_再生PU泡沫,viscosity:SPUF_3.0,recycled-pu:SPUF_3.0:viscosity:054,SPUF_3.0,component_A_slurry_SPUF_3.0,curve_point,component_A_plus_CDW_PU_foam_powder,polyol_side_mixture_before_isocyanate_addition,dynamic_viscosity,14.0,Pa*s,,,elapsed_time,4.5,min,experimental,source_raw_workbook,raw_point,TA Instruments AR200ex rheometer; source time series,direct_experimental_process_property,conditional_reference,formulation_resolved_commercial_component_A_unresolved,rheometer_identified_shear_rate_and_temperature_unreported,0.25,False,,family_elorza_recycled_pu_foam,数据/原始/外部数据/新增开放数据/第十六批实验_再生PU泡沫/原始文件/row data for _Sustainable insulating foams_3/SPUF_viscosity_RawData/SPUF30_viscosty.xlsx#Hoja1!A56:B56,1b19d84eb6bd97524a5287272f1933d0d62f6a43137fbd6c295a6780d36a7a7b,CC BY 4.0,elorza-2021-recycled-pu-foam-data;elorza-2021-recycled-pu-foam-paper,时间序列点共享一个配方运行预算，不按点扩增独立样本。
第十六批实验_再生PU泡沫,viscosity:SPUF_3.0,recycled-pu:SPUF_3.0:viscosity:055,SPUF_3.0,component_A_slurry_SPUF_3.0,curve_point,component_A_plus_CDW_PU_foam_powder,polyol_side_mixture_before_isocyanate_addition,dynamic_viscosity,14.11,Pa*s,,,elapsed_time,4.6,min,experimental,source_raw_workbook,raw_point,TA Instruments AR200ex rheometer; source time series,direct_experimental_process_property,conditional_reference,formulation_resolved_commercial_component_A_unresolved,rheometer_identified_shear_rate_and_temperature_unreported,0.25,False,,family_elorza_recycled_pu_foam,数据/原始/外部数据/新增开放数据/第十六批实验_再生PU泡沫/原始文件/row data for _Sustainable insulating foams_3/SPUF_viscosity_RawData/SPUF30_viscosty.xlsx#Hoja1!A57:B57,1b19d84eb6bd97524a5287272f1933d0d62f6a43137fbd6c295a6780d36a7a7b,CC BY 4.0,elorza-2021-recycled-pu-foam-data;elorza-2021-recycled-pu-foam-paper,时间序列点共享一个配方运行预算，不按点扩增独立样本。
第十六批实验_再生PU泡沫,viscosity:SPUF_3.0,recycled-pu:SPUF_3.0:viscosity:056,SPUF_3.0,component_A_slurry_SPUF_3.0,curve_point,component_A_plus_CDW_PU_foam_powder,polyol_side_mixture_before_isocyanate_addition,dynamic_viscosity,14.24,Pa*s,,,elapsed_time,4.7,min,experimental,source_raw_workbook,raw_point,TA Instruments AR200ex rheometer; source time series,direct_experimental_process_property,conditional_reference,formulation_resolved_commercial_component_A_unresolved,rheometer_identified_shear_rate_and_temperature_unreported,0.25,False,,family_elorza_recycled_pu_foam,数据/原始/外部数据/新增开放数据/第十六批实验_再生PU泡沫/原始文件/row data for _Sustainable insulating foams_3/SPUF_viscosity_RawData/SPUF30_viscosty.xlsx#Hoja1!A58:B58,1b19d84eb6bd97524a5287272f1933d0d62f6a43137fbd6c295a6780d36a7a7b,CC BY 4.0,elorza-2021-recycled-pu-foam-data;elorza-2021-recycled-pu-foam-paper,时间序列点共享一个配方运行预算，不按点扩增独立样本。
第十六批实验_再生PU泡沫,viscosity:SPUF_3.0,recycled-pu:SPUF_3.0:viscosity:057,SPUF_3.0,component_A_slurry_SPUF_3.0,curve_point,component_A_plus_CDW_PU_foam_powder,polyol_side_mixture_before_isocyanate_addition,dynamic_viscosity,14.52,Pa*s,,,elapsed_time,4.8,min,experimental,source_raw_workbook,raw_point,TA Instruments AR200ex rheometer; source time series,direct_experimental_process_property,conditional_reference,formulation_resolved_commercial_component_A_unresolved,rheometer_identified_shear_rate_and_temperature_unreported,0.25,False,,family_elorza_recycled_pu_foam,数据/原始/外部数据/新增开放数据/第十六批实验_再生PU泡沫/原始文件/row data for _Sustainable insulating foams_3/SPUF_viscosity_RawData/SPUF30_viscosty.xlsx#Hoja1!A59:B59,1b19d84eb6bd97524a5287272f1933d0d62f6a43137fbd6c295a6780d36a7a7b,CC BY 4.0,elorza-2021-recycled-pu-foam-data;elorza-2021-recycled-pu-foam-paper,时间序列点共享一个配方运行预算，不按点扩增独立样本。
第十六批实验_再生PU泡沫,viscosity:SPUF_3.0,recycled-pu:SPUF_3.0:viscosity:058,SPUF_3.0,component_A_slurry_SPUF_3.0,curve_point,component_A_plus_CDW_PU_foam_powder,polyol_side_mixture_before_isocyanate_addition,dynamic_viscosity,14.16,Pa*s,,,elapsed_time,4.8,min,experimental,source_raw_workbook,raw_point,TA Instruments AR200ex rheometer; source time series,direct_experimental_process_property,conditional_reference,formulation_resolved_commercial_component_A_unresolved,rheometer_identified_shear_rate_and_temperature_unreported,0.25,False,,family_elorza_recycled_pu_foam,数据/原始/外部数据/新增开放数据/第十六批实验_再生PU泡沫/原始文件/row data for _Sustainable insulating foams_3/SPUF_viscosity_RawData/SPUF30_viscosty.xlsx#Hoja1!A60:B60,1b19d84eb6bd97524a5287272f1933d0d62f6a43137fbd6c295a6780d36a7a7b,CC BY 4.0,elorza-2021-recycled-pu-foam-data;elorza-2021-recycled-pu-foam-paper,时间序列点共享一个配方运行预算，不按点扩增独立样本。
第十六批实验_再生PU泡沫,viscosity:SPUF_3.0,recycled-pu:SPUF_3.0:viscosity:059,SPUF_3.0,component_A_slurry_SPUF_3.0,curve_point,component_A_plus_CDW_PU_foam_powder,polyol_side_mixture_before_isocyanate_addition,dynamic_viscosity,14.28,Pa*s,,,elapsed_time,4.9,min,experimental,source_raw_workbook,raw_point,TA Instruments AR200ex rheometer; source time series,direct_experimental_process_property,conditional_reference,formulation_resolved_commercial_component_A_unresolved,rheometer_identified_shear_rate_and_temperature_unreported,0.25,False,,family_elorza_recycled_pu_foam,数据/原始/外部数据/新增开放数据/第十六批实验_再生PU泡沫/原始文件/row data for _Sustainable insulating foams_3/SPUF_viscosity_RawData/SPUF30_viscosty.xlsx#Hoja1!A61:B61,1b19d84eb6bd97524a5287272f1933d0d62f6a43137fbd6c295a6780d36a7a7b,CC BY 4.0,elorza-2021-recycled-pu-foam-data;elorza-2021-recycled-pu-foam-paper,时间序列点共享一个配方运行预算，不按点扩增独立样本。
第十六批实验_再生PU泡沫,viscosity:SPUF_3.0,recycled-pu:SPUF_3.0:viscosity:060,SPUF_3.0,component_A_slurry_SPUF_3.0,curve_point,component_A_plus_CDW_PU_foam_powder,polyol_side_mixture_before_isocyanate_addition,dynamic_viscosity,14.31,Pa*s,,,elapsed_time,5.0,min,experimental,source_raw_workbook,raw_point,TA Instruments AR200ex rheometer; source time series,direct_experimental_process_property,conditional_reference,formulation_resolved_commercial_component_A_unresolved,rheometer_identified_shear_rate_and_temperature_unreported,0.25,False,,family_elorza_recycled_pu_foam,数据/原始/外部数据/新增开放数据/第十六批实验_再生PU泡沫/原始文件/row data for _Sustainable insulating foams_3/SPUF_viscosity_RawData/SPUF30_viscosty.xlsx#Hoja1!A62:B62,1b19d84eb6bd97524a5287272f1933d0d62f6a43137fbd6c295a6780d36a7a7b,CC BY 4.0,elorza-2021-recycled-pu-foam-data;elorza-2021-recycled-pu-foam-paper,时间序列点共享一个配方运行预算，不按点扩增独立样本。
第十六批实验_再生PU泡沫,viscosity:SPUF_4.5,recycled-pu:SPUF_4.5:viscosity:001,SPUF_4.5,component_A_slurry_SPUF_4.5,curve_point,component_A_plus_CDW_PU_foam_powder,polyol_side_mixture_before_isocyanate_addition,dynamic_viscosity,96.66,Pa*s,,,elapsed_time,0.1,min,experimental,source_raw_workbook,raw_point,TA Instruments AR200ex rheometer; source time series,direct_experimental_process_property,conditional_reference,formulation_resolved_commercial_component_A_unresolved,rheometer_identified_shear_rate_and_temperature_unreported,0.25,False,,family_elorza_recycled_pu_foam,数据/原始/外部数据/新增开放数据/第十六批实验_再生PU泡沫/原始文件/row data for _Sustainable insulating foams_3/SPUF_viscosity_RawData/SPUF45_viscosty.xlsx#Hoja1!A3:B3,b8137c40f7ec23eb648e2e928715eb7733b8a9ed21de0b58be712eadecd7c260,CC BY 4.0,elorza-2021-recycled-pu-foam-data;elorza-2021-recycled-pu-foam-paper,时间序列点共享一个配方运行预算，不按点扩增独立样本。
第十六批实验_再生PU泡沫,viscosity:SPUF_4.5,recycled-pu:SPUF_4.5:viscosity:002,SPUF_4.5,component_A_slurry_SPUF_4.5,curve_point,component_A_plus_CDW_PU_foam_powder,polyol_side_mixture_before_isocyanate_addition,dynamic_viscosity,90.39,Pa*s,,,elapsed_time,0.2,min,experimental,source_raw_workbook,raw_point,TA Instruments AR200ex rheometer; source time series,direct_experimental_process_property,conditional_reference,formulation_resolved_commercial_component_A_unresolved,rheometer_identified_shear_rate_and_temperature_unreported,0.25,False,,family_elorza_recycled_pu_foam,数据/原始/外部数据/新增开放数据/第十六批实验_再生PU泡沫/原始文件/row data for _Sustainable insulating foams_3/SPUF_viscosity_RawData/SPUF45_viscosty.xlsx#Hoja1!A4:B4,b8137c40f7ec23eb648e2e928715eb7733b8a9ed21de0b58be712eadecd7c260,CC BY 4.0,elorza-2021-recycled-pu-foam-data;elorza-2021-recycled-pu-foam-paper,时间序列点共享一个配方运行预算，不按点扩增独立样本。
第十六批实验_再生PU泡沫,viscosity:SPUF_4.5,recycled-pu:SPUF_4.5:viscosity:003,SPUF_4.5,component_A_slurry_SPUF_4.5,curve_point,component_A_plus_CDW_PU_foam_powder,polyol_side_mixture_before_isocyanate_addition,dynamic_viscosity,86.75,Pa*s,,,elapsed_time,0.3,min,experimental,source_raw_workbook,raw_point,TA Instruments AR200ex rheometer; source time series,direct_experimental_process_property,conditional_reference,formulation_resolved_commercial_component_A_unresolved,rheometer_identified_shear_rate_and_temperature_unreported,0.25,False,,family_elorza_recycled_pu_foam,数据/原始/外部数据/新增开放数据/第十六批实验_再生PU泡沫/原始文件/row data for _Sustainable insulating foams_3/SPUF_viscosity_RawData/SPUF45_viscosty.xlsx#Hoja1!A5:B5,b8137c40f7ec23eb648e2e928715eb7733b8a9ed21de0b58be712eadecd7c260,CC BY 4.0,elorza-2021-recycled-pu-foam-data;elorza-2021-recycled-pu-foam-paper,时间序列点共享一个配方运行预算，不按点扩增独立样本。
第十六批实验_再生PU泡沫,viscosity:SPUF_4.5,recycled-pu:SPUF_4.5:viscosity:004,SPUF_4.5,component_A_slurry_SPUF_4.5,curve_point,component_A_plus_CDW_PU_foam_powder,polyol_side_mixture_before_isocyanate_addition,dynamic_viscosity,84.87,Pa*s,,,elapsed_time,0.3,min,experimental,source_raw_workbook,raw_point,TA Instruments AR200ex rheometer; source time series,direct_experimental_process_property,conditional_reference,formulation_resolved_commercial_component_A_unresolved,rheometer_identified_shear_rate_and_temperature_unreported,0.25,False,,family_elorza_recycled_pu_foam,数据/原始/外部数据/新增开放数据/第十六批实验_再生PU泡沫/原始文件/row data for _Sustainable insulating foams_3/SPUF_viscosity_RawData/SPUF45_viscosty.xlsx#Hoja1!A6:B6,b8137c40f7ec23eb648e2e928715eb7733b8a9ed21de0b58be712eadecd7c260,CC BY 4.0,elorza-2021-recycled-pu-foam-data;elorza-2021-recycled-pu-foam-paper,时间序列点共享一个配方运行预算，不按点扩增独立样本。
第十六批实验_再生PU泡沫,viscosity:SPUF_4.5,recycled-pu:SPUF_4.5:viscosity:005,SPUF_4.5,component_A_slurry_SPUF_4.5,curve_point,component_A_plus_CDW_PU_foam_powder,polyol_side_mixture_before_isocyanate_addition,dynamic_viscosity,82.78,Pa*s,,,elapsed_time,0.4,min,experimental,source_raw_workbook,raw_point,TA Instruments AR200ex rheometer; source time series,direct_experimental_process_property,conditional_reference,formulation_resolved_commercial_component_A_unresolved,rheometer_identified_shear_rate_and_temperature_unreported,0.25,False,,family_elorza_recycled_pu_foam,数据/原始/外部数据/新增开放数据/第十六批实验_再生PU泡沫/原始文件/row data for _Sustainable insulating foams_3/SPUF_viscosity_RawData/SPUF45_viscosty.xlsx#Hoja1!A7:B7,b8137c40f7ec23eb648e2e928715eb7733b8a9ed21de0b58be712eadecd7c260,CC BY 4.0,elorza-2021-recycled-pu-foam-data;elorza-2021-recycled-pu-foam-paper,时间序列点共享一个配方运行预算，不按点扩增独立样本。
第十六批实验_再生PU泡沫,viscosity:SPUF_4.5,recycled-pu:SPUF_4.5:viscosity:006,SPUF_4.5,component_A_slurry_SPUF_4.5,curve_point,component_A_plus_CDW_PU_foam_powder,polyol_side_mixture_before_isocyanate_addition,dynamic_viscosity,81.97,Pa*s,,,elapsed_time,0.5,min,experimental,source_raw_workbook,raw_point,TA Instruments AR200ex rheometer; source time series,direct_experimental_process_property,conditional_reference,formulation_resolved_commercial_component_A_unresolved,rheometer_identified_shear_rate_and_temperature_unreported,0.25,False,,family_elorza_recycled_pu_foam,数据/原始/外部数据/新增开放数据/第十六批实验_再生PU泡沫/原始文件/row data for _Sustainable insulating foams_3/SPUF_viscosity_RawData/SPUF45_viscosty.xlsx#Hoja1!A8:B8,b8137c40f7ec23eb648e2e928715eb7733b8a9ed21de0b58be712eadecd7c260,CC BY 4.0,elorza-2021-recycled-pu-foam-data;elorza-2021-recycled-pu-foam-paper,时间序列点共享一个配方运行预算，不按点扩增独立样本。
第十六批实验_再生PU泡沫,viscosity:SPUF_4.5,recycled-pu:SPUF_4.5:viscosity:007,SPUF_4.5,component_A_slurry_SPUF_4.5,curve_point,component_A_plus_CDW_PU_foam_powder,polyol_side_mixture_before_isocyanate_addition,dynamic_viscosity,79.1,Pa*s,,,elapsed_time,0.6,min,experimental,source_raw_workbook,raw_point,TA Instruments AR200ex rheometer; source time series,direct_experimental_process_property,conditional_reference,formulation_resolved_commercial_component_A_unresolved,rheometer_identified_shear_rate_and_temperature_unreported,0.25,False,,family_elorza_recycled_pu_foam,数据/原始/外部数据/新增开放数据/第十六批实验_再生PU泡沫/原始文件/row data for _Sustainable insulating foams_3/SPUF_viscosity_RawData/SPUF45_viscosty.xlsx#Hoja1!A9:B9,b8137c40f7ec23eb648e2e928715eb7733b8a9ed21de0b58be712eadecd7c260,CC BY 4.0,elorza-2021-recycled-pu-foam-data;elorza-2021-recycled-pu-foam-paper,时间序列点共享一个配方运行预算，不按点扩增独立样本。
第十六批实验_再生PU泡沫,viscosity:SPUF_4.5,recycled-pu:SPUF_4.5:viscosity:008,SPUF_4.5,component_A_slurry_SPUF_4.5,curve_point,component_A_plus_CDW_PU_foam_powder,polyol_side_mixture_before_isocyanate_addition,dynamic_viscosity,77.2,Pa*s,,,elapsed_time,0.7,min,experimental,source_raw_workbook,raw_point,TA Instruments AR200ex rheometer; source time series,direct_experimental_process_property,conditional_reference,formulation_resolved_commercial_component_A_unresolved,rheometer_identified_shear_rate_and_temperature_unreported,0.25,False,,family_elorza_recycled_pu_foam,数据/原始/外部数据/新增开放数据/第十六批实验_再生PU泡沫/原始文件/row data for _Sustainable insulating foams_3/SPUF_viscosity_RawData/SPUF45_viscosty.xlsx#Hoja1!A10:B10,b8137c40f7ec23eb648e2e928715eb7733b8a9ed21de0b58be712eadecd7c260,CC BY 4.0,elorza-2021-recycled-pu-foam-data;elorza-2021-recycled-pu-foam-paper,时间序列点共享一个配方运行预算，不按点扩增独立样本。
第十六批实验_再生PU泡沫,viscosity:SPUF_4.5,recycled-pu:SPUF_4.5:viscosity:009,SPUF_4.5,component_A_slurry_SPUF_4.5,curve_point,component_A_plus_CDW_PU_foam_powder,polyol_side_mixture_before_isocyanate_addition,dynamic_viscosity,74.87,Pa*s,,,elapsed_time,0.8,min,experimental,source_raw_workbook,raw_point,TA Instruments AR200ex rheometer; source time series,direct_experimental_process_property,conditional_reference,formulation_resolved_commercial_component_A_unresolved,rheometer_identified_shear_rate_and_temperature_unreported,0.25,False,,family_elorza_recycled_pu_foam,数据/原始/外部数据/新增开放数据/第十六批实验_再生PU泡沫/原始文件/row data for _Sustainable insulating foams_3/SPUF_viscosity_RawData/SPUF45_viscosty.xlsx#Hoja1!A11:B11,b8137c40f7ec23eb648e2e928715eb7733b8a9ed21de0b58be712eadecd7c260,CC BY 4.0,elorza-2021-recycled-pu-foam-data;elorza-2021-recycled-pu-foam-paper,时间序列点共享一个配方运行预算，不按点扩增独立样本。
第十六批实验_再生PU泡沫,viscosity:SPUF_4.5,recycled-pu:SPUF_4.5:viscosity:010,SPUF_4.5,component_A_slurry_SPUF_4.5,curve_point,component_A_plus_CDW_PU_foam_powder,polyol_side_mixture_before_isocyanate_addition,dynamic_viscosity,72.84,Pa*s,,,elapsed_time,0.8,min,experimental,source_raw_workbook,raw_point,TA Instruments AR200ex rheometer; source time series,direct_experimental_process_property,conditional_reference,formulation_resolved_commercial_component_A_unresolved,rheometer_identified_shear_rate_and_temperature_unreported,0.25,False,,family_elorza_recycled_pu_foam,数据/原始/外部数据/新增开放数据/第十六批实验_再生PU泡沫/原始文件/row data for _Sustainable insulating foams_3/SPUF_viscosity_RawData/SPUF45_viscosty.xlsx#Hoja1!A12:B12,b8137c40f7ec23eb648e2e928715eb7733b8a9ed21de0b58be712eadecd7c260,CC BY 4.0,elorza-2021-recycled-pu-foam-data;elorza-2021-recycled-pu-foam-paper,时间序列点共享一个配方运行预算，不按点扩增独立样本。
第十六批实验_再生PU泡沫,viscosity:SPUF_4.5,recycled-pu:SPUF_4.5:viscosity:011,SPUF_4.5,component_A_slurry_SPUF_4.5,curve_point,component_A_plus_CDW_PU_foam_powder,polyol_side_mixture_before_isocyanate_addition,dynamic_viscosity,70.69,Pa*s,,,elapsed_time,0.9,min,experimental,source_raw_workbook,raw_point,TA Instruments AR200ex rheometer; source time series,direct_experimental_process_property,conditional_reference,formulation_resolved_commercial_component_A_unresolved,rheometer_identified_shear_rate_and_temperature_unreported,0.25,False,,family_elorza_recycled_pu_foam,数据/原始/外部数据/新增开放数据/第十六批实验_再生PU泡沫/原始文件/row data for _Sustainable insulating foams_3/SPUF_viscosity_RawData/SPUF45_viscosty.xlsx#Hoja1!A13:B13,b8137c40f7ec23eb648e2e928715eb7733b8a9ed21de0b58be712eadecd7c260,CC BY 4.0,elorza-2021-recycled-pu-foam-data;elorza-2021-recycled-pu-foam-paper,时间序列点共享一个配方运行预算，不按点扩增独立样本。
第十六批实验_再生PU泡沫,viscosity:SPUF_4.5,recycled-pu:SPUF_4.5:viscosity:012,SPUF_4.5,component_A_slurry_SPUF_4.5,curve_point,component_A_plus_CDW_PU_foam_powder,polyol_side_mixture_before_isocyanate_addition,dynamic_viscosity,69.12,Pa*s,,,elapsed_time,1.0,min,experimental,source_raw_workbook,raw_point,TA Instruments AR200ex rheometer; source time series,direct_experimental_process_property,conditional_reference,formulation_resolved_commercial_component_A_unresolved,rheometer_identified_shear_rate_and_temperature_unreported,0.25,False,,family_elorza_recycled_pu_foam,数据/原始/外部数据/新增开放数据/第十六批实验_再生PU泡沫/原始文件/row data for _Sustainable insulating foams_3/SPUF_viscosity_RawData/SPUF45_viscosty.xlsx#Hoja1!A14:B14,b8137c40f7ec23eb648e2e928715eb7733b8a9ed21de0b58be712eadecd7c260,CC BY 4.0,elorza-2021-recycled-pu-foam-data;elorza-2021-recycled-pu-foam-paper,时间序列点共享一个配方运行预算，不按点扩增独立样本。
第十六批实验_再生PU泡沫,viscosity:SPUF_4.5,recycled-pu:SPUF_4.5:viscosity:013,SPUF_4.5,component_A_slurry_SPUF_4.5,curve_point,component_A_plus_CDW_PU_foam_powder,polyol_side_mixture_before_isocyanate_addition,dynamic_viscosity,67.66,Pa*s,,,elapsed_time,1.1,min,experimental,source_raw_workbook,raw_point,TA Instruments AR200ex rheometer; source time series,direct_experimental_process_property,conditional_reference,formulation_resolved_commercial_component_A_unresolved,rheometer_identified_shear_rate_and_temperature_unreported,0.25,False,,family_elorza_recycled_pu_foam,数据/原始/外部数据/新增开放数据/第十六批实验_再生PU泡沫/原始文件/row data for _Sustainable insulating foams_3/SPUF_viscosity_RawData/SPUF45_viscosty.xlsx#Hoja1!A15:B15,b8137c40f7ec23eb648e2e928715eb7733b8a9ed21de0b58be712eadecd7c260,CC BY 4.0,elorza-2021-recycled-pu-foam-data;elorza-2021-recycled-pu-foam-paper,时间序列点共享一个配方运行预算，不按点扩增独立样本。
第十六批实验_再生PU泡沫,viscosity:SPUF_4.5,recycled-pu:SPUF_4.5:viscosity:014,SPUF_4.5,component_A_slurry_SPUF_4.5,curve_point,component_A_plus_CDW_PU_foam_powder,polyol_side_mixture_before_isocyanate_addition,dynamic_viscosity,66.31,Pa*s,,,elapsed_time,1.2,min,experimental,source_raw_workbook,raw_point,TA Instruments AR200ex rheometer; source time series,direct_experimental_process_property,conditional_reference,formulation_resolved_commercial_component_A_unresolved,rheometer_identified_shear_rate_and_temperature_unreported,0.25,False,,family_elorza_recycled_pu_foam,数据/原始/外部数据/新增开放数据/第十六批实验_再生PU泡沫/原始文件/row data for _Sustainable insulating foams_3/SPUF_viscosity_RawData/SPUF45_viscosty.xlsx#Hoja1!A16:B16,b8137c40f7ec23eb648e2e928715eb7733b8a9ed21de0b58be712eadecd7c260,CC BY 4.0,elorza-2021-recycled-pu-foam-data;elorza-2021-recycled-pu-foam-paper,时间序列点共享一个配方运行预算，不按点扩增独立样本。
第十六批实验_再生PU泡沫,viscosity:SPUF_4.5,recycled-pu:SPUF_4.5:viscosity:015,SPUF_4.5,component_A_slurry_SPUF_4.5,curve_point,component_A_plus_CDW_PU_foam_powder,polyol_side_mixture_before_isocyanate_addition,dynamic_viscosity,66.25,Pa*s,,,elapsed_time,1.3,min,experimental,source_raw_workbook,raw_point,TA Instruments AR200ex rheometer; source time series,direct_experimental_process_property,conditional_reference,formulation_resolved_commercial_component_A_unresolved,rheometer_identified_shear_rate_and_temperature_unreported,0.25,False,,family_elorza_recycled_pu_foam,数据/原始/外部数据/新增开放数据/第十六批实验_再生PU泡沫/原始文件/row data for _Sustainable insulating foams_3/SPUF_viscosity_RawData/SPUF45_viscosty.xlsx#Hoja1!A17:B17,b8137c40f7ec23eb648e2e928715eb7733b8a9ed21de0b58be712eadecd7c260,CC BY 4.0,elorza-2021-recycled-pu-foam-data;elorza-2021-recycled-pu-foam-paper,时间序列点共享一个配方运行预算，不按点扩增独立样本。
第十六批实验_再生PU泡沫,viscosity:SPUF_4.5,recycled-pu:SPUF_4.5:viscosity:016,SPUF_4.5,component_A_slurry_SPUF_4.5,curve_point,component_A_plus_CDW_PU_foam_powder,polyol_side_mixture_before_isocyanate_addition,dynamic_viscosity,65.48,Pa*s,,,elapsed_time,1.3,min,experimental,source_raw_workbook,raw_point,TA Instruments AR200ex rheometer; source time series,direct_experimental_process_property,conditional_reference,formulation_resolved_commercial_component_A_unresolved,rheometer_identified_shear_rate_and_temperature_unreported,0.25,False,,family_elorza_recycled_pu_foam,数据/原始/外部数据/新增开放数据/第十六批实验_再生PU泡沫/原始文件/row data for _Sustainable insulating foams_3/SPUF_viscosity_RawData/SPUF45_viscosty.xlsx#Hoja1!A18:B18,b8137c40f7ec23eb648e2e928715eb7733b8a9ed21de0b58be712eadecd7c260,CC BY 4.0,elorza-2021-recycled-pu-foam-data;elorza-2021-recycled-pu-foam-paper,时间序列点共享一个配方运行预算，不按点扩增独立样本。
第十六批实验_再生PU泡沫,viscosity:SPUF_4.5,recycled-pu:SPUF_4.5:viscosity:017,SPUF_4.5,component_A_slurry_SPUF_4.5,curve_point,component_A_plus_CDW_PU_foam_powder,polyol_side_mixture_before_isocyanate_addition,dynamic_viscosity,64.96,Pa*s,,,elapsed_time,1.4,min,experimental,source_raw_workbook,raw_point,TA Instruments AR200ex rheometer; source time series,direct_experimental_process_property,conditional_reference,formulation_resolved_commercial_component_A_unresolved,rheometer_identified_shear_rate_and_temperature_unreported,0.25,False,,family_elorza_recycled_pu_foam,数据/原始/外部数据/新增开放数据/第十六批实验_再生PU泡沫/原始文件/row data for _Sustainable insulating foams_3/SPUF_viscosity_RawData/SPUF45_viscosty.xlsx#Hoja1!A19:B19,b8137c40f7ec23eb648e2e928715eb7733b8a9ed21de0b58be712eadecd7c260,CC BY 4.0,elorza-2021-recycled-pu-foam-data;elorza-2021-recycled-pu-foam-paper,时间序列点共享一个配方运行预算，不按点扩增独立样本。
第十六批实验_再生PU泡沫,viscosity:SPUF_4.5,recycled-pu:SPUF_4.5:viscosity:018,SPUF_4.5,component_A_slurry_SPUF_4.5,curve_point,component_A_plus_CDW_PU_foam_powder,polyol_side_mixture_before_isocyanate_addition,dynamic_viscosity,64.78,Pa*s,,,elapsed_time,1.5,min,experimental,source_raw_workbook,raw_point,TA Instruments AR200ex rheometer; source time series,direct_experimental_process_property,conditional_reference,formulation_resolved_commercial_component_A_unresolved,rheometer_identified_shear_rate_and_temperature_unreported,0.25,False,,family_elorza_recycled_pu_foam,数据/原始/外部数据/新增开放数据/第十六批实验_再生PU泡沫/原始文件/row data for _Sustainable insulating foams_3/SPUF_viscosity_RawData/SPUF45_viscosty.xlsx#Hoja1!A20:B20,b8137c40f7ec23eb648e2e928715eb7733b8a9ed21de0b58be712eadecd7c260,CC BY 4.0,elorza-2021-recycled-pu-foam-data;elorza-2021-recycled-pu-foam-paper,时间序列点共享一个配方运行预算，不按点扩增独立样本。
第十六批实验_再生PU泡沫,viscosity:SPUF_4.5,recycled-pu:SPUF_4.5:viscosity:019,SPUF_4.5,component_A_slurry_SPUF_4.5,curve_point,component_A_plus_CDW_PU_foam_powder,polyol_side_mixture_before_isocyanate_addition,dynamic_viscosity,64.01,Pa*s,,,elapsed_time,1.6,min,experimental,source_raw_workbook,raw_point,TA Instruments AR200ex rheometer; source time series,direct_experimental_process_property,conditional_reference,formulation_resolved_commercial_component_A_unresolved,rheometer_identified_shear_rate_and_temperature_unreported,0.25,False,,family_elorza_recycled_pu_foam,数据/原始/外部数据/新增开放数据/第十六批实验_再生PU泡沫/原始文件/row data for _Sustainable insulating foams_3/SPUF_viscosity_RawData/SPUF45_viscosty.xlsx#Hoja1!A21:B21,b8137c40f7ec23eb648e2e928715eb7733b8a9ed21de0b58be712eadecd7c260,CC BY 4.0,elorza-2021-recycled-pu-foam-data;elorza-2021-recycled-pu-foam-paper,时间序列点共享一个配方运行预算，不按点扩增独立样本。
第十六批实验_再生PU泡沫,viscosity:SPUF_4.5,recycled-pu:SPUF_4.5:viscosity:020,SPUF_4.5,component_A_slurry_SPUF_4.5,curve_point,component_A_plus_CDW_PU_foam_powder,polyol_side_mixture_before_isocyanate_addition,dynamic_viscosity,63.67,Pa*s,,,elapsed_time,1.7,min,experimental,source_raw_workbook,raw_point,TA Instruments AR200ex rheometer; source time series,direct_experimental_process_property,conditional_reference,formulation_resolved_commercial_component_A_unresolved,rheometer_identified_shear_rate_and_temperature_unreported,0.25,False,,family_elorza_recycled_pu_foam,数据/原始/外部数据/新增开放数据/第十六批实验_再生PU泡沫/原始文件/row data for _Sustainable insulating foams_3/SPUF_viscosity_RawData/SPUF45_viscosty.xlsx#Hoja1!A22:B22,b8137c40f7ec23eb648e2e928715eb7733b8a9ed21de0b58be712eadecd7c260,CC BY 4.0,elorza-2021-recycled-pu-foam-data;elorza-2021-recycled-pu-foam-paper,时间序列点共享一个配方运行预算，不按点扩增独立样本。
第十六批实验_再生PU泡沫,viscosity:SPUF_4.5,recycled-pu:SPUF_4.5:viscosity:021,SPUF_4.5,component_A_slurry_SPUF_4.5,curve_point,component_A_plus_CDW_PU_foam_powder,polyol_side_mixture_before_isocyanate_addition,dynamic_viscosity,63.82,Pa*s,,,elapsed_time,1.8,min,experimental,source_raw_workbook,raw_point,TA Instruments AR200ex rheometer; source time series,direct_experimental_process_property,conditional_reference,formulation_resolved_commercial_component_A_unresolved,rheometer_identified_shear_rate_and_temperature_unreported,0.25,False,,family_elorza_recycled_pu_foam,数据/原始/外部数据/新增开放数据/第十六批实验_再生PU泡沫/原始文件/row data for _Sustainable insulating foams_3/SPUF_viscosity_RawData/SPUF45_viscosty.xlsx#Hoja1!A23:B23,b8137c40f7ec23eb648e2e928715eb7733b8a9ed21de0b58be712eadecd7c260,CC BY 4.0,elorza-2021-recycled-pu-foam-data;elorza-2021-recycled-pu-foam-paper,时间序列点共享一个配方运行预算，不按点扩增独立样本。
第十六批实验_再生PU泡沫,viscosity:SPUF_4.5,recycled-pu:SPUF_4.5:viscosity:022,SPUF_4.5,component_A_slurry_SPUF_4.5,curve_point,component_A_plus_CDW_PU_foam_powder,polyol_side_mixture_before_isocyanate_addition,dynamic_viscosity,63.85,Pa*s,,,elapsed_time,1.8,min,experimental,source_raw_workbook,raw_point,TA Instruments AR200ex rheometer; source time series,direct_experimental_process_property,conditional_reference,formulation_resolved_commercial_component_A_unresolved,rheometer_identified_shear_rate_and_temperature_unreported,0.25,False,,family_elorza_recycled_pu_foam,数据/原始/外部数据/新增开放数据/第十六批实验_再生PU泡沫/原始文件/row data for _Sustainable insulating foams_3/SPUF_viscosity_RawData/SPUF45_viscosty.xlsx#Hoja1!A24:B24,b8137c40f7ec23eb648e2e928715eb7733b8a9ed21de0b58be712eadecd7c260,CC BY 4.0,elorza-2021-recycled-pu-foam-data;elorza-2021-recycled-pu-foam-paper,时间序列点共享一个配方运行预算，不按点扩增独立样本。
第十六批实验_再生PU泡沫,viscosity:SPUF_4.5,recycled-pu:SPUF_4.5:viscosity:023,SPUF_4.5,component_A_slurry_SPUF_4.5,curve_point,component_A_plus_CDW_PU_foam_powder,polyol_side_mixture_before_isocyanate_addition,dynamic_viscosity,64.15,Pa*s,,,elapsed_time,1.9,min,experimental,source_raw_workbook,raw_point,TA Instruments AR200ex rheometer; source time series,direct_experimental_process_property,conditional_reference,formulation_resolved_commercial_component_A_unresolved,rheometer_identified_shear_rate_and_temperature_unreported,0.25,False,,family_elorza_recycled_pu_foam,数据/原始/外部数据/新增开放数据/第十六批实验_再生PU泡沫/原始文件/row data for _Sustainable insulating foams_3/SPUF_viscosity_RawData/SPUF45_viscosty.xlsx#Hoja1!A25:B25,b8137c40f7ec23eb648e2e928715eb7733b8a9ed21de0b58be712eadecd7c260,CC BY 4.0,elorza-2021-recycled-pu-foam-data;elorza-2021-recycled-pu-foam-paper,时间序列点共享一个配方运行预算，不按点扩增独立样本。
第十六批实验_再生PU泡沫,viscosity:SPUF_4.5,recycled-pu:SPUF_4.5:viscosity:024,SPUF_4.5,component_A_slurry_SPUF_4.5,curve_point,component_A_plus_CDW_PU_foam_powder,polyol_side_mixture_before_isocyanate_addition,dynamic_viscosity,64.81,Pa*s,,,elapsed_time,2.0,min,experimental,source_raw_workbook,raw_point,TA Instruments AR200ex rheometer; source time series,direct_experimental_process_property,conditional_reference,formulation_resolved_commercial_component_A_unresolved,rheometer_identified_shear_rate_and_temperature_unreported,0.25,False,,family_elorza_recycled_pu_foam,数据/原始/外部数据/新增开放数据/第十六批实验_再生PU泡沫/原始文件/row data for _Sustainable insulating foams_3/SPUF_viscosity_RawData/SPUF45_viscosty.xlsx#Hoja1!A26:B26,b8137c40f7ec23eb648e2e928715eb7733b8a9ed21de0b58be712eadecd7c260,CC BY 4.0,elorza-2021-recycled-pu-foam-data;elorza-2021-recycled-pu-foam-paper,时间序列点共享一个配方运行预算，不按点扩增独立样本。
第十六批实验_再生PU泡沫,viscosity:SPUF_4.5,recycled-pu:SPUF_4.5:viscosity:025,SPUF_4.5,component_A_slurry_SPUF_4.5,curve_point,component_A_plus_CDW_PU_foam_powder,polyol_side_mixture_before_isocyanate_addition,dynamic_viscosity,65.17,Pa*s,,,elapsed_time,2.1,min,experimental,source_raw_workbook,raw_point,TA Instruments AR200ex rheometer; source time series,direct_experimental_process_property,conditional_reference,formulation_resolved_commercial_component_A_unresolved,rheometer_identified_shear_rate_and_temperature_unreported,0.25,False,,family_elorza_recycled_pu_foam,数据/原始/外部数据/新增开放数据/第十六批实验_再生PU泡沫/原始文件/row data for _Sustainable insulating foams_3/SPUF_viscosity_RawData/SPUF45_viscosty.xlsx#Hoja1!A27:B27,b8137c40f7ec23eb648e2e928715eb7733b8a9ed21de0b58be712eadecd7c260,CC BY 4.0,elorza-2021-recycled-pu-foam-data;elorza-2021-recycled-pu-foam-paper,时间序列点共享一个配方运行预算，不按点扩增独立样本。
第十六批实验_再生PU泡沫,viscosity:SPUF_4.5,recycled-pu:SPUF_4.5:viscosity:026,SPUF_4.5,component_A_slurry_SPUF_4.5,curve_point,component_A_plus_CDW_PU_foam_powder,polyol_side_mixture_before_isocyanate_addition,dynamic_viscosity,64.52,Pa*s,,,elapsed_time,2.2,min,experimental,source_raw_workbook,raw_point,TA Instruments AR200ex rheometer; source time series,direct_experimental_process_property,conditional_reference,formulation_resolved_commercial_component_A_unresolved,rheometer_identified_shear_rate_and_temperature_unreported,0.25,False,,family_elorza_recycled_pu_foam,数据/原始/外部数据/新增开放数据/第十六批实验_再生PU泡沫/原始文件/row data for _Sustainable insulating foams_3/SPUF_viscosity_RawData/SPUF45_viscosty.xlsx#Hoja1!A28:B28,b8137c40f7ec23eb648e2e928715eb7733b8a9ed21de0b58be712eadecd7c260,CC BY 4.0,elorza-2021-recycled-pu-foam-data;elorza-2021-recycled-pu-foam-paper,时间序列点共享一个配方运行预算，不按点扩增独立样本。
第十六批实验_再生PU泡沫,viscosity:SPUF_4.5,recycled-pu:SPUF_4.5:viscosity:027,SPUF_4.5,component_A_slurry_SPUF_4.5,curve_point,component_A_plus_CDW_PU_foam_powder,polyol_side_mixture_before_isocyanate_addition,dynamic_viscosity,63.65,Pa*s,,,elapsed_time,2.3,min,experimental,source_raw_workbook,raw_point,TA Instruments AR200ex rheometer; source time series,direct_experimental_process_property,conditional_reference,formulation_resolved_commercial_component_A_unresolved,rheometer_identified_shear_rate_and_temperature_unreported,0.25,False,,family_elorza_recycled_pu_foam,数据/原始/外部数据/新增开放数据/第十六批实验_再生PU泡沫/原始文件/row data for _Sustainable insulating foams_3/SPUF_viscosity_RawData/SPUF45_viscosty.xlsx#Hoja1!A29:B29,b8137c40f7ec23eb648e2e928715eb7733b8a9ed21de0b58be712eadecd7c260,CC BY 4.0,elorza-2021-recycled-pu-foam-data;elorza-2021-recycled-pu-foam-paper,时间序列点共享一个配方运行预算，不按点扩增独立样本。
第十六批实验_再生PU泡沫,viscosity:SPUF_4.5,recycled-pu:SPUF_4.5:viscosity:028,SPUF_4.5,component_A_slurry_SPUF_4.5,curve_point,component_A_plus_CDW_PU_foam_powder,polyol_side_mixture_before_isocyanate_addition,dynamic_viscosity,61.77,Pa*s,,,elapsed_time,2.3,min,experimental,source_raw_workbook,raw_point,TA Instruments AR200ex rheometer; source time series,direct_experimental_process_property,conditional_reference,formulation_resolved_commercial_component_A_unresolved,rheometer_identified_shear_rate_and_temperature_unreported,0.25,False,,family_elorza_recycled_pu_foam,数据/原始/外部数据/新增开放数据/第十六批实验_再生PU泡沫/原始文件/row data for _Sustainable insulating foams_3/SPUF_viscosity_RawData/SPUF45_viscosty.xlsx#Hoja1!A30:B30,b8137c40f7ec23eb648e2e928715eb7733b8a9ed21de0b58be712eadecd7c260,CC BY 4.0,elorza-2021-recycled-pu-foam-data;elorza-2021-recycled-pu-foam-paper,时间序列点共享一个配方运行预算，不按点扩增独立样本。
第十六批实验_再生PU泡沫,viscosity:SPUF_4.5,recycled-pu:SPUF_4.5:viscosity:029,SPUF_4.5,component_A_slurry_SPUF_4.5,curve_point,component_A_plus_CDW_PU_foam_powder,polyol_side_mixture_before_isocyanate_addition,dynamic_viscosity,60.09,Pa*s,,,elapsed_time,2.4,min,experimental,source_raw_workbook,raw_point,TA Instruments AR200ex rheometer; source time series,direct_experimental_process_property,conditional_reference,formulation_resolved_commercial_component_A_unresolved,rheometer_identified_shear_rate_and_temperature_unreported,0.25,False,,family_elorza_recycled_pu_foam,数据/原始/外部数据/新增开放数据/第十六批实验_再生PU泡沫/原始文件/row data for _Sustainable insulating foams_3/SPUF_viscosity_RawData/SPUF45_viscosty.xlsx#Hoja1!A31:B31,b8137c40f7ec23eb648e2e928715eb7733b8a9ed21de0b58be712eadecd7c260,CC BY 4.0,elorza-2021-recycled-pu-foam-data;elorza-2021-recycled-pu-foam-paper,时间序列点共享一个配方运行预算，不按点扩增独立样本。
第十六批实验_再生PU泡沫,viscosity:SPUF_4.5,recycled-pu:SPUF_4.5:viscosity:030,SPUF_4.5,component_A_slurry_SPUF_4.5,curve_point,component_A_plus_CDW_PU_foam_powder,polyol_side_mixture_before_isocyanate_addition,dynamic_viscosity,58.75,Pa*s,,,elapsed_time,2.5,min,experimental,source_raw_workbook,raw_point,TA Instruments AR200ex rheometer; source time series,direct_experimental_process_property,conditional_reference,formulation_resolved_commercial_component_A_unresolved,rheometer_identified_shear_rate_and_temperature_unreported,0.25,False,,family_elorza_recycled_pu_foam,数据/原始/外部数据/新增开放数据/第十六批实验_再生PU泡沫/原始文件/row data for _Sustainable insulating foams_3/SPUF_viscosity_RawData/SPUF45_viscosty.xlsx#Hoja1!A32:B32,b8137c40f7ec23eb648e2e928715eb7733b8a9ed21de0b58be712eadecd7c260,CC BY 4.0,elorza-2021-recycled-pu-foam-data;elorza-2021-recycled-pu-foam-paper,时间序列点共享一个配方运行预算，不按点扩增独立样本。
第十六批实验_再生PU泡沫,viscosity:SPUF_4.5,recycled-pu:SPUF_4.5:viscosity:031,SPUF_4.5,component_A_slurry_SPUF_4.5,curve_point,component_A_plus_CDW_PU_foam_powder,polyol_side_mixture_before_isocyanate_addition,dynamic_viscosity,58.41,Pa*s,,,elapsed_time,2.6,min,experimental,source_raw_workbook,raw_point,TA Instruments AR200ex rheometer; source time series,direct_experimental_process_property,conditional_reference,formulation_resolved_commercial_component_A_unresolved,rheometer_identified_shear_rate_and_temperature_unreported,0.25,False,,family_elorza_recycled_pu_foam,数据/原始/外部数据/新增开放数据/第十六批实验_再生PU泡沫/原始文件/row data for _Sustainable insulating foams_3/SPUF_viscosity_RawData/SPUF45_viscosty.xlsx#Hoja1!A33:B33,b8137c40f7ec23eb648e2e928715eb7733b8a9ed21de0b58be712eadecd7c260,CC BY 4.0,elorza-2021-recycled-pu-foam-data;elorza-2021-recycled-pu-foam-paper,时间序列点共享一个配方运行预算，不按点扩增独立样本。
第十六批实验_再生PU泡沫,viscosity:SPUF_4.5,recycled-pu:SPUF_4.5:viscosity:032,SPUF_4.5,component_A_slurry_SPUF_4.5,curve_point,component_A_plus_CDW_PU_foam_powder,polyol_side_mixture_before_isocyanate_addition,dynamic_viscosity,58.46,Pa*s,,,elapsed_time,2.7,min,experimental,source_raw_workbook,raw_point,TA Instruments AR200ex rheometer; source time series,direct_experimental_process_property,conditional_reference,formulation_resolved_commercial_component_A_unresolved,rheometer_identified_shear_rate_and_temperature_unreported,0.25,False,,family_elorza_recycled_pu_foam,数据/原始/外部数据/新增开放数据/第十六批实验_再生PU泡沫/原始文件/row data for _Sustainable insulating foams_3/SPUF_viscosity_RawData/SPUF45_viscosty.xlsx#Hoja1!A34:B34,b8137c40f7ec23eb648e2e928715eb7733b8a9ed21de0b58be712eadecd7c260,CC BY 4.0,elorza-2021-recycled-pu-foam-data;elorza-2021-recycled-pu-foam-paper,时间序列点共享一个配方运行预算，不按点扩增独立样本。
第十六批实验_再生PU泡沫,viscosity:SPUF_4.5,recycled-pu:SPUF_4.5:viscosity:033,SPUF_4.5,component_A_slurry_SPUF_4.5,curve_point,component_A_plus_CDW_PU_foam_powder,polyol_side_mixture_before_isocyanate_addition,dynamic_viscosity,58.54,Pa*s,,,elapsed_time,2.8,min,experimental,source_raw_workbook,raw_point,TA Instruments AR200ex rheometer; source time series,direct_experimental_process_property,conditional_reference,formulation_resolved_commercial_component_A_unresolved,rheometer_identified_shear_rate_and_temperature_unreported,0.25,False,,family_elorza_recycled_pu_foam,数据/原始/外部数据/新增开放数据/第十六批实验_再生PU泡沫/原始文件/row data for _Sustainable insulating foams_3/SPUF_viscosity_RawData/SPUF45_viscosty.xlsx#Hoja1!A35:B35,b8137c40f7ec23eb648e2e928715eb7733b8a9ed21de0b58be712eadecd7c260,CC BY 4.0,elorza-2021-recycled-pu-foam-data;elorza-2021-recycled-pu-foam-paper,时间序列点共享一个配方运行预算，不按点扩增独立样本。
第十六批实验_再生PU泡沫,viscosity:SPUF_4.5,recycled-pu:SPUF_4.5:viscosity:034,SPUF_4.5,component_A_slurry_SPUF_4.5,curve_point,component_A_plus_CDW_PU_foam_powder,polyol_side_mixture_before_isocyanate_addition,dynamic_viscosity,58.34,Pa*s,,,elapsed_time,2.8,min,experimental,source_raw_workbook,raw_point,TA Instruments AR200ex rheometer; source time series,direct_experimental_process_property,conditional_reference,formulation_resolved_commercial_component_A_unresolved,rheometer_identified_shear_rate_and_temperature_unreported,0.25,False,,family_elorza_recycled_pu_foam,数据/原始/外部数据/新增开放数据/第十六批实验_再生PU泡沫/原始文件/row data for _Sustainable insulating foams_3/SPUF_viscosity_RawData/SPUF45_viscosty.xlsx#Hoja1!A36:B36,b8137c40f7ec23eb648e2e928715eb7733b8a9ed21de0b58be712eadecd7c260,CC BY 4.0,elorza-2021-recycled-pu-foam-data;elorza-2021-recycled-pu-foam-paper,时间序列点共享一个配方运行预算，不按点扩增独立样本。
第十六批实验_再生PU泡沫,viscosity:SPUF_4.5,recycled-pu:SPUF_4.5:viscosity:035,SPUF_4.5,component_A_slurry_SPUF_4.5,curve_point,component_A_plus_CDW_PU_foam_powder,polyol_side_mixture_before_isocyanate_addition,dynamic_viscosity,58.69,Pa*s,,,elapsed_time,2.9,min,experimental,source_raw_workbook,raw_point,TA Instruments AR200ex rheometer; source time series,direct_experimental_process_property,conditional_reference,formulation_resolved_commercial_component_A_unresolved,rheometer_identified_shear_rate_and_temperature_unreported,0.25,False,,family_elorza_recycled_pu_foam,数据/原始/外部数据/新增开放数据/第十六批实验_再生PU泡沫/原始文件/row data for _Sustainable insulating foams_3/SPUF_viscosity_RawData/SPUF45_viscosty.xlsx#Hoja1!A37:B37,b8137c40f7ec23eb648e2e928715eb7733b8a9ed21de0b58be712eadecd7c260,CC BY 4.0,elorza-2021-recycled-pu-foam-data;elorza-2021-recycled-pu-foam-paper,时间序列点共享一个配方运行预算，不按点扩增独立样本。
第十六批实验_再生PU泡沫,viscosity:SPUF_4.5,recycled-pu:SPUF_4.5:viscosity:036,SPUF_4.5,component_A_slurry_SPUF_4.5,curve_point,component_A_plus_CDW_PU_foam_powder,polyol_side_mixture_before_isocyanate_addition,dynamic_viscosity,58.46,Pa*s,,,elapsed_time,3.0,min,experimental,source_raw_workbook,raw_point,TA Instruments AR200ex rheometer; source time series,direct_experimental_process_property,conditional_reference,formulation_resolved_commercial_component_A_unresolved,rheometer_identified_shear_rate_and_temperature_unreported,0.25,False,,family_elorza_recycled_pu_foam,数据/原始/外部数据/新增开放数据/第十六批实验_再生PU泡沫/原始文件/row data for _Sustainable insulating foams_3/SPUF_viscosity_RawData/SPUF45_viscosty.xlsx#Hoja1!A38:B38,b8137c40f7ec23eb648e2e928715eb7733b8a9ed21de0b58be712eadecd7c260,CC BY 4.0,elorza-2021-recycled-pu-foam-data;elorza-2021-recycled-pu-foam-paper,时间序列点共享一个配方运行预算，不按点扩增独立样本。
第十六批实验_再生PU泡沫,viscosity:SPUF_4.5,recycled-pu:SPUF_4.5:viscosity:037,SPUF_4.5,component_A_slurry_SPUF_4.5,curve_point,component_A_plus_CDW_PU_foam_powder,polyol_side_mixture_before_isocyanate_addition,dynamic_viscosity,58.53,Pa*s,,,elapsed_time,3.1,min,experimental,source_raw_workbook,raw_point,TA Instruments AR200ex rheometer; source time series,direct_experimental_process_property,conditional_reference,formulation_resolved_commercial_component_A_unresolved,rheometer_identified_shear_rate_and_temperature_unreported,0.25,False,,family_elorza_recycled_pu_foam,数据/原始/外部数据/新增开放数据/第十六批实验_再生PU泡沫/原始文件/row data for _Sustainable insulating foams_3/SPUF_viscosity_RawData/SPUF45_viscosty.xlsx#Hoja1!A39:B39,b8137c40f7ec23eb648e2e928715eb7733b8a9ed21de0b58be712eadecd7c260,CC BY 4.0,elorza-2021-recycled-pu-foam-data;elorza-2021-recycled-pu-foam-paper,时间序列点共享一个配方运行预算，不按点扩增独立样本。
第十六批实验_再生PU泡沫,viscosity:SPUF_4.5,recycled-pu:SPUF_4.5:viscosity:038,SPUF_4.5,component_A_slurry_SPUF_4.5,curve_point,component_A_plus_CDW_PU_foam_powder,polyol_side_mixture_before_isocyanate_addition,dynamic_viscosity,58.47,Pa*s,,,elapsed_time,3.2,min,experimental,source_raw_workbook,raw_point,TA Instruments AR200ex rheometer; source time series,direct_experimental_process_property,conditional_reference,formulation_resolved_commercial_component_A_unresolved,rheometer_identified_shear_rate_and_temperature_unreported,0.25,False,,family_elorza_recycled_pu_foam,数据/原始/外部数据/新增开放数据/第十六批实验_再生PU泡沫/原始文件/row data for _Sustainable insulating foams_3/SPUF_viscosity_RawData/SPUF45_viscosty.xlsx#Hoja1!A40:B40,b8137c40f7ec23eb648e2e928715eb7733b8a9ed21de0b58be712eadecd7c260,CC BY 4.0,elorza-2021-recycled-pu-foam-data;elorza-2021-recycled-pu-foam-paper,时间序列点共享一个配方运行预算，不按点扩增独立样本。
第十六批实验_再生PU泡沫,viscosity:SPUF_4.5,recycled-pu:SPUF_4.5:viscosity:039,SPUF_4.5,component_A_slurry_SPUF_4.5,curve_point,component_A_plus_CDW_PU_foam_powder,polyol_side_mixture_before_isocyanate_addition,dynamic_viscosity,58.42,Pa*s,,,elapsed_time,3.3,min,experimental,source_raw_workbook,raw_point,TA Instruments AR200ex rheometer; source time series,direct_experimental_process_property,conditional_reference,formulation_resolved_commercial_component_A_unresolved,rheometer_identified_shear_rate_and_temperature_unreported,0.25,False,,family_elorza_recycled_pu_foam,数据/原始/外部数据/新增开放数据/第十六批实验_再生PU泡沫/原始文件/row data for _Sustainable insulating foams_3/SPUF_viscosity_RawData/SPUF45_viscosty.xlsx#Hoja1!A41:B41,b8137c40f7ec23eb648e2e928715eb7733b8a9ed21de0b58be712eadecd7c260,CC BY 4.0,elorza-2021-recycled-pu-foam-data;elorza-2021-recycled-pu-foam-paper,时间序列点共享一个配方运行预算，不按点扩增独立样本。
第十六批实验_再生PU泡沫,viscosity:SPUF_4.5,recycled-pu:SPUF_4.5:viscosity:040,SPUF_4.5,component_A_slurry_SPUF_4.5,curve_point,component_A_plus_CDW_PU_foam_powder,polyol_side_mixture_before_isocyanate_addition,dynamic_viscosity,59.56,Pa*s,,,elapsed_time,3.3,min,experimental,source_raw_workbook,raw_point,TA Instruments AR200ex rheometer; source time series,direct_experimental_process_property,conditional_reference,formulation_resolved_commercial_component_A_unresolved,rheometer_identified_shear_rate_and_temperature_unreported,0.25,False,,family_elorza_recycled_pu_foam,数据/原始/外部数据/新增开放数据/第十六批实验_再生PU泡沫/原始文件/row data for _Sustainable insulating foams_3/SPUF_viscosity_RawData/SPUF45_viscosty.xlsx#Hoja1!A42:B42,b8137c40f7ec23eb648e2e928715eb7733b8a9ed21de0b58be712eadecd7c260,CC BY 4.0,elorza-2021-recycled-pu-foam-data;elorza-2021-recycled-pu-foam-paper,时间序列点共享一个配方运行预算，不按点扩增独立样本。
第十六批实验_再生PU泡沫,viscosity:SPUF_4.5,recycled-pu:SPUF_4.5:viscosity:041,SPUF_4.5,component_A_slurry_SPUF_4.5,curve_point,component_A_plus_CDW_PU_foam_powder,polyol_side_mixture_before_isocyanate_addition,dynamic_viscosity,60.38,Pa*s,,,elapsed_time,3.4,min,experimental,source_raw_workbook,raw_point,TA Instruments AR200ex rheometer; source time series,direct_experimental_process_property,conditional_reference,formulation_resolved_commercial_component_A_unresolved,rheometer_identified_shear_rate_and_temperature_unreported,0.25,False,,family_elorza_recycled_pu_foam,数据/原始/外部数据/新增开放数据/第十六批实验_再生PU泡沫/原始文件/row data for _Sustainable insulating foams_3/SPUF_viscosity_RawData/SPUF45_viscosty.xlsx#Hoja1!A43:B43,b8137c40f7ec23eb648e2e928715eb7733b8a9ed21de0b58be712eadecd7c260,CC BY 4.0,elorza-2021-recycled-pu-foam-data;elorza-2021-recycled-pu-foam-paper,时间序列点共享一个配方运行预算，不按点扩增独立样本。
第十六批实验_再生PU泡沫,viscosity:SPUF_4.5,recycled-pu:SPUF_4.5:viscosity:042,SPUF_4.5,component_A_slurry_SPUF_4.5,curve_point,component_A_plus_CDW_PU_foam_powder,polyol_side_mixture_before_isocyanate_addition,dynamic_viscosity,60.93,Pa*s,,,elapsed_time,3.5,min,experimental,source_raw_workbook,raw_point,TA Instruments AR200ex rheometer; source time series,direct_experimental_process_property,conditional_reference,formulation_resolved_commercial_component_A_unresolved,rheometer_identified_shear_rate_and_temperature_unreported,0.25,False,,family_elorza_recycled_pu_foam,数据/原始/外部数据/新增开放数据/第十六批实验_再生PU泡沫/原始文件/row data for _Sustainable insulating foams_3/SPUF_viscosity_RawData/SPUF45_viscosty.xlsx#Hoja1!A44:B44,b8137c40f7ec23eb648e2e928715eb7733b8a9ed21de0b58be712eadecd7c260,CC BY 4.0,elorza-2021-recycled-pu-foam-data;elorza-2021-recycled-pu-foam-paper,时间序列点共享一个配方运行预算，不按点扩增独立样本。
第十六批实验_再生PU泡沫,viscosity:SPUF_4.5,recycled-pu:SPUF_4.5:viscosity:043,SPUF_4.5,component_A_slurry_SPUF_4.5,curve_point,component_A_plus_CDW_PU_foam_powder,polyol_side_mixture_before_isocyanate_addition,dynamic_viscosity,61.03,Pa*s,,,elapsed_time,3.6,min,experimental,source_raw_workbook,raw_point,TA Instruments AR200ex rheometer; source time series,direct_experimental_process_property,conditional_reference,formulation_resolved_commercial_component_A_unresolved,rheometer_identified_shear_rate_and_temperature_unreported,0.25,False,,family_elorza_recycled_pu_foam,数据/原始/外部数据/新增开放数据/第十六批实验_再生PU泡沫/原始文件/row data for _Sustainable insulating foams_3/SPUF_viscosity_RawData/SPUF45_viscosty.xlsx#Hoja1!A45:B45,b8137c40f7ec23eb648e2e928715eb7733b8a9ed21de0b58be712eadecd7c260,CC BY 4.0,elorza-2021-recycled-pu-foam-data;elorza-2021-recycled-pu-foam-paper,时间序列点共享一个配方运行预算，不按点扩增独立样本。
第十六批实验_再生PU泡沫,viscosity:SPUF_4.5,recycled-pu:SPUF_4.5:viscosity:044,SPUF_4.5,component_A_slurry_SPUF_4.5,curve_point,component_A_plus_CDW_PU_foam_powder,polyol_side_mixture_before_isocyanate_addition,dynamic_viscosity,60.3,Pa*s,,,elapsed_time,3.7,min,experimental,source_raw_workbook,raw_point,TA Instruments AR200ex rheometer; source time series,direct_experimental_process_property,conditional_reference,formulation_resolved_commercial_component_A_unresolved,rheometer_identified_shear_rate_and_temperature_unreported,0.25,False,,family_elorza_recycled_pu_foam,数据/原始/外部数据/新增开放数据/第十六批实验_再生PU泡沫/原始文件/row data for _Sustainable insulating foams_3/SPUF_viscosity_RawData/SPUF45_viscosty.xlsx#Hoja1!A46:B46,b8137c40f7ec23eb648e2e928715eb7733b8a9ed21de0b58be712eadecd7c260,CC BY 4.0,elorza-2021-recycled-pu-foam-data;elorza-2021-recycled-pu-foam-paper,时间序列点共享一个配方运行预算，不按点扩增独立样本。
第十六批实验_再生PU泡沫,viscosity:SPUF_4.5,recycled-pu:SPUF_4.5:viscosity:045,SPUF_4.5,component_A_slurry_SPUF_4.5,curve_point,component_A_plus_CDW_PU_foam_powder,polyol_side_mixture_before_isocyanate_addition,dynamic_viscosity,58.42,Pa*s,,,elapsed_time,3.8,min,experimental,source_raw_workbook,raw_point,TA Instruments AR200ex rheometer; source time series,direct_experimental_process_property,conditional_reference,formulation_resolved_commercial_component_A_unresolved,rheometer_identified_shear_rate_and_temperature_unreported,0.25,False,,family_elorza_recycled_pu_foam,数据/原始/外部数据/新增开放数据/第十六批实验_再生PU泡沫/原始文件/row data for _Sustainable insulating foams_3/SPUF_viscosity_RawData/SPUF45_viscosty.xlsx#Hoja1!A47:B47,b8137c40f7ec23eb648e2e928715eb7733b8a9ed21de0b58be712eadecd7c260,CC BY 4.0,elorza-2021-recycled-pu-foam-data;elorza-2021-recycled-pu-foam-paper,时间序列点共享一个配方运行预算，不按点扩增独立样本。
第十六批实验_再生PU泡沫,viscosity:SPUF_4.5,recycled-pu:SPUF_4.5:viscosity:046,SPUF_4.5,component_A_slurry_SPUF_4.5,curve_point,component_A_plus_CDW_PU_foam_powder,polyol_side_mixture_before_isocyanate_addition,dynamic_viscosity,57.31,Pa*s,,,elapsed_time,3.8,min,experimental,source_raw_workbook,raw_point,TA Instruments AR200ex rheometer; source time series,direct_experimental_process_property,conditional_reference,formulation_resolved_commercial_component_A_unresolved,rheometer_identified_shear_rate_and_temperature_unreported,0.25,False,,family_elorza_recycled_pu_foam,数据/原始/外部数据/新增开放数据/第十六批实验_再生PU泡沫/原始文件/row data for _Sustainable insulating foams_3/SPUF_viscosity_RawData/SPUF45_viscosty.xlsx#Hoja1!A48:B48,b8137c40f7ec23eb648e2e928715eb7733b8a9ed21de0b58be712eadecd7c260,CC BY 4.0,elorza-2021-recycled-pu-foam-data;elorza-2021-recycled-pu-foam-paper,时间序列点共享一个配方运行预算，不按点扩增独立样本。
第十六批实验_再生PU泡沫,viscosity:SPUF_4.5,recycled-pu:SPUF_4.5:viscosity:047,SPUF_4.5,component_A_slurry_SPUF_4.5,curve_point,component_A_plus_CDW_PU_foam_powder,polyol_side_mixture_before_isocyanate_addition,dynamic_viscosity,55.41,Pa*s,,,elapsed_time,3.9,min,experimental,source_raw_workbook,raw_point,TA Instruments AR200ex rheometer; source time series,direct_experimental_process_property,conditional_reference,formulation_resolved_commercial_component_A_unresolved,rheometer_identified_shear_rate_and_temperature_unreported,0.25,False,,family_elorza_recycled_pu_foam,数据/原始/外部数据/新增开放数据/第十六批实验_再生PU泡沫/原始文件/row data for _Sustainable insulating foams_3/SPUF_viscosity_RawData/SPUF45_viscosty.xlsx#Hoja1!A49:B49,b8137c40f7ec23eb648e2e928715eb7733b8a9ed21de0b58be712eadecd7c260,CC BY 4.0,elorza-2021-recycled-pu-foam-data;elorza-2021-recycled-pu-foam-paper,时间序列点共享一个配方运行预算，不按点扩增独立样本。
第十六批实验_再生PU泡沫,viscosity:SPUF_4.5,recycled-pu:SPUF_4.5:viscosity:048,SPUF_4.5,component_A_slurry_SPUF_4.5,curve_point,component_A_plus_CDW_PU_foam_powder,polyol_side_mixture_before_isocyanate_addition,dynamic_viscosity,54.63,Pa*s,,,elapsed_time,4.0,min,experimental,source_raw_workbook,raw_point,TA Instruments AR200ex rheometer; source time series,direct_experimental_process_property,conditional_reference,formulation_resolved_commercial_component_A_unresolved,rheometer_identified_shear_rate_and_temperature_unreported,0.25,False,,family_elorza_recycled_pu_foam,数据/原始/外部数据/新增开放数据/第十六批实验_再生PU泡沫/原始文件/row data for _Sustainable insulating foams_3/SPUF_viscosity_RawData/SPUF45_viscosty.xlsx#Hoja1!A50:B50,b8137c40f7ec23eb648e2e928715eb7733b8a9ed21de0b58be712eadecd7c260,CC BY 4.0,elorza-2021-recycled-pu-foam-data;elorza-2021-recycled-pu-foam-paper,时间序列点共享一个配方运行预算，不按点扩增独立样本。
第十六批实验_再生PU泡沫,viscosity:SPUF_4.5,recycled-pu:SPUF_4.5:viscosity:049,SPUF_4.5,component_A_slurry_SPUF_4.5,curve_point,component_A_plus_CDW_PU_foam_powder,polyol_side_mixture_before_isocyanate_addition,dynamic_viscosity,55.12,Pa*s,,,elapsed_time,4.1,min,experimental,source_raw_workbook,raw_point,TA Instruments AR200ex rheometer; source time series,direct_experimental_process_property,conditional_reference,formulation_resolved_commercial_component_A_unresolved,rheometer_identified_shear_rate_and_temperature_unreported,0.25,False,,family_elorza_recycled_pu_foam,数据/原始/外部数据/新增开放数据/第十六批实验_再生PU泡沫/原始文件/row data for _Sustainable insulating foams_3/SPUF_viscosity_RawData/SPUF45_viscosty.xlsx#Hoja1!A51:B51,b8137c40f7ec23eb648e2e928715eb7733b8a9ed21de0b58be712eadecd7c260,CC BY 4.0,elorza-2021-recycled-pu-foam-data;elorza-2021-recycled-pu-foam-paper,时间序列点共享一个配方运行预算，不按点扩增独立样本。
第十六批实验_再生PU泡沫,viscosity:SPUF_4.5,recycled-pu:SPUF_4.5:viscosity:050,SPUF_4.5,component_A_slurry_SPUF_4.5,curve_point,component_A_plus_CDW_PU_foam_powder,polyol_side_mixture_before_isocyanate_addition,dynamic_viscosity,55.46,Pa*s,,,elapsed_time,4.2,min,experimental,source_raw_workbook,raw_point,TA Instruments AR200ex rheometer; source time series,direct_experimental_process_property,conditional_reference,formulation_resolved_commercial_component_A_unresolved,rheometer_identified_shear_rate_and_temperature_unreported,0.25,False,,family_elorza_recycled_pu_foam,数据/原始/外部数据/新增开放数据/第十六批实验_再生PU泡沫/原始文件/row data for _Sustainable insulating foams_3/SPUF_viscosity_RawData/SPUF45_viscosty.xlsx#Hoja1!A52:B52,b8137c40f7ec23eb648e2e928715eb7733b8a9ed21de0b58be712eadecd7c260,CC BY 4.0,elorza-2021-recycled-pu-foam-data;elorza-2021-recycled-pu-foam-paper,时间序列点共享一个配方运行预算，不按点扩增独立样本。
第十六批实验_再生PU泡沫,viscosity:SPUF_4.5,recycled-pu:SPUF_4.5:viscosity:051,SPUF_4.5,component_A_slurry_SPUF_4.5,curve_point,component_A_plus_CDW_PU_foam_powder,polyol_side_mixture_before_isocyanate_addition,dynamic_viscosity,56.35,Pa*s,,,elapsed_time,4.3,min,experimental,source_raw_workbook,raw_point,TA Instruments AR200ex rheometer; source time series,direct_experimental_process_property,conditional_reference,formulation_resolved_commercial_component_A_unresolved,rheometer_identified_shear_rate_and_temperature_unreported,0.25,False,,family_elorza_recycled_pu_foam,数据/原始/外部数据/新增开放数据/第十六批实验_再生PU泡沫/原始文件/row data for _Sustainable insulating foams_3/SPUF_viscosity_RawData/SPUF45_viscosty.xlsx#Hoja1!A53:B53,b8137c40f7ec23eb648e2e928715eb7733b8a9ed21de0b58be712eadecd7c260,CC BY 4.0,elorza-2021-recycled-pu-foam-data;elorza-2021-recycled-pu-foam-paper,时间序列点共享一个配方运行预算，不按点扩增独立样本。
第十六批实验_再生PU泡沫,viscosity:SPUF_4.5,recycled-pu:SPUF_4.5:viscosity:052,SPUF_4.5,component_A_slurry_SPUF_4.5,curve_point,component_A_plus_CDW_PU_foam_powder,polyol_side_mixture_before_isocyanate_addition,dynamic_viscosity,56.47,Pa*s,,,elapsed_time,4.3,min,experimental,source_raw_workbook,raw_point,TA Instruments AR200ex rheometer; source time series,direct_experimental_process_property,conditional_reference,formulation_resolved_commercial_component_A_unresolved,rheometer_identified_shear_rate_and_temperature_unreported,0.25,False,,family_elorza_recycled_pu_foam,数据/原始/外部数据/新增开放数据/第十六批实验_再生PU泡沫/原始文件/row data for _Sustainable insulating foams_3/SPUF_viscosity_RawData/SPUF45_viscosty.xlsx#Hoja1!A54:B54,b8137c40f7ec23eb648e2e928715eb7733b8a9ed21de0b58be712eadecd7c260,CC BY 4.0,elorza-2021-recycled-pu-foam-data;elorza-2021-recycled-pu-foam-paper,时间序列点共享一个配方运行预算，不按点扩增独立样本。
第十六批实验_再生PU泡沫,viscosity:SPUF_4.5,recycled-pu:SPUF_4.5:viscosity:053,SPUF_4.5,component_A_slurry_SPUF_4.5,curve_point,component_A_plus_CDW_PU_foam_powder,polyol_side_mixture_before_isocyanate_addition,dynamic_viscosity,56.08,Pa*s,,,elapsed_time,4.4,min,experimental,source_raw_workbook,raw_point,TA Instruments AR200ex rheometer; source time series,direct_experimental_process_property,conditional_reference,formulation_resolved_commercial_component_A_unresolved,rheometer_identified_shear_rate_and_temperature_unreported,0.25,False,,family_elorza_recycled_pu_foam,数据/原始/外部数据/新增开放数据/第十六批实验_再生PU泡沫/原始文件/row data for _Sustainable insulating foams_3/SPUF_viscosity_RawData/SPUF45_viscosty.xlsx#Hoja1!A55:B55,b8137c40f7ec23eb648e2e928715eb7733b8a9ed21de0b58be712eadecd7c260,CC BY 4.0,elorza-2021-recycled-pu-foam-data;elorza-2021-recycled-pu-foam-paper,时间序列点共享一个配方运行预算，不按点扩增独立样本。
第十六批实验_再生PU泡沫,viscosity:SPUF_4.5,recycled-pu:SPUF_4.5:viscosity:054,SPUF_4.5,component_A_slurry_SPUF_4.5,curve_point,component_A_plus_CDW_PU_foam_powder,polyol_side_mixture_before_isocyanate_addition,dynamic_viscosity,55.14,Pa*s,,,elapsed_time,4.5,min,experimental,source_raw_workbook,raw_point,TA Instruments AR200ex rheometer; source time series,direct_experimental_process_property,conditional_reference,formulation_resolved_commercial_component_A_unresolved,rheometer_identified_shear_rate_and_temperature_unreported,0.25,False,,family_elorza_recycled_pu_foam,数据/原始/外部数据/新增开放数据/第十六批实验_再生PU泡沫/原始文件/row data for _Sustainable insulating foams_3/SPUF_viscosity_RawData/SPUF45_viscosty.xlsx#Hoja1!A56:B56,b8137c40f7ec23eb648e2e928715eb7733b8a9ed21de0b58be712eadecd7c260,CC BY 4.0,elorza-2021-recycled-pu-foam-data;elorza-2021-recycled-pu-foam-paper,时间序列点共享一个配方运行预算，不按点扩增独立样本。
第十六批实验_再生PU泡沫,viscosity:SPUF_4.5,recycled-pu:SPUF_4.5:viscosity:055,SPUF_4.5,component_A_slurry_SPUF_4.5,curve_point,component_A_plus_CDW_PU_foam_powder,polyol_side_mixture_before_isocyanate_addition,dynamic_viscosity,55.24,Pa*s,,,elapsed_time,4.6,min,experimental,source_raw_workbook,raw_point,TA Instruments AR200ex rheometer; source time series,direct_experimental_process_property,conditional_reference,formulation_resolved_commercial_component_A_unresolved,rheometer_identified_shear_rate_and_temperature_unreported,0.25,False,,family_elorza_recycled_pu_foam,数据/原始/外部数据/新增开放数据/第十六批实验_再生PU泡沫/原始文件/row data for _Sustainable insulating foams_3/SPUF_viscosity_RawData/SPUF45_viscosty.xlsx#Hoja1!A57:B57,b8137c40f7ec23eb648e2e928715eb7733b8a9ed21de0b58be712eadecd7c260,CC BY 4.0,elorza-2021-recycled-pu-foam-data;elorza-2021-recycled-pu-foam-paper,时间序列点共享一个配方运行预算，不按点扩增独立样本。
第十六批实验_再生PU泡沫,viscosity:SPUF_4.5,recycled-pu:SPUF_4.5:viscosity:056,SPUF_4.5,component_A_slurry_SPUF_4.5,curve_point,component_A_plus_CDW_PU_foam_powder,polyol_side_mixture_before_isocyanate_addition,dynamic_viscosity,55.44,Pa*s,,,elapsed_time,4.7,min,experimental,source_raw_workbook,raw_point,TA Instruments AR200ex rheometer; source time series,direct_experimental_process_property,conditional_reference,formulation_resolved_commercial_component_A_unresolved,rheometer_identified_shear_rate_and_temperature_unreported,0.25,False,,family_elorza_recycled_pu_foam,数据/原始/外部数据/新增开放数据/第十六批实验_再生PU泡沫/原始文件/row data for _Sustainable insulating foams_3/SPUF_viscosity_RawData/SPUF45_viscosty.xlsx#Hoja1!A58:B58,b8137c40f7ec23eb648e2e928715eb7733b8a9ed21de0b58be712eadecd7c260,CC BY 4.0,elorza-2021-recycled-pu-foam-data;elorza-2021-recycled-pu-foam-paper,时间序列点共享一个配方运行预算，不按点扩增独立样本。
第十六批实验_再生PU泡沫,viscosity:SPUF_4.5,recycled-pu:SPUF_4.5:viscosity:057,SPUF_4.5,component_A_slurry_SPUF_4.5,curve_point,component_A_plus_CDW_PU_foam_powder,polyol_side_mixture_before_isocyanate_addition,dynamic_viscosity,56.5,Pa*s,,,elapsed_time,4.8,min,experimental,source_raw_workbook,raw_point,TA Instruments AR200ex rheometer; source time series,direct_experimental_process_property,conditional_reference,formulation_resolved_commercial_component_A_unresolved,rheometer_identified_shear_rate_and_temperature_unreported,0.25,False,,family_elorza_recycled_pu_foam,数据/原始/外部数据/新增开放数据/第十六批实验_再生PU泡沫/原始文件/row data for _Sustainable insulating foams_3/SPUF_viscosity_RawData/SPUF45_viscosty.xlsx#Hoja1!A59:B59,b8137c40f7ec23eb648e2e928715eb7733b8a9ed21de0b58be712eadecd7c260,CC BY 4.0,elorza-2021-recycled-pu-foam-data;elorza-2021-recycled-pu-foam-paper,时间序列点共享一个配方运行预算，不按点扩增独立样本。
第十六批实验_再生PU泡沫,viscosity:SPUF_4.5,recycled-pu:SPUF_4.5:viscosity:058,SPUF_4.5,component_A_slurry_SPUF_4.5,curve_point,component_A_plus_CDW_PU_foam_powder,polyol_side_mixture_before_isocyanate_addition,dynamic_viscosity,57.37,Pa*s,,,elapsed_time,4.8,min,experimental,source_raw_workbook,raw_point,TA Instruments AR200ex rheometer; source time series,direct_experimental_process_property,conditional_reference,formulation_resolved_commercial_component_A_unresolved,rheometer_identified_shear_rate_and_temperature_unreported,0.25,False,,family_elorza_recycled_pu_foam,数据/原始/外部数据/新增开放数据/第十六批实验_再生PU泡沫/原始文件/row data for _Sustainable insulating foams_3/SPUF_viscosity_RawData/SPUF45_viscosty.xlsx#Hoja1!A60:B60,b8137c40f7ec23eb648e2e928715eb7733b8a9ed21de0b58be712eadecd7c260,CC BY 4.0,elorza-2021-recycled-pu-foam-data;elorza-2021-recycled-pu-foam-paper,时间序列点共享一个配方运行预算，不按点扩增独立样本。
第十六批实验_再生PU泡沫,viscosity:SPUF_4.5,recycled-pu:SPUF_4.5:viscosity:059,SPUF_4.5,component_A_slurry_SPUF_4.5,curve_point,component_A_plus_CDW_PU_foam_powder,polyol_side_mixture_before_isocyanate_addition,dynamic_viscosity,58.36,Pa*s,,,elapsed_time,4.9,min,experimental,source_raw_workbook,raw_point,TA Instruments AR200ex rheometer; source time series,direct_experimental_process_property,conditional_reference,formulation_resolved_commercial_component_A_unresolved,rheometer_identified_shear_rate_and_temperature_unreported,0.25,False,,family_elorza_recycled_pu_foam,数据/原始/外部数据/新增开放数据/第十六批实验_再生PU泡沫/原始文件/row data for _Sustainable insulating foams_3/SPUF_viscosity_RawData/SPUF45_viscosty.xlsx#Hoja1!A61:B61,b8137c40f7ec23eb648e2e928715eb7733b8a9ed21de0b58be712eadecd7c260,CC BY 4.0,elorza-2021-recycled-pu-foam-data;elorza-2021-recycled-pu-foam-paper,时间序列点共享一个配方运行预算，不按点扩增独立样本。
第十六批实验_再生PU泡沫,viscosity:SPUF_4.5,recycled-pu:SPUF_4.5:viscosity:060,SPUF_4.5,component_A_slurry_SPUF_4.5,curve_point,component_A_plus_CDW_PU_foam_powder,polyol_side_mixture_before_isocyanate_addition,dynamic_viscosity,58.1,Pa*s,,,elapsed_time,5.0,min,experimental,source_raw_workbook,raw_point,TA Instruments AR200ex rheometer; source time series,direct_experimental_process_property,conditional_reference,formulation_resolved_commercial_component_A_unresolved,rheometer_identified_shear_rate_and_temperature_unreported,0.25,False,,family_elorza_recycled_pu_foam,数据/原始/外部数据/新增开放数据/第十六批实验_再生PU泡沫/原始文件/row data for _Sustainable insulating foams_3/SPUF_viscosity_RawData/SPUF45_viscosty.xlsx#Hoja1!A62:B62,b8137c40f7ec23eb648e2e928715eb7733b8a9ed21de0b58be712eadecd7c260,CC BY 4.0,elorza-2021-recycled-pu-foam-data;elorza-2021-recycled-pu-foam-paper,时间序列点共享一个配方运行预算，不按点扩增独立样本。
第十六批实验_再生PU泡沫,viscosity:SPUF_6.0,recycled-pu:SPUF_6.0:viscosity:001,SPUF_6.0,component_A_slurry_SPUF_6.0,curve_point,component_A_plus_CDW_PU_foam_powder,polyol_side_mixture_before_isocyanate_addition,dynamic_viscosity,191.5,Pa*s,,,elapsed_time,0.1,min,experimental,source_raw_workbook,raw_point,TA Instruments AR200ex rheometer; source time series,direct_experimental_process_property,conditional_reference,formulation_resolved_commercial_component_A_unresolved,rheometer_identified_shear_rate_and_temperature_unreported,0.25,False,,family_elorza_recycled_pu_foam,数据/原始/外部数据/新增开放数据/第十六批实验_再生PU泡沫/原始文件/row data for _Sustainable insulating foams_3/SPUF_viscosity_RawData/SPUF60_viscosty.xlsx#Hoja1!A3:B3,06c75c7adf221a0cc61218f9c21299f5c031308c57a2468bd60aa57a0213fa6d,CC BY 4.0,elorza-2021-recycled-pu-foam-data;elorza-2021-recycled-pu-foam-paper,时间序列点共享一个配方运行预算，不按点扩增独立样本。
第十六批实验_再生PU泡沫,viscosity:SPUF_6.0,recycled-pu:SPUF_6.0:viscosity:002,SPUF_6.0,component_A_slurry_SPUF_6.0,curve_point,component_A_plus_CDW_PU_foam_powder,polyol_side_mixture_before_isocyanate_addition,dynamic_viscosity,181.6,Pa*s,,,elapsed_time,0.2,min,experimental,source_raw_workbook,raw_point,TA Instruments AR200ex rheometer; source time series,direct_experimental_process_property,conditional_reference,formulation_resolved_commercial_component_A_unresolved,rheometer_identified_shear_rate_and_temperature_unreported,0.25,False,,family_elorza_recycled_pu_foam,数据/原始/外部数据/新增开放数据/第十六批实验_再生PU泡沫/原始文件/row data for _Sustainable insulating foams_3/SPUF_viscosity_RawData/SPUF60_viscosty.xlsx#Hoja1!A4:B4,06c75c7adf221a0cc61218f9c21299f5c031308c57a2468bd60aa57a0213fa6d,CC BY 4.0,elorza-2021-recycled-pu-foam-data;elorza-2021-recycled-pu-foam-paper,时间序列点共享一个配方运行预算，不按点扩增独立样本。
第十六批实验_再生PU泡沫,viscosity:SPUF_6.0,recycled-pu:SPUF_6.0:viscosity:003,SPUF_6.0,component_A_slurry_SPUF_6.0,curve_point,component_A_plus_CDW_PU_foam_powder,polyol_side_mixture_before_isocyanate_addition,dynamic_viscosity,172.1,Pa*s,,,elapsed_time,0.3,min,experimental,source_raw_workbook,raw_point,TA Instruments AR200ex rheometer; source time series,direct_experimental_process_property,conditional_reference,formulation_resolved_commercial_component_A_unresolved,rheometer_identified_shear_rate_and_temperature_unreported,0.25,False,,family_elorza_recycled_pu_foam,数据/原始/外部数据/新增开放数据/第十六批实验_再生PU泡沫/原始文件/row data for _Sustainable insulating foams_3/SPUF_viscosity_RawData/SPUF60_viscosty.xlsx#Hoja1!A5:B5,06c75c7adf221a0cc61218f9c21299f5c031308c57a2468bd60aa57a0213fa6d,CC BY 4.0,elorza-2021-recycled-pu-foam-data;elorza-2021-recycled-pu-foam-paper,时间序列点共享一个配方运行预算，不按点扩增独立样本。
第十六批实验_再生PU泡沫,viscosity:SPUF_6.0,recycled-pu:SPUF_6.0:viscosity:004,SPUF_6.0,component_A_slurry_SPUF_6.0,curve_point,component_A_plus_CDW_PU_foam_powder,polyol_side_mixture_before_isocyanate_addition,dynamic_viscosity,167.3,Pa*s,,,elapsed_time,0.3,min,experimental,source_raw_workbook,raw_point,TA Instruments AR200ex rheometer; source time series,direct_experimental_process_property,conditional_reference,formulation_resolved_commercial_component_A_unresolved,rheometer_identified_shear_rate_and_temperature_unreported,0.25,False,,family_elorza_recycled_pu_foam,数据/原始/外部数据/新增开放数据/第十六批实验_再生PU泡沫/原始文件/row data for _Sustainable insulating foams_3/SPUF_viscosity_RawData/SPUF60_viscosty.xlsx#Hoja1!A6:B6,06c75c7adf221a0cc61218f9c21299f5c031308c57a2468bd60aa57a0213fa6d,CC BY 4.0,elorza-2021-recycled-pu-foam-data;elorza-2021-recycled-pu-foam-paper,时间序列点共享一个配方运行预算，不按点扩增独立样本。
第十六批实验_再生PU泡沫,viscosity:SPUF_6.0,recycled-pu:SPUF_6.0:viscosity:005,SPUF_6.0,component_A_slurry_SPUF_6.0,curve_point,component_A_plus_CDW_PU_foam_powder,polyol_side_mixture_before_isocyanate_addition,dynamic_viscosity,164.3,Pa*s,,,elapsed_time,0.4,min,experimental,source_raw_workbook,raw_point,TA Instruments AR200ex rheometer; source time series,direct_experimental_process_property,conditional_reference,formulation_resolved_commercial_component_A_unresolved,rheometer_identified_shear_rate_and_temperature_unreported,0.25,False,,family_elorza_recycled_pu_foam,数据/原始/外部数据/新增开放数据/第十六批实验_再生PU泡沫/原始文件/row data for _Sustainable insulating foams_3/SPUF_viscosity_RawData/SPUF60_viscosty.xlsx#Hoja1!A7:B7,06c75c7adf221a0cc61218f9c21299f5c031308c57a2468bd60aa57a0213fa6d,CC BY 4.0,elorza-2021-recycled-pu-foam-data;elorza-2021-recycled-pu-foam-paper,时间序列点共享一个配方运行预算，不按点扩增独立样本。
第十六批实验_再生PU泡沫,viscosity:SPUF_6.0,recycled-pu:SPUF_6.0:viscosity:006,SPUF_6.0,component_A_slurry_SPUF_6.0,curve_point,component_A_plus_CDW_PU_foam_powder,polyol_side_mixture_before_isocyanate_addition,dynamic_viscosity,161.8,Pa*s,,,elapsed_time,0.5,min,experimental,source_raw_workbook,raw_point,TA Instruments AR200ex rheometer; source time series,direct_experimental_process_property,conditional_reference,formulation_resolved_commercial_component_A_unresolved,rheometer_identified_shear_rate_and_temperature_unreported,0.25,False,,family_elorza_recycled_pu_foam,数据/原始/外部数据/新增开放数据/第十六批实验_再生PU泡沫/原始文件/row data for _Sustainable insulating foams_3/SPUF_viscosity_RawData/SPUF60_viscosty.xlsx#Hoja1!A8:B8,06c75c7adf221a0cc61218f9c21299f5c031308c57a2468bd60aa57a0213fa6d,CC BY 4.0,elorza-2021-recycled-pu-foam-data;elorza-2021-recycled-pu-foam-paper,时间序列点共享一个配方运行预算，不按点扩增独立样本。
第十六批实验_再生PU泡沫,viscosity:SPUF_6.0,recycled-pu:SPUF_6.0:viscosity:007,SPUF_6.0,component_A_slurry_SPUF_6.0,curve_point,component_A_plus_CDW_PU_foam_powder,polyol_side_mixture_before_isocyanate_addition,dynamic_viscosity,158.4,Pa*s,,,elapsed_time,0.6,min,experimental,source_raw_workbook,raw_point,TA Instruments AR200ex rheometer; source time series,direct_experimental_process_property,conditional_reference,formulation_resolved_commercial_component_A_unresolved,rheometer_identified_shear_rate_and_temperature_unreported,0.25,False,,family_elorza_recycled_pu_foam,数据/原始/外部数据/新增开放数据/第十六批实验_再生PU泡沫/原始文件/row data for _Sustainable insulating foams_3/SPUF_viscosity_RawData/SPUF60_viscosty.xlsx#Hoja1!A9:B9,06c75c7adf221a0cc61218f9c21299f5c031308c57a2468bd60aa57a0213fa6d,CC BY 4.0,elorza-2021-recycled-pu-foam-data;elorza-2021-recycled-pu-foam-paper,时间序列点共享一个配方运行预算，不按点扩增独立样本。
第十六批实验_再生PU泡沫,viscosity:SPUF_6.0,recycled-pu:SPUF_6.0:viscosity:008,SPUF_6.0,component_A_slurry_SPUF_6.0,curve_point,component_A_plus_CDW_PU_foam_powder,polyol_side_mixture_before_isocyanate_addition,dynamic_viscosity,152.1,Pa*s,,,elapsed_time,0.7,min,experimental,source_raw_workbook,raw_point,TA Instruments AR200ex rheometer; source time series,direct_experimental_process_property,conditional_reference,formulation_resolved_commercial_component_A_unresolved,rheometer_identified_shear_rate_and_temperature_unreported,0.25,False,,family_elorza_recycled_pu_foam,数据/原始/外部数据/新增开放数据/第十六批实验_再生PU泡沫/原始文件/row data for _Sustainable insulating foams_3/SPUF_viscosity_RawData/SPUF60_viscosty.xlsx#Hoja1!A10:B10,06c75c7adf221a0cc61218f9c21299f5c031308c57a2468bd60aa57a0213fa6d,CC BY 4.0,elorza-2021-recycled-pu-foam-data;elorza-2021-recycled-pu-foam-paper,时间序列点共享一个配方运行预算，不按点扩增独立样本。
第十六批实验_再生PU泡沫,viscosity:SPUF_6.0,recycled-pu:SPUF_6.0:viscosity:009,SPUF_6.0,component_A_slurry_SPUF_6.0,curve_point,component_A_plus_CDW_PU_foam_powder,polyol_side_mixture_before_isocyanate_addition,dynamic_viscosity,145.2,Pa*s,,,elapsed_time,0.8,min,experimental,source_raw_workbook,raw_point,TA Instruments AR200ex rheometer; source time series,direct_experimental_process_property,conditional_reference,formulation_resolved_commercial_component_A_unresolved,rheometer_identified_shear_rate_and_temperature_unreported,0.25,False,,family_elorza_recycled_pu_foam,数据/原始/外部数据/新增开放数据/第十六批实验_再生PU泡沫/原始文件/row data for _Sustainable insulating foams_3/SPUF_viscosity_RawData/SPUF60_viscosty.xlsx#Hoja1!A11:B11,06c75c7adf221a0cc61218f9c21299f5c031308c57a2468bd60aa57a0213fa6d,CC BY 4.0,elorza-2021-recycled-pu-foam-data;elorza-2021-recycled-pu-foam-paper,时间序列点共享一个配方运行预算，不按点扩增独立样本。
第十六批实验_再生PU泡沫,viscosity:SPUF_6.0,recycled-pu:SPUF_6.0:viscosity:010,SPUF_6.0,component_A_slurry_SPUF_6.0,curve_point,component_A_plus_CDW_PU_foam_powder,polyol_side_mixture_before_isocyanate_addition,dynamic_viscosity,138.3,Pa*s,,,elapsed_time,0.8,min,experimental,source_raw_workbook,raw_point,TA Instruments AR200ex rheometer; source time series,direct_experimental_process_property,conditional_reference,formulation_resolved_commercial_component_A_unresolved,rheometer_identified_shear_rate_and_temperature_unreported,0.25,False,,family_elorza_recycled_pu_foam,数据/原始/外部数据/新增开放数据/第十六批实验_再生PU泡沫/原始文件/row data for _Sustainable insulating foams_3/SPUF_viscosity_RawData/SPUF60_viscosty.xlsx#Hoja1!A12:B12,06c75c7adf221a0cc61218f9c21299f5c031308c57a2468bd60aa57a0213fa6d,CC BY 4.0,elorza-2021-recycled-pu-foam-data;elorza-2021-recycled-pu-foam-paper,时间序列点共享一个配方运行预算，不按点扩增独立样本。
第十六批实验_再生PU泡沫,viscosity:SPUF_6.0,recycled-pu:SPUF_6.0:viscosity:011,SPUF_6.0,component_A_slurry_SPUF_6.0,curve_point,component_A_plus_CDW_PU_foam_powder,polyol_side_mixture_before_isocyanate_addition,dynamic_viscosity,132.9,Pa*s,,,elapsed_time,0.9,min,experimental,source_raw_workbook,raw_point,TA Instruments AR200ex rheometer; source time series,direct_experimental_process_property,conditional_reference,formulation_resolved_commercial_component_A_unresolved,rheometer_identified_shear_rate_and_temperature_unreported,0.25,False,,family_elorza_recycled_pu_foam,数据/原始/外部数据/新增开放数据/第十六批实验_再生PU泡沫/原始文件/row data for _Sustainable insulating foams_3/SPUF_viscosity_RawData/SPUF60_viscosty.xlsx#Hoja1!A13:B13,06c75c7adf221a0cc61218f9c21299f5c031308c57a2468bd60aa57a0213fa6d,CC BY 4.0,elorza-2021-recycled-pu-foam-data;elorza-2021-recycled-pu-foam-paper,时间序列点共享一个配方运行预算，不按点扩增独立样本。
第十六批实验_再生PU泡沫,viscosity:SPUF_6.0,recycled-pu:SPUF_6.0:viscosity:012,SPUF_6.0,component_A_slurry_SPUF_6.0,curve_point,component_A_plus_CDW_PU_foam_powder,polyol_side_mixture_before_isocyanate_addition,dynamic_viscosity,130.2,Pa*s,,,elapsed_time,1.0,min,experimental,source_raw_workbook,raw_point,TA Instruments AR200ex rheometer; source time series,direct_experimental_process_property,conditional_reference,formulation_resolved_commercial_component_A_unresolved,rheometer_identified_shear_rate_and_temperature_unreported,0.25,False,,family_elorza_recycled_pu_foam,数据/原始/外部数据/新增开放数据/第十六批实验_再生PU泡沫/原始文件/row data for _Sustainable insulating foams_3/SPUF_viscosity_RawData/SPUF60_viscosty.xlsx#Hoja1!A14:B14,06c75c7adf221a0cc61218f9c21299f5c031308c57a2468bd60aa57a0213fa6d,CC BY 4.0,elorza-2021-recycled-pu-foam-data;elorza-2021-recycled-pu-foam-paper,时间序列点共享一个配方运行预算，不按点扩增独立样本。
第十六批实验_再生PU泡沫,viscosity:SPUF_6.0,recycled-pu:SPUF_6.0:viscosity:013,SPUF_6.0,component_A_slurry_SPUF_6.0,curve_point,component_A_plus_CDW_PU_foam_powder,polyol_side_mixture_before_isocyanate_addition,dynamic_viscosity,133.1,Pa*s,,,elapsed_time,1.1,min,experimental,source_raw_workbook,raw_point,TA Instruments AR200ex rheometer; source time series,direct_experimental_process_property,conditional_reference,formulation_resolved_commercial_component_A_unresolved,rheometer_identified_shear_rate_and_temperature_unreported,0.25,False,,family_elorza_recycled_pu_foam,数据/原始/外部数据/新增开放数据/第十六批实验_再生PU泡沫/原始文件/row data for _Sustainable insulating foams_3/SPUF_viscosity_RawData/SPUF60_viscosty.xlsx#Hoja1!A15:B15,06c75c7adf221a0cc61218f9c21299f5c031308c57a2468bd60aa57a0213fa6d,CC BY 4.0,elorza-2021-recycled-pu-foam-data;elorza-2021-recycled-pu-foam-paper,时间序列点共享一个配方运行预算，不按点扩增独立样本。
第十六批实验_再生PU泡沫,viscosity:SPUF_6.0,recycled-pu:SPUF_6.0:viscosity:014,SPUF_6.0,component_A_slurry_SPUF_6.0,curve_point,component_A_plus_CDW_PU_foam_powder,polyol_side_mixture_before_isocyanate_addition,dynamic_viscosity,139.8,Pa*s,,,elapsed_time,1.2,min,experimental,source_raw_workbook,raw_point,TA Instruments AR200ex rheometer; source time series,direct_experimental_process_property,conditional_reference,formulation_resolved_commercial_component_A_unresolved,rheometer_identified_shear_rate_and_temperature_unreported,0.25,False,,family_elorza_recycled_pu_foam,数据/原始/外部数据/新增开放数据/第十六批实验_再生PU泡沫/原始文件/row data for _Sustainable insulating foams_3/SPUF_viscosity_RawData/SPUF60_viscosty.xlsx#Hoja1!A16:B16,06c75c7adf221a0cc61218f9c21299f5c031308c57a2468bd60aa57a0213fa6d,CC BY 4.0,elorza-2021-recycled-pu-foam-data;elorza-2021-recycled-pu-foam-paper,时间序列点共享一个配方运行预算，不按点扩增独立样本。
第十六批实验_再生PU泡沫,viscosity:SPUF_6.0,recycled-pu:SPUF_6.0:viscosity:015,SPUF_6.0,component_A_slurry_SPUF_6.0,curve_point,component_A_plus_CDW_PU_foam_powder,polyol_side_mixture_before_isocyanate_addition,dynamic_viscosity,145.4,Pa*s,,,elapsed_time,1.3,min,experimental,source_raw_workbook,raw_point,TA Instruments AR200ex rheometer; source time series,direct_experimental_process_property,conditional_reference,formulation_resolved_commercial_component_A_unresolved,rheometer_identified_shear_rate_and_temperature_unreported,0.25,False,,family_elorza_recycled_pu_foam,数据/原始/外部数据/新增开放数据/第十六批实验_再生PU泡沫/原始文件/row data for _Sustainable insulating foams_3/SPUF_viscosity_RawData/SPUF60_viscosty.xlsx#Hoja1!A17:B17,06c75c7adf221a0cc61218f9c21299f5c031308c57a2468bd60aa57a0213fa6d,CC BY 4.0,elorza-2021-recycled-pu-foam-data;elorza-2021-recycled-pu-foam-paper,时间序列点共享一个配方运行预算，不按点扩增独立样本。
第十六批实验_再生PU泡沫,viscosity:SPUF_6.0,recycled-pu:SPUF_6.0:viscosity:016,SPUF_6.0,component_A_slurry_SPUF_6.0,curve_point,component_A_plus_CDW_PU_foam_powder,polyol_side_mixture_before_isocyanate_addition,dynamic_viscosity,148.5,Pa*s,,,elapsed_time,1.3,min,experimental,source_raw_workbook,raw_point,TA Instruments AR200ex rheometer; source time series,direct_experimental_process_property,conditional_reference,formulation_resolved_commercial_component_A_unresolved,rheometer_identified_shear_rate_and_temperature_unreported,0.25,False,,family_elorza_recycled_pu_foam,数据/原始/外部数据/新增开放数据/第十六批实验_再生PU泡沫/原始文件/row data for _Sustainable insulating foams_3/SPUF_viscosity_RawData/SPUF60_viscosty.xlsx#Hoja1!A18:B18,06c75c7adf221a0cc61218f9c21299f5c031308c57a2468bd60aa57a0213fa6d,CC BY 4.0,elorza-2021-recycled-pu-foam-data;elorza-2021-recycled-pu-foam-paper,时间序列点共享一个配方运行预算，不按点扩增独立样本。
第十六批实验_再生PU泡沫,viscosity:SPUF_6.0,recycled-pu:SPUF_6.0:viscosity:017,SPUF_6.0,component_A_slurry_SPUF_6.0,curve_point,component_A_plus_CDW_PU_foam_powder,polyol_side_mixture_before_isocyanate_addition,dynamic_viscosity,147.3,Pa*s,,,elapsed_time,1.4,min,experimental,source_raw_workbook,raw_point,TA Instruments AR200ex rheometer; source time series,direct_experimental_process_property,conditional_reference,formulation_resolved_commercial_component_A_unresolved,rheometer_identified_shear_rate_and_temperature_unreported,0.25,False,,family_elorza_recycled_pu_foam,数据/原始/外部数据/新增开放数据/第十六批实验_再生PU泡沫/原始文件/row data for _Sustainable insulating foams_3/SPUF_viscosity_RawData/SPUF60_viscosty.xlsx#Hoja1!A19:B19,06c75c7adf221a0cc61218f9c21299f5c031308c57a2468bd60aa57a0213fa6d,CC BY 4.0,elorza-2021-recycled-pu-foam-data;elorza-2021-recycled-pu-foam-paper,时间序列点共享一个配方运行预算，不按点扩增独立样本。
第十六批实验_再生PU泡沫,viscosity:SPUF_6.0,recycled-pu:SPUF_6.0:viscosity:018,SPUF_6.0,component_A_slurry_SPUF_6.0,curve_point,component_A_plus_CDW_PU_foam_powder,polyol_side_mixture_before_isocyanate_addition,dynamic_viscosity,142.5,Pa*s,,,elapsed_time,1.5,min,experimental,source_raw_workbook,raw_point,TA Instruments AR200ex rheometer; source time series,direct_experimental_process_property,conditional_reference,formulation_resolved_commercial_component_A_unresolved,rheometer_identified_shear_rate_and_temperature_unreported,0.25,False,,family_elorza_recycled_pu_foam,数据/原始/外部数据/新增开放数据/第十六批实验_再生PU泡沫/原始文件/row data for _Sustainable insulating foams_3/SPUF_viscosity_RawData/SPUF60_viscosty.xlsx#Hoja1!A20:B20,06c75c7adf221a0cc61218f9c21299f5c031308c57a2468bd60aa57a0213fa6d,CC BY 4.0,elorza-2021-recycled-pu-foam-data;elorza-2021-recycled-pu-foam-paper,时间序列点共享一个配方运行预算，不按点扩增独立样本。
第十六批实验_再生PU泡沫,viscosity:SPUF_6.0,recycled-pu:SPUF_6.0:viscosity:019,SPUF_6.0,component_A_slurry_SPUF_6.0,curve_point,component_A_plus_CDW_PU_foam_powder,polyol_side_mixture_before_isocyanate_addition,dynamic_viscosity,133.8,Pa*s,,,elapsed_time,1.6,min,experimental,source_raw_workbook,raw_point,TA Instruments AR200ex rheometer; source time series,direct_experimental_process_property,conditional_reference,formulation_resolved_commercial_component_A_unresolved,rheometer_identified_shear_rate_and_temperature_unreported,0.25,False,,family_elorza_recycled_pu_foam,数据/原始/外部数据/新增开放数据/第十六批实验_再生PU泡沫/原始文件/row data for _Sustainable insulating foams_3/SPUF_viscosity_RawData/SPUF60_viscosty.xlsx#Hoja1!A21:B21,06c75c7adf221a0cc61218f9c21299f5c031308c57a2468bd60aa57a0213fa6d,CC BY 4.0,elorza-2021-recycled-pu-foam-data;elorza-2021-recycled-pu-foam-paper,时间序列点共享一个配方运行预算，不按点扩增独立样本。
第十六批实验_再生PU泡沫,viscosity:SPUF_6.0,recycled-pu:SPUF_6.0:viscosity:020,SPUF_6.0,component_A_slurry_SPUF_6.0,curve_point,component_A_plus_CDW_PU_foam_powder,polyol_side_mixture_before_isocyanate_addition,dynamic_viscosity,126.2,Pa*s,,,elapsed_time,1.7,min,experimental,source_raw_workbook,raw_point,TA Instruments AR200ex rheometer; source time series,direct_experimental_process_property,conditional_reference,formulation_resolved_commercial_component_A_unresolved,rheometer_identified_shear_rate_and_temperature_unreported,0.25,False,,family_elorza_recycled_pu_foam,数据/原始/外部数据/新增开放数据/第十六批实验_再生PU泡沫/原始文件/row data for _Sustainable insulating foams_3/SPUF_viscosity_RawData/SPUF60_viscosty.xlsx#Hoja1!A22:B22,06c75c7adf221a0cc61218f9c21299f5c031308c57a2468bd60aa57a0213fa6d,CC BY 4.0,elorza-2021-recycled-pu-foam-data;elorza-2021-recycled-pu-foam-paper,时间序列点共享一个配方运行预算，不按点扩增独立样本。
第十六批实验_再生PU泡沫,viscosity:SPUF_6.0,recycled-pu:SPUF_6.0:viscosity:021,SPUF_6.0,component_A_slurry_SPUF_6.0,curve_point,component_A_plus_CDW_PU_foam_powder,polyol_side_mixture_before_isocyanate_addition,dynamic_viscosity,121.0,Pa*s,,,elapsed_time,1.8,min,experimental,source_raw_workbook,raw_point,TA Instruments AR200ex rheometer; source time series,direct_experimental_process_property,conditional_reference,formulation_resolved_commercial_component_A_unresolved,rheometer_identified_shear_rate_and_temperature_unreported,0.25,False,,family_elorza_recycled_pu_foam,数据/原始/外部数据/新增开放数据/第十六批实验_再生PU泡沫/原始文件/row data for _Sustainable insulating foams_3/SPUF_viscosity_RawData/SPUF60_viscosty.xlsx#Hoja1!A23:B23,06c75c7adf221a0cc61218f9c21299f5c031308c57a2468bd60aa57a0213fa6d,CC BY 4.0,elorza-2021-recycled-pu-foam-data;elorza-2021-recycled-pu-foam-paper,时间序列点共享一个配方运行预算，不按点扩增独立样本。
第十六批实验_再生PU泡沫,viscosity:SPUF_6.0,recycled-pu:SPUF_6.0:viscosity:022,SPUF_6.0,component_A_slurry_SPUF_6.0,curve_point,component_A_plus_CDW_PU_foam_powder,polyol_side_mixture_before_isocyanate_addition,dynamic_viscosity,117.8,Pa*s,,,elapsed_time,1.8,min,experimental,source_raw_workbook,raw_point,TA Instruments AR200ex rheometer; source time series,direct_experimental_process_property,conditional_reference,formulation_resolved_commercial_component_A_unresolved,rheometer_identified_shear_rate_and_temperature_unreported,0.25,False,,family_elorza_recycled_pu_foam,数据/原始/外部数据/新增开放数据/第十六批实验_再生PU泡沫/原始文件/row data for _Sustainable insulating foams_3/SPUF_viscosity_RawData/SPUF60_viscosty.xlsx#Hoja1!A24:B24,06c75c7adf221a0cc61218f9c21299f5c031308c57a2468bd60aa57a0213fa6d,CC BY 4.0,elorza-2021-recycled-pu-foam-data;elorza-2021-recycled-pu-foam-paper,时间序列点共享一个配方运行预算，不按点扩增独立样本。
第十六批实验_再生PU泡沫,viscosity:SPUF_6.0,recycled-pu:SPUF_6.0:viscosity:023,SPUF_6.0,component_A_slurry_SPUF_6.0,curve_point,component_A_plus_CDW_PU_foam_powder,polyol_side_mixture_before_isocyanate_addition,dynamic_viscosity,119.4,Pa*s,,,elapsed_time,1.9,min,experimental,source_raw_workbook,raw_point,TA Instruments AR200ex rheometer; source time series,direct_experimental_process_property,conditional_reference,formulation_resolved_commercial_component_A_unresolved,rheometer_identified_shear_rate_and_temperature_unreported,0.25,False,,family_elorza_recycled_pu_foam,数据/原始/外部数据/新增开放数据/第十六批实验_再生PU泡沫/原始文件/row data for _Sustainable insulating foams_3/SPUF_viscosity_RawData/SPUF60_viscosty.xlsx#Hoja1!A25:B25,06c75c7adf221a0cc61218f9c21299f5c031308c57a2468bd60aa57a0213fa6d,CC BY 4.0,elorza-2021-recycled-pu-foam-data;elorza-2021-recycled-pu-foam-paper,时间序列点共享一个配方运行预算，不按点扩增独立样本。
第十六批实验_再生PU泡沫,viscosity:SPUF_6.0,recycled-pu:SPUF_6.0:viscosity:024,SPUF_6.0,component_A_slurry_SPUF_6.0,curve_point,component_A_plus_CDW_PU_foam_powder,polyol_side_mixture_before_isocyanate_addition,dynamic_viscosity,121.5,Pa*s,,,elapsed_time,2.0,min,experimental,source_raw_workbook,raw_point,TA Instruments AR200ex rheometer; source time series,direct_experimental_process_property,conditional_reference,formulation_resolved_commercial_component_A_unresolved,rheometer_identified_shear_rate_and_temperature_unreported,0.25,False,,family_elorza_recycled_pu_foam,数据/原始/外部数据/新增开放数据/第十六批实验_再生PU泡沫/原始文件/row data for _Sustainable insulating foams_3/SPUF_viscosity_RawData/SPUF60_viscosty.xlsx#Hoja1!A26:B26,06c75c7adf221a0cc61218f9c21299f5c031308c57a2468bd60aa57a0213fa6d,CC BY 4.0,elorza-2021-recycled-pu-foam-data;elorza-2021-recycled-pu-foam-paper,时间序列点共享一个配方运行预算，不按点扩增独立样本。
第十六批实验_再生PU泡沫,viscosity:SPUF_6.0,recycled-pu:SPUF_6.0:viscosity:025,SPUF_6.0,component_A_slurry_SPUF_6.0,curve_point,component_A_plus_CDW_PU_foam_powder,polyol_side_mixture_before_isocyanate_addition,dynamic_viscosity,124.1,Pa*s,,,elapsed_time,2.1,min,experimental,source_raw_workbook,raw_point,TA Instruments AR200ex rheometer; source time series,direct_experimental_process_property,conditional_reference,formulation_resolved_commercial_component_A_unresolved,rheometer_identified_shear_rate_and_temperature_unreported,0.25,False,,family_elorza_recycled_pu_foam,数据/原始/外部数据/新增开放数据/第十六批实验_再生PU泡沫/原始文件/row data for _Sustainable insulating foams_3/SPUF_viscosity_RawData/SPUF60_viscosty.xlsx#Hoja1!A27:B27,06c75c7adf221a0cc61218f9c21299f5c031308c57a2468bd60aa57a0213fa6d,CC BY 4.0,elorza-2021-recycled-pu-foam-data;elorza-2021-recycled-pu-foam-paper,时间序列点共享一个配方运行预算，不按点扩增独立样本。
第十六批实验_再生PU泡沫,viscosity:SPUF_6.0,recycled-pu:SPUF_6.0:viscosity:026,SPUF_6.0,component_A_slurry_SPUF_6.0,curve_point,component_A_plus_CDW_PU_foam_powder,polyol_side_mixture_before_isocyanate_addition,dynamic_viscosity,125.8,Pa*s,,,elapsed_time,2.2,min,experimental,source_raw_workbook,raw_point,TA Instruments AR200ex rheometer; source time series,direct_experimental_process_property,conditional_reference,formulation_resolved_commercial_component_A_unresolved,rheometer_identified_shear_rate_and_temperature_unreported,0.25,False,,family_elorza_recycled_pu_foam,数据/原始/外部数据/新增开放数据/第十六批实验_再生PU泡沫/原始文件/row data for _Sustainable insulating foams_3/SPUF_viscosity_RawData/SPUF60_viscosty.xlsx#Hoja1!A28:B28,06c75c7adf221a0cc61218f9c21299f5c031308c57a2468bd60aa57a0213fa6d,CC BY 4.0,elorza-2021-recycled-pu-foam-data;elorza-2021-recycled-pu-foam-paper,时间序列点共享一个配方运行预算，不按点扩增独立样本。
第十六批实验_再生PU泡沫,viscosity:SPUF_6.0,recycled-pu:SPUF_6.0:viscosity:027,SPUF_6.0,component_A_slurry_SPUF_6.0,curve_point,component_A_plus_CDW_PU_foam_powder,polyol_side_mixture_before_isocyanate_addition,dynamic_viscosity,123.7,Pa*s,,,elapsed_time,2.3,min,experimental,source_raw_workbook,raw_point,TA Instruments AR200ex rheometer; source time series,direct_experimental_process_property,conditional_reference,formulation_resolved_commercial_component_A_unresolved,rheometer_identified_shear_rate_and_temperature_unreported,0.25,False,,family_elorza_recycled_pu_foam,数据/原始/外部数据/新增开放数据/第十六批实验_再生PU泡沫/原始文件/row data for _Sustainable insulating foams_3/SPUF_viscosity_RawData/SPUF60_viscosty.xlsx#Hoja1!A29:B29,06c75c7adf221a0cc61218f9c21299f5c031308c57a2468bd60aa57a0213fa6d,CC BY 4.0,elorza-2021-recycled-pu-foam-data;elorza-2021-recycled-pu-foam-paper,时间序列点共享一个配方运行预算，不按点扩增独立样本。
第十六批实验_再生PU泡沫,viscosity:SPUF_6.0,recycled-pu:SPUF_6.0:viscosity:028,SPUF_6.0,component_A_slurry_SPUF_6.0,curve_point,component_A_plus_CDW_PU_foam_powder,polyol_side_mixture_before_isocyanate_addition,dynamic_viscosity,121.9,Pa*s,,,elapsed_time,2.3,min,experimental,source_raw_workbook,raw_point,TA Instruments AR200ex rheometer; source time series,direct_experimental_process_property,conditional_reference,formulation_resolved_commercial_component_A_unresolved,rheometer_identified_shear_rate_and_temperature_unreported,0.25,False,,family_elorza_recycled_pu_foam,数据/原始/外部数据/新增开放数据/第十六批实验_再生PU泡沫/原始文件/row data for _Sustainable insulating foams_3/SPUF_viscosity_RawData/SPUF60_viscosty.xlsx#Hoja1!A30:B30,06c75c7adf221a0cc61218f9c21299f5c031308c57a2468bd60aa57a0213fa6d,CC BY 4.0,elorza-2021-recycled-pu-foam-data;elorza-2021-recycled-pu-foam-paper,时间序列点共享一个配方运行预算，不按点扩增独立样本。
第十六批实验_再生PU泡沫,viscosity:SPUF_6.0,recycled-pu:SPUF_6.0:viscosity:029,SPUF_6.0,component_A_slurry_SPUF_6.0,curve_point,component_A_plus_CDW_PU_foam_powder,polyol_side_mixture_before_isocyanate_addition,dynamic_viscosity,120.0,Pa*s,,,elapsed_time,2.4,min,experimental,source_raw_workbook,raw_point,TA Instruments AR200ex rheometer; source time series,direct_experimental_process_property,conditional_reference,formulation_resolved_commercial_component_A_unresolved,rheometer_identified_shear_rate_and_temperature_unreported,0.25,False,,family_elorza_recycled_pu_foam,数据/原始/外部数据/新增开放数据/第十六批实验_再生PU泡沫/原始文件/row data for _Sustainable insulating foams_3/SPUF_viscosity_RawData/SPUF60_viscosty.xlsx#Hoja1!A31:B31,06c75c7adf221a0cc61218f9c21299f5c031308c57a2468bd60aa57a0213fa6d,CC BY 4.0,elorza-2021-recycled-pu-foam-data;elorza-2021-recycled-pu-foam-paper,时间序列点共享一个配方运行预算，不按点扩增独立样本。
第十六批实验_再生PU泡沫,viscosity:SPUF_6.0,recycled-pu:SPUF_6.0:viscosity:030,SPUF_6.0,component_A_slurry_SPUF_6.0,curve_point,component_A_plus_CDW_PU_foam_powder,polyol_side_mixture_before_isocyanate_addition,dynamic_viscosity,117.5,Pa*s,,,elapsed_time,2.5,min,experimental,source_raw_workbook,raw_point,TA Instruments AR200ex rheometer; source time series,direct_experimental_process_property,conditional_reference,formulation_resolved_commercial_component_A_unresolved,rheometer_identified_shear_rate_and_temperature_unreported,0.25,False,,family_elorza_recycled_pu_foam,数据/原始/外部数据/新增开放数据/第十六批实验_再生PU泡沫/原始文件/row data for _Sustainable insulating foams_3/SPUF_viscosity_RawData/SPUF60_viscosty.xlsx#Hoja1!A32:B32,06c75c7adf221a0cc61218f9c21299f5c031308c57a2468bd60aa57a0213fa6d,CC BY 4.0,elorza-2021-recycled-pu-foam-data;elorza-2021-recycled-pu-foam-paper,时间序列点共享一个配方运行预算，不按点扩增独立样本。
第十六批实验_再生PU泡沫,viscosity:SPUF_6.0,recycled-pu:SPUF_6.0:viscosity:031,SPUF_6.0,component_A_slurry_SPUF_6.0,curve_point,component_A_plus_CDW_PU_foam_powder,polyol_side_mixture_before_isocyanate_addition,dynamic_viscosity,114.2,Pa*s,,,elapsed_time,2.6,min,experimental,source_raw_workbook,raw_point,TA Instruments AR200ex rheometer; source time series,direct_experimental_process_property,conditional_reference,formulation_resolved_commercial_component_A_unresolved,rheometer_identified_shear_rate_and_temperature_unreported,0.25,False,,family_elorza_recycled_pu_foam,数据/原始/外部数据/新增开放数据/第十六批实验_再生PU泡沫/原始文件/row data for _Sustainable insulating foams_3/SPUF_viscosity_RawData/SPUF60_viscosty.xlsx#Hoja1!A33:B33,06c75c7adf221a0cc61218f9c21299f5c031308c57a2468bd60aa57a0213fa6d,CC BY 4.0,elorza-2021-recycled-pu-foam-data;elorza-2021-recycled-pu-foam-paper,时间序列点共享一个配方运行预算，不按点扩增独立样本。
第十六批实验_再生PU泡沫,viscosity:SPUF_6.0,recycled-pu:SPUF_6.0:viscosity:032,SPUF_6.0,component_A_slurry_SPUF_6.0,curve_point,component_A_plus_CDW_PU_foam_powder,polyol_side_mixture_before_isocyanate_addition,dynamic_viscosity,110.1,Pa*s,,,elapsed_time,2.7,min,experimental,source_raw_workbook,raw_point,TA Instruments AR200ex rheometer; source time series,direct_experimental_process_property,conditional_reference,formulation_resolved_commercial_component_A_unresolved,rheometer_identified_shear_rate_and_temperature_unreported,0.25,False,,family_elorza_recycled_pu_foam,数据/原始/外部数据/新增开放数据/第十六批实验_再生PU泡沫/原始文件/row data for _Sustainable insulating foams_3/SPUF_viscosity_RawData/SPUF60_viscosty.xlsx#Hoja1!A34:B34,06c75c7adf221a0cc61218f9c21299f5c031308c57a2468bd60aa57a0213fa6d,CC BY 4.0,elorza-2021-recycled-pu-foam-data;elorza-2021-recycled-pu-foam-paper,时间序列点共享一个配方运行预算，不按点扩增独立样本。
第十六批实验_再生PU泡沫,viscosity:SPUF_6.0,recycled-pu:SPUF_6.0:viscosity:033,SPUF_6.0,component_A_slurry_SPUF_6.0,curve_point,component_A_plus_CDW_PU_foam_powder,polyol_side_mixture_before_isocyanate_addition,dynamic_viscosity,107.2,Pa*s,,,elapsed_time,2.8,min,experimental,source_raw_workbook,raw_point,TA Instruments AR200ex rheometer; source time series,direct_experimental_process_property,conditional_reference,formulation_resolved_commercial_component_A_unresolved,rheometer_identified_shear_rate_and_temperature_unreported,0.25,False,,family_elorza_recycled_pu_foam,数据/原始/外部数据/新增开放数据/第十六批实验_再生PU泡沫/原始文件/row data for _Sustainable insulating foams_3/SPUF_viscosity_RawData/SPUF60_viscosty.xlsx#Hoja1!A35:B35,06c75c7adf221a0cc61218f9c21299f5c031308c57a2468bd60aa57a0213fa6d,CC BY 4.0,elorza-2021-recycled-pu-foam-data;elorza-2021-recycled-pu-foam-paper,时间序列点共享一个配方运行预算，不按点扩增独立样本。
第十六批实验_再生PU泡沫,viscosity:SPUF_6.0,recycled-pu:SPUF_6.0:viscosity:034,SPUF_6.0,component_A_slurry_SPUF_6.0,curve_point,component_A_plus_CDW_PU_foam_powder,polyol_side_mixture_before_isocyanate_addition,dynamic_viscosity,106.7,Pa*s,,,elapsed_time,2.8,min,experimental,source_raw_workbook,raw_point,TA Instruments AR200ex rheometer; source time series,direct_experimental_process_property,conditional_reference,formulation_resolved_commercial_component_A_unresolved,rheometer_identified_shear_rate_and_temperature_unreported,0.25,False,,family_elorza_recycled_pu_foam,数据/原始/外部数据/新增开放数据/第十六批实验_再生PU泡沫/原始文件/row data for _Sustainable insulating foams_3/SPUF_viscosity_RawData/SPUF60_viscosty.xlsx#Hoja1!A36:B36,06c75c7adf221a0cc61218f9c21299f5c031308c57a2468bd60aa57a0213fa6d,CC BY 4.0,elorza-2021-recycled-pu-foam-data;elorza-2021-recycled-pu-foam-paper,时间序列点共享一个配方运行预算，不按点扩增独立样本。
第十六批实验_再生PU泡沫,viscosity:SPUF_6.0,recycled-pu:SPUF_6.0:viscosity:035,SPUF_6.0,component_A_slurry_SPUF_6.0,curve_point,component_A_plus_CDW_PU_foam_powder,polyol_side_mixture_before_isocyanate_addition,dynamic_viscosity,109.1,Pa*s,,,elapsed_time,2.9,min,experimental,source_raw_workbook,raw_point,TA Instruments AR200ex rheometer; source time series,direct_experimental_process_property,conditional_reference,formulation_resolved_commercial_component_A_unresolved,rheometer_identified_shear_rate_and_temperature_unreported,0.25,False,,family_elorza_recycled_pu_foam,数据/原始/外部数据/新增开放数据/第十六批实验_再生PU泡沫/原始文件/row data for _Sustainable insulating foams_3/SPUF_viscosity_RawData/SPUF60_viscosty.xlsx#Hoja1!A37:B37,06c75c7adf221a0cc61218f9c21299f5c031308c57a2468bd60aa57a0213fa6d,CC BY 4.0,elorza-2021-recycled-pu-foam-data;elorza-2021-recycled-pu-foam-paper,时间序列点共享一个配方运行预算，不按点扩增独立样本。
第十六批实验_再生PU泡沫,viscosity:SPUF_6.0,recycled-pu:SPUF_6.0:viscosity:036,SPUF_6.0,component_A_slurry_SPUF_6.0,curve_point,component_A_plus_CDW_PU_foam_powder,polyol_side_mixture_before_isocyanate_addition,dynamic_viscosity,112.1,Pa*s,,,elapsed_time,3.0,min,experimental,source_raw_workbook,raw_point,TA Instruments AR200ex rheometer; source time series,direct_experimental_process_property,conditional_reference,formulation_resolved_commercial_component_A_unresolved,rheometer_identified_shear_rate_and_temperature_unreported,0.25,False,,family_elorza_recycled_pu_foam,数据/原始/外部数据/新增开放数据/第十六批实验_再生PU泡沫/原始文件/row data for _Sustainable insulating foams_3/SPUF_viscosity_RawData/SPUF60_viscosty.xlsx#Hoja1!A38:B38,06c75c7adf221a0cc61218f9c21299f5c031308c57a2468bd60aa57a0213fa6d,CC BY 4.0,elorza-2021-recycled-pu-foam-data;elorza-2021-recycled-pu-foam-paper,时间序列点共享一个配方运行预算，不按点扩增独立样本。
第十六批实验_再生PU泡沫,viscosity:SPUF_6.0,recycled-pu:SPUF_6.0:viscosity:037,SPUF_6.0,component_A_slurry_SPUF_6.0,curve_point,component_A_plus_CDW_PU_foam_powder,polyol_side_mixture_before_isocyanate_addition,dynamic_viscosity,115.5,Pa*s,,,elapsed_time,3.1,min,experimental,source_raw_workbook,raw_point,TA Instruments AR200ex rheometer; source time series,direct_experimental_process_property,conditional_reference,formulation_resolved_commercial_component_A_unresolved,rheometer_identified_shear_rate_and_temperature_unreported,0.25,False,,family_elorza_recycled_pu_foam,数据/原始/外部数据/新增开放数据/第十六批实验_再生PU泡沫/原始文件/row data for _Sustainable insulating foams_3/SPUF_viscosity_RawData/SPUF60_viscosty.xlsx#Hoja1!A39:B39,06c75c7adf221a0cc61218f9c21299f5c031308c57a2468bd60aa57a0213fa6d,CC BY 4.0,elorza-2021-recycled-pu-foam-data;elorza-2021-recycled-pu-foam-paper,时间序列点共享一个配方运行预算，不按点扩增独立样本。
第十六批实验_再生PU泡沫,viscosity:SPUF_6.0,recycled-pu:SPUF_6.0:viscosity:038,SPUF_6.0,component_A_slurry_SPUF_6.0,curve_point,component_A_plus_CDW_PU_foam_powder,polyol_side_mixture_before_isocyanate_addition,dynamic_viscosity,118.1,Pa*s,,,elapsed_time,3.2,min,experimental,source_raw_workbook,raw_point,TA Instruments AR200ex rheometer; source time series,direct_experimental_process_property,conditional_reference,formulation_resolved_commercial_component_A_unresolved,rheometer_identified_shear_rate_and_temperature_unreported,0.25,False,,family_elorza_recycled_pu_foam,数据/原始/外部数据/新增开放数据/第十六批实验_再生PU泡沫/原始文件/row data for _Sustainable insulating foams_3/SPUF_viscosity_RawData/SPUF60_viscosty.xlsx#Hoja1!A40:B40,06c75c7adf221a0cc61218f9c21299f5c031308c57a2468bd60aa57a0213fa6d,CC BY 4.0,elorza-2021-recycled-pu-foam-data;elorza-2021-recycled-pu-foam-paper,时间序列点共享一个配方运行预算，不按点扩增独立样本。
第十六批实验_再生PU泡沫,viscosity:SPUF_6.0,recycled-pu:SPUF_6.0:viscosity:039,SPUF_6.0,component_A_slurry_SPUF_6.0,curve_point,component_A_plus_CDW_PU_foam_powder,polyol_side_mixture_before_isocyanate_addition,dynamic_viscosity,120.2,Pa*s,,,elapsed_time,3.3,min,experimental,source_raw_workbook,raw_point,TA Instruments AR200ex rheometer; source time series,direct_experimental_process_property,conditional_reference,formulation_resolved_commercial_component_A_unresolved,rheometer_identified_shear_rate_and_temperature_unreported,0.25,False,,family_elorza_recycled_pu_foam,数据/原始/外部数据/新增开放数据/第十六批实验_再生PU泡沫/原始文件/row data for _Sustainable insulating foams_3/SPUF_viscosity_RawData/SPUF60_viscosty.xlsx#Hoja1!A41:B41,06c75c7adf221a0cc61218f9c21299f5c031308c57a2468bd60aa57a0213fa6d,CC BY 4.0,elorza-2021-recycled-pu-foam-data;elorza-2021-recycled-pu-foam-paper,时间序列点共享一个配方运行预算，不按点扩增独立样本。
第十六批实验_再生PU泡沫,viscosity:SPUF_6.0,recycled-pu:SPUF_6.0:viscosity:040,SPUF_6.0,component_A_slurry_SPUF_6.0,curve_point,component_A_plus_CDW_PU_foam_powder,polyol_side_mixture_before_isocyanate_addition,dynamic_viscosity,119.9,Pa*s,,,elapsed_time,3.3,min,experimental,source_raw_workbook,raw_point,TA Instruments AR200ex rheometer; source time series,direct_experimental_process_property,conditional_reference,formulation_resolved_commercial_component_A_unresolved,rheometer_identified_shear_rate_and_temperature_unreported,0.25,False,,family_elorza_recycled_pu_foam,数据/原始/外部数据/新增开放数据/第十六批实验_再生PU泡沫/原始文件/row data for _Sustainable insulating foams_3/SPUF_viscosity_RawData/SPUF60_viscosty.xlsx#Hoja1!A42:B42,06c75c7adf221a0cc61218f9c21299f5c031308c57a2468bd60aa57a0213fa6d,CC BY 4.0,elorza-2021-recycled-pu-foam-data;elorza-2021-recycled-pu-foam-paper,时间序列点共享一个配方运行预算，不按点扩增独立样本。
第十六批实验_再生PU泡沫,viscosity:SPUF_6.0,recycled-pu:SPUF_6.0:viscosity:041,SPUF_6.0,component_A_slurry_SPUF_6.0,curve_point,component_A_plus_CDW_PU_foam_powder,polyol_side_mixture_before_isocyanate_addition,dynamic_viscosity,116.8,Pa*s,,,elapsed_time,3.4,min,experimental,source_raw_workbook,raw_point,TA Instruments AR200ex rheometer; source time series,direct_experimental_process_property,conditional_reference,formulation_resolved_commercial_component_A_unresolved,rheometer_identified_shear_rate_and_temperature_unreported,0.25,False,,family_elorza_recycled_pu_foam,数据/原始/外部数据/新增开放数据/第十六批实验_再生PU泡沫/原始文件/row data for _Sustainable insulating foams_3/SPUF_viscosity_RawData/SPUF60_viscosty.xlsx#Hoja1!A43:B43,06c75c7adf221a0cc61218f9c21299f5c031308c57a2468bd60aa57a0213fa6d,CC BY 4.0,elorza-2021-recycled-pu-foam-data;elorza-2021-recycled-pu-foam-paper,时间序列点共享一个配方运行预算，不按点扩增独立样本。
第十六批实验_再生PU泡沫,viscosity:SPUF_6.0,recycled-pu:SPUF_6.0:viscosity:042,SPUF_6.0,component_A_slurry_SPUF_6.0,curve_point,component_A_plus_CDW_PU_foam_powder,polyol_side_mixture_before_isocyanate_addition,dynamic_viscosity,110.6,Pa*s,,,elapsed_time,3.5,min,experimental,source_raw_workbook,raw_point,TA Instruments AR200ex rheometer; source time series,direct_experimental_process_property,conditional_reference,formulation_resolved_commercial_component_A_unresolved,rheometer_identified_shear_rate_and_temperature_unreported,0.25,False,,family_elorza_recycled_pu_foam,数据/原始/外部数据/新增开放数据/第十六批实验_再生PU泡沫/原始文件/row data for _Sustainable insulating foams_3/SPUF_viscosity_RawData/SPUF60_viscosty.xlsx#Hoja1!A44:B44,06c75c7adf221a0cc61218f9c21299f5c031308c57a2468bd60aa57a0213fa6d,CC BY 4.0,elorza-2021-recycled-pu-foam-data;elorza-2021-recycled-pu-foam-paper,时间序列点共享一个配方运行预算，不按点扩增独立样本。
第十六批实验_再生PU泡沫,viscosity:SPUF_6.0,recycled-pu:SPUF_6.0:viscosity:043,SPUF_6.0,component_A_slurry_SPUF_6.0,curve_point,component_A_plus_CDW_PU_foam_powder,polyol_side_mixture_before_isocyanate_addition,dynamic_viscosity,105.7,Pa*s,,,elapsed_time,3.6,min,experimental,source_raw_workbook,raw_point,TA Instruments AR200ex rheometer; source time series,direct_experimental_process_property,conditional_reference,formulation_resolved_commercial_component_A_unresolved,rheometer_identified_shear_rate_and_temperature_unreported,0.25,False,,family_elorza_recycled_pu_foam,数据/原始/外部数据/新增开放数据/第十六批实验_再生PU泡沫/原始文件/row data for _Sustainable insulating foams_3/SPUF_viscosity_RawData/SPUF60_viscosty.xlsx#Hoja1!A45:B45,06c75c7adf221a0cc61218f9c21299f5c031308c57a2468bd60aa57a0213fa6d,CC BY 4.0,elorza-2021-recycled-pu-foam-data;elorza-2021-recycled-pu-foam-paper,时间序列点共享一个配方运行预算，不按点扩增独立样本。
第十六批实验_再生PU泡沫,viscosity:SPUF_6.0,recycled-pu:SPUF_6.0:viscosity:044,SPUF_6.0,component_A_slurry_SPUF_6.0,curve_point,component_A_plus_CDW_PU_foam_powder,polyol_side_mixture_before_isocyanate_addition,dynamic_viscosity,103.9,Pa*s,,,elapsed_time,3.7,min,experimental,source_raw_workbook,raw_point,TA Instruments AR200ex rheometer; source time series,direct_experimental_process_property,conditional_reference,formulation_resolved_commercial_component_A_unresolved,rheometer_identified_shear_rate_and_temperature_unreported,0.25,False,,family_elorza_recycled_pu_foam,数据/原始/外部数据/新增开放数据/第十六批实验_再生PU泡沫/原始文件/row data for _Sustainable insulating foams_3/SPUF_viscosity_RawData/SPUF60_viscosty.xlsx#Hoja1!A46:B46,06c75c7adf221a0cc61218f9c21299f5c031308c57a2468bd60aa57a0213fa6d,CC BY 4.0,elorza-2021-recycled-pu-foam-data;elorza-2021-recycled-pu-foam-paper,时间序列点共享一个配方运行预算，不按点扩增独立样本。
第十六批实验_再生PU泡沫,viscosity:SPUF_6.0,recycled-pu:SPUF_6.0:viscosity:045,SPUF_6.0,component_A_slurry_SPUF_6.0,curve_point,component_A_plus_CDW_PU_foam_powder,polyol_side_mixture_before_isocyanate_addition,dynamic_viscosity,106.6,Pa*s,,,elapsed_time,3.8,min,experimental,source_raw_workbook,raw_point,TA Instruments AR200ex rheometer; source time series,direct_experimental_process_property,conditional_reference,formulation_resolved_commercial_component_A_unresolved,rheometer_identified_shear_rate_and_temperature_unreported,0.25,False,,family_elorza_recycled_pu_foam,数据/原始/外部数据/新增开放数据/第十六批实验_再生PU泡沫/原始文件/row data for _Sustainable insulating foams_3/SPUF_viscosity_RawData/SPUF60_viscosty.xlsx#Hoja1!A47:B47,06c75c7adf221a0cc61218f9c21299f5c031308c57a2468bd60aa57a0213fa6d,CC BY 4.0,elorza-2021-recycled-pu-foam-data;elorza-2021-recycled-pu-foam-paper,时间序列点共享一个配方运行预算，不按点扩增独立样本。
第十六批实验_再生PU泡沫,viscosity:SPUF_6.0,recycled-pu:SPUF_6.0:viscosity:046,SPUF_6.0,component_A_slurry_SPUF_6.0,curve_point,component_A_plus_CDW_PU_foam_powder,polyol_side_mixture_before_isocyanate_addition,dynamic_viscosity,111.2,Pa*s,,,elapsed_time,3.8,min,experimental,source_raw_workbook,raw_point,TA Instruments AR200ex rheometer; source time series,direct_experimental_process_property,conditional_reference,formulation_resolved_commercial_component_A_unresolved,rheometer_identified_shear_rate_and_temperature_unreported,0.25,False,,family_elorza_recycled_pu_foam,数据/原始/外部数据/新增开放数据/第十六批实验_再生PU泡沫/原始文件/row data for _Sustainable insulating foams_3/SPUF_viscosity_RawData/SPUF60_viscosty.xlsx#Hoja1!A48:B48,06c75c7adf221a0cc61218f9c21299f5c031308c57a2468bd60aa57a0213fa6d,CC BY 4.0,elorza-2021-recycled-pu-foam-data;elorza-2021-recycled-pu-foam-paper,时间序列点共享一个配方运行预算，不按点扩增独立样本。
第十六批实验_再生PU泡沫,viscosity:SPUF_6.0,recycled-pu:SPUF_6.0:viscosity:047,SPUF_6.0,component_A_slurry_SPUF_6.0,curve_point,component_A_plus_CDW_PU_foam_powder,polyol_side_mixture_before_isocyanate_addition,dynamic_viscosity,115.2,Pa*s,,,elapsed_time,3.9,min,experimental,source_raw_workbook,raw_point,TA Instruments AR200ex rheometer; source time series,direct_experimental_process_property,conditional_reference,formulation_resolved_commercial_component_A_unresolved,rheometer_identified_shear_rate_and_temperature_unreported,0.25,False,,family_elorza_recycled_pu_foam,数据/原始/外部数据/新增开放数据/第十六批实验_再生PU泡沫/原始文件/row data for _Sustainable insulating foams_3/SPUF_viscosity_RawData/SPUF60_viscosty.xlsx#Hoja1!A49:B49,06c75c7adf221a0cc61218f9c21299f5c031308c57a2468bd60aa57a0213fa6d,CC BY 4.0,elorza-2021-recycled-pu-foam-data;elorza-2021-recycled-pu-foam-paper,时间序列点共享一个配方运行预算，不按点扩增独立样本。
第十六批实验_再生PU泡沫,viscosity:SPUF_6.0,recycled-pu:SPUF_6.0:viscosity:048,SPUF_6.0,component_A_slurry_SPUF_6.0,curve_point,component_A_plus_CDW_PU_foam_powder,polyol_side_mixture_before_isocyanate_addition,dynamic_viscosity,115.9,Pa*s,,,elapsed_time,4.0,min,experimental,source_raw_workbook,raw_point,TA Instruments AR200ex rheometer; source time series,direct_experimental_process_property,conditional_reference,formulation_resolved_commercial_component_A_unresolved,rheometer_identified_shear_rate_and_temperature_unreported,0.25,False,,family_elorza_recycled_pu_foam,数据/原始/外部数据/新增开放数据/第十六批实验_再生PU泡沫/原始文件/row data for _Sustainable insulating foams_3/SPUF_viscosity_RawData/SPUF60_viscosty.xlsx#Hoja1!A50:B50,06c75c7adf221a0cc61218f9c21299f5c031308c57a2468bd60aa57a0213fa6d,CC BY 4.0,elorza-2021-recycled-pu-foam-data;elorza-2021-recycled-pu-foam-paper,时间序列点共享一个配方运行预算，不按点扩增独立样本。
第十六批实验_再生PU泡沫,viscosity:SPUF_6.0,recycled-pu:SPUF_6.0:viscosity:049,SPUF_6.0,component_A_slurry_SPUF_6.0,curve_point,component_A_plus_CDW_PU_foam_powder,polyol_side_mixture_before_isocyanate_addition,dynamic_viscosity,115.7,Pa*s,,,elapsed_time,4.1,min,experimental,source_raw_workbook,raw_point,TA Instruments AR200ex rheometer; source time series,direct_experimental_process_property,conditional_reference,formulation_resolved_commercial_component_A_unresolved,rheometer_identified_shear_rate_and_temperature_unreported,0.25,False,,family_elorza_recycled_pu_foam,数据/原始/外部数据/新增开放数据/第十六批实验_再生PU泡沫/原始文件/row data for _Sustainable insulating foams_3/SPUF_viscosity_RawData/SPUF60_viscosty.xlsx#Hoja1!A51:B51,06c75c7adf221a0cc61218f9c21299f5c031308c57a2468bd60aa57a0213fa6d,CC BY 4.0,elorza-2021-recycled-pu-foam-data;elorza-2021-recycled-pu-foam-paper,时间序列点共享一个配方运行预算，不按点扩增独立样本。
第十六批实验_再生PU泡沫,viscosity:SPUF_6.0,recycled-pu:SPUF_6.0:viscosity:050,SPUF_6.0,component_A_slurry_SPUF_6.0,curve_point,component_A_plus_CDW_PU_foam_powder,polyol_side_mixture_before_isocyanate_addition,dynamic_viscosity,112.8,Pa*s,,,elapsed_time,4.2,min,experimental,source_raw_workbook,raw_point,TA Instruments AR200ex rheometer; source time series,direct_experimental_process_property,conditional_reference,formulation_resolved_commercial_component_A_unresolved,rheometer_identified_shear_rate_and_temperature_unreported,0.25,False,,family_elorza_recycled_pu_foam,数据/原始/外部数据/新增开放数据/第十六批实验_再生PU泡沫/原始文件/row data for _Sustainable insulating foams_3/SPUF_viscosity_RawData/SPUF60_viscosty.xlsx#Hoja1!A52:B52,06c75c7adf221a0cc61218f9c21299f5c031308c57a2468bd60aa57a0213fa6d,CC BY 4.0,elorza-2021-recycled-pu-foam-data;elorza-2021-recycled-pu-foam-paper,时间序列点共享一个配方运行预算，不按点扩增独立样本。
第十六批实验_再生PU泡沫,viscosity:SPUF_6.0,recycled-pu:SPUF_6.0:viscosity:051,SPUF_6.0,component_A_slurry_SPUF_6.0,curve_point,component_A_plus_CDW_PU_foam_powder,polyol_side_mixture_before_isocyanate_addition,dynamic_viscosity,110.5,Pa*s,,,elapsed_time,4.3,min,experimental,source_raw_workbook,raw_point,TA Instruments AR200ex rheometer; source time series,direct_experimental_process_property,conditional_reference,formulation_resolved_commercial_component_A_unresolved,rheometer_identified_shear_rate_and_temperature_unreported,0.25,False,,family_elorza_recycled_pu_foam,数据/原始/外部数据/新增开放数据/第十六批实验_再生PU泡沫/原始文件/row data for _Sustainable insulating foams_3/SPUF_viscosity_RawData/SPUF60_viscosty.xlsx#Hoja1!A53:B53,06c75c7adf221a0cc61218f9c21299f5c031308c57a2468bd60aa57a0213fa6d,CC BY 4.0,elorza-2021-recycled-pu-foam-data;elorza-2021-recycled-pu-foam-paper,时间序列点共享一个配方运行预算，不按点扩增独立样本。
第十六批实验_再生PU泡沫,viscosity:SPUF_6.0,recycled-pu:SPUF_6.0:viscosity:052,SPUF_6.0,component_A_slurry_SPUF_6.0,curve_point,component_A_plus_CDW_PU_foam_powder,polyol_side_mixture_before_isocyanate_addition,dynamic_viscosity,106.3,Pa*s,,,elapsed_time,4.3,min,experimental,source_raw_workbook,raw_point,TA Instruments AR200ex rheometer; source time series,direct_experimental_process_property,conditional_reference,formulation_resolved_commercial_component_A_unresolved,rheometer_identified_shear_rate_and_temperature_unreported,0.25,False,,family_elorza_recycled_pu_foam,数据/原始/外部数据/新增开放数据/第十六批实验_再生PU泡沫/原始文件/row data for _Sustainable insulating foams_3/SPUF_viscosity_RawData/SPUF60_viscosty.xlsx#Hoja1!A54:B54,06c75c7adf221a0cc61218f9c21299f5c031308c57a2468bd60aa57a0213fa6d,CC BY 4.0,elorza-2021-recycled-pu-foam-data;elorza-2021-recycled-pu-foam-paper,时间序列点共享一个配方运行预算，不按点扩增独立样本。
第十六批实验_再生PU泡沫,viscosity:SPUF_6.0,recycled-pu:SPUF_6.0:viscosity:053,SPUF_6.0,component_A_slurry_SPUF_6.0,curve_point,component_A_plus_CDW_PU_foam_powder,polyol_side_mixture_before_isocyanate_addition,dynamic_viscosity,103.9,Pa*s,,,elapsed_time,4.4,min,experimental,source_raw_workbook,raw_point,TA Instruments AR200ex rheometer; source time series,direct_experimental_process_property,conditional_reference,formulation_resolved_commercial_component_A_unresolved,rheometer_identified_shear_rate_and_temperature_unreported,0.25,False,,family_elorza_recycled_pu_foam,数据/原始/外部数据/新增开放数据/第十六批实验_再生PU泡沫/原始文件/row data for _Sustainable insulating foams_3/SPUF_viscosity_RawData/SPUF60_viscosty.xlsx#Hoja1!A55:B55,06c75c7adf221a0cc61218f9c21299f5c031308c57a2468bd60aa57a0213fa6d,CC BY 4.0,elorza-2021-recycled-pu-foam-data;elorza-2021-recycled-pu-foam-paper,时间序列点共享一个配方运行预算，不按点扩增独立样本。
第十六批实验_再生PU泡沫,viscosity:SPUF_6.0,recycled-pu:SPUF_6.0:viscosity:054,SPUF_6.0,component_A_slurry_SPUF_6.0,curve_point,component_A_plus_CDW_PU_foam_powder,polyol_side_mixture_before_isocyanate_addition,dynamic_viscosity,102.2,Pa*s,,,elapsed_time,4.5,min,experimental,source_raw_workbook,raw_point,TA Instruments AR200ex rheometer; source time series,direct_experimental_process_property,conditional_reference,formulation_resolved_commercial_component_A_unresolved,rheometer_identified_shear_rate_and_temperature_unreported,0.25,False,,family_elorza_recycled_pu_foam,数据/原始/外部数据/新增开放数据/第十六批实验_再生PU泡沫/原始文件/row data for _Sustainable insulating foams_3/SPUF_viscosity_RawData/SPUF60_viscosty.xlsx#Hoja1!A56:B56,06c75c7adf221a0cc61218f9c21299f5c031308c57a2468bd60aa57a0213fa6d,CC BY 4.0,elorza-2021-recycled-pu-foam-data;elorza-2021-recycled-pu-foam-paper,时间序列点共享一个配方运行预算，不按点扩增独立样本。
第十六批实验_再生PU泡沫,viscosity:SPUF_6.0,recycled-pu:SPUF_6.0:viscosity:055,SPUF_6.0,component_A_slurry_SPUF_6.0,curve_point,component_A_plus_CDW_PU_foam_powder,polyol_side_mixture_before_isocyanate_addition,dynamic_viscosity,103.2,Pa*s,,,elapsed_time,4.6,min,experimental,source_raw_workbook,raw_point,TA Instruments AR200ex rheometer; source time series,direct_experimental_process_property,conditional_reference,formulation_resolved_commercial_component_A_unresolved,rheometer_identified_shear_rate_and_temperature_unreported,0.25,False,,family_elorza_recycled_pu_foam,数据/原始/外部数据/新增开放数据/第十六批实验_再生PU泡沫/原始文件/row data for _Sustainable insulating foams_3/SPUF_viscosity_RawData/SPUF60_viscosty.xlsx#Hoja1!A57:B57,06c75c7adf221a0cc61218f9c21299f5c031308c57a2468bd60aa57a0213fa6d,CC BY 4.0,elorza-2021-recycled-pu-foam-data;elorza-2021-recycled-pu-foam-paper,时间序列点共享一个配方运行预算，不按点扩增独立样本。
第十六批实验_再生PU泡沫,viscosity:SPUF_6.0,recycled-pu:SPUF_6.0:viscosity:056,SPUF_6.0,component_A_slurry_SPUF_6.0,curve_point,component_A_plus_CDW_PU_foam_powder,polyol_side_mixture_before_isocyanate_addition,dynamic_viscosity,105.3,Pa*s,,,elapsed_time,4.7,min,experimental,source_raw_workbook,raw_point,TA Instruments AR200ex rheometer; source time series,direct_experimental_process_property,conditional_reference,formulation_resolved_commercial_component_A_unresolved,rheometer_identified_shear_rate_and_temperature_unreported,0.25,False,,family_elorza_recycled_pu_foam,数据/原始/外部数据/新增开放数据/第十六批实验_再生PU泡沫/原始文件/row data for _Sustainable insulating foams_3/SPUF_viscosity_RawData/SPUF60_viscosty.xlsx#Hoja1!A58:B58,06c75c7adf221a0cc61218f9c21299f5c031308c57a2468bd60aa57a0213fa6d,CC BY 4.0,elorza-2021-recycled-pu-foam-data;elorza-2021-recycled-pu-foam-paper,时间序列点共享一个配方运行预算，不按点扩增独立样本。
第十六批实验_再生PU泡沫,viscosity:SPUF_6.0,recycled-pu:SPUF_6.0:viscosity:057,SPUF_6.0,component_A_slurry_SPUF_6.0,curve_point,component_A_plus_CDW_PU_foam_powder,polyol_side_mixture_before_isocyanate_addition,dynamic_viscosity,105.8,Pa*s,,,elapsed_time,4.8,min,experimental,source_raw_workbook,raw_point,TA Instruments AR200ex rheometer; source time series,direct_experimental_process_property,conditional_reference,formulation_resolved_commercial_component_A_unresolved,rheometer_identified_shear_rate_and_temperature_unreported,0.25,False,,family_elorza_recycled_pu_foam,数据/原始/外部数据/新增开放数据/第十六批实验_再生PU泡沫/原始文件/row data for _Sustainable insulating foams_3/SPUF_viscosity_RawData/SPUF60_viscosty.xlsx#Hoja1!A59:B59,06c75c7adf221a0cc61218f9c21299f5c031308c57a2468bd60aa57a0213fa6d,CC BY 4.0,elorza-2021-recycled-pu-foam-data;elorza-2021-recycled-pu-foam-paper,时间序列点共享一个配方运行预算，不按点扩增独立样本。
第十六批实验_再生PU泡沫,viscosity:SPUF_6.0,recycled-pu:SPUF_6.0:viscosity:058,SPUF_6.0,component_A_slurry_SPUF_6.0,curve_point,component_A_plus_CDW_PU_foam_powder,polyol_side_mixture_before_isocyanate_addition,dynamic_viscosity,103.9,Pa*s,,,elapsed_time,4.8,min,experimental,source_raw_workbook,raw_point,TA Instruments AR200ex rheometer; source time series,direct_experimental_process_property,conditional_reference,formulation_resolved_commercial_component_A_unresolved,rheometer_identified_shear_rate_and_temperature_unreported,0.25,False,,family_elorza_recycled_pu_foam,数据/原始/外部数据/新增开放数据/第十六批实验_再生PU泡沫/原始文件/row data for _Sustainable insulating foams_3/SPUF_viscosity_RawData/SPUF60_viscosty.xlsx#Hoja1!A60:B60,06c75c7adf221a0cc61218f9c21299f5c031308c57a2468bd60aa57a0213fa6d,CC BY 4.0,elorza-2021-recycled-pu-foam-data;elorza-2021-recycled-pu-foam-paper,时间序列点共享一个配方运行预算，不按点扩增独立样本。
第十六批实验_再生PU泡沫,viscosity:SPUF_6.0,recycled-pu:SPUF_6.0:viscosity:059,SPUF_6.0,component_A_slurry_SPUF_6.0,curve_point,component_A_plus_CDW_PU_foam_powder,polyol_side_mixture_before_isocyanate_addition,dynamic_viscosity,102.6,Pa*s,,,elapsed_time,4.9,min,experimental,source_raw_workbook,raw_point,TA Instruments AR200ex rheometer; source time series,direct_experimental_process_property,conditional_reference,formulation_resolved_commercial_component_A_unresolved,rheometer_identified_shear_rate_and_temperature_unreported,0.25,False,,family_elorza_recycled_pu_foam,数据/原始/外部数据/新增开放数据/第十六批实验_再生PU泡沫/原始文件/row data for _Sustainable insulating foams_3/SPUF_viscosity_RawData/SPUF60_viscosty.xlsx#Hoja1!A61:B61,06c75c7adf221a0cc61218f9c21299f5c031308c57a2468bd60aa57a0213fa6d,CC BY 4.0,elorza-2021-recycled-pu-foam-data;elorza-2021-recycled-pu-foam-paper,时间序列点共享一个配方运行预算，不按点扩增独立样本。
第十六批实验_再生PU泡沫,viscosity:SPUF_6.0,recycled-pu:SPUF_6.0:viscosity:060,SPUF_6.0,component_A_slurry_SPUF_6.0,curve_point,component_A_plus_CDW_PU_foam_powder,polyol_side_mixture_before_isocyanate_addition,dynamic_viscosity,102.9,Pa*s,,,elapsed_time,5.0,min,experimental,source_raw_workbook,raw_point,TA Instruments AR200ex rheometer; source time series,direct_experimental_process_property,conditional_reference,formulation_resolved_commercial_component_A_unresolved,rheometer_identified_shear_rate_and_temperature_unreported,0.25,False,,family_elorza_recycled_pu_foam,数据/原始/外部数据/新增开放数据/第十六批实验_再生PU泡沫/原始文件/row data for _Sustainable insulating foams_3/SPUF_viscosity_RawData/SPUF60_viscosty.xlsx#Hoja1!A62:B62,06c75c7adf221a0cc61218f9c21299f5c031308c57a2468bd60aa57a0213fa6d,CC BY 4.0,elorza-2021-recycled-pu-foam-data;elorza-2021-recycled-pu-foam-paper,时间序列点共享一个配方运行预算，不按点扩增独立样本。
