release_id,source_id,material_grade,supplier,hardness_Shore_D,stress_at_100pct_MPa_TDS,density_g_cm3_TDS,Tg_C_TDS,brittleness_temperature_C_TDS,polymer_family,thermoplastic_tpu_core,chemistry_mapping_status,model_admission_layer,usage_mode,future_weight_ceiling,split_group,license,citation_keys,history_id,physical_specimen_id,history_role,orientation,independent_physical_specimen,fatigue_cycles,temperature_C,test_date,repetition,strain_rate_s_1,deformation_speed_mm_min,weight_g,height_mm,diameter_mm,energy_absorption_slope_source_J_m3,strain_at_slope_threshold,energy_absorption_50_source_J_m3,maximum_force_N,maximum_stroke_mm,maximum_compression_strain_percent,force_stroke_work_to_peak_J,energy_absorption_50_recomputed_J_m3,energy_recalculation_relative_error_percent,endpoint_quality,source_material_label,source_material_label_conflict,source_long_id,source_member,source_curve_sha256,source_point_count,energy_method,baseline_N0_group_mean_energy_J_m3,energy_retention_vs_N0_group_mean_percent
commercial-tpu-impact-fatigue-2024-v1,doi:10.17632/hc6npzvw3m.1,Elastollan 1154D,BASF,53.0,17.0,1.17,-16.0,,commercial_thermoplastic_polyurethane,True,commercial_grade_identity_only,core_tpu_application_experimental,compression_fatigue_and_recovery_supervision,0.6,10.17632/hc6npzvw3m.1|Elastollan 1154D,CC-BY-4.0,reference-186,mendeley_hc6npzvw3m_1154D1_11_21_2023_1449_N0_T20_edot10min2_1,1154D1,on_axis_fatigue_response,on_axis,True,0.0,20.0,2023-11-21,1.0,0.01,8.1,3.3701,13.614,25.621,1272417.87,0.5,1271239.01,4813.906,9.413,69.49400740740741,17.283062319375,1267966.0911853365,0.2574589663247938,gold_source_recomputed_agree,Elastollan 1154D,False,1154D1_11_21_2023_1447_N0_T20_edot10min2_1,Internship_CSM_XSTRMLAB_Sandor_Habets_2024/Load_frame_measurements/Elastollan1154D/1154D1_11_21_2023_1449_N0_T20_edot10min2_1.xlsx,c7edcf40bdba93d6320d1aff1a7df672578fa9d1130142277e75683ba6d01e69,1581,source_MATLAB_fixed_height_13.5mm_fixed_radius_13.2522mm_integral_to_first_strain_above_0.5,1323491.48,96.05192244985211
commercial-tpu-impact-fatigue-2024-v1,doi:10.17632/hc6npzvw3m.1,Elastollan 1154D,BASF,53.0,17.0,1.17,-16.0,,commercial_thermoplastic_polyurethane,True,commercial_grade_identity_only,core_tpu_application_experimental,compression_fatigue_and_recovery_supervision,0.6,10.17632/hc6npzvw3m.1|Elastollan 1154D,CC-BY-4.0,reference-186,mendeley_hc6npzvw3m_1154D10_12_01_2023_1135_N1_T20_edot10min2_3,1154D10,on_axis_fatigue_response,on_axis,True,1.0,20.0,2023-12-01,3.0,0.01,8.1,3.3685,13.625,25.869,1908121.13,0.56,1659312.92,4809.531,9.33,68.73103703703704,19.868556124325,1656026.56975528,0.19805488193992973,gold_source_recomputed_agree,Elastollan 1154D,False,1154D10_12_01_2023_1135_N1_T20_edot10min2_3,Internship_CSM_XSTRMLAB_Sandor_Habets_2024/Load_frame_measurements/Elastollan1154D/1154D10_12_01_2023_1135_N1_T20_edot10min2_3.xlsx,54f383831258236e659d2fdb7d4c3922999ab364c9018b879d30dc1c792d79da,1569,source_MATLAB_fixed_height_13.5mm_fixed_radius_13.2522mm_integral_to_first_strain_above_0.5,1323491.48,125.37390267143994
commercial-tpu-impact-fatigue-2024-v1,doi:10.17632/hc6npzvw3m.1,Elastollan 1154D,BASF,53.0,17.0,1.17,-16.0,,commercial_thermoplastic_polyurethane,True,commercial_grade_identity_only,core_tpu_application_experimental,compression_fatigue_and_recovery_supervision,0.6,10.17632/hc6npzvw3m.1|Elastollan 1154D,CC-BY-4.0,reference-186,mendeley_hc6npzvw3m_1154D11_12_01_2023_1141_N10_T20_edot10min2_2,1154D11,on_axis_fatigue_response,on_axis,True,10.0,20.0,2023-12-01,2.0,0.01,8.1,3.366,13.575,26.009,928661.58,0.31,1563323.32,4809.531,9.036,66.7997925925926,18.996978419999994,1562060.5514616966,0.08077462429866654,gold_source_recomputed_agree,Elastollan 1154D,False,1154D11_12_01_2023_1141_N10_T20_edot10min2_2,Internship_CSM_XSTRMLAB_Sandor_Habets_2024/Load_frame_measurements/Elastollan1154D/1154D11_12_01_2023_1141_N10_T20_edot10min2_2.xlsx,4f2566fcd0472993cc51f5127cc71bc0fad28c7937c81789702ca55ba6e4481b,1526,source_MATLAB_fixed_height_13.5mm_fixed_radius_13.2522mm_integral_to_first_strain_above_0.5,1323491.48,118.1211472551376
commercial-tpu-impact-fatigue-2024-v1,doi:10.17632/hc6npzvw3m.1,Elastollan 1154D,BASF,53.0,17.0,1.17,-16.0,,commercial_thermoplastic_polyurethane,True,commercial_grade_identity_only,core_tpu_application_experimental,compression_fatigue_and_recovery_supervision,0.6,10.17632/hc6npzvw3m.1|Elastollan 1154D,CC-BY-4.0,reference-186,mendeley_hc6npzvw3m_1154D12_12_01_2023_1148_N10_T20_edot10min2_3,1154D12,on_axis_fatigue_response,on_axis,True,10.0,20.0,2023-12-01,3.0,0.01,8.1,3.3669,13.514,26.172,1319119.65,0.47,1427507.59,4810.625,9.31,69.0719851851852,18.277193286225003,1427247.1029927633,0.018247679316143368,gold_source_recomputed_agree,Elastollan 1154D,False,1154D12_12_01_2023_1148_N10_T20_edot10min2_3,Internship_CSM_XSTRMLAB_Sandor_Habets_2024/Load_frame_measurements/Elastollan1154D/1154D12_12_01_2023_1148_N10_T20_edot10min2_3.xlsx,69f5619a8454fe9f49257371d64e14613d0d62d9b05a6e3c6b8373635626b040,1566,source_MATLAB_fixed_height_13.5mm_fixed_radius_13.2522mm_integral_to_first_strain_above_0.5,1323491.48,107.85922021953628
commercial-tpu-impact-fatigue-2024-v1,doi:10.17632/hc6npzvw3m.1,Elastollan 1154D,BASF,53.0,17.0,1.17,-16.0,,commercial_thermoplastic_polyurethane,True,commercial_grade_identity_only,core_tpu_application_experimental,compression_fatigue_and_recovery_supervision,0.6,10.17632/hc6npzvw3m.1|Elastollan 1154D,CC-BY-4.0,reference-186,mendeley_hc6npzvw3m_1154D13_01_22_2024_1523_recovery,1154D13,ambient_recovery_retest,on_axis,False,,20.0,2024-01-22,,0.01,8.1,,,,1380615.16,0.53,1296348.83,4805.156,9.653,70.91502222222222,17.45869732925,1296444.8518530787,0.007407099914505447,gold_source_recomputed_agree,Elastollan 1154D,False,1154D13_01_22_2024_1523_recovery,Internship_CSM_XSTRMLAB_Sandor_Habets_2024/Load_frame_measurements/Elastollan1154D/1154D13_01_22_2024_1523_recovery.csv,944d6f74b1f62bea8db628dd1202ac869e21127896185322ba3b5271b0dd9bca,1616,source_MATLAB_fixed_height_13.5mm_fixed_radius_13.2522mm_integral_to_first_strain_above_0.5,1323491.48,97.94916322392949
commercial-tpu-impact-fatigue-2024-v1,doi:10.17632/hc6npzvw3m.1,Elastollan 1154D,BASF,53.0,17.0,1.17,-16.0,,commercial_thermoplastic_polyurethane,True,commercial_grade_identity_only,core_tpu_application_experimental,compression_fatigue_and_recovery_supervision,0.6,10.17632/hc6npzvw3m.1|Elastollan 1154D,CC-BY-4.0,reference-186,mendeley_hc6npzvw3m_1154D13_12_04_2023_1428_N100_T20_edot10min2_2,1154D13,on_axis_fatigue_response,on_axis,True,100.0,20.0,2023-12-04,2.0,0.01,8.1,3.3631,13.501,25.604,855711.92,0.31,1439955.1,4813.75,9.584,70.68137037037037,19.233828218574995,1440061.7611670436,0.007407256451502832,gold_source_recomputed_agree,Elastollan 1154D,False,1154D13_12_04_2023_1428_N100_T20_edot10min2_2,Internship_CSM_XSTRMLAB_Sandor_Habets_2024/Load_frame_measurements/Elastollan1154D/1154D13_12_04_2023_1428_N100_T20_edot10min2_2.xlsx,fa99a5277ccb22f349f4cade15f63226fe6abdef70f7a0842d9406431c3ed710,1606,source_MATLAB_fixed_height_13.5mm_fixed_radius_13.2522mm_integral_to_first_strain_above_0.5,1323491.48,108.7997257073389
commercial-tpu-impact-fatigue-2024-v1,doi:10.17632/hc6npzvw3m.1,Elastollan 1154D,BASF,53.0,17.0,1.17,-16.0,,commercial_thermoplastic_polyurethane,True,commercial_grade_identity_only,core_tpu_application_experimental,compression_fatigue_and_recovery_supervision,0.6,10.17632/hc6npzvw3m.1|Elastollan 1154D,CC-BY-4.0,reference-186,mendeley_hc6npzvw3m_1154D14_01_22_2024_1530_recovery,1154D14,ambient_recovery_retest,on_axis,False,,20.0,2024-01-22,,0.01,8.1,,,,1347751.1,0.5,1360226.9,4813.438,9.228,68.25418518518518,17.3120110805,1359859.3246922076,0.027023087676937244,gold_source_recomputed_agree,Elastollan 1154D,False,1154D14_01_22_2024_1530_recovery,Internship_CSM_XSTRMLAB_Sandor_Habets_2024/Load_frame_measurements/Elastollan1154D/1154D14_01_22_2024_1530_recovery.csv,0de5807c467f5eaea7275de178e8ce8369abf065076a8dcd519535adcf54ef58,1554,source_MATLAB_fixed_height_13.5mm_fixed_radius_13.2522mm_integral_to_first_strain_above_0.5,1323491.48,102.77564461540773
commercial-tpu-impact-fatigue-2024-v1,doi:10.17632/hc6npzvw3m.1,Elastollan 1154D,BASF,53.0,17.0,1.17,-16.0,,commercial_thermoplastic_polyurethane,True,commercial_grade_identity_only,core_tpu_application_experimental,compression_fatigue_and_recovery_supervision,0.6,10.17632/hc6npzvw3m.1|Elastollan 1154D,CC-BY-4.0,reference-186,mendeley_hc6npzvw3m_1154D14_12_04_2023_1448_N100_T20_edot10min2_3,1154D14,on_axis_fatigue_response,on_axis,True,100.0,20.0,2023-12-04,3.0,0.01,8.1,3.3703,13.59,25.934,1196175.75,0.46,1307408.9,4807.031,9.215,67.76302962962963,16.638532326874998,1305038.281205027,0.18132191045762414,gold_source_recomputed_agree,Elastollan 1154D,False,1154D14_12_04_2023_1448_N100_T20_edot10min2_3,Internship_CSM_XSTRMLAB_Sandor_Habets_2024/Load_frame_measurements/Elastollan1154D/1154D14_12_04_2023_1448_N100_T20_edot10min2_3.xlsx,a5ca325ab0ed2494d7471c84140021592a6fe68ede9a6407959240c0ca5fb52e,1552,source_MATLAB_fixed_height_13.5mm_fixed_radius_13.2522mm_integral_to_first_strain_above_0.5,1323491.48,98.78483690729917
commercial-tpu-impact-fatigue-2024-v1,doi:10.17632/hc6npzvw3m.1,Elastollan 1154D,BASF,53.0,17.0,1.17,-16.0,,commercial_thermoplastic_polyurethane,True,commercial_grade_identity_only,core_tpu_application_experimental,compression_fatigue_and_recovery_supervision,0.6,10.17632/hc6npzvw3m.1|Elastollan 1154D,CC-BY-4.0,reference-186,mendeley_hc6npzvw3m_1154D15_12_19_2023_1114_N0_T55_edot10min2_1,1154D15,on_axis_fatigue_response,on_axis,True,0.0,55.0,2023-12-19,1.0,0.01,8.1,3.3647,13.545,25.578,,,,4825.625,10.369,74.59155555555556,9.210746942875,489085.823265228,,silver_recomputed_only,Elastollan 1154D,False,1154D15_12_19_2023_1114_N0_T55_edot10min2_1,Internship_CSM_XSTRMLAB_Sandor_Habets_2024/Load_frame_measurements/Elastollan1154D/1154D15_12_19_2023_1114_N0_T55_edot10min2_1.xlsx,dc33e21d9de220b4411800fc722666cbe1d7072d3db9e079a97138d64e9b40f7,1721,source_MATLAB_fixed_height_13.5mm_fixed_radius_13.2522mm_integral_to_first_strain_above_0.5,,
commercial-tpu-impact-fatigue-2024-v1,doi:10.17632/hc6npzvw3m.1,Elastollan 1154D,BASF,53.0,17.0,1.17,-16.0,,commercial_thermoplastic_polyurethane,True,commercial_grade_identity_only,core_tpu_application_experimental,compression_fatigue_and_recovery_supervision,0.6,10.17632/hc6npzvw3m.1|Elastollan 1154D,CC-BY-4.0,reference-186,mendeley_hc6npzvw3m_1154D16_12_19_2023_1154_N0_T55_edot10min2_2,1154D16,on_axis_fatigue_response,on_axis,True,0.0,55.0,2023-12-19,2.0,0.01,8.1,3.3683,13.501,25.852,,,,4802.656,10.172,72.95118518518518,8.597965657475003,466952.8898172755,,silver_recomputed_only,Elastollan 1154D,False,1154D16_12_19_2023_1154_N0_T55_edot10min2_2,Internship_CSM_XSTRMLAB_Sandor_Habets_2024/Load_frame_measurements/Elastollan1154D/1154D16_12_19_2023_1154_N0_T55_edot10min2_2.xlsx,f07a3ed43828cb8e9800c1daa22c52a5de34abaf66242d0e6917f6caa66f8474,1692,source_MATLAB_fixed_height_13.5mm_fixed_radius_13.2522mm_integral_to_first_strain_above_0.5,,
commercial-tpu-impact-fatigue-2024-v1,doi:10.17632/hc6npzvw3m.1,Elastollan 1154D,BASF,53.0,17.0,1.17,-16.0,,commercial_thermoplastic_polyurethane,True,commercial_grade_identity_only,core_tpu_application_experimental,compression_fatigue_and_recovery_supervision,0.6,10.17632/hc6npzvw3m.1|Elastollan 1154D,CC-BY-4.0,reference-186,mendeley_hc6npzvw3m_1154D18_12_19_2023_2020_N1_T55_edot10min2_1,1154D18,on_axis_fatigue_response,on_axis,True,1.0,55.0,2023-12-19,1.0,0.01,8.1,3.3449,13.565,25.687,,,,4803.438,10.102,72.51485925925925,8.510034551224999,437558.2512415075,,silver_recomputed_only,Elastollan 1154D,False,1154D18_12_19_2023_2020_N1_T55_edot10min2_1,Internship_CSM_XSTRMLAB_Sandor_Habets_2024/Load_frame_measurements/Elastollan1154D/1154D18_12_19_2023_2020_N1_T55_edot10min2_1.xlsx,d08db9189ab5b2943bbea40166b0af8f169cf95d64e4b295dd638c398992da52,1682,source_MATLAB_fixed_height_13.5mm_fixed_radius_13.2522mm_integral_to_first_strain_above_0.5,,
commercial-tpu-impact-fatigue-2024-v1,doi:10.17632/hc6npzvw3m.1,Elastollan 1154D,BASF,53.0,17.0,1.17,-16.0,,commercial_thermoplastic_polyurethane,True,commercial_grade_identity_only,core_tpu_application_experimental,compression_fatigue_and_recovery_supervision,0.6,10.17632/hc6npzvw3m.1|Elastollan 1154D,CC-BY-4.0,reference-186,mendeley_hc6npzvw3m_1154D19_12_19_2023_1936_N1_T55_edot10min2_2,1154D19,on_axis_fatigue_response,on_axis,True,1.0,55.0,2023-12-19,2.0,0.01,8.1,3.3682,13.493,25.369,,,,4815.469,10.151,72.50531851851852,8.350421717325002,386315.26435603714,,silver_recomputed_only,Elastollan 1154D,False,1154D19_12_19_2023_1936_N1_T55_edot10min2_2,Internship_CSM_XSTRMLAB_Sandor_Habets_2024/Load_frame_measurements/Elastollan1154D/1154D19_12_19_2023_1936_N1_T55_edot10min2_2.xlsx,2584aaa5b0c96e9e6bc16b516691dd0687ec41472d5f2c5cafab9eaa397f7e72,1689,source_MATLAB_fixed_height_13.5mm_fixed_radius_13.2522mm_integral_to_first_strain_above_0.5,,
commercial-tpu-impact-fatigue-2024-v1,doi:10.17632/hc6npzvw3m.1,Elastollan 1154D,BASF,53.0,17.0,1.17,-16.0,,commercial_thermoplastic_polyurethane,True,commercial_grade_identity_only,core_tpu_application_experimental,compression_fatigue_and_recovery_supervision,0.6,10.17632/hc6npzvw3m.1|Elastollan 1154D,CC-BY-4.0,reference-186,mendeley_hc6npzvw3m_1154D2_11_22_2023_1555_N1_T20_edot10min2_1,1154D2,on_axis_fatigue_response,on_axis,True,1.0,20.0,2023-11-22,1.0,0.01,8.1,3.3729,13.532,25.559,1273487.58,0.54,1168381.55,4802.969,9.679,71.51585925925926,16.696403701375,1168134.83219929,0.021116201356493298,gold_source_recomputed_agree,Elastollan 1154D,False,1154D2_11_22_2023_1555_N1_T20_edot10min2_1,Internship_CSM_XSTRMLAB_Sandor_Habets_2024/Load_frame_measurements/Elastollan1154D/1154D2_11_22_2023_1555_N1_T20_edot10min2_1.xlsx,90b5df98910be591a175432b2523dc7dd10bd8aa58f0d17301924bf4a6d9d73f,1620,source_MATLAB_fixed_height_13.5mm_fixed_radius_13.2522mm_integral_to_first_strain_above_0.5,1323491.48,88.28024718375973
commercial-tpu-impact-fatigue-2024-v1,doi:10.17632/hc6npzvw3m.1,Elastollan 1154D,BASF,53.0,17.0,1.17,-16.0,,commercial_thermoplastic_polyurethane,True,commercial_grade_identity_only,core_tpu_application_experimental,compression_fatigue_and_recovery_supervision,0.6,10.17632/hc6npzvw3m.1|Elastollan 1154D,CC-BY-4.0,reference-186,mendeley_hc6npzvw3m_1154D20_12_19_2023_1846_N1_T55_edot10min2_3,1154D20,on_axis_fatigue_response,on_axis,True,1.0,55.0,2023-12-19,3.0,0.01,8.1,3.374,13.491,265.237,,,,4811.25,10.328,73.90250370370372,8.200227940699994,363575.2489978544,,silver_recomputed_only,Elastollan 1154D,False,1154D20_12_19_2023_1846_N1_T55_edot10min2_3,Internship_CSM_XSTRMLAB_Sandor_Habets_2024/Load_frame_measurements/Elastollan1154D/1154D20_12_19_2023_1846_N1_T55_edot10min2_3.xlsx,8b4d2531f9baa6fcaedcee0ff3f664b1823d8c28324357d14bd010033694e26c,1715,source_MATLAB_fixed_height_13.5mm_fixed_radius_13.2522mm_integral_to_first_strain_above_0.5,,
commercial-tpu-impact-fatigue-2024-v1,doi:10.17632/hc6npzvw3m.1,Elastollan 1154D,BASF,53.0,17.0,1.17,-16.0,,commercial_thermoplastic_polyurethane,True,commercial_grade_identity_only,core_tpu_application_experimental,compression_fatigue_and_recovery_supervision,0.6,10.17632/hc6npzvw3m.1|Elastollan 1154D,CC-BY-4.0,reference-186,mendeley_hc6npzvw3m_1154D21_12_19_2023_1255_N0_T55_edot10min2_3,1154D21,on_axis_fatigue_response,on_axis,True,0.0,55.0,2023-12-19,4.0,0.01,8.1,3.3665,13.588,25.329,,,,4824.688,10.424,74.77511111111112,8.979715521024996,474351.9137128274,,silver_recomputed_only,Elastolan 1154D,False,1154D21_12_19_2023_1255_N0_T55_edot10min2_3,Internship_CSM_XSTRMLAB_Sandor_Habets_2024/Load_frame_measurements/Elastollan1154D/1154D21_12_19_2023_1255_N0_T55_edot10min2_3.xlsx,4fdd336d98185424cd60b2ac5517685a23708479abc6e4bb26726e80e49ab501,1729,source_MATLAB_fixed_height_13.5mm_fixed_radius_13.2522mm_integral_to_first_strain_above_0.5,,
commercial-tpu-impact-fatigue-2024-v1,doi:10.17632/hc6npzvw3m.1,Elastollan 1154D,BASF,53.0,17.0,1.17,-16.0,,commercial_thermoplastic_polyurethane,True,commercial_grade_identity_only,core_tpu_application_experimental,compression_fatigue_and_recovery_supervision,0.6,10.17632/hc6npzvw3m.1|Elastollan 1154D,CC-BY-4.0,reference-186,mendeley_hc6npzvw3m_1154D22_12_20_2023_1237_N10_T55_edot10min2_1,1154D22,on_axis_fatigue_response,on_axis,True,10.0,55.0,2023-12-20,1.0,0.01,8.1,3.3654,13.591,25.411,,,,4812.5,10.287,73.88819259259259,8.760712318050006,467530.7848183915,,silver_recomputed_only,Elastollan 1154D,False,1154D22_12_20_2023_1237_N10_T55_edot10min2_1,Internship_CSM_XSTRMLAB_Sandor_Habets_2024/Load_frame_measurements/Elastollan1154D/1154D22_12_20_2023_1237_N10_T55_edot10min2_1.xlsx,b5492d38499f2df10a312a88be5545f7464974d983356982628b9ef25277f556,1709,source_MATLAB_fixed_height_13.5mm_fixed_radius_13.2522mm_integral_to_first_strain_above_0.5,,
commercial-tpu-impact-fatigue-2024-v1,doi:10.17632/hc6npzvw3m.1,Elastollan 1154D,BASF,53.0,17.0,1.17,-16.0,,commercial_thermoplastic_polyurethane,True,commercial_grade_identity_only,core_tpu_application_experimental,compression_fatigue_and_recovery_supervision,0.6,10.17632/hc6npzvw3m.1|Elastollan 1154D,CC-BY-4.0,reference-186,mendeley_hc6npzvw3m_1154D23_12_20_2023_1502_N10_T55_edot10min2_2,1154D23,on_axis_fatigue_response,on_axis,True,10.0,55.0,2023-12-20,2.0,0.01,8.1,3.3684,13.545,25.785,,,,4808.281,10.295,74.1457037037037,8.868155589150001,468981.0758914646,,silver_recomputed_only,Elastollan 1154D,False,1154D23_12_20_2023_1502_N10_T55_edot10min2_2,Internship_CSM_XSTRMLAB_Sandor_Habets_2024/Load_frame_measurements/Elastollan1154D/1154D23_12_20_2023_1502_N10_T55_edot10min2_2.xlsx,5fc86c3082f6310efdd097cec922525922f50559a162aa8eec2acc723fde1054,1710,source_MATLAB_fixed_height_13.5mm_fixed_radius_13.2522mm_integral_to_first_strain_above_0.5,,
commercial-tpu-impact-fatigue-2024-v1,doi:10.17632/hc6npzvw3m.1,Elastollan 1154D,BASF,53.0,17.0,1.17,-16.0,,commercial_thermoplastic_polyurethane,True,commercial_grade_identity_only,core_tpu_application_experimental,compression_fatigue_and_recovery_supervision,0.6,10.17632/hc6npzvw3m.1|Elastollan 1154D,CC-BY-4.0,reference-186,mendeley_hc6npzvw3m_1154D24_12_20_2023_1620_N10_T55_edot10min2_3,1154D24,on_axis_fatigue_response,on_axis,True,10.0,55.0,2023-12-20,3.0,0.01,8.1,3.3666,13.547,25.795,,,,4816.094,10.09,72.35511851851852,8.76876132485,413535.2965428049,,silver_recomputed_only,Elastollan 1154D,False,1154D24_12_20_2023_1620_N10_T55_edot10min2_3,Internship_CSM_XSTRMLAB_Sandor_Habets_2024/Load_frame_measurements/Elastollan1154D/1154D24_12_20_2023_1620_N10_T55_edot10min2_3.xlsx,cc7768ea14da79746c1af4682f9da2a13af0b9e3b0821d8a6d55c319099bc246,1680,source_MATLAB_fixed_height_13.5mm_fixed_radius_13.2522mm_integral_to_first_strain_above_0.5,,
commercial-tpu-impact-fatigue-2024-v1,doi:10.17632/hc6npzvw3m.1,Elastollan 1154D,BASF,53.0,17.0,1.17,-16.0,,commercial_thermoplastic_polyurethane,True,commercial_grade_identity_only,core_tpu_application_experimental,compression_fatigue_and_recovery_supervision,0.6,10.17632/hc6npzvw3m.1|Elastollan 1154D,CC-BY-4.0,reference-186,mendeley_hc6npzvw3m_1154D25_12_29_2023_1600_N1_T55_edot10min2_1,1154D25,on_axis_fatigue_response,on_axis,True,1.0,55.0,2023-12-29,1.0,0.01,8.1,3.3663,13.56,25.995,,,,4814.688,9.584,71.23213333333334,16.394481798824994,1168066.5398914474,,silver_recomputed_only,Elastollan 1154D,False,1154D25_12_29_2023_1600_N1_T55_edot10min2_1,Internship_CSM_XSTRMLAB_Sandor_Habets_2024/Load_frame_measurements/Elastollan1154D/1154D25_12_29_2023_1600_N1_T55_edot10min2_1.xlsx,9d990f59c6275160616be040fb9f4327f057328a155791efff122c611fc5ff65,1606,source_MATLAB_fixed_height_13.5mm_fixed_radius_13.2522mm_integral_to_first_strain_above_0.5,,
commercial-tpu-impact-fatigue-2024-v1,doi:10.17632/hc6npzvw3m.1,Elastollan 1154D,BASF,53.0,17.0,1.17,-16.0,,commercial_thermoplastic_polyurethane,True,commercial_grade_identity_only,core_tpu_application_experimental,compression_fatigue_and_recovery_supervision,0.6,10.17632/hc6npzvw3m.1|Elastollan 1154D,CC-BY-4.0,reference-186,mendeley_hc6npzvw3m_1154D26_12_29_2023_1415_N1_T55_edot10min2_2,1154D26,on_axis_fatigue_response,on_axis,True,1.0,55.0,2023-12-29,2.0,0.01,8.1,3.3675,13.556,25.998,,,,4819.688,9.87,73.73560740740741,17.481373802499995,1241730.459376227,,silver_recomputed_only,Elastollan 1154D,False,1154D26_12_29_2023_1415_N1_T55_edot10min2_2,Internship_CSM_XSTRMLAB_Sandor_Habets_2024/Load_frame_measurements/Elastollan1154D/1154D26_12_29_2023_1415_N1_T55_edot10min2_2.xlsx,2b3074725acc7a3e0d8ca8c11d7a6dc442d2b736d192608b12eb0e1417e2eb77,1648,source_MATLAB_fixed_height_13.5mm_fixed_radius_13.2522mm_integral_to_first_strain_above_0.5,,
commercial-tpu-impact-fatigue-2024-v1,doi:10.17632/hc6npzvw3m.1,Elastollan 1154D,BASF,53.0,17.0,1.17,-16.0,,commercial_thermoplastic_polyurethane,True,commercial_grade_identity_only,core_tpu_application_experimental,compression_fatigue_and_recovery_supervision,0.6,10.17632/hc6npzvw3m.1|Elastollan 1154D,CC-BY-4.0,reference-186,mendeley_hc6npzvw3m_1154D27_12_29_2023_1508_N1_T55_edot10min2_3,1154D27,on_axis_fatigue_response,on_axis,True,1.0,55.0,2023-12-29,3.0,0.01,8.1,3.3659,13.58,25.509,,,,4805.625,9.337,69.66805925925927,15.620903592374999,1192343.7868531551,,silver_recomputed_only,Elastollan 1154D,False,1154D27_12_29_2023_1508_N1_T55_edot10min2_3,Internship_CSM_XSTRMLAB_Sandor_Habets_2024/Load_frame_measurements/Elastollan1154D/1154D27_12_29_2023_1508_N1_T55_edot10min2_3.xlsx,d83dacf3f4c38a0d20d73daf298dfb8555e523af9836f2603548cada8f93376c,1570,source_MATLAB_fixed_height_13.5mm_fixed_radius_13.2522mm_integral_to_first_strain_above_0.5,,
commercial-tpu-impact-fatigue-2024-v1,doi:10.17632/hc6npzvw3m.1,Elastollan 1154D,BASF,53.0,17.0,1.17,-16.0,,commercial_thermoplastic_polyurethane,True,commercial_grade_identity_only,core_tpu_application_experimental,compression_fatigue_and_recovery_supervision,0.6,10.17632/hc6npzvw3m.1|Elastollan 1154D,CC-BY-4.0,reference-186,mendeley_hc6npzvw3m_1154D28_12_31_2023_1255_N10_T55_edot10min2_1,1154D28,on_axis_fatigue_response,on_axis,True,10.0,55.0,2023-12-31,1.0,0.01,8.1,3.3625,13.462,25.797,,,,4802.656,9.015,66.74495555555556,17.223345916025004,1391864.2756365524,,silver_recomputed_only,Elastollan 1154D,False,1154D28_12_31_2023_1255_N10_T55_edot10min2_1,Internship_CSM_XSTRMLAB_Sandor_Habets_2024/Load_frame_measurements/Elastollan1154D/1154D28_12_31_2023_1255_N10_T55_edot10min2_1.xlsx,29ad18065796fcba4a5289f0ec49e45a14da311491edc1948fe5dd09a1df1e20,1523,source_MATLAB_fixed_height_13.5mm_fixed_radius_13.2522mm_integral_to_first_strain_above_0.5,,
commercial-tpu-impact-fatigue-2024-v1,doi:10.17632/hc6npzvw3m.1,Elastollan 1154D,BASF,53.0,17.0,1.17,-16.0,,commercial_thermoplastic_polyurethane,True,commercial_grade_identity_only,core_tpu_application_experimental,compression_fatigue_and_recovery_supervision,0.6,10.17632/hc6npzvw3m.1|Elastollan 1154D,CC-BY-4.0,reference-186,mendeley_hc6npzvw3m_1154D29_12_31_2023_1400_N10_T55_edot10min2_2,1154D29,on_axis_fatigue_response,on_axis,True,10.0,55.0,2023-12-31,2.0,0.01,8.1,3.3653,13.508,26.343,,,,4814.531,9.474,70.87687407407407,17.3226487881,1302870.2687784191,,silver_recomputed_only,Elastollan 1154D,False,1154D29_12_31_2023_1400_N10_T55_edot10min2_2,Internship_CSM_XSTRMLAB_Sandor_Habets_2024/Load_frame_measurements/Elastollan1154D/1154D29_12_31_2023_1400_N10_T55_edot10min2_2.xlsx,bf1761085abb6948fe29956fa3b0d1a3bd1ce8cb452759e93803274cf53f27b8,1590,source_MATLAB_fixed_height_13.5mm_fixed_radius_13.2522mm_integral_to_first_strain_above_0.5,,
commercial-tpu-impact-fatigue-2024-v1,doi:10.17632/hc6npzvw3m.1,Elastollan 1154D,BASF,53.0,17.0,1.17,-16.0,,commercial_thermoplastic_polyurethane,True,commercial_grade_identity_only,core_tpu_application_experimental,compression_fatigue_and_recovery_supervision,0.6,10.17632/hc6npzvw3m.1|Elastollan 1154D,CC-BY-4.0,reference-186,mendeley_hc6npzvw3m_1154D3_11_23_2023_1157_N10_T20_edot10min2_1,1154D3,on_axis_fatigue_response,on_axis,True,10.0,20.0,2023-11-23,1.0,0.01,8.1,3.3725,13.536,26.052,842972.87,0.33,1327155.53,4806.25,9.645,71.4038,17.891064798049996,1327730.0036517074,0.04328608356154046,gold_source_recomputed_agree,Elastollan 1154D,False,1154D3_11_23_2023_1157_N10_T20_edot10min2_1,Internship_CSM_XSTRMLAB_Sandor_Habets_2024/Load_frame_measurements/Elastollan1154D/1154D3_11_23_2023_1157_N10_T20_edot10min2_1.xlsx,ea77372f1558b5ad7e4a7e83c7de5c70c5c23d73938bf1c8c0f1ae7ffeea14f3,1615,source_MATLAB_fixed_height_13.5mm_fixed_radius_13.2522mm_integral_to_first_strain_above_0.5,1323491.48,100.27684726765298
commercial-tpu-impact-fatigue-2024-v1,doi:10.17632/hc6npzvw3m.1,Elastollan 1154D,BASF,53.0,17.0,1.17,-16.0,,commercial_thermoplastic_polyurethane,True,commercial_grade_identity_only,core_tpu_application_experimental,compression_fatigue_and_recovery_supervision,0.6,10.17632/hc6npzvw3m.1|Elastollan 1154D,CC-BY-4.0,reference-186,mendeley_hc6npzvw3m_1154D30_12_31_2023_1504_N10_T55_edot10min2_3,1154D30,on_axis_fatigue_response,on_axis,True,10.0,55.0,2023-12-31,3.0,0.01,8.1,3.3621,13.502,25.397,,,,4806.719,9.221,68.72627407407408,17.3919180003,1338017.8208471108,,silver_recomputed_only,Elastollan 1154D,False,1154D30_12_31_2023_1504_N10_T55_edot10min2_3,Internship_CSM_XSTRMLAB_Sandor_Habets_2024/Load_frame_measurements/Elastollan1154D/1154D30_12_31_2023_1504_N10_T55_edot10min2_3.xlsx,8e2ba5e9d13e70a2a0c2aa3b8f62c320a76fa86901d6473f6c083130c8999750,1553,source_MATLAB_fixed_height_13.5mm_fixed_radius_13.2522mm_integral_to_first_strain_above_0.5,,
commercial-tpu-impact-fatigue-2024-v1,doi:10.17632/hc6npzvw3m.1,Elastollan 1154D,BASF,53.0,17.0,1.17,-16.0,,commercial_thermoplastic_polyurethane,True,commercial_grade_identity_only,core_tpu_application_experimental,compression_fatigue_and_recovery_supervision,0.6,10.17632/hc6npzvw3m.1|Elastollan 1154D,CC-BY-4.0,reference-186,mendeley_hc6npzvw3m_1154D31_01_03_2024_1237_N1_Tmin20_edot10min2_1,1154D31,on_axis_fatigue_response,on_axis,True,1.0,-20.0,2024-01-03,1.0,0.01,8.1,3.3668,13.57,25.691,,,,4815.0,9.126,67.50076296296297,17.068484725924993,1327355.9456236484,,silver_recomputed_only,Elastollan 1154D,False,1154D31_01_03_2024_1237_N1_Tmin20_edot10min2_1,Internship_CSM_XSTRMLAB_Sandor_Habets_2024/Load_frame_measurements/Elastollan1154D/1154D31_01_03_2024_1237_N1_Tmin20_edot10min2_1.xlsx,cb8a547291107a7b631ed982f11779b6c1454138e89a99c5767840988d06456d,1539,source_MATLAB_fixed_height_13.5mm_fixed_radius_13.2522mm_integral_to_first_strain_above_0.5,,
commercial-tpu-impact-fatigue-2024-v1,doi:10.17632/hc6npzvw3m.1,Elastollan 1154D,BASF,53.0,17.0,1.17,-16.0,,commercial_thermoplastic_polyurethane,True,commercial_grade_identity_only,core_tpu_application_experimental,compression_fatigue_and_recovery_supervision,0.6,10.17632/hc6npzvw3m.1|Elastollan 1154D,CC-BY-4.0,reference-186,mendeley_hc6npzvw3m_1154D32_01_03_2024_1204_N1_Tmin20_edot10min2_2,1154D32,on_axis_fatigue_response,on_axis,True,1.0,-20.0,2024-01-03,2.0,0.01,8.1,3.3654,13.535,26.597,,,,4812.969,9.419,69.95655555555555,15.679948612975002,1138067.342188767,,silver_recomputed_only,Elastollan 1154D,False,1154D32_01_03_2024_1204_N1_Tmin20_edot10min2_2,Internship_CSM_XSTRMLAB_Sandor_Habets_2024/Load_frame_measurements/Elastollan1154D/1154D32_01_03_2024_1204_N1_Tmin20_edot10min2_2.xlsx,219071ff044cffde5bee5909d43ed0fd3845adb0075c0d29f298c317b903eee6,1582,source_MATLAB_fixed_height_13.5mm_fixed_radius_13.2522mm_integral_to_first_strain_above_0.5,,
commercial-tpu-impact-fatigue-2024-v1,doi:10.17632/hc6npzvw3m.1,Elastollan 1154D,BASF,53.0,17.0,1.17,-16.0,,commercial_thermoplastic_polyurethane,True,commercial_grade_identity_only,core_tpu_application_experimental,compression_fatigue_and_recovery_supervision,0.6,10.17632/hc6npzvw3m.1|Elastollan 1154D,CC-BY-4.0,reference-186,mendeley_hc6npzvw3m_1154D33_01_03_2024_1041_N1_Tmin20_edot10min2_3,1154D33,on_axis_fatigue_response,on_axis,True,1.0,-20.0,2024-01-03,3.0,0.01,8.1,3.364,13.506,25.612,,,,4806.406,9.523,70.34757037037038,17.833314166025,1308700.3865174782,,silver_recomputed_only,Elastollan 1154D,False,1154D33_01_03_2024_1041_N1_Tmin20_edot10min2_3,Internship_CSM_XSTRMLAB_Sandor_Habets_2024/Load_frame_measurements/Elastollan1154D/1154D33_01_03_2024_1041_N1_Tmin20_edot10min2_3.xlsx,2051aa36952954e502846d0539c099b0adccd9b753f03ba7acc1d95c7ae88db7,1597,source_MATLAB_fixed_height_13.5mm_fixed_radius_13.2522mm_integral_to_first_strain_above_0.5,,
commercial-tpu-impact-fatigue-2024-v1,doi:10.17632/hc6npzvw3m.1,Elastollan 1154D,BASF,53.0,17.0,1.17,-16.0,,commercial_thermoplastic_polyurethane,True,commercial_grade_identity_only,core_tpu_application_experimental,compression_fatigue_and_recovery_supervision,0.6,10.17632/hc6npzvw3m.1|Elastollan 1154D,CC-BY-4.0,reference-186,mendeley_hc6npzvw3m_1154D34_01_03_2024_1515_N10_Tmin20_edot10min2_1,1154D34,on_axis_fatigue_response,on_axis,True,10.0,-20.0,2024-01-03,1.0,0.01,8.1,3.3694,13.597,26.211,,,,4823.906,9.564,70.67897777777779,15.441381203099999,1066798.0604932206,,silver_recomputed_only,Elastollan 1154D,False,1154D34_01_03_2024_1515_N10_Tmin20_edot10min2_1,Internship_CSM_XSTRMLAB_Sandor_Habets_2024/Load_frame_measurements/Elastollan1154D/1154D34_01_03_2024_1515_N10_Tmin20_edot10min2_1.xlsx,06d89ee3c6e046a166798fffef3c016f81501f11b9e5cab5487a45ae1a758169,1603,source_MATLAB_fixed_height_13.5mm_fixed_radius_13.2522mm_integral_to_first_strain_above_0.5,,
commercial-tpu-impact-fatigue-2024-v1,doi:10.17632/hc6npzvw3m.1,Elastollan 1154D,BASF,53.0,17.0,1.17,-16.0,,commercial_thermoplastic_polyurethane,True,commercial_grade_identity_only,core_tpu_application_experimental,compression_fatigue_and_recovery_supervision,0.6,10.17632/hc6npzvw3m.1|Elastollan 1154D,CC-BY-4.0,reference-186,mendeley_hc6npzvw3m_1154D35_01_03_2024_1551_N10_Tmin20_edot10min2_2,1154D35,on_axis_fatigue_response,on_axis,True,10.0,-20.0,2024-01-03,2.0,0.01,8.1,3.3684,13.519,26.275,,,,4809.531,9.817,72.67937777777779,16.258697780099997,1115644.1926325832,,silver_recomputed_only,Elastollan 1154D,False,1154D35_01_03_2024_1551_N10_Tmin20_edot10min2_2,Internship_CSM_XSTRMLAB_Sandor_Habets_2024/Load_frame_measurements/Elastollan1154D/1154D35_01_03_2024_1551_N10_Tmin20_edot10min2_2.xlsx,2810f27ed9f2e3c8fd1da8e67d5db9f8200f3f8ef9dedfb78edb9d5b19bba9bf,1640,source_MATLAB_fixed_height_13.5mm_fixed_radius_13.2522mm_integral_to_first_strain_above_0.5,,
commercial-tpu-impact-fatigue-2024-v1,doi:10.17632/hc6npzvw3m.1,Elastollan 1154D,BASF,53.0,17.0,1.17,-16.0,,commercial_thermoplastic_polyurethane,True,commercial_grade_identity_only,core_tpu_application_experimental,compression_fatigue_and_recovery_supervision,0.6,10.17632/hc6npzvw3m.1|Elastollan 1154D,CC-BY-4.0,reference-186,mendeley_hc6npzvw3m_1154D36_01_03_2024_1423_N10_Tmin20_edot10min2_3,1154D36,on_axis_fatigue_response,on_axis,True,10.0,-20.0,2024-01-03,3.0,0.01,8.1,3.3624,13.563,25.839,,,,4805.0,9.55,70.78627407407407,17.134370106875007,1257606.5768270674,,silver_recomputed_only,Elastollan 1154D,False,1154D36_01_03_2024_1423_N10_Tmin20_edot10min2_3,Internship_CSM_XSTRMLAB_Sandor_Habets_2024/Load_frame_measurements/Elastollan1154D/1154D36_01_03_2024_1423_N10_Tmin20_edot10min2_3.xlsx,36ca7219b806fa389388033e4d44cd6dd5c14e730f12397c618b87043225be63,1601,source_MATLAB_fixed_height_13.5mm_fixed_radius_13.2522mm_integral_to_first_strain_above_0.5,,
commercial-tpu-impact-fatigue-2024-v1,doi:10.17632/hc6npzvw3m.1,Elastollan 1154D,BASF,53.0,17.0,1.17,-16.0,,commercial_thermoplastic_polyurethane,True,commercial_grade_identity_only,core_tpu_application_experimental,compression_fatigue_and_recovery_supervision,0.6,10.17632/hc6npzvw3m.1|Elastollan 1154D,CC-BY-4.0,reference-186,mendeley_hc6npzvw3m_1154D37_01_23_2024_1008_T20_N10_offaxis_1,1154D37,off_axis_fatigue_response,off_axis,True,10.0,20.0,2024-01-23,1.0,0.01,8.1,3.362,13.536,25.337,871658.96,0.33,1413215.25,4802.5,8.881,65.33347407407408,17.337199347525,1411444.1984702104,0.12532072023632468,gold_source_recomputed_agree,Elastollan 1154D,False,1154D37_01_23_2024_1008_T20_N10_offaxis_1,Internship_CSM_XSTRMLAB_Sandor_Habets_2024/Load_frame_measurements/Elastollan1154D/1154D37_01_23_2024_1008_T20_N10_offaxis_1.csv,a38554d35bab456448bede460d8f09cf130e7c27b7752c810ff81fdb886948c5,1503,source_MATLAB_fixed_height_13.5mm_fixed_radius_13.2522mm_integral_to_first_strain_above_0.5,,
commercial-tpu-impact-fatigue-2024-v1,doi:10.17632/hc6npzvw3m.1,Elastollan 1154D,BASF,53.0,17.0,1.17,-16.0,,commercial_thermoplastic_polyurethane,True,commercial_grade_identity_only,core_tpu_application_experimental,compression_fatigue_and_recovery_supervision,0.6,10.17632/hc6npzvw3m.1|Elastollan 1154D,CC-BY-4.0,reference-186,mendeley_hc6npzvw3m_1154D38_01_23_2024_1016_T20_N10_offaxis_2,1154D38,off_axis_fatigue_response,off_axis,True,10.0,20.0,2024-01-23,2.0,0.01,8.1,3.3668,13.572,25.127,1245669.92,0.52,1177522.28,4822.969,9.912,73.50432592592591,16.988965831325004,1176367.2433048675,0.0980904323213738,gold_source_recomputed_agree,Elastollan 1154D,False,1154D38_01_23_2024_1016_T20_N10_offaxis_2,Internship_CSM_XSTRMLAB_Sandor_Habets_2024/Load_frame_measurements/Elastollan1154D/1154D38_01_23_2024_1016_T20_N10_offaxis_2.csv,5a2ba1adf21d861856564206890e4a15f2ee052de0993c22a4a475aab11c46ba,1654,source_MATLAB_fixed_height_13.5mm_fixed_radius_13.2522mm_integral_to_first_strain_above_0.5,,
commercial-tpu-impact-fatigue-2024-v1,doi:10.17632/hc6npzvw3m.1,Elastollan 1154D,BASF,53.0,17.0,1.17,-16.0,,commercial_thermoplastic_polyurethane,True,commercial_grade_identity_only,core_tpu_application_experimental,compression_fatigue_and_recovery_supervision,0.6,10.17632/hc6npzvw3m.1|Elastollan 1154D,CC-BY-4.0,reference-186,mendeley_hc6npzvw3m_1154D39_01_24_2024_1444_T20_N100_offaxis_1,1154D39,off_axis_fatigue_response,off_axis,True,100.0,20.0,2024-01-24,1.0,0.01,8.1,3.3603,13.575,25.135,1367627.62,0.52,1298407.99,4818.75,9.099,67.01437777777778,16.699575430249997,1296994.3307311449,0.10887635317579317,gold_source_recomputed_agree,Elastollan 1154D,False,1154D39_01_24_2024_1444_T20_N100_offaxis_1,Internship_CSM_XSTRMLAB_Sandor_Habets_2024/Load_frame_measurements/Elastollan1154D/1154D39_01_24_2024_1444_T20_N100_offaxis_1.csv,7edde7dac7e788467ab860c575565cd9fc879b3d2a14f62ceadc123af75437f0,1535,source_MATLAB_fixed_height_13.5mm_fixed_radius_13.2522mm_integral_to_first_strain_above_0.5,,
commercial-tpu-impact-fatigue-2024-v1,doi:10.17632/hc6npzvw3m.1,Elastollan 1154D,BASF,53.0,17.0,1.17,-16.0,,commercial_thermoplastic_polyurethane,True,commercial_grade_identity_only,core_tpu_application_experimental,compression_fatigue_and_recovery_supervision,0.6,10.17632/hc6npzvw3m.1|Elastollan 1154D,CC-BY-4.0,reference-186,mendeley_hc6npzvw3m_1154D4_11_23_2023_1455_N100_T20_edot10min2_1,1154D4,on_axis_fatigue_response,on_axis,True,100.0,20.0,2023-11-23,1.0,0.01,8.1,3.3675,13.534,25.283,1365105.49,0.53,1272375.61,4809.219,9.495,70.26650370370369,17.035935807375,1271174.601932035,0.09439100046605277,gold_source_recomputed_agree,Elastollan 1154D,False,1154D4_11_23_2023_1455_N100_T20_edot10min2_1,Internship_CSM_XSTRMLAB_Sandor_Habets_2024/Load_frame_measurements/Elastollan1154D/1154D4_11_23_2023_1455_N100_T20_edot10min2_1.xlsx,7f8b80aed6744034ec69539972714341c47b42824a5c34412cd2e8468edad90a,1593,source_MATLAB_fixed_height_13.5mm_fixed_radius_13.2522mm_integral_to_first_strain_above_0.5,1323491.48,96.13780135554784
commercial-tpu-impact-fatigue-2024-v1,doi:10.17632/hc6npzvw3m.1,Elastollan 1154D,BASF,53.0,17.0,1.17,-16.0,,commercial_thermoplastic_polyurethane,True,commercial_grade_identity_only,core_tpu_application_experimental,compression_fatigue_and_recovery_supervision,0.6,10.17632/hc6npzvw3m.1|Elastollan 1154D,CC-BY-4.0,reference-186,mendeley_hc6npzvw3m_1154D41_01_23_2024_1207_T55_N10_offaxis_1,1154D41,off_axis_fatigue_response,off_axis,True,10.0,55.0,2024-01-23,1.0,0.01,8.1,3.3631,13.668,25.467,,,,4800.469,9.392,69.23174074074075,16.895297651299998,1262173.521441955,,silver_recomputed_only,Elastollan 1154D,False,1154D41_01_23_2024_1207_T55_N10_offaxis_1,Internship_CSM_XSTRMLAB_Sandor_Habets_2024/Load_frame_measurements/Elastollan1154D/1154D41_01_23_2024_1207_T55_N10_offaxis_1.csv,5b8aa2428af86ff4186ba82014643d369e34f953f88c2ef5488f0bb823c1ed92,1578,source_MATLAB_fixed_height_13.5mm_fixed_radius_13.2522mm_integral_to_first_strain_above_0.5,,
commercial-tpu-impact-fatigue-2024-v1,doi:10.17632/hc6npzvw3m.1,Elastollan 1154D,BASF,53.0,17.0,1.17,-16.0,,commercial_thermoplastic_polyurethane,True,commercial_grade_identity_only,core_tpu_application_experimental,compression_fatigue_and_recovery_supervision,0.6,10.17632/hc6npzvw3m.1|Elastollan 1154D,CC-BY-4.0,reference-186,mendeley_hc6npzvw3m_1154D42_01_23_2024_1117_T55_N10_offaxis_2,1154D42,off_axis_fatigue_response,off_axis,True,10.0,55.0,2024-01-23,2.0,0.01,8.1,3.3631,13.563,26.015,,,,4808.594,9.337,68.64282962962962,17.079784157575,1268479.9593824022,,silver_recomputed_only,Elastollan 1154D,False,1154D42_01_23_2024_1117_T55_N10_offaxis_2,Internship_CSM_XSTRMLAB_Sandor_Habets_2024/Load_frame_measurements/Elastollan1154D/1154D42_01_23_2024_1117_T55_N10_offaxis_2.csv,b3bd9cd0353a4bc813ed2514252109e28f08644a89b7d68e48c5454783ce8833,1570,source_MATLAB_fixed_height_13.5mm_fixed_radius_13.2522mm_integral_to_first_strain_above_0.5,,
commercial-tpu-impact-fatigue-2024-v1,doi:10.17632/hc6npzvw3m.1,Elastollan 1154D,BASF,53.0,17.0,1.17,-16.0,,commercial_thermoplastic_polyurethane,True,commercial_grade_identity_only,core_tpu_application_experimental,compression_fatigue_and_recovery_supervision,0.6,10.17632/hc6npzvw3m.1|Elastollan 1154D,CC-BY-4.0,reference-186,mendeley_hc6npzvw3m_1154D43_01_24_2024_1105_Tmin20_N10_offaxis_1,1154D43,off_axis_fatigue_response,off_axis,True,10.0,-20.0,2024-01-24,1.0,0.01,8.1,3.366,13.553,25.942,,,,4805.156,9.392,69.21981481481481,16.710349991174997,1259761.1964104406,,silver_recomputed_only,Elastollan 1154D,False,1154D43_01_24_2024_1105_Tmin20_N10_offaxis_1,Internship_CSM_XSTRMLAB_Sandor_Habets_2024/Load_frame_measurements/Elastollan1154D/1154D43_01_24_2024_1105_Tmin20_N10_offaxis_1.csv,0d4563867ddff569aea0d4cf2a705176736414a7c269b4e906c6fa243eedbcdf,1578,source_MATLAB_fixed_height_13.5mm_fixed_radius_13.2522mm_integral_to_first_strain_above_0.5,,
commercial-tpu-impact-fatigue-2024-v1,doi:10.17632/hc6npzvw3m.1,Elastollan 1154D,BASF,53.0,17.0,1.17,-16.0,,commercial_thermoplastic_polyurethane,True,commercial_grade_identity_only,core_tpu_application_experimental,compression_fatigue_and_recovery_supervision,0.6,10.17632/hc6npzvw3m.1|Elastollan 1154D,CC-BY-4.0,reference-186,mendeley_hc6npzvw3m_1154D44_01_24_2024_1113_Tmin20_N10_offaxis_2,1154D44,off_axis_fatigue_response,off_axis,True,10.0,-20.0,2024-01-24,2.0,0.01,8.1,3.3644,13.644,25.59,,,,4819.375,9.685,71.4634,16.392773330800004,1126821.3522325645,,silver_recomputed_only,Elastollan 1154D,False,1154D44_01_24_2024_1113_Tmin20_N10_offaxis_2,Internship_CSM_XSTRMLAB_Sandor_Habets_2024/Load_frame_measurements/Elastollan1154D/1154D44_01_24_2024_1113_Tmin20_N10_offaxis_2.csv,b686201adcb31a7e9fce20562808afae9c2c1c54cbcf1c41202512a232f21daa,1621,source_MATLAB_fixed_height_13.5mm_fixed_radius_13.2522mm_integral_to_first_strain_above_0.5,,
commercial-tpu-impact-fatigue-2024-v1,doi:10.17632/hc6npzvw3m.1,Elastollan 1154D,BASF,53.0,17.0,1.17,-16.0,,commercial_thermoplastic_polyurethane,True,commercial_grade_identity_only,core_tpu_application_experimental,compression_fatigue_and_recovery_supervision,0.6,10.17632/hc6npzvw3m.1|Elastollan 1154D,CC-BY-4.0,reference-186,mendeley_hc6npzvw3m_1154D5_11_30_2023_1021_N0_T20_edot10min2_2,1154D5,on_axis_fatigue_response,on_axis,True,0.0,20.0,2023-11-30,2.0,0.01,8.1,3.3671,13.59,25.821,,,,27015.63,11.008,78.12740740740742,40.202977022499965,1347744.6628559318,,silver_recomputed_only,Elastollan 1154D,False,1154D5_11_30_2023_1021_N0_T20_edot10min2_2,Internship_CSM_XSTRMLAB_Sandor_Habets_2024/Load_frame_measurements/Elastollan1154D/1154D5_11_30_2023_1021_N0_T20_edot10min2_2.xlsx,c1a826e7821ec5caccb0d2c7ad0c113ae18f1678e186f7ba171512003903bb84,1980,source_MATLAB_fixed_height_13.5mm_fixed_radius_13.2522mm_integral_to_first_strain_above_0.5,1323491.48,
commercial-tpu-impact-fatigue-2024-v1,doi:10.17632/hc6npzvw3m.1,Elastollan 1154D,BASF,53.0,17.0,1.17,-16.0,,commercial_thermoplastic_polyurethane,True,commercial_grade_identity_only,core_tpu_application_experimental,compression_fatigue_and_recovery_supervision,0.6,10.17632/hc6npzvw3m.1|Elastollan 1154D,CC-BY-4.0,reference-186,mendeley_hc6npzvw3m_1154D6_11_30_2023_1025_N0_T20_edot10min2_3,1154D6,on_axis_fatigue_response,on_axis,True,0.0,20.0,2023-11-30,3.0,0.01,8.1,3.3705,13.613,25.939,,,,24518.75,11.008,78.12740740740742,36.61690264524997,1393036.6231826541,,silver_recomputed_only,Elastollan 1154D,False,1154D6_11_30_2023_1025_N0_T20_edot10min2_3,Internship_CSM_XSTRMLAB_Sandor_Habets_2024/Load_frame_measurements/Elastollan1154D/1154D6_11_30_2023_1025_N0_T20_edot10min2_3.xlsx,ef25266d388676c868cdf1823392773e31e279994b69bd03bc9925aa527d309a,1980,source_MATLAB_fixed_height_13.5mm_fixed_radius_13.2522mm_integral_to_first_strain_above_0.5,1323491.48,
commercial-tpu-impact-fatigue-2024-v1,doi:10.17632/hc6npzvw3m.1,Elastollan 1154D,BASF,53.0,17.0,1.17,-16.0,,commercial_thermoplastic_polyurethane,True,commercial_grade_identity_only,core_tpu_application_experimental,compression_fatigue_and_recovery_supervision,0.6,10.17632/hc6npzvw3m.1|Elastollan 1154D,CC-BY-4.0,reference-186,mendeley_hc6npzvw3m_1154D7_11_30_2023_1452_N0_T20_edot10min2_4,1154D7,on_axis_fatigue_response,on_axis,True,0.0,20.0,2023-11-30,4.0,0.01,8.1,3.3656,13.611,26.063,1360354.29,0.5,1360354.29,4810.625,9.098,67.17888888888889,17.1888149048,1356404.6978624098,0.29033555204139383,gold_source_recomputed_agree,Elastollan 1154D,False,1154D7_11_30_2023_1452_N0_T20_edot10min2_4,Internship_CSM_XSTRMLAB_Sandor_Habets_2024/Load_frame_measurements/Elastollan1154D/1154D7_11_30_2023_1452_N0_T20_edot10min2_4.xlsx,27fac04644809448d1dec7fb535d3f81d1e0d95f7baf7708f0823a78f539e80c,1535,source_MATLAB_fixed_height_13.5mm_fixed_radius_13.2522mm_integral_to_first_strain_above_0.5,1323491.48,102.78526991348672
commercial-tpu-impact-fatigue-2024-v1,doi:10.17632/hc6npzvw3m.1,Elastollan 1154D,BASF,53.0,17.0,1.17,-16.0,,commercial_thermoplastic_polyurethane,True,commercial_grade_identity_only,core_tpu_application_experimental,compression_fatigue_and_recovery_supervision,0.6,10.17632/hc6npzvw3m.1|Elastollan 1154D,CC-BY-4.0,reference-186,mendeley_hc6npzvw3m_1154D8_11_30_2023_1455_N0_T20_edot10min2_5,1154D8,on_axis_fatigue_response,on_axis,True,0.0,20.0,2023-11-30,5.0,0.01,8.1,3.3694,13.548,26.1,1275717.19,0.48,1338881.14,4803.75,9.446,69.56076296296297,17.635705462749996,1337098.0148888773,0.13318023966807208,gold_source_recomputed_agree,Elastollan 1154D,False,1154D8_11_30_2023_1455_N0_T20_edot10min2_5,Internship_CSM_XSTRMLAB_Sandor_Habets_2024/Load_frame_measurements/Elastollan1154D/1154D8_11_30_2023_1455_N0_T20_edot10min2_5.xlsx,30af157f6d6315ba7a0d5a7dd136f3d8b0f43289b1ab108df60010af0acc83b6,1586,source_MATLAB_fixed_height_13.5mm_fixed_radius_13.2522mm_integral_to_first_strain_above_0.5,1323491.48,101.16280763666117
commercial-tpu-impact-fatigue-2024-v1,doi:10.17632/hc6npzvw3m.1,Elastollan 1154D,BASF,53.0,17.0,1.17,-16.0,,commercial_thermoplastic_polyurethane,True,commercial_grade_identity_only,core_tpu_application_experimental,compression_fatigue_and_recovery_supervision,0.6,10.17632/hc6npzvw3m.1|Elastollan 1154D,CC-BY-4.0,reference-186,mendeley_hc6npzvw3m_1154D9_12_01_2023_1130_N1_T20_edot10min2_2,1154D9,on_axis_fatigue_response,on_axis,True,1.0,20.0,2023-12-01,2.0,0.01,8.1,3.3676,13.555,26.046,948430.61,0.3,1612925.86,4808.125,9.154,67.63428888888889,19.719538247650004,1611394.7963316955,0.09492461533877251,gold_source_recomputed_agree,Elastollan 1154D,False,1154D9_12_01_2023_1130_N1_T20_edot10min2_2,Internship_CSM_XSTRMLAB_Sandor_Habets_2024/Load_frame_measurements/Elastollan1154D/1154D9_12_01_2023_1130_N1_T20_edot10min2_2.xlsx,dbd436a341ac07bb16900695c786c836abd874c7d400874bd7e3238fa3ad4374,1543,source_MATLAB_fixed_height_13.5mm_fixed_radius_13.2522mm_integral_to_first_strain_above_0.5,1323491.48,121.86900213365938
commercial-tpu-impact-fatigue-2024-v1,doi:10.17632/hc6npzvw3m.1,Elastollan 1164D,BASF,69.0,25.0,1.18,13.0,,commercial_thermoplastic_polyurethane,True,commercial_grade_identity_only,core_tpu_application_experimental,compression_fatigue_and_recovery_supervision,0.6,10.17632/hc6npzvw3m.1|Elastollan 1164D,CC-BY-4.0,reference-186,mendeley_hc6npzvw3m_1164D1_11_21_2023_1436_N0_T20_edot10min2_1,1164D1,on_axis_fatigue_response,on_axis,True,0.0,20.0,2023-11-21,1.0,0.01,8.1,3.3516,13.494,25.998,1542843.86,0.36,2066694.52,4804.531,8.218,60.92259259259259,20.782962977125,2068303.609240189,0.0778581074569716,gold_source_recomputed_agree,Elastollan 1164D,False,1164D1_11_21_2023_1436_N0_T20_edot10min2_1,Internship_CSM_XSTRMLAB_Sandor_Habets_2024/Load_frame_measurements/Elastollan1164D/1164D1_11_21_2023_1436_N0_T20_edot10min2_1.xlsx,41b7847e8c44f5cb4b6e475805e26b123dfc6577bc3356199cbec503ae32a84f,1406,source_MATLAB_fixed_height_13.5mm_fixed_radius_13.2522mm_integral_to_first_strain_above_0.5,2002805.47,103.18997780648162
commercial-tpu-impact-fatigue-2024-v1,doi:10.17632/hc6npzvw3m.1,Elastollan 1164D,BASF,69.0,25.0,1.18,13.0,,commercial_thermoplastic_polyurethane,True,commercial_grade_identity_only,core_tpu_application_experimental,compression_fatigue_and_recovery_supervision,0.6,10.17632/hc6npzvw3m.1|Elastollan 1164D,CC-BY-4.0,reference-186,mendeley_hc6npzvw3m_1164D10_12_01_2023_1113_N1_T20_edot10min2_3,1164D10,on_axis_fatigue_response,on_axis,True,1.0,20.0,2023-12-01,3.0,0.01,8.1,3.3432,13.622,25.873,1727334.41,0.35,2405719.89,4811.094,7.813,57.60131851851852,22.060169473875003,2400373.9691708046,0.22221709399407796,gold_source_recomputed_agree,Elastollan 1164D,False,1164D10_12_01_2023_1114_N1_T20_edot10min2_3,Internship_CSM_XSTRMLAB_Sandor_Habets_2024/Load_frame_measurements/Elastollan1164D/1164D10_12_01_2023_1113_N1_T20_edot10min2_3.xlsx,3941335cb527a983365ab4698670b4aa39bc1ffb5469603e33a7b1c8aae92855,1347,source_MATLAB_fixed_height_13.5mm_fixed_radius_13.2522mm_integral_to_first_strain_above_0.5,2002805.47,120.11750147656628
commercial-tpu-impact-fatigue-2024-v1,doi:10.17632/hc6npzvw3m.1,Elastollan 1164D,BASF,69.0,25.0,1.18,13.0,,commercial_thermoplastic_polyurethane,True,commercial_grade_identity_only,core_tpu_application_experimental,compression_fatigue_and_recovery_supervision,0.6,10.17632/hc6npzvw3m.1|Elastollan 1164D,CC-BY-4.0,reference-186,mendeley_hc6npzvw3m_1164D11_12_01_2023_1119_N10_T20_edot10min2_2,1164D11,on_axis_fatigue_response,on_axis,True,10.0,20.0,2023-12-01,2.0,0.01,8.1,3.3538,13.485,25.682,1754653.82,0.36,2351637.98,4802.813,8.148,60.21446666666667,22.725056618499995,2352536.316021479,0.038200438550461714,gold_source_recomputed_agree,Elastollan 1164D,False,1164D11_12_01_2023_1119_N10_T20_edot10min2_2,Internship_CSM_XSTRMLAB_Sandor_Habets_2024/Load_frame_measurements/Elastollan1164D/1164D11_12_01_2023_1119_N10_T20_edot10min2_2.xlsx,beaaa5745f93d22718c8a7320c0c61a81c96e2f17c62ca3b6a236ca22daf7b3d,1396,source_MATLAB_fixed_height_13.5mm_fixed_radius_13.2522mm_integral_to_first_strain_above_0.5,2002805.47,117.41719379266524
commercial-tpu-impact-fatigue-2024-v1,doi:10.17632/hc6npzvw3m.1,Elastollan 1164D,BASF,69.0,25.0,1.18,13.0,,commercial_thermoplastic_polyurethane,True,commercial_grade_identity_only,core_tpu_application_experimental,compression_fatigue_and_recovery_supervision,0.6,10.17632/hc6npzvw3m.1|Elastollan 1164D,CC-BY-4.0,reference-186,mendeley_hc6npzvw3m_1164D12_12_01_2023_1125_N10_T20_edot10min2_3,1164D12,on_axis_fatigue_response,on_axis,True,10.0,20.0,2023-12-01,3.0,0.01,8.1,3.3489,13.524,26.174,1769660.1,0.37,2353093.57,4805.625,8.011,59.296533333333336,22.485409514549996,2351370.8864270835,0.0732093102832419,gold_source_recomputed_agree,Elastollan 1164D,False,1164D12_12_01_2023_1125_N10_T20_edot10min2_3,Internship_CSM_XSTRMLAB_Sandor_Habets_2024/Load_frame_measurements/Elastollan1164D/1164D12_12_01_2023_1125_N10_T20_edot10min2_3.xlsx,5758b83ed376ba84a317ee633d3d04411b39078bf8995050594056fdfb0982f7,1376,source_MATLAB_fixed_height_13.5mm_fixed_radius_13.2522mm_integral_to_first_strain_above_0.5,2002805.47,117.4898713453184
commercial-tpu-impact-fatigue-2024-v1,doi:10.17632/hc6npzvw3m.1,Elastollan 1164D,BASF,69.0,25.0,1.18,13.0,,commercial_thermoplastic_polyurethane,True,commercial_grade_identity_only,core_tpu_application_experimental,compression_fatigue_and_recovery_supervision,0.6,10.17632/hc6npzvw3m.1|Elastollan 1164D,CC-BY-4.0,reference-186,mendeley_hc6npzvw3m_1164D13_12_01_2023_1441_N100_T20_edot10min2_2,1164D13,on_axis_fatigue_response,on_axis,True,100.0,20.0,2023-12-01,2.0,0.01,8.1,3.354,13.604,26.16,1590625.0,0.36,2191410.3,4802.5,8.325,61.6044962962963,22.331127817049996,2187673.6704495735,0.1705125484910912,gold_source_recomputed_agree,Elastollan 1164D,False,1164D13_12_01_2023_1441_N100_T20_edot10min2_2,Internship_CSM_XSTRMLAB_Sandor_Habets_2024/Load_frame_measurements/Elastollan1164D/1164D13_12_01_2023_1441_N100_T20_edot10min2_2.xlsx,f0f6e4aa83f54d38775267e7f0c5f6be847c08e58fe2b7524ecfeaea3917aed2,1422,source_MATLAB_fixed_height_13.5mm_fixed_radius_13.2522mm_integral_to_first_strain_above_0.5,2002805.47,109.41703189975809
commercial-tpu-impact-fatigue-2024-v1,doi:10.17632/hc6npzvw3m.1,Elastollan 1164D,BASF,69.0,25.0,1.18,13.0,,commercial_thermoplastic_polyurethane,True,commercial_grade_identity_only,core_tpu_application_experimental,compression_fatigue_and_recovery_supervision,0.6,10.17632/hc6npzvw3m.1|Elastollan 1164D,CC-BY-4.0,reference-186,mendeley_hc6npzvw3m_1164D14_12_01_2023_1459_N100_T20_edot10min2_3,1164D14,on_axis_fatigue_response,on_axis,True,100.0,20.0,2023-12-01,3.0,0.01,8.1,3.3455,13.455,25.826,1509019.7,0.37,1997899.82,4800.313,8.516,62.727474074074074,21.412089653774995,1998903.3242691725,0.05022795733433909,gold_source_recomputed_agree,Elastollan 1164D,False,1164D14_12_01_2023_1459_N100_T20_edot10min2_3,Internship_CSM_XSTRMLAB_Sandor_Habets_2024/Load_frame_measurements/Elastollan1164D/1164D14_12_01_2023_1459_N100_T20_edot10min2_3.xlsx,cfe2f677e6955f58aef57766a59a24cc3875dfd5686a8289e8ac95c953e14655,1450,source_MATLAB_fixed_height_13.5mm_fixed_radius_13.2522mm_integral_to_first_strain_above_0.5,2002805.47,99.7550610843898
commercial-tpu-impact-fatigue-2024-v1,doi:10.17632/hc6npzvw3m.1,Elastollan 1164D,BASF,69.0,25.0,1.18,13.0,,commercial_thermoplastic_polyurethane,True,commercial_grade_identity_only,core_tpu_application_experimental,compression_fatigue_and_recovery_supervision,0.6,10.17632/hc6npzvw3m.1|Elastollan 1164D,CC-BY-4.0,reference-186,mendeley_hc6npzvw3m_1164D15_12_19_2023_1109_N0_T55_edot10min2_1,1164D15,on_axis_fatigue_response,on_axis,True,0.0,55.0,2023-12-19,1.0,0.01,8.1,3.3488,13.569,25.84,,,,4814.531,10.288,73.8142888888889,13.144909294400001,731523.3328369916,,silver_recomputed_only,Elastollan 1164D,False,1164D15_12_19_2023_1109_N0_T55_edot10min2_1,Internship_CSM_XSTRMLAB_Sandor_Habets_2024/Load_frame_measurements/Elastollan1164D/1164D15_12_19_2023_1109_N0_T55_edot10min2_1.xlsx,06f8f4985e7c075f0df76dae83b23b29b973d5a4724646af2f677b9c0c959349,1709,source_MATLAB_fixed_height_13.5mm_fixed_radius_13.2522mm_integral_to_first_strain_above_0.5,,
commercial-tpu-impact-fatigue-2024-v1,doi:10.17632/hc6npzvw3m.1,Elastollan 1164D,BASF,69.0,25.0,1.18,13.0,,commercial_thermoplastic_polyurethane,True,commercial_grade_identity_only,core_tpu_application_experimental,compression_fatigue_and_recovery_supervision,0.6,10.17632/hc6npzvw3m.1|Elastollan 1164D,CC-BY-4.0,reference-186,mendeley_hc6npzvw3m_1164D16_12_19_2023_1148_N0_T55_edot10min2_2,1164D16,on_axis_fatigue_response,on_axis,True,0.0,55.0,2023-12-19,2.0,0.01,8.1,3.3585,13.509,25.306,,,,4821.719,9.781,70.27127407407407,10.341458941649998,656482.7336701512,,silver_recomputed_only,Elastollan 1164D,False,1164D16_12_19_2023_1148_N0_T55_edot10min2_2,Internship_CSM_XSTRMLAB_Sandor_Habets_2024/Load_frame_measurements/Elastollan1164D/1164D16_12_19_2023_1148_N0_T55_edot10min2_2.xlsx,bc4c79352fd8a7808b636708f8214f6c4785c72de498f4fc2ad3029cec3ee8be,1635,source_MATLAB_fixed_height_13.5mm_fixed_radius_13.2522mm_integral_to_first_strain_above_0.5,,
commercial-tpu-impact-fatigue-2024-v1,doi:10.17632/hc6npzvw3m.1,Elastollan 1164D,BASF,69.0,25.0,1.18,13.0,,commercial_thermoplastic_polyurethane,True,commercial_grade_identity_only,core_tpu_application_experimental,compression_fatigue_and_recovery_supervision,0.6,10.17632/hc6npzvw3m.1|Elastollan 1164D,CC-BY-4.0,reference-186,mendeley_hc6npzvw3m_1164D17_12_19_2023_1142_N0_T55_edot10min2_3,1164D17,on_axis_fatigue_response,on_axis,True,0.0,55.0,2023-12-19,3.0,0.01,8.1,3.3495,13.584,24.812,,,,4825.156,10.294,73.62354074074075,12.105616593000006,713841.3887657415,,silver_recomputed_only,Elastollan 1164D,False,1164D17_12_19_2023_1242_N0_T55_edot10min2_3,Internship_CSM_XSTRMLAB_Sandor_Habets_2024/Load_frame_measurements/Elastollan1164D/1164D17_12_19_2023_1142_N0_T55_edot10min2_3.xlsx,0d755608bb2c0d26280d0b0b38cfc765b670d6d49247c138a73ff6057607c584,1710,source_MATLAB_fixed_height_13.5mm_fixed_radius_13.2522mm_integral_to_first_strain_above_0.5,,
commercial-tpu-impact-fatigue-2024-v1,doi:10.17632/hc6npzvw3m.1,Elastollan 1164D,BASF,69.0,25.0,1.18,13.0,,commercial_thermoplastic_polyurethane,True,commercial_grade_identity_only,core_tpu_application_experimental,compression_fatigue_and_recovery_supervision,0.6,10.17632/hc6npzvw3m.1|Elastollan 1164D,CC-BY-4.0,reference-186,mendeley_hc6npzvw3m_1164D18_12_19_2023_2015_N1_T55_edot10min2_1,1164D18,on_axis_fatigue_response,on_axis,True,1.0,55.0,2023-12-19,1.0,0.01,8.1,3.3463,13.615,26.096,,,,4823.125,10.076,72.00225185185185,9.895851395225,579737.4926177822,,silver_recomputed_only,Elastollan 1164D,False,1164D18_12_19_2023_2015_N1_T55_edot10min2_1,Internship_CSM_XSTRMLAB_Sandor_Habets_2024/Load_frame_measurements/Elastollan1164D/1164D18_12_19_2023_2015_N1_T55_edot10min2_1.xlsx,859fa0dce67812565dfb314b3b40f36bf53198d4479d373dcccadaaabd15b6a8,1678,source_MATLAB_fixed_height_13.5mm_fixed_radius_13.2522mm_integral_to_first_strain_above_0.5,,
commercial-tpu-impact-fatigue-2024-v1,doi:10.17632/hc6npzvw3m.1,Elastollan 1164D,BASF,69.0,25.0,1.18,13.0,,commercial_thermoplastic_polyurethane,True,commercial_grade_identity_only,core_tpu_application_experimental,compression_fatigue_and_recovery_supervision,0.6,10.17632/hc6npzvw3m.1|Elastollan 1164D,CC-BY-4.0,reference-186,mendeley_hc6npzvw3m_1164D19_12_19_2023_1931_N1_T55_edot10min2_2,1164D19,on_axis_fatigue_response,on_axis,True,1.0,55.0,2023-12-19,2.0,0.01,8.1,3.3537,13.566,26.073,,,,4802.031,9.897,71.36803703703704,9.773614295099998,570168.32320427,,silver_recomputed_only,Elastollan 1164D,False,1164D19_12_19_2023_1931_N1_T55_edot10min2_2,Internship_CSM_XSTRMLAB_Sandor_Habets_2024/Load_frame_measurements/Elastollan1164D/1164D19_12_19_2023_1931_N1_T55_edot10min2_2.xlsx,1ac4b93001fcc5cd3cff69d67b4bd81d73151e88b30a25d434e4b55424d45697,1652,source_MATLAB_fixed_height_13.5mm_fixed_radius_13.2522mm_integral_to_first_strain_above_0.5,,
commercial-tpu-impact-fatigue-2024-v1,doi:10.17632/hc6npzvw3m.1,Elastollan 1164D,BASF,69.0,25.0,1.18,13.0,,commercial_thermoplastic_polyurethane,True,commercial_grade_identity_only,core_tpu_application_experimental,compression_fatigue_and_recovery_supervision,0.6,10.17632/hc6npzvw3m.1|Elastollan 1164D,CC-BY-4.0,reference-186,mendeley_hc6npzvw3m_1164D2_11_22_2023_1541_N1_T20_edot10min2_1,1164D2,on_axis_fatigue_response,on_axis,True,1.0,20.0,2023-11-22,1.0,0.01,8.1,3.3464,13.578,25.962,1352335.37,0.34,1971563.95,4805.938,8.599,63.29731111111111,21.478281220075004,1968594.979262001,0.15058962393783065,gold_source_recomputed_agree,Elastollan 1164D,False,1164D2_11_22_2023_1541_N1_T20_edot10min2_1,Internship_CSM_XSTRMLAB_Sandor_Habets_2024/Load_frame_measurements/Elastollan1164D/1164D2_11_22_2023_1541_N1_T20_edot10min2_1.xlsx,cbcac22413699714783d31684250cd8e6bcc87ea8d5078fc3857b804c5352444,1462,source_MATLAB_fixed_height_13.5mm_fixed_radius_13.2522mm_integral_to_first_strain_above_0.5,2002805.47,98.4401121093403
commercial-tpu-impact-fatigue-2024-v1,doi:10.17632/hc6npzvw3m.1,Elastollan 1164D,BASF,69.0,25.0,1.18,13.0,,commercial_thermoplastic_polyurethane,True,commercial_grade_identity_only,core_tpu_application_experimental,compression_fatigue_and_recovery_supervision,0.6,10.17632/hc6npzvw3m.1|Elastollan 1164D,CC-BY-4.0,reference-186,mendeley_hc6npzvw3m_1164D20_12_19_2023_1837_N1_T55_edot10min2_3,1164D20,on_axis_fatigue_response,on_axis,True,1.0,55.0,2023-12-19,3.0,0.01,8.1,3.3474,13.544,25.881,,,,4822.656,10.52,75.18044444444443,11.5803632271,652858.0141730538,,silver_recomputed_only,Elastollan 1164D,False,1164D20_12_19_2023_1837_N1_T55_edot10min2_3,Internship_CSM_XSTRMLAB_Sandor_Habets_2024/Load_frame_measurements/Elastollan1164D/1164D20_12_19_2023_1837_N1_T55_edot10min2_3.xlsx,713f06a89034b012f2e8c215742acdcb2df779d1dc7b4682547764ff4341d8e2,1743,source_MATLAB_fixed_height_13.5mm_fixed_radius_13.2522mm_integral_to_first_strain_above_0.5,,
commercial-tpu-impact-fatigue-2024-v1,doi:10.17632/hc6npzvw3m.1,Elastollan 1164D,BASF,69.0,25.0,1.18,13.0,,commercial_thermoplastic_polyurethane,True,commercial_grade_identity_only,core_tpu_application_experimental,compression_fatigue_and_recovery_supervision,0.6,10.17632/hc6npzvw3m.1|Elastollan 1164D,CC-BY-4.0,reference-186,mendeley_hc6npzvw3m_1164D21_12_20_2023_1223_N10_T55_edot10min2_1,1164D21,on_axis_fatigue_response,on_axis,True,10.0,55.0,2023-12-20,1.0,0.01,8.1,3.3464,13.621,25.885,,,,4825.469,10.486,75.3354074074074,12.449591918150002,713702.9119474252,,silver_recomputed_only,Elastollan 1164D,False,1164D21_12_20_2023_1223_N10_T55_edot10min2_1,Internship_CSM_XSTRMLAB_Sandor_Habets_2024/Load_frame_measurements/Elastollan1164D/1164D21_12_20_2023_1223_N10_T55_edot10min2_1.xlsx,4bd00538afc6dfdc95265b29202ea6d5aca6b822fba35cbd822d6fa9e6469ec6,1738,source_MATLAB_fixed_height_13.5mm_fixed_radius_13.2522mm_integral_to_first_strain_above_0.5,,
commercial-tpu-impact-fatigue-2024-v1,doi:10.17632/hc6npzvw3m.1,Elastollan 1164D,BASF,69.0,25.0,1.18,13.0,,commercial_thermoplastic_polyurethane,True,commercial_grade_identity_only,core_tpu_application_experimental,compression_fatigue_and_recovery_supervision,0.6,10.17632/hc6npzvw3m.1|Elastollan 1164D,CC-BY-4.0,reference-186,mendeley_hc6npzvw3m_1164D22_12_20_2023_1454_N10_T55_edot10min2_2,1164D22,on_axis_fatigue_response,on_axis,True,10.0,55.0,2023-12-20,2.0,0.01,8.1,3.3541,13.571,25.909,,,,4819.375,9.931,71.02708148148147,10.282329796924994,646204.7938244549,,silver_recomputed_only,Elastollan 1164D,False,1164D22_12_20_2023_1454_N10_T55_edot10min2_2,Internship_CSM_XSTRMLAB_Sandor_Habets_2024/Load_frame_measurements/Elastollan1164D/1164D22_12_20_2023_1454_N10_T55_edot10min2_2.xlsx,a40d8391b96715b35850fef5ca0c97a25817215fda4daaa75bdda540dc16ba2b,1657,source_MATLAB_fixed_height_13.5mm_fixed_radius_13.2522mm_integral_to_first_strain_above_0.5,,
commercial-tpu-impact-fatigue-2024-v1,doi:10.17632/hc6npzvw3m.1,Elastollan 1164D,BASF,69.0,25.0,1.18,13.0,,commercial_thermoplastic_polyurethane,True,commercial_grade_identity_only,core_tpu_application_experimental,compression_fatigue_and_recovery_supervision,0.6,10.17632/hc6npzvw3m.1|Elastollan 1164D,CC-BY-4.0,reference-186,mendeley_hc6npzvw3m_1164D23_12_20_2023_1613_N10_T55_edot10min2_3,1164D23,on_axis_fatigue_response,on_axis,True,10.0,55.0,2023-12-20,3.0,0.01,8.1,3.354,13.595,25.783,,,,4806.719,10.266,73.26828888888889,12.568281881775004,753392.332796989,,silver_recomputed_only,Elastollan 1164D,False,1164D23_12_20_2023_1613_N10_T55_edot10min2_3,Internship_CSM_XSTRMLAB_Sandor_Habets_2024/Load_frame_measurements/Elastollan1164D/1164D23_12_20_2023_1613_N10_T55_edot10min2_3.xlsx,65d0559d7f7e8d0b6515b2645059931945af5c43fb5db7f4b3848a51038bcee0,1706,source_MATLAB_fixed_height_13.5mm_fixed_radius_13.2522mm_integral_to_first_strain_above_0.5,,
commercial-tpu-impact-fatigue-2024-v1,doi:10.17632/hc6npzvw3m.1,Elastollan 1164D,BASF,69.0,25.0,1.18,13.0,,commercial_thermoplastic_polyurethane,True,commercial_grade_identity_only,core_tpu_application_experimental,compression_fatigue_and_recovery_supervision,0.6,10.17632/hc6npzvw3m.1|Elastollan 1164D,CC-BY-4.0,reference-186,mendeley_hc6npzvw3m_1164D24_12_29_2023_1551_N1_T55_edot10min2_1,1164D24,on_axis_fatigue_response,on_axis,True,1.0,55.0,2023-12-29,1.0,0.01,8.1,3.361,13.574,25.983,,,,4803.906,8.381,61.90252592592592,20.575250958949997,1961263.897387272,,silver_recomputed_only,Elastollan 1164D,False,1164D24_12_29_2023_1551_N1_T55_edot10min2_1,Internship_CSM_XSTRMLAB_Sandor_Habets_2024/Load_frame_measurements/Elastollan1164D/1164D24_12_29_2023_1551_N1_T55_edot10min2_1.xlsx,eb17477344c1ad7397756f656845f491bd99b3d2d8927cf4f9af81aeeebc7196,1430,source_MATLAB_fixed_height_13.5mm_fixed_radius_13.2522mm_integral_to_first_strain_above_0.5,,
commercial-tpu-impact-fatigue-2024-v1,doi:10.17632/hc6npzvw3m.1,Elastollan 1164D,BASF,69.0,25.0,1.18,13.0,,commercial_thermoplastic_polyurethane,True,commercial_grade_identity_only,core_tpu_application_experimental,compression_fatigue_and_recovery_supervision,0.6,10.17632/hc6npzvw3m.1|Elastollan 1164D,CC-BY-4.0,reference-186,mendeley_hc6npzvw3m_1164D25_12_29_2023_1408_N1_T55_edot10min2_2,1164D25,on_axis_fatigue_response,on_axis,True,1.0,55.0,2023-12-29,2.0,0.01,8.1,3.352,13.553,25.777,,,,4809.219,8.635,63.96014074074075,21.509186454600002,1967169.598455343,,silver_recomputed_only,Elastollan 1164D,False,1164D25_12_29_2023_1408_N1_T55_edot10min2_2,Internship_CSM_XSTRMLAB_Sandor_Habets_2024/Load_frame_measurements/Elastollan1164D/1164D25_12_29_2023_1408_N1_T55_edot10min2_2.xlsx,48dc4b1056c1148a463cf26b7d9e9d56a10c6e07812f7d065fbf3571e7e43dd7,1467,source_MATLAB_fixed_height_13.5mm_fixed_radius_13.2522mm_integral_to_first_strain_above_0.5,,
commercial-tpu-impact-fatigue-2024-v1,doi:10.17632/hc6npzvw3m.1,Elastollan 1164D,BASF,69.0,25.0,1.18,13.0,,commercial_thermoplastic_polyurethane,True,commercial_grade_identity_only,core_tpu_application_experimental,compression_fatigue_and_recovery_supervision,0.6,10.17632/hc6npzvw3m.1|Elastollan 1164D,CC-BY-4.0,reference-186,mendeley_hc6npzvw3m_1164D26_12_29_2023_1501_N1_T55_edot10min2_3,1164D26,on_axis_fatigue_response,on_axis,True,1.0,55.0,2023-12-29,3.0,0.01,8.1,3.3784,13.609,25.523,,,,4810.0,8.333,61.72370370370371,20.73604722005,1985534.1119597014,,silver_recomputed_only,Elastollan 1164D,False,1164D26_12_29_2023_1501_N1_T55_edot10min2_3,Internship_CSM_XSTRMLAB_Sandor_Habets_2024/Load_frame_measurements/Elastollan1164D/1164D26_12_29_2023_1501_N1_T55_edot10min2_3.xlsx,c1d258a8c4c6ea1ea3e33c3ae8cec0bb171cf8621dd24844d40082004fad08c8,1423,source_MATLAB_fixed_height_13.5mm_fixed_radius_13.2522mm_integral_to_first_strain_above_0.5,,
commercial-tpu-impact-fatigue-2024-v1,doi:10.17632/hc6npzvw3m.1,Elastollan 1164D,BASF,69.0,25.0,1.18,13.0,,commercial_thermoplastic_polyurethane,True,commercial_grade_identity_only,core_tpu_application_experimental,compression_fatigue_and_recovery_supervision,0.6,10.17632/hc6npzvw3m.1|Elastollan 1164D,CC-BY-4.0,reference-186,mendeley_hc6npzvw3m_1164D27_12_31_2023_1248_N10_T55_edot10min2_1,1164D27,on_axis_fatigue_response,on_axis,True,10.0,55.0,2023-12-31,1.0,0.01,8.1,3.3389,13.596,25.637,,,,4801.719,8.626,63.44514074074075,21.880346933825,2017020.6390677574,,silver_recomputed_only,Elastollan 1164D,False,1164D27_12_31_2023_1248_N10_T55_edot10min2_1,Internship_CSM_XSTRMLAB_Sandor_Habets_2024/Load_frame_measurements/Elastollan1164D/1164D27_12_31_2023_1248_N10_T55_edot10min2_1.xlsx,be03a59fde9c7b8b7bb708622ee74b562a6c09ab2c5446d3af05e35b9f470915,1466,source_MATLAB_fixed_height_13.5mm_fixed_radius_13.2522mm_integral_to_first_strain_above_0.5,,
commercial-tpu-impact-fatigue-2024-v1,doi:10.17632/hc6npzvw3m.1,Elastollan 1164D,BASF,69.0,25.0,1.18,13.0,,commercial_thermoplastic_polyurethane,True,commercial_grade_identity_only,core_tpu_application_experimental,compression_fatigue_and_recovery_supervision,0.6,10.17632/hc6npzvw3m.1|Elastollan 1164D,CC-BY-4.0,reference-186,mendeley_hc6npzvw3m_1164D28_12_31_2023_1352_N10_T55_edot10min2_2,1164D28,on_axis_fatigue_response,on_axis,True,10.0,55.0,2023-12-31,2.0,0.01,8.1,3.3456,13.576,25.789,,,,4806.563,8.177,60.507733333333334,20.147767797750003,1982040.3790846844,,silver_recomputed_only,Elastollan 1164D,False,1164D28_12_31_2023_1352_N10_T55_edot10min2_2,Internship_CSM_XSTRMLAB_Sandor_Habets_2024/Load_frame_measurements/Elastollan1164D/1164D28_12_31_2023_1352_N10_T55_edot10min2_2.xlsx,53d01fb7b9718ae54c467c73d530ee99b1ac70aa86cd3dbe56e164f452f0dd3e,1400,source_MATLAB_fixed_height_13.5mm_fixed_radius_13.2522mm_integral_to_first_strain_above_0.5,,
commercial-tpu-impact-fatigue-2024-v1,doi:10.17632/hc6npzvw3m.1,Elastollan 1164D,BASF,69.0,25.0,1.18,13.0,,commercial_thermoplastic_polyurethane,True,commercial_grade_identity_only,core_tpu_application_experimental,compression_fatigue_and_recovery_supervision,0.6,10.17632/hc6npzvw3m.1|Elastollan 1164D,CC-BY-4.0,reference-186,mendeley_hc6npzvw3m_1164D29_12_31_2023_1455_N10_T55_edot10min2_3,1164D29,on_axis_fatigue_response,on_axis,True,10.0,55.0,2023-12-31,3.0,0.01,8.1,3.3544,13.561,25.511,,,,4800.625,8.996,66.60905185185186,21.573848536950003,1836681.7471013595,,silver_recomputed_only,Elastollan 1164D,False,1164D29_12_31_2023_1455_N10_T55_edot10min2_3,Internship_CSM_XSTRMLAB_Sandor_Habets_2024/Load_frame_measurements/Elastollan1164D/1164D29_12_31_2023_1455_N10_T55_edot10min2_3.xlsx,9be4ee3541005ba7f739d98f97505bac749228c1809f7a3ff88e09d7f76c18b5,1520,source_MATLAB_fixed_height_13.5mm_fixed_radius_13.2522mm_integral_to_first_strain_above_0.5,,
commercial-tpu-impact-fatigue-2024-v1,doi:10.17632/hc6npzvw3m.1,Elastollan 1164D,BASF,69.0,25.0,1.18,13.0,,commercial_thermoplastic_polyurethane,True,commercial_grade_identity_only,core_tpu_application_experimental,compression_fatigue_and_recovery_supervision,0.6,10.17632/hc6npzvw3m.1|Elastollan 1164D,CC-BY-4.0,reference-186,mendeley_hc6npzvw3m_1164D3_11_23_2023_1147_N10_T20_edot10min2_1,1164D3,on_axis_fatigue_response,on_axis,True,10.0,20.0,2023-11-23,1.0,0.01,8.1,3.3384,13.575,25.62,1512653.15,0.36,2051651.97,4800.313,8.462,62.4985851851852,21.649882487624996,2048483.4291452693,0.1544385159404323,gold_source_recomputed_agree,Elastollan 1164D,False,1164D3_11_23_2023_1147_N10_T20_edot10min2_1,Internship_CSM_XSTRMLAB_Sandor_Habets_2024/Load_frame_measurements/Elastollan1164D/1164D3_11_23_2023_1147_N10_T20_edot10min2_1.xlsx,5b7ea05d5a1d8fa77118a038dd8c575fbb4b15510afa5e1f7c92aa71c77abb3f,1442,source_MATLAB_fixed_height_13.5mm_fixed_radius_13.2522mm_integral_to_first_strain_above_0.5,2002805.47,102.43890386418806
commercial-tpu-impact-fatigue-2024-v1,doi:10.17632/hc6npzvw3m.1,Elastollan 1164D,BASF,69.0,25.0,1.18,13.0,,commercial_thermoplastic_polyurethane,True,commercial_grade_identity_only,core_tpu_application_experimental,compression_fatigue_and_recovery_supervision,0.6,10.17632/hc6npzvw3m.1|Elastollan 1164D,CC-BY-4.0,reference-186,mendeley_hc6npzvw3m_1164D30_01_03_2024_1157_N1_Tmin_edot10min2_1,1164D30,on_axis_fatigue_response,on_axis,True,1.0,-20.0,2024-01-03,1.0,0.01,8.1,3.352,13.556,26.231,,,,4803.906,8.553,63.37838518518518,20.426527026425006,1888784.5508778044,,silver_recomputed_only,Elastollan 1164D,False,1164D30_01_03_2024_1157_N1_Tmin_edot10min2_1,Internship_CSM_XSTRMLAB_Sandor_Habets_2024/Load_frame_measurements/Elastollan1164D/1164D30_01_03_2024_1157_N1_Tmin_edot10min2_1.xlsx,7ce5420c0299e845986da560c07c4c6c87b6737fa2736e300c104faff28cc908,1455,source_MATLAB_fixed_height_13.5mm_fixed_radius_13.2522mm_integral_to_first_strain_above_0.5,,
commercial-tpu-impact-fatigue-2024-v1,doi:10.17632/hc6npzvw3m.1,Elastollan 1164D,BASF,69.0,25.0,1.18,13.0,,commercial_thermoplastic_polyurethane,True,commercial_grade_identity_only,core_tpu_application_experimental,compression_fatigue_and_recovery_supervision,0.6,10.17632/hc6npzvw3m.1|Elastollan 1164D,CC-BY-4.0,reference-186,mendeley_hc6npzvw3m_1164D31_01_03_2024_1029_N1_Tmin_edot10min2_2,1164D31,on_axis_fatigue_response,on_axis,True,1.0,-20.0,2024-01-03,2.0,0.01,8.1,3.3469,13.6,26.125,,,,4803.438,8.358,61.67840740740741,20.762005387225003,1991847.2479888836,,silver_recomputed_only,Elastollan 1164D,False,1164D31_01_03_2024_1029_N1_Tmin_edot10min2_2,Internship_CSM_XSTRMLAB_Sandor_Habets_2024/Load_frame_measurements/Elastollan1164D/1164D31_01_03_2024_1029_N1_Tmin_edot10min2_2.xlsx,bcf9576f41f9b27c18bf512d2bb6630954ec46c0d5998c38af76bf6959cfc84b,1427,source_MATLAB_fixed_height_13.5mm_fixed_radius_13.2522mm_integral_to_first_strain_above_0.5,,
commercial-tpu-impact-fatigue-2024-v1,doi:10.17632/hc6npzvw3m.1,Elastollan 1164D,BASF,69.0,25.0,1.18,13.0,,commercial_thermoplastic_polyurethane,True,commercial_grade_identity_only,core_tpu_application_experimental,compression_fatigue_and_recovery_supervision,0.6,10.17632/hc6npzvw3m.1|Elastollan 1164D,CC-BY-4.0,reference-186,mendeley_hc6npzvw3m_1164D32_01_03_2024_1244_N1_Tmin20_edot10min2_3,1164D32,on_axis_fatigue_response,on_axis,True,1.0,-20.0,2024-01-03,3.0,0.01,8.1,3.3513,13.586,25.791,,,,4800.0,8.375,61.97166666666667,20.132068028950002,1919842.8796404381,,silver_recomputed_only,Elastollan 1164D,False,1164D32_01_03_2024_1244_N1_Tmin20_edot10min2_3,Internship_CSM_XSTRMLAB_Sandor_Habets_2024/Load_frame_measurements/Elastollan1164D/1164D32_01_03_2024_1244_N1_Tmin20_edot10min2_3.xlsx,9dcdefd7683bcf8105133057888c739fc8653f433a0dba847254d50552b1dac0,1429,source_MATLAB_fixed_height_13.5mm_fixed_radius_13.2522mm_integral_to_first_strain_above_0.5,,
commercial-tpu-impact-fatigue-2024-v1,doi:10.17632/hc6npzvw3m.1,Elastollan 1164D,BASF,69.0,25.0,1.18,13.0,,commercial_thermoplastic_polyurethane,True,commercial_grade_identity_only,core_tpu_application_experimental,compression_fatigue_and_recovery_supervision,0.6,10.17632/hc6npzvw3m.1|Elastollan 1164D,CC-BY-4.0,reference-186,mendeley_hc6npzvw3m_1164D33_01_03_2024_1605_N10_Tmin20_edot10min2_1,1164D33,on_axis_fatigue_response,on_axis,True,10.0,-20.0,2024-01-03,1.0,0.01,8.1,3.3573,13.593,25.79,,,,4800.938,8.734,64.54666666666668,20.024974148500004,1752364.1386538753,,silver_recomputed_only,Elastollan 1164D,False,1164D33_01_03_2024_1605_N10_Tmin20_edot10min2_1,Internship_CSM_XSTRMLAB_Sandor_Habets_2024/Load_frame_measurements/Elastollan1164D/1164D33_01_03_2024_1605_N10_Tmin20_edot10min2_1.xlsx,896767006f13a4482b7ab794521a97b2b4d4ed978eef268a3d9937da4aba10d8,1482,source_MATLAB_fixed_height_13.5mm_fixed_radius_13.2522mm_integral_to_first_strain_above_0.5,,
commercial-tpu-impact-fatigue-2024-v1,doi:10.17632/hc6npzvw3m.1,Elastollan 1164D,BASF,69.0,25.0,1.18,13.0,,commercial_thermoplastic_polyurethane,True,commercial_grade_identity_only,core_tpu_application_experimental,compression_fatigue_and_recovery_supervision,0.6,10.17632/hc6npzvw3m.1|Elastollan 1164D,CC-BY-4.0,reference-186,mendeley_hc6npzvw3m_1164D34_01_03_2024_1509_N10_Tmin20_edot10min2_2,1164D34,on_axis_fatigue_response,on_axis,True,10.0,-20.0,2024-01-03,2.0,0.01,8.1,3.3525,13.571,26.028,,,,4811.25,8.58,63.30208148148147,19.870939827575004,1797230.41499662,,silver_recomputed_only,Elastollan 1164D,False,1164D34_01_03_2024_1509_N10_Tmin20_edot10min2_2,Internship_CSM_XSTRMLAB_Sandor_Habets_2024/Load_frame_measurements/Elastollan1164D/1164D34_01_03_2024_1509_N10_Tmin20_edot10min2_2.xlsx,4753bf07a35577dd28001c9d31f2819697703251c796f61abbb70288471b2e50,1459,source_MATLAB_fixed_height_13.5mm_fixed_radius_13.2522mm_integral_to_first_strain_above_0.5,,
commercial-tpu-impact-fatigue-2024-v1,doi:10.17632/hc6npzvw3m.1,Elastollan 1164D,BASF,69.0,25.0,1.18,13.0,,commercial_thermoplastic_polyurethane,True,commercial_grade_identity_only,core_tpu_application_experimental,compression_fatigue_and_recovery_supervision,0.6,10.17632/hc6npzvw3m.1|Elastollan 1164D,CC-BY-4.0,reference-186,mendeley_hc6npzvw3m_1164D35_01_03_2024_1401_N10_Tmin20_edot10min2_3,1164D35,on_axis_fatigue_response,on_axis,True,10.0,-20.0,2024-01-03,3.0,0.01,8.1,3.3486,13.576,25.7,,,,4803.281,8.77,64.67303703703703,20.227424097525,1794687.5462240393,,silver_recomputed_only,Elastollan 1164D,False,1164D35_01_03_2024_1401_N10_Tmin20_edot10min2_3,Internship_CSM_XSTRMLAB_Sandor_Habets_2024/Load_frame_measurements/Elastollan1164D/1164D35_01_03_2024_1401_N10_Tmin20_edot10min2_3.xlsx,7b5b36884422976a730cd57fe48969d98beb1ffa189e8721a64473128d5a51b0,1487,source_MATLAB_fixed_height_13.5mm_fixed_radius_13.2522mm_integral_to_first_strain_above_0.5,,
commercial-tpu-impact-fatigue-2024-v1,doi:10.17632/hc6npzvw3m.1,Elastollan 1164D,BASF,69.0,25.0,1.18,13.0,,commercial_thermoplastic_polyurethane,True,commercial_grade_identity_only,core_tpu_application_experimental,compression_fatigue_and_recovery_supervision,0.6,10.17632/hc6npzvw3m.1|Elastollan 1164D,CC-BY-4.0,reference-186,mendeley_hc6npzvw3m_1164D4_11_23_2023_1412_N100_T20_edot10min2_1,1164D4,on_axis_fatigue_response,on_axis,True,100.0,20.0,2023-11-23,1.0,0.01,8.1,3.3477,13.61,25.55,1448287.96,0.36,1962426.16,4805.625,8.62,63.56434814814814,21.158122519224996,1959294.184096817,0.15959713374300866,gold_source_recomputed_agree,Elastollan 1164D,False,1164D4_11_23_2023_1412_N100_T20_edot10min2_1,Internship_CSM_XSTRMLAB_Sandor_Habets_2024/Load_frame_measurements/Elastollan1164D/1164D4_11_23_2023_1412_N100_T20_edot10min2_1.xlsx,a69f3f5e14609955b8fb3b071afd9f221e387aaefe19b3628ff0ff0fd2f5d095,1465,source_MATLAB_fixed_height_13.5mm_fixed_radius_13.2522mm_integral_to_first_strain_above_0.5,2002805.47,97.9838626064867
commercial-tpu-impact-fatigue-2024-v1,doi:10.17632/hc6npzvw3m.1,Elastollan 1164D,BASF,69.0,25.0,1.18,13.0,,commercial_thermoplastic_polyurethane,True,commercial_grade_identity_only,core_tpu_application_experimental,compression_fatigue_and_recovery_supervision,0.6,10.17632/hc6npzvw3m.1|Elastollan 1164D,CC-BY-4.0,reference-186,mendeley_hc6npzvw3m_1164D5_11_30_2023_0956_N0_T20_edot10min2_2,1164D5,on_axis_fatigue_response,on_axis,True,0.0,20.0,2023-11-30,2.0,0.01,8.1,3.3521,13.616,25.712,,,,35054.69,11.008,78.12740740740742,60.28214988699995,2182311.018969055,,silver_recomputed_only,Elastollan 1164D,False,1164D5_11_30_2023_0956_N0_T20_edot10min2_2,Internship_CSM_XSTRMLAB_Sandor_Habets_2024/Load_frame_measurements/Elastollan1164D/1164D5_11_30_2023_0956_N0_T20_edot10min2_2.xlsx,ddfe2eb5698f264d8264084c11fb04468a5564db9838c5c97d210594d3039dd6,1980,source_MATLAB_fixed_height_13.5mm_fixed_radius_13.2522mm_integral_to_first_strain_above_0.5,2002805.47,
commercial-tpu-impact-fatigue-2024-v1,doi:10.17632/hc6npzvw3m.1,Elastollan 1164D,BASF,69.0,25.0,1.18,13.0,,commercial_thermoplastic_polyurethane,True,commercial_grade_identity_only,core_tpu_application_experimental,compression_fatigue_and_recovery_supervision,0.6,10.17632/hc6npzvw3m.1|Elastollan 1164D,CC-BY-4.0,reference-186,mendeley_hc6npzvw3m_1164D6_11_30_2023_1003_N0_T20_edot10min2_3,1164D6,on_axis_fatigue_response,on_axis,True,0.0,20.0,2023-11-30,3.0,0.01,8.1,3.3525,13.611,25.884,,,,35284.38,11.007,78.12740740740742,60.18912573849998,2188580.732632411,,silver_recomputed_only,Elastollan 1164D,False,1164D6_11_30_2023_1003_N0_T20_edot10min2_3,Internship_CSM_XSTRMLAB_Sandor_Habets_2024/Load_frame_measurements/Elastollan1164D/1164D6_11_30_2023_1003_N0_T20_edot10min2_3.xlsx,f4959fa1616bf4b20ce39838b18fa822b634754a2980bf7007a83479b5e1c720,1980,source_MATLAB_fixed_height_13.5mm_fixed_radius_13.2522mm_integral_to_first_strain_above_0.5,2002805.47,
commercial-tpu-impact-fatigue-2024-v1,doi:10.17632/hc6npzvw3m.1,Elastollan 1164D,BASF,69.0,25.0,1.18,13.0,,commercial_thermoplastic_polyurethane,True,commercial_grade_identity_only,core_tpu_application_experimental,compression_fatigue_and_recovery_supervision,0.6,10.17632/hc6npzvw3m.1|Elastollan 1164D,CC-BY-4.0,reference-186,mendeley_hc6npzvw3m_1164D7_11_30_2023_1444_N0_T20_edot10min2_4,1164D7,on_axis_fatigue_response,on_axis,True,0.0,20.0,2023-11-30,4.0,0.01,8.1,3.347,13.525,26.075,1596380.66,0.38,2039478.31,4813.125,8.45,62.53673333333333,21.021007654824995,2038643.8547019216,0.04091513471788181,gold_source_recomputed_agree,Elastollan 1164D,False,1164D7_11_30_2023_1444_N0_T20_edot10min2_4,Internship_CSM_XSTRMLAB_Sandor_Habets_2024/Load_frame_measurements/Elastollan1164D/1164D7_11_30_2023_1444_N0_T20_edot10min2_4.xlsx,fea1c5dce9974121c126a07d5d889864753dad4952bc06d53ca699a26f171d23,1440,source_MATLAB_fixed_height_13.5mm_fixed_radius_13.2522mm_integral_to_first_strain_above_0.5,2002805.47,101.83107348912922
commercial-tpu-impact-fatigue-2024-v1,doi:10.17632/hc6npzvw3m.1,Elastollan 1164D,BASF,69.0,25.0,1.18,13.0,,commercial_thermoplastic_polyurethane,True,commercial_grade_identity_only,core_tpu_application_experimental,compression_fatigue_and_recovery_supervision,0.6,10.17632/hc6npzvw3m.1|Elastollan 1164D,CC-BY-4.0,reference-186,mendeley_hc6npzvw3m_1164D8_11_30_2023_1448_N0_T20_edot10min2_5,1164D8,on_axis_fatigue_response,on_axis,True,0.0,20.0,2023-11-30,5.0,0.01,8.1,3.3696,13.52,25.867,1520968.62,0.39,1902243.58,4807.344,9.16,67.72727407407407,22.461211655925,1900590.169693191,0.08691895844427054,gold_source_recomputed_agree,Elastollan 1164D,False,1164D8_11_30_2023_1448_N0_T20_edot10min2_5,Internship_CSM_XSTRMLAB_Sandor_Habets_2024/Load_frame_measurements/Elastollan1164D/1164D8_11_30_2023_1448_N0_T20_edot10min2_5.xlsx,28d9aa79baabb60d59209450e41fe1c77a7c700f47b254aed052101320d70c2e,1544,source_MATLAB_fixed_height_13.5mm_fixed_radius_13.2522mm_integral_to_first_strain_above_0.5,2002805.47,94.97894870438915
commercial-tpu-impact-fatigue-2024-v1,doi:10.17632/hc6npzvw3m.1,Elastollan 1164D,BASF,69.0,25.0,1.18,13.0,,commercial_thermoplastic_polyurethane,True,commercial_grade_identity_only,core_tpu_application_experimental,compression_fatigue_and_recovery_supervision,0.6,10.17632/hc6npzvw3m.1|Elastollan 1164D,CC-BY-4.0,reference-186,mendeley_hc6npzvw3m_1164D9_12_01_2023_1107_N1_T20_edot10min2_2,1164D9,on_axis_fatigue_response,on_axis,True,1.0,20.0,2023-12-01,2.0,0.01,8.1,3.3523,13.616,25.718,1762562.39,0.36,2399309.33,4806.875,7.826,57.937503703703705,22.004747470875,2394068.0589870773,0.21844915732156756,gold_source_recomputed_agree,Elastollan 1164D,False,1164D9_12_01_2023_1107_N1_T20_edot10min2_2,Internship_CSM_XSTRMLAB_Sandor_Habets_2024/Load_frame_measurements/Elastollan1164D/1164D9_12_01_2023_1107_N1_T20_edot10min2_2.xlsx,06078a367dde5159fc1a2e064a08eb2608181d3ec021f0fb94f0988ecb0a8fb9,1349,source_MATLAB_fixed_height_13.5mm_fixed_radius_13.2522mm_integral_to_first_strain_above_0.5,2002805.47,119.79742246260193
commercial-tpu-impact-fatigue-2024-v1,doi:10.17632/hc6npzvw3m.1,Elastollan 1174D,BASF,75.0,30.0,1.2,6.0,,commercial_thermoplastic_polyurethane,True,commercial_grade_identity_only,core_tpu_application_experimental,compression_fatigue_and_recovery_supervision,0.6,10.17632/hc6npzvw3m.1|Elastollan 1174D,CC-BY-4.0,reference-186,mendeley_hc6npzvw3m_1174D10_11_29_2023_1508_N10_T20_edot10min2_2,1174D10,on_axis_fatigue_response,on_axis,True,10.0,20.0,2023-11-29,2.0,0.01,8.1,3.4546,13.714,26.027,2020172.72,0.25,3915387.34,33695.31,11.007,78.12740740740742,79.97474898574998,3893560.1149665113,0.5574729429831734,silver_source_recomputed_within_1_5pct,Elastollan 1174D,False,1174D10_11_29_2023_1508_N10_T20_edot10min2_2,Internship_CSM_XSTRMLAB_Sandor_Habets_2024/Load_frame_measurements/Elastollan1174D/1174D10_11_29_2023_1508_N10_T20_edot10min2_2.xlsx,b08e9b7609cb62a3c302c21c60c09a4be57de906ce40e98b0711f56295939297,1980,source_MATLAB_fixed_height_13.5mm_fixed_radius_13.2522mm_integral_to_first_strain_above_0.5,4045636.736666667,96.78049698614356
commercial-tpu-impact-fatigue-2024-v1,doi:10.17632/hc6npzvw3m.1,Elastollan 1174D,BASF,75.0,30.0,1.2,6.0,,commercial_thermoplastic_polyurethane,True,commercial_grade_identity_only,core_tpu_application_experimental,compression_fatigue_and_recovery_supervision,0.6,10.17632/hc6npzvw3m.1|Elastollan 1174D,CC-BY-4.0,reference-186,mendeley_hc6npzvw3m_1174D11_11_29_2023_1518_N10_T20_edot10min2_3,1174D11,on_axis_fatigue_response,on_axis,True,10.0,20.0,2023-11-29,3.0,0.01,8.1,3.4533,13.63,26.326,2243150.7,0.29,3902042.63,35331.25,11.007,78.12740740740742,83.53116760724998,3893250.293918245,0.22532649987360293,gold_source_recomputed_agree,Elastollan 1174D,False,1174D11_11_29_2023_1518_N10_T20_edot10min2_3,Internship_CSM_XSTRMLAB_Sandor_Habets_2024/Load_frame_measurements/Elastollan1174D/1174D11_11_29_2023_1518_N10_T20_edot10min2_3.xlsx,fe07ab5b197ddf4909616cc2568a7e84a6b62f378833ec9d6ab2e57d3e6cad73,1980,source_MATLAB_fixed_height_13.5mm_fixed_radius_13.2522mm_integral_to_first_strain_above_0.5,4045636.736666667,96.45064260552027
commercial-tpu-impact-fatigue-2024-v1,doi:10.17632/hc6npzvw3m.1,Elastollan 1174D,BASF,75.0,30.0,1.2,6.0,,commercial_thermoplastic_polyurethane,True,commercial_grade_identity_only,core_tpu_application_experimental,compression_fatigue_and_recovery_supervision,0.6,10.17632/hc6npzvw3m.1|Elastollan 1174D,CC-BY-4.0,reference-186,mendeley_hc6npzvw3m_1174D12_11_29_2023_1605_N100_T20_edot10min2_1,1174D12,on_axis_fatigue_response,on_axis,True,100.0,20.0,2023-11-29,1.0,0.01,8.1,3.4639,13.699,26.294,2158270.87,0.27,3985301.43,29426.56,11.007,78.12740740740742,78.22810548249998,3964504.8224061625,0.5218327386051113,silver_source_recomputed_within_1_5pct,Elastollan 1174D,False,1174D12_11_29_2023_1605_N100_T20_edot10min2_1,Internship_CSM_XSTRMLAB_Sandor_Habets_2024/Load_frame_measurements/Elastollan1174D/1174D12_11_29_2023_1605_N100_T20_edot10min2_1.xlsx,75acde29c397e2e5c072dd1618df8f5c9888e9048f717d557e72e64ad3f42ac9,1980,source_MATLAB_fixed_height_13.5mm_fixed_radius_13.2522mm_integral_to_first_strain_above_0.5,4045636.736666667,98.5086326184496
commercial-tpu-impact-fatigue-2024-v1,doi:10.17632/hc6npzvw3m.1,Elastollan 1174D,BASF,75.0,30.0,1.2,6.0,,commercial_thermoplastic_polyurethane,True,commercial_grade_identity_only,core_tpu_application_experimental,compression_fatigue_and_recovery_supervision,0.6,10.17632/hc6npzvw3m.1|Elastollan 1174D,CC-BY-4.0,reference-186,mendeley_hc6npzvw3m_1174D13_11_29_2023_1633_N100_T20_edot10min2_2,1174D13,on_axis_fatigue_response,on_axis,True,100.0,20.0,2023-11-29,2.0,0.01,8.1,3.4611,13.729,26.286,2099171.13,0.27,3917236.58,37851.56,11.007,78.12740740740742,90.22130287474998,3890456.0368068437,0.68365907052661,silver_source_recomputed_within_1_5pct,Elastollan 1174D,False,1174D13_11_29_2023_1633_N100_T20_edot10min2_2,Internship_CSM_XSTRMLAB_Sandor_Habets_2024/Load_frame_measurements/Elastollan1174D/1174D13_11_29_2023_1633_N100_T20_edot10min2_2.xlsx,b08af41a9b464f49508fd3bd6e41f2e7bd0c7ea4cebc836b97f869517fe54655,1980,source_MATLAB_fixed_height_13.5mm_fixed_radius_13.2522mm_integral_to_first_strain_above_0.5,4045636.736666667,96.8262064781313
commercial-tpu-impact-fatigue-2024-v1,doi:10.17632/hc6npzvw3m.1,Elastollan 1174D,BASF,75.0,30.0,1.2,6.0,,commercial_thermoplastic_polyurethane,True,commercial_grade_identity_only,core_tpu_application_experimental,compression_fatigue_and_recovery_supervision,0.6,10.17632/hc6npzvw3m.1|Elastollan 1174D,CC-BY-4.0,reference-186,mendeley_hc6npzvw3m_1174D14_11_29_2023_1656_N100_T20_edot10min2_3,1174D14,on_axis_fatigue_response,on_axis,True,100.0,20.0,2023-11-29,3.0,0.01,8.1,3.4569,13.792,25.974,2028466.87,0.26,3895623.93,39045.31,11.007,78.12740740740742,91.80051941349998,3854996.482893963,1.0428996185480688,silver_source_recomputed_within_1_5pct,Elastollan 1174D,False,1174D14_11_29_2023_1656_N100_T20_edot10min2_3,Internship_CSM_XSTRMLAB_Sandor_Habets_2024/Load_frame_measurements/Elastollan1174D/1174D14_11_29_2023_1656_N100_T20_edot10min2_3.xlsx,d1a6d63cd8dce26b32beb3c1b8ad366a9e022312442c5bd185daf472a5f3a29c,1980,source_MATLAB_fixed_height_13.5mm_fixed_radius_13.2522mm_integral_to_first_strain_above_0.5,4045636.736666667,96.29198525643537
commercial-tpu-impact-fatigue-2024-v1,doi:10.17632/hc6npzvw3m.1,Elastollan 1174D,BASF,75.0,30.0,1.2,6.0,,commercial_thermoplastic_polyurethane,True,commercial_grade_identity_only,core_tpu_application_experimental,compression_fatigue_and_recovery_supervision,0.6,10.17632/hc6npzvw3m.1|Elastollan 1174D,CC-BY-4.0,reference-186,mendeley_hc6npzvw3m_1174D15_12_21_2023_1532_N0_T55_edot10min2_1,1174D15,on_axis_fatigue_response,on_axis,True,0.0,55.0,2023-12-21,1.0,0.01,8.1,3.6421,13.709,26.178,,,,4819.531,10.068,73.23728888888888,14.438486990749995,944045.1667870934,,silver_recomputed_only,Elastollan 1174D,False,1174D15_12_21_2023_1532_N0_T55_edot10min2_1,Internship_CSM_XSTRMLAB_Sandor_Habets_2024/Load_frame_measurements/Elastollan1174D/1174D15_12_21_2023_1532_N0_T55_edot10min2_1.xlsx,281ed8b576dc057e44985143ee7a767651378686ea4da59e9c9861c0a50b1e9d,1677,source_MATLAB_fixed_height_13.5mm_fixed_radius_13.2522mm_integral_to_first_strain_above_0.5,,
commercial-tpu-impact-fatigue-2024-v1,doi:10.17632/hc6npzvw3m.1,Elastollan 1174D,BASF,75.0,30.0,1.2,6.0,,commercial_thermoplastic_polyurethane,True,commercial_grade_identity_only,core_tpu_application_experimental,compression_fatigue_and_recovery_supervision,0.6,10.17632/hc6npzvw3m.1|Elastollan 1174D,CC-BY-4.0,reference-186,mendeley_hc6npzvw3m_1174D16_12_21_2023_1536_N0_T55_edot10min2_2,1174D16,on_axis_fatigue_response,on_axis,True,0.0,55.0,2023-12-21,2.0,0.01,8.1,3.4671,13.621,26.011,,,,4809.531,10.109,73.80951851851853,15.004394996225,978015.9136849504,,silver_recomputed_only,Elastollan 1174D,False,1174D16_12_21_2023_1536_N0_T55_edot10min2_2,Internship_CSM_XSTRMLAB_Sandor_Habets_2024/Load_frame_measurements/Elastollan1174D/1174D16_12_21_2023_1536_N0_T55_edot10min2_2.xlsx,65f086efdfe306f312f5d44b1472f6081ccbf74409274dc405559666c06c5abb,1683,source_MATLAB_fixed_height_13.5mm_fixed_radius_13.2522mm_integral_to_first_strain_above_0.5,,
commercial-tpu-impact-fatigue-2024-v1,doi:10.17632/hc6npzvw3m.1,Elastollan 1174D,BASF,75.0,30.0,1.2,6.0,,commercial_thermoplastic_polyurethane,True,commercial_grade_identity_only,core_tpu_application_experimental,compression_fatigue_and_recovery_supervision,0.6,10.17632/hc6npzvw3m.1|Elastollan 1174D,CC-BY-4.0,reference-186,mendeley_hc6npzvw3m_1174D17_12_21_2023_1540_N0_T55_edot10min2_3,1174D17,on_axis_fatigue_response,on_axis,True,0.0,55.0,2023-12-21,3.0,0.01,8.1,3.4618,13.656,26.242,,,,4812.031,10.348,75.5834074074074,14.685826375625007,940364.7563778856,,silver_recomputed_only,Elastollan 1174D,False,1174D17_12_21_2023_1540_N0_T55_edot10min2_3,Internship_CSM_XSTRMLAB_Sandor_Habets_2024/Load_frame_measurements/Elastollan1174D/1174D17_12_21_2023_1540_N0_T55_edot10min2_3.xlsx,381b1cfcc97468402191c0e644640148d47705409bc33ad126694b41e7cb1cb3,1718,source_MATLAB_fixed_height_13.5mm_fixed_radius_13.2522mm_integral_to_first_strain_above_0.5,,
commercial-tpu-impact-fatigue-2024-v1,doi:10.17632/hc6npzvw3m.1,Elastollan 1174D,BASF,75.0,30.0,1.2,6.0,,commercial_thermoplastic_polyurethane,True,commercial_grade_identity_only,core_tpu_application_experimental,compression_fatigue_and_recovery_supervision,0.6,10.17632/hc6npzvw3m.1|Elastollan 1174D,CC-BY-4.0,reference-186,mendeley_hc6npzvw3m_1174D18_12_21_2023_1614_N1_T55_edot10min2_1,1174D18,on_axis_fatigue_response,on_axis,True,1.0,55.0,2023-12-21,1.0,0.01,8.1,3.4655,13.621,26.075,,,,4804.375,10.056,72.99648888888889,15.441130722274995,1054150.7990834517,,silver_recomputed_only,Elastollan 1174D,False,1174D18_12_21_2023_1614_N1_T55_edot10min2_1,Internship_CSM_XSTRMLAB_Sandor_Habets_2024/Load_frame_measurements/Elastollan1174D/1174D18_12_21_2023_1614_N1_T55_edot10min2_1.xlsx,c02ae2e3125f7049a1a38cb3c4db761ba0d5d6469485b55748adbb551150cbe3,1675,source_MATLAB_fixed_height_13.5mm_fixed_radius_13.2522mm_integral_to_first_strain_above_0.5,,
commercial-tpu-impact-fatigue-2024-v1,doi:10.17632/hc6npzvw3m.1,Elastollan 1174D,BASF,75.0,30.0,1.2,6.0,,commercial_thermoplastic_polyurethane,True,commercial_grade_identity_only,core_tpu_application_experimental,compression_fatigue_and_recovery_supervision,0.6,10.17632/hc6npzvw3m.1|Elastollan 1174D,CC-BY-4.0,reference-186,mendeley_hc6npzvw3m_1174D19_12_21_2023_1618_N1_T55_edot10min2_2,1174D19,on_axis_fatigue_response,on_axis,True,1.0,55.0,2023-12-21,2.0,0.01,8.1,3.4636,13.629,26.003,,,,4823.438,9.822,71.60884444444444,14.429812481874997,1035329.3297744888,,silver_recomputed_only,Elastollan 1174D,False,1174D19_12_21_2023_1618_N1_T55_edot10min2_2,Internship_CSM_XSTRMLAB_Sandor_Habets_2024/Load_frame_measurements/Elastollan1174D/1174D19_12_21_2023_1618_N1_T55_edot10min2_2.xlsx,686893bbdb60089056fdc7e69a00855f6fd3ee6d0769a58509ac704c62d94fcb,1641,source_MATLAB_fixed_height_13.5mm_fixed_radius_13.2522mm_integral_to_first_strain_above_0.5,,
commercial-tpu-impact-fatigue-2024-v1,doi:10.17632/hc6npzvw3m.1,Elastollan 1174D,BASF,75.0,30.0,1.2,6.0,,commercial_thermoplastic_polyurethane,True,commercial_grade_identity_only,core_tpu_application_experimental,compression_fatigue_and_recovery_supervision,0.6,10.17632/hc6npzvw3m.1|Elastollan 1174D,CC-BY-4.0,reference-186,mendeley_hc6npzvw3m_1174D20_12_21_2023_1625_N1_T55_edot10min2_3,1174D20,on_axis_fatigue_response,on_axis,True,1.0,55.0,2023-12-21,3.0,0.01,8.1,3.4533,13.638,26.19,,,,4803.125,9.938,72.10477037037037,14.632282169400003,999328.7819538434,,silver_recomputed_only,Elastollan 1174D,False,1174D20_12_21_2023_1625_N1_T55_edot10min2_3,Internship_CSM_XSTRMLAB_Sandor_Habets_2024/Load_frame_measurements/Elastollan1174D/1174D20_12_21_2023_1625_N1_T55_edot10min2_3.xlsx,e7c2be2ac2d7f36cb6d72b23d92eb916e73c6f5e7db59f3d6d3348889066e6ea,1658,source_MATLAB_fixed_height_13.5mm_fixed_radius_13.2522mm_integral_to_first_strain_above_0.5,,
commercial-tpu-impact-fatigue-2024-v1,doi:10.17632/hc6npzvw3m.1,Elastollan 1174D,BASF,75.0,30.0,1.2,6.0,,commercial_thermoplastic_polyurethane,True,commercial_grade_identity_only,core_tpu_application_experimental,compression_fatigue_and_recovery_supervision,0.6,10.17632/hc6npzvw3m.1|Elastollan 1174D,CC-BY-4.0,reference-186,mendeley_hc6npzvw3m_1174D21_12_21_2023_1702_N10_T55_edot10min2_1,1174D21,on_axis_fatigue_response,on_axis,True,10.0,55.0,2023-12-21,1.0,0.01,8.1,3.4676,13.627,26.391,,,,4800.781,10.013,73.02986666666666,14.571503321174998,1071967.5744272121,,silver_recomputed_only,Elastollan 1174D,False,1174D21_12_21_2023_1702_N10_T55_edot10min2_1,Internship_CSM_XSTRMLAB_Sandor_Habets_2024/Load_frame_measurements/Elastollan1174D/1174D21_12_21_2023_1702_N10_T55_edot10min2_1.xlsx,d11e9129b242fc8a0d9f0eaab758cd3cd58b55e958e11eff7785830799e20ff3,1669,source_MATLAB_fixed_height_13.5mm_fixed_radius_13.2522mm_integral_to_first_strain_above_0.5,,
commercial-tpu-impact-fatigue-2024-v1,doi:10.17632/hc6npzvw3m.1,Elastollan 1174D,BASF,75.0,30.0,1.2,6.0,,commercial_thermoplastic_polyurethane,True,commercial_grade_identity_only,core_tpu_application_experimental,compression_fatigue_and_recovery_supervision,0.6,10.17632/hc6npzvw3m.1|Elastollan 1174D,CC-BY-4.0,reference-186,mendeley_hc6npzvw3m_1174D22_12_21_2023_1708_N10_T55_edot10min2_2,1174D22,on_axis_fatigue_response,on_axis,True,10.0,55.0,2023-12-21,2.0,0.01,8.1,3.4651,13.64,26.628,,,,4810.156,10.267,74.27207407407408,14.68822351435,1024367.6507288911,,silver_recomputed_only,Elastollan 1174D,False,1174D22_12_21_2023_1708_N10_T55_edot10min2_2,Internship_CSM_XSTRMLAB_Sandor_Habets_2024/Load_frame_measurements/Elastollan1174D/1174D22_12_21_2023_1708_N10_T55_edot10min2_2.xlsx,3362810d174e19849311dcbbce7ada7a1c2c394524385017cc59a1fa4710429a,1706,source_MATLAB_fixed_height_13.5mm_fixed_radius_13.2522mm_integral_to_first_strain_above_0.5,,
commercial-tpu-impact-fatigue-2024-v1,doi:10.17632/hc6npzvw3m.1,Elastollan 1174D,BASF,75.0,30.0,1.2,6.0,,commercial_thermoplastic_polyurethane,True,commercial_grade_identity_only,core_tpu_application_experimental,compression_fatigue_and_recovery_supervision,0.6,10.17632/hc6npzvw3m.1|Elastollan 1174D,CC-BY-4.0,reference-186,mendeley_hc6npzvw3m_1174D23_12_21_2023_1716_N10_T55_edot10min2_3,1174D23,on_axis_fatigue_response,on_axis,True,10.0,55.0,2023-12-21,3.0,0.01,8.1,3.491,13.673,26.167,,,,4815.156,10.341,75.21385185185184,15.950982316174997,1058071.8744845232,,silver_recomputed_only,Elastollan 1174D,False,1174D23_12_21_2023_1716_N10_T55_edot10min2_3,Internship_CSM_XSTRMLAB_Sandor_Habets_2024/Load_frame_measurements/Elastollan1174D/1174D23_12_21_2023_1716_N10_T55_edot10min2_3.xlsx,6ee76493271c98bc56f42dfb8f29ef0a2a3e7781c67281fb52c2f1835559c8e6,1717,source_MATLAB_fixed_height_13.5mm_fixed_radius_13.2522mm_integral_to_first_strain_above_0.5,,
commercial-tpu-impact-fatigue-2024-v1,doi:10.17632/hc6npzvw3m.1,Elastollan 1174D,BASF,75.0,30.0,1.2,6.0,,commercial_thermoplastic_polyurethane,True,commercial_grade_identity_only,core_tpu_application_experimental,compression_fatigue_and_recovery_supervision,0.6,10.17632/hc6npzvw3m.1|Elastollan 1174D,CC-BY-4.0,reference-186,mendeley_hc6npzvw3m_1174D24_12_28_2023_1223_N1_Tmin20_edot10min2_1,1174D24,on_axis_fatigue_response,on_axis,True,1.0,-20.0,2023-12-28,1.0,0.01,8.1,3.4568,13.643,26.097,,,,37006.25,11.016,78.12740740740742,90.754206102,4178723.623792401,,silver_recomputed_only,Elastollan 1174D,False,1174D24_12_28_2023_1223_N1_Tmin20_edot10min2_1,Internship_CSM_XSTRMLAB_Sandor_Habets_2024/Load_frame_measurements/Elastollan1174D/1174D24_12_28_2023_1223_N1_Tmin20_edot10min2_1.xlsx,1bd393f80e1557511768ad3c27dc65eddfb50a9147db9cf406a900bc691bacb4,1981,source_MATLAB_fixed_height_13.5mm_fixed_radius_13.2522mm_integral_to_first_strain_above_0.5,,
commercial-tpu-impact-fatigue-2024-v1,doi:10.17632/hc6npzvw3m.1,Elastollan 1174D,BASF,75.0,30.0,1.2,6.0,,commercial_thermoplastic_polyurethane,True,commercial_grade_identity_only,core_tpu_application_experimental,compression_fatigue_and_recovery_supervision,0.6,10.17632/hc6npzvw3m.1|Elastollan 1174D,CC-BY-4.0,reference-186,mendeley_hc6npzvw3m_1174D25_12_28_2023_1233_N1_Tmin20_edot10min2_2,1174D25,on_axis_fatigue_response,on_axis,True,1.0,-20.0,2023-12-28,2.0,0.01,8.1,3.4652,13.685,26.253,,,,29381.25,11.008,78.12740740740742,83.02017636949996,4250269.481103396,,silver_recomputed_only,Elastollan 1174D,False,1174D25_12_28_2023_1233_N1_Tmin20_edot10min2_2,Internship_CSM_XSTRMLAB_Sandor_Habets_2024/Load_frame_measurements/Elastollan1174D/1174D25_12_28_2023_1233_N1_Tmin20_edot10min2_2.xlsx,ec8e0686cdd5f5627cff10d6115b82ed814ea3b11768da0c972534a06419ec72,1980,source_MATLAB_fixed_height_13.5mm_fixed_radius_13.2522mm_integral_to_first_strain_above_0.5,,
commercial-tpu-impact-fatigue-2024-v1,doi:10.17632/hc6npzvw3m.1,Elastollan 1174D,BASF,75.0,30.0,1.2,6.0,,commercial_thermoplastic_polyurethane,True,commercial_grade_identity_only,core_tpu_application_experimental,compression_fatigue_and_recovery_supervision,0.6,10.17632/hc6npzvw3m.1|Elastollan 1174D,CC-BY-4.0,reference-186,mendeley_hc6npzvw3m_1174D26_12_28_2023_1239_N1_Tmin20_edot10min2_3,1174D26,on_axis_fatigue_response,on_axis,True,1.0,-20.0,2023-12-28,3.0,0.01,8.1,3.4657,13.663,26.405,,,,31117.19,11.016,78.12740740740742,82.14800330349999,4131128.5268489546,,silver_recomputed_only,Elastollan 1174D,False,1174D26_12_28_2023_1239_N1_Tmin20_edot10min2_3,Internship_CSM_XSTRMLAB_Sandor_Habets_2024/Load_frame_measurements/Elastollan1174D/1174D26_12_28_2023_1239_N1_Tmin20_edot10min2_3.xlsx,b7d266e6a649fbd7b9adc245049072a98e15cfc1d6d6a61f4c813eda5aa72c68,1980,source_MATLAB_fixed_height_13.5mm_fixed_radius_13.2522mm_integral_to_first_strain_above_0.5,,
commercial-tpu-impact-fatigue-2024-v1,doi:10.17632/hc6npzvw3m.1,Elastollan 1174D,BASF,75.0,30.0,1.2,6.0,,commercial_thermoplastic_polyurethane,True,commercial_grade_identity_only,core_tpu_application_experimental,compression_fatigue_and_recovery_supervision,0.6,10.17632/hc6npzvw3m.1|Elastollan 1174D,CC-BY-4.0,reference-186,mendeley_hc6npzvw3m_1174D27_12_28_2023_1303_N10_Tmin20_edot10min2_1,1174D27,on_axis_fatigue_response,on_axis,True,10.0,-20.0,2023-12-28,1.0,0.01,8.1,3.4681,13.695,25.921,,,,32050.0,11.008,78.12740740740742,79.96572030599997,3848262.168283731,,silver_recomputed_only,Elastollan 1174D,False,1174D27_12_28_2023_1303_N10_Tmin20_edot10min2_1,Internship_CSM_XSTRMLAB_Sandor_Habets_2024/Load_frame_measurements/Elastollan1174D/1174D27_12_28_2023_1303_N10_Tmin20_edot10min2_1.xlsx,47ebbc7c184cf384a99bb9d95a9756c756f02d1d03ef4ce0e384b9b2d61789fc,1980,source_MATLAB_fixed_height_13.5mm_fixed_radius_13.2522mm_integral_to_first_strain_above_0.5,,
commercial-tpu-impact-fatigue-2024-v1,doi:10.17632/hc6npzvw3m.1,Elastollan 1174D,BASF,75.0,30.0,1.2,6.0,,commercial_thermoplastic_polyurethane,True,commercial_grade_identity_only,core_tpu_application_experimental,compression_fatigue_and_recovery_supervision,0.6,10.17632/hc6npzvw3m.1|Elastollan 1174D,CC-BY-4.0,reference-186,mendeley_hc6npzvw3m_1174D28_12_28_2023_1311_N10_Tmin20_edot10min2_2,1174D28,on_axis_fatigue_response,on_axis,True,10.0,-20.0,2023-12-28,2.0,0.01,8.1,3.4628,13.614,26.298,,,,30164.06,11.017,78.12740740740742,81.96286913274997,4118671.127015799,,silver_recomputed_only,Elastollan 1174D,False,1174D28_12_28_2023_1311_N10_Tmin20_edot10min2_2,Internship_CSM_XSTRMLAB_Sandor_Habets_2024/Load_frame_measurements/Elastollan1174D/1174D28_12_28_2023_1311_N10_Tmin20_edot10min2_2.xlsx,e99b80b45f3ad69eb4d3598b5733c72411dd490ab554c0e68c80cf85bed66c2c,1980,source_MATLAB_fixed_height_13.5mm_fixed_radius_13.2522mm_integral_to_first_strain_above_0.5,,
commercial-tpu-impact-fatigue-2024-v1,doi:10.17632/hc6npzvw3m.1,Elastollan 1174D,BASF,75.0,30.0,1.2,6.0,,commercial_thermoplastic_polyurethane,True,commercial_grade_identity_only,core_tpu_application_experimental,compression_fatigue_and_recovery_supervision,0.6,10.17632/hc6npzvw3m.1|Elastollan 1174D,CC-BY-4.0,reference-186,mendeley_hc6npzvw3m_1174D29_12_28_2023_1319_N10_Tmin20_edot10min2_3,1174D29,on_axis_fatigue_response,on_axis,True,10.0,-20.0,2023-12-28,3.0,0.01,8.1,3.467,13.68,26.099,,,,31059.38,11.008,78.12740740740742,85.18515863074995,4385073.769147664,,silver_recomputed_only,Elastollan 1174D,False,1174D29_12_28_2023_1319_N10_Tmin20_edot10min2_3,Internship_CSM_XSTRMLAB_Sandor_Habets_2024/Load_frame_measurements/Elastollan1174D/1174D29_12_28_2023_1319_N10_Tmin20_edot10min2_3.xlsx,6ffacf2b98c76a5bc36ecaa5901eaace4257be7bc92609b8160cb9484939e340,1980,source_MATLAB_fixed_height_13.5mm_fixed_radius_13.2522mm_integral_to_first_strain_above_0.5,,
commercial-tpu-impact-fatigue-2024-v1,doi:10.17632/hc6npzvw3m.1,Elastollan 1174D,BASF,75.0,30.0,1.2,6.0,,commercial_thermoplastic_polyurethane,True,commercial_grade_identity_only,core_tpu_application_experimental,compression_fatigue_and_recovery_supervision,0.6,10.17632/hc6npzvw3m.1|Elastollan 1174D,CC-BY-4.0,reference-186,mendeley_hc6npzvw3m_1174D3_11_29_2023_1354_N0_T20_edot10min2_1,1174D3,on_axis_fatigue_response,on_axis,True,0.0,20.0,2023-11-29,1.0,0.01,8.1,3.4685,13.663,26.343,2294043.13,0.29,4004988.72,30354.69,11.008,78.12740740740742,77.03247461524997,3991882.039802973,0.3272588542278602,gold_source_recomputed_agree,Elastollan 1174D,False,1174D3_11_29_2023_1354_N0_T20_edot10min2_1,Internship_CSM_XSTRMLAB_Sandor_Habets_2024/Load_frame_measurements/Elastollan1174D/1174D3_11_29_2023_1354_N0_T20_edot10min2_1.xlsx,990df09f34b35c8d011f4aa81357c229b78e89cae07ca37f5b6958462f3af31c,3428,source_MATLAB_fixed_height_13.5mm_fixed_radius_13.2522mm_integral_to_first_strain_above_0.5,4045636.736666667,98.99526281491704
commercial-tpu-impact-fatigue-2024-v1,doi:10.17632/hc6npzvw3m.1,Elastollan 1174D,BASF,75.0,30.0,1.2,6.0,,commercial_thermoplastic_polyurethane,True,commercial_grade_identity_only,core_tpu_application_experimental,compression_fatigue_and_recovery_supervision,0.6,10.17632/hc6npzvw3m.1|Elastollan 1174D,CC-BY-4.0,reference-186,mendeley_hc6npzvw3m_1174D30_12_28_2023_1522_N1_T55_edot10min2_1,1174D30,on_axis_fatigue_response,on_axis,True,1.0,55.0,2023-12-28,1.0,0.01,8.1,3.4628,13.665,26.285,,,,37142.19,11.008,78.12740740740742,73.70194654349996,3069127.931304423,,silver_recomputed_only,Elastollan 1174D,False,1174D30_12_28_2023_1522_N1_T55_edot10min2_1,Internship_CSM_XSTRMLAB_Sandor_Habets_2024/Load_frame_measurements/Elastollan1174D/1174D30_12_28_2023_1522_N1_T55_edot10min2_1.xlsx,3c9b1dbc8d3519b625468c17d4df2d69f664a019ef7a0c46df8934574cccc9df,1894,source_MATLAB_fixed_height_13.5mm_fixed_radius_13.2522mm_integral_to_first_strain_above_0.5,,
commercial-tpu-impact-fatigue-2024-v1,doi:10.17632/hc6npzvw3m.1,Elastollan 1174D,BASF,75.0,30.0,1.2,6.0,,commercial_thermoplastic_polyurethane,True,commercial_grade_identity_only,core_tpu_application_experimental,compression_fatigue_and_recovery_supervision,0.6,10.17632/hc6npzvw3m.1|Elastollan 1174D,CC-BY-4.0,reference-186,mendeley_hc6npzvw3m_1174D31_12_28_2023_1532_N1_T55_edot10min2_2,1174D31,on_axis_fatigue_response,on_axis,True,1.0,55.0,2023-12-28,2.0,0.01,8.1,3.4527,13.685,26.47,,,,40981.25,11.017,78.12740740740742,82.68694488974997,3198414.161757578,,silver_recomputed_only,Elastollan 1174D,False,1174D31_12_28_2023_1532_N1_T55_edot10min2_2,Internship_CSM_XSTRMLAB_Sandor_Habets_2024/Load_frame_measurements/Elastollan1174D/1174D31_12_28_2023_1532_N1_T55_edot10min2_2.xlsx,3a8e9f89a75d55af9ff692817708c54e3790766c94fe1e17703d98c8a5099632,1981,source_MATLAB_fixed_height_13.5mm_fixed_radius_13.2522mm_integral_to_first_strain_above_0.5,,
commercial-tpu-impact-fatigue-2024-v1,doi:10.17632/hc6npzvw3m.1,Elastollan 1174D,BASF,75.0,30.0,1.2,6.0,,commercial_thermoplastic_polyurethane,True,commercial_grade_identity_only,core_tpu_application_experimental,compression_fatigue_and_recovery_supervision,0.6,10.17632/hc6npzvw3m.1|Elastollan 1174D,CC-BY-4.0,reference-186,mendeley_hc6npzvw3m_1174D32_12_28_2023_1540_N1_T55_edot10min2_3,1174D32,on_axis_fatigue_response,on_axis,True,1.0,55.0,2023-12-28,3.0,0.01,8.1,3.4688,13.597,26.291,,,,33104.69,11.008,78.12740740740742,69.77487047949995,3146023.5622430276,,silver_recomputed_only,Elastollan 1174D,False,1174D32_12_28_2023_1540_N1_T55_edot10min2_3,Internship_CSM_XSTRMLAB_Sandor_Habets_2024/Load_frame_measurements/Elastollan1174D/1174D32_12_28_2023_1540_N1_T55_edot10min2_3.xlsx,44cff5fc01c863d4a91ffbc798c3509f5d57d21a51ba0611864ac71dd5539761,1980,source_MATLAB_fixed_height_13.5mm_fixed_radius_13.2522mm_integral_to_first_strain_above_0.5,,
commercial-tpu-impact-fatigue-2024-v1,doi:10.17632/hc6npzvw3m.1,Elastollan 1174D,BASF,75.0,30.0,1.2,6.0,,commercial_thermoplastic_polyurethane,True,commercial_grade_identity_only,core_tpu_application_experimental,compression_fatigue_and_recovery_supervision,0.6,10.17632/hc6npzvw3m.1|Elastollan 1174D,CC-BY-4.0,reference-186,mendeley_hc6npzvw3m_1174D33_12_28_2023_1613_N10_T55_edot10min2_1,1174D33,on_axis_fatigue_response,on_axis,True,10.0,55.0,2023-12-28,1.0,0.01,8.1,3.4652,13.665,26.274,,,,34064.06,11.008,78.12740740740742,72.03512540224996,3521203.5813983646,,silver_recomputed_only,Elastollan 1174D,False,1174D33_12_28_2023_1613_N10_T55_edot10min2_1,Internship_CSM_XSTRMLAB_Sandor_Habets_2024/Load_frame_measurements/Elastollan1174D/1174D33_12_28_2023_1613_N10_T55_edot10min2_1.xlsx,b8876dca900af8258df910645942b4b8ab526d0c6c65958ec4fcc1689194f03c,1980,source_MATLAB_fixed_height_13.5mm_fixed_radius_13.2522mm_integral_to_first_strain_above_0.5,,
commercial-tpu-impact-fatigue-2024-v1,doi:10.17632/hc6npzvw3m.1,Elastollan 1174D,BASF,75.0,30.0,1.2,6.0,,commercial_thermoplastic_polyurethane,True,commercial_grade_identity_only,core_tpu_application_experimental,compression_fatigue_and_recovery_supervision,0.6,10.17632/hc6npzvw3m.1|Elastollan 1174D,CC-BY-4.0,reference-186,mendeley_hc6npzvw3m_1174D34_12_28_2023_1620_N10_T55_edot10min2_2,1174D34,on_axis_fatigue_response,on_axis,True,10.0,55.0,2023-12-28,2.0,0.01,8.1,3.4697,13.648,26.053,,,,34648.44,11.008,78.12740740740742,73.14482143899995,3115958.5493898196,,silver_recomputed_only,Elastollan 1174D,False,1174D34_12_28_2023_1620_N10_T55_edot10min2_2,Internship_CSM_XSTRMLAB_Sandor_Habets_2024/Load_frame_measurements/Elastollan1174D/1174D34_12_28_2023_1620_N10_T55_edot10min2_2.xlsx,6ae70e3763b149d159f94f263952a94167b84dd1083d169efe126ad19441dab0,1980,source_MATLAB_fixed_height_13.5mm_fixed_radius_13.2522mm_integral_to_first_strain_above_0.5,,
commercial-tpu-impact-fatigue-2024-v1,doi:10.17632/hc6npzvw3m.1,Elastollan 1174D,BASF,75.0,30.0,1.2,6.0,,commercial_thermoplastic_polyurethane,True,commercial_grade_identity_only,core_tpu_application_experimental,compression_fatigue_and_recovery_supervision,0.6,10.17632/hc6npzvw3m.1|Elastollan 1174D,CC-BY-4.0,reference-186,mendeley_hc6npzvw3m_1174D35_12_28_2023_1627_N10_T55_edot10min2_3,1174D35,on_axis_fatigue_response,on_axis,True,10.0,55.0,2023-12-28,3.0,0.01,8.1,3.4652,13.64,26.077,,,,32600.0,11.007,78.12740740740742,71.28778466749998,3033560.841810018,,silver_recomputed_only,Elastollan 1174D,False,1174D35_12_28_2023_1627_N10_T55_edot10min2_3,Internship_CSM_XSTRMLAB_Sandor_Habets_2024/Load_frame_measurements/Elastollan1174D/1174D35_12_28_2023_1627_N10_T55_edot10min2_3.xlsx,dbe5f0cd8cf8598e8ca55c9fded5f77eba2d892b2255b3eda15c50ca142281f9,1980,source_MATLAB_fixed_height_13.5mm_fixed_radius_13.2522mm_integral_to_first_strain_above_0.5,,
commercial-tpu-impact-fatigue-2024-v1,doi:10.17632/hc6npzvw3m.1,Elastollan 1174D,BASF,75.0,30.0,1.2,6.0,,commercial_thermoplastic_polyurethane,True,commercial_grade_identity_only,core_tpu_application_experimental,compression_fatigue_and_recovery_supervision,0.6,10.17632/hc6npzvw3m.1|Elastollan 1174D,CC-BY-4.0,reference-186,mendeley_hc6npzvw3m_1174D4_11_29_2023_1411_N0_T20_edot10min2_2,1174D4,on_axis_fatigue_response,on_axis,True,0.0,20.0,2023-11-29,2.0,0.01,8.1,3.4631,13.652,26.267,2262461.35,0.28,4157723.27,37875.0,11.007,78.12740740740742,93.21370262299997,4134231.827861062,0.5650073517023232,silver_source_recomputed_within_1_5pct,Elastollan 1174D,False,1174D4_11_29_2023_1411_N0_T20_edot10min2_2,Internship_CSM_XSTRMLAB_Sandor_Habets_2024/Load_frame_measurements/Elastollan1174D/1174D4_11_29_2023_1411_N0_T20_edot10min2_2.xlsx,0c57598cfb6b3e19b995f2a821a61b11e02ff939b9c30c65f5097dbb6835d1f9,1980,source_MATLAB_fixed_height_13.5mm_fixed_radius_13.2522mm_integral_to_first_strain_above_0.5,4045636.736666667,102.770553577326
commercial-tpu-impact-fatigue-2024-v1,doi:10.17632/hc6npzvw3m.1,Elastollan 1174D,BASF,75.0,30.0,1.2,6.0,,commercial_thermoplastic_polyurethane,True,commercial_grade_identity_only,core_tpu_application_experimental,compression_fatigue_and_recovery_supervision,0.6,10.17632/hc6npzvw3m.1|Elastollan 1174D,CC-BY-4.0,reference-186,mendeley_hc6npzvw3m_1174D5_11_29_2023_1419_N0_T20_edot10min2_3,1174D5,on_axis_fatigue_response,on_axis,True,0.0,20.0,2023-11-29,3.0,0.01,8.1,3.4633,13.703,26.179,1984175.08,0.24,3974198.22,33765.63,11.007,78.12740740740742,82.49983491724998,3953835.270342551,0.5123788127872754,silver_source_recomputed_within_1_5pct,Elastollan 1174D,False,1174D5_11_29_2023_1419_N0_T20_edot10min2_3,Internship_CSM_XSTRMLAB_Sandor_Habets_2024/Load_frame_measurements/Elastollan1174D/1174D5_11_29_2023_1419_N0_T20_edot10min2_3.xlsx,3ddccda660986f3ef42ee3f7a2e224ade59af7e01058199a96cbf556f3c52668,1980,source_MATLAB_fixed_height_13.5mm_fixed_radius_13.2522mm_integral_to_first_strain_above_0.5,4045636.736666667,98.23418360775695
commercial-tpu-impact-fatigue-2024-v1,doi:10.17632/hc6npzvw3m.1,Elastollan 1174D,BASF,75.0,30.0,1.2,6.0,,commercial_thermoplastic_polyurethane,True,commercial_grade_identity_only,core_tpu_application_experimental,compression_fatigue_and_recovery_supervision,0.6,10.17632/hc6npzvw3m.1|Elastollan 1174D,CC-BY-4.0,reference-186,mendeley_hc6npzvw3m_1174D6_11_29_2023_1436_N1_T20_edot10min2_1,1174D6,on_axis_fatigue_response,on_axis,True,1.0,20.0,2023-11-29,1.0,0.01,8.1,3.4625,13.665,26.383,2096521.32,0.26,3922922.81,33156.25,11.008,78.12740740740742,82.37639901999995,3908366.1915756776,0.37106563471541915,gold_source_recomputed_agree,Elastollan 1174D,False,1174D6_11_29_2023_1436_N1_T20_edot10min2_1,Internship_CSM_XSTRMLAB_Sandor_Habets_2024/Load_frame_measurements/Elastollan1174D/1174D6_11_29_2023_1436_N1_T20_edot10min2_1.xlsx,3eee78a087f10167b91dda11186628ac062be4c2a7cf001cb9f0f0ddc6959f02,1980,source_MATLAB_fixed_height_13.5mm_fixed_radius_13.2522mm_integral_to_first_strain_above_0.5,4045636.736666667,96.96675864260183
commercial-tpu-impact-fatigue-2024-v1,doi:10.17632/hc6npzvw3m.1,Elastollan 1174D,BASF,75.0,30.0,1.2,6.0,,commercial_thermoplastic_polyurethane,True,commercial_grade_identity_only,core_tpu_application_experimental,compression_fatigue_and_recovery_supervision,0.6,10.17632/hc6npzvw3m.1|Elastollan 1174D,CC-BY-4.0,reference-186,mendeley_hc6npzvw3m_1174D7_11_29_2023_1442_N1_T20_edot10min2_2,1174D7,on_axis_fatigue_response,on_axis,True,1.0,20.0,2023-11-29,2.0,0.01,8.1,3.4603,13.68,26.225,2131718.98,0.27,3990041.1,35051.56,11.007,78.12740740740742,84.97739520624998,3973920.077826154,0.4040314816267467,gold_source_recomputed_agree,Elastollan 1174D,False,1174D7_11_29_2023_1442_N1_T20_edot10min2_2,Internship_CSM_XSTRMLAB_Sandor_Habets_2024/Load_frame_measurements/Elastollan1174D/1174D7_11_29_2023_1442_N1_T20_edot10min2_2.xlsx,f98236960f4d5e48fa6eb21bf076c5ee0e4c224d4742eb5abc79e3f90fc7cc23,1980,source_MATLAB_fixed_height_13.5mm_fixed_radius_13.2522mm_integral_to_first_strain_above_0.5,4045636.736666667,98.62578772427122
commercial-tpu-impact-fatigue-2024-v1,doi:10.17632/hc6npzvw3m.1,Elastollan 1174D,BASF,75.0,30.0,1.2,6.0,,commercial_thermoplastic_polyurethane,True,commercial_grade_identity_only,core_tpu_application_experimental,compression_fatigue_and_recovery_supervision,0.6,10.17632/hc6npzvw3m.1|Elastollan 1174D,CC-BY-4.0,reference-186,mendeley_hc6npzvw3m_1174D8_11_29_2023_1449_N1_T20_edot10min2_3,1174D8,on_axis_fatigue_response,on_axis,True,1.0,20.0,2023-11-29,3.0,0.01,8.1,3.4582,13.707,26.443,2036792.46,0.26,3856324.86,31195.31,11.008,78.12740740740742,76.47696698699995,3835745.8390997676,0.5336433430100661,silver_source_recomputed_within_1_5pct,Elastollan 1174D,False,1174D8_11_29_2023_1449_N1_T20_edot10min2_3,Internship_CSM_XSTRMLAB_Sandor_Habets_2024/Load_frame_measurements/Elastollan1174D/1174D8_11_29_2023_1449_N1_T20_edot10min2_3.xlsx,095c7745cc5e686363a1d7fd67e3ce90ed46503fe27d16c94a33e9e33fdbd230,1980,source_MATLAB_fixed_height_13.5mm_fixed_radius_13.2522mm_integral_to_first_strain_above_0.5,4045636.736666667,95.32059131876859
commercial-tpu-impact-fatigue-2024-v1,doi:10.17632/hc6npzvw3m.1,Elastollan 1174D,BASF,75.0,30.0,1.2,6.0,,commercial_thermoplastic_polyurethane,True,commercial_grade_identity_only,core_tpu_application_experimental,compression_fatigue_and_recovery_supervision,0.6,10.17632/hc6npzvw3m.1|Elastollan 1174D,CC-BY-4.0,reference-186,mendeley_hc6npzvw3m_1174D9_11_29_2023_1457_N10_T20_edot10min2_1,1174D9,on_axis_fatigue_response,on_axis,True,10.0,20.0,2023-11-29,1.0,0.01,8.1,3.4546,13.668,26.311,2003595.74,0.25,3851139.39,32031.25,11.008,78.12740740740742,79.42381790724995,3837219.668373013,0.3614442433096979,gold_source_recomputed_agree,Elastollan 1174D,False,1174D9_11_29_2023_1457_N10_T20_edot10min2_1,Internship_CSM_XSTRMLAB_Sandor_Habets_2024/Load_frame_measurements/Elastollan1174D/1174D9_11_29_2023_1457_N10_T20_edot10min2_1.xlsx,bc80b1b6660d00b06ec14f086d912528ee2d85d845becacd562d4ce4b901f8de,1980,source_MATLAB_fixed_height_13.5mm_fixed_radius_13.2522mm_integral_to_first_strain_above_0.5,4045636.736666667,95.19241693393066
commercial-tpu-impact-fatigue-2024-v1,doi:10.17632/hc6npzvw3m.1,Elastollan 1195A,BASF,48.0,10.0,1.15,-28.0,,commercial_thermoplastic_polyurethane,True,commercial_grade_identity_only,core_tpu_application_experimental,compression_fatigue_and_recovery_supervision,0.6,10.17632/hc6npzvw3m.1|Elastollan 1195A,CC-BY-4.0,reference-186,mendeley_hc6npzvw3m_1195A1_11_21_2023_1509_N0_T20_edot10min2_1,1195A1,on_axis_fatigue_response,on_axis,True,0.0,20.0,2023-11-21,1.0,0.01,8.1,3.2056,13.615,25.962,742261.27,0.64,509629.79,4822.813,10.506,78.06303703703705,9.928209177749999,508853.7048092711,0.1522841101437357,gold_source_recomputed_agree,Elastollan 1195A,False,1195A1_11_21_2023_1447_N0_T20_edot10min2_1,Internship_CSM_XSTRMLAB_Sandor_Habets_2024/Load_frame_measurements/Elastollan1195A/1195A1_11_21_2023_1509_N0_T20_edot10min2_1.xlsx,15fa3e466baf22dcf2c0ea46e04357c8cf6df882bcc8f1bd3f5194a69c8b801c,1741,source_MATLAB_fixed_height_13.5mm_fixed_radius_13.2522mm_integral_to_first_strain_above_0.5,495030.6333333333,102.94914206992847
commercial-tpu-impact-fatigue-2024-v1,doi:10.17632/hc6npzvw3m.1,Elastollan 1195A,BASF,48.0,10.0,1.15,-28.0,,commercial_thermoplastic_polyurethane,True,commercial_grade_identity_only,core_tpu_application_experimental,compression_fatigue_and_recovery_supervision,0.6,10.17632/hc6npzvw3m.1|Elastollan 1195A,CC-BY-4.0,reference-186,mendeley_hc6npzvw3m_1195A10_12_01_2023_1213_N10_T20_edot10min2_3,1195A10,on_axis_fatigue_response,on_axis,True,10.0,20.0,2023-12-01,3.0,0.01,8.1,3.1945,13.54,25.809,721789.21,0.64,511927.68,4826.094,10.439,77.85318518518518,9.450524001700002,512105.3619880453,0.03470841585383353,gold_source_recomputed_agree,Elastollan 1195A,False,1195A10_12_01_2023_1213_N10_T20_edot10min2_3,Internship_CSM_XSTRMLAB_Sandor_Habets_2024/Load_frame_measurements/Elastollan1195A/1195A10_12_01_2023_1213_N10_T20_edot10min2_3.xlsx,3f890c9b572d7b4bdb1cef2feaea6c6fdecce6c151c854f4ff785abc6c8bea84,1731,source_MATLAB_fixed_height_13.5mm_fixed_radius_13.2522mm_integral_to_first_strain_above_0.5,495030.6333333333,103.41333354521697
commercial-tpu-impact-fatigue-2024-v1,doi:10.17632/hc6npzvw3m.1,Elastollan 1195A,BASF,48.0,10.0,1.15,-28.0,,commercial_thermoplastic_polyurethane,True,commercial_grade_identity_only,core_tpu_application_experimental,compression_fatigue_and_recovery_supervision,0.6,10.17632/hc6npzvw3m.1|Elastollan 1195A,CC-BY-4.0,reference-186,mendeley_hc6npzvw3m_1195A11_01_22_2024_1533_recovery,1195A11,ambient_recovery_retest,on_axis,False,,20.0,2024-01-22,,0.01,8.1,,,,568766.09,0.56,494753.16,4825.469,10.368,76.05074074074074,9.932515020150003,493606.2206332159,0.23182052375048262,gold_source_recomputed_agree,Elastollan 1195A,False,1195A11_01_22_2024_1533_recovery,Internship_CSM_XSTRMLAB_Sandor_Habets_2024/Load_frame_measurements/Elastollan1195A/1195A11_01_22_2024_1533_recovery.csv,9800ca3fd6d594e93ca7d6efa5afdb68d258cd3fdfae6cb072f13da30bf06e1d,1721,source_MATLAB_fixed_height_13.5mm_fixed_radius_13.2522mm_integral_to_first_strain_above_0.5,495030.6333333333,99.9439482499366
commercial-tpu-impact-fatigue-2024-v1,doi:10.17632/hc6npzvw3m.1,Elastollan 1195A,BASF,48.0,10.0,1.15,-28.0,,commercial_thermoplastic_polyurethane,True,commercial_grade_identity_only,core_tpu_application_experimental,compression_fatigue_and_recovery_supervision,0.6,10.17632/hc6npzvw3m.1|Elastollan 1195A,CC-BY-4.0,reference-186,mendeley_hc6npzvw3m_1195A11_12_07_2023_1051_N100_T20_edot10min2_2,1195A11,on_axis_fatigue_response,on_axis,True,100.0,20.0,2023-12-07,2.0,0.01,8.1,3.203,13.594,26.228,591727.07,0.53,548927.06,4822.969,10.239,75.43792592592592,10.846042569525007,547572.1841038307,0.2468225735071866,gold_source_recomputed_agree,Elastollan 1195A,False,1195A11_12_07_2023_1051_N100_T20edot10min2_2,Internship_CSM_XSTRMLAB_Sandor_Habets_2024/Load_frame_measurements/Elastollan1195A/1195A11_12_07_2023_1051_N100_T20_edot10min2_2.xlsx,a4fa61e8109788d470971f2195c9c55fc2100476bf87c4971253be3a2cd1d7b7,1702,source_MATLAB_fixed_height_13.5mm_fixed_radius_13.2522mm_integral_to_first_strain_above_0.5,495030.6333333333,110.88749322516676
commercial-tpu-impact-fatigue-2024-v1,doi:10.17632/hc6npzvw3m.1,Elastollan 1195A,BASF,48.0,10.0,1.15,-28.0,,commercial_thermoplastic_polyurethane,True,commercial_grade_identity_only,core_tpu_application_experimental,compression_fatigue_and_recovery_supervision,0.6,10.17632/hc6npzvw3m.1|Elastollan 1195A,CC-BY-4.0,reference-186,mendeley_hc6npzvw3m_1195A12_01_22_2024_1536_recovery,1195A12,ambient_recovery_retest,on_axis,False,,20.0,2024-01-22,,0.01,8.1,,,,611082.08,0.56,521669.13,4816.25,10.197,75.08274074074073,10.165490120649999,520224.9846884171,0.27683165986511254,gold_source_recomputed_agree,Elastollan 1195A,False,1195A12_01_22_2024_1536_recovery,Internship_CSM_XSTRMLAB_Sandor_Habets_2024/Load_frame_measurements/Elastollan1195A/1195A12_01_22_2024_1536_recovery.csv,77cec65fd5360aa22ab033a3b8792f02223be61fe81cc11e30fec7d061a8e249,1696,source_MATLAB_fixed_height_13.5mm_fixed_radius_13.2522mm_integral_to_first_strain_above_0.5,495030.6333333333,105.38118146089141
commercial-tpu-impact-fatigue-2024-v1,doi:10.17632/hc6npzvw3m.1,Elastollan 1195A,BASF,48.0,10.0,1.15,-28.0,,commercial_thermoplastic_polyurethane,True,commercial_grade_identity_only,core_tpu_application_experimental,compression_fatigue_and_recovery_supervision,0.6,10.17632/hc6npzvw3m.1|Elastollan 1195A,CC-BY-4.0,reference-186,mendeley_hc6npzvw3m_1195A12_12_07_2023_1147_N100_T20_edot10min2_3,1195A12,on_axis_fatigue_response,on_axis,True,100.0,20.0,2023-12-07,3.0,0.01,8.1,3.199,13.612,25.735,608069.2,0.53,560676.28,4819.375,10.295,76.30348148148148,11.168716126300001,559039.8867547773,0.2918606161157282,gold_source_recomputed_agree,Elastollan 1195A,False,1194A12_12_07_2023_1147_N100_T20edot10min2_3,Internship_CSM_XSTRMLAB_Sandor_Habets_2024/Load_frame_measurements/Elastollan1195A/1195A12_12_07_2023_1147_N100_T20_edot10min2_3.xlsx,dcac32a769f628babaf9e3eaae6725270ce1fccbc77ad69dd00c717e4465cb1d,1710,source_MATLAB_fixed_height_13.5mm_fixed_radius_13.2522mm_integral_to_first_strain_above_0.5,495030.6333333333,113.26092614201183
commercial-tpu-impact-fatigue-2024-v1,doi:10.17632/hc6npzvw3m.1,Elastollan 1195A,BASF,48.0,10.0,1.15,-28.0,,commercial_thermoplastic_polyurethane,True,commercial_grade_identity_only,core_tpu_application_experimental,compression_fatigue_and_recovery_supervision,0.6,10.17632/hc6npzvw3m.1|Elastollan 1195A,CC-BY-4.0,reference-186,mendeley_hc6npzvw3m_1195A13_12_19_2023_1119_N0_T55_edot10min2_1,1195A13,on_axis_fatigue_response,on_axis,True,0.0,55.0,2023-12-19,1.0,0.01,8.1,3.2085,13.542,25.775,,,,4820.313,10.649,76.42503703703703,7.988504770149994,339475.3955138728,,silver_recomputed_only,Elastollan 1195A,False,1195A13_12_19_2023_1119_N0_T55_edot10min2_1,Internship_CSM_XSTRMLAB_Sandor_Habets_2024/Load_frame_measurements/Elastollan1195A/1195A13_12_19_2023_1119_N0_T55_edot10min2_1.xlsx,d162599231ddc102ea9bedc791baf798658c3c958705ddecb85fae4b799a598a,1762,source_MATLAB_fixed_height_13.5mm_fixed_radius_13.2522mm_integral_to_first_strain_above_0.5,,
commercial-tpu-impact-fatigue-2024-v1,doi:10.17632/hc6npzvw3m.1,Elastollan 1195A,BASF,48.0,10.0,1.15,-28.0,,commercial_thermoplastic_polyurethane,True,commercial_grade_identity_only,core_tpu_application_experimental,compression_fatigue_and_recovery_supervision,0.6,10.17632/hc6npzvw3m.1|Elastollan 1195A,CC-BY-4.0,reference-186,mendeley_hc6npzvw3m_1195A14_12_19_2023_1159_N0_T55_edot10min2_2,1195A14,on_axis_fatigue_response,on_axis,True,0.0,55.0,2023-12-19,2.0,0.01,8.1,3.2006,13.683,25.734,,,,4805.781,10.799,77.374,8.091021264999998,340983.41740008554,,silver_recomputed_only,Elastollan 1195A,False,1195A14_12_19_2023_1159_N0_T55_edot10min2_2,Internship_CSM_XSTRMLAB_Sandor_Habets_2024/Load_frame_measurements/Elastollan1195A/1195A14_12_19_2023_1159_N0_T55_edot10min2_2.xlsx,0fddd5bd42abf4c37e252de976afc688bdf4a2ff97c351dc0be737b881eefa07,1784,source_MATLAB_fixed_height_13.5mm_fixed_radius_13.2522mm_integral_to_first_strain_above_0.5,,
commercial-tpu-impact-fatigue-2024-v1,doi:10.17632/hc6npzvw3m.1,Elastollan 1195A,BASF,48.0,10.0,1.15,-28.0,,commercial_thermoplastic_polyurethane,True,commercial_grade_identity_only,core_tpu_application_experimental,compression_fatigue_and_recovery_supervision,0.6,10.17632/hc6npzvw3m.1|Elastollan 1195A,CC-BY-4.0,reference-186,mendeley_hc6npzvw3m_1195A15_12_19_2023_1250_N0_T55_edot10min2_3,1195A15,on_axis_fatigue_response,on_axis,True,0.0,55.0,2023-12-19,3.0,0.01,8.1,3.2017,13.516,24.95,,,,4820.0,10.396,74.36503703703704,7.701998502350004,316170.7097460399,,silver_recomputed_only,Elastollan 1195A,False,1195A15_12_19_2023_1250_N0_T55_edot10min2_3,Internship_CSM_XSTRMLAB_Sandor_Habets_2024/Load_frame_measurements/Elastollan1195A/1195A15_12_19_2023_1250_N0_T55_edot10min2_3.xlsx,1266145a16f5c2753ff417145cfd2d02526c23ad4f2a1c534e40820555ec8a7b,1725,source_MATLAB_fixed_height_13.5mm_fixed_radius_13.2522mm_integral_to_first_strain_above_0.5,,
commercial-tpu-impact-fatigue-2024-v1,doi:10.17632/hc6npzvw3m.1,Elastollan 1195A,BASF,48.0,10.0,1.15,-28.0,,commercial_thermoplastic_polyurethane,True,commercial_grade_identity_only,core_tpu_application_experimental,compression_fatigue_and_recovery_supervision,0.6,10.17632/hc6npzvw3m.1|Elastollan 1195A,CC-BY-4.0,reference-186,mendeley_hc6npzvw3m_1195A16_12_19_2023_2027_N1_T55_edot10min2_1,1195A16,on_axis_fatigue_response,on_axis,True,1.0,55.0,2023-12-19,1.0,0.01,8.1,3.1967,13.762,25.806,,,,4804.688,10.827,77.55281481481482,7.334002378999999,324206.61535075493,,silver_recomputed_only,Elastollan 1195A,False,1195A16_12_19_2023_2027_N1_T55_edot10min2_1,Internship_CSM_XSTRMLAB_Sandor_Habets_2024/Load_frame_measurements/Elastollan1195A/1195A16_12_19_2023_2027_N1_T55_edot10min2_1.xlsx,819f778938857ee4263a3fd708abf3ed0bc030df2b3a07619de8696ef4b97723,1788,source_MATLAB_fixed_height_13.5mm_fixed_radius_13.2522mm_integral_to_first_strain_above_0.5,,
commercial-tpu-impact-fatigue-2024-v1,doi:10.17632/hc6npzvw3m.1,Elastollan 1195A,BASF,48.0,10.0,1.15,-28.0,,commercial_thermoplastic_polyurethane,True,commercial_grade_identity_only,core_tpu_application_experimental,compression_fatigue_and_recovery_supervision,0.6,10.17632/hc6npzvw3m.1|Elastollan 1195A,CC-BY-4.0,reference-186,mendeley_hc6npzvw3m_1195A17_12_19_2023_1842_N1_T55_edot10min2_2,1195A17,on_axis_fatigue_response,on_axis,True,1.0,55.0,2023-12-19,2.0,0.01,8.1,3.1977,13.603,25.829,,,,4819.375,10.868,78.12503703703703,7.809907978075004,329053.3282334872,,silver_recomputed_only,Elastollan 1195A,False,1195A17_12_19_2023_1842_N1_T55_edot10min2_2,Internship_CSM_XSTRMLAB_Sandor_Habets_2024/Load_frame_measurements/Elastollan1195A/1195A17_12_19_2023_1842_N1_T55_edot10min2_2.xlsx,91fb55604327132fc2e162f5047f47bc0773326f5fe9386185432d4cf21f48cc,1794,source_MATLAB_fixed_height_13.5mm_fixed_radius_13.2522mm_integral_to_first_strain_above_0.5,,
commercial-tpu-impact-fatigue-2024-v1,doi:10.17632/hc6npzvw3m.1,Elastollan 1195A,BASF,48.0,10.0,1.15,-28.0,,commercial_thermoplastic_polyurethane,True,commercial_grade_identity_only,core_tpu_application_experimental,compression_fatigue_and_recovery_supervision,0.6,10.17632/hc6npzvw3m.1|Elastollan 1195A,CC-BY-4.0,reference-186,mendeley_hc6npzvw3m_1195A18_12_19_2023_1857_N1_T55_edot10min2_3,1195A18,on_axis_fatigue_response,on_axis,True,1.0,55.0,2023-12-19,3.0,0.01,8.1,3.1923,13.44,25.964,,,,4801.406,10.876,78.12503703703703,7.091081184200001,265851.73522151314,,silver_recomputed_only,Elastollan 1195A,False,1195A18_12_19_2023_1857_N1_T55_edot10min2_3,Internship_CSM_XSTRMLAB_Sandor_Habets_2024/Load_frame_measurements/Elastollan1195A/1195A18_12_19_2023_1857_N1_T55_edot10min2_3.xlsx,5fc0412e2af2d7816d571cd0b78a8bdf69ec2daa518672333bcff3b165385daf,1795,source_MATLAB_fixed_height_13.5mm_fixed_radius_13.2522mm_integral_to_first_strain_above_0.5,,
commercial-tpu-impact-fatigue-2024-v1,doi:10.17632/hc6npzvw3m.1,Elastollan 1195A,BASF,48.0,10.0,1.15,-28.0,,commercial_thermoplastic_polyurethane,True,commercial_grade_identity_only,core_tpu_application_experimental,compression_fatigue_and_recovery_supervision,0.6,10.17632/hc6npzvw3m.1|Elastollan 1195A,CC-BY-4.0,reference-186,mendeley_hc6npzvw3m_1195A19_12_20_2023_1306_N10_T55_edot10min2_1,1195A19,on_axis_fatigue_response,on_axis,True,10.0,55.0,2023-12-20,1.0,0.01,8.1,3.1943,13.508,25.844,,,,4825.0,10.956,78.12503703703703,8.172066601974993,319920.93228115694,,silver_recomputed_only,Elastollan 1195A,False,1195A19_12_20_2023_1306_N10_T55_edot10min2_1,Internship_CSM_XSTRMLAB_Sandor_Habets_2024/Load_frame_measurements/Elastollan1195A/1195A19_12_20_2023_1306_N10_T55_edot10min2_1.xlsx,f40913c0de87371dc5d40b71ae2ac61c0d419d9275f2f3b76b99eadd6919bff7,1807,source_MATLAB_fixed_height_13.5mm_fixed_radius_13.2522mm_integral_to_first_strain_above_0.5,,
commercial-tpu-impact-fatigue-2024-v1,doi:10.17632/hc6npzvw3m.1,Elastollan 1195A,BASF,48.0,10.0,1.15,-28.0,,commercial_thermoplastic_polyurethane,True,commercial_grade_identity_only,core_tpu_application_experimental,compression_fatigue_and_recovery_supervision,0.6,10.17632/hc6npzvw3m.1|Elastollan 1195A,CC-BY-4.0,reference-186,mendeley_hc6npzvw3m_1195A2_11_22_2023_1606_N1_T20_edot10min2_1,1195A2,on_axis_fatigue_response,on_axis,True,1.0,20.0,2023-11-22,1.0,0.01,8.1,3.2023,13.465,25.687,705669.35,0.64,479625.7,4829.063,10.657,78.12503703703703,9.887492772475,479609.09653769585,0.0034617540936949915,gold_source_recomputed_agree,Elastollan 1195A,False,1195A2_11_22_2023_1606_N1_T20_edot10min2_1,Internship_CSM_XSTRMLAB_Sandor_Habets_2024/Load_frame_measurements/Elastollan1195A/1195A2_11_22_2023_1606_N1_T20_edot10min2_1.xlsx,4fe7db3b9f3aba07e1fbbec8687addf459b41d4cbb4131b28f3af02555ccd9c4,1763,source_MATLAB_fixed_height_13.5mm_fixed_radius_13.2522mm_integral_to_first_strain_above_0.5,495030.6333333333,96.8880848383861
commercial-tpu-impact-fatigue-2024-v1,doi:10.17632/hc6npzvw3m.1,Elastollan 1195A,BASF,48.0,10.0,1.15,-28.0,,commercial_thermoplastic_polyurethane,True,commercial_grade_identity_only,core_tpu_application_experimental,compression_fatigue_and_recovery_supervision,0.6,10.17632/hc6npzvw3m.1|Elastollan 1195A,CC-BY-4.0,reference-186,mendeley_hc6npzvw3m_1195A20_12_20_2023_1516_N10_T55_edot10min2_2,1195A20,on_axis_fatigue_response,on_axis,True,10.0,55.0,2023-12-20,2.0,0.01,8.1,3.2139,13.518,26.349,,,,4821.563,10.607,76.27244444444445,7.2915426627,273266.4372971193,,silver_recomputed_only,Elastollan 1195A,False,1195A20_12_20_2023_1516_N10_T55_edot10min2_2,Internship_CSM_XSTRMLAB_Sandor_Habets_2024/Load_frame_measurements/Elastollan1195A/1195A20_12_20_2023_1516_N10_T55_edot10min2_2.xlsx,7042eca84de252cf4a8bb87ca832b3fd1194fe08cd63c56fe6284349278b5975,1756,source_MATLAB_fixed_height_13.5mm_fixed_radius_13.2522mm_integral_to_first_strain_above_0.5,,
commercial-tpu-impact-fatigue-2024-v1,doi:10.17632/hc6npzvw3m.1,Elastollan 1195A,BASF,48.0,10.0,1.15,-28.0,,commercial_thermoplastic_polyurethane,True,commercial_grade_identity_only,core_tpu_application_experimental,compression_fatigue_and_recovery_supervision,0.6,10.17632/hc6npzvw3m.1|Elastollan 1195A,CC-BY-4.0,reference-186,mendeley_hc6npzvw3m_1195A21_12_20_2023_1626_N10_T55_edot10min2_3,1195A21,on_axis_fatigue_response,on_axis,True,10.0,55.0,2023-12-20,3.0,0.01,8.1,3.1971,13.509,26.02,,,,4817.969,10.903,78.12503703703703,7.303148024900006,288689.20363840414,,silver_recomputed_only,Elastollan 1195A,False,1195A21_12_20_2023_1626_N10_T55_edot10min2_3,Internship_CSM_XSTRMLAB_Sandor_Habets_2024/Load_frame_measurements/Elastollan1195A/1195A21_12_20_2023_1626_N10_T55_edot10min2_3.xlsx,9f8f66f9142fc59ca54798f5677b5894f7178f68244114113e5d90df1114c21f,1799,source_MATLAB_fixed_height_13.5mm_fixed_radius_13.2522mm_integral_to_first_strain_above_0.5,,
commercial-tpu-impact-fatigue-2024-v1,doi:10.17632/hc6npzvw3m.1,Elastollan 1195A,BASF,48.0,10.0,1.15,-28.0,,commercial_thermoplastic_polyurethane,True,commercial_grade_identity_only,core_tpu_application_experimental,compression_fatigue_and_recovery_supervision,0.6,10.17632/hc6npzvw3m.1|Elastollan 1195A,CC-BY-4.0,reference-186,mendeley_hc6npzvw3m_1195A22_12_29_2023_1607_N1_T55_edot10min2_1,1195A22,on_axis_fatigue_response,on_axis,True,1.0,55.0,2023-12-29,1.0,0.01,8.1,3.212,13.598,26.038,,,,4816.406,10.034,74.19577777777778,8.735940715550006,478607.50015968294,,silver_recomputed_only,Elastollan 1195A,False,1195A22_12_29_2023_1607_N1_T55_edot10min2_1,Internship_CSM_XSTRMLAB_Sandor_Habets_2024/Load_frame_measurements/Elastollan1195A/1195A22_12_29_2023_1607_N1_T55_edot10min2_1.xlsx,722c533b52db25e6e33063181500ed3c00af81ecf8a614650ababa4ce5d81c04,1672,source_MATLAB_fixed_height_13.5mm_fixed_radius_13.2522mm_integral_to_first_strain_above_0.5,,
commercial-tpu-impact-fatigue-2024-v1,doi:10.17632/hc6npzvw3m.1,Elastollan 1195A,BASF,48.0,10.0,1.15,-28.0,,commercial_thermoplastic_polyurethane,True,commercial_grade_identity_only,core_tpu_application_experimental,compression_fatigue_and_recovery_supervision,0.6,10.17632/hc6npzvw3m.1|Elastollan 1195A,CC-BY-4.0,reference-186,mendeley_hc6npzvw3m_1195A23_12_29_2023_1422_N1_T55_edot10min2_2,1195A23,on_axis_fatigue_response,on_axis,True,1.0,55.0,2023-12-29,2.0,0.01,8.1,3.2061,13.693,25.983,,,,4830.156,10.246,76.12703703703704,9.0852182859,464815.3947823181,,silver_recomputed_only,Elastollan 1195A,False,1195A23_12_29_2023_1422_N1_T55_edot10min2_2,Internship_CSM_XSTRMLAB_Sandor_Habets_2024/Load_frame_measurements/Elastollan1195A/1195A23_12_29_2023_1422_N1_T55_edot10min2_2.xlsx,bb03132904eaafbee18b41208bcbc64dd94bcc3b16d70838da8ad9dbac272879,1703,source_MATLAB_fixed_height_13.5mm_fixed_radius_13.2522mm_integral_to_first_strain_above_0.5,,
commercial-tpu-impact-fatigue-2024-v1,doi:10.17632/hc6npzvw3m.1,Elastollan 1195A,BASF,48.0,10.0,1.15,-28.0,,commercial_thermoplastic_polyurethane,True,commercial_grade_identity_only,core_tpu_application_experimental,compression_fatigue_and_recovery_supervision,0.6,10.17632/hc6npzvw3m.1|Elastollan 1195A,CC-BY-4.0,reference-186,mendeley_hc6npzvw3m_1195A24_12_29_2023_1515_N1_T55_edot10min2_3,1195A24,on_axis_fatigue_response,on_axis,True,1.0,55.0,2023-12-29,3.0,0.01,8.1,3.2066,13.532,25.26,,,,4813.906,10.287,76.72066666666667,9.298822316450005,485736.1986216615,,silver_recomputed_only,Elastollan 1195A,False,1195A24_12_29_2023_1515_N1_T55_edot10min2_3,Internship_CSM_XSTRMLAB_Sandor_Habets_2024/Load_frame_measurements/Elastollan1195A/1195A24_12_29_2023_1515_N1_T55_edot10min2_3.xlsx,39e3875f01fe6831d230177285c99a001c6502bd41cfc3ab545ec68c263aca9e,1709,source_MATLAB_fixed_height_13.5mm_fixed_radius_13.2522mm_integral_to_first_strain_above_0.5,,
commercial-tpu-impact-fatigue-2024-v1,doi:10.17632/hc6npzvw3m.1,Elastollan 1195A,BASF,48.0,10.0,1.15,-28.0,,commercial_thermoplastic_polyurethane,True,commercial_grade_identity_only,core_tpu_application_experimental,compression_fatigue_and_recovery_supervision,0.6,10.17632/hc6npzvw3m.1|Elastollan 1195A,CC-BY-4.0,reference-186,mendeley_hc6npzvw3m_1195A25_12_31_2023_1304_N10_T55_edot10min2_1,1195A25,on_axis_fatigue_response,on_axis,True,10.0,55.0,2023-12-31,1.0,0.01,8.1,3.1933,13.592,26.156,,,,4834.063,10.097,75.01118518518518,8.68593610145,460705.21742644266,,silver_recomputed_only,Elastollan 1195A,False,1195A25_12_31_2023_1304_N10_T55_edot10min2_1,Internship_CSM_XSTRMLAB_Sandor_Habets_2024/Load_frame_measurements/Elastollan1195A/1195A25_12_31_2023_1304_N10_T55_edot10min2_1.xlsx,e071753b3aa2b96ea826f9ee0029b0c6fd2da16e1fc11915785d1750be8d0c9c,1681,source_MATLAB_fixed_height_13.5mm_fixed_radius_13.2522mm_integral_to_first_strain_above_0.5,,
commercial-tpu-impact-fatigue-2024-v1,doi:10.17632/hc6npzvw3m.1,Elastollan 1195A,BASF,48.0,10.0,1.15,-28.0,,commercial_thermoplastic_polyurethane,True,commercial_grade_identity_only,core_tpu_application_experimental,compression_fatigue_and_recovery_supervision,0.6,10.17632/hc6npzvw3m.1|Elastollan 1195A,CC-BY-4.0,reference-186,mendeley_hc6npzvw3m_1195A26_12_31_2023_1408_N10_T55_edot10min2_2,1195A26,on_axis_fatigue_response,on_axis,True,10.0,55.0,2023-12-31,2.0,0.01,8.1,3.2212,13.558,25.708,,,,4805.0,9.939,73.57824444444445,8.0418534518,416363.65563762496,,silver_recomputed_only,Elastollan 1195A,False,1195A26_12_31_2023_1408_N10_T55_edot10min2_2,Internship_CSM_XSTRMLAB_Sandor_Habets_2024/Load_frame_measurements/Elastollan1195A/1195A26_12_31_2023_1408_N10_T55_edot10min2_2.xlsx,f91e089dc96c88a36414db5ed40ea261b46367e151d34103d79795c16dbd76e7,1658,source_MATLAB_fixed_height_13.5mm_fixed_radius_13.2522mm_integral_to_first_strain_above_0.5,,
commercial-tpu-impact-fatigue-2024-v1,doi:10.17632/hc6npzvw3m.1,Elastollan 1195A,BASF,48.0,10.0,1.15,-28.0,,commercial_thermoplastic_polyurethane,True,commercial_grade_identity_only,core_tpu_application_experimental,compression_fatigue_and_recovery_supervision,0.6,10.17632/hc6npzvw3m.1|Elastollan 1195A,CC-BY-4.0,reference-186,mendeley_hc6npzvw3m_1195A27_12_31_2023_1512_N10_T55_edot10min2_3,1195A27,on_axis_fatigue_response,on_axis,True,10.0,55.0,2023-12-31,3.0,0.01,8.1,3.2167,13.54,25.786,,,,4825.469,10.335,76.81125925925926,8.956015494475002,438114.19854069955,,silver_recomputed_only,Elastollan 1195A,False,1195A27_12_31_2023_1512_N10_T55_edot10min2_3,Internship_CSM_XSTRMLAB_Sandor_Habets_2024/Load_frame_measurements/Elastollan1195A/1195A27_12_31_2023_1512_N10_T55_edot10min2_3.xlsx,73f57a510d249f85e075aefde6cb6acaff968cfe0a4aadbdb63205604eac1d85,1716,source_MATLAB_fixed_height_13.5mm_fixed_radius_13.2522mm_integral_to_first_strain_above_0.5,,
commercial-tpu-impact-fatigue-2024-v1,doi:10.17632/hc6npzvw3m.1,Elastollan 1195A,BASF,48.0,10.0,1.15,-28.0,,commercial_thermoplastic_polyurethane,True,commercial_grade_identity_only,core_tpu_application_experimental,compression_fatigue_and_recovery_supervision,0.6,10.17632/hc6npzvw3m.1|Elastollan 1195A,CC-BY-4.0,reference-186,mendeley_hc6npzvw3m_1195A28_01_03_2024_1232_N1_Tmin20_edot10min2_1,1195A28,on_axis_fatigue_response,on_axis,True,1.0,-20.0,2024-01-03,1.0,0.01,8.1,3.21,13.524,25.351,,,,4801.563,10.308,76.27244444444445,9.648872947874997,483524.0087608365,,silver_recomputed_only,Elastollan 1195A,False,1195A28_01_03_2024_1232_N1_Tmin20_edot10min2_1,Internship_CSM_XSTRMLAB_Sandor_Habets_2024/Load_frame_measurements/Elastollan1195A/1195A28_01_03_2024_1232_N1_Tmin20_edot10min2_1.xlsx,0aeb2b9b62db5a697118905bdb26a119bcf5e34ed9b3df1c3c6974e3616e55eb,1712,source_MATLAB_fixed_height_13.5mm_fixed_radius_13.2522mm_integral_to_first_strain_above_0.5,,
commercial-tpu-impact-fatigue-2024-v1,doi:10.17632/hc6npzvw3m.1,Elastollan 1195A,BASF,48.0,10.0,1.15,-28.0,,commercial_thermoplastic_polyurethane,True,commercial_grade_identity_only,core_tpu_application_experimental,compression_fatigue_and_recovery_supervision,0.6,10.17632/hc6npzvw3m.1|Elastollan 1195A,CC-BY-4.0,reference-186,mendeley_hc6npzvw3m_1195A29_01_03_2024_1152_N1_Tmin20_edot10min2_2,1195A29,on_axis_fatigue_response,on_axis,True,1.0,-20.0,2024-01-03,2.0,0.01,8.1,3.201,13.527,26.199,,,,4824.844,10.22,75.93385185185186,10.162933847775,517475.05264856457,,silver_recomputed_only,Elastollan 1195A,False,1195A29_01_03_2024_1152_N1_Tmin20_edot10min2_2,Internship_CSM_XSTRMLAB_Sandor_Habets_2024/Load_frame_measurements/Elastollan1195A/1195A29_01_03_2024_1152_N1_Tmin20_edot10min2_2.xlsx,e51f9f5ab2c4e681b424ef18adb2d19761b5b50841aff6fe3d75d729819f4bf2,1699,source_MATLAB_fixed_height_13.5mm_fixed_radius_13.2522mm_integral_to_first_strain_above_0.5,,
commercial-tpu-impact-fatigue-2024-v1,doi:10.17632/hc6npzvw3m.1,Elastollan 1195A,BASF,48.0,10.0,1.15,-28.0,,commercial_thermoplastic_polyurethane,True,commercial_grade_identity_only,core_tpu_application_experimental,compression_fatigue_and_recovery_supervision,0.6,10.17632/hc6npzvw3m.1|Elastollan 1195A,CC-BY-4.0,reference-186,mendeley_hc6npzvw3m_1195A3_11_23_2023_1205_N10_T20_edot10min2_1,1195A3,on_axis_fatigue_response,on_axis,True,10.0,20.0,2023-11-23,1.0,0.01,8.1,3.207,13.767,25.957,773213.48,0.64,521257.13,4812.5,10.431,77.82940740740742,10.316411068899997,517650.68677989754,0.6918741274776349,silver_source_recomputed_within_1_5pct,Elastollan 1195A,False,1195A3_11_23_2023_1205_N10_T20_edot10min2_1,Internship_CSM_XSTRMLAB_Sandor_Habets_2024/Load_frame_measurements/Elastollan1195A/1195A3_11_23_2023_1205_N10_T20_edot10min2_1.xlsx,eb87c1e412747a86317e399b2b6fb2bb708c0116f9e32aacc7186180ae934ef2,1730,source_MATLAB_fixed_height_13.5mm_fixed_radius_13.2522mm_integral_to_first_strain_above_0.5,495030.6333333333,105.2979542882161
commercial-tpu-impact-fatigue-2024-v1,doi:10.17632/hc6npzvw3m.1,Elastollan 1195A,BASF,48.0,10.0,1.15,-28.0,,commercial_thermoplastic_polyurethane,True,commercial_grade_identity_only,core_tpu_application_experimental,compression_fatigue_and_recovery_supervision,0.6,10.17632/hc6npzvw3m.1|Elastollan 1195A,CC-BY-4.0,reference-186,mendeley_hc6npzvw3m_1195A30_01_03_2024_1101_N1_Tmin20_edot10min2_3,1195A30,on_axis_fatigue_response,on_axis,True,1.0,-20.0,2024-01-03,3.0,0.01,8.1,3.1942,13.542,26.5,,,,4821.25,9.877,73.76182962962963,9.824556257300003,513890.47394190216,,silver_recomputed_only,Elastollan 1195A,False,1195A30_01_03_2024_1101_N1_Tmin20_edot10min2_3,Internship_CSM_XSTRMLAB_Sandor_Habets_2024/Load_frame_measurements/Elastollan1195A/1195A30_01_03_2024_1101_N1_Tmin20_edot10min2_3.xlsx,c0eddf2c1a3ab61db28b75f0a72d008674d68e16bf66d4fcf027a8e542ebdd6c,1649,source_MATLAB_fixed_height_13.5mm_fixed_radius_13.2522mm_integral_to_first_strain_above_0.5,,
commercial-tpu-impact-fatigue-2024-v1,doi:10.17632/hc6npzvw3m.1,Elastollan 1195A,BASF,48.0,10.0,1.15,-28.0,,commercial_thermoplastic_polyurethane,True,commercial_grade_identity_only,core_tpu_application_experimental,compression_fatigue_and_recovery_supervision,0.6,10.17632/hc6npzvw3m.1|Elastollan 1195A,CC-BY-4.0,reference-186,mendeley_hc6npzvw3m_1195A31_01_03_2024_1439_N10_Tmin20_edot10min2_1,1195A31,on_axis_fatigue_response,on_axis,True,10.0,-20.0,2024-01-03,1.0,0.01,8.1,3.2005,13.511,25.452,,,,4825.313,10.253,76.034,8.232273409425,423935.3322878213,,silver_recomputed_only,Elastollan 1195A,False,1195A31_01_03_2024_1439_N10_Tmin20_edot10min2_1,Internship_CSM_XSTRMLAB_Sandor_Habets_2024/Load_frame_measurements/Elastollan1195A/1195A31_01_03_2024_1439_N10_Tmin20_edot10min2_1.xlsx,8a99f37e2f0b412dacccbeacb1bf879c2786eca79b81425758ece15bbd101861,1704,source_MATLAB_fixed_height_13.5mm_fixed_radius_13.2522mm_integral_to_first_strain_above_0.5,,
commercial-tpu-impact-fatigue-2024-v1,doi:10.17632/hc6npzvw3m.1,Elastollan 1195A,BASF,48.0,10.0,1.15,-28.0,,commercial_thermoplastic_polyurethane,True,commercial_grade_identity_only,core_tpu_application_experimental,compression_fatigue_and_recovery_supervision,0.6,10.17632/hc6npzvw3m.1|Elastollan 1195A,CC-BY-4.0,reference-186,mendeley_hc6npzvw3m_1195A32_01_03_2024_1337_N10_Tmin20_edot10min2_2,1195A32,on_axis_fatigue_response,on_axis,True,10.0,-20.0,2024-01-03,2.0,0.01,8.1,3.2052,13.541,26.031,,,,4811.563,10.042,74.44133333333333,9.255809737975003,487526.9298767142,,silver_recomputed_only,Elastollan 1195A,False,1195A32_01_03_2024_1337_N10_Tmin20_edot10min2_2,Internship_CSM_XSTRMLAB_Sandor_Habets_2024/Load_frame_measurements/Elastollan1195A/1195A32_01_03_2024_1337_N10_Tmin20_edot10min2_2.xlsx,9ab28dafb7c3fa7ab6922bdae130ecc9a7a650339155641d23a9a1673d003432,1673,source_MATLAB_fixed_height_13.5mm_fixed_radius_13.2522mm_integral_to_first_strain_above_0.5,,
commercial-tpu-impact-fatigue-2024-v1,doi:10.17632/hc6npzvw3m.1,Elastollan 1195A,BASF,48.0,10.0,1.15,-28.0,,commercial_thermoplastic_polyurethane,True,commercial_grade_identity_only,core_tpu_application_experimental,compression_fatigue_and_recovery_supervision,0.6,10.17632/hc6npzvw3m.1|Elastollan 1195A,CC-BY-4.0,reference-186,mendeley_hc6npzvw3m_1195A33_01_03_2024_1532_N10_Tmin20_edot10min2_3,1195A33,on_axis_fatigue_response,on_axis,True,10.0,-20.0,2024-01-03,3.0,0.01,8.1,3.1953,13.511,25.778,,,,4820.469,9.995,74.20051851851852,9.387331532249995,510990.21464070753,,silver_recomputed_only,Elastollan 1195A,False,1195A33_01_03_2024_1532_N10_Tmin20_edot10min2_3,Internship_CSM_XSTRMLAB_Sandor_Habets_2024/Load_frame_measurements/Elastollan1195A/1195A33_01_03_2024_1532_N10_Tmin20_edot10min2_3.xlsx,7eda43f7ee422ea6e00b26aebfa44ea65831f33bb0426390e9f0493168afe297,1666,source_MATLAB_fixed_height_13.5mm_fixed_radius_13.2522mm_integral_to_first_strain_above_0.5,,
commercial-tpu-impact-fatigue-2024-v1,doi:10.17632/hc6npzvw3m.1,Elastollan 1195A,BASF,48.0,10.0,1.15,-28.0,,commercial_thermoplastic_polyurethane,True,commercial_grade_identity_only,core_tpu_application_experimental,compression_fatigue_and_recovery_supervision,0.6,10.17632/hc6npzvw3m.1|Elastollan 1195A,CC-BY-4.0,reference-186,mendeley_hc6npzvw3m_1195A34_01_23_2024_1027_T20_N10_offaxis_1,1195A34,off_axis_fatigue_response,off_axis,True,10.0,20.0,2024-01-23,1.0,0.01,8.1,3.2197,13.556,25.451,697142.59,0.62,513972.62,4827.813,10.355,76.41548148148148,9.208968752674998,513548.85949884995,0.08244806915007298,gold_source_recomputed_agree,Elastollan 1195A,False,1195A34_01_23_2024_1027_T20_N10_offaxis_1,Internship_CSM_XSTRMLAB_Sandor_Habets_2024/Load_frame_measurements/Elastollan1195A/1195A34_01_23_2024_1027_T20_N10_offaxis_1.csv,5cb335f29861150b3ffe8e718db7f69912c13f01a215e6c69ed8f91c7a49e5be,1719,source_MATLAB_fixed_height_13.5mm_fixed_radius_13.2522mm_integral_to_first_strain_above_0.5,,
commercial-tpu-impact-fatigue-2024-v1,doi:10.17632/hc6npzvw3m.1,Elastollan 1195A,BASF,48.0,10.0,1.15,-28.0,,commercial_thermoplastic_polyurethane,True,commercial_grade_identity_only,core_tpu_application_experimental,compression_fatigue_and_recovery_supervision,0.6,10.17632/hc6npzvw3m.1|Elastollan 1195A,CC-BY-4.0,reference-186,mendeley_hc6npzvw3m_1195A35_01_23_2024_1034_T20_N10_offaxis_2,1195A35,off_axis_fatigue_response,off_axis,True,10.0,20.0,2024-01-23,2.0,0.01,8.1,3.2141,13.552,25.824,782938.26,0.63,547412.93,4828.281,10.526,77.81266666666666,10.547344997600003,546460.2543987049,0.17403235274241613,gold_source_recomputed_agree,Elastollan 1195A,False,1195A35_01_23_2024_1034_T20_N10_offaxis_2,Internship_CSM_XSTRMLAB_Sandor_Habets_2024/Load_frame_measurements/Elastollan1195A/1195A35_01_23_2024_1034_T20_N10_offaxis_2.csv,64c86a24d131d21132f0a756880227cba905f7e028369fe251febe28d0761206,1744,source_MATLAB_fixed_height_13.5mm_fixed_radius_13.2522mm_integral_to_first_strain_above_0.5,,
commercial-tpu-impact-fatigue-2024-v1,doi:10.17632/hc6npzvw3m.1,Elastollan 1195A,BASF,48.0,10.0,1.15,-28.0,,commercial_thermoplastic_polyurethane,True,commercial_grade_identity_only,core_tpu_application_experimental,compression_fatigue_and_recovery_supervision,0.6,10.17632/hc6npzvw3m.1|Elastollan 1195A,CC-BY-4.0,reference-186,mendeley_hc6npzvw3m_1195A36_01_24_2024_1537_T20_N100_offaxis_1,1195A36,off_axis_fatigue_response,off_axis,True,100.0,20.0,2024-01-24,1.0,0.01,8.1,3.2017,13.545,25.679,584463.18,0.54,514734.99,4819.688,10.376,76.63007407407407,10.583957252774999,514341.75849378627,0.07639494377751946,gold_source_recomputed_agree,Elastollan 1195A,False,1195A36_01_24_2024_1537_T20_N100_offaxis_1,Internship_CSM_XSTRMLAB_Sandor_Habets_2024/Load_frame_measurements/Elastollan1195A/1195A36_01_24_2024_1537_T20_N100_offaxis_1.csv,b89af05975bcb5c57464e80c57b3b6be4d1d0188491fa42ff73d4dcb7968b9b4,1722,source_MATLAB_fixed_height_13.5mm_fixed_radius_13.2522mm_integral_to_first_strain_above_0.5,,
commercial-tpu-impact-fatigue-2024-v1,doi:10.17632/hc6npzvw3m.1,Elastollan 1195A,BASF,48.0,10.0,1.15,-28.0,,commercial_thermoplastic_polyurethane,True,commercial_grade_identity_only,core_tpu_application_experimental,compression_fatigue_and_recovery_supervision,0.6,10.17632/hc6npzvw3m.1|Elastollan 1195A,CC-BY-4.0,reference-186,mendeley_hc6npzvw3m_1195A38_01_23_2024_1126_T55_N10_offaxis_1,1195A38,off_axis_fatigue_response,off_axis,True,10.0,55.0,2024-01-23,1.0,0.01,8.1,3.1941,13.644,25.662,,,,4802.188,10.534,77.87948148148148,9.7240264909,456550.1822256307,,silver_recomputed_only,Elastollan 1195A,False,1195A38_01_23_2024_1126_T55_N10_offaxis_1,Internship_CSM_XSTRMLAB_Sandor_Habets_2024/Load_frame_measurements/Elastollan1195A/1195A38_01_23_2024_1126_T55_N10_offaxis_1.csv,91079cae9fa1ffed9e0d2b9ce2e4fb1e4ed5417fa2bc44f65a24b5a0ed183dc5,1745,source_MATLAB_fixed_height_13.5mm_fixed_radius_13.2522mm_integral_to_first_strain_above_0.5,,
commercial-tpu-impact-fatigue-2024-v1,doi:10.17632/hc6npzvw3m.1,Elastollan 1195A,BASF,48.0,10.0,1.15,-28.0,,commercial_thermoplastic_polyurethane,True,commercial_grade_identity_only,core_tpu_application_experimental,compression_fatigue_and_recovery_supervision,0.6,10.17632/hc6npzvw3m.1|Elastollan 1195A,CC-BY-4.0,reference-186,mendeley_hc6npzvw3m_1195A39_01_23_2024_1137_T55_N10_offaxis_2,1195A39,off_axis_fatigue_response,off_axis,True,10.0,55.0,2024-01-23,2.0,0.01,8.1,3.2018,13.506,25.229,,,,4807.031,10.302,76.16755555555555,10.260361620675003,504119.23599646694,,silver_recomputed_only,Elastollan 1195A,False,1195A39_01_23_2024_1137_T55_N10_offaxis_2,Internship_CSM_XSTRMLAB_Sandor_Habets_2024/Load_frame_measurements/Elastollan1195A/1195A39_01_23_2024_1137_T55_N10_offaxis_2.csv,c9a4819ff6f450c405471f1d418648d9f32dce28bfec785ca5e76def3aab3ad3,1711,source_MATLAB_fixed_height_13.5mm_fixed_radius_13.2522mm_integral_to_first_strain_above_0.5,,
commercial-tpu-impact-fatigue-2024-v1,doi:10.17632/hc6npzvw3m.1,Elastollan 1195A,BASF,48.0,10.0,1.15,-28.0,,commercial_thermoplastic_polyurethane,True,commercial_grade_identity_only,core_tpu_application_experimental,compression_fatigue_and_recovery_supervision,0.6,10.17632/hc6npzvw3m.1|Elastollan 1195A,CC-BY-4.0,reference-186,mendeley_hc6npzvw3m_1195A4_11_28_2023_1039_N100_T20_edot10min2_1,1195A4,on_axis_fatigue_response,on_axis,True,100.0,20.0,2023-11-28,1.0,0.01,8.1,3.1977,13.808,25.858,585593.21,0.51,572613.07,4807.969,10.124,74.72503703703704,10.967210886450005,567669.9580531404,0.8632551727922512,silver_source_recomputed_within_1_5pct,Elastollan 1195A,False,1195A4_11_28_2023_1039_N100_T20_edot10min2_1,Internship_CSM_XSTRMLAB_Sandor_Habets_2024/Load_frame_measurements/Elastollan1195A/1195A4_11_28_2023_1039_N100_T20_edot10min2_1.xlsx,d0ab5266edf16237b5856c0c020019ddf7b6109d2369742674815085a2da495e,1685,source_MATLAB_fixed_height_13.5mm_fixed_radius_13.2522mm_integral_to_first_strain_above_0.5,495030.6333333333,115.67224964327123
commercial-tpu-impact-fatigue-2024-v1,doi:10.17632/hc6npzvw3m.1,Elastollan 1195A,BASF,48.0,10.0,1.15,-28.0,,commercial_thermoplastic_polyurethane,True,commercial_grade_identity_only,core_tpu_application_experimental,compression_fatigue_and_recovery_supervision,0.6,10.17632/hc6npzvw3m.1|Elastollan 1195A,CC-BY-4.0,reference-186,mendeley_hc6npzvw3m_1195A40_01_24_2024_1120_Tmin20_N10_offaxis_1,1195A40,off_axis_fatigue_response,off_axis,True,10.0,-20.0,2024-01-24,1.0,0.01,8.1,3.2382,13.514,25.694,,,,4821.875,9.687,71.8734962962963,9.787485948949998,557562.5351628485,,silver_recomputed_only,Elastollan 1195A,False,1195A40_01_24_2024_1120_Tmin20_N10_offaxis_1,Internship_CSM_XSTRMLAB_Sandor_Habets_2024/Load_frame_measurements/Elastollan1195A/1195A40_01_24_2024_1120_Tmin20_N10_offaxis_1.csv,5494b6a3f3b722f74bd0c9e9f712e1d4a7b6fb0d51a46a96f244b4c28d80ef34,1621,source_MATLAB_fixed_height_13.5mm_fixed_radius_13.2522mm_integral_to_first_strain_above_0.5,,
commercial-tpu-impact-fatigue-2024-v1,doi:10.17632/hc6npzvw3m.1,Elastollan 1195A,BASF,48.0,10.0,1.15,-28.0,,commercial_thermoplastic_polyurethane,True,commercial_grade_identity_only,core_tpu_application_experimental,compression_fatigue_and_recovery_supervision,0.6,10.17632/hc6npzvw3m.1|Elastollan 1195A,CC-BY-4.0,reference-186,mendeley_hc6npzvw3m_1195A41_01_24_2024_1127_Tmin20_N10_offaxis_2,1195A41,off_axis_fatigue_response,off_axis,True,10.0,-20.0,2024-01-24,2.0,0.01,8.1,3.2104,13.581,25.826,,,,4820.469,10.033,73.96925925925926,8.347149240350001,416639.0498187566,,silver_recomputed_only,Elastollan 1195A,False,1195A41_01_24_2024_1127_Tmin20_N10_offaxis_2,Internship_CSM_XSTRMLAB_Sandor_Habets_2024/Load_frame_measurements/Elastollan1195A/1195A41_01_24_2024_1127_Tmin20_N10_offaxis_2.csv,e382b0546703b1908881b45d168c9e2a73b3d3928f0916ff8551eb7d6eeea641,1672,source_MATLAB_fixed_height_13.5mm_fixed_radius_13.2522mm_integral_to_first_strain_above_0.5,,
commercial-tpu-impact-fatigue-2024-v1,doi:10.17632/hc6npzvw3m.1,Elastollan 1195A,BASF,48.0,10.0,1.15,-28.0,,commercial_thermoplastic_polyurethane,True,commercial_grade_identity_only,core_tpu_application_experimental,compression_fatigue_and_recovery_supervision,0.6,10.17632/hc6npzvw3m.1|Elastollan 1195A,CC-BY-4.0,reference-186,mendeley_hc6npzvw3m_1195A5_11_30_2023_1459_N0_T20_edot10min2_2,1195A5,on_axis_fatigue_response,on_axis,True,0.0,20.0,2023-11-30,2.0,0.01,8.1,3.2025,13.582,26.092,766063.61,0.64,514607.26,4822.969,10.527,77.69585185185186,10.010001688725,513412.04054838215,0.23225856775084303,gold_source_recomputed_agree,Elastollan 1195A,False,1195A5_11_30_2023_1459_N0_T20_edot10min2_2,Internship_CSM_XSTRMLAB_Sandor_Habets_2024/Load_frame_measurements/Elastollan1195A/1195A5_11_30_2023_1459_N0_T20_edot10min2_2.xlsx,f43872c414b811459ab4321f4c5b634ff16f5939c920d99c03099a8cdf0b63f6,1744,source_MATLAB_fixed_height_13.5mm_fixed_radius_13.2522mm_integral_to_first_strain_above_0.5,495030.6333333333,103.95462933977352
commercial-tpu-impact-fatigue-2024-v1,doi:10.17632/hc6npzvw3m.1,Elastollan 1195A,BASF,48.0,10.0,1.15,-28.0,,commercial_thermoplastic_polyurethane,True,commercial_grade_identity_only,core_tpu_application_experimental,compression_fatigue_and_recovery_supervision,0.6,10.17632/hc6npzvw3m.1|Elastollan 1195A,CC-BY-4.0,reference-186,mendeley_hc6npzvw3m_1195A6_11_30_2023_1503_N0_T20_edot10min2_3,1195A6,on_axis_fatigue_response,on_axis,True,0.0,20.0,2023-11-30,3.0,0.01,8.1,3.2126,13.598,25.772,676720.86,0.66,460854.85,4825.0,10.732,78.12503703703703,9.210665775549993,460257.598476085,0.12959644970970358,gold_source_recomputed_agree,Elastollan 1195A,False,1195A6_11_30_2023_1503_N0_T20_edot10min2_3,Internship_CSM_XSTRMLAB_Sandor_Habets_2024/Load_frame_measurements/Elastollan1195A/1195A6_11_30_2023_1503_N0_T20_edot10min2_3.xlsx,07298dde21a76ccf270bbab533e88632fcde7e42870fa5dc3edf80eba9cf655e,1774,source_MATLAB_fixed_height_13.5mm_fixed_radius_13.2522mm_integral_to_first_strain_above_0.5,495030.6333333333,93.09622859029803
commercial-tpu-impact-fatigue-2024-v1,doi:10.17632/hc6npzvw3m.1,Elastollan 1195A,BASF,48.0,10.0,1.15,-28.0,,commercial_thermoplastic_polyurethane,True,commercial_grade_identity_only,core_tpu_application_experimental,compression_fatigue_and_recovery_supervision,0.6,10.17632/hc6npzvw3m.1|Elastollan 1195A,CC-BY-4.0,reference-186,mendeley_hc6npzvw3m_1195A7_12_01_2023_1154_N1_T20_edot10min2_2,1195A7,on_axis_fatigue_response,on_axis,True,1.0,20.0,2023-12-01,2.0,0.01,8.1,3.2043,13.568,25.746,622376.97,0.61,498994.91,4807.031,10.034,74.22674074074074,8.638270130525006,499101.66349836125,0.021393704869909665,gold_source_recomputed_agree,Elastollan 1195A,False,1195A7_12_01_2023_1154_N1_T20_edot10min2_2,Internship_CSM_XSTRMLAB_Sandor_Habets_2024/Load_frame_measurements/Elastollan1195A/1195A7_12_01_2023_1154_N1_T20_edot10min2_2.xlsx,d5597819a7167d6f5b1a75b7b786ad38205f0e42627bb54a232c634b1d983d73,1672,source_MATLAB_fixed_height_13.5mm_fixed_radius_13.2522mm_integral_to_first_strain_above_0.5,495030.6333333333,100.80081441424602
commercial-tpu-impact-fatigue-2024-v1,doi:10.17632/hc6npzvw3m.1,Elastollan 1195A,BASF,48.0,10.0,1.15,-28.0,,commercial_thermoplastic_polyurethane,True,commercial_grade_identity_only,core_tpu_application_experimental,compression_fatigue_and_recovery_supervision,0.6,10.17632/hc6npzvw3m.1|Elastollan 1195A,CC-BY-4.0,reference-186,mendeley_hc6npzvw3m_1195A8_12_01_2023_1159_N1_T20_edot10min2_3,1195A8,on_axis_fatigue_response,on_axis,True,1.0,20.0,2023-12-01,3.0,0.01,8.1,3.2071,13.566,26.299,742165.27,0.66,513473.72,4831.563,10.519,77.99385185185186,9.491453422900003,512908.2452061612,0.11012730969731899,gold_source_recomputed_agree,Elastollan 1195A,False,1195A8_12_01_2023_1159_N1_T20_edot10min2_3,Internship_CSM_XSTRMLAB_Sandor_Habets_2024/Load_frame_measurements/Elastollan1195A/1195A8_12_01_2023_1159_N1_T20_edot10min2_3.xlsx,55c324fc732f3739b24b9d01187f78d03a4cf255d5b154d863c4b2c5c8d8125b,1743,source_MATLAB_fixed_height_13.5mm_fixed_radius_13.2522mm_integral_to_first_strain_above_0.5,495030.6333333333,103.72564553075807
commercial-tpu-impact-fatigue-2024-v1,doi:10.17632/hc6npzvw3m.1,Elastollan 1195A,BASF,48.0,10.0,1.15,-28.0,,commercial_thermoplastic_polyurethane,True,commercial_grade_identity_only,core_tpu_application_experimental,compression_fatigue_and_recovery_supervision,0.6,10.17632/hc6npzvw3m.1|Elastollan 1195A,CC-BY-4.0,reference-186,mendeley_hc6npzvw3m_1195A9_12_01_2023_1205_N10_T20_edot10min2_2,1195A9,on_axis_fatigue_response,on_axis,True,10.0,20.0,2023-12-01,2.0,0.01,8.1,3.2142,13.588,25.558,723078.29,0.6,577065.69,4820.0,10.11,74.93962962962962,10.064828209799996,576591.3408661453,0.08220019697490862,gold_source_recomputed_agree,Elastollan 1195A,False,1195A9_12_01_2023_1205_N10_T20_edot10min2_2,Internship_CSM_XSTRMLAB_Sandor_Habets_2024/Load_frame_measurements/Elastollan1195A/1195A9_12_01_2023_1205_N10_T20_edot10min2_2.xlsx,ec07376a1031ae391cb9b1d2ce917b0b51d7aec50661a7326cbcbb869fe83df8,1683,source_MATLAB_fixed_height_13.5mm_fixed_radius_13.2522mm_integral_to_first_strain_above_0.5,495030.6333333333,116.57171317142057
commercial-tpu-impact-fatigue-2024-v1,doi:10.17632/hc6npzvw3m.1,Texin 245,Covestro,43.0,9.0,1.21,-46.0,-68.0,commercial_thermoplastic_polyurethane,True,commercial_grade_identity_only,core_tpu_application_experimental,compression_fatigue_and_recovery_supervision,0.6,10.17632/hc6npzvw3m.1|Texin 245,CC-BY-4.0,reference-186,mendeley_hc6npzvw3m_Texin1_11_21_2023_1529_N0_T20_edot10min2_1,Texin1,on_axis_fatigue_response,on_axis,True,0.0,20.0,2023-11-21,1.0,0.01,8.1,3.4174,13.675,26.332,499309.8,0.49,512453.68,4801.719,10.17,74.73222222222223,10.542635500900001,508838.4485973735,0.7054747665440697,silver_source_recomputed_within_1_5pct,Texin 245,False,Texin1_11_21_2023_1529_N0_T20_edot10min2_1,Internship_CSM_XSTRMLAB_Sandor_Habets_2024/Load_frame_measurements/Texin245/Texin1_11_21_2023_1529_N0_T20_edot10min2_1.xlsx,8ede1a531922ec845e3f3c6f03f3f6dce860ac4ffbab8101b53cd5dd759d94ab,1692,source_MATLAB_fixed_height_13.5mm_fixed_radius_13.2522mm_integral_to_first_strain_above_0.5,535661.96,95.66736454460944
commercial-tpu-impact-fatigue-2024-v1,doi:10.17632/hc6npzvw3m.1,Texin 245,Covestro,43.0,9.0,1.21,-46.0,-68.0,commercial_thermoplastic_polyurethane,True,commercial_grade_identity_only,core_tpu_application_experimental,compression_fatigue_and_recovery_supervision,0.6,10.17632/hc6npzvw3m.1|Texin 245,CC-BY-4.0,reference-186,mendeley_hc6npzvw3m_Texin10_12_01_2023_1235_N10_T20_edot10min2_3,Texin10,on_axis_fatigue_response,on_axis,True,10.0,20.0,2023-12-01,3.0,0.01,8.1,3.3866,13.6,25.974,583492.8,0.61,470462.06,4802.656,10.219,75.35925925925926,8.702035176649995,469435.60392879276,0.21818041420964776,gold_source_recomputed_agree,Texin 245,False,Texin10_12_01_2023_1235_N10_T20_edot10min2_3,Internship_CSM_XSTRMLAB_Sandor_Habets_2024/Load_frame_measurements/Texin245/Texin10_12_01_2023_1235_N10_T20_edot10min2_3.xlsx,b050c7f85c051d003a8db718979e40551951a9589ed5013fe9fd655220056aab,1699,source_MATLAB_fixed_height_13.5mm_fixed_radius_13.2522mm_integral_to_first_strain_above_0.5,535661.96,87.82816311989002
commercial-tpu-impact-fatigue-2024-v1,doi:10.17632/hc6npzvw3m.1,Texin 245,Covestro,43.0,9.0,1.21,-46.0,-68.0,commercial_thermoplastic_polyurethane,True,commercial_grade_identity_only,core_tpu_application_experimental,compression_fatigue_and_recovery_supervision,0.6,10.17632/hc6npzvw3m.1|Texin 245,CC-BY-4.0,reference-186,mendeley_hc6npzvw3m_Texin11_01_22_2024_1543_recovery,Texin11,ambient_recovery_retest,on_axis,False,,20.0,2024-01-22,,0.01,8.1,,,,597331.19,0.63,425874.59,4823.906,10.621,77.86755555555555,8.838808366750001,423836.84475014836,0.47848481635207796,gold_source_recomputed_agree,Texin 245,False,Texin11_01_22_2024_1543_recovery,Internship_CSM_XSTRMLAB_Sandor_Habets_2024/Load_frame_measurements/Texin245/Texin11_01_22_2024_1543_recovery.csv,1b34731bd0a4e6abde2de56980b81affd6496c3231e4b757f4120132f12f48ed,1758,source_MATLAB_fixed_height_13.5mm_fixed_radius_13.2522mm_integral_to_first_strain_above_0.5,535661.96,79.50435569477438
commercial-tpu-impact-fatigue-2024-v1,doi:10.17632/hc6npzvw3m.1,Texin 245,Covestro,43.0,9.0,1.21,-46.0,-68.0,commercial_thermoplastic_polyurethane,True,commercial_grade_identity_only,core_tpu_application_experimental,compression_fatigue_and_recovery_supervision,0.6,10.17632/hc6npzvw3m.1|Texin 245,CC-BY-4.0,reference-186,mendeley_hc6npzvw3m_Texin11_12_07_2023_1205_N100_T20_edot10min2_2,Texin11,on_axis_fatigue_response,on_axis,True,100.0,20.0,2023-12-07,2.0,0.01,8.1,3.4209,13.702,26.318,638590.62,0.59,483603.18,4817.5,10.445,77.81748148148148,10.150527436474997,479826.58921122336,0.780927616889665,silver_source_recomputed_within_1_5pct,Texin 245,False,Texin11_12_07_2023_1205_N100_T20_edot10min2_2,Internship_CSM_XSTRMLAB_Sandor_Habets_2024/Load_frame_measurements/Texin245/Texin11_12_07_2023_1205_N100_T20_edot10min2_2.xlsx,0ca649505056568ef89bdaeaa7828d2243568cc5034c3e4290bb4bbd12305564,1732,source_MATLAB_fixed_height_13.5mm_fixed_radius_13.2522mm_integral_to_first_strain_above_0.5,535661.96,90.28141180680443
commercial-tpu-impact-fatigue-2024-v1,doi:10.17632/hc6npzvw3m.1,Texin 245,Covestro,43.0,9.0,1.21,-46.0,-68.0,commercial_thermoplastic_polyurethane,True,commercial_grade_identity_only,core_tpu_application_experimental,compression_fatigue_and_recovery_supervision,0.6,10.17632/hc6npzvw3m.1|Texin 245,CC-BY-4.0,reference-186,mendeley_hc6npzvw3m_Texin12_01_22_2024_1546_recovery,Texin12,ambient_recovery_retest,on_axis,False,,20.0,2024-01-22,,0.01,8.1,,,,559427.34,0.65,354378.91,4800.156,10.588,77.98437037037037,8.062291916224993,351399.5914679359,0.8407155301832413,silver_source_recomputed_within_1_5pct,Texin 245,False,Texin12_01_22_2024_1546_recovery,Internship_CSM_XSTRMLAB_Sandor_Habets_2024/Load_frame_measurements/Texin245/Texin12_01_22_2024_1546_recovery.csv,09605d07fd18dfd1c697a45450b9123928d93151e74e1d5307a08140e59117aa,1753,source_MATLAB_fixed_height_13.5mm_fixed_radius_13.2522mm_integral_to_first_strain_above_0.5,535661.96,66.1571917483183
commercial-tpu-impact-fatigue-2024-v1,doi:10.17632/hc6npzvw3m.1,Texin 245,Covestro,43.0,9.0,1.21,-46.0,-68.0,commercial_thermoplastic_polyurethane,True,commercial_grade_identity_only,core_tpu_application_experimental,compression_fatigue_and_recovery_supervision,0.6,10.17632/hc6npzvw3m.1|Texin 245,CC-BY-4.0,reference-186,mendeley_hc6npzvw3m_Texin12_12_07_2023_1245_N100_T20_edot10min2_3,Texin12,on_axis_fatigue_response,on_axis,True,100.0,20.0,2023-12-07,3.0,0.01,8.1,3.4313,13.709,25.781,804813.21,0.64,505953.32,4817.656,10.533,77.95814814814815,10.721689447799996,501428.4149884503,0.894332507107515,silver_source_recomputed_within_1_5pct,Texin 245,False,Texin12_12_07_2023_1245_N100_T20_edot10min2_3,Internship_CSM_XSTRMLAB_Sandor_Habets_2024/Load_frame_measurements/Texin245/Texin12_12_07_2023_1245_N100_T20_edot10min2_3.xlsx,a6612dea85b78e2e96b658348f2f7497b784a1abc550c1b2186699a5ae5da6c4,1745,source_MATLAB_fixed_height_13.5mm_fixed_radius_13.2522mm_integral_to_first_strain_above_0.5,535661.96,94.4538454812061
commercial-tpu-impact-fatigue-2024-v1,doi:10.17632/hc6npzvw3m.1,Texin 245,Covestro,43.0,9.0,1.21,-46.0,-68.0,commercial_thermoplastic_polyurethane,True,commercial_grade_identity_only,core_tpu_application_experimental,compression_fatigue_and_recovery_supervision,0.6,10.17632/hc6npzvw3m.1|Texin 245,CC-BY-4.0,reference-186,mendeley_hc6npzvw3m_Texin13_12_19_2023_1129_N0_T55_edot10min2_1,Texin13,on_axis_fatigue_response,on_axis,True,0.0,55.0,2023-12-19,1.0,0.01,8.1,3.4144,13.72,25.708,,,,4804.375,10.498,75.71214814814815,8.650335684024993,349886.1689527163,,silver_recomputed_only,Texin 245,False,Texin13_12_19_2023_1129_N0_T55_edot10min2_1,Internship_CSM_XSTRMLAB_Sandor_Habets_2024/Load_frame_measurements/Texin245/Texin13_12_19_2023_1129_N0_T55_edot10min2_1.xlsx,a0e477e9df6263f1fe0483b37a12645eae3cd95e2a5a31f812959a49da11cdd2,1740,source_MATLAB_fixed_height_13.5mm_fixed_radius_13.2522mm_integral_to_first_strain_above_0.5,,
commercial-tpu-impact-fatigue-2024-v1,doi:10.17632/hc6npzvw3m.1,Texin 245,Covestro,43.0,9.0,1.21,-46.0,-68.0,commercial_thermoplastic_polyurethane,True,commercial_grade_identity_only,core_tpu_application_experimental,compression_fatigue_and_recovery_supervision,0.6,10.17632/hc6npzvw3m.1|Texin 245,CC-BY-4.0,reference-186,mendeley_hc6npzvw3m_Texin14_12_19_2023_1204_N0_T55_edot10min2_2,Texin14,on_axis_fatigue_response,on_axis,True,0.0,55.0,2023-12-19,2.0,0.01,8.1,3.4038,13.614,25.388,,,,4825.469,10.751,76.89,8.751913297825,344368.1751496557,,silver_recomputed_only,Texin 245,False,Texin14_12_19_2023_1204_N0_T55_edot10min2_2,Internship_CSM_XSTRMLAB_Sandor_Habets_2024/Load_frame_measurements/Texin245/Texin14_12_19_2023_1204_N0_T55_edot10min2_2.xlsx,24a440b012950fb9aba9c8d1b607b8a1edaa7cd3d85cdb121ffba0deee9984f0,1777,source_MATLAB_fixed_height_13.5mm_fixed_radius_13.2522mm_integral_to_first_strain_above_0.5,,
commercial-tpu-impact-fatigue-2024-v1,doi:10.17632/hc6npzvw3m.1,Texin 245,Covestro,43.0,9.0,1.21,-46.0,-68.0,commercial_thermoplastic_polyurethane,True,commercial_grade_identity_only,core_tpu_application_experimental,compression_fatigue_and_recovery_supervision,0.6,10.17632/hc6npzvw3m.1|Texin 245,CC-BY-4.0,reference-186,mendeley_hc6npzvw3m_Texin15_12_19_2023_1302_N0_T55_edot10min2_3,Texin15,on_axis_fatigue_response,on_axis,True,0.0,55.0,2023-12-19,3.0,0.01,8.1,3.2017,13.593,24.166,,,,4813.594,10.662,76.71355555555556,8.517887330675007,344071.2601965509,,silver_recomputed_only,Texin 245,False,Texin15_12_19_2023_1302_N0_T55_edot10min2_3,Internship_CSM_XSTRMLAB_Sandor_Habets_2024/Load_frame_measurements/Texin245/Texin15_12_19_2023_1302_N0_T55_edot10min2_3.xlsx,182b928a6eeb318db0db6dcf88144e5ba0668a396a98054097775676b7a0faf2,1764,source_MATLAB_fixed_height_13.5mm_fixed_radius_13.2522mm_integral_to_first_strain_above_0.5,,
commercial-tpu-impact-fatigue-2024-v1,doi:10.17632/hc6npzvw3m.1,Texin 245,Covestro,43.0,9.0,1.21,-46.0,-68.0,commercial_thermoplastic_polyurethane,True,commercial_grade_identity_only,core_tpu_application_experimental,compression_fatigue_and_recovery_supervision,0.6,10.17632/hc6npzvw3m.1|Texin 245,CC-BY-4.0,reference-186,mendeley_hc6npzvw3m_Texin16_12_19_2023_2033_N1_T55_edot10min2_1,Texin16,on_axis_fatigue_response,on_axis,True,1.0,55.0,2023-12-19,1.0,0.01,8.1,3.4139,13.591,25.906,,,,4802.344,10.609,75.91244444444443,7.838157417975002,302161.93785767286,,silver_recomputed_only,Texin 245,False,Texin16_12_19_2023_2033_N1_T55_edot10min2_1,Internship_CSM_XSTRMLAB_Sandor_Habets_2024/Load_frame_measurements/Texin245/Texin16_12_19_2023_2033_N1_T55_edot10min2_1.xlsx,37829700eff6168d828753d5d6855a87288a9417bee16217127bceb7dc66868e,1756,source_MATLAB_fixed_height_13.5mm_fixed_radius_13.2522mm_integral_to_first_strain_above_0.5,,
commercial-tpu-impact-fatigue-2024-v1,doi:10.17632/hc6npzvw3m.1,Texin 245,Covestro,43.0,9.0,1.21,-46.0,-68.0,commercial_thermoplastic_polyurethane,True,commercial_grade_identity_only,core_tpu_application_experimental,compression_fatigue_and_recovery_supervision,0.6,10.17632/hc6npzvw3m.1|Texin 245,CC-BY-4.0,reference-186,mendeley_hc6npzvw3m_Texin17_12_19_2023_1947_N1_T55_edot10min2_2,Texin17,on_axis_fatigue_response,on_axis,True,1.0,55.0,2023-12-19,2.0,0.01,8.1,3.4187,13.627,25.991,,,,4800.938,10.773,77.03303703703703,7.371633577024998,276153.5216031877,,silver_recomputed_only,Texin 245,False,Texin17_12_19_2023_1947_N1_T55_edot10min2_2,Internship_CSM_XSTRMLAB_Sandor_Habets_2024/Load_frame_measurements/Texin245/Texin17_12_19_2023_1947_N1_T55_edot10min2_2.xlsx,d8f444027267b666129d8ed16b284f7a684126ec526b5d0cade9fcc4343ee9e1,1780,source_MATLAB_fixed_height_13.5mm_fixed_radius_13.2522mm_integral_to_first_strain_above_0.5,,
commercial-tpu-impact-fatigue-2024-v1,doi:10.17632/hc6npzvw3m.1,Texin 245,Covestro,43.0,9.0,1.21,-46.0,-68.0,commercial_thermoplastic_polyurethane,True,commercial_grade_identity_only,core_tpu_application_experimental,compression_fatigue_and_recovery_supervision,0.6,10.17632/hc6npzvw3m.1|Texin 245,CC-BY-4.0,reference-186,mendeley_hc6npzvw3m_Texin18_12_19_2023_1901_N1_T55_edot10min2_3,Texin18,on_axis_fatigue_response,on_axis,True,1.0,55.0,2023-12-19,3.0,0.01,8.1,3.416,13.582,25.646,,,,4808.281,10.746,77.01874074074074,8.289494231125001,322650.5902907024,,silver_recomputed_only,Texin 245,False,Texin18_12_19_2023_1901_N1_T55_edot10min2_3,Internship_CSM_XSTRMLAB_Sandor_Habets_2024/Load_frame_measurements/Texin245/Texin18_12_19_2023_1901_N1_T55_edot10min2_3.xlsx,2764de165b056a382fecf0f34ff9174c7f322e52de2d677b8498784147f96389,1776,source_MATLAB_fixed_height_13.5mm_fixed_radius_13.2522mm_integral_to_first_strain_above_0.5,,
commercial-tpu-impact-fatigue-2024-v1,doi:10.17632/hc6npzvw3m.1,Texin 245,Covestro,43.0,9.0,1.21,-46.0,-68.0,commercial_thermoplastic_polyurethane,True,commercial_grade_identity_only,core_tpu_application_experimental,compression_fatigue_and_recovery_supervision,0.6,10.17632/hc6npzvw3m.1|Texin 245,CC-BY-4.0,reference-186,mendeley_hc6npzvw3m_Texin19_12_20_2023_1314_N10_T55_edot10min2_1,Texin19,on_axis_fatigue_response,on_axis,True,10.0,55.0,2023-12-20,1.0,0.01,8.1,3.4229,13.572,25.204,,,,4816.875,10.683,76.80177777777779,8.29889807685,311428.02409481816,,silver_recomputed_only,Texin 245,False,Texin19_12_20_2023_1314_N10_T55_edot10min2_1,Internship_CSM_XSTRMLAB_Sandor_Habets_2024/Load_frame_measurements/Texin245/Texin19_12_20_2023_1314_N10_T55_edot10min2_1.xlsx,497ff42bc856594ebfb0c33c1167c9e6bcf1ec57f2bb9e47bb90e461667d3d1f,1767,source_MATLAB_fixed_height_13.5mm_fixed_radius_13.2522mm_integral_to_first_strain_above_0.5,,
commercial-tpu-impact-fatigue-2024-v1,doi:10.17632/hc6npzvw3m.1,Texin 245,Covestro,43.0,9.0,1.21,-46.0,-68.0,commercial_thermoplastic_polyurethane,True,commercial_grade_identity_only,core_tpu_application_experimental,compression_fatigue_and_recovery_supervision,0.6,10.17632/hc6npzvw3m.1|Texin 245,CC-BY-4.0,reference-186,mendeley_hc6npzvw3m_Texin2_11_22_2023_1615_N1_T20_edot10min2_1,Texin2,on_axis_fatigue_response,on_axis,True,1.0,20.0,2023-11-22,1.0,0.01,8.1,3.4113,13.724,25.819,481905.83,0.48,508394.76,4819.063,10.069,73.90011851851852,10.646554821000008,502880.0303135011,1.0847337778420323,silver_source_recomputed_within_1_5pct,Texin 245,False,Texin2_11_22_2023_1615_N1_T20_edotmin2_1,Internship_CSM_XSTRMLAB_Sandor_Habets_2024/Load_frame_measurements/Texin245/Texin2_11_22_2023_1615_N1_T20_edot10min2_1.xlsx,117ad8f97c26f2db43216cb30bb47f538d9d942b917d12ab0b494204354201cd,1677,source_MATLAB_fixed_height_13.5mm_fixed_radius_13.2522mm_integral_to_first_strain_above_0.5,535661.96,94.90962546603086
commercial-tpu-impact-fatigue-2024-v1,doi:10.17632/hc6npzvw3m.1,Texin 245,Covestro,43.0,9.0,1.21,-46.0,-68.0,commercial_thermoplastic_polyurethane,True,commercial_grade_identity_only,core_tpu_application_experimental,compression_fatigue_and_recovery_supervision,0.6,10.17632/hc6npzvw3m.1|Texin 245,CC-BY-4.0,reference-186,mendeley_hc6npzvw3m_Texin20_12_20_2023_1534_N10_T55_edot10min2_2,Texin20,on_axis_fatigue_response,on_axis,True,10.0,55.0,2023-12-20,2.0,0.01,8.1,3.4253,13.62,25.331,,,,4467.031,10.987,78.12503703703703,7.002718700525001,260666.0707628532,,silver_recomputed_only,Texin 245,False,Texin20_12_20_2023_1534_N10_T55_edot10min2_2,Internship_CSM_XSTRMLAB_Sandor_Habets_2024/Load_frame_measurements/Texin245/Texin20_12_20_2023_1534_N10_T55_edot10min2_2.xlsx,259e77c39987ea357b8caa2eff90b4e67c585bc9c94a691553ad4537bcf9b7b3,1977,source_MATLAB_fixed_height_13.5mm_fixed_radius_13.2522mm_integral_to_first_strain_above_0.5,,
commercial-tpu-impact-fatigue-2024-v1,doi:10.17632/hc6npzvw3m.1,Texin 245,Covestro,43.0,9.0,1.21,-46.0,-68.0,commercial_thermoplastic_polyurethane,True,commercial_grade_identity_only,core_tpu_application_experimental,compression_fatigue_and_recovery_supervision,0.6,10.17632/hc6npzvw3m.1|Texin 245,CC-BY-4.0,reference-186,mendeley_hc6npzvw3m_Texin21_12_20_2023_1632_N10_T55_edot10min2_3,Texin21,on_axis_fatigue_response,on_axis,True,10.0,55.0,2023-12-20,3.0,0.01,8.1,3.4099,13.624,25.776,,,,4815.781,10.535,75.59770370370371,7.0014125624250045,232392.23234935684,,silver_recomputed_only,Texin 245,False,Texin21_12_20_2023_1632_N10_T55_edot10min2_3,Internship_CSM_XSTRMLAB_Sandor_Habets_2024/Load_frame_measurements/Texin245/Texin21_12_20_2023_1632_N10_T55_edot10min2_3.xlsx,0faea6cec0175544ac17d281d046eaa262a114587ea67e716c41bd12f5be5144,1745,source_MATLAB_fixed_height_13.5mm_fixed_radius_13.2522mm_integral_to_first_strain_above_0.5,,
commercial-tpu-impact-fatigue-2024-v1,doi:10.17632/hc6npzvw3m.1,Texin 245,Covestro,43.0,9.0,1.21,-46.0,-68.0,commercial_thermoplastic_polyurethane,True,commercial_grade_identity_only,core_tpu_application_experimental,compression_fatigue_and_recovery_supervision,0.6,10.17632/hc6npzvw3m.1|Texin 245,CC-BY-4.0,reference-186,mendeley_hc6npzvw3m_Texin22_12_29_2023_1614_N1_T55_edot10min2_1,Texin22,on_axis_fatigue_response,on_axis,True,1.0,55.0,2023-12-29,1.0,0.01,8.1,3.4055,13.54,25.982,,,,4815.781,10.32,76.19851851851851,9.760400593525006,442193.1696539047,,silver_recomputed_only,Texin 245,False,Texin22_12_29_2023_1614_N1_T55_edot10min2_1,Internship_CSM_XSTRMLAB_Sandor_Habets_2024/Load_frame_measurements/Texin245/Texin22_12_29_2023_1614_N1_T55_edot10min2_1.xlsx,c32284e24ffdca193b4ac55c39001232659fafec5b7525a9c8e57563b5267158,1714,source_MATLAB_fixed_height_13.5mm_fixed_radius_13.2522mm_integral_to_first_strain_above_0.5,,
commercial-tpu-impact-fatigue-2024-v1,doi:10.17632/hc6npzvw3m.1,Texin 245,Covestro,43.0,9.0,1.21,-46.0,-68.0,commercial_thermoplastic_polyurethane,True,commercial_grade_identity_only,core_tpu_application_experimental,compression_fatigue_and_recovery_supervision,0.6,10.17632/hc6npzvw3m.1|Texin 245,CC-BY-4.0,reference-186,mendeley_hc6npzvw3m_Texin23_12_29_2023_1429_N1_T55_edot10min2_2,Texin23,on_axis_fatigue_response,on_axis,True,1.0,55.0,2023-12-29,2.0,0.01,8.1,3.4208,13.538,25.544,,,,4825.156,10.108,74.70362962962963,9.466673360125004,467029.0373195911,,silver_recomputed_only,Texin 245,False,Texin23_12_29_2023_1429_N1_T55_edot10min2_2,Internship_CSM_XSTRMLAB_Sandor_Habets_2024/Load_frame_measurements/Texin245/Texin23_12_29_2023_1429_N1_T55_edot10min2_2.xlsx,3e7ca4dcbee0980332ca8d6b530f960bc08947bb6b8d6d96ba5e4d728656ffb0,1683,source_MATLAB_fixed_height_13.5mm_fixed_radius_13.2522mm_integral_to_first_strain_above_0.5,,
commercial-tpu-impact-fatigue-2024-v1,doi:10.17632/hc6npzvw3m.1,Texin 245,Covestro,43.0,9.0,1.21,-46.0,-68.0,commercial_thermoplastic_polyurethane,True,commercial_grade_identity_only,core_tpu_application_experimental,compression_fatigue_and_recovery_supervision,0.6,10.17632/hc6npzvw3m.1|Texin 245,CC-BY-4.0,reference-186,mendeley_hc6npzvw3m_Texin24_12_29_2023_1523_N1_T55_edot10min2_3,Texin24,on_axis_fatigue_response,on_axis,True,1.0,55.0,2023-12-29,3.0,0.01,8.1,3.4204,13.591,24.761,,,,4824.688,10.357,77.27622222222223,9.435214959949999,434170.9147183053,,silver_recomputed_only,Texin 245,False,Texin24_12_29_2023_1523_N1_T55_edot10min2_3,Internship_CSM_XSTRMLAB_Sandor_Habets_2024/Load_frame_measurements/Texin245/Texin24_12_29_2023_1523_N1_T55_edot10min2_3.xlsx,8c75d0bfd2978a59b89409b4d507db0465deebb29b8b178cb035255a8f424f5d,1719,source_MATLAB_fixed_height_13.5mm_fixed_radius_13.2522mm_integral_to_first_strain_above_0.5,,
commercial-tpu-impact-fatigue-2024-v1,doi:10.17632/hc6npzvw3m.1,Texin 245,Covestro,43.0,9.0,1.21,-46.0,-68.0,commercial_thermoplastic_polyurethane,True,commercial_grade_identity_only,core_tpu_application_experimental,compression_fatigue_and_recovery_supervision,0.6,10.17632/hc6npzvw3m.1|Texin 245,CC-BY-4.0,reference-186,mendeley_hc6npzvw3m_Texin25_12_31_2023_1316_N10_T55_edot10min2_1,Texin25,on_axis_fatigue_response,on_axis,True,10.0,55.0,2023-12-31,1.0,0.01,8.1,3.4124,13.534,26.079,,,,4802.813,10.097,74.82762962962963,7.6945182373000005,336820.7367343369,,silver_recomputed_only,Texin 245,False,Texin25_12_31_2023_1316_N10_T55_edot10min2_1,Internship_CSM_XSTRMLAB_Sandor_Habets_2024/Load_frame_measurements/Texin245/Texin25_12_31_2023_1316_N10_T55_edot10min2_1.xlsx,9516120b81a4a72f22637eda3eab30ec1c1851f1a27fad10d93ee9bac85f60e9,1681,source_MATLAB_fixed_height_13.5mm_fixed_radius_13.2522mm_integral_to_first_strain_above_0.5,,
commercial-tpu-impact-fatigue-2024-v1,doi:10.17632/hc6npzvw3m.1,Texin 245,Covestro,43.0,9.0,1.21,-46.0,-68.0,commercial_thermoplastic_polyurethane,True,commercial_grade_identity_only,core_tpu_application_experimental,compression_fatigue_and_recovery_supervision,0.6,10.17632/hc6npzvw3m.1|Texin 245,CC-BY-4.0,reference-186,mendeley_hc6npzvw3m_Texin26_12_31_2023_1415_N10_T55_edot10min2_2,Texin26,on_axis_fatigue_response,on_axis,True,10.0,55.0,2023-12-31,2.0,0.01,8.1,3.406,13.558,25.368,,,,4815.625,9.767,72.00701481481482,9.278658226824998,479073.28612486203,,silver_recomputed_only,Texin 245,False,Texin26_12_31_2023_1415_N10_T55_edot10min2_2,Internship_CSM_XSTRMLAB_Sandor_Habets_2024/Load_frame_measurements/Texin245/Texin26_12_31_2023_1415_N10_T55_edot10min2_2.xlsx,0120517da25a2d25d3566fcf713258241a4bafc6f9b79933e6d5fd6bdb941453,1633,source_MATLAB_fixed_height_13.5mm_fixed_radius_13.2522mm_integral_to_first_strain_above_0.5,,
commercial-tpu-impact-fatigue-2024-v1,doi:10.17632/hc6npzvw3m.1,Texin 245,Covestro,43.0,9.0,1.21,-46.0,-68.0,commercial_thermoplastic_polyurethane,True,commercial_grade_identity_only,core_tpu_application_experimental,compression_fatigue_and_recovery_supervision,0.6,10.17632/hc6npzvw3m.1|Texin 245,CC-BY-4.0,reference-186,mendeley_hc6npzvw3m_Texin27_12_31_2023_1524_N10_T55_edot10min2_3,Texin27,on_axis_fatigue_response,on_axis,True,10.0,55.0,2023-12-31,3.0,0.01,8.1,3.4085,13.526,25.385,,,,4816.875,10.397,77.87466666666667,9.0520480056,396597.37086580636,,silver_recomputed_only,Texin 245,False,Texin27_12_31_2023_1524_N10_T55_edot10min2_3,Internship_CSM_XSTRMLAB_Sandor_Habets_2024/Load_frame_measurements/Texin245/Texin27_12_31_2023_1524_N10_T55_edot10min2_3.xlsx,f60e01abc8c3854b17746fca9af48a262a653dec87f1349e8e97ea97aaaa14ff,1725,source_MATLAB_fixed_height_13.5mm_fixed_radius_13.2522mm_integral_to_first_strain_above_0.5,,
commercial-tpu-impact-fatigue-2024-v1,doi:10.17632/hc6npzvw3m.1,Texin 245,Covestro,43.0,9.0,1.21,-46.0,-68.0,commercial_thermoplastic_polyurethane,True,commercial_grade_identity_only,core_tpu_application_experimental,compression_fatigue_and_recovery_supervision,0.6,10.17632/hc6npzvw3m.1|Texin 245,CC-BY-4.0,reference-186,mendeley_hc6npzvw3m_Texin28_01_03_2023_1227_N1_Tmin20_edot10min2_1,Texin28,on_axis_fatigue_response,on_axis,True,1.0,-20.0,2023-01-03,1.0,0.01,8.1,3.4227,13.587,25.745,,,,4801.563,10.138,75.11844444444445,10.022794946799998,521773.7009568492,,silver_recomputed_only,Texin 245,False,Texin28_01_03_2023_1227_N1_Tmin20_edot10min2_1,Internship_CSM_XSTRMLAB_Sandor_Habets_2024/Load_frame_measurements/Texin245/Texin28_01_03_2023_1227_N1_Tmin20_edot10min2_1.xlsx,67f6faf5f9b9d6fe1a040fb30eb1b6efee29031cb9ea3e02de4d5f7f22e40b13,1687,source_MATLAB_fixed_height_13.5mm_fixed_radius_13.2522mm_integral_to_first_strain_above_0.5,,
commercial-tpu-impact-fatigue-2024-v1,doi:10.17632/hc6npzvw3m.1,Texin 245,Covestro,43.0,9.0,1.21,-46.0,-68.0,commercial_thermoplastic_polyurethane,True,commercial_grade_identity_only,core_tpu_application_experimental,compression_fatigue_and_recovery_supervision,0.6,10.17632/hc6npzvw3m.1|Texin 245,CC-BY-4.0,reference-186,mendeley_hc6npzvw3m_Texin29_01_03_2023_1128_N1_Tmin20_edot10min2_2,Texin29,on_axis_fatigue_response,on_axis,True,1.0,-20.0,2023-01-03,2.0,0.01,8.1,3.4252,13.521,25.517,,,,4825.156,10.41,77.14985185185185,8.952043925450004,440473.736508947,,silver_recomputed_only,Texin 245,False,Texin29_01_03_2023_1128_N1_Tmin20_edot10min2_2,Internship_CSM_XSTRMLAB_Sandor_Habets_2024/Load_frame_measurements/Texin245/Texin29_01_03_2023_1128_N1_Tmin20_edot10min2_2.xlsx,bb29c04ec6a900c0f08564e5f53bba7b13683f2c6f312ca706976d4b5a9defec,1727,source_MATLAB_fixed_height_13.5mm_fixed_radius_13.2522mm_integral_to_first_strain_above_0.5,,
commercial-tpu-impact-fatigue-2024-v1,doi:10.17632/hc6npzvw3m.1,Texin 245,Covestro,43.0,9.0,1.21,-46.0,-68.0,commercial_thermoplastic_polyurethane,True,commercial_grade_identity_only,core_tpu_application_experimental,compression_fatigue_and_recovery_supervision,0.6,10.17632/hc6npzvw3m.1|Texin 245,CC-BY-4.0,reference-186,mendeley_hc6npzvw3m_Texin3_11_23_2023_1243_N10_T20_edot10min2_1,Texin3,on_axis_fatigue_response,on_axis,True,10.0,20.0,2023-11-23,1.0,0.01,8.1,3.4056,13.704,25.546,511273.7,0.52,485772.42,4800.469,10.545,77.99866666666667,11.009349937800003,481721.45591205487,0.8339222074289682,silver_source_recomputed_within_1_5pct,Texin 245,False,Texin3_11_23_2023_1243_N10_T20_edotmin2_1,Internship_CSM_XSTRMLAB_Sandor_Habets_2024/Load_frame_measurements/Texin245/Texin3_11_23_2023_1243_N10_T20_edot10min2_1.xlsx,85f25030e628a7e0bd27c400df52ea049bee9e6ddd40c36da92add012bca4133,1747,source_MATLAB_fixed_height_13.5mm_fixed_radius_13.2522mm_integral_to_first_strain_above_0.5,535661.96,90.68637616156279
commercial-tpu-impact-fatigue-2024-v1,doi:10.17632/hc6npzvw3m.1,Texin 245,Covestro,43.0,9.0,1.21,-46.0,-68.0,commercial_thermoplastic_polyurethane,True,commercial_grade_identity_only,core_tpu_application_experimental,compression_fatigue_and_recovery_supervision,0.6,10.17632/hc6npzvw3m.1|Texin 245,CC-BY-4.0,reference-186,mendeley_hc6npzvw3m_Texin30_01_03_2023_1055_N1_Tmin20_edot10min2_3,Texin30,on_axis_fatigue_response,on_axis,True,1.0,-20.0,2023-01-03,3.0,0.01,8.1,3.4166,13.582,26.102,,,,4804.375,10.171,75.08748148148149,8.925322537299998,433752.4220879346,,silver_recomputed_only,Texin 245,False,Texin30_01_03_2023_1055_N1_Tmin20_edot10min2_3,Internship_CSM_XSTRMLAB_Sandor_Habets_2024/Load_frame_measurements/Texin245/Texin30_01_03_2023_1055_N1_Tmin20_edot10min2_3.xlsx,ad042eb13ebb175a3567289726735fe4c159c00a172b5a1ec45c992d1a2b094e,1692,source_MATLAB_fixed_height_13.5mm_fixed_radius_13.2522mm_integral_to_first_strain_above_0.5,,
commercial-tpu-impact-fatigue-2024-v1,doi:10.17632/hc6npzvw3m.1,Texin 245,Covestro,43.0,9.0,1.21,-46.0,-68.0,commercial_thermoplastic_polyurethane,True,commercial_grade_identity_only,core_tpu_application_experimental,compression_fatigue_and_recovery_supervision,0.6,10.17632/hc6npzvw3m.1|Texin 245,CC-BY-4.0,reference-186,mendeley_hc6npzvw3m_Texin31_01_03_2023_1539_N10_Tmin20_edot10min2_1,Texin31,on_axis_fatigue_response,on_axis,True,10.0,-20.0,2023-01-03,1.0,0.01,8.1,3.4151,13.527,25.431,,,,4806.875,10.217,75.9434074074074,8.949222453250002,424785.0624822504,,silver_recomputed_only,Texin 245,False,Texin31_01_03_2023_1539_N10_Tmin20_edot10min2_1,Internship_CSM_XSTRMLAB_Sandor_Habets_2024/Load_frame_measurements/Texin245/Texin31_01_03_2023_1539_N10_Tmin20_edot10min2_1.xlsx,1108129a6662b042d1a042f430e095532bb3c528d65331331780cfc064669262,1699,source_MATLAB_fixed_height_13.5mm_fixed_radius_13.2522mm_integral_to_first_strain_above_0.5,,
commercial-tpu-impact-fatigue-2024-v1,doi:10.17632/hc6npzvw3m.1,Texin 245,Covestro,43.0,9.0,1.21,-46.0,-68.0,commercial_thermoplastic_polyurethane,True,commercial_grade_identity_only,core_tpu_application_experimental,compression_fatigue_and_recovery_supervision,0.6,10.17632/hc6npzvw3m.1|Texin 245,CC-BY-4.0,reference-186,mendeley_hc6npzvw3m_Texin32_01_03_2023_1446_N10_Tmin20_edot10min2_2,Texin32,on_axis_fatigue_response,on_axis,True,10.0,-20.0,2023-01-03,2.0,0.01,8.1,3.4337,13.583,25.621,,,,4810.313,10.623,78.12503703703703,10.121914405049994,478903.3108654015,,silver_recomputed_only,Texin 245,False,Texin32_01_03_2023_1446_N10_Tmin20_edot10min2_2,Internship_CSM_XSTRMLAB_Sandor_Habets_2024/Load_frame_measurements/Texin245/Texin32_01_03_2023_1446_N10_Tmin20_edot10min2_2.xlsx,a9341167ea9acbd2e3175f2cbec4356a0e6a7f6a2e0f7a8166dd540a714ca679,1758,source_MATLAB_fixed_height_13.5mm_fixed_radius_13.2522mm_integral_to_first_strain_above_0.5,,
commercial-tpu-impact-fatigue-2024-v1,doi:10.17632/hc6npzvw3m.1,Texin 245,Covestro,43.0,9.0,1.21,-46.0,-68.0,commercial_thermoplastic_polyurethane,True,commercial_grade_identity_only,core_tpu_application_experimental,compression_fatigue_and_recovery_supervision,0.6,10.17632/hc6npzvw3m.1|Texin 245,CC-BY-4.0,reference-186,mendeley_hc6npzvw3m_Texin33_01_03_2023_1354_N10_Tmin20_edot10min2_3,Texin33,on_axis_fatigue_response,on_axis,True,10.0,-20.0,2023-01-03,3.0,0.01,8.1,3.4062,13.525,25.474,,,,4824.219,9.96,74.33407407407408,9.22763032575,466510.12087385735,,silver_recomputed_only,Texin 245,False,Texin33_01_03_2023_1354_N10_Tmin20_edot10min2_3,Internship_CSM_XSTRMLAB_Sandor_Habets_2024/Load_frame_measurements/Texin245/Texin33_01_03_2023_1354_N10_Tmin20_edot10min2_3.xlsx,da45ffaef8b892feadec3b97606315b8e1c5e342cd21c4286f035f09558767df,1661,source_MATLAB_fixed_height_13.5mm_fixed_radius_13.2522mm_integral_to_first_strain_above_0.5,,
commercial-tpu-impact-fatigue-2024-v1,doi:10.17632/hc6npzvw3m.1,Texin 245,Covestro,43.0,9.0,1.21,-46.0,-68.0,commercial_thermoplastic_polyurethane,True,commercial_grade_identity_only,core_tpu_application_experimental,compression_fatigue_and_recovery_supervision,0.6,10.17632/hc6npzvw3m.1|Texin 245,CC-BY-4.0,reference-186,mendeley_hc6npzvw3m_Texin34_01_23_2024_1046_T20_N10_offaxis_1,Texin34,off_axis_fatigue_response,off_axis,True,10.0,20.0,2024-01-23,1.0,0.01,8.1,3.4009,13.519,25.321,748332.37,0.61,539228.08,4804.375,10.061,74.58918518518519,9.957636001775002,538985.2652462479,0.04503006478299227,gold_source_recomputed_agree,Texin-245,False,Texin34_01_23_2024_1046_T20_N10_offaxis_1,Internship_CSM_XSTRMLAB_Sandor_Habets_2024/Load_frame_measurements/Texin245/Texin34_01_23_2024_1046_T20_N10_offaxis_1.csv,ff224cbc3c23d59278ff7603a4492f4d25b3f9caba44895a99ab0ddaf5c5f8ea,1676,source_MATLAB_fixed_height_13.5mm_fixed_radius_13.2522mm_integral_to_first_strain_above_0.5,,
commercial-tpu-impact-fatigue-2024-v1,doi:10.17632/hc6npzvw3m.1,Texin 245,Covestro,43.0,9.0,1.21,-46.0,-68.0,commercial_thermoplastic_polyurethane,True,commercial_grade_identity_only,core_tpu_application_experimental,compression_fatigue_and_recovery_supervision,0.6,10.17632/hc6npzvw3m.1|Texin 245,CC-BY-4.0,reference-186,mendeley_hc6npzvw3m_Texin35_01_23_2024_1053_T20_N10_offaxis_2,Texin35,off_axis_fatigue_response,off_axis,True,10.0,20.0,2024-01-23,2.0,0.01,8.1,3.4066,13.503,25.627,503856.21,0.48,532068.55,4800.156,10.152,75.13037037037037,11.121267230449998,532186.7873933034,0.02222221052217964,gold_source_recomputed_agree,Texin-245,False,Texin35_01_23_2024_1053_T20_N10_offaxis_2,Internship_CSM_XSTRMLAB_Sandor_Habets_2024/Load_frame_measurements/Texin245/Texin35_01_23_2024_1053_T20_N10_offaxis_2.csv,6a6de8772df4856cf3d348231e549861c0c18da2750fba3599278ff7720a60cb,1689,source_MATLAB_fixed_height_13.5mm_fixed_radius_13.2522mm_integral_to_first_strain_above_0.5,,
commercial-tpu-impact-fatigue-2024-v1,doi:10.17632/hc6npzvw3m.1,Texin 245,Covestro,43.0,9.0,1.21,-46.0,-68.0,commercial_thermoplastic_polyurethane,True,commercial_grade_identity_only,core_tpu_application_experimental,compression_fatigue_and_recovery_supervision,0.6,10.17632/hc6npzvw3m.1|Texin 245,CC-BY-4.0,reference-186,mendeley_hc6npzvw3m_Texin36_01_24_2024_1505_T20_N100_offaxis_1,Texin36,off_axis_fatigue_response,off_axis,True,100.0,20.0,2024-01-24,1.0,0.01,8.1,3.412,13.552,25.934,622428.87,0.56,534169.04,4815.156,9.83,72.75328888888889,10.006674883250001,533091.9240201133,0.20164328128914588,gold_source_recomputed_agree,Texin-245,False,Texin36_01_24_2024_1505_T20_N100_offaxis_1,Internship_CSM_XSTRMLAB_Sandor_Habets_2024/Load_frame_measurements/Texin245/Texin36_01_24_2024_1505_T20_N100_offaxis_1.csv,7025c9051cb0c4f14f2543d7d0ddce8ab8dc038c80a862d4bce71b619d8c091b,1642,source_MATLAB_fixed_height_13.5mm_fixed_radius_13.2522mm_integral_to_first_strain_above_0.5,,
commercial-tpu-impact-fatigue-2024-v1,doi:10.17632/hc6npzvw3m.1,Texin 245,Covestro,43.0,9.0,1.21,-46.0,-68.0,commercial_thermoplastic_polyurethane,True,commercial_grade_identity_only,core_tpu_application_experimental,compression_fatigue_and_recovery_supervision,0.6,10.17632/hc6npzvw3m.1|Texin 245,CC-BY-4.0,reference-186,mendeley_hc6npzvw3m_Texin38_01_23_2024_1145_T55_N10_offaxis_1,Texin38,off_axis_fatigue_response,off_axis,True,10.0,55.0,2024-01-23,1.0,0.01,8.1,3.417,13.629,25.48,,,,4807.813,10.041,74.39125925925927,10.164097438524998,525516.5694468886,,silver_recomputed_only,Texin-245,False,Texin38_01_23_2024_1145_T55_N10_offaxis_1,Internship_CSM_XSTRMLAB_Sandor_Habets_2024/Load_frame_measurements/Texin245/Texin38_01_23_2024_1145_T55_N10_offaxis_1.csv,1d5f004a72708fd2a1110af9b3c1ad2fef08cc621353ff806b168966c3f48b92,1673,source_MATLAB_fixed_height_13.5mm_fixed_radius_13.2522mm_integral_to_first_strain_above_0.5,,
commercial-tpu-impact-fatigue-2024-v1,doi:10.17632/hc6npzvw3m.1,Texin 245,Covestro,43.0,9.0,1.21,-46.0,-68.0,commercial_thermoplastic_polyurethane,True,commercial_grade_identity_only,core_tpu_application_experimental,compression_fatigue_and_recovery_supervision,0.6,10.17632/hc6npzvw3m.1|Texin 245,CC-BY-4.0,reference-186,mendeley_hc6npzvw3m_Texin39_01_23_2024_1155_T55_N10_offaxis_2,Texin39,off_axis_fatigue_response,off_axis,True,10.0,55.0,2024-01-23,2.0,0.01,8.1,3.99,13.553,25.764,,,,4803.906,10.234,75.16614814814815,10.295512919925,493235.28114358557,,silver_recomputed_only,Texin-245,False,Texin39_01_23_2024_1155_T55_N10_offaxis_2,Internship_CSM_XSTRMLAB_Sandor_Habets_2024/Load_frame_measurements/Texin245/Texin39_01_23_2024_1155_T55_N10_offaxis_2.csv,6f127672513ff9058bda6900f3b5623b17fc90220434a450e9664c416e7b00fb,1701,source_MATLAB_fixed_height_13.5mm_fixed_radius_13.2522mm_integral_to_first_strain_above_0.5,,
commercial-tpu-impact-fatigue-2024-v1,doi:10.17632/hc6npzvw3m.1,Texin 245,Covestro,43.0,9.0,1.21,-46.0,-68.0,commercial_thermoplastic_polyurethane,True,commercial_grade_identity_only,core_tpu_application_experimental,compression_fatigue_and_recovery_supervision,0.6,10.17632/hc6npzvw3m.1|Texin 245,CC-BY-4.0,reference-186,mendeley_hc6npzvw3m_Texin4_11_28_2023_1111_N100_T20_edot10min2_1,Texin4,on_axis_fatigue_response,on_axis,True,100.0,20.0,2023-11-28,1.0,0.01,8.1,3.4168,13.747,25.911,488321.0,0.48,526693.5,4813.75,9.89,73.29451111111112,10.799029949775006,519294.20977979054,1.4048569462523186,silver_source_recomputed_within_1_5pct,Texin 245,False,Texin4_11_28_2023_1111_N100_T20_edot10min2_1,Internship_CSM_XSTRMLAB_Sandor_Habets_2024/Load_frame_measurements/Texin245/Texin4_11_28_2023_1111_N100_T20_edot10min2_1.xlsx,11b8dca5b7433279b46355abb3b17c63bfee67c8941d0ec28de13ecf5b2e0eee,1651,source_MATLAB_fixed_height_13.5mm_fixed_radius_13.2522mm_integral_to_first_strain_above_0.5,535661.96,98.32572393230986
commercial-tpu-impact-fatigue-2024-v1,doi:10.17632/hc6npzvw3m.1,Texin 245,Covestro,43.0,9.0,1.21,-46.0,-68.0,commercial_thermoplastic_polyurethane,True,commercial_grade_identity_only,core_tpu_application_experimental,compression_fatigue_and_recovery_supervision,0.6,10.17632/hc6npzvw3m.1|Texin 245,CC-BY-4.0,reference-186,mendeley_hc6npzvw3m_Texin40_01_24_2024_1134_Tmin20_N10_offaxis_1,Texin40,off_axis_fatigue_response,off_axis,True,10.0,-20.0,2024-01-24,1.0,0.01,8.1,3.4103,13.606,25.706,,,,4818.281,9.987,73.64500000000001,8.948688557674997,448659.0531146921,,silver_recomputed_only,Texin-245,False,Texin40_01_24_2024_1134_Tmin20_N10_offaxis_1,Internship_CSM_XSTRMLAB_Sandor_Habets_2024/Load_frame_measurements/Texin245/Texin40_01_24_2024_1134_Tmin20_N10_offaxis_1.csv,f2d0641649ad6679d820e04e395ecd5eb11f7d1a78085b007ca0f646d0770755,1665,source_MATLAB_fixed_height_13.5mm_fixed_radius_13.2522mm_integral_to_first_strain_above_0.5,,
commercial-tpu-impact-fatigue-2024-v1,doi:10.17632/hc6npzvw3m.1,Texin 245,Covestro,43.0,9.0,1.21,-46.0,-68.0,commercial_thermoplastic_polyurethane,True,commercial_grade_identity_only,core_tpu_application_experimental,compression_fatigue_and_recovery_supervision,0.6,10.17632/hc6npzvw3m.1|Texin 245,CC-BY-4.0,reference-186,mendeley_hc6npzvw3m_Texin41_01_24_2024_1141_Tmin20_N10_offaxis_2,Texin41,off_axis_fatigue_response,off_axis,True,10.0,-20.0,2024-01-24,2.0,0.01,8.1,3.4124,13.674,25.416,,,,4808.125,10.035,74.2982962962963,8.772600623375002,435933.6339940756,,silver_recomputed_only,Texin-245,False,Texin41_01_24_2024_1141_Tmin20_N10_offaxis_2,Internship_CSM_XSTRMLAB_Sandor_Habets_2024/Load_frame_measurements/Texin245/Texin41_01_24_2024_1141_Tmin20_N10_offaxis_2.csv,5359eba069b123e054de2119c5ed225afa0ba307a043b28d4c325ae15145a6e3,1672,source_MATLAB_fixed_height_13.5mm_fixed_radius_13.2522mm_integral_to_first_strain_above_0.5,,
commercial-tpu-impact-fatigue-2024-v1,doi:10.17632/hc6npzvw3m.1,Texin 245,Covestro,43.0,9.0,1.21,-46.0,-68.0,commercial_thermoplastic_polyurethane,True,commercial_grade_identity_only,core_tpu_application_experimental,compression_fatigue_and_recovery_supervision,0.6,10.17632/hc6npzvw3m.1|Texin 245,CC-BY-4.0,reference-186,mendeley_hc6npzvw3m_Texin5_11_30_2023_1506_N0_T20_edot10min2_2,Texin5,on_axis_fatigue_response,on_axis,True,0.0,20.0,2023-11-30,2.0,0.01,8.1,3.415,13.672,25.815,657589.61,0.56,554940.7,4821.719,9.952,73.67361481481481,10.320716044875004,552329.0014352306,0.47062660294502656,gold_source_recomputed_agree,Texin 245,False,Texin5_11_30_2023_1506_N0_T20_edot10min2_2,Internship_CSM_XSTRMLAB_Sandor_Habets_2024/Load_frame_measurements/Texin245/Texin5_11_30_2023_1506_N0_T20_edot10min2_2.xlsx,8f1b2cca04d0cd771469bd35fb89af9f872eb2211b64b25e21834381f8186b1f,1660,source_MATLAB_fixed_height_13.5mm_fixed_radius_13.2522mm_integral_to_first_strain_above_0.5,535661.96,103.59904966931009
commercial-tpu-impact-fatigue-2024-v1,doi:10.17632/hc6npzvw3m.1,Texin 245,Covestro,43.0,9.0,1.21,-46.0,-68.0,commercial_thermoplastic_polyurethane,True,commercial_grade_identity_only,core_tpu_application_experimental,compression_fatigue_and_recovery_supervision,0.6,10.17632/hc6npzvw3m.1|Texin 245,CC-BY-4.0,reference-186,mendeley_hc6npzvw3m_Texin6_11_30_2023_1510_N0_T20_edot10min2_3,Texin6,on_axis_fatigue_response,on_axis,True,0.0,20.0,2023-11-30,3.0,0.01,8.1,3.413,13.64,25.985,602267.26,0.54,539591.5,4822.5,9.897,72.59354074074075,10.077831304699998,537851.1068445509,0.3225390235852622,gold_source_recomputed_agree,Texin 245,False,Texin6_11_30_2023_1510_N0_T20_edot10min2_3,Internship_CSM_XSTRMLAB_Sandor_Habets_2024/Load_frame_measurements/Texin245/Texin6_11_30_2023_1510_N0_T20_edot10min2_3.xlsx,0e952265d284f6edc93ca251c0ef7bd864666003dbc794c0654010ffbd4e7777,1652,source_MATLAB_fixed_height_13.5mm_fixed_radius_13.2522mm_integral_to_first_strain_above_0.5,535661.96,100.73358578608047
commercial-tpu-impact-fatigue-2024-v1,doi:10.17632/hc6npzvw3m.1,Texin 245,Covestro,43.0,9.0,1.21,-46.0,-68.0,commercial_thermoplastic_polyurethane,True,commercial_grade_identity_only,core_tpu_application_experimental,compression_fatigue_and_recovery_supervision,0.6,10.17632/hc6npzvw3m.1|Texin 245,CC-BY-4.0,reference-186,mendeley_hc6npzvw3m_Texin7_12_01_2023_1219_N1_T20_edot10min2_2,Texin7,on_axis_fatigue_response,on_axis,True,1.0,20.0,2023-12-01,2.0,0.01,8.1,3.4254,13.647,25.403,721744.64,0.64,496583.2,4807.656,10.328,76.66585185185185,9.328056964024993,494580.1321490349,0.40337003969629526,gold_source_recomputed_agree,Texin 245,False,Texin7_12_01_2023_1219_N1_T20_edot10min2_2,Internship_CSM_XSTRMLAB_Sandor_Habets_2024/Load_frame_measurements/Texin245/Texin7_12_01_2023_1219_N1_T20_edot10min2_2.xlsx,f7a70f13e7555d18010ab70e1b63cc24aae5fa637b7ac7dd6d1a29197057efa3,1715,source_MATLAB_fixed_height_13.5mm_fixed_radius_13.2522mm_integral_to_first_strain_above_0.5,535661.96,92.70458555615934
commercial-tpu-impact-fatigue-2024-v1,doi:10.17632/hc6npzvw3m.1,Texin 245,Covestro,43.0,9.0,1.21,-46.0,-68.0,commercial_thermoplastic_polyurethane,True,commercial_grade_identity_only,core_tpu_application_experimental,compression_fatigue_and_recovery_supervision,0.6,10.17632/hc6npzvw3m.1|Texin 245,CC-BY-4.0,reference-186,mendeley_hc6npzvw3m_Texin8_12_01_2023_1224_N1_T20_edot10min2_3,Texin8,on_axis_fatigue_response,on_axis,True,1.0,20.0,2023-12-01,3.0,0.01,8.1,3.4151,13.539,25.618,652818.25,0.57,539769.88,4809.375,10.131,74.75844444444445,10.590449074174996,539183.5784668277,0.10862064648221133,gold_source_recomputed_agree,Texin 245,False,Texin8_12_01_2023_1224_N1_T20_edot10min2_3,Internship_CSM_XSTRMLAB_Sandor_Habets_2024/Load_frame_measurements/Texin245/Texin8_12_01_2023_1224_N1_T20_edot10min2_3.xlsx,5f895fa6c27be5002e684f0a3e4f80f1498d55e94abb149256e02b0c3ce096f7,1686,source_MATLAB_fixed_height_13.5mm_fixed_radius_13.2522mm_integral_to_first_strain_above_0.5,535661.96,100.76688663873016
commercial-tpu-impact-fatigue-2024-v1,doi:10.17632/hc6npzvw3m.1,Texin 245,Covestro,43.0,9.0,1.21,-46.0,-68.0,commercial_thermoplastic_polyurethane,True,commercial_grade_identity_only,core_tpu_application_experimental,compression_fatigue_and_recovery_supervision,0.6,10.17632/hc6npzvw3m.1|Texin 245,CC-BY-4.0,reference-186,mendeley_hc6npzvw3m_Texin9_12_01_2023_1230_N10_T20_edot10min2_2,Texin9,on_axis_fatigue_response,on_axis,True,10.0,20.0,2023-12-01,2.0,0.01,8.1,3.425,13.549,26.055,605613.44,0.58,486732.46,4806.875,9.987,73.93111111111111,9.264774459299996,486567.528211859,0.03388551241086824,gold_source_recomputed_agree,Texin 245,False,Texin9_12_01_2023_1230_N10_T20_edot10min2_2,Internship_CSM_XSTRMLAB_Sandor_Habets_2024/Load_frame_measurements/Texin245/Texin9_12_01_2023_1230_N10_T20_edot10min2_2.xlsx,7314ff92d6fb490f24d4da1a24746c2daf9595b8cceeb01174143c2d80ef0e67,1665,source_MATLAB_fixed_height_13.5mm_fixed_radius_13.2522mm_integral_to_first_strain_above_0.5,535661.96,90.8656011339689
