combination_id,diisocyanate_id,diisocyanate_smiles,diisocyanate_mw_g_mol,macrodiol_proxy_id,macrodiol_proxy_smiles,macrodiol_proxy_monomer_mw_g_mol,chain_extender_id,chain_extender_smiles,chain_extender_mw_g_mol,combination_rule,structure_status,experimental_status,citation_keys
combo_000a8dede9339888,polyuniverse_dinco_e3bd88989ad52de46012,O=C=Nc1cccc(CC2(N=C=O)CCCCC2)c1,256.305,chemical_6364c045bd73da83,Oc1cccc(Oc2ccc(Oc3cccc(O)c3)cc2)c1,294.306,chemical_ca5e105838153c99,CCC(CO)CC(CC)CO,160.257,平衡轮转；非全笛卡尔积,three_components_passed_prototype_gate,未采购未合成；需路线、EHS与供应复核,ledger-007-smipoly-2023;ledger-135-yue-2024-polyuniverse-data;ledger-136-yue-2024-polyuniverse;ledger-137-yue-polyuniverse-code
combo_0023afb01cdfde3d,polyuniverse_dinco_ddc56fe70a91074540ef,CCCCOC(N=C=O)C(CCCCCCl)N=C=O,288.775,chemical_986d2a218ca14417,OCC(F)(F)C(F)(F)C(F)(F)C(F)(F)C(F)(F)C(F)(F)CO,362.11,chemical_7eec20377145fdb7,CC1(C)C(O)C(C)(C)C1O,144.214,平衡轮转；非全笛卡尔积,three_components_passed_prototype_gate,未采购未合成；需路线、EHS与供应复核,ledger-007-smipoly-2023;ledger-135-yue-2024-polyuniverse-data;ledger-136-yue-2024-polyuniverse;ledger-137-yue-polyuniverse-code
combo_008df2c2ad80b34a,polyuniverse_dinco_4a1eb105ee6ae99e25d6,CCC1(CN=C=O)C(C)C1(C)N=C=O,194.234,chemical_3a566be4d64035e3,Oc1ccc(-c2ccc(O)c(Br)c2)cc1Br,344.002,chemical_831d24f7368b3f75,Cc1cc(-c2cc(C)c(O)c(C)c2)cc(C)c1O,242.318,平衡轮转；非全笛卡尔积,three_components_passed_prototype_gate,未采购未合成；需路线、EHS与供应复核,ledger-007-smipoly-2023;ledger-135-yue-2024-polyuniverse-data;ledger-136-yue-2024-polyuniverse;ledger-137-yue-polyuniverse-code
combo_0091afe68601e561,polyuniverse_dinco_6037461e6c665445a257,CCCC1(CN=C=O)CC(C)CC1CN=C=O,236.315,chemical_58b2613823466190,CC(C)(C)c1cc(-c2cc(C(C)(C)C)cc(C(C)(C)C)c2O)c(O)c(C(C)(C)C)c1,410.642,chemical_bacbda6c95c1bb67,Cc1ccc(O)c(Cc2cc(C)ccc2O)c1,228.291,平衡轮转；非全笛卡尔积,three_components_passed_prototype_gate,未采购未合成；需路线、EHS与供应复核,ledger-007-smipoly-2023;ledger-135-yue-2024-polyuniverse-data;ledger-136-yue-2024-polyuniverse;ledger-137-yue-polyuniverse-code
combo_00ab4c4dbc4699fd,polyuniverse_dinco_ad772ec6dd390bb329d7,CC1CC1(N=C=O)C(C)(C)N=C=O,180.207,chemical_694871d5e95b7370,Oc1c(F)c(F)c(-c2c(F)c(F)c(O)c(F)c2F)c(F)c1F,330.13,chemical_63c6eb608324eca7,OCC1CC2C3CC(CO)C(C3)C2C1,196.29,平衡轮转；非全笛卡尔积,three_components_passed_prototype_gate,未采购未合成；需路线、EHS与供应复核,ledger-007-smipoly-2023;ledger-135-yue-2024-polyuniverse-data;ledger-136-yue-2024-polyuniverse;ledger-137-yue-polyuniverse-code
combo_00d6f7cd29cb2173,polyuniverse_dinco_4716b4743a5baa106de3,O=C=Nc1cc2cccc(N=C=O)c2nc1-c1cccc(OC(F)(F)F)c1,371.274,chemical_a2cf8157d0f77432,OC(c1cccc(C(O)(C(F)(F)F)C(F)(F)F)c1)(C(F)(F)F)C(F)(F)F,410.154,chemical_831d24f7368b3f75,Cc1cc(-c2cc(C)c(O)c(C)c2)cc(C)c1O,242.318,平衡轮转；非全笛卡尔积,three_components_passed_prototype_gate,未采购未合成；需路线、EHS与供应复核,ledger-007-smipoly-2023;ledger-135-yue-2024-polyuniverse-data;ledger-136-yue-2024-polyuniverse;ledger-137-yue-polyuniverse-code
combo_0200a6ba6e7eefea,polyuniverse_dinco_d51030c05f20bb2a75df,O=C=NC(C1CCCCC1)C(N=C=O)C1CCCCC1,276.38,chemical_694871d5e95b7370,Oc1c(F)c(F)c(-c2c(F)c(F)c(O)c(F)c2F)c(F)c1F,330.13,chemical_f25ee56de4366915,O=[N+]([O-])c1cc(CO)ccc1CO,183.163,平衡轮转；非全笛卡尔积,three_components_passed_prototype_gate,未采购未合成；需路线、EHS与供应复核,ledger-007-smipoly-2023;ledger-135-yue-2024-polyuniverse-data;ledger-136-yue-2024-polyuniverse;ledger-137-yue-polyuniverse-code
combo_022f80a64991dec9,polyuniverse_dinco_0321877a48fd93e2fb7d,CCC(N=C=O)OCC(C)(C)COC(CC)N=C=O,270.329,chemical_58b2613823466190,CC(C)(C)c1cc(-c2cc(C(C)(C)C)cc(C(C)(C)C)c2O)c(O)c(C(C)(C)C)c1,410.642,chemical_ca5e105838153c99,CCC(CO)CC(CC)CO,160.257,平衡轮转；非全笛卡尔积,three_components_passed_prototype_gate,未采购未合成；需路线、EHS与供应复核,ledger-007-smipoly-2023;ledger-135-yue-2024-polyuniverse-data;ledger-136-yue-2024-polyuniverse;ledger-137-yue-polyuniverse-code
combo_0233b28b2bd79356,polyuniverse_dinco_8ec7a31c579192711514,CC1CCC2C(C1)C(N=C=O)C1C3CCC(C3)C1C2N=C=O,300.402,chemical_a04b7de5081dd0a5,CC(C)CC(C)(c1ccc(O)cc1)c1ccc(O)cc1,270.372,chemical_2dad29ca9d88607e,OC1CCC(C2CCC(O)CC2)CC1,198.306,平衡轮转；非全笛卡尔积,three_components_passed_prototype_gate,未采购未合成；需路线、EHS与供应复核,ledger-007-smipoly-2023;ledger-135-yue-2024-polyuniverse-data;ledger-136-yue-2024-polyuniverse;ledger-137-yue-polyuniverse-code
combo_0258c5d1924277f6,polyuniverse_dinco_952c8476d31239835550,O=C=NCC1(CN=C=O)CCCC(F)(F)C1(F)F,266.194,chemical_58b2613823466190,CC(C)(C)c1cc(-c2cc(C(C)(C)C)cc(C(C)(C)C)c2O)c(O)c(C(C)(C)C)c1,410.642,chemical_551a139d1b44a292,OC12CC3CC(C1)CC(O)(C3)C2,168.236,平衡轮转；非全笛卡尔积,three_components_passed_prototype_gate,未采购未合成；需路线、EHS与供应复核,ledger-007-smipoly-2023;ledger-135-yue-2024-polyuniverse-data;ledger-136-yue-2024-polyuniverse;ledger-137-yue-polyuniverse-code
combo_025955e1f074e201,polyuniverse_dinco_8a880932a5a3f4f0ae1c,CC1CC(N=C=O)CCC1C1CC(C)(C)C(N=C=O)CC1C,304.434,chemical_5e814be594638bdc,OCCCCCCCCCCCCCCCCO,258.446,chemical_dd2ebb8c8aeed446,Oc1ccc2c(O)cccc2c1,160.172,平衡轮转；非全笛卡尔积,three_components_passed_prototype_gate,未采购未合成；需路线、EHS与供应复核,ledger-007-smipoly-2023;ledger-135-yue-2024-polyuniverse-data;ledger-136-yue-2024-polyuniverse;ledger-137-yue-polyuniverse-code
combo_02626c51bde7ecbf,polyuniverse_dinco_a5809ed0bb50011d11e7,CC(C)c1ncc(F)c(C(C)CC2Cc3c(nc4c(c3N=C=O)CCC4)C2C)c1N=C=O,434.515,chemical_3a566be4d64035e3,Oc1ccc(-c2ccc(O)c(Br)c2)cc1Br,344.002,chemical_831d24f7368b3f75,Cc1cc(-c2cc(C)c(O)c(C)c2)cc(C)c1O,242.318,平衡轮转；非全笛卡尔积,three_components_passed_prototype_gate,未采购未合成；需路线、EHS与供应复核,ledger-007-smipoly-2023;ledger-135-yue-2024-polyuniverse-data;ledger-136-yue-2024-polyuniverse;ledger-137-yue-polyuniverse-code
combo_029cf77eea2f0a95,polyuniverse_dinco_1521a8e0db18b3ee10fa,CCCCC1(CC)C(N=C=O)C(CC)(CCCC)C1N=C=O,306.45,chemical_ff8d497a35fecaa4,OC(C(F)(F)F)(C(F)(F)F)C(O)(C(F)(F)F)C(F)(F)F,334.056,chemical_16bdee252ed11d7a,CC(O)C(C)O,90.122,平衡轮转；非全笛卡尔积,three_components_passed_prototype_gate,未采购未合成；需路线、EHS与供应复核,ledger-007-smipoly-2023;ledger-135-yue-2024-polyuniverse-data;ledger-136-yue-2024-polyuniverse;ledger-137-yue-polyuniverse-code
combo_02f1efb3a3ce24ff,polyuniverse_dinco_c1050e20fc33beb7e09a,CC(CCN=C=O)CC(C)C(C)N=C=O,210.277,chemical_5e814be594638bdc,OCCCCCCCCCCCCCCCCO,258.446,chemical_63c6eb608324eca7,OCC1CC2C3CC(CO)C(C3)C2C1,196.29,平衡轮转；非全笛卡尔积,three_components_passed_prototype_gate,未采购未合成；需路线、EHS与供应复核,ledger-007-smipoly-2023;ledger-135-yue-2024-polyuniverse-data;ledger-136-yue-2024-polyuniverse;ledger-137-yue-polyuniverse-code
combo_033d6cac63dc70c6,polyuniverse_dinco_e6e130471887a66db2b6,CCOC(N=C=O)(OCC)C(N=C=O)c1ccccc1-c1ccccc1,352.39,chemical_b94fa835d3f1bdb8,CC(C)(CO)C1OCC2(CO1)COC(C(C)(C)CO)OC2,304.383,chemical_3635aefc1005d8ad,CC(C)(O)CCC(C)(C)O,146.23,平衡轮转；非全笛卡尔积,three_components_passed_prototype_gate,未采购未合成；需路线、EHS与供应复核,ledger-007-smipoly-2023;ledger-135-yue-2024-polyuniverse-data;ledger-136-yue-2024-polyuniverse;ledger-137-yue-polyuniverse-code
combo_035f77125d42ee09,polyuniverse_dinco_2acbe63b26c33137e286,CC1(N=C=O)CCC(C)(C)C(C)(N=C=O)C1,222.288,chemical_34962dac292231e7,Cc1cc(Cc2cc(C)c(O)c(C)c2)cc(C)c1O,256.345,chemical_79b196ca779aae4e,OCc1ccccc1CO,138.166,平衡轮转；非全笛卡尔积,three_components_passed_prototype_gate,未采购未合成；需路线、EHS与供应复核,ledger-007-smipoly-2023;ledger-135-yue-2024-polyuniverse-data;ledger-136-yue-2024-polyuniverse;ledger-137-yue-polyuniverse-code
combo_03799483a05fe904,polyuniverse_dinco_d6e57fb34f6442032c80,COc1ccc(OC)c(N(c2ccc(N=C=O)cc2)c2ccc(N=C=O)cc2)c1,387.395,chemical_e34b1bd2b88ad439,CC(C)(c1ccc(O)c(C2CCCCC2)c1)c1ccc(O)c(C2CCCCC2)c1,392.583,chemical_63c6eb608324eca7,OCC1CC2C3CC(CO)C(C3)C2C1,196.29,平衡轮转；非全笛卡尔积,three_components_passed_prototype_gate,未采购未合成；需路线、EHS与供应复核,ledger-007-smipoly-2023;ledger-135-yue-2024-polyuniverse-data;ledger-136-yue-2024-polyuniverse;ledger-137-yue-polyuniverse-code
combo_03d45529205a1ded,polyuniverse_dinco_8ec7a31c579192711514,CC1CCC2C(C1)C(N=C=O)C1C3CCC(C3)C1C2N=C=O,300.402,chemical_a2cf8157d0f77432,OC(c1cccc(C(O)(C(F)(F)F)C(F)(F)F)c1)(C(F)(F)F)C(F)(F)F,410.154,chemical_48e0f37b8f35d22d,Cc1c(C)c(CO)c(C)c(C)c1CO,194.274,平衡轮转；非全笛卡尔积,three_components_passed_prototype_gate,未采购未合成；需路线、EHS与供应复核,ledger-007-smipoly-2023;ledger-135-yue-2024-polyuniverse-data;ledger-136-yue-2024-polyuniverse;ledger-137-yue-polyuniverse-code
combo_04186a885247a3d1,polyuniverse_dinco_ab4efb95ee1f94419689,Cc1cc2c(c(C)c1N=C=O)C(C)(C)CC21CC(C)(C)c2cc(C)c(N=C=O)c(C)c21,414.549,chemical_f59a0ec9b5c263ad,CCCCCCCCC(CO)(CO)CCCCCCCC,300.527,chemical_6ee30a16c1c450ed,OC1CCCCC1O,116.16,平衡轮转；非全笛卡尔积,three_components_passed_prototype_gate,未采购未合成；需路线、EHS与供应复核,ledger-007-smipoly-2023;ledger-135-yue-2024-polyuniverse-data;ledger-136-yue-2024-polyuniverse;ledger-137-yue-polyuniverse-code
combo_0477514d4f6110b3,polyuniverse_dinco_569c13453ff070989050,[C-]#[N+]c1cc2c(N=C=O)c(C#N)c(C#N)cc2c(N=C=O)c1[N+]#[C-],310.232,chemical_6364c045bd73da83,Oc1cccc(Oc2ccc(Oc3cccc(O)c3)cc2)c1,294.306,chemical_63c6eb608324eca7,OCC1CC2C3CC(CO)C(C3)C2C1,196.29,平衡轮转；非全笛卡尔积,three_components_passed_prototype_gate,未采购未合成；需路线、EHS与供应复核,ledger-007-smipoly-2023;ledger-135-yue-2024-polyuniverse-data;ledger-136-yue-2024-polyuniverse;ledger-137-yue-polyuniverse-code
combo_05b1aa3ea2cc7136,polyuniverse_dinco_d51030c05f20bb2a75df,O=C=NC(C1CCCCC1)C(N=C=O)C1CCCCC1,276.38,chemical_5e814be594638bdc,OCCCCCCCCCCCCCCCCO,258.446,chemical_ca5e105838153c99,CCC(CO)CC(CC)CO,160.257,平衡轮转；非全笛卡尔积,three_components_passed_prototype_gate,未采购未合成；需路线、EHS与供应复核,ledger-007-smipoly-2023;ledger-135-yue-2024-polyuniverse-data;ledger-136-yue-2024-polyuniverse;ledger-137-yue-polyuniverse-code
combo_05c98a8e1110d1de,polyuniverse_dinco_c24771e4eb3229cc941d,[C-]#[N+]C1(N=C=O)CCC(C)([N+]#[C-])C(N=C=O)C1,230.227,chemical_a04b7de5081dd0a5,CC(C)CC(C)(c1ccc(O)cc1)c1ccc(O)cc1,270.372,chemical_79b196ca779aae4e,OCc1ccccc1CO,138.166,平衡轮转；非全笛卡尔积,three_components_passed_prototype_gate,未采购未合成；需路线、EHS与供应复核,ledger-007-smipoly-2023;ledger-135-yue-2024-polyuniverse-data;ledger-136-yue-2024-polyuniverse;ledger-137-yue-polyuniverse-code
combo_05de6b6afcc7f337,polyuniverse_dinco_85368c1d86f60fbe6dfa,O=C=NCC1CCC(CN=C=O)(CC2CCCCC2)CC1CC1CCCCC1,386.58,chemical_ff8d497a35fecaa4,OC(C(F)(F)F)(C(F)(F)F)C(O)(C(F)(F)F)C(F)(F)F,334.056,chemical_16bdee252ed11d7a,CC(O)C(C)O,90.122,平衡轮转；非全笛卡尔积,three_components_passed_prototype_gate,未采购未合成；需路线、EHS与供应复核,ledger-007-smipoly-2023;ledger-135-yue-2024-polyuniverse-data;ledger-136-yue-2024-polyuniverse;ledger-137-yue-polyuniverse-code
combo_05ed49b72f5e140d,polyuniverse_dinco_f93d4f580beca33f9619,O=C=Nc1cc(N=C=O)cc(OCCCCc2ccco2)c1,298.298,chemical_e4aa17432292bb19,Cc1cc2c(cc1O)C(C)(C)CC1(CC(C)(C)c3cc(O)c(C)cc3O1)O2,368.473,chemical_16bdee252ed11d7a,CC(O)C(C)O,90.122,平衡轮转；非全笛卡尔积,three_components_passed_prototype_gate,未采购未合成；需路线、EHS与供应复核,ledger-007-smipoly-2023;ledger-135-yue-2024-polyuniverse-data;ledger-136-yue-2024-polyuniverse;ledger-137-yue-polyuniverse-code
combo_0682ed2d6f4eb14e,polyuniverse_dinco_0682742a99d644d48f6f,CC(c1ccc(N=C=O)o1)c1ccc(N=C=O)o1,244.206,chemical_0895e6cd5136df6a,OCCOc1ccc(C2(c3ccc(OCCO)cc3)c3ccccc3-c3ccccc32)cc1,438.523,chemical_1ace6e6abb3b5be3,Oc1ccc(O)c2c1C1CCC2C1,176.215,平衡轮转；非全笛卡尔积,three_components_passed_prototype_gate,未采购未合成；需路线、EHS与供应复核,ledger-007-smipoly-2023;ledger-135-yue-2024-polyuniverse-data;ledger-136-yue-2024-polyuniverse;ledger-137-yue-polyuniverse-code
combo_068377e99d5e38b7,polyuniverse_dinco_57af23a42ae72d943289,CCC1C2(N=C=O)CC3CC(C2)CC1(C12CC4CC(CC(N=C=O)(C4)C1)C2)C3,380.532,chemical_b94fa835d3f1bdb8,CC(C)(CO)C1OCC2(CO1)COC(C(C)(C)CO)OC2,304.383,chemical_bacbda6c95c1bb67,Cc1ccc(O)c(Cc2cc(C)ccc2O)c1,228.291,平衡轮转；非全笛卡尔积,three_components_passed_prototype_gate,未采购未合成；需路线、EHS与供应复核,ledger-007-smipoly-2023;ledger-135-yue-2024-polyuniverse-data;ledger-136-yue-2024-polyuniverse;ledger-137-yue-polyuniverse-code
combo_068a13fff1480b79,polyuniverse_dinco_7988a8eeb838489f4eaf,O=C=NCCCCC(COc1ccc(Oc2ccccc2)cc1)N=C=O,352.39,chemical_986d2a218ca14417,OCC(F)(F)C(F)(F)C(F)(F)C(F)(F)C(F)(F)C(F)(F)CO,362.11,chemical_28a648027cd37607,OCCCCCCCCCO,160.257,平衡轮转；非全笛卡尔积,three_components_passed_prototype_gate,未采购未合成；需路线、EHS与供应复核,ledger-007-smipoly-2023;ledger-135-yue-2024-polyuniverse-data;ledger-136-yue-2024-polyuniverse;ledger-137-yue-polyuniverse-code
combo_0753deb1b58efbe2,polyuniverse_dinco_c842b8dc271bd83c79bd,CC1C(C)C(N=C=O)C(C)(C)C(C)C1N=C=O,236.315,chemical_34962dac292231e7,Cc1cc(Cc2cc(C)c(O)c(C)c2)cc(C)c1O,256.345,chemical_75fb481cd45cc100,CCCCC(CC)(CO)CO,160.257,平衡轮转；非全笛卡尔积,three_components_passed_prototype_gate,未采购未合成；需路线、EHS与供应复核,ledger-007-smipoly-2023;ledger-135-yue-2024-polyuniverse-data;ledger-136-yue-2024-polyuniverse;ledger-137-yue-polyuniverse-code
combo_077281818e9068d4,polyuniverse_dinco_ac4be1eff9a2d8a5bde3,CCCc1cc(C(C)C)c(N=C=O)c(CCC)c1N=C=O,286.375,chemical_0895e6cd5136df6a,OCCOc1ccc(C2(c3ccc(OCCO)cc3)c3ccccc3-c3ccccc32)cc1,438.523,chemical_1ace6e6abb3b5be3,Oc1ccc(O)c2c1C1CCC2C1,176.215,平衡轮转；非全笛卡尔积,three_components_passed_prototype_gate,未采购未合成；需路线、EHS与供应复核,ledger-007-smipoly-2023;ledger-135-yue-2024-polyuniverse-data;ledger-136-yue-2024-polyuniverse;ledger-137-yue-polyuniverse-code
combo_07968239aabba07c,polyuniverse_dinco_473f746a39152067a95e,O=C=Nc1ccc(OCC(F)(F)C(F)F)c(N=C=O)c1,290.172,chemical_f59a0ec9b5c263ad,CCCCCCCCC(CO)(CO)CCCCCCCC,300.527,chemical_f25ee56de4366915,O=[N+]([O-])c1cc(CO)ccc1CO,183.163,平衡轮转；非全笛卡尔积,three_components_passed_prototype_gate,未采购未合成；需路线、EHS与供应复核,ledger-007-smipoly-2023;ledger-135-yue-2024-polyuniverse-data;ledger-136-yue-2024-polyuniverse;ledger-137-yue-polyuniverse-code
combo_07ab62ecd002e179,polyuniverse_dinco_6037461e6c665445a257,CCCC1(CN=C=O)CC(C)CC1CN=C=O,236.315,chemical_694871d5e95b7370,Oc1c(F)c(F)c(-c2c(F)c(F)c(O)c(F)c2F)c(F)c1F,330.13,chemical_f25ee56de4366915,O=[N+]([O-])c1cc(CO)ccc1CO,183.163,平衡轮转；非全笛卡尔积,three_components_passed_prototype_gate,未采购未合成；需路线、EHS与供应复核,ledger-007-smipoly-2023;ledger-135-yue-2024-polyuniverse-data;ledger-136-yue-2024-polyuniverse;ledger-137-yue-polyuniverse-code
combo_07d648dd04f22a2c,polyuniverse_dinco_569c13453ff070989050,[C-]#[N+]c1cc2c(N=C=O)c(C#N)c(C#N)cc2c(N=C=O)c1[N+]#[C-],310.232,chemical_6364c045bd73da83,Oc1cccc(Oc2ccc(Oc3cccc(O)c3)cc2)c1,294.306,chemical_6ee30a16c1c450ed,OC1CCCCC1O,116.16,平衡轮转；非全笛卡尔积,three_components_passed_prototype_gate,未采购未合成；需路线、EHS与供应复核,ledger-007-smipoly-2023;ledger-135-yue-2024-polyuniverse-data;ledger-136-yue-2024-polyuniverse;ledger-137-yue-polyuniverse-code
combo_07d836ef605dfb39,polyuniverse_dinco_6a887a4fc6e3f56dee69,N#COCC(CN=C=O)(CN=C=O)COC#N,236.187,chemical_b94fa835d3f1bdb8,CC(C)(CO)C1OCC2(CO1)COC(C(C)(C)CO)OC2,304.383,chemical_9a89f0adbd70529b,OCC(F)(F)C(F)(F)C(F)(F)CO,212.089,平衡轮转；非全笛卡尔积,three_components_passed_prototype_gate,未采购未合成；需路线、EHS与供应复核,ledger-007-smipoly-2023;ledger-135-yue-2024-polyuniverse-data;ledger-136-yue-2024-polyuniverse;ledger-137-yue-polyuniverse-code
combo_08192441c4e90b3a,polyuniverse_dinco_e3bd88989ad52de46012,O=C=Nc1cccc(CC2(N=C=O)CCCCC2)c1,256.305,chemical_58b2613823466190,CC(C)(C)c1cc(-c2cc(C(C)(C)C)cc(C(C)(C)C)c2O)c(O)c(C(C)(C)C)c1,410.642,chemical_c68025b85cef6d56,OCC(CO)OCc1ccccc1,182.219,平衡轮转；非全笛卡尔积,three_components_passed_prototype_gate,未采购未合成；需路线、EHS与供应复核,ledger-007-smipoly-2023;ledger-135-yue-2024-polyuniverse-data;ledger-136-yue-2024-polyuniverse;ledger-137-yue-polyuniverse-code
combo_08321a0afbb41b53,polyuniverse_dinco_81e1e90ea24f1e711a99,CC(N=C=O)C1(C)CC(N=C=O)CC(C)(C)C1,236.315,chemical_a04b7de5081dd0a5,CC(C)CC(C)(c1ccc(O)cc1)c1ccc(O)cc1,270.372,chemical_7eec20377145fdb7,CC1(C)C(O)C(C)(C)C1O,144.214,平衡轮转；非全笛卡尔积,three_components_passed_prototype_gate,未采购未合成；需路线、EHS与供应复核,ledger-007-smipoly-2023;ledger-135-yue-2024-polyuniverse-data;ledger-136-yue-2024-polyuniverse;ledger-137-yue-polyuniverse-code
combo_085e33fb2577341a,polyuniverse_dinco_c716de5f027f8966961c,O=C=Nc1ccc(-c2cccc3c2C(c2ccc(N=C=O)cc2)c2ccccc2-3)cc1,400.437,chemical_f59a0ec9b5c263ad,CCCCCCCCC(CO)(CO)CCCCCCCC,300.527,chemical_f25ee56de4366915,O=[N+]([O-])c1cc(CO)ccc1CO,183.163,平衡轮转；非全笛卡尔积,three_components_passed_prototype_gate,未采购未合成；需路线、EHS与供应复核,ledger-007-smipoly-2023;ledger-135-yue-2024-polyuniverse-data;ledger-136-yue-2024-polyuniverse;ledger-137-yue-polyuniverse-code
combo_089e658313fb5bf3,polyuniverse_dinco_f93d4f580beca33f9619,O=C=Nc1cc(N=C=O)cc(OCCCCc2ccco2)c1,298.298,chemical_f59a0ec9b5c263ad,CCCCCCCCC(CO)(CO)CCCCCCCC,300.527,chemical_f25ee56de4366915,O=[N+]([O-])c1cc(CO)ccc1CO,183.163,平衡轮转；非全笛卡尔积,three_components_passed_prototype_gate,未采购未合成；需路线、EHS与供应复核,ledger-007-smipoly-2023;ledger-135-yue-2024-polyuniverse-data;ledger-136-yue-2024-polyuniverse;ledger-137-yue-polyuniverse-code
combo_08b182a0c87ca728,polyuniverse_dinco_4a1eb105ee6ae99e25d6,CCC1(CN=C=O)C(C)C1(C)N=C=O,194.234,chemical_34962dac292231e7,Cc1cc(Cc2cc(C)c(O)c(C)c2)cc(C)c1O,256.345,chemical_7eec20377145fdb7,CC1(C)C(O)C(C)(C)C1O,144.214,平衡轮转；非全笛卡尔积,three_components_passed_prototype_gate,未采购未合成；需路线、EHS与供应复核,ledger-007-smipoly-2023;ledger-135-yue-2024-polyuniverse-data;ledger-136-yue-2024-polyuniverse;ledger-137-yue-polyuniverse-code
combo_08c1409ddc28ba3f,polyuniverse_dinco_ddc56fe70a91074540ef,CCCCOC(N=C=O)C(CCCCCCl)N=C=O,288.775,chemical_a04b7de5081dd0a5,CC(C)CC(C)(c1ccc(O)cc1)c1ccc(O)cc1,270.372,chemical_7eec20377145fdb7,CC1(C)C(O)C(C)(C)C1O,144.214,平衡轮转；非全笛卡尔积,three_components_passed_prototype_gate,未采购未合成；需路线、EHS与供应复核,ledger-007-smipoly-2023;ledger-135-yue-2024-polyuniverse-data;ledger-136-yue-2024-polyuniverse;ledger-137-yue-polyuniverse-code
combo_08d12643b419c67d,polyuniverse_dinco_7bf0d3c1efc36d46299a,O=C=NCCCC(CN=C=O)CC12CCC(CC1)C2,262.353,chemical_1f862d0fb910ec42,Oc1ccc(C2(c3ccc(O)cc3)CCCCC2)cc1,268.356,chemical_2a0d22152800ae85,Oc1ccc(Oc2ccc(O)cc2)cc1,202.209,平衡轮转；非全笛卡尔积,three_components_passed_prototype_gate,未采购未合成；需路线、EHS与供应复核,ledger-007-smipoly-2023;ledger-135-yue-2024-polyuniverse-data;ledger-136-yue-2024-polyuniverse;ledger-137-yue-polyuniverse-code
combo_08f129308a995f2b,polyuniverse_dinco_60e65dae5f7c55187844,COc1cc(Cc2cc([N+](=O)[O-])c(N=C=O)c([N+](=O)[O-])c2)cc(OC)c1N=C=O,400.303,chemical_a2cf8157d0f77432,OC(c1cccc(C(O)(C(F)(F)F)C(F)(F)F)c1)(C(F)(F)F)C(F)(F)F,410.154,chemical_3635aefc1005d8ad,CC(C)(O)CCC(C)(C)O,146.23,平衡轮转；非全笛卡尔积,three_components_passed_prototype_gate,未采购未合成；需路线、EHS与供应复核,ledger-007-smipoly-2023;ledger-135-yue-2024-polyuniverse-data;ledger-136-yue-2024-polyuniverse;ledger-137-yue-polyuniverse-code
combo_08fcf7147de882b7,polyuniverse_dinco_07a134f8e87f85791f77,O=C=NC1CCCC2C3CCC2C1(N=C=O)C3,232.283,chemical_58b2613823466190,CC(C)(C)c1cc(-c2cc(C(C)(C)C)cc(C(C)(C)C)c2O)c(O)c(C(C)(C)C)c1,410.642,chemical_534466643d7ae4c0,Oc1ccccc1Oc1ccccc1O,202.209,平衡轮转；非全笛卡尔积,three_components_passed_prototype_gate,未采购未合成；需路线、EHS与供应复核,ledger-007-smipoly-2023;ledger-135-yue-2024-polyuniverse-data;ledger-136-yue-2024-polyuniverse;ledger-137-yue-polyuniverse-code
combo_093c976abb7315e2,polyuniverse_dinco_ff251f80a8e230a05cc3,O=C=NCC(Br)C(CF)N=C=O,237.028,chemical_986d2a218ca14417,OCC(F)(F)C(F)(F)C(F)(F)C(F)(F)C(F)(F)C(F)(F)CO,362.11,chemical_2a0d22152800ae85,Oc1ccc(Oc2ccc(O)cc2)cc1,202.209,平衡轮转；非全笛卡尔积,three_components_passed_prototype_gate,未采购未合成；需路线、EHS与供应复核,ledger-007-smipoly-2023;ledger-135-yue-2024-polyuniverse-data;ledger-136-yue-2024-polyuniverse;ledger-137-yue-polyuniverse-code
combo_09a822c318b9d67f,polyuniverse_dinco_24471fc1c458b69a01cd,O=C=NC1CC(N=C=O)C2CCCc3cccc1c32,254.289,chemical_5e814be594638bdc,OCCCCCCCCCCCCCCCCO,258.446,chemical_551a139d1b44a292,OC12CC3CC(C1)CC(O)(C3)C2,168.236,平衡轮转；非全笛卡尔积,three_components_passed_prototype_gate,未采购未合成；需路线、EHS与供应复核,ledger-007-smipoly-2023;ledger-135-yue-2024-polyuniverse-data;ledger-136-yue-2024-polyuniverse;ledger-137-yue-polyuniverse-code
combo_09ab157e6ef9b75f,polyuniverse_dinco_2c849f9c85ebe823e4a4,C[C@@H]1C[C@@H]2C[C@H](C)[C@H]3CC[C@](C)(N=C=O)[C@H]4CC[C@@H]([C@@H]2[C@H]34)[C@]1(C)N=C=O,356.51,chemical_694871d5e95b7370,Oc1c(F)c(F)c(-c2c(F)c(F)c(O)c(F)c2F)c(F)c1F,330.13,chemical_dd2ebb8c8aeed446,Oc1ccc2c(O)cccc2c1,160.172,平衡轮转；非全笛卡尔积,three_components_passed_prototype_gate,未采购未合成；需路线、EHS与供应复核,ledger-007-smipoly-2023;ledger-135-yue-2024-polyuniverse-data;ledger-136-yue-2024-polyuniverse;ledger-137-yue-polyuniverse-code
combo_09bf70bcd87de3b6,polyuniverse_dinco_07a134f8e87f85791f77,O=C=NC1CCCC2C3CCC2C1(N=C=O)C3,232.283,chemical_694871d5e95b7370,Oc1c(F)c(F)c(-c2c(F)c(F)c(O)c(F)c2F)c(F)c1F,330.13,chemical_6ee30a16c1c450ed,OC1CCCCC1O,116.16,平衡轮转；非全笛卡尔积,three_components_passed_prototype_gate,未采购未合成；需路线、EHS与供应复核,ledger-007-smipoly-2023;ledger-135-yue-2024-polyuniverse-data;ledger-136-yue-2024-polyuniverse;ledger-137-yue-polyuniverse-code
combo_09f3fe134ab55878,polyuniverse_dinco_569c13453ff070989050,[C-]#[N+]c1cc2c(N=C=O)c(C#N)c(C#N)cc2c(N=C=O)c1[N+]#[C-],310.232,chemical_6364c045bd73da83,Oc1cccc(Oc2ccc(Oc3cccc(O)c3)cc2)c1,294.306,chemical_5be20976c2a9d662,Oc1c(F)c(F)c(O)c(F)c1F,182.072,平衡轮转；非全笛卡尔积,three_components_passed_prototype_gate,未采购未合成；需路线、EHS与供应复核,ledger-007-smipoly-2023;ledger-135-yue-2024-polyuniverse-data;ledger-136-yue-2024-polyuniverse;ledger-137-yue-polyuniverse-code
combo_0b641b1821a0d3a8,polyuniverse_dinco_29fcbdd3c8cf8655b397,CCCCC(CC)(CCC)CC1(N=C=O)CCC(C)C(N=C=O)C1,334.504,chemical_e34b1bd2b88ad439,CC(C)(c1ccc(O)c(C2CCCCC2)c1)c1ccc(O)c(C2CCCCC2)c1,392.583,chemical_ca5e105838153c99,CCC(CO)CC(CC)CO,160.257,平衡轮转；非全笛卡尔积,three_components_passed_prototype_gate,未采购未合成；需路线、EHS与供应复核,ledger-007-smipoly-2023;ledger-135-yue-2024-polyuniverse-data;ledger-136-yue-2024-polyuniverse;ledger-137-yue-polyuniverse-code
combo_0b6621c7b0715bda,polyuniverse_dinco_4e634aebc4fcf9faf957,O=C=NCc1ccc(CN=C=O)c(N=Nc2ccc([N+](=O)[O-])cc2)c1,337.295,chemical_e34b1bd2b88ad439,CC(C)(c1ccc(O)c(C2CCCCC2)c1)c1ccc(O)c(C2CCCCC2)c1,392.583,chemical_6ee30a16c1c450ed,OC1CCCCC1O,116.16,平衡轮转；非全笛卡尔积,three_components_passed_prototype_gate,未采购未合成；需路线、EHS与供应复核,ledger-007-smipoly-2023;ledger-135-yue-2024-polyuniverse-data;ledger-136-yue-2024-polyuniverse;ledger-137-yue-polyuniverse-code
combo_0b6ccf30d808d44d,polyuniverse_dinco_d6e57fb34f6442032c80,COc1ccc(OC)c(N(c2ccc(N=C=O)cc2)c2ccc(N=C=O)cc2)c1,387.395,chemical_e4aa17432292bb19,Cc1cc2c(cc1O)C(C)(C)CC1(CC(C)(C)c3cc(O)c(C)cc3O1)O2,368.473,chemical_6ee30a16c1c450ed,OC1CCCCC1O,116.16,平衡轮转；非全笛卡尔积,three_components_passed_prototype_gate,未采购未合成；需路线、EHS与供应复核,ledger-007-smipoly-2023;ledger-135-yue-2024-polyuniverse-data;ledger-136-yue-2024-polyuniverse;ledger-137-yue-polyuniverse-code
combo_0b811d6a6ede4919,polyuniverse_dinco_7988a8eeb838489f4eaf,O=C=NCCCCC(COc1ccc(Oc2ccccc2)cc1)N=C=O,352.39,chemical_a2cf8157d0f77432,OC(c1cccc(C(O)(C(F)(F)F)C(F)(F)F)c1)(C(F)(F)F)C(F)(F)F,410.154,chemical_3635aefc1005d8ad,CC(C)(O)CCC(C)(C)O,146.23,平衡轮转；非全笛卡尔积,three_components_passed_prototype_gate,未采购未合成；需路线、EHS与供应复核,ledger-007-smipoly-2023;ledger-135-yue-2024-polyuniverse-data;ledger-136-yue-2024-polyuniverse;ledger-137-yue-polyuniverse-code
combo_0b950983b1106df9,polyuniverse_dinco_f52819a239fd8e98087e,O=C=Nc1ccc2ccc(N=C=O)c([N+](=O)[O-])c2c1[N+](=O)[O-],300.186,chemical_a2cf8157d0f77432,OC(c1cccc(C(O)(C(F)(F)F)C(F)(F)F)c1)(C(F)(F)F)C(F)(F)F,410.154,chemical_7eec20377145fdb7,CC1(C)C(O)C(C)(C)C1O,144.214,平衡轮转；非全笛卡尔积,three_components_passed_prototype_gate,未采购未合成；需路线、EHS与供应复核,ledger-007-smipoly-2023;ledger-135-yue-2024-polyuniverse-data;ledger-136-yue-2024-polyuniverse;ledger-137-yue-polyuniverse-code
combo_0c07289d7ce420b3,polyuniverse_dinco_20ab49a32ae47e829378,Cc1c(C)c(N=C=O)c(C2CCCCC2)c(C)c1N=C=O,284.359,chemical_a2cf8157d0f77432,OC(c1cccc(C(O)(C(F)(F)F)C(F)(F)F)c1)(C(F)(F)F)C(F)(F)F,410.154,chemical_3635aefc1005d8ad,CC(C)(O)CCC(C)(C)O,146.23,平衡轮转；非全笛卡尔积,three_components_passed_prototype_gate,未采购未合成；需路线、EHS与供应复核,ledger-007-smipoly-2023;ledger-135-yue-2024-polyuniverse-data;ledger-136-yue-2024-polyuniverse;ledger-137-yue-polyuniverse-code
combo_0c5da062e3633afe,polyuniverse_dinco_3cd70e5831ba4d233e46,CCCCCCC1(CCCCCC)c2cc(N=C=O)ccc2-c2ccc(N=C=O)cc21,416.565,chemical_f59a0ec9b5c263ad,CCCCCCCCC(CO)(CO)CCCCCCCC,300.527,chemical_706c38f2fda91d2c,CCC(C)(c1ccc(O)cc1)c1ccc(O)cc1,242.318,平衡轮转；非全笛卡尔积,three_components_passed_prototype_gate,未采购未合成；需路线、EHS与供应复核,ledger-007-smipoly-2023;ledger-135-yue-2024-polyuniverse-data;ledger-136-yue-2024-polyuniverse;ledger-137-yue-polyuniverse-code
combo_0d38596719bd0043,polyuniverse_dinco_c1050e20fc33beb7e09a,CC(CCN=C=O)CC(C)C(C)N=C=O,210.277,chemical_694871d5e95b7370,Oc1c(F)c(F)c(-c2c(F)c(F)c(O)c(F)c2F)c(F)c1F,330.13,chemical_6ee30a16c1c450ed,OC1CCCCC1O,116.16,平衡轮转；非全笛卡尔积,three_components_passed_prototype_gate,未采购未合成；需路线、EHS与供应复核,ledger-007-smipoly-2023;ledger-135-yue-2024-polyuniverse-data;ledger-136-yue-2024-polyuniverse;ledger-137-yue-polyuniverse-code
combo_0d8c222f6f5e1b8b,polyuniverse_dinco_016bfd4c165aa545a7db,Cc1c(CCCCCCN=C=O)cccc1N=C=O,258.321,chemical_a2cf8157d0f77432,OC(c1cccc(C(O)(C(F)(F)F)C(F)(F)F)c1)(C(F)(F)F)C(F)(F)F,410.154,chemical_9a89f0adbd70529b,OCC(F)(F)C(F)(F)C(F)(F)CO,212.089,平衡轮转；非全笛卡尔积,three_components_passed_prototype_gate,未采购未合成；需路线、EHS与供应复核,ledger-007-smipoly-2023;ledger-135-yue-2024-polyuniverse-data;ledger-136-yue-2024-polyuniverse;ledger-137-yue-polyuniverse-code
combo_0dbc8992cad98f02,polyuniverse_dinco_fd5f159552c1f70f915c,O=C=NCCC(CN(CC(CCN=C=O)([N+](=O)[O-])[N+](=O)[O-])[N+](=O)[O-])([N+](=O)[O-])[N+](=O)[O-],436.25,chemical_58b2613823466190,CC(C)(C)c1cc(-c2cc(C(C)(C)C)cc(C(C)(C)C)c2O)c(O)c(C(C)(C)C)c1,410.642,chemical_ca5e105838153c99,CCC(CO)CC(CC)CO,160.257,平衡轮转；非全笛卡尔积,three_components_passed_prototype_gate,未采购未合成；需路线、EHS与供应复核,ledger-007-smipoly-2023;ledger-135-yue-2024-polyuniverse-data;ledger-136-yue-2024-polyuniverse;ledger-137-yue-polyuniverse-code
combo_0dc4b7770cbfa707,polyuniverse_dinco_d6e57fb34f6442032c80,COc1ccc(OC)c(N(c2ccc(N=C=O)cc2)c2ccc(N=C=O)cc2)c1,387.395,chemical_ff8d497a35fecaa4,OC(C(F)(F)F)(C(F)(F)F)C(O)(C(F)(F)F)C(F)(F)F,334.056,chemical_75fb481cd45cc100,CCCCC(CC)(CO)CO,160.257,平衡轮转；非全笛卡尔积,three_components_passed_prototype_gate,未采购未合成；需路线、EHS与供应复核,ledger-007-smipoly-2023;ledger-135-yue-2024-polyuniverse-data;ledger-136-yue-2024-polyuniverse;ledger-137-yue-polyuniverse-code
combo_0dd349e859f3d15f,polyuniverse_dinco_36587639e34b8082240f,N#COCC12CC(CCCN=C=O)C(CC1CCN=C=O)C2,303.362,chemical_a04b7de5081dd0a5,CC(C)CC(C)(c1ccc(O)cc1)c1ccc(O)cc1,270.372,chemical_2dad29ca9d88607e,OC1CCC(C2CCC(O)CC2)CC1,198.306,平衡轮转；非全笛卡尔积,three_components_passed_prototype_gate,未采购未合成；需路线、EHS与供应复核,ledger-007-smipoly-2023;ledger-135-yue-2024-polyuniverse-data;ledger-136-yue-2024-polyuniverse;ledger-137-yue-polyuniverse-code
combo_0e4b38aaf85317c8,polyuniverse_dinco_8a880932a5a3f4f0ae1c,CC1CC(N=C=O)CCC1C1CC(C)(C)C(N=C=O)CC1C,304.434,chemical_6364c045bd73da83,Oc1cccc(Oc2ccc(Oc3cccc(O)c3)cc2)c1,294.306,chemical_f25ee56de4366915,O=[N+]([O-])c1cc(CO)ccc1CO,183.163,平衡轮转；非全笛卡尔积,three_components_passed_prototype_gate,未采购未合成；需路线、EHS与供应复核,ledger-007-smipoly-2023;ledger-135-yue-2024-polyuniverse-data;ledger-136-yue-2024-polyuniverse;ledger-137-yue-polyuniverse-code
combo_0e82d489a0a1f1f2,polyuniverse_dinco_d51030c05f20bb2a75df,O=C=NC(C1CCCCC1)C(N=C=O)C1CCCCC1,276.38,chemical_5e814be594638bdc,OCCCCCCCCCCCCCCCCO,258.446,chemical_dd2ebb8c8aeed446,Oc1ccc2c(O)cccc2c1,160.172,平衡轮转；非全笛卡尔积,three_components_passed_prototype_gate,未采购未合成；需路线、EHS与供应复核,ledger-007-smipoly-2023;ledger-135-yue-2024-polyuniverse-data;ledger-136-yue-2024-polyuniverse;ledger-137-yue-polyuniverse-code
combo_0e94107cf12fcb98,polyuniverse_dinco_c716de5f027f8966961c,O=C=Nc1ccc(-c2cccc3c2C(c2ccc(N=C=O)cc2)c2ccccc2-3)cc1,400.437,chemical_ff8d497a35fecaa4,OC(C(F)(F)F)(C(F)(F)F)C(O)(C(F)(F)F)C(F)(F)F,334.056,chemical_1ace6e6abb3b5be3,Oc1ccc(O)c2c1C1CCC2C1,176.215,平衡轮转；非全笛卡尔积,three_components_passed_prototype_gate,未采购未合成；需路线、EHS与供应复核,ledger-007-smipoly-2023;ledger-135-yue-2024-polyuniverse-data;ledger-136-yue-2024-polyuniverse;ledger-137-yue-polyuniverse-code
combo_0ebe56047a2c4b0d,polyuniverse_dinco_d9e0e5b183928d0c3023,CC(C)(N=C=O)c1ccc2c(C(C)(C)N=C=O)cccc2c1,294.354,chemical_5e814be594638bdc,OCCCCCCCCCCCCCCCCO,258.446,chemical_5be20976c2a9d662,Oc1c(F)c(F)c(O)c(F)c1F,182.072,平衡轮转；非全笛卡尔积,three_components_passed_prototype_gate,未采购未合成；需路线、EHS与供应复核,ledger-007-smipoly-2023;ledger-135-yue-2024-polyuniverse-data;ledger-136-yue-2024-polyuniverse;ledger-137-yue-polyuniverse-code
combo_0ed86d8768549fdf,polyuniverse_dinco_c842b8dc271bd83c79bd,CC1C(C)C(N=C=O)C(C)(C)C(C)C1N=C=O,236.315,chemical_0895e6cd5136df6a,OCCOc1ccc(C2(c3ccc(OCCO)cc3)c3ccccc3-c3ccccc32)cc1,438.523,chemical_75fb481cd45cc100,CCCCC(CC)(CO)CO,160.257,平衡轮转；非全笛卡尔积,three_components_passed_prototype_gate,未采购未合成；需路线、EHS与供应复核,ledger-007-smipoly-2023;ledger-135-yue-2024-polyuniverse-data;ledger-136-yue-2024-polyuniverse;ledger-137-yue-polyuniverse-code
combo_0f2c46893652d620,polyuniverse_dinco_ff251f80a8e230a05cc3,O=C=NCC(Br)C(CF)N=C=O,237.028,chemical_a04b7de5081dd0a5,CC(C)CC(C)(c1ccc(O)cc1)c1ccc(O)cc1,270.372,chemical_2dad29ca9d88607e,OC1CCC(C2CCC(O)CC2)CC1,198.306,平衡轮转；非全笛卡尔积,three_components_passed_prototype_gate,未采购未合成；需路线、EHS与供应复核,ledger-007-smipoly-2023;ledger-135-yue-2024-polyuniverse-data;ledger-136-yue-2024-polyuniverse;ledger-137-yue-polyuniverse-code
combo_0f398561a29e3a3f,polyuniverse_dinco_854f6f15dafaadb28034,O=C=Nc1ccc2c([nH]c3ccccc32)c1N=C=O,249.229,chemical_3a566be4d64035e3,Oc1ccc(-c2ccc(O)c(Br)c2)cc1Br,344.002,chemical_79b196ca779aae4e,OCc1ccccc1CO,138.166,平衡轮转；非全笛卡尔积,three_components_passed_prototype_gate,未采购未合成；需路线、EHS与供应复核,ledger-007-smipoly-2023;ledger-135-yue-2024-polyuniverse-data;ledger-136-yue-2024-polyuniverse;ledger-137-yue-polyuniverse-code
combo_0f49c6d326d25fdf,polyuniverse_dinco_c24771e4eb3229cc941d,[C-]#[N+]C1(N=C=O)CCC(C)([N+]#[C-])C(N=C=O)C1,230.227,chemical_986d2a218ca14417,OCC(F)(F)C(F)(F)C(F)(F)C(F)(F)C(F)(F)C(F)(F)CO,362.11,chemical_7eec20377145fdb7,CC1(C)C(O)C(C)(C)C1O,144.214,平衡轮转；非全笛卡尔积,three_components_passed_prototype_gate,未采购未合成；需路线、EHS与供应复核,ledger-007-smipoly-2023;ledger-135-yue-2024-polyuniverse-data;ledger-136-yue-2024-polyuniverse;ledger-137-yue-polyuniverse-code
combo_1015f097bec9ca8f,polyuniverse_dinco_60e65dae5f7c55187844,COc1cc(Cc2cc([N+](=O)[O-])c(N=C=O)c([N+](=O)[O-])c2)cc(OC)c1N=C=O,400.303,chemical_a2cf8157d0f77432,OC(c1cccc(C(O)(C(F)(F)F)C(F)(F)F)c1)(C(F)(F)F)C(F)(F)F,410.154,chemical_48e0f37b8f35d22d,Cc1c(C)c(CO)c(C)c(C)c1CO,194.274,平衡轮转；非全笛卡尔积,three_components_passed_prototype_gate,未采购未合成；需路线、EHS与供应复核,ledger-007-smipoly-2023;ledger-135-yue-2024-polyuniverse-data;ledger-136-yue-2024-polyuniverse;ledger-137-yue-polyuniverse-code
combo_1053876b67780e10,polyuniverse_dinco_72c91e88a4c33aabb96c,O=C=Nc1no[n+]([O-])c1N=C=O,168.068,chemical_e34b1bd2b88ad439,CC(C)(c1ccc(O)c(C2CCCCC2)c1)c1ccc(O)c(C2CCCCC2)c1,392.583,chemical_f25ee56de4366915,O=[N+]([O-])c1cc(CO)ccc1CO,183.163,平衡轮转；非全笛卡尔积,three_components_passed_prototype_gate,未采购未合成；需路线、EHS与供应复核,ledger-007-smipoly-2023;ledger-135-yue-2024-polyuniverse-data;ledger-136-yue-2024-polyuniverse;ledger-137-yue-polyuniverse-code
combo_1068888be077ae03,polyuniverse_dinco_5a1f42c9bc88019aa254,O=C=NC1C(F)C(F)C(F)C(F)C1N=C=O,238.14,chemical_34962dac292231e7,Cc1cc(Cc2cc(C)c(O)c(C)c2)cc(C)c1O,256.345,chemical_7eec20377145fdb7,CC1(C)C(O)C(C)(C)C1O,144.214,平衡轮转；非全笛卡尔积,three_components_passed_prototype_gate,未采购未合成；需路线、EHS与供应复核,ledger-007-smipoly-2023;ledger-135-yue-2024-polyuniverse-data;ledger-136-yue-2024-polyuniverse;ledger-137-yue-polyuniverse-code
combo_10d551c0da43e55d,polyuniverse_dinco_629ef888e16fc71a3a21,CC(CN=C=O)CO[C@@H]1COC2C1OCC2(C)OCC(C)CN=C=O,354.403,chemical_1f862d0fb910ec42,Oc1ccc(C2(c3ccc(O)cc3)CCCCC2)cc1,268.356,chemical_2a0d22152800ae85,Oc1ccc(Oc2ccc(O)cc2)cc1,202.209,平衡轮转；非全笛卡尔积,three_components_passed_prototype_gate,未采购未合成；需路线、EHS与供应复核,ledger-007-smipoly-2023;ledger-135-yue-2024-polyuniverse-data;ledger-136-yue-2024-polyuniverse;ledger-137-yue-polyuniverse-code
combo_10df875417c63772,polyuniverse_dinco_236875b2e3fa5e54ba5a,CCC(N=C=O)c1cc(C#N)cc(C(CC)N=C=O)c1,269.304,chemical_3a566be4d64035e3,Oc1ccc(-c2ccc(O)c(Br)c2)cc1Br,344.002,chemical_3635aefc1005d8ad,CC(C)(O)CCC(C)(C)O,146.23,平衡轮转；非全笛卡尔积,three_components_passed_prototype_gate,未采购未合成；需路线、EHS与供应复核,ledger-007-smipoly-2023;ledger-135-yue-2024-polyuniverse-data;ledger-136-yue-2024-polyuniverse;ledger-137-yue-polyuniverse-code
combo_1105bb8566f0b479,polyuniverse_dinco_1d6acf47e4862fbbcc32,Cc1cc(N=C=O)ncc1N=C=O,175.147,chemical_3a566be4d64035e3,Oc1ccc(-c2ccc(O)c(Br)c2)cc1Br,344.002,chemical_7eec20377145fdb7,CC1(C)C(O)C(C)(C)C1O,144.214,平衡轮转；非全笛卡尔积,three_components_passed_prototype_gate,未采购未合成；需路线、EHS与供应复核,ledger-007-smipoly-2023;ledger-135-yue-2024-polyuniverse-data;ledger-136-yue-2024-polyuniverse;ledger-137-yue-polyuniverse-code
combo_110f2cd20c7f4ffa,polyuniverse_dinco_677d9180682055b9b9f3,O=C=Nc1nc(Cl)nc(N=C=O)n1,197.541,chemical_694871d5e95b7370,Oc1c(F)c(F)c(-c2c(F)c(F)c(O)c(F)c2F)c(F)c1F,330.13,chemical_63c6eb608324eca7,OCC1CC2C3CC(CO)C(C3)C2C1,196.29,平衡轮转；非全笛卡尔积,three_components_passed_prototype_gate,未采购未合成；需路线、EHS与供应复核,ledger-007-smipoly-2023;ledger-135-yue-2024-polyuniverse-data;ledger-136-yue-2024-polyuniverse;ledger-137-yue-polyuniverse-code
combo_11ab205158aec311,polyuniverse_dinco_bd1652fdf1dacee4093c,O=C=NCCC12CCC(C1)C1CCCC12CCN=C=O,274.364,chemical_986d2a218ca14417,OCC(F)(F)C(F)(F)C(F)(F)C(F)(F)C(F)(F)C(F)(F)CO,362.11,chemical_28a648027cd37607,OCCCCCCCCCO,160.257,平衡轮转；非全笛卡尔积,three_components_passed_prototype_gate,未采购未合成；需路线、EHS与供应复核,ledger-007-smipoly-2023;ledger-135-yue-2024-polyuniverse-data;ledger-136-yue-2024-polyuniverse;ledger-137-yue-polyuniverse-code
combo_11b0b60ded65ed30,polyuniverse_dinco_055819dc5371734047d1,N#COC1CCC(CC2CCC(N=C=O)C(CC3CCC(N=C=O)CC3)C2)CC1,399.535,chemical_ff8d497a35fecaa4,OC(C(F)(F)F)(C(F)(F)F)C(O)(C(F)(F)F)C(F)(F)F,334.056,chemical_706c38f2fda91d2c,CCC(C)(c1ccc(O)cc1)c1ccc(O)cc1,242.318,平衡轮转；非全笛卡尔积,three_components_passed_prototype_gate,未采购未合成；需路线、EHS与供应复核,ledger-007-smipoly-2023;ledger-135-yue-2024-polyuniverse-data;ledger-136-yue-2024-polyuniverse;ledger-137-yue-polyuniverse-code
combo_120175cb28ebfd86,polyuniverse_dinco_7ae84879e7df0d84fdfa,O=C=NC1(F)C(F)(F)C(F)(F)C(F)(F)C(F)(F)C1(F)N=C=O,346.08,chemical_e34b1bd2b88ad439,CC(C)(c1ccc(O)c(C2CCCCC2)c1)c1ccc(O)c(C2CCCCC2)c1,392.583,chemical_63c6eb608324eca7,OCC1CC2C3CC(CO)C(C3)C2C1,196.29,平衡轮转；非全笛卡尔积,three_components_passed_prototype_gate,未采购未合成；需路线、EHS与供应复核,ledger-007-smipoly-2023;ledger-135-yue-2024-polyuniverse-data;ledger-136-yue-2024-polyuniverse;ledger-137-yue-polyuniverse-code
combo_12460d85d2ed4c5c,polyuniverse_dinco_b03d7a2243c8c46ba34f,O=C=Nc1c(F)cc(Oc2cc(F)c(N=C=O)c(F)c2)cc1F,324.189,chemical_b94fa835d3f1bdb8,CC(C)(CO)C1OCC2(CO1)COC(C(C)(C)CO)OC2,304.383,chemical_bacbda6c95c1bb67,Cc1ccc(O)c(Cc2cc(C)ccc2O)c1,228.291,平衡轮转；非全笛卡尔积,three_components_passed_prototype_gate,未采购未合成；需路线、EHS与供应复核,ledger-007-smipoly-2023;ledger-135-yue-2024-polyuniverse-data;ledger-136-yue-2024-polyuniverse;ledger-137-yue-polyuniverse-code
combo_1273bcd76fc9c744,polyuniverse_dinco_b942aa905763bb430945,CCCC1(CC(C)N=C=O)CCC(C)(C(C)(C)CC(C)(C)N=C=O)C1,348.531,chemical_1f862d0fb910ec42,Oc1ccc(C2(c3ccc(O)cc3)CCCCC2)cc1,268.356,chemical_79b196ca779aae4e,OCc1ccccc1CO,138.166,平衡轮转；非全笛卡尔积,three_components_passed_prototype_gate,未采购未合成；需路线、EHS与供应复核,ledger-007-smipoly-2023;ledger-135-yue-2024-polyuniverse-data;ledger-136-yue-2024-polyuniverse;ledger-137-yue-polyuniverse-code
combo_1307349dfaab5a50,polyuniverse_dinco_8ec7a31c579192711514,CC1CCC2C(C1)C(N=C=O)C1C3CCC(C3)C1C2N=C=O,300.402,chemical_a04b7de5081dd0a5,CC(C)CC(C)(c1ccc(O)cc1)c1ccc(O)cc1,270.372,chemical_3635aefc1005d8ad,CC(C)(O)CCC(C)(C)O,146.23,平衡轮转；非全笛卡尔积,three_components_passed_prototype_gate,未采购未合成；需路线、EHS与供应复核,ledger-007-smipoly-2023;ledger-135-yue-2024-polyuniverse-data;ledger-136-yue-2024-polyuniverse;ledger-137-yue-polyuniverse-code
combo_13820e51dd8c7e5f,polyuniverse_dinco_5a1f42c9bc88019aa254,O=C=NC1C(F)C(F)C(F)C(F)C1N=C=O,238.14,chemical_0895e6cd5136df6a,OCCOc1ccc(C2(c3ccc(OCCO)cc3)c3ccccc3-c3ccccc32)cc1,438.523,chemical_75fb481cd45cc100,CCCCC(CC)(CO)CO,160.257,平衡轮转；非全笛卡尔积,three_components_passed_prototype_gate,未采购未合成；需路线、EHS与供应复核,ledger-007-smipoly-2023;ledger-135-yue-2024-polyuniverse-data;ledger-136-yue-2024-polyuniverse;ledger-137-yue-polyuniverse-code
combo_1386b53db78e79f0,polyuniverse_dinco_26cead9b352cec30e97f,CCC(CN=C=O)C1CCCC(N=C=O)C1,222.288,chemical_a2cf8157d0f77432,OC(c1cccc(C(O)(C(F)(F)F)C(F)(F)F)c1)(C(F)(F)F)C(F)(F)F,410.154,chemical_7eec20377145fdb7,CC1(C)C(O)C(C)(C)C1O,144.214,平衡轮转；非全笛卡尔积,three_components_passed_prototype_gate,未采购未合成；需路线、EHS与供应复核,ledger-007-smipoly-2023;ledger-135-yue-2024-polyuniverse-data;ledger-136-yue-2024-polyuniverse;ledger-137-yue-polyuniverse-code
combo_138ce40ea2061dba,polyuniverse_dinco_24471fc1c458b69a01cd,O=C=NC1CC(N=C=O)C2CCCc3cccc1c32,254.289,chemical_694871d5e95b7370,Oc1c(F)c(F)c(-c2c(F)c(F)c(O)c(F)c2F)c(F)c1F,330.13,chemical_63c6eb608324eca7,OCC1CC2C3CC(CO)C(C3)C2C1,196.29,平衡轮转；非全笛卡尔积,three_components_passed_prototype_gate,未采购未合成；需路线、EHS与供应复核,ledger-007-smipoly-2023;ledger-135-yue-2024-polyuniverse-data;ledger-136-yue-2024-polyuniverse;ledger-137-yue-polyuniverse-code
combo_139f343f106bb3ad,polyuniverse_dinco_3cd70e5831ba4d233e46,CCCCCCC1(CCCCCC)c2cc(N=C=O)ccc2-c2ccc(N=C=O)cc21,416.565,chemical_e34b1bd2b88ad439,CC(C)(c1ccc(O)c(C2CCCCC2)c1)c1ccc(O)c(C2CCCCC2)c1,392.583,chemical_5be20976c2a9d662,Oc1c(F)c(F)c(O)c(F)c1F,182.072,平衡轮转；非全笛卡尔积,three_components_passed_prototype_gate,未采购未合成；需路线、EHS与供应复核,ledger-007-smipoly-2023;ledger-135-yue-2024-polyuniverse-data;ledger-136-yue-2024-polyuniverse;ledger-137-yue-polyuniverse-code
combo_13b196e62ff97472,polyuniverse_dinco_b942aa905763bb430945,CCCC1(CC(C)N=C=O)CCC(C)(C(C)(C)CC(C)(C)N=C=O)C1,348.531,chemical_3a566be4d64035e3,Oc1ccc(-c2ccc(O)c(Br)c2)cc1Br,344.002,chemical_79b196ca779aae4e,OCc1ccccc1CO,138.166,平衡轮转；非全笛卡尔积,three_components_passed_prototype_gate,未采购未合成；需路线、EHS与供应复核,ledger-007-smipoly-2023;ledger-135-yue-2024-polyuniverse-data;ledger-136-yue-2024-polyuniverse;ledger-137-yue-polyuniverse-code
combo_13d3136e888be416,polyuniverse_dinco_61e84547e1c5aa376ad9,O=C=NCC12CC(C3CCCC31)C1C3CCC(C3)C12CN=C=O,312.413,chemical_e4aa17432292bb19,Cc1cc2c(cc1O)C(C)(C)CC1(CC(C)(C)c3cc(O)c(C)cc3O1)O2,368.473,chemical_706c38f2fda91d2c,CCC(C)(c1ccc(O)cc1)c1ccc(O)cc1,242.318,平衡轮转；非全笛卡尔积,three_components_passed_prototype_gate,未采购未合成；需路线、EHS与供应复核,ledger-007-smipoly-2023;ledger-135-yue-2024-polyuniverse-data;ledger-136-yue-2024-polyuniverse;ledger-137-yue-polyuniverse-code
combo_13d5179270f3d064,polyuniverse_dinco_ac4be1eff9a2d8a5bde3,CCCc1cc(C(C)C)c(N=C=O)c(CCC)c1N=C=O,286.375,chemical_34962dac292231e7,Cc1cc(Cc2cc(C)c(O)c(C)c2)cc(C)c1O,256.345,chemical_2a0d22152800ae85,Oc1ccc(Oc2ccc(O)cc2)cc1,202.209,平衡轮转；非全笛卡尔积,three_components_passed_prototype_gate,未采购未合成；需路线、EHS与供应复核,ledger-007-smipoly-2023;ledger-135-yue-2024-polyuniverse-data;ledger-136-yue-2024-polyuniverse;ledger-137-yue-polyuniverse-code
combo_1433152bf084c927,polyuniverse_dinco_b03d7a2243c8c46ba34f,O=C=Nc1c(F)cc(Oc2cc(F)c(N=C=O)c(F)c2)cc1F,324.189,chemical_986d2a218ca14417,OCC(F)(F)C(F)(F)C(F)(F)C(F)(F)C(F)(F)C(F)(F)CO,362.11,chemical_7eec20377145fdb7,CC1(C)C(O)C(C)(C)C1O,144.214,平衡轮转；非全笛卡尔积,three_components_passed_prototype_gate,未采购未合成；需路线、EHS与供应复核,ledger-007-smipoly-2023;ledger-135-yue-2024-polyuniverse-data;ledger-136-yue-2024-polyuniverse;ledger-137-yue-polyuniverse-code
combo_143a1f45765d7b88,polyuniverse_dinco_2337b9bdfd4a7449f5ba,Cc1ccc(-n2nc(C(C)(C)C)c(N=C=O)c2N=C=O)cc1,296.33,chemical_e34b1bd2b88ad439,CC(C)(c1ccc(O)c(C2CCCCC2)c1)c1ccc(O)c(C2CCCCC2)c1,392.583,chemical_5be20976c2a9d662,Oc1c(F)c(F)c(O)c(F)c1F,182.072,平衡轮转；非全笛卡尔积,three_components_passed_prototype_gate,未采购未合成；需路线、EHS与供应复核,ledger-007-smipoly-2023;ledger-135-yue-2024-polyuniverse-data;ledger-136-yue-2024-polyuniverse;ledger-137-yue-polyuniverse-code
combo_14a1d0d1806ea59b,polyuniverse_dinco_7bf0d3c1efc36d46299a,O=C=NCCCC(CN=C=O)CC12CCC(CC1)C2,262.353,chemical_3a566be4d64035e3,Oc1ccc(-c2ccc(O)c(Br)c2)cc1Br,344.002,chemical_3635aefc1005d8ad,CC(C)(O)CCC(C)(C)O,146.23,平衡轮转；非全笛卡尔积,three_components_passed_prototype_gate,未采购未合成；需路线、EHS与供应复核,ledger-007-smipoly-2023;ledger-135-yue-2024-polyuniverse-data;ledger-136-yue-2024-polyuniverse;ledger-137-yue-polyuniverse-code
combo_14d4eb92c122b527,polyuniverse_dinco_0dbe9dd7636a5bdeaa0b,CC1(N=C=O)Cc2c3ccc1c2C(C)(N=C=O)C3,240.262,chemical_986d2a218ca14417,OCC(F)(F)C(F)(F)C(F)(F)C(F)(F)C(F)(F)C(F)(F)CO,362.11,chemical_7eec20377145fdb7,CC1(C)C(O)C(C)(C)C1O,144.214,平衡轮转；非全笛卡尔积,three_components_passed_prototype_gate,未采购未合成；需路线、EHS与供应复核,ledger-007-smipoly-2023;ledger-135-yue-2024-polyuniverse-data;ledger-136-yue-2024-polyuniverse;ledger-137-yue-polyuniverse-code
combo_14db45f9df7e0f28,polyuniverse_dinco_c842b8dc271bd83c79bd,CC1C(C)C(N=C=O)C(C)(C)C(C)C1N=C=O,236.315,chemical_0895e6cd5136df6a,OCCOc1ccc(C2(c3ccc(OCCO)cc3)c3ccccc3-c3ccccc32)cc1,438.523,chemical_72b7ed7d3d268fd7,CC(C)CC(CO)(CO)CC(C)C,188.311,平衡轮转；非全笛卡尔积,three_components_passed_prototype_gate,未采购未合成；需路线、EHS与供应复核,ledger-007-smipoly-2023;ledger-135-yue-2024-polyuniverse-data;ledger-136-yue-2024-polyuniverse;ledger-137-yue-polyuniverse-code
combo_14ea64ff747fdbc9,polyuniverse_dinco_677d9180682055b9b9f3,O=C=Nc1nc(Cl)nc(N=C=O)n1,197.541,chemical_6364c045bd73da83,Oc1cccc(Oc2ccc(Oc3cccc(O)c3)cc2)c1,294.306,chemical_5be20976c2a9d662,Oc1c(F)c(F)c(O)c(F)c1F,182.072,平衡轮转；非全笛卡尔积,three_components_passed_prototype_gate,未采购未合成；需路线、EHS与供应复核,ledger-007-smipoly-2023;ledger-135-yue-2024-polyuniverse-data;ledger-136-yue-2024-polyuniverse;ledger-137-yue-polyuniverse-code
combo_150cef12a28e5406,polyuniverse_dinco_473f746a39152067a95e,O=C=Nc1ccc(OCC(F)(F)C(F)F)c(N=C=O)c1,290.172,chemical_e34b1bd2b88ad439,CC(C)(c1ccc(O)c(C2CCCCC2)c1)c1ccc(O)c(C2CCCCC2)c1,392.583,chemical_f25ee56de4366915,O=[N+]([O-])c1cc(CO)ccc1CO,183.163,平衡轮转；非全笛卡尔积,three_components_passed_prototype_gate,未采购未合成；需路线、EHS与供应复核,ledger-007-smipoly-2023;ledger-135-yue-2024-polyuniverse-data;ledger-136-yue-2024-polyuniverse;ledger-137-yue-polyuniverse-code
combo_152392e483566420,polyuniverse_dinco_a759abc4f1e86d39deed,CC1CC(C)CC(CC2CC(C)C(N=C=O)C(C)(N=C=O)C2)C1,318.461,chemical_6364c045bd73da83,Oc1cccc(Oc2ccc(Oc3cccc(O)c3)cc2)c1,294.306,chemical_dd2ebb8c8aeed446,Oc1ccc2c(O)cccc2c1,160.172,平衡轮转；非全笛卡尔积,three_components_passed_prototype_gate,未采购未合成；需路线、EHS与供应复核,ledger-007-smipoly-2023;ledger-135-yue-2024-polyuniverse-data;ledger-136-yue-2024-polyuniverse;ledger-137-yue-polyuniverse-code
combo_153c5784efdb8430,polyuniverse_dinco_952c8476d31239835550,O=C=NCC1(CN=C=O)CCCC(F)(F)C1(F)F,266.194,chemical_58b2613823466190,CC(C)(C)c1cc(-c2cc(C(C)(C)C)cc(C(C)(C)C)c2O)c(O)c(C(C)(C)C)c1,410.642,chemical_5be20976c2a9d662,Oc1c(F)c(F)c(O)c(F)c1F,182.072,平衡轮转；非全笛卡尔积,three_components_passed_prototype_gate,未采购未合成；需路线、EHS与供应复核,ledger-007-smipoly-2023;ledger-135-yue-2024-polyuniverse-data;ledger-136-yue-2024-polyuniverse;ledger-137-yue-polyuniverse-code
combo_154bfcb8303c0779,polyuniverse_dinco_20ab49a32ae47e829378,Cc1c(C)c(N=C=O)c(C2CCCCC2)c(C)c1N=C=O,284.359,chemical_986d2a218ca14417,OCC(F)(F)C(F)(F)C(F)(F)C(F)(F)C(F)(F)C(F)(F)CO,362.11,chemical_28a648027cd37607,OCCCCCCCCCO,160.257,平衡轮转；非全笛卡尔积,three_components_passed_prototype_gate,未采购未合成；需路线、EHS与供应复核,ledger-007-smipoly-2023;ledger-135-yue-2024-polyuniverse-data;ledger-136-yue-2024-polyuniverse;ledger-137-yue-polyuniverse-code
combo_154d7ff34e4aad69,polyuniverse_dinco_6a887a4fc6e3f56dee69,N#COCC(CN=C=O)(CN=C=O)COC#N,236.187,chemical_b94fa835d3f1bdb8,CC(C)(CO)C1OCC2(CO1)COC(C(C)(C)CO)OC2,304.383,chemical_831d24f7368b3f75,Cc1cc(-c2cc(C)c(O)c(C)c2)cc(C)c1O,242.318,平衡轮转；非全笛卡尔积,three_components_passed_prototype_gate,未采购未合成；需路线、EHS与供应复核,ledger-007-smipoly-2023;ledger-135-yue-2024-polyuniverse-data;ledger-136-yue-2024-polyuniverse;ledger-137-yue-polyuniverse-code
combo_156f62770bc2c12a,polyuniverse_dinco_b3615f63610ee99adc3f,CCC(C)c1c(N=C=O)cc(N=C=O)c2c1CCC2(C)C,284.359,chemical_e4aa17432292bb19,Cc1cc2c(cc1O)C(C)(C)CC1(CC(C)(C)c3cc(O)c(C)cc3O1)O2,368.473,chemical_dd2ebb8c8aeed446,Oc1ccc2c(O)cccc2c1,160.172,平衡轮转；非全笛卡尔积,three_components_passed_prototype_gate,未采购未合成；需路线、EHS与供应复核,ledger-007-smipoly-2023;ledger-135-yue-2024-polyuniverse-data;ledger-136-yue-2024-polyuniverse;ledger-137-yue-polyuniverse-code
combo_15b4fe7954cf68a9,polyuniverse_dinco_bffdc5ccff4c002d8304,Cc1cc(CC2CCCCC2N=C=O)cc(N=C=O)c1,270.332,chemical_f59a0ec9b5c263ad,CCCCCCCCC(CO)(CO)CCCCCCCC,300.527,chemical_72b7ed7d3d268fd7,CC(C)CC(CO)(CO)CC(C)C,188.311,平衡轮转；非全笛卡尔积,three_components_passed_prototype_gate,未采购未合成；需路线、EHS与供应复核,ledger-007-smipoly-2023;ledger-135-yue-2024-polyuniverse-data;ledger-136-yue-2024-polyuniverse;ledger-137-yue-polyuniverse-code
combo_15c0a422fc928616,polyuniverse_dinco_4ed51fdb98321223f060,CCCC(CC(C)(CCC)CN=C=O)N=C=O,238.331,chemical_34962dac292231e7,Cc1cc(Cc2cc(C)c(O)c(C)c2)cc(C)c1O,256.345,chemical_2dad29ca9d88607e,OC1CCC(C2CCC(O)CC2)CC1,198.306,平衡轮转；非全笛卡尔积,three_components_passed_prototype_gate,未采购未合成；需路线、EHS与供应复核,ledger-007-smipoly-2023;ledger-135-yue-2024-polyuniverse-data;ledger-136-yue-2024-polyuniverse;ledger-137-yue-polyuniverse-code
combo_164802238db46330,polyuniverse_dinco_29fcbdd3c8cf8655b397,CCCCC(CC)(CCC)CC1(N=C=O)CCC(C)C(N=C=O)C1,334.504,chemical_f59a0ec9b5c263ad,CCCCCCCCC(CO)(CO)CCCCCCCC,300.527,chemical_1ace6e6abb3b5be3,Oc1ccc(O)c2c1C1CCC2C1,176.215,平衡轮转；非全笛卡尔积,three_components_passed_prototype_gate,未采购未合成；需路线、EHS与供应复核,ledger-007-smipoly-2023;ledger-135-yue-2024-polyuniverse-data;ledger-136-yue-2024-polyuniverse;ledger-137-yue-polyuniverse-code
combo_16c7df24073854a9,polyuniverse_dinco_ad772ec6dd390bb329d7,CC1CC1(N=C=O)C(C)(C)N=C=O,180.207,chemical_58b2613823466190,CC(C)(C)c1cc(-c2cc(C(C)(C)C)cc(C(C)(C)C)c2O)c(O)c(C(C)(C)C)c1,410.642,chemical_5be20976c2a9d662,Oc1c(F)c(F)c(O)c(F)c1F,182.072,平衡轮转；非全笛卡尔积,three_components_passed_prototype_gate,未采购未合成；需路线、EHS与供应复核,ledger-007-smipoly-2023;ledger-135-yue-2024-polyuniverse-data;ledger-136-yue-2024-polyuniverse;ledger-137-yue-polyuniverse-code
combo_16e400eda558d8bd,polyuniverse_dinco_d6e57fb34f6442032c80,COc1ccc(OC)c(N(c2ccc(N=C=O)cc2)c2ccc(N=C=O)cc2)c1,387.395,chemical_ff8d497a35fecaa4,OC(C(F)(F)F)(C(F)(F)F)C(O)(C(F)(F)F)C(F)(F)F,334.056,chemical_706c38f2fda91d2c,CCC(C)(c1ccc(O)cc1)c1ccc(O)cc1,242.318,平衡轮转；非全笛卡尔积,three_components_passed_prototype_gate,未采购未合成；需路线、EHS与供应复核,ledger-007-smipoly-2023;ledger-135-yue-2024-polyuniverse-data;ledger-136-yue-2024-polyuniverse;ledger-137-yue-polyuniverse-code
combo_16f795f6b6de4784,polyuniverse_dinco_7df67f418ef75f339395,CC1CC(N=C=O)C(N=C=O)(C(C)C)C(c2ccccc2)(c2ccccc2)C1,374.484,chemical_5e814be594638bdc,OCCCCCCCCCCCCCCCCO,258.446,chemical_551a139d1b44a292,OC12CC3CC(C1)CC(O)(C3)C2,168.236,平衡轮转；非全笛卡尔积,three_components_passed_prototype_gate,未采购未合成；需路线、EHS与供应复核,ledger-007-smipoly-2023;ledger-135-yue-2024-polyuniverse-data;ledger-136-yue-2024-polyuniverse;ledger-137-yue-polyuniverse-code
combo_1714567a99bfa43f,polyuniverse_dinco_29fcbdd3c8cf8655b397,CCCCC(CC)(CCC)CC1(N=C=O)CCC(C)C(N=C=O)C1,334.504,chemical_ff8d497a35fecaa4,OC(C(F)(F)F)(C(F)(F)F)C(O)(C(F)(F)F)C(F)(F)F,334.056,chemical_16bdee252ed11d7a,CC(O)C(C)O,90.122,平衡轮转；非全笛卡尔积,three_components_passed_prototype_gate,未采购未合成；需路线、EHS与供应复核,ledger-007-smipoly-2023;ledger-135-yue-2024-polyuniverse-data;ledger-136-yue-2024-polyuniverse;ledger-137-yue-polyuniverse-code
combo_17440c6910a1d073,polyuniverse_dinco_ab4efb95ee1f94419689,Cc1cc2c(c(C)c1N=C=O)C(C)(C)CC21CC(C)(C)c2cc(C)c(N=C=O)c(C)c21,414.549,chemical_e4aa17432292bb19,Cc1cc2c(cc1O)C(C)(C)CC1(CC(C)(C)c3cc(O)c(C)cc3O1)O2,368.473,chemical_63c6eb608324eca7,OCC1CC2C3CC(CO)C(C3)C2C1,196.29,平衡轮转；非全笛卡尔积,three_components_passed_prototype_gate,未采购未合成；需路线、EHS与供应复核,ledger-007-smipoly-2023;ledger-135-yue-2024-polyuniverse-data;ledger-136-yue-2024-polyuniverse;ledger-137-yue-polyuniverse-code
combo_17a6b11a9b7db114,polyuniverse_dinco_854f6f15dafaadb28034,O=C=Nc1ccc2c([nH]c3ccccc32)c1N=C=O,249.229,chemical_34962dac292231e7,Cc1cc(Cc2cc(C)c(O)c(C)c2)cc(C)c1O,256.345,chemical_7eec20377145fdb7,CC1(C)C(O)C(C)(C)C1O,144.214,平衡轮转；非全笛卡尔积,three_components_passed_prototype_gate,未采购未合成；需路线、EHS与供应复核,ledger-007-smipoly-2023;ledger-135-yue-2024-polyuniverse-data;ledger-136-yue-2024-polyuniverse;ledger-137-yue-polyuniverse-code
combo_18407076f898eb04,polyuniverse_dinco_36587639e34b8082240f,N#COCC12CC(CCCN=C=O)C(CC1CCN=C=O)C2,303.362,chemical_b94fa835d3f1bdb8,CC(C)(CO)C1OCC2(CO1)COC(C(C)(C)CO)OC2,304.383,chemical_534466643d7ae4c0,Oc1ccccc1Oc1ccccc1O,202.209,平衡轮转；非全笛卡尔积,three_components_passed_prototype_gate,未采购未合成；需路线、EHS与供应复核,ledger-007-smipoly-2023;ledger-135-yue-2024-polyuniverse-data;ledger-136-yue-2024-polyuniverse;ledger-137-yue-polyuniverse-code
combo_18986e23e11b7dd7,polyuniverse_dinco_29fcbdd3c8cf8655b397,CCCCC(CC)(CCC)CC1(N=C=O)CCC(C)C(N=C=O)C1,334.504,chemical_e4aa17432292bb19,Cc1cc2c(cc1O)C(C)(C)CC1(CC(C)(C)c3cc(O)c(C)cc3O1)O2,368.473,chemical_f25ee56de4366915,O=[N+]([O-])c1cc(CO)ccc1CO,183.163,平衡轮转；非全笛卡尔积,three_components_passed_prototype_gate,未采购未合成；需路线、EHS与供应复核,ledger-007-smipoly-2023;ledger-135-yue-2024-polyuniverse-data;ledger-136-yue-2024-polyuniverse;ledger-137-yue-polyuniverse-code
combo_18d19a1fb1638097,polyuniverse_dinco_4e634aebc4fcf9faf957,O=C=NCc1ccc(CN=C=O)c(N=Nc2ccc([N+](=O)[O-])cc2)c1,337.295,chemical_ff8d497a35fecaa4,OC(C(F)(F)F)(C(F)(F)F)C(O)(C(F)(F)F)C(F)(F)F,334.056,chemical_72b7ed7d3d268fd7,CC(C)CC(CO)(CO)CC(C)C,188.311,平衡轮转；非全笛卡尔积,three_components_passed_prototype_gate,未采购未合成；需路线、EHS与供应复核,ledger-007-smipoly-2023;ledger-135-yue-2024-polyuniverse-data;ledger-136-yue-2024-polyuniverse;ledger-137-yue-polyuniverse-code
combo_18fc9dc52f7d3f6a,polyuniverse_dinco_4bd62448d543828bc87c,CC(C)CC(CC(C)C)(CC(CC(C)C)(CC(C)C)N=C=O)N=C=O,350.547,chemical_b94fa835d3f1bdb8,CC(C)(CO)C1OCC2(CO1)COC(C(C)(C)CO)OC2,304.383,chemical_48e0f37b8f35d22d,Cc1c(C)c(CO)c(C)c(C)c1CO,194.274,平衡轮转；非全笛卡尔积,three_components_passed_prototype_gate,未采购未合成；需路线、EHS与供应复核,ledger-007-smipoly-2023;ledger-135-yue-2024-polyuniverse-data;ledger-136-yue-2024-polyuniverse;ledger-137-yue-polyuniverse-code
combo_194ea7320466729d,polyuniverse_dinco_4ed51fdb98321223f060,CCCC(CC(C)(CCC)CN=C=O)N=C=O,238.331,chemical_34962dac292231e7,Cc1cc(Cc2cc(C)c(O)c(C)c2)cc(C)c1O,256.345,chemical_28a648027cd37607,OCCCCCCCCCO,160.257,平衡轮转；非全笛卡尔积,three_components_passed_prototype_gate,未采购未合成；需路线、EHS与供应复核,ledger-007-smipoly-2023;ledger-135-yue-2024-polyuniverse-data;ledger-136-yue-2024-polyuniverse;ledger-137-yue-polyuniverse-code
combo_195a540a336aac09,polyuniverse_dinco_9433642f6ab558269707,O=C=NC1CCOC1N=C=O,154.125,chemical_1f862d0fb910ec42,Oc1ccc(C2(c3ccc(O)cc3)CCCCC2)cc1,268.356,chemical_28a648027cd37607,OCCCCCCCCCO,160.257,平衡轮转；非全笛卡尔积,three_components_passed_prototype_gate,未采购未合成；需路线、EHS与供应复核,ledger-007-smipoly-2023;ledger-135-yue-2024-polyuniverse-data;ledger-136-yue-2024-polyuniverse;ledger-137-yue-polyuniverse-code
combo_196b5cb51d14c4be,polyuniverse_dinco_e9c64a150258b8ae2353,O=C=NC(F)C(F)(F)C(F)(F)N=C=O,216.065,chemical_34962dac292231e7,Cc1cc(Cc2cc(C)c(O)c(C)c2)cc(C)c1O,256.345,chemical_2a0d22152800ae85,Oc1ccc(Oc2ccc(O)cc2)cc1,202.209,平衡轮转；非全笛卡尔积,three_components_passed_prototype_gate,未采购未合成；需路线、EHS与供应复核,ledger-007-smipoly-2023;ledger-135-yue-2024-polyuniverse-data;ledger-136-yue-2024-polyuniverse;ledger-137-yue-polyuniverse-code
combo_1980d65cf20fbfcb,polyuniverse_dinco_d5c6102d385810c8a633,CC1CC(C(C)(C)C)C(N=C=O)CC1N=C=O,236.315,chemical_a2cf8157d0f77432,OC(c1cccc(C(O)(C(F)(F)F)C(F)(F)F)c1)(C(F)(F)F)C(F)(F)F,410.154,chemical_2dad29ca9d88607e,OC1CCC(C2CCC(O)CC2)CC1,198.306,平衡轮转；非全笛卡尔积,three_components_passed_prototype_gate,未采购未合成；需路线、EHS与供应复核,ledger-007-smipoly-2023;ledger-135-yue-2024-polyuniverse-data;ledger-136-yue-2024-polyuniverse;ledger-137-yue-polyuniverse-code
combo_19f4a4820a19edbf,polyuniverse_dinco_4acdebf340e0856a52df,CC(C)(C)c1cc(N=C=O)c2c(c1)C(C)(C)c1cc(C(C)(C)C)cc(N=C=O)c1O2,404.51,chemical_694871d5e95b7370,Oc1c(F)c(F)c(-c2c(F)c(F)c(O)c(F)c2F)c(F)c1F,330.13,chemical_dd2ebb8c8aeed446,Oc1ccc2c(O)cccc2c1,160.172,平衡轮转；非全笛卡尔积,three_components_passed_prototype_gate,未采购未合成；需路线、EHS与供应复核,ledger-007-smipoly-2023;ledger-135-yue-2024-polyuniverse-data;ledger-136-yue-2024-polyuniverse;ledger-137-yue-polyuniverse-code
combo_1a2ec93dd873adb9,polyuniverse_dinco_f4a3c1923033f08d5b48,Cc1c(Cl)cc(N=C=O)cc1C(Cl)(N=C=O)c1ccccc1,333.174,chemical_5e814be594638bdc,OCCCCCCCCCCCCCCCCO,258.446,chemical_5be20976c2a9d662,Oc1c(F)c(F)c(O)c(F)c1F,182.072,平衡轮转；非全笛卡尔积,three_components_passed_prototype_gate,未采购未合成；需路线、EHS与供应复核,ledger-007-smipoly-2023;ledger-135-yue-2024-polyuniverse-data;ledger-136-yue-2024-polyuniverse;ledger-137-yue-polyuniverse-code
combo_1a4526c751a63504,polyuniverse_dinco_c24771e4eb3229cc941d,[C-]#[N+]C1(N=C=O)CCC(C)([N+]#[C-])C(N=C=O)C1,230.227,chemical_986d2a218ca14417,OCC(F)(F)C(F)(F)C(F)(F)C(F)(F)C(F)(F)C(F)(F)CO,362.11,chemical_79b196ca779aae4e,OCc1ccccc1CO,138.166,平衡轮转；非全笛卡尔积,three_components_passed_prototype_gate,未采购未合成；需路线、EHS与供应复核,ledger-007-smipoly-2023;ledger-135-yue-2024-polyuniverse-data;ledger-136-yue-2024-polyuniverse;ledger-137-yue-polyuniverse-code
combo_1a50b4ba1244fad9,polyuniverse_dinco_36587639e34b8082240f,N#COCC12CC(CCCN=C=O)C(CC1CCN=C=O)C2,303.362,chemical_b94fa835d3f1bdb8,CC(C)(CO)C1OCC2(CO1)COC(C(C)(C)CO)OC2,304.383,chemical_48e0f37b8f35d22d,Cc1c(C)c(CO)c(C)c(C)c1CO,194.274,平衡轮转；非全笛卡尔积,three_components_passed_prototype_gate,未采购未合成；需路线、EHS与供应复核,ledger-007-smipoly-2023;ledger-135-yue-2024-polyuniverse-data;ledger-136-yue-2024-polyuniverse;ledger-137-yue-polyuniverse-code
combo_1a8695810f0a3ee3,polyuniverse_dinco_c009c596c9a17cb1e87f,O=C=NCc1c(F)c(F)c(F)c(F)c1CN=C=O,260.146,chemical_1f862d0fb910ec42,Oc1ccc(C2(c3ccc(O)cc3)CCCCC2)cc1,268.356,chemical_1ace6e6abb3b5be3,Oc1ccc(O)c2c1C1CCC2C1,176.215,平衡轮转；非全笛卡尔积,three_components_passed_prototype_gate,未采购未合成；需路线、EHS与供应复核,ledger-007-smipoly-2023;ledger-135-yue-2024-polyuniverse-data;ledger-136-yue-2024-polyuniverse;ledger-137-yue-polyuniverse-code
combo_1a9dc9bd4d862d11,polyuniverse_dinco_fbadb623a6ef1950d388,O=C=NC(Cc1ccc2ccccc2c1)C(N=C=O)c1ccc2ccccc2c1,378.431,chemical_0895e6cd5136df6a,OCCOc1ccc(C2(c3ccc(OCCO)cc3)c3ccccc3-c3ccccc32)cc1,438.523,chemical_706c38f2fda91d2c,CCC(C)(c1ccc(O)cc1)c1ccc(O)cc1,242.318,平衡轮转；非全笛卡尔积,three_components_passed_prototype_gate,未采购未合成；需路线、EHS与供应复核,ledger-007-smipoly-2023;ledger-135-yue-2024-polyuniverse-data;ledger-136-yue-2024-polyuniverse;ledger-137-yue-polyuniverse-code
combo_1ab948aa9b05d6fa,polyuniverse_dinco_016bfd4c165aa545a7db,Cc1c(CCCCCCN=C=O)cccc1N=C=O,258.321,chemical_a04b7de5081dd0a5,CC(C)CC(C)(c1ccc(O)cc1)c1ccc(O)cc1,270.372,chemical_79b196ca779aae4e,OCc1ccccc1CO,138.166,平衡轮转；非全笛卡尔积,three_components_passed_prototype_gate,未采购未合成；需路线、EHS与供应复核,ledger-007-smipoly-2023;ledger-135-yue-2024-polyuniverse-data;ledger-136-yue-2024-polyuniverse;ledger-137-yue-polyuniverse-code
combo_1ac182c84a05cc0f,polyuniverse_dinco_4acdebf340e0856a52df,CC(C)(C)c1cc(N=C=O)c2c(c1)C(C)(C)c1cc(C(C)(C)C)cc(N=C=O)c1O2,404.51,chemical_58b2613823466190,CC(C)(C)c1cc(-c2cc(C(C)(C)C)cc(C(C)(C)C)c2O)c(O)c(C(C)(C)C)c1,410.642,chemical_ca5e105838153c99,CCC(CO)CC(CC)CO,160.257,平衡轮转；非全笛卡尔积,three_components_passed_prototype_gate,未采购未合成；需路线、EHS与供应复核,ledger-007-smipoly-2023;ledger-135-yue-2024-polyuniverse-data;ledger-136-yue-2024-polyuniverse;ledger-137-yue-polyuniverse-code
combo_1b4286bb8d7b8f2d,polyuniverse_dinco_ad772ec6dd390bb329d7,CC1CC1(N=C=O)C(C)(C)N=C=O,180.207,chemical_694871d5e95b7370,Oc1c(F)c(F)c(-c2c(F)c(F)c(O)c(F)c2F)c(F)c1F,330.13,chemical_706c38f2fda91d2c,CCC(C)(c1ccc(O)cc1)c1ccc(O)cc1,242.318,平衡轮转；非全笛卡尔积,three_components_passed_prototype_gate,未采购未合成；需路线、EHS与供应复核,ledger-007-smipoly-2023;ledger-135-yue-2024-polyuniverse-data;ledger-136-yue-2024-polyuniverse;ledger-137-yue-polyuniverse-code
combo_1b66a8e8a59ba4a5,polyuniverse_dinco_7416e04e1592ed966a70,O=C=NCC1COC(CN=C=O)O1,184.151,chemical_34962dac292231e7,Cc1cc(Cc2cc(C)c(O)c(C)c2)cc(C)c1O,256.345,chemical_7eec20377145fdb7,CC1(C)C(O)C(C)(C)C1O,144.214,平衡轮转；非全笛卡尔积,three_components_passed_prototype_gate,未采购未合成；需路线、EHS与供应复核,ledger-007-smipoly-2023;ledger-135-yue-2024-polyuniverse-data;ledger-136-yue-2024-polyuniverse;ledger-137-yue-polyuniverse-code
combo_1b70e9371d10403f,polyuniverse_dinco_e6e130471887a66db2b6,CCOC(N=C=O)(OCC)C(N=C=O)c1ccccc1-c1ccccc1,352.39,chemical_a2cf8157d0f77432,OC(c1cccc(C(O)(C(F)(F)F)C(F)(F)F)c1)(C(F)(F)F)C(F)(F)F,410.154,chemical_2dad29ca9d88607e,OC1CCC(C2CCC(O)CC2)CC1,198.306,平衡轮转；非全笛卡尔积,three_components_passed_prototype_gate,未采购未合成；需路线、EHS与供应复核,ledger-007-smipoly-2023;ledger-135-yue-2024-polyuniverse-data;ledger-136-yue-2024-polyuniverse;ledger-137-yue-polyuniverse-code
combo_1ba679d618cc6bf9,polyuniverse_dinco_07a134f8e87f85791f77,O=C=NC1CCCC2C3CCC2C1(N=C=O)C3,232.283,chemical_5e814be594638bdc,OCCCCCCCCCCCCCCCCO,258.446,chemical_5be20976c2a9d662,Oc1c(F)c(F)c(O)c(F)c1F,182.072,平衡轮转；非全笛卡尔积,three_components_passed_prototype_gate,未采购未合成；需路线、EHS与供应复核,ledger-007-smipoly-2023;ledger-135-yue-2024-polyuniverse-data;ledger-136-yue-2024-polyuniverse;ledger-137-yue-polyuniverse-code
combo_1bee3befaf1bca14,polyuniverse_dinco_85368c1d86f60fbe6dfa,O=C=NCC1CCC(CN=C=O)(CC2CCCCC2)CC1CC1CCCCC1,386.58,chemical_f59a0ec9b5c263ad,CCCCCCCCC(CO)(CO)CCCCCCCC,300.527,chemical_f25ee56de4366915,O=[N+]([O-])c1cc(CO)ccc1CO,183.163,平衡轮转；非全笛卡尔积,three_components_passed_prototype_gate,未采购未合成；需路线、EHS与供应复核,ledger-007-smipoly-2023;ledger-135-yue-2024-polyuniverse-data;ledger-136-yue-2024-polyuniverse;ledger-137-yue-polyuniverse-code
combo_1c106d8f83f499c6,polyuniverse_dinco_e77d8b8eb2abaed0faff,O=C=NC1CCC(N(c2ccccc2)C2CCC(N=C=O)CC2)CC1,339.439,chemical_ff8d497a35fecaa4,OC(C(F)(F)F)(C(F)(F)F)C(O)(C(F)(F)F)C(F)(F)F,334.056,chemical_72b7ed7d3d268fd7,CC(C)CC(CO)(CO)CC(C)C,188.311,平衡轮转；非全笛卡尔积,three_components_passed_prototype_gate,未采购未合成；需路线、EHS与供应复核,ledger-007-smipoly-2023;ledger-135-yue-2024-polyuniverse-data;ledger-136-yue-2024-polyuniverse;ledger-137-yue-polyuniverse-code
combo_1c32271567aabc61,polyuniverse_dinco_43658c980f2b703f5352,O=C=Nc1cc2c(N=C=O)c(c1Cl)-c1ccc-2cc1Cl,303.104,chemical_694871d5e95b7370,Oc1c(F)c(F)c(-c2c(F)c(F)c(O)c(F)c2F)c(F)c1F,330.13,chemical_63c6eb608324eca7,OCC1CC2C3CC(CO)C(C3)C2C1,196.29,平衡轮转；非全笛卡尔积,three_components_passed_prototype_gate,未采购未合成；需路线、EHS与供应复核,ledger-007-smipoly-2023;ledger-135-yue-2024-polyuniverse-data;ledger-136-yue-2024-polyuniverse;ledger-137-yue-polyuniverse-code
combo_1c3a8e196bfa1a83,polyuniverse_dinco_f4a3c1923033f08d5b48,Cc1c(Cl)cc(N=C=O)cc1C(Cl)(N=C=O)c1ccccc1,333.174,chemical_58b2613823466190,CC(C)(C)c1cc(-c2cc(C(C)(C)C)cc(C(C)(C)C)c2O)c(O)c(C(C)(C)C)c1,410.642,chemical_5be20976c2a9d662,Oc1c(F)c(F)c(O)c(F)c1F,182.072,平衡轮转；非全笛卡尔积,three_components_passed_prototype_gate,未采购未合成；需路线、EHS与供应复核,ledger-007-smipoly-2023;ledger-135-yue-2024-polyuniverse-data;ledger-136-yue-2024-polyuniverse;ledger-137-yue-polyuniverse-code
combo_1c408e250e0c8963,polyuniverse_dinco_76731ef629e89287c8f8,CC(C)(CCOCN=C=O)OCCC(C)(C)OCN=C=O,300.355,chemical_6364c045bd73da83,Oc1cccc(Oc2ccc(Oc3cccc(O)c3)cc2)c1,294.306,chemical_ca5e105838153c99,CCC(CO)CC(CC)CO,160.257,平衡轮转；非全笛卡尔积,three_components_passed_prototype_gate,未采购未合成；需路线、EHS与供应复核,ledger-007-smipoly-2023;ledger-135-yue-2024-polyuniverse-data;ledger-136-yue-2024-polyuniverse;ledger-137-yue-polyuniverse-code
combo_1cb34958285b052f,polyuniverse_dinco_4ed51fdb98321223f060,CCCC(CC(C)(CCC)CN=C=O)N=C=O,238.331,chemical_0895e6cd5136df6a,OCCOc1ccc(C2(c3ccc(OCCO)cc3)c3ccccc3-c3ccccc32)cc1,438.523,chemical_16bdee252ed11d7a,CC(O)C(C)O,90.122,平衡轮转；非全笛卡尔积,three_components_passed_prototype_gate,未采购未合成；需路线、EHS与供应复核,ledger-007-smipoly-2023;ledger-135-yue-2024-polyuniverse-data;ledger-136-yue-2024-polyuniverse;ledger-137-yue-polyuniverse-code
combo_1cb37a212d6e4bf4,polyuniverse_dinco_4e634aebc4fcf9faf957,O=C=NCc1ccc(CN=C=O)c(N=Nc2ccc([N+](=O)[O-])cc2)c1,337.295,chemical_e4aa17432292bb19,Cc1cc2c(cc1O)C(C)(C)CC1(CC(C)(C)c3cc(O)c(C)cc3O1)O2,368.473,chemical_6ee30a16c1c450ed,OC1CCCCC1O,116.16,平衡轮转；非全笛卡尔积,three_components_passed_prototype_gate,未采购未合成；需路线、EHS与供应复核,ledger-007-smipoly-2023;ledger-135-yue-2024-polyuniverse-data;ledger-136-yue-2024-polyuniverse;ledger-137-yue-polyuniverse-code
combo_1cc45494e2bc527a,polyuniverse_dinco_5869c3b07285b5b309da,CC(C)(CC1CCC(C(C)(C)N=C=O)C1)N=C=O,250.342,chemical_e4aa17432292bb19,Cc1cc2c(cc1O)C(C)(C)CC1(CC(C)(C)c3cc(O)c(C)cc3O1)O2,368.473,chemical_dd2ebb8c8aeed446,Oc1ccc2c(O)cccc2c1,160.172,平衡轮转；非全笛卡尔积,three_components_passed_prototype_gate,未采购未合成；需路线、EHS与供应复核,ledger-007-smipoly-2023;ledger-135-yue-2024-polyuniverse-data;ledger-136-yue-2024-polyuniverse;ledger-137-yue-polyuniverse-code
combo_1cd4448398e20db2,polyuniverse_dinco_1fc69a034afa52f3206d,O=C=Nc1ccc(C23CC4CC5(c6ccc(N=C=O)cc6)CC(C2)C5(C4)C3)cc1,382.463,chemical_6364c045bd73da83,Oc1cccc(Oc2ccc(Oc3cccc(O)c3)cc2)c1,294.306,chemical_ca5e105838153c99,CCC(CO)CC(CC)CO,160.257,平衡轮转；非全笛卡尔积,three_components_passed_prototype_gate,未采购未合成；需路线、EHS与供应复核,ledger-007-smipoly-2023;ledger-135-yue-2024-polyuniverse-data;ledger-136-yue-2024-polyuniverse;ledger-137-yue-polyuniverse-code
combo_1d897d421330415c,polyuniverse_dinco_c842b8dc271bd83c79bd,CC1C(C)C(N=C=O)C(C)(C)C(C)C1N=C=O,236.315,chemical_34962dac292231e7,Cc1cc(Cc2cc(C)c(O)c(C)c2)cc(C)c1O,256.345,chemical_79b196ca779aae4e,OCc1ccccc1CO,138.166,平衡轮转；非全笛卡尔积,three_components_passed_prototype_gate,未采购未合成；需路线、EHS与供应复核,ledger-007-smipoly-2023;ledger-135-yue-2024-polyuniverse-data;ledger-136-yue-2024-polyuniverse;ledger-137-yue-polyuniverse-code
combo_1da417bb5dfd6475,polyuniverse_dinco_7988a8eeb838489f4eaf,O=C=NCCCCC(COc1ccc(Oc2ccccc2)cc1)N=C=O,352.39,chemical_a04b7de5081dd0a5,CC(C)CC(C)(c1ccc(O)cc1)c1ccc(O)cc1,270.372,chemical_2a0d22152800ae85,Oc1ccc(Oc2ccc(O)cc2)cc1,202.209,平衡轮转；非全笛卡尔积,three_components_passed_prototype_gate,未采购未合成；需路线、EHS与供应复核,ledger-007-smipoly-2023;ledger-135-yue-2024-polyuniverse-data;ledger-136-yue-2024-polyuniverse;ledger-137-yue-polyuniverse-code
combo_1e9044f2a2cb0a09,polyuniverse_dinco_7bf0d3c1efc36d46299a,O=C=NCCCC(CN=C=O)CC12CCC(CC1)C2,262.353,chemical_34962dac292231e7,Cc1cc(Cc2cc(C)c(O)c(C)c2)cc(C)c1O,256.345,chemical_2a0d22152800ae85,Oc1ccc(Oc2ccc(O)cc2)cc1,202.209,平衡轮转；非全笛卡尔积,three_components_passed_prototype_gate,未采购未合成；需路线、EHS与供应复核,ledger-007-smipoly-2023;ledger-135-yue-2024-polyuniverse-data;ledger-136-yue-2024-polyuniverse;ledger-137-yue-polyuniverse-code
combo_1e9e57352d6b880d,polyuniverse_dinco_4bd62448d543828bc87c,CC(C)CC(CC(C)C)(CC(CC(C)C)(CC(C)C)N=C=O)N=C=O,350.547,chemical_b94fa835d3f1bdb8,CC(C)(CO)C1OCC2(CO1)COC(C(C)(C)CO)OC2,304.383,chemical_534466643d7ae4c0,Oc1ccccc1Oc1ccccc1O,202.209,平衡轮转；非全笛卡尔积,three_components_passed_prototype_gate,未采购未合成；需路线、EHS与供应复核,ledger-007-smipoly-2023;ledger-135-yue-2024-polyuniverse-data;ledger-136-yue-2024-polyuniverse;ledger-137-yue-polyuniverse-code
combo_1eb9d19040d4dae0,polyuniverse_dinco_952c8476d31239835550,O=C=NCC1(CN=C=O)CCCC(F)(F)C1(F)F,266.194,chemical_6364c045bd73da83,Oc1cccc(Oc2ccc(Oc3cccc(O)c3)cc2)c1,294.306,chemical_6ee30a16c1c450ed,OC1CCCCC1O,116.16,平衡轮转；非全笛卡尔积,three_components_passed_prototype_gate,未采购未合成；需路线、EHS与供应复核,ledger-007-smipoly-2023;ledger-135-yue-2024-polyuniverse-data;ledger-136-yue-2024-polyuniverse;ledger-137-yue-polyuniverse-code
combo_1f22481e57ff2c70,polyuniverse_dinco_a5809ed0bb50011d11e7,CC(C)c1ncc(F)c(C(C)CC2Cc3c(nc4c(c3N=C=O)CCC4)C2C)c1N=C=O,434.515,chemical_34962dac292231e7,Cc1cc(Cc2cc(C)c(O)c(C)c2)cc(C)c1O,256.345,chemical_79b196ca779aae4e,OCc1ccccc1CO,138.166,平衡轮转；非全笛卡尔积,three_components_passed_prototype_gate,未采购未合成；需路线、EHS与供应复核,ledger-007-smipoly-2023;ledger-135-yue-2024-polyuniverse-data;ledger-136-yue-2024-polyuniverse;ledger-137-yue-polyuniverse-code
combo_1f35dd54beff8060,polyuniverse_dinco_c009c596c9a17cb1e87f,O=C=NCc1c(F)c(F)c(F)c(F)c1CN=C=O,260.146,chemical_34962dac292231e7,Cc1cc(Cc2cc(C)c(O)c(C)c2)cc(C)c1O,256.345,chemical_28a648027cd37607,OCCCCCCCCCO,160.257,平衡轮转；非全笛卡尔积,three_components_passed_prototype_gate,未采购未合成；需路线、EHS与供应复核,ledger-007-smipoly-2023;ledger-135-yue-2024-polyuniverse-data;ledger-136-yue-2024-polyuniverse;ledger-137-yue-polyuniverse-code
combo_1f60f74a2435b3db,polyuniverse_dinco_5869c3b07285b5b309da,CC(C)(CC1CCC(C(C)(C)N=C=O)C1)N=C=O,250.342,chemical_e34b1bd2b88ad439,CC(C)(c1ccc(O)c(C2CCCCC2)c1)c1ccc(O)c(C2CCCCC2)c1,392.583,chemical_dd2ebb8c8aeed446,Oc1ccc2c(O)cccc2c1,160.172,平衡轮转；非全笛卡尔积,three_components_passed_prototype_gate,未采购未合成；需路线、EHS与供应复核,ledger-007-smipoly-2023;ledger-135-yue-2024-polyuniverse-data;ledger-136-yue-2024-polyuniverse;ledger-137-yue-polyuniverse-code
combo_1f6ce582925bae62,polyuniverse_dinco_1fc69a034afa52f3206d,O=C=Nc1ccc(C23CC4CC5(c6ccc(N=C=O)cc6)CC(C2)C5(C4)C3)cc1,382.463,chemical_694871d5e95b7370,Oc1c(F)c(F)c(-c2c(F)c(F)c(O)c(F)c2F)c(F)c1F,330.13,chemical_f25ee56de4366915,O=[N+]([O-])c1cc(CO)ccc1CO,183.163,平衡轮转；非全笛卡尔积,three_components_passed_prototype_gate,未采购未合成；需路线、EHS与供应复核,ledger-007-smipoly-2023;ledger-135-yue-2024-polyuniverse-data;ledger-136-yue-2024-polyuniverse;ledger-137-yue-polyuniverse-code
combo_1f780b65f20fb401,polyuniverse_dinco_4716b4743a5baa106de3,O=C=Nc1cc2cccc(N=C=O)c2nc1-c1cccc(OC(F)(F)F)c1,371.274,chemical_a2cf8157d0f77432,OC(c1cccc(C(O)(C(F)(F)F)C(F)(F)F)c1)(C(F)(F)F)C(F)(F)F,410.154,chemical_7eec20377145fdb7,CC1(C)C(O)C(C)(C)C1O,144.214,平衡轮转；非全笛卡尔积,three_components_passed_prototype_gate,未采购未合成；需路线、EHS与供应复核,ledger-007-smipoly-2023;ledger-135-yue-2024-polyuniverse-data;ledger-136-yue-2024-polyuniverse;ledger-137-yue-polyuniverse-code
combo_1fbbb4f55c92b3f2,polyuniverse_dinco_bd1652fdf1dacee4093c,O=C=NCCC12CCC(C1)C1CCCC12CCN=C=O,274.364,chemical_a04b7de5081dd0a5,CC(C)CC(C)(c1ccc(O)cc1)c1ccc(O)cc1,270.372,chemical_3635aefc1005d8ad,CC(C)(O)CCC(C)(C)O,146.23,平衡轮转；非全笛卡尔积,three_components_passed_prototype_gate,未采购未合成；需路线、EHS与供应复核,ledger-007-smipoly-2023;ledger-135-yue-2024-polyuniverse-data;ledger-136-yue-2024-polyuniverse;ledger-137-yue-polyuniverse-code
combo_1fc48bae1dd24a3e,polyuniverse_dinco_01a65934dd666174775c,O=C=NCCC1CC2CC1C1CCC(CCN=C=O)C21,274.364,chemical_e34b1bd2b88ad439,CC(C)(c1ccc(O)c(C2CCCCC2)c1)c1ccc(O)c(C2CCCCC2)c1,392.583,chemical_dd2ebb8c8aeed446,Oc1ccc2c(O)cccc2c1,160.172,平衡轮转；非全笛卡尔积,three_components_passed_prototype_gate,未采购未合成；需路线、EHS与供应复核,ledger-007-smipoly-2023;ledger-135-yue-2024-polyuniverse-data;ledger-136-yue-2024-polyuniverse;ledger-137-yue-polyuniverse-code
combo_1fcd13644386f13b,polyuniverse_dinco_6a887a4fc6e3f56dee69,N#COCC(CN=C=O)(CN=C=O)COC#N,236.187,chemical_a2cf8157d0f77432,OC(c1cccc(C(O)(C(F)(F)F)C(F)(F)F)c1)(C(F)(F)F)C(F)(F)F,410.154,chemical_9a89f0adbd70529b,OCC(F)(F)C(F)(F)C(F)(F)CO,212.089,平衡轮转；非全笛卡尔积,three_components_passed_prototype_gate,未采购未合成；需路线、EHS与供应复核,ledger-007-smipoly-2023;ledger-135-yue-2024-polyuniverse-data;ledger-136-yue-2024-polyuniverse;ledger-137-yue-polyuniverse-code
combo_1ff686302ee6262a,polyuniverse_dinco_60e65dae5f7c55187844,COc1cc(Cc2cc([N+](=O)[O-])c(N=C=O)c([N+](=O)[O-])c2)cc(OC)c1N=C=O,400.303,chemical_a04b7de5081dd0a5,CC(C)CC(C)(c1ccc(O)cc1)c1ccc(O)cc1,270.372,chemical_3635aefc1005d8ad,CC(C)(O)CCC(C)(C)O,146.23,平衡轮转；非全笛卡尔积,three_components_passed_prototype_gate,未采购未合成；需路线、EHS与供应复核,ledger-007-smipoly-2023;ledger-135-yue-2024-polyuniverse-data;ledger-136-yue-2024-polyuniverse;ledger-137-yue-polyuniverse-code
combo_200fbee15196d143,polyuniverse_dinco_8ec7a31c579192711514,CC1CCC2C(C1)C(N=C=O)C1C3CCC(C3)C1C2N=C=O,300.402,chemical_b94fa835d3f1bdb8,CC(C)(CO)C1OCC2(CO1)COC(C(C)(C)CO)OC2,304.383,chemical_48e0f37b8f35d22d,Cc1c(C)c(CO)c(C)c(C)c1CO,194.274,平衡轮转；非全笛卡尔积,three_components_passed_prototype_gate,未采购未合成；需路线、EHS与供应复核,ledger-007-smipoly-2023;ledger-135-yue-2024-polyuniverse-data;ledger-136-yue-2024-polyuniverse;ledger-137-yue-polyuniverse-code
combo_204aa14be2a9b6ad,polyuniverse_dinco_1fc69a034afa52f3206d,O=C=Nc1ccc(C23CC4CC5(c6ccc(N=C=O)cc6)CC(C2)C5(C4)C3)cc1,382.463,chemical_694871d5e95b7370,Oc1c(F)c(F)c(-c2c(F)c(F)c(O)c(F)c2F)c(F)c1F,330.13,chemical_16bdee252ed11d7a,CC(O)C(C)O,90.122,平衡轮转；非全笛卡尔积,three_components_passed_prototype_gate,未采购未合成；需路线、EHS与供应复核,ledger-007-smipoly-2023;ledger-135-yue-2024-polyuniverse-data;ledger-136-yue-2024-polyuniverse;ledger-137-yue-polyuniverse-code
combo_20962a425af65a60,polyuniverse_dinco_e191aa437a5bb122583c,CCC(CC12CCC(C1)C(N=C=O)C2)N=C=O,234.299,chemical_ff8d497a35fecaa4,OC(C(F)(F)F)(C(F)(F)F)C(O)(C(F)(F)F)C(F)(F)F,334.056,chemical_28a648027cd37607,OCCCCCCCCCO,160.257,平衡轮转；非全笛卡尔积,three_components_passed_prototype_gate,未采购未合成；需路线、EHS与供应复核,ledger-007-smipoly-2023;ledger-135-yue-2024-polyuniverse-data;ledger-136-yue-2024-polyuniverse;ledger-137-yue-polyuniverse-code
combo_20a536ca555a92dc,polyuniverse_dinco_81e1e90ea24f1e711a99,CC(N=C=O)C1(C)CC(N=C=O)CC(C)(C)C1,236.315,chemical_a2cf8157d0f77432,OC(c1cccc(C(O)(C(F)(F)F)C(F)(F)F)c1)(C(F)(F)F)C(F)(F)F,410.154,chemical_9a89f0adbd70529b,OCC(F)(F)C(F)(F)C(F)(F)CO,212.089,平衡轮转；非全笛卡尔积,three_components_passed_prototype_gate,未采购未合成；需路线、EHS与供应复核,ledger-007-smipoly-2023;ledger-135-yue-2024-polyuniverse-data;ledger-136-yue-2024-polyuniverse;ledger-137-yue-polyuniverse-code
combo_20e4368613556bb5,polyuniverse_dinco_1fc69a034afa52f3206d,O=C=Nc1ccc(C23CC4CC5(c6ccc(N=C=O)cc6)CC(C2)C5(C4)C3)cc1,382.463,chemical_6364c045bd73da83,Oc1cccc(Oc2ccc(Oc3cccc(O)c3)cc2)c1,294.306,chemical_f25ee56de4366915,O=[N+]([O-])c1cc(CO)ccc1CO,183.163,平衡轮转；非全笛卡尔积,three_components_passed_prototype_gate,未采购未合成；需路线、EHS与供应复核,ledger-007-smipoly-2023;ledger-135-yue-2024-polyuniverse-data;ledger-136-yue-2024-polyuniverse;ledger-137-yue-polyuniverse-code
combo_20fdbb2697bc0459,polyuniverse_dinco_00fa3f3b14ce15566695,CCCCC(C)(N=C=O)C(C)(C)N=C=O,210.277,chemical_58b2613823466190,CC(C)(C)c1cc(-c2cc(C(C)(C)C)cc(C(C)(C)C)c2O)c(O)c(C(C)(C)C)c1,410.642,chemical_534466643d7ae4c0,Oc1ccccc1Oc1ccccc1O,202.209,平衡轮转；非全笛卡尔积,three_components_passed_prototype_gate,未采购未合成；需路线、EHS与供应复核,ledger-007-smipoly-2023;ledger-135-yue-2024-polyuniverse-data;ledger-136-yue-2024-polyuniverse;ledger-137-yue-polyuniverse-code
combo_2140ce1c3c9d333a,polyuniverse_dinco_4bd62448d543828bc87c,CC(C)CC(CC(C)C)(CC(CC(C)C)(CC(C)C)N=C=O)N=C=O,350.547,chemical_a2cf8157d0f77432,OC(c1cccc(C(O)(C(F)(F)F)C(F)(F)F)c1)(C(F)(F)F)C(F)(F)F,410.154,chemical_2dad29ca9d88607e,OC1CCC(C2CCC(O)CC2)CC1,198.306,平衡轮转；非全笛卡尔积,three_components_passed_prototype_gate,未采购未合成；需路线、EHS与供应复核,ledger-007-smipoly-2023;ledger-135-yue-2024-polyuniverse-data;ledger-136-yue-2024-polyuniverse;ledger-137-yue-polyuniverse-code
combo_2156da7115ddc0e4,polyuniverse_dinco_4e634aebc4fcf9faf957,O=C=NCc1ccc(CN=C=O)c(N=Nc2ccc([N+](=O)[O-])cc2)c1,337.295,chemical_f59a0ec9b5c263ad,CCCCCCCCC(CO)(CO)CCCCCCCC,300.527,chemical_72b7ed7d3d268fd7,CC(C)CC(CO)(CO)CC(C)C,188.311,平衡轮转；非全笛卡尔积,three_components_passed_prototype_gate,未采购未合成；需路线、EHS与供应复核,ledger-007-smipoly-2023;ledger-135-yue-2024-polyuniverse-data;ledger-136-yue-2024-polyuniverse;ledger-137-yue-polyuniverse-code
combo_218eb8068e57083a,polyuniverse_dinco_c842b8dc271bd83c79bd,CC1C(C)C(N=C=O)C(C)(C)C(C)C1N=C=O,236.315,chemical_3a566be4d64035e3,Oc1ccc(-c2ccc(O)c(Br)c2)cc1Br,344.002,chemical_831d24f7368b3f75,Cc1cc(-c2cc(C)c(O)c(C)c2)cc(C)c1O,242.318,平衡轮转；非全笛卡尔积,three_components_passed_prototype_gate,未采购未合成；需路线、EHS与供应复核,ledger-007-smipoly-2023;ledger-135-yue-2024-polyuniverse-data;ledger-136-yue-2024-polyuniverse;ledger-137-yue-polyuniverse-code
combo_21b87d0465047b5d,polyuniverse_dinco_92d8be6885e141a4524f,Cc1ccc(Cc2ccc(Cl)cc2)c(N=C=O)c1N=C=O,298.729,chemical_e4aa17432292bb19,Cc1cc2c(cc1O)C(C)(C)CC1(CC(C)(C)c3cc(O)c(C)cc3O1)O2,368.473,chemical_6ee30a16c1c450ed,OC1CCCCC1O,116.16,平衡轮转；非全笛卡尔积,three_components_passed_prototype_gate,未采购未合成；需路线、EHS与供应复核,ledger-007-smipoly-2023;ledger-135-yue-2024-polyuniverse-data;ledger-136-yue-2024-polyuniverse;ledger-137-yue-polyuniverse-code
combo_21bb1b6d0268fbb4,polyuniverse_dinco_61e84547e1c5aa376ad9,O=C=NCC12CC(C3CCCC31)C1C3CCC(C3)C12CN=C=O,312.413,chemical_e4aa17432292bb19,Cc1cc2c(cc1O)C(C)(C)CC1(CC(C)(C)c3cc(O)c(C)cc3O1)O2,368.473,chemical_6ee30a16c1c450ed,OC1CCCCC1O,116.16,平衡轮转；非全笛卡尔积,three_components_passed_prototype_gate,未采购未合成；需路线、EHS与供应复核,ledger-007-smipoly-2023;ledger-135-yue-2024-polyuniverse-data;ledger-136-yue-2024-polyuniverse;ledger-137-yue-polyuniverse-code
combo_21d5db56206649dc,polyuniverse_dinco_f4a3c1923033f08d5b48,Cc1c(Cl)cc(N=C=O)cc1C(Cl)(N=C=O)c1ccccc1,333.174,chemical_58b2613823466190,CC(C)(C)c1cc(-c2cc(C(C)(C)C)cc(C(C)(C)C)c2O)c(O)c(C(C)(C)C)c1,410.642,chemical_551a139d1b44a292,OC12CC3CC(C1)CC(O)(C3)C2,168.236,平衡轮转；非全笛卡尔积,three_components_passed_prototype_gate,未采购未合成；需路线、EHS与供应复核,ledger-007-smipoly-2023;ledger-135-yue-2024-polyuniverse-data;ledger-136-yue-2024-polyuniverse;ledger-137-yue-polyuniverse-code
combo_220be2fe4166d271,polyuniverse_dinco_b3615f63610ee99adc3f,CCC(C)c1c(N=C=O)cc(N=C=O)c2c1CCC2(C)C,284.359,chemical_f59a0ec9b5c263ad,CCCCCCCCC(CO)(CO)CCCCCCCC,300.527,chemical_f25ee56de4366915,O=[N+]([O-])c1cc(CO)ccc1CO,183.163,平衡轮转；非全笛卡尔积,three_components_passed_prototype_gate,未采购未合成；需路线、EHS与供应复核,ledger-007-smipoly-2023;ledger-135-yue-2024-polyuniverse-data;ledger-136-yue-2024-polyuniverse;ledger-137-yue-polyuniverse-code
combo_223afa1764bd9198,polyuniverse_dinco_f52819a239fd8e98087e,O=C=Nc1ccc2ccc(N=C=O)c([N+](=O)[O-])c2c1[N+](=O)[O-],300.186,chemical_a04b7de5081dd0a5,CC(C)CC(C)(c1ccc(O)cc1)c1ccc(O)cc1,270.372,chemical_831d24f7368b3f75,Cc1cc(-c2cc(C)c(O)c(C)c2)cc(C)c1O,242.318,平衡轮转；非全笛卡尔积,three_components_passed_prototype_gate,未采购未合成；需路线、EHS与供应复核,ledger-007-smipoly-2023;ledger-135-yue-2024-polyuniverse-data;ledger-136-yue-2024-polyuniverse;ledger-137-yue-polyuniverse-code
combo_2242203b449863bc,polyuniverse_dinco_ba183439d0e722cfbeb8,O=C=Nc1ccc(C(c2ccc(N=C=O)cc2)n2ccnc2)cc1,316.32,chemical_6364c045bd73da83,Oc1cccc(Oc2ccc(Oc3cccc(O)c3)cc2)c1,294.306,chemical_f25ee56de4366915,O=[N+]([O-])c1cc(CO)ccc1CO,183.163,平衡轮转；非全笛卡尔积,three_components_passed_prototype_gate,未采购未合成；需路线、EHS与供应复核,ledger-007-smipoly-2023;ledger-135-yue-2024-polyuniverse-data;ledger-136-yue-2024-polyuniverse;ledger-137-yue-polyuniverse-code
combo_22881176f9909436,polyuniverse_dinco_d9e0e5b183928d0c3023,CC(C)(N=C=O)c1ccc2c(C(C)(C)N=C=O)cccc2c1,294.354,chemical_6364c045bd73da83,Oc1cccc(Oc2ccc(Oc3cccc(O)c3)cc2)c1,294.306,chemical_6ee30a16c1c450ed,OC1CCCCC1O,116.16,平衡轮转；非全笛卡尔积,three_components_passed_prototype_gate,未采购未合成；需路线、EHS与供应复核,ledger-007-smipoly-2023;ledger-135-yue-2024-polyuniverse-data;ledger-136-yue-2024-polyuniverse;ledger-137-yue-polyuniverse-code
combo_22883d9669194bd6,polyuniverse_dinco_f52819a239fd8e98087e,O=C=Nc1ccc2ccc(N=C=O)c([N+](=O)[O-])c2c1[N+](=O)[O-],300.186,chemical_b94fa835d3f1bdb8,CC(C)(CO)C1OCC2(CO1)COC(C(C)(C)CO)OC2,304.383,chemical_bacbda6c95c1bb67,Cc1ccc(O)c(Cc2cc(C)ccc2O)c1,228.291,平衡轮转；非全笛卡尔积,three_components_passed_prototype_gate,未采购未合成；需路线、EHS与供应复核,ledger-007-smipoly-2023;ledger-135-yue-2024-polyuniverse-data;ledger-136-yue-2024-polyuniverse;ledger-137-yue-polyuniverse-code
combo_22f43b4824b8feb4,polyuniverse_dinco_2c849f9c85ebe823e4a4,C[C@@H]1C[C@@H]2C[C@H](C)[C@H]3CC[C@](C)(N=C=O)[C@H]4CC[C@@H]([C@@H]2[C@H]34)[C@]1(C)N=C=O,356.51,chemical_5e814be594638bdc,OCCCCCCCCCCCCCCCCO,258.446,chemical_ca5e105838153c99,CCC(CO)CC(CC)CO,160.257,平衡轮转；非全笛卡尔积,three_components_passed_prototype_gate,未采购未合成；需路线、EHS与供应复核,ledger-007-smipoly-2023;ledger-135-yue-2024-polyuniverse-data;ledger-136-yue-2024-polyuniverse;ledger-137-yue-polyuniverse-code
combo_23181d2e63e1577e,polyuniverse_dinco_0499900e71bdb9da6b5c,CCCC(N=C=O)C1CC2CC(C(C)N=C=O)C1C2,262.353,chemical_a2cf8157d0f77432,OC(c1cccc(C(O)(C(F)(F)F)C(F)(F)F)c1)(C(F)(F)F)C(F)(F)F,410.154,chemical_48e0f37b8f35d22d,Cc1c(C)c(CO)c(C)c(C)c1CO,194.274,平衡轮转；非全笛卡尔积,three_components_passed_prototype_gate,未采购未合成；需路线、EHS与供应复核,ledger-007-smipoly-2023;ledger-135-yue-2024-polyuniverse-data;ledger-136-yue-2024-polyuniverse;ledger-137-yue-polyuniverse-code
combo_233fd675f292597d,polyuniverse_dinco_9433642f6ab558269707,O=C=NC1CCOC1N=C=O,154.125,chemical_34962dac292231e7,Cc1cc(Cc2cc(C)c(O)c(C)c2)cc(C)c1O,256.345,chemical_2dad29ca9d88607e,OC1CCC(C2CCC(O)CC2)CC1,198.306,平衡轮转；非全笛卡尔积,three_components_passed_prototype_gate,未采购未合成；需路线、EHS与供应复核,ledger-007-smipoly-2023;ledger-135-yue-2024-polyuniverse-data;ledger-136-yue-2024-polyuniverse;ledger-137-yue-polyuniverse-code
combo_239552284cf5b40a,polyuniverse_dinco_4ed51fdb98321223f060,CCCC(CC(C)(CCC)CN=C=O)N=C=O,238.331,chemical_1f862d0fb910ec42,Oc1ccc(C2(c3ccc(O)cc3)CCCCC2)cc1,268.356,chemical_1ace6e6abb3b5be3,Oc1ccc(O)c2c1C1CCC2C1,176.215,平衡轮转；非全笛卡尔积,three_components_passed_prototype_gate,未采购未合成；需路线、EHS与供应复核,ledger-007-smipoly-2023;ledger-135-yue-2024-polyuniverse-data;ledger-136-yue-2024-polyuniverse;ledger-137-yue-polyuniverse-code
combo_23b7df4cdc0a2152,polyuniverse_dinco_016bfd4c165aa545a7db,Cc1c(CCCCCCN=C=O)cccc1N=C=O,258.321,chemical_a04b7de5081dd0a5,CC(C)CC(C)(c1ccc(O)cc1)c1ccc(O)cc1,270.372,chemical_7eec20377145fdb7,CC1(C)C(O)C(C)(C)C1O,144.214,平衡轮转；非全笛卡尔积,three_components_passed_prototype_gate,未采购未合成；需路线、EHS与供应复核,ledger-007-smipoly-2023;ledger-135-yue-2024-polyuniverse-data;ledger-136-yue-2024-polyuniverse;ledger-137-yue-polyuniverse-code
combo_23e9e6808c88c006,polyuniverse_dinco_24471fc1c458b69a01cd,O=C=NC1CC(N=C=O)C2CCCc3cccc1c32,254.289,chemical_6364c045bd73da83,Oc1cccc(Oc2ccc(Oc3cccc(O)c3)cc2)c1,294.306,chemical_5be20976c2a9d662,Oc1c(F)c(F)c(O)c(F)c1F,182.072,平衡轮转；非全笛卡尔积,three_components_passed_prototype_gate,未采购未合成；需路线、EHS与供应复核,ledger-007-smipoly-2023;ledger-135-yue-2024-polyuniverse-data;ledger-136-yue-2024-polyuniverse;ledger-137-yue-polyuniverse-code
combo_24abf8b3b6eae88a,polyuniverse_dinco_d6e57fb34f6442032c80,COc1ccc(OC)c(N(c2ccc(N=C=O)cc2)c2ccc(N=C=O)cc2)c1,387.395,chemical_f59a0ec9b5c263ad,CCCCCCCCC(CO)(CO)CCCCCCCC,300.527,chemical_6ee30a16c1c450ed,OC1CCCCC1O,116.16,平衡轮转；非全笛卡尔积,three_components_passed_prototype_gate,未采购未合成；需路线、EHS与供应复核,ledger-007-smipoly-2023;ledger-135-yue-2024-polyuniverse-data;ledger-136-yue-2024-polyuniverse;ledger-137-yue-polyuniverse-code
combo_250a87decf5bfabc,polyuniverse_dinco_01a65934dd666174775c,O=C=NCCC1CC2CC1C1CCC(CCN=C=O)C21,274.364,chemical_e4aa17432292bb19,Cc1cc2c(cc1O)C(C)(C)CC1(CC(C)(C)c3cc(O)c(C)cc3O1)O2,368.473,chemical_dd2ebb8c8aeed446,Oc1ccc2c(O)cccc2c1,160.172,平衡轮转；非全笛卡尔积,three_components_passed_prototype_gate,未采购未合成；需路线、EHS与供应复核,ledger-007-smipoly-2023;ledger-135-yue-2024-polyuniverse-data;ledger-136-yue-2024-polyuniverse;ledger-137-yue-polyuniverse-code
combo_253011a89af77560,polyuniverse_dinco_c009c596c9a17cb1e87f,O=C=NCc1c(F)c(F)c(F)c(F)c1CN=C=O,260.146,chemical_1f862d0fb910ec42,Oc1ccc(C2(c3ccc(O)cc3)CCCCC2)cc1,268.356,chemical_28a648027cd37607,OCCCCCCCCCO,160.257,平衡轮转；非全笛卡尔积,three_components_passed_prototype_gate,未采购未合成；需路线、EHS与供应复核,ledger-007-smipoly-2023;ledger-135-yue-2024-polyuniverse-data;ledger-136-yue-2024-polyuniverse;ledger-137-yue-polyuniverse-code
combo_25361563f0463ab7,polyuniverse_dinco_0499900e71bdb9da6b5c,CCCC(N=C=O)C1CC2CC(C(C)N=C=O)C1C2,262.353,chemical_b94fa835d3f1bdb8,CC(C)(CO)C1OCC2(CO1)COC(C(C)(C)CO)OC2,304.383,chemical_48e0f37b8f35d22d,Cc1c(C)c(CO)c(C)c(C)c1CO,194.274,平衡轮转；非全笛卡尔积,three_components_passed_prototype_gate,未采购未合成；需路线、EHS与供应复核,ledger-007-smipoly-2023;ledger-135-yue-2024-polyuniverse-data;ledger-136-yue-2024-polyuniverse;ledger-137-yue-polyuniverse-code
combo_254e284ab9ccf4a8,polyuniverse_dinco_fd5f159552c1f70f915c,O=C=NCCC(CN(CC(CCN=C=O)([N+](=O)[O-])[N+](=O)[O-])[N+](=O)[O-])([N+](=O)[O-])[N+](=O)[O-],436.25,chemical_5e814be594638bdc,OCCCCCCCCCCCCCCCCO,258.446,chemical_c68025b85cef6d56,OCC(CO)OCc1ccccc1,182.219,平衡轮转；非全笛卡尔积,three_components_passed_prototype_gate,未采购未合成；需路线、EHS与供应复核,ledger-007-smipoly-2023;ledger-135-yue-2024-polyuniverse-data;ledger-136-yue-2024-polyuniverse;ledger-137-yue-polyuniverse-code
combo_25894b55d5579129,polyuniverse_dinco_e6e130471887a66db2b6,CCOC(N=C=O)(OCC)C(N=C=O)c1ccccc1-c1ccccc1,352.39,chemical_986d2a218ca14417,OCC(F)(F)C(F)(F)C(F)(F)C(F)(F)C(F)(F)C(F)(F)CO,362.11,chemical_2a0d22152800ae85,Oc1ccc(Oc2ccc(O)cc2)cc1,202.209,平衡轮转；非全笛卡尔积,three_components_passed_prototype_gate,未采购未合成；需路线、EHS与供应复核,ledger-007-smipoly-2023;ledger-135-yue-2024-polyuniverse-data;ledger-136-yue-2024-polyuniverse;ledger-137-yue-polyuniverse-code
combo_2625c412b78c527e,polyuniverse_dinco_c716de5f027f8966961c,O=C=Nc1ccc(-c2cccc3c2C(c2ccc(N=C=O)cc2)c2ccccc2-3)cc1,400.437,chemical_f59a0ec9b5c263ad,CCCCCCCCC(CO)(CO)CCCCCCCC,300.527,chemical_16bdee252ed11d7a,CC(O)C(C)O,90.122,平衡轮转；非全笛卡尔积,three_components_passed_prototype_gate,未采购未合成；需路线、EHS与供应复核,ledger-007-smipoly-2023;ledger-135-yue-2024-polyuniverse-data;ledger-136-yue-2024-polyuniverse;ledger-137-yue-polyuniverse-code
combo_264fa6936e0559ab,polyuniverse_dinco_e77d8b8eb2abaed0faff,O=C=NC1CCC(N(c2ccccc2)C2CCC(N=C=O)CC2)CC1,339.439,chemical_f59a0ec9b5c263ad,CCCCCCCCC(CO)(CO)CCCCCCCC,300.527,chemical_706c38f2fda91d2c,CCC(C)(c1ccc(O)cc1)c1ccc(O)cc1,242.318,平衡轮转；非全笛卡尔积,three_components_passed_prototype_gate,未采购未合成；需路线、EHS与供应复核,ledger-007-smipoly-2023;ledger-135-yue-2024-polyuniverse-data;ledger-136-yue-2024-polyuniverse;ledger-137-yue-polyuniverse-code
combo_26849a92b13f7a94,polyuniverse_dinco_ff251f80a8e230a05cc3,O=C=NCC(Br)C(CF)N=C=O,237.028,chemical_986d2a218ca14417,OCC(F)(F)C(F)(F)C(F)(F)C(F)(F)C(F)(F)C(F)(F)CO,362.11,chemical_28a648027cd37607,OCCCCCCCCCO,160.257,平衡轮转；非全笛卡尔积,three_components_passed_prototype_gate,未采购未合成；需路线、EHS与供应复核,ledger-007-smipoly-2023;ledger-135-yue-2024-polyuniverse-data;ledger-136-yue-2024-polyuniverse;ledger-137-yue-polyuniverse-code
combo_26c64da6c734ecbe,polyuniverse_dinco_92d8be6885e141a4524f,Cc1ccc(Cc2ccc(Cl)cc2)c(N=C=O)c1N=C=O,298.729,chemical_f59a0ec9b5c263ad,CCCCCCCCC(CO)(CO)CCCCCCCC,300.527,chemical_706c38f2fda91d2c,CCC(C)(c1ccc(O)cc1)c1ccc(O)cc1,242.318,平衡轮转；非全笛卡尔积,three_components_passed_prototype_gate,未采购未合成；需路线、EHS与供应复核,ledger-007-smipoly-2023;ledger-135-yue-2024-polyuniverse-data;ledger-136-yue-2024-polyuniverse;ledger-137-yue-polyuniverse-code
combo_26c70188730bbd1e,polyuniverse_dinco_26cead9b352cec30e97f,CCC(CN=C=O)C1CCCC(N=C=O)C1,222.288,chemical_986d2a218ca14417,OCC(F)(F)C(F)(F)C(F)(F)C(F)(F)C(F)(F)C(F)(F)CO,362.11,chemical_7eec20377145fdb7,CC1(C)C(O)C(C)(C)C1O,144.214,平衡轮转；非全笛卡尔积,three_components_passed_prototype_gate,未采购未合成；需路线、EHS与供应复核,ledger-007-smipoly-2023;ledger-135-yue-2024-polyuniverse-data;ledger-136-yue-2024-polyuniverse;ledger-137-yue-polyuniverse-code
combo_26cf3be2d8541c35,polyuniverse_dinco_1fc69a034afa52f3206d,O=C=Nc1ccc(C23CC4CC5(c6ccc(N=C=O)cc6)CC(C2)C5(C4)C3)cc1,382.463,chemical_58b2613823466190,CC(C)(C)c1cc(-c2cc(C(C)(C)C)cc(C(C)(C)C)c2O)c(O)c(C(C)(C)C)c1,410.642,chemical_ca5e105838153c99,CCC(CO)CC(CC)CO,160.257,平衡轮转；非全笛卡尔积,three_components_passed_prototype_gate,未采购未合成；需路线、EHS与供应复核,ledger-007-smipoly-2023;ledger-135-yue-2024-polyuniverse-data;ledger-136-yue-2024-polyuniverse;ledger-137-yue-polyuniverse-code
combo_26cf4353cd6f88f2,polyuniverse_dinco_629ef888e16fc71a3a21,CC(CN=C=O)CO[C@@H]1COC2C1OCC2(C)OCC(C)CN=C=O,354.403,chemical_0895e6cd5136df6a,OCCOc1ccc(C2(c3ccc(OCCO)cc3)c3ccccc3-c3ccccc32)cc1,438.523,chemical_1ace6e6abb3b5be3,Oc1ccc(O)c2c1C1CCC2C1,176.215,平衡轮转；非全笛卡尔积,three_components_passed_prototype_gate,未采购未合成；需路线、EHS与供应复核,ledger-007-smipoly-2023;ledger-135-yue-2024-polyuniverse-data;ledger-136-yue-2024-polyuniverse;ledger-137-yue-polyuniverse-code
combo_26dc7353ef6eed40,polyuniverse_dinco_4bd62448d543828bc87c,CC(C)CC(CC(C)C)(CC(CC(C)C)(CC(C)C)N=C=O)N=C=O,350.547,chemical_a2cf8157d0f77432,OC(c1cccc(C(O)(C(F)(F)F)C(F)(F)F)c1)(C(F)(F)F)C(F)(F)F,410.154,chemical_48e0f37b8f35d22d,Cc1c(C)c(CO)c(C)c(C)c1CO,194.274,平衡轮转；非全笛卡尔积,three_components_passed_prototype_gate,未采购未合成；需路线、EHS与供应复核,ledger-007-smipoly-2023;ledger-135-yue-2024-polyuniverse-data;ledger-136-yue-2024-polyuniverse;ledger-137-yue-polyuniverse-code
combo_27269016d4dcf6a8,polyuniverse_dinco_a78553c2197b427a0d60,CC(N=C=O)OC1CC2CCC1(OC(C)N=C=O)CC2,280.324,chemical_a04b7de5081dd0a5,CC(C)CC(C)(c1ccc(O)cc1)c1ccc(O)cc1,270.372,chemical_3635aefc1005d8ad,CC(C)(O)CCC(C)(C)O,146.23,平衡轮转；非全笛卡尔积,three_components_passed_prototype_gate,未采购未合成；需路线、EHS与供应复核,ledger-007-smipoly-2023;ledger-135-yue-2024-polyuniverse-data;ledger-136-yue-2024-polyuniverse;ledger-137-yue-polyuniverse-code
combo_272988d8494a99e2,polyuniverse_dinco_8ec7a31c579192711514,CC1CCC2C(C1)C(N=C=O)C1C3CCC(C3)C1C2N=C=O,300.402,chemical_a2cf8157d0f77432,OC(c1cccc(C(O)(C(F)(F)F)C(F)(F)F)c1)(C(F)(F)F)C(F)(F)F,410.154,chemical_2dad29ca9d88607e,OC1CCC(C2CCC(O)CC2)CC1,198.306,平衡轮转；非全笛卡尔积,three_components_passed_prototype_gate,未采购未合成；需路线、EHS与供应复核,ledger-007-smipoly-2023;ledger-135-yue-2024-polyuniverse-data;ledger-136-yue-2024-polyuniverse;ledger-137-yue-polyuniverse-code
combo_2731fabab1173288,polyuniverse_dinco_ff2f153939a86421b3aa,O=C=NCC1CN2CC1CC2CN=C=O,207.233,chemical_e4aa17432292bb19,Cc1cc2c(cc1O)C(C)(C)CC1(CC(C)(C)c3cc(O)c(C)cc3O1)O2,368.473,chemical_6ee30a16c1c450ed,OC1CCCCC1O,116.16,平衡轮转；非全笛卡尔积,three_components_passed_prototype_gate,未采购未合成；需路线、EHS与供应复核,ledger-007-smipoly-2023;ledger-135-yue-2024-polyuniverse-data;ledger-136-yue-2024-polyuniverse;ledger-137-yue-polyuniverse-code
combo_2789b438a0e64612,polyuniverse_dinco_7ae84879e7df0d84fdfa,O=C=NC1(F)C(F)(F)C(F)(F)C(F)(F)C(F)(F)C1(F)N=C=O,346.08,chemical_e4aa17432292bb19,Cc1cc2c(cc1O)C(C)(C)CC1(CC(C)(C)c3cc(O)c(C)cc3O1)O2,368.473,chemical_6ee30a16c1c450ed,OC1CCCCC1O,116.16,平衡轮转；非全笛卡尔积,three_components_passed_prototype_gate,未采购未合成；需路线、EHS与供应复核,ledger-007-smipoly-2023;ledger-135-yue-2024-polyuniverse-data;ledger-136-yue-2024-polyuniverse;ledger-137-yue-polyuniverse-code
combo_27c9d3f9682248bf,polyuniverse_dinco_7416e04e1592ed966a70,O=C=NCC1COC(CN=C=O)O1,184.151,chemical_1f862d0fb910ec42,Oc1ccc(C2(c3ccc(O)cc3)CCCCC2)cc1,268.356,chemical_79b196ca779aae4e,OCc1ccccc1CO,138.166,平衡轮转；非全笛卡尔积,three_components_passed_prototype_gate,未采购未合成；需路线、EHS与供应复核,ledger-007-smipoly-2023;ledger-135-yue-2024-polyuniverse-data;ledger-136-yue-2024-polyuniverse;ledger-137-yue-polyuniverse-code
combo_27d1749bd2cb6a84,polyuniverse_dinco_00a778151d7a7401ddb6,CC(CCCC(N=C=O)(C1CCCCC1)C1CCCCC1)C(C)(C)N=C=O,374.569,chemical_0895e6cd5136df6a,OCCOc1ccc(C2(c3ccc(OCCO)cc3)c3ccccc3-c3ccccc32)cc1,438.523,chemical_16bdee252ed11d7a,CC(O)C(C)O,90.122,平衡轮转；非全笛卡尔积,three_components_passed_prototype_gate,未采购未合成；需路线、EHS与供应复核,ledger-007-smipoly-2023;ledger-135-yue-2024-polyuniverse-data;ledger-136-yue-2024-polyuniverse;ledger-137-yue-polyuniverse-code
combo_27e31f478932e61d,polyuniverse_dinco_e6e130471887a66db2b6,CCOC(N=C=O)(OCC)C(N=C=O)c1ccccc1-c1ccccc1,352.39,chemical_a04b7de5081dd0a5,CC(C)CC(C)(c1ccc(O)cc1)c1ccc(O)cc1,270.372,chemical_3635aefc1005d8ad,CC(C)(O)CCC(C)(C)O,146.23,平衡轮转；非全笛卡尔积,three_components_passed_prototype_gate,未采购未合成；需路线、EHS与供应复核,ledger-007-smipoly-2023;ledger-135-yue-2024-polyuniverse-data;ledger-136-yue-2024-polyuniverse;ledger-137-yue-polyuniverse-code
combo_27f78ca6abeb162d,polyuniverse_dinco_85368c1d86f60fbe6dfa,O=C=NCC1CCC(CN=C=O)(CC2CCCCC2)CC1CC1CCCCC1,386.58,chemical_e4aa17432292bb19,Cc1cc2c(cc1O)C(C)(C)CC1(CC(C)(C)c3cc(O)c(C)cc3O1)O2,368.473,chemical_dd2ebb8c8aeed446,Oc1ccc2c(O)cccc2c1,160.172,平衡轮转；非全笛卡尔积,three_components_passed_prototype_gate,未采购未合成；需路线、EHS与供应复核,ledger-007-smipoly-2023;ledger-135-yue-2024-polyuniverse-data;ledger-136-yue-2024-polyuniverse;ledger-137-yue-polyuniverse-code
combo_280c8e7c31fa2c88,polyuniverse_dinco_ba183439d0e722cfbeb8,O=C=Nc1ccc(C(c2ccc(N=C=O)cc2)n2ccnc2)cc1,316.32,chemical_6364c045bd73da83,Oc1cccc(Oc2ccc(Oc3cccc(O)c3)cc2)c1,294.306,chemical_ca5e105838153c99,CCC(CO)CC(CC)CO,160.257,平衡轮转；非全笛卡尔积,three_components_passed_prototype_gate,未采购未合成；需路线、EHS与供应复核,ledger-007-smipoly-2023;ledger-135-yue-2024-polyuniverse-data;ledger-136-yue-2024-polyuniverse;ledger-137-yue-polyuniverse-code
combo_281f7a861b64a6ea,polyuniverse_dinco_b3615f63610ee99adc3f,CCC(C)c1c(N=C=O)cc(N=C=O)c2c1CCC2(C)C,284.359,chemical_ff8d497a35fecaa4,OC(C(F)(F)F)(C(F)(F)F)C(O)(C(F)(F)F)C(F)(F)F,334.056,chemical_16bdee252ed11d7a,CC(O)C(C)O,90.122,平衡轮转；非全笛卡尔积,three_components_passed_prototype_gate,未采购未合成；需路线、EHS与供应复核,ledger-007-smipoly-2023;ledger-135-yue-2024-polyuniverse-data;ledger-136-yue-2024-polyuniverse;ledger-137-yue-polyuniverse-code
combo_282717c1aeb1576a,polyuniverse_dinco_3cd70e5831ba4d233e46,CCCCCCC1(CCCCCC)c2cc(N=C=O)ccc2-c2ccc(N=C=O)cc21,416.565,chemical_f59a0ec9b5c263ad,CCCCCCCCC(CO)(CO)CCCCCCCC,300.527,chemical_6ee30a16c1c450ed,OC1CCCCC1O,116.16,平衡轮转；非全笛卡尔积,three_components_passed_prototype_gate,未采购未合成；需路线、EHS与供应复核,ledger-007-smipoly-2023;ledger-135-yue-2024-polyuniverse-data;ledger-136-yue-2024-polyuniverse;ledger-137-yue-polyuniverse-code
combo_283cd9623cca642e,polyuniverse_dinco_4a1eb105ee6ae99e25d6,CCC1(CN=C=O)C(C)C1(C)N=C=O,194.234,chemical_1f862d0fb910ec42,Oc1ccc(C2(c3ccc(O)cc3)CCCCC2)cc1,268.356,chemical_72b7ed7d3d268fd7,CC(C)CC(CO)(CO)CC(C)C,188.311,平衡轮转；非全笛卡尔积,three_components_passed_prototype_gate,未采购未合成；需路线、EHS与供应复核,ledger-007-smipoly-2023;ledger-135-yue-2024-polyuniverse-data;ledger-136-yue-2024-polyuniverse;ledger-137-yue-polyuniverse-code
combo_284ebf0e3be48b35,polyuniverse_dinco_4a1eb105ee6ae99e25d6,CCC1(CN=C=O)C(C)C1(C)N=C=O,194.234,chemical_0895e6cd5136df6a,OCCOc1ccc(C2(c3ccc(OCCO)cc3)c3ccccc3-c3ccccc32)cc1,438.523,chemical_706c38f2fda91d2c,CCC(C)(c1ccc(O)cc1)c1ccc(O)cc1,242.318,平衡轮转；非全笛卡尔积,three_components_passed_prototype_gate,未采购未合成；需路线、EHS与供应复核,ledger-007-smipoly-2023;ledger-135-yue-2024-polyuniverse-data;ledger-136-yue-2024-polyuniverse;ledger-137-yue-polyuniverse-code
combo_28aabfb5d69d4082,polyuniverse_dinco_00fa3f3b14ce15566695,CCCCC(C)(N=C=O)C(C)(C)N=C=O,210.277,chemical_58b2613823466190,CC(C)(C)c1cc(-c2cc(C(C)(C)C)cc(C(C)(C)C)c2O)c(O)c(C(C)(C)C)c1,410.642,chemical_5be20976c2a9d662,Oc1c(F)c(F)c(O)c(F)c1F,182.072,平衡轮转；非全笛卡尔积,three_components_passed_prototype_gate,未采购未合成；需路线、EHS与供应复核,ledger-007-smipoly-2023;ledger-135-yue-2024-polyuniverse-data;ledger-136-yue-2024-polyuniverse;ledger-137-yue-polyuniverse-code
combo_29015203c121ec08,polyuniverse_dinco_ad772ec6dd390bb329d7,CC1CC1(N=C=O)C(C)(C)N=C=O,180.207,chemical_5e814be594638bdc,OCCCCCCCCCCCCCCCCO,258.446,chemical_5be20976c2a9d662,Oc1c(F)c(F)c(O)c(F)c1F,182.072,平衡轮转；非全笛卡尔积,three_components_passed_prototype_gate,未采购未合成；需路线、EHS与供应复核,ledger-007-smipoly-2023;ledger-135-yue-2024-polyuniverse-data;ledger-136-yue-2024-polyuniverse;ledger-137-yue-polyuniverse-code
combo_293aa55c6481cff1,polyuniverse_dinco_e6e130471887a66db2b6,CCOC(N=C=O)(OCC)C(N=C=O)c1ccccc1-c1ccccc1,352.39,chemical_a2cf8157d0f77432,OC(c1cccc(C(O)(C(F)(F)F)C(F)(F)F)c1)(C(F)(F)F)C(F)(F)F,410.154,chemical_48e0f37b8f35d22d,Cc1c(C)c(CO)c(C)c(C)c1CO,194.274,平衡轮转；非全笛卡尔积,three_components_passed_prototype_gate,未采购未合成；需路线、EHS与供应复核,ledger-007-smipoly-2023;ledger-135-yue-2024-polyuniverse-data;ledger-136-yue-2024-polyuniverse;ledger-137-yue-polyuniverse-code
combo_294ca7df1684fbfc,polyuniverse_dinco_8ec7a31c579192711514,CC1CCC2C(C1)C(N=C=O)C1C3CCC(C3)C1C2N=C=O,300.402,chemical_b94fa835d3f1bdb8,CC(C)(CO)C1OCC2(CO1)COC(C(C)(C)CO)OC2,304.383,chemical_534466643d7ae4c0,Oc1ccccc1Oc1ccccc1O,202.209,平衡轮转；非全笛卡尔积,three_components_passed_prototype_gate,未采购未合成；需路线、EHS与供应复核,ledger-007-smipoly-2023;ledger-135-yue-2024-polyuniverse-data;ledger-136-yue-2024-polyuniverse;ledger-137-yue-polyuniverse-code
combo_29a7f34ad83bf82e,polyuniverse_dinco_0499900e71bdb9da6b5c,CCCC(N=C=O)C1CC2CC(C(C)N=C=O)C1C2,262.353,chemical_986d2a218ca14417,OCC(F)(F)C(F)(F)C(F)(F)C(F)(F)C(F)(F)C(F)(F)CO,362.11,chemical_2dad29ca9d88607e,OC1CCC(C2CCC(O)CC2)CC1,198.306,平衡轮转；非全笛卡尔积,three_components_passed_prototype_gate,未采购未合成；需路线、EHS与供应复核,ledger-007-smipoly-2023;ledger-135-yue-2024-polyuniverse-data;ledger-136-yue-2024-polyuniverse;ledger-137-yue-polyuniverse-code
combo_29bfc40e17db04dd,polyuniverse_dinco_ddc56fe70a91074540ef,CCCCOC(N=C=O)C(CCCCCCl)N=C=O,288.775,chemical_986d2a218ca14417,OCC(F)(F)C(F)(F)C(F)(F)C(F)(F)C(F)(F)C(F)(F)CO,362.11,chemical_79b196ca779aae4e,OCc1ccccc1CO,138.166,平衡轮转；非全笛卡尔积,three_components_passed_prototype_gate,未采购未合成；需路线、EHS与供应复核,ledger-007-smipoly-2023;ledger-135-yue-2024-polyuniverse-data;ledger-136-yue-2024-polyuniverse;ledger-137-yue-polyuniverse-code
combo_2a0b4ea07748c179,polyuniverse_dinco_bffdc5ccff4c002d8304,Cc1cc(CC2CCCCC2N=C=O)cc(N=C=O)c1,270.332,chemical_e4aa17432292bb19,Cc1cc2c(cc1O)C(C)(C)CC1(CC(C)(C)c3cc(O)c(C)cc3O1)O2,368.473,chemical_706c38f2fda91d2c,CCC(C)(c1ccc(O)cc1)c1ccc(O)cc1,242.318,平衡轮转；非全笛卡尔积,three_components_passed_prototype_gate,未采购未合成；需路线、EHS与供应复核,ledger-007-smipoly-2023;ledger-135-yue-2024-polyuniverse-data;ledger-136-yue-2024-polyuniverse;ledger-137-yue-polyuniverse-code
combo_2a4a2183b12b2251,polyuniverse_dinco_2c849f9c85ebe823e4a4,C[C@@H]1C[C@@H]2C[C@H](C)[C@H]3CC[C@](C)(N=C=O)[C@H]4CC[C@@H]([C@@H]2[C@H]34)[C@]1(C)N=C=O,356.51,chemical_6364c045bd73da83,Oc1cccc(Oc2ccc(Oc3cccc(O)c3)cc2)c1,294.306,chemical_f25ee56de4366915,O=[N+]([O-])c1cc(CO)ccc1CO,183.163,平衡轮转；非全笛卡尔积,three_components_passed_prototype_gate,未采购未合成；需路线、EHS与供应复核,ledger-007-smipoly-2023;ledger-135-yue-2024-polyuniverse-data;ledger-136-yue-2024-polyuniverse;ledger-137-yue-polyuniverse-code
combo_2a6e97535802da45,polyuniverse_dinco_e191aa437a5bb122583c,CCC(CC12CCC(C1)C(N=C=O)C2)N=C=O,234.299,chemical_e4aa17432292bb19,Cc1cc2c(cc1O)C(C)(C)CC1(CC(C)(C)c3cc(O)c(C)cc3O1)O2,368.473,chemical_f25ee56de4366915,O=[N+]([O-])c1cc(CO)ccc1CO,183.163,平衡轮转；非全笛卡尔积,three_components_passed_prototype_gate,未采购未合成；需路线、EHS与供应复核,ledger-007-smipoly-2023;ledger-135-yue-2024-polyuniverse-data;ledger-136-yue-2024-polyuniverse;ledger-137-yue-polyuniverse-code
combo_2abdfe40f0bc3da1,polyuniverse_dinco_01e918a682cd6d3022ac,N#COc1cc(-c2cc(N=C=O)oc2OC#N)c(N=C=O)o1,298.17,chemical_3a566be4d64035e3,Oc1ccc(-c2ccc(O)c(Br)c2)cc1Br,344.002,chemical_79b196ca779aae4e,OCc1ccccc1CO,138.166,平衡轮转；非全笛卡尔积,three_components_passed_prototype_gate,未采购未合成；需路线、EHS与供应复核,ledger-007-smipoly-2023;ledger-135-yue-2024-polyuniverse-data;ledger-136-yue-2024-polyuniverse;ledger-137-yue-polyuniverse-code
combo_2acb9f30f98f3d08,polyuniverse_dinco_e3bd88989ad52de46012,O=C=Nc1cccc(CC2(N=C=O)CCCCC2)c1,256.305,chemical_694871d5e95b7370,Oc1c(F)c(F)c(-c2c(F)c(F)c(O)c(F)c2F)c(F)c1F,330.13,chemical_dd2ebb8c8aeed446,Oc1ccc2c(O)cccc2c1,160.172,平衡轮转；非全笛卡尔积,three_components_passed_prototype_gate,未采购未合成；需路线、EHS与供应复核,ledger-007-smipoly-2023;ledger-135-yue-2024-polyuniverse-data;ledger-136-yue-2024-polyuniverse;ledger-137-yue-polyuniverse-code
combo_2b0bb37b41a1ec81,polyuniverse_dinco_3cd70e5831ba4d233e46,CCCCCCC1(CCCCCC)c2cc(N=C=O)ccc2-c2ccc(N=C=O)cc21,416.565,chemical_ff8d497a35fecaa4,OC(C(F)(F)F)(C(F)(F)F)C(O)(C(F)(F)F)C(F)(F)F,334.056,chemical_72b7ed7d3d268fd7,CC(C)CC(CO)(CO)CC(C)C,188.311,平衡轮转；非全笛卡尔积,three_components_passed_prototype_gate,未采购未合成；需路线、EHS与供应复核,ledger-007-smipoly-2023;ledger-135-yue-2024-polyuniverse-data;ledger-136-yue-2024-polyuniverse;ledger-137-yue-polyuniverse-code
combo_2b41f2ab981a373d,polyuniverse_dinco_20ab49a32ae47e829378,Cc1c(C)c(N=C=O)c(C2CCCCC2)c(C)c1N=C=O,284.359,chemical_a04b7de5081dd0a5,CC(C)CC(C)(c1ccc(O)cc1)c1ccc(O)cc1,270.372,chemical_3635aefc1005d8ad,CC(C)(O)CCC(C)(C)O,146.23,平衡轮转；非全笛卡尔积,three_components_passed_prototype_gate,未采购未合成；需路线、EHS与供应复核,ledger-007-smipoly-2023;ledger-135-yue-2024-polyuniverse-data;ledger-136-yue-2024-polyuniverse;ledger-137-yue-polyuniverse-code
combo_2b5e6f9a6f9861ce,polyuniverse_dinco_2c849f9c85ebe823e4a4,C[C@@H]1C[C@@H]2C[C@H](C)[C@H]3CC[C@](C)(N=C=O)[C@H]4CC[C@@H]([C@@H]2[C@H]34)[C@]1(C)N=C=O,356.51,chemical_5e814be594638bdc,OCCCCCCCCCCCCCCCCO,258.446,chemical_dd2ebb8c8aeed446,Oc1ccc2c(O)cccc2c1,160.172,平衡轮转；非全笛卡尔积,three_components_passed_prototype_gate,未采购未合成；需路线、EHS与供应复核,ledger-007-smipoly-2023;ledger-135-yue-2024-polyuniverse-data;ledger-136-yue-2024-polyuniverse;ledger-137-yue-polyuniverse-code
combo_2b70e80dfbc3fa3e,polyuniverse_dinco_0499900e71bdb9da6b5c,CCCC(N=C=O)C1CC2CC(C(C)N=C=O)C1C2,262.353,chemical_b94fa835d3f1bdb8,CC(C)(CO)C1OCC2(CO1)COC(C(C)(C)CO)OC2,304.383,chemical_534466643d7ae4c0,Oc1ccccc1Oc1ccccc1O,202.209,平衡轮转；非全笛卡尔积,three_components_passed_prototype_gate,未采购未合成；需路线、EHS与供应复核,ledger-007-smipoly-2023;ledger-135-yue-2024-polyuniverse-data;ledger-136-yue-2024-polyuniverse;ledger-137-yue-polyuniverse-code
combo_2cfa0194956912fb,polyuniverse_dinco_81e1e90ea24f1e711a99,CC(N=C=O)C1(C)CC(N=C=O)CC(C)(C)C1,236.315,chemical_a04b7de5081dd0a5,CC(C)CC(C)(c1ccc(O)cc1)c1ccc(O)cc1,270.372,chemical_831d24f7368b3f75,Cc1cc(-c2cc(C)c(O)c(C)c2)cc(C)c1O,242.318,平衡轮转；非全笛卡尔积,three_components_passed_prototype_gate,未采购未合成；需路线、EHS与供应复核,ledger-007-smipoly-2023;ledger-135-yue-2024-polyuniverse-data;ledger-136-yue-2024-polyuniverse;ledger-137-yue-polyuniverse-code
combo_2d0b96a6ce9d19ef,polyuniverse_dinco_a759abc4f1e86d39deed,CC1CC(C)CC(CC2CC(C)C(N=C=O)C(C)(N=C=O)C2)C1,318.461,chemical_58b2613823466190,CC(C)(C)c1cc(-c2cc(C(C)(C)C)cc(C(C)(C)C)c2O)c(O)c(C(C)(C)C)c1,410.642,chemical_bacbda6c95c1bb67,Cc1ccc(O)c(Cc2cc(C)ccc2O)c1,228.291,平衡轮转；非全笛卡尔积,three_components_passed_prototype_gate,未采购未合成；需路线、EHS与供应复核,ledger-007-smipoly-2023;ledger-135-yue-2024-polyuniverse-data;ledger-136-yue-2024-polyuniverse;ledger-137-yue-polyuniverse-code
combo_2d0dfcd83b2cada2,polyuniverse_dinco_bd1652fdf1dacee4093c,O=C=NCCC12CCC(C1)C1CCCC12CCN=C=O,274.364,chemical_a2cf8157d0f77432,OC(c1cccc(C(O)(C(F)(F)F)C(F)(F)F)c1)(C(F)(F)F)C(F)(F)F,410.154,chemical_2dad29ca9d88607e,OC1CCC(C2CCC(O)CC2)CC1,198.306,平衡轮转；非全笛卡尔积,three_components_passed_prototype_gate,未采购未合成；需路线、EHS与供应复核,ledger-007-smipoly-2023;ledger-135-yue-2024-polyuniverse-data;ledger-136-yue-2024-polyuniverse;ledger-137-yue-polyuniverse-code
combo_2d120c44597cc4e8,polyuniverse_dinco_5a1f42c9bc88019aa254,O=C=NC1C(F)C(F)C(F)C(F)C1N=C=O,238.14,chemical_1f862d0fb910ec42,Oc1ccc(C2(c3ccc(O)cc3)CCCCC2)cc1,268.356,chemical_79b196ca779aae4e,OCc1ccccc1CO,138.166,平衡轮转；非全笛卡尔积,three_components_passed_prototype_gate,未采购未合成；需路线、EHS与供应复核,ledger-007-smipoly-2023;ledger-135-yue-2024-polyuniverse-data;ledger-136-yue-2024-polyuniverse;ledger-137-yue-polyuniverse-code
combo_2d19aee7aba011da,polyuniverse_dinco_92d8be6885e141a4524f,Cc1ccc(Cc2ccc(Cl)cc2)c(N=C=O)c1N=C=O,298.729,chemical_ff8d497a35fecaa4,OC(C(F)(F)F)(C(F)(F)F)C(O)(C(F)(F)F)C(F)(F)F,334.056,chemical_75fb481cd45cc100,CCCCC(CC)(CO)CO,160.257,平衡轮转；非全笛卡尔积,three_components_passed_prototype_gate,未采购未合成；需路线、EHS与供应复核,ledger-007-smipoly-2023;ledger-135-yue-2024-polyuniverse-data;ledger-136-yue-2024-polyuniverse;ledger-137-yue-polyuniverse-code
combo_2d6fc4e36d31f483,polyuniverse_dinco_c24771e4eb3229cc941d,[C-]#[N+]C1(N=C=O)CCC(C)([N+]#[C-])C(N=C=O)C1,230.227,chemical_a2cf8157d0f77432,OC(c1cccc(C(O)(C(F)(F)F)C(F)(F)F)c1)(C(F)(F)F)C(F)(F)F,410.154,chemical_831d24f7368b3f75,Cc1cc(-c2cc(C)c(O)c(C)c2)cc(C)c1O,242.318,平衡轮转；非全笛卡尔积,three_components_passed_prototype_gate,未采购未合成；需路线、EHS与供应复核,ledger-007-smipoly-2023;ledger-135-yue-2024-polyuniverse-data;ledger-136-yue-2024-polyuniverse;ledger-137-yue-polyuniverse-code
combo_2d9c1afbbbac0c9b,polyuniverse_dinco_5869c3b07285b5b309da,CC(C)(CC1CCC(C(C)(C)N=C=O)C1)N=C=O,250.342,chemical_f59a0ec9b5c263ad,CCCCCCCCC(CO)(CO)CCCCCCCC,300.527,chemical_16bdee252ed11d7a,CC(O)C(C)O,90.122,平衡轮转；非全笛卡尔积,three_components_passed_prototype_gate,未采购未合成；需路线、EHS与供应复核,ledger-007-smipoly-2023;ledger-135-yue-2024-polyuniverse-data;ledger-136-yue-2024-polyuniverse;ledger-137-yue-polyuniverse-code
combo_2dd8f3e34ba82c78,polyuniverse_dinco_e191aa437a5bb122583c,CCC(CC12CCC(C1)C(N=C=O)C2)N=C=O,234.299,chemical_e34b1bd2b88ad439,CC(C)(c1ccc(O)c(C2CCCCC2)c1)c1ccc(O)c(C2CCCCC2)c1,392.583,chemical_dd2ebb8c8aeed446,Oc1ccc2c(O)cccc2c1,160.172,平衡轮转；非全笛卡尔积,three_components_passed_prototype_gate,未采购未合成；需路线、EHS与供应复核,ledger-007-smipoly-2023;ledger-135-yue-2024-polyuniverse-data;ledger-136-yue-2024-polyuniverse;ledger-137-yue-polyuniverse-code
combo_2df6b10781049f28,polyuniverse_dinco_61e84547e1c5aa376ad9,O=C=NCC12CC(C3CCCC31)C1C3CCC(C3)C12CN=C=O,312.413,chemical_f59a0ec9b5c263ad,CCCCCCCCC(CO)(CO)CCCCCCCC,300.527,chemical_706c38f2fda91d2c,CCC(C)(c1ccc(O)cc1)c1ccc(O)cc1,242.318,平衡轮转；非全笛卡尔积,three_components_passed_prototype_gate,未采购未合成；需路线、EHS与供应复核,ledger-007-smipoly-2023;ledger-135-yue-2024-polyuniverse-data;ledger-136-yue-2024-polyuniverse;ledger-137-yue-polyuniverse-code
combo_2e233ec4f56ee6f3,polyuniverse_dinco_5869c3b07285b5b309da,CC(C)(CC1CCC(C(C)(C)N=C=O)C1)N=C=O,250.342,chemical_f59a0ec9b5c263ad,CCCCCCCCC(CO)(CO)CCCCCCCC,300.527,chemical_f25ee56de4366915,O=[N+]([O-])c1cc(CO)ccc1CO,183.163,平衡轮转；非全笛卡尔积,three_components_passed_prototype_gate,未采购未合成；需路线、EHS与供应复核,ledger-007-smipoly-2023;ledger-135-yue-2024-polyuniverse-data;ledger-136-yue-2024-polyuniverse;ledger-137-yue-polyuniverse-code
combo_2e406267a63bc48e,polyuniverse_dinco_8a880932a5a3f4f0ae1c,CC1CC(N=C=O)CCC1C1CC(C)(C)C(N=C=O)CC1C,304.434,chemical_694871d5e95b7370,Oc1c(F)c(F)c(-c2c(F)c(F)c(O)c(F)c2F)c(F)c1F,330.13,chemical_dd2ebb8c8aeed446,Oc1ccc2c(O)cccc2c1,160.172,平衡轮转；非全笛卡尔积,three_components_passed_prototype_gate,未采购未合成；需路线、EHS与供应复核,ledger-007-smipoly-2023;ledger-135-yue-2024-polyuniverse-data;ledger-136-yue-2024-polyuniverse;ledger-137-yue-polyuniverse-code
combo_2e8287faa67a546c,polyuniverse_dinco_26cead9b352cec30e97f,CCC(CN=C=O)C1CCCC(N=C=O)C1,222.288,chemical_986d2a218ca14417,OCC(F)(F)C(F)(F)C(F)(F)C(F)(F)C(F)(F)C(F)(F)CO,362.11,chemical_79b196ca779aae4e,OCc1ccccc1CO,138.166,平衡轮转；非全笛卡尔积,three_components_passed_prototype_gate,未采购未合成；需路线、EHS与供应复核,ledger-007-smipoly-2023;ledger-135-yue-2024-polyuniverse-data;ledger-136-yue-2024-polyuniverse;ledger-137-yue-polyuniverse-code
combo_2eb62355c6802764,polyuniverse_dinco_4bd62448d543828bc87c,CC(C)CC(CC(C)C)(CC(CC(C)C)(CC(C)C)N=C=O)N=C=O,350.547,chemical_986d2a218ca14417,OCC(F)(F)C(F)(F)C(F)(F)C(F)(F)C(F)(F)C(F)(F)CO,362.11,chemical_28a648027cd37607,OCCCCCCCCCO,160.257,平衡轮转；非全笛卡尔积,three_components_passed_prototype_gate,未采购未合成；需路线、EHS与供应复核,ledger-007-smipoly-2023;ledger-135-yue-2024-polyuniverse-data;ledger-136-yue-2024-polyuniverse;ledger-137-yue-polyuniverse-code
combo_2ec1061575975b9c,polyuniverse_dinco_473f746a39152067a95e,O=C=Nc1ccc(OCC(F)(F)C(F)F)c(N=C=O)c1,290.172,chemical_e4aa17432292bb19,Cc1cc2c(cc1O)C(C)(C)CC1(CC(C)(C)c3cc(O)c(C)cc3O1)O2,368.473,chemical_f25ee56de4366915,O=[N+]([O-])c1cc(CO)ccc1CO,183.163,平衡轮转；非全笛卡尔积,three_components_passed_prototype_gate,未采购未合成；需路线、EHS与供应复核,ledger-007-smipoly-2023;ledger-135-yue-2024-polyuniverse-data;ledger-136-yue-2024-polyuniverse;ledger-137-yue-polyuniverse-code
combo_2f290e3d9e1a5f21,polyuniverse_dinco_b03d7a2243c8c46ba34f,O=C=Nc1c(F)cc(Oc2cc(F)c(N=C=O)c(F)c2)cc1F,324.189,chemical_a04b7de5081dd0a5,CC(C)CC(C)(c1ccc(O)cc1)c1ccc(O)cc1,270.372,chemical_79b196ca779aae4e,OCc1ccccc1CO,138.166,平衡轮转；非全笛卡尔积,three_components_passed_prototype_gate,未采购未合成；需路线、EHS与供应复核,ledger-007-smipoly-2023;ledger-135-yue-2024-polyuniverse-data;ledger-136-yue-2024-polyuniverse;ledger-137-yue-polyuniverse-code
combo_2f3053ad60e34df0,polyuniverse_dinco_c009c596c9a17cb1e87f,O=C=NCc1c(F)c(F)c(F)c(F)c1CN=C=O,260.146,chemical_34962dac292231e7,Cc1cc(Cc2cc(C)c(O)c(C)c2)cc(C)c1O,256.345,chemical_2dad29ca9d88607e,OC1CCC(C2CCC(O)CC2)CC1,198.306,平衡轮转；非全笛卡尔积,three_components_passed_prototype_gate,未采购未合成；需路线、EHS与供应复核,ledger-007-smipoly-2023;ledger-135-yue-2024-polyuniverse-data;ledger-136-yue-2024-polyuniverse;ledger-137-yue-polyuniverse-code
combo_2f8593ea9cb41137,polyuniverse_dinco_ac4be1eff9a2d8a5bde3,CCCc1cc(C(C)C)c(N=C=O)c(CCC)c1N=C=O,286.375,chemical_1f862d0fb910ec42,Oc1ccc(C2(c3ccc(O)cc3)CCCCC2)cc1,268.356,chemical_1ace6e6abb3b5be3,Oc1ccc(O)c2c1C1CCC2C1,176.215,平衡轮转；非全笛卡尔积,three_components_passed_prototype_gate,未采购未合成；需路线、EHS与供应复核,ledger-007-smipoly-2023;ledger-135-yue-2024-polyuniverse-data;ledger-136-yue-2024-polyuniverse;ledger-137-yue-polyuniverse-code
combo_2fa7c4ee53bf5c08,polyuniverse_dinco_61e84547e1c5aa376ad9,O=C=NCC12CC(C3CCCC31)C1C3CCC(C3)C12CN=C=O,312.413,chemical_e34b1bd2b88ad439,CC(C)(c1ccc(O)c(C2CCCCC2)c1)c1ccc(O)c(C2CCCCC2)c1,392.583,chemical_63c6eb608324eca7,OCC1CC2C3CC(CO)C(C3)C2C1,196.29,平衡轮转；非全笛卡尔积,three_components_passed_prototype_gate,未采购未合成；需路线、EHS与供应复核,ledger-007-smipoly-2023;ledger-135-yue-2024-polyuniverse-data;ledger-136-yue-2024-polyuniverse;ledger-137-yue-polyuniverse-code
combo_2fd051def661c154,polyuniverse_dinco_9a439aa6493516a05f38,Cc1ccc(C(C)N=C=O)c(C(C)N=C=O)c1C,244.294,chemical_986d2a218ca14417,OCC(F)(F)C(F)(F)C(F)(F)C(F)(F)C(F)(F)C(F)(F)CO,362.11,chemical_79b196ca779aae4e,OCc1ccccc1CO,138.166,平衡轮转；非全笛卡尔积,three_components_passed_prototype_gate,未采购未合成；需路线、EHS与供应复核,ledger-007-smipoly-2023;ledger-135-yue-2024-polyuniverse-data;ledger-136-yue-2024-polyuniverse;ledger-137-yue-polyuniverse-code
combo_30009f0ffe63322f,polyuniverse_dinco_81e1e90ea24f1e711a99,CC(N=C=O)C1(C)CC(N=C=O)CC(C)(C)C1,236.315,chemical_986d2a218ca14417,OCC(F)(F)C(F)(F)C(F)(F)C(F)(F)C(F)(F)C(F)(F)CO,362.11,chemical_79b196ca779aae4e,OCc1ccccc1CO,138.166,平衡轮转；非全笛卡尔积,three_components_passed_prototype_gate,未采购未合成；需路线、EHS与供应复核,ledger-007-smipoly-2023;ledger-135-yue-2024-polyuniverse-data;ledger-136-yue-2024-polyuniverse;ledger-137-yue-polyuniverse-code
combo_30282cc7e21f522a,polyuniverse_dinco_8ec7a31c579192711514,CC1CCC2C(C1)C(N=C=O)C1C3CCC(C3)C1C2N=C=O,300.402,chemical_b94fa835d3f1bdb8,CC(C)(CO)C1OCC2(CO1)COC(C(C)(C)CO)OC2,304.383,chemical_3635aefc1005d8ad,CC(C)(O)CCC(C)(C)O,146.23,平衡轮转；非全笛卡尔积,three_components_passed_prototype_gate,未采购未合成；需路线、EHS与供应复核,ledger-007-smipoly-2023;ledger-135-yue-2024-polyuniverse-data;ledger-136-yue-2024-polyuniverse;ledger-137-yue-polyuniverse-code
combo_3035fe318514627e,polyuniverse_dinco_41dd7d9f5ae04dca84b5,O=C=NC1(Cl)CCCCC1(Cl)CC1(Cl)CCCCC1(Cl)N=C=O,400.133,chemical_3a566be4d64035e3,Oc1ccc(-c2ccc(O)c(Br)c2)cc1Br,344.002,chemical_2a0d22152800ae85,Oc1ccc(Oc2ccc(O)cc2)cc1,202.209,平衡轮转；非全笛卡尔积,three_components_passed_prototype_gate,未采购未合成；需路线、EHS与供应复核,ledger-007-smipoly-2023;ledger-135-yue-2024-polyuniverse-data;ledger-136-yue-2024-polyuniverse;ledger-137-yue-polyuniverse-code
combo_304675b669a88e8a,polyuniverse_dinco_5a1f42c9bc88019aa254,O=C=NC1C(F)C(F)C(F)C(F)C1N=C=O,238.14,chemical_34962dac292231e7,Cc1cc(Cc2cc(C)c(O)c(C)c2)cc(C)c1O,256.345,chemical_79b196ca779aae4e,OCc1ccccc1CO,138.166,平衡轮转；非全笛卡尔积,three_components_passed_prototype_gate,未采购未合成；需路线、EHS与供应复核,ledger-007-smipoly-2023;ledger-135-yue-2024-polyuniverse-data;ledger-136-yue-2024-polyuniverse;ledger-137-yue-polyuniverse-code
combo_30476d8f024980ed,polyuniverse_dinco_bd1652fdf1dacee4093c,O=C=NCCC12CCC(C1)C1CCCC12CCN=C=O,274.364,chemical_a2cf8157d0f77432,OC(c1cccc(C(O)(C(F)(F)F)C(F)(F)F)c1)(C(F)(F)F)C(F)(F)F,410.154,chemical_3635aefc1005d8ad,CC(C)(O)CCC(C)(C)O,146.23,平衡轮转；非全笛卡尔积,three_components_passed_prototype_gate,未采购未合成；需路线、EHS与供应复核,ledger-007-smipoly-2023;ledger-135-yue-2024-polyuniverse-data;ledger-136-yue-2024-polyuniverse;ledger-137-yue-polyuniverse-code
combo_304b52122aef956a,polyuniverse_dinco_d99b46b0b115b20a069f,CC1(C)CC(C)(CN=C=O)C(C2CCCCC2)C(N=C=O)(C2CCCCC2)C1,386.58,chemical_34962dac292231e7,Cc1cc(Cc2cc(C)c(O)c(C)c2)cc(C)c1O,256.345,chemical_28a648027cd37607,OCCCCCCCCCO,160.257,平衡轮转；非全笛卡尔积,three_components_passed_prototype_gate,未采购未合成；需路线、EHS与供应复核,ledger-007-smipoly-2023;ledger-135-yue-2024-polyuniverse-data;ledger-136-yue-2024-polyuniverse;ledger-137-yue-polyuniverse-code
combo_3094848f4dcae1c8,polyuniverse_dinco_36587639e34b8082240f,N#COCC12CC(CCCN=C=O)C(CC1CCN=C=O)C2,303.362,chemical_a2cf8157d0f77432,OC(c1cccc(C(O)(C(F)(F)F)C(F)(F)F)c1)(C(F)(F)F)C(F)(F)F,410.154,chemical_3635aefc1005d8ad,CC(C)(O)CCC(C)(C)O,146.23,平衡轮转；非全笛卡尔积,three_components_passed_prototype_gate,未采购未合成；需路线、EHS与供应复核,ledger-007-smipoly-2023;ledger-135-yue-2024-polyuniverse-data;ledger-136-yue-2024-polyuniverse;ledger-137-yue-polyuniverse-code
combo_30d56a8235e85d42,polyuniverse_dinco_016bfd4c165aa545a7db,Cc1c(CCCCCCN=C=O)cccc1N=C=O,258.321,chemical_b94fa835d3f1bdb8,CC(C)(CO)C1OCC2(CO1)COC(C(C)(C)CO)OC2,304.383,chemical_9a89f0adbd70529b,OCC(F)(F)C(F)(F)C(F)(F)CO,212.089,平衡轮转；非全笛卡尔积,three_components_passed_prototype_gate,未采购未合成；需路线、EHS与供应复核,ledger-007-smipoly-2023;ledger-135-yue-2024-polyuniverse-data;ledger-136-yue-2024-polyuniverse;ledger-137-yue-polyuniverse-code
combo_316d8a98e312f214,polyuniverse_dinco_0dbe9dd7636a5bdeaa0b,CC1(N=C=O)Cc2c3ccc1c2C(C)(N=C=O)C3,240.262,chemical_986d2a218ca14417,OCC(F)(F)C(F)(F)C(F)(F)C(F)(F)C(F)(F)C(F)(F)CO,362.11,chemical_75fb481cd45cc100,CCCCC(CC)(CO)CO,160.257,平衡轮转；非全笛卡尔积,three_components_passed_prototype_gate,未采购未合成；需路线、EHS与供应复核,ledger-007-smipoly-2023;ledger-135-yue-2024-polyuniverse-data;ledger-136-yue-2024-polyuniverse;ledger-137-yue-polyuniverse-code
combo_325efd8a95760dd3,polyuniverse_dinco_f4a3c1923033f08d5b48,Cc1c(Cl)cc(N=C=O)cc1C(Cl)(N=C=O)c1ccccc1,333.174,chemical_5e814be594638bdc,OCCCCCCCCCCCCCCCCO,258.446,chemical_551a139d1b44a292,OC12CC3CC(C1)CC(O)(C3)C2,168.236,平衡轮转；非全笛卡尔积,three_components_passed_prototype_gate,未采购未合成；需路线、EHS与供应复核,ledger-007-smipoly-2023;ledger-135-yue-2024-polyuniverse-data;ledger-136-yue-2024-polyuniverse;ledger-137-yue-polyuniverse-code
combo_327646dc5193a387,polyuniverse_dinco_569c13453ff070989050,[C-]#[N+]c1cc2c(N=C=O)c(C#N)c(C#N)cc2c(N=C=O)c1[N+]#[C-],310.232,chemical_58b2613823466190,CC(C)(C)c1cc(-c2cc(C(C)(C)C)cc(C(C)(C)C)c2O)c(O)c(C(C)(C)C)c1,410.642,chemical_551a139d1b44a292,OC12CC3CC(C1)CC(O)(C3)C2,168.236,平衡轮转；非全笛卡尔积,three_components_passed_prototype_gate,未采购未合成；需路线、EHS与供应复核,ledger-007-smipoly-2023;ledger-135-yue-2024-polyuniverse-data;ledger-136-yue-2024-polyuniverse;ledger-137-yue-polyuniverse-code
combo_32edb322bc4883d2,polyuniverse_dinco_ff251f80a8e230a05cc3,O=C=NCC(Br)C(CF)N=C=O,237.028,chemical_a04b7de5081dd0a5,CC(C)CC(C)(c1ccc(O)cc1)c1ccc(O)cc1,270.372,chemical_2a0d22152800ae85,Oc1ccc(Oc2ccc(O)cc2)cc1,202.209,平衡轮转；非全笛卡尔积,three_components_passed_prototype_gate,未采购未合成；需路线、EHS与供应复核,ledger-007-smipoly-2023;ledger-135-yue-2024-polyuniverse-data;ledger-136-yue-2024-polyuniverse;ledger-137-yue-polyuniverse-code
combo_3333f463a9ed0462,polyuniverse_dinco_6a887a4fc6e3f56dee69,N#COCC(CN=C=O)(CN=C=O)COC#N,236.187,chemical_986d2a218ca14417,OCC(F)(F)C(F)(F)C(F)(F)C(F)(F)C(F)(F)C(F)(F)CO,362.11,chemical_79b196ca779aae4e,OCc1ccccc1CO,138.166,平衡轮转；非全笛卡尔积,three_components_passed_prototype_gate,未采购未合成；需路线、EHS与供应复核,ledger-007-smipoly-2023;ledger-135-yue-2024-polyuniverse-data;ledger-136-yue-2024-polyuniverse;ledger-137-yue-polyuniverse-code
combo_336efdef0d8d1703,polyuniverse_dinco_20ab49a32ae47e829378,Cc1c(C)c(N=C=O)c(C2CCCCC2)c(C)c1N=C=O,284.359,chemical_986d2a218ca14417,OCC(F)(F)C(F)(F)C(F)(F)C(F)(F)C(F)(F)C(F)(F)CO,362.11,chemical_2a0d22152800ae85,Oc1ccc(Oc2ccc(O)cc2)cc1,202.209,平衡轮转；非全笛卡尔积,three_components_passed_prototype_gate,未采购未合成；需路线、EHS与供应复核,ledger-007-smipoly-2023;ledger-135-yue-2024-polyuniverse-data;ledger-136-yue-2024-polyuniverse;ledger-137-yue-polyuniverse-code
combo_33ba8dad1a4725c6,polyuniverse_dinco_ac4be1eff9a2d8a5bde3,CCCc1cc(C(C)C)c(N=C=O)c(CCC)c1N=C=O,286.375,chemical_3a566be4d64035e3,Oc1ccc(-c2ccc(O)c(Br)c2)cc1Br,344.002,chemical_2dad29ca9d88607e,OC1CCC(C2CCC(O)CC2)CC1,198.306,平衡轮转；非全笛卡尔积,three_components_passed_prototype_gate,未采购未合成；需路线、EHS与供应复核,ledger-007-smipoly-2023;ledger-135-yue-2024-polyuniverse-data;ledger-136-yue-2024-polyuniverse;ledger-137-yue-polyuniverse-code
combo_33c93d7c37717578,polyuniverse_dinco_1d6acf47e4862fbbcc32,Cc1cc(N=C=O)ncc1N=C=O,175.147,chemical_1f862d0fb910ec42,Oc1ccc(C2(c3ccc(O)cc3)CCCCC2)cc1,268.356,chemical_72b7ed7d3d268fd7,CC(C)CC(CO)(CO)CC(C)C,188.311,平衡轮转；非全笛卡尔积,three_components_passed_prototype_gate,未采购未合成；需路线、EHS与供应复核,ledger-007-smipoly-2023;ledger-135-yue-2024-polyuniverse-data;ledger-136-yue-2024-polyuniverse;ledger-137-yue-polyuniverse-code
combo_33f7ccc2581bc6a3,polyuniverse_dinco_9433642f6ab558269707,O=C=NC1CCOC1N=C=O,154.125,chemical_34962dac292231e7,Cc1cc(Cc2cc(C)c(O)c(C)c2)cc(C)c1O,256.345,chemical_2a0d22152800ae85,Oc1ccc(Oc2ccc(O)cc2)cc1,202.209,平衡轮转；非全笛卡尔积,three_components_passed_prototype_gate,未采购未合成；需路线、EHS与供应复核,ledger-007-smipoly-2023;ledger-135-yue-2024-polyuniverse-data;ledger-136-yue-2024-polyuniverse;ledger-137-yue-polyuniverse-code
combo_33fbccfd669e9525,polyuniverse_dinco_e77d8b8eb2abaed0faff,O=C=NC1CCC(N(c2ccccc2)C2CCC(N=C=O)CC2)CC1,339.439,chemical_e4aa17432292bb19,Cc1cc2c(cc1O)C(C)(C)CC1(CC(C)(C)c3cc(O)c(C)cc3O1)O2,368.473,chemical_706c38f2fda91d2c,CCC(C)(c1ccc(O)cc1)c1ccc(O)cc1,242.318,平衡轮转；非全笛卡尔积,three_components_passed_prototype_gate,未采购未合成；需路线、EHS与供应复核,ledger-007-smipoly-2023;ledger-135-yue-2024-polyuniverse-data;ledger-136-yue-2024-polyuniverse;ledger-137-yue-polyuniverse-code
combo_34143553376aaded,polyuniverse_dinco_e6e130471887a66db2b6,CCOC(N=C=O)(OCC)C(N=C=O)c1ccccc1-c1ccccc1,352.39,chemical_a04b7de5081dd0a5,CC(C)CC(C)(c1ccc(O)cc1)c1ccc(O)cc1,270.372,chemical_2a0d22152800ae85,Oc1ccc(Oc2ccc(O)cc2)cc1,202.209,平衡轮转；非全笛卡尔积,three_components_passed_prototype_gate,未采购未合成；需路线、EHS与供应复核,ledger-007-smipoly-2023;ledger-135-yue-2024-polyuniverse-data;ledger-136-yue-2024-polyuniverse;ledger-137-yue-polyuniverse-code
combo_34b868611862c090,polyuniverse_dinco_7df67f418ef75f339395,CC1CC(N=C=O)C(N=C=O)(C(C)C)C(c2ccccc2)(c2ccccc2)C1,374.484,chemical_5e814be594638bdc,OCCCCCCCCCCCCCCCCO,258.446,chemical_5be20976c2a9d662,Oc1c(F)c(F)c(O)c(F)c1F,182.072,平衡轮转；非全笛卡尔积,three_components_passed_prototype_gate,未采购未合成；需路线、EHS与供应复核,ledger-007-smipoly-2023;ledger-135-yue-2024-polyuniverse-data;ledger-136-yue-2024-polyuniverse;ledger-137-yue-polyuniverse-code
combo_351b1cbc1b2b5bba,polyuniverse_dinco_9433642f6ab558269707,O=C=NC1CCOC1N=C=O,154.125,chemical_3a566be4d64035e3,Oc1ccc(-c2ccc(O)c(Br)c2)cc1Br,344.002,chemical_2a0d22152800ae85,Oc1ccc(Oc2ccc(O)cc2)cc1,202.209,平衡轮转；非全笛卡尔积,three_components_passed_prototype_gate,未采购未合成；需路线、EHS与供应复核,ledger-007-smipoly-2023;ledger-135-yue-2024-polyuniverse-data;ledger-136-yue-2024-polyuniverse;ledger-137-yue-polyuniverse-code
combo_352383622eeddaf4,polyuniverse_dinco_4a1eb105ee6ae99e25d6,CCC1(CN=C=O)C(C)C1(C)N=C=O,194.234,chemical_0895e6cd5136df6a,OCCOc1ccc(C2(c3ccc(OCCO)cc3)c3ccccc3-c3ccccc32)cc1,438.523,chemical_72b7ed7d3d268fd7,CC(C)CC(CO)(CO)CC(C)C,188.311,平衡轮转；非全笛卡尔积,three_components_passed_prototype_gate,未采购未合成；需路线、EHS与供应复核,ledger-007-smipoly-2023;ledger-135-yue-2024-polyuniverse-data;ledger-136-yue-2024-polyuniverse;ledger-137-yue-polyuniverse-code
combo_355d5baf6345a3cb,polyuniverse_dinco_ac4be1eff9a2d8a5bde3,CCCc1cc(C(C)C)c(N=C=O)c(CCC)c1N=C=O,286.375,chemical_34962dac292231e7,Cc1cc(Cc2cc(C)c(O)c(C)c2)cc(C)c1O,256.345,chemical_2dad29ca9d88607e,OC1CCC(C2CCC(O)CC2)CC1,198.306,平衡轮转；非全笛卡尔积,three_components_passed_prototype_gate,未采购未合成；需路线、EHS与供应复核,ledger-007-smipoly-2023;ledger-135-yue-2024-polyuniverse-data;ledger-136-yue-2024-polyuniverse;ledger-137-yue-polyuniverse-code
combo_35808a8cafc314ed,polyuniverse_dinco_76731ef629e89287c8f8,CC(C)(CCOCN=C=O)OCCC(C)(C)OCN=C=O,300.355,chemical_6364c045bd73da83,Oc1cccc(Oc2ccc(Oc3cccc(O)c3)cc2)c1,294.306,chemical_dd2ebb8c8aeed446,Oc1ccc2c(O)cccc2c1,160.172,平衡轮转；非全笛卡尔积,three_components_passed_prototype_gate,未采购未合成；需路线、EHS与供应复核,ledger-007-smipoly-2023;ledger-135-yue-2024-polyuniverse-data;ledger-136-yue-2024-polyuniverse;ledger-137-yue-polyuniverse-code
combo_358a61c6fa0997cc,polyuniverse_dinco_9a439aa6493516a05f38,Cc1ccc(C(C)N=C=O)c(C(C)N=C=O)c1C,244.294,chemical_a2cf8157d0f77432,OC(c1cccc(C(O)(C(F)(F)F)C(F)(F)F)c1)(C(F)(F)F)C(F)(F)F,410.154,chemical_7eec20377145fdb7,CC1(C)C(O)C(C)(C)C1O,144.214,平衡轮转；非全笛卡尔积,three_components_passed_prototype_gate,未采购未合成；需路线、EHS与供应复核,ledger-007-smipoly-2023;ledger-135-yue-2024-polyuniverse-data;ledger-136-yue-2024-polyuniverse;ledger-137-yue-polyuniverse-code
combo_359134f9430f17d8,polyuniverse_dinco_e9c64a150258b8ae2353,O=C=NC(F)C(F)(F)C(F)(F)N=C=O,216.065,chemical_3a566be4d64035e3,Oc1ccc(-c2ccc(O)c(Br)c2)cc1Br,344.002,chemical_2a0d22152800ae85,Oc1ccc(Oc2ccc(O)cc2)cc1,202.209,平衡轮转；非全笛卡尔积,three_components_passed_prototype_gate,未采购未合成；需路线、EHS与供应复核,ledger-007-smipoly-2023;ledger-135-yue-2024-polyuniverse-data;ledger-136-yue-2024-polyuniverse;ledger-137-yue-polyuniverse-code
combo_359a4926141e42aa,polyuniverse_dinco_ff251f80a8e230a05cc3,O=C=NCC(Br)C(CF)N=C=O,237.028,chemical_a04b7de5081dd0a5,CC(C)CC(C)(c1ccc(O)cc1)c1ccc(O)cc1,270.372,chemical_3635aefc1005d8ad,CC(C)(O)CCC(C)(C)O,146.23,平衡轮转；非全笛卡尔积,three_components_passed_prototype_gate,未采购未合成；需路线、EHS与供应复核,ledger-007-smipoly-2023;ledger-135-yue-2024-polyuniverse-data;ledger-136-yue-2024-polyuniverse;ledger-137-yue-polyuniverse-code
combo_35bd2d1898e796be,polyuniverse_dinco_2c849f9c85ebe823e4a4,C[C@@H]1C[C@@H]2C[C@H](C)[C@H]3CC[C@](C)(N=C=O)[C@H]4CC[C@@H]([C@@H]2[C@H]34)[C@]1(C)N=C=O,356.51,chemical_694871d5e95b7370,Oc1c(F)c(F)c(-c2c(F)c(F)c(O)c(F)c2F)c(F)c1F,330.13,chemical_16bdee252ed11d7a,CC(O)C(C)O,90.122,平衡轮转；非全笛卡尔积,three_components_passed_prototype_gate,未采购未合成；需路线、EHS与供应复核,ledger-007-smipoly-2023;ledger-135-yue-2024-polyuniverse-data;ledger-136-yue-2024-polyuniverse;ledger-137-yue-polyuniverse-code
combo_35c0e33ab3eb6f0f,polyuniverse_dinco_4e634aebc4fcf9faf957,O=C=NCc1ccc(CN=C=O)c(N=Nc2ccc([N+](=O)[O-])cc2)c1,337.295,chemical_ff8d497a35fecaa4,OC(C(F)(F)F)(C(F)(F)F)C(O)(C(F)(F)F)C(F)(F)F,334.056,chemical_75fb481cd45cc100,CCCCC(CC)(CO)CO,160.257,平衡轮转；非全笛卡尔积,three_components_passed_prototype_gate,未采购未合成；需路线、EHS与供应复核,ledger-007-smipoly-2023;ledger-135-yue-2024-polyuniverse-data;ledger-136-yue-2024-polyuniverse;ledger-137-yue-polyuniverse-code
combo_35f2ddffca25cab4,polyuniverse_dinco_43658c980f2b703f5352,O=C=Nc1cc2c(N=C=O)c(c1Cl)-c1ccc-2cc1Cl,303.104,chemical_58b2613823466190,CC(C)(C)c1cc(-c2cc(C(C)(C)C)cc(C(C)(C)C)c2O)c(O)c(C(C)(C)C)c1,410.642,chemical_551a139d1b44a292,OC12CC3CC(C1)CC(O)(C3)C2,168.236,平衡轮转；非全笛卡尔积,three_components_passed_prototype_gate,未采购未合成；需路线、EHS与供应复核,ledger-007-smipoly-2023;ledger-135-yue-2024-polyuniverse-data;ledger-136-yue-2024-polyuniverse;ledger-137-yue-polyuniverse-code
combo_36063c995ac1f0f0,polyuniverse_dinco_81e1e90ea24f1e711a99,CC(N=C=O)C1(C)CC(N=C=O)CC(C)(C)C1,236.315,chemical_a2cf8157d0f77432,OC(c1cccc(C(O)(C(F)(F)F)C(F)(F)F)c1)(C(F)(F)F)C(F)(F)F,410.154,chemical_831d24f7368b3f75,Cc1cc(-c2cc(C)c(O)c(C)c2)cc(C)c1O,242.318,平衡轮转；非全笛卡尔积,three_components_passed_prototype_gate,未采购未合成；需路线、EHS与供应复核,ledger-007-smipoly-2023;ledger-135-yue-2024-polyuniverse-data;ledger-136-yue-2024-polyuniverse;ledger-137-yue-polyuniverse-code
combo_363f1b9716bbc333,polyuniverse_dinco_20ab49a32ae47e829378,Cc1c(C)c(N=C=O)c(C2CCCCC2)c(C)c1N=C=O,284.359,chemical_b94fa835d3f1bdb8,CC(C)(CO)C1OCC2(CO1)COC(C(C)(C)CO)OC2,304.383,chemical_3635aefc1005d8ad,CC(C)(O)CCC(C)(C)O,146.23,平衡轮转；非全笛卡尔积,three_components_passed_prototype_gate,未采购未合成；需路线、EHS与供应复核,ledger-007-smipoly-2023;ledger-135-yue-2024-polyuniverse-data;ledger-136-yue-2024-polyuniverse;ledger-137-yue-polyuniverse-code
combo_36aaa6e6415257ac,polyuniverse_dinco_72c91e88a4c33aabb96c,O=C=Nc1no[n+]([O-])c1N=C=O,168.068,chemical_e4aa17432292bb19,Cc1cc2c(cc1O)C(C)(C)CC1(CC(C)(C)c3cc(O)c(C)cc3O1)O2,368.473,chemical_dd2ebb8c8aeed446,Oc1ccc2c(O)cccc2c1,160.172,平衡轮转；非全笛卡尔积,three_components_passed_prototype_gate,未采购未合成；需路线、EHS与供应复核,ledger-007-smipoly-2023;ledger-135-yue-2024-polyuniverse-data;ledger-136-yue-2024-polyuniverse;ledger-137-yue-polyuniverse-code
combo_36b9f47816cc306b,polyuniverse_dinco_d6e57fb34f6442032c80,COc1ccc(OC)c(N(c2ccc(N=C=O)cc2)c2ccc(N=C=O)cc2)c1,387.395,chemical_e4aa17432292bb19,Cc1cc2c(cc1O)C(C)(C)CC1(CC(C)(C)c3cc(O)c(C)cc3O1)O2,368.473,chemical_706c38f2fda91d2c,CCC(C)(c1ccc(O)cc1)c1ccc(O)cc1,242.318,平衡轮转；非全笛卡尔积,three_components_passed_prototype_gate,未采购未合成；需路线、EHS与供应复核,ledger-007-smipoly-2023;ledger-135-yue-2024-polyuniverse-data;ledger-136-yue-2024-polyuniverse;ledger-137-yue-polyuniverse-code
combo_370dfb1e46e59154,polyuniverse_dinco_76731ef629e89287c8f8,CC(C)(CCOCN=C=O)OCCC(C)(C)OCN=C=O,300.355,chemical_6364c045bd73da83,Oc1cccc(Oc2ccc(Oc3cccc(O)c3)cc2)c1,294.306,chemical_f25ee56de4366915,O=[N+]([O-])c1cc(CO)ccc1CO,183.163,平衡轮转；非全笛卡尔积,three_components_passed_prototype_gate,未采购未合成；需路线、EHS与供应复核,ledger-007-smipoly-2023;ledger-135-yue-2024-polyuniverse-data;ledger-136-yue-2024-polyuniverse;ledger-137-yue-polyuniverse-code
combo_376585c5ec7d5211,polyuniverse_dinco_e77d8b8eb2abaed0faff,O=C=NC1CCC(N(c2ccccc2)C2CCC(N=C=O)CC2)CC1,339.439,chemical_ff8d497a35fecaa4,OC(C(F)(F)F)(C(F)(F)F)C(O)(C(F)(F)F)C(F)(F)F,334.056,chemical_706c38f2fda91d2c,CCC(C)(c1ccc(O)cc1)c1ccc(O)cc1,242.318,平衡轮转；非全笛卡尔积,three_components_passed_prototype_gate,未采购未合成；需路线、EHS与供应复核,ledger-007-smipoly-2023;ledger-135-yue-2024-polyuniverse-data;ledger-136-yue-2024-polyuniverse;ledger-137-yue-polyuniverse-code
combo_37a8e47c473c1025,polyuniverse_dinco_677d9180682055b9b9f3,O=C=Nc1nc(Cl)nc(N=C=O)n1,197.541,chemical_5e814be594638bdc,OCCCCCCCCCCCCCCCCO,258.446,chemical_551a139d1b44a292,OC12CC3CC(C1)CC(O)(C3)C2,168.236,平衡轮转；非全笛卡尔积,three_components_passed_prototype_gate,未采购未合成；需路线、EHS与供应复核,ledger-007-smipoly-2023;ledger-135-yue-2024-polyuniverse-data;ledger-136-yue-2024-polyuniverse;ledger-137-yue-polyuniverse-code
combo_37c6a2761d418bbf,polyuniverse_dinco_00fa3f3b14ce15566695,CCCCC(C)(N=C=O)C(C)(C)N=C=O,210.277,chemical_6364c045bd73da83,Oc1cccc(Oc2ccc(Oc3cccc(O)c3)cc2)c1,294.306,chemical_5be20976c2a9d662,Oc1c(F)c(F)c(O)c(F)c1F,182.072,平衡轮转；非全笛卡尔积,three_components_passed_prototype_gate,未采购未合成；需路线、EHS与供应复核,ledger-007-smipoly-2023;ledger-135-yue-2024-polyuniverse-data;ledger-136-yue-2024-polyuniverse;ledger-137-yue-polyuniverse-code
combo_37d206492675f201,polyuniverse_dinco_629ef888e16fc71a3a21,CC(CN=C=O)CO[C@@H]1COC2C1OCC2(C)OCC(C)CN=C=O,354.403,chemical_3a566be4d64035e3,Oc1ccc(-c2ccc(O)c(Br)c2)cc1Br,344.002,chemical_2dad29ca9d88607e,OC1CCC(C2CCC(O)CC2)CC1,198.306,平衡轮转；非全笛卡尔积,three_components_passed_prototype_gate,未采购未合成；需路线、EHS与供应复核,ledger-007-smipoly-2023;ledger-135-yue-2024-polyuniverse-data;ledger-136-yue-2024-polyuniverse;ledger-137-yue-polyuniverse-code
combo_37fe0656c04278cf,polyuniverse_dinco_952c8476d31239835550,O=C=NCC1(CN=C=O)CCCC(F)(F)C1(F)F,266.194,chemical_5e814be594638bdc,OCCCCCCCCCCCCCCCCO,258.446,chemical_63c6eb608324eca7,OCC1CC2C3CC(CO)C(C3)C2C1,196.29,平衡轮转；非全笛卡尔积,three_components_passed_prototype_gate,未采购未合成；需路线、EHS与供应复核,ledger-007-smipoly-2023;ledger-135-yue-2024-polyuniverse-data;ledger-136-yue-2024-polyuniverse;ledger-137-yue-polyuniverse-code
combo_3809cbbb8cfd017a,polyuniverse_dinco_a759abc4f1e86d39deed,CC1CC(C)CC(CC2CC(C)C(N=C=O)C(C)(N=C=O)C2)C1,318.461,chemical_5e814be594638bdc,OCCCCCCCCCCCCCCCCO,258.446,chemical_dd2ebb8c8aeed446,Oc1ccc2c(O)cccc2c1,160.172,平衡轮转；非全笛卡尔积,three_components_passed_prototype_gate,未采购未合成；需路线、EHS与供应复核,ledger-007-smipoly-2023;ledger-135-yue-2024-polyuniverse-data;ledger-136-yue-2024-polyuniverse;ledger-137-yue-polyuniverse-code
combo_3901043bbc88312d,polyuniverse_dinco_d9e0e5b183928d0c3023,CC(C)(N=C=O)c1ccc2c(C(C)(C)N=C=O)cccc2c1,294.354,chemical_5e814be594638bdc,OCCCCCCCCCCCCCCCCO,258.446,chemical_551a139d1b44a292,OC12CC3CC(C1)CC(O)(C3)C2,168.236,平衡轮转；非全笛卡尔积,three_components_passed_prototype_gate,未采购未合成；需路线、EHS与供应复核,ledger-007-smipoly-2023;ledger-135-yue-2024-polyuniverse-data;ledger-136-yue-2024-polyuniverse;ledger-137-yue-polyuniverse-code
combo_390cb9d5adb87328,polyuniverse_dinco_01e918a682cd6d3022ac,N#COc1cc(-c2cc(N=C=O)oc2OC#N)c(N=C=O)o1,298.17,chemical_34962dac292231e7,Cc1cc(Cc2cc(C)c(O)c(C)c2)cc(C)c1O,256.345,chemical_7eec20377145fdb7,CC1(C)C(O)C(C)(C)C1O,144.214,平衡轮转；非全笛卡尔积,three_components_passed_prototype_gate,未采购未合成；需路线、EHS与供应复核,ledger-007-smipoly-2023;ledger-135-yue-2024-polyuniverse-data;ledger-136-yue-2024-polyuniverse;ledger-137-yue-polyuniverse-code
combo_394a8afa70286cc1,polyuniverse_dinco_07a134f8e87f85791f77,O=C=NC1CCCC2C3CCC2C1(N=C=O)C3,232.283,chemical_6364c045bd73da83,Oc1cccc(Oc2ccc(Oc3cccc(O)c3)cc2)c1,294.306,chemical_5be20976c2a9d662,Oc1c(F)c(F)c(O)c(F)c1F,182.072,平衡轮转；非全笛卡尔积,three_components_passed_prototype_gate,未采购未合成；需路线、EHS与供应复核,ledger-007-smipoly-2023;ledger-135-yue-2024-polyuniverse-data;ledger-136-yue-2024-polyuniverse;ledger-137-yue-polyuniverse-code
combo_395e53cb0977563c,polyuniverse_dinco_2acbe63b26c33137e286,CC1(N=C=O)CCC(C)(C)C(C)(N=C=O)C1,222.288,chemical_3a566be4d64035e3,Oc1ccc(-c2ccc(O)c(Br)c2)cc1Br,344.002,chemical_7eec20377145fdb7,CC1(C)C(O)C(C)(C)C1O,144.214,平衡轮转；非全笛卡尔积,three_components_passed_prototype_gate,未采购未合成；需路线、EHS与供应复核,ledger-007-smipoly-2023;ledger-135-yue-2024-polyuniverse-data;ledger-136-yue-2024-polyuniverse;ledger-137-yue-polyuniverse-code
combo_397581de2888f177,polyuniverse_dinco_20ab49a32ae47e829378,Cc1c(C)c(N=C=O)c(C2CCCCC2)c(C)c1N=C=O,284.359,chemical_a04b7de5081dd0a5,CC(C)CC(C)(c1ccc(O)cc1)c1ccc(O)cc1,270.372,chemical_2a0d22152800ae85,Oc1ccc(Oc2ccc(O)cc2)cc1,202.209,平衡轮转；非全笛卡尔积,three_components_passed_prototype_gate,未采购未合成；需路线、EHS与供应复核,ledger-007-smipoly-2023;ledger-135-yue-2024-polyuniverse-data;ledger-136-yue-2024-polyuniverse;ledger-137-yue-polyuniverse-code
combo_397ac04fcda0b3c3,polyuniverse_dinco_ff251f80a8e230a05cc3,O=C=NCC(Br)C(CF)N=C=O,237.028,chemical_a2cf8157d0f77432,OC(c1cccc(C(O)(C(F)(F)F)C(F)(F)F)c1)(C(F)(F)F)C(F)(F)F,410.154,chemical_3635aefc1005d8ad,CC(C)(O)CCC(C)(C)O,146.23,平衡轮转；非全笛卡尔积,three_components_passed_prototype_gate,未采购未合成；需路线、EHS与供应复核,ledger-007-smipoly-2023;ledger-135-yue-2024-polyuniverse-data;ledger-136-yue-2024-polyuniverse;ledger-137-yue-polyuniverse-code
combo_39d4a41a9476581c,polyuniverse_dinco_055819dc5371734047d1,N#COC1CCC(CC2CCC(N=C=O)C(CC3CCC(N=C=O)CC3)C2)CC1,399.535,chemical_e4aa17432292bb19,Cc1cc2c(cc1O)C(C)(C)CC1(CC(C)(C)c3cc(O)c(C)cc3O1)O2,368.473,chemical_706c38f2fda91d2c,CCC(C)(c1ccc(O)cc1)c1ccc(O)cc1,242.318,平衡轮转；非全笛卡尔积,three_components_passed_prototype_gate,未采购未合成；需路线、EHS与供应复核,ledger-007-smipoly-2023;ledger-135-yue-2024-polyuniverse-data;ledger-136-yue-2024-polyuniverse;ledger-137-yue-polyuniverse-code
combo_39e32468298c6dc2,polyuniverse_dinco_473f746a39152067a95e,O=C=Nc1ccc(OCC(F)(F)C(F)F)c(N=C=O)c1,290.172,chemical_e34b1bd2b88ad439,CC(C)(c1ccc(O)c(C2CCCCC2)c1)c1ccc(O)c(C2CCCCC2)c1,392.583,chemical_ca5e105838153c99,CCC(CO)CC(CC)CO,160.257,平衡轮转；非全笛卡尔积,three_components_passed_prototype_gate,未采购未合成；需路线、EHS与供应复核,ledger-007-smipoly-2023;ledger-135-yue-2024-polyuniverse-data;ledger-136-yue-2024-polyuniverse;ledger-137-yue-polyuniverse-code
combo_3a37264a0cb81e60,polyuniverse_dinco_61e84547e1c5aa376ad9,O=C=NCC12CC(C3CCCC31)C1C3CCC(C3)C12CN=C=O,312.413,chemical_ff8d497a35fecaa4,OC(C(F)(F)F)(C(F)(F)F)C(O)(C(F)(F)F)C(F)(F)F,334.056,chemical_72b7ed7d3d268fd7,CC(C)CC(CO)(CO)CC(C)C,188.311,平衡轮转；非全笛卡尔积,three_components_passed_prototype_gate,未采购未合成；需路线、EHS与供应复核,ledger-007-smipoly-2023;ledger-135-yue-2024-polyuniverse-data;ledger-136-yue-2024-polyuniverse;ledger-137-yue-polyuniverse-code
combo_3a545a51beb9287c,polyuniverse_dinco_ab4efb95ee1f94419689,Cc1cc2c(c(C)c1N=C=O)C(C)(C)CC21CC(C)(C)c2cc(C)c(N=C=O)c(C)c21,414.549,chemical_ff8d497a35fecaa4,OC(C(F)(F)F)(C(F)(F)F)C(O)(C(F)(F)F)C(F)(F)F,334.056,chemical_75fb481cd45cc100,CCCCC(CC)(CO)CO,160.257,平衡轮转；非全笛卡尔积,three_components_passed_prototype_gate,未采购未合成；需路线、EHS与供应复核,ledger-007-smipoly-2023;ledger-135-yue-2024-polyuniverse-data;ledger-136-yue-2024-polyuniverse;ledger-137-yue-polyuniverse-code
combo_3ae1e24bd268ecfc,polyuniverse_dinco_bffdc5ccff4c002d8304,Cc1cc(CC2CCCCC2N=C=O)cc(N=C=O)c1,270.332,chemical_e4aa17432292bb19,Cc1cc2c(cc1O)C(C)(C)CC1(CC(C)(C)c3cc(O)c(C)cc3O1)O2,368.473,chemical_63c6eb608324eca7,OCC1CC2C3CC(CO)C(C3)C2C1,196.29,平衡轮转；非全笛卡尔积,three_components_passed_prototype_gate,未采购未合成；需路线、EHS与供应复核,ledger-007-smipoly-2023;ledger-135-yue-2024-polyuniverse-data;ledger-136-yue-2024-polyuniverse;ledger-137-yue-polyuniverse-code
combo_3b600f8fa7ac9162,polyuniverse_dinco_f93d4f580beca33f9619,O=C=Nc1cc(N=C=O)cc(OCCCCc2ccco2)c1,298.298,chemical_e4aa17432292bb19,Cc1cc2c(cc1O)C(C)(C)CC1(CC(C)(C)c3cc(O)c(C)cc3O1)O2,368.473,chemical_f25ee56de4366915,O=[N+]([O-])c1cc(CO)ccc1CO,183.163,平衡轮转；非全笛卡尔积,three_components_passed_prototype_gate,未采购未合成；需路线、EHS与供应复核,ledger-007-smipoly-2023;ledger-135-yue-2024-polyuniverse-data;ledger-136-yue-2024-polyuniverse;ledger-137-yue-polyuniverse-code
combo_3b830d249aa7c50b,polyuniverse_dinco_ac4be1eff9a2d8a5bde3,CCCc1cc(C(C)C)c(N=C=O)c(CCC)c1N=C=O,286.375,chemical_0895e6cd5136df6a,OCCOc1ccc(C2(c3ccc(OCCO)cc3)c3ccccc3-c3ccccc32)cc1,438.523,chemical_28a648027cd37607,OCCCCCCCCCO,160.257,平衡轮转；非全笛卡尔积,three_components_passed_prototype_gate,未采购未合成；需路线、EHS与供应复核,ledger-007-smipoly-2023;ledger-135-yue-2024-polyuniverse-data;ledger-136-yue-2024-polyuniverse;ledger-137-yue-polyuniverse-code
combo_3b89f07120e75d12,polyuniverse_dinco_ddc56fe70a91074540ef,CCCCOC(N=C=O)C(CCCCCCl)N=C=O,288.775,chemical_a2cf8157d0f77432,OC(c1cccc(C(O)(C(F)(F)F)C(F)(F)F)c1)(C(F)(F)F)C(F)(F)F,410.154,chemical_7eec20377145fdb7,CC1(C)C(O)C(C)(C)C1O,144.214,平衡轮转；非全笛卡尔积,three_components_passed_prototype_gate,未采购未合成；需路线、EHS与供应复核,ledger-007-smipoly-2023;ledger-135-yue-2024-polyuniverse-data;ledger-136-yue-2024-polyuniverse;ledger-137-yue-polyuniverse-code
combo_3ba97875b419cdec,polyuniverse_dinco_c009c596c9a17cb1e87f,O=C=NCc1c(F)c(F)c(F)c(F)c1CN=C=O,260.146,chemical_3a566be4d64035e3,Oc1ccc(-c2ccc(O)c(Br)c2)cc1Br,344.002,chemical_2dad29ca9d88607e,OC1CCC(C2CCC(O)CC2)CC1,198.306,平衡轮转；非全笛卡尔积,three_components_passed_prototype_gate,未采购未合成；需路线、EHS与供应复核,ledger-007-smipoly-2023;ledger-135-yue-2024-polyuniverse-data;ledger-136-yue-2024-polyuniverse;ledger-137-yue-polyuniverse-code
combo_3bc0b3cf757dfee8,polyuniverse_dinco_e6e130471887a66db2b6,CCOC(N=C=O)(OCC)C(N=C=O)c1ccccc1-c1ccccc1,352.39,chemical_a2cf8157d0f77432,OC(c1cccc(C(O)(C(F)(F)F)C(F)(F)F)c1)(C(F)(F)F)C(F)(F)F,410.154,chemical_3635aefc1005d8ad,CC(C)(O)CCC(C)(C)O,146.23,平衡轮转；非全笛卡尔积,three_components_passed_prototype_gate,未采购未合成；需路线、EHS与供应复核,ledger-007-smipoly-2023;ledger-135-yue-2024-polyuniverse-data;ledger-136-yue-2024-polyuniverse;ledger-137-yue-polyuniverse-code
combo_3be7590066a355ae,polyuniverse_dinco_2337b9bdfd4a7449f5ba,Cc1ccc(-n2nc(C(C)(C)C)c(N=C=O)c2N=C=O)cc1,296.33,chemical_f59a0ec9b5c263ad,CCCCCCCCC(CO)(CO)CCCCCCCC,300.527,chemical_72b7ed7d3d268fd7,CC(C)CC(CO)(CO)CC(C)C,188.311,平衡轮转；非全笛卡尔积,three_components_passed_prototype_gate,未采购未合成；需路线、EHS与供应复核,ledger-007-smipoly-2023;ledger-135-yue-2024-polyuniverse-data;ledger-136-yue-2024-polyuniverse;ledger-137-yue-polyuniverse-code
combo_3c4998dc61ad817e,polyuniverse_dinco_e77d8b8eb2abaed0faff,O=C=NC1CCC(N(c2ccccc2)C2CCC(N=C=O)CC2)CC1,339.439,chemical_e34b1bd2b88ad439,CC(C)(c1ccc(O)c(C2CCCCC2)c1)c1ccc(O)c(C2CCCCC2)c1,392.583,chemical_6ee30a16c1c450ed,OC1CCCCC1O,116.16,平衡轮转；非全笛卡尔积,three_components_passed_prototype_gate,未采购未合成；需路线、EHS与供应复核,ledger-007-smipoly-2023;ledger-135-yue-2024-polyuniverse-data;ledger-136-yue-2024-polyuniverse;ledger-137-yue-polyuniverse-code
combo_3c8d272451c03ba2,polyuniverse_dinco_0321877a48fd93e2fb7d,CCC(N=C=O)OCC(C)(C)COC(CC)N=C=O,270.329,chemical_5e814be594638bdc,OCCCCCCCCCCCCCCCCO,258.446,chemical_c68025b85cef6d56,OCC(CO)OCc1ccccc1,182.219,平衡轮转；非全笛卡尔积,three_components_passed_prototype_gate,未采购未合成；需路线、EHS与供应复核,ledger-007-smipoly-2023;ledger-135-yue-2024-polyuniverse-data;ledger-136-yue-2024-polyuniverse;ledger-137-yue-polyuniverse-code
combo_3cb959df7919e730,polyuniverse_dinco_c842b8dc271bd83c79bd,CC1C(C)C(N=C=O)C(C)(C)C(C)C1N=C=O,236.315,chemical_0895e6cd5136df6a,OCCOc1ccc(C2(c3ccc(OCCO)cc3)c3ccccc3-c3ccccc32)cc1,438.523,chemical_706c38f2fda91d2c,CCC(C)(c1ccc(O)cc1)c1ccc(O)cc1,242.318,平衡轮转；非全笛卡尔积,three_components_passed_prototype_gate,未采购未合成；需路线、EHS与供应复核,ledger-007-smipoly-2023;ledger-135-yue-2024-polyuniverse-data;ledger-136-yue-2024-polyuniverse;ledger-137-yue-polyuniverse-code
combo_3cd1a06f610fdcfb,polyuniverse_dinco_01e918a682cd6d3022ac,N#COc1cc(-c2cc(N=C=O)oc2OC#N)c(N=C=O)o1,298.17,chemical_0895e6cd5136df6a,OCCOc1ccc(C2(c3ccc(OCCO)cc3)c3ccccc3-c3ccccc32)cc1,438.523,chemical_706c38f2fda91d2c,CCC(C)(c1ccc(O)cc1)c1ccc(O)cc1,242.318,平衡轮转；非全笛卡尔积,three_components_passed_prototype_gate,未采购未合成；需路线、EHS与供应复核,ledger-007-smipoly-2023;ledger-135-yue-2024-polyuniverse-data;ledger-136-yue-2024-polyuniverse;ledger-137-yue-polyuniverse-code
combo_3d4acb83fb71585e,polyuniverse_dinco_473f746a39152067a95e,O=C=Nc1ccc(OCC(F)(F)C(F)F)c(N=C=O)c1,290.172,chemical_e4aa17432292bb19,Cc1cc2c(cc1O)C(C)(C)CC1(CC(C)(C)c3cc(O)c(C)cc3O1)O2,368.473,chemical_16bdee252ed11d7a,CC(O)C(C)O,90.122,平衡轮转；非全笛卡尔积,three_components_passed_prototype_gate,未采购未合成；需路线、EHS与供应复核,ledger-007-smipoly-2023;ledger-135-yue-2024-polyuniverse-data;ledger-136-yue-2024-polyuniverse;ledger-137-yue-polyuniverse-code
combo_3ea3e22f02bf3fbf,polyuniverse_dinco_29fcbdd3c8cf8655b397,CCCCC(CC)(CCC)CC1(N=C=O)CCC(C)C(N=C=O)C1,334.504,chemical_e4aa17432292bb19,Cc1cc2c(cc1O)C(C)(C)CC1(CC(C)(C)c3cc(O)c(C)cc3O1)O2,368.473,chemical_dd2ebb8c8aeed446,Oc1ccc2c(O)cccc2c1,160.172,平衡轮转；非全笛卡尔积,three_components_passed_prototype_gate,未采购未合成；需路线、EHS与供应复核,ledger-007-smipoly-2023;ledger-135-yue-2024-polyuniverse-data;ledger-136-yue-2024-polyuniverse;ledger-137-yue-polyuniverse-code
combo_3eb77c1b10bb04c0,polyuniverse_dinco_a78553c2197b427a0d60,CC(N=C=O)OC1CC2CCC1(OC(C)N=C=O)CC2,280.324,chemical_a2cf8157d0f77432,OC(c1cccc(C(O)(C(F)(F)F)C(F)(F)F)c1)(C(F)(F)F)C(F)(F)F,410.154,chemical_48e0f37b8f35d22d,Cc1c(C)c(CO)c(C)c(C)c1CO,194.274,平衡轮转；非全笛卡尔积,three_components_passed_prototype_gate,未采购未合成；需路线、EHS与供应复核,ledger-007-smipoly-2023;ledger-135-yue-2024-polyuniverse-data;ledger-136-yue-2024-polyuniverse;ledger-137-yue-polyuniverse-code
combo_3ec1bcd705c10706,polyuniverse_dinco_6037461e6c665445a257,CCCC1(CN=C=O)CC(C)CC1CN=C=O,236.315,chemical_6364c045bd73da83,Oc1cccc(Oc2ccc(Oc3cccc(O)c3)cc2)c1,294.306,chemical_ca5e105838153c99,CCC(CO)CC(CC)CO,160.257,平衡轮转；非全笛卡尔积,three_components_passed_prototype_gate,未采购未合成；需路线、EHS与供应复核,ledger-007-smipoly-2023;ledger-135-yue-2024-polyuniverse-data;ledger-136-yue-2024-polyuniverse;ledger-137-yue-polyuniverse-code
combo_3f0834138735c038,polyuniverse_dinco_4bd62448d543828bc87c,CC(C)CC(CC(C)C)(CC(CC(C)C)(CC(C)C)N=C=O)N=C=O,350.547,chemical_986d2a218ca14417,OCC(F)(F)C(F)(F)C(F)(F)C(F)(F)C(F)(F)C(F)(F)CO,362.11,chemical_2dad29ca9d88607e,OC1CCC(C2CCC(O)CC2)CC1,198.306,平衡轮转；非全笛卡尔积,three_components_passed_prototype_gate,未采购未合成；需路线、EHS与供应复核,ledger-007-smipoly-2023;ledger-135-yue-2024-polyuniverse-data;ledger-136-yue-2024-polyuniverse;ledger-137-yue-polyuniverse-code
combo_3f569bf2bc6c50de,polyuniverse_dinco_24471fc1c458b69a01cd,O=C=NC1CC(N=C=O)C2CCCc3cccc1c32,254.289,chemical_6364c045bd73da83,Oc1cccc(Oc2ccc(Oc3cccc(O)c3)cc2)c1,294.306,chemical_6ee30a16c1c450ed,OC1CCCCC1O,116.16,平衡轮转；非全笛卡尔积,three_components_passed_prototype_gate,未采购未合成；需路线、EHS与供应复核,ledger-007-smipoly-2023;ledger-135-yue-2024-polyuniverse-data;ledger-136-yue-2024-polyuniverse;ledger-137-yue-polyuniverse-code
combo_3f7702e51d19e81f,polyuniverse_dinco_a5809ed0bb50011d11e7,CC(C)c1ncc(F)c(C(C)CC2Cc3c(nc4c(c3N=C=O)CCC4)C2C)c1N=C=O,434.515,chemical_34962dac292231e7,Cc1cc(Cc2cc(C)c(O)c(C)c2)cc(C)c1O,256.345,chemical_7eec20377145fdb7,CC1(C)C(O)C(C)(C)C1O,144.214,平衡轮转；非全笛卡尔积,three_components_passed_prototype_gate,未采购未合成；需路线、EHS与供应复核,ledger-007-smipoly-2023;ledger-135-yue-2024-polyuniverse-data;ledger-136-yue-2024-polyuniverse;ledger-137-yue-polyuniverse-code
combo_3fc8a8b611399e81,polyuniverse_dinco_41dd7d9f5ae04dca84b5,O=C=NC1(Cl)CCCCC1(Cl)CC1(Cl)CCCCC1(Cl)N=C=O,400.133,chemical_34962dac292231e7,Cc1cc(Cc2cc(C)c(O)c(C)c2)cc(C)c1O,256.345,chemical_2a0d22152800ae85,Oc1ccc(Oc2ccc(O)cc2)cc1,202.209,平衡轮转；非全笛卡尔积,three_components_passed_prototype_gate,未采购未合成；需路线、EHS与供应复核,ledger-007-smipoly-2023;ledger-135-yue-2024-polyuniverse-data;ledger-136-yue-2024-polyuniverse;ledger-137-yue-polyuniverse-code
combo_3fd8e38dace48d74,polyuniverse_dinco_4716b4743a5baa106de3,O=C=Nc1cc2cccc(N=C=O)c2nc1-c1cccc(OC(F)(F)F)c1,371.274,chemical_b94fa835d3f1bdb8,CC(C)(CO)C1OCC2(CO1)COC(C(C)(C)CO)OC2,304.383,chemical_831d24f7368b3f75,Cc1cc(-c2cc(C)c(O)c(C)c2)cc(C)c1O,242.318,平衡轮转；非全笛卡尔积,three_components_passed_prototype_gate,未采购未合成；需路线、EHS与供应复核,ledger-007-smipoly-2023;ledger-135-yue-2024-polyuniverse-data;ledger-136-yue-2024-polyuniverse;ledger-137-yue-polyuniverse-code
combo_4047b22327670945,polyuniverse_dinco_3cd70e5831ba4d233e46,CCCCCCC1(CCCCCC)c2cc(N=C=O)ccc2-c2ccc(N=C=O)cc21,416.565,chemical_ff8d497a35fecaa4,OC(C(F)(F)F)(C(F)(F)F)C(O)(C(F)(F)F)C(F)(F)F,334.056,chemical_75fb481cd45cc100,CCCCC(CC)(CO)CO,160.257,平衡轮转；非全笛卡尔积,three_components_passed_prototype_gate,未采购未合成；需路线、EHS与供应复核,ledger-007-smipoly-2023;ledger-135-yue-2024-polyuniverse-data;ledger-136-yue-2024-polyuniverse;ledger-137-yue-polyuniverse-code
combo_40b484dc27b1fa4f,polyuniverse_dinco_c1050e20fc33beb7e09a,CC(CCN=C=O)CC(C)C(C)N=C=O,210.277,chemical_5e814be594638bdc,OCCCCCCCCCCCCCCCCO,258.446,chemical_5be20976c2a9d662,Oc1c(F)c(F)c(O)c(F)c1F,182.072,平衡轮转；非全笛卡尔积,three_components_passed_prototype_gate,未采购未合成；需路线、EHS与供应复核,ledger-007-smipoly-2023;ledger-135-yue-2024-polyuniverse-data;ledger-136-yue-2024-polyuniverse;ledger-137-yue-polyuniverse-code
combo_40d8ab59266eed87,polyuniverse_dinco_5869c3b07285b5b309da,CC(C)(CC1CCC(C(C)(C)N=C=O)C1)N=C=O,250.342,chemical_e34b1bd2b88ad439,CC(C)(c1ccc(O)c(C2CCCCC2)c1)c1ccc(O)c(C2CCCCC2)c1,392.583,chemical_f25ee56de4366915,O=[N+]([O-])c1cc(CO)ccc1CO,183.163,平衡轮转；非全笛卡尔积,three_components_passed_prototype_gate,未采购未合成；需路线、EHS与供应复核,ledger-007-smipoly-2023;ledger-135-yue-2024-polyuniverse-data;ledger-136-yue-2024-polyuniverse;ledger-137-yue-polyuniverse-code
combo_40e408ecbc91a0cf,polyuniverse_dinco_473f746a39152067a95e,O=C=Nc1ccc(OCC(F)(F)C(F)F)c(N=C=O)c1,290.172,chemical_e4aa17432292bb19,Cc1cc2c(cc1O)C(C)(C)CC1(CC(C)(C)c3cc(O)c(C)cc3O1)O2,368.473,chemical_dd2ebb8c8aeed446,Oc1ccc2c(O)cccc2c1,160.172,平衡轮转；非全笛卡尔积,three_components_passed_prototype_gate,未采购未合成；需路线、EHS与供应复核,ledger-007-smipoly-2023;ledger-135-yue-2024-polyuniverse-data;ledger-136-yue-2024-polyuniverse;ledger-137-yue-polyuniverse-code
combo_412aa3949422bd11,polyuniverse_dinco_c842b8dc271bd83c79bd,CC1C(C)C(N=C=O)C(C)(C)C(C)C1N=C=O,236.315,chemical_1f862d0fb910ec42,Oc1ccc(C2(c3ccc(O)cc3)CCCCC2)cc1,268.356,chemical_75fb481cd45cc100,CCCCC(CC)(CO)CO,160.257,平衡轮转；非全笛卡尔积,three_components_passed_prototype_gate,未采购未合成；需路线、EHS与供应复核,ledger-007-smipoly-2023;ledger-135-yue-2024-polyuniverse-data;ledger-136-yue-2024-polyuniverse;ledger-137-yue-polyuniverse-code
combo_415c5d3077f7c535,polyuniverse_dinco_b942aa905763bb430945,CCCC1(CC(C)N=C=O)CCC(C)(C(C)(C)CC(C)(C)N=C=O)C1,348.531,chemical_3a566be4d64035e3,Oc1ccc(-c2ccc(O)c(Br)c2)cc1Br,344.002,chemical_831d24f7368b3f75,Cc1cc(-c2cc(C)c(O)c(C)c2)cc(C)c1O,242.318,平衡轮转；非全笛卡尔积,three_components_passed_prototype_gate,未采购未合成；需路线、EHS与供应复核,ledger-007-smipoly-2023;ledger-135-yue-2024-polyuniverse-data;ledger-136-yue-2024-polyuniverse;ledger-137-yue-polyuniverse-code
combo_4167cae5d90d15a6,polyuniverse_dinco_e191aa437a5bb122583c,CCC(CC12CCC(C1)C(N=C=O)C2)N=C=O,234.299,chemical_e4aa17432292bb19,Cc1cc2c(cc1O)C(C)(C)CC1(CC(C)(C)c3cc(O)c(C)cc3O1)O2,368.473,chemical_16bdee252ed11d7a,CC(O)C(C)O,90.122,平衡轮转；非全笛卡尔积,three_components_passed_prototype_gate,未采购未合成；需路线、EHS与供应复核,ledger-007-smipoly-2023;ledger-135-yue-2024-polyuniverse-data;ledger-136-yue-2024-polyuniverse;ledger-137-yue-polyuniverse-code
combo_417f91e0079e16d6,polyuniverse_dinco_7416e04e1592ed966a70,O=C=NCC1COC(CN=C=O)O1,184.151,chemical_0895e6cd5136df6a,OCCOc1ccc(C2(c3ccc(OCCO)cc3)c3ccccc3-c3ccccc32)cc1,438.523,chemical_72b7ed7d3d268fd7,CC(C)CC(CO)(CO)CC(C)C,188.311,平衡轮转；非全笛卡尔积,three_components_passed_prototype_gate,未采购未合成；需路线、EHS与供应复核,ledger-007-smipoly-2023;ledger-135-yue-2024-polyuniverse-data;ledger-136-yue-2024-polyuniverse;ledger-137-yue-polyuniverse-code
combo_41dcb549e3e30f2c,polyuniverse_dinco_e9c64a150258b8ae2353,O=C=NC(F)C(F)(F)C(F)(F)N=C=O,216.065,chemical_1f862d0fb910ec42,Oc1ccc(C2(c3ccc(O)cc3)CCCCC2)cc1,268.356,chemical_2a0d22152800ae85,Oc1ccc(Oc2ccc(O)cc2)cc1,202.209,平衡轮转；非全笛卡尔积,three_components_passed_prototype_gate,未采购未合成；需路线、EHS与供应复核,ledger-007-smipoly-2023;ledger-135-yue-2024-polyuniverse-data;ledger-136-yue-2024-polyuniverse;ledger-137-yue-polyuniverse-code
combo_41f4f1d438782a3e,polyuniverse_dinco_c842b8dc271bd83c79bd,CC1C(C)C(N=C=O)C(C)(C)C(C)C1N=C=O,236.315,chemical_34962dac292231e7,Cc1cc(Cc2cc(C)c(O)c(C)c2)cc(C)c1O,256.345,chemical_7eec20377145fdb7,CC1(C)C(O)C(C)(C)C1O,144.214,平衡轮转；非全笛卡尔积,three_components_passed_prototype_gate,未采购未合成；需路线、EHS与供应复核,ledger-007-smipoly-2023;ledger-135-yue-2024-polyuniverse-data;ledger-136-yue-2024-polyuniverse;ledger-137-yue-polyuniverse-code
combo_420e038fe334249a,polyuniverse_dinco_7bf0d3c1efc36d46299a,O=C=NCCCC(CN=C=O)CC12CCC(CC1)C2,262.353,chemical_0895e6cd5136df6a,OCCOc1ccc(C2(c3ccc(OCCO)cc3)c3ccccc3-c3ccccc32)cc1,438.523,chemical_28a648027cd37607,OCCCCCCCCCO,160.257,平衡轮转；非全笛卡尔积,three_components_passed_prototype_gate,未采购未合成；需路线、EHS与供应复核,ledger-007-smipoly-2023;ledger-135-yue-2024-polyuniverse-data;ledger-136-yue-2024-polyuniverse;ledger-137-yue-polyuniverse-code
combo_422a2c4548361e31,polyuniverse_dinco_01a65934dd666174775c,O=C=NCCC1CC2CC1C1CCC(CCN=C=O)C21,274.364,chemical_e4aa17432292bb19,Cc1cc2c(cc1O)C(C)(C)CC1(CC(C)(C)c3cc(O)c(C)cc3O1)O2,368.473,chemical_f25ee56de4366915,O=[N+]([O-])c1cc(CO)ccc1CO,183.163,平衡轮转；非全笛卡尔积,three_components_passed_prototype_gate,未采购未合成；需路线、EHS与供应复核,ledger-007-smipoly-2023;ledger-135-yue-2024-polyuniverse-data;ledger-136-yue-2024-polyuniverse;ledger-137-yue-polyuniverse-code
combo_4260f2a6992d5516,polyuniverse_dinco_92d8be6885e141a4524f,Cc1ccc(Cc2ccc(Cl)cc2)c(N=C=O)c1N=C=O,298.729,chemical_e4aa17432292bb19,Cc1cc2c(cc1O)C(C)(C)CC1(CC(C)(C)c3cc(O)c(C)cc3O1)O2,368.473,chemical_706c38f2fda91d2c,CCC(C)(c1ccc(O)cc1)c1ccc(O)cc1,242.318,平衡轮转；非全笛卡尔积,three_components_passed_prototype_gate,未采购未合成；需路线、EHS与供应复核,ledger-007-smipoly-2023;ledger-135-yue-2024-polyuniverse-data;ledger-136-yue-2024-polyuniverse;ledger-137-yue-polyuniverse-code
combo_4263b3866df0d372,polyuniverse_dinco_2337b9bdfd4a7449f5ba,Cc1ccc(-n2nc(C(C)(C)C)c(N=C=O)c2N=C=O)cc1,296.33,chemical_f59a0ec9b5c263ad,CCCCCCCCC(CO)(CO)CCCCCCCC,300.527,chemical_6ee30a16c1c450ed,OC1CCCCC1O,116.16,平衡轮转；非全笛卡尔积,three_components_passed_prototype_gate,未采购未合成；需路线、EHS与供应复核,ledger-007-smipoly-2023;ledger-135-yue-2024-polyuniverse-data;ledger-136-yue-2024-polyuniverse;ledger-137-yue-polyuniverse-code
combo_4280130786504545,polyuniverse_dinco_055819dc5371734047d1,N#COC1CCC(CC2CCC(N=C=O)C(CC3CCC(N=C=O)CC3)C2)CC1,399.535,chemical_e34b1bd2b88ad439,CC(C)(c1ccc(O)c(C2CCCCC2)c1)c1ccc(O)c(C2CCCCC2)c1,392.583,chemical_5be20976c2a9d662,Oc1c(F)c(F)c(O)c(F)c1F,182.072,平衡轮转；非全笛卡尔积,three_components_passed_prototype_gate,未采购未合成；需路线、EHS与供应复核,ledger-007-smipoly-2023;ledger-135-yue-2024-polyuniverse-data;ledger-136-yue-2024-polyuniverse;ledger-137-yue-polyuniverse-code
combo_435e8c225584ec0c,polyuniverse_dinco_2337b9bdfd4a7449f5ba,Cc1ccc(-n2nc(C(C)(C)C)c(N=C=O)c2N=C=O)cc1,296.33,chemical_e4aa17432292bb19,Cc1cc2c(cc1O)C(C)(C)CC1(CC(C)(C)c3cc(O)c(C)cc3O1)O2,368.473,chemical_706c38f2fda91d2c,CCC(C)(c1ccc(O)cc1)c1ccc(O)cc1,242.318,平衡轮转；非全笛卡尔积,three_components_passed_prototype_gate,未采购未合成；需路线、EHS与供应复核,ledger-007-smipoly-2023;ledger-135-yue-2024-polyuniverse-data;ledger-136-yue-2024-polyuniverse;ledger-137-yue-polyuniverse-code
combo_4366c6fd84b17aed,polyuniverse_dinco_629ef888e16fc71a3a21,CC(CN=C=O)CO[C@@H]1COC2C1OCC2(C)OCC(C)CN=C=O,354.403,chemical_34962dac292231e7,Cc1cc(Cc2cc(C)c(O)c(C)c2)cc(C)c1O,256.345,chemical_2a0d22152800ae85,Oc1ccc(Oc2ccc(O)cc2)cc1,202.209,平衡轮转；非全笛卡尔积,three_components_passed_prototype_gate,未采购未合成；需路线、EHS与供应复核,ledger-007-smipoly-2023;ledger-135-yue-2024-polyuniverse-data;ledger-136-yue-2024-polyuniverse;ledger-137-yue-polyuniverse-code
combo_4385f206f9ba01f7,polyuniverse_dinco_6037461e6c665445a257,CCCC1(CN=C=O)CC(C)CC1CN=C=O,236.315,chemical_694871d5e95b7370,Oc1c(F)c(F)c(-c2c(F)c(F)c(O)c(F)c2F)c(F)c1F,330.13,chemical_dd2ebb8c8aeed446,Oc1ccc2c(O)cccc2c1,160.172,平衡轮转；非全笛卡尔积,three_components_passed_prototype_gate,未采购未合成；需路线、EHS与供应复核,ledger-007-smipoly-2023;ledger-135-yue-2024-polyuniverse-data;ledger-136-yue-2024-polyuniverse;ledger-137-yue-polyuniverse-code
combo_438b5213f64ae9cb,polyuniverse_dinco_0321877a48fd93e2fb7d,CCC(N=C=O)OCC(C)(C)COC(CC)N=C=O,270.329,chemical_5e814be594638bdc,OCCCCCCCCCCCCCCCCO,258.446,chemical_dd2ebb8c8aeed446,Oc1ccc2c(O)cccc2c1,160.172,平衡轮转；非全笛卡尔积,three_components_passed_prototype_gate,未采购未合成；需路线、EHS与供应复核,ledger-007-smipoly-2023;ledger-135-yue-2024-polyuniverse-data;ledger-136-yue-2024-polyuniverse;ledger-137-yue-polyuniverse-code
combo_43e41c91fe358ed5,polyuniverse_dinco_36587639e34b8082240f,N#COCC12CC(CCCN=C=O)C(CC1CCN=C=O)C2,303.362,chemical_a04b7de5081dd0a5,CC(C)CC(C)(c1ccc(O)cc1)c1ccc(O)cc1,270.372,chemical_3635aefc1005d8ad,CC(C)(O)CCC(C)(C)O,146.23,平衡轮转；非全笛卡尔积,three_components_passed_prototype_gate,未采购未合成；需路线、EHS与供应复核,ledger-007-smipoly-2023;ledger-135-yue-2024-polyuniverse-data;ledger-136-yue-2024-polyuniverse;ledger-137-yue-polyuniverse-code
combo_4466c0b3de92ed35,polyuniverse_dinco_bffdc5ccff4c002d8304,Cc1cc(CC2CCCCC2N=C=O)cc(N=C=O)c1,270.332,chemical_e34b1bd2b88ad439,CC(C)(c1ccc(O)c(C2CCCCC2)c1)c1ccc(O)c(C2CCCCC2)c1,392.583,chemical_63c6eb608324eca7,OCC1CC2C3CC(CO)C(C3)C2C1,196.29,平衡轮转；非全笛卡尔积,three_components_passed_prototype_gate,未采购未合成；需路线、EHS与供应复核,ledger-007-smipoly-2023;ledger-135-yue-2024-polyuniverse-data;ledger-136-yue-2024-polyuniverse;ledger-137-yue-polyuniverse-code
combo_446714849575a91d,polyuniverse_dinco_76731ef629e89287c8f8,CC(C)(CCOCN=C=O)OCCC(C)(C)OCN=C=O,300.355,chemical_58b2613823466190,CC(C)(C)c1cc(-c2cc(C(C)(C)C)cc(C(C)(C)C)c2O)c(O)c(C(C)(C)C)c1,410.642,chemical_c68025b85cef6d56,OCC(CO)OCc1ccccc1,182.219,平衡轮转；非全笛卡尔积,three_components_passed_prototype_gate,未采购未合成；需路线、EHS与供应复核,ledger-007-smipoly-2023;ledger-135-yue-2024-polyuniverse-data;ledger-136-yue-2024-polyuniverse;ledger-137-yue-polyuniverse-code
combo_4584bad3cf85861b,polyuniverse_dinco_01a65934dd666174775c,O=C=NCCC1CC2CC1C1CCC(CCN=C=O)C21,274.364,chemical_f59a0ec9b5c263ad,CCCCCCCCC(CO)(CO)CCCCCCCC,300.527,chemical_1ace6e6abb3b5be3,Oc1ccc(O)c2c1C1CCC2C1,176.215,平衡轮转；非全笛卡尔积,three_components_passed_prototype_gate,未采购未合成；需路线、EHS与供应复核,ledger-007-smipoly-2023;ledger-135-yue-2024-polyuniverse-data;ledger-136-yue-2024-polyuniverse;ledger-137-yue-polyuniverse-code
combo_458bc5dc616c9508,polyuniverse_dinco_d99b46b0b115b20a069f,CC1(C)CC(C)(CN=C=O)C(C2CCCCC2)C(N=C=O)(C2CCCCC2)C1,386.58,chemical_0895e6cd5136df6a,OCCOc1ccc(C2(c3ccc(OCCO)cc3)c3ccccc3-c3ccccc32)cc1,438.523,chemical_28a648027cd37607,OCCCCCCCCCO,160.257,平衡轮转；非全笛卡尔积,three_components_passed_prototype_gate,未采购未合成；需路线、EHS与供应复核,ledger-007-smipoly-2023;ledger-135-yue-2024-polyuniverse-data;ledger-136-yue-2024-polyuniverse;ledger-137-yue-polyuniverse-code
combo_45c422913e15f0fe,polyuniverse_dinco_629ef888e16fc71a3a21,CC(CN=C=O)CO[C@@H]1COC2C1OCC2(C)OCC(C)CN=C=O,354.403,chemical_0895e6cd5136df6a,OCCOc1ccc(C2(c3ccc(OCCO)cc3)c3ccccc3-c3ccccc32)cc1,438.523,chemical_16bdee252ed11d7a,CC(O)C(C)O,90.122,平衡轮转；非全笛卡尔积,three_components_passed_prototype_gate,未采购未合成；需路线、EHS与供应复核,ledger-007-smipoly-2023;ledger-135-yue-2024-polyuniverse-data;ledger-136-yue-2024-polyuniverse;ledger-137-yue-polyuniverse-code
combo_45cb047b09e1b731,polyuniverse_dinco_6a887a4fc6e3f56dee69,N#COCC(CN=C=O)(CN=C=O)COC#N,236.187,chemical_986d2a218ca14417,OCC(F)(F)C(F)(F)C(F)(F)C(F)(F)C(F)(F)C(F)(F)CO,362.11,chemical_7eec20377145fdb7,CC1(C)C(O)C(C)(C)C1O,144.214,平衡轮转；非全笛卡尔积,three_components_passed_prototype_gate,未采购未合成；需路线、EHS与供应复核,ledger-007-smipoly-2023;ledger-135-yue-2024-polyuniverse-data;ledger-136-yue-2024-polyuniverse;ledger-137-yue-polyuniverse-code
combo_45e1cce7b115d7f1,polyuniverse_dinco_0682742a99d644d48f6f,CC(c1ccc(N=C=O)o1)c1ccc(N=C=O)o1,244.206,chemical_3a566be4d64035e3,Oc1ccc(-c2ccc(O)c(Br)c2)cc1Br,344.002,chemical_2a0d22152800ae85,Oc1ccc(Oc2ccc(O)cc2)cc1,202.209,平衡轮转；非全笛卡尔积,three_components_passed_prototype_gate,未采购未合成；需路线、EHS与供应复核,ledger-007-smipoly-2023;ledger-135-yue-2024-polyuniverse-data;ledger-136-yue-2024-polyuniverse;ledger-137-yue-polyuniverse-code
combo_45e42879ddd2a4a3,polyuniverse_dinco_f93d4f580beca33f9619,O=C=Nc1cc(N=C=O)cc(OCCCCc2ccco2)c1,298.298,chemical_ff8d497a35fecaa4,OC(C(F)(F)F)(C(F)(F)F)C(O)(C(F)(F)F)C(F)(F)F,334.056,chemical_28a648027cd37607,OCCCCCCCCCO,160.257,平衡轮转；非全笛卡尔积,three_components_passed_prototype_gate,未采购未合成；需路线、EHS与供应复核,ledger-007-smipoly-2023;ledger-135-yue-2024-polyuniverse-data;ledger-136-yue-2024-polyuniverse;ledger-137-yue-polyuniverse-code
combo_461424cf1fcddc6a,polyuniverse_dinco_854f6f15dafaadb28034,O=C=Nc1ccc2c([nH]c3ccccc32)c1N=C=O,249.229,chemical_1f862d0fb910ec42,Oc1ccc(C2(c3ccc(O)cc3)CCCCC2)cc1,268.356,chemical_75fb481cd45cc100,CCCCC(CC)(CO)CO,160.257,平衡轮转；非全笛卡尔积,three_components_passed_prototype_gate,未采购未合成；需路线、EHS与供应复核,ledger-007-smipoly-2023;ledger-135-yue-2024-polyuniverse-data;ledger-136-yue-2024-polyuniverse;ledger-137-yue-polyuniverse-code
combo_46784afe418441e9,polyuniverse_dinco_b03d7a2243c8c46ba34f,O=C=Nc1c(F)cc(Oc2cc(F)c(N=C=O)c(F)c2)cc1F,324.189,chemical_a2cf8157d0f77432,OC(c1cccc(C(O)(C(F)(F)F)C(F)(F)F)c1)(C(F)(F)F)C(F)(F)F,410.154,chemical_9a89f0adbd70529b,OCC(F)(F)C(F)(F)C(F)(F)CO,212.089,平衡轮转；非全笛卡尔积,three_components_passed_prototype_gate,未采购未合成；需路线、EHS与供应复核,ledger-007-smipoly-2023;ledger-135-yue-2024-polyuniverse-data;ledger-136-yue-2024-polyuniverse;ledger-137-yue-polyuniverse-code
combo_46b266719ad0d1fb,polyuniverse_dinco_0682742a99d644d48f6f,CC(c1ccc(N=C=O)o1)c1ccc(N=C=O)o1,244.206,chemical_34962dac292231e7,Cc1cc(Cc2cc(C)c(O)c(C)c2)cc(C)c1O,256.345,chemical_28a648027cd37607,OCCCCCCCCCO,160.257,平衡轮转；非全笛卡尔积,three_components_passed_prototype_gate,未采购未合成；需路线、EHS与供应复核,ledger-007-smipoly-2023;ledger-135-yue-2024-polyuniverse-data;ledger-136-yue-2024-polyuniverse;ledger-137-yue-polyuniverse-code
combo_46de44108d420970,polyuniverse_dinco_3cd70e5831ba4d233e46,CCCCCCC1(CCCCCC)c2cc(N=C=O)ccc2-c2ccc(N=C=O)cc21,416.565,chemical_ff8d497a35fecaa4,OC(C(F)(F)F)(C(F)(F)F)C(O)(C(F)(F)F)C(F)(F)F,334.056,chemical_706c38f2fda91d2c,CCC(C)(c1ccc(O)cc1)c1ccc(O)cc1,242.318,平衡轮转；非全笛卡尔积,three_components_passed_prototype_gate,未采购未合成；需路线、EHS与供应复核,ledger-007-smipoly-2023;ledger-135-yue-2024-polyuniverse-data;ledger-136-yue-2024-polyuniverse;ledger-137-yue-polyuniverse-code
combo_46e093f40e509acd,polyuniverse_dinco_8a880932a5a3f4f0ae1c,CC1CC(N=C=O)CCC1C1CC(C)(C)C(N=C=O)CC1C,304.434,chemical_694871d5e95b7370,Oc1c(F)c(F)c(-c2c(F)c(F)c(O)c(F)c2F)c(F)c1F,330.13,chemical_16bdee252ed11d7a,CC(O)C(C)O,90.122,平衡轮转；非全笛卡尔积,three_components_passed_prototype_gate,未采购未合成；需路线、EHS与供应复核,ledger-007-smipoly-2023;ledger-135-yue-2024-polyuniverse-data;ledger-136-yue-2024-polyuniverse;ledger-137-yue-polyuniverse-code
combo_46e6d6d2f39dc6b1,polyuniverse_dinco_7df67f418ef75f339395,CC1CC(N=C=O)C(N=C=O)(C(C)C)C(c2ccccc2)(c2ccccc2)C1,374.484,chemical_6364c045bd73da83,Oc1cccc(Oc2ccc(Oc3cccc(O)c3)cc2)c1,294.306,chemical_5be20976c2a9d662,Oc1c(F)c(F)c(O)c(F)c1F,182.072,平衡轮转；非全笛卡尔积,three_components_passed_prototype_gate,未采购未合成；需路线、EHS与供应复核,ledger-007-smipoly-2023;ledger-135-yue-2024-polyuniverse-data;ledger-136-yue-2024-polyuniverse;ledger-137-yue-polyuniverse-code
combo_46ec8031c2165716,polyuniverse_dinco_e77d8b8eb2abaed0faff,O=C=NC1CCC(N(c2ccccc2)C2CCC(N=C=O)CC2)CC1,339.439,chemical_e34b1bd2b88ad439,CC(C)(c1ccc(O)c(C2CCCCC2)c1)c1ccc(O)c(C2CCCCC2)c1,392.583,chemical_5be20976c2a9d662,Oc1c(F)c(F)c(O)c(F)c1F,182.072,平衡轮转；非全笛卡尔积,three_components_passed_prototype_gate,未采购未合成；需路线、EHS与供应复核,ledger-007-smipoly-2023;ledger-135-yue-2024-polyuniverse-data;ledger-136-yue-2024-polyuniverse;ledger-137-yue-polyuniverse-code
combo_473be76fb57178c2,polyuniverse_dinco_ab4efb95ee1f94419689,Cc1cc2c(c(C)c1N=C=O)C(C)(C)CC21CC(C)(C)c2cc(C)c(N=C=O)c(C)c21,414.549,chemical_e34b1bd2b88ad439,CC(C)(c1ccc(O)c(C2CCCCC2)c1)c1ccc(O)c(C2CCCCC2)c1,392.583,chemical_63c6eb608324eca7,OCC1CC2C3CC(CO)C(C3)C2C1,196.29,平衡轮转；非全笛卡尔积,three_components_passed_prototype_gate,未采购未合成；需路线、EHS与供应复核,ledger-007-smipoly-2023;ledger-135-yue-2024-polyuniverse-data;ledger-136-yue-2024-polyuniverse;ledger-137-yue-polyuniverse-code
combo_474a06d5d9564267,polyuniverse_dinco_016bfd4c165aa545a7db,Cc1c(CCCCCCN=C=O)cccc1N=C=O,258.321,chemical_b94fa835d3f1bdb8,CC(C)(CO)C1OCC2(CO1)COC(C(C)(C)CO)OC2,304.383,chemical_bacbda6c95c1bb67,Cc1ccc(O)c(Cc2cc(C)ccc2O)c1,228.291,平衡轮转；非全笛卡尔积,three_components_passed_prototype_gate,未采购未合成；需路线、EHS与供应复核,ledger-007-smipoly-2023;ledger-135-yue-2024-polyuniverse-data;ledger-136-yue-2024-polyuniverse;ledger-137-yue-polyuniverse-code
combo_474bda570b78e457,polyuniverse_dinco_b03d7a2243c8c46ba34f,O=C=Nc1c(F)cc(Oc2cc(F)c(N=C=O)c(F)c2)cc1F,324.189,chemical_a04b7de5081dd0a5,CC(C)CC(C)(c1ccc(O)cc1)c1ccc(O)cc1,270.372,chemical_831d24f7368b3f75,Cc1cc(-c2cc(C)c(O)c(C)c2)cc(C)c1O,242.318,平衡轮转；非全笛卡尔积,three_components_passed_prototype_gate,未采购未合成；需路线、EHS与供应复核,ledger-007-smipoly-2023;ledger-135-yue-2024-polyuniverse-data;ledger-136-yue-2024-polyuniverse;ledger-137-yue-polyuniverse-code
combo_475965574e67ef27,polyuniverse_dinco_a5809ed0bb50011d11e7,CC(C)c1ncc(F)c(C(C)CC2Cc3c(nc4c(c3N=C=O)CCC4)C2C)c1N=C=O,434.515,chemical_1f862d0fb910ec42,Oc1ccc(C2(c3ccc(O)cc3)CCCCC2)cc1,268.356,chemical_75fb481cd45cc100,CCCCC(CC)(CO)CO,160.257,平衡轮转；非全笛卡尔积,three_components_passed_prototype_gate,未采购未合成；需路线、EHS与供应复核,ledger-007-smipoly-2023;ledger-135-yue-2024-polyuniverse-data;ledger-136-yue-2024-polyuniverse;ledger-137-yue-polyuniverse-code
combo_475dcdbb735aaeef,polyuniverse_dinco_1d6acf47e4862fbbcc32,Cc1cc(N=C=O)ncc1N=C=O,175.147,chemical_0895e6cd5136df6a,OCCOc1ccc(C2(c3ccc(OCCO)cc3)c3ccccc3-c3ccccc32)cc1,438.523,chemical_72b7ed7d3d268fd7,CC(C)CC(CO)(CO)CC(C)C,188.311,平衡轮转；非全笛卡尔积,three_components_passed_prototype_gate,未采购未合成；需路线、EHS与供应复核,ledger-007-smipoly-2023;ledger-135-yue-2024-polyuniverse-data;ledger-136-yue-2024-polyuniverse;ledger-137-yue-polyuniverse-code
combo_47d5ba375162dec7,polyuniverse_dinco_9b5b57e40f8c219871cd,O=C=NCCC(O[C@@H]1COC2C1OC[C@H]2OC(CCN=C=O)c1ccco1)c1ccco1,444.44,chemical_e4aa17432292bb19,Cc1cc2c(cc1O)C(C)(C)CC1(CC(C)(C)c3cc(O)c(C)cc3O1)O2,368.473,chemical_16bdee252ed11d7a,CC(O)C(C)O,90.122,平衡轮转；非全笛卡尔积,three_components_passed_prototype_gate,未采购未合成；需路线、EHS与供应复核,ledger-007-smipoly-2023;ledger-135-yue-2024-polyuniverse-data;ledger-136-yue-2024-polyuniverse;ledger-137-yue-polyuniverse-code
combo_4807bf75fa2a458a,polyuniverse_dinco_ba183439d0e722cfbeb8,O=C=Nc1ccc(C(c2ccc(N=C=O)cc2)n2ccnc2)cc1,316.32,chemical_58b2613823466190,CC(C)(C)c1cc(-c2cc(C(C)(C)C)cc(C(C)(C)C)c2O)c(O)c(C(C)(C)C)c1,410.642,chemical_ca5e105838153c99,CCC(CO)CC(CC)CO,160.257,平衡轮转；非全笛卡尔积,three_components_passed_prototype_gate,未采购未合成；需路线、EHS与供应复核,ledger-007-smipoly-2023;ledger-135-yue-2024-polyuniverse-data;ledger-136-yue-2024-polyuniverse;ledger-137-yue-polyuniverse-code
combo_4810cc1dc9f65dd4,polyuniverse_dinco_fbadb623a6ef1950d388,O=C=NC(Cc1ccc2ccccc2c1)C(N=C=O)c1ccc2ccccc2c1,378.431,chemical_34962dac292231e7,Cc1cc(Cc2cc(C)c(O)c(C)c2)cc(C)c1O,256.345,chemical_7eec20377145fdb7,CC1(C)C(O)C(C)(C)C1O,144.214,平衡轮转；非全笛卡尔积,three_components_passed_prototype_gate,未采购未合成；需路线、EHS与供应复核,ledger-007-smipoly-2023;ledger-135-yue-2024-polyuniverse-data;ledger-136-yue-2024-polyuniverse;ledger-137-yue-polyuniverse-code
combo_48bcdff7280aabc8,polyuniverse_dinco_ff2f153939a86421b3aa,O=C=NCC1CN2CC1CC2CN=C=O,207.233,chemical_ff8d497a35fecaa4,OC(C(F)(F)F)(C(F)(F)F)C(O)(C(F)(F)F)C(F)(F)F,334.056,chemical_706c38f2fda91d2c,CCC(C)(c1ccc(O)cc1)c1ccc(O)cc1,242.318,平衡轮转；非全笛卡尔积,three_components_passed_prototype_gate,未采购未合成；需路线、EHS与供应复核,ledger-007-smipoly-2023;ledger-135-yue-2024-polyuniverse-data;ledger-136-yue-2024-polyuniverse;ledger-137-yue-polyuniverse-code
combo_48c965e9f414b6a7,polyuniverse_dinco_01a65934dd666174775c,O=C=NCCC1CC2CC1C1CCC(CCN=C=O)C21,274.364,chemical_ff8d497a35fecaa4,OC(C(F)(F)F)(C(F)(F)F)C(O)(C(F)(F)F)C(F)(F)F,334.056,chemical_16bdee252ed11d7a,CC(O)C(C)O,90.122,平衡轮转；非全笛卡尔积,three_components_passed_prototype_gate,未采购未合成；需路线、EHS与供应复核,ledger-007-smipoly-2023;ledger-135-yue-2024-polyuniverse-data;ledger-136-yue-2024-polyuniverse;ledger-137-yue-polyuniverse-code
combo_49353bbcc2b0a56f,polyuniverse_dinco_ba183439d0e722cfbeb8,O=C=Nc1ccc(C(c2ccc(N=C=O)cc2)n2ccnc2)cc1,316.32,chemical_5e814be594638bdc,OCCCCCCCCCCCCCCCCO,258.446,chemical_c68025b85cef6d56,OCC(CO)OCc1ccccc1,182.219,平衡轮转；非全笛卡尔积,three_components_passed_prototype_gate,未采购未合成；需路线、EHS与供应复核,ledger-007-smipoly-2023;ledger-135-yue-2024-polyuniverse-data;ledger-136-yue-2024-polyuniverse;ledger-137-yue-polyuniverse-code
combo_495365f3b373066b,polyuniverse_dinco_e191aa437a5bb122583c,CCC(CC12CCC(C1)C(N=C=O)C2)N=C=O,234.299,chemical_e4aa17432292bb19,Cc1cc2c(cc1O)C(C)(C)CC1(CC(C)(C)c3cc(O)c(C)cc3O1)O2,368.473,chemical_dd2ebb8c8aeed446,Oc1ccc2c(O)cccc2c1,160.172,平衡轮转；非全笛卡尔积,three_components_passed_prototype_gate,未采购未合成；需路线、EHS与供应复核,ledger-007-smipoly-2023;ledger-135-yue-2024-polyuniverse-data;ledger-136-yue-2024-polyuniverse;ledger-137-yue-polyuniverse-code
combo_495b194ed4e51ac6,polyuniverse_dinco_854f6f15dafaadb28034,O=C=Nc1ccc2c([nH]c3ccccc32)c1N=C=O,249.229,chemical_3a566be4d64035e3,Oc1ccc(-c2ccc(O)c(Br)c2)cc1Br,344.002,chemical_831d24f7368b3f75,Cc1cc(-c2cc(C)c(O)c(C)c2)cc(C)c1O,242.318,平衡轮转；非全笛卡尔积,three_components_passed_prototype_gate,未采购未合成；需路线、EHS与供应复核,ledger-007-smipoly-2023;ledger-135-yue-2024-polyuniverse-data;ledger-136-yue-2024-polyuniverse;ledger-137-yue-polyuniverse-code
combo_49685a2ff7e89241,polyuniverse_dinco_9b5b57e40f8c219871cd,O=C=NCCC(O[C@@H]1COC2C1OC[C@H]2OC(CCN=C=O)c1ccco1)c1ccco1,444.44,chemical_e34b1bd2b88ad439,CC(C)(c1ccc(O)c(C2CCCCC2)c1)c1ccc(O)c(C2CCCCC2)c1,392.583,chemical_f25ee56de4366915,O=[N+]([O-])c1cc(CO)ccc1CO,183.163,平衡轮转；非全笛卡尔积,three_components_passed_prototype_gate,未采购未合成；需路线、EHS与供应复核,ledger-007-smipoly-2023;ledger-135-yue-2024-polyuniverse-data;ledger-136-yue-2024-polyuniverse;ledger-137-yue-polyuniverse-code
combo_4a2e219998ec9f70,polyuniverse_dinco_055819dc5371734047d1,N#COC1CCC(CC2CCC(N=C=O)C(CC3CCC(N=C=O)CC3)C2)CC1,399.535,chemical_e34b1bd2b88ad439,CC(C)(c1ccc(O)c(C2CCCCC2)c1)c1ccc(O)c(C2CCCCC2)c1,392.583,chemical_6ee30a16c1c450ed,OC1CCCCC1O,116.16,平衡轮转；非全笛卡尔积,three_components_passed_prototype_gate,未采购未合成；需路线、EHS与供应复核,ledger-007-smipoly-2023;ledger-135-yue-2024-polyuniverse-data;ledger-136-yue-2024-polyuniverse;ledger-137-yue-polyuniverse-code
combo_4a3598d09ea9bb47,polyuniverse_dinco_ba183439d0e722cfbeb8,O=C=Nc1ccc(C(c2ccc(N=C=O)cc2)n2ccnc2)cc1,316.32,chemical_694871d5e95b7370,Oc1c(F)c(F)c(-c2c(F)c(F)c(O)c(F)c2F)c(F)c1F,330.13,chemical_dd2ebb8c8aeed446,Oc1ccc2c(O)cccc2c1,160.172,平衡轮转；非全笛卡尔积,three_components_passed_prototype_gate,未采购未合成；需路线、EHS与供应复核,ledger-007-smipoly-2023;ledger-135-yue-2024-polyuniverse-data;ledger-136-yue-2024-polyuniverse;ledger-137-yue-polyuniverse-code
combo_4a61895dd43b51be,polyuniverse_dinco_41dd7d9f5ae04dca84b5,O=C=NC1(Cl)CCCCC1(Cl)CC1(Cl)CCCCC1(Cl)N=C=O,400.133,chemical_34962dac292231e7,Cc1cc(Cc2cc(C)c(O)c(C)c2)cc(C)c1O,256.345,chemical_2dad29ca9d88607e,OC1CCC(C2CCC(O)CC2)CC1,198.306,平衡轮转；非全笛卡尔积,three_components_passed_prototype_gate,未采购未合成；需路线、EHS与供应复核,ledger-007-smipoly-2023;ledger-135-yue-2024-polyuniverse-data;ledger-136-yue-2024-polyuniverse;ledger-137-yue-polyuniverse-code
combo_4a6429d2c8e8ac63,polyuniverse_dinco_473f746a39152067a95e,O=C=Nc1ccc(OCC(F)(F)C(F)F)c(N=C=O)c1,290.172,chemical_ff8d497a35fecaa4,OC(C(F)(F)F)(C(F)(F)F)C(O)(C(F)(F)F)C(F)(F)F,334.056,chemical_1ace6e6abb3b5be3,Oc1ccc(O)c2c1C1CCC2C1,176.215,平衡轮转；非全笛卡尔积,three_components_passed_prototype_gate,未采购未合成；需路线、EHS与供应复核,ledger-007-smipoly-2023;ledger-135-yue-2024-polyuniverse-data;ledger-136-yue-2024-polyuniverse;ledger-137-yue-polyuniverse-code
combo_4a84369db78fef35,polyuniverse_dinco_76731ef629e89287c8f8,CC(C)(CCOCN=C=O)OCCC(C)(C)OCN=C=O,300.355,chemical_5e814be594638bdc,OCCCCCCCCCCCCCCCCO,258.446,chemical_dd2ebb8c8aeed446,Oc1ccc2c(O)cccc2c1,160.172,平衡轮转；非全笛卡尔积,three_components_passed_prototype_gate,未采购未合成；需路线、EHS与供应复核,ledger-007-smipoly-2023;ledger-135-yue-2024-polyuniverse-data;ledger-136-yue-2024-polyuniverse;ledger-137-yue-polyuniverse-code
combo_4acea08534160a39,polyuniverse_dinco_26cead9b352cec30e97f,CCC(CN=C=O)C1CCCC(N=C=O)C1,222.288,chemical_986d2a218ca14417,OCC(F)(F)C(F)(F)C(F)(F)C(F)(F)C(F)(F)C(F)(F)CO,362.11,chemical_75fb481cd45cc100,CCCCC(CC)(CO)CO,160.257,平衡轮转；非全笛卡尔积,three_components_passed_prototype_gate,未采购未合成；需路线、EHS与供应复核,ledger-007-smipoly-2023;ledger-135-yue-2024-polyuniverse-data;ledger-136-yue-2024-polyuniverse;ledger-137-yue-polyuniverse-code
combo_4ae967932fde3790,polyuniverse_dinco_01e918a682cd6d3022ac,N#COc1cc(-c2cc(N=C=O)oc2OC#N)c(N=C=O)o1,298.17,chemical_3a566be4d64035e3,Oc1ccc(-c2ccc(O)c(Br)c2)cc1Br,344.002,chemical_831d24f7368b3f75,Cc1cc(-c2cc(C)c(O)c(C)c2)cc(C)c1O,242.318,平衡轮转；非全笛卡尔积,three_components_passed_prototype_gate,未采购未合成；需路线、EHS与供应复核,ledger-007-smipoly-2023;ledger-135-yue-2024-polyuniverse-data;ledger-136-yue-2024-polyuniverse;ledger-137-yue-polyuniverse-code
combo_4af972db5a05f96a,polyuniverse_dinco_9b5b57e40f8c219871cd,O=C=NCCC(O[C@@H]1COC2C1OC[C@H]2OC(CCN=C=O)c1ccco1)c1ccco1,444.44,chemical_f59a0ec9b5c263ad,CCCCCCCCC(CO)(CO)CCCCCCCC,300.527,chemical_f25ee56de4366915,O=[N+]([O-])c1cc(CO)ccc1CO,183.163,平衡轮转；非全笛卡尔积,three_components_passed_prototype_gate,未采购未合成；需路线、EHS与供应复核,ledger-007-smipoly-2023;ledger-135-yue-2024-polyuniverse-data;ledger-136-yue-2024-polyuniverse;ledger-137-yue-polyuniverse-code
combo_4b3b1f75d70ff84f,polyuniverse_dinco_61e84547e1c5aa376ad9,O=C=NCC12CC(C3CCCC31)C1C3CCC(C3)C12CN=C=O,312.413,chemical_f59a0ec9b5c263ad,CCCCCCCCC(CO)(CO)CCCCCCCC,300.527,chemical_72b7ed7d3d268fd7,CC(C)CC(CO)(CO)CC(C)C,188.311,平衡轮转；非全笛卡尔积,three_components_passed_prototype_gate,未采购未合成；需路线、EHS与供应复核,ledger-007-smipoly-2023;ledger-135-yue-2024-polyuniverse-data;ledger-136-yue-2024-polyuniverse;ledger-137-yue-polyuniverse-code
combo_4c21858925a4f186,polyuniverse_dinco_20ab49a32ae47e829378,Cc1c(C)c(N=C=O)c(C2CCCCC2)c(C)c1N=C=O,284.359,chemical_a2cf8157d0f77432,OC(c1cccc(C(O)(C(F)(F)F)C(F)(F)F)c1)(C(F)(F)F)C(F)(F)F,410.154,chemical_48e0f37b8f35d22d,Cc1c(C)c(CO)c(C)c(C)c1CO,194.274,平衡轮转；非全笛卡尔积,three_components_passed_prototype_gate,未采购未合成；需路线、EHS与供应复核,ledger-007-smipoly-2023;ledger-135-yue-2024-polyuniverse-data;ledger-136-yue-2024-polyuniverse;ledger-137-yue-polyuniverse-code
combo_4c31d9e57422f925,polyuniverse_dinco_76731ef629e89287c8f8,CC(C)(CCOCN=C=O)OCCC(C)(C)OCN=C=O,300.355,chemical_5e814be594638bdc,OCCCCCCCCCCCCCCCCO,258.446,chemical_c68025b85cef6d56,OCC(CO)OCc1ccccc1,182.219,平衡轮转；非全笛卡尔积,three_components_passed_prototype_gate,未采购未合成；需路线、EHS与供应复核,ledger-007-smipoly-2023;ledger-135-yue-2024-polyuniverse-data;ledger-136-yue-2024-polyuniverse;ledger-137-yue-polyuniverse-code
combo_4c6ad9924703adbf,polyuniverse_dinco_e191aa437a5bb122583c,CCC(CC12CCC(C1)C(N=C=O)C2)N=C=O,234.299,chemical_f59a0ec9b5c263ad,CCCCCCCCC(CO)(CO)CCCCCCCC,300.527,chemical_f25ee56de4366915,O=[N+]([O-])c1cc(CO)ccc1CO,183.163,平衡轮转；非全笛卡尔积,three_components_passed_prototype_gate,未采购未合成；需路线、EHS与供应复核,ledger-007-smipoly-2023;ledger-135-yue-2024-polyuniverse-data;ledger-136-yue-2024-polyuniverse;ledger-137-yue-polyuniverse-code
combo_4c8fcceadd3ccb0e,polyuniverse_dinco_24471fc1c458b69a01cd,O=C=NC1CC(N=C=O)C2CCCc3cccc1c32,254.289,chemical_694871d5e95b7370,Oc1c(F)c(F)c(-c2c(F)c(F)c(O)c(F)c2F)c(F)c1F,330.13,chemical_706c38f2fda91d2c,CCC(C)(c1ccc(O)cc1)c1ccc(O)cc1,242.318,平衡轮转；非全笛卡尔积,three_components_passed_prototype_gate,未采购未合成；需路线、EHS与供应复核,ledger-007-smipoly-2023;ledger-135-yue-2024-polyuniverse-data;ledger-136-yue-2024-polyuniverse;ledger-137-yue-polyuniverse-code
combo_4cf0b5510cc381b8,polyuniverse_dinco_e3bd88989ad52de46012,O=C=Nc1cccc(CC2(N=C=O)CCCCC2)c1,256.305,chemical_58b2613823466190,CC(C)(C)c1cc(-c2cc(C(C)(C)C)cc(C(C)(C)C)c2O)c(O)c(C(C)(C)C)c1,410.642,chemical_bacbda6c95c1bb67,Cc1ccc(O)c(Cc2cc(C)ccc2O)c1,228.291,平衡轮转；非全笛卡尔积,three_components_passed_prototype_gate,未采购未合成；需路线、EHS与供应复核,ledger-007-smipoly-2023;ledger-135-yue-2024-polyuniverse-data;ledger-136-yue-2024-polyuniverse;ledger-137-yue-polyuniverse-code
combo_4cf270cdb9329c85,polyuniverse_dinco_43658c980f2b703f5352,O=C=Nc1cc2c(N=C=O)c(c1Cl)-c1ccc-2cc1Cl,303.104,chemical_694871d5e95b7370,Oc1c(F)c(F)c(-c2c(F)c(F)c(O)c(F)c2F)c(F)c1F,330.13,chemical_706c38f2fda91d2c,CCC(C)(c1ccc(O)cc1)c1ccc(O)cc1,242.318,平衡轮转；非全笛卡尔积,three_components_passed_prototype_gate,未采购未合成；需路线、EHS与供应复核,ledger-007-smipoly-2023;ledger-135-yue-2024-polyuniverse-data;ledger-136-yue-2024-polyuniverse;ledger-137-yue-polyuniverse-code
combo_4d177b0385bd93b2,polyuniverse_dinco_7416e04e1592ed966a70,O=C=NCC1COC(CN=C=O)O1,184.151,chemical_0895e6cd5136df6a,OCCOc1ccc(C2(c3ccc(OCCO)cc3)c3ccccc3-c3ccccc32)cc1,438.523,chemical_75fb481cd45cc100,CCCCC(CC)(CO)CO,160.257,平衡轮转；非全笛卡尔积,three_components_passed_prototype_gate,未采购未合成；需路线、EHS与供应复核,ledger-007-smipoly-2023;ledger-135-yue-2024-polyuniverse-data;ledger-136-yue-2024-polyuniverse;ledger-137-yue-polyuniverse-code
combo_4d324b865f4e01b4,polyuniverse_dinco_d99b46b0b115b20a069f,CC1(C)CC(C)(CN=C=O)C(C2CCCCC2)C(N=C=O)(C2CCCCC2)C1,386.58,chemical_34962dac292231e7,Cc1cc(Cc2cc(C)c(O)c(C)c2)cc(C)c1O,256.345,chemical_2dad29ca9d88607e,OC1CCC(C2CCC(O)CC2)CC1,198.306,平衡轮转；非全笛卡尔积,three_components_passed_prototype_gate,未采购未合成；需路线、EHS与供应复核,ledger-007-smipoly-2023;ledger-135-yue-2024-polyuniverse-data;ledger-136-yue-2024-polyuniverse;ledger-137-yue-polyuniverse-code
combo_4d8b0a0ec362c043,polyuniverse_dinco_b942aa905763bb430945,CCCC1(CC(C)N=C=O)CCC(C)(C(C)(C)CC(C)(C)N=C=O)C1,348.531,chemical_34962dac292231e7,Cc1cc(Cc2cc(C)c(O)c(C)c2)cc(C)c1O,256.345,chemical_7eec20377145fdb7,CC1(C)C(O)C(C)(C)C1O,144.214,平衡轮转；非全笛卡尔积,three_components_passed_prototype_gate,未采购未合成；需路线、EHS与供应复核,ledger-007-smipoly-2023;ledger-135-yue-2024-polyuniverse-data;ledger-136-yue-2024-polyuniverse;ledger-137-yue-polyuniverse-code
combo_4e3648d01ade775b,polyuniverse_dinco_9b5b57e40f8c219871cd,O=C=NCCC(O[C@@H]1COC2C1OC[C@H]2OC(CCN=C=O)c1ccco1)c1ccco1,444.44,chemical_e4aa17432292bb19,Cc1cc2c(cc1O)C(C)(C)CC1(CC(C)(C)c3cc(O)c(C)cc3O1)O2,368.473,chemical_f25ee56de4366915,O=[N+]([O-])c1cc(CO)ccc1CO,183.163,平衡轮转；非全笛卡尔积,three_components_passed_prototype_gate,未采购未合成；需路线、EHS与供应复核,ledger-007-smipoly-2023;ledger-135-yue-2024-polyuniverse-data;ledger-136-yue-2024-polyuniverse;ledger-137-yue-polyuniverse-code
combo_4e390f1e46bd248b,polyuniverse_dinco_4acdebf340e0856a52df,CC(C)(C)c1cc(N=C=O)c2c(c1)C(C)(C)c1cc(C(C)(C)C)cc(N=C=O)c1O2,404.51,chemical_5e814be594638bdc,OCCCCCCCCCCCCCCCCO,258.446,chemical_dd2ebb8c8aeed446,Oc1ccc2c(O)cccc2c1,160.172,平衡轮转；非全笛卡尔积,three_components_passed_prototype_gate,未采购未合成；需路线、EHS与供应复核,ledger-007-smipoly-2023;ledger-135-yue-2024-polyuniverse-data;ledger-136-yue-2024-polyuniverse;ledger-137-yue-polyuniverse-code
combo_4e914e0da486e7cc,polyuniverse_dinco_e9c64a150258b8ae2353,O=C=NC(F)C(F)(F)C(F)(F)N=C=O,216.065,chemical_1f862d0fb910ec42,Oc1ccc(C2(c3ccc(O)cc3)CCCCC2)cc1,268.356,chemical_1ace6e6abb3b5be3,Oc1ccc(O)c2c1C1CCC2C1,176.215,平衡轮转；非全笛卡尔积,three_components_passed_prototype_gate,未采购未合成；需路线、EHS与供应复核,ledger-007-smipoly-2023;ledger-135-yue-2024-polyuniverse-data;ledger-136-yue-2024-polyuniverse;ledger-137-yue-polyuniverse-code
combo_4eff9d7e2b45d10d,polyuniverse_dinco_57af23a42ae72d943289,CCC1C2(N=C=O)CC3CC(C2)CC1(C12CC4CC(CC(N=C=O)(C4)C1)C2)C3,380.532,chemical_b94fa835d3f1bdb8,CC(C)(CO)C1OCC2(CO1)COC(C(C)(C)CO)OC2,304.383,chemical_9a89f0adbd70529b,OCC(F)(F)C(F)(F)C(F)(F)CO,212.089,平衡轮转；非全笛卡尔积,three_components_passed_prototype_gate,未采购未合成；需路线、EHS与供应复核,ledger-007-smipoly-2023;ledger-135-yue-2024-polyuniverse-data;ledger-136-yue-2024-polyuniverse;ledger-137-yue-polyuniverse-code
combo_4fad96892f95dbad,polyuniverse_dinco_952c8476d31239835550,O=C=NCC1(CN=C=O)CCCC(F)(F)C1(F)F,266.194,chemical_5e814be594638bdc,OCCCCCCCCCCCCCCCCO,258.446,chemical_5be20976c2a9d662,Oc1c(F)c(F)c(O)c(F)c1F,182.072,平衡轮转；非全笛卡尔积,three_components_passed_prototype_gate,未采购未合成；需路线、EHS与供应复核,ledger-007-smipoly-2023;ledger-135-yue-2024-polyuniverse-data;ledger-136-yue-2024-polyuniverse;ledger-137-yue-polyuniverse-code
combo_4ff1754709902727,polyuniverse_dinco_ddc56fe70a91074540ef,CCCCOC(N=C=O)C(CCCCCCl)N=C=O,288.775,chemical_b94fa835d3f1bdb8,CC(C)(CO)C1OCC2(CO1)COC(C(C)(C)CO)OC2,304.383,chemical_831d24f7368b3f75,Cc1cc(-c2cc(C)c(O)c(C)c2)cc(C)c1O,242.318,平衡轮转；非全笛卡尔积,three_components_passed_prototype_gate,未采购未合成；需路线、EHS与供应复核,ledger-007-smipoly-2023;ledger-135-yue-2024-polyuniverse-data;ledger-136-yue-2024-polyuniverse;ledger-137-yue-polyuniverse-code
combo_5008be6073f0febf,polyuniverse_dinco_7ae84879e7df0d84fdfa,O=C=NC1(F)C(F)(F)C(F)(F)C(F)(F)C(F)(F)C1(F)N=C=O,346.08,chemical_f59a0ec9b5c263ad,CCCCCCCCC(CO)(CO)CCCCCCCC,300.527,chemical_72b7ed7d3d268fd7,CC(C)CC(CO)(CO)CC(C)C,188.311,平衡轮转；非全笛卡尔积,three_components_passed_prototype_gate,未采购未合成；需路线、EHS与供应复核,ledger-007-smipoly-2023;ledger-135-yue-2024-polyuniverse-data;ledger-136-yue-2024-polyuniverse;ledger-137-yue-polyuniverse-code
combo_504062e69a8c0a34,polyuniverse_dinco_4bd62448d543828bc87c,CC(C)CC(CC(C)C)(CC(CC(C)C)(CC(C)C)N=C=O)N=C=O,350.547,chemical_a04b7de5081dd0a5,CC(C)CC(C)(c1ccc(O)cc1)c1ccc(O)cc1,270.372,chemical_3635aefc1005d8ad,CC(C)(O)CCC(C)(C)O,146.23,平衡轮转；非全笛卡尔积,three_components_passed_prototype_gate,未采购未合成；需路线、EHS与供应复核,ledger-007-smipoly-2023;ledger-135-yue-2024-polyuniverse-data;ledger-136-yue-2024-polyuniverse;ledger-137-yue-polyuniverse-code
combo_5088235dfe33d289,polyuniverse_dinco_0682742a99d644d48f6f,CC(c1ccc(N=C=O)o1)c1ccc(N=C=O)o1,244.206,chemical_0895e6cd5136df6a,OCCOc1ccc(C2(c3ccc(OCCO)cc3)c3ccccc3-c3ccccc32)cc1,438.523,chemical_28a648027cd37607,OCCCCCCCCCO,160.257,平衡轮转；非全笛卡尔积,three_components_passed_prototype_gate,未采购未合成；需路线、EHS与供应复核,ledger-007-smipoly-2023;ledger-135-yue-2024-polyuniverse-data;ledger-136-yue-2024-polyuniverse;ledger-137-yue-polyuniverse-code
combo_5108d4f1673f6997,polyuniverse_dinco_a78553c2197b427a0d60,CC(N=C=O)OC1CC2CCC1(OC(C)N=C=O)CC2,280.324,chemical_a04b7de5081dd0a5,CC(C)CC(C)(c1ccc(O)cc1)c1ccc(O)cc1,270.372,chemical_2dad29ca9d88607e,OC1CCC(C2CCC(O)CC2)CC1,198.306,平衡轮转；非全笛卡尔积,three_components_passed_prototype_gate,未采购未合成；需路线、EHS与供应复核,ledger-007-smipoly-2023;ledger-135-yue-2024-polyuniverse-data;ledger-136-yue-2024-polyuniverse;ledger-137-yue-polyuniverse-code
combo_511240ad6afb93b6,polyuniverse_dinco_c1050e20fc33beb7e09a,CC(CCN=C=O)CC(C)C(C)N=C=O,210.277,chemical_6364c045bd73da83,Oc1cccc(Oc2ccc(Oc3cccc(O)c3)cc2)c1,294.306,chemical_63c6eb608324eca7,OCC1CC2C3CC(CO)C(C3)C2C1,196.29,平衡轮转；非全笛卡尔积,three_components_passed_prototype_gate,未采购未合成；需路线、EHS与供应复核,ledger-007-smipoly-2023;ledger-135-yue-2024-polyuniverse-data;ledger-136-yue-2024-polyuniverse;ledger-137-yue-polyuniverse-code
combo_514d5a4503ba8cc6,polyuniverse_dinco_76731ef629e89287c8f8,CC(C)(CCOCN=C=O)OCCC(C)(C)OCN=C=O,300.355,chemical_694871d5e95b7370,Oc1c(F)c(F)c(-c2c(F)c(F)c(O)c(F)c2F)c(F)c1F,330.13,chemical_f25ee56de4366915,O=[N+]([O-])c1cc(CO)ccc1CO,183.163,平衡轮转；非全笛卡尔积,three_components_passed_prototype_gate,未采购未合成；需路线、EHS与供应复核,ledger-007-smipoly-2023;ledger-135-yue-2024-polyuniverse-data;ledger-136-yue-2024-polyuniverse;ledger-137-yue-polyuniverse-code
combo_51e9f59b3d2a44b6,polyuniverse_dinco_43658c980f2b703f5352,O=C=Nc1cc2c(N=C=O)c(c1Cl)-c1ccc-2cc1Cl,303.104,chemical_6364c045bd73da83,Oc1cccc(Oc2ccc(Oc3cccc(O)c3)cc2)c1,294.306,chemical_6ee30a16c1c450ed,OC1CCCCC1O,116.16,平衡轮转；非全笛卡尔积,three_components_passed_prototype_gate,未采购未合成；需路线、EHS与供应复核,ledger-007-smipoly-2023;ledger-135-yue-2024-polyuniverse-data;ledger-136-yue-2024-polyuniverse;ledger-137-yue-polyuniverse-code
combo_520623dec7aef983,polyuniverse_dinco_473f746a39152067a95e,O=C=Nc1ccc(OCC(F)(F)C(F)F)c(N=C=O)c1,290.172,chemical_f59a0ec9b5c263ad,CCCCCCCCC(CO)(CO)CCCCCCCC,300.527,chemical_1ace6e6abb3b5be3,Oc1ccc(O)c2c1C1CCC2C1,176.215,平衡轮转；非全笛卡尔积,three_components_passed_prototype_gate,未采购未合成；需路线、EHS与供应复核,ledger-007-smipoly-2023;ledger-135-yue-2024-polyuniverse-data;ledger-136-yue-2024-polyuniverse;ledger-137-yue-polyuniverse-code
combo_5210f12c6795dc30,polyuniverse_dinco_e19769eda682789a354e,O=C=Nc1cccc(COCc2cccc(N=C=O)n2)n1,282.259,chemical_3a566be4d64035e3,Oc1ccc(-c2ccc(O)c(Br)c2)cc1Br,344.002,chemical_79b196ca779aae4e,OCc1ccccc1CO,138.166,平衡轮转；非全笛卡尔积,three_components_passed_prototype_gate,未采购未合成；需路线、EHS与供应复核,ledger-007-smipoly-2023;ledger-135-yue-2024-polyuniverse-data;ledger-136-yue-2024-polyuniverse;ledger-137-yue-polyuniverse-code
combo_525bb71ed755128a,polyuniverse_dinco_b03d7a2243c8c46ba34f,O=C=Nc1c(F)cc(Oc2cc(F)c(N=C=O)c(F)c2)cc1F,324.189,chemical_a2cf8157d0f77432,OC(c1cccc(C(O)(C(F)(F)F)C(F)(F)F)c1)(C(F)(F)F)C(F)(F)F,410.154,chemical_7eec20377145fdb7,CC1(C)C(O)C(C)(C)C1O,144.214,平衡轮转；非全笛卡尔积,three_components_passed_prototype_gate,未采购未合成；需路线、EHS与供应复核,ledger-007-smipoly-2023;ledger-135-yue-2024-polyuniverse-data;ledger-136-yue-2024-polyuniverse;ledger-137-yue-polyuniverse-code
combo_52694a5e68300009,polyuniverse_dinco_57af23a42ae72d943289,CCC1C2(N=C=O)CC3CC(C2)CC1(C12CC4CC(CC(N=C=O)(C4)C1)C2)C3,380.532,chemical_a2cf8157d0f77432,OC(c1cccc(C(O)(C(F)(F)F)C(F)(F)F)c1)(C(F)(F)F)C(F)(F)F,410.154,chemical_9a89f0adbd70529b,OCC(F)(F)C(F)(F)C(F)(F)CO,212.089,平衡轮转；非全笛卡尔积,three_components_passed_prototype_gate,未采购未合成；需路线、EHS与供应复核,ledger-007-smipoly-2023;ledger-135-yue-2024-polyuniverse-data;ledger-136-yue-2024-polyuniverse;ledger-137-yue-polyuniverse-code
combo_52772b5446327f2a,polyuniverse_dinco_2c849f9c85ebe823e4a4,C[C@@H]1C[C@@H]2C[C@H](C)[C@H]3CC[C@](C)(N=C=O)[C@H]4CC[C@@H]([C@@H]2[C@H]34)[C@]1(C)N=C=O,356.51,chemical_6364c045bd73da83,Oc1cccc(Oc2ccc(Oc3cccc(O)c3)cc2)c1,294.306,chemical_ca5e105838153c99,CCC(CO)CC(CC)CO,160.257,平衡轮转；非全笛卡尔积,three_components_passed_prototype_gate,未采购未合成；需路线、EHS与供应复核,ledger-007-smipoly-2023;ledger-135-yue-2024-polyuniverse-data;ledger-136-yue-2024-polyuniverse;ledger-137-yue-polyuniverse-code
combo_52b536a081e59bd7,polyuniverse_dinco_ab4efb95ee1f94419689,Cc1cc2c(c(C)c1N=C=O)C(C)(C)CC21CC(C)(C)c2cc(C)c(N=C=O)c(C)c21,414.549,chemical_ff8d497a35fecaa4,OC(C(F)(F)F)(C(F)(F)F)C(O)(C(F)(F)F)C(F)(F)F,334.056,chemical_706c38f2fda91d2c,CCC(C)(c1ccc(O)cc1)c1ccc(O)cc1,242.318,平衡轮转；非全笛卡尔积,three_components_passed_prototype_gate,未采购未合成；需路线、EHS与供应复核,ledger-007-smipoly-2023;ledger-135-yue-2024-polyuniverse-data;ledger-136-yue-2024-polyuniverse;ledger-137-yue-polyuniverse-code
combo_52f66b7870a49eab,polyuniverse_dinco_d51030c05f20bb2a75df,O=C=NC(C1CCCCC1)C(N=C=O)C1CCCCC1,276.38,chemical_6364c045bd73da83,Oc1cccc(Oc2ccc(Oc3cccc(O)c3)cc2)c1,294.306,chemical_f25ee56de4366915,O=[N+]([O-])c1cc(CO)ccc1CO,183.163,平衡轮转；非全笛卡尔积,three_components_passed_prototype_gate,未采购未合成；需路线、EHS与供应复核,ledger-007-smipoly-2023;ledger-135-yue-2024-polyuniverse-data;ledger-136-yue-2024-polyuniverse;ledger-137-yue-polyuniverse-code
combo_530d395f86c135bf,polyuniverse_dinco_7416e04e1592ed966a70,O=C=NCC1COC(CN=C=O)O1,184.151,chemical_0895e6cd5136df6a,OCCOc1ccc(C2(c3ccc(OCCO)cc3)c3ccccc3-c3ccccc32)cc1,438.523,chemical_706c38f2fda91d2c,CCC(C)(c1ccc(O)cc1)c1ccc(O)cc1,242.318,平衡轮转；非全笛卡尔积,three_components_passed_prototype_gate,未采购未合成；需路线、EHS与供应复核,ledger-007-smipoly-2023;ledger-135-yue-2024-polyuniverse-data;ledger-136-yue-2024-polyuniverse;ledger-137-yue-polyuniverse-code
combo_53536eb8d53faccf,polyuniverse_dinco_bffdc5ccff4c002d8304,Cc1cc(CC2CCCCC2N=C=O)cc(N=C=O)c1,270.332,chemical_ff8d497a35fecaa4,OC(C(F)(F)F)(C(F)(F)F)C(O)(C(F)(F)F)C(F)(F)F,334.056,chemical_72b7ed7d3d268fd7,CC(C)CC(CO)(CO)CC(C)C,188.311,平衡轮转；非全笛卡尔积,three_components_passed_prototype_gate,未采购未合成；需路线、EHS与供应复核,ledger-007-smipoly-2023;ledger-135-yue-2024-polyuniverse-data;ledger-136-yue-2024-polyuniverse;ledger-137-yue-polyuniverse-code
combo_535d4e4cdd82cd05,polyuniverse_dinco_569c13453ff070989050,[C-]#[N+]c1cc2c(N=C=O)c(C#N)c(C#N)cc2c(N=C=O)c1[N+]#[C-],310.232,chemical_694871d5e95b7370,Oc1c(F)c(F)c(-c2c(F)c(F)c(O)c(F)c2F)c(F)c1F,330.13,chemical_6ee30a16c1c450ed,OC1CCCCC1O,116.16,平衡轮转；非全笛卡尔积,three_components_passed_prototype_gate,未采购未合成；需路线、EHS与供应复核,ledger-007-smipoly-2023;ledger-135-yue-2024-polyuniverse-data;ledger-136-yue-2024-polyuniverse;ledger-137-yue-polyuniverse-code
combo_539c4a98b8e954a1,polyuniverse_dinco_00a778151d7a7401ddb6,CC(CCCC(N=C=O)(C1CCCCC1)C1CCCCC1)C(C)(C)N=C=O,374.569,chemical_34962dac292231e7,Cc1cc(Cc2cc(C)c(O)c(C)c2)cc(C)c1O,256.345,chemical_2a0d22152800ae85,Oc1ccc(Oc2ccc(O)cc2)cc1,202.209,平衡轮转；非全笛卡尔积,three_components_passed_prototype_gate,未采购未合成；需路线、EHS与供应复核,ledger-007-smipoly-2023;ledger-135-yue-2024-polyuniverse-data;ledger-136-yue-2024-polyuniverse;ledger-137-yue-polyuniverse-code
combo_53a86599fd21de51,polyuniverse_dinco_ac4be1eff9a2d8a5bde3,CCCc1cc(C(C)C)c(N=C=O)c(CCC)c1N=C=O,286.375,chemical_3a566be4d64035e3,Oc1ccc(-c2ccc(O)c(Br)c2)cc1Br,344.002,chemical_3635aefc1005d8ad,CC(C)(O)CCC(C)(C)O,146.23,平衡轮转；非全笛卡尔积,three_components_passed_prototype_gate,未采购未合成；需路线、EHS与供应复核,ledger-007-smipoly-2023;ledger-135-yue-2024-polyuniverse-data;ledger-136-yue-2024-polyuniverse;ledger-137-yue-polyuniverse-code
combo_53c92ac1011b4709,polyuniverse_dinco_7df67f418ef75f339395,CC1CC(N=C=O)C(N=C=O)(C(C)C)C(c2ccccc2)(c2ccccc2)C1,374.484,chemical_6364c045bd73da83,Oc1cccc(Oc2ccc(Oc3cccc(O)c3)cc2)c1,294.306,chemical_6ee30a16c1c450ed,OC1CCCCC1O,116.16,平衡轮转；非全笛卡尔积,three_components_passed_prototype_gate,未采购未合成；需路线、EHS与供应复核,ledger-007-smipoly-2023;ledger-135-yue-2024-polyuniverse-data;ledger-136-yue-2024-polyuniverse;ledger-137-yue-polyuniverse-code
combo_53dfc319ac27e2da,polyuniverse_dinco_0dbe9dd7636a5bdeaa0b,CC1(N=C=O)Cc2c3ccc1c2C(C)(N=C=O)C3,240.262,chemical_b94fa835d3f1bdb8,CC(C)(CO)C1OCC2(CO1)COC(C(C)(C)CO)OC2,304.383,chemical_9a89f0adbd70529b,OCC(F)(F)C(F)(F)C(F)(F)CO,212.089,平衡轮转；非全笛卡尔积,three_components_passed_prototype_gate,未采购未合成；需路线、EHS与供应复核,ledger-007-smipoly-2023;ledger-135-yue-2024-polyuniverse-data;ledger-136-yue-2024-polyuniverse;ledger-137-yue-polyuniverse-code
combo_53e7dfe9f020af2e,polyuniverse_dinco_29fcbdd3c8cf8655b397,CCCCC(CC)(CCC)CC1(N=C=O)CCC(C)C(N=C=O)C1,334.504,chemical_ff8d497a35fecaa4,OC(C(F)(F)F)(C(F)(F)F)C(O)(C(F)(F)F)C(F)(F)F,334.056,chemical_28a648027cd37607,OCCCCCCCCCO,160.257,平衡轮转；非全笛卡尔积,three_components_passed_prototype_gate,未采购未合成；需路线、EHS与供应复核,ledger-007-smipoly-2023;ledger-135-yue-2024-polyuniverse-data;ledger-136-yue-2024-polyuniverse;ledger-137-yue-polyuniverse-code
combo_540cfbcc444fbfd7,polyuniverse_dinco_4ed51fdb98321223f060,CCCC(CC(C)(CCC)CN=C=O)N=C=O,238.331,chemical_3a566be4d64035e3,Oc1ccc(-c2ccc(O)c(Br)c2)cc1Br,344.002,chemical_2a0d22152800ae85,Oc1ccc(Oc2ccc(O)cc2)cc1,202.209,平衡轮转；非全笛卡尔积,three_components_passed_prototype_gate,未采购未合成；需路线、EHS与供应复核,ledger-007-smipoly-2023;ledger-135-yue-2024-polyuniverse-data;ledger-136-yue-2024-polyuniverse;ledger-137-yue-polyuniverse-code
combo_544406f1e97a1dc0,polyuniverse_dinco_0682742a99d644d48f6f,CC(c1ccc(N=C=O)o1)c1ccc(N=C=O)o1,244.206,chemical_1f862d0fb910ec42,Oc1ccc(C2(c3ccc(O)cc3)CCCCC2)cc1,268.356,chemical_2a0d22152800ae85,Oc1ccc(Oc2ccc(O)cc2)cc1,202.209,平衡轮转；非全笛卡尔积,three_components_passed_prototype_gate,未采购未合成；需路线、EHS与供应复核,ledger-007-smipoly-2023;ledger-135-yue-2024-polyuniverse-data;ledger-136-yue-2024-polyuniverse;ledger-137-yue-polyuniverse-code
combo_546ba9ad3ef0db14,polyuniverse_dinco_2acbe63b26c33137e286,CC1(N=C=O)CCC(C)(C)C(C)(N=C=O)C1,222.288,chemical_1f862d0fb910ec42,Oc1ccc(C2(c3ccc(O)cc3)CCCCC2)cc1,268.356,chemical_79b196ca779aae4e,OCc1ccccc1CO,138.166,平衡轮转；非全笛卡尔积,three_components_passed_prototype_gate,未采购未合成；需路线、EHS与供应复核,ledger-007-smipoly-2023;ledger-135-yue-2024-polyuniverse-data;ledger-136-yue-2024-polyuniverse;ledger-137-yue-polyuniverse-code
combo_547558bec5bc8a6a,polyuniverse_dinco_4acdebf340e0856a52df,CC(C)(C)c1cc(N=C=O)c2c(c1)C(C)(C)c1cc(C(C)(C)C)cc(N=C=O)c1O2,404.51,chemical_58b2613823466190,CC(C)(C)c1cc(-c2cc(C(C)(C)C)cc(C(C)(C)C)c2O)c(O)c(C(C)(C)C)c1,410.642,chemical_c68025b85cef6d56,OCC(CO)OCc1ccccc1,182.219,平衡轮转；非全笛卡尔积,three_components_passed_prototype_gate,未采购未合成；需路线、EHS与供应复核,ledger-007-smipoly-2023;ledger-135-yue-2024-polyuniverse-data;ledger-136-yue-2024-polyuniverse;ledger-137-yue-polyuniverse-code
combo_54ba35d1798a4a4d,polyuniverse_dinco_1d6acf47e4862fbbcc32,Cc1cc(N=C=O)ncc1N=C=O,175.147,chemical_0895e6cd5136df6a,OCCOc1ccc(C2(c3ccc(OCCO)cc3)c3ccccc3-c3ccccc32)cc1,438.523,chemical_75fb481cd45cc100,CCCCC(CC)(CO)CO,160.257,平衡轮转；非全笛卡尔积,three_components_passed_prototype_gate,未采购未合成；需路线、EHS与供应复核,ledger-007-smipoly-2023;ledger-135-yue-2024-polyuniverse-data;ledger-136-yue-2024-polyuniverse;ledger-137-yue-polyuniverse-code
combo_54e516c23b14c854,polyuniverse_dinco_6037461e6c665445a257,CCCC1(CN=C=O)CC(C)CC1CN=C=O,236.315,chemical_58b2613823466190,CC(C)(C)c1cc(-c2cc(C(C)(C)C)cc(C(C)(C)C)c2O)c(O)c(C(C)(C)C)c1,410.642,chemical_ca5e105838153c99,CCC(CO)CC(CC)CO,160.257,平衡轮转；非全笛卡尔积,three_components_passed_prototype_gate,未采购未合成；需路线、EHS与供应复核,ledger-007-smipoly-2023;ledger-135-yue-2024-polyuniverse-data;ledger-136-yue-2024-polyuniverse;ledger-137-yue-polyuniverse-code
combo_54f658b676f73458,polyuniverse_dinco_569c13453ff070989050,[C-]#[N+]c1cc2c(N=C=O)c(C#N)c(C#N)cc2c(N=C=O)c1[N+]#[C-],310.232,chemical_58b2613823466190,CC(C)(C)c1cc(-c2cc(C(C)(C)C)cc(C(C)(C)C)c2O)c(O)c(C(C)(C)C)c1,410.642,chemical_5be20976c2a9d662,Oc1c(F)c(F)c(O)c(F)c1F,182.072,平衡轮转；非全笛卡尔积,three_components_passed_prototype_gate,未采购未合成；需路线、EHS与供应复核,ledger-007-smipoly-2023;ledger-135-yue-2024-polyuniverse-data;ledger-136-yue-2024-polyuniverse;ledger-137-yue-polyuniverse-code
combo_553243e70fab23cd,polyuniverse_dinco_4716b4743a5baa106de3,O=C=Nc1cc2cccc(N=C=O)c2nc1-c1cccc(OC(F)(F)F)c1,371.274,chemical_b94fa835d3f1bdb8,CC(C)(CO)C1OCC2(CO1)COC(C(C)(C)CO)OC2,304.383,chemical_9a89f0adbd70529b,OCC(F)(F)C(F)(F)C(F)(F)CO,212.089,平衡轮转；非全笛卡尔积,three_components_passed_prototype_gate,未采购未合成；需路线、EHS与供应复核,ledger-007-smipoly-2023;ledger-135-yue-2024-polyuniverse-data;ledger-136-yue-2024-polyuniverse;ledger-137-yue-polyuniverse-code
combo_56104c89a109def2,polyuniverse_dinco_a759abc4f1e86d39deed,CC1CC(C)CC(CC2CC(C)C(N=C=O)C(C)(N=C=O)C2)C1,318.461,chemical_6364c045bd73da83,Oc1cccc(Oc2ccc(Oc3cccc(O)c3)cc2)c1,294.306,chemical_ca5e105838153c99,CCC(CO)CC(CC)CO,160.257,平衡轮转；非全笛卡尔积,three_components_passed_prototype_gate,未采购未合成；需路线、EHS与供应复核,ledger-007-smipoly-2023;ledger-135-yue-2024-polyuniverse-data;ledger-136-yue-2024-polyuniverse;ledger-137-yue-polyuniverse-code
combo_562f6ff9a1137ff7,polyuniverse_dinco_41dd7d9f5ae04dca84b5,O=C=NC1(Cl)CCCCC1(Cl)CC1(Cl)CCCCC1(Cl)N=C=O,400.133,chemical_0895e6cd5136df6a,OCCOc1ccc(C2(c3ccc(OCCO)cc3)c3ccccc3-c3ccccc32)cc1,438.523,chemical_16bdee252ed11d7a,CC(O)C(C)O,90.122,平衡轮转；非全笛卡尔积,three_components_passed_prototype_gate,未采购未合成；需路线、EHS与供应复核,ledger-007-smipoly-2023;ledger-135-yue-2024-polyuniverse-data;ledger-136-yue-2024-polyuniverse;ledger-137-yue-polyuniverse-code
combo_566d6ff6e34880b2,polyuniverse_dinco_6a887a4fc6e3f56dee69,N#COCC(CN=C=O)(CN=C=O)COC#N,236.187,chemical_a2cf8157d0f77432,OC(c1cccc(C(O)(C(F)(F)F)C(F)(F)F)c1)(C(F)(F)F)C(F)(F)F,410.154,chemical_7eec20377145fdb7,CC1(C)C(O)C(C)(C)C1O,144.214,平衡轮转；非全笛卡尔积,three_components_passed_prototype_gate,未采购未合成；需路线、EHS与供应复核,ledger-007-smipoly-2023;ledger-135-yue-2024-polyuniverse-data;ledger-136-yue-2024-polyuniverse;ledger-137-yue-polyuniverse-code
combo_56a284b3b9240b34,polyuniverse_dinco_e77d8b8eb2abaed0faff,O=C=NC1CCC(N(c2ccccc2)C2CCC(N=C=O)CC2)CC1,339.439,chemical_e34b1bd2b88ad439,CC(C)(c1ccc(O)c(C2CCCCC2)c1)c1ccc(O)c(C2CCCCC2)c1,392.583,chemical_63c6eb608324eca7,OCC1CC2C3CC(CO)C(C3)C2C1,196.29,平衡轮转；非全笛卡尔积,three_components_passed_prototype_gate,未采购未合成；需路线、EHS与供应复核,ledger-007-smipoly-2023;ledger-135-yue-2024-polyuniverse-data;ledger-136-yue-2024-polyuniverse;ledger-137-yue-polyuniverse-code
combo_56ae767e1d6b0540,polyuniverse_dinco_76731ef629e89287c8f8,CC(C)(CCOCN=C=O)OCCC(C)(C)OCN=C=O,300.355,chemical_58b2613823466190,CC(C)(C)c1cc(-c2cc(C(C)(C)C)cc(C(C)(C)C)c2O)c(O)c(C(C)(C)C)c1,410.642,chemical_ca5e105838153c99,CCC(CO)CC(CC)CO,160.257,平衡轮转；非全笛卡尔积,three_components_passed_prototype_gate,未采购未合成；需路线、EHS与供应复核,ledger-007-smipoly-2023;ledger-135-yue-2024-polyuniverse-data;ledger-136-yue-2024-polyuniverse;ledger-137-yue-polyuniverse-code
combo_56dfbc0c75e883a8,polyuniverse_dinco_569c13453ff070989050,[C-]#[N+]c1cc2c(N=C=O)c(C#N)c(C#N)cc2c(N=C=O)c1[N+]#[C-],310.232,chemical_5e814be594638bdc,OCCCCCCCCCCCCCCCCO,258.446,chemical_551a139d1b44a292,OC12CC3CC(C1)CC(O)(C3)C2,168.236,平衡轮转；非全笛卡尔积,three_components_passed_prototype_gate,未采购未合成；需路线、EHS与供应复核,ledger-007-smipoly-2023;ledger-135-yue-2024-polyuniverse-data;ledger-136-yue-2024-polyuniverse;ledger-137-yue-polyuniverse-code
combo_56f5a413bec4c857,polyuniverse_dinco_f52819a239fd8e98087e,O=C=Nc1ccc2ccc(N=C=O)c([N+](=O)[O-])c2c1[N+](=O)[O-],300.186,chemical_b94fa835d3f1bdb8,CC(C)(CO)C1OCC2(CO1)COC(C(C)(C)CO)OC2,304.383,chemical_9a89f0adbd70529b,OCC(F)(F)C(F)(F)C(F)(F)CO,212.089,平衡轮转；非全笛卡尔积,three_components_passed_prototype_gate,未采购未合成；需路线、EHS与供应复核,ledger-007-smipoly-2023;ledger-135-yue-2024-polyuniverse-data;ledger-136-yue-2024-polyuniverse;ledger-137-yue-polyuniverse-code
combo_56fec9ad078de507,polyuniverse_dinco_fd5f159552c1f70f915c,O=C=NCCC(CN(CC(CCN=C=O)([N+](=O)[O-])[N+](=O)[O-])[N+](=O)[O-])([N+](=O)[O-])[N+](=O)[O-],436.25,chemical_58b2613823466190,CC(C)(C)c1cc(-c2cc(C(C)(C)C)cc(C(C)(C)C)c2O)c(O)c(C(C)(C)C)c1,410.642,chemical_c68025b85cef6d56,OCC(CO)OCc1ccccc1,182.219,平衡轮转；非全笛卡尔积,three_components_passed_prototype_gate,未采购未合成；需路线、EHS与供应复核,ledger-007-smipoly-2023;ledger-135-yue-2024-polyuniverse-data;ledger-136-yue-2024-polyuniverse;ledger-137-yue-polyuniverse-code
combo_570f00583ef9fc56,polyuniverse_dinco_ab4efb95ee1f94419689,Cc1cc2c(c(C)c1N=C=O)C(C)(C)CC21CC(C)(C)c2cc(C)c(N=C=O)c(C)c21,414.549,chemical_f59a0ec9b5c263ad,CCCCCCCCC(CO)(CO)CCCCCCCC,300.527,chemical_706c38f2fda91d2c,CCC(C)(c1ccc(O)cc1)c1ccc(O)cc1,242.318,平衡轮转；非全笛卡尔积,three_components_passed_prototype_gate,未采购未合成；需路线、EHS与供应复核,ledger-007-smipoly-2023;ledger-135-yue-2024-polyuniverse-data;ledger-136-yue-2024-polyuniverse;ledger-137-yue-polyuniverse-code
combo_579e1d0b5272639c,polyuniverse_dinco_236875b2e3fa5e54ba5a,CCC(N=C=O)c1cc(C#N)cc(C(CC)N=C=O)c1,269.304,chemical_34962dac292231e7,Cc1cc(Cc2cc(C)c(O)c(C)c2)cc(C)c1O,256.345,chemical_28a648027cd37607,OCCCCCCCCCO,160.257,平衡轮转；非全笛卡尔积,three_components_passed_prototype_gate,未采购未合成；需路线、EHS与供应复核,ledger-007-smipoly-2023;ledger-135-yue-2024-polyuniverse-data;ledger-136-yue-2024-polyuniverse;ledger-137-yue-polyuniverse-code
combo_57d88a596bd0ef0a,polyuniverse_dinco_629ef888e16fc71a3a21,CC(CN=C=O)CO[C@@H]1COC2C1OCC2(C)OCC(C)CN=C=O,354.403,chemical_3a566be4d64035e3,Oc1ccc(-c2ccc(O)c(Br)c2)cc1Br,344.002,chemical_3635aefc1005d8ad,CC(C)(O)CCC(C)(C)O,146.23,平衡轮转；非全笛卡尔积,three_components_passed_prototype_gate,未采购未合成；需路线、EHS与供应复核,ledger-007-smipoly-2023;ledger-135-yue-2024-polyuniverse-data;ledger-136-yue-2024-polyuniverse;ledger-137-yue-polyuniverse-code
combo_57dbe7313a95a71b,polyuniverse_dinco_7416e04e1592ed966a70,O=C=NCC1COC(CN=C=O)O1,184.151,chemical_3a566be4d64035e3,Oc1ccc(-c2ccc(O)c(Br)c2)cc1Br,344.002,chemical_831d24f7368b3f75,Cc1cc(-c2cc(C)c(O)c(C)c2)cc(C)c1O,242.318,平衡轮转；非全笛卡尔积,three_components_passed_prototype_gate,未采购未合成；需路线、EHS与供应复核,ledger-007-smipoly-2023;ledger-135-yue-2024-polyuniverse-data;ledger-136-yue-2024-polyuniverse;ledger-137-yue-polyuniverse-code
combo_582fa5312a61f2c2,polyuniverse_dinco_d99b46b0b115b20a069f,CC1(C)CC(C)(CN=C=O)C(C2CCCCC2)C(N=C=O)(C2CCCCC2)C1,386.58,chemical_3a566be4d64035e3,Oc1ccc(-c2ccc(O)c(Br)c2)cc1Br,344.002,chemical_2dad29ca9d88607e,OC1CCC(C2CCC(O)CC2)CC1,198.306,平衡轮转；非全笛卡尔积,three_components_passed_prototype_gate,未采购未合成；需路线、EHS与供应复核,ledger-007-smipoly-2023;ledger-135-yue-2024-polyuniverse-data;ledger-136-yue-2024-polyuniverse;ledger-137-yue-polyuniverse-code
combo_5937ae20c9a74813,polyuniverse_dinco_e19769eda682789a354e,O=C=Nc1cccc(COCc2cccc(N=C=O)n2)n1,282.259,chemical_34962dac292231e7,Cc1cc(Cc2cc(C)c(O)c(C)c2)cc(C)c1O,256.345,chemical_79b196ca779aae4e,OCc1ccccc1CO,138.166,平衡轮转；非全笛卡尔积,three_components_passed_prototype_gate,未采购未合成；需路线、EHS与供应复核,ledger-007-smipoly-2023;ledger-135-yue-2024-polyuniverse-data;ledger-136-yue-2024-polyuniverse;ledger-137-yue-polyuniverse-code
combo_59eda7ca7ae0e6d6,polyuniverse_dinco_bd1652fdf1dacee4093c,O=C=NCCC12CCC(C1)C1CCCC12CCN=C=O,274.364,chemical_986d2a218ca14417,OCC(F)(F)C(F)(F)C(F)(F)C(F)(F)C(F)(F)C(F)(F)CO,362.11,chemical_2dad29ca9d88607e,OC1CCC(C2CCC(O)CC2)CC1,198.306,平衡轮转；非全笛卡尔积,three_components_passed_prototype_gate,未采购未合成；需路线、EHS与供应复核,ledger-007-smipoly-2023;ledger-135-yue-2024-polyuniverse-data;ledger-136-yue-2024-polyuniverse;ledger-137-yue-polyuniverse-code
combo_5a1e0a1ab9335001,polyuniverse_dinco_1d6acf47e4862fbbcc32,Cc1cc(N=C=O)ncc1N=C=O,175.147,chemical_1f862d0fb910ec42,Oc1ccc(C2(c3ccc(O)cc3)CCCCC2)cc1,268.356,chemical_79b196ca779aae4e,OCc1ccccc1CO,138.166,平衡轮转；非全笛卡尔积,three_components_passed_prototype_gate,未采购未合成；需路线、EHS与供应复核,ledger-007-smipoly-2023;ledger-135-yue-2024-polyuniverse-data;ledger-136-yue-2024-polyuniverse;ledger-137-yue-polyuniverse-code
combo_5a33992fee880cbf,polyuniverse_dinco_5a1f42c9bc88019aa254,O=C=NC1C(F)C(F)C(F)C(F)C1N=C=O,238.14,chemical_1f862d0fb910ec42,Oc1ccc(C2(c3ccc(O)cc3)CCCCC2)cc1,268.356,chemical_75fb481cd45cc100,CCCCC(CC)(CO)CO,160.257,平衡轮转；非全笛卡尔积,three_components_passed_prototype_gate,未采购未合成；需路线、EHS与供应复核,ledger-007-smipoly-2023;ledger-135-yue-2024-polyuniverse-data;ledger-136-yue-2024-polyuniverse;ledger-137-yue-polyuniverse-code
combo_5a45e23e82b8466f,polyuniverse_dinco_85368c1d86f60fbe6dfa,O=C=NCC1CCC(CN=C=O)(CC2CCCCC2)CC1CC1CCCCC1,386.58,chemical_e34b1bd2b88ad439,CC(C)(c1ccc(O)c(C2CCCCC2)c1)c1ccc(O)c(C2CCCCC2)c1,392.583,chemical_f25ee56de4366915,O=[N+]([O-])c1cc(CO)ccc1CO,183.163,平衡轮转；非全笛卡尔积,three_components_passed_prototype_gate,未采购未合成；需路线、EHS与供应复核,ledger-007-smipoly-2023;ledger-135-yue-2024-polyuniverse-data;ledger-136-yue-2024-polyuniverse;ledger-137-yue-polyuniverse-code
combo_5a6ca2fceceb6312,polyuniverse_dinco_016bfd4c165aa545a7db,Cc1c(CCCCCCN=C=O)cccc1N=C=O,258.321,chemical_986d2a218ca14417,OCC(F)(F)C(F)(F)C(F)(F)C(F)(F)C(F)(F)C(F)(F)CO,362.11,chemical_79b196ca779aae4e,OCc1ccccc1CO,138.166,平衡轮转；非全笛卡尔积,three_components_passed_prototype_gate,未采购未合成；需路线、EHS与供应复核,ledger-007-smipoly-2023;ledger-135-yue-2024-polyuniverse-data;ledger-136-yue-2024-polyuniverse;ledger-137-yue-polyuniverse-code
combo_5aa66f059f5c6d31,polyuniverse_dinco_677d9180682055b9b9f3,O=C=Nc1nc(Cl)nc(N=C=O)n1,197.541,chemical_6364c045bd73da83,Oc1cccc(Oc2ccc(Oc3cccc(O)c3)cc2)c1,294.306,chemical_63c6eb608324eca7,OCC1CC2C3CC(CO)C(C3)C2C1,196.29,平衡轮转；非全笛卡尔积,three_components_passed_prototype_gate,未采购未合成；需路线、EHS与供应复核,ledger-007-smipoly-2023;ledger-135-yue-2024-polyuniverse-data;ledger-136-yue-2024-polyuniverse;ledger-137-yue-polyuniverse-code
combo_5ab7dfbcc1941316,polyuniverse_dinco_d9e0e5b183928d0c3023,CC(C)(N=C=O)c1ccc2c(C(C)(C)N=C=O)cccc2c1,294.354,chemical_6364c045bd73da83,Oc1cccc(Oc2ccc(Oc3cccc(O)c3)cc2)c1,294.306,chemical_5be20976c2a9d662,Oc1c(F)c(F)c(O)c(F)c1F,182.072,平衡轮转；非全笛卡尔积,three_components_passed_prototype_gate,未采购未合成；需路线、EHS与供应复核,ledger-007-smipoly-2023;ledger-135-yue-2024-polyuniverse-data;ledger-136-yue-2024-polyuniverse;ledger-137-yue-polyuniverse-code
combo_5ac129110347a303,polyuniverse_dinco_81e1e90ea24f1e711a99,CC(N=C=O)C1(C)CC(N=C=O)CC(C)(C)C1,236.315,chemical_b94fa835d3f1bdb8,CC(C)(CO)C1OCC2(CO1)COC(C(C)(C)CO)OC2,304.383,chemical_bacbda6c95c1bb67,Cc1ccc(O)c(Cc2cc(C)ccc2O)c1,228.291,平衡轮转；非全笛卡尔积,three_components_passed_prototype_gate,未采购未合成；需路线、EHS与供应复核,ledger-007-smipoly-2023;ledger-135-yue-2024-polyuniverse-data;ledger-136-yue-2024-polyuniverse;ledger-137-yue-polyuniverse-code
combo_5adb49fa57e3a314,polyuniverse_dinco_a5809ed0bb50011d11e7,CC(C)c1ncc(F)c(C(C)CC2Cc3c(nc4c(c3N=C=O)CCC4)C2C)c1N=C=O,434.515,chemical_1f862d0fb910ec42,Oc1ccc(C2(c3ccc(O)cc3)CCCCC2)cc1,268.356,chemical_72b7ed7d3d268fd7,CC(C)CC(CO)(CO)CC(C)C,188.311,平衡轮转；非全笛卡尔积,three_components_passed_prototype_gate,未采购未合成；需路线、EHS与供应复核,ledger-007-smipoly-2023;ledger-135-yue-2024-polyuniverse-data;ledger-136-yue-2024-polyuniverse;ledger-137-yue-polyuniverse-code
combo_5adba1718a9f6b1f,polyuniverse_dinco_0682742a99d644d48f6f,CC(c1ccc(N=C=O)o1)c1ccc(N=C=O)o1,244.206,chemical_3a566be4d64035e3,Oc1ccc(-c2ccc(O)c(Br)c2)cc1Br,344.002,chemical_3635aefc1005d8ad,CC(C)(O)CCC(C)(C)O,146.23,平衡轮转；非全笛卡尔积,three_components_passed_prototype_gate,未采购未合成；需路线、EHS与供应复核,ledger-007-smipoly-2023;ledger-135-yue-2024-polyuniverse-data;ledger-136-yue-2024-polyuniverse;ledger-137-yue-polyuniverse-code
combo_5b0842eb522ed0af,polyuniverse_dinco_e19769eda682789a354e,O=C=Nc1cccc(COCc2cccc(N=C=O)n2)n1,282.259,chemical_0895e6cd5136df6a,OCCOc1ccc(C2(c3ccc(OCCO)cc3)c3ccccc3-c3ccccc32)cc1,438.523,chemical_706c38f2fda91d2c,CCC(C)(c1ccc(O)cc1)c1ccc(O)cc1,242.318,平衡轮转；非全笛卡尔积,three_components_passed_prototype_gate,未采购未合成；需路线、EHS与供应复核,ledger-007-smipoly-2023;ledger-135-yue-2024-polyuniverse-data;ledger-136-yue-2024-polyuniverse;ledger-137-yue-polyuniverse-code
combo_5b124668efdd7345,polyuniverse_dinco_055819dc5371734047d1,N#COC1CCC(CC2CCC(N=C=O)C(CC3CCC(N=C=O)CC3)C2)CC1,399.535,chemical_f59a0ec9b5c263ad,CCCCCCCCC(CO)(CO)CCCCCCCC,300.527,chemical_706c38f2fda91d2c,CCC(C)(c1ccc(O)cc1)c1ccc(O)cc1,242.318,平衡轮转；非全笛卡尔积,three_components_passed_prototype_gate,未采购未合成；需路线、EHS与供应复核,ledger-007-smipoly-2023;ledger-135-yue-2024-polyuniverse-data;ledger-136-yue-2024-polyuniverse;ledger-137-yue-polyuniverse-code
combo_5b5a9f5ddc7ef57c,polyuniverse_dinco_bd1652fdf1dacee4093c,O=C=NCCC12CCC(C1)C1CCCC12CCN=C=O,274.364,chemical_a2cf8157d0f77432,OC(c1cccc(C(O)(C(F)(F)F)C(F)(F)F)c1)(C(F)(F)F)C(F)(F)F,410.154,chemical_48e0f37b8f35d22d,Cc1c(C)c(CO)c(C)c(C)c1CO,194.274,平衡轮转；非全笛卡尔积,three_components_passed_prototype_gate,未采购未合成；需路线、EHS与供应复核,ledger-007-smipoly-2023;ledger-135-yue-2024-polyuniverse-data;ledger-136-yue-2024-polyuniverse;ledger-137-yue-polyuniverse-code
combo_5b5e2266b568ef10,polyuniverse_dinco_01e918a682cd6d3022ac,N#COc1cc(-c2cc(N=C=O)oc2OC#N)c(N=C=O)o1,298.17,chemical_1f862d0fb910ec42,Oc1ccc(C2(c3ccc(O)cc3)CCCCC2)cc1,268.356,chemical_79b196ca779aae4e,OCc1ccccc1CO,138.166,平衡轮转；非全笛卡尔积,three_components_passed_prototype_gate,未采购未合成；需路线、EHS与供应复核,ledger-007-smipoly-2023;ledger-135-yue-2024-polyuniverse-data;ledger-136-yue-2024-polyuniverse;ledger-137-yue-polyuniverse-code
combo_5ba33337a456f6a0,polyuniverse_dinco_9a439aa6493516a05f38,Cc1ccc(C(C)N=C=O)c(C(C)N=C=O)c1C,244.294,chemical_b94fa835d3f1bdb8,CC(C)(CO)C1OCC2(CO1)COC(C(C)(C)CO)OC2,304.383,chemical_831d24f7368b3f75,Cc1cc(-c2cc(C)c(O)c(C)c2)cc(C)c1O,242.318,平衡轮转；非全笛卡尔积,three_components_passed_prototype_gate,未采购未合成；需路线、EHS与供应复核,ledger-007-smipoly-2023;ledger-135-yue-2024-polyuniverse-data;ledger-136-yue-2024-polyuniverse;ledger-137-yue-polyuniverse-code
combo_5c3c01a89fc7c042,polyuniverse_dinco_72c91e88a4c33aabb96c,O=C=Nc1no[n+]([O-])c1N=C=O,168.068,chemical_ff8d497a35fecaa4,OC(C(F)(F)F)(C(F)(F)F)C(O)(C(F)(F)F)C(F)(F)F,334.056,chemical_16bdee252ed11d7a,CC(O)C(C)O,90.122,平衡轮转；非全笛卡尔积,three_components_passed_prototype_gate,未采购未合成；需路线、EHS与供应复核,ledger-007-smipoly-2023;ledger-135-yue-2024-polyuniverse-data;ledger-136-yue-2024-polyuniverse;ledger-137-yue-polyuniverse-code
combo_5c5658a88cdba1f2,polyuniverse_dinco_7988a8eeb838489f4eaf,O=C=NCCCCC(COc1ccc(Oc2ccccc2)cc1)N=C=O,352.39,chemical_a04b7de5081dd0a5,CC(C)CC(C)(c1ccc(O)cc1)c1ccc(O)cc1,270.372,chemical_2dad29ca9d88607e,OC1CCC(C2CCC(O)CC2)CC1,198.306,平衡轮转；非全笛卡尔积,three_components_passed_prototype_gate,未采购未合成；需路线、EHS与供应复核,ledger-007-smipoly-2023;ledger-135-yue-2024-polyuniverse-data;ledger-136-yue-2024-polyuniverse;ledger-137-yue-polyuniverse-code
combo_5c7a629755f280a9,polyuniverse_dinco_d9e0e5b183928d0c3023,CC(C)(N=C=O)c1ccc2c(C(C)(C)N=C=O)cccc2c1,294.354,chemical_58b2613823466190,CC(C)(C)c1cc(-c2cc(C(C)(C)C)cc(C(C)(C)C)c2O)c(O)c(C(C)(C)C)c1,410.642,chemical_551a139d1b44a292,OC12CC3CC(C1)CC(O)(C3)C2,168.236,平衡轮转；非全笛卡尔积,three_components_passed_prototype_gate,未采购未合成；需路线、EHS与供应复核,ledger-007-smipoly-2023;ledger-135-yue-2024-polyuniverse-data;ledger-136-yue-2024-polyuniverse;ledger-137-yue-polyuniverse-code
combo_5c82e05b470ed063,polyuniverse_dinco_016bfd4c165aa545a7db,Cc1c(CCCCCCN=C=O)cccc1N=C=O,258.321,chemical_a2cf8157d0f77432,OC(c1cccc(C(O)(C(F)(F)F)C(F)(F)F)c1)(C(F)(F)F)C(F)(F)F,410.154,chemical_831d24f7368b3f75,Cc1cc(-c2cc(C)c(O)c(C)c2)cc(C)c1O,242.318,平衡轮转；非全笛卡尔积,three_components_passed_prototype_gate,未采购未合成；需路线、EHS与供应复核,ledger-007-smipoly-2023;ledger-135-yue-2024-polyuniverse-data;ledger-136-yue-2024-polyuniverse;ledger-137-yue-polyuniverse-code
combo_5db87e7419e3990a,polyuniverse_dinco_9a439aa6493516a05f38,Cc1ccc(C(C)N=C=O)c(C(C)N=C=O)c1C,244.294,chemical_b94fa835d3f1bdb8,CC(C)(CO)C1OCC2(CO1)COC(C(C)(C)CO)OC2,304.383,chemical_9a89f0adbd70529b,OCC(F)(F)C(F)(F)C(F)(F)CO,212.089,平衡轮转；非全笛卡尔积,three_components_passed_prototype_gate,未采购未合成；需路线、EHS与供应复核,ledger-007-smipoly-2023;ledger-135-yue-2024-polyuniverse-data;ledger-136-yue-2024-polyuniverse;ledger-137-yue-polyuniverse-code
combo_5e05f72e8ea98bfb,polyuniverse_dinco_ac4be1eff9a2d8a5bde3,CCCc1cc(C(C)C)c(N=C=O)c(CCC)c1N=C=O,286.375,chemical_3a566be4d64035e3,Oc1ccc(-c2ccc(O)c(Br)c2)cc1Br,344.002,chemical_2a0d22152800ae85,Oc1ccc(Oc2ccc(O)cc2)cc1,202.209,平衡轮转；非全笛卡尔积,three_components_passed_prototype_gate,未采购未合成；需路线、EHS与供应复核,ledger-007-smipoly-2023;ledger-135-yue-2024-polyuniverse-data;ledger-136-yue-2024-polyuniverse;ledger-137-yue-polyuniverse-code
combo_5e0b8ca25d64c127,polyuniverse_dinco_3cd70e5831ba4d233e46,CCCCCCC1(CCCCCC)c2cc(N=C=O)ccc2-c2ccc(N=C=O)cc21,416.565,chemical_e34b1bd2b88ad439,CC(C)(c1ccc(O)c(C2CCCCC2)c1)c1ccc(O)c(C2CCCCC2)c1,392.583,chemical_63c6eb608324eca7,OCC1CC2C3CC(CO)C(C3)C2C1,196.29,平衡轮转；非全笛卡尔积,three_components_passed_prototype_gate,未采购未合成；需路线、EHS与供应复核,ledger-007-smipoly-2023;ledger-135-yue-2024-polyuniverse-data;ledger-136-yue-2024-polyuniverse;ledger-137-yue-polyuniverse-code
combo_5eb93ffc29c35174,polyuniverse_dinco_e6e130471887a66db2b6,CCOC(N=C=O)(OCC)C(N=C=O)c1ccccc1-c1ccccc1,352.39,chemical_b94fa835d3f1bdb8,CC(C)(CO)C1OCC2(CO1)COC(C(C)(C)CO)OC2,304.383,chemical_534466643d7ae4c0,Oc1ccccc1Oc1ccccc1O,202.209,平衡轮转；非全笛卡尔积,three_components_passed_prototype_gate,未采购未合成；需路线、EHS与供应复核,ledger-007-smipoly-2023;ledger-135-yue-2024-polyuniverse-data;ledger-136-yue-2024-polyuniverse;ledger-137-yue-polyuniverse-code
combo_5f3287174932a70b,polyuniverse_dinco_d6e57fb34f6442032c80,COc1ccc(OC)c(N(c2ccc(N=C=O)cc2)c2ccc(N=C=O)cc2)c1,387.395,chemical_e4aa17432292bb19,Cc1cc2c(cc1O)C(C)(C)CC1(CC(C)(C)c3cc(O)c(C)cc3O1)O2,368.473,chemical_63c6eb608324eca7,OCC1CC2C3CC(CO)C(C3)C2C1,196.29,平衡轮转；非全笛卡尔积,three_components_passed_prototype_gate,未采购未合成；需路线、EHS与供应复核,ledger-007-smipoly-2023;ledger-135-yue-2024-polyuniverse-data;ledger-136-yue-2024-polyuniverse;ledger-137-yue-polyuniverse-code
combo_5f71ec690c845cf3,polyuniverse_dinco_629ef888e16fc71a3a21,CC(CN=C=O)CO[C@@H]1COC2C1OCC2(C)OCC(C)CN=C=O,354.403,chemical_3a566be4d64035e3,Oc1ccc(-c2ccc(O)c(Br)c2)cc1Br,344.002,chemical_2a0d22152800ae85,Oc1ccc(Oc2ccc(O)cc2)cc1,202.209,平衡轮转；非全笛卡尔积,three_components_passed_prototype_gate,未采购未合成；需路线、EHS与供应复核,ledger-007-smipoly-2023;ledger-135-yue-2024-polyuniverse-data;ledger-136-yue-2024-polyuniverse;ledger-137-yue-polyuniverse-code
combo_5f8383d319db6e5c,polyuniverse_dinco_f4a3c1923033f08d5b48,Cc1c(Cl)cc(N=C=O)cc1C(Cl)(N=C=O)c1ccccc1,333.174,chemical_6364c045bd73da83,Oc1cccc(Oc2ccc(Oc3cccc(O)c3)cc2)c1,294.306,chemical_63c6eb608324eca7,OCC1CC2C3CC(CO)C(C3)C2C1,196.29,平衡轮转；非全笛卡尔积,three_components_passed_prototype_gate,未采购未合成；需路线、EHS与供应复核,ledger-007-smipoly-2023;ledger-135-yue-2024-polyuniverse-data;ledger-136-yue-2024-polyuniverse;ledger-137-yue-polyuniverse-code
combo_5fb76b1b9b352653,polyuniverse_dinco_629ef888e16fc71a3a21,CC(CN=C=O)CO[C@@H]1COC2C1OCC2(C)OCC(C)CN=C=O,354.403,chemical_1f862d0fb910ec42,Oc1ccc(C2(c3ccc(O)cc3)CCCCC2)cc1,268.356,chemical_1ace6e6abb3b5be3,Oc1ccc(O)c2c1C1CCC2C1,176.215,平衡轮转；非全笛卡尔积,three_components_passed_prototype_gate,未采购未合成；需路线、EHS与供应复核,ledger-007-smipoly-2023;ledger-135-yue-2024-polyuniverse-data;ledger-136-yue-2024-polyuniverse;ledger-137-yue-polyuniverse-code
combo_5fbb20c5e2e0e7de,polyuniverse_dinco_473f746a39152067a95e,O=C=Nc1ccc(OCC(F)(F)C(F)F)c(N=C=O)c1,290.172,chemical_e34b1bd2b88ad439,CC(C)(c1ccc(O)c(C2CCCCC2)c1)c1ccc(O)c(C2CCCCC2)c1,392.583,chemical_dd2ebb8c8aeed446,Oc1ccc2c(O)cccc2c1,160.172,平衡轮转；非全笛卡尔积,three_components_passed_prototype_gate,未采购未合成；需路线、EHS与供应复核,ledger-007-smipoly-2023;ledger-135-yue-2024-polyuniverse-data;ledger-136-yue-2024-polyuniverse;ledger-137-yue-polyuniverse-code
combo_5fe993c656ffffd1,polyuniverse_dinco_a5809ed0bb50011d11e7,CC(C)c1ncc(F)c(C(C)CC2Cc3c(nc4c(c3N=C=O)CCC4)C2C)c1N=C=O,434.515,chemical_3a566be4d64035e3,Oc1ccc(-c2ccc(O)c(Br)c2)cc1Br,344.002,chemical_79b196ca779aae4e,OCc1ccccc1CO,138.166,平衡轮转；非全笛卡尔积,three_components_passed_prototype_gate,未采购未合成；需路线、EHS与供应复核,ledger-007-smipoly-2023;ledger-135-yue-2024-polyuniverse-data;ledger-136-yue-2024-polyuniverse;ledger-137-yue-polyuniverse-code
combo_5ff76c799f9e75f7,polyuniverse_dinco_236875b2e3fa5e54ba5a,CCC(N=C=O)c1cc(C#N)cc(C(CC)N=C=O)c1,269.304,chemical_1f862d0fb910ec42,Oc1ccc(C2(c3ccc(O)cc3)CCCCC2)cc1,268.356,chemical_2a0d22152800ae85,Oc1ccc(Oc2ccc(O)cc2)cc1,202.209,平衡轮转；非全笛卡尔积,three_components_passed_prototype_gate,未采购未合成；需路线、EHS与供应复核,ledger-007-smipoly-2023;ledger-135-yue-2024-polyuniverse-data;ledger-136-yue-2024-polyuniverse;ledger-137-yue-polyuniverse-code
combo_60225a2c3f1ae01c,polyuniverse_dinco_01a65934dd666174775c,O=C=NCCC1CC2CC1C1CCC(CCN=C=O)C21,274.364,chemical_f59a0ec9b5c263ad,CCCCCCCCC(CO)(CO)CCCCCCCC,300.527,chemical_16bdee252ed11d7a,CC(O)C(C)O,90.122,平衡轮转；非全笛卡尔积,three_components_passed_prototype_gate,未采购未合成；需路线、EHS与供应复核,ledger-007-smipoly-2023;ledger-135-yue-2024-polyuniverse-data;ledger-136-yue-2024-polyuniverse;ledger-137-yue-polyuniverse-code
combo_60241343c6bb8097,polyuniverse_dinco_c24771e4eb3229cc941d,[C-]#[N+]C1(N=C=O)CCC(C)([N+]#[C-])C(N=C=O)C1,230.227,chemical_b94fa835d3f1bdb8,CC(C)(CO)C1OCC2(CO1)COC(C(C)(C)CO)OC2,304.383,chemical_831d24f7368b3f75,Cc1cc(-c2cc(C)c(O)c(C)c2)cc(C)c1O,242.318,平衡轮转；非全笛卡尔积,three_components_passed_prototype_gate,未采购未合成；需路线、EHS与供应复核,ledger-007-smipoly-2023;ledger-135-yue-2024-polyuniverse-data;ledger-136-yue-2024-polyuniverse;ledger-137-yue-polyuniverse-code
combo_60f385a6236eced9,polyuniverse_dinco_92d8be6885e141a4524f,Cc1ccc(Cc2ccc(Cl)cc2)c(N=C=O)c1N=C=O,298.729,chemical_e34b1bd2b88ad439,CC(C)(c1ccc(O)c(C2CCCCC2)c1)c1ccc(O)c(C2CCCCC2)c1,392.583,chemical_6ee30a16c1c450ed,OC1CCCCC1O,116.16,平衡轮转；非全笛卡尔积,three_components_passed_prototype_gate,未采购未合成；需路线、EHS与供应复核,ledger-007-smipoly-2023;ledger-135-yue-2024-polyuniverse-data;ledger-136-yue-2024-polyuniverse;ledger-137-yue-polyuniverse-code
combo_60fc645e302f4409,polyuniverse_dinco_9433642f6ab558269707,O=C=NC1CCOC1N=C=O,154.125,chemical_1f862d0fb910ec42,Oc1ccc(C2(c3ccc(O)cc3)CCCCC2)cc1,268.356,chemical_2a0d22152800ae85,Oc1ccc(Oc2ccc(O)cc2)cc1,202.209,平衡轮转；非全笛卡尔积,three_components_passed_prototype_gate,未采购未合成；需路线、EHS与供应复核,ledger-007-smipoly-2023;ledger-135-yue-2024-polyuniverse-data;ledger-136-yue-2024-polyuniverse;ledger-137-yue-polyuniverse-code
combo_6117fa1b871ca596,polyuniverse_dinco_4e634aebc4fcf9faf957,O=C=NCc1ccc(CN=C=O)c(N=Nc2ccc([N+](=O)[O-])cc2)c1,337.295,chemical_e4aa17432292bb19,Cc1cc2c(cc1O)C(C)(C)CC1(CC(C)(C)c3cc(O)c(C)cc3O1)O2,368.473,chemical_63c6eb608324eca7,OCC1CC2C3CC(CO)C(C3)C2C1,196.29,平衡轮转；非全笛卡尔积,three_components_passed_prototype_gate,未采购未合成；需路线、EHS与供应复核,ledger-007-smipoly-2023;ledger-135-yue-2024-polyuniverse-data;ledger-136-yue-2024-polyuniverse;ledger-137-yue-polyuniverse-code
combo_61366a9d869ee6c1,polyuniverse_dinco_8ec7a31c579192711514,CC1CCC2C(C1)C(N=C=O)C1C3CCC(C3)C1C2N=C=O,300.402,chemical_a2cf8157d0f77432,OC(c1cccc(C(O)(C(F)(F)F)C(F)(F)F)c1)(C(F)(F)F)C(F)(F)F,410.154,chemical_3635aefc1005d8ad,CC(C)(O)CCC(C)(C)O,146.23,平衡轮转；非全笛卡尔积,three_components_passed_prototype_gate,未采购未合成；需路线、EHS与供应复核,ledger-007-smipoly-2023;ledger-135-yue-2024-polyuniverse-data;ledger-136-yue-2024-polyuniverse;ledger-137-yue-polyuniverse-code
combo_6184da2b45a7e602,polyuniverse_dinco_7bf0d3c1efc36d46299a,O=C=NCCCC(CN=C=O)CC12CCC(CC1)C2,262.353,chemical_34962dac292231e7,Cc1cc(Cc2cc(C)c(O)c(C)c2)cc(C)c1O,256.345,chemical_2dad29ca9d88607e,OC1CCC(C2CCC(O)CC2)CC1,198.306,平衡轮转；非全笛卡尔积,three_components_passed_prototype_gate,未采购未合成；需路线、EHS与供应复核,ledger-007-smipoly-2023;ledger-135-yue-2024-polyuniverse-data;ledger-136-yue-2024-polyuniverse;ledger-137-yue-polyuniverse-code
combo_61b33e49405e8c6d,polyuniverse_dinco_2337b9bdfd4a7449f5ba,Cc1ccc(-n2nc(C(C)(C)C)c(N=C=O)c2N=C=O)cc1,296.33,chemical_ff8d497a35fecaa4,OC(C(F)(F)F)(C(F)(F)F)C(O)(C(F)(F)F)C(F)(F)F,334.056,chemical_706c38f2fda91d2c,CCC(C)(c1ccc(O)cc1)c1ccc(O)cc1,242.318,平衡轮转；非全笛卡尔积,three_components_passed_prototype_gate,未采购未合成；需路线、EHS与供应复核,ledger-007-smipoly-2023;ledger-135-yue-2024-polyuniverse-data;ledger-136-yue-2024-polyuniverse;ledger-137-yue-polyuniverse-code
combo_61bbd2f0fd94331e,polyuniverse_dinco_c1050e20fc33beb7e09a,CC(CCN=C=O)CC(C)C(C)N=C=O,210.277,chemical_694871d5e95b7370,Oc1c(F)c(F)c(-c2c(F)c(F)c(O)c(F)c2F)c(F)c1F,330.13,chemical_706c38f2fda91d2c,CCC(C)(c1ccc(O)cc1)c1ccc(O)cc1,242.318,平衡轮转；非全笛卡尔积,three_components_passed_prototype_gate,未采购未合成；需路线、EHS与供应复核,ledger-007-smipoly-2023;ledger-135-yue-2024-polyuniverse-data;ledger-136-yue-2024-polyuniverse;ledger-137-yue-polyuniverse-code
combo_61cc83237b62f845,polyuniverse_dinco_d6e57fb34f6442032c80,COc1ccc(OC)c(N(c2ccc(N=C=O)cc2)c2ccc(N=C=O)cc2)c1,387.395,chemical_e34b1bd2b88ad439,CC(C)(c1ccc(O)c(C2CCCCC2)c1)c1ccc(O)c(C2CCCCC2)c1,392.583,chemical_6ee30a16c1c450ed,OC1CCCCC1O,116.16,平衡轮转；非全笛卡尔积,three_components_passed_prototype_gate,未采购未合成；需路线、EHS与供应复核,ledger-007-smipoly-2023;ledger-135-yue-2024-polyuniverse-data;ledger-136-yue-2024-polyuniverse;ledger-137-yue-polyuniverse-code
combo_622aec161df8683d,polyuniverse_dinco_ba183439d0e722cfbeb8,O=C=Nc1ccc(C(c2ccc(N=C=O)cc2)n2ccnc2)cc1,316.32,chemical_58b2613823466190,CC(C)(C)c1cc(-c2cc(C(C)(C)C)cc(C(C)(C)C)c2O)c(O)c(C(C)(C)C)c1,410.642,chemical_c68025b85cef6d56,OCC(CO)OCc1ccccc1,182.219,平衡轮转；非全笛卡尔积,three_components_passed_prototype_gate,未采购未合成；需路线、EHS与供应复核,ledger-007-smipoly-2023;ledger-135-yue-2024-polyuniverse-data;ledger-136-yue-2024-polyuniverse;ledger-137-yue-polyuniverse-code
combo_627e5ecac846de63,polyuniverse_dinco_4bd62448d543828bc87c,CC(C)CC(CC(C)C)(CC(CC(C)C)(CC(C)C)N=C=O)N=C=O,350.547,chemical_a04b7de5081dd0a5,CC(C)CC(C)(c1ccc(O)cc1)c1ccc(O)cc1,270.372,chemical_2a0d22152800ae85,Oc1ccc(Oc2ccc(O)cc2)cc1,202.209,平衡轮转；非全笛卡尔积,three_components_passed_prototype_gate,未采购未合成；需路线、EHS与供应复核,ledger-007-smipoly-2023;ledger-135-yue-2024-polyuniverse-data;ledger-136-yue-2024-polyuniverse;ledger-137-yue-polyuniverse-code
combo_628c384c53c7a9ac,polyuniverse_dinco_854f6f15dafaadb28034,O=C=Nc1ccc2c([nH]c3ccccc32)c1N=C=O,249.229,chemical_34962dac292231e7,Cc1cc(Cc2cc(C)c(O)c(C)c2)cc(C)c1O,256.345,chemical_79b196ca779aae4e,OCc1ccccc1CO,138.166,平衡轮转；非全笛卡尔积,three_components_passed_prototype_gate,未采购未合成；需路线、EHS与供应复核,ledger-007-smipoly-2023;ledger-135-yue-2024-polyuniverse-data;ledger-136-yue-2024-polyuniverse;ledger-137-yue-polyuniverse-code
combo_629be49a7a136c06,polyuniverse_dinco_00a778151d7a7401ddb6,CC(CCCC(N=C=O)(C1CCCCC1)C1CCCCC1)C(C)(C)N=C=O,374.569,chemical_3a566be4d64035e3,Oc1ccc(-c2ccc(O)c(Br)c2)cc1Br,344.002,chemical_2dad29ca9d88607e,OC1CCC(C2CCC(O)CC2)CC1,198.306,平衡轮转；非全笛卡尔积,three_components_passed_prototype_gate,未采购未合成；需路线、EHS与供应复核,ledger-007-smipoly-2023;ledger-135-yue-2024-polyuniverse-data;ledger-136-yue-2024-polyuniverse;ledger-137-yue-polyuniverse-code
combo_62ad526aae63f710,polyuniverse_dinco_43658c980f2b703f5352,O=C=Nc1cc2c(N=C=O)c(c1Cl)-c1ccc-2cc1Cl,303.104,chemical_6364c045bd73da83,Oc1cccc(Oc2ccc(Oc3cccc(O)c3)cc2)c1,294.306,chemical_63c6eb608324eca7,OCC1CC2C3CC(CO)C(C3)C2C1,196.29,平衡轮转；非全笛卡尔积,three_components_passed_prototype_gate,未采购未合成；需路线、EHS与供应复核,ledger-007-smipoly-2023;ledger-135-yue-2024-polyuniverse-data;ledger-136-yue-2024-polyuniverse;ledger-137-yue-polyuniverse-code
combo_62cf79e85a522b59,polyuniverse_dinco_055819dc5371734047d1,N#COC1CCC(CC2CCC(N=C=O)C(CC3CCC(N=C=O)CC3)C2)CC1,399.535,chemical_ff8d497a35fecaa4,OC(C(F)(F)F)(C(F)(F)F)C(O)(C(F)(F)F)C(F)(F)F,334.056,chemical_72b7ed7d3d268fd7,CC(C)CC(CO)(CO)CC(C)C,188.311,平衡轮转；非全笛卡尔积,three_components_passed_prototype_gate,未采购未合成；需路线、EHS与供应复核,ledger-007-smipoly-2023;ledger-135-yue-2024-polyuniverse-data;ledger-136-yue-2024-polyuniverse;ledger-137-yue-polyuniverse-code
combo_63221017cfada9a1,polyuniverse_dinco_ff2f153939a86421b3aa,O=C=NCC1CN2CC1CC2CN=C=O,207.233,chemical_f59a0ec9b5c263ad,CCCCCCCCC(CO)(CO)CCCCCCCC,300.527,chemical_6ee30a16c1c450ed,OC1CCCCC1O,116.16,平衡轮转；非全笛卡尔积,three_components_passed_prototype_gate,未采购未合成；需路线、EHS与供应复核,ledger-007-smipoly-2023;ledger-135-yue-2024-polyuniverse-data;ledger-136-yue-2024-polyuniverse;ledger-137-yue-polyuniverse-code
combo_6363155d10a46ba8,polyuniverse_dinco_ba183439d0e722cfbeb8,O=C=Nc1ccc(C(c2ccc(N=C=O)cc2)n2ccnc2)cc1,316.32,chemical_694871d5e95b7370,Oc1c(F)c(F)c(-c2c(F)c(F)c(O)c(F)c2F)c(F)c1F,330.13,chemical_16bdee252ed11d7a,CC(O)C(C)O,90.122,平衡轮转；非全笛卡尔积,three_components_passed_prototype_gate,未采购未合成；需路线、EHS与供应复核,ledger-007-smipoly-2023;ledger-135-yue-2024-polyuniverse-data;ledger-136-yue-2024-polyuniverse;ledger-137-yue-polyuniverse-code
combo_638f2b4ae55ec11d,polyuniverse_dinco_7ae84879e7df0d84fdfa,O=C=NC1(F)C(F)(F)C(F)(F)C(F)(F)C(F)(F)C1(F)N=C=O,346.08,chemical_ff8d497a35fecaa4,OC(C(F)(F)F)(C(F)(F)F)C(O)(C(F)(F)F)C(F)(F)F,334.056,chemical_72b7ed7d3d268fd7,CC(C)CC(CO)(CO)CC(C)C,188.311,平衡轮转；非全笛卡尔积,three_components_passed_prototype_gate,未采购未合成；需路线、EHS与供应复核,ledger-007-smipoly-2023;ledger-135-yue-2024-polyuniverse-data;ledger-136-yue-2024-polyuniverse;ledger-137-yue-polyuniverse-code
combo_63e0296efb96b6e8,polyuniverse_dinco_055819dc5371734047d1,N#COC1CCC(CC2CCC(N=C=O)C(CC3CCC(N=C=O)CC3)C2)CC1,399.535,chemical_f59a0ec9b5c263ad,CCCCCCCCC(CO)(CO)CCCCCCCC,300.527,chemical_6ee30a16c1c450ed,OC1CCCCC1O,116.16,平衡轮转；非全笛卡尔积,three_components_passed_prototype_gate,未采购未合成；需路线、EHS与供应复核,ledger-007-smipoly-2023;ledger-135-yue-2024-polyuniverse-data;ledger-136-yue-2024-polyuniverse;ledger-137-yue-polyuniverse-code
combo_63e69d4d6f63a787,polyuniverse_dinco_85368c1d86f60fbe6dfa,O=C=NCC1CCC(CN=C=O)(CC2CCCCC2)CC1CC1CCCCC1,386.58,chemical_e34b1bd2b88ad439,CC(C)(c1ccc(O)c(C2CCCCC2)c1)c1ccc(O)c(C2CCCCC2)c1,392.583,chemical_ca5e105838153c99,CCC(CO)CC(CC)CO,160.257,平衡轮转；非全笛卡尔积,three_components_passed_prototype_gate,未采购未合成；需路线、EHS与供应复核,ledger-007-smipoly-2023;ledger-135-yue-2024-polyuniverse-data;ledger-136-yue-2024-polyuniverse;ledger-137-yue-polyuniverse-code
combo_63e873e40f577ce2,polyuniverse_dinco_8a880932a5a3f4f0ae1c,CC1CC(N=C=O)CCC1C1CC(C)(C)C(N=C=O)CC1C,304.434,chemical_6364c045bd73da83,Oc1cccc(Oc2ccc(Oc3cccc(O)c3)cc2)c1,294.306,chemical_ca5e105838153c99,CCC(CO)CC(CC)CO,160.257,平衡轮转；非全笛卡尔积,three_components_passed_prototype_gate,未采购未合成；需路线、EHS与供应复核,ledger-007-smipoly-2023;ledger-135-yue-2024-polyuniverse-data;ledger-136-yue-2024-polyuniverse;ledger-137-yue-polyuniverse-code
combo_64202d9d5a75c68e,polyuniverse_dinco_f52819a239fd8e98087e,O=C=Nc1ccc2ccc(N=C=O)c([N+](=O)[O-])c2c1[N+](=O)[O-],300.186,chemical_a04b7de5081dd0a5,CC(C)CC(C)(c1ccc(O)cc1)c1ccc(O)cc1,270.372,chemical_7eec20377145fdb7,CC1(C)C(O)C(C)(C)C1O,144.214,平衡轮转；非全笛卡尔积,three_components_passed_prototype_gate,未采购未合成；需路线、EHS与供应复核,ledger-007-smipoly-2023;ledger-135-yue-2024-polyuniverse-data;ledger-136-yue-2024-polyuniverse;ledger-137-yue-polyuniverse-code
combo_64c928f7f9045222,polyuniverse_dinco_d6e57fb34f6442032c80,COc1ccc(OC)c(N(c2ccc(N=C=O)cc2)c2ccc(N=C=O)cc2)c1,387.395,chemical_f59a0ec9b5c263ad,CCCCCCCCC(CO)(CO)CCCCCCCC,300.527,chemical_706c38f2fda91d2c,CCC(C)(c1ccc(O)cc1)c1ccc(O)cc1,242.318,平衡轮转；非全笛卡尔积,three_components_passed_prototype_gate,未采购未合成；需路线、EHS与供应复核,ledger-007-smipoly-2023;ledger-135-yue-2024-polyuniverse-data;ledger-136-yue-2024-polyuniverse;ledger-137-yue-polyuniverse-code
combo_650c00bdf5f21fd2,polyuniverse_dinco_ab4efb95ee1f94419689,Cc1cc2c(c(C)c1N=C=O)C(C)(C)CC21CC(C)(C)c2cc(C)c(N=C=O)c(C)c21,414.549,chemical_e34b1bd2b88ad439,CC(C)(c1ccc(O)c(C2CCCCC2)c1)c1ccc(O)c(C2CCCCC2)c1,392.583,chemical_6ee30a16c1c450ed,OC1CCCCC1O,116.16,平衡轮转；非全笛卡尔积,three_components_passed_prototype_gate,未采购未合成；需路线、EHS与供应复核,ledger-007-smipoly-2023;ledger-135-yue-2024-polyuniverse-data;ledger-136-yue-2024-polyuniverse;ledger-137-yue-polyuniverse-code
combo_6540e71cff84a52c,polyuniverse_dinco_00a778151d7a7401ddb6,CC(CCCC(N=C=O)(C1CCCCC1)C1CCCCC1)C(C)(C)N=C=O,374.569,chemical_34962dac292231e7,Cc1cc(Cc2cc(C)c(O)c(C)c2)cc(C)c1O,256.345,chemical_2dad29ca9d88607e,OC1CCC(C2CCC(O)CC2)CC1,198.306,平衡轮转；非全笛卡尔积,three_components_passed_prototype_gate,未采购未合成；需路线、EHS与供应复核,ledger-007-smipoly-2023;ledger-135-yue-2024-polyuniverse-data;ledger-136-yue-2024-polyuniverse;ledger-137-yue-polyuniverse-code
combo_65758c01819913cc,polyuniverse_dinco_569c13453ff070989050,[C-]#[N+]c1cc2c(N=C=O)c(C#N)c(C#N)cc2c(N=C=O)c1[N+]#[C-],310.232,chemical_5e814be594638bdc,OCCCCCCCCCCCCCCCCO,258.446,chemical_63c6eb608324eca7,OCC1CC2C3CC(CO)C(C3)C2C1,196.29,平衡轮转；非全笛卡尔积,three_components_passed_prototype_gate,未采购未合成；需路线、EHS与供应复核,ledger-007-smipoly-2023;ledger-135-yue-2024-polyuniverse-data;ledger-136-yue-2024-polyuniverse;ledger-137-yue-polyuniverse-code
combo_65d7a2fa4261411b,polyuniverse_dinco_29fcbdd3c8cf8655b397,CCCCC(CC)(CCC)CC1(N=C=O)CCC(C)C(N=C=O)C1,334.504,chemical_ff8d497a35fecaa4,OC(C(F)(F)F)(C(F)(F)F)C(O)(C(F)(F)F)C(F)(F)F,334.056,chemical_1ace6e6abb3b5be3,Oc1ccc(O)c2c1C1CCC2C1,176.215,平衡轮转；非全笛卡尔积,three_components_passed_prototype_gate,未采购未合成；需路线、EHS与供应复核,ledger-007-smipoly-2023;ledger-135-yue-2024-polyuniverse-data;ledger-136-yue-2024-polyuniverse;ledger-137-yue-polyuniverse-code
combo_65ea34e8298078fa,polyuniverse_dinco_d6e57fb34f6442032c80,COc1ccc(OC)c(N(c2ccc(N=C=O)cc2)c2ccc(N=C=O)cc2)c1,387.395,chemical_f59a0ec9b5c263ad,CCCCCCCCC(CO)(CO)CCCCCCCC,300.527,chemical_72b7ed7d3d268fd7,CC(C)CC(CO)(CO)CC(C)C,188.311,平衡轮转；非全笛卡尔积,three_components_passed_prototype_gate,未采购未合成；需路线、EHS与供应复核,ledger-007-smipoly-2023;ledger-135-yue-2024-polyuniverse-data;ledger-136-yue-2024-polyuniverse;ledger-137-yue-polyuniverse-code
combo_6624d90d1fe003a0,polyuniverse_dinco_d51030c05f20bb2a75df,O=C=NC(C1CCCCC1)C(N=C=O)C1CCCCC1,276.38,chemical_5e814be594638bdc,OCCCCCCCCCCCCCCCCO,258.446,chemical_c68025b85cef6d56,OCC(CO)OCc1ccccc1,182.219,平衡轮转；非全笛卡尔积,three_components_passed_prototype_gate,未采购未合成；需路线、EHS与供应复核,ledger-007-smipoly-2023;ledger-135-yue-2024-polyuniverse-data;ledger-136-yue-2024-polyuniverse;ledger-137-yue-polyuniverse-code
combo_667265ca88afa1e2,polyuniverse_dinco_9b5b57e40f8c219871cd,O=C=NCCC(O[C@@H]1COC2C1OC[C@H]2OC(CCN=C=O)c1ccco1)c1ccco1,444.44,chemical_f59a0ec9b5c263ad,CCCCCCCCC(CO)(CO)CCCCCCCC,300.527,chemical_1ace6e6abb3b5be3,Oc1ccc(O)c2c1C1CCC2C1,176.215,平衡轮转；非全笛卡尔积,three_components_passed_prototype_gate,未采购未合成；需路线、EHS与供应复核,ledger-007-smipoly-2023;ledger-135-yue-2024-polyuniverse-data;ledger-136-yue-2024-polyuniverse;ledger-137-yue-polyuniverse-code
combo_66f0a2e2e2f162bf,polyuniverse_dinco_d51030c05f20bb2a75df,O=C=NC(C1CCCCC1)C(N=C=O)C1CCCCC1,276.38,chemical_6364c045bd73da83,Oc1cccc(Oc2ccc(Oc3cccc(O)c3)cc2)c1,294.306,chemical_dd2ebb8c8aeed446,Oc1ccc2c(O)cccc2c1,160.172,平衡轮转；非全笛卡尔积,three_components_passed_prototype_gate,未采购未合成；需路线、EHS与供应复核,ledger-007-smipoly-2023;ledger-135-yue-2024-polyuniverse-data;ledger-136-yue-2024-polyuniverse;ledger-137-yue-polyuniverse-code
combo_6702af594504f562,polyuniverse_dinco_61e84547e1c5aa376ad9,O=C=NCC12CC(C3CCCC31)C1C3CCC(C3)C12CN=C=O,312.413,chemical_ff8d497a35fecaa4,OC(C(F)(F)F)(C(F)(F)F)C(O)(C(F)(F)F)C(F)(F)F,334.056,chemical_706c38f2fda91d2c,CCC(C)(c1ccc(O)cc1)c1ccc(O)cc1,242.318,平衡轮转；非全笛卡尔积,three_components_passed_prototype_gate,未采购未合成；需路线、EHS与供应复核,ledger-007-smipoly-2023;ledger-135-yue-2024-polyuniverse-data;ledger-136-yue-2024-polyuniverse;ledger-137-yue-polyuniverse-code
combo_6716f8a03e107386,polyuniverse_dinco_20ab49a32ae47e829378,Cc1c(C)c(N=C=O)c(C2CCCCC2)c(C)c1N=C=O,284.359,chemical_b94fa835d3f1bdb8,CC(C)(CO)C1OCC2(CO1)COC(C(C)(C)CO)OC2,304.383,chemical_534466643d7ae4c0,Oc1ccccc1Oc1ccccc1O,202.209,平衡轮转；非全笛卡尔积,three_components_passed_prototype_gate,未采购未合成；需路线、EHS与供应复核,ledger-007-smipoly-2023;ledger-135-yue-2024-polyuniverse-data;ledger-136-yue-2024-polyuniverse;ledger-137-yue-polyuniverse-code
combo_6739747b45fbd29d,polyuniverse_dinco_bffdc5ccff4c002d8304,Cc1cc(CC2CCCCC2N=C=O)cc(N=C=O)c1,270.332,chemical_ff8d497a35fecaa4,OC(C(F)(F)F)(C(F)(F)F)C(O)(C(F)(F)F)C(F)(F)F,334.056,chemical_706c38f2fda91d2c,CCC(C)(c1ccc(O)cc1)c1ccc(O)cc1,242.318,平衡轮转；非全笛卡尔积,three_components_passed_prototype_gate,未采购未合成；需路线、EHS与供应复核,ledger-007-smipoly-2023;ledger-135-yue-2024-polyuniverse-data;ledger-136-yue-2024-polyuniverse;ledger-137-yue-polyuniverse-code
combo_6763ae9cb674d165,polyuniverse_dinco_ff2f153939a86421b3aa,O=C=NCC1CN2CC1CC2CN=C=O,207.233,chemical_ff8d497a35fecaa4,OC(C(F)(F)F)(C(F)(F)F)C(O)(C(F)(F)F)C(F)(F)F,334.056,chemical_75fb481cd45cc100,CCCCC(CC)(CO)CO,160.257,平衡轮转；非全笛卡尔积,three_components_passed_prototype_gate,未采购未合成；需路线、EHS与供应复核,ledger-007-smipoly-2023;ledger-135-yue-2024-polyuniverse-data;ledger-136-yue-2024-polyuniverse;ledger-137-yue-polyuniverse-code
combo_678b120b04d33aff,polyuniverse_dinco_4e634aebc4fcf9faf957,O=C=NCc1ccc(CN=C=O)c(N=Nc2ccc([N+](=O)[O-])cc2)c1,337.295,chemical_f59a0ec9b5c263ad,CCCCCCCCC(CO)(CO)CCCCCCCC,300.527,chemical_6ee30a16c1c450ed,OC1CCCCC1O,116.16,平衡轮转；非全笛卡尔积,three_components_passed_prototype_gate,未采购未合成；需路线、EHS与供应复核,ledger-007-smipoly-2023;ledger-135-yue-2024-polyuniverse-data;ledger-136-yue-2024-polyuniverse;ledger-137-yue-polyuniverse-code
combo_67afef72b541532b,polyuniverse_dinco_7988a8eeb838489f4eaf,O=C=NCCCCC(COc1ccc(Oc2ccccc2)cc1)N=C=O,352.39,chemical_a2cf8157d0f77432,OC(c1cccc(C(O)(C(F)(F)F)C(F)(F)F)c1)(C(F)(F)F)C(F)(F)F,410.154,chemical_48e0f37b8f35d22d,Cc1c(C)c(CO)c(C)c(C)c1CO,194.274,平衡轮转；非全笛卡尔积,three_components_passed_prototype_gate,未采购未合成；需路线、EHS与供应复核,ledger-007-smipoly-2023;ledger-135-yue-2024-polyuniverse-data;ledger-136-yue-2024-polyuniverse;ledger-137-yue-polyuniverse-code
combo_67b7da482517f40e,polyuniverse_dinco_7416e04e1592ed966a70,O=C=NCC1COC(CN=C=O)O1,184.151,chemical_1f862d0fb910ec42,Oc1ccc(C2(c3ccc(O)cc3)CCCCC2)cc1,268.356,chemical_72b7ed7d3d268fd7,CC(C)CC(CO)(CO)CC(C)C,188.311,平衡轮转；非全笛卡尔积,three_components_passed_prototype_gate,未采购未合成；需路线、EHS与供应复核,ledger-007-smipoly-2023;ledger-135-yue-2024-polyuniverse-data;ledger-136-yue-2024-polyuniverse;ledger-137-yue-polyuniverse-code
combo_67bd0d21b03310b4,polyuniverse_dinco_ba183439d0e722cfbeb8,O=C=Nc1ccc(C(c2ccc(N=C=O)cc2)n2ccnc2)cc1,316.32,chemical_6364c045bd73da83,Oc1cccc(Oc2ccc(Oc3cccc(O)c3)cc2)c1,294.306,chemical_dd2ebb8c8aeed446,Oc1ccc2c(O)cccc2c1,160.172,平衡轮转；非全笛卡尔积,three_components_passed_prototype_gate,未采购未合成；需路线、EHS与供应复核,ledger-007-smipoly-2023;ledger-135-yue-2024-polyuniverse-data;ledger-136-yue-2024-polyuniverse;ledger-137-yue-polyuniverse-code
combo_67c0363fd7317fd5,polyuniverse_dinco_ff2f153939a86421b3aa,O=C=NCC1CN2CC1CC2CN=C=O,207.233,chemical_e4aa17432292bb19,Cc1cc2c(cc1O)C(C)(C)CC1(CC(C)(C)c3cc(O)c(C)cc3O1)O2,368.473,chemical_706c38f2fda91d2c,CCC(C)(c1ccc(O)cc1)c1ccc(O)cc1,242.318,平衡轮转；非全笛卡尔积,three_components_passed_prototype_gate,未采购未合成；需路线、EHS与供应复核,ledger-007-smipoly-2023;ledger-135-yue-2024-polyuniverse-data;ledger-136-yue-2024-polyuniverse;ledger-137-yue-polyuniverse-code
combo_68559adc1e30b4cd,polyuniverse_dinco_72c91e88a4c33aabb96c,O=C=Nc1no[n+]([O-])c1N=C=O,168.068,chemical_e34b1bd2b88ad439,CC(C)(c1ccc(O)c(C2CCCCC2)c1)c1ccc(O)c(C2CCCCC2)c1,392.583,chemical_ca5e105838153c99,CCC(CO)CC(CC)CO,160.257,平衡轮转；非全笛卡尔积,three_components_passed_prototype_gate,未采购未合成；需路线、EHS与供应复核,ledger-007-smipoly-2023;ledger-135-yue-2024-polyuniverse-data;ledger-136-yue-2024-polyuniverse;ledger-137-yue-polyuniverse-code
combo_6856ef4e8aacbf13,polyuniverse_dinco_9a439aa6493516a05f38,Cc1ccc(C(C)N=C=O)c(C(C)N=C=O)c1C,244.294,chemical_a2cf8157d0f77432,OC(c1cccc(C(O)(C(F)(F)F)C(F)(F)F)c1)(C(F)(F)F)C(F)(F)F,410.154,chemical_9a89f0adbd70529b,OCC(F)(F)C(F)(F)C(F)(F)CO,212.089,平衡轮转；非全笛卡尔积,three_components_passed_prototype_gate,未采购未合成；需路线、EHS与供应复核,ledger-007-smipoly-2023;ledger-135-yue-2024-polyuniverse-data;ledger-136-yue-2024-polyuniverse;ledger-137-yue-polyuniverse-code
combo_68926db3987bbb34,polyuniverse_dinco_5a1f42c9bc88019aa254,O=C=NC1C(F)C(F)C(F)C(F)C1N=C=O,238.14,chemical_3a566be4d64035e3,Oc1ccc(-c2ccc(O)c(Br)c2)cc1Br,344.002,chemical_831d24f7368b3f75,Cc1cc(-c2cc(C)c(O)c(C)c2)cc(C)c1O,242.318,平衡轮转；非全笛卡尔积,three_components_passed_prototype_gate,未采购未合成；需路线、EHS与供应复核,ledger-007-smipoly-2023;ledger-135-yue-2024-polyuniverse-data;ledger-136-yue-2024-polyuniverse;ledger-137-yue-polyuniverse-code
combo_68e1358b28c27151,polyuniverse_dinco_81e1e90ea24f1e711a99,CC(N=C=O)C1(C)CC(N=C=O)CC(C)(C)C1,236.315,chemical_986d2a218ca14417,OCC(F)(F)C(F)(F)C(F)(F)C(F)(F)C(F)(F)C(F)(F)CO,362.11,chemical_75fb481cd45cc100,CCCCC(CC)(CO)CO,160.257,平衡轮转；非全笛卡尔积,three_components_passed_prototype_gate,未采购未合成；需路线、EHS与供应复核,ledger-007-smipoly-2023;ledger-135-yue-2024-polyuniverse-data;ledger-136-yue-2024-polyuniverse;ledger-137-yue-polyuniverse-code
combo_694fe3dc4c8797a4,polyuniverse_dinco_fd5f159552c1f70f915c,O=C=NCCC(CN(CC(CCN=C=O)([N+](=O)[O-])[N+](=O)[O-])[N+](=O)[O-])([N+](=O)[O-])[N+](=O)[O-],436.25,chemical_6364c045bd73da83,Oc1cccc(Oc2ccc(Oc3cccc(O)c3)cc2)c1,294.306,chemical_ca5e105838153c99,CCC(CO)CC(CC)CO,160.257,平衡轮转；非全笛卡尔积,three_components_passed_prototype_gate,未采购未合成；需路线、EHS与供应复核,ledger-007-smipoly-2023;ledger-135-yue-2024-polyuniverse-data;ledger-136-yue-2024-polyuniverse;ledger-137-yue-polyuniverse-code
combo_698692c10b7e8dc9,polyuniverse_dinco_1521a8e0db18b3ee10fa,CCCCC1(CC)C(N=C=O)C(CC)(CCCC)C1N=C=O,306.45,chemical_ff8d497a35fecaa4,OC(C(F)(F)F)(C(F)(F)F)C(O)(C(F)(F)F)C(F)(F)F,334.056,chemical_28a648027cd37607,OCCCCCCCCCO,160.257,平衡轮转；非全笛卡尔积,three_components_passed_prototype_gate,未采购未合成；需路线、EHS与供应复核,ledger-007-smipoly-2023;ledger-135-yue-2024-polyuniverse-data;ledger-136-yue-2024-polyuniverse;ledger-137-yue-polyuniverse-code
combo_69cec86ecdeee335,polyuniverse_dinco_1521a8e0db18b3ee10fa,CCCCC1(CC)C(N=C=O)C(CC)(CCCC)C1N=C=O,306.45,chemical_e34b1bd2b88ad439,CC(C)(c1ccc(O)c(C2CCCCC2)c1)c1ccc(O)c(C2CCCCC2)c1,392.583,chemical_f25ee56de4366915,O=[N+]([O-])c1cc(CO)ccc1CO,183.163,平衡轮转；非全笛卡尔积,three_components_passed_prototype_gate,未采购未合成；需路线、EHS与供应复核,ledger-007-smipoly-2023;ledger-135-yue-2024-polyuniverse-data;ledger-136-yue-2024-polyuniverse;ledger-137-yue-polyuniverse-code
combo_6a1e4c1b8f5c272c,polyuniverse_dinco_c716de5f027f8966961c,O=C=Nc1ccc(-c2cccc3c2C(c2ccc(N=C=O)cc2)c2ccccc2-3)cc1,400.437,chemical_e34b1bd2b88ad439,CC(C)(c1ccc(O)c(C2CCCCC2)c1)c1ccc(O)c(C2CCCCC2)c1,392.583,chemical_f25ee56de4366915,O=[N+]([O-])c1cc(CO)ccc1CO,183.163,平衡轮转；非全笛卡尔积,three_components_passed_prototype_gate,未采购未合成；需路线、EHS与供应复核,ledger-007-smipoly-2023;ledger-135-yue-2024-polyuniverse-data;ledger-136-yue-2024-polyuniverse;ledger-137-yue-polyuniverse-code
combo_6a2c175a80b5682b,polyuniverse_dinco_4acdebf340e0856a52df,CC(C)(C)c1cc(N=C=O)c2c(c1)C(C)(C)c1cc(C(C)(C)C)cc(N=C=O)c1O2,404.51,chemical_5e814be594638bdc,OCCCCCCCCCCCCCCCCO,258.446,chemical_c68025b85cef6d56,OCC(CO)OCc1ccccc1,182.219,平衡轮转；非全笛卡尔积,three_components_passed_prototype_gate,未采购未合成；需路线、EHS与供应复核,ledger-007-smipoly-2023;ledger-135-yue-2024-polyuniverse-data;ledger-136-yue-2024-polyuniverse;ledger-137-yue-polyuniverse-code
combo_6a8c89bd8fcb06e8,polyuniverse_dinco_5a1f42c9bc88019aa254,O=C=NC1C(F)C(F)C(F)C(F)C1N=C=O,238.14,chemical_34962dac292231e7,Cc1cc(Cc2cc(C)c(O)c(C)c2)cc(C)c1O,256.345,chemical_75fb481cd45cc100,CCCCC(CC)(CO)CO,160.257,平衡轮转；非全笛卡尔积,three_components_passed_prototype_gate,未采购未合成；需路线、EHS与供应复核,ledger-007-smipoly-2023;ledger-135-yue-2024-polyuniverse-data;ledger-136-yue-2024-polyuniverse;ledger-137-yue-polyuniverse-code
combo_6ad0b39a4a2787ee,polyuniverse_dinco_6037461e6c665445a257,CCCC1(CN=C=O)CC(C)CC1CN=C=O,236.315,chemical_694871d5e95b7370,Oc1c(F)c(F)c(-c2c(F)c(F)c(O)c(F)c2F)c(F)c1F,330.13,chemical_16bdee252ed11d7a,CC(O)C(C)O,90.122,平衡轮转；非全笛卡尔积,three_components_passed_prototype_gate,未采购未合成；需路线、EHS与供应复核,ledger-007-smipoly-2023;ledger-135-yue-2024-polyuniverse-data;ledger-136-yue-2024-polyuniverse;ledger-137-yue-polyuniverse-code
combo_6b07efd8673efb94,polyuniverse_dinco_0499900e71bdb9da6b5c,CCCC(N=C=O)C1CC2CC(C(C)N=C=O)C1C2,262.353,chemical_a2cf8157d0f77432,OC(c1cccc(C(O)(C(F)(F)F)C(F)(F)F)c1)(C(F)(F)F)C(F)(F)F,410.154,chemical_3635aefc1005d8ad,CC(C)(O)CCC(C)(C)O,146.23,平衡轮转；非全笛卡尔积,three_components_passed_prototype_gate,未采购未合成；需路线、EHS与供应复核,ledger-007-smipoly-2023;ledger-135-yue-2024-polyuniverse-data;ledger-136-yue-2024-polyuniverse;ledger-137-yue-polyuniverse-code
combo_6b15354fc2cde77a,polyuniverse_dinco_8ec7a31c579192711514,CC1CCC2C(C1)C(N=C=O)C1C3CCC(C3)C1C2N=C=O,300.402,chemical_986d2a218ca14417,OCC(F)(F)C(F)(F)C(F)(F)C(F)(F)C(F)(F)C(F)(F)CO,362.11,chemical_2a0d22152800ae85,Oc1ccc(Oc2ccc(O)cc2)cc1,202.209,平衡轮转；非全笛卡尔积,three_components_passed_prototype_gate,未采购未合成；需路线、EHS与供应复核,ledger-007-smipoly-2023;ledger-135-yue-2024-polyuniverse-data;ledger-136-yue-2024-polyuniverse;ledger-137-yue-polyuniverse-code
combo_6b19fc8a24f788f3,polyuniverse_dinco_92d8be6885e141a4524f,Cc1ccc(Cc2ccc(Cl)cc2)c(N=C=O)c1N=C=O,298.729,chemical_e34b1bd2b88ad439,CC(C)(c1ccc(O)c(C2CCCCC2)c1)c1ccc(O)c(C2CCCCC2)c1,392.583,chemical_5be20976c2a9d662,Oc1c(F)c(F)c(O)c(F)c1F,182.072,平衡轮转；非全笛卡尔积,three_components_passed_prototype_gate,未采购未合成；需路线、EHS与供应复核,ledger-007-smipoly-2023;ledger-135-yue-2024-polyuniverse-data;ledger-136-yue-2024-polyuniverse;ledger-137-yue-polyuniverse-code
combo_6b5bf0332fb84956,polyuniverse_dinco_c24771e4eb3229cc941d,[C-]#[N+]C1(N=C=O)CCC(C)([N+]#[C-])C(N=C=O)C1,230.227,chemical_986d2a218ca14417,OCC(F)(F)C(F)(F)C(F)(F)C(F)(F)C(F)(F)C(F)(F)CO,362.11,chemical_75fb481cd45cc100,CCCCC(CC)(CO)CO,160.257,平衡轮转；非全笛卡尔积,three_components_passed_prototype_gate,未采购未合成；需路线、EHS与供应复核,ledger-007-smipoly-2023;ledger-135-yue-2024-polyuniverse-data;ledger-136-yue-2024-polyuniverse;ledger-137-yue-polyuniverse-code
combo_6bbc2ea92413a5d9,polyuniverse_dinco_e191aa437a5bb122583c,CCC(CC12CCC(C1)C(N=C=O)C2)N=C=O,234.299,chemical_f59a0ec9b5c263ad,CCCCCCCCC(CO)(CO)CCCCCCCC,300.527,chemical_1ace6e6abb3b5be3,Oc1ccc(O)c2c1C1CCC2C1,176.215,平衡轮转；非全笛卡尔积,three_components_passed_prototype_gate,未采购未合成；需路线、EHS与供应复核,ledger-007-smipoly-2023;ledger-135-yue-2024-polyuniverse-data;ledger-136-yue-2024-polyuniverse;ledger-137-yue-polyuniverse-code
combo_6bd4e39e39f5394f,polyuniverse_dinco_ff251f80a8e230a05cc3,O=C=NCC(Br)C(CF)N=C=O,237.028,chemical_986d2a218ca14417,OCC(F)(F)C(F)(F)C(F)(F)C(F)(F)C(F)(F)C(F)(F)CO,362.11,chemical_2dad29ca9d88607e,OC1CCC(C2CCC(O)CC2)CC1,198.306,平衡轮转；非全笛卡尔积,three_components_passed_prototype_gate,未采购未合成；需路线、EHS与供应复核,ledger-007-smipoly-2023;ledger-135-yue-2024-polyuniverse-data;ledger-136-yue-2024-polyuniverse;ledger-137-yue-polyuniverse-code
combo_6be5a954321cc0cb,polyuniverse_dinco_b3615f63610ee99adc3f,CCC(C)c1c(N=C=O)cc(N=C=O)c2c1CCC2(C)C,284.359,chemical_ff8d497a35fecaa4,OC(C(F)(F)F)(C(F)(F)F)C(O)(C(F)(F)F)C(F)(F)F,334.056,chemical_1ace6e6abb3b5be3,Oc1ccc(O)c2c1C1CCC2C1,176.215,平衡轮转；非全笛卡尔积,three_components_passed_prototype_gate,未采购未合成；需路线、EHS与供应复核,ledger-007-smipoly-2023;ledger-135-yue-2024-polyuniverse-data;ledger-136-yue-2024-polyuniverse;ledger-137-yue-polyuniverse-code
combo_6bf57ded9f3319d8,polyuniverse_dinco_36587639e34b8082240f,N#COCC12CC(CCCN=C=O)C(CC1CCN=C=O)C2,303.362,chemical_b94fa835d3f1bdb8,CC(C)(CO)C1OCC2(CO1)COC(C(C)(C)CO)OC2,304.383,chemical_3635aefc1005d8ad,CC(C)(O)CCC(C)(C)O,146.23,平衡轮转；非全笛卡尔积,three_components_passed_prototype_gate,未采购未合成；需路线、EHS与供应复核,ledger-007-smipoly-2023;ledger-135-yue-2024-polyuniverse-data;ledger-136-yue-2024-polyuniverse;ledger-137-yue-polyuniverse-code
combo_6c2258b8b91318fa,polyuniverse_dinco_e19769eda682789a354e,O=C=Nc1cccc(COCc2cccc(N=C=O)n2)n1,282.259,chemical_34962dac292231e7,Cc1cc(Cc2cc(C)c(O)c(C)c2)cc(C)c1O,256.345,chemical_7eec20377145fdb7,CC1(C)C(O)C(C)(C)C1O,144.214,平衡轮转；非全笛卡尔积,three_components_passed_prototype_gate,未采购未合成；需路线、EHS与供应复核,ledger-007-smipoly-2023;ledger-135-yue-2024-polyuniverse-data;ledger-136-yue-2024-polyuniverse;ledger-137-yue-polyuniverse-code
combo_6c5113a915f5b845,polyuniverse_dinco_f4a3c1923033f08d5b48,Cc1c(Cl)cc(N=C=O)cc1C(Cl)(N=C=O)c1ccccc1,333.174,chemical_694871d5e95b7370,Oc1c(F)c(F)c(-c2c(F)c(F)c(O)c(F)c2F)c(F)c1F,330.13,chemical_63c6eb608324eca7,OCC1CC2C3CC(CO)C(C3)C2C1,196.29,平衡轮转；非全笛卡尔积,three_components_passed_prototype_gate,未采购未合成；需路线、EHS与供应复核,ledger-007-smipoly-2023;ledger-135-yue-2024-polyuniverse-data;ledger-136-yue-2024-polyuniverse;ledger-137-yue-polyuniverse-code
combo_6c95c352bd23c382,polyuniverse_dinco_57af23a42ae72d943289,CCC1C2(N=C=O)CC3CC(C2)CC1(C12CC4CC(CC(N=C=O)(C4)C1)C2)C3,380.532,chemical_a2cf8157d0f77432,OC(c1cccc(C(O)(C(F)(F)F)C(F)(F)F)c1)(C(F)(F)F)C(F)(F)F,410.154,chemical_831d24f7368b3f75,Cc1cc(-c2cc(C)c(O)c(C)c2)cc(C)c1O,242.318,平衡轮转；非全笛卡尔积,three_components_passed_prototype_gate,未采购未合成；需路线、EHS与供应复核,ledger-007-smipoly-2023;ledger-135-yue-2024-polyuniverse-data;ledger-136-yue-2024-polyuniverse;ledger-137-yue-polyuniverse-code
combo_6dedb2b0130635f3,polyuniverse_dinco_c716de5f027f8966961c,O=C=Nc1ccc(-c2cccc3c2C(c2ccc(N=C=O)cc2)c2ccccc2-3)cc1,400.437,chemical_e4aa17432292bb19,Cc1cc2c(cc1O)C(C)(C)CC1(CC(C)(C)c3cc(O)c(C)cc3O1)O2,368.473,chemical_f25ee56de4366915,O=[N+]([O-])c1cc(CO)ccc1CO,183.163,平衡轮转；非全笛卡尔积,three_components_passed_prototype_gate,未采购未合成；需路线、EHS与供应复核,ledger-007-smipoly-2023;ledger-135-yue-2024-polyuniverse-data;ledger-136-yue-2024-polyuniverse;ledger-137-yue-polyuniverse-code
combo_6e36b19c915dc5a7,polyuniverse_dinco_e3bd88989ad52de46012,O=C=Nc1cccc(CC2(N=C=O)CCCCC2)c1,256.305,chemical_6364c045bd73da83,Oc1cccc(Oc2ccc(Oc3cccc(O)c3)cc2)c1,294.306,chemical_f25ee56de4366915,O=[N+]([O-])c1cc(CO)ccc1CO,183.163,平衡轮转；非全笛卡尔积,three_components_passed_prototype_gate,未采购未合成；需路线、EHS与供应复核,ledger-007-smipoly-2023;ledger-135-yue-2024-polyuniverse-data;ledger-136-yue-2024-polyuniverse;ledger-137-yue-polyuniverse-code
combo_6e56d85c6b68c677,polyuniverse_dinco_00fa3f3b14ce15566695,CCCCC(C)(N=C=O)C(C)(C)N=C=O,210.277,chemical_694871d5e95b7370,Oc1c(F)c(F)c(-c2c(F)c(F)c(O)c(F)c2F)c(F)c1F,330.13,chemical_706c38f2fda91d2c,CCC(C)(c1ccc(O)cc1)c1ccc(O)cc1,242.318,平衡轮转；非全笛卡尔积,three_components_passed_prototype_gate,未采购未合成；需路线、EHS与供应复核,ledger-007-smipoly-2023;ledger-135-yue-2024-polyuniverse-data;ledger-136-yue-2024-polyuniverse;ledger-137-yue-polyuniverse-code
combo_6e7a82984d166689,polyuniverse_dinco_7988a8eeb838489f4eaf,O=C=NCCCCC(COc1ccc(Oc2ccccc2)cc1)N=C=O,352.39,chemical_a04b7de5081dd0a5,CC(C)CC(C)(c1ccc(O)cc1)c1ccc(O)cc1,270.372,chemical_3635aefc1005d8ad,CC(C)(O)CCC(C)(C)O,146.23,平衡轮转；非全笛卡尔积,three_components_passed_prototype_gate,未采购未合成；需路线、EHS与供应复核,ledger-007-smipoly-2023;ledger-135-yue-2024-polyuniverse-data;ledger-136-yue-2024-polyuniverse;ledger-137-yue-polyuniverse-code
combo_6eaacc0071b1ef47,polyuniverse_dinco_c716de5f027f8966961c,O=C=Nc1ccc(-c2cccc3c2C(c2ccc(N=C=O)cc2)c2ccccc2-3)cc1,400.437,chemical_e4aa17432292bb19,Cc1cc2c(cc1O)C(C)(C)CC1(CC(C)(C)c3cc(O)c(C)cc3O1)O2,368.473,chemical_16bdee252ed11d7a,CC(O)C(C)O,90.122,平衡轮转；非全笛卡尔积,three_components_passed_prototype_gate,未采购未合成；需路线、EHS与供应复核,ledger-007-smipoly-2023;ledger-135-yue-2024-polyuniverse-data;ledger-136-yue-2024-polyuniverse;ledger-137-yue-polyuniverse-code
combo_6ed7108d961cabed,polyuniverse_dinco_e77d8b8eb2abaed0faff,O=C=NC1CCC(N(c2ccccc2)C2CCC(N=C=O)CC2)CC1,339.439,chemical_e4aa17432292bb19,Cc1cc2c(cc1O)C(C)(C)CC1(CC(C)(C)c3cc(O)c(C)cc3O1)O2,368.473,chemical_6ee30a16c1c450ed,OC1CCCCC1O,116.16,平衡轮转；非全笛卡尔积,three_components_passed_prototype_gate,未采购未合成；需路线、EHS与供应复核,ledger-007-smipoly-2023;ledger-135-yue-2024-polyuniverse-data;ledger-136-yue-2024-polyuniverse;ledger-137-yue-polyuniverse-code
combo_6ee31af7fa2b3570,polyuniverse_dinco_4e634aebc4fcf9faf957,O=C=NCc1ccc(CN=C=O)c(N=Nc2ccc([N+](=O)[O-])cc2)c1,337.295,chemical_e34b1bd2b88ad439,CC(C)(c1ccc(O)c(C2CCCCC2)c1)c1ccc(O)c(C2CCCCC2)c1,392.583,chemical_5be20976c2a9d662,Oc1c(F)c(F)c(O)c(F)c1F,182.072,平衡轮转；非全笛卡尔积,three_components_passed_prototype_gate,未采购未合成；需路线、EHS与供应复核,ledger-007-smipoly-2023;ledger-135-yue-2024-polyuniverse-data;ledger-136-yue-2024-polyuniverse;ledger-137-yue-polyuniverse-code
combo_6f08e6418bcbe306,polyuniverse_dinco_2c849f9c85ebe823e4a4,C[C@@H]1C[C@@H]2C[C@H](C)[C@H]3CC[C@](C)(N=C=O)[C@H]4CC[C@@H]([C@@H]2[C@H]34)[C@]1(C)N=C=O,356.51,chemical_58b2613823466190,CC(C)(C)c1cc(-c2cc(C(C)(C)C)cc(C(C)(C)C)c2O)c(O)c(C(C)(C)C)c1,410.642,chemical_bacbda6c95c1bb67,Cc1ccc(O)c(Cc2cc(C)ccc2O)c1,228.291,平衡轮转；非全笛卡尔积,three_components_passed_prototype_gate,未采购未合成；需路线、EHS与供应复核,ledger-007-smipoly-2023;ledger-135-yue-2024-polyuniverse-data;ledger-136-yue-2024-polyuniverse;ledger-137-yue-polyuniverse-code
combo_6f25ef96fb953f90,polyuniverse_dinco_01e918a682cd6d3022ac,N#COc1cc(-c2cc(N=C=O)oc2OC#N)c(N=C=O)o1,298.17,chemical_34962dac292231e7,Cc1cc(Cc2cc(C)c(O)c(C)c2)cc(C)c1O,256.345,chemical_79b196ca779aae4e,OCc1ccccc1CO,138.166,平衡轮转；非全笛卡尔积,three_components_passed_prototype_gate,未采购未合成；需路线、EHS与供应复核,ledger-007-smipoly-2023;ledger-135-yue-2024-polyuniverse-data;ledger-136-yue-2024-polyuniverse;ledger-137-yue-polyuniverse-code
combo_7047412bc038784d,polyuniverse_dinco_952c8476d31239835550,O=C=NCC1(CN=C=O)CCCC(F)(F)C1(F)F,266.194,chemical_6364c045bd73da83,Oc1cccc(Oc2ccc(Oc3cccc(O)c3)cc2)c1,294.306,chemical_63c6eb608324eca7,OCC1CC2C3CC(CO)C(C3)C2C1,196.29,平衡轮转；非全笛卡尔积,three_components_passed_prototype_gate,未采购未合成；需路线、EHS与供应复核,ledger-007-smipoly-2023;ledger-135-yue-2024-polyuniverse-data;ledger-136-yue-2024-polyuniverse;ledger-137-yue-polyuniverse-code
combo_7081c05d4b373eb0,polyuniverse_dinco_60e65dae5f7c55187844,COc1cc(Cc2cc([N+](=O)[O-])c(N=C=O)c([N+](=O)[O-])c2)cc(OC)c1N=C=O,400.303,chemical_986d2a218ca14417,OCC(F)(F)C(F)(F)C(F)(F)C(F)(F)C(F)(F)C(F)(F)CO,362.11,chemical_2dad29ca9d88607e,OC1CCC(C2CCC(O)CC2)CC1,198.306,平衡轮转；非全笛卡尔积,three_components_passed_prototype_gate,未采购未合成；需路线、EHS与供应复核,ledger-007-smipoly-2023;ledger-135-yue-2024-polyuniverse-data;ledger-136-yue-2024-polyuniverse;ledger-137-yue-polyuniverse-code
combo_70878c468b635bf5,polyuniverse_dinco_9a439aa6493516a05f38,Cc1ccc(C(C)N=C=O)c(C(C)N=C=O)c1C,244.294,chemical_a04b7de5081dd0a5,CC(C)CC(C)(c1ccc(O)cc1)c1ccc(O)cc1,270.372,chemical_831d24f7368b3f75,Cc1cc(-c2cc(C)c(O)c(C)c2)cc(C)c1O,242.318,平衡轮转；非全笛卡尔积,three_components_passed_prototype_gate,未采购未合成；需路线、EHS与供应复核,ledger-007-smipoly-2023;ledger-135-yue-2024-polyuniverse-data;ledger-136-yue-2024-polyuniverse;ledger-137-yue-polyuniverse-code
combo_709661056b6e1f34,polyuniverse_dinco_f52819a239fd8e98087e,O=C=Nc1ccc2ccc(N=C=O)c([N+](=O)[O-])c2c1[N+](=O)[O-],300.186,chemical_986d2a218ca14417,OCC(F)(F)C(F)(F)C(F)(F)C(F)(F)C(F)(F)C(F)(F)CO,362.11,chemical_75fb481cd45cc100,CCCCC(CC)(CO)CO,160.257,平衡轮转；非全笛卡尔积,three_components_passed_prototype_gate,未采购未合成；需路线、EHS与供应复核,ledger-007-smipoly-2023;ledger-135-yue-2024-polyuniverse-data;ledger-136-yue-2024-polyuniverse;ledger-137-yue-polyuniverse-code
combo_70ab554ee3207786,polyuniverse_dinco_9b5b57e40f8c219871cd,O=C=NCCC(O[C@@H]1COC2C1OC[C@H]2OC(CCN=C=O)c1ccco1)c1ccco1,444.44,chemical_ff8d497a35fecaa4,OC(C(F)(F)F)(C(F)(F)F)C(O)(C(F)(F)F)C(F)(F)F,334.056,chemical_1ace6e6abb3b5be3,Oc1ccc(O)c2c1C1CCC2C1,176.215,平衡轮转；非全笛卡尔积,three_components_passed_prototype_gate,未采购未合成；需路线、EHS与供应复核,ledger-007-smipoly-2023;ledger-135-yue-2024-polyuniverse-data;ledger-136-yue-2024-polyuniverse;ledger-137-yue-polyuniverse-code
combo_70faf3292758eb54,polyuniverse_dinco_8ec7a31c579192711514,CC1CCC2C(C1)C(N=C=O)C1C3CCC(C3)C1C2N=C=O,300.402,chemical_986d2a218ca14417,OCC(F)(F)C(F)(F)C(F)(F)C(F)(F)C(F)(F)C(F)(F)CO,362.11,chemical_28a648027cd37607,OCCCCCCCCCO,160.257,平衡轮转；非全笛卡尔积,three_components_passed_prototype_gate,未采购未合成；需路线、EHS与供应复核,ledger-007-smipoly-2023;ledger-135-yue-2024-polyuniverse-data;ledger-136-yue-2024-polyuniverse;ledger-137-yue-polyuniverse-code
combo_71c8db18a2818100,polyuniverse_dinco_0499900e71bdb9da6b5c,CCCC(N=C=O)C1CC2CC(C(C)N=C=O)C1C2,262.353,chemical_986d2a218ca14417,OCC(F)(F)C(F)(F)C(F)(F)C(F)(F)C(F)(F)C(F)(F)CO,362.11,chemical_2a0d22152800ae85,Oc1ccc(Oc2ccc(O)cc2)cc1,202.209,平衡轮转；非全笛卡尔积,three_components_passed_prototype_gate,未采购未合成；需路线、EHS与供应复核,ledger-007-smipoly-2023;ledger-135-yue-2024-polyuniverse-data;ledger-136-yue-2024-polyuniverse;ledger-137-yue-polyuniverse-code
combo_73353ae0273cc5ec,polyuniverse_dinco_6037461e6c665445a257,CCCC1(CN=C=O)CC(C)CC1CN=C=O,236.315,chemical_5e814be594638bdc,OCCCCCCCCCCCCCCCCO,258.446,chemical_dd2ebb8c8aeed446,Oc1ccc2c(O)cccc2c1,160.172,平衡轮转；非全笛卡尔积,three_components_passed_prototype_gate,未采购未合成；需路线、EHS与供应复核,ledger-007-smipoly-2023;ledger-135-yue-2024-polyuniverse-data;ledger-136-yue-2024-polyuniverse;ledger-137-yue-polyuniverse-code
combo_7348f3a3a332101d,polyuniverse_dinco_b942aa905763bb430945,CCCC1(CC(C)N=C=O)CCC(C)(C(C)(C)CC(C)(C)N=C=O)C1,348.531,chemical_1f862d0fb910ec42,Oc1ccc(C2(c3ccc(O)cc3)CCCCC2)cc1,268.356,chemical_72b7ed7d3d268fd7,CC(C)CC(CO)(CO)CC(C)C,188.311,平衡轮转；非全笛卡尔积,three_components_passed_prototype_gate,未采购未合成；需路线、EHS与供应复核,ledger-007-smipoly-2023;ledger-135-yue-2024-polyuniverse-data;ledger-136-yue-2024-polyuniverse;ledger-137-yue-polyuniverse-code
combo_73741d40e3ec3e43,polyuniverse_dinco_ff251f80a8e230a05cc3,O=C=NCC(Br)C(CF)N=C=O,237.028,chemical_b94fa835d3f1bdb8,CC(C)(CO)C1OCC2(CO1)COC(C(C)(C)CO)OC2,304.383,chemical_534466643d7ae4c0,Oc1ccccc1Oc1ccccc1O,202.209,平衡轮转；非全笛卡尔积,three_components_passed_prototype_gate,未采购未合成；需路线、EHS与供应复核,ledger-007-smipoly-2023;ledger-135-yue-2024-polyuniverse-data;ledger-136-yue-2024-polyuniverse;ledger-137-yue-polyuniverse-code
combo_737691dfe6c0bda9,polyuniverse_dinco_ad772ec6dd390bb329d7,CC1CC1(N=C=O)C(C)(C)N=C=O,180.207,chemical_6364c045bd73da83,Oc1cccc(Oc2ccc(Oc3cccc(O)c3)cc2)c1,294.306,chemical_63c6eb608324eca7,OCC1CC2C3CC(CO)C(C3)C2C1,196.29,平衡轮转；非全笛卡尔积,three_components_passed_prototype_gate,未采购未合成；需路线、EHS与供应复核,ledger-007-smipoly-2023;ledger-135-yue-2024-polyuniverse-data;ledger-136-yue-2024-polyuniverse;ledger-137-yue-polyuniverse-code
combo_737845c3becd0567,polyuniverse_dinco_4ed51fdb98321223f060,CCCC(CC(C)(CCC)CN=C=O)N=C=O,238.331,chemical_3a566be4d64035e3,Oc1ccc(-c2ccc(O)c(Br)c2)cc1Br,344.002,chemical_3635aefc1005d8ad,CC(C)(O)CCC(C)(C)O,146.23,平衡轮转；非全笛卡尔积,three_components_passed_prototype_gate,未采购未合成；需路线、EHS与供应复核,ledger-007-smipoly-2023;ledger-135-yue-2024-polyuniverse-data;ledger-136-yue-2024-polyuniverse;ledger-137-yue-polyuniverse-code
combo_73a0aacaf7849f26,polyuniverse_dinco_00fa3f3b14ce15566695,CCCCC(C)(N=C=O)C(C)(C)N=C=O,210.277,chemical_5e814be594638bdc,OCCCCCCCCCCCCCCCCO,258.446,chemical_551a139d1b44a292,OC12CC3CC(C1)CC(O)(C3)C2,168.236,平衡轮转；非全笛卡尔积,three_components_passed_prototype_gate,未采购未合成；需路线、EHS与供应复核,ledger-007-smipoly-2023;ledger-135-yue-2024-polyuniverse-data;ledger-136-yue-2024-polyuniverse;ledger-137-yue-polyuniverse-code
combo_73c602692e67d3f4,polyuniverse_dinco_4acdebf340e0856a52df,CC(C)(C)c1cc(N=C=O)c2c(c1)C(C)(C)c1cc(C(C)(C)C)cc(N=C=O)c1O2,404.51,chemical_6364c045bd73da83,Oc1cccc(Oc2ccc(Oc3cccc(O)c3)cc2)c1,294.306,chemical_ca5e105838153c99,CCC(CO)CC(CC)CO,160.257,平衡轮转；非全笛卡尔积,three_components_passed_prototype_gate,未采购未合成；需路线、EHS与供应复核,ledger-007-smipoly-2023;ledger-135-yue-2024-polyuniverse-data;ledger-136-yue-2024-polyuniverse;ledger-137-yue-polyuniverse-code
combo_740aaf3d455be5e8,polyuniverse_dinco_c009c596c9a17cb1e87f,O=C=NCc1c(F)c(F)c(F)c(F)c1CN=C=O,260.146,chemical_3a566be4d64035e3,Oc1ccc(-c2ccc(O)c(Br)c2)cc1Br,344.002,chemical_3635aefc1005d8ad,CC(C)(O)CCC(C)(C)O,146.23,平衡轮转；非全笛卡尔积,three_components_passed_prototype_gate,未采购未合成；需路线、EHS与供应复核,ledger-007-smipoly-2023;ledger-135-yue-2024-polyuniverse-data;ledger-136-yue-2024-polyuniverse;ledger-137-yue-polyuniverse-code
combo_741a261232c16c51,polyuniverse_dinco_629ef888e16fc71a3a21,CC(CN=C=O)CO[C@@H]1COC2C1OCC2(C)OCC(C)CN=C=O,354.403,chemical_1f862d0fb910ec42,Oc1ccc(C2(c3ccc(O)cc3)CCCCC2)cc1,268.356,chemical_28a648027cd37607,OCCCCCCCCCO,160.257,平衡轮转；非全笛卡尔积,three_components_passed_prototype_gate,未采购未合成；需路线、EHS与供应复核,ledger-007-smipoly-2023;ledger-135-yue-2024-polyuniverse-data;ledger-136-yue-2024-polyuniverse;ledger-137-yue-polyuniverse-code
combo_741ceb738d6ac130,polyuniverse_dinco_01e918a682cd6d3022ac,N#COc1cc(-c2cc(N=C=O)oc2OC#N)c(N=C=O)o1,298.17,chemical_1f862d0fb910ec42,Oc1ccc(C2(c3ccc(O)cc3)CCCCC2)cc1,268.356,chemical_75fb481cd45cc100,CCCCC(CC)(CO)CO,160.257,平衡轮转；非全笛卡尔积,three_components_passed_prototype_gate,未采购未合成；需路线、EHS与供应复核,ledger-007-smipoly-2023;ledger-135-yue-2024-polyuniverse-data;ledger-136-yue-2024-polyuniverse;ledger-137-yue-polyuniverse-code
combo_7440414ea40b2ce3,polyuniverse_dinco_854f6f15dafaadb28034,O=C=Nc1ccc2c([nH]c3ccccc32)c1N=C=O,249.229,chemical_0895e6cd5136df6a,OCCOc1ccc(C2(c3ccc(OCCO)cc3)c3ccccc3-c3ccccc32)cc1,438.523,chemical_72b7ed7d3d268fd7,CC(C)CC(CO)(CO)CC(C)C,188.311,平衡轮转；非全笛卡尔积,three_components_passed_prototype_gate,未采购未合成；需路线、EHS与供应复核,ledger-007-smipoly-2023;ledger-135-yue-2024-polyuniverse-data;ledger-136-yue-2024-polyuniverse;ledger-137-yue-polyuniverse-code
combo_75019d3e6f3b798d,polyuniverse_dinco_e191aa437a5bb122583c,CCC(CC12CCC(C1)C(N=C=O)C2)N=C=O,234.299,chemical_e34b1bd2b88ad439,CC(C)(c1ccc(O)c(C2CCCCC2)c1)c1ccc(O)c(C2CCCCC2)c1,392.583,chemical_ca5e105838153c99,CCC(CO)CC(CC)CO,160.257,平衡轮转；非全笛卡尔积,three_components_passed_prototype_gate,未采购未合成；需路线、EHS与供应复核,ledger-007-smipoly-2023;ledger-135-yue-2024-polyuniverse-data;ledger-136-yue-2024-polyuniverse;ledger-137-yue-polyuniverse-code
combo_75716c3329628b99,polyuniverse_dinco_07a134f8e87f85791f77,O=C=NC1CCCC2C3CCC2C1(N=C=O)C3,232.283,chemical_6364c045bd73da83,Oc1cccc(Oc2ccc(Oc3cccc(O)c3)cc2)c1,294.306,chemical_63c6eb608324eca7,OCC1CC2C3CC(CO)C(C3)C2C1,196.29,平衡轮转；非全笛卡尔积,three_components_passed_prototype_gate,未采购未合成；需路线、EHS与供应复核,ledger-007-smipoly-2023;ledger-135-yue-2024-polyuniverse-data;ledger-136-yue-2024-polyuniverse;ledger-137-yue-polyuniverse-code
combo_75734d4ea00c659e,polyuniverse_dinco_f52819a239fd8e98087e,O=C=Nc1ccc2ccc(N=C=O)c([N+](=O)[O-])c2c1[N+](=O)[O-],300.186,chemical_a04b7de5081dd0a5,CC(C)CC(C)(c1ccc(O)cc1)c1ccc(O)cc1,270.372,chemical_79b196ca779aae4e,OCc1ccccc1CO,138.166,平衡轮转；非全笛卡尔积,three_components_passed_prototype_gate,未采购未合成；需路线、EHS与供应复核,ledger-007-smipoly-2023;ledger-135-yue-2024-polyuniverse-data;ledger-136-yue-2024-polyuniverse;ledger-137-yue-polyuniverse-code
combo_759e5618a942f1c0,polyuniverse_dinco_e3bd88989ad52de46012,O=C=Nc1cccc(CC2(N=C=O)CCCCC2)c1,256.305,chemical_5e814be594638bdc,OCCCCCCCCCCCCCCCCO,258.446,chemical_ca5e105838153c99,CCC(CO)CC(CC)CO,160.257,平衡轮转；非全笛卡尔积,three_components_passed_prototype_gate,未采购未合成；需路线、EHS与供应复核,ledger-007-smipoly-2023;ledger-135-yue-2024-polyuniverse-data;ledger-136-yue-2024-polyuniverse;ledger-137-yue-polyuniverse-code
combo_7607fa1236c3d58c,polyuniverse_dinco_7df67f418ef75f339395,CC1CC(N=C=O)C(N=C=O)(C(C)C)C(c2ccccc2)(c2ccccc2)C1,374.484,chemical_694871d5e95b7370,Oc1c(F)c(F)c(-c2c(F)c(F)c(O)c(F)c2F)c(F)c1F,330.13,chemical_706c38f2fda91d2c,CCC(C)(c1ccc(O)cc1)c1ccc(O)cc1,242.318,平衡轮转；非全笛卡尔积,three_components_passed_prototype_gate,未采购未合成；需路线、EHS与供应复核,ledger-007-smipoly-2023;ledger-135-yue-2024-polyuniverse-data;ledger-136-yue-2024-polyuniverse;ledger-137-yue-polyuniverse-code
combo_76eb1a85ae606d6a,polyuniverse_dinco_36587639e34b8082240f,N#COCC12CC(CCCN=C=O)C(CC1CCN=C=O)C2,303.362,chemical_986d2a218ca14417,OCC(F)(F)C(F)(F)C(F)(F)C(F)(F)C(F)(F)C(F)(F)CO,362.11,chemical_28a648027cd37607,OCCCCCCCCCO,160.257,平衡轮转；非全笛卡尔积,three_components_passed_prototype_gate,未采购未合成；需路线、EHS与供应复核,ledger-007-smipoly-2023;ledger-135-yue-2024-polyuniverse-data;ledger-136-yue-2024-polyuniverse;ledger-137-yue-polyuniverse-code
combo_772736c6bdbfe3f5,polyuniverse_dinco_c1050e20fc33beb7e09a,CC(CCN=C=O)CC(C)C(C)N=C=O,210.277,chemical_5e814be594638bdc,OCCCCCCCCCCCCCCCCO,258.446,chemical_551a139d1b44a292,OC12CC3CC(C1)CC(O)(C3)C2,168.236,平衡轮转；非全笛卡尔积,three_components_passed_prototype_gate,未采购未合成；需路线、EHS与供应复核,ledger-007-smipoly-2023;ledger-135-yue-2024-polyuniverse-data;ledger-136-yue-2024-polyuniverse;ledger-137-yue-polyuniverse-code
combo_774cdd0ea3223f44,polyuniverse_dinco_8a880932a5a3f4f0ae1c,CC1CC(N=C=O)CCC1C1CC(C)(C)C(N=C=O)CC1C,304.434,chemical_58b2613823466190,CC(C)(C)c1cc(-c2cc(C(C)(C)C)cc(C(C)(C)C)c2O)c(O)c(C(C)(C)C)c1,410.642,chemical_bacbda6c95c1bb67,Cc1ccc(O)c(Cc2cc(C)ccc2O)c1,228.291,平衡轮转；非全笛卡尔积,three_components_passed_prototype_gate,未采购未合成；需路线、EHS与供应复核,ledger-007-smipoly-2023;ledger-135-yue-2024-polyuniverse-data;ledger-136-yue-2024-polyuniverse;ledger-137-yue-polyuniverse-code
combo_776332e8dc50a1f1,polyuniverse_dinco_1fc69a034afa52f3206d,O=C=Nc1ccc(C23CC4CC5(c6ccc(N=C=O)cc6)CC(C2)C5(C4)C3)cc1,382.463,chemical_5e814be594638bdc,OCCCCCCCCCCCCCCCCO,258.446,chemical_ca5e105838153c99,CCC(CO)CC(CC)CO,160.257,平衡轮转；非全笛卡尔积,three_components_passed_prototype_gate,未采购未合成；需路线、EHS与供应复核,ledger-007-smipoly-2023;ledger-135-yue-2024-polyuniverse-data;ledger-136-yue-2024-polyuniverse;ledger-137-yue-polyuniverse-code
combo_776fb440333526bd,polyuniverse_dinco_e9c64a150258b8ae2353,O=C=NC(F)C(F)(F)C(F)(F)N=C=O,216.065,chemical_3a566be4d64035e3,Oc1ccc(-c2ccc(O)c(Br)c2)cc1Br,344.002,chemical_3635aefc1005d8ad,CC(C)(O)CCC(C)(C)O,146.23,平衡轮转；非全笛卡尔积,three_components_passed_prototype_gate,未采购未合成；需路线、EHS与供应复核,ledger-007-smipoly-2023;ledger-135-yue-2024-polyuniverse-data;ledger-136-yue-2024-polyuniverse;ledger-137-yue-polyuniverse-code
combo_77f53f4c7f688e94,polyuniverse_dinco_e9c64a150258b8ae2353,O=C=NC(F)C(F)(F)C(F)(F)N=C=O,216.065,chemical_34962dac292231e7,Cc1cc(Cc2cc(C)c(O)c(C)c2)cc(C)c1O,256.345,chemical_2dad29ca9d88607e,OC1CCC(C2CCC(O)CC2)CC1,198.306,平衡轮转；非全笛卡尔积,three_components_passed_prototype_gate,未采购未合成；需路线、EHS与供应复核,ledger-007-smipoly-2023;ledger-135-yue-2024-polyuniverse-data;ledger-136-yue-2024-polyuniverse;ledger-137-yue-polyuniverse-code
combo_780a72fef2c5d897,polyuniverse_dinco_bffdc5ccff4c002d8304,Cc1cc(CC2CCCCC2N=C=O)cc(N=C=O)c1,270.332,chemical_e34b1bd2b88ad439,CC(C)(c1ccc(O)c(C2CCCCC2)c1)c1ccc(O)c(C2CCCCC2)c1,392.583,chemical_6ee30a16c1c450ed,OC1CCCCC1O,116.16,平衡轮转；非全笛卡尔积,three_components_passed_prototype_gate,未采购未合成；需路线、EHS与供应复核,ledger-007-smipoly-2023;ledger-135-yue-2024-polyuniverse-data;ledger-136-yue-2024-polyuniverse;ledger-137-yue-polyuniverse-code
combo_7814348796197b84,polyuniverse_dinco_d51030c05f20bb2a75df,O=C=NC(C1CCCCC1)C(N=C=O)C1CCCCC1,276.38,chemical_694871d5e95b7370,Oc1c(F)c(F)c(-c2c(F)c(F)c(O)c(F)c2F)c(F)c1F,330.13,chemical_dd2ebb8c8aeed446,Oc1ccc2c(O)cccc2c1,160.172,平衡轮转；非全笛卡尔积,three_components_passed_prototype_gate,未采购未合成；需路线、EHS与供应复核,ledger-007-smipoly-2023;ledger-135-yue-2024-polyuniverse-data;ledger-136-yue-2024-polyuniverse;ledger-137-yue-polyuniverse-code
combo_781746e3a2863353,polyuniverse_dinco_a78553c2197b427a0d60,CC(N=C=O)OC1CC2CCC1(OC(C)N=C=O)CC2,280.324,chemical_b94fa835d3f1bdb8,CC(C)(CO)C1OCC2(CO1)COC(C(C)(C)CO)OC2,304.383,chemical_48e0f37b8f35d22d,Cc1c(C)c(CO)c(C)c(C)c1CO,194.274,平衡轮转；非全笛卡尔积,three_components_passed_prototype_gate,未采购未合成；需路线、EHS与供应复核,ledger-007-smipoly-2023;ledger-135-yue-2024-polyuniverse-data;ledger-136-yue-2024-polyuniverse;ledger-137-yue-polyuniverse-code
combo_78616cfa09e94b1b,polyuniverse_dinco_2acbe63b26c33137e286,CC1(N=C=O)CCC(C)(C)C(C)(N=C=O)C1,222.288,chemical_34962dac292231e7,Cc1cc(Cc2cc(C)c(O)c(C)c2)cc(C)c1O,256.345,chemical_75fb481cd45cc100,CCCCC(CC)(CO)CO,160.257,平衡轮转；非全笛卡尔积,three_components_passed_prototype_gate,未采购未合成；需路线、EHS与供应复核,ledger-007-smipoly-2023;ledger-135-yue-2024-polyuniverse-data;ledger-136-yue-2024-polyuniverse;ledger-137-yue-polyuniverse-code
combo_787c4ef00d1884c6,polyuniverse_dinco_0dbe9dd7636a5bdeaa0b,CC1(N=C=O)Cc2c3ccc1c2C(C)(N=C=O)C3,240.262,chemical_a2cf8157d0f77432,OC(c1cccc(C(O)(C(F)(F)F)C(F)(F)F)c1)(C(F)(F)F)C(F)(F)F,410.154,chemical_7eec20377145fdb7,CC1(C)C(O)C(C)(C)C1O,144.214,平衡轮转；非全笛卡尔积,three_components_passed_prototype_gate,未采购未合成；需路线、EHS与供应复核,ledger-007-smipoly-2023;ledger-135-yue-2024-polyuniverse-data;ledger-136-yue-2024-polyuniverse;ledger-137-yue-polyuniverse-code
combo_788d1f6c89171821,polyuniverse_dinco_d51030c05f20bb2a75df,O=C=NC(C1CCCCC1)C(N=C=O)C1CCCCC1,276.38,chemical_58b2613823466190,CC(C)(C)c1cc(-c2cc(C(C)(C)C)cc(C(C)(C)C)c2O)c(O)c(C(C)(C)C)c1,410.642,chemical_ca5e105838153c99,CCC(CO)CC(CC)CO,160.257,平衡轮转；非全笛卡尔积,three_components_passed_prototype_gate,未采购未合成；需路线、EHS与供应复核,ledger-007-smipoly-2023;ledger-135-yue-2024-polyuniverse-data;ledger-136-yue-2024-polyuniverse;ledger-137-yue-polyuniverse-code
combo_78dcc7c3cb2219a0,polyuniverse_dinco_0dbe9dd7636a5bdeaa0b,CC1(N=C=O)Cc2c3ccc1c2C(C)(N=C=O)C3,240.262,chemical_a04b7de5081dd0a5,CC(C)CC(C)(c1ccc(O)cc1)c1ccc(O)cc1,270.372,chemical_79b196ca779aae4e,OCc1ccccc1CO,138.166,平衡轮转；非全笛卡尔积,three_components_passed_prototype_gate,未采购未合成；需路线、EHS与供应复核,ledger-007-smipoly-2023;ledger-135-yue-2024-polyuniverse-data;ledger-136-yue-2024-polyuniverse;ledger-137-yue-polyuniverse-code
combo_78e438bddc1f73bb,polyuniverse_dinco_9b5b57e40f8c219871cd,O=C=NCCC(O[C@@H]1COC2C1OC[C@H]2OC(CCN=C=O)c1ccco1)c1ccco1,444.44,chemical_ff8d497a35fecaa4,OC(C(F)(F)F)(C(F)(F)F)C(O)(C(F)(F)F)C(F)(F)F,334.056,chemical_28a648027cd37607,OCCCCCCCCCO,160.257,平衡轮转；非全笛卡尔积,three_components_passed_prototype_gate,未采购未合成；需路线、EHS与供应复核,ledger-007-smipoly-2023;ledger-135-yue-2024-polyuniverse-data;ledger-136-yue-2024-polyuniverse;ledger-137-yue-polyuniverse-code
combo_7923d193e6536f7d,polyuniverse_dinco_57af23a42ae72d943289,CCC1C2(N=C=O)CC3CC(C2)CC1(C12CC4CC(CC(N=C=O)(C4)C1)C2)C3,380.532,chemical_986d2a218ca14417,OCC(F)(F)C(F)(F)C(F)(F)C(F)(F)C(F)(F)C(F)(F)CO,362.11,chemical_7eec20377145fdb7,CC1(C)C(O)C(C)(C)C1O,144.214,平衡轮转；非全笛卡尔积,three_components_passed_prototype_gate,未采购未合成；需路线、EHS与供应复核,ledger-007-smipoly-2023;ledger-135-yue-2024-polyuniverse-data;ledger-136-yue-2024-polyuniverse;ledger-137-yue-polyuniverse-code
combo_79640440efbfa39e,polyuniverse_dinco_6a887a4fc6e3f56dee69,N#COCC(CN=C=O)(CN=C=O)COC#N,236.187,chemical_a04b7de5081dd0a5,CC(C)CC(C)(c1ccc(O)cc1)c1ccc(O)cc1,270.372,chemical_831d24f7368b3f75,Cc1cc(-c2cc(C)c(O)c(C)c2)cc(C)c1O,242.318,平衡轮转；非全笛卡尔积,three_components_passed_prototype_gate,未采购未合成；需路线、EHS与供应复核,ledger-007-smipoly-2023;ledger-135-yue-2024-polyuniverse-data;ledger-136-yue-2024-polyuniverse;ledger-137-yue-polyuniverse-code
combo_7965aa5dde11f526,polyuniverse_dinco_26cead9b352cec30e97f,CCC(CN=C=O)C1CCCC(N=C=O)C1,222.288,chemical_a04b7de5081dd0a5,CC(C)CC(C)(c1ccc(O)cc1)c1ccc(O)cc1,270.372,chemical_831d24f7368b3f75,Cc1cc(-c2cc(C)c(O)c(C)c2)cc(C)c1O,242.318,平衡轮转；非全笛卡尔积,three_components_passed_prototype_gate,未采购未合成；需路线、EHS与供应复核,ledger-007-smipoly-2023;ledger-135-yue-2024-polyuniverse-data;ledger-136-yue-2024-polyuniverse;ledger-137-yue-polyuniverse-code
combo_7a33b9f7751b8773,polyuniverse_dinco_fbadb623a6ef1950d388,O=C=NC(Cc1ccc2ccccc2c1)C(N=C=O)c1ccc2ccccc2c1,378.431,chemical_0895e6cd5136df6a,OCCOc1ccc(C2(c3ccc(OCCO)cc3)c3ccccc3-c3ccccc32)cc1,438.523,chemical_72b7ed7d3d268fd7,CC(C)CC(CO)(CO)CC(C)C,188.311,平衡轮转；非全笛卡尔积,three_components_passed_prototype_gate,未采购未合成；需路线、EHS与供应复核,ledger-007-smipoly-2023;ledger-135-yue-2024-polyuniverse-data;ledger-136-yue-2024-polyuniverse;ledger-137-yue-polyuniverse-code
combo_7a50a02774e47bb7,polyuniverse_dinco_1d6acf47e4862fbbcc32,Cc1cc(N=C=O)ncc1N=C=O,175.147,chemical_3a566be4d64035e3,Oc1ccc(-c2ccc(O)c(Br)c2)cc1Br,344.002,chemical_79b196ca779aae4e,OCc1ccccc1CO,138.166,平衡轮转；非全笛卡尔积,three_components_passed_prototype_gate,未采购未合成；需路线、EHS与供应复核,ledger-007-smipoly-2023;ledger-135-yue-2024-polyuniverse-data;ledger-136-yue-2024-polyuniverse;ledger-137-yue-polyuniverse-code
combo_7a95b5609467b2b5,polyuniverse_dinco_07a134f8e87f85791f77,O=C=NC1CCCC2C3CCC2C1(N=C=O)C3,232.283,chemical_694871d5e95b7370,Oc1c(F)c(F)c(-c2c(F)c(F)c(O)c(F)c2F)c(F)c1F,330.13,chemical_63c6eb608324eca7,OCC1CC2C3CC(CO)C(C3)C2C1,196.29,平衡轮转；非全笛卡尔积,three_components_passed_prototype_gate,未采购未合成；需路线、EHS与供应复核,ledger-007-smipoly-2023;ledger-135-yue-2024-polyuniverse-data;ledger-136-yue-2024-polyuniverse;ledger-137-yue-polyuniverse-code
combo_7aa7505f051f508b,polyuniverse_dinco_81e1e90ea24f1e711a99,CC(N=C=O)C1(C)CC(N=C=O)CC(C)(C)C1,236.315,chemical_b94fa835d3f1bdb8,CC(C)(CO)C1OCC2(CO1)COC(C(C)(C)CO)OC2,304.383,chemical_831d24f7368b3f75,Cc1cc(-c2cc(C)c(O)c(C)c2)cc(C)c1O,242.318,平衡轮转；非全笛卡尔积,three_components_passed_prototype_gate,未采购未合成；需路线、EHS与供应复核,ledger-007-smipoly-2023;ledger-135-yue-2024-polyuniverse-data;ledger-136-yue-2024-polyuniverse;ledger-137-yue-polyuniverse-code
combo_7ab223a6d98c8bc0,polyuniverse_dinco_d51030c05f20bb2a75df,O=C=NC(C1CCCCC1)C(N=C=O)C1CCCCC1,276.38,chemical_694871d5e95b7370,Oc1c(F)c(F)c(-c2c(F)c(F)c(O)c(F)c2F)c(F)c1F,330.13,chemical_16bdee252ed11d7a,CC(O)C(C)O,90.122,平衡轮转；非全笛卡尔积,three_components_passed_prototype_gate,未采购未合成；需路线、EHS与供应复核,ledger-007-smipoly-2023;ledger-135-yue-2024-polyuniverse-data;ledger-136-yue-2024-polyuniverse;ledger-137-yue-polyuniverse-code
combo_7ac8e98ef0a665e8,polyuniverse_dinco_ff2f153939a86421b3aa,O=C=NCC1CN2CC1CC2CN=C=O,207.233,chemical_e34b1bd2b88ad439,CC(C)(c1ccc(O)c(C2CCCCC2)c1)c1ccc(O)c(C2CCCCC2)c1,392.583,chemical_6ee30a16c1c450ed,OC1CCCCC1O,116.16,平衡轮转；非全笛卡尔积,three_components_passed_prototype_gate,未采购未合成；需路线、EHS与供应复核,ledger-007-smipoly-2023;ledger-135-yue-2024-polyuniverse-data;ledger-136-yue-2024-polyuniverse;ledger-137-yue-polyuniverse-code
combo_7aee7598e5c5c80f,polyuniverse_dinco_00fa3f3b14ce15566695,CCCCC(C)(N=C=O)C(C)(C)N=C=O,210.277,chemical_5e814be594638bdc,OCCCCCCCCCCCCCCCCO,258.446,chemical_5be20976c2a9d662,Oc1c(F)c(F)c(O)c(F)c1F,182.072,平衡轮转；非全笛卡尔积,three_components_passed_prototype_gate,未采购未合成；需路线、EHS与供应复核,ledger-007-smipoly-2023;ledger-135-yue-2024-polyuniverse-data;ledger-136-yue-2024-polyuniverse;ledger-137-yue-polyuniverse-code
combo_7b59c693d7cbe1e7,polyuniverse_dinco_72c91e88a4c33aabb96c,O=C=Nc1no[n+]([O-])c1N=C=O,168.068,chemical_f59a0ec9b5c263ad,CCCCCCCCC(CO)(CO)CCCCCCCC,300.527,chemical_f25ee56de4366915,O=[N+]([O-])c1cc(CO)ccc1CO,183.163,平衡轮转；非全笛卡尔积,three_components_passed_prototype_gate,未采购未合成；需路线、EHS与供应复核,ledger-007-smipoly-2023;ledger-135-yue-2024-polyuniverse-data;ledger-136-yue-2024-polyuniverse;ledger-137-yue-polyuniverse-code
combo_7bab3289ddceca93,polyuniverse_dinco_ff251f80a8e230a05cc3,O=C=NCC(Br)C(CF)N=C=O,237.028,chemical_b94fa835d3f1bdb8,CC(C)(CO)C1OCC2(CO1)COC(C(C)(C)CO)OC2,304.383,chemical_3635aefc1005d8ad,CC(C)(O)CCC(C)(C)O,146.23,平衡轮转；非全笛卡尔积,three_components_passed_prototype_gate,未采购未合成；需路线、EHS与供应复核,ledger-007-smipoly-2023;ledger-135-yue-2024-polyuniverse-data;ledger-136-yue-2024-polyuniverse;ledger-137-yue-polyuniverse-code
combo_7c12e78ac1e8b848,polyuniverse_dinco_1521a8e0db18b3ee10fa,CCCCC1(CC)C(N=C=O)C(CC)(CCCC)C1N=C=O,306.45,chemical_e4aa17432292bb19,Cc1cc2c(cc1O)C(C)(C)CC1(CC(C)(C)c3cc(O)c(C)cc3O1)O2,368.473,chemical_16bdee252ed11d7a,CC(O)C(C)O,90.122,平衡轮转；非全笛卡尔积,three_components_passed_prototype_gate,未采购未合成；需路线、EHS与供应复核,ledger-007-smipoly-2023;ledger-135-yue-2024-polyuniverse-data;ledger-136-yue-2024-polyuniverse;ledger-137-yue-polyuniverse-code
combo_7c184f7c2ad9f407,polyuniverse_dinco_7df67f418ef75f339395,CC1CC(N=C=O)C(N=C=O)(C(C)C)C(c2ccccc2)(c2ccccc2)C1,374.484,chemical_694871d5e95b7370,Oc1c(F)c(F)c(-c2c(F)c(F)c(O)c(F)c2F)c(F)c1F,330.13,chemical_63c6eb608324eca7,OCC1CC2C3CC(CO)C(C3)C2C1,196.29,平衡轮转；非全笛卡尔积,three_components_passed_prototype_gate,未采购未合成；需路线、EHS与供应复核,ledger-007-smipoly-2023;ledger-135-yue-2024-polyuniverse-data;ledger-136-yue-2024-polyuniverse;ledger-137-yue-polyuniverse-code
combo_7c43e62bba2e8109,polyuniverse_dinco_00fa3f3b14ce15566695,CCCCC(C)(N=C=O)C(C)(C)N=C=O,210.277,chemical_58b2613823466190,CC(C)(C)c1cc(-c2cc(C(C)(C)C)cc(C(C)(C)C)c2O)c(O)c(C(C)(C)C)c1,410.642,chemical_551a139d1b44a292,OC12CC3CC(C1)CC(O)(C3)C2,168.236,平衡轮转；非全笛卡尔积,three_components_passed_prototype_gate,未采购未合成；需路线、EHS与供应复核,ledger-007-smipoly-2023;ledger-135-yue-2024-polyuniverse-data;ledger-136-yue-2024-polyuniverse;ledger-137-yue-polyuniverse-code
combo_7c4b7b83aa04c05a,polyuniverse_dinco_ddc56fe70a91074540ef,CCCCOC(N=C=O)C(CCCCCCl)N=C=O,288.775,chemical_a04b7de5081dd0a5,CC(C)CC(C)(c1ccc(O)cc1)c1ccc(O)cc1,270.372,chemical_831d24f7368b3f75,Cc1cc(-c2cc(C)c(O)c(C)c2)cc(C)c1O,242.318,平衡轮转；非全笛卡尔积,three_components_passed_prototype_gate,未采购未合成；需路线、EHS与供应复核,ledger-007-smipoly-2023;ledger-135-yue-2024-polyuniverse-data;ledger-136-yue-2024-polyuniverse;ledger-137-yue-polyuniverse-code
combo_7cdfa6fa4886fb0b,polyuniverse_dinco_e9c64a150258b8ae2353,O=C=NC(F)C(F)(F)C(F)(F)N=C=O,216.065,chemical_0895e6cd5136df6a,OCCOc1ccc(C2(c3ccc(OCCO)cc3)c3ccccc3-c3ccccc32)cc1,438.523,chemical_1ace6e6abb3b5be3,Oc1ccc(O)c2c1C1CCC2C1,176.215,平衡轮转；非全笛卡尔积,three_components_passed_prototype_gate,未采购未合成；需路线、EHS与供应复核,ledger-007-smipoly-2023;ledger-135-yue-2024-polyuniverse-data;ledger-136-yue-2024-polyuniverse;ledger-137-yue-polyuniverse-code
combo_7d1f636a8660befe,polyuniverse_dinco_c1050e20fc33beb7e09a,CC(CCN=C=O)CC(C)C(C)N=C=O,210.277,chemical_694871d5e95b7370,Oc1c(F)c(F)c(-c2c(F)c(F)c(O)c(F)c2F)c(F)c1F,330.13,chemical_63c6eb608324eca7,OCC1CC2C3CC(CO)C(C3)C2C1,196.29,平衡轮转；非全笛卡尔积,three_components_passed_prototype_gate,未采购未合成；需路线、EHS与供应复核,ledger-007-smipoly-2023;ledger-135-yue-2024-polyuniverse-data;ledger-136-yue-2024-polyuniverse;ledger-137-yue-polyuniverse-code
combo_7d2596a1a4d1363c,polyuniverse_dinco_c716de5f027f8966961c,O=C=Nc1ccc(-c2cccc3c2C(c2ccc(N=C=O)cc2)c2ccccc2-3)cc1,400.437,chemical_ff8d497a35fecaa4,OC(C(F)(F)F)(C(F)(F)F)C(O)(C(F)(F)F)C(F)(F)F,334.056,chemical_16bdee252ed11d7a,CC(O)C(C)O,90.122,平衡轮转；非全笛卡尔积,three_components_passed_prototype_gate,未采购未合成；需路线、EHS与供应复核,ledger-007-smipoly-2023;ledger-135-yue-2024-polyuniverse-data;ledger-136-yue-2024-polyuniverse;ledger-137-yue-polyuniverse-code
combo_7d4b4d914691f77b,polyuniverse_dinco_236875b2e3fa5e54ba5a,CCC(N=C=O)c1cc(C#N)cc(C(CC)N=C=O)c1,269.304,chemical_1f862d0fb910ec42,Oc1ccc(C2(c3ccc(O)cc3)CCCCC2)cc1,268.356,chemical_28a648027cd37607,OCCCCCCCCCO,160.257,平衡轮转；非全笛卡尔积,three_components_passed_prototype_gate,未采购未合成；需路线、EHS与供应复核,ledger-007-smipoly-2023;ledger-135-yue-2024-polyuniverse-data;ledger-136-yue-2024-polyuniverse;ledger-137-yue-polyuniverse-code
combo_7d65f0005489bd7f,polyuniverse_dinco_0499900e71bdb9da6b5c,CCCC(N=C=O)C1CC2CC(C(C)N=C=O)C1C2,262.353,chemical_b94fa835d3f1bdb8,CC(C)(CO)C1OCC2(CO1)COC(C(C)(C)CO)OC2,304.383,chemical_3635aefc1005d8ad,CC(C)(O)CCC(C)(C)O,146.23,平衡轮转；非全笛卡尔积,three_components_passed_prototype_gate,未采购未合成；需路线、EHS与供应复核,ledger-007-smipoly-2023;ledger-135-yue-2024-polyuniverse-data;ledger-136-yue-2024-polyuniverse;ledger-137-yue-polyuniverse-code
combo_7d8e4a33d7bb4952,polyuniverse_dinco_43658c980f2b703f5352,O=C=Nc1cc2c(N=C=O)c(c1Cl)-c1ccc-2cc1Cl,303.104,chemical_58b2613823466190,CC(C)(C)c1cc(-c2cc(C(C)(C)C)cc(C(C)(C)C)c2O)c(O)c(C(C)(C)C)c1,410.642,chemical_534466643d7ae4c0,Oc1ccccc1Oc1ccccc1O,202.209,平衡轮转；非全笛卡尔积,three_components_passed_prototype_gate,未采购未合成；需路线、EHS与供应复核,ledger-007-smipoly-2023;ledger-135-yue-2024-polyuniverse-data;ledger-136-yue-2024-polyuniverse;ledger-137-yue-polyuniverse-code
combo_7ddfba5fa36b42af,polyuniverse_dinco_ff2f153939a86421b3aa,O=C=NCC1CN2CC1CC2CN=C=O,207.233,chemical_f59a0ec9b5c263ad,CCCCCCCCC(CO)(CO)CCCCCCCC,300.527,chemical_72b7ed7d3d268fd7,CC(C)CC(CO)(CO)CC(C)C,188.311,平衡轮转；非全笛卡尔积,three_components_passed_prototype_gate,未采购未合成；需路线、EHS与供应复核,ledger-007-smipoly-2023;ledger-135-yue-2024-polyuniverse-data;ledger-136-yue-2024-polyuniverse;ledger-137-yue-polyuniverse-code
combo_7e0582656f5c4bc1,polyuniverse_dinco_4ed51fdb98321223f060,CCCC(CC(C)(CCC)CN=C=O)N=C=O,238.331,chemical_1f862d0fb910ec42,Oc1ccc(C2(c3ccc(O)cc3)CCCCC2)cc1,268.356,chemical_28a648027cd37607,OCCCCCCCCCO,160.257,平衡轮转；非全笛卡尔积,three_components_passed_prototype_gate,未采购未合成；需路线、EHS与供应复核,ledger-007-smipoly-2023;ledger-135-yue-2024-polyuniverse-data;ledger-136-yue-2024-polyuniverse;ledger-137-yue-polyuniverse-code
combo_7e3e783c98559c74,polyuniverse_dinco_7ae84879e7df0d84fdfa,O=C=NC1(F)C(F)(F)C(F)(F)C(F)(F)C(F)(F)C1(F)N=C=O,346.08,chemical_e34b1bd2b88ad439,CC(C)(c1ccc(O)c(C2CCCCC2)c1)c1ccc(O)c(C2CCCCC2)c1,392.583,chemical_5be20976c2a9d662,Oc1c(F)c(F)c(O)c(F)c1F,182.072,平衡轮转；非全笛卡尔积,three_components_passed_prototype_gate,未采购未合成；需路线、EHS与供应复核,ledger-007-smipoly-2023;ledger-135-yue-2024-polyuniverse-data;ledger-136-yue-2024-polyuniverse;ledger-137-yue-polyuniverse-code
combo_7e46928d67e4088d,polyuniverse_dinco_2337b9bdfd4a7449f5ba,Cc1ccc(-n2nc(C(C)(C)C)c(N=C=O)c2N=C=O)cc1,296.33,chemical_ff8d497a35fecaa4,OC(C(F)(F)F)(C(F)(F)F)C(O)(C(F)(F)F)C(F)(F)F,334.056,chemical_72b7ed7d3d268fd7,CC(C)CC(CO)(CO)CC(C)C,188.311,平衡轮转；非全笛卡尔积,three_components_passed_prototype_gate,未采购未合成；需路线、EHS与供应复核,ledger-007-smipoly-2023;ledger-135-yue-2024-polyuniverse-data;ledger-136-yue-2024-polyuniverse;ledger-137-yue-polyuniverse-code
combo_7e7e2842ef58448e,polyuniverse_dinco_60e65dae5f7c55187844,COc1cc(Cc2cc([N+](=O)[O-])c(N=C=O)c([N+](=O)[O-])c2)cc(OC)c1N=C=O,400.303,chemical_a04b7de5081dd0a5,CC(C)CC(C)(c1ccc(O)cc1)c1ccc(O)cc1,270.372,chemical_2a0d22152800ae85,Oc1ccc(Oc2ccc(O)cc2)cc1,202.209,平衡轮转；非全笛卡尔积,three_components_passed_prototype_gate,未采购未合成；需路线、EHS与供应复核,ledger-007-smipoly-2023;ledger-135-yue-2024-polyuniverse-data;ledger-136-yue-2024-polyuniverse;ledger-137-yue-polyuniverse-code
combo_7ea650b478ba1339,polyuniverse_dinco_2337b9bdfd4a7449f5ba,Cc1ccc(-n2nc(C(C)(C)C)c(N=C=O)c2N=C=O)cc1,296.33,chemical_e34b1bd2b88ad439,CC(C)(c1ccc(O)c(C2CCCCC2)c1)c1ccc(O)c(C2CCCCC2)c1,392.583,chemical_6ee30a16c1c450ed,OC1CCCCC1O,116.16,平衡轮转；非全笛卡尔积,three_components_passed_prototype_gate,未采购未合成；需路线、EHS与供应复核,ledger-007-smipoly-2023;ledger-135-yue-2024-polyuniverse-data;ledger-136-yue-2024-polyuniverse;ledger-137-yue-polyuniverse-code
combo_7ee237e3010e98ac,polyuniverse_dinco_c1050e20fc33beb7e09a,CC(CCN=C=O)CC(C)C(C)N=C=O,210.277,chemical_58b2613823466190,CC(C)(C)c1cc(-c2cc(C(C)(C)C)cc(C(C)(C)C)c2O)c(O)c(C(C)(C)C)c1,410.642,chemical_534466643d7ae4c0,Oc1ccccc1Oc1ccccc1O,202.209,平衡轮转；非全笛卡尔积,three_components_passed_prototype_gate,未采购未合成；需路线、EHS与供应复核,ledger-007-smipoly-2023;ledger-135-yue-2024-polyuniverse-data;ledger-136-yue-2024-polyuniverse;ledger-137-yue-polyuniverse-code
combo_7f525d4706467ab7,polyuniverse_dinco_2acbe63b26c33137e286,CC1(N=C=O)CCC(C)(C)C(C)(N=C=O)C1,222.288,chemical_1f862d0fb910ec42,Oc1ccc(C2(c3ccc(O)cc3)CCCCC2)cc1,268.356,chemical_72b7ed7d3d268fd7,CC(C)CC(CO)(CO)CC(C)C,188.311,平衡轮转；非全笛卡尔积,three_components_passed_prototype_gate,未采购未合成；需路线、EHS与供应复核,ledger-007-smipoly-2023;ledger-135-yue-2024-polyuniverse-data;ledger-136-yue-2024-polyuniverse;ledger-137-yue-polyuniverse-code
combo_7fc21257dcc7039e,polyuniverse_dinco_00a778151d7a7401ddb6,CC(CCCC(N=C=O)(C1CCCCC1)C1CCCCC1)C(C)(C)N=C=O,374.569,chemical_3a566be4d64035e3,Oc1ccc(-c2ccc(O)c(Br)c2)cc1Br,344.002,chemical_2a0d22152800ae85,Oc1ccc(Oc2ccc(O)cc2)cc1,202.209,平衡轮转；非全笛卡尔积,three_components_passed_prototype_gate,未采购未合成；需路线、EHS与供应复核,ledger-007-smipoly-2023;ledger-135-yue-2024-polyuniverse-data;ledger-136-yue-2024-polyuniverse;ledger-137-yue-polyuniverse-code
combo_7fc33b0629b31e7a,polyuniverse_dinco_8ec7a31c579192711514,CC1CCC2C(C1)C(N=C=O)C1C3CCC(C3)C1C2N=C=O,300.402,chemical_986d2a218ca14417,OCC(F)(F)C(F)(F)C(F)(F)C(F)(F)C(F)(F)C(F)(F)CO,362.11,chemical_2dad29ca9d88607e,OC1CCC(C2CCC(O)CC2)CC1,198.306,平衡轮转；非全笛卡尔积,three_components_passed_prototype_gate,未采购未合成；需路线、EHS与供应复核,ledger-007-smipoly-2023;ledger-135-yue-2024-polyuniverse-data;ledger-136-yue-2024-polyuniverse;ledger-137-yue-polyuniverse-code
combo_7ff0340bf5995910,polyuniverse_dinco_7988a8eeb838489f4eaf,O=C=NCCCCC(COc1ccc(Oc2ccccc2)cc1)N=C=O,352.39,chemical_b94fa835d3f1bdb8,CC(C)(CO)C1OCC2(CO1)COC(C(C)(C)CO)OC2,304.383,chemical_3635aefc1005d8ad,CC(C)(O)CCC(C)(C)O,146.23,平衡轮转；非全笛卡尔积,three_components_passed_prototype_gate,未采购未合成；需路线、EHS与供应复核,ledger-007-smipoly-2023;ledger-135-yue-2024-polyuniverse-data;ledger-136-yue-2024-polyuniverse;ledger-137-yue-polyuniverse-code
combo_801faa2101f591f3,polyuniverse_dinco_d9e0e5b183928d0c3023,CC(C)(N=C=O)c1ccc2c(C(C)(C)N=C=O)cccc2c1,294.354,chemical_6364c045bd73da83,Oc1cccc(Oc2ccc(Oc3cccc(O)c3)cc2)c1,294.306,chemical_63c6eb608324eca7,OCC1CC2C3CC(CO)C(C3)C2C1,196.29,平衡轮转；非全笛卡尔积,three_components_passed_prototype_gate,未采购未合成；需路线、EHS与供应复核,ledger-007-smipoly-2023;ledger-135-yue-2024-polyuniverse-data;ledger-136-yue-2024-polyuniverse;ledger-137-yue-polyuniverse-code
combo_8028a1015ced8ed0,polyuniverse_dinco_2acbe63b26c33137e286,CC1(N=C=O)CCC(C)(C)C(C)(N=C=O)C1,222.288,chemical_1f862d0fb910ec42,Oc1ccc(C2(c3ccc(O)cc3)CCCCC2)cc1,268.356,chemical_75fb481cd45cc100,CCCCC(CC)(CO)CO,160.257,平衡轮转；非全笛卡尔积,three_components_passed_prototype_gate,未采购未合成；需路线、EHS与供应复核,ledger-007-smipoly-2023;ledger-135-yue-2024-polyuniverse-data;ledger-136-yue-2024-polyuniverse;ledger-137-yue-polyuniverse-code
combo_804b5c207eac6eb2,polyuniverse_dinco_bd1652fdf1dacee4093c,O=C=NCCC12CCC(C1)C1CCCC12CCN=C=O,274.364,chemical_a04b7de5081dd0a5,CC(C)CC(C)(c1ccc(O)cc1)c1ccc(O)cc1,270.372,chemical_2dad29ca9d88607e,OC1CCC(C2CCC(O)CC2)CC1,198.306,平衡轮转；非全笛卡尔积,three_components_passed_prototype_gate,未采购未合成；需路线、EHS与供应复核,ledger-007-smipoly-2023;ledger-135-yue-2024-polyuniverse-data;ledger-136-yue-2024-polyuniverse;ledger-137-yue-polyuniverse-code
combo_80615a21e34d9e77,polyuniverse_dinco_26cead9b352cec30e97f,CCC(CN=C=O)C1CCCC(N=C=O)C1,222.288,chemical_a04b7de5081dd0a5,CC(C)CC(C)(c1ccc(O)cc1)c1ccc(O)cc1,270.372,chemical_79b196ca779aae4e,OCc1ccccc1CO,138.166,平衡轮转；非全笛卡尔积,three_components_passed_prototype_gate,未采购未合成；需路线、EHS与供应复核,ledger-007-smipoly-2023;ledger-135-yue-2024-polyuniverse-data;ledger-136-yue-2024-polyuniverse;ledger-137-yue-polyuniverse-code
combo_8067b3c2d346ce01,polyuniverse_dinco_016bfd4c165aa545a7db,Cc1c(CCCCCCN=C=O)cccc1N=C=O,258.321,chemical_986d2a218ca14417,OCC(F)(F)C(F)(F)C(F)(F)C(F)(F)C(F)(F)C(F)(F)CO,362.11,chemical_75fb481cd45cc100,CCCCC(CC)(CO)CO,160.257,平衡轮转；非全笛卡尔积,three_components_passed_prototype_gate,未采购未合成；需路线、EHS与供应复核,ledger-007-smipoly-2023;ledger-135-yue-2024-polyuniverse-data;ledger-136-yue-2024-polyuniverse;ledger-137-yue-polyuniverse-code
combo_817692baf1910d4f,polyuniverse_dinco_ab4efb95ee1f94419689,Cc1cc2c(c(C)c1N=C=O)C(C)(C)CC21CC(C)(C)c2cc(C)c(N=C=O)c(C)c21,414.549,chemical_e4aa17432292bb19,Cc1cc2c(cc1O)C(C)(C)CC1(CC(C)(C)c3cc(O)c(C)cc3O1)O2,368.473,chemical_706c38f2fda91d2c,CCC(C)(c1ccc(O)cc1)c1ccc(O)cc1,242.318,平衡轮转；非全笛卡尔积,three_components_passed_prototype_gate,未采购未合成；需路线、EHS与供应复核,ledger-007-smipoly-2023;ledger-135-yue-2024-polyuniverse-data;ledger-136-yue-2024-polyuniverse;ledger-137-yue-polyuniverse-code
combo_817ffa0ec9977313,polyuniverse_dinco_055819dc5371734047d1,N#COC1CCC(CC2CCC(N=C=O)C(CC3CCC(N=C=O)CC3)C2)CC1,399.535,chemical_ff8d497a35fecaa4,OC(C(F)(F)F)(C(F)(F)F)C(O)(C(F)(F)F)C(F)(F)F,334.056,chemical_75fb481cd45cc100,CCCCC(CC)(CO)CO,160.257,平衡轮转；非全笛卡尔积,three_components_passed_prototype_gate,未采购未合成；需路线、EHS与供应复核,ledger-007-smipoly-2023;ledger-135-yue-2024-polyuniverse-data;ledger-136-yue-2024-polyuniverse;ledger-137-yue-polyuniverse-code
combo_82010f85d60f16ea,polyuniverse_dinco_4a1eb105ee6ae99e25d6,CCC1(CN=C=O)C(C)C1(C)N=C=O,194.234,chemical_34962dac292231e7,Cc1cc(Cc2cc(C)c(O)c(C)c2)cc(C)c1O,256.345,chemical_79b196ca779aae4e,OCc1ccccc1CO,138.166,平衡轮转；非全笛卡尔积,three_components_passed_prototype_gate,未采购未合成；需路线、EHS与供应复核,ledger-007-smipoly-2023;ledger-135-yue-2024-polyuniverse-data;ledger-136-yue-2024-polyuniverse;ledger-137-yue-polyuniverse-code
combo_82a6c5b7083ea0b9,polyuniverse_dinco_7bf0d3c1efc36d46299a,O=C=NCCCC(CN=C=O)CC12CCC(CC1)C2,262.353,chemical_0895e6cd5136df6a,OCCOc1ccc(C2(c3ccc(OCCO)cc3)c3ccccc3-c3ccccc32)cc1,438.523,chemical_1ace6e6abb3b5be3,Oc1ccc(O)c2c1C1CCC2C1,176.215,平衡轮转；非全笛卡尔积,three_components_passed_prototype_gate,未采购未合成；需路线、EHS与供应复核,ledger-007-smipoly-2023;ledger-135-yue-2024-polyuniverse-data;ledger-136-yue-2024-polyuniverse;ledger-137-yue-polyuniverse-code
combo_82e907e6215a22a8,polyuniverse_dinco_f4a3c1923033f08d5b48,Cc1c(Cl)cc(N=C=O)cc1C(Cl)(N=C=O)c1ccccc1,333.174,chemical_5e814be594638bdc,OCCCCCCCCCCCCCCCCO,258.446,chemical_63c6eb608324eca7,OCC1CC2C3CC(CO)C(C3)C2C1,196.29,平衡轮转；非全笛卡尔积,three_components_passed_prototype_gate,未采购未合成；需路线、EHS与供应复核,ledger-007-smipoly-2023;ledger-135-yue-2024-polyuniverse-data;ledger-136-yue-2024-polyuniverse;ledger-137-yue-polyuniverse-code
combo_830ff79b107d8603,polyuniverse_dinco_a5809ed0bb50011d11e7,CC(C)c1ncc(F)c(C(C)CC2Cc3c(nc4c(c3N=C=O)CCC4)C2C)c1N=C=O,434.515,chemical_3a566be4d64035e3,Oc1ccc(-c2ccc(O)c(Br)c2)cc1Br,344.002,chemical_7eec20377145fdb7,CC1(C)C(O)C(C)(C)C1O,144.214,平衡轮转；非全笛卡尔积,three_components_passed_prototype_gate,未采购未合成；需路线、EHS与供应复核,ledger-007-smipoly-2023;ledger-135-yue-2024-polyuniverse-data;ledger-136-yue-2024-polyuniverse;ledger-137-yue-polyuniverse-code
combo_83179b5c8822ddc6,polyuniverse_dinco_61e84547e1c5aa376ad9,O=C=NCC12CC(C3CCCC31)C1C3CCC(C3)C12CN=C=O,312.413,chemical_e34b1bd2b88ad439,CC(C)(c1ccc(O)c(C2CCCCC2)c1)c1ccc(O)c(C2CCCCC2)c1,392.583,chemical_6ee30a16c1c450ed,OC1CCCCC1O,116.16,平衡轮转；非全笛卡尔积,three_components_passed_prototype_gate,未采购未合成；需路线、EHS与供应复核,ledger-007-smipoly-2023;ledger-135-yue-2024-polyuniverse-data;ledger-136-yue-2024-polyuniverse;ledger-137-yue-polyuniverse-code
combo_833904dc7e5eaf5e,polyuniverse_dinco_7df67f418ef75f339395,CC1CC(N=C=O)C(N=C=O)(C(C)C)C(c2ccccc2)(c2ccccc2)C1,374.484,chemical_58b2613823466190,CC(C)(C)c1cc(-c2cc(C(C)(C)C)cc(C(C)(C)C)c2O)c(O)c(C(C)(C)C)c1,410.642,chemical_5be20976c2a9d662,Oc1c(F)c(F)c(O)c(F)c1F,182.072,平衡轮转；非全笛卡尔积,three_components_passed_prototype_gate,未采购未合成；需路线、EHS与供应复核,ledger-007-smipoly-2023;ledger-135-yue-2024-polyuniverse-data;ledger-136-yue-2024-polyuniverse;ledger-137-yue-polyuniverse-code
combo_8356d1c1ef482a17,polyuniverse_dinco_b3615f63610ee99adc3f,CCC(C)c1c(N=C=O)cc(N=C=O)c2c1CCC2(C)C,284.359,chemical_e4aa17432292bb19,Cc1cc2c(cc1O)C(C)(C)CC1(CC(C)(C)c3cc(O)c(C)cc3O1)O2,368.473,chemical_f25ee56de4366915,O=[N+]([O-])c1cc(CO)ccc1CO,183.163,平衡轮转；非全笛卡尔积,three_components_passed_prototype_gate,未采购未合成；需路线、EHS与供应复核,ledger-007-smipoly-2023;ledger-135-yue-2024-polyuniverse-data;ledger-136-yue-2024-polyuniverse;ledger-137-yue-polyuniverse-code
combo_835949c46e12e2a8,polyuniverse_dinco_8a880932a5a3f4f0ae1c,CC1CC(N=C=O)CCC1C1CC(C)(C)C(N=C=O)CC1C,304.434,chemical_694871d5e95b7370,Oc1c(F)c(F)c(-c2c(F)c(F)c(O)c(F)c2F)c(F)c1F,330.13,chemical_f25ee56de4366915,O=[N+]([O-])c1cc(CO)ccc1CO,183.163,平衡轮转；非全笛卡尔积,three_components_passed_prototype_gate,未采购未合成；需路线、EHS与供应复核,ledger-007-smipoly-2023;ledger-135-yue-2024-polyuniverse-data;ledger-136-yue-2024-polyuniverse;ledger-137-yue-polyuniverse-code
combo_83668b1982ff0312,polyuniverse_dinco_d9e0e5b183928d0c3023,CC(C)(N=C=O)c1ccc2c(C(C)(C)N=C=O)cccc2c1,294.354,chemical_58b2613823466190,CC(C)(C)c1cc(-c2cc(C(C)(C)C)cc(C(C)(C)C)c2O)c(O)c(C(C)(C)C)c1,410.642,chemical_534466643d7ae4c0,Oc1ccccc1Oc1ccccc1O,202.209,平衡轮转；非全笛卡尔积,three_components_passed_prototype_gate,未采购未合成；需路线、EHS与供应复核,ledger-007-smipoly-2023;ledger-135-yue-2024-polyuniverse-data;ledger-136-yue-2024-polyuniverse;ledger-137-yue-polyuniverse-code
combo_840952707465c9df,polyuniverse_dinco_569c13453ff070989050,[C-]#[N+]c1cc2c(N=C=O)c(C#N)c(C#N)cc2c(N=C=O)c1[N+]#[C-],310.232,chemical_694871d5e95b7370,Oc1c(F)c(F)c(-c2c(F)c(F)c(O)c(F)c2F)c(F)c1F,330.13,chemical_63c6eb608324eca7,OCC1CC2C3CC(CO)C(C3)C2C1,196.29,平衡轮转；非全笛卡尔积,three_components_passed_prototype_gate,未采购未合成；需路线、EHS与供应复核,ledger-007-smipoly-2023;ledger-135-yue-2024-polyuniverse-data;ledger-136-yue-2024-polyuniverse;ledger-137-yue-polyuniverse-code
combo_84e9f7ab62e78d50,polyuniverse_dinco_bffdc5ccff4c002d8304,Cc1cc(CC2CCCCC2N=C=O)cc(N=C=O)c1,270.332,chemical_f59a0ec9b5c263ad,CCCCCCCCC(CO)(CO)CCCCCCCC,300.527,chemical_6ee30a16c1c450ed,OC1CCCCC1O,116.16,平衡轮转；非全笛卡尔积,three_components_passed_prototype_gate,未采购未合成；需路线、EHS与供应复核,ledger-007-smipoly-2023;ledger-135-yue-2024-polyuniverse-data;ledger-136-yue-2024-polyuniverse;ledger-137-yue-polyuniverse-code
combo_858c9fd47baeb5f1,polyuniverse_dinco_d99b46b0b115b20a069f,CC1(C)CC(C)(CN=C=O)C(C2CCCCC2)C(N=C=O)(C2CCCCC2)C1,386.58,chemical_1f862d0fb910ec42,Oc1ccc(C2(c3ccc(O)cc3)CCCCC2)cc1,268.356,chemical_2a0d22152800ae85,Oc1ccc(Oc2ccc(O)cc2)cc1,202.209,平衡轮转；非全笛卡尔积,three_components_passed_prototype_gate,未采购未合成；需路线、EHS与供应复核,ledger-007-smipoly-2023;ledger-135-yue-2024-polyuniverse-data;ledger-136-yue-2024-polyuniverse;ledger-137-yue-polyuniverse-code
combo_8590f67ba0797b67,polyuniverse_dinco_00fa3f3b14ce15566695,CCCCC(C)(N=C=O)C(C)(C)N=C=O,210.277,chemical_6364c045bd73da83,Oc1cccc(Oc2ccc(Oc3cccc(O)c3)cc2)c1,294.306,chemical_63c6eb608324eca7,OCC1CC2C3CC(CO)C(C3)C2C1,196.29,平衡轮转；非全笛卡尔积,three_components_passed_prototype_gate,未采购未合成；需路线、EHS与供应复核,ledger-007-smipoly-2023;ledger-135-yue-2024-polyuniverse-data;ledger-136-yue-2024-polyuniverse;ledger-137-yue-polyuniverse-code
combo_859c4208d75e4322,polyuniverse_dinco_7ae84879e7df0d84fdfa,O=C=NC1(F)C(F)(F)C(F)(F)C(F)(F)C(F)(F)C1(F)N=C=O,346.08,chemical_f59a0ec9b5c263ad,CCCCCCCCC(CO)(CO)CCCCCCCC,300.527,chemical_706c38f2fda91d2c,CCC(C)(c1ccc(O)cc1)c1ccc(O)cc1,242.318,平衡轮转；非全笛卡尔积,three_components_passed_prototype_gate,未采购未合成；需路线、EHS与供应复核,ledger-007-smipoly-2023;ledger-135-yue-2024-polyuniverse-data;ledger-136-yue-2024-polyuniverse;ledger-137-yue-polyuniverse-code
combo_85cb7a9156c13056,polyuniverse_dinco_677d9180682055b9b9f3,O=C=Nc1nc(Cl)nc(N=C=O)n1,197.541,chemical_6364c045bd73da83,Oc1cccc(Oc2ccc(Oc3cccc(O)c3)cc2)c1,294.306,chemical_6ee30a16c1c450ed,OC1CCCCC1O,116.16,平衡轮转；非全笛卡尔积,three_components_passed_prototype_gate,未采购未合成；需路线、EHS与供应复核,ledger-007-smipoly-2023;ledger-135-yue-2024-polyuniverse-data;ledger-136-yue-2024-polyuniverse;ledger-137-yue-polyuniverse-code
combo_85cf2e609acb1f8a,polyuniverse_dinco_fbadb623a6ef1950d388,O=C=NC(Cc1ccc2ccccc2c1)C(N=C=O)c1ccc2ccccc2c1,378.431,chemical_3a566be4d64035e3,Oc1ccc(-c2ccc(O)c(Br)c2)cc1Br,344.002,chemical_831d24f7368b3f75,Cc1cc(-c2cc(C)c(O)c(C)c2)cc(C)c1O,242.318,平衡轮转；非全笛卡尔积,three_components_passed_prototype_gate,未采购未合成；需路线、EHS与供应复核,ledger-007-smipoly-2023;ledger-135-yue-2024-polyuniverse-data;ledger-136-yue-2024-polyuniverse;ledger-137-yue-polyuniverse-code
combo_867677abc80faeee,polyuniverse_dinco_4a1eb105ee6ae99e25d6,CCC1(CN=C=O)C(C)C1(C)N=C=O,194.234,chemical_1f862d0fb910ec42,Oc1ccc(C2(c3ccc(O)cc3)CCCCC2)cc1,268.356,chemical_79b196ca779aae4e,OCc1ccccc1CO,138.166,平衡轮转；非全笛卡尔积,three_components_passed_prototype_gate,未采购未合成；需路线、EHS与供应复核,ledger-007-smipoly-2023;ledger-135-yue-2024-polyuniverse-data;ledger-136-yue-2024-polyuniverse;ledger-137-yue-polyuniverse-code
combo_870c2835d54d94a9,polyuniverse_dinco_4716b4743a5baa106de3,O=C=Nc1cc2cccc(N=C=O)c2nc1-c1cccc(OC(F)(F)F)c1,371.274,chemical_a04b7de5081dd0a5,CC(C)CC(C)(c1ccc(O)cc1)c1ccc(O)cc1,270.372,chemical_79b196ca779aae4e,OCc1ccccc1CO,138.166,平衡轮转；非全笛卡尔积,three_components_passed_prototype_gate,未采购未合成；需路线、EHS与供应复核,ledger-007-smipoly-2023;ledger-135-yue-2024-polyuniverse-data;ledger-136-yue-2024-polyuniverse;ledger-137-yue-polyuniverse-code
combo_874cfe13b2f94743,polyuniverse_dinco_72c91e88a4c33aabb96c,O=C=Nc1no[n+]([O-])c1N=C=O,168.068,chemical_f59a0ec9b5c263ad,CCCCCCCCC(CO)(CO)CCCCCCCC,300.527,chemical_1ace6e6abb3b5be3,Oc1ccc(O)c2c1C1CCC2C1,176.215,平衡轮转；非全笛卡尔积,three_components_passed_prototype_gate,未采购未合成；需路线、EHS与供应复核,ledger-007-smipoly-2023;ledger-135-yue-2024-polyuniverse-data;ledger-136-yue-2024-polyuniverse;ledger-137-yue-polyuniverse-code
combo_876c98f0b764ebb7,polyuniverse_dinco_7988a8eeb838489f4eaf,O=C=NCCCCC(COc1ccc(Oc2ccccc2)cc1)N=C=O,352.39,chemical_b94fa835d3f1bdb8,CC(C)(CO)C1OCC2(CO1)COC(C(C)(C)CO)OC2,304.383,chemical_48e0f37b8f35d22d,Cc1c(C)c(CO)c(C)c(C)c1CO,194.274,平衡轮转；非全笛卡尔积,three_components_passed_prototype_gate,未采购未合成；需路线、EHS与供应复核,ledger-007-smipoly-2023;ledger-135-yue-2024-polyuniverse-data;ledger-136-yue-2024-polyuniverse;ledger-137-yue-polyuniverse-code
combo_88073164e0d2a492,polyuniverse_dinco_f52819a239fd8e98087e,O=C=Nc1ccc2ccc(N=C=O)c([N+](=O)[O-])c2c1[N+](=O)[O-],300.186,chemical_a2cf8157d0f77432,OC(c1cccc(C(O)(C(F)(F)F)C(F)(F)F)c1)(C(F)(F)F)C(F)(F)F,410.154,chemical_9a89f0adbd70529b,OCC(F)(F)C(F)(F)C(F)(F)CO,212.089,平衡轮转；非全笛卡尔积,three_components_passed_prototype_gate,未采购未合成；需路线、EHS与供应复核,ledger-007-smipoly-2023;ledger-135-yue-2024-polyuniverse-data;ledger-136-yue-2024-polyuniverse;ledger-137-yue-polyuniverse-code
combo_88356ee649ff85f0,polyuniverse_dinco_0682742a99d644d48f6f,CC(c1ccc(N=C=O)o1)c1ccc(N=C=O)o1,244.206,chemical_1f862d0fb910ec42,Oc1ccc(C2(c3ccc(O)cc3)CCCCC2)cc1,268.356,chemical_1ace6e6abb3b5be3,Oc1ccc(O)c2c1C1CCC2C1,176.215,平衡轮转；非全笛卡尔积,three_components_passed_prototype_gate,未采购未合成；需路线、EHS与供应复核,ledger-007-smipoly-2023;ledger-135-yue-2024-polyuniverse-data;ledger-136-yue-2024-polyuniverse;ledger-137-yue-polyuniverse-code
combo_8862ed369985b7dc,polyuniverse_dinco_1fc69a034afa52f3206d,O=C=Nc1ccc(C23CC4CC5(c6ccc(N=C=O)cc6)CC(C2)C5(C4)C3)cc1,382.463,chemical_58b2613823466190,CC(C)(C)c1cc(-c2cc(C(C)(C)C)cc(C(C)(C)C)c2O)c(O)c(C(C)(C)C)c1,410.642,chemical_bacbda6c95c1bb67,Cc1ccc(O)c(Cc2cc(C)ccc2O)c1,228.291,平衡轮转；非全笛卡尔积,three_components_passed_prototype_gate,未采购未合成；需路线、EHS与供应复核,ledger-007-smipoly-2023;ledger-135-yue-2024-polyuniverse-data;ledger-136-yue-2024-polyuniverse;ledger-137-yue-polyuniverse-code
combo_88ccb36bd06520ba,polyuniverse_dinco_d5c6102d385810c8a633,CC1CC(C(C)(C)C)C(N=C=O)CC1N=C=O,236.315,chemical_a2cf8157d0f77432,OC(c1cccc(C(O)(C(F)(F)F)C(F)(F)F)c1)(C(F)(F)F)C(F)(F)F,410.154,chemical_3635aefc1005d8ad,CC(C)(O)CCC(C)(C)O,146.23,平衡轮转；非全笛卡尔积,three_components_passed_prototype_gate,未采购未合成；需路线、EHS与供应复核,ledger-007-smipoly-2023;ledger-135-yue-2024-polyuniverse-data;ledger-136-yue-2024-polyuniverse;ledger-137-yue-polyuniverse-code
combo_892474ae4a1f0c82,polyuniverse_dinco_ddc56fe70a91074540ef,CCCCOC(N=C=O)C(CCCCCCl)N=C=O,288.775,chemical_a2cf8157d0f77432,OC(c1cccc(C(O)(C(F)(F)F)C(F)(F)F)c1)(C(F)(F)F)C(F)(F)F,410.154,chemical_9a89f0adbd70529b,OCC(F)(F)C(F)(F)C(F)(F)CO,212.089,平衡轮转；非全笛卡尔积,three_components_passed_prototype_gate,未采购未合成；需路线、EHS与供应复核,ledger-007-smipoly-2023;ledger-135-yue-2024-polyuniverse-data;ledger-136-yue-2024-polyuniverse;ledger-137-yue-polyuniverse-code
combo_89cb1fe4f1457f4b,polyuniverse_dinco_2c849f9c85ebe823e4a4,C[C@@H]1C[C@@H]2C[C@H](C)[C@H]3CC[C@](C)(N=C=O)[C@H]4CC[C@@H]([C@@H]2[C@H]34)[C@]1(C)N=C=O,356.51,chemical_5e814be594638bdc,OCCCCCCCCCCCCCCCCO,258.446,chemical_c68025b85cef6d56,OCC(CO)OCc1ccccc1,182.219,平衡轮转；非全笛卡尔积,three_components_passed_prototype_gate,未采购未合成；需路线、EHS与供应复核,ledger-007-smipoly-2023;ledger-135-yue-2024-polyuniverse-data;ledger-136-yue-2024-polyuniverse;ledger-137-yue-polyuniverse-code
combo_89e441f25bc29ec0,polyuniverse_dinco_1521a8e0db18b3ee10fa,CCCCC1(CC)C(N=C=O)C(CC)(CCCC)C1N=C=O,306.45,chemical_f59a0ec9b5c263ad,CCCCCCCCC(CO)(CO)CCCCCCCC,300.527,chemical_f25ee56de4366915,O=[N+]([O-])c1cc(CO)ccc1CO,183.163,平衡轮转；非全笛卡尔积,three_components_passed_prototype_gate,未采购未合成；需路线、EHS与供应复核,ledger-007-smipoly-2023;ledger-135-yue-2024-polyuniverse-data;ledger-136-yue-2024-polyuniverse;ledger-137-yue-polyuniverse-code
combo_8a28f007a9f97d0d,polyuniverse_dinco_ff251f80a8e230a05cc3,O=C=NCC(Br)C(CF)N=C=O,237.028,chemical_a2cf8157d0f77432,OC(c1cccc(C(O)(C(F)(F)F)C(F)(F)F)c1)(C(F)(F)F)C(F)(F)F,410.154,chemical_2dad29ca9d88607e,OC1CCC(C2CCC(O)CC2)CC1,198.306,平衡轮转；非全笛卡尔积,three_components_passed_prototype_gate,未采购未合成；需路线、EHS与供应复核,ledger-007-smipoly-2023;ledger-135-yue-2024-polyuniverse-data;ledger-136-yue-2024-polyuniverse;ledger-137-yue-polyuniverse-code
combo_8a3956c727757cb2,polyuniverse_dinco_5869c3b07285b5b309da,CC(C)(CC1CCC(C(C)(C)N=C=O)C1)N=C=O,250.342,chemical_e4aa17432292bb19,Cc1cc2c(cc1O)C(C)(C)CC1(CC(C)(C)c3cc(O)c(C)cc3O1)O2,368.473,chemical_f25ee56de4366915,O=[N+]([O-])c1cc(CO)ccc1CO,183.163,平衡轮转；非全笛卡尔积,three_components_passed_prototype_gate,未采购未合成；需路线、EHS与供应复核,ledger-007-smipoly-2023;ledger-135-yue-2024-polyuniverse-data;ledger-136-yue-2024-polyuniverse;ledger-137-yue-polyuniverse-code
combo_8a5bf07b8ef71266,polyuniverse_dinco_41dd7d9f5ae04dca84b5,O=C=NC1(Cl)CCCCC1(Cl)CC1(Cl)CCCCC1(Cl)N=C=O,400.133,chemical_3a566be4d64035e3,Oc1ccc(-c2ccc(O)c(Br)c2)cc1Br,344.002,chemical_3635aefc1005d8ad,CC(C)(O)CCC(C)(C)O,146.23,平衡轮转；非全笛卡尔积,three_components_passed_prototype_gate,未采购未合成；需路线、EHS与供应复核,ledger-007-smipoly-2023;ledger-135-yue-2024-polyuniverse-data;ledger-136-yue-2024-polyuniverse;ledger-137-yue-polyuniverse-code
combo_8a7d8fe6f00e2f43,polyuniverse_dinco_236875b2e3fa5e54ba5a,CCC(N=C=O)c1cc(C#N)cc(C(CC)N=C=O)c1,269.304,chemical_3a566be4d64035e3,Oc1ccc(-c2ccc(O)c(Br)c2)cc1Br,344.002,chemical_2dad29ca9d88607e,OC1CCC(C2CCC(O)CC2)CC1,198.306,平衡轮转；非全笛卡尔积,three_components_passed_prototype_gate,未采购未合成；需路线、EHS与供应复核,ledger-007-smipoly-2023;ledger-135-yue-2024-polyuniverse-data;ledger-136-yue-2024-polyuniverse;ledger-137-yue-polyuniverse-code
combo_8a88e4fbf787ca8f,polyuniverse_dinco_e3bd88989ad52de46012,O=C=Nc1cccc(CC2(N=C=O)CCCCC2)c1,256.305,chemical_5e814be594638bdc,OCCCCCCCCCCCCCCCCO,258.446,chemical_dd2ebb8c8aeed446,Oc1ccc2c(O)cccc2c1,160.172,平衡轮转；非全笛卡尔积,three_components_passed_prototype_gate,未采购未合成；需路线、EHS与供应复核,ledger-007-smipoly-2023;ledger-135-yue-2024-polyuniverse-data;ledger-136-yue-2024-polyuniverse;ledger-137-yue-polyuniverse-code
combo_8a96d120d9d93a16,polyuniverse_dinco_b942aa905763bb430945,CCCC1(CC(C)N=C=O)CCC(C)(C(C)(C)CC(C)(C)N=C=O)C1,348.531,chemical_3a566be4d64035e3,Oc1ccc(-c2ccc(O)c(Br)c2)cc1Br,344.002,chemical_7eec20377145fdb7,CC1(C)C(O)C(C)(C)C1O,144.214,平衡轮转；非全笛卡尔积,three_components_passed_prototype_gate,未采购未合成；需路线、EHS与供应复核,ledger-007-smipoly-2023;ledger-135-yue-2024-polyuniverse-data;ledger-136-yue-2024-polyuniverse;ledger-137-yue-polyuniverse-code
combo_8aa415e38f3b89da,polyuniverse_dinco_41dd7d9f5ae04dca84b5,O=C=NC1(Cl)CCCCC1(Cl)CC1(Cl)CCCCC1(Cl)N=C=O,400.133,chemical_1f862d0fb910ec42,Oc1ccc(C2(c3ccc(O)cc3)CCCCC2)cc1,268.356,chemical_1ace6e6abb3b5be3,Oc1ccc(O)c2c1C1CCC2C1,176.215,平衡轮转；非全笛卡尔积,three_components_passed_prototype_gate,未采购未合成；需路线、EHS与供应复核,ledger-007-smipoly-2023;ledger-135-yue-2024-polyuniverse-data;ledger-136-yue-2024-polyuniverse;ledger-137-yue-polyuniverse-code
combo_8ad279d224929fce,polyuniverse_dinco_2c849f9c85ebe823e4a4,C[C@@H]1C[C@@H]2C[C@H](C)[C@H]3CC[C@](C)(N=C=O)[C@H]4CC[C@@H]([C@@H]2[C@H]34)[C@]1(C)N=C=O,356.51,chemical_6364c045bd73da83,Oc1cccc(Oc2ccc(Oc3cccc(O)c3)cc2)c1,294.306,chemical_dd2ebb8c8aeed446,Oc1ccc2c(O)cccc2c1,160.172,平衡轮转；非全笛卡尔积,three_components_passed_prototype_gate,未采购未合成；需路线、EHS与供应复核,ledger-007-smipoly-2023;ledger-135-yue-2024-polyuniverse-data;ledger-136-yue-2024-polyuniverse;ledger-137-yue-polyuniverse-code
combo_8b12df1ca603ff8f,polyuniverse_dinco_854f6f15dafaadb28034,O=C=Nc1ccc2c([nH]c3ccccc32)c1N=C=O,249.229,chemical_3a566be4d64035e3,Oc1ccc(-c2ccc(O)c(Br)c2)cc1Br,344.002,chemical_7eec20377145fdb7,CC1(C)C(O)C(C)(C)C1O,144.214,平衡轮转；非全笛卡尔积,three_components_passed_prototype_gate,未采购未合成；需路线、EHS与供应复核,ledger-007-smipoly-2023;ledger-135-yue-2024-polyuniverse-data;ledger-136-yue-2024-polyuniverse;ledger-137-yue-polyuniverse-code
combo_8b1c53db020b1824,polyuniverse_dinco_a759abc4f1e86d39deed,CC1CC(C)CC(CC2CC(C)C(N=C=O)C(C)(N=C=O)C2)C1,318.461,chemical_5e814be594638bdc,OCCCCCCCCCCCCCCCCO,258.446,chemical_c68025b85cef6d56,OCC(CO)OCc1ccccc1,182.219,平衡轮转；非全笛卡尔积,three_components_passed_prototype_gate,未采购未合成；需路线、EHS与供应复核,ledger-007-smipoly-2023;ledger-135-yue-2024-polyuniverse-data;ledger-136-yue-2024-polyuniverse;ledger-137-yue-polyuniverse-code
combo_8b22bc2fe40b82c3,polyuniverse_dinco_4e634aebc4fcf9faf957,O=C=NCc1ccc(CN=C=O)c(N=Nc2ccc([N+](=O)[O-])cc2)c1,337.295,chemical_ff8d497a35fecaa4,OC(C(F)(F)F)(C(F)(F)F)C(O)(C(F)(F)F)C(F)(F)F,334.056,chemical_706c38f2fda91d2c,CCC(C)(c1ccc(O)cc1)c1ccc(O)cc1,242.318,平衡轮转；非全笛卡尔积,three_components_passed_prototype_gate,未采购未合成；需路线、EHS与供应复核,ledger-007-smipoly-2023;ledger-135-yue-2024-polyuniverse-data;ledger-136-yue-2024-polyuniverse;ledger-137-yue-polyuniverse-code
combo_8b3b9eadde5ec1ee,polyuniverse_dinco_677d9180682055b9b9f3,O=C=Nc1nc(Cl)nc(N=C=O)n1,197.541,chemical_694871d5e95b7370,Oc1c(F)c(F)c(-c2c(F)c(F)c(O)c(F)c2F)c(F)c1F,330.13,chemical_706c38f2fda91d2c,CCC(C)(c1ccc(O)cc1)c1ccc(O)cc1,242.318,平衡轮转；非全笛卡尔积,three_components_passed_prototype_gate,未采购未合成；需路线、EHS与供应复核,ledger-007-smipoly-2023;ledger-135-yue-2024-polyuniverse-data;ledger-136-yue-2024-polyuniverse;ledger-137-yue-polyuniverse-code
combo_8b4d85e82fa0adcc,polyuniverse_dinco_236875b2e3fa5e54ba5a,CCC(N=C=O)c1cc(C#N)cc(C(CC)N=C=O)c1,269.304,chemical_0895e6cd5136df6a,OCCOc1ccc(C2(c3ccc(OCCO)cc3)c3ccccc3-c3ccccc32)cc1,438.523,chemical_28a648027cd37607,OCCCCCCCCCO,160.257,平衡轮转；非全笛卡尔积,three_components_passed_prototype_gate,未采购未合成；需路线、EHS与供应复核,ledger-007-smipoly-2023;ledger-135-yue-2024-polyuniverse-data;ledger-136-yue-2024-polyuniverse;ledger-137-yue-polyuniverse-code
combo_8b89dc24d71f3ebb,polyuniverse_dinco_ad772ec6dd390bb329d7,CC1CC1(N=C=O)C(C)(C)N=C=O,180.207,chemical_5e814be594638bdc,OCCCCCCCCCCCCCCCCO,258.446,chemical_63c6eb608324eca7,OCC1CC2C3CC(CO)C(C3)C2C1,196.29,平衡轮转；非全笛卡尔积,three_components_passed_prototype_gate,未采购未合成；需路线、EHS与供应复核,ledger-007-smipoly-2023;ledger-135-yue-2024-polyuniverse-data;ledger-136-yue-2024-polyuniverse;ledger-137-yue-polyuniverse-code
combo_8c915a0005a0514f,polyuniverse_dinco_c24771e4eb3229cc941d,[C-]#[N+]C1(N=C=O)CCC(C)([N+]#[C-])C(N=C=O)C1,230.227,chemical_a2cf8157d0f77432,OC(c1cccc(C(O)(C(F)(F)F)C(F)(F)F)c1)(C(F)(F)F)C(F)(F)F,410.154,chemical_7eec20377145fdb7,CC1(C)C(O)C(C)(C)C1O,144.214,平衡轮转；非全笛卡尔积,three_components_passed_prototype_gate,未采购未合成；需路线、EHS与供应复核,ledger-007-smipoly-2023;ledger-135-yue-2024-polyuniverse-data;ledger-136-yue-2024-polyuniverse;ledger-137-yue-polyuniverse-code
combo_8cc2a65eb0a386ac,polyuniverse_dinco_1fc69a034afa52f3206d,O=C=Nc1ccc(C23CC4CC5(c6ccc(N=C=O)cc6)CC(C2)C5(C4)C3)cc1,382.463,chemical_5e814be594638bdc,OCCCCCCCCCCCCCCCCO,258.446,chemical_c68025b85cef6d56,OCC(CO)OCc1ccccc1,182.219,平衡轮转；非全笛卡尔积,three_components_passed_prototype_gate,未采购未合成；需路线、EHS与供应复核,ledger-007-smipoly-2023;ledger-135-yue-2024-polyuniverse-data;ledger-136-yue-2024-polyuniverse;ledger-137-yue-polyuniverse-code
combo_8d8a06fcfa1dbfd6,polyuniverse_dinco_26cead9b352cec30e97f,CCC(CN=C=O)C1CCCC(N=C=O)C1,222.288,chemical_a2cf8157d0f77432,OC(c1cccc(C(O)(C(F)(F)F)C(F)(F)F)c1)(C(F)(F)F)C(F)(F)F,410.154,chemical_9a89f0adbd70529b,OCC(F)(F)C(F)(F)C(F)(F)CO,212.089,平衡轮转；非全笛卡尔积,three_components_passed_prototype_gate,未采购未合成；需路线、EHS与供应复核,ledger-007-smipoly-2023;ledger-135-yue-2024-polyuniverse-data;ledger-136-yue-2024-polyuniverse;ledger-137-yue-polyuniverse-code
combo_8dc656760fdab822,polyuniverse_dinco_1d6acf47e4862fbbcc32,Cc1cc(N=C=O)ncc1N=C=O,175.147,chemical_3a566be4d64035e3,Oc1ccc(-c2ccc(O)c(Br)c2)cc1Br,344.002,chemical_831d24f7368b3f75,Cc1cc(-c2cc(C)c(O)c(C)c2)cc(C)c1O,242.318,平衡轮转；非全笛卡尔积,three_components_passed_prototype_gate,未采购未合成；需路线、EHS与供应复核,ledger-007-smipoly-2023;ledger-135-yue-2024-polyuniverse-data;ledger-136-yue-2024-polyuniverse;ledger-137-yue-polyuniverse-code
combo_8dd7ef72027c8afb,polyuniverse_dinco_57af23a42ae72d943289,CCC1C2(N=C=O)CC3CC(C2)CC1(C12CC4CC(CC(N=C=O)(C4)C1)C2)C3,380.532,chemical_a04b7de5081dd0a5,CC(C)CC(C)(c1ccc(O)cc1)c1ccc(O)cc1,270.372,chemical_7eec20377145fdb7,CC1(C)C(O)C(C)(C)C1O,144.214,平衡轮转；非全笛卡尔积,three_components_passed_prototype_gate,未采购未合成；需路线、EHS与供应复核,ledger-007-smipoly-2023;ledger-135-yue-2024-polyuniverse-data;ledger-136-yue-2024-polyuniverse;ledger-137-yue-polyuniverse-code
combo_8de70f6dc6675291,polyuniverse_dinco_6a887a4fc6e3f56dee69,N#COCC(CN=C=O)(CN=C=O)COC#N,236.187,chemical_a04b7de5081dd0a5,CC(C)CC(C)(c1ccc(O)cc1)c1ccc(O)cc1,270.372,chemical_79b196ca779aae4e,OCc1ccccc1CO,138.166,平衡轮转；非全笛卡尔积,three_components_passed_prototype_gate,未采购未合成；需路线、EHS与供应复核,ledger-007-smipoly-2023;ledger-135-yue-2024-polyuniverse-data;ledger-136-yue-2024-polyuniverse;ledger-137-yue-polyuniverse-code
combo_8dea759c0480a934,polyuniverse_dinco_ab4efb95ee1f94419689,Cc1cc2c(c(C)c1N=C=O)C(C)(C)CC21CC(C)(C)c2cc(C)c(N=C=O)c(C)c21,414.549,chemical_e34b1bd2b88ad439,CC(C)(c1ccc(O)c(C2CCCCC2)c1)c1ccc(O)c(C2CCCCC2)c1,392.583,chemical_5be20976c2a9d662,Oc1c(F)c(F)c(O)c(F)c1F,182.072,平衡轮转；非全笛卡尔积,three_components_passed_prototype_gate,未采购未合成；需路线、EHS与供应复核,ledger-007-smipoly-2023;ledger-135-yue-2024-polyuniverse-data;ledger-136-yue-2024-polyuniverse;ledger-137-yue-polyuniverse-code
combo_8df3e38e9f4ae0e8,polyuniverse_dinco_76731ef629e89287c8f8,CC(C)(CCOCN=C=O)OCCC(C)(C)OCN=C=O,300.355,chemical_5e814be594638bdc,OCCCCCCCCCCCCCCCCO,258.446,chemical_ca5e105838153c99,CCC(CO)CC(CC)CO,160.257,平衡轮转；非全笛卡尔积,three_components_passed_prototype_gate,未采购未合成；需路线、EHS与供应复核,ledger-007-smipoly-2023;ledger-135-yue-2024-polyuniverse-data;ledger-136-yue-2024-polyuniverse;ledger-137-yue-polyuniverse-code
combo_8e56da17527aba99,polyuniverse_dinco_0682742a99d644d48f6f,CC(c1ccc(N=C=O)o1)c1ccc(N=C=O)o1,244.206,chemical_3a566be4d64035e3,Oc1ccc(-c2ccc(O)c(Br)c2)cc1Br,344.002,chemical_2dad29ca9d88607e,OC1CCC(C2CCC(O)CC2)CC1,198.306,平衡轮转；非全笛卡尔积,three_components_passed_prototype_gate,未采购未合成；需路线、EHS与供应复核,ledger-007-smipoly-2023;ledger-135-yue-2024-polyuniverse-data;ledger-136-yue-2024-polyuniverse;ledger-137-yue-polyuniverse-code
combo_8e6fb61324b8eb1a,polyuniverse_dinco_72c91e88a4c33aabb96c,O=C=Nc1no[n+]([O-])c1N=C=O,168.068,chemical_e4aa17432292bb19,Cc1cc2c(cc1O)C(C)(C)CC1(CC(C)(C)c3cc(O)c(C)cc3O1)O2,368.473,chemical_f25ee56de4366915,O=[N+]([O-])c1cc(CO)ccc1CO,183.163,平衡轮转；非全笛卡尔积,three_components_passed_prototype_gate,未采购未合成；需路线、EHS与供应复核,ledger-007-smipoly-2023;ledger-135-yue-2024-polyuniverse-data;ledger-136-yue-2024-polyuniverse;ledger-137-yue-polyuniverse-code
combo_8e841979c240c2e5,polyuniverse_dinco_569c13453ff070989050,[C-]#[N+]c1cc2c(N=C=O)c(C#N)c(C#N)cc2c(N=C=O)c1[N+]#[C-],310.232,chemical_58b2613823466190,CC(C)(C)c1cc(-c2cc(C(C)(C)C)cc(C(C)(C)C)c2O)c(O)c(C(C)(C)C)c1,410.642,chemical_534466643d7ae4c0,Oc1ccccc1Oc1ccccc1O,202.209,平衡轮转；非全笛卡尔积,three_components_passed_prototype_gate,未采购未合成；需路线、EHS与供应复核,ledger-007-smipoly-2023;ledger-135-yue-2024-polyuniverse-data;ledger-136-yue-2024-polyuniverse;ledger-137-yue-polyuniverse-code
combo_8edc929008a8f27b,polyuniverse_dinco_fbadb623a6ef1950d388,O=C=NC(Cc1ccc2ccccc2c1)C(N=C=O)c1ccc2ccccc2c1,378.431,chemical_1f862d0fb910ec42,Oc1ccc(C2(c3ccc(O)cc3)CCCCC2)cc1,268.356,chemical_72b7ed7d3d268fd7,CC(C)CC(CO)(CO)CC(C)C,188.311,平衡轮转；非全笛卡尔积,three_components_passed_prototype_gate,未采购未合成；需路线、EHS与供应复核,ledger-007-smipoly-2023;ledger-135-yue-2024-polyuniverse-data;ledger-136-yue-2024-polyuniverse;ledger-137-yue-polyuniverse-code
combo_8f2c9a4bfbaebf7e,polyuniverse_dinco_0321877a48fd93e2fb7d,CCC(N=C=O)OCC(C)(C)COC(CC)N=C=O,270.329,chemical_6364c045bd73da83,Oc1cccc(Oc2ccc(Oc3cccc(O)c3)cc2)c1,294.306,chemical_ca5e105838153c99,CCC(CO)CC(CC)CO,160.257,平衡轮转；非全笛卡尔积,three_components_passed_prototype_gate,未采购未合成；需路线、EHS与供应复核,ledger-007-smipoly-2023;ledger-135-yue-2024-polyuniverse-data;ledger-136-yue-2024-polyuniverse;ledger-137-yue-polyuniverse-code
combo_8f3c24e137aabae4,polyuniverse_dinco_ad772ec6dd390bb329d7,CC1CC1(N=C=O)C(C)(C)N=C=O,180.207,chemical_58b2613823466190,CC(C)(C)c1cc(-c2cc(C(C)(C)C)cc(C(C)(C)C)c2O)c(O)c(C(C)(C)C)c1,410.642,chemical_534466643d7ae4c0,Oc1ccccc1Oc1ccccc1O,202.209,平衡轮转；非全笛卡尔积,three_components_passed_prototype_gate,未采购未合成；需路线、EHS与供应复核,ledger-007-smipoly-2023;ledger-135-yue-2024-polyuniverse-data;ledger-136-yue-2024-polyuniverse;ledger-137-yue-polyuniverse-code
combo_8f584216751b431c,polyuniverse_dinco_01a65934dd666174775c,O=C=NCCC1CC2CC1C1CCC(CCN=C=O)C21,274.364,chemical_e34b1bd2b88ad439,CC(C)(c1ccc(O)c(C2CCCCC2)c1)c1ccc(O)c(C2CCCCC2)c1,392.583,chemical_ca5e105838153c99,CCC(CO)CC(CC)CO,160.257,平衡轮转；非全笛卡尔积,three_components_passed_prototype_gate,未采购未合成；需路线、EHS与供应复核,ledger-007-smipoly-2023;ledger-135-yue-2024-polyuniverse-data;ledger-136-yue-2024-polyuniverse;ledger-137-yue-polyuniverse-code
combo_8fae5777efa96672,polyuniverse_dinco_0dbe9dd7636a5bdeaa0b,CC1(N=C=O)Cc2c3ccc1c2C(C)(N=C=O)C3,240.262,chemical_986d2a218ca14417,OCC(F)(F)C(F)(F)C(F)(F)C(F)(F)C(F)(F)C(F)(F)CO,362.11,chemical_79b196ca779aae4e,OCc1ccccc1CO,138.166,平衡轮转；非全笛卡尔积,three_components_passed_prototype_gate,未采购未合成；需路线、EHS与供应复核,ledger-007-smipoly-2023;ledger-135-yue-2024-polyuniverse-data;ledger-136-yue-2024-polyuniverse;ledger-137-yue-polyuniverse-code
combo_9077ccf940999840,polyuniverse_dinco_00a778151d7a7401ddb6,CC(CCCC(N=C=O)(C1CCCCC1)C1CCCCC1)C(C)(C)N=C=O,374.569,chemical_1f862d0fb910ec42,Oc1ccc(C2(c3ccc(O)cc3)CCCCC2)cc1,268.356,chemical_2a0d22152800ae85,Oc1ccc(Oc2ccc(O)cc2)cc1,202.209,平衡轮转；非全笛卡尔积,three_components_passed_prototype_gate,未采购未合成；需路线、EHS与供应复核,ledger-007-smipoly-2023;ledger-135-yue-2024-polyuniverse-data;ledger-136-yue-2024-polyuniverse;ledger-137-yue-polyuniverse-code
combo_907bc33bba1be3a2,polyuniverse_dinco_a759abc4f1e86d39deed,CC1CC(C)CC(CC2CC(C)C(N=C=O)C(C)(N=C=O)C2)C1,318.461,chemical_58b2613823466190,CC(C)(C)c1cc(-c2cc(C(C)(C)C)cc(C(C)(C)C)c2O)c(O)c(C(C)(C)C)c1,410.642,chemical_ca5e105838153c99,CCC(CO)CC(CC)CO,160.257,平衡轮转；非全笛卡尔积,three_components_passed_prototype_gate,未采购未合成；需路线、EHS与供应复核,ledger-007-smipoly-2023;ledger-135-yue-2024-polyuniverse-data;ledger-136-yue-2024-polyuniverse;ledger-137-yue-polyuniverse-code
combo_908a757444f68438,polyuniverse_dinco_61e84547e1c5aa376ad9,O=C=NCC12CC(C3CCCC31)C1C3CCC(C3)C12CN=C=O,312.413,chemical_e34b1bd2b88ad439,CC(C)(c1ccc(O)c(C2CCCCC2)c1)c1ccc(O)c(C2CCCCC2)c1,392.583,chemical_5be20976c2a9d662,Oc1c(F)c(F)c(O)c(F)c1F,182.072,平衡轮转；非全笛卡尔积,three_components_passed_prototype_gate,未采购未合成；需路线、EHS与供应复核,ledger-007-smipoly-2023;ledger-135-yue-2024-polyuniverse-data;ledger-136-yue-2024-polyuniverse;ledger-137-yue-polyuniverse-code
combo_90a1aeb9bae042b7,polyuniverse_dinco_0dbe9dd7636a5bdeaa0b,CC1(N=C=O)Cc2c3ccc1c2C(C)(N=C=O)C3,240.262,chemical_b94fa835d3f1bdb8,CC(C)(CO)C1OCC2(CO1)COC(C(C)(C)CO)OC2,304.383,chemical_bacbda6c95c1bb67,Cc1ccc(O)c(Cc2cc(C)ccc2O)c1,228.291,平衡轮转；非全笛卡尔积,three_components_passed_prototype_gate,未采购未合成；需路线、EHS与供应复核,ledger-007-smipoly-2023;ledger-135-yue-2024-polyuniverse-data;ledger-136-yue-2024-polyuniverse;ledger-137-yue-polyuniverse-code
combo_90a8e495551151a9,polyuniverse_dinco_f93d4f580beca33f9619,O=C=Nc1cc(N=C=O)cc(OCCCCc2ccco2)c1,298.298,chemical_e4aa17432292bb19,Cc1cc2c(cc1O)C(C)(C)CC1(CC(C)(C)c3cc(O)c(C)cc3O1)O2,368.473,chemical_dd2ebb8c8aeed446,Oc1ccc2c(O)cccc2c1,160.172,平衡轮转；非全笛卡尔积,three_components_passed_prototype_gate,未采购未合成；需路线、EHS与供应复核,ledger-007-smipoly-2023;ledger-135-yue-2024-polyuniverse-data;ledger-136-yue-2024-polyuniverse;ledger-137-yue-polyuniverse-code
combo_90b033350304899d,polyuniverse_dinco_b942aa905763bb430945,CCCC1(CC(C)N=C=O)CCC(C)(C(C)(C)CC(C)(C)N=C=O)C1,348.531,chemical_0895e6cd5136df6a,OCCOc1ccc(C2(c3ccc(OCCO)cc3)c3ccccc3-c3ccccc32)cc1,438.523,chemical_706c38f2fda91d2c,CCC(C)(c1ccc(O)cc1)c1ccc(O)cc1,242.318,平衡轮转；非全笛卡尔积,three_components_passed_prototype_gate,未采购未合成；需路线、EHS与供应复核,ledger-007-smipoly-2023;ledger-135-yue-2024-polyuniverse-data;ledger-136-yue-2024-polyuniverse;ledger-137-yue-polyuniverse-code
combo_90b67f5a56582652,polyuniverse_dinco_e6e130471887a66db2b6,CCOC(N=C=O)(OCC)C(N=C=O)c1ccccc1-c1ccccc1,352.39,chemical_b94fa835d3f1bdb8,CC(C)(CO)C1OCC2(CO1)COC(C(C)(C)CO)OC2,304.383,chemical_48e0f37b8f35d22d,Cc1c(C)c(CO)c(C)c(C)c1CO,194.274,平衡轮转；非全笛卡尔积,three_components_passed_prototype_gate,未采购未合成；需路线、EHS与供应复核,ledger-007-smipoly-2023;ledger-135-yue-2024-polyuniverse-data;ledger-136-yue-2024-polyuniverse;ledger-137-yue-polyuniverse-code
combo_92272fdb583768a4,polyuniverse_dinco_5a1f42c9bc88019aa254,O=C=NC1C(F)C(F)C(F)C(F)C1N=C=O,238.14,chemical_3a566be4d64035e3,Oc1ccc(-c2ccc(O)c(Br)c2)cc1Br,344.002,chemical_7eec20377145fdb7,CC1(C)C(O)C(C)(C)C1O,144.214,平衡轮转；非全笛卡尔积,three_components_passed_prototype_gate,未采购未合成；需路线、EHS与供应复核,ledger-007-smipoly-2023;ledger-135-yue-2024-polyuniverse-data;ledger-136-yue-2024-polyuniverse;ledger-137-yue-polyuniverse-code
combo_92a85943afbbb7aa,polyuniverse_dinco_e3bd88989ad52de46012,O=C=Nc1cccc(CC2(N=C=O)CCCCC2)c1,256.305,chemical_694871d5e95b7370,Oc1c(F)c(F)c(-c2c(F)c(F)c(O)c(F)c2F)c(F)c1F,330.13,chemical_16bdee252ed11d7a,CC(O)C(C)O,90.122,平衡轮转；非全笛卡尔积,three_components_passed_prototype_gate,未采购未合成；需路线、EHS与供应复核,ledger-007-smipoly-2023;ledger-135-yue-2024-polyuniverse-data;ledger-136-yue-2024-polyuniverse;ledger-137-yue-polyuniverse-code
combo_92fead3bf4353274,polyuniverse_dinco_01a65934dd666174775c,O=C=NCCC1CC2CC1C1CCC(CCN=C=O)C21,274.364,chemical_ff8d497a35fecaa4,OC(C(F)(F)F)(C(F)(F)F)C(O)(C(F)(F)F)C(F)(F)F,334.056,chemical_1ace6e6abb3b5be3,Oc1ccc(O)c2c1C1CCC2C1,176.215,平衡轮转；非全笛卡尔积,three_components_passed_prototype_gate,未采购未合成；需路线、EHS与供应复核,ledger-007-smipoly-2023;ledger-135-yue-2024-polyuniverse-data;ledger-136-yue-2024-polyuniverse;ledger-137-yue-polyuniverse-code
combo_9319c3a0b6da8a8b,polyuniverse_dinco_6a887a4fc6e3f56dee69,N#COCC(CN=C=O)(CN=C=O)COC#N,236.187,chemical_a2cf8157d0f77432,OC(c1cccc(C(O)(C(F)(F)F)C(F)(F)F)c1)(C(F)(F)F)C(F)(F)F,410.154,chemical_831d24f7368b3f75,Cc1cc(-c2cc(C)c(O)c(C)c2)cc(C)c1O,242.318,平衡轮转；非全笛卡尔积,three_components_passed_prototype_gate,未采购未合成；需路线、EHS与供应复核,ledger-007-smipoly-2023;ledger-135-yue-2024-polyuniverse-data;ledger-136-yue-2024-polyuniverse;ledger-137-yue-polyuniverse-code
combo_93326102011dbf3f,polyuniverse_dinco_b942aa905763bb430945,CCCC1(CC(C)N=C=O)CCC(C)(C(C)(C)CC(C)(C)N=C=O)C1,348.531,chemical_0895e6cd5136df6a,OCCOc1ccc(C2(c3ccc(OCCO)cc3)c3ccccc3-c3ccccc32)cc1,438.523,chemical_72b7ed7d3d268fd7,CC(C)CC(CO)(CO)CC(C)C,188.311,平衡轮转；非全笛卡尔积,three_components_passed_prototype_gate,未采购未合成；需路线、EHS与供应复核,ledger-007-smipoly-2023;ledger-135-yue-2024-polyuniverse-data;ledger-136-yue-2024-polyuniverse;ledger-137-yue-polyuniverse-code
combo_937b0141f054bef0,polyuniverse_dinco_629ef888e16fc71a3a21,CC(CN=C=O)CO[C@@H]1COC2C1OCC2(C)OCC(C)CN=C=O,354.403,chemical_0895e6cd5136df6a,OCCOc1ccc(C2(c3ccc(OCCO)cc3)c3ccccc3-c3ccccc32)cc1,438.523,chemical_28a648027cd37607,OCCCCCCCCCO,160.257,平衡轮转；非全笛卡尔积,three_components_passed_prototype_gate,未采购未合成；需路线、EHS与供应复核,ledger-007-smipoly-2023;ledger-135-yue-2024-polyuniverse-data;ledger-136-yue-2024-polyuniverse;ledger-137-yue-polyuniverse-code
combo_938bc3118e904f11,polyuniverse_dinco_d5c6102d385810c8a633,CC1CC(C(C)(C)C)C(N=C=O)CC1N=C=O,236.315,chemical_986d2a218ca14417,OCC(F)(F)C(F)(F)C(F)(F)C(F)(F)C(F)(F)C(F)(F)CO,362.11,chemical_2dad29ca9d88607e,OC1CCC(C2CCC(O)CC2)CC1,198.306,平衡轮转；非全笛卡尔积,three_components_passed_prototype_gate,未采购未合成；需路线、EHS与供应复核,ledger-007-smipoly-2023;ledger-135-yue-2024-polyuniverse-data;ledger-136-yue-2024-polyuniverse;ledger-137-yue-polyuniverse-code
combo_938f2aa76c99d58f,polyuniverse_dinco_2337b9bdfd4a7449f5ba,Cc1ccc(-n2nc(C(C)(C)C)c(N=C=O)c2N=C=O)cc1,296.33,chemical_f59a0ec9b5c263ad,CCCCCCCCC(CO)(CO)CCCCCCCC,300.527,chemical_706c38f2fda91d2c,CCC(C)(c1ccc(O)cc1)c1ccc(O)cc1,242.318,平衡轮转；非全笛卡尔积,three_components_passed_prototype_gate,未采购未合成；需路线、EHS与供应复核,ledger-007-smipoly-2023;ledger-135-yue-2024-polyuniverse-data;ledger-136-yue-2024-polyuniverse;ledger-137-yue-polyuniverse-code
combo_93c44bef40d6da40,polyuniverse_dinco_41dd7d9f5ae04dca84b5,O=C=NC1(Cl)CCCCC1(Cl)CC1(Cl)CCCCC1(Cl)N=C=O,400.133,chemical_34962dac292231e7,Cc1cc(Cc2cc(C)c(O)c(C)c2)cc(C)c1O,256.345,chemical_28a648027cd37607,OCCCCCCCCCO,160.257,平衡轮转；非全笛卡尔积,three_components_passed_prototype_gate,未采购未合成；需路线、EHS与供应复核,ledger-007-smipoly-2023;ledger-135-yue-2024-polyuniverse-data;ledger-136-yue-2024-polyuniverse;ledger-137-yue-polyuniverse-code
combo_93ceacf8d02a22c2,polyuniverse_dinco_fd5f159552c1f70f915c,O=C=NCCC(CN(CC(CCN=C=O)([N+](=O)[O-])[N+](=O)[O-])[N+](=O)[O-])([N+](=O)[O-])[N+](=O)[O-],436.25,chemical_6364c045bd73da83,Oc1cccc(Oc2ccc(Oc3cccc(O)c3)cc2)c1,294.306,chemical_f25ee56de4366915,O=[N+]([O-])c1cc(CO)ccc1CO,183.163,平衡轮转；非全笛卡尔积,three_components_passed_prototype_gate,未采购未合成；需路线、EHS与供应复核,ledger-007-smipoly-2023;ledger-135-yue-2024-polyuniverse-data;ledger-136-yue-2024-polyuniverse;ledger-137-yue-polyuniverse-code
combo_9413262306876bce,polyuniverse_dinco_952c8476d31239835550,O=C=NCC1(CN=C=O)CCCC(F)(F)C1(F)F,266.194,chemical_6364c045bd73da83,Oc1cccc(Oc2ccc(Oc3cccc(O)c3)cc2)c1,294.306,chemical_5be20976c2a9d662,Oc1c(F)c(F)c(O)c(F)c1F,182.072,平衡轮转；非全笛卡尔积,three_components_passed_prototype_gate,未采购未合成；需路线、EHS与供应复核,ledger-007-smipoly-2023;ledger-135-yue-2024-polyuniverse-data;ledger-136-yue-2024-polyuniverse;ledger-137-yue-polyuniverse-code
combo_9418574938770142,polyuniverse_dinco_5869c3b07285b5b309da,CC(C)(CC1CCC(C(C)(C)N=C=O)C1)N=C=O,250.342,chemical_e34b1bd2b88ad439,CC(C)(c1ccc(O)c(C2CCCCC2)c1)c1ccc(O)c(C2CCCCC2)c1,392.583,chemical_ca5e105838153c99,CCC(CO)CC(CC)CO,160.257,平衡轮转；非全笛卡尔积,three_components_passed_prototype_gate,未采购未合成；需路线、EHS与供应复核,ledger-007-smipoly-2023;ledger-135-yue-2024-polyuniverse-data;ledger-136-yue-2024-polyuniverse;ledger-137-yue-polyuniverse-code
combo_94648c7513bdb26e,polyuniverse_dinco_60e65dae5f7c55187844,COc1cc(Cc2cc([N+](=O)[O-])c(N=C=O)c([N+](=O)[O-])c2)cc(OC)c1N=C=O,400.303,chemical_b94fa835d3f1bdb8,CC(C)(CO)C1OCC2(CO1)COC(C(C)(C)CO)OC2,304.383,chemical_3635aefc1005d8ad,CC(C)(O)CCC(C)(C)O,146.23,平衡轮转；非全笛卡尔积,three_components_passed_prototype_gate,未采购未合成；需路线、EHS与供应复核,ledger-007-smipoly-2023;ledger-135-yue-2024-polyuniverse-data;ledger-136-yue-2024-polyuniverse;ledger-137-yue-polyuniverse-code
combo_948a6f9829c7fc49,polyuniverse_dinco_c009c596c9a17cb1e87f,O=C=NCc1c(F)c(F)c(F)c(F)c1CN=C=O,260.146,chemical_0895e6cd5136df6a,OCCOc1ccc(C2(c3ccc(OCCO)cc3)c3ccccc3-c3ccccc32)cc1,438.523,chemical_1ace6e6abb3b5be3,Oc1ccc(O)c2c1C1CCC2C1,176.215,平衡轮转；非全笛卡尔积,three_components_passed_prototype_gate,未采购未合成；需路线、EHS与供应复核,ledger-007-smipoly-2023;ledger-135-yue-2024-polyuniverse-data;ledger-136-yue-2024-polyuniverse;ledger-137-yue-polyuniverse-code
combo_95cccffab8d0b7d3,polyuniverse_dinco_fbadb623a6ef1950d388,O=C=NC(Cc1ccc2ccccc2c1)C(N=C=O)c1ccc2ccccc2c1,378.431,chemical_1f862d0fb910ec42,Oc1ccc(C2(c3ccc(O)cc3)CCCCC2)cc1,268.356,chemical_75fb481cd45cc100,CCCCC(CC)(CO)CO,160.257,平衡轮转；非全笛卡尔积,three_components_passed_prototype_gate,未采购未合成；需路线、EHS与供应复核,ledger-007-smipoly-2023;ledger-135-yue-2024-polyuniverse-data;ledger-136-yue-2024-polyuniverse;ledger-137-yue-polyuniverse-code
combo_9635a228ba37486d,polyuniverse_dinco_b03d7a2243c8c46ba34f,O=C=Nc1c(F)cc(Oc2cc(F)c(N=C=O)c(F)c2)cc1F,324.189,chemical_b94fa835d3f1bdb8,CC(C)(CO)C1OCC2(CO1)COC(C(C)(C)CO)OC2,304.383,chemical_831d24f7368b3f75,Cc1cc(-c2cc(C)c(O)c(C)c2)cc(C)c1O,242.318,平衡轮转；非全笛卡尔积,three_components_passed_prototype_gate,未采购未合成；需路线、EHS与供应复核,ledger-007-smipoly-2023;ledger-135-yue-2024-polyuniverse-data;ledger-136-yue-2024-polyuniverse;ledger-137-yue-polyuniverse-code
combo_965b5c9e4c19879b,polyuniverse_dinco_fbadb623a6ef1950d388,O=C=NC(Cc1ccc2ccccc2c1)C(N=C=O)c1ccc2ccccc2c1,378.431,chemical_34962dac292231e7,Cc1cc(Cc2cc(C)c(O)c(C)c2)cc(C)c1O,256.345,chemical_75fb481cd45cc100,CCCCC(CC)(CO)CO,160.257,平衡轮转；非全笛卡尔积,three_components_passed_prototype_gate,未采购未合成；需路线、EHS与供应复核,ledger-007-smipoly-2023;ledger-135-yue-2024-polyuniverse-data;ledger-136-yue-2024-polyuniverse;ledger-137-yue-polyuniverse-code
combo_965e78ef826586d2,polyuniverse_dinco_7df67f418ef75f339395,CC1CC(N=C=O)C(N=C=O)(C(C)C)C(c2ccccc2)(c2ccccc2)C1,374.484,chemical_58b2613823466190,CC(C)(C)c1cc(-c2cc(C(C)(C)C)cc(C(C)(C)C)c2O)c(O)c(C(C)(C)C)c1,410.642,chemical_534466643d7ae4c0,Oc1ccccc1Oc1ccccc1O,202.209,平衡轮转；非全笛卡尔积,three_components_passed_prototype_gate,未采购未合成；需路线、EHS与供应复核,ledger-007-smipoly-2023;ledger-135-yue-2024-polyuniverse-data;ledger-136-yue-2024-polyuniverse;ledger-137-yue-polyuniverse-code
combo_965fc2b4550603ea,polyuniverse_dinco_00fa3f3b14ce15566695,CCCCC(C)(N=C=O)C(C)(C)N=C=O,210.277,chemical_6364c045bd73da83,Oc1cccc(Oc2ccc(Oc3cccc(O)c3)cc2)c1,294.306,chemical_6ee30a16c1c450ed,OC1CCCCC1O,116.16,平衡轮转；非全笛卡尔积,three_components_passed_prototype_gate,未采购未合成；需路线、EHS与供应复核,ledger-007-smipoly-2023;ledger-135-yue-2024-polyuniverse-data;ledger-136-yue-2024-polyuniverse;ledger-137-yue-polyuniverse-code
combo_968806c101a743c6,polyuniverse_dinco_29fcbdd3c8cf8655b397,CCCCC(CC)(CCC)CC1(N=C=O)CCC(C)C(N=C=O)C1,334.504,chemical_f59a0ec9b5c263ad,CCCCCCCCC(CO)(CO)CCCCCCCC,300.527,chemical_f25ee56de4366915,O=[N+]([O-])c1cc(CO)ccc1CO,183.163,平衡轮转；非全笛卡尔积,three_components_passed_prototype_gate,未采购未合成；需路线、EHS与供应复核,ledger-007-smipoly-2023;ledger-135-yue-2024-polyuniverse-data;ledger-136-yue-2024-polyuniverse;ledger-137-yue-polyuniverse-code
combo_96b91f6fdf4e8245,polyuniverse_dinco_6037461e6c665445a257,CCCC1(CN=C=O)CC(C)CC1CN=C=O,236.315,chemical_6364c045bd73da83,Oc1cccc(Oc2ccc(Oc3cccc(O)c3)cc2)c1,294.306,chemical_f25ee56de4366915,O=[N+]([O-])c1cc(CO)ccc1CO,183.163,平衡轮转；非全笛卡尔积,three_components_passed_prototype_gate,未采购未合成；需路线、EHS与供应复核,ledger-007-smipoly-2023;ledger-135-yue-2024-polyuniverse-data;ledger-136-yue-2024-polyuniverse;ledger-137-yue-polyuniverse-code
combo_972f5c04a9cd9fc2,polyuniverse_dinco_055819dc5371734047d1,N#COC1CCC(CC2CCC(N=C=O)C(CC3CCC(N=C=O)CC3)C2)CC1,399.535,chemical_e34b1bd2b88ad439,CC(C)(c1ccc(O)c(C2CCCCC2)c1)c1ccc(O)c(C2CCCCC2)c1,392.583,chemical_63c6eb608324eca7,OCC1CC2C3CC(CO)C(C3)C2C1,196.29,平衡轮转；非全笛卡尔积,three_components_passed_prototype_gate,未采购未合成；需路线、EHS与供应复核,ledger-007-smipoly-2023;ledger-135-yue-2024-polyuniverse-data;ledger-136-yue-2024-polyuniverse;ledger-137-yue-polyuniverse-code
combo_973cc1831c506584,polyuniverse_dinco_9433642f6ab558269707,O=C=NC1CCOC1N=C=O,154.125,chemical_3a566be4d64035e3,Oc1ccc(-c2ccc(O)c(Br)c2)cc1Br,344.002,chemical_3635aefc1005d8ad,CC(C)(O)CCC(C)(C)O,146.23,平衡轮转；非全笛卡尔积,three_components_passed_prototype_gate,未采购未合成；需路线、EHS与供应复核,ledger-007-smipoly-2023;ledger-135-yue-2024-polyuniverse-data;ledger-136-yue-2024-polyuniverse;ledger-137-yue-polyuniverse-code
combo_97e4f9e2f7cd52a1,polyuniverse_dinco_b03d7a2243c8c46ba34f,O=C=Nc1c(F)cc(Oc2cc(F)c(N=C=O)c(F)c2)cc1F,324.189,chemical_a04b7de5081dd0a5,CC(C)CC(C)(c1ccc(O)cc1)c1ccc(O)cc1,270.372,chemical_7eec20377145fdb7,CC1(C)C(O)C(C)(C)C1O,144.214,平衡轮转；非全笛卡尔积,three_components_passed_prototype_gate,未采购未合成；需路线、EHS与供应复核,ledger-007-smipoly-2023;ledger-135-yue-2024-polyuniverse-data;ledger-136-yue-2024-polyuniverse;ledger-137-yue-polyuniverse-code
combo_98c91d13b0388489,polyuniverse_dinco_d5c6102d385810c8a633,CC1CC(C(C)(C)C)C(N=C=O)CC1N=C=O,236.315,chemical_a04b7de5081dd0a5,CC(C)CC(C)(c1ccc(O)cc1)c1ccc(O)cc1,270.372,chemical_3635aefc1005d8ad,CC(C)(O)CCC(C)(C)O,146.23,平衡轮转；非全笛卡尔积,three_components_passed_prototype_gate,未采购未合成；需路线、EHS与供应复核,ledger-007-smipoly-2023;ledger-135-yue-2024-polyuniverse-data;ledger-136-yue-2024-polyuniverse;ledger-137-yue-polyuniverse-code
combo_993a587647d77292,polyuniverse_dinco_0dbe9dd7636a5bdeaa0b,CC1(N=C=O)Cc2c3ccc1c2C(C)(N=C=O)C3,240.262,chemical_a04b7de5081dd0a5,CC(C)CC(C)(c1ccc(O)cc1)c1ccc(O)cc1,270.372,chemical_7eec20377145fdb7,CC1(C)C(O)C(C)(C)C1O,144.214,平衡轮转；非全笛卡尔积,three_components_passed_prototype_gate,未采购未合成；需路线、EHS与供应复核,ledger-007-smipoly-2023;ledger-135-yue-2024-polyuniverse-data;ledger-136-yue-2024-polyuniverse;ledger-137-yue-polyuniverse-code
combo_995a40b47c46bd4a,polyuniverse_dinco_c716de5f027f8966961c,O=C=Nc1ccc(-c2cccc3c2C(c2ccc(N=C=O)cc2)c2ccccc2-3)cc1,400.437,chemical_e4aa17432292bb19,Cc1cc2c(cc1O)C(C)(C)CC1(CC(C)(C)c3cc(O)c(C)cc3O1)O2,368.473,chemical_dd2ebb8c8aeed446,Oc1ccc2c(O)cccc2c1,160.172,平衡轮转；非全笛卡尔积,three_components_passed_prototype_gate,未采购未合成；需路线、EHS与供应复核,ledger-007-smipoly-2023;ledger-135-yue-2024-polyuniverse-data;ledger-136-yue-2024-polyuniverse;ledger-137-yue-polyuniverse-code
combo_99a323ce598c60a7,polyuniverse_dinco_60e65dae5f7c55187844,COc1cc(Cc2cc([N+](=O)[O-])c(N=C=O)c([N+](=O)[O-])c2)cc(OC)c1N=C=O,400.303,chemical_b94fa835d3f1bdb8,CC(C)(CO)C1OCC2(CO1)COC(C(C)(C)CO)OC2,304.383,chemical_48e0f37b8f35d22d,Cc1c(C)c(CO)c(C)c(C)c1CO,194.274,平衡轮转；非全笛卡尔积,three_components_passed_prototype_gate,未采购未合成；需路线、EHS与供应复核,ledger-007-smipoly-2023;ledger-135-yue-2024-polyuniverse-data;ledger-136-yue-2024-polyuniverse;ledger-137-yue-polyuniverse-code
combo_99b756bb6e259fe2,polyuniverse_dinco_473f746a39152067a95e,O=C=Nc1ccc(OCC(F)(F)C(F)F)c(N=C=O)c1,290.172,chemical_ff8d497a35fecaa4,OC(C(F)(F)F)(C(F)(F)F)C(O)(C(F)(F)F)C(F)(F)F,334.056,chemical_16bdee252ed11d7a,CC(O)C(C)O,90.122,平衡轮转；非全笛卡尔积,three_components_passed_prototype_gate,未采购未合成；需路线、EHS与供应复核,ledger-007-smipoly-2023;ledger-135-yue-2024-polyuniverse-data;ledger-136-yue-2024-polyuniverse;ledger-137-yue-polyuniverse-code
combo_99bf6a4baa05cb4e,polyuniverse_dinco_2acbe63b26c33137e286,CC1(N=C=O)CCC(C)(C)C(C)(N=C=O)C1,222.288,chemical_0895e6cd5136df6a,OCCOc1ccc(C2(c3ccc(OCCO)cc3)c3ccccc3-c3ccccc32)cc1,438.523,chemical_706c38f2fda91d2c,CCC(C)(c1ccc(O)cc1)c1ccc(O)cc1,242.318,平衡轮转；非全笛卡尔积,three_components_passed_prototype_gate,未采购未合成；需路线、EHS与供应复核,ledger-007-smipoly-2023;ledger-135-yue-2024-polyuniverse-data;ledger-136-yue-2024-polyuniverse;ledger-137-yue-polyuniverse-code
combo_9a3ca7ea7cb76162,polyuniverse_dinco_e191aa437a5bb122583c,CCC(CC12CCC(C1)C(N=C=O)C2)N=C=O,234.299,chemical_ff8d497a35fecaa4,OC(C(F)(F)F)(C(F)(F)F)C(O)(C(F)(F)F)C(F)(F)F,334.056,chemical_16bdee252ed11d7a,CC(O)C(C)O,90.122,平衡轮转；非全笛卡尔积,three_components_passed_prototype_gate,未采购未合成；需路线、EHS与供应复核,ledger-007-smipoly-2023;ledger-135-yue-2024-polyuniverse-data;ledger-136-yue-2024-polyuniverse;ledger-137-yue-polyuniverse-code
combo_9a4c35592261660d,polyuniverse_dinco_d99b46b0b115b20a069f,CC1(C)CC(C)(CN=C=O)C(C2CCCCC2)C(N=C=O)(C2CCCCC2)C1,386.58,chemical_34962dac292231e7,Cc1cc(Cc2cc(C)c(O)c(C)c2)cc(C)c1O,256.345,chemical_2a0d22152800ae85,Oc1ccc(Oc2ccc(O)cc2)cc1,202.209,平衡轮转；非全笛卡尔积,three_components_passed_prototype_gate,未采购未合成；需路线、EHS与供应复核,ledger-007-smipoly-2023;ledger-135-yue-2024-polyuniverse-data;ledger-136-yue-2024-polyuniverse;ledger-137-yue-polyuniverse-code
combo_9aa213711043368a,polyuniverse_dinco_b3615f63610ee99adc3f,CCC(C)c1c(N=C=O)cc(N=C=O)c2c1CCC2(C)C,284.359,chemical_e4aa17432292bb19,Cc1cc2c(cc1O)C(C)(C)CC1(CC(C)(C)c3cc(O)c(C)cc3O1)O2,368.473,chemical_16bdee252ed11d7a,CC(O)C(C)O,90.122,平衡轮转；非全笛卡尔积,three_components_passed_prototype_gate,未采购未合成；需路线、EHS与供应复核,ledger-007-smipoly-2023;ledger-135-yue-2024-polyuniverse-data;ledger-136-yue-2024-polyuniverse;ledger-137-yue-polyuniverse-code
combo_9ab06d0617071e7f,polyuniverse_dinco_36587639e34b8082240f,N#COCC12CC(CCCN=C=O)C(CC1CCN=C=O)C2,303.362,chemical_a2cf8157d0f77432,OC(c1cccc(C(O)(C(F)(F)F)C(F)(F)F)c1)(C(F)(F)F)C(F)(F)F,410.154,chemical_2dad29ca9d88607e,OC1CCC(C2CCC(O)CC2)CC1,198.306,平衡轮转；非全笛卡尔积,three_components_passed_prototype_gate,未采购未合成；需路线、EHS与供应复核,ledger-007-smipoly-2023;ledger-135-yue-2024-polyuniverse-data;ledger-136-yue-2024-polyuniverse;ledger-137-yue-polyuniverse-code
combo_9ab473b91680fba1,polyuniverse_dinco_9433642f6ab558269707,O=C=NC1CCOC1N=C=O,154.125,chemical_0895e6cd5136df6a,OCCOc1ccc(C2(c3ccc(OCCO)cc3)c3ccccc3-c3ccccc32)cc1,438.523,chemical_28a648027cd37607,OCCCCCCCCCO,160.257,平衡轮转；非全笛卡尔积,three_components_passed_prototype_gate,未采购未合成；需路线、EHS与供应复核,ledger-007-smipoly-2023;ledger-135-yue-2024-polyuniverse-data;ledger-136-yue-2024-polyuniverse;ledger-137-yue-polyuniverse-code
combo_9b2c94ef1c729449,polyuniverse_dinco_bd1652fdf1dacee4093c,O=C=NCCC12CCC(C1)C1CCCC12CCN=C=O,274.364,chemical_b94fa835d3f1bdb8,CC(C)(CO)C1OCC2(CO1)COC(C(C)(C)CO)OC2,304.383,chemical_3635aefc1005d8ad,CC(C)(O)CCC(C)(C)O,146.23,平衡轮转；非全笛卡尔积,three_components_passed_prototype_gate,未采购未合成；需路线、EHS与供应复核,ledger-007-smipoly-2023;ledger-135-yue-2024-polyuniverse-data;ledger-136-yue-2024-polyuniverse;ledger-137-yue-polyuniverse-code
combo_9b5b22896700ed02,polyuniverse_dinco_1fc69a034afa52f3206d,O=C=Nc1ccc(C23CC4CC5(c6ccc(N=C=O)cc6)CC(C2)C5(C4)C3)cc1,382.463,chemical_5e814be594638bdc,OCCCCCCCCCCCCCCCCO,258.446,chemical_dd2ebb8c8aeed446,Oc1ccc2c(O)cccc2c1,160.172,平衡轮转；非全笛卡尔积,three_components_passed_prototype_gate,未采购未合成；需路线、EHS与供应复核,ledger-007-smipoly-2023;ledger-135-yue-2024-polyuniverse-data;ledger-136-yue-2024-polyuniverse;ledger-137-yue-polyuniverse-code
combo_9b6967206c2a15fe,polyuniverse_dinco_07a134f8e87f85791f77,O=C=NC1CCCC2C3CCC2C1(N=C=O)C3,232.283,chemical_58b2613823466190,CC(C)(C)c1cc(-c2cc(C(C)(C)C)cc(C(C)(C)C)c2O)c(O)c(C(C)(C)C)c1,410.642,chemical_5be20976c2a9d662,Oc1c(F)c(F)c(O)c(F)c1F,182.072,平衡轮转；非全笛卡尔积,three_components_passed_prototype_gate,未采购未合成；需路线、EHS与供应复核,ledger-007-smipoly-2023;ledger-135-yue-2024-polyuniverse-data;ledger-136-yue-2024-polyuniverse;ledger-137-yue-polyuniverse-code
combo_9b7e9272e147cd65,polyuniverse_dinco_07a134f8e87f85791f77,O=C=NC1CCCC2C3CCC2C1(N=C=O)C3,232.283,chemical_6364c045bd73da83,Oc1cccc(Oc2ccc(Oc3cccc(O)c3)cc2)c1,294.306,chemical_6ee30a16c1c450ed,OC1CCCCC1O,116.16,平衡轮转；非全笛卡尔积,three_components_passed_prototype_gate,未采购未合成；需路线、EHS与供应复核,ledger-007-smipoly-2023;ledger-135-yue-2024-polyuniverse-data;ledger-136-yue-2024-polyuniverse;ledger-137-yue-polyuniverse-code
combo_9c1563c67e74cf38,polyuniverse_dinco_c1050e20fc33beb7e09a,CC(CCN=C=O)CC(C)C(C)N=C=O,210.277,chemical_6364c045bd73da83,Oc1cccc(Oc2ccc(Oc3cccc(O)c3)cc2)c1,294.306,chemical_6ee30a16c1c450ed,OC1CCCCC1O,116.16,平衡轮转；非全笛卡尔积,three_components_passed_prototype_gate,未采购未合成；需路线、EHS与供应复核,ledger-007-smipoly-2023;ledger-135-yue-2024-polyuniverse-data;ledger-136-yue-2024-polyuniverse;ledger-137-yue-polyuniverse-code
combo_9c6fc274592ceed5,polyuniverse_dinco_0dbe9dd7636a5bdeaa0b,CC1(N=C=O)Cc2c3ccc1c2C(C)(N=C=O)C3,240.262,chemical_a2cf8157d0f77432,OC(c1cccc(C(O)(C(F)(F)F)C(F)(F)F)c1)(C(F)(F)F)C(F)(F)F,410.154,chemical_831d24f7368b3f75,Cc1cc(-c2cc(C)c(O)c(C)c2)cc(C)c1O,242.318,平衡轮转；非全笛卡尔积,three_components_passed_prototype_gate,未采购未合成；需路线、EHS与供应复核,ledger-007-smipoly-2023;ledger-135-yue-2024-polyuniverse-data;ledger-136-yue-2024-polyuniverse;ledger-137-yue-polyuniverse-code
combo_9c7bf69102ee8d05,polyuniverse_dinco_c009c596c9a17cb1e87f,O=C=NCc1c(F)c(F)c(F)c(F)c1CN=C=O,260.146,chemical_0895e6cd5136df6a,OCCOc1ccc(C2(c3ccc(OCCO)cc3)c3ccccc3-c3ccccc32)cc1,438.523,chemical_28a648027cd37607,OCCCCCCCCCO,160.257,平衡轮转；非全笛卡尔积,three_components_passed_prototype_gate,未采购未合成；需路线、EHS与供应复核,ledger-007-smipoly-2023;ledger-135-yue-2024-polyuniverse-data;ledger-136-yue-2024-polyuniverse;ledger-137-yue-polyuniverse-code
combo_9c8b8158220e9fff,polyuniverse_dinco_e6e130471887a66db2b6,CCOC(N=C=O)(OCC)C(N=C=O)c1ccccc1-c1ccccc1,352.39,chemical_a04b7de5081dd0a5,CC(C)CC(C)(c1ccc(O)cc1)c1ccc(O)cc1,270.372,chemical_2dad29ca9d88607e,OC1CCC(C2CCC(O)CC2)CC1,198.306,平衡轮转；非全笛卡尔积,three_components_passed_prototype_gate,未采购未合成；需路线、EHS与供应复核,ledger-007-smipoly-2023;ledger-135-yue-2024-polyuniverse-data;ledger-136-yue-2024-polyuniverse;ledger-137-yue-polyuniverse-code
combo_9cc369e54d54dabc,polyuniverse_dinco_4bd62448d543828bc87c,CC(C)CC(CC(C)C)(CC(CC(C)C)(CC(C)C)N=C=O)N=C=O,350.547,chemical_986d2a218ca14417,OCC(F)(F)C(F)(F)C(F)(F)C(F)(F)C(F)(F)C(F)(F)CO,362.11,chemical_2a0d22152800ae85,Oc1ccc(Oc2ccc(O)cc2)cc1,202.209,平衡轮转；非全笛卡尔积,three_components_passed_prototype_gate,未采购未合成；需路线、EHS与供应复核,ledger-007-smipoly-2023;ledger-135-yue-2024-polyuniverse-data;ledger-136-yue-2024-polyuniverse;ledger-137-yue-polyuniverse-code
combo_9ccdef21550598e9,polyuniverse_dinco_29fcbdd3c8cf8655b397,CCCCC(CC)(CCC)CC1(N=C=O)CCC(C)C(N=C=O)C1,334.504,chemical_e34b1bd2b88ad439,CC(C)(c1ccc(O)c(C2CCCCC2)c1)c1ccc(O)c(C2CCCCC2)c1,392.583,chemical_dd2ebb8c8aeed446,Oc1ccc2c(O)cccc2c1,160.172,平衡轮转；非全笛卡尔积,three_components_passed_prototype_gate,未采购未合成；需路线、EHS与供应复核,ledger-007-smipoly-2023;ledger-135-yue-2024-polyuniverse-data;ledger-136-yue-2024-polyuniverse;ledger-137-yue-polyuniverse-code
combo_9d0ca53186b3bf12,polyuniverse_dinco_92d8be6885e141a4524f,Cc1ccc(Cc2ccc(Cl)cc2)c(N=C=O)c1N=C=O,298.729,chemical_f59a0ec9b5c263ad,CCCCCCCCC(CO)(CO)CCCCCCCC,300.527,chemical_6ee30a16c1c450ed,OC1CCCCC1O,116.16,平衡轮转；非全笛卡尔积,three_components_passed_prototype_gate,未采购未合成；需路线、EHS与供应复核,ledger-007-smipoly-2023;ledger-135-yue-2024-polyuniverse-data;ledger-136-yue-2024-polyuniverse;ledger-137-yue-polyuniverse-code
combo_9d1f95c7e79d60a1,polyuniverse_dinco_81e1e90ea24f1e711a99,CC(N=C=O)C1(C)CC(N=C=O)CC(C)(C)C1,236.315,chemical_b94fa835d3f1bdb8,CC(C)(CO)C1OCC2(CO1)COC(C(C)(C)CO)OC2,304.383,chemical_9a89f0adbd70529b,OCC(F)(F)C(F)(F)C(F)(F)CO,212.089,平衡轮转；非全笛卡尔积,three_components_passed_prototype_gate,未采购未合成；需路线、EHS与供应复核,ledger-007-smipoly-2023;ledger-135-yue-2024-polyuniverse-data;ledger-136-yue-2024-polyuniverse;ledger-137-yue-polyuniverse-code
combo_9d257354f3e0f5cc,polyuniverse_dinco_e3bd88989ad52de46012,O=C=Nc1cccc(CC2(N=C=O)CCCCC2)c1,256.305,chemical_5e814be594638bdc,OCCCCCCCCCCCCCCCCO,258.446,chemical_c68025b85cef6d56,OCC(CO)OCc1ccccc1,182.219,平衡轮转；非全笛卡尔积,three_components_passed_prototype_gate,未采购未合成；需路线、EHS与供应复核,ledger-007-smipoly-2023;ledger-135-yue-2024-polyuniverse-data;ledger-136-yue-2024-polyuniverse;ledger-137-yue-polyuniverse-code
combo_9d3b1309c7bfc1f7,polyuniverse_dinco_236875b2e3fa5e54ba5a,CCC(N=C=O)c1cc(C#N)cc(C(CC)N=C=O)c1,269.304,chemical_1f862d0fb910ec42,Oc1ccc(C2(c3ccc(O)cc3)CCCCC2)cc1,268.356,chemical_1ace6e6abb3b5be3,Oc1ccc(O)c2c1C1CCC2C1,176.215,平衡轮转；非全笛卡尔积,three_components_passed_prototype_gate,未采购未合成；需路线、EHS与供应复核,ledger-007-smipoly-2023;ledger-135-yue-2024-polyuniverse-data;ledger-136-yue-2024-polyuniverse;ledger-137-yue-polyuniverse-code
combo_9d4b5e5692294632,polyuniverse_dinco_26cead9b352cec30e97f,CCC(CN=C=O)C1CCCC(N=C=O)C1,222.288,chemical_b94fa835d3f1bdb8,CC(C)(CO)C1OCC2(CO1)COC(C(C)(C)CO)OC2,304.383,chemical_9a89f0adbd70529b,OCC(F)(F)C(F)(F)C(F)(F)CO,212.089,平衡轮转；非全笛卡尔积,three_components_passed_prototype_gate,未采购未合成；需路线、EHS与供应复核,ledger-007-smipoly-2023;ledger-135-yue-2024-polyuniverse-data;ledger-136-yue-2024-polyuniverse;ledger-137-yue-polyuniverse-code
combo_9dbda383b997b2de,polyuniverse_dinco_3cd70e5831ba4d233e46,CCCCCCC1(CCCCCC)c2cc(N=C=O)ccc2-c2ccc(N=C=O)cc21,416.565,chemical_e34b1bd2b88ad439,CC(C)(c1ccc(O)c(C2CCCCC2)c1)c1ccc(O)c(C2CCCCC2)c1,392.583,chemical_6ee30a16c1c450ed,OC1CCCCC1O,116.16,平衡轮转；非全笛卡尔积,three_components_passed_prototype_gate,未采购未合成；需路线、EHS与供应复核,ledger-007-smipoly-2023;ledger-135-yue-2024-polyuniverse-data;ledger-136-yue-2024-polyuniverse;ledger-137-yue-polyuniverse-code
combo_9dd2f69dc244f4ac,polyuniverse_dinco_24471fc1c458b69a01cd,O=C=NC1CC(N=C=O)C2CCCc3cccc1c32,254.289,chemical_694871d5e95b7370,Oc1c(F)c(F)c(-c2c(F)c(F)c(O)c(F)c2F)c(F)c1F,330.13,chemical_6ee30a16c1c450ed,OC1CCCCC1O,116.16,平衡轮转；非全笛卡尔积,three_components_passed_prototype_gate,未采购未合成；需路线、EHS与供应复核,ledger-007-smipoly-2023;ledger-135-yue-2024-polyuniverse-data;ledger-136-yue-2024-polyuniverse;ledger-137-yue-polyuniverse-code
combo_9def7a29a2c6ecd9,polyuniverse_dinco_0321877a48fd93e2fb7d,CCC(N=C=O)OCC(C)(C)COC(CC)N=C=O,270.329,chemical_694871d5e95b7370,Oc1c(F)c(F)c(-c2c(F)c(F)c(O)c(F)c2F)c(F)c1F,330.13,chemical_16bdee252ed11d7a,CC(O)C(C)O,90.122,平衡轮转；非全笛卡尔积,three_components_passed_prototype_gate,未采购未合成；需路线、EHS与供应复核,ledger-007-smipoly-2023;ledger-135-yue-2024-polyuniverse-data;ledger-136-yue-2024-polyuniverse;ledger-137-yue-polyuniverse-code
combo_9e01052d2f5f4a16,polyuniverse_dinco_a78553c2197b427a0d60,CC(N=C=O)OC1CC2CCC1(OC(C)N=C=O)CC2,280.324,chemical_986d2a218ca14417,OCC(F)(F)C(F)(F)C(F)(F)C(F)(F)C(F)(F)C(F)(F)CO,362.11,chemical_2a0d22152800ae85,Oc1ccc(Oc2ccc(O)cc2)cc1,202.209,平衡轮转；非全笛卡尔积,three_components_passed_prototype_gate,未采购未合成；需路线、EHS与供应复核,ledger-007-smipoly-2023;ledger-135-yue-2024-polyuniverse-data;ledger-136-yue-2024-polyuniverse;ledger-137-yue-polyuniverse-code
combo_9e0c6d17da616215,polyuniverse_dinco_4716b4743a5baa106de3,O=C=Nc1cc2cccc(N=C=O)c2nc1-c1cccc(OC(F)(F)F)c1,371.274,chemical_b94fa835d3f1bdb8,CC(C)(CO)C1OCC2(CO1)COC(C(C)(C)CO)OC2,304.383,chemical_bacbda6c95c1bb67,Cc1ccc(O)c(Cc2cc(C)ccc2O)c1,228.291,平衡轮转；非全笛卡尔积,three_components_passed_prototype_gate,未采购未合成；需路线、EHS与供应复核,ledger-007-smipoly-2023;ledger-135-yue-2024-polyuniverse-data;ledger-136-yue-2024-polyuniverse;ledger-137-yue-polyuniverse-code
combo_9e4dee4ac0a5dfa0,polyuniverse_dinco_7416e04e1592ed966a70,O=C=NCC1COC(CN=C=O)O1,184.151,chemical_34962dac292231e7,Cc1cc(Cc2cc(C)c(O)c(C)c2)cc(C)c1O,256.345,chemical_75fb481cd45cc100,CCCCC(CC)(CO)CO,160.257,平衡轮转；非全笛卡尔积,three_components_passed_prototype_gate,未采购未合成；需路线、EHS与供应复核,ledger-007-smipoly-2023;ledger-135-yue-2024-polyuniverse-data;ledger-136-yue-2024-polyuniverse;ledger-137-yue-polyuniverse-code
combo_9e78895b4dfe8f0a,polyuniverse_dinco_7ae84879e7df0d84fdfa,O=C=NC1(F)C(F)(F)C(F)(F)C(F)(F)C(F)(F)C1(F)N=C=O,346.08,chemical_ff8d497a35fecaa4,OC(C(F)(F)F)(C(F)(F)F)C(O)(C(F)(F)F)C(F)(F)F,334.056,chemical_75fb481cd45cc100,CCCCC(CC)(CO)CO,160.257,平衡轮转；非全笛卡尔积,three_components_passed_prototype_gate,未采购未合成；需路线、EHS与供应复核,ledger-007-smipoly-2023;ledger-135-yue-2024-polyuniverse-data;ledger-136-yue-2024-polyuniverse;ledger-137-yue-polyuniverse-code
combo_9e851bafa686a9a7,polyuniverse_dinco_0321877a48fd93e2fb7d,CCC(N=C=O)OCC(C)(C)COC(CC)N=C=O,270.329,chemical_58b2613823466190,CC(C)(C)c1cc(-c2cc(C(C)(C)C)cc(C(C)(C)C)c2O)c(O)c(C(C)(C)C)c1,410.642,chemical_c68025b85cef6d56,OCC(CO)OCc1ccccc1,182.219,平衡轮转；非全笛卡尔积,three_components_passed_prototype_gate,未采购未合成；需路线、EHS与供应复核,ledger-007-smipoly-2023;ledger-135-yue-2024-polyuniverse-data;ledger-136-yue-2024-polyuniverse;ledger-137-yue-polyuniverse-code
combo_9f0d8942a4b688c9,polyuniverse_dinco_6037461e6c665445a257,CCCC1(CN=C=O)CC(C)CC1CN=C=O,236.315,chemical_5e814be594638bdc,OCCCCCCCCCCCCCCCCO,258.446,chemical_c68025b85cef6d56,OCC(CO)OCc1ccccc1,182.219,平衡轮转；非全笛卡尔积,three_components_passed_prototype_gate,未采购未合成；需路线、EHS与供应复核,ledger-007-smipoly-2023;ledger-135-yue-2024-polyuniverse-data;ledger-136-yue-2024-polyuniverse;ledger-137-yue-polyuniverse-code
combo_9f80711dbd94920f,polyuniverse_dinco_2337b9bdfd4a7449f5ba,Cc1ccc(-n2nc(C(C)(C)C)c(N=C=O)c2N=C=O)cc1,296.33,chemical_e4aa17432292bb19,Cc1cc2c(cc1O)C(C)(C)CC1(CC(C)(C)c3cc(O)c(C)cc3O1)O2,368.473,chemical_6ee30a16c1c450ed,OC1CCCCC1O,116.16,平衡轮转；非全笛卡尔积,three_components_passed_prototype_gate,未采购未合成；需路线、EHS与供应复核,ledger-007-smipoly-2023;ledger-135-yue-2024-polyuniverse-data;ledger-136-yue-2024-polyuniverse;ledger-137-yue-polyuniverse-code
combo_9faf60bcba1e0bfa,polyuniverse_dinco_72c91e88a4c33aabb96c,O=C=Nc1no[n+]([O-])c1N=C=O,168.068,chemical_e34b1bd2b88ad439,CC(C)(c1ccc(O)c(C2CCCCC2)c1)c1ccc(O)c(C2CCCCC2)c1,392.583,chemical_dd2ebb8c8aeed446,Oc1ccc2c(O)cccc2c1,160.172,平衡轮转；非全笛卡尔积,three_components_passed_prototype_gate,未采购未合成；需路线、EHS与供应复核,ledger-007-smipoly-2023;ledger-135-yue-2024-polyuniverse-data;ledger-136-yue-2024-polyuniverse;ledger-137-yue-polyuniverse-code
combo_9fca5dc5731d6f0c,polyuniverse_dinco_677d9180682055b9b9f3,O=C=Nc1nc(Cl)nc(N=C=O)n1,197.541,chemical_5e814be594638bdc,OCCCCCCCCCCCCCCCCO,258.446,chemical_63c6eb608324eca7,OCC1CC2C3CC(CO)C(C3)C2C1,196.29,平衡轮转；非全笛卡尔积,three_components_passed_prototype_gate,未采购未合成；需路线、EHS与供应复核,ledger-007-smipoly-2023;ledger-135-yue-2024-polyuniverse-data;ledger-136-yue-2024-polyuniverse;ledger-137-yue-polyuniverse-code
combo_9fd624ab85f11881,polyuniverse_dinco_01a65934dd666174775c,O=C=NCCC1CC2CC1C1CCC(CCN=C=O)C21,274.364,chemical_ff8d497a35fecaa4,OC(C(F)(F)F)(C(F)(F)F)C(O)(C(F)(F)F)C(F)(F)F,334.056,chemical_28a648027cd37607,OCCCCCCCCCO,160.257,平衡轮转；非全笛卡尔积,three_components_passed_prototype_gate,未采购未合成；需路线、EHS与供应复核,ledger-007-smipoly-2023;ledger-135-yue-2024-polyuniverse-data;ledger-136-yue-2024-polyuniverse;ledger-137-yue-polyuniverse-code
combo_a0c3200fa15c7487,polyuniverse_dinco_f4a3c1923033f08d5b48,Cc1c(Cl)cc(N=C=O)cc1C(Cl)(N=C=O)c1ccccc1,333.174,chemical_694871d5e95b7370,Oc1c(F)c(F)c(-c2c(F)c(F)c(O)c(F)c2F)c(F)c1F,330.13,chemical_6ee30a16c1c450ed,OC1CCCCC1O,116.16,平衡轮转；非全笛卡尔积,three_components_passed_prototype_gate,未采购未合成；需路线、EHS与供应复核,ledger-007-smipoly-2023;ledger-135-yue-2024-polyuniverse-data;ledger-136-yue-2024-polyuniverse;ledger-137-yue-polyuniverse-code
combo_a120777bf68c74bb,polyuniverse_dinco_ba183439d0e722cfbeb8,O=C=Nc1ccc(C(c2ccc(N=C=O)cc2)n2ccnc2)cc1,316.32,chemical_5e814be594638bdc,OCCCCCCCCCCCCCCCCO,258.446,chemical_ca5e105838153c99,CCC(CO)CC(CC)CO,160.257,平衡轮转；非全笛卡尔积,three_components_passed_prototype_gate,未采购未合成；需路线、EHS与供应复核,ledger-007-smipoly-2023;ledger-135-yue-2024-polyuniverse-data;ledger-136-yue-2024-polyuniverse;ledger-137-yue-polyuniverse-code
combo_a126bc8f65ecb364,polyuniverse_dinco_76731ef629e89287c8f8,CC(C)(CCOCN=C=O)OCCC(C)(C)OCN=C=O,300.355,chemical_58b2613823466190,CC(C)(C)c1cc(-c2cc(C(C)(C)C)cc(C(C)(C)C)c2O)c(O)c(C(C)(C)C)c1,410.642,chemical_bacbda6c95c1bb67,Cc1ccc(O)c(Cc2cc(C)ccc2O)c1,228.291,平衡轮转；非全笛卡尔积,three_components_passed_prototype_gate,未采购未合成；需路线、EHS与供应复核,ledger-007-smipoly-2023;ledger-135-yue-2024-polyuniverse-data;ledger-136-yue-2024-polyuniverse;ledger-137-yue-polyuniverse-code
combo_a12797675be850a3,polyuniverse_dinco_9b5b57e40f8c219871cd,O=C=NCCC(O[C@@H]1COC2C1OC[C@H]2OC(CCN=C=O)c1ccco1)c1ccco1,444.44,chemical_e4aa17432292bb19,Cc1cc2c(cc1O)C(C)(C)CC1(CC(C)(C)c3cc(O)c(C)cc3O1)O2,368.473,chemical_dd2ebb8c8aeed446,Oc1ccc2c(O)cccc2c1,160.172,平衡轮转；非全笛卡尔积,three_components_passed_prototype_gate,未采购未合成；需路线、EHS与供应复核,ledger-007-smipoly-2023;ledger-135-yue-2024-polyuniverse-data;ledger-136-yue-2024-polyuniverse;ledger-137-yue-polyuniverse-code
combo_a1e2bdc3c6016ad9,polyuniverse_dinco_ab4efb95ee1f94419689,Cc1cc2c(c(C)c1N=C=O)C(C)(C)CC21CC(C)(C)c2cc(C)c(N=C=O)c(C)c21,414.549,chemical_e4aa17432292bb19,Cc1cc2c(cc1O)C(C)(C)CC1(CC(C)(C)c3cc(O)c(C)cc3O1)O2,368.473,chemical_6ee30a16c1c450ed,OC1CCCCC1O,116.16,平衡轮转；非全笛卡尔积,three_components_passed_prototype_gate,未采购未合成；需路线、EHS与供应复核,ledger-007-smipoly-2023;ledger-135-yue-2024-polyuniverse-data;ledger-136-yue-2024-polyuniverse;ledger-137-yue-polyuniverse-code
combo_a1fd0af576688e79,polyuniverse_dinco_a5809ed0bb50011d11e7,CC(C)c1ncc(F)c(C(C)CC2Cc3c(nc4c(c3N=C=O)CCC4)C2C)c1N=C=O,434.515,chemical_0895e6cd5136df6a,OCCOc1ccc(C2(c3ccc(OCCO)cc3)c3ccccc3-c3ccccc32)cc1,438.523,chemical_72b7ed7d3d268fd7,CC(C)CC(CO)(CO)CC(C)C,188.311,平衡轮转；非全笛卡尔积,three_components_passed_prototype_gate,未采购未合成；需路线、EHS与供应复核,ledger-007-smipoly-2023;ledger-135-yue-2024-polyuniverse-data;ledger-136-yue-2024-polyuniverse;ledger-137-yue-polyuniverse-code
combo_a20d50ee773651e0,polyuniverse_dinco_c842b8dc271bd83c79bd,CC1C(C)C(N=C=O)C(C)(C)C(C)C1N=C=O,236.315,chemical_1f862d0fb910ec42,Oc1ccc(C2(c3ccc(O)cc3)CCCCC2)cc1,268.356,chemical_79b196ca779aae4e,OCc1ccccc1CO,138.166,平衡轮转；非全笛卡尔积,three_components_passed_prototype_gate,未采购未合成；需路线、EHS与供应复核,ledger-007-smipoly-2023;ledger-135-yue-2024-polyuniverse-data;ledger-136-yue-2024-polyuniverse;ledger-137-yue-polyuniverse-code
combo_a21f7b50786dc6c2,polyuniverse_dinco_4a1eb105ee6ae99e25d6,CCC1(CN=C=O)C(C)C1(C)N=C=O,194.234,chemical_3a566be4d64035e3,Oc1ccc(-c2ccc(O)c(Br)c2)cc1Br,344.002,chemical_79b196ca779aae4e,OCc1ccccc1CO,138.166,平衡轮转；非全笛卡尔积,three_components_passed_prototype_gate,未采购未合成；需路线、EHS与供应复核,ledger-007-smipoly-2023;ledger-135-yue-2024-polyuniverse-data;ledger-136-yue-2024-polyuniverse;ledger-137-yue-polyuniverse-code
combo_a23452c4c286a0e6,polyuniverse_dinco_952c8476d31239835550,O=C=NCC1(CN=C=O)CCCC(F)(F)C1(F)F,266.194,chemical_694871d5e95b7370,Oc1c(F)c(F)c(-c2c(F)c(F)c(O)c(F)c2F)c(F)c1F,330.13,chemical_706c38f2fda91d2c,CCC(C)(c1ccc(O)cc1)c1ccc(O)cc1,242.318,平衡轮转；非全笛卡尔积,three_components_passed_prototype_gate,未采购未合成；需路线、EHS与供应复核,ledger-007-smipoly-2023;ledger-135-yue-2024-polyuniverse-data;ledger-136-yue-2024-polyuniverse;ledger-137-yue-polyuniverse-code
combo_a310608d1ad8b6ca,polyuniverse_dinco_7bf0d3c1efc36d46299a,O=C=NCCCC(CN=C=O)CC12CCC(CC1)C2,262.353,chemical_3a566be4d64035e3,Oc1ccc(-c2ccc(O)c(Br)c2)cc1Br,344.002,chemical_2dad29ca9d88607e,OC1CCC(C2CCC(O)CC2)CC1,198.306,平衡轮转；非全笛卡尔积,three_components_passed_prototype_gate,未采购未合成；需路线、EHS与供应复核,ledger-007-smipoly-2023;ledger-135-yue-2024-polyuniverse-data;ledger-136-yue-2024-polyuniverse;ledger-137-yue-polyuniverse-code
combo_a353ec5aea5c7c04,polyuniverse_dinco_9433642f6ab558269707,O=C=NC1CCOC1N=C=O,154.125,chemical_34962dac292231e7,Cc1cc(Cc2cc(C)c(O)c(C)c2)cc(C)c1O,256.345,chemical_28a648027cd37607,OCCCCCCCCCO,160.257,平衡轮转；非全笛卡尔积,three_components_passed_prototype_gate,未采购未合成；需路线、EHS与供应复核,ledger-007-smipoly-2023;ledger-135-yue-2024-polyuniverse-data;ledger-136-yue-2024-polyuniverse;ledger-137-yue-polyuniverse-code
combo_a39ddacc1b0cee73,polyuniverse_dinco_6a887a4fc6e3f56dee69,N#COCC(CN=C=O)(CN=C=O)COC#N,236.187,chemical_a04b7de5081dd0a5,CC(C)CC(C)(c1ccc(O)cc1)c1ccc(O)cc1,270.372,chemical_7eec20377145fdb7,CC1(C)C(O)C(C)(C)C1O,144.214,平衡轮转；非全笛卡尔积,three_components_passed_prototype_gate,未采购未合成；需路线、EHS与供应复核,ledger-007-smipoly-2023;ledger-135-yue-2024-polyuniverse-data;ledger-136-yue-2024-polyuniverse;ledger-137-yue-polyuniverse-code
combo_a3e1ef97d0335af6,polyuniverse_dinco_e77d8b8eb2abaed0faff,O=C=NC1CCC(N(c2ccccc2)C2CCC(N=C=O)CC2)CC1,339.439,chemical_f59a0ec9b5c263ad,CCCCCCCCC(CO)(CO)CCCCCCCC,300.527,chemical_72b7ed7d3d268fd7,CC(C)CC(CO)(CO)CC(C)C,188.311,平衡轮转；非全笛卡尔积,three_components_passed_prototype_gate,未采购未合成；需路线、EHS与供应复核,ledger-007-smipoly-2023;ledger-135-yue-2024-polyuniverse-data;ledger-136-yue-2024-polyuniverse;ledger-137-yue-polyuniverse-code
combo_a3e3caf601f86034,polyuniverse_dinco_a5809ed0bb50011d11e7,CC(C)c1ncc(F)c(C(C)CC2Cc3c(nc4c(c3N=C=O)CCC4)C2C)c1N=C=O,434.515,chemical_0895e6cd5136df6a,OCCOc1ccc(C2(c3ccc(OCCO)cc3)c3ccccc3-c3ccccc32)cc1,438.523,chemical_75fb481cd45cc100,CCCCC(CC)(CO)CO,160.257,平衡轮转；非全笛卡尔积,three_components_passed_prototype_gate,未采购未合成；需路线、EHS与供应复核,ledger-007-smipoly-2023;ledger-135-yue-2024-polyuniverse-data;ledger-136-yue-2024-polyuniverse;ledger-137-yue-polyuniverse-code
combo_a3f8f2ef7016d3ba,polyuniverse_dinco_e19769eda682789a354e,O=C=Nc1cccc(COCc2cccc(N=C=O)n2)n1,282.259,chemical_1f862d0fb910ec42,Oc1ccc(C2(c3ccc(O)cc3)CCCCC2)cc1,268.356,chemical_79b196ca779aae4e,OCc1ccccc1CO,138.166,平衡轮转；非全笛卡尔积,three_components_passed_prototype_gate,未采购未合成；需路线、EHS与供应复核,ledger-007-smipoly-2023;ledger-135-yue-2024-polyuniverse-data;ledger-136-yue-2024-polyuniverse;ledger-137-yue-polyuniverse-code
combo_a407fe577902f08b,polyuniverse_dinco_bd1652fdf1dacee4093c,O=C=NCCC12CCC(C1)C1CCCC12CCN=C=O,274.364,chemical_986d2a218ca14417,OCC(F)(F)C(F)(F)C(F)(F)C(F)(F)C(F)(F)C(F)(F)CO,362.11,chemical_2a0d22152800ae85,Oc1ccc(Oc2ccc(O)cc2)cc1,202.209,平衡轮转；非全笛卡尔积,three_components_passed_prototype_gate,未采购未合成；需路线、EHS与供应复核,ledger-007-smipoly-2023;ledger-135-yue-2024-polyuniverse-data;ledger-136-yue-2024-polyuniverse;ledger-137-yue-polyuniverse-code
combo_a41dde872bd90883,polyuniverse_dinco_fbadb623a6ef1950d388,O=C=NC(Cc1ccc2ccccc2c1)C(N=C=O)c1ccc2ccccc2c1,378.431,chemical_1f862d0fb910ec42,Oc1ccc(C2(c3ccc(O)cc3)CCCCC2)cc1,268.356,chemical_79b196ca779aae4e,OCc1ccccc1CO,138.166,平衡轮转；非全笛卡尔积,three_components_passed_prototype_gate,未采购未合成；需路线、EHS与供应复核,ledger-007-smipoly-2023;ledger-135-yue-2024-polyuniverse-data;ledger-136-yue-2024-polyuniverse;ledger-137-yue-polyuniverse-code
combo_a4a886f49115ed9a,polyuniverse_dinco_fbadb623a6ef1950d388,O=C=NC(Cc1ccc2ccccc2c1)C(N=C=O)c1ccc2ccccc2c1,378.431,chemical_3a566be4d64035e3,Oc1ccc(-c2ccc(O)c(Br)c2)cc1Br,344.002,chemical_79b196ca779aae4e,OCc1ccccc1CO,138.166,平衡轮转；非全笛卡尔积,three_components_passed_prototype_gate,未采购未合成；需路线、EHS与供应复核,ledger-007-smipoly-2023;ledger-135-yue-2024-polyuniverse-data;ledger-136-yue-2024-polyuniverse;ledger-137-yue-polyuniverse-code
combo_a503544e84746d5f,polyuniverse_dinco_7bf0d3c1efc36d46299a,O=C=NCCCC(CN=C=O)CC12CCC(CC1)C2,262.353,chemical_3a566be4d64035e3,Oc1ccc(-c2ccc(O)c(Br)c2)cc1Br,344.002,chemical_2a0d22152800ae85,Oc1ccc(Oc2ccc(O)cc2)cc1,202.209,平衡轮转；非全笛卡尔积,three_components_passed_prototype_gate,未采购未合成；需路线、EHS与供应复核,ledger-007-smipoly-2023;ledger-135-yue-2024-polyuniverse-data;ledger-136-yue-2024-polyuniverse;ledger-137-yue-polyuniverse-code
combo_a517df28f91580d5,polyuniverse_dinco_a78553c2197b427a0d60,CC(N=C=O)OC1CC2CCC1(OC(C)N=C=O)CC2,280.324,chemical_986d2a218ca14417,OCC(F)(F)C(F)(F)C(F)(F)C(F)(F)C(F)(F)C(F)(F)CO,362.11,chemical_28a648027cd37607,OCCCCCCCCCO,160.257,平衡轮转；非全笛卡尔积,three_components_passed_prototype_gate,未采购未合成；需路线、EHS与供应复核,ledger-007-smipoly-2023;ledger-135-yue-2024-polyuniverse-data;ledger-136-yue-2024-polyuniverse;ledger-137-yue-polyuniverse-code
combo_a52c91b6c4c843f6,polyuniverse_dinco_92d8be6885e141a4524f,Cc1ccc(Cc2ccc(Cl)cc2)c(N=C=O)c1N=C=O,298.729,chemical_ff8d497a35fecaa4,OC(C(F)(F)F)(C(F)(F)F)C(O)(C(F)(F)F)C(F)(F)F,334.056,chemical_706c38f2fda91d2c,CCC(C)(c1ccc(O)cc1)c1ccc(O)cc1,242.318,平衡轮转；非全笛卡尔积,three_components_passed_prototype_gate,未采购未合成；需路线、EHS与供应复核,ledger-007-smipoly-2023;ledger-135-yue-2024-polyuniverse-data;ledger-136-yue-2024-polyuniverse;ledger-137-yue-polyuniverse-code
combo_a56d4737953dc0c7,polyuniverse_dinco_7df67f418ef75f339395,CC1CC(N=C=O)C(N=C=O)(C(C)C)C(c2ccccc2)(c2ccccc2)C1,374.484,chemical_5e814be594638bdc,OCCCCCCCCCCCCCCCCO,258.446,chemical_63c6eb608324eca7,OCC1CC2C3CC(CO)C(C3)C2C1,196.29,平衡轮转；非全笛卡尔积,three_components_passed_prototype_gate,未采购未合成；需路线、EHS与供应复核,ledger-007-smipoly-2023;ledger-135-yue-2024-polyuniverse-data;ledger-136-yue-2024-polyuniverse;ledger-137-yue-polyuniverse-code
combo_a58590cbedb7c49f,polyuniverse_dinco_41dd7d9f5ae04dca84b5,O=C=NC1(Cl)CCCCC1(Cl)CC1(Cl)CCCCC1(Cl)N=C=O,400.133,chemical_1f862d0fb910ec42,Oc1ccc(C2(c3ccc(O)cc3)CCCCC2)cc1,268.356,chemical_2a0d22152800ae85,Oc1ccc(Oc2ccc(O)cc2)cc1,202.209,平衡轮转；非全笛卡尔积,three_components_passed_prototype_gate,未采购未合成；需路线、EHS与供应复核,ledger-007-smipoly-2023;ledger-135-yue-2024-polyuniverse-data;ledger-136-yue-2024-polyuniverse;ledger-137-yue-polyuniverse-code
combo_a5aa6995fc22d82b,polyuniverse_dinco_4acdebf340e0856a52df,CC(C)(C)c1cc(N=C=O)c2c(c1)C(C)(C)c1cc(C(C)(C)C)cc(N=C=O)c1O2,404.51,chemical_5e814be594638bdc,OCCCCCCCCCCCCCCCCO,258.446,chemical_ca5e105838153c99,CCC(CO)CC(CC)CO,160.257,平衡轮转；非全笛卡尔积,three_components_passed_prototype_gate,未采购未合成；需路线、EHS与供应复核,ledger-007-smipoly-2023;ledger-135-yue-2024-polyuniverse-data;ledger-136-yue-2024-polyuniverse;ledger-137-yue-polyuniverse-code
combo_a5caff05e5ee04a1,polyuniverse_dinco_fbadb623a6ef1950d388,O=C=NC(Cc1ccc2ccccc2c1)C(N=C=O)c1ccc2ccccc2c1,378.431,chemical_34962dac292231e7,Cc1cc(Cc2cc(C)c(O)c(C)c2)cc(C)c1O,256.345,chemical_79b196ca779aae4e,OCc1ccccc1CO,138.166,平衡轮转；非全笛卡尔积,three_components_passed_prototype_gate,未采购未合成；需路线、EHS与供应复核,ledger-007-smipoly-2023;ledger-135-yue-2024-polyuniverse-data;ledger-136-yue-2024-polyuniverse;ledger-137-yue-polyuniverse-code
combo_a60a2730d59996f6,polyuniverse_dinco_4716b4743a5baa106de3,O=C=Nc1cc2cccc(N=C=O)c2nc1-c1cccc(OC(F)(F)F)c1,371.274,chemical_986d2a218ca14417,OCC(F)(F)C(F)(F)C(F)(F)C(F)(F)C(F)(F)C(F)(F)CO,362.11,chemical_79b196ca779aae4e,OCc1ccccc1CO,138.166,平衡轮转；非全笛卡尔积,three_components_passed_prototype_gate,未采购未合成；需路线、EHS与供应复核,ledger-007-smipoly-2023;ledger-135-yue-2024-polyuniverse-data;ledger-136-yue-2024-polyuniverse;ledger-137-yue-polyuniverse-code
combo_a642a47bbe765a21,polyuniverse_dinco_5a1f42c9bc88019aa254,O=C=NC1C(F)C(F)C(F)C(F)C1N=C=O,238.14,chemical_3a566be4d64035e3,Oc1ccc(-c2ccc(O)c(Br)c2)cc1Br,344.002,chemical_79b196ca779aae4e,OCc1ccccc1CO,138.166,平衡轮转；非全笛卡尔积,three_components_passed_prototype_gate,未采购未合成；需路线、EHS与供应复核,ledger-007-smipoly-2023;ledger-135-yue-2024-polyuniverse-data;ledger-136-yue-2024-polyuniverse;ledger-137-yue-polyuniverse-code
combo_a6573a0b0c54c35a,polyuniverse_dinco_5869c3b07285b5b309da,CC(C)(CC1CCC(C(C)(C)N=C=O)C1)N=C=O,250.342,chemical_ff8d497a35fecaa4,OC(C(F)(F)F)(C(F)(F)F)C(O)(C(F)(F)F)C(F)(F)F,334.056,chemical_16bdee252ed11d7a,CC(O)C(C)O,90.122,平衡轮转；非全笛卡尔积,three_components_passed_prototype_gate,未采购未合成；需路线、EHS与供应复核,ledger-007-smipoly-2023;ledger-135-yue-2024-polyuniverse-data;ledger-136-yue-2024-polyuniverse;ledger-137-yue-polyuniverse-code
combo_a6b97ebd8e68b07d,polyuniverse_dinco_7ae84879e7df0d84fdfa,O=C=NC1(F)C(F)(F)C(F)(F)C(F)(F)C(F)(F)C1(F)N=C=O,346.08,chemical_f59a0ec9b5c263ad,CCCCCCCCC(CO)(CO)CCCCCCCC,300.527,chemical_6ee30a16c1c450ed,OC1CCCCC1O,116.16,平衡轮转；非全笛卡尔积,three_components_passed_prototype_gate,未采购未合成；需路线、EHS与供应复核,ledger-007-smipoly-2023;ledger-135-yue-2024-polyuniverse-data;ledger-136-yue-2024-polyuniverse;ledger-137-yue-polyuniverse-code
combo_a6ba555916a5275d,polyuniverse_dinco_26cead9b352cec30e97f,CCC(CN=C=O)C1CCCC(N=C=O)C1,222.288,chemical_a2cf8157d0f77432,OC(c1cccc(C(O)(C(F)(F)F)C(F)(F)F)c1)(C(F)(F)F)C(F)(F)F,410.154,chemical_831d24f7368b3f75,Cc1cc(-c2cc(C)c(O)c(C)c2)cc(C)c1O,242.318,平衡轮转；非全笛卡尔积,three_components_passed_prototype_gate,未采购未合成；需路线、EHS与供应复核,ledger-007-smipoly-2023;ledger-135-yue-2024-polyuniverse-data;ledger-136-yue-2024-polyuniverse;ledger-137-yue-polyuniverse-code
combo_a6d97ea70c549f5d,polyuniverse_dinco_1521a8e0db18b3ee10fa,CCCCC1(CC)C(N=C=O)C(CC)(CCCC)C1N=C=O,306.45,chemical_ff8d497a35fecaa4,OC(C(F)(F)F)(C(F)(F)F)C(O)(C(F)(F)F)C(F)(F)F,334.056,chemical_1ace6e6abb3b5be3,Oc1ccc(O)c2c1C1CCC2C1,176.215,平衡轮转；非全笛卡尔积,three_components_passed_prototype_gate,未采购未合成；需路线、EHS与供应复核,ledger-007-smipoly-2023;ledger-135-yue-2024-polyuniverse-data;ledger-136-yue-2024-polyuniverse;ledger-137-yue-polyuniverse-code
combo_a6db4d5cb8f9f84b,polyuniverse_dinco_7416e04e1592ed966a70,O=C=NCC1COC(CN=C=O)O1,184.151,chemical_1f862d0fb910ec42,Oc1ccc(C2(c3ccc(O)cc3)CCCCC2)cc1,268.356,chemical_75fb481cd45cc100,CCCCC(CC)(CO)CO,160.257,平衡轮转；非全笛卡尔积,three_components_passed_prototype_gate,未采购未合成；需路线、EHS与供应复核,ledger-007-smipoly-2023;ledger-135-yue-2024-polyuniverse-data;ledger-136-yue-2024-polyuniverse;ledger-137-yue-polyuniverse-code
combo_a6e067ff5565f5f3,polyuniverse_dinco_055819dc5371734047d1,N#COC1CCC(CC2CCC(N=C=O)C(CC3CCC(N=C=O)CC3)C2)CC1,399.535,chemical_e4aa17432292bb19,Cc1cc2c(cc1O)C(C)(C)CC1(CC(C)(C)c3cc(O)c(C)cc3O1)O2,368.473,chemical_63c6eb608324eca7,OCC1CC2C3CC(CO)C(C3)C2C1,196.29,平衡轮转；非全笛卡尔积,three_components_passed_prototype_gate,未采购未合成；需路线、EHS与供应复核,ledger-007-smipoly-2023;ledger-135-yue-2024-polyuniverse-data;ledger-136-yue-2024-polyuniverse;ledger-137-yue-polyuniverse-code
combo_a6f8591ef27ce318,polyuniverse_dinco_1d6acf47e4862fbbcc32,Cc1cc(N=C=O)ncc1N=C=O,175.147,chemical_0895e6cd5136df6a,OCCOc1ccc(C2(c3ccc(OCCO)cc3)c3ccccc3-c3ccccc32)cc1,438.523,chemical_706c38f2fda91d2c,CCC(C)(c1ccc(O)cc1)c1ccc(O)cc1,242.318,平衡轮转；非全笛卡尔积,three_components_passed_prototype_gate,未采购未合成；需路线、EHS与供应复核,ledger-007-smipoly-2023;ledger-135-yue-2024-polyuniverse-data;ledger-136-yue-2024-polyuniverse;ledger-137-yue-polyuniverse-code
combo_a6fff906605581eb,polyuniverse_dinco_ddc56fe70a91074540ef,CCCCOC(N=C=O)C(CCCCCCl)N=C=O,288.775,chemical_b94fa835d3f1bdb8,CC(C)(CO)C1OCC2(CO1)COC(C(C)(C)CO)OC2,304.383,chemical_9a89f0adbd70529b,OCC(F)(F)C(F)(F)C(F)(F)CO,212.089,平衡轮转；非全笛卡尔积,three_components_passed_prototype_gate,未采购未合成；需路线、EHS与供应复核,ledger-007-smipoly-2023;ledger-135-yue-2024-polyuniverse-data;ledger-136-yue-2024-polyuniverse;ledger-137-yue-polyuniverse-code
combo_a7063e8c7130f663,polyuniverse_dinco_f93d4f580beca33f9619,O=C=Nc1cc(N=C=O)cc(OCCCCc2ccco2)c1,298.298,chemical_ff8d497a35fecaa4,OC(C(F)(F)F)(C(F)(F)F)C(O)(C(F)(F)F)C(F)(F)F,334.056,chemical_16bdee252ed11d7a,CC(O)C(C)O,90.122,平衡轮转；非全笛卡尔积,three_components_passed_prototype_gate,未采购未合成；需路线、EHS与供应复核,ledger-007-smipoly-2023;ledger-135-yue-2024-polyuniverse-data;ledger-136-yue-2024-polyuniverse;ledger-137-yue-polyuniverse-code
combo_a737e734f18f5c1f,polyuniverse_dinco_3cd70e5831ba4d233e46,CCCCCCC1(CCCCCC)c2cc(N=C=O)ccc2-c2ccc(N=C=O)cc21,416.565,chemical_e4aa17432292bb19,Cc1cc2c(cc1O)C(C)(C)CC1(CC(C)(C)c3cc(O)c(C)cc3O1)O2,368.473,chemical_63c6eb608324eca7,OCC1CC2C3CC(CO)C(C3)C2C1,196.29,平衡轮转；非全笛卡尔积,three_components_passed_prototype_gate,未采购未合成；需路线、EHS与供应复核,ledger-007-smipoly-2023;ledger-135-yue-2024-polyuniverse-data;ledger-136-yue-2024-polyuniverse;ledger-137-yue-polyuniverse-code
combo_a7d648a743860b44,polyuniverse_dinco_d99b46b0b115b20a069f,CC1(C)CC(C)(CN=C=O)C(C2CCCCC2)C(N=C=O)(C2CCCCC2)C1,386.58,chemical_1f862d0fb910ec42,Oc1ccc(C2(c3ccc(O)cc3)CCCCC2)cc1,268.356,chemical_28a648027cd37607,OCCCCCCCCCO,160.257,平衡轮转；非全笛卡尔积,three_components_passed_prototype_gate,未采购未合成；需路线、EHS与供应复核,ledger-007-smipoly-2023;ledger-135-yue-2024-polyuniverse-data;ledger-136-yue-2024-polyuniverse;ledger-137-yue-polyuniverse-code
combo_a8419c961aedfc90,polyuniverse_dinco_f52819a239fd8e98087e,O=C=Nc1ccc2ccc(N=C=O)c([N+](=O)[O-])c2c1[N+](=O)[O-],300.186,chemical_a2cf8157d0f77432,OC(c1cccc(C(O)(C(F)(F)F)C(F)(F)F)c1)(C(F)(F)F)C(F)(F)F,410.154,chemical_831d24f7368b3f75,Cc1cc(-c2cc(C)c(O)c(C)c2)cc(C)c1O,242.318,平衡轮转；非全笛卡尔积,three_components_passed_prototype_gate,未采购未合成；需路线、EHS与供应复核,ledger-007-smipoly-2023;ledger-135-yue-2024-polyuniverse-data;ledger-136-yue-2024-polyuniverse;ledger-137-yue-polyuniverse-code
combo_a84598376299d687,polyuniverse_dinco_3cd70e5831ba4d233e46,CCCCCCC1(CCCCCC)c2cc(N=C=O)ccc2-c2ccc(N=C=O)cc21,416.565,chemical_e4aa17432292bb19,Cc1cc2c(cc1O)C(C)(C)CC1(CC(C)(C)c3cc(O)c(C)cc3O1)O2,368.473,chemical_6ee30a16c1c450ed,OC1CCCCC1O,116.16,平衡轮转；非全笛卡尔积,three_components_passed_prototype_gate,未采购未合成；需路线、EHS与供应复核,ledger-007-smipoly-2023;ledger-135-yue-2024-polyuniverse-data;ledger-136-yue-2024-polyuniverse;ledger-137-yue-polyuniverse-code
combo_a8541a43f0358ca1,polyuniverse_dinco_bffdc5ccff4c002d8304,Cc1cc(CC2CCCCC2N=C=O)cc(N=C=O)c1,270.332,chemical_e34b1bd2b88ad439,CC(C)(c1ccc(O)c(C2CCCCC2)c1)c1ccc(O)c(C2CCCCC2)c1,392.583,chemical_5be20976c2a9d662,Oc1c(F)c(F)c(O)c(F)c1F,182.072,平衡轮转；非全笛卡尔积,three_components_passed_prototype_gate,未采购未合成；需路线、EHS与供应复核,ledger-007-smipoly-2023;ledger-135-yue-2024-polyuniverse-data;ledger-136-yue-2024-polyuniverse;ledger-137-yue-polyuniverse-code
combo_a89fad6a8c0f2f04,polyuniverse_dinco_c716de5f027f8966961c,O=C=Nc1ccc(-c2cccc3c2C(c2ccc(N=C=O)cc2)c2ccccc2-3)cc1,400.437,chemical_e34b1bd2b88ad439,CC(C)(c1ccc(O)c(C2CCCCC2)c1)c1ccc(O)c(C2CCCCC2)c1,392.583,chemical_dd2ebb8c8aeed446,Oc1ccc2c(O)cccc2c1,160.172,平衡轮转；非全笛卡尔积,three_components_passed_prototype_gate,未采购未合成；需路线、EHS与供应复核,ledger-007-smipoly-2023;ledger-135-yue-2024-polyuniverse-data;ledger-136-yue-2024-polyuniverse;ledger-137-yue-polyuniverse-code
combo_a93753f6a23565c9,polyuniverse_dinco_9b5b57e40f8c219871cd,O=C=NCCC(O[C@@H]1COC2C1OC[C@H]2OC(CCN=C=O)c1ccco1)c1ccco1,444.44,chemical_e34b1bd2b88ad439,CC(C)(c1ccc(O)c(C2CCCCC2)c1)c1ccc(O)c(C2CCCCC2)c1,392.583,chemical_ca5e105838153c99,CCC(CO)CC(CC)CO,160.257,平衡轮转；非全笛卡尔积,three_components_passed_prototype_gate,未采购未合成；需路线、EHS与供应复核,ledger-007-smipoly-2023;ledger-135-yue-2024-polyuniverse-data;ledger-136-yue-2024-polyuniverse;ledger-137-yue-polyuniverse-code
combo_a973d045ed2ebeb0,polyuniverse_dinco_473f746a39152067a95e,O=C=Nc1ccc(OCC(F)(F)C(F)F)c(N=C=O)c1,290.172,chemical_f59a0ec9b5c263ad,CCCCCCCCC(CO)(CO)CCCCCCCC,300.527,chemical_16bdee252ed11d7a,CC(O)C(C)O,90.122,平衡轮转；非全笛卡尔积,three_components_passed_prototype_gate,未采购未合成；需路线、EHS与供应复核,ledger-007-smipoly-2023;ledger-135-yue-2024-polyuniverse-data;ledger-136-yue-2024-polyuniverse;ledger-137-yue-polyuniverse-code
combo_aa01fdb90751bbc2,polyuniverse_dinco_72c91e88a4c33aabb96c,O=C=Nc1no[n+]([O-])c1N=C=O,168.068,chemical_ff8d497a35fecaa4,OC(C(F)(F)F)(C(F)(F)F)C(O)(C(F)(F)F)C(F)(F)F,334.056,chemical_1ace6e6abb3b5be3,Oc1ccc(O)c2c1C1CCC2C1,176.215,平衡轮转；非全笛卡尔积,three_components_passed_prototype_gate,未采购未合成；需路线、EHS与供应复核,ledger-007-smipoly-2023;ledger-135-yue-2024-polyuniverse-data;ledger-136-yue-2024-polyuniverse;ledger-137-yue-polyuniverse-code
combo_aa204790cc7b553d,polyuniverse_dinco_677d9180682055b9b9f3,O=C=Nc1nc(Cl)nc(N=C=O)n1,197.541,chemical_58b2613823466190,CC(C)(C)c1cc(-c2cc(C(C)(C)C)cc(C(C)(C)C)c2O)c(O)c(C(C)(C)C)c1,410.642,chemical_551a139d1b44a292,OC12CC3CC(C1)CC(O)(C3)C2,168.236,平衡轮转；非全笛卡尔积,three_components_passed_prototype_gate,未采购未合成；需路线、EHS与供应复核,ledger-007-smipoly-2023;ledger-135-yue-2024-polyuniverse-data;ledger-136-yue-2024-polyuniverse;ledger-137-yue-polyuniverse-code
combo_aa31f42e030f7a22,polyuniverse_dinco_72c91e88a4c33aabb96c,O=C=Nc1no[n+]([O-])c1N=C=O,168.068,chemical_e4aa17432292bb19,Cc1cc2c(cc1O)C(C)(C)CC1(CC(C)(C)c3cc(O)c(C)cc3O1)O2,368.473,chemical_16bdee252ed11d7a,CC(O)C(C)O,90.122,平衡轮转；非全笛卡尔积,three_components_passed_prototype_gate,未采购未合成；需路线、EHS与供应复核,ledger-007-smipoly-2023;ledger-135-yue-2024-polyuniverse-data;ledger-136-yue-2024-polyuniverse;ledger-137-yue-polyuniverse-code
combo_aa9584228429b8d5,polyuniverse_dinco_f93d4f580beca33f9619,O=C=Nc1cc(N=C=O)cc(OCCCCc2ccco2)c1,298.298,chemical_e34b1bd2b88ad439,CC(C)(c1ccc(O)c(C2CCCCC2)c1)c1ccc(O)c(C2CCCCC2)c1,392.583,chemical_dd2ebb8c8aeed446,Oc1ccc2c(O)cccc2c1,160.172,平衡轮转；非全笛卡尔积,three_components_passed_prototype_gate,未采购未合成；需路线、EHS与供应复核,ledger-007-smipoly-2023;ledger-135-yue-2024-polyuniverse-data;ledger-136-yue-2024-polyuniverse;ledger-137-yue-polyuniverse-code
combo_aab8b757621acce3,polyuniverse_dinco_4e634aebc4fcf9faf957,O=C=NCc1ccc(CN=C=O)c(N=Nc2ccc([N+](=O)[O-])cc2)c1,337.295,chemical_e4aa17432292bb19,Cc1cc2c(cc1O)C(C)(C)CC1(CC(C)(C)c3cc(O)c(C)cc3O1)O2,368.473,chemical_706c38f2fda91d2c,CCC(C)(c1ccc(O)cc1)c1ccc(O)cc1,242.318,平衡轮转；非全笛卡尔积,three_components_passed_prototype_gate,未采购未合成；需路线、EHS与供应复核,ledger-007-smipoly-2023;ledger-135-yue-2024-polyuniverse-data;ledger-136-yue-2024-polyuniverse;ledger-137-yue-polyuniverse-code
combo_aada09d3ee58a3ee,polyuniverse_dinco_a759abc4f1e86d39deed,CC1CC(C)CC(CC2CC(C)C(N=C=O)C(C)(N=C=O)C2)C1,318.461,chemical_694871d5e95b7370,Oc1c(F)c(F)c(-c2c(F)c(F)c(O)c(F)c2F)c(F)c1F,330.13,chemical_f25ee56de4366915,O=[N+]([O-])c1cc(CO)ccc1CO,183.163,平衡轮转；非全笛卡尔积,three_components_passed_prototype_gate,未采购未合成；需路线、EHS与供应复核,ledger-007-smipoly-2023;ledger-135-yue-2024-polyuniverse-data;ledger-136-yue-2024-polyuniverse;ledger-137-yue-polyuniverse-code
combo_aadf8cf5d34fe598,polyuniverse_dinco_60e65dae5f7c55187844,COc1cc(Cc2cc([N+](=O)[O-])c(N=C=O)c([N+](=O)[O-])c2)cc(OC)c1N=C=O,400.303,chemical_986d2a218ca14417,OCC(F)(F)C(F)(F)C(F)(F)C(F)(F)C(F)(F)C(F)(F)CO,362.11,chemical_28a648027cd37607,OCCCCCCCCCO,160.257,平衡轮转；非全笛卡尔积,three_components_passed_prototype_gate,未采购未合成；需路线、EHS与供应复核,ledger-007-smipoly-2023;ledger-135-yue-2024-polyuniverse-data;ledger-136-yue-2024-polyuniverse;ledger-137-yue-polyuniverse-code
combo_aadf99a8851bdd40,polyuniverse_dinco_ff2f153939a86421b3aa,O=C=NCC1CN2CC1CC2CN=C=O,207.233,chemical_f59a0ec9b5c263ad,CCCCCCCCC(CO)(CO)CCCCCCCC,300.527,chemical_706c38f2fda91d2c,CCC(C)(c1ccc(O)cc1)c1ccc(O)cc1,242.318,平衡轮转；非全笛卡尔积,three_components_passed_prototype_gate,未采购未合成；需路线、EHS与供应复核,ledger-007-smipoly-2023;ledger-135-yue-2024-polyuniverse-data;ledger-136-yue-2024-polyuniverse;ledger-137-yue-polyuniverse-code
combo_ab729e3c45d00a1f,polyuniverse_dinco_24471fc1c458b69a01cd,O=C=NC1CC(N=C=O)C2CCCc3cccc1c32,254.289,chemical_5e814be594638bdc,OCCCCCCCCCCCCCCCCO,258.446,chemical_5be20976c2a9d662,Oc1c(F)c(F)c(O)c(F)c1F,182.072,平衡轮转；非全笛卡尔积,three_components_passed_prototype_gate,未采购未合成；需路线、EHS与供应复核,ledger-007-smipoly-2023;ledger-135-yue-2024-polyuniverse-data;ledger-136-yue-2024-polyuniverse;ledger-137-yue-polyuniverse-code
combo_ab832df7f2c39764,polyuniverse_dinco_00fa3f3b14ce15566695,CCCCC(C)(N=C=O)C(C)(C)N=C=O,210.277,chemical_694871d5e95b7370,Oc1c(F)c(F)c(-c2c(F)c(F)c(O)c(F)c2F)c(F)c1F,330.13,chemical_6ee30a16c1c450ed,OC1CCCCC1O,116.16,平衡轮转；非全笛卡尔积,three_components_passed_prototype_gate,未采购未合成；需路线、EHS与供应复核,ledger-007-smipoly-2023;ledger-135-yue-2024-polyuniverse-data;ledger-136-yue-2024-polyuniverse;ledger-137-yue-polyuniverse-code
combo_abb0ac86d0c36fec,polyuniverse_dinco_e19769eda682789a354e,O=C=Nc1cccc(COCc2cccc(N=C=O)n2)n1,282.259,chemical_1f862d0fb910ec42,Oc1ccc(C2(c3ccc(O)cc3)CCCCC2)cc1,268.356,chemical_75fb481cd45cc100,CCCCC(CC)(CO)CO,160.257,平衡轮转；非全笛卡尔积,three_components_passed_prototype_gate,未采购未合成；需路线、EHS与供应复核,ledger-007-smipoly-2023;ledger-135-yue-2024-polyuniverse-data;ledger-136-yue-2024-polyuniverse;ledger-137-yue-polyuniverse-code
combo_abb63ecfdb42357b,polyuniverse_dinco_4ed51fdb98321223f060,CCCC(CC(C)(CCC)CN=C=O)N=C=O,238.331,chemical_1f862d0fb910ec42,Oc1ccc(C2(c3ccc(O)cc3)CCCCC2)cc1,268.356,chemical_2a0d22152800ae85,Oc1ccc(Oc2ccc(O)cc2)cc1,202.209,平衡轮转；非全笛卡尔积,three_components_passed_prototype_gate,未采购未合成；需路线、EHS与供应复核,ledger-007-smipoly-2023;ledger-135-yue-2024-polyuniverse-data;ledger-136-yue-2024-polyuniverse;ledger-137-yue-polyuniverse-code
combo_abba3075cb357bf0,polyuniverse_dinco_854f6f15dafaadb28034,O=C=Nc1ccc2c([nH]c3ccccc32)c1N=C=O,249.229,chemical_34962dac292231e7,Cc1cc(Cc2cc(C)c(O)c(C)c2)cc(C)c1O,256.345,chemical_75fb481cd45cc100,CCCCC(CC)(CO)CO,160.257,平衡轮转；非全笛卡尔积,three_components_passed_prototype_gate,未采购未合成；需路线、EHS与供应复核,ledger-007-smipoly-2023;ledger-135-yue-2024-polyuniverse-data;ledger-136-yue-2024-polyuniverse;ledger-137-yue-polyuniverse-code
combo_abef35d727750835,polyuniverse_dinco_29fcbdd3c8cf8655b397,CCCCC(CC)(CCC)CC1(N=C=O)CCC(C)C(N=C=O)C1,334.504,chemical_e34b1bd2b88ad439,CC(C)(c1ccc(O)c(C2CCCCC2)c1)c1ccc(O)c(C2CCCCC2)c1,392.583,chemical_f25ee56de4366915,O=[N+]([O-])c1cc(CO)ccc1CO,183.163,平衡轮转；非全笛卡尔积,three_components_passed_prototype_gate,未采购未合成；需路线、EHS与供应复核,ledger-007-smipoly-2023;ledger-135-yue-2024-polyuniverse-data;ledger-136-yue-2024-polyuniverse;ledger-137-yue-polyuniverse-code
combo_ac93cf7b5994ed74,polyuniverse_dinco_7416e04e1592ed966a70,O=C=NCC1COC(CN=C=O)O1,184.151,chemical_3a566be4d64035e3,Oc1ccc(-c2ccc(O)c(Br)c2)cc1Br,344.002,chemical_79b196ca779aae4e,OCc1ccccc1CO,138.166,平衡轮转；非全笛卡尔积,three_components_passed_prototype_gate,未采购未合成；需路线、EHS与供应复核,ledger-007-smipoly-2023;ledger-135-yue-2024-polyuniverse-data;ledger-136-yue-2024-polyuniverse;ledger-137-yue-polyuniverse-code
combo_ac998f90f8dd6e1f,polyuniverse_dinco_9a439aa6493516a05f38,Cc1ccc(C(C)N=C=O)c(C(C)N=C=O)c1C,244.294,chemical_a04b7de5081dd0a5,CC(C)CC(C)(c1ccc(O)cc1)c1ccc(O)cc1,270.372,chemical_79b196ca779aae4e,OCc1ccccc1CO,138.166,平衡轮转；非全笛卡尔积,three_components_passed_prototype_gate,未采购未合成；需路线、EHS与供应复核,ledger-007-smipoly-2023;ledger-135-yue-2024-polyuniverse-data;ledger-136-yue-2024-polyuniverse;ledger-137-yue-polyuniverse-code
combo_accff420dd144ae0,polyuniverse_dinco_fd5f159552c1f70f915c,O=C=NCCC(CN(CC(CCN=C=O)([N+](=O)[O-])[N+](=O)[O-])[N+](=O)[O-])([N+](=O)[O-])[N+](=O)[O-],436.25,chemical_6364c045bd73da83,Oc1cccc(Oc2ccc(Oc3cccc(O)c3)cc2)c1,294.306,chemical_dd2ebb8c8aeed446,Oc1ccc2c(O)cccc2c1,160.172,平衡轮转；非全笛卡尔积,three_components_passed_prototype_gate,未采购未合成；需路线、EHS与供应复核,ledger-007-smipoly-2023;ledger-135-yue-2024-polyuniverse-data;ledger-136-yue-2024-polyuniverse;ledger-137-yue-polyuniverse-code
combo_acf98db456a31685,polyuniverse_dinco_0682742a99d644d48f6f,CC(c1ccc(N=C=O)o1)c1ccc(N=C=O)o1,244.206,chemical_1f862d0fb910ec42,Oc1ccc(C2(c3ccc(O)cc3)CCCCC2)cc1,268.356,chemical_28a648027cd37607,OCCCCCCCCCO,160.257,平衡轮转；非全笛卡尔积,three_components_passed_prototype_gate,未采购未合成；需路线、EHS与供应复核,ledger-007-smipoly-2023;ledger-135-yue-2024-polyuniverse-data;ledger-136-yue-2024-polyuniverse;ledger-137-yue-polyuniverse-code
combo_ad1283e246bc324d,polyuniverse_dinco_d9e0e5b183928d0c3023,CC(C)(N=C=O)c1ccc2c(C(C)(C)N=C=O)cccc2c1,294.354,chemical_694871d5e95b7370,Oc1c(F)c(F)c(-c2c(F)c(F)c(O)c(F)c2F)c(F)c1F,330.13,chemical_6ee30a16c1c450ed,OC1CCCCC1O,116.16,平衡轮转；非全笛卡尔积,three_components_passed_prototype_gate,未采购未合成；需路线、EHS与供应复核,ledger-007-smipoly-2023;ledger-135-yue-2024-polyuniverse-data;ledger-136-yue-2024-polyuniverse;ledger-137-yue-polyuniverse-code
combo_ae0bbfa6b4100f24,polyuniverse_dinco_4ed51fdb98321223f060,CCCC(CC(C)(CCC)CN=C=O)N=C=O,238.331,chemical_0895e6cd5136df6a,OCCOc1ccc(C2(c3ccc(OCCO)cc3)c3ccccc3-c3ccccc32)cc1,438.523,chemical_1ace6e6abb3b5be3,Oc1ccc(O)c2c1C1CCC2C1,176.215,平衡轮转；非全笛卡尔积,three_components_passed_prototype_gate,未采购未合成；需路线、EHS与供应复核,ledger-007-smipoly-2023;ledger-135-yue-2024-polyuniverse-data;ledger-136-yue-2024-polyuniverse;ledger-137-yue-polyuniverse-code
combo_ae0d4eec5b8e4df1,polyuniverse_dinco_c842b8dc271bd83c79bd,CC1C(C)C(N=C=O)C(C)(C)C(C)C1N=C=O,236.315,chemical_1f862d0fb910ec42,Oc1ccc(C2(c3ccc(O)cc3)CCCCC2)cc1,268.356,chemical_72b7ed7d3d268fd7,CC(C)CC(CO)(CO)CC(C)C,188.311,平衡轮转；非全笛卡尔积,three_components_passed_prototype_gate,未采购未合成；需路线、EHS与供应复核,ledger-007-smipoly-2023;ledger-135-yue-2024-polyuniverse-data;ledger-136-yue-2024-polyuniverse;ledger-137-yue-polyuniverse-code
combo_ae46b496251fe57d,polyuniverse_dinco_2acbe63b26c33137e286,CC1(N=C=O)CCC(C)(C)C(C)(N=C=O)C1,222.288,chemical_34962dac292231e7,Cc1cc(Cc2cc(C)c(O)c(C)c2)cc(C)c1O,256.345,chemical_7eec20377145fdb7,CC1(C)C(O)C(C)(C)C1O,144.214,平衡轮转；非全笛卡尔积,three_components_passed_prototype_gate,未采购未合成；需路线、EHS与供应复核,ledger-007-smipoly-2023;ledger-135-yue-2024-polyuniverse-data;ledger-136-yue-2024-polyuniverse;ledger-137-yue-polyuniverse-code
combo_ae48a22cad0ef3dd,polyuniverse_dinco_ad772ec6dd390bb329d7,CC1CC1(N=C=O)C(C)(C)N=C=O,180.207,chemical_6364c045bd73da83,Oc1cccc(Oc2ccc(Oc3cccc(O)c3)cc2)c1,294.306,chemical_6ee30a16c1c450ed,OC1CCCCC1O,116.16,平衡轮转；非全笛卡尔积,three_components_passed_prototype_gate,未采购未合成；需路线、EHS与供应复核,ledger-007-smipoly-2023;ledger-135-yue-2024-polyuniverse-data;ledger-136-yue-2024-polyuniverse;ledger-137-yue-polyuniverse-code
combo_aee9fd8a262b4630,polyuniverse_dinco_f52819a239fd8e98087e,O=C=Nc1ccc2ccc(N=C=O)c([N+](=O)[O-])c2c1[N+](=O)[O-],300.186,chemical_986d2a218ca14417,OCC(F)(F)C(F)(F)C(F)(F)C(F)(F)C(F)(F)C(F)(F)CO,362.11,chemical_7eec20377145fdb7,CC1(C)C(O)C(C)(C)C1O,144.214,平衡轮转；非全笛卡尔积,three_components_passed_prototype_gate,未采购未合成；需路线、EHS与供应复核,ledger-007-smipoly-2023;ledger-135-yue-2024-polyuniverse-data;ledger-136-yue-2024-polyuniverse;ledger-137-yue-polyuniverse-code
combo_aef3b77754571b24,polyuniverse_dinco_c24771e4eb3229cc941d,[C-]#[N+]C1(N=C=O)CCC(C)([N+]#[C-])C(N=C=O)C1,230.227,chemical_a2cf8157d0f77432,OC(c1cccc(C(O)(C(F)(F)F)C(F)(F)F)c1)(C(F)(F)F)C(F)(F)F,410.154,chemical_9a89f0adbd70529b,OCC(F)(F)C(F)(F)C(F)(F)CO,212.089,平衡轮转；非全笛卡尔积,three_components_passed_prototype_gate,未采购未合成；需路线、EHS与供应复核,ledger-007-smipoly-2023;ledger-135-yue-2024-polyuniverse-data;ledger-136-yue-2024-polyuniverse;ledger-137-yue-polyuniverse-code
combo_af051c32aed85680,polyuniverse_dinco_9b5b57e40f8c219871cd,O=C=NCCC(O[C@@H]1COC2C1OC[C@H]2OC(CCN=C=O)c1ccco1)c1ccco1,444.44,chemical_f59a0ec9b5c263ad,CCCCCCCCC(CO)(CO)CCCCCCCC,300.527,chemical_16bdee252ed11d7a,CC(O)C(C)O,90.122,平衡轮转；非全笛卡尔积,three_components_passed_prototype_gate,未采购未合成；需路线、EHS与供应复核,ledger-007-smipoly-2023;ledger-135-yue-2024-polyuniverse-data;ledger-136-yue-2024-polyuniverse;ledger-137-yue-polyuniverse-code
combo_af2a331779884401,polyuniverse_dinco_0682742a99d644d48f6f,CC(c1ccc(N=C=O)o1)c1ccc(N=C=O)o1,244.206,chemical_34962dac292231e7,Cc1cc(Cc2cc(C)c(O)c(C)c2)cc(C)c1O,256.345,chemical_2dad29ca9d88607e,OC1CCC(C2CCC(O)CC2)CC1,198.306,平衡轮转；非全笛卡尔积,three_components_passed_prototype_gate,未采购未合成；需路线、EHS与供应复核,ledger-007-smipoly-2023;ledger-135-yue-2024-polyuniverse-data;ledger-136-yue-2024-polyuniverse;ledger-137-yue-polyuniverse-code
combo_af32a1bf1d8249b6,polyuniverse_dinco_b3615f63610ee99adc3f,CCC(C)c1c(N=C=O)cc(N=C=O)c2c1CCC2(C)C,284.359,chemical_f59a0ec9b5c263ad,CCCCCCCCC(CO)(CO)CCCCCCCC,300.527,chemical_16bdee252ed11d7a,CC(O)C(C)O,90.122,平衡轮转；非全笛卡尔积,three_components_passed_prototype_gate,未采购未合成；需路线、EHS与供应复核,ledger-007-smipoly-2023;ledger-135-yue-2024-polyuniverse-data;ledger-136-yue-2024-polyuniverse;ledger-137-yue-polyuniverse-code
combo_af372e5241f3efe5,polyuniverse_dinco_6037461e6c665445a257,CCCC1(CN=C=O)CC(C)CC1CN=C=O,236.315,chemical_6364c045bd73da83,Oc1cccc(Oc2ccc(Oc3cccc(O)c3)cc2)c1,294.306,chemical_dd2ebb8c8aeed446,Oc1ccc2c(O)cccc2c1,160.172,平衡轮转；非全笛卡尔积,three_components_passed_prototype_gate,未采购未合成；需路线、EHS与供应复核,ledger-007-smipoly-2023;ledger-135-yue-2024-polyuniverse-data;ledger-136-yue-2024-polyuniverse;ledger-137-yue-polyuniverse-code
combo_af37db6c65dc875e,polyuniverse_dinco_7ae84879e7df0d84fdfa,O=C=NC1(F)C(F)(F)C(F)(F)C(F)(F)C(F)(F)C1(F)N=C=O,346.08,chemical_e4aa17432292bb19,Cc1cc2c(cc1O)C(C)(C)CC1(CC(C)(C)c3cc(O)c(C)cc3O1)O2,368.473,chemical_706c38f2fda91d2c,CCC(C)(c1ccc(O)cc1)c1ccc(O)cc1,242.318,平衡轮转；非全笛卡尔积,three_components_passed_prototype_gate,未采购未合成；需路线、EHS与供应复核,ledger-007-smipoly-2023;ledger-135-yue-2024-polyuniverse-data;ledger-136-yue-2024-polyuniverse;ledger-137-yue-polyuniverse-code
combo_af5963a24c1dc133,polyuniverse_dinco_b3615f63610ee99adc3f,CCC(C)c1c(N=C=O)cc(N=C=O)c2c1CCC2(C)C,284.359,chemical_e34b1bd2b88ad439,CC(C)(c1ccc(O)c(C2CCCCC2)c1)c1ccc(O)c(C2CCCCC2)c1,392.583,chemical_f25ee56de4366915,O=[N+]([O-])c1cc(CO)ccc1CO,183.163,平衡轮转；非全笛卡尔积,three_components_passed_prototype_gate,未采购未合成；需路线、EHS与供应复核,ledger-007-smipoly-2023;ledger-135-yue-2024-polyuniverse-data;ledger-136-yue-2024-polyuniverse;ledger-137-yue-polyuniverse-code
combo_af8d5446271614e9,polyuniverse_dinco_ad772ec6dd390bb329d7,CC1CC1(N=C=O)C(C)(C)N=C=O,180.207,chemical_5e814be594638bdc,OCCCCCCCCCCCCCCCCO,258.446,chemical_551a139d1b44a292,OC12CC3CC(C1)CC(O)(C3)C2,168.236,平衡轮转；非全笛卡尔积,three_components_passed_prototype_gate,未采购未合成；需路线、EHS与供应复核,ledger-007-smipoly-2023;ledger-135-yue-2024-polyuniverse-data;ledger-136-yue-2024-polyuniverse;ledger-137-yue-polyuniverse-code
combo_afccf4b0fbc18b3d,polyuniverse_dinco_9a439aa6493516a05f38,Cc1ccc(C(C)N=C=O)c(C(C)N=C=O)c1C,244.294,chemical_986d2a218ca14417,OCC(F)(F)C(F)(F)C(F)(F)C(F)(F)C(F)(F)C(F)(F)CO,362.11,chemical_7eec20377145fdb7,CC1(C)C(O)C(C)(C)C1O,144.214,平衡轮转；非全笛卡尔积,three_components_passed_prototype_gate,未采购未合成；需路线、EHS与供应复核,ledger-007-smipoly-2023;ledger-135-yue-2024-polyuniverse-data;ledger-136-yue-2024-polyuniverse;ledger-137-yue-polyuniverse-code
combo_b00f91a33f24f14d,polyuniverse_dinco_236875b2e3fa5e54ba5a,CCC(N=C=O)c1cc(C#N)cc(C(CC)N=C=O)c1,269.304,chemical_0895e6cd5136df6a,OCCOc1ccc(C2(c3ccc(OCCO)cc3)c3ccccc3-c3ccccc32)cc1,438.523,chemical_16bdee252ed11d7a,CC(O)C(C)O,90.122,平衡轮转；非全笛卡尔积,three_components_passed_prototype_gate,未采购未合成；需路线、EHS与供应复核,ledger-007-smipoly-2023;ledger-135-yue-2024-polyuniverse-data;ledger-136-yue-2024-polyuniverse;ledger-137-yue-polyuniverse-code
combo_b00fcc9f02c42ba7,polyuniverse_dinco_c1050e20fc33beb7e09a,CC(CCN=C=O)CC(C)C(C)N=C=O,210.277,chemical_58b2613823466190,CC(C)(C)c1cc(-c2cc(C(C)(C)C)cc(C(C)(C)C)c2O)c(O)c(C(C)(C)C)c1,410.642,chemical_5be20976c2a9d662,Oc1c(F)c(F)c(O)c(F)c1F,182.072,平衡轮转；非全笛卡尔积,three_components_passed_prototype_gate,未采购未合成；需路线、EHS与供应复核,ledger-007-smipoly-2023;ledger-135-yue-2024-polyuniverse-data;ledger-136-yue-2024-polyuniverse;ledger-137-yue-polyuniverse-code
combo_b05064f3f392b8f0,polyuniverse_dinco_ac4be1eff9a2d8a5bde3,CCCc1cc(C(C)C)c(N=C=O)c(CCC)c1N=C=O,286.375,chemical_1f862d0fb910ec42,Oc1ccc(C2(c3ccc(O)cc3)CCCCC2)cc1,268.356,chemical_28a648027cd37607,OCCCCCCCCCO,160.257,平衡轮转；非全笛卡尔积,three_components_passed_prototype_gate,未采购未合成；需路线、EHS与供应复核,ledger-007-smipoly-2023;ledger-135-yue-2024-polyuniverse-data;ledger-136-yue-2024-polyuniverse;ledger-137-yue-polyuniverse-code
combo_b09de001c7d65af0,polyuniverse_dinco_01a65934dd666174775c,O=C=NCCC1CC2CC1C1CCC(CCN=C=O)C21,274.364,chemical_e34b1bd2b88ad439,CC(C)(c1ccc(O)c(C2CCCCC2)c1)c1ccc(O)c(C2CCCCC2)c1,392.583,chemical_f25ee56de4366915,O=[N+]([O-])c1cc(CO)ccc1CO,183.163,平衡轮转；非全笛卡尔积,three_components_passed_prototype_gate,未采购未合成；需路线、EHS与供应复核,ledger-007-smipoly-2023;ledger-135-yue-2024-polyuniverse-data;ledger-136-yue-2024-polyuniverse;ledger-137-yue-polyuniverse-code
combo_b0d8f855cfc63b20,polyuniverse_dinco_e6e130471887a66db2b6,CCOC(N=C=O)(OCC)C(N=C=O)c1ccccc1-c1ccccc1,352.39,chemical_986d2a218ca14417,OCC(F)(F)C(F)(F)C(F)(F)C(F)(F)C(F)(F)C(F)(F)CO,362.11,chemical_2dad29ca9d88607e,OC1CCC(C2CCC(O)CC2)CC1,198.306,平衡轮转；非全笛卡尔积,three_components_passed_prototype_gate,未采购未合成；需路线、EHS与供应复核,ledger-007-smipoly-2023;ledger-135-yue-2024-polyuniverse-data;ledger-136-yue-2024-polyuniverse;ledger-137-yue-polyuniverse-code
combo_b0e79d362e0789b5,polyuniverse_dinco_fd5f159552c1f70f915c,O=C=NCCC(CN(CC(CCN=C=O)([N+](=O)[O-])[N+](=O)[O-])[N+](=O)[O-])([N+](=O)[O-])[N+](=O)[O-],436.25,chemical_5e814be594638bdc,OCCCCCCCCCCCCCCCCO,258.446,chemical_ca5e105838153c99,CCC(CO)CC(CC)CO,160.257,平衡轮转；非全笛卡尔积,three_components_passed_prototype_gate,未采购未合成；需路线、EHS与供应复核,ledger-007-smipoly-2023;ledger-135-yue-2024-polyuniverse-data;ledger-136-yue-2024-polyuniverse;ledger-137-yue-polyuniverse-code
combo_b125c6b8bc8ab198,polyuniverse_dinco_e19769eda682789a354e,O=C=Nc1cccc(COCc2cccc(N=C=O)n2)n1,282.259,chemical_34962dac292231e7,Cc1cc(Cc2cc(C)c(O)c(C)c2)cc(C)c1O,256.345,chemical_75fb481cd45cc100,CCCCC(CC)(CO)CO,160.257,平衡轮转；非全笛卡尔积,three_components_passed_prototype_gate,未采购未合成；需路线、EHS与供应复核,ledger-007-smipoly-2023;ledger-135-yue-2024-polyuniverse-data;ledger-136-yue-2024-polyuniverse;ledger-137-yue-polyuniverse-code
combo_b126fc975bc1e627,polyuniverse_dinco_c24771e4eb3229cc941d,[C-]#[N+]C1(N=C=O)CCC(C)([N+]#[C-])C(N=C=O)C1,230.227,chemical_a04b7de5081dd0a5,CC(C)CC(C)(c1ccc(O)cc1)c1ccc(O)cc1,270.372,chemical_7eec20377145fdb7,CC1(C)C(O)C(C)(C)C1O,144.214,平衡轮转；非全笛卡尔积,three_components_passed_prototype_gate,未采购未合成；需路线、EHS与供应复核,ledger-007-smipoly-2023;ledger-135-yue-2024-polyuniverse-data;ledger-136-yue-2024-polyuniverse;ledger-137-yue-polyuniverse-code
combo_b14f874a49ee50ed,polyuniverse_dinco_e191aa437a5bb122583c,CCC(CC12CCC(C1)C(N=C=O)C2)N=C=O,234.299,chemical_f59a0ec9b5c263ad,CCCCCCCCC(CO)(CO)CCCCCCCC,300.527,chemical_16bdee252ed11d7a,CC(O)C(C)O,90.122,平衡轮转；非全笛卡尔积,three_components_passed_prototype_gate,未采购未合成；需路线、EHS与供应复核,ledger-007-smipoly-2023;ledger-135-yue-2024-polyuniverse-data;ledger-136-yue-2024-polyuniverse;ledger-137-yue-polyuniverse-code
combo_b183491bf3febf04,polyuniverse_dinco_629ef888e16fc71a3a21,CC(CN=C=O)CO[C@@H]1COC2C1OCC2(C)OCC(C)CN=C=O,354.403,chemical_34962dac292231e7,Cc1cc(Cc2cc(C)c(O)c(C)c2)cc(C)c1O,256.345,chemical_28a648027cd37607,OCCCCCCCCCO,160.257,平衡轮转；非全笛卡尔积,three_components_passed_prototype_gate,未采购未合成；需路线、EHS与供应复核,ledger-007-smipoly-2023;ledger-135-yue-2024-polyuniverse-data;ledger-136-yue-2024-polyuniverse;ledger-137-yue-polyuniverse-code
combo_b1c4e43d90009356,polyuniverse_dinco_92d8be6885e141a4524f,Cc1ccc(Cc2ccc(Cl)cc2)c(N=C=O)c1N=C=O,298.729,chemical_ff8d497a35fecaa4,OC(C(F)(F)F)(C(F)(F)F)C(O)(C(F)(F)F)C(F)(F)F,334.056,chemical_72b7ed7d3d268fd7,CC(C)CC(CO)(CO)CC(C)C,188.311,平衡轮转；非全笛卡尔积,three_components_passed_prototype_gate,未采购未合成；需路线、EHS与供应复核,ledger-007-smipoly-2023;ledger-135-yue-2024-polyuniverse-data;ledger-136-yue-2024-polyuniverse;ledger-137-yue-polyuniverse-code
combo_b2094ebbba4b4597,polyuniverse_dinco_9b5b57e40f8c219871cd,O=C=NCCC(O[C@@H]1COC2C1OC[C@H]2OC(CCN=C=O)c1ccco1)c1ccco1,444.44,chemical_e34b1bd2b88ad439,CC(C)(c1ccc(O)c(C2CCCCC2)c1)c1ccc(O)c(C2CCCCC2)c1,392.583,chemical_dd2ebb8c8aeed446,Oc1ccc2c(O)cccc2c1,160.172,平衡轮转；非全笛卡尔积,three_components_passed_prototype_gate,未采购未合成；需路线、EHS与供应复核,ledger-007-smipoly-2023;ledger-135-yue-2024-polyuniverse-data;ledger-136-yue-2024-polyuniverse;ledger-137-yue-polyuniverse-code
combo_b22568ef8b55c9c7,polyuniverse_dinco_4ed51fdb98321223f060,CCCC(CC(C)(CCC)CN=C=O)N=C=O,238.331,chemical_0895e6cd5136df6a,OCCOc1ccc(C2(c3ccc(OCCO)cc3)c3ccccc3-c3ccccc32)cc1,438.523,chemical_28a648027cd37607,OCCCCCCCCCO,160.257,平衡轮转；非全笛卡尔积,three_components_passed_prototype_gate,未采购未合成；需路线、EHS与供应复核,ledger-007-smipoly-2023;ledger-135-yue-2024-polyuniverse-data;ledger-136-yue-2024-polyuniverse;ledger-137-yue-polyuniverse-code
combo_b2364f34dfe5c365,polyuniverse_dinco_1d6acf47e4862fbbcc32,Cc1cc(N=C=O)ncc1N=C=O,175.147,chemical_34962dac292231e7,Cc1cc(Cc2cc(C)c(O)c(C)c2)cc(C)c1O,256.345,chemical_75fb481cd45cc100,CCCCC(CC)(CO)CO,160.257,平衡轮转；非全笛卡尔积,three_components_passed_prototype_gate,未采购未合成；需路线、EHS与供应复核,ledger-007-smipoly-2023;ledger-135-yue-2024-polyuniverse-data;ledger-136-yue-2024-polyuniverse;ledger-137-yue-polyuniverse-code
combo_b28f5151d1661357,polyuniverse_dinco_5869c3b07285b5b309da,CC(C)(CC1CCC(C(C)(C)N=C=O)C1)N=C=O,250.342,chemical_e4aa17432292bb19,Cc1cc2c(cc1O)C(C)(C)CC1(CC(C)(C)c3cc(O)c(C)cc3O1)O2,368.473,chemical_16bdee252ed11d7a,CC(O)C(C)O,90.122,平衡轮转；非全笛卡尔积,three_components_passed_prototype_gate,未采购未合成；需路线、EHS与供应复核,ledger-007-smipoly-2023;ledger-135-yue-2024-polyuniverse-data;ledger-136-yue-2024-polyuniverse;ledger-137-yue-polyuniverse-code
combo_b31de7ad77316db6,polyuniverse_dinco_76731ef629e89287c8f8,CC(C)(CCOCN=C=O)OCCC(C)(C)OCN=C=O,300.355,chemical_694871d5e95b7370,Oc1c(F)c(F)c(-c2c(F)c(F)c(O)c(F)c2F)c(F)c1F,330.13,chemical_dd2ebb8c8aeed446,Oc1ccc2c(O)cccc2c1,160.172,平衡轮转；非全笛卡尔积,three_components_passed_prototype_gate,未采购未合成；需路线、EHS与供应复核,ledger-007-smipoly-2023;ledger-135-yue-2024-polyuniverse-data;ledger-136-yue-2024-polyuniverse;ledger-137-yue-polyuniverse-code
combo_b406f9e12f8f7e6b,polyuniverse_dinco_ddc56fe70a91074540ef,CCCCOC(N=C=O)C(CCCCCCl)N=C=O,288.775,chemical_a2cf8157d0f77432,OC(c1cccc(C(O)(C(F)(F)F)C(F)(F)F)c1)(C(F)(F)F)C(F)(F)F,410.154,chemical_831d24f7368b3f75,Cc1cc(-c2cc(C)c(O)c(C)c2)cc(C)c1O,242.318,平衡轮转；非全笛卡尔积,three_components_passed_prototype_gate,未采购未合成；需路线、EHS与供应复核,ledger-007-smipoly-2023;ledger-135-yue-2024-polyuniverse-data;ledger-136-yue-2024-polyuniverse;ledger-137-yue-polyuniverse-code
combo_b45ab0af692d7d5e,polyuniverse_dinco_57af23a42ae72d943289,CCC1C2(N=C=O)CC3CC(C2)CC1(C12CC4CC(CC(N=C=O)(C4)C1)C2)C3,380.532,chemical_a04b7de5081dd0a5,CC(C)CC(C)(c1ccc(O)cc1)c1ccc(O)cc1,270.372,chemical_831d24f7368b3f75,Cc1cc(-c2cc(C)c(O)c(C)c2)cc(C)c1O,242.318,平衡轮转；非全笛卡尔积,three_components_passed_prototype_gate,未采购未合成；需路线、EHS与供应复核,ledger-007-smipoly-2023;ledger-135-yue-2024-polyuniverse-data;ledger-136-yue-2024-polyuniverse;ledger-137-yue-polyuniverse-code
combo_b4d479d5c404da50,polyuniverse_dinco_1fc69a034afa52f3206d,O=C=Nc1ccc(C23CC4CC5(c6ccc(N=C=O)cc6)CC(C2)C5(C4)C3)cc1,382.463,chemical_694871d5e95b7370,Oc1c(F)c(F)c(-c2c(F)c(F)c(O)c(F)c2F)c(F)c1F,330.13,chemical_dd2ebb8c8aeed446,Oc1ccc2c(O)cccc2c1,160.172,平衡轮转；非全笛卡尔积,three_components_passed_prototype_gate,未采购未合成；需路线、EHS与供应复核,ledger-007-smipoly-2023;ledger-135-yue-2024-polyuniverse-data;ledger-136-yue-2024-polyuniverse;ledger-137-yue-polyuniverse-code
combo_b578682979c6ec5a,polyuniverse_dinco_20ab49a32ae47e829378,Cc1c(C)c(N=C=O)c(C2CCCCC2)c(C)c1N=C=O,284.359,chemical_986d2a218ca14417,OCC(F)(F)C(F)(F)C(F)(F)C(F)(F)C(F)(F)C(F)(F)CO,362.11,chemical_2dad29ca9d88607e,OC1CCC(C2CCC(O)CC2)CC1,198.306,平衡轮转；非全笛卡尔积,three_components_passed_prototype_gate,未采购未合成；需路线、EHS与供应复核,ledger-007-smipoly-2023;ledger-135-yue-2024-polyuniverse-data;ledger-136-yue-2024-polyuniverse;ledger-137-yue-polyuniverse-code
combo_b57922dad1bc8784,polyuniverse_dinco_f93d4f580beca33f9619,O=C=Nc1cc(N=C=O)cc(OCCCCc2ccco2)c1,298.298,chemical_f59a0ec9b5c263ad,CCCCCCCCC(CO)(CO)CCCCCCCC,300.527,chemical_1ace6e6abb3b5be3,Oc1ccc(O)c2c1C1CCC2C1,176.215,平衡轮转；非全笛卡尔积,three_components_passed_prototype_gate,未采购未合成；需路线、EHS与供应复核,ledger-007-smipoly-2023;ledger-135-yue-2024-polyuniverse-data;ledger-136-yue-2024-polyuniverse;ledger-137-yue-polyuniverse-code
combo_b5be05d1b9c7377c,polyuniverse_dinco_a759abc4f1e86d39deed,CC1CC(C)CC(CC2CC(C)C(N=C=O)C(C)(N=C=O)C2)C1,318.461,chemical_6364c045bd73da83,Oc1cccc(Oc2ccc(Oc3cccc(O)c3)cc2)c1,294.306,chemical_f25ee56de4366915,O=[N+]([O-])c1cc(CO)ccc1CO,183.163,平衡轮转；非全笛卡尔积,three_components_passed_prototype_gate,未采购未合成；需路线、EHS与供应复核,ledger-007-smipoly-2023;ledger-135-yue-2024-polyuniverse-data;ledger-136-yue-2024-polyuniverse;ledger-137-yue-polyuniverse-code
combo_b5e35d7cb75aa788,polyuniverse_dinco_ff2f153939a86421b3aa,O=C=NCC1CN2CC1CC2CN=C=O,207.233,chemical_e34b1bd2b88ad439,CC(C)(c1ccc(O)c(C2CCCCC2)c1)c1ccc(O)c(C2CCCCC2)c1,392.583,chemical_5be20976c2a9d662,Oc1c(F)c(F)c(O)c(F)c1F,182.072,平衡轮转；非全笛卡尔积,three_components_passed_prototype_gate,未采购未合成；需路线、EHS与供应复核,ledger-007-smipoly-2023;ledger-135-yue-2024-polyuniverse-data;ledger-136-yue-2024-polyuniverse;ledger-137-yue-polyuniverse-code
combo_b625059066e538a1,polyuniverse_dinco_ab4efb95ee1f94419689,Cc1cc2c(c(C)c1N=C=O)C(C)(C)CC21CC(C)(C)c2cc(C)c(N=C=O)c(C)c21,414.549,chemical_ff8d497a35fecaa4,OC(C(F)(F)F)(C(F)(F)F)C(O)(C(F)(F)F)C(F)(F)F,334.056,chemical_72b7ed7d3d268fd7,CC(C)CC(CO)(CO)CC(C)C,188.311,平衡轮转；非全笛卡尔积,three_components_passed_prototype_gate,未采购未合成；需路线、EHS与供应复核,ledger-007-smipoly-2023;ledger-135-yue-2024-polyuniverse-data;ledger-136-yue-2024-polyuniverse;ledger-137-yue-polyuniverse-code
combo_b64459d1f81e1a40,polyuniverse_dinco_a5809ed0bb50011d11e7,CC(C)c1ncc(F)c(C(C)CC2Cc3c(nc4c(c3N=C=O)CCC4)C2C)c1N=C=O,434.515,chemical_34962dac292231e7,Cc1cc(Cc2cc(C)c(O)c(C)c2)cc(C)c1O,256.345,chemical_75fb481cd45cc100,CCCCC(CC)(CO)CO,160.257,平衡轮转；非全笛卡尔积,three_components_passed_prototype_gate,未采购未合成；需路线、EHS与供应复核,ledger-007-smipoly-2023;ledger-135-yue-2024-polyuniverse-data;ledger-136-yue-2024-polyuniverse;ledger-137-yue-polyuniverse-code
combo_b656f87f4d643353,polyuniverse_dinco_236875b2e3fa5e54ba5a,CCC(N=C=O)c1cc(C#N)cc(C(CC)N=C=O)c1,269.304,chemical_34962dac292231e7,Cc1cc(Cc2cc(C)c(O)c(C)c2)cc(C)c1O,256.345,chemical_2a0d22152800ae85,Oc1ccc(Oc2ccc(O)cc2)cc1,202.209,平衡轮转；非全笛卡尔积,three_components_passed_prototype_gate,未采购未合成；需路线、EHS与供应复核,ledger-007-smipoly-2023;ledger-135-yue-2024-polyuniverse-data;ledger-136-yue-2024-polyuniverse;ledger-137-yue-polyuniverse-code
combo_b69ecdb15910a8fd,polyuniverse_dinco_57af23a42ae72d943289,CCC1C2(N=C=O)CC3CC(C2)CC1(C12CC4CC(CC(N=C=O)(C4)C1)C2)C3,380.532,chemical_986d2a218ca14417,OCC(F)(F)C(F)(F)C(F)(F)C(F)(F)C(F)(F)C(F)(F)CO,362.11,chemical_75fb481cd45cc100,CCCCC(CC)(CO)CO,160.257,平衡轮转；非全笛卡尔积,three_components_passed_prototype_gate,未采购未合成；需路线、EHS与供应复核,ledger-007-smipoly-2023;ledger-135-yue-2024-polyuniverse-data;ledger-136-yue-2024-polyuniverse;ledger-137-yue-polyuniverse-code
combo_b7a3ac4cf383d228,polyuniverse_dinco_00fa3f3b14ce15566695,CCCCC(C)(N=C=O)C(C)(C)N=C=O,210.277,chemical_694871d5e95b7370,Oc1c(F)c(F)c(-c2c(F)c(F)c(O)c(F)c2F)c(F)c1F,330.13,chemical_63c6eb608324eca7,OCC1CC2C3CC(CO)C(C3)C2C1,196.29,平衡轮转；非全笛卡尔积,three_components_passed_prototype_gate,未采购未合成；需路线、EHS与供应复核,ledger-007-smipoly-2023;ledger-135-yue-2024-polyuniverse-data;ledger-136-yue-2024-polyuniverse;ledger-137-yue-polyuniverse-code
combo_b7e3daadd51a5595,polyuniverse_dinco_8a880932a5a3f4f0ae1c,CC1CC(N=C=O)CCC1C1CC(C)(C)C(N=C=O)CC1C,304.434,chemical_5e814be594638bdc,OCCCCCCCCCCCCCCCCO,258.446,chemical_ca5e105838153c99,CCC(CO)CC(CC)CO,160.257,平衡轮转；非全笛卡尔积,three_components_passed_prototype_gate,未采购未合成；需路线、EHS与供应复核,ledger-007-smipoly-2023;ledger-135-yue-2024-polyuniverse-data;ledger-136-yue-2024-polyuniverse;ledger-137-yue-polyuniverse-code
combo_b7eeab332ac0a30b,polyuniverse_dinco_24471fc1c458b69a01cd,O=C=NC1CC(N=C=O)C2CCCc3cccc1c32,254.289,chemical_58b2613823466190,CC(C)(C)c1cc(-c2cc(C(C)(C)C)cc(C(C)(C)C)c2O)c(O)c(C(C)(C)C)c1,410.642,chemical_551a139d1b44a292,OC12CC3CC(C1)CC(O)(C3)C2,168.236,平衡轮转；非全笛卡尔积,three_components_passed_prototype_gate,未采购未合成；需路线、EHS与供应复核,ledger-007-smipoly-2023;ledger-135-yue-2024-polyuniverse-data;ledger-136-yue-2024-polyuniverse;ledger-137-yue-polyuniverse-code
combo_b87053f006ec96fe,polyuniverse_dinco_f52819a239fd8e98087e,O=C=Nc1ccc2ccc(N=C=O)c([N+](=O)[O-])c2c1[N+](=O)[O-],300.186,chemical_986d2a218ca14417,OCC(F)(F)C(F)(F)C(F)(F)C(F)(F)C(F)(F)C(F)(F)CO,362.11,chemical_79b196ca779aae4e,OCc1ccccc1CO,138.166,平衡轮转；非全笛卡尔积,three_components_passed_prototype_gate,未采购未合成；需路线、EHS与供应复核,ledger-007-smipoly-2023;ledger-135-yue-2024-polyuniverse-data;ledger-136-yue-2024-polyuniverse;ledger-137-yue-polyuniverse-code
combo_b88dae89529b8389,polyuniverse_dinco_854f6f15dafaadb28034,O=C=Nc1ccc2c([nH]c3ccccc32)c1N=C=O,249.229,chemical_1f862d0fb910ec42,Oc1ccc(C2(c3ccc(O)cc3)CCCCC2)cc1,268.356,chemical_72b7ed7d3d268fd7,CC(C)CC(CO)(CO)CC(C)C,188.311,平衡轮转；非全笛卡尔积,three_components_passed_prototype_gate,未采购未合成；需路线、EHS与供应复核,ledger-007-smipoly-2023;ledger-135-yue-2024-polyuniverse-data;ledger-136-yue-2024-polyuniverse;ledger-137-yue-polyuniverse-code
combo_b91b8a24ea23e52a,polyuniverse_dinco_5a1f42c9bc88019aa254,O=C=NC1C(F)C(F)C(F)C(F)C1N=C=O,238.14,chemical_0895e6cd5136df6a,OCCOc1ccc(C2(c3ccc(OCCO)cc3)c3ccccc3-c3ccccc32)cc1,438.523,chemical_706c38f2fda91d2c,CCC(C)(c1ccc(O)cc1)c1ccc(O)cc1,242.318,平衡轮转；非全笛卡尔积,three_components_passed_prototype_gate,未采购未合成；需路线、EHS与供应复核,ledger-007-smipoly-2023;ledger-135-yue-2024-polyuniverse-data;ledger-136-yue-2024-polyuniverse;ledger-137-yue-polyuniverse-code
combo_b9217a1a123cd44d,polyuniverse_dinco_d9e0e5b183928d0c3023,CC(C)(N=C=O)c1ccc2c(C(C)(C)N=C=O)cccc2c1,294.354,chemical_58b2613823466190,CC(C)(C)c1cc(-c2cc(C(C)(C)C)cc(C(C)(C)C)c2O)c(O)c(C(C)(C)C)c1,410.642,chemical_5be20976c2a9d662,Oc1c(F)c(F)c(O)c(F)c1F,182.072,平衡轮转；非全笛卡尔积,three_components_passed_prototype_gate,未采购未合成；需路线、EHS与供应复核,ledger-007-smipoly-2023;ledger-135-yue-2024-polyuniverse-data;ledger-136-yue-2024-polyuniverse;ledger-137-yue-polyuniverse-code
combo_b94359956d526cf2,polyuniverse_dinco_854f6f15dafaadb28034,O=C=Nc1ccc2c([nH]c3ccccc32)c1N=C=O,249.229,chemical_1f862d0fb910ec42,Oc1ccc(C2(c3ccc(O)cc3)CCCCC2)cc1,268.356,chemical_79b196ca779aae4e,OCc1ccccc1CO,138.166,平衡轮转；非全笛卡尔积,three_components_passed_prototype_gate,未采购未合成；需路线、EHS与供应复核,ledger-007-smipoly-2023;ledger-135-yue-2024-polyuniverse-data;ledger-136-yue-2024-polyuniverse;ledger-137-yue-polyuniverse-code
combo_b96f66be5fb0e000,polyuniverse_dinco_8a880932a5a3f4f0ae1c,CC1CC(N=C=O)CCC1C1CC(C)(C)C(N=C=O)CC1C,304.434,chemical_6364c045bd73da83,Oc1cccc(Oc2ccc(Oc3cccc(O)c3)cc2)c1,294.306,chemical_dd2ebb8c8aeed446,Oc1ccc2c(O)cccc2c1,160.172,平衡轮转；非全笛卡尔积,three_components_passed_prototype_gate,未采购未合成；需路线、EHS与供应复核,ledger-007-smipoly-2023;ledger-135-yue-2024-polyuniverse-data;ledger-136-yue-2024-polyuniverse;ledger-137-yue-polyuniverse-code
combo_b9d2aacd1d0ac650,polyuniverse_dinco_57af23a42ae72d943289,CCC1C2(N=C=O)CC3CC(C2)CC1(C12CC4CC(CC(N=C=O)(C4)C1)C2)C3,380.532,chemical_b94fa835d3f1bdb8,CC(C)(CO)C1OCC2(CO1)COC(C(C)(C)CO)OC2,304.383,chemical_831d24f7368b3f75,Cc1cc(-c2cc(C)c(O)c(C)c2)cc(C)c1O,242.318,平衡轮转；非全笛卡尔积,three_components_passed_prototype_gate,未采购未合成；需路线、EHS与供应复核,ledger-007-smipoly-2023;ledger-135-yue-2024-polyuniverse-data;ledger-136-yue-2024-polyuniverse;ledger-137-yue-polyuniverse-code
combo_ba3f9a03a312682f,polyuniverse_dinco_5a1f42c9bc88019aa254,O=C=NC1C(F)C(F)C(F)C(F)C1N=C=O,238.14,chemical_1f862d0fb910ec42,Oc1ccc(C2(c3ccc(O)cc3)CCCCC2)cc1,268.356,chemical_72b7ed7d3d268fd7,CC(C)CC(CO)(CO)CC(C)C,188.311,平衡轮转；非全笛卡尔积,three_components_passed_prototype_gate,未采购未合成；需路线、EHS与供应复核,ledger-007-smipoly-2023;ledger-135-yue-2024-polyuniverse-data;ledger-136-yue-2024-polyuniverse;ledger-137-yue-polyuniverse-code
combo_baa8f0ed6a737404,polyuniverse_dinco_1521a8e0db18b3ee10fa,CCCCC1(CC)C(N=C=O)C(CC)(CCCC)C1N=C=O,306.45,chemical_e34b1bd2b88ad439,CC(C)(c1ccc(O)c(C2CCCCC2)c1)c1ccc(O)c(C2CCCCC2)c1,392.583,chemical_dd2ebb8c8aeed446,Oc1ccc2c(O)cccc2c1,160.172,平衡轮转；非全笛卡尔积,three_components_passed_prototype_gate,未采购未合成；需路线、EHS与供应复核,ledger-007-smipoly-2023;ledger-135-yue-2024-polyuniverse-data;ledger-136-yue-2024-polyuniverse;ledger-137-yue-polyuniverse-code
combo_bb05b2ebc19733a2,polyuniverse_dinco_81e1e90ea24f1e711a99,CC(N=C=O)C1(C)CC(N=C=O)CC(C)(C)C1,236.315,chemical_a04b7de5081dd0a5,CC(C)CC(C)(c1ccc(O)cc1)c1ccc(O)cc1,270.372,chemical_79b196ca779aae4e,OCc1ccccc1CO,138.166,平衡轮转；非全笛卡尔积,three_components_passed_prototype_gate,未采购未合成；需路线、EHS与供应复核,ledger-007-smipoly-2023;ledger-135-yue-2024-polyuniverse-data;ledger-136-yue-2024-polyuniverse;ledger-137-yue-polyuniverse-code
combo_bb1b64a9f5ffbf0e,polyuniverse_dinco_4acdebf340e0856a52df,CC(C)(C)c1cc(N=C=O)c2c(c1)C(C)(C)c1cc(C(C)(C)C)cc(N=C=O)c1O2,404.51,chemical_6364c045bd73da83,Oc1cccc(Oc2ccc(Oc3cccc(O)c3)cc2)c1,294.306,chemical_f25ee56de4366915,O=[N+]([O-])c1cc(CO)ccc1CO,183.163,平衡轮转；非全笛卡尔积,three_components_passed_prototype_gate,未采购未合成；需路线、EHS与供应复核,ledger-007-smipoly-2023;ledger-135-yue-2024-polyuniverse-data;ledger-136-yue-2024-polyuniverse;ledger-137-yue-polyuniverse-code
combo_bb6bf7be718f52ce,polyuniverse_dinco_fd5f159552c1f70f915c,O=C=NCCC(CN(CC(CCN=C=O)([N+](=O)[O-])[N+](=O)[O-])[N+](=O)[O-])([N+](=O)[O-])[N+](=O)[O-],436.25,chemical_694871d5e95b7370,Oc1c(F)c(F)c(-c2c(F)c(F)c(O)c(F)c2F)c(F)c1F,330.13,chemical_dd2ebb8c8aeed446,Oc1ccc2c(O)cccc2c1,160.172,平衡轮转；非全笛卡尔积,three_components_passed_prototype_gate,未采购未合成；需路线、EHS与供应复核,ledger-007-smipoly-2023;ledger-135-yue-2024-polyuniverse-data;ledger-136-yue-2024-polyuniverse;ledger-137-yue-polyuniverse-code
combo_bb8f576fb9e84b7c,polyuniverse_dinco_e77d8b8eb2abaed0faff,O=C=NC1CCC(N(c2ccccc2)C2CCC(N=C=O)CC2)CC1,339.439,chemical_ff8d497a35fecaa4,OC(C(F)(F)F)(C(F)(F)F)C(O)(C(F)(F)F)C(F)(F)F,334.056,chemical_75fb481cd45cc100,CCCCC(CC)(CO)CO,160.257,平衡轮转；非全笛卡尔积,three_components_passed_prototype_gate,未采购未合成；需路线、EHS与供应复核,ledger-007-smipoly-2023;ledger-135-yue-2024-polyuniverse-data;ledger-136-yue-2024-polyuniverse;ledger-137-yue-polyuniverse-code
combo_bbc2c77c8ae194af,polyuniverse_dinco_4716b4743a5baa106de3,O=C=Nc1cc2cccc(N=C=O)c2nc1-c1cccc(OC(F)(F)F)c1,371.274,chemical_986d2a218ca14417,OCC(F)(F)C(F)(F)C(F)(F)C(F)(F)C(F)(F)C(F)(F)CO,362.11,chemical_7eec20377145fdb7,CC1(C)C(O)C(C)(C)C1O,144.214,平衡轮转；非全笛卡尔积,three_components_passed_prototype_gate,未采购未合成；需路线、EHS与供应复核,ledger-007-smipoly-2023;ledger-135-yue-2024-polyuniverse-data;ledger-136-yue-2024-polyuniverse;ledger-137-yue-polyuniverse-code
combo_bbecd632045596c9,polyuniverse_dinco_9433642f6ab558269707,O=C=NC1CCOC1N=C=O,154.125,chemical_3a566be4d64035e3,Oc1ccc(-c2ccc(O)c(Br)c2)cc1Br,344.002,chemical_2dad29ca9d88607e,OC1CCC(C2CCC(O)CC2)CC1,198.306,平衡轮转；非全笛卡尔积,three_components_passed_prototype_gate,未采购未合成；需路线、EHS与供应复核,ledger-007-smipoly-2023;ledger-135-yue-2024-polyuniverse-data;ledger-136-yue-2024-polyuniverse;ledger-137-yue-polyuniverse-code
combo_bbf923f86f0275b5,polyuniverse_dinco_01a65934dd666174775c,O=C=NCCC1CC2CC1C1CCC(CCN=C=O)C21,274.364,chemical_f59a0ec9b5c263ad,CCCCCCCCC(CO)(CO)CCCCCCCC,300.527,chemical_f25ee56de4366915,O=[N+]([O-])c1cc(CO)ccc1CO,183.163,平衡轮转；非全笛卡尔积,three_components_passed_prototype_gate,未采购未合成；需路线、EHS与供应复核,ledger-007-smipoly-2023;ledger-135-yue-2024-polyuniverse-data;ledger-136-yue-2024-polyuniverse;ledger-137-yue-polyuniverse-code
combo_bc3427839764138b,polyuniverse_dinco_ba183439d0e722cfbeb8,O=C=Nc1ccc(C(c2ccc(N=C=O)cc2)n2ccnc2)cc1,316.32,chemical_5e814be594638bdc,OCCCCCCCCCCCCCCCCO,258.446,chemical_dd2ebb8c8aeed446,Oc1ccc2c(O)cccc2c1,160.172,平衡轮转；非全笛卡尔积,three_components_passed_prototype_gate,未采购未合成；需路线、EHS与供应复核,ledger-007-smipoly-2023;ledger-135-yue-2024-polyuniverse-data;ledger-136-yue-2024-polyuniverse;ledger-137-yue-polyuniverse-code
combo_bc7ff2585d1eb8f4,polyuniverse_dinco_0dbe9dd7636a5bdeaa0b,CC1(N=C=O)Cc2c3ccc1c2C(C)(N=C=O)C3,240.262,chemical_a04b7de5081dd0a5,CC(C)CC(C)(c1ccc(O)cc1)c1ccc(O)cc1,270.372,chemical_831d24f7368b3f75,Cc1cc(-c2cc(C)c(O)c(C)c2)cc(C)c1O,242.318,平衡轮转；非全笛卡尔积,three_components_passed_prototype_gate,未采购未合成；需路线、EHS与供应复核,ledger-007-smipoly-2023;ledger-135-yue-2024-polyuniverse-data;ledger-136-yue-2024-polyuniverse;ledger-137-yue-polyuniverse-code
combo_bc8646d928717e1a,polyuniverse_dinco_4acdebf340e0856a52df,CC(C)(C)c1cc(N=C=O)c2c(c1)C(C)(C)c1cc(C(C)(C)C)cc(N=C=O)c1O2,404.51,chemical_6364c045bd73da83,Oc1cccc(Oc2ccc(Oc3cccc(O)c3)cc2)c1,294.306,chemical_dd2ebb8c8aeed446,Oc1ccc2c(O)cccc2c1,160.172,平衡轮转；非全笛卡尔积,three_components_passed_prototype_gate,未采购未合成；需路线、EHS与供应复核,ledger-007-smipoly-2023;ledger-135-yue-2024-polyuniverse-data;ledger-136-yue-2024-polyuniverse;ledger-137-yue-polyuniverse-code
combo_bc9f745f7d2e714b,polyuniverse_dinco_b942aa905763bb430945,CCCC1(CC(C)N=C=O)CCC(C)(C(C)(C)CC(C)(C)N=C=O)C1,348.531,chemical_34962dac292231e7,Cc1cc(Cc2cc(C)c(O)c(C)c2)cc(C)c1O,256.345,chemical_75fb481cd45cc100,CCCCC(CC)(CO)CO,160.257,平衡轮转；非全笛卡尔积,three_components_passed_prototype_gate,未采购未合成；需路线、EHS与供应复核,ledger-007-smipoly-2023;ledger-135-yue-2024-polyuniverse-data;ledger-136-yue-2024-polyuniverse;ledger-137-yue-polyuniverse-code
combo_bccf8e5c128a1796,polyuniverse_dinco_c716de5f027f8966961c,O=C=Nc1ccc(-c2cccc3c2C(c2ccc(N=C=O)cc2)c2ccccc2-3)cc1,400.437,chemical_e34b1bd2b88ad439,CC(C)(c1ccc(O)c(C2CCCCC2)c1)c1ccc(O)c(C2CCCCC2)c1,392.583,chemical_ca5e105838153c99,CCC(CO)CC(CC)CO,160.257,平衡轮转；非全笛卡尔积,three_components_passed_prototype_gate,未采购未合成；需路线、EHS与供应复核,ledger-007-smipoly-2023;ledger-135-yue-2024-polyuniverse-data;ledger-136-yue-2024-polyuniverse;ledger-137-yue-polyuniverse-code
combo_bd22b49dd0ae63ef,polyuniverse_dinco_e19769eda682789a354e,O=C=Nc1cccc(COCc2cccc(N=C=O)n2)n1,282.259,chemical_1f862d0fb910ec42,Oc1ccc(C2(c3ccc(O)cc3)CCCCC2)cc1,268.356,chemical_72b7ed7d3d268fd7,CC(C)CC(CO)(CO)CC(C)C,188.311,平衡轮转；非全笛卡尔积,three_components_passed_prototype_gate,未采购未合成；需路线、EHS与供应复核,ledger-007-smipoly-2023;ledger-135-yue-2024-polyuniverse-data;ledger-136-yue-2024-polyuniverse;ledger-137-yue-polyuniverse-code
combo_bd50b7106d293dbc,polyuniverse_dinco_b3615f63610ee99adc3f,CCC(C)c1c(N=C=O)cc(N=C=O)c2c1CCC2(C)C,284.359,chemical_f59a0ec9b5c263ad,CCCCCCCCC(CO)(CO)CCCCCCCC,300.527,chemical_1ace6e6abb3b5be3,Oc1ccc(O)c2c1C1CCC2C1,176.215,平衡轮转；非全笛卡尔积,three_components_passed_prototype_gate,未采购未合成；需路线、EHS与供应复核,ledger-007-smipoly-2023;ledger-135-yue-2024-polyuniverse-data;ledger-136-yue-2024-polyuniverse;ledger-137-yue-polyuniverse-code
combo_bd607193192217fd,polyuniverse_dinco_a78553c2197b427a0d60,CC(N=C=O)OC1CC2CCC1(OC(C)N=C=O)CC2,280.324,chemical_b94fa835d3f1bdb8,CC(C)(CO)C1OCC2(CO1)COC(C(C)(C)CO)OC2,304.383,chemical_3635aefc1005d8ad,CC(C)(O)CCC(C)(C)O,146.23,平衡轮转；非全笛卡尔积,three_components_passed_prototype_gate,未采购未合成；需路线、EHS与供应复核,ledger-007-smipoly-2023;ledger-135-yue-2024-polyuniverse-data;ledger-136-yue-2024-polyuniverse;ledger-137-yue-polyuniverse-code
combo_be5db73223c26066,polyuniverse_dinco_2337b9bdfd4a7449f5ba,Cc1ccc(-n2nc(C(C)(C)C)c(N=C=O)c2N=C=O)cc1,296.33,chemical_e34b1bd2b88ad439,CC(C)(c1ccc(O)c(C2CCCCC2)c1)c1ccc(O)c(C2CCCCC2)c1,392.583,chemical_63c6eb608324eca7,OCC1CC2C3CC(CO)C(C3)C2C1,196.29,平衡轮转；非全笛卡尔积,three_components_passed_prototype_gate,未采购未合成；需路线、EHS与供应复核,ledger-007-smipoly-2023;ledger-135-yue-2024-polyuniverse-data;ledger-136-yue-2024-polyuniverse;ledger-137-yue-polyuniverse-code
combo_beda22993eef6b41,polyuniverse_dinco_ba183439d0e722cfbeb8,O=C=Nc1ccc(C(c2ccc(N=C=O)cc2)n2ccnc2)cc1,316.32,chemical_58b2613823466190,CC(C)(C)c1cc(-c2cc(C(C)(C)C)cc(C(C)(C)C)c2O)c(O)c(C(C)(C)C)c1,410.642,chemical_bacbda6c95c1bb67,Cc1ccc(O)c(Cc2cc(C)ccc2O)c1,228.291,平衡轮转；非全笛卡尔积,three_components_passed_prototype_gate,未采购未合成；需路线、EHS与供应复核,ledger-007-smipoly-2023;ledger-135-yue-2024-polyuniverse-data;ledger-136-yue-2024-polyuniverse;ledger-137-yue-polyuniverse-code
combo_bee071af80077f43,polyuniverse_dinco_0dbe9dd7636a5bdeaa0b,CC1(N=C=O)Cc2c3ccc1c2C(C)(N=C=O)C3,240.262,chemical_a2cf8157d0f77432,OC(c1cccc(C(O)(C(F)(F)F)C(F)(F)F)c1)(C(F)(F)F)C(F)(F)F,410.154,chemical_9a89f0adbd70529b,OCC(F)(F)C(F)(F)C(F)(F)CO,212.089,平衡轮转；非全笛卡尔积,three_components_passed_prototype_gate,未采购未合成；需路线、EHS与供应复核,ledger-007-smipoly-2023;ledger-135-yue-2024-polyuniverse-data;ledger-136-yue-2024-polyuniverse;ledger-137-yue-polyuniverse-code
combo_beec4333dbc0a7fb,polyuniverse_dinco_d51030c05f20bb2a75df,O=C=NC(C1CCCCC1)C(N=C=O)C1CCCCC1,276.38,chemical_58b2613823466190,CC(C)(C)c1cc(-c2cc(C(C)(C)C)cc(C(C)(C)C)c2O)c(O)c(C(C)(C)C)c1,410.642,chemical_c68025b85cef6d56,OCC(CO)OCc1ccccc1,182.219,平衡轮转；非全笛卡尔积,three_components_passed_prototype_gate,未采购未合成；需路线、EHS与供应复核,ledger-007-smipoly-2023;ledger-135-yue-2024-polyuniverse-data;ledger-136-yue-2024-polyuniverse;ledger-137-yue-polyuniverse-code
combo_bf4c4a5d85edf5a3,polyuniverse_dinco_d5c6102d385810c8a633,CC1CC(C(C)(C)C)C(N=C=O)CC1N=C=O,236.315,chemical_a04b7de5081dd0a5,CC(C)CC(C)(c1ccc(O)cc1)c1ccc(O)cc1,270.372,chemical_2dad29ca9d88607e,OC1CCC(C2CCC(O)CC2)CC1,198.306,平衡轮转；非全笛卡尔积,three_components_passed_prototype_gate,未采购未合成；需路线、EHS与供应复核,ledger-007-smipoly-2023;ledger-135-yue-2024-polyuniverse-data;ledger-136-yue-2024-polyuniverse;ledger-137-yue-polyuniverse-code
combo_bf668cbd19fccb1d,polyuniverse_dinco_d9e0e5b183928d0c3023,CC(C)(N=C=O)c1ccc2c(C(C)(C)N=C=O)cccc2c1,294.354,chemical_694871d5e95b7370,Oc1c(F)c(F)c(-c2c(F)c(F)c(O)c(F)c2F)c(F)c1F,330.13,chemical_706c38f2fda91d2c,CCC(C)(c1ccc(O)cc1)c1ccc(O)cc1,242.318,平衡轮转；非全笛卡尔积,three_components_passed_prototype_gate,未采购未合成；需路线、EHS与供应复核,ledger-007-smipoly-2023;ledger-135-yue-2024-polyuniverse-data;ledger-136-yue-2024-polyuniverse;ledger-137-yue-polyuniverse-code
combo_bf6f5d0ed04942f6,polyuniverse_dinco_ac4be1eff9a2d8a5bde3,CCCc1cc(C(C)C)c(N=C=O)c(CCC)c1N=C=O,286.375,chemical_1f862d0fb910ec42,Oc1ccc(C2(c3ccc(O)cc3)CCCCC2)cc1,268.356,chemical_2a0d22152800ae85,Oc1ccc(Oc2ccc(O)cc2)cc1,202.209,平衡轮转；非全笛卡尔积,three_components_passed_prototype_gate,未采购未合成；需路线、EHS与供应复核,ledger-007-smipoly-2023;ledger-135-yue-2024-polyuniverse-data;ledger-136-yue-2024-polyuniverse;ledger-137-yue-polyuniverse-code
combo_bf9506c6d5cf670b,polyuniverse_dinco_24471fc1c458b69a01cd,O=C=NC1CC(N=C=O)C2CCCc3cccc1c32,254.289,chemical_6364c045bd73da83,Oc1cccc(Oc2ccc(Oc3cccc(O)c3)cc2)c1,294.306,chemical_63c6eb608324eca7,OCC1CC2C3CC(CO)C(C3)C2C1,196.29,平衡轮转；非全笛卡尔积,three_components_passed_prototype_gate,未采购未合成；需路线、EHS与供应复核,ledger-007-smipoly-2023;ledger-135-yue-2024-polyuniverse-data;ledger-136-yue-2024-polyuniverse;ledger-137-yue-polyuniverse-code
combo_bfed9c3a94771688,polyuniverse_dinco_a759abc4f1e86d39deed,CC1CC(C)CC(CC2CC(C)C(N=C=O)C(C)(N=C=O)C2)C1,318.461,chemical_694871d5e95b7370,Oc1c(F)c(F)c(-c2c(F)c(F)c(O)c(F)c2F)c(F)c1F,330.13,chemical_16bdee252ed11d7a,CC(O)C(C)O,90.122,平衡轮转；非全笛卡尔积,three_components_passed_prototype_gate,未采购未合成；需路线、EHS与供应复核,ledger-007-smipoly-2023;ledger-135-yue-2024-polyuniverse-data;ledger-136-yue-2024-polyuniverse;ledger-137-yue-polyuniverse-code
combo_c0183aeaf66338b1,polyuniverse_dinco_629ef888e16fc71a3a21,CC(CN=C=O)CO[C@@H]1COC2C1OCC2(C)OCC(C)CN=C=O,354.403,chemical_34962dac292231e7,Cc1cc(Cc2cc(C)c(O)c(C)c2)cc(C)c1O,256.345,chemical_2dad29ca9d88607e,OC1CCC(C2CCC(O)CC2)CC1,198.306,平衡轮转；非全笛卡尔积,three_components_passed_prototype_gate,未采购未合成；需路线、EHS与供应复核,ledger-007-smipoly-2023;ledger-135-yue-2024-polyuniverse-data;ledger-136-yue-2024-polyuniverse;ledger-137-yue-polyuniverse-code
combo_c0318037328c85bd,polyuniverse_dinco_1d6acf47e4862fbbcc32,Cc1cc(N=C=O)ncc1N=C=O,175.147,chemical_34962dac292231e7,Cc1cc(Cc2cc(C)c(O)c(C)c2)cc(C)c1O,256.345,chemical_7eec20377145fdb7,CC1(C)C(O)C(C)(C)C1O,144.214,平衡轮转；非全笛卡尔积,three_components_passed_prototype_gate,未采购未合成；需路线、EHS与供应复核,ledger-007-smipoly-2023;ledger-135-yue-2024-polyuniverse-data;ledger-136-yue-2024-polyuniverse;ledger-137-yue-polyuniverse-code
combo_c0320a4a434ab61f,polyuniverse_dinco_26cead9b352cec30e97f,CCC(CN=C=O)C1CCCC(N=C=O)C1,222.288,chemical_a04b7de5081dd0a5,CC(C)CC(C)(c1ccc(O)cc1)c1ccc(O)cc1,270.372,chemical_7eec20377145fdb7,CC1(C)C(O)C(C)(C)C1O,144.214,平衡轮转；非全笛卡尔积,three_components_passed_prototype_gate,未采购未合成；需路线、EHS与供应复核,ledger-007-smipoly-2023;ledger-135-yue-2024-polyuniverse-data;ledger-136-yue-2024-polyuniverse;ledger-137-yue-polyuniverse-code
combo_c07d35a37ab6724f,polyuniverse_dinco_6037461e6c665445a257,CCCC1(CN=C=O)CC(C)CC1CN=C=O,236.315,chemical_58b2613823466190,CC(C)(C)c1cc(-c2cc(C(C)(C)C)cc(C(C)(C)C)c2O)c(O)c(C(C)(C)C)c1,410.642,chemical_c68025b85cef6d56,OCC(CO)OCc1ccccc1,182.219,平衡轮转；非全笛卡尔积,three_components_passed_prototype_gate,未采购未合成；需路线、EHS与供应复核,ledger-007-smipoly-2023;ledger-135-yue-2024-polyuniverse-data;ledger-136-yue-2024-polyuniverse;ledger-137-yue-polyuniverse-code
combo_c0891ab8e28e6df5,polyuniverse_dinco_9a439aa6493516a05f38,Cc1ccc(C(C)N=C=O)c(C(C)N=C=O)c1C,244.294,chemical_b94fa835d3f1bdb8,CC(C)(CO)C1OCC2(CO1)COC(C(C)(C)CO)OC2,304.383,chemical_bacbda6c95c1bb67,Cc1ccc(O)c(Cc2cc(C)ccc2O)c1,228.291,平衡轮转；非全笛卡尔积,three_components_passed_prototype_gate,未采购未合成；需路线、EHS与供应复核,ledger-007-smipoly-2023;ledger-135-yue-2024-polyuniverse-data;ledger-136-yue-2024-polyuniverse;ledger-137-yue-polyuniverse-code
combo_c10de78d7c52434d,polyuniverse_dinco_4ed51fdb98321223f060,CCCC(CC(C)(CCC)CN=C=O)N=C=O,238.331,chemical_34962dac292231e7,Cc1cc(Cc2cc(C)c(O)c(C)c2)cc(C)c1O,256.345,chemical_2a0d22152800ae85,Oc1ccc(Oc2ccc(O)cc2)cc1,202.209,平衡轮转；非全笛卡尔积,three_components_passed_prototype_gate,未采购未合成；需路线、EHS与供应复核,ledger-007-smipoly-2023;ledger-135-yue-2024-polyuniverse-data;ledger-136-yue-2024-polyuniverse;ledger-137-yue-polyuniverse-code
combo_c12a99de9f9d0de3,polyuniverse_dinco_bd1652fdf1dacee4093c,O=C=NCCC12CCC(C1)C1CCCC12CCN=C=O,274.364,chemical_b94fa835d3f1bdb8,CC(C)(CO)C1OCC2(CO1)COC(C(C)(C)CO)OC2,304.383,chemical_534466643d7ae4c0,Oc1ccccc1Oc1ccccc1O,202.209,平衡轮转；非全笛卡尔积,three_components_passed_prototype_gate,未采购未合成；需路线、EHS与供应复核,ledger-007-smipoly-2023;ledger-135-yue-2024-polyuniverse-data;ledger-136-yue-2024-polyuniverse;ledger-137-yue-polyuniverse-code
combo_c1a1aae5389c09a9,polyuniverse_dinco_bd1652fdf1dacee4093c,O=C=NCCC12CCC(C1)C1CCCC12CCN=C=O,274.364,chemical_a04b7de5081dd0a5,CC(C)CC(C)(c1ccc(O)cc1)c1ccc(O)cc1,270.372,chemical_2a0d22152800ae85,Oc1ccc(Oc2ccc(O)cc2)cc1,202.209,平衡轮转；非全笛卡尔积,three_components_passed_prototype_gate,未采购未合成；需路线、EHS与供应复核,ledger-007-smipoly-2023;ledger-135-yue-2024-polyuniverse-data;ledger-136-yue-2024-polyuniverse;ledger-137-yue-polyuniverse-code
combo_c1d06c21112992b3,polyuniverse_dinco_0499900e71bdb9da6b5c,CCCC(N=C=O)C1CC2CC(C(C)N=C=O)C1C2,262.353,chemical_986d2a218ca14417,OCC(F)(F)C(F)(F)C(F)(F)C(F)(F)C(F)(F)C(F)(F)CO,362.11,chemical_28a648027cd37607,OCCCCCCCCCO,160.257,平衡轮转；非全笛卡尔积,three_components_passed_prototype_gate,未采购未合成；需路线、EHS与供应复核,ledger-007-smipoly-2023;ledger-135-yue-2024-polyuniverse-data;ledger-136-yue-2024-polyuniverse;ledger-137-yue-polyuniverse-code
combo_c215b24afbd41427,polyuniverse_dinco_c842b8dc271bd83c79bd,CC1C(C)C(N=C=O)C(C)(C)C(C)C1N=C=O,236.315,chemical_3a566be4d64035e3,Oc1ccc(-c2ccc(O)c(Br)c2)cc1Br,344.002,chemical_7eec20377145fdb7,CC1(C)C(O)C(C)(C)C1O,144.214,平衡轮转；非全笛卡尔积,three_components_passed_prototype_gate,未采购未合成；需路线、EHS与供应复核,ledger-007-smipoly-2023;ledger-135-yue-2024-polyuniverse-data;ledger-136-yue-2024-polyuniverse;ledger-137-yue-polyuniverse-code
combo_c3857912024e0ea0,polyuniverse_dinco_60e65dae5f7c55187844,COc1cc(Cc2cc([N+](=O)[O-])c(N=C=O)c([N+](=O)[O-])c2)cc(OC)c1N=C=O,400.303,chemical_a2cf8157d0f77432,OC(c1cccc(C(O)(C(F)(F)F)C(F)(F)F)c1)(C(F)(F)F)C(F)(F)F,410.154,chemical_2dad29ca9d88607e,OC1CCC(C2CCC(O)CC2)CC1,198.306,平衡轮转；非全笛卡尔积,three_components_passed_prototype_gate,未采购未合成；需路线、EHS与供应复核,ledger-007-smipoly-2023;ledger-135-yue-2024-polyuniverse-data;ledger-136-yue-2024-polyuniverse;ledger-137-yue-polyuniverse-code
combo_c3901f4e93146c4f,polyuniverse_dinco_00a778151d7a7401ddb6,CC(CCCC(N=C=O)(C1CCCCC1)C1CCCCC1)C(C)(C)N=C=O,374.569,chemical_0895e6cd5136df6a,OCCOc1ccc(C2(c3ccc(OCCO)cc3)c3ccccc3-c3ccccc32)cc1,438.523,chemical_28a648027cd37607,OCCCCCCCCCO,160.257,平衡轮转；非全笛卡尔积,three_components_passed_prototype_gate,未采购未合成；需路线、EHS与供应复核,ledger-007-smipoly-2023;ledger-135-yue-2024-polyuniverse-data;ledger-136-yue-2024-polyuniverse;ledger-137-yue-polyuniverse-code
combo_c39570c1998f8b22,polyuniverse_dinco_4ed51fdb98321223f060,CCCC(CC(C)(CCC)CN=C=O)N=C=O,238.331,chemical_3a566be4d64035e3,Oc1ccc(-c2ccc(O)c(Br)c2)cc1Br,344.002,chemical_2dad29ca9d88607e,OC1CCC(C2CCC(O)CC2)CC1,198.306,平衡轮转；非全笛卡尔积,three_components_passed_prototype_gate,未采购未合成；需路线、EHS与供应复核,ledger-007-smipoly-2023;ledger-135-yue-2024-polyuniverse-data;ledger-136-yue-2024-polyuniverse;ledger-137-yue-polyuniverse-code
combo_c3cf76b05b0e3646,polyuniverse_dinco_f93d4f580beca33f9619,O=C=Nc1cc(N=C=O)cc(OCCCCc2ccco2)c1,298.298,chemical_f59a0ec9b5c263ad,CCCCCCCCC(CO)(CO)CCCCCCCC,300.527,chemical_16bdee252ed11d7a,CC(O)C(C)O,90.122,平衡轮转；非全笛卡尔积,three_components_passed_prototype_gate,未采购未合成；需路线、EHS与供应复核,ledger-007-smipoly-2023;ledger-135-yue-2024-polyuniverse-data;ledger-136-yue-2024-polyuniverse;ledger-137-yue-polyuniverse-code
combo_c427afb53246a8c9,polyuniverse_dinco_85368c1d86f60fbe6dfa,O=C=NCC1CCC(CN=C=O)(CC2CCCCC2)CC1CC1CCCCC1,386.58,chemical_e4aa17432292bb19,Cc1cc2c(cc1O)C(C)(C)CC1(CC(C)(C)c3cc(O)c(C)cc3O1)O2,368.473,chemical_16bdee252ed11d7a,CC(O)C(C)O,90.122,平衡轮转；非全笛卡尔积,three_components_passed_prototype_gate,未采购未合成；需路线、EHS与供应复核,ledger-007-smipoly-2023;ledger-135-yue-2024-polyuniverse-data;ledger-136-yue-2024-polyuniverse;ledger-137-yue-polyuniverse-code
combo_c47cf632f528a6ef,polyuniverse_dinco_ff2f153939a86421b3aa,O=C=NCC1CN2CC1CC2CN=C=O,207.233,chemical_e4aa17432292bb19,Cc1cc2c(cc1O)C(C)(C)CC1(CC(C)(C)c3cc(O)c(C)cc3O1)O2,368.473,chemical_63c6eb608324eca7,OCC1CC2C3CC(CO)C(C3)C2C1,196.29,平衡轮转；非全笛卡尔积,three_components_passed_prototype_gate,未采购未合成；需路线、EHS与供应复核,ledger-007-smipoly-2023;ledger-135-yue-2024-polyuniverse-data;ledger-136-yue-2024-polyuniverse;ledger-137-yue-polyuniverse-code
combo_c4a7410e73ec375b,polyuniverse_dinco_4acdebf340e0856a52df,CC(C)(C)c1cc(N=C=O)c2c(c1)C(C)(C)c1cc(C(C)(C)C)cc(N=C=O)c1O2,404.51,chemical_58b2613823466190,CC(C)(C)c1cc(-c2cc(C(C)(C)C)cc(C(C)(C)C)c2O)c(O)c(C(C)(C)C)c1,410.642,chemical_bacbda6c95c1bb67,Cc1ccc(O)c(Cc2cc(C)ccc2O)c1,228.291,平衡轮转；非全笛卡尔积,three_components_passed_prototype_gate,未采购未合成；需路线、EHS与供应复核,ledger-007-smipoly-2023;ledger-135-yue-2024-polyuniverse-data;ledger-136-yue-2024-polyuniverse;ledger-137-yue-polyuniverse-code
combo_c4b914e4d2f4214c,polyuniverse_dinco_569c13453ff070989050,[C-]#[N+]c1cc2c(N=C=O)c(C#N)c(C#N)cc2c(N=C=O)c1[N+]#[C-],310.232,chemical_5e814be594638bdc,OCCCCCCCCCCCCCCCCO,258.446,chemical_5be20976c2a9d662,Oc1c(F)c(F)c(O)c(F)c1F,182.072,平衡轮转；非全笛卡尔积,three_components_passed_prototype_gate,未采购未合成；需路线、EHS与供应复核,ledger-007-smipoly-2023;ledger-135-yue-2024-polyuniverse-data;ledger-136-yue-2024-polyuniverse;ledger-137-yue-polyuniverse-code
combo_c530e3d4affaf45e,polyuniverse_dinco_d5c6102d385810c8a633,CC1CC(C(C)(C)C)C(N=C=O)CC1N=C=O,236.315,chemical_986d2a218ca14417,OCC(F)(F)C(F)(F)C(F)(F)C(F)(F)C(F)(F)C(F)(F)CO,362.11,chemical_2a0d22152800ae85,Oc1ccc(Oc2ccc(O)cc2)cc1,202.209,平衡轮转；非全笛卡尔积,three_components_passed_prototype_gate,未采购未合成；需路线、EHS与供应复核,ledger-007-smipoly-2023;ledger-135-yue-2024-polyuniverse-data;ledger-136-yue-2024-polyuniverse;ledger-137-yue-polyuniverse-code
combo_c53414309977f6a7,polyuniverse_dinco_b942aa905763bb430945,CCCC1(CC(C)N=C=O)CCC(C)(C(C)(C)CC(C)(C)N=C=O)C1,348.531,chemical_0895e6cd5136df6a,OCCOc1ccc(C2(c3ccc(OCCO)cc3)c3ccccc3-c3ccccc32)cc1,438.523,chemical_75fb481cd45cc100,CCCCC(CC)(CO)CO,160.257,平衡轮转；非全笛卡尔积,three_components_passed_prototype_gate,未采购未合成；需路线、EHS与供应复核,ledger-007-smipoly-2023;ledger-135-yue-2024-polyuniverse-data;ledger-136-yue-2024-polyuniverse;ledger-137-yue-polyuniverse-code
combo_c54398c7f61dcb5c,polyuniverse_dinco_7988a8eeb838489f4eaf,O=C=NCCCCC(COc1ccc(Oc2ccccc2)cc1)N=C=O,352.39,chemical_986d2a218ca14417,OCC(F)(F)C(F)(F)C(F)(F)C(F)(F)C(F)(F)C(F)(F)CO,362.11,chemical_2a0d22152800ae85,Oc1ccc(Oc2ccc(O)cc2)cc1,202.209,平衡轮转；非全笛卡尔积,three_components_passed_prototype_gate,未采购未合成；需路线、EHS与供应复核,ledger-007-smipoly-2023;ledger-135-yue-2024-polyuniverse-data;ledger-136-yue-2024-polyuniverse;ledger-137-yue-polyuniverse-code
combo_c566b8e3eed3a06c,polyuniverse_dinco_c842b8dc271bd83c79bd,CC1C(C)C(N=C=O)C(C)(C)C(C)C1N=C=O,236.315,chemical_3a566be4d64035e3,Oc1ccc(-c2ccc(O)c(Br)c2)cc1Br,344.002,chemical_79b196ca779aae4e,OCc1ccccc1CO,138.166,平衡轮转；非全笛卡尔积,three_components_passed_prototype_gate,未采购未合成；需路线、EHS与供应复核,ledger-007-smipoly-2023;ledger-135-yue-2024-polyuniverse-data;ledger-136-yue-2024-polyuniverse;ledger-137-yue-polyuniverse-code
combo_c5d0ac0958d388b9,polyuniverse_dinco_60e65dae5f7c55187844,COc1cc(Cc2cc([N+](=O)[O-])c(N=C=O)c([N+](=O)[O-])c2)cc(OC)c1N=C=O,400.303,chemical_a04b7de5081dd0a5,CC(C)CC(C)(c1ccc(O)cc1)c1ccc(O)cc1,270.372,chemical_2dad29ca9d88607e,OC1CCC(C2CCC(O)CC2)CC1,198.306,平衡轮转；非全笛卡尔积,three_components_passed_prototype_gate,未采购未合成；需路线、EHS与供应复核,ledger-007-smipoly-2023;ledger-135-yue-2024-polyuniverse-data;ledger-136-yue-2024-polyuniverse;ledger-137-yue-polyuniverse-code
combo_c5e08c9b83b9326d,polyuniverse_dinco_b03d7a2243c8c46ba34f,O=C=Nc1c(F)cc(Oc2cc(F)c(N=C=O)c(F)c2)cc1F,324.189,chemical_a2cf8157d0f77432,OC(c1cccc(C(O)(C(F)(F)F)C(F)(F)F)c1)(C(F)(F)F)C(F)(F)F,410.154,chemical_831d24f7368b3f75,Cc1cc(-c2cc(C)c(O)c(C)c2)cc(C)c1O,242.318,平衡轮转；非全笛卡尔积,three_components_passed_prototype_gate,未采购未合成；需路线、EHS与供应复核,ledger-007-smipoly-2023;ledger-135-yue-2024-polyuniverse-data;ledger-136-yue-2024-polyuniverse;ledger-137-yue-polyuniverse-code
combo_c61dfc8cd88a3be9,polyuniverse_dinco_8ec7a31c579192711514,CC1CCC2C(C1)C(N=C=O)C1C3CCC(C3)C1C2N=C=O,300.402,chemical_a04b7de5081dd0a5,CC(C)CC(C)(c1ccc(O)cc1)c1ccc(O)cc1,270.372,chemical_2a0d22152800ae85,Oc1ccc(Oc2ccc(O)cc2)cc1,202.209,平衡轮转；非全笛卡尔积,three_components_passed_prototype_gate,未采购未合成；需路线、EHS与供应复核,ledger-007-smipoly-2023;ledger-135-yue-2024-polyuniverse-data;ledger-136-yue-2024-polyuniverse;ledger-137-yue-polyuniverse-code
combo_c63024977a9f5a00,polyuniverse_dinco_1521a8e0db18b3ee10fa,CCCCC1(CC)C(N=C=O)C(CC)(CCCC)C1N=C=O,306.45,chemical_f59a0ec9b5c263ad,CCCCCCCCC(CO)(CO)CCCCCCCC,300.527,chemical_1ace6e6abb3b5be3,Oc1ccc(O)c2c1C1CCC2C1,176.215,平衡轮转；非全笛卡尔积,three_components_passed_prototype_gate,未采购未合成；需路线、EHS与供应复核,ledger-007-smipoly-2023;ledger-135-yue-2024-polyuniverse-data;ledger-136-yue-2024-polyuniverse;ledger-137-yue-polyuniverse-code
combo_c670c2f50e3bd8d5,polyuniverse_dinco_9433642f6ab558269707,O=C=NC1CCOC1N=C=O,154.125,chemical_0895e6cd5136df6a,OCCOc1ccc(C2(c3ccc(OCCO)cc3)c3ccccc3-c3ccccc32)cc1,438.523,chemical_1ace6e6abb3b5be3,Oc1ccc(O)c2c1C1CCC2C1,176.215,平衡轮转；非全笛卡尔积,three_components_passed_prototype_gate,未采购未合成；需路线、EHS与供应复核,ledger-007-smipoly-2023;ledger-135-yue-2024-polyuniverse-data;ledger-136-yue-2024-polyuniverse;ledger-137-yue-polyuniverse-code
combo_c6d03546e4f75248,polyuniverse_dinco_a78553c2197b427a0d60,CC(N=C=O)OC1CC2CCC1(OC(C)N=C=O)CC2,280.324,chemical_a2cf8157d0f77432,OC(c1cccc(C(O)(C(F)(F)F)C(F)(F)F)c1)(C(F)(F)F)C(F)(F)F,410.154,chemical_3635aefc1005d8ad,CC(C)(O)CCC(C)(C)O,146.23,平衡轮转；非全笛卡尔积,three_components_passed_prototype_gate,未采购未合成；需路线、EHS与供应复核,ledger-007-smipoly-2023;ledger-135-yue-2024-polyuniverse-data;ledger-136-yue-2024-polyuniverse;ledger-137-yue-polyuniverse-code
combo_c715e6306aa8c0a5,polyuniverse_dinco_41dd7d9f5ae04dca84b5,O=C=NC1(Cl)CCCCC1(Cl)CC1(Cl)CCCCC1(Cl)N=C=O,400.133,chemical_3a566be4d64035e3,Oc1ccc(-c2ccc(O)c(Br)c2)cc1Br,344.002,chemical_2dad29ca9d88607e,OC1CCC(C2CCC(O)CC2)CC1,198.306,平衡轮转；非全笛卡尔积,three_components_passed_prototype_gate,未采购未合成；需路线、EHS与供应复核,ledger-007-smipoly-2023;ledger-135-yue-2024-polyuniverse-data;ledger-136-yue-2024-polyuniverse;ledger-137-yue-polyuniverse-code
combo_c721917cb2bea41f,polyuniverse_dinco_7988a8eeb838489f4eaf,O=C=NCCCCC(COc1ccc(Oc2ccccc2)cc1)N=C=O,352.39,chemical_a2cf8157d0f77432,OC(c1cccc(C(O)(C(F)(F)F)C(F)(F)F)c1)(C(F)(F)F)C(F)(F)F,410.154,chemical_2dad29ca9d88607e,OC1CCC(C2CCC(O)CC2)CC1,198.306,平衡轮转；非全笛卡尔积,three_components_passed_prototype_gate,未采购未合成；需路线、EHS与供应复核,ledger-007-smipoly-2023;ledger-135-yue-2024-polyuniverse-data;ledger-136-yue-2024-polyuniverse;ledger-137-yue-polyuniverse-code
combo_c749bf6be312edaa,polyuniverse_dinco_01e918a682cd6d3022ac,N#COc1cc(-c2cc(N=C=O)oc2OC#N)c(N=C=O)o1,298.17,chemical_0895e6cd5136df6a,OCCOc1ccc(C2(c3ccc(OCCO)cc3)c3ccccc3-c3ccccc32)cc1,438.523,chemical_75fb481cd45cc100,CCCCC(CC)(CO)CO,160.257,平衡轮转；非全笛卡尔积,three_components_passed_prototype_gate,未采购未合成；需路线、EHS与供应复核,ledger-007-smipoly-2023;ledger-135-yue-2024-polyuniverse-data;ledger-136-yue-2024-polyuniverse;ledger-137-yue-polyuniverse-code
combo_c7563d503d6a8f1c,polyuniverse_dinco_677d9180682055b9b9f3,O=C=Nc1nc(Cl)nc(N=C=O)n1,197.541,chemical_694871d5e95b7370,Oc1c(F)c(F)c(-c2c(F)c(F)c(O)c(F)c2F)c(F)c1F,330.13,chemical_6ee30a16c1c450ed,OC1CCCCC1O,116.16,平衡轮转；非全笛卡尔积,three_components_passed_prototype_gate,未采购未合成；需路线、EHS与供应复核,ledger-007-smipoly-2023;ledger-135-yue-2024-polyuniverse-data;ledger-136-yue-2024-polyuniverse;ledger-137-yue-polyuniverse-code
combo_c756f61d38cfffb1,polyuniverse_dinco_00fa3f3b14ce15566695,CCCCC(C)(N=C=O)C(C)(C)N=C=O,210.277,chemical_5e814be594638bdc,OCCCCCCCCCCCCCCCCO,258.446,chemical_63c6eb608324eca7,OCC1CC2C3CC(CO)C(C3)C2C1,196.29,平衡轮转；非全笛卡尔积,three_components_passed_prototype_gate,未采购未合成；需路线、EHS与供应复核,ledger-007-smipoly-2023;ledger-135-yue-2024-polyuniverse-data;ledger-136-yue-2024-polyuniverse;ledger-137-yue-polyuniverse-code
combo_c86eb2351721cbea,polyuniverse_dinco_ff251f80a8e230a05cc3,O=C=NCC(Br)C(CF)N=C=O,237.028,chemical_b94fa835d3f1bdb8,CC(C)(CO)C1OCC2(CO1)COC(C(C)(C)CO)OC2,304.383,chemical_48e0f37b8f35d22d,Cc1c(C)c(CO)c(C)c(C)c1CO,194.274,平衡轮转；非全笛卡尔积,three_components_passed_prototype_gate,未采购未合成；需路线、EHS与供应复核,ledger-007-smipoly-2023;ledger-135-yue-2024-polyuniverse-data;ledger-136-yue-2024-polyuniverse;ledger-137-yue-polyuniverse-code
combo_c882ad8132a5e17f,polyuniverse_dinco_f4a3c1923033f08d5b48,Cc1c(Cl)cc(N=C=O)cc1C(Cl)(N=C=O)c1ccccc1,333.174,chemical_694871d5e95b7370,Oc1c(F)c(F)c(-c2c(F)c(F)c(O)c(F)c2F)c(F)c1F,330.13,chemical_706c38f2fda91d2c,CCC(C)(c1ccc(O)cc1)c1ccc(O)cc1,242.318,平衡轮转；非全笛卡尔积,three_components_passed_prototype_gate,未采购未合成；需路线、EHS与供应复核,ledger-007-smipoly-2023;ledger-135-yue-2024-polyuniverse-data;ledger-136-yue-2024-polyuniverse;ledger-137-yue-polyuniverse-code
combo_c89aa305f95cba10,polyuniverse_dinco_ac4be1eff9a2d8a5bde3,CCCc1cc(C(C)C)c(N=C=O)c(CCC)c1N=C=O,286.375,chemical_0895e6cd5136df6a,OCCOc1ccc(C2(c3ccc(OCCO)cc3)c3ccccc3-c3ccccc32)cc1,438.523,chemical_16bdee252ed11d7a,CC(O)C(C)O,90.122,平衡轮转；非全笛卡尔积,three_components_passed_prototype_gate,未采购未合成；需路线、EHS与供应复核,ledger-007-smipoly-2023;ledger-135-yue-2024-polyuniverse-data;ledger-136-yue-2024-polyuniverse;ledger-137-yue-polyuniverse-code
combo_c8b02a1a914d32aa,polyuniverse_dinco_26cead9b352cec30e97f,CCC(CN=C=O)C1CCCC(N=C=O)C1,222.288,chemical_b94fa835d3f1bdb8,CC(C)(CO)C1OCC2(CO1)COC(C(C)(C)CO)OC2,304.383,chemical_bacbda6c95c1bb67,Cc1ccc(O)c(Cc2cc(C)ccc2O)c1,228.291,平衡轮转；非全笛卡尔积,three_components_passed_prototype_gate,未采购未合成；需路线、EHS与供应复核,ledger-007-smipoly-2023;ledger-135-yue-2024-polyuniverse-data;ledger-136-yue-2024-polyuniverse;ledger-137-yue-polyuniverse-code
combo_c8c04392c3109b5c,polyuniverse_dinco_4716b4743a5baa106de3,O=C=Nc1cc2cccc(N=C=O)c2nc1-c1cccc(OC(F)(F)F)c1,371.274,chemical_a2cf8157d0f77432,OC(c1cccc(C(O)(C(F)(F)F)C(F)(F)F)c1)(C(F)(F)F)C(F)(F)F,410.154,chemical_9a89f0adbd70529b,OCC(F)(F)C(F)(F)C(F)(F)CO,212.089,平衡轮转；非全笛卡尔积,three_components_passed_prototype_gate,未采购未合成；需路线、EHS与供应复核,ledger-007-smipoly-2023;ledger-135-yue-2024-polyuniverse-data;ledger-136-yue-2024-polyuniverse;ledger-137-yue-polyuniverse-code
combo_c8c290da784e8a8a,polyuniverse_dinco_5a1f42c9bc88019aa254,O=C=NC1C(F)C(F)C(F)C(F)C1N=C=O,238.14,chemical_0895e6cd5136df6a,OCCOc1ccc(C2(c3ccc(OCCO)cc3)c3ccccc3-c3ccccc32)cc1,438.523,chemical_72b7ed7d3d268fd7,CC(C)CC(CO)(CO)CC(C)C,188.311,平衡轮转；非全笛卡尔积,three_components_passed_prototype_gate,未采购未合成；需路线、EHS与供应复核,ledger-007-smipoly-2023;ledger-135-yue-2024-polyuniverse-data;ledger-136-yue-2024-polyuniverse;ledger-137-yue-polyuniverse-code
combo_c920828300857fcc,polyuniverse_dinco_4a1eb105ee6ae99e25d6,CCC1(CN=C=O)C(C)C1(C)N=C=O,194.234,chemical_1f862d0fb910ec42,Oc1ccc(C2(c3ccc(O)cc3)CCCCC2)cc1,268.356,chemical_75fb481cd45cc100,CCCCC(CC)(CO)CO,160.257,平衡轮转；非全笛卡尔积,three_components_passed_prototype_gate,未采购未合成；需路线、EHS与供应复核,ledger-007-smipoly-2023;ledger-135-yue-2024-polyuniverse-data;ledger-136-yue-2024-polyuniverse;ledger-137-yue-polyuniverse-code
combo_c932b91e0a5a3968,polyuniverse_dinco_5869c3b07285b5b309da,CC(C)(CC1CCC(C(C)(C)N=C=O)C1)N=C=O,250.342,chemical_f59a0ec9b5c263ad,CCCCCCCCC(CO)(CO)CCCCCCCC,300.527,chemical_1ace6e6abb3b5be3,Oc1ccc(O)c2c1C1CCC2C1,176.215,平衡轮转；非全笛卡尔积,three_components_passed_prototype_gate,未采购未合成；需路线、EHS与供应复核,ledger-007-smipoly-2023;ledger-135-yue-2024-polyuniverse-data;ledger-136-yue-2024-polyuniverse;ledger-137-yue-polyuniverse-code
combo_c94a882a9138a274,polyuniverse_dinco_0321877a48fd93e2fb7d,CCC(N=C=O)OCC(C)(C)COC(CC)N=C=O,270.329,chemical_694871d5e95b7370,Oc1c(F)c(F)c(-c2c(F)c(F)c(O)c(F)c2F)c(F)c1F,330.13,chemical_f25ee56de4366915,O=[N+]([O-])c1cc(CO)ccc1CO,183.163,平衡轮转；非全笛卡尔积,three_components_passed_prototype_gate,未采购未合成；需路线、EHS与供应复核,ledger-007-smipoly-2023;ledger-135-yue-2024-polyuniverse-data;ledger-136-yue-2024-polyuniverse;ledger-137-yue-polyuniverse-code
combo_c94b7905cdc49b20,polyuniverse_dinco_72c91e88a4c33aabb96c,O=C=Nc1no[n+]([O-])c1N=C=O,168.068,chemical_f59a0ec9b5c263ad,CCCCCCCCC(CO)(CO)CCCCCCCC,300.527,chemical_16bdee252ed11d7a,CC(O)C(C)O,90.122,平衡轮转；非全笛卡尔积,three_components_passed_prototype_gate,未采购未合成；需路线、EHS与供应复核,ledger-007-smipoly-2023;ledger-135-yue-2024-polyuniverse-data;ledger-136-yue-2024-polyuniverse;ledger-137-yue-polyuniverse-code
combo_c96f7bb670cec919,polyuniverse_dinco_d9e0e5b183928d0c3023,CC(C)(N=C=O)c1ccc2c(C(C)(C)N=C=O)cccc2c1,294.354,chemical_5e814be594638bdc,OCCCCCCCCCCCCCCCCO,258.446,chemical_63c6eb608324eca7,OCC1CC2C3CC(CO)C(C3)C2C1,196.29,平衡轮转；非全笛卡尔积,three_components_passed_prototype_gate,未采购未合成；需路线、EHS与供应复核,ledger-007-smipoly-2023;ledger-135-yue-2024-polyuniverse-data;ledger-136-yue-2024-polyuniverse;ledger-137-yue-polyuniverse-code
combo_c9b4875991a20592,polyuniverse_dinco_f52819a239fd8e98087e,O=C=Nc1ccc2ccc(N=C=O)c([N+](=O)[O-])c2c1[N+](=O)[O-],300.186,chemical_b94fa835d3f1bdb8,CC(C)(CO)C1OCC2(CO1)COC(C(C)(C)CO)OC2,304.383,chemical_831d24f7368b3f75,Cc1cc(-c2cc(C)c(O)c(C)c2)cc(C)c1O,242.318,平衡轮转；非全笛卡尔积,three_components_passed_prototype_gate,未采购未合成；需路线、EHS与供应复核,ledger-007-smipoly-2023;ledger-135-yue-2024-polyuniverse-data;ledger-136-yue-2024-polyuniverse;ledger-137-yue-polyuniverse-code
combo_c9f38b96740a77cd,polyuniverse_dinco_85368c1d86f60fbe6dfa,O=C=NCC1CCC(CN=C=O)(CC2CCCCC2)CC1CC1CCCCC1,386.58,chemical_f59a0ec9b5c263ad,CCCCCCCCC(CO)(CO)CCCCCCCC,300.527,chemical_1ace6e6abb3b5be3,Oc1ccc(O)c2c1C1CCC2C1,176.215,平衡轮转；非全笛卡尔积,three_components_passed_prototype_gate,未采购未合成；需路线、EHS与供应复核,ledger-007-smipoly-2023;ledger-135-yue-2024-polyuniverse-data;ledger-136-yue-2024-polyuniverse;ledger-137-yue-polyuniverse-code
combo_c9f5f81ba3234819,polyuniverse_dinco_85368c1d86f60fbe6dfa,O=C=NCC1CCC(CN=C=O)(CC2CCCCC2)CC1CC1CCCCC1,386.58,chemical_e34b1bd2b88ad439,CC(C)(c1ccc(O)c(C2CCCCC2)c1)c1ccc(O)c(C2CCCCC2)c1,392.583,chemical_dd2ebb8c8aeed446,Oc1ccc2c(O)cccc2c1,160.172,平衡轮转；非全笛卡尔积,three_components_passed_prototype_gate,未采购未合成；需路线、EHS与供应复核,ledger-007-smipoly-2023;ledger-135-yue-2024-polyuniverse-data;ledger-136-yue-2024-polyuniverse;ledger-137-yue-polyuniverse-code
combo_cab2232c73a74fb2,polyuniverse_dinco_952c8476d31239835550,O=C=NCC1(CN=C=O)CCCC(F)(F)C1(F)F,266.194,chemical_5e814be594638bdc,OCCCCCCCCCCCCCCCCO,258.446,chemical_551a139d1b44a292,OC12CC3CC(C1)CC(O)(C3)C2,168.236,平衡轮转；非全笛卡尔积,three_components_passed_prototype_gate,未采购未合成；需路线、EHS与供应复核,ledger-007-smipoly-2023;ledger-135-yue-2024-polyuniverse-data;ledger-136-yue-2024-polyuniverse;ledger-137-yue-polyuniverse-code
combo_cae6b784604571de,polyuniverse_dinco_07a134f8e87f85791f77,O=C=NC1CCCC2C3CCC2C1(N=C=O)C3,232.283,chemical_694871d5e95b7370,Oc1c(F)c(F)c(-c2c(F)c(F)c(O)c(F)c2F)c(F)c1F,330.13,chemical_706c38f2fda91d2c,CCC(C)(c1ccc(O)cc1)c1ccc(O)cc1,242.318,平衡轮转；非全笛卡尔积,three_components_passed_prototype_gate,未采购未合成；需路线、EHS与供应复核,ledger-007-smipoly-2023;ledger-135-yue-2024-polyuniverse-data;ledger-136-yue-2024-polyuniverse;ledger-137-yue-polyuniverse-code
combo_cafbc9fa1d7b90fe,polyuniverse_dinco_bffdc5ccff4c002d8304,Cc1cc(CC2CCCCC2N=C=O)cc(N=C=O)c1,270.332,chemical_ff8d497a35fecaa4,OC(C(F)(F)F)(C(F)(F)F)C(O)(C(F)(F)F)C(F)(F)F,334.056,chemical_75fb481cd45cc100,CCCCC(CC)(CO)CO,160.257,平衡轮转；非全笛卡尔积,three_components_passed_prototype_gate,未采购未合成；需路线、EHS与供应复核,ledger-007-smipoly-2023;ledger-135-yue-2024-polyuniverse-data;ledger-136-yue-2024-polyuniverse;ledger-137-yue-polyuniverse-code
combo_cb1133dd161cfaf6,polyuniverse_dinco_4716b4743a5baa106de3,O=C=Nc1cc2cccc(N=C=O)c2nc1-c1cccc(OC(F)(F)F)c1,371.274,chemical_986d2a218ca14417,OCC(F)(F)C(F)(F)C(F)(F)C(F)(F)C(F)(F)C(F)(F)CO,362.11,chemical_75fb481cd45cc100,CCCCC(CC)(CO)CO,160.257,平衡轮转；非全笛卡尔积,three_components_passed_prototype_gate,未采购未合成；需路线、EHS与供应复核,ledger-007-smipoly-2023;ledger-135-yue-2024-polyuniverse-data;ledger-136-yue-2024-polyuniverse;ledger-137-yue-polyuniverse-code
combo_cb78b8888d5dabd5,polyuniverse_dinco_4a1eb105ee6ae99e25d6,CCC1(CN=C=O)C(C)C1(C)N=C=O,194.234,chemical_3a566be4d64035e3,Oc1ccc(-c2ccc(O)c(Br)c2)cc1Br,344.002,chemical_7eec20377145fdb7,CC1(C)C(O)C(C)(C)C1O,144.214,平衡轮转；非全笛卡尔积,three_components_passed_prototype_gate,未采购未合成；需路线、EHS与供应复核,ledger-007-smipoly-2023;ledger-135-yue-2024-polyuniverse-data;ledger-136-yue-2024-polyuniverse;ledger-137-yue-polyuniverse-code
combo_cbc8d8d56e2c3b81,polyuniverse_dinco_7416e04e1592ed966a70,O=C=NCC1COC(CN=C=O)O1,184.151,chemical_3a566be4d64035e3,Oc1ccc(-c2ccc(O)c(Br)c2)cc1Br,344.002,chemical_7eec20377145fdb7,CC1(C)C(O)C(C)(C)C1O,144.214,平衡轮转；非全笛卡尔积,three_components_passed_prototype_gate,未采购未合成；需路线、EHS与供应复核,ledger-007-smipoly-2023;ledger-135-yue-2024-polyuniverse-data;ledger-136-yue-2024-polyuniverse;ledger-137-yue-polyuniverse-code
combo_cbf4cb6bf96d7f7b,polyuniverse_dinco_ddc56fe70a91074540ef,CCCCOC(N=C=O)C(CCCCCCl)N=C=O,288.775,chemical_a04b7de5081dd0a5,CC(C)CC(C)(c1ccc(O)cc1)c1ccc(O)cc1,270.372,chemical_79b196ca779aae4e,OCc1ccccc1CO,138.166,平衡轮转；非全笛卡尔积,three_components_passed_prototype_gate,未采购未合成；需路线、EHS与供应复核,ledger-007-smipoly-2023;ledger-135-yue-2024-polyuniverse-data;ledger-136-yue-2024-polyuniverse;ledger-137-yue-polyuniverse-code
combo_cc1a97368bf85b88,polyuniverse_dinco_d5c6102d385810c8a633,CC1CC(C(C)(C)C)C(N=C=O)CC1N=C=O,236.315,chemical_b94fa835d3f1bdb8,CC(C)(CO)C1OCC2(CO1)COC(C(C)(C)CO)OC2,304.383,chemical_48e0f37b8f35d22d,Cc1c(C)c(CO)c(C)c(C)c1CO,194.274,平衡轮转；非全笛卡尔积,three_components_passed_prototype_gate,未采购未合成；需路线、EHS与供应复核,ledger-007-smipoly-2023;ledger-135-yue-2024-polyuniverse-data;ledger-136-yue-2024-polyuniverse;ledger-137-yue-polyuniverse-code
combo_ccd31b81ba7348cd,polyuniverse_dinco_61e84547e1c5aa376ad9,O=C=NCC12CC(C3CCCC31)C1C3CCC(C3)C12CN=C=O,312.413,chemical_ff8d497a35fecaa4,OC(C(F)(F)F)(C(F)(F)F)C(O)(C(F)(F)F)C(F)(F)F,334.056,chemical_75fb481cd45cc100,CCCCC(CC)(CO)CO,160.257,平衡轮转；非全笛卡尔积,three_components_passed_prototype_gate,未采购未合成；需路线、EHS与供应复核,ledger-007-smipoly-2023;ledger-135-yue-2024-polyuniverse-data;ledger-136-yue-2024-polyuniverse;ledger-137-yue-polyuniverse-code
combo_ccd4f28c6c931141,polyuniverse_dinco_fd5f159552c1f70f915c,O=C=NCCC(CN(CC(CCN=C=O)([N+](=O)[O-])[N+](=O)[O-])[N+](=O)[O-])([N+](=O)[O-])[N+](=O)[O-],436.25,chemical_694871d5e95b7370,Oc1c(F)c(F)c(-c2c(F)c(F)c(O)c(F)c2F)c(F)c1F,330.13,chemical_f25ee56de4366915,O=[N+]([O-])c1cc(CO)ccc1CO,183.163,平衡轮转；非全笛卡尔积,three_components_passed_prototype_gate,未采购未合成；需路线、EHS与供应复核,ledger-007-smipoly-2023;ledger-135-yue-2024-polyuniverse-data;ledger-136-yue-2024-polyuniverse;ledger-137-yue-polyuniverse-code
combo_cce51ac32bcea553,polyuniverse_dinco_c009c596c9a17cb1e87f,O=C=NCc1c(F)c(F)c(F)c(F)c1CN=C=O,260.146,chemical_3a566be4d64035e3,Oc1ccc(-c2ccc(O)c(Br)c2)cc1Br,344.002,chemical_2a0d22152800ae85,Oc1ccc(Oc2ccc(O)cc2)cc1,202.209,平衡轮转；非全笛卡尔积,three_components_passed_prototype_gate,未采购未合成；需路线、EHS与供应复核,ledger-007-smipoly-2023;ledger-135-yue-2024-polyuniverse-data;ledger-136-yue-2024-polyuniverse;ledger-137-yue-polyuniverse-code
combo_cd1f159302793668,polyuniverse_dinco_7bf0d3c1efc36d46299a,O=C=NCCCC(CN=C=O)CC12CCC(CC1)C2,262.353,chemical_0895e6cd5136df6a,OCCOc1ccc(C2(c3ccc(OCCO)cc3)c3ccccc3-c3ccccc32)cc1,438.523,chemical_16bdee252ed11d7a,CC(O)C(C)O,90.122,平衡轮转；非全笛卡尔积,three_components_passed_prototype_gate,未采购未合成；需路线、EHS与供应复核,ledger-007-smipoly-2023;ledger-135-yue-2024-polyuniverse-data;ledger-136-yue-2024-polyuniverse;ledger-137-yue-polyuniverse-code
combo_cde3c1e173ca9638,polyuniverse_dinco_60e65dae5f7c55187844,COc1cc(Cc2cc([N+](=O)[O-])c(N=C=O)c([N+](=O)[O-])c2)cc(OC)c1N=C=O,400.303,chemical_986d2a218ca14417,OCC(F)(F)C(F)(F)C(F)(F)C(F)(F)C(F)(F)C(F)(F)CO,362.11,chemical_2a0d22152800ae85,Oc1ccc(Oc2ccc(O)cc2)cc1,202.209,平衡轮转；非全笛卡尔积,three_components_passed_prototype_gate,未采购未合成；需路线、EHS与供应复核,ledger-007-smipoly-2023;ledger-135-yue-2024-polyuniverse-data;ledger-136-yue-2024-polyuniverse;ledger-137-yue-polyuniverse-code
combo_ce0ff6f19f14ae32,polyuniverse_dinco_e9c64a150258b8ae2353,O=C=NC(F)C(F)(F)C(F)(F)N=C=O,216.065,chemical_0895e6cd5136df6a,OCCOc1ccc(C2(c3ccc(OCCO)cc3)c3ccccc3-c3ccccc32)cc1,438.523,chemical_28a648027cd37607,OCCCCCCCCCO,160.257,平衡轮转；非全笛卡尔积,three_components_passed_prototype_gate,未采购未合成；需路线、EHS与供应复核,ledger-007-smipoly-2023;ledger-135-yue-2024-polyuniverse-data;ledger-136-yue-2024-polyuniverse;ledger-137-yue-polyuniverse-code
combo_ce1beacb0a53b6f9,polyuniverse_dinco_43658c980f2b703f5352,O=C=Nc1cc2c(N=C=O)c(c1Cl)-c1ccc-2cc1Cl,303.104,chemical_5e814be594638bdc,OCCCCCCCCCCCCCCCCO,258.446,chemical_5be20976c2a9d662,Oc1c(F)c(F)c(O)c(F)c1F,182.072,平衡轮转；非全笛卡尔积,three_components_passed_prototype_gate,未采购未合成；需路线、EHS与供应复核,ledger-007-smipoly-2023;ledger-135-yue-2024-polyuniverse-data;ledger-136-yue-2024-polyuniverse;ledger-137-yue-polyuniverse-code
combo_ce1fa27675375c7a,polyuniverse_dinco_9b5b57e40f8c219871cd,O=C=NCCC(O[C@@H]1COC2C1OC[C@H]2OC(CCN=C=O)c1ccco1)c1ccco1,444.44,chemical_ff8d497a35fecaa4,OC(C(F)(F)F)(C(F)(F)F)C(O)(C(F)(F)F)C(F)(F)F,334.056,chemical_16bdee252ed11d7a,CC(O)C(C)O,90.122,平衡轮转；非全笛卡尔积,three_components_passed_prototype_gate,未采购未合成；需路线、EHS与供应复核,ledger-007-smipoly-2023;ledger-135-yue-2024-polyuniverse-data;ledger-136-yue-2024-polyuniverse;ledger-137-yue-polyuniverse-code
combo_ce3109a72cdb9fa2,polyuniverse_dinco_9433642f6ab558269707,O=C=NC1CCOC1N=C=O,154.125,chemical_0895e6cd5136df6a,OCCOc1ccc(C2(c3ccc(OCCO)cc3)c3ccccc3-c3ccccc32)cc1,438.523,chemical_16bdee252ed11d7a,CC(O)C(C)O,90.122,平衡轮转；非全笛卡尔积,three_components_passed_prototype_gate,未采购未合成；需路线、EHS与供应复核,ledger-007-smipoly-2023;ledger-135-yue-2024-polyuniverse-data;ledger-136-yue-2024-polyuniverse;ledger-137-yue-polyuniverse-code
combo_ce33309f0bffe224,polyuniverse_dinco_c716de5f027f8966961c,O=C=Nc1ccc(-c2cccc3c2C(c2ccc(N=C=O)cc2)c2ccccc2-3)cc1,400.437,chemical_ff8d497a35fecaa4,OC(C(F)(F)F)(C(F)(F)F)C(O)(C(F)(F)F)C(F)(F)F,334.056,chemical_28a648027cd37607,OCCCCCCCCCO,160.257,平衡轮转；非全笛卡尔积,three_components_passed_prototype_gate,未采购未合成；需路线、EHS与供应复核,ledger-007-smipoly-2023;ledger-135-yue-2024-polyuniverse-data;ledger-136-yue-2024-polyuniverse;ledger-137-yue-polyuniverse-code
combo_cf615dc96b9fabfc,polyuniverse_dinco_d5c6102d385810c8a633,CC1CC(C(C)(C)C)C(N=C=O)CC1N=C=O,236.315,chemical_b94fa835d3f1bdb8,CC(C)(CO)C1OCC2(CO1)COC(C(C)(C)CO)OC2,304.383,chemical_3635aefc1005d8ad,CC(C)(O)CCC(C)(C)O,146.23,平衡轮转；非全笛卡尔积,three_components_passed_prototype_gate,未采购未合成；需路线、EHS与供应复核,ledger-007-smipoly-2023;ledger-135-yue-2024-polyuniverse-data;ledger-136-yue-2024-polyuniverse;ledger-137-yue-polyuniverse-code
combo_cf9bcad15b9b833c,polyuniverse_dinco_e19769eda682789a354e,O=C=Nc1cccc(COCc2cccc(N=C=O)n2)n1,282.259,chemical_0895e6cd5136df6a,OCCOc1ccc(C2(c3ccc(OCCO)cc3)c3ccccc3-c3ccccc32)cc1,438.523,chemical_75fb481cd45cc100,CCCCC(CC)(CO)CO,160.257,平衡轮转；非全笛卡尔积,three_components_passed_prototype_gate,未采购未合成；需路线、EHS与供应复核,ledger-007-smipoly-2023;ledger-135-yue-2024-polyuniverse-data;ledger-136-yue-2024-polyuniverse;ledger-137-yue-polyuniverse-code
combo_cf9fbed1a55b8d52,polyuniverse_dinco_7bf0d3c1efc36d46299a,O=C=NCCCC(CN=C=O)CC12CCC(CC1)C2,262.353,chemical_1f862d0fb910ec42,Oc1ccc(C2(c3ccc(O)cc3)CCCCC2)cc1,268.356,chemical_1ace6e6abb3b5be3,Oc1ccc(O)c2c1C1CCC2C1,176.215,平衡轮转；非全笛卡尔积,three_components_passed_prototype_gate,未采购未合成；需路线、EHS与供应复核,ledger-007-smipoly-2023;ledger-135-yue-2024-polyuniverse-data;ledger-136-yue-2024-polyuniverse;ledger-137-yue-polyuniverse-code
combo_cfb26d8bbcb9396e,polyuniverse_dinco_26cead9b352cec30e97f,CCC(CN=C=O)C1CCCC(N=C=O)C1,222.288,chemical_b94fa835d3f1bdb8,CC(C)(CO)C1OCC2(CO1)COC(C(C)(C)CO)OC2,304.383,chemical_831d24f7368b3f75,Cc1cc(-c2cc(C)c(O)c(C)c2)cc(C)c1O,242.318,平衡轮转；非全笛卡尔积,three_components_passed_prototype_gate,未采购未合成；需路线、EHS与供应复核,ledger-007-smipoly-2023;ledger-135-yue-2024-polyuniverse-data;ledger-136-yue-2024-polyuniverse;ledger-137-yue-polyuniverse-code
combo_cfe996428607c9bb,polyuniverse_dinco_c24771e4eb3229cc941d,[C-]#[N+]C1(N=C=O)CCC(C)([N+]#[C-])C(N=C=O)C1,230.227,chemical_a04b7de5081dd0a5,CC(C)CC(C)(c1ccc(O)cc1)c1ccc(O)cc1,270.372,chemical_831d24f7368b3f75,Cc1cc(-c2cc(C)c(O)c(C)c2)cc(C)c1O,242.318,平衡轮转；非全笛卡尔积,three_components_passed_prototype_gate,未采购未合成；需路线、EHS与供应复核,ledger-007-smipoly-2023;ledger-135-yue-2024-polyuniverse-data;ledger-136-yue-2024-polyuniverse;ledger-137-yue-polyuniverse-code
combo_d0358bf5a18305ff,polyuniverse_dinco_e191aa437a5bb122583c,CCC(CC12CCC(C1)C(N=C=O)C2)N=C=O,234.299,chemical_e34b1bd2b88ad439,CC(C)(c1ccc(O)c(C2CCCCC2)c1)c1ccc(O)c(C2CCCCC2)c1,392.583,chemical_f25ee56de4366915,O=[N+]([O-])c1cc(CO)ccc1CO,183.163,平衡轮转；非全笛卡尔积,three_components_passed_prototype_gate,未采购未合成；需路线、EHS与供应复核,ledger-007-smipoly-2023;ledger-135-yue-2024-polyuniverse-data;ledger-136-yue-2024-polyuniverse;ledger-137-yue-polyuniverse-code
combo_d04ad954db361636,polyuniverse_dinco_92d8be6885e141a4524f,Cc1ccc(Cc2ccc(Cl)cc2)c(N=C=O)c1N=C=O,298.729,chemical_e4aa17432292bb19,Cc1cc2c(cc1O)C(C)(C)CC1(CC(C)(C)c3cc(O)c(C)cc3O1)O2,368.473,chemical_63c6eb608324eca7,OCC1CC2C3CC(CO)C(C3)C2C1,196.29,平衡轮转；非全笛卡尔积,three_components_passed_prototype_gate,未采购未合成；需路线、EHS与供应复核,ledger-007-smipoly-2023;ledger-135-yue-2024-polyuniverse-data;ledger-136-yue-2024-polyuniverse;ledger-137-yue-polyuniverse-code
combo_d04cc453d41adcee,polyuniverse_dinco_60e65dae5f7c55187844,COc1cc(Cc2cc([N+](=O)[O-])c(N=C=O)c([N+](=O)[O-])c2)cc(OC)c1N=C=O,400.303,chemical_b94fa835d3f1bdb8,CC(C)(CO)C1OCC2(CO1)COC(C(C)(C)CO)OC2,304.383,chemical_534466643d7ae4c0,Oc1ccccc1Oc1ccccc1O,202.209,平衡轮转；非全笛卡尔积,three_components_passed_prototype_gate,未采购未合成；需路线、EHS与供应复核,ledger-007-smipoly-2023;ledger-135-yue-2024-polyuniverse-data;ledger-136-yue-2024-polyuniverse;ledger-137-yue-polyuniverse-code
combo_d0996dff57459a8b,polyuniverse_dinco_24471fc1c458b69a01cd,O=C=NC1CC(N=C=O)C2CCCc3cccc1c32,254.289,chemical_5e814be594638bdc,OCCCCCCCCCCCCCCCCO,258.446,chemical_63c6eb608324eca7,OCC1CC2C3CC(CO)C(C3)C2C1,196.29,平衡轮转；非全笛卡尔积,three_components_passed_prototype_gate,未采购未合成；需路线、EHS与供应复核,ledger-007-smipoly-2023;ledger-135-yue-2024-polyuniverse-data;ledger-136-yue-2024-polyuniverse;ledger-137-yue-polyuniverse-code
combo_d0e18aed136256d6,polyuniverse_dinco_fd5f159552c1f70f915c,O=C=NCCC(CN(CC(CCN=C=O)([N+](=O)[O-])[N+](=O)[O-])[N+](=O)[O-])([N+](=O)[O-])[N+](=O)[O-],436.25,chemical_58b2613823466190,CC(C)(C)c1cc(-c2cc(C(C)(C)C)cc(C(C)(C)C)c2O)c(O)c(C(C)(C)C)c1,410.642,chemical_bacbda6c95c1bb67,Cc1ccc(O)c(Cc2cc(C)ccc2O)c1,228.291,平衡轮转；非全笛卡尔积,three_components_passed_prototype_gate,未采购未合成；需路线、EHS与供应复核,ledger-007-smipoly-2023;ledger-135-yue-2024-polyuniverse-data;ledger-136-yue-2024-polyuniverse;ledger-137-yue-polyuniverse-code
combo_d0e1b4bccaae985a,polyuniverse_dinco_1521a8e0db18b3ee10fa,CCCCC1(CC)C(N=C=O)C(CC)(CCCC)C1N=C=O,306.45,chemical_e4aa17432292bb19,Cc1cc2c(cc1O)C(C)(C)CC1(CC(C)(C)c3cc(O)c(C)cc3O1)O2,368.473,chemical_f25ee56de4366915,O=[N+]([O-])c1cc(CO)ccc1CO,183.163,平衡轮转；非全笛卡尔积,three_components_passed_prototype_gate,未采购未合成；需路线、EHS与供应复核,ledger-007-smipoly-2023;ledger-135-yue-2024-polyuniverse-data;ledger-136-yue-2024-polyuniverse;ledger-137-yue-polyuniverse-code
combo_d0e508193d52b3e7,polyuniverse_dinco_0321877a48fd93e2fb7d,CCC(N=C=O)OCC(C)(C)COC(CC)N=C=O,270.329,chemical_58b2613823466190,CC(C)(C)c1cc(-c2cc(C(C)(C)C)cc(C(C)(C)C)c2O)c(O)c(C(C)(C)C)c1,410.642,chemical_bacbda6c95c1bb67,Cc1ccc(O)c(Cc2cc(C)ccc2O)c1,228.291,平衡轮转；非全笛卡尔积,three_components_passed_prototype_gate,未采购未合成；需路线、EHS与供应复核,ledger-007-smipoly-2023;ledger-135-yue-2024-polyuniverse-data;ledger-136-yue-2024-polyuniverse;ledger-137-yue-polyuniverse-code
combo_d0ea31e1c8f23edc,polyuniverse_dinco_677d9180682055b9b9f3,O=C=Nc1nc(Cl)nc(N=C=O)n1,197.541,chemical_58b2613823466190,CC(C)(C)c1cc(-c2cc(C(C)(C)C)cc(C(C)(C)C)c2O)c(O)c(C(C)(C)C)c1,410.642,chemical_5be20976c2a9d662,Oc1c(F)c(F)c(O)c(F)c1F,182.072,平衡轮转；非全笛卡尔积,three_components_passed_prototype_gate,未采购未合成；需路线、EHS与供应复核,ledger-007-smipoly-2023;ledger-135-yue-2024-polyuniverse-data;ledger-136-yue-2024-polyuniverse;ledger-137-yue-polyuniverse-code
combo_d10956b15f0d238f,polyuniverse_dinco_ab4efb95ee1f94419689,Cc1cc2c(c(C)c1N=C=O)C(C)(C)CC21CC(C)(C)c2cc(C)c(N=C=O)c(C)c21,414.549,chemical_f59a0ec9b5c263ad,CCCCCCCCC(CO)(CO)CCCCCCCC,300.527,chemical_72b7ed7d3d268fd7,CC(C)CC(CO)(CO)CC(C)C,188.311,平衡轮转；非全笛卡尔积,three_components_passed_prototype_gate,未采购未合成；需路线、EHS与供应复核,ledger-007-smipoly-2023;ledger-135-yue-2024-polyuniverse-data;ledger-136-yue-2024-polyuniverse;ledger-137-yue-polyuniverse-code
combo_d151f283e57ff44b,polyuniverse_dinco_00a778151d7a7401ddb6,CC(CCCC(N=C=O)(C1CCCCC1)C1CCCCC1)C(C)(C)N=C=O,374.569,chemical_34962dac292231e7,Cc1cc(Cc2cc(C)c(O)c(C)c2)cc(C)c1O,256.345,chemical_28a648027cd37607,OCCCCCCCCCO,160.257,平衡轮转；非全笛卡尔积,three_components_passed_prototype_gate,未采购未合成；需路线、EHS与供应复核,ledger-007-smipoly-2023;ledger-135-yue-2024-polyuniverse-data;ledger-136-yue-2024-polyuniverse;ledger-137-yue-polyuniverse-code
combo_d178472b3c3b7192,polyuniverse_dinco_0682742a99d644d48f6f,CC(c1ccc(N=C=O)o1)c1ccc(N=C=O)o1,244.206,chemical_0895e6cd5136df6a,OCCOc1ccc(C2(c3ccc(OCCO)cc3)c3ccccc3-c3ccccc32)cc1,438.523,chemical_16bdee252ed11d7a,CC(O)C(C)O,90.122,平衡轮转；非全笛卡尔积,three_components_passed_prototype_gate,未采购未合成；需路线、EHS与供应复核,ledger-007-smipoly-2023;ledger-135-yue-2024-polyuniverse-data;ledger-136-yue-2024-polyuniverse;ledger-137-yue-polyuniverse-code
combo_d199efac84630b41,polyuniverse_dinco_e9c64a150258b8ae2353,O=C=NC(F)C(F)(F)C(F)(F)N=C=O,216.065,chemical_3a566be4d64035e3,Oc1ccc(-c2ccc(O)c(Br)c2)cc1Br,344.002,chemical_2dad29ca9d88607e,OC1CCC(C2CCC(O)CC2)CC1,198.306,平衡轮转；非全笛卡尔积,three_components_passed_prototype_gate,未采购未合成；需路线、EHS与供应复核,ledger-007-smipoly-2023;ledger-135-yue-2024-polyuniverse-data;ledger-136-yue-2024-polyuniverse;ledger-137-yue-polyuniverse-code
combo_d1acf9c7028f5adc,polyuniverse_dinco_1d6acf47e4862fbbcc32,Cc1cc(N=C=O)ncc1N=C=O,175.147,chemical_34962dac292231e7,Cc1cc(Cc2cc(C)c(O)c(C)c2)cc(C)c1O,256.345,chemical_79b196ca779aae4e,OCc1ccccc1CO,138.166,平衡轮转；非全笛卡尔积,three_components_passed_prototype_gate,未采购未合成；需路线、EHS与供应复核,ledger-007-smipoly-2023;ledger-135-yue-2024-polyuniverse-data;ledger-136-yue-2024-polyuniverse;ledger-137-yue-polyuniverse-code
combo_d1b6a4901e576f67,polyuniverse_dinco_43658c980f2b703f5352,O=C=Nc1cc2c(N=C=O)c(c1Cl)-c1ccc-2cc1Cl,303.104,chemical_5e814be594638bdc,OCCCCCCCCCCCCCCCCO,258.446,chemical_63c6eb608324eca7,OCC1CC2C3CC(CO)C(C3)C2C1,196.29,平衡轮转；非全笛卡尔积,three_components_passed_prototype_gate,未采购未合成；需路线、EHS与供应复核,ledger-007-smipoly-2023;ledger-135-yue-2024-polyuniverse-data;ledger-136-yue-2024-polyuniverse;ledger-137-yue-polyuniverse-code
combo_d25d7756951f1188,polyuniverse_dinco_ac4be1eff9a2d8a5bde3,CCCc1cc(C(C)C)c(N=C=O)c(CCC)c1N=C=O,286.375,chemical_34962dac292231e7,Cc1cc(Cc2cc(C)c(O)c(C)c2)cc(C)c1O,256.345,chemical_28a648027cd37607,OCCCCCCCCCO,160.257,平衡轮转；非全笛卡尔积,three_components_passed_prototype_gate,未采购未合成；需路线、EHS与供应复核,ledger-007-smipoly-2023;ledger-135-yue-2024-polyuniverse-data;ledger-136-yue-2024-polyuniverse;ledger-137-yue-polyuniverse-code
combo_d29b02300d951650,polyuniverse_dinco_61e84547e1c5aa376ad9,O=C=NCC12CC(C3CCCC31)C1C3CCC(C3)C12CN=C=O,312.413,chemical_e4aa17432292bb19,Cc1cc2c(cc1O)C(C)(C)CC1(CC(C)(C)c3cc(O)c(C)cc3O1)O2,368.473,chemical_63c6eb608324eca7,OCC1CC2C3CC(CO)C(C3)C2C1,196.29,平衡轮转；非全笛卡尔积,three_components_passed_prototype_gate,未采购未合成；需路线、EHS与供应复核,ledger-007-smipoly-2023;ledger-135-yue-2024-polyuniverse-data;ledger-136-yue-2024-polyuniverse;ledger-137-yue-polyuniverse-code
combo_d2eb59854d785c67,polyuniverse_dinco_d51030c05f20bb2a75df,O=C=NC(C1CCCCC1)C(N=C=O)C1CCCCC1,276.38,chemical_6364c045bd73da83,Oc1cccc(Oc2ccc(Oc3cccc(O)c3)cc2)c1,294.306,chemical_ca5e105838153c99,CCC(CO)CC(CC)CO,160.257,平衡轮转；非全笛卡尔积,three_components_passed_prototype_gate,未采购未合成；需路线、EHS与供应复核,ledger-007-smipoly-2023;ledger-135-yue-2024-polyuniverse-data;ledger-136-yue-2024-polyuniverse;ledger-137-yue-polyuniverse-code
combo_d343ceaff7f3bc15,polyuniverse_dinco_0499900e71bdb9da6b5c,CCCC(N=C=O)C1CC2CC(C(C)N=C=O)C1C2,262.353,chemical_a04b7de5081dd0a5,CC(C)CC(C)(c1ccc(O)cc1)c1ccc(O)cc1,270.372,chemical_3635aefc1005d8ad,CC(C)(O)CCC(C)(C)O,146.23,平衡轮转；非全笛卡尔积,three_components_passed_prototype_gate,未采购未合成；需路线、EHS与供应复核,ledger-007-smipoly-2023;ledger-135-yue-2024-polyuniverse-data;ledger-136-yue-2024-polyuniverse;ledger-137-yue-polyuniverse-code
combo_d36283e9736f281e,polyuniverse_dinco_a78553c2197b427a0d60,CC(N=C=O)OC1CC2CCC1(OC(C)N=C=O)CC2,280.324,chemical_986d2a218ca14417,OCC(F)(F)C(F)(F)C(F)(F)C(F)(F)C(F)(F)C(F)(F)CO,362.11,chemical_2dad29ca9d88607e,OC1CCC(C2CCC(O)CC2)CC1,198.306,平衡轮转；非全笛卡尔积,three_components_passed_prototype_gate,未采购未合成；需路线、EHS与供应复核,ledger-007-smipoly-2023;ledger-135-yue-2024-polyuniverse-data;ledger-136-yue-2024-polyuniverse;ledger-137-yue-polyuniverse-code
combo_d36a6f95463ba3a1,polyuniverse_dinco_a78553c2197b427a0d60,CC(N=C=O)OC1CC2CCC1(OC(C)N=C=O)CC2,280.324,chemical_a04b7de5081dd0a5,CC(C)CC(C)(c1ccc(O)cc1)c1ccc(O)cc1,270.372,chemical_2a0d22152800ae85,Oc1ccc(Oc2ccc(O)cc2)cc1,202.209,平衡轮转；非全笛卡尔积,three_components_passed_prototype_gate,未采购未合成；需路线、EHS与供应复核,ledger-007-smipoly-2023;ledger-135-yue-2024-polyuniverse-data;ledger-136-yue-2024-polyuniverse;ledger-137-yue-polyuniverse-code
combo_d4288f2b744d7b95,polyuniverse_dinco_e3bd88989ad52de46012,O=C=Nc1cccc(CC2(N=C=O)CCCCC2)c1,256.305,chemical_58b2613823466190,CC(C)(C)c1cc(-c2cc(C(C)(C)C)cc(C(C)(C)C)c2O)c(O)c(C(C)(C)C)c1,410.642,chemical_ca5e105838153c99,CCC(CO)CC(CC)CO,160.257,平衡轮转；非全笛卡尔积,three_components_passed_prototype_gate,未采购未合成；需路线、EHS与供应复核,ledger-007-smipoly-2023;ledger-135-yue-2024-polyuniverse-data;ledger-136-yue-2024-polyuniverse;ledger-137-yue-polyuniverse-code
combo_d45d96fe7995af33,polyuniverse_dinco_8a880932a5a3f4f0ae1c,CC1CC(N=C=O)CCC1C1CC(C)(C)C(N=C=O)CC1C,304.434,chemical_5e814be594638bdc,OCCCCCCCCCCCCCCCCO,258.446,chemical_c68025b85cef6d56,OCC(CO)OCc1ccccc1,182.219,平衡轮转；非全笛卡尔积,three_components_passed_prototype_gate,未采购未合成；需路线、EHS与供应复核,ledger-007-smipoly-2023;ledger-135-yue-2024-polyuniverse-data;ledger-136-yue-2024-polyuniverse;ledger-137-yue-polyuniverse-code
combo_d466e53bad671684,polyuniverse_dinco_0499900e71bdb9da6b5c,CCCC(N=C=O)C1CC2CC(C(C)N=C=O)C1C2,262.353,chemical_a04b7de5081dd0a5,CC(C)CC(C)(c1ccc(O)cc1)c1ccc(O)cc1,270.372,chemical_2dad29ca9d88607e,OC1CCC(C2CCC(O)CC2)CC1,198.306,平衡轮转；非全笛卡尔积,three_components_passed_prototype_gate,未采购未合成；需路线、EHS与供应复核,ledger-007-smipoly-2023;ledger-135-yue-2024-polyuniverse-data;ledger-136-yue-2024-polyuniverse;ledger-137-yue-polyuniverse-code
combo_d467c4435d999339,polyuniverse_dinco_4e634aebc4fcf9faf957,O=C=NCc1ccc(CN=C=O)c(N=Nc2ccc([N+](=O)[O-])cc2)c1,337.295,chemical_e34b1bd2b88ad439,CC(C)(c1ccc(O)c(C2CCCCC2)c1)c1ccc(O)c(C2CCCCC2)c1,392.583,chemical_63c6eb608324eca7,OCC1CC2C3CC(CO)C(C3)C2C1,196.29,平衡轮转；非全笛卡尔积,three_components_passed_prototype_gate,未采购未合成；需路线、EHS与供应复核,ledger-007-smipoly-2023;ledger-135-yue-2024-polyuniverse-data;ledger-136-yue-2024-polyuniverse;ledger-137-yue-polyuniverse-code
combo_d4c4c87212828474,polyuniverse_dinco_00a778151d7a7401ddb6,CC(CCCC(N=C=O)(C1CCCCC1)C1CCCCC1)C(C)(C)N=C=O,374.569,chemical_1f862d0fb910ec42,Oc1ccc(C2(c3ccc(O)cc3)CCCCC2)cc1,268.356,chemical_28a648027cd37607,OCCCCCCCCCO,160.257,平衡轮转；非全笛卡尔积,three_components_passed_prototype_gate,未采购未合成；需路线、EHS与供应复核,ledger-007-smipoly-2023;ledger-135-yue-2024-polyuniverse-data;ledger-136-yue-2024-polyuniverse;ledger-137-yue-polyuniverse-code
combo_d4d36ff123483c6b,polyuniverse_dinco_57af23a42ae72d943289,CCC1C2(N=C=O)CC3CC(C2)CC1(C12CC4CC(CC(N=C=O)(C4)C1)C2)C3,380.532,chemical_986d2a218ca14417,OCC(F)(F)C(F)(F)C(F)(F)C(F)(F)C(F)(F)C(F)(F)CO,362.11,chemical_79b196ca779aae4e,OCc1ccccc1CO,138.166,平衡轮转；非全笛卡尔积,three_components_passed_prototype_gate,未采购未合成；需路线、EHS与供应复核,ledger-007-smipoly-2023;ledger-135-yue-2024-polyuniverse-data;ledger-136-yue-2024-polyuniverse;ledger-137-yue-polyuniverse-code
combo_d4ea1018cb7092fe,polyuniverse_dinco_00a778151d7a7401ddb6,CC(CCCC(N=C=O)(C1CCCCC1)C1CCCCC1)C(C)(C)N=C=O,374.569,chemical_1f862d0fb910ec42,Oc1ccc(C2(c3ccc(O)cc3)CCCCC2)cc1,268.356,chemical_1ace6e6abb3b5be3,Oc1ccc(O)c2c1C1CCC2C1,176.215,平衡轮转；非全笛卡尔积,three_components_passed_prototype_gate,未采购未合成；需路线、EHS与供应复核,ledger-007-smipoly-2023;ledger-135-yue-2024-polyuniverse-data;ledger-136-yue-2024-polyuniverse;ledger-137-yue-polyuniverse-code
combo_d53011dce10cc835,polyuniverse_dinco_bffdc5ccff4c002d8304,Cc1cc(CC2CCCCC2N=C=O)cc(N=C=O)c1,270.332,chemical_f59a0ec9b5c263ad,CCCCCCCCC(CO)(CO)CCCCCCCC,300.527,chemical_706c38f2fda91d2c,CCC(C)(c1ccc(O)cc1)c1ccc(O)cc1,242.318,平衡轮转；非全笛卡尔积,three_components_passed_prototype_gate,未采购未合成；需路线、EHS与供应复核,ledger-007-smipoly-2023;ledger-135-yue-2024-polyuniverse-data;ledger-136-yue-2024-polyuniverse;ledger-137-yue-polyuniverse-code
combo_d53ca9149ef45ab5,polyuniverse_dinco_2337b9bdfd4a7449f5ba,Cc1ccc(-n2nc(C(C)(C)C)c(N=C=O)c2N=C=O)cc1,296.33,chemical_ff8d497a35fecaa4,OC(C(F)(F)F)(C(F)(F)F)C(O)(C(F)(F)F)C(F)(F)F,334.056,chemical_75fb481cd45cc100,CCCCC(CC)(CO)CO,160.257,平衡轮转；非全笛卡尔积,three_components_passed_prototype_gate,未采购未合成；需路线、EHS与供应复核,ledger-007-smipoly-2023;ledger-135-yue-2024-polyuniverse-data;ledger-136-yue-2024-polyuniverse;ledger-137-yue-polyuniverse-code
combo_d570e81a52b37d69,polyuniverse_dinco_20ab49a32ae47e829378,Cc1c(C)c(N=C=O)c(C2CCCCC2)c(C)c1N=C=O,284.359,chemical_b94fa835d3f1bdb8,CC(C)(CO)C1OCC2(CO1)COC(C(C)(C)CO)OC2,304.383,chemical_48e0f37b8f35d22d,Cc1c(C)c(CO)c(C)c(C)c1CO,194.274,平衡轮转；非全笛卡尔积,three_components_passed_prototype_gate,未采购未合成；需路线、EHS与供应复核,ledger-007-smipoly-2023;ledger-135-yue-2024-polyuniverse-data;ledger-136-yue-2024-polyuniverse;ledger-137-yue-polyuniverse-code
combo_d57b3af008a286e6,polyuniverse_dinco_36587639e34b8082240f,N#COCC12CC(CCCN=C=O)C(CC1CCN=C=O)C2,303.362,chemical_a2cf8157d0f77432,OC(c1cccc(C(O)(C(F)(F)F)C(F)(F)F)c1)(C(F)(F)F)C(F)(F)F,410.154,chemical_48e0f37b8f35d22d,Cc1c(C)c(CO)c(C)c(C)c1CO,194.274,平衡轮转；非全笛卡尔积,three_components_passed_prototype_gate,未采购未合成；需路线、EHS与供应复核,ledger-007-smipoly-2023;ledger-135-yue-2024-polyuniverse-data;ledger-136-yue-2024-polyuniverse;ledger-137-yue-polyuniverse-code
combo_d5f441071a5b897f,polyuniverse_dinco_e3bd88989ad52de46012,O=C=Nc1cccc(CC2(N=C=O)CCCCC2)c1,256.305,chemical_694871d5e95b7370,Oc1c(F)c(F)c(-c2c(F)c(F)c(O)c(F)c2F)c(F)c1F,330.13,chemical_f25ee56de4366915,O=[N+]([O-])c1cc(CO)ccc1CO,183.163,平衡轮转；非全笛卡尔积,three_components_passed_prototype_gate,未采购未合成；需路线、EHS与供应复核,ledger-007-smipoly-2023;ledger-135-yue-2024-polyuniverse-data;ledger-136-yue-2024-polyuniverse;ledger-137-yue-polyuniverse-code
combo_d602b5597213bd6d,polyuniverse_dinco_e77d8b8eb2abaed0faff,O=C=NC1CCC(N(c2ccccc2)C2CCC(N=C=O)CC2)CC1,339.439,chemical_f59a0ec9b5c263ad,CCCCCCCCC(CO)(CO)CCCCCCCC,300.527,chemical_6ee30a16c1c450ed,OC1CCCCC1O,116.16,平衡轮转；非全笛卡尔积,three_components_passed_prototype_gate,未采购未合成；需路线、EHS与供应复核,ledger-007-smipoly-2023;ledger-135-yue-2024-polyuniverse-data;ledger-136-yue-2024-polyuniverse;ledger-137-yue-polyuniverse-code
combo_d633feba233e1b9d,polyuniverse_dinco_677d9180682055b9b9f3,O=C=Nc1nc(Cl)nc(N=C=O)n1,197.541,chemical_58b2613823466190,CC(C)(C)c1cc(-c2cc(C(C)(C)C)cc(C(C)(C)C)c2O)c(O)c(C(C)(C)C)c1,410.642,chemical_534466643d7ae4c0,Oc1ccccc1Oc1ccccc1O,202.209,平衡轮转；非全笛卡尔积,three_components_passed_prototype_gate,未采购未合成；需路线、EHS与供应复核,ledger-007-smipoly-2023;ledger-135-yue-2024-polyuniverse-data;ledger-136-yue-2024-polyuniverse;ledger-137-yue-polyuniverse-code
combo_d6401c51dae2bd86,polyuniverse_dinco_9a439aa6493516a05f38,Cc1ccc(C(C)N=C=O)c(C(C)N=C=O)c1C,244.294,chemical_986d2a218ca14417,OCC(F)(F)C(F)(F)C(F)(F)C(F)(F)C(F)(F)C(F)(F)CO,362.11,chemical_75fb481cd45cc100,CCCCC(CC)(CO)CO,160.257,平衡轮转；非全笛卡尔积,three_components_passed_prototype_gate,未采购未合成；需路线、EHS与供应复核,ledger-007-smipoly-2023;ledger-135-yue-2024-polyuniverse-data;ledger-136-yue-2024-polyuniverse;ledger-137-yue-polyuniverse-code
combo_d648ac1e9020cb44,polyuniverse_dinco_7ae84879e7df0d84fdfa,O=C=NC1(F)C(F)(F)C(F)(F)C(F)(F)C(F)(F)C1(F)N=C=O,346.08,chemical_e4aa17432292bb19,Cc1cc2c(cc1O)C(C)(C)CC1(CC(C)(C)c3cc(O)c(C)cc3O1)O2,368.473,chemical_63c6eb608324eca7,OCC1CC2C3CC(CO)C(C3)C2C1,196.29,平衡轮转；非全笛卡尔积,three_components_passed_prototype_gate,未采购未合成；需路线、EHS与供应复核,ledger-007-smipoly-2023;ledger-135-yue-2024-polyuniverse-data;ledger-136-yue-2024-polyuniverse;ledger-137-yue-polyuniverse-code
combo_d64dbe93de6155e7,polyuniverse_dinco_e9c64a150258b8ae2353,O=C=NC(F)C(F)(F)C(F)(F)N=C=O,216.065,chemical_34962dac292231e7,Cc1cc(Cc2cc(C)c(O)c(C)c2)cc(C)c1O,256.345,chemical_28a648027cd37607,OCCCCCCCCCO,160.257,平衡轮转；非全笛卡尔积,three_components_passed_prototype_gate,未采购未合成；需路线、EHS与供应复核,ledger-007-smipoly-2023;ledger-135-yue-2024-polyuniverse-data;ledger-136-yue-2024-polyuniverse;ledger-137-yue-polyuniverse-code
combo_d6b3fc13c29ff49b,polyuniverse_dinco_f93d4f580beca33f9619,O=C=Nc1cc(N=C=O)cc(OCCCCc2ccco2)c1,298.298,chemical_ff8d497a35fecaa4,OC(C(F)(F)F)(C(F)(F)F)C(O)(C(F)(F)F)C(F)(F)F,334.056,chemical_1ace6e6abb3b5be3,Oc1ccc(O)c2c1C1CCC2C1,176.215,平衡轮转；非全笛卡尔积,three_components_passed_prototype_gate,未采购未合成；需路线、EHS与供应复核,ledger-007-smipoly-2023;ledger-135-yue-2024-polyuniverse-data;ledger-136-yue-2024-polyuniverse;ledger-137-yue-polyuniverse-code
combo_d721ea48ab2224ea,polyuniverse_dinco_4716b4743a5baa106de3,O=C=Nc1cc2cccc(N=C=O)c2nc1-c1cccc(OC(F)(F)F)c1,371.274,chemical_a04b7de5081dd0a5,CC(C)CC(C)(c1ccc(O)cc1)c1ccc(O)cc1,270.372,chemical_831d24f7368b3f75,Cc1cc(-c2cc(C)c(O)c(C)c2)cc(C)c1O,242.318,平衡轮转；非全笛卡尔积,three_components_passed_prototype_gate,未采购未合成；需路线、EHS与供应复核,ledger-007-smipoly-2023;ledger-135-yue-2024-polyuniverse-data;ledger-136-yue-2024-polyuniverse;ledger-137-yue-polyuniverse-code
combo_d74597d0c38f7f5f,polyuniverse_dinco_07a134f8e87f85791f77,O=C=NC1CCCC2C3CCC2C1(N=C=O)C3,232.283,chemical_5e814be594638bdc,OCCCCCCCCCCCCCCCCO,258.446,chemical_63c6eb608324eca7,OCC1CC2C3CC(CO)C(C3)C2C1,196.29,平衡轮转；非全笛卡尔积,three_components_passed_prototype_gate,未采购未合成；需路线、EHS与供应复核,ledger-007-smipoly-2023;ledger-135-yue-2024-polyuniverse-data;ledger-136-yue-2024-polyuniverse;ledger-137-yue-polyuniverse-code
combo_d7936b994c5d24c6,polyuniverse_dinco_81e1e90ea24f1e711a99,CC(N=C=O)C1(C)CC(N=C=O)CC(C)(C)C1,236.315,chemical_986d2a218ca14417,OCC(F)(F)C(F)(F)C(F)(F)C(F)(F)C(F)(F)C(F)(F)CO,362.11,chemical_7eec20377145fdb7,CC1(C)C(O)C(C)(C)C1O,144.214,平衡轮转；非全笛卡尔积,three_components_passed_prototype_gate,未采购未合成；需路线、EHS与供应复核,ledger-007-smipoly-2023;ledger-135-yue-2024-polyuniverse-data;ledger-136-yue-2024-polyuniverse;ledger-137-yue-polyuniverse-code
combo_d7aaf9913fa5f16c,polyuniverse_dinco_016bfd4c165aa545a7db,Cc1c(CCCCCCN=C=O)cccc1N=C=O,258.321,chemical_a04b7de5081dd0a5,CC(C)CC(C)(c1ccc(O)cc1)c1ccc(O)cc1,270.372,chemical_831d24f7368b3f75,Cc1cc(-c2cc(C)c(O)c(C)c2)cc(C)c1O,242.318,平衡轮转；非全笛卡尔积,three_components_passed_prototype_gate,未采购未合成；需路线、EHS与供应复核,ledger-007-smipoly-2023;ledger-135-yue-2024-polyuniverse-data;ledger-136-yue-2024-polyuniverse;ledger-137-yue-polyuniverse-code
combo_d7b45dffc9ffefca,polyuniverse_dinco_a78553c2197b427a0d60,CC(N=C=O)OC1CC2CCC1(OC(C)N=C=O)CC2,280.324,chemical_a2cf8157d0f77432,OC(c1cccc(C(O)(C(F)(F)F)C(F)(F)F)c1)(C(F)(F)F)C(F)(F)F,410.154,chemical_2dad29ca9d88607e,OC1CCC(C2CCC(O)CC2)CC1,198.306,平衡轮转；非全笛卡尔积,three_components_passed_prototype_gate,未采购未合成；需路线、EHS与供应复核,ledger-007-smipoly-2023;ledger-135-yue-2024-polyuniverse-data;ledger-136-yue-2024-polyuniverse;ledger-137-yue-polyuniverse-code
combo_d7c5fea2a69f2158,polyuniverse_dinco_d5c6102d385810c8a633,CC1CC(C(C)(C)C)C(N=C=O)CC1N=C=O,236.315,chemical_b94fa835d3f1bdb8,CC(C)(CO)C1OCC2(CO1)COC(C(C)(C)CO)OC2,304.383,chemical_534466643d7ae4c0,Oc1ccccc1Oc1ccccc1O,202.209,平衡轮转；非全笛卡尔积,three_components_passed_prototype_gate,未采购未合成；需路线、EHS与供应复核,ledger-007-smipoly-2023;ledger-135-yue-2024-polyuniverse-data;ledger-136-yue-2024-polyuniverse;ledger-137-yue-polyuniverse-code
combo_d7fdfceb3187de98,polyuniverse_dinco_e19769eda682789a354e,O=C=Nc1cccc(COCc2cccc(N=C=O)n2)n1,282.259,chemical_3a566be4d64035e3,Oc1ccc(-c2ccc(O)c(Br)c2)cc1Br,344.002,chemical_831d24f7368b3f75,Cc1cc(-c2cc(C)c(O)c(C)c2)cc(C)c1O,242.318,平衡轮转；非全笛卡尔积,three_components_passed_prototype_gate,未采购未合成；需路线、EHS与供应复核,ledger-007-smipoly-2023;ledger-135-yue-2024-polyuniverse-data;ledger-136-yue-2024-polyuniverse;ledger-137-yue-polyuniverse-code
combo_d87006ef7fd3a2d1,polyuniverse_dinco_f93d4f580beca33f9619,O=C=Nc1cc(N=C=O)cc(OCCCCc2ccco2)c1,298.298,chemical_e34b1bd2b88ad439,CC(C)(c1ccc(O)c(C2CCCCC2)c1)c1ccc(O)c(C2CCCCC2)c1,392.583,chemical_f25ee56de4366915,O=[N+]([O-])c1cc(CO)ccc1CO,183.163,平衡轮转；非全笛卡尔积,three_components_passed_prototype_gate,未采购未合成；需路线、EHS与供应复核,ledger-007-smipoly-2023;ledger-135-yue-2024-polyuniverse-data;ledger-136-yue-2024-polyuniverse;ledger-137-yue-polyuniverse-code
combo_d8c933591bef7a72,polyuniverse_dinco_f4a3c1923033f08d5b48,Cc1c(Cl)cc(N=C=O)cc1C(Cl)(N=C=O)c1ccccc1,333.174,chemical_6364c045bd73da83,Oc1cccc(Oc2ccc(Oc3cccc(O)c3)cc2)c1,294.306,chemical_5be20976c2a9d662,Oc1c(F)c(F)c(O)c(F)c1F,182.072,平衡轮转；非全笛卡尔积,three_components_passed_prototype_gate,未采购未合成；需路线、EHS与供应复核,ledger-007-smipoly-2023;ledger-135-yue-2024-polyuniverse-data;ledger-136-yue-2024-polyuniverse;ledger-137-yue-polyuniverse-code
combo_d8e111b414a9a1d7,polyuniverse_dinco_a5809ed0bb50011d11e7,CC(C)c1ncc(F)c(C(C)CC2Cc3c(nc4c(c3N=C=O)CCC4)C2C)c1N=C=O,434.515,chemical_0895e6cd5136df6a,OCCOc1ccc(C2(c3ccc(OCCO)cc3)c3ccccc3-c3ccccc32)cc1,438.523,chemical_706c38f2fda91d2c,CCC(C)(c1ccc(O)cc1)c1ccc(O)cc1,242.318,平衡轮转；非全笛卡尔积,three_components_passed_prototype_gate,未采购未合成；需路线、EHS与供应复核,ledger-007-smipoly-2023;ledger-135-yue-2024-polyuniverse-data;ledger-136-yue-2024-polyuniverse;ledger-137-yue-polyuniverse-code
combo_d8f2e7a5d6d261f1,polyuniverse_dinco_00a778151d7a7401ddb6,CC(CCCC(N=C=O)(C1CCCCC1)C1CCCCC1)C(C)(C)N=C=O,374.569,chemical_0895e6cd5136df6a,OCCOc1ccc(C2(c3ccc(OCCO)cc3)c3ccccc3-c3ccccc32)cc1,438.523,chemical_1ace6e6abb3b5be3,Oc1ccc(O)c2c1C1CCC2C1,176.215,平衡轮转；非全笛卡尔积,three_components_passed_prototype_gate,未采购未合成；需路线、EHS与供应复核,ledger-007-smipoly-2023;ledger-135-yue-2024-polyuniverse-data;ledger-136-yue-2024-polyuniverse;ledger-137-yue-polyuniverse-code
combo_d9176f0e1df4d9a2,polyuniverse_dinco_e19769eda682789a354e,O=C=Nc1cccc(COCc2cccc(N=C=O)n2)n1,282.259,chemical_0895e6cd5136df6a,OCCOc1ccc(C2(c3ccc(OCCO)cc3)c3ccccc3-c3ccccc32)cc1,438.523,chemical_72b7ed7d3d268fd7,CC(C)CC(CO)(CO)CC(C)C,188.311,平衡轮转；非全笛卡尔积,three_components_passed_prototype_gate,未采购未合成；需路线、EHS与供应复核,ledger-007-smipoly-2023;ledger-135-yue-2024-polyuniverse-data;ledger-136-yue-2024-polyuniverse;ledger-137-yue-polyuniverse-code
combo_d933b9a9fde556c2,polyuniverse_dinco_20ab49a32ae47e829378,Cc1c(C)c(N=C=O)c(C2CCCCC2)c(C)c1N=C=O,284.359,chemical_a2cf8157d0f77432,OC(c1cccc(C(O)(C(F)(F)F)C(F)(F)F)c1)(C(F)(F)F)C(F)(F)F,410.154,chemical_2dad29ca9d88607e,OC1CCC(C2CCC(O)CC2)CC1,198.306,平衡轮转；非全笛卡尔积,three_components_passed_prototype_gate,未采购未合成；需路线、EHS与供应复核,ledger-007-smipoly-2023;ledger-135-yue-2024-polyuniverse-data;ledger-136-yue-2024-polyuniverse;ledger-137-yue-polyuniverse-code
combo_d946787b34a94ade,polyuniverse_dinco_2337b9bdfd4a7449f5ba,Cc1ccc(-n2nc(C(C)(C)C)c(N=C=O)c2N=C=O)cc1,296.33,chemical_e4aa17432292bb19,Cc1cc2c(cc1O)C(C)(C)CC1(CC(C)(C)c3cc(O)c(C)cc3O1)O2,368.473,chemical_63c6eb608324eca7,OCC1CC2C3CC(CO)C(C3)C2C1,196.29,平衡轮转；非全笛卡尔积,three_components_passed_prototype_gate,未采购未合成；需路线、EHS与供应复核,ledger-007-smipoly-2023;ledger-135-yue-2024-polyuniverse-data;ledger-136-yue-2024-polyuniverse;ledger-137-yue-polyuniverse-code
combo_d9fb5e258f0b7110,polyuniverse_dinco_016bfd4c165aa545a7db,Cc1c(CCCCCCN=C=O)cccc1N=C=O,258.321,chemical_986d2a218ca14417,OCC(F)(F)C(F)(F)C(F)(F)C(F)(F)C(F)(F)C(F)(F)CO,362.11,chemical_7eec20377145fdb7,CC1(C)C(O)C(C)(C)C1O,144.214,平衡轮转；非全笛卡尔积,three_components_passed_prototype_gate,未采购未合成；需路线、EHS与供应复核,ledger-007-smipoly-2023;ledger-135-yue-2024-polyuniverse-data;ledger-136-yue-2024-polyuniverse;ledger-137-yue-polyuniverse-code
combo_da06be1e6a337249,polyuniverse_dinco_36587639e34b8082240f,N#COCC12CC(CCCN=C=O)C(CC1CCN=C=O)C2,303.362,chemical_986d2a218ca14417,OCC(F)(F)C(F)(F)C(F)(F)C(F)(F)C(F)(F)C(F)(F)CO,362.11,chemical_2a0d22152800ae85,Oc1ccc(Oc2ccc(O)cc2)cc1,202.209,平衡轮转；非全笛卡尔积,three_components_passed_prototype_gate,未采购未合成；需路线、EHS与供应复核,ledger-007-smipoly-2023;ledger-135-yue-2024-polyuniverse-data;ledger-136-yue-2024-polyuniverse;ledger-137-yue-polyuniverse-code
combo_da2da6920596eaca,polyuniverse_dinco_4a1eb105ee6ae99e25d6,CCC1(CN=C=O)C(C)C1(C)N=C=O,194.234,chemical_34962dac292231e7,Cc1cc(Cc2cc(C)c(O)c(C)c2)cc(C)c1O,256.345,chemical_75fb481cd45cc100,CCCCC(CC)(CO)CO,160.257,平衡轮转；非全笛卡尔积,three_components_passed_prototype_gate,未采购未合成；需路线、EHS与供应复核,ledger-007-smipoly-2023;ledger-135-yue-2024-polyuniverse-data;ledger-136-yue-2024-polyuniverse;ledger-137-yue-polyuniverse-code
combo_db22e8eba37aec17,polyuniverse_dinco_236875b2e3fa5e54ba5a,CCC(N=C=O)c1cc(C#N)cc(C(CC)N=C=O)c1,269.304,chemical_0895e6cd5136df6a,OCCOc1ccc(C2(c3ccc(OCCO)cc3)c3ccccc3-c3ccccc32)cc1,438.523,chemical_1ace6e6abb3b5be3,Oc1ccc(O)c2c1C1CCC2C1,176.215,平衡轮转；非全笛卡尔积,three_components_passed_prototype_gate,未采购未合成；需路线、EHS与供应复核,ledger-007-smipoly-2023;ledger-135-yue-2024-polyuniverse-data;ledger-136-yue-2024-polyuniverse;ledger-137-yue-polyuniverse-code
combo_db8d4a64df0484fd,polyuniverse_dinco_7bf0d3c1efc36d46299a,O=C=NCCCC(CN=C=O)CC12CCC(CC1)C2,262.353,chemical_1f862d0fb910ec42,Oc1ccc(C2(c3ccc(O)cc3)CCCCC2)cc1,268.356,chemical_28a648027cd37607,OCCCCCCCCCO,160.257,平衡轮转；非全笛卡尔积,three_components_passed_prototype_gate,未采购未合成；需路线、EHS与供应复核,ledger-007-smipoly-2023;ledger-135-yue-2024-polyuniverse-data;ledger-136-yue-2024-polyuniverse;ledger-137-yue-polyuniverse-code
combo_dbecd66c43ca7946,polyuniverse_dinco_ff251f80a8e230a05cc3,O=C=NCC(Br)C(CF)N=C=O,237.028,chemical_a2cf8157d0f77432,OC(c1cccc(C(O)(C(F)(F)F)C(F)(F)F)c1)(C(F)(F)F)C(F)(F)F,410.154,chemical_48e0f37b8f35d22d,Cc1c(C)c(CO)c(C)c(C)c1CO,194.274,平衡轮转；非全笛卡尔积,three_components_passed_prototype_gate,未采购未合成；需路线、EHS与供应复核,ledger-007-smipoly-2023;ledger-135-yue-2024-polyuniverse-data;ledger-136-yue-2024-polyuniverse;ledger-137-yue-polyuniverse-code
combo_dc2b4bec940d7c2f,polyuniverse_dinco_1d6acf47e4862fbbcc32,Cc1cc(N=C=O)ncc1N=C=O,175.147,chemical_1f862d0fb910ec42,Oc1ccc(C2(c3ccc(O)cc3)CCCCC2)cc1,268.356,chemical_75fb481cd45cc100,CCCCC(CC)(CO)CO,160.257,平衡轮转；非全笛卡尔积,three_components_passed_prototype_gate,未采购未合成；需路线、EHS与供应复核,ledger-007-smipoly-2023;ledger-135-yue-2024-polyuniverse-data;ledger-136-yue-2024-polyuniverse;ledger-137-yue-polyuniverse-code
combo_dc529f891124f562,polyuniverse_dinco_01a65934dd666174775c,O=C=NCCC1CC2CC1C1CCC(CCN=C=O)C21,274.364,chemical_e4aa17432292bb19,Cc1cc2c(cc1O)C(C)(C)CC1(CC(C)(C)c3cc(O)c(C)cc3O1)O2,368.473,chemical_16bdee252ed11d7a,CC(O)C(C)O,90.122,平衡轮转；非全笛卡尔积,three_components_passed_prototype_gate,未采购未合成；需路线、EHS与供应复核,ledger-007-smipoly-2023;ledger-135-yue-2024-polyuniverse-data;ledger-136-yue-2024-polyuniverse;ledger-137-yue-polyuniverse-code
combo_dcab5d4344493e30,polyuniverse_dinco_92d8be6885e141a4524f,Cc1ccc(Cc2ccc(Cl)cc2)c(N=C=O)c1N=C=O,298.729,chemical_e34b1bd2b88ad439,CC(C)(c1ccc(O)c(C2CCCCC2)c1)c1ccc(O)c(C2CCCCC2)c1,392.583,chemical_63c6eb608324eca7,OCC1CC2C3CC(CO)C(C3)C2C1,196.29,平衡轮转；非全笛卡尔积,three_components_passed_prototype_gate,未采购未合成；需路线、EHS与供应复核,ledger-007-smipoly-2023;ledger-135-yue-2024-polyuniverse-data;ledger-136-yue-2024-polyuniverse;ledger-137-yue-polyuniverse-code
combo_dcacda8f08c21602,polyuniverse_dinco_85368c1d86f60fbe6dfa,O=C=NCC1CCC(CN=C=O)(CC2CCCCC2)CC1CC1CCCCC1,386.58,chemical_e4aa17432292bb19,Cc1cc2c(cc1O)C(C)(C)CC1(CC(C)(C)c3cc(O)c(C)cc3O1)O2,368.473,chemical_f25ee56de4366915,O=[N+]([O-])c1cc(CO)ccc1CO,183.163,平衡轮转；非全笛卡尔积,three_components_passed_prototype_gate,未采购未合成；需路线、EHS与供应复核,ledger-007-smipoly-2023;ledger-135-yue-2024-polyuniverse-data;ledger-136-yue-2024-polyuniverse;ledger-137-yue-polyuniverse-code
combo_dccab840c55a4bbd,polyuniverse_dinco_41dd7d9f5ae04dca84b5,O=C=NC1(Cl)CCCCC1(Cl)CC1(Cl)CCCCC1(Cl)N=C=O,400.133,chemical_1f862d0fb910ec42,Oc1ccc(C2(c3ccc(O)cc3)CCCCC2)cc1,268.356,chemical_28a648027cd37607,OCCCCCCCCCO,160.257,平衡轮转；非全笛卡尔积,three_components_passed_prototype_gate,未采购未合成；需路线、EHS与供应复核,ledger-007-smipoly-2023;ledger-135-yue-2024-polyuniverse-data;ledger-136-yue-2024-polyuniverse;ledger-137-yue-polyuniverse-code
combo_dcd0069abfd58ca7,polyuniverse_dinco_4bd62448d543828bc87c,CC(C)CC(CC(C)C)(CC(CC(C)C)(CC(C)C)N=C=O)N=C=O,350.547,chemical_a04b7de5081dd0a5,CC(C)CC(C)(c1ccc(O)cc1)c1ccc(O)cc1,270.372,chemical_2dad29ca9d88607e,OC1CCC(C2CCC(O)CC2)CC1,198.306,平衡轮转；非全笛卡尔积,three_components_passed_prototype_gate,未采购未合成；需路线、EHS与供应复核,ledger-007-smipoly-2023;ledger-135-yue-2024-polyuniverse-data;ledger-136-yue-2024-polyuniverse;ledger-137-yue-polyuniverse-code
combo_dd1e2bf587717c60,polyuniverse_dinco_bffdc5ccff4c002d8304,Cc1cc(CC2CCCCC2N=C=O)cc(N=C=O)c1,270.332,chemical_e4aa17432292bb19,Cc1cc2c(cc1O)C(C)(C)CC1(CC(C)(C)c3cc(O)c(C)cc3O1)O2,368.473,chemical_6ee30a16c1c450ed,OC1CCCCC1O,116.16,平衡轮转；非全笛卡尔积,three_components_passed_prototype_gate,未采购未合成；需路线、EHS与供应复核,ledger-007-smipoly-2023;ledger-135-yue-2024-polyuniverse-data;ledger-136-yue-2024-polyuniverse;ledger-137-yue-polyuniverse-code
combo_dd25750d86c8ed38,polyuniverse_dinco_569c13453ff070989050,[C-]#[N+]c1cc2c(N=C=O)c(C#N)c(C#N)cc2c(N=C=O)c1[N+]#[C-],310.232,chemical_694871d5e95b7370,Oc1c(F)c(F)c(-c2c(F)c(F)c(O)c(F)c2F)c(F)c1F,330.13,chemical_706c38f2fda91d2c,CCC(C)(c1ccc(O)cc1)c1ccc(O)cc1,242.318,平衡轮转；非全笛卡尔积,three_components_passed_prototype_gate,未采购未合成；需路线、EHS与供应复核,ledger-007-smipoly-2023;ledger-135-yue-2024-polyuniverse-data;ledger-136-yue-2024-polyuniverse;ledger-137-yue-polyuniverse-code
combo_dd718f69622bdc68,polyuniverse_dinco_4acdebf340e0856a52df,CC(C)(C)c1cc(N=C=O)c2c(c1)C(C)(C)c1cc(C(C)(C)C)cc(N=C=O)c1O2,404.51,chemical_694871d5e95b7370,Oc1c(F)c(F)c(-c2c(F)c(F)c(O)c(F)c2F)c(F)c1F,330.13,chemical_16bdee252ed11d7a,CC(O)C(C)O,90.122,平衡轮转；非全笛卡尔积,three_components_passed_prototype_gate,未采购未合成；需路线、EHS与供应复核,ledger-007-smipoly-2023;ledger-135-yue-2024-polyuniverse-data;ledger-136-yue-2024-polyuniverse;ledger-137-yue-polyuniverse-code
combo_ddbd97edb816ef75,polyuniverse_dinco_57af23a42ae72d943289,CCC1C2(N=C=O)CC3CC(C2)CC1(C12CC4CC(CC(N=C=O)(C4)C1)C2)C3,380.532,chemical_a04b7de5081dd0a5,CC(C)CC(C)(c1ccc(O)cc1)c1ccc(O)cc1,270.372,chemical_79b196ca779aae4e,OCc1ccccc1CO,138.166,平衡轮转；非全笛卡尔积,three_components_passed_prototype_gate,未采购未合成；需路线、EHS与供应复核,ledger-007-smipoly-2023;ledger-135-yue-2024-polyuniverse-data;ledger-136-yue-2024-polyuniverse;ledger-137-yue-polyuniverse-code
combo_ddcf5c99b90f5644,polyuniverse_dinco_fbadb623a6ef1950d388,O=C=NC(Cc1ccc2ccccc2c1)C(N=C=O)c1ccc2ccccc2c1,378.431,chemical_3a566be4d64035e3,Oc1ccc(-c2ccc(O)c(Br)c2)cc1Br,344.002,chemical_7eec20377145fdb7,CC1(C)C(O)C(C)(C)C1O,144.214,平衡轮转；非全笛卡尔积,three_components_passed_prototype_gate,未采购未合成；需路线、EHS与供应复核,ledger-007-smipoly-2023;ledger-135-yue-2024-polyuniverse-data;ledger-136-yue-2024-polyuniverse;ledger-137-yue-polyuniverse-code
combo_de2535255d63f2a2,polyuniverse_dinco_e9c64a150258b8ae2353,O=C=NC(F)C(F)(F)C(F)(F)N=C=O,216.065,chemical_1f862d0fb910ec42,Oc1ccc(C2(c3ccc(O)cc3)CCCCC2)cc1,268.356,chemical_28a648027cd37607,OCCCCCCCCCO,160.257,平衡轮转；非全笛卡尔积,three_components_passed_prototype_gate,未采购未合成；需路线、EHS与供应复核,ledger-007-smipoly-2023;ledger-135-yue-2024-polyuniverse-data;ledger-136-yue-2024-polyuniverse;ledger-137-yue-polyuniverse-code
combo_de51f710b3154a87,polyuniverse_dinco_4a1eb105ee6ae99e25d6,CCC1(CN=C=O)C(C)C1(C)N=C=O,194.234,chemical_0895e6cd5136df6a,OCCOc1ccc(C2(c3ccc(OCCO)cc3)c3ccccc3-c3ccccc32)cc1,438.523,chemical_75fb481cd45cc100,CCCCC(CC)(CO)CO,160.257,平衡轮转；非全笛卡尔积,three_components_passed_prototype_gate,未采购未合成；需路线、EHS与供应复核,ledger-007-smipoly-2023;ledger-135-yue-2024-polyuniverse-data;ledger-136-yue-2024-polyuniverse;ledger-137-yue-polyuniverse-code
combo_dec1f8d331cefe2b,polyuniverse_dinco_bd1652fdf1dacee4093c,O=C=NCCC12CCC(C1)C1CCCC12CCN=C=O,274.364,chemical_b94fa835d3f1bdb8,CC(C)(CO)C1OCC2(CO1)COC(C(C)(C)CO)OC2,304.383,chemical_48e0f37b8f35d22d,Cc1c(C)c(CO)c(C)c(C)c1CO,194.274,平衡轮转；非全笛卡尔积,three_components_passed_prototype_gate,未采购未合成；需路线、EHS与供应复核,ledger-007-smipoly-2023;ledger-135-yue-2024-polyuniverse-data;ledger-136-yue-2024-polyuniverse;ledger-137-yue-polyuniverse-code
combo_df3893bb9a9b9f38,polyuniverse_dinco_43658c980f2b703f5352,O=C=Nc1cc2c(N=C=O)c(c1Cl)-c1ccc-2cc1Cl,303.104,chemical_5e814be594638bdc,OCCCCCCCCCCCCCCCCO,258.446,chemical_551a139d1b44a292,OC12CC3CC(C1)CC(O)(C3)C2,168.236,平衡轮转；非全笛卡尔积,three_components_passed_prototype_gate,未采购未合成；需路线、EHS与供应复核,ledger-007-smipoly-2023;ledger-135-yue-2024-polyuniverse-data;ledger-136-yue-2024-polyuniverse;ledger-137-yue-polyuniverse-code
combo_df50cf8b546fba1d,polyuniverse_dinco_41dd7d9f5ae04dca84b5,O=C=NC1(Cl)CCCCC1(Cl)CC1(Cl)CCCCC1(Cl)N=C=O,400.133,chemical_0895e6cd5136df6a,OCCOc1ccc(C2(c3ccc(OCCO)cc3)c3ccccc3-c3ccccc32)cc1,438.523,chemical_1ace6e6abb3b5be3,Oc1ccc(O)c2c1C1CCC2C1,176.215,平衡轮转；非全笛卡尔积,three_components_passed_prototype_gate,未采购未合成；需路线、EHS与供应复核,ledger-007-smipoly-2023;ledger-135-yue-2024-polyuniverse-data;ledger-136-yue-2024-polyuniverse;ledger-137-yue-polyuniverse-code
combo_dfa31a92eb75951a,polyuniverse_dinco_1fc69a034afa52f3206d,O=C=Nc1ccc(C23CC4CC5(c6ccc(N=C=O)cc6)CC(C2)C5(C4)C3)cc1,382.463,chemical_58b2613823466190,CC(C)(C)c1cc(-c2cc(C(C)(C)C)cc(C(C)(C)C)c2O)c(O)c(C(C)(C)C)c1,410.642,chemical_c68025b85cef6d56,OCC(CO)OCc1ccccc1,182.219,平衡轮转；非全笛卡尔积,three_components_passed_prototype_gate,未采购未合成；需路线、EHS与供应复核,ledger-007-smipoly-2023;ledger-135-yue-2024-polyuniverse-data;ledger-136-yue-2024-polyuniverse;ledger-137-yue-polyuniverse-code
combo_dfab393b7cbd4bf5,polyuniverse_dinco_fd5f159552c1f70f915c,O=C=NCCC(CN(CC(CCN=C=O)([N+](=O)[O-])[N+](=O)[O-])[N+](=O)[O-])([N+](=O)[O-])[N+](=O)[O-],436.25,chemical_694871d5e95b7370,Oc1c(F)c(F)c(-c2c(F)c(F)c(O)c(F)c2F)c(F)c1F,330.13,chemical_16bdee252ed11d7a,CC(O)C(C)O,90.122,平衡轮转；非全笛卡尔积,three_components_passed_prototype_gate,未采购未合成；需路线、EHS与供应复核,ledger-007-smipoly-2023;ledger-135-yue-2024-polyuniverse-data;ledger-136-yue-2024-polyuniverse;ledger-137-yue-polyuniverse-code
combo_dfc7c588487c0caf,polyuniverse_dinco_7df67f418ef75f339395,CC1CC(N=C=O)C(N=C=O)(C(C)C)C(c2ccccc2)(c2ccccc2)C1,374.484,chemical_58b2613823466190,CC(C)(C)c1cc(-c2cc(C(C)(C)C)cc(C(C)(C)C)c2O)c(O)c(C(C)(C)C)c1,410.642,chemical_551a139d1b44a292,OC12CC3CC(C1)CC(O)(C3)C2,168.236,平衡轮转；非全笛卡尔积,three_components_passed_prototype_gate,未采购未合成；需路线、EHS与供应复核,ledger-007-smipoly-2023;ledger-135-yue-2024-polyuniverse-data;ledger-136-yue-2024-polyuniverse;ledger-137-yue-polyuniverse-code
combo_dfe57888f88bbae2,polyuniverse_dinco_01e918a682cd6d3022ac,N#COc1cc(-c2cc(N=C=O)oc2OC#N)c(N=C=O)o1,298.17,chemical_1f862d0fb910ec42,Oc1ccc(C2(c3ccc(O)cc3)CCCCC2)cc1,268.356,chemical_72b7ed7d3d268fd7,CC(C)CC(CO)(CO)CC(C)C,188.311,平衡轮转；非全笛卡尔积,three_components_passed_prototype_gate,未采购未合成；需路线、EHS与供应复核,ledger-007-smipoly-2023;ledger-135-yue-2024-polyuniverse-data;ledger-136-yue-2024-polyuniverse;ledger-137-yue-polyuniverse-code
combo_dffbf92bd9f549cf,polyuniverse_dinco_0321877a48fd93e2fb7d,CCC(N=C=O)OCC(C)(C)COC(CC)N=C=O,270.329,chemical_5e814be594638bdc,OCCCCCCCCCCCCCCCCO,258.446,chemical_ca5e105838153c99,CCC(CO)CC(CC)CO,160.257,平衡轮转；非全笛卡尔积,three_components_passed_prototype_gate,未采购未合成；需路线、EHS与供应复核,ledger-007-smipoly-2023;ledger-135-yue-2024-polyuniverse-data;ledger-136-yue-2024-polyuniverse;ledger-137-yue-polyuniverse-code
combo_e02d4bb7d73fae5f,polyuniverse_dinco_c24771e4eb3229cc941d,[C-]#[N+]C1(N=C=O)CCC(C)([N+]#[C-])C(N=C=O)C1,230.227,chemical_b94fa835d3f1bdb8,CC(C)(CO)C1OCC2(CO1)COC(C(C)(C)CO)OC2,304.383,chemical_bacbda6c95c1bb67,Cc1ccc(O)c(Cc2cc(C)ccc2O)c1,228.291,平衡轮转；非全笛卡尔积,three_components_passed_prototype_gate,未采购未合成；需路线、EHS与供应复核,ledger-007-smipoly-2023;ledger-135-yue-2024-polyuniverse-data;ledger-136-yue-2024-polyuniverse;ledger-137-yue-polyuniverse-code
combo_e039ae48cad577d8,polyuniverse_dinco_c1050e20fc33beb7e09a,CC(CCN=C=O)CC(C)C(C)N=C=O,210.277,chemical_6364c045bd73da83,Oc1cccc(Oc2ccc(Oc3cccc(O)c3)cc2)c1,294.306,chemical_5be20976c2a9d662,Oc1c(F)c(F)c(O)c(F)c1F,182.072,平衡轮转；非全笛卡尔积,three_components_passed_prototype_gate,未采购未合成；需路线、EHS与供应复核,ledger-007-smipoly-2023;ledger-135-yue-2024-polyuniverse-data;ledger-136-yue-2024-polyuniverse;ledger-137-yue-polyuniverse-code
combo_e0a7afe34b4fe94f,polyuniverse_dinco_57af23a42ae72d943289,CCC1C2(N=C=O)CC3CC(C2)CC1(C12CC4CC(CC(N=C=O)(C4)C1)C2)C3,380.532,chemical_a2cf8157d0f77432,OC(c1cccc(C(O)(C(F)(F)F)C(F)(F)F)c1)(C(F)(F)F)C(F)(F)F,410.154,chemical_7eec20377145fdb7,CC1(C)C(O)C(C)(C)C1O,144.214,平衡轮转；非全笛卡尔积,three_components_passed_prototype_gate,未采购未合成；需路线、EHS与供应复核,ledger-007-smipoly-2023;ledger-135-yue-2024-polyuniverse-data;ledger-136-yue-2024-polyuniverse;ledger-137-yue-polyuniverse-code
combo_e0ce0f7b041831c2,polyuniverse_dinco_0321877a48fd93e2fb7d,CCC(N=C=O)OCC(C)(C)COC(CC)N=C=O,270.329,chemical_694871d5e95b7370,Oc1c(F)c(F)c(-c2c(F)c(F)c(O)c(F)c2F)c(F)c1F,330.13,chemical_dd2ebb8c8aeed446,Oc1ccc2c(O)cccc2c1,160.172,平衡轮转；非全笛卡尔积,three_components_passed_prototype_gate,未采购未合成；需路线、EHS与供应复核,ledger-007-smipoly-2023;ledger-135-yue-2024-polyuniverse-data;ledger-136-yue-2024-polyuniverse;ledger-137-yue-polyuniverse-code
combo_e11833e33b73dc48,polyuniverse_dinco_36587639e34b8082240f,N#COCC12CC(CCCN=C=O)C(CC1CCN=C=O)C2,303.362,chemical_986d2a218ca14417,OCC(F)(F)C(F)(F)C(F)(F)C(F)(F)C(F)(F)C(F)(F)CO,362.11,chemical_2dad29ca9d88607e,OC1CCC(C2CCC(O)CC2)CC1,198.306,平衡轮转；非全笛卡尔积,three_components_passed_prototype_gate,未采购未合成；需路线、EHS与供应复核,ledger-007-smipoly-2023;ledger-135-yue-2024-polyuniverse-data;ledger-136-yue-2024-polyuniverse;ledger-137-yue-polyuniverse-code
combo_e1bf8e7984317325,polyuniverse_dinco_6a887a4fc6e3f56dee69,N#COCC(CN=C=O)(CN=C=O)COC#N,236.187,chemical_986d2a218ca14417,OCC(F)(F)C(F)(F)C(F)(F)C(F)(F)C(F)(F)C(F)(F)CO,362.11,chemical_75fb481cd45cc100,CCCCC(CC)(CO)CO,160.257,平衡轮转；非全笛卡尔积,three_components_passed_prototype_gate,未采购未合成；需路线、EHS与供应复核,ledger-007-smipoly-2023;ledger-135-yue-2024-polyuniverse-data;ledger-136-yue-2024-polyuniverse;ledger-137-yue-polyuniverse-code
combo_e1ea5f4db6a1571e,polyuniverse_dinco_854f6f15dafaadb28034,O=C=Nc1ccc2c([nH]c3ccccc32)c1N=C=O,249.229,chemical_0895e6cd5136df6a,OCCOc1ccc(C2(c3ccc(OCCO)cc3)c3ccccc3-c3ccccc32)cc1,438.523,chemical_706c38f2fda91d2c,CCC(C)(c1ccc(O)cc1)c1ccc(O)cc1,242.318,平衡轮转；非全笛卡尔积,three_components_passed_prototype_gate,未采购未合成；需路线、EHS与供应复核,ledger-007-smipoly-2023;ledger-135-yue-2024-polyuniverse-data;ledger-136-yue-2024-polyuniverse;ledger-137-yue-polyuniverse-code
combo_e2166dc8c1d882e8,polyuniverse_dinco_ad772ec6dd390bb329d7,CC1CC1(N=C=O)C(C)(C)N=C=O,180.207,chemical_6364c045bd73da83,Oc1cccc(Oc2ccc(Oc3cccc(O)c3)cc2)c1,294.306,chemical_5be20976c2a9d662,Oc1c(F)c(F)c(O)c(F)c1F,182.072,平衡轮转；非全笛卡尔积,three_components_passed_prototype_gate,未采购未合成；需路线、EHS与供应复核,ledger-007-smipoly-2023;ledger-135-yue-2024-polyuniverse-data;ledger-136-yue-2024-polyuniverse;ledger-137-yue-polyuniverse-code
combo_e2308b139c15877c,polyuniverse_dinco_2acbe63b26c33137e286,CC1(N=C=O)CCC(C)(C)C(C)(N=C=O)C1,222.288,chemical_0895e6cd5136df6a,OCCOc1ccc(C2(c3ccc(OCCO)cc3)c3ccccc3-c3ccccc32)cc1,438.523,chemical_75fb481cd45cc100,CCCCC(CC)(CO)CO,160.257,平衡轮转；非全笛卡尔积,three_components_passed_prototype_gate,未采购未合成；需路线、EHS与供应复核,ledger-007-smipoly-2023;ledger-135-yue-2024-polyuniverse-data;ledger-136-yue-2024-polyuniverse;ledger-137-yue-polyuniverse-code
combo_e2cb53fa77606a95,polyuniverse_dinco_b3615f63610ee99adc3f,CCC(C)c1c(N=C=O)cc(N=C=O)c2c1CCC2(C)C,284.359,chemical_e34b1bd2b88ad439,CC(C)(c1ccc(O)c(C2CCCCC2)c1)c1ccc(O)c(C2CCCCC2)c1,392.583,chemical_dd2ebb8c8aeed446,Oc1ccc2c(O)cccc2c1,160.172,平衡轮转；非全笛卡尔积,three_components_passed_prototype_gate,未采购未合成；需路线、EHS与供应复核,ledger-007-smipoly-2023;ledger-135-yue-2024-polyuniverse-data;ledger-136-yue-2024-polyuniverse;ledger-137-yue-polyuniverse-code
combo_e2df02a32dfdde2e,polyuniverse_dinco_a759abc4f1e86d39deed,CC1CC(C)CC(CC2CC(C)C(N=C=O)C(C)(N=C=O)C2)C1,318.461,chemical_694871d5e95b7370,Oc1c(F)c(F)c(-c2c(F)c(F)c(O)c(F)c2F)c(F)c1F,330.13,chemical_dd2ebb8c8aeed446,Oc1ccc2c(O)cccc2c1,160.172,平衡轮转；非全笛卡尔积,three_components_passed_prototype_gate,未采购未合成；需路线、EHS与供应复核,ledger-007-smipoly-2023;ledger-135-yue-2024-polyuniverse-data;ledger-136-yue-2024-polyuniverse;ledger-137-yue-polyuniverse-code
combo_e304600253740a49,polyuniverse_dinco_d6e57fb34f6442032c80,COc1ccc(OC)c(N(c2ccc(N=C=O)cc2)c2ccc(N=C=O)cc2)c1,387.395,chemical_e34b1bd2b88ad439,CC(C)(c1ccc(O)c(C2CCCCC2)c1)c1ccc(O)c(C2CCCCC2)c1,392.583,chemical_5be20976c2a9d662,Oc1c(F)c(F)c(O)c(F)c1F,182.072,平衡轮转；非全笛卡尔积,three_components_passed_prototype_gate,未采购未合成；需路线、EHS与供应复核,ledger-007-smipoly-2023;ledger-135-yue-2024-polyuniverse-data;ledger-136-yue-2024-polyuniverse;ledger-137-yue-polyuniverse-code
combo_e3486a210e96aab9,polyuniverse_dinco_7416e04e1592ed966a70,O=C=NCC1COC(CN=C=O)O1,184.151,chemical_34962dac292231e7,Cc1cc(Cc2cc(C)c(O)c(C)c2)cc(C)c1O,256.345,chemical_79b196ca779aae4e,OCc1ccccc1CO,138.166,平衡轮转；非全笛卡尔积,three_components_passed_prototype_gate,未采购未合成；需路线、EHS与供应复核,ledger-007-smipoly-2023;ledger-135-yue-2024-polyuniverse-data;ledger-136-yue-2024-polyuniverse;ledger-137-yue-polyuniverse-code
combo_e34ad515146a0fd8,polyuniverse_dinco_b3615f63610ee99adc3f,CCC(C)c1c(N=C=O)cc(N=C=O)c2c1CCC2(C)C,284.359,chemical_ff8d497a35fecaa4,OC(C(F)(F)F)(C(F)(F)F)C(O)(C(F)(F)F)C(F)(F)F,334.056,chemical_28a648027cd37607,OCCCCCCCCCO,160.257,平衡轮转；非全笛卡尔积,three_components_passed_prototype_gate,未采购未合成；需路线、EHS与供应复核,ledger-007-smipoly-2023;ledger-135-yue-2024-polyuniverse-data;ledger-136-yue-2024-polyuniverse;ledger-137-yue-polyuniverse-code
combo_e352bf69ceb22369,polyuniverse_dinco_ff2f153939a86421b3aa,O=C=NCC1CN2CC1CC2CN=C=O,207.233,chemical_e34b1bd2b88ad439,CC(C)(c1ccc(O)c(C2CCCCC2)c1)c1ccc(O)c(C2CCCCC2)c1,392.583,chemical_63c6eb608324eca7,OCC1CC2C3CC(CO)C(C3)C2C1,196.29,平衡轮转；非全笛卡尔积,three_components_passed_prototype_gate,未采购未合成；需路线、EHS与供应复核,ledger-007-smipoly-2023;ledger-135-yue-2024-polyuniverse-data;ledger-136-yue-2024-polyuniverse;ledger-137-yue-polyuniverse-code
combo_e35c251b109a441d,polyuniverse_dinco_952c8476d31239835550,O=C=NCC1(CN=C=O)CCCC(F)(F)C1(F)F,266.194,chemical_58b2613823466190,CC(C)(C)c1cc(-c2cc(C(C)(C)C)cc(C(C)(C)C)c2O)c(O)c(C(C)(C)C)c1,410.642,chemical_534466643d7ae4c0,Oc1ccccc1Oc1ccccc1O,202.209,平衡轮转；非全笛卡尔积,three_components_passed_prototype_gate,未采购未合成；需路线、EHS与供应复核,ledger-007-smipoly-2023;ledger-135-yue-2024-polyuniverse-data;ledger-136-yue-2024-polyuniverse;ledger-137-yue-polyuniverse-code
combo_e36bc855e7af0304,polyuniverse_dinco_7ae84879e7df0d84fdfa,O=C=NC1(F)C(F)(F)C(F)(F)C(F)(F)C(F)(F)C1(F)N=C=O,346.08,chemical_e34b1bd2b88ad439,CC(C)(c1ccc(O)c(C2CCCCC2)c1)c1ccc(O)c(C2CCCCC2)c1,392.583,chemical_6ee30a16c1c450ed,OC1CCCCC1O,116.16,平衡轮转；非全笛卡尔积,three_components_passed_prototype_gate,未采购未合成；需路线、EHS与供应复核,ledger-007-smipoly-2023;ledger-135-yue-2024-polyuniverse-data;ledger-136-yue-2024-polyuniverse;ledger-137-yue-polyuniverse-code
combo_e38efab018052909,polyuniverse_dinco_b03d7a2243c8c46ba34f,O=C=Nc1c(F)cc(Oc2cc(F)c(N=C=O)c(F)c2)cc1F,324.189,chemical_986d2a218ca14417,OCC(F)(F)C(F)(F)C(F)(F)C(F)(F)C(F)(F)C(F)(F)CO,362.11,chemical_79b196ca779aae4e,OCc1ccccc1CO,138.166,平衡轮转；非全笛卡尔积,three_components_passed_prototype_gate,未采购未合成；需路线、EHS与供应复核,ledger-007-smipoly-2023;ledger-135-yue-2024-polyuniverse-data;ledger-136-yue-2024-polyuniverse;ledger-137-yue-polyuniverse-code
combo_e3e07c3bb8a04f3a,polyuniverse_dinco_b3615f63610ee99adc3f,CCC(C)c1c(N=C=O)cc(N=C=O)c2c1CCC2(C)C,284.359,chemical_e34b1bd2b88ad439,CC(C)(c1ccc(O)c(C2CCCCC2)c1)c1ccc(O)c(C2CCCCC2)c1,392.583,chemical_ca5e105838153c99,CCC(CO)CC(CC)CO,160.257,平衡轮转；非全笛卡尔积,three_components_passed_prototype_gate,未采购未合成；需路线、EHS与供应复核,ledger-007-smipoly-2023;ledger-135-yue-2024-polyuniverse-data;ledger-136-yue-2024-polyuniverse;ledger-137-yue-polyuniverse-code
combo_e3fec71e3d0b126e,polyuniverse_dinco_d99b46b0b115b20a069f,CC1(C)CC(C)(CN=C=O)C(C2CCCCC2)C(N=C=O)(C2CCCCC2)C1,386.58,chemical_0895e6cd5136df6a,OCCOc1ccc(C2(c3ccc(OCCO)cc3)c3ccccc3-c3ccccc32)cc1,438.523,chemical_1ace6e6abb3b5be3,Oc1ccc(O)c2c1C1CCC2C1,176.215,平衡轮转；非全笛卡尔积,three_components_passed_prototype_gate,未采购未合成；需路线、EHS与供应复核,ledger-007-smipoly-2023;ledger-135-yue-2024-polyuniverse-data;ledger-136-yue-2024-polyuniverse;ledger-137-yue-polyuniverse-code
combo_e440052f80f97642,polyuniverse_dinco_c009c596c9a17cb1e87f,O=C=NCc1c(F)c(F)c(F)c(F)c1CN=C=O,260.146,chemical_0895e6cd5136df6a,OCCOc1ccc(C2(c3ccc(OCCO)cc3)c3ccccc3-c3ccccc32)cc1,438.523,chemical_16bdee252ed11d7a,CC(O)C(C)O,90.122,平衡轮转；非全笛卡尔积,three_components_passed_prototype_gate,未采购未合成；需路线、EHS与供应复核,ledger-007-smipoly-2023;ledger-135-yue-2024-polyuniverse-data;ledger-136-yue-2024-polyuniverse;ledger-137-yue-polyuniverse-code
combo_e44d3c40b81f265a,polyuniverse_dinco_236875b2e3fa5e54ba5a,CCC(N=C=O)c1cc(C#N)cc(C(CC)N=C=O)c1,269.304,chemical_34962dac292231e7,Cc1cc(Cc2cc(C)c(O)c(C)c2)cc(C)c1O,256.345,chemical_2dad29ca9d88607e,OC1CCC(C2CCC(O)CC2)CC1,198.306,平衡轮转；非全笛卡尔积,three_components_passed_prototype_gate,未采购未合成；需路线、EHS与供应复核,ledger-007-smipoly-2023;ledger-135-yue-2024-polyuniverse-data;ledger-136-yue-2024-polyuniverse;ledger-137-yue-polyuniverse-code
combo_e470ba347e4dd7c9,polyuniverse_dinco_ba183439d0e722cfbeb8,O=C=Nc1ccc(C(c2ccc(N=C=O)cc2)n2ccnc2)cc1,316.32,chemical_694871d5e95b7370,Oc1c(F)c(F)c(-c2c(F)c(F)c(O)c(F)c2F)c(F)c1F,330.13,chemical_f25ee56de4366915,O=[N+]([O-])c1cc(CO)ccc1CO,183.163,平衡轮转；非全笛卡尔积,three_components_passed_prototype_gate,未采购未合成；需路线、EHS与供应复核,ledger-007-smipoly-2023;ledger-135-yue-2024-polyuniverse-data;ledger-136-yue-2024-polyuniverse;ledger-137-yue-polyuniverse-code
combo_e4ae475b21cd64b5,polyuniverse_dinco_85368c1d86f60fbe6dfa,O=C=NCC1CCC(CN=C=O)(CC2CCCCC2)CC1CC1CCCCC1,386.58,chemical_ff8d497a35fecaa4,OC(C(F)(F)F)(C(F)(F)F)C(O)(C(F)(F)F)C(F)(F)F,334.056,chemical_1ace6e6abb3b5be3,Oc1ccc(O)c2c1C1CCC2C1,176.215,平衡轮转；非全笛卡尔积,three_components_passed_prototype_gate,未采购未合成；需路线、EHS与供应复核,ledger-007-smipoly-2023;ledger-135-yue-2024-polyuniverse-data;ledger-136-yue-2024-polyuniverse;ledger-137-yue-polyuniverse-code
combo_e514e3ecb5b202fb,polyuniverse_dinco_2c849f9c85ebe823e4a4,C[C@@H]1C[C@@H]2C[C@H](C)[C@H]3CC[C@](C)(N=C=O)[C@H]4CC[C@@H]([C@@H]2[C@H]34)[C@]1(C)N=C=O,356.51,chemical_58b2613823466190,CC(C)(C)c1cc(-c2cc(C(C)(C)C)cc(C(C)(C)C)c2O)c(O)c(C(C)(C)C)c1,410.642,chemical_ca5e105838153c99,CCC(CO)CC(CC)CO,160.257,平衡轮转；非全笛卡尔积,three_components_passed_prototype_gate,未采购未合成；需路线、EHS与供应复核,ledger-007-smipoly-2023;ledger-135-yue-2024-polyuniverse-data;ledger-136-yue-2024-polyuniverse;ledger-137-yue-polyuniverse-code
combo_e566ae0e3f32c87f,polyuniverse_dinco_952c8476d31239835550,O=C=NCC1(CN=C=O)CCCC(F)(F)C1(F)F,266.194,chemical_694871d5e95b7370,Oc1c(F)c(F)c(-c2c(F)c(F)c(O)c(F)c2F)c(F)c1F,330.13,chemical_6ee30a16c1c450ed,OC1CCCCC1O,116.16,平衡轮转；非全笛卡尔积,three_components_passed_prototype_gate,未采购未合成；需路线、EHS与供应复核,ledger-007-smipoly-2023;ledger-135-yue-2024-polyuniverse-data;ledger-136-yue-2024-polyuniverse;ledger-137-yue-polyuniverse-code
combo_e58007ee964894cf,polyuniverse_dinco_c24771e4eb3229cc941d,[C-]#[N+]C1(N=C=O)CCC(C)([N+]#[C-])C(N=C=O)C1,230.227,chemical_b94fa835d3f1bdb8,CC(C)(CO)C1OCC2(CO1)COC(C(C)(C)CO)OC2,304.383,chemical_9a89f0adbd70529b,OCC(F)(F)C(F)(F)C(F)(F)CO,212.089,平衡轮转；非全笛卡尔积,three_components_passed_prototype_gate,未采购未合成；需路线、EHS与供应复核,ledger-007-smipoly-2023;ledger-135-yue-2024-polyuniverse-data;ledger-136-yue-2024-polyuniverse;ledger-137-yue-polyuniverse-code
combo_e5b501531c7c94e1,polyuniverse_dinco_e9c64a150258b8ae2353,O=C=NC(F)C(F)(F)C(F)(F)N=C=O,216.065,chemical_0895e6cd5136df6a,OCCOc1ccc(C2(c3ccc(OCCO)cc3)c3ccccc3-c3ccccc32)cc1,438.523,chemical_16bdee252ed11d7a,CC(O)C(C)O,90.122,平衡轮转；非全笛卡尔积,three_components_passed_prototype_gate,未采购未合成；需路线、EHS与供应复核,ledger-007-smipoly-2023;ledger-135-yue-2024-polyuniverse-data;ledger-136-yue-2024-polyuniverse;ledger-137-yue-polyuniverse-code
combo_e5cb1f526031d07e,polyuniverse_dinco_d5c6102d385810c8a633,CC1CC(C(C)(C)C)C(N=C=O)CC1N=C=O,236.315,chemical_986d2a218ca14417,OCC(F)(F)C(F)(F)C(F)(F)C(F)(F)C(F)(F)C(F)(F)CO,362.11,chemical_28a648027cd37607,OCCCCCCCCCO,160.257,平衡轮转；非全笛卡尔积,three_components_passed_prototype_gate,未采购未合成；需路线、EHS与供应复核,ledger-007-smipoly-2023;ledger-135-yue-2024-polyuniverse-data;ledger-136-yue-2024-polyuniverse;ledger-137-yue-polyuniverse-code
combo_e5d1b956babc293f,polyuniverse_dinco_61e84547e1c5aa376ad9,O=C=NCC12CC(C3CCCC31)C1C3CCC(C3)C12CN=C=O,312.413,chemical_f59a0ec9b5c263ad,CCCCCCCCC(CO)(CO)CCCCCCCC,300.527,chemical_6ee30a16c1c450ed,OC1CCCCC1O,116.16,平衡轮转；非全笛卡尔积,three_components_passed_prototype_gate,未采购未合成；需路线、EHS与供应复核,ledger-007-smipoly-2023;ledger-135-yue-2024-polyuniverse-data;ledger-136-yue-2024-polyuniverse;ledger-137-yue-polyuniverse-code
combo_e626976161fbd75e,polyuniverse_dinco_8a880932a5a3f4f0ae1c,CC1CC(N=C=O)CCC1C1CC(C)(C)C(N=C=O)CC1C,304.434,chemical_58b2613823466190,CC(C)(C)c1cc(-c2cc(C(C)(C)C)cc(C(C)(C)C)c2O)c(O)c(C(C)(C)C)c1,410.642,chemical_ca5e105838153c99,CCC(CO)CC(CC)CO,160.257,平衡轮转；非全笛卡尔积,three_components_passed_prototype_gate,未采购未合成；需路线、EHS与供应复核,ledger-007-smipoly-2023;ledger-135-yue-2024-polyuniverse-data;ledger-136-yue-2024-polyuniverse;ledger-137-yue-polyuniverse-code
combo_e659a14a3af0aed4,polyuniverse_dinco_4acdebf340e0856a52df,CC(C)(C)c1cc(N=C=O)c2c(c1)C(C)(C)c1cc(C(C)(C)C)cc(N=C=O)c1O2,404.51,chemical_694871d5e95b7370,Oc1c(F)c(F)c(-c2c(F)c(F)c(O)c(F)c2F)c(F)c1F,330.13,chemical_f25ee56de4366915,O=[N+]([O-])c1cc(CO)ccc1CO,183.163,平衡轮转；非全笛卡尔积,three_components_passed_prototype_gate,未采购未合成；需路线、EHS与供应复核,ledger-007-smipoly-2023;ledger-135-yue-2024-polyuniverse-data;ledger-136-yue-2024-polyuniverse;ledger-137-yue-polyuniverse-code
combo_e6d8b8ae1ba572e1,polyuniverse_dinco_d99b46b0b115b20a069f,CC1(C)CC(C)(CN=C=O)C(C2CCCCC2)C(N=C=O)(C2CCCCC2)C1,386.58,chemical_3a566be4d64035e3,Oc1ccc(-c2ccc(O)c(Br)c2)cc1Br,344.002,chemical_3635aefc1005d8ad,CC(C)(O)CCC(C)(C)O,146.23,平衡轮转；非全笛卡尔积,three_components_passed_prototype_gate,未采购未合成；需路线、EHS与供应复核,ledger-007-smipoly-2023;ledger-135-yue-2024-polyuniverse-data;ledger-136-yue-2024-polyuniverse;ledger-137-yue-polyuniverse-code
combo_e714627ec30a23f3,polyuniverse_dinco_055819dc5371734047d1,N#COC1CCC(CC2CCC(N=C=O)C(CC3CCC(N=C=O)CC3)C2)CC1,399.535,chemical_e4aa17432292bb19,Cc1cc2c(cc1O)C(C)(C)CC1(CC(C)(C)c3cc(O)c(C)cc3O1)O2,368.473,chemical_6ee30a16c1c450ed,OC1CCCCC1O,116.16,平衡轮转；非全笛卡尔积,three_components_passed_prototype_gate,未采购未合成；需路线、EHS与供应复核,ledger-007-smipoly-2023;ledger-135-yue-2024-polyuniverse-data;ledger-136-yue-2024-polyuniverse;ledger-137-yue-polyuniverse-code
combo_e7685642fe9af418,polyuniverse_dinco_b942aa905763bb430945,CCCC1(CC(C)N=C=O)CCC(C)(C(C)(C)CC(C)(C)N=C=O)C1,348.531,chemical_34962dac292231e7,Cc1cc(Cc2cc(C)c(O)c(C)c2)cc(C)c1O,256.345,chemical_79b196ca779aae4e,OCc1ccccc1CO,138.166,平衡轮转；非全笛卡尔积,three_components_passed_prototype_gate,未采购未合成；需路线、EHS与供应复核,ledger-007-smipoly-2023;ledger-135-yue-2024-polyuniverse-data;ledger-136-yue-2024-polyuniverse;ledger-137-yue-polyuniverse-code
combo_e7dfd71fc6be6448,polyuniverse_dinco_7988a8eeb838489f4eaf,O=C=NCCCCC(COc1ccc(Oc2ccccc2)cc1)N=C=O,352.39,chemical_b94fa835d3f1bdb8,CC(C)(CO)C1OCC2(CO1)COC(C(C)(C)CO)OC2,304.383,chemical_534466643d7ae4c0,Oc1ccccc1Oc1ccccc1O,202.209,平衡轮转；非全笛卡尔积,three_components_passed_prototype_gate,未采购未合成；需路线、EHS与供应复核,ledger-007-smipoly-2023;ledger-135-yue-2024-polyuniverse-data;ledger-136-yue-2024-polyuniverse;ledger-137-yue-polyuniverse-code
combo_e80b48877677d6a2,polyuniverse_dinco_01e918a682cd6d3022ac,N#COc1cc(-c2cc(N=C=O)oc2OC#N)c(N=C=O)o1,298.17,chemical_0895e6cd5136df6a,OCCOc1ccc(C2(c3ccc(OCCO)cc3)c3ccccc3-c3ccccc32)cc1,438.523,chemical_72b7ed7d3d268fd7,CC(C)CC(CO)(CO)CC(C)C,188.311,平衡轮转；非全笛卡尔积,three_components_passed_prototype_gate,未采购未合成；需路线、EHS与供应复核,ledger-007-smipoly-2023;ledger-135-yue-2024-polyuniverse-data;ledger-136-yue-2024-polyuniverse;ledger-137-yue-polyuniverse-code
combo_e8a6a8d2ed9f519c,polyuniverse_dinco_a5809ed0bb50011d11e7,CC(C)c1ncc(F)c(C(C)CC2Cc3c(nc4c(c3N=C=O)CCC4)C2C)c1N=C=O,434.515,chemical_1f862d0fb910ec42,Oc1ccc(C2(c3ccc(O)cc3)CCCCC2)cc1,268.356,chemical_79b196ca779aae4e,OCc1ccccc1CO,138.166,平衡轮转；非全笛卡尔积,three_components_passed_prototype_gate,未采购未合成；需路线、EHS与供应复核,ledger-007-smipoly-2023;ledger-135-yue-2024-polyuniverse-data;ledger-136-yue-2024-polyuniverse;ledger-137-yue-polyuniverse-code
combo_e9313d8c63a8690b,polyuniverse_dinco_d99b46b0b115b20a069f,CC1(C)CC(C)(CN=C=O)C(C2CCCCC2)C(N=C=O)(C2CCCCC2)C1,386.58,chemical_1f862d0fb910ec42,Oc1ccc(C2(c3ccc(O)cc3)CCCCC2)cc1,268.356,chemical_1ace6e6abb3b5be3,Oc1ccc(O)c2c1C1CCC2C1,176.215,平衡轮转；非全笛卡尔积,three_components_passed_prototype_gate,未采购未合成；需路线、EHS与供应复核,ledger-007-smipoly-2023;ledger-135-yue-2024-polyuniverse-data;ledger-136-yue-2024-polyuniverse;ledger-137-yue-polyuniverse-code
combo_e937868f9dcd0e69,polyuniverse_dinco_85368c1d86f60fbe6dfa,O=C=NCC1CCC(CN=C=O)(CC2CCCCC2)CC1CC1CCCCC1,386.58,chemical_ff8d497a35fecaa4,OC(C(F)(F)F)(C(F)(F)F)C(O)(C(F)(F)F)C(F)(F)F,334.056,chemical_28a648027cd37607,OCCCCCCCCCO,160.257,平衡轮转；非全笛卡尔积,three_components_passed_prototype_gate,未采购未合成；需路线、EHS与供应复核,ledger-007-smipoly-2023;ledger-135-yue-2024-polyuniverse-data;ledger-136-yue-2024-polyuniverse;ledger-137-yue-polyuniverse-code
combo_e982008c7110af7c,polyuniverse_dinco_0dbe9dd7636a5bdeaa0b,CC1(N=C=O)Cc2c3ccc1c2C(C)(N=C=O)C3,240.262,chemical_b94fa835d3f1bdb8,CC(C)(CO)C1OCC2(CO1)COC(C(C)(C)CO)OC2,304.383,chemical_831d24f7368b3f75,Cc1cc(-c2cc(C)c(O)c(C)c2)cc(C)c1O,242.318,平衡轮转；非全笛卡尔积,three_components_passed_prototype_gate,未采购未合成；需路线、EHS与供应复核,ledger-007-smipoly-2023;ledger-135-yue-2024-polyuniverse-data;ledger-136-yue-2024-polyuniverse;ledger-137-yue-polyuniverse-code
combo_e982815259767c93,polyuniverse_dinco_c716de5f027f8966961c,O=C=Nc1ccc(-c2cccc3c2C(c2ccc(N=C=O)cc2)c2ccccc2-3)cc1,400.437,chemical_f59a0ec9b5c263ad,CCCCCCCCC(CO)(CO)CCCCCCCC,300.527,chemical_1ace6e6abb3b5be3,Oc1ccc(O)c2c1C1CCC2C1,176.215,平衡轮转；非全笛卡尔积,three_components_passed_prototype_gate,未采购未合成；需路线、EHS与供应复核,ledger-007-smipoly-2023;ledger-135-yue-2024-polyuniverse-data;ledger-136-yue-2024-polyuniverse;ledger-137-yue-polyuniverse-code
combo_e9faf88c6f265b14,polyuniverse_dinco_85368c1d86f60fbe6dfa,O=C=NCC1CCC(CN=C=O)(CC2CCCCC2)CC1CC1CCCCC1,386.58,chemical_f59a0ec9b5c263ad,CCCCCCCCC(CO)(CO)CCCCCCCC,300.527,chemical_16bdee252ed11d7a,CC(O)C(C)O,90.122,平衡轮转；非全笛卡尔积,three_components_passed_prototype_gate,未采购未合成；需路线、EHS与供应复核,ledger-007-smipoly-2023;ledger-135-yue-2024-polyuniverse-data;ledger-136-yue-2024-polyuniverse;ledger-137-yue-polyuniverse-code
combo_ea4e23ab9edafad9,polyuniverse_dinco_2c849f9c85ebe823e4a4,C[C@@H]1C[C@@H]2C[C@H](C)[C@H]3CC[C@](C)(N=C=O)[C@H]4CC[C@@H]([C@@H]2[C@H]34)[C@]1(C)N=C=O,356.51,chemical_694871d5e95b7370,Oc1c(F)c(F)c(-c2c(F)c(F)c(O)c(F)c2F)c(F)c1F,330.13,chemical_f25ee56de4366915,O=[N+]([O-])c1cc(CO)ccc1CO,183.163,平衡轮转；非全笛卡尔积,three_components_passed_prototype_gate,未采购未合成；需路线、EHS与供应复核,ledger-007-smipoly-2023;ledger-135-yue-2024-polyuniverse-data;ledger-136-yue-2024-polyuniverse;ledger-137-yue-polyuniverse-code
combo_ea5d6708a4c9d09e,polyuniverse_dinco_3cd70e5831ba4d233e46,CCCCCCC1(CCCCCC)c2cc(N=C=O)ccc2-c2ccc(N=C=O)cc21,416.565,chemical_f59a0ec9b5c263ad,CCCCCCCCC(CO)(CO)CCCCCCCC,300.527,chemical_72b7ed7d3d268fd7,CC(C)CC(CO)(CO)CC(C)C,188.311,平衡轮转；非全笛卡尔积,three_components_passed_prototype_gate,未采购未合成；需路线、EHS与供应复核,ledger-007-smipoly-2023;ledger-135-yue-2024-polyuniverse-data;ledger-136-yue-2024-polyuniverse;ledger-137-yue-polyuniverse-code
combo_ea71d2215ed62c01,polyuniverse_dinco_0499900e71bdb9da6b5c,CCCC(N=C=O)C1CC2CC(C(C)N=C=O)C1C2,262.353,chemical_a04b7de5081dd0a5,CC(C)CC(C)(c1ccc(O)cc1)c1ccc(O)cc1,270.372,chemical_2a0d22152800ae85,Oc1ccc(Oc2ccc(O)cc2)cc1,202.209,平衡轮转；非全笛卡尔积,three_components_passed_prototype_gate,未采购未合成；需路线、EHS与供应复核,ledger-007-smipoly-2023;ledger-135-yue-2024-polyuniverse-data;ledger-136-yue-2024-polyuniverse;ledger-137-yue-polyuniverse-code
combo_ea8276fc8d74cc19,polyuniverse_dinco_07a134f8e87f85791f77,O=C=NC1CCCC2C3CCC2C1(N=C=O)C3,232.283,chemical_5e814be594638bdc,OCCCCCCCCCCCCCCCCO,258.446,chemical_551a139d1b44a292,OC12CC3CC(C1)CC(O)(C3)C2,168.236,平衡轮转；非全笛卡尔积,three_components_passed_prototype_gate,未采购未合成；需路线、EHS与供应复核,ledger-007-smipoly-2023;ledger-135-yue-2024-polyuniverse-data;ledger-136-yue-2024-polyuniverse;ledger-137-yue-polyuniverse-code
combo_ea98534d40ed69a8,polyuniverse_dinco_d5c6102d385810c8a633,CC1CC(C(C)(C)C)C(N=C=O)CC1N=C=O,236.315,chemical_a04b7de5081dd0a5,CC(C)CC(C)(c1ccc(O)cc1)c1ccc(O)cc1,270.372,chemical_2a0d22152800ae85,Oc1ccc(Oc2ccc(O)cc2)cc1,202.209,平衡轮转；非全笛卡尔积,three_components_passed_prototype_gate,未采购未合成；需路线、EHS与供应复核,ledger-007-smipoly-2023;ledger-135-yue-2024-polyuniverse-data;ledger-136-yue-2024-polyuniverse;ledger-137-yue-polyuniverse-code
combo_eb2d01e8066cce66,polyuniverse_dinco_5869c3b07285b5b309da,CC(C)(CC1CCC(C(C)(C)N=C=O)C1)N=C=O,250.342,chemical_ff8d497a35fecaa4,OC(C(F)(F)F)(C(F)(F)F)C(O)(C(F)(F)F)C(F)(F)F,334.056,chemical_1ace6e6abb3b5be3,Oc1ccc(O)c2c1C1CCC2C1,176.215,平衡轮转；非全笛卡尔积,three_components_passed_prototype_gate,未采购未合成；需路线、EHS与供应复核,ledger-007-smipoly-2023;ledger-135-yue-2024-polyuniverse-data;ledger-136-yue-2024-polyuniverse;ledger-137-yue-polyuniverse-code
combo_eb472c6812bd9cfb,polyuniverse_dinco_24471fc1c458b69a01cd,O=C=NC1CC(N=C=O)C2CCCc3cccc1c32,254.289,chemical_58b2613823466190,CC(C)(C)c1cc(-c2cc(C(C)(C)C)cc(C(C)(C)C)c2O)c(O)c(C(C)(C)C)c1,410.642,chemical_5be20976c2a9d662,Oc1c(F)c(F)c(O)c(F)c1F,182.072,平衡轮转；非全笛卡尔积,three_components_passed_prototype_gate,未采购未合成；需路线、EHS与供应复核,ledger-007-smipoly-2023;ledger-135-yue-2024-polyuniverse-data;ledger-136-yue-2024-polyuniverse;ledger-137-yue-polyuniverse-code
combo_eb6c007cd374b23a,polyuniverse_dinco_0682742a99d644d48f6f,CC(c1ccc(N=C=O)o1)c1ccc(N=C=O)o1,244.206,chemical_34962dac292231e7,Cc1cc(Cc2cc(C)c(O)c(C)c2)cc(C)c1O,256.345,chemical_2a0d22152800ae85,Oc1ccc(Oc2ccc(O)cc2)cc1,202.209,平衡轮转；非全笛卡尔积,three_components_passed_prototype_gate,未采购未合成；需路线、EHS与供应复核,ledger-007-smipoly-2023;ledger-135-yue-2024-polyuniverse-data;ledger-136-yue-2024-polyuniverse;ledger-137-yue-polyuniverse-code
combo_ebc9e4aa6f26b9e2,polyuniverse_dinco_c009c596c9a17cb1e87f,O=C=NCc1c(F)c(F)c(F)c(F)c1CN=C=O,260.146,chemical_34962dac292231e7,Cc1cc(Cc2cc(C)c(O)c(C)c2)cc(C)c1O,256.345,chemical_2a0d22152800ae85,Oc1ccc(Oc2ccc(O)cc2)cc1,202.209,平衡轮转；非全笛卡尔积,three_components_passed_prototype_gate,未采购未合成；需路线、EHS与供应复核,ledger-007-smipoly-2023;ledger-135-yue-2024-polyuniverse-data;ledger-136-yue-2024-polyuniverse;ledger-137-yue-polyuniverse-code
combo_ebdf1a5aeb5afa4d,polyuniverse_dinco_473f746a39152067a95e,O=C=Nc1ccc(OCC(F)(F)C(F)F)c(N=C=O)c1,290.172,chemical_ff8d497a35fecaa4,OC(C(F)(F)F)(C(F)(F)F)C(O)(C(F)(F)F)C(F)(F)F,334.056,chemical_28a648027cd37607,OCCCCCCCCCO,160.257,平衡轮转；非全笛卡尔积,three_components_passed_prototype_gate,未采购未合成；需路线、EHS与供应复核,ledger-007-smipoly-2023;ledger-135-yue-2024-polyuniverse-data;ledger-136-yue-2024-polyuniverse;ledger-137-yue-polyuniverse-code
combo_ec36b8d0aebace3d,polyuniverse_dinco_43658c980f2b703f5352,O=C=Nc1cc2c(N=C=O)c(c1Cl)-c1ccc-2cc1Cl,303.104,chemical_6364c045bd73da83,Oc1cccc(Oc2ccc(Oc3cccc(O)c3)cc2)c1,294.306,chemical_5be20976c2a9d662,Oc1c(F)c(F)c(O)c(F)c1F,182.072,平衡轮转；非全笛卡尔积,three_components_passed_prototype_gate,未采购未合成；需路线、EHS与供应复核,ledger-007-smipoly-2023;ledger-135-yue-2024-polyuniverse-data;ledger-136-yue-2024-polyuniverse;ledger-137-yue-polyuniverse-code
combo_ec52339e92670be0,polyuniverse_dinco_d6e57fb34f6442032c80,COc1ccc(OC)c(N(c2ccc(N=C=O)cc2)c2ccc(N=C=O)cc2)c1,387.395,chemical_ff8d497a35fecaa4,OC(C(F)(F)F)(C(F)(F)F)C(O)(C(F)(F)F)C(F)(F)F,334.056,chemical_72b7ed7d3d268fd7,CC(C)CC(CO)(CO)CC(C)C,188.311,平衡轮转；非全笛卡尔积,three_components_passed_prototype_gate,未采购未合成；需路线、EHS与供应复核,ledger-007-smipoly-2023;ledger-135-yue-2024-polyuniverse-data;ledger-136-yue-2024-polyuniverse;ledger-137-yue-polyuniverse-code
combo_ec8a89d4d1d4b7da,polyuniverse_dinco_1521a8e0db18b3ee10fa,CCCCC1(CC)C(N=C=O)C(CC)(CCCC)C1N=C=O,306.45,chemical_e4aa17432292bb19,Cc1cc2c(cc1O)C(C)(C)CC1(CC(C)(C)c3cc(O)c(C)cc3O1)O2,368.473,chemical_dd2ebb8c8aeed446,Oc1ccc2c(O)cccc2c1,160.172,平衡轮转；非全笛卡尔积,three_components_passed_prototype_gate,未采购未合成；需路线、EHS与供应复核,ledger-007-smipoly-2023;ledger-135-yue-2024-polyuniverse-data;ledger-136-yue-2024-polyuniverse;ledger-137-yue-polyuniverse-code
combo_ec8d6883a62948b3,polyuniverse_dinco_2acbe63b26c33137e286,CC1(N=C=O)CCC(C)(C)C(C)(N=C=O)C1,222.288,chemical_3a566be4d64035e3,Oc1ccc(-c2ccc(O)c(Br)c2)cc1Br,344.002,chemical_831d24f7368b3f75,Cc1cc(-c2cc(C)c(O)c(C)c2)cc(C)c1O,242.318,平衡轮转；非全笛卡尔积,three_components_passed_prototype_gate,未采购未合成；需路线、EHS与供应复核,ledger-007-smipoly-2023;ledger-135-yue-2024-polyuniverse-data;ledger-136-yue-2024-polyuniverse;ledger-137-yue-polyuniverse-code
combo_ecbcd46398beae86,polyuniverse_dinco_6037461e6c665445a257,CCCC1(CN=C=O)CC(C)CC1CN=C=O,236.315,chemical_5e814be594638bdc,OCCCCCCCCCCCCCCCCO,258.446,chemical_ca5e105838153c99,CCC(CO)CC(CC)CO,160.257,平衡轮转；非全笛卡尔积,three_components_passed_prototype_gate,未采购未合成；需路线、EHS与供应复核,ledger-007-smipoly-2023;ledger-135-yue-2024-polyuniverse-data;ledger-136-yue-2024-polyuniverse;ledger-137-yue-polyuniverse-code
combo_ed0df75c87f84636,polyuniverse_dinco_f4a3c1923033f08d5b48,Cc1c(Cl)cc(N=C=O)cc1C(Cl)(N=C=O)c1ccccc1,333.174,chemical_6364c045bd73da83,Oc1cccc(Oc2ccc(Oc3cccc(O)c3)cc2)c1,294.306,chemical_6ee30a16c1c450ed,OC1CCCCC1O,116.16,平衡轮转；非全笛卡尔积,three_components_passed_prototype_gate,未采购未合成；需路线、EHS与供应复核,ledger-007-smipoly-2023;ledger-135-yue-2024-polyuniverse-data;ledger-136-yue-2024-polyuniverse;ledger-137-yue-polyuniverse-code
combo_ed90ca9cbac85238,polyuniverse_dinco_ddc56fe70a91074540ef,CCCCOC(N=C=O)C(CCCCCCl)N=C=O,288.775,chemical_986d2a218ca14417,OCC(F)(F)C(F)(F)C(F)(F)C(F)(F)C(F)(F)C(F)(F)CO,362.11,chemical_75fb481cd45cc100,CCCCC(CC)(CO)CO,160.257,平衡轮转；非全笛卡尔积,three_components_passed_prototype_gate,未采购未合成；需路线、EHS与供应复核,ledger-007-smipoly-2023;ledger-135-yue-2024-polyuniverse-data;ledger-136-yue-2024-polyuniverse;ledger-137-yue-polyuniverse-code
combo_ed93a1c5ea3f99ea,polyuniverse_dinco_ff2f153939a86421b3aa,O=C=NCC1CN2CC1CC2CN=C=O,207.233,chemical_ff8d497a35fecaa4,OC(C(F)(F)F)(C(F)(F)F)C(O)(C(F)(F)F)C(F)(F)F,334.056,chemical_72b7ed7d3d268fd7,CC(C)CC(CO)(CO)CC(C)C,188.311,平衡轮转；非全笛卡尔积,three_components_passed_prototype_gate,未采购未合成；需路线、EHS与供应复核,ledger-007-smipoly-2023;ledger-135-yue-2024-polyuniverse-data;ledger-136-yue-2024-polyuniverse;ledger-137-yue-polyuniverse-code
combo_edace37921040003,polyuniverse_dinco_76731ef629e89287c8f8,CC(C)(CCOCN=C=O)OCCC(C)(C)OCN=C=O,300.355,chemical_694871d5e95b7370,Oc1c(F)c(F)c(-c2c(F)c(F)c(O)c(F)c2F)c(F)c1F,330.13,chemical_16bdee252ed11d7a,CC(O)C(C)O,90.122,平衡轮转；非全笛卡尔积,three_components_passed_prototype_gate,未采购未合成；需路线、EHS与供应复核,ledger-007-smipoly-2023;ledger-135-yue-2024-polyuniverse-data;ledger-136-yue-2024-polyuniverse;ledger-137-yue-polyuniverse-code
combo_ee2da5edc99a4e9b,polyuniverse_dinco_e3bd88989ad52de46012,O=C=Nc1cccc(CC2(N=C=O)CCCCC2)c1,256.305,chemical_6364c045bd73da83,Oc1cccc(Oc2ccc(Oc3cccc(O)c3)cc2)c1,294.306,chemical_dd2ebb8c8aeed446,Oc1ccc2c(O)cccc2c1,160.172,平衡轮转；非全笛卡尔积,three_components_passed_prototype_gate,未采购未合成；需路线、EHS与供应复核,ledger-007-smipoly-2023;ledger-135-yue-2024-polyuniverse-data;ledger-136-yue-2024-polyuniverse;ledger-137-yue-polyuniverse-code
combo_ee4d529a9a9cfb6d,polyuniverse_dinco_e191aa437a5bb122583c,CCC(CC12CCC(C1)C(N=C=O)C2)N=C=O,234.299,chemical_ff8d497a35fecaa4,OC(C(F)(F)F)(C(F)(F)F)C(O)(C(F)(F)F)C(F)(F)F,334.056,chemical_1ace6e6abb3b5be3,Oc1ccc(O)c2c1C1CCC2C1,176.215,平衡轮转；非全笛卡尔积,three_components_passed_prototype_gate,未采购未合成；需路线、EHS与供应复核,ledger-007-smipoly-2023;ledger-135-yue-2024-polyuniverse-data;ledger-136-yue-2024-polyuniverse;ledger-137-yue-polyuniverse-code
combo_eea1c7d618a157b8,polyuniverse_dinco_fbadb623a6ef1950d388,O=C=NC(Cc1ccc2ccccc2c1)C(N=C=O)c1ccc2ccccc2c1,378.431,chemical_0895e6cd5136df6a,OCCOc1ccc(C2(c3ccc(OCCO)cc3)c3ccccc3-c3ccccc32)cc1,438.523,chemical_75fb481cd45cc100,CCCCC(CC)(CO)CO,160.257,平衡轮转；非全笛卡尔积,three_components_passed_prototype_gate,未采购未合成；需路线、EHS与供应复核,ledger-007-smipoly-2023;ledger-135-yue-2024-polyuniverse-data;ledger-136-yue-2024-polyuniverse;ledger-137-yue-polyuniverse-code
combo_eeb9c1c1a39a164d,polyuniverse_dinco_4716b4743a5baa106de3,O=C=Nc1cc2cccc(N=C=O)c2nc1-c1cccc(OC(F)(F)F)c1,371.274,chemical_a04b7de5081dd0a5,CC(C)CC(C)(c1ccc(O)cc1)c1ccc(O)cc1,270.372,chemical_7eec20377145fdb7,CC1(C)C(O)C(C)(C)C1O,144.214,平衡轮转；非全笛卡尔积,three_components_passed_prototype_gate,未采购未合成；需路线、EHS与供应复核,ledger-007-smipoly-2023;ledger-135-yue-2024-polyuniverse-data;ledger-136-yue-2024-polyuniverse;ledger-137-yue-polyuniverse-code
combo_ef864d91c6648045,polyuniverse_dinco_29fcbdd3c8cf8655b397,CCCCC(CC)(CCC)CC1(N=C=O)CCC(C)C(N=C=O)C1,334.504,chemical_e4aa17432292bb19,Cc1cc2c(cc1O)C(C)(C)CC1(CC(C)(C)c3cc(O)c(C)cc3O1)O2,368.473,chemical_16bdee252ed11d7a,CC(O)C(C)O,90.122,平衡轮转；非全笛卡尔积,three_components_passed_prototype_gate,未采购未合成；需路线、EHS与供应复核,ledger-007-smipoly-2023;ledger-135-yue-2024-polyuniverse-data;ledger-136-yue-2024-polyuniverse;ledger-137-yue-polyuniverse-code
combo_ef866403ad11bce8,polyuniverse_dinco_a759abc4f1e86d39deed,CC1CC(C)CC(CC2CC(C)C(N=C=O)C(C)(N=C=O)C2)C1,318.461,chemical_5e814be594638bdc,OCCCCCCCCCCCCCCCCO,258.446,chemical_ca5e105838153c99,CCC(CO)CC(CC)CO,160.257,平衡轮转；非全笛卡尔积,three_components_passed_prototype_gate,未采购未合成；需路线、EHS与供应复核,ledger-007-smipoly-2023;ledger-135-yue-2024-polyuniverse-data;ledger-136-yue-2024-polyuniverse;ledger-137-yue-polyuniverse-code
combo_effcfe41dbcc30df,polyuniverse_dinco_e77d8b8eb2abaed0faff,O=C=NC1CCC(N(c2ccccc2)C2CCC(N=C=O)CC2)CC1,339.439,chemical_e4aa17432292bb19,Cc1cc2c(cc1O)C(C)(C)CC1(CC(C)(C)c3cc(O)c(C)cc3O1)O2,368.473,chemical_63c6eb608324eca7,OCC1CC2C3CC(CO)C(C3)C2C1,196.29,平衡轮转；非全笛卡尔积,three_components_passed_prototype_gate,未采购未合成；需路线、EHS与供应复核,ledger-007-smipoly-2023;ledger-135-yue-2024-polyuniverse-data;ledger-136-yue-2024-polyuniverse;ledger-137-yue-polyuniverse-code
combo_f002f2e33b25e933,polyuniverse_dinco_1521a8e0db18b3ee10fa,CCCCC1(CC)C(N=C=O)C(CC)(CCCC)C1N=C=O,306.45,chemical_f59a0ec9b5c263ad,CCCCCCCCC(CO)(CO)CCCCCCCC,300.527,chemical_16bdee252ed11d7a,CC(O)C(C)O,90.122,平衡轮转；非全笛卡尔积,three_components_passed_prototype_gate,未采购未合成；需路线、EHS与供应复核,ledger-007-smipoly-2023;ledger-135-yue-2024-polyuniverse-data;ledger-136-yue-2024-polyuniverse;ledger-137-yue-polyuniverse-code
combo_f0169e62cf342bb1,polyuniverse_dinco_b03d7a2243c8c46ba34f,O=C=Nc1c(F)cc(Oc2cc(F)c(N=C=O)c(F)c2)cc1F,324.189,chemical_986d2a218ca14417,OCC(F)(F)C(F)(F)C(F)(F)C(F)(F)C(F)(F)C(F)(F)CO,362.11,chemical_75fb481cd45cc100,CCCCC(CC)(CO)CO,160.257,平衡轮转；非全笛卡尔积,three_components_passed_prototype_gate,未采购未合成；需路线、EHS与供应复核,ledger-007-smipoly-2023;ledger-135-yue-2024-polyuniverse-data;ledger-136-yue-2024-polyuniverse;ledger-137-yue-polyuniverse-code
combo_f02cdea7665a2a74,polyuniverse_dinco_ddc56fe70a91074540ef,CCCCOC(N=C=O)C(CCCCCCl)N=C=O,288.775,chemical_b94fa835d3f1bdb8,CC(C)(CO)C1OCC2(CO1)COC(C(C)(C)CO)OC2,304.383,chemical_bacbda6c95c1bb67,Cc1ccc(O)c(Cc2cc(C)ccc2O)c1,228.291,平衡轮转；非全笛卡尔积,three_components_passed_prototype_gate,未采购未合成；需路线、EHS与供应复核,ledger-007-smipoly-2023;ledger-135-yue-2024-polyuniverse-data;ledger-136-yue-2024-polyuniverse;ledger-137-yue-polyuniverse-code
combo_f038ef8b160d37a2,polyuniverse_dinco_c009c596c9a17cb1e87f,O=C=NCc1c(F)c(F)c(F)c(F)c1CN=C=O,260.146,chemical_1f862d0fb910ec42,Oc1ccc(C2(c3ccc(O)cc3)CCCCC2)cc1,268.356,chemical_2a0d22152800ae85,Oc1ccc(Oc2ccc(O)cc2)cc1,202.209,平衡轮转；非全笛卡尔积,three_components_passed_prototype_gate,未采购未合成；需路线、EHS与供应复核,ledger-007-smipoly-2023;ledger-135-yue-2024-polyuniverse-data;ledger-136-yue-2024-polyuniverse;ledger-137-yue-polyuniverse-code
combo_f0966c97c6ac9e76,polyuniverse_dinco_7df67f418ef75f339395,CC1CC(N=C=O)C(N=C=O)(C(C)C)C(c2ccccc2)(c2ccccc2)C1,374.484,chemical_694871d5e95b7370,Oc1c(F)c(F)c(-c2c(F)c(F)c(O)c(F)c2F)c(F)c1F,330.13,chemical_6ee30a16c1c450ed,OC1CCCCC1O,116.16,平衡轮转；非全笛卡尔积,three_components_passed_prototype_gate,未采购未合成；需路线、EHS与供应复核,ledger-007-smipoly-2023;ledger-135-yue-2024-polyuniverse-data;ledger-136-yue-2024-polyuniverse;ledger-137-yue-polyuniverse-code
combo_f106bf5b93dec003,polyuniverse_dinco_3cd70e5831ba4d233e46,CCCCCCC1(CCCCCC)c2cc(N=C=O)ccc2-c2ccc(N=C=O)cc21,416.565,chemical_e4aa17432292bb19,Cc1cc2c(cc1O)C(C)(C)CC1(CC(C)(C)c3cc(O)c(C)cc3O1)O2,368.473,chemical_706c38f2fda91d2c,CCC(C)(c1ccc(O)cc1)c1ccc(O)cc1,242.318,平衡轮转；非全笛卡尔积,three_components_passed_prototype_gate,未采购未合成；需路线、EHS与供应复核,ledger-007-smipoly-2023;ledger-135-yue-2024-polyuniverse-data;ledger-136-yue-2024-polyuniverse;ledger-137-yue-polyuniverse-code
combo_f10fd74932de884d,polyuniverse_dinco_7ae84879e7df0d84fdfa,O=C=NC1(F)C(F)(F)C(F)(F)C(F)(F)C(F)(F)C1(F)N=C=O,346.08,chemical_ff8d497a35fecaa4,OC(C(F)(F)F)(C(F)(F)F)C(O)(C(F)(F)F)C(F)(F)F,334.056,chemical_706c38f2fda91d2c,CCC(C)(c1ccc(O)cc1)c1ccc(O)cc1,242.318,平衡轮转；非全笛卡尔积,three_components_passed_prototype_gate,未采购未合成；需路线、EHS与供应复核,ledger-007-smipoly-2023;ledger-135-yue-2024-polyuniverse-data;ledger-136-yue-2024-polyuniverse;ledger-137-yue-polyuniverse-code
combo_f17003e483af4384,polyuniverse_dinco_9a439aa6493516a05f38,Cc1ccc(C(C)N=C=O)c(C(C)N=C=O)c1C,244.294,chemical_a04b7de5081dd0a5,CC(C)CC(C)(c1ccc(O)cc1)c1ccc(O)cc1,270.372,chemical_7eec20377145fdb7,CC1(C)C(O)C(C)(C)C1O,144.214,平衡轮转；非全笛卡尔积,three_components_passed_prototype_gate,未采购未合成；需路线、EHS与供应复核,ledger-007-smipoly-2023;ledger-135-yue-2024-polyuniverse-data;ledger-136-yue-2024-polyuniverse;ledger-137-yue-polyuniverse-code
combo_f1be438ed96923d0,polyuniverse_dinco_016bfd4c165aa545a7db,Cc1c(CCCCCCN=C=O)cccc1N=C=O,258.321,chemical_b94fa835d3f1bdb8,CC(C)(CO)C1OCC2(CO1)COC(C(C)(C)CO)OC2,304.383,chemical_831d24f7368b3f75,Cc1cc(-c2cc(C)c(O)c(C)c2)cc(C)c1O,242.318,平衡轮转；非全笛卡尔积,three_components_passed_prototype_gate,未采购未合成；需路线、EHS与供应复核,ledger-007-smipoly-2023;ledger-135-yue-2024-polyuniverse-data;ledger-136-yue-2024-polyuniverse;ledger-137-yue-polyuniverse-code
combo_f1c0249754d3cfbf,polyuniverse_dinco_fd5f159552c1f70f915c,O=C=NCCC(CN(CC(CCN=C=O)([N+](=O)[O-])[N+](=O)[O-])[N+](=O)[O-])([N+](=O)[O-])[N+](=O)[O-],436.25,chemical_5e814be594638bdc,OCCCCCCCCCCCCCCCCO,258.446,chemical_dd2ebb8c8aeed446,Oc1ccc2c(O)cccc2c1,160.172,平衡轮转；非全笛卡尔积,three_components_passed_prototype_gate,未采购未合成；需路线、EHS与供应复核,ledger-007-smipoly-2023;ledger-135-yue-2024-polyuniverse-data;ledger-136-yue-2024-polyuniverse;ledger-137-yue-polyuniverse-code
combo_f1d3f864678f8be6,polyuniverse_dinco_41dd7d9f5ae04dca84b5,O=C=NC1(Cl)CCCCC1(Cl)CC1(Cl)CCCCC1(Cl)N=C=O,400.133,chemical_0895e6cd5136df6a,OCCOc1ccc(C2(c3ccc(OCCO)cc3)c3ccccc3-c3ccccc32)cc1,438.523,chemical_28a648027cd37607,OCCCCCCCCCO,160.257,平衡轮转；非全笛卡尔积,three_components_passed_prototype_gate,未采购未合成；需路线、EHS与供应复核,ledger-007-smipoly-2023;ledger-135-yue-2024-polyuniverse-data;ledger-136-yue-2024-polyuniverse;ledger-137-yue-polyuniverse-code
combo_f1f652fbb57b9708,polyuniverse_dinco_01e918a682cd6d3022ac,N#COc1cc(-c2cc(N=C=O)oc2OC#N)c(N=C=O)o1,298.17,chemical_3a566be4d64035e3,Oc1ccc(-c2ccc(O)c(Br)c2)cc1Br,344.002,chemical_7eec20377145fdb7,CC1(C)C(O)C(C)(C)C1O,144.214,平衡轮转；非全笛卡尔积,three_components_passed_prototype_gate,未采购未合成；需路线、EHS与供应复核,ledger-007-smipoly-2023;ledger-135-yue-2024-polyuniverse-data;ledger-136-yue-2024-polyuniverse;ledger-137-yue-polyuniverse-code
combo_f270e212c753f3ae,polyuniverse_dinco_20ab49a32ae47e829378,Cc1c(C)c(N=C=O)c(C2CCCCC2)c(C)c1N=C=O,284.359,chemical_a04b7de5081dd0a5,CC(C)CC(C)(c1ccc(O)cc1)c1ccc(O)cc1,270.372,chemical_2dad29ca9d88607e,OC1CCC(C2CCC(O)CC2)CC1,198.306,平衡轮转；非全笛卡尔积,three_components_passed_prototype_gate,未采购未合成；需路线、EHS与供应复核,ledger-007-smipoly-2023;ledger-135-yue-2024-polyuniverse-data;ledger-136-yue-2024-polyuniverse;ledger-137-yue-polyuniverse-code
combo_f2b207f54173a26c,polyuniverse_dinco_36587639e34b8082240f,N#COCC12CC(CCCN=C=O)C(CC1CCN=C=O)C2,303.362,chemical_a04b7de5081dd0a5,CC(C)CC(C)(c1ccc(O)cc1)c1ccc(O)cc1,270.372,chemical_2a0d22152800ae85,Oc1ccc(Oc2ccc(O)cc2)cc1,202.209,平衡轮转；非全笛卡尔积,three_components_passed_prototype_gate,未采购未合成；需路线、EHS与供应复核,ledger-007-smipoly-2023;ledger-135-yue-2024-polyuniverse-data;ledger-136-yue-2024-polyuniverse;ledger-137-yue-polyuniverse-code
combo_f31772f1b6d0f9f1,polyuniverse_dinco_e19769eda682789a354e,O=C=Nc1cccc(COCc2cccc(N=C=O)n2)n1,282.259,chemical_3a566be4d64035e3,Oc1ccc(-c2ccc(O)c(Br)c2)cc1Br,344.002,chemical_7eec20377145fdb7,CC1(C)C(O)C(C)(C)C1O,144.214,平衡轮转；非全笛卡尔积,three_components_passed_prototype_gate,未采购未合成；需路线、EHS与供应复核,ledger-007-smipoly-2023;ledger-135-yue-2024-polyuniverse-data;ledger-136-yue-2024-polyuniverse;ledger-137-yue-polyuniverse-code
combo_f38a6233efcf0ce7,polyuniverse_dinco_236875b2e3fa5e54ba5a,CCC(N=C=O)c1cc(C#N)cc(C(CC)N=C=O)c1,269.304,chemical_3a566be4d64035e3,Oc1ccc(-c2ccc(O)c(Br)c2)cc1Br,344.002,chemical_2a0d22152800ae85,Oc1ccc(Oc2ccc(O)cc2)cc1,202.209,平衡轮转；非全笛卡尔积,three_components_passed_prototype_gate,未采购未合成；需路线、EHS与供应复核,ledger-007-smipoly-2023;ledger-135-yue-2024-polyuniverse-data;ledger-136-yue-2024-polyuniverse;ledger-137-yue-polyuniverse-code
combo_f392398e1078a409,polyuniverse_dinco_677d9180682055b9b9f3,O=C=Nc1nc(Cl)nc(N=C=O)n1,197.541,chemical_5e814be594638bdc,OCCCCCCCCCCCCCCCCO,258.446,chemical_5be20976c2a9d662,Oc1c(F)c(F)c(O)c(F)c1F,182.072,平衡轮转；非全笛卡尔积,three_components_passed_prototype_gate,未采购未合成；需路线、EHS与供应复核,ledger-007-smipoly-2023;ledger-135-yue-2024-polyuniverse-data;ledger-136-yue-2024-polyuniverse;ledger-137-yue-polyuniverse-code
combo_f3c873beac4b2837,polyuniverse_dinco_1fc69a034afa52f3206d,O=C=Nc1ccc(C23CC4CC5(c6ccc(N=C=O)cc6)CC(C2)C5(C4)C3)cc1,382.463,chemical_6364c045bd73da83,Oc1cccc(Oc2ccc(Oc3cccc(O)c3)cc2)c1,294.306,chemical_dd2ebb8c8aeed446,Oc1ccc2c(O)cccc2c1,160.172,平衡轮转；非全笛卡尔积,three_components_passed_prototype_gate,未采购未合成；需路线、EHS与供应复核,ledger-007-smipoly-2023;ledger-135-yue-2024-polyuniverse-data;ledger-136-yue-2024-polyuniverse;ledger-137-yue-polyuniverse-code
combo_f3e08f80d92d8409,polyuniverse_dinco_07a134f8e87f85791f77,O=C=NC1CCCC2C3CCC2C1(N=C=O)C3,232.283,chemical_58b2613823466190,CC(C)(C)c1cc(-c2cc(C(C)(C)C)cc(C(C)(C)C)c2O)c(O)c(C(C)(C)C)c1,410.642,chemical_551a139d1b44a292,OC12CC3CC(C1)CC(O)(C3)C2,168.236,平衡轮转；非全笛卡尔积,three_components_passed_prototype_gate,未采购未合成；需路线、EHS与供应复核,ledger-007-smipoly-2023;ledger-135-yue-2024-polyuniverse-data;ledger-136-yue-2024-polyuniverse;ledger-137-yue-polyuniverse-code
combo_f44e4e4cf96f4af6,polyuniverse_dinco_7988a8eeb838489f4eaf,O=C=NCCCCC(COc1ccc(Oc2ccccc2)cc1)N=C=O,352.39,chemical_986d2a218ca14417,OCC(F)(F)C(F)(F)C(F)(F)C(F)(F)C(F)(F)C(F)(F)CO,362.11,chemical_2dad29ca9d88607e,OC1CCC(C2CCC(O)CC2)CC1,198.306,平衡轮转；非全笛卡尔积,three_components_passed_prototype_gate,未采购未合成；需路线、EHS与供应复核,ledger-007-smipoly-2023;ledger-135-yue-2024-polyuniverse-data;ledger-136-yue-2024-polyuniverse;ledger-137-yue-polyuniverse-code
combo_f451dae3ac2f703e,polyuniverse_dinco_1521a8e0db18b3ee10fa,CCCCC1(CC)C(N=C=O)C(CC)(CCCC)C1N=C=O,306.45,chemical_e34b1bd2b88ad439,CC(C)(c1ccc(O)c(C2CCCCC2)c1)c1ccc(O)c(C2CCCCC2)c1,392.583,chemical_ca5e105838153c99,CCC(CO)CC(CC)CO,160.257,平衡轮转；非全笛卡尔积,three_components_passed_prototype_gate,未采购未合成；需路线、EHS与供应复核,ledger-007-smipoly-2023;ledger-135-yue-2024-polyuniverse-data;ledger-136-yue-2024-polyuniverse;ledger-137-yue-polyuniverse-code
combo_f4e798837f22edca,polyuniverse_dinco_29fcbdd3c8cf8655b397,CCCCC(CC)(CCC)CC1(N=C=O)CCC(C)C(N=C=O)C1,334.504,chemical_f59a0ec9b5c263ad,CCCCCCCCC(CO)(CO)CCCCCCCC,300.527,chemical_16bdee252ed11d7a,CC(O)C(C)O,90.122,平衡轮转；非全笛卡尔积,three_components_passed_prototype_gate,未采购未合成；需路线、EHS与供应复核,ledger-007-smipoly-2023;ledger-135-yue-2024-polyuniverse-data;ledger-136-yue-2024-polyuniverse;ledger-137-yue-polyuniverse-code
combo_f5282273fef99dc3,polyuniverse_dinco_0499900e71bdb9da6b5c,CCCC(N=C=O)C1CC2CC(C(C)N=C=O)C1C2,262.353,chemical_a2cf8157d0f77432,OC(c1cccc(C(O)(C(F)(F)F)C(F)(F)F)c1)(C(F)(F)F)C(F)(F)F,410.154,chemical_2dad29ca9d88607e,OC1CCC(C2CCC(O)CC2)CC1,198.306,平衡轮转；非全笛卡尔积,three_components_passed_prototype_gate,未采购未合成；需路线、EHS与供应复核,ledger-007-smipoly-2023;ledger-135-yue-2024-polyuniverse-data;ledger-136-yue-2024-polyuniverse;ledger-137-yue-polyuniverse-code
combo_f5c8a87c38b4fade,polyuniverse_dinco_92d8be6885e141a4524f,Cc1ccc(Cc2ccc(Cl)cc2)c(N=C=O)c1N=C=O,298.729,chemical_f59a0ec9b5c263ad,CCCCCCCCC(CO)(CO)CCCCCCCC,300.527,chemical_72b7ed7d3d268fd7,CC(C)CC(CO)(CO)CC(C)C,188.311,平衡轮转；非全笛卡尔积,three_components_passed_prototype_gate,未采购未合成；需路线、EHS与供应复核,ledger-007-smipoly-2023;ledger-135-yue-2024-polyuniverse-data;ledger-136-yue-2024-polyuniverse;ledger-137-yue-polyuniverse-code
combo_f5d27032df8b834b,polyuniverse_dinco_a78553c2197b427a0d60,CC(N=C=O)OC1CC2CCC1(OC(C)N=C=O)CC2,280.324,chemical_b94fa835d3f1bdb8,CC(C)(CO)C1OCC2(CO1)COC(C(C)(C)CO)OC2,304.383,chemical_534466643d7ae4c0,Oc1ccccc1Oc1ccccc1O,202.209,平衡轮转；非全笛卡尔积,three_components_passed_prototype_gate,未采购未合成；需路线、EHS与供应复核,ledger-007-smipoly-2023;ledger-135-yue-2024-polyuniverse-data;ledger-136-yue-2024-polyuniverse;ledger-137-yue-polyuniverse-code
combo_f5e7b9b73f873aa3,polyuniverse_dinco_952c8476d31239835550,O=C=NCC1(CN=C=O)CCCC(F)(F)C1(F)F,266.194,chemical_694871d5e95b7370,Oc1c(F)c(F)c(-c2c(F)c(F)c(O)c(F)c2F)c(F)c1F,330.13,chemical_63c6eb608324eca7,OCC1CC2C3CC(CO)C(C3)C2C1,196.29,平衡轮转；非全笛卡尔积,three_components_passed_prototype_gate,未采购未合成；需路线、EHS与供应复核,ledger-007-smipoly-2023;ledger-135-yue-2024-polyuniverse-data;ledger-136-yue-2024-polyuniverse;ledger-137-yue-polyuniverse-code
combo_f64240a3eb7bf564,polyuniverse_dinco_01e918a682cd6d3022ac,N#COc1cc(-c2cc(N=C=O)oc2OC#N)c(N=C=O)o1,298.17,chemical_34962dac292231e7,Cc1cc(Cc2cc(C)c(O)c(C)c2)cc(C)c1O,256.345,chemical_75fb481cd45cc100,CCCCC(CC)(CO)CO,160.257,平衡轮转；非全笛卡尔积,three_components_passed_prototype_gate,未采购未合成；需路线、EHS与供应复核,ledger-007-smipoly-2023;ledger-135-yue-2024-polyuniverse-data;ledger-136-yue-2024-polyuniverse;ledger-137-yue-polyuniverse-code
combo_f6bef79a993c3975,polyuniverse_dinco_f93d4f580beca33f9619,O=C=Nc1cc(N=C=O)cc(OCCCCc2ccco2)c1,298.298,chemical_e34b1bd2b88ad439,CC(C)(c1ccc(O)c(C2CCCCC2)c1)c1ccc(O)c(C2CCCCC2)c1,392.583,chemical_ca5e105838153c99,CCC(CO)CC(CC)CO,160.257,平衡轮转；非全笛卡尔积,three_components_passed_prototype_gate,未采购未合成；需路线、EHS与供应复核,ledger-007-smipoly-2023;ledger-135-yue-2024-polyuniverse-data;ledger-136-yue-2024-polyuniverse;ledger-137-yue-polyuniverse-code
combo_f6da033a3272b616,polyuniverse_dinco_ad772ec6dd390bb329d7,CC1CC1(N=C=O)C(C)(C)N=C=O,180.207,chemical_58b2613823466190,CC(C)(C)c1cc(-c2cc(C(C)(C)C)cc(C(C)(C)C)c2O)c(O)c(C(C)(C)C)c1,410.642,chemical_551a139d1b44a292,OC12CC3CC(C1)CC(O)(C3)C2,168.236,平衡轮转；非全笛卡尔积,three_components_passed_prototype_gate,未采购未合成；需路线、EHS与供应复核,ledger-007-smipoly-2023;ledger-135-yue-2024-polyuniverse-data;ledger-136-yue-2024-polyuniverse;ledger-137-yue-polyuniverse-code
combo_f7456fc7704bee31,polyuniverse_dinco_c1050e20fc33beb7e09a,CC(CCN=C=O)CC(C)C(C)N=C=O,210.277,chemical_58b2613823466190,CC(C)(C)c1cc(-c2cc(C(C)(C)C)cc(C(C)(C)C)c2O)c(O)c(C(C)(C)C)c1,410.642,chemical_551a139d1b44a292,OC12CC3CC(C1)CC(O)(C3)C2,168.236,平衡轮转；非全笛卡尔积,three_components_passed_prototype_gate,未采购未合成；需路线、EHS与供应复核,ledger-007-smipoly-2023;ledger-135-yue-2024-polyuniverse-data;ledger-136-yue-2024-polyuniverse;ledger-137-yue-polyuniverse-code
combo_f76f70d5b1fddd35,polyuniverse_dinco_d9e0e5b183928d0c3023,CC(C)(N=C=O)c1ccc2c(C(C)(C)N=C=O)cccc2c1,294.354,chemical_694871d5e95b7370,Oc1c(F)c(F)c(-c2c(F)c(F)c(O)c(F)c2F)c(F)c1F,330.13,chemical_63c6eb608324eca7,OCC1CC2C3CC(CO)C(C3)C2C1,196.29,平衡轮转；非全笛卡尔积,three_components_passed_prototype_gate,未采购未合成；需路线、EHS与供应复核,ledger-007-smipoly-2023;ledger-135-yue-2024-polyuniverse-data;ledger-136-yue-2024-polyuniverse;ledger-137-yue-polyuniverse-code
combo_f77c5f592c517fc7,polyuniverse_dinco_2acbe63b26c33137e286,CC1(N=C=O)CCC(C)(C)C(C)(N=C=O)C1,222.288,chemical_3a566be4d64035e3,Oc1ccc(-c2ccc(O)c(Br)c2)cc1Br,344.002,chemical_79b196ca779aae4e,OCc1ccccc1CO,138.166,平衡轮转；非全笛卡尔积,three_components_passed_prototype_gate,未采购未合成；需路线、EHS与供应复核,ledger-007-smipoly-2023;ledger-135-yue-2024-polyuniverse-data;ledger-136-yue-2024-polyuniverse;ledger-137-yue-polyuniverse-code
combo_f7940bce68405181,polyuniverse_dinco_a759abc4f1e86d39deed,CC1CC(C)CC(CC2CC(C)C(N=C=O)C(C)(N=C=O)C2)C1,318.461,chemical_58b2613823466190,CC(C)(C)c1cc(-c2cc(C(C)(C)C)cc(C(C)(C)C)c2O)c(O)c(C(C)(C)C)c1,410.642,chemical_c68025b85cef6d56,OCC(CO)OCc1ccccc1,182.219,平衡轮转；非全笛卡尔积,three_components_passed_prototype_gate,未采购未合成；需路线、EHS与供应复核,ledger-007-smipoly-2023;ledger-135-yue-2024-polyuniverse-data;ledger-136-yue-2024-polyuniverse;ledger-137-yue-polyuniverse-code
combo_f8b81148b1bdc5e4,polyuniverse_dinco_4bd62448d543828bc87c,CC(C)CC(CC(C)C)(CC(CC(C)C)(CC(C)C)N=C=O)N=C=O,350.547,chemical_b94fa835d3f1bdb8,CC(C)(CO)C1OCC2(CO1)COC(C(C)(C)CO)OC2,304.383,chemical_3635aefc1005d8ad,CC(C)(O)CCC(C)(C)O,146.23,平衡轮转；非全笛卡尔积,three_components_passed_prototype_gate,未采购未合成；需路线、EHS与供应复核,ledger-007-smipoly-2023;ledger-135-yue-2024-polyuniverse-data;ledger-136-yue-2024-polyuniverse;ledger-137-yue-polyuniverse-code
combo_f8f975920bb9e0e2,polyuniverse_dinco_24471fc1c458b69a01cd,O=C=NC1CC(N=C=O)C2CCCc3cccc1c32,254.289,chemical_58b2613823466190,CC(C)(C)c1cc(-c2cc(C(C)(C)C)cc(C(C)(C)C)c2O)c(O)c(C(C)(C)C)c1,410.642,chemical_534466643d7ae4c0,Oc1ccccc1Oc1ccccc1O,202.209,平衡轮转；非全笛卡尔积,three_components_passed_prototype_gate,未采购未合成；需路线、EHS与供应复核,ledger-007-smipoly-2023;ledger-135-yue-2024-polyuniverse-data;ledger-136-yue-2024-polyuniverse;ledger-137-yue-polyuniverse-code
combo_f9547983ececfb22,polyuniverse_dinco_72c91e88a4c33aabb96c,O=C=Nc1no[n+]([O-])c1N=C=O,168.068,chemical_ff8d497a35fecaa4,OC(C(F)(F)F)(C(F)(F)F)C(O)(C(F)(F)F)C(F)(F)F,334.056,chemical_28a648027cd37607,OCCCCCCCCCO,160.257,平衡轮转；非全笛卡尔积,three_components_passed_prototype_gate,未采购未合成；需路线、EHS与供应复核,ledger-007-smipoly-2023;ledger-135-yue-2024-polyuniverse-data;ledger-136-yue-2024-polyuniverse;ledger-137-yue-polyuniverse-code
combo_f96027e883d473a4,polyuniverse_dinco_f4a3c1923033f08d5b48,Cc1c(Cl)cc(N=C=O)cc1C(Cl)(N=C=O)c1ccccc1,333.174,chemical_58b2613823466190,CC(C)(C)c1cc(-c2cc(C(C)(C)C)cc(C(C)(C)C)c2O)c(O)c(C(C)(C)C)c1,410.642,chemical_534466643d7ae4c0,Oc1ccccc1Oc1ccccc1O,202.209,平衡轮转；非全笛卡尔积,three_components_passed_prototype_gate,未采购未合成；需路线、EHS与供应复核,ledger-007-smipoly-2023;ledger-135-yue-2024-polyuniverse-data;ledger-136-yue-2024-polyuniverse;ledger-137-yue-polyuniverse-code
combo_f9cfe045c2c0ff10,polyuniverse_dinco_b942aa905763bb430945,CCCC1(CC(C)N=C=O)CCC(C)(C(C)(C)CC(C)(C)N=C=O)C1,348.531,chemical_1f862d0fb910ec42,Oc1ccc(C2(c3ccc(O)cc3)CCCCC2)cc1,268.356,chemical_75fb481cd45cc100,CCCCC(CC)(CO)CO,160.257,平衡轮转；非全笛卡尔积,three_components_passed_prototype_gate,未采购未合成；需路线、EHS与供应复核,ledger-007-smipoly-2023;ledger-135-yue-2024-polyuniverse-data;ledger-136-yue-2024-polyuniverse;ledger-137-yue-polyuniverse-code
combo_f9d01731e7c3d697,polyuniverse_dinco_8a880932a5a3f4f0ae1c,CC1CC(N=C=O)CCC1C1CC(C)(C)C(N=C=O)CC1C,304.434,chemical_58b2613823466190,CC(C)(C)c1cc(-c2cc(C(C)(C)C)cc(C(C)(C)C)c2O)c(O)c(C(C)(C)C)c1,410.642,chemical_c68025b85cef6d56,OCC(CO)OCc1ccccc1,182.219,平衡轮转；非全笛卡尔积,three_components_passed_prototype_gate,未采购未合成；需路线、EHS与供应复核,ledger-007-smipoly-2023;ledger-135-yue-2024-polyuniverse-data;ledger-136-yue-2024-polyuniverse;ledger-137-yue-polyuniverse-code
combo_f9dbee2a750e16ec,polyuniverse_dinco_00a778151d7a7401ddb6,CC(CCCC(N=C=O)(C1CCCCC1)C1CCCCC1)C(C)(C)N=C=O,374.569,chemical_3a566be4d64035e3,Oc1ccc(-c2ccc(O)c(Br)c2)cc1Br,344.002,chemical_3635aefc1005d8ad,CC(C)(O)CCC(C)(C)O,146.23,平衡轮转；非全笛卡尔积,three_components_passed_prototype_gate,未采购未合成；需路线、EHS与供应复核,ledger-007-smipoly-2023;ledger-135-yue-2024-polyuniverse-data;ledger-136-yue-2024-polyuniverse;ledger-137-yue-polyuniverse-code
combo_f9e285a335026dbc,polyuniverse_dinco_d51030c05f20bb2a75df,O=C=NC(C1CCCCC1)C(N=C=O)C1CCCCC1,276.38,chemical_58b2613823466190,CC(C)(C)c1cc(-c2cc(C(C)(C)C)cc(C(C)(C)C)c2O)c(O)c(C(C)(C)C)c1,410.642,chemical_bacbda6c95c1bb67,Cc1ccc(O)c(Cc2cc(C)ccc2O)c1,228.291,平衡轮转；非全笛卡尔积,three_components_passed_prototype_gate,未采购未合成；需路线、EHS与供应复核,ledger-007-smipoly-2023;ledger-135-yue-2024-polyuniverse-data;ledger-136-yue-2024-polyuniverse;ledger-137-yue-polyuniverse-code
combo_fa56a101ee0a9b22,polyuniverse_dinco_016bfd4c165aa545a7db,Cc1c(CCCCCCN=C=O)cccc1N=C=O,258.321,chemical_a2cf8157d0f77432,OC(c1cccc(C(O)(C(F)(F)F)C(F)(F)F)c1)(C(F)(F)F)C(F)(F)F,410.154,chemical_7eec20377145fdb7,CC1(C)C(O)C(C)(C)C1O,144.214,平衡轮转；非全笛卡尔积,three_components_passed_prototype_gate,未采购未合成；需路线、EHS与供应复核,ledger-007-smipoly-2023;ledger-135-yue-2024-polyuniverse-data;ledger-136-yue-2024-polyuniverse;ledger-137-yue-polyuniverse-code
combo_fad076c3c9912faf,polyuniverse_dinco_d99b46b0b115b20a069f,CC1(C)CC(C)(CN=C=O)C(C2CCCCC2)C(N=C=O)(C2CCCCC2)C1,386.58,chemical_0895e6cd5136df6a,OCCOc1ccc(C2(c3ccc(OCCO)cc3)c3ccccc3-c3ccccc32)cc1,438.523,chemical_16bdee252ed11d7a,CC(O)C(C)O,90.122,平衡轮转；非全笛卡尔积,three_components_passed_prototype_gate,未采购未合成；需路线、EHS与供应复核,ledger-007-smipoly-2023;ledger-135-yue-2024-polyuniverse-data;ledger-136-yue-2024-polyuniverse;ledger-137-yue-polyuniverse-code
combo_fb0146a2610f36a4,polyuniverse_dinco_055819dc5371734047d1,N#COC1CCC(CC2CCC(N=C=O)C(CC3CCC(N=C=O)CC3)C2)CC1,399.535,chemical_f59a0ec9b5c263ad,CCCCCCCCC(CO)(CO)CCCCCCCC,300.527,chemical_72b7ed7d3d268fd7,CC(C)CC(CO)(CO)CC(C)C,188.311,平衡轮转；非全笛卡尔积,three_components_passed_prototype_gate,未采购未合成；需路线、EHS与供应复核,ledger-007-smipoly-2023;ledger-135-yue-2024-polyuniverse-data;ledger-136-yue-2024-polyuniverse;ledger-137-yue-polyuniverse-code
combo_fb3a1aa0982244c0,polyuniverse_dinco_9a439aa6493516a05f38,Cc1ccc(C(C)N=C=O)c(C(C)N=C=O)c1C,244.294,chemical_a2cf8157d0f77432,OC(c1cccc(C(O)(C(F)(F)F)C(F)(F)F)c1)(C(F)(F)F)C(F)(F)F,410.154,chemical_831d24f7368b3f75,Cc1cc(-c2cc(C)c(O)c(C)c2)cc(C)c1O,242.318,平衡轮转；非全笛卡尔积,three_components_passed_prototype_gate,未采购未合成；需路线、EHS与供应复核,ledger-007-smipoly-2023;ledger-135-yue-2024-polyuniverse-data;ledger-136-yue-2024-polyuniverse;ledger-137-yue-polyuniverse-code
combo_fb9c81271abb8b47,polyuniverse_dinco_2acbe63b26c33137e286,CC1(N=C=O)CCC(C)(C)C(C)(N=C=O)C1,222.288,chemical_0895e6cd5136df6a,OCCOc1ccc(C2(c3ccc(OCCO)cc3)c3ccccc3-c3ccccc32)cc1,438.523,chemical_72b7ed7d3d268fd7,CC(C)CC(CO)(CO)CC(C)C,188.311,平衡轮转；非全笛卡尔积,three_components_passed_prototype_gate,未采购未合成；需路线、EHS与供应复核,ledger-007-smipoly-2023;ledger-135-yue-2024-polyuniverse-data;ledger-136-yue-2024-polyuniverse;ledger-137-yue-polyuniverse-code
combo_fbd2454a38db8b62,polyuniverse_dinco_43658c980f2b703f5352,O=C=Nc1cc2c(N=C=O)c(c1Cl)-c1ccc-2cc1Cl,303.104,chemical_694871d5e95b7370,Oc1c(F)c(F)c(-c2c(F)c(F)c(O)c(F)c2F)c(F)c1F,330.13,chemical_6ee30a16c1c450ed,OC1CCCCC1O,116.16,平衡轮转；非全笛卡尔积,three_components_passed_prototype_gate,未采购未合成；需路线、EHS与供应复核,ledger-007-smipoly-2023;ledger-135-yue-2024-polyuniverse-data;ledger-136-yue-2024-polyuniverse;ledger-137-yue-polyuniverse-code
combo_fc0f506c2c2f8a39,polyuniverse_dinco_0321877a48fd93e2fb7d,CCC(N=C=O)OCC(C)(C)COC(CC)N=C=O,270.329,chemical_6364c045bd73da83,Oc1cccc(Oc2ccc(Oc3cccc(O)c3)cc2)c1,294.306,chemical_dd2ebb8c8aeed446,Oc1ccc2c(O)cccc2c1,160.172,平衡轮转；非全笛卡尔积,three_components_passed_prototype_gate,未采购未合成；需路线、EHS与供应复核,ledger-007-smipoly-2023;ledger-135-yue-2024-polyuniverse-data;ledger-136-yue-2024-polyuniverse;ledger-137-yue-polyuniverse-code
combo_fc396500673b9672,polyuniverse_dinco_81e1e90ea24f1e711a99,CC(N=C=O)C1(C)CC(N=C=O)CC(C)(C)C1,236.315,chemical_a2cf8157d0f77432,OC(c1cccc(C(O)(C(F)(F)F)C(F)(F)F)c1)(C(F)(F)F)C(F)(F)F,410.154,chemical_7eec20377145fdb7,CC1(C)C(O)C(C)(C)C1O,144.214,平衡轮转；非全笛卡尔积,three_components_passed_prototype_gate,未采购未合成；需路线、EHS与供应复核,ledger-007-smipoly-2023;ledger-135-yue-2024-polyuniverse-data;ledger-136-yue-2024-polyuniverse;ledger-137-yue-polyuniverse-code
combo_fc4b8cee09707bdb,polyuniverse_dinco_4e634aebc4fcf9faf957,O=C=NCc1ccc(CN=C=O)c(N=Nc2ccc([N+](=O)[O-])cc2)c1,337.295,chemical_f59a0ec9b5c263ad,CCCCCCCCC(CO)(CO)CCCCCCCC,300.527,chemical_706c38f2fda91d2c,CCC(C)(c1ccc(O)cc1)c1ccc(O)cc1,242.318,平衡轮转；非全笛卡尔积,three_components_passed_prototype_gate,未采购未合成；需路线、EHS与供应复核,ledger-007-smipoly-2023;ledger-135-yue-2024-polyuniverse-data;ledger-136-yue-2024-polyuniverse;ledger-137-yue-polyuniverse-code
combo_fd052bfde205977e,polyuniverse_dinco_d99b46b0b115b20a069f,CC1(C)CC(C)(CN=C=O)C(C2CCCCC2)C(N=C=O)(C2CCCCC2)C1,386.58,chemical_3a566be4d64035e3,Oc1ccc(-c2ccc(O)c(Br)c2)cc1Br,344.002,chemical_2a0d22152800ae85,Oc1ccc(Oc2ccc(O)cc2)cc1,202.209,平衡轮转；非全笛卡尔积,three_components_passed_prototype_gate,未采购未合成；需路线、EHS与供应复核,ledger-007-smipoly-2023;ledger-135-yue-2024-polyuniverse-data;ledger-136-yue-2024-polyuniverse;ledger-137-yue-polyuniverse-code
combo_fd334b7018eed111,polyuniverse_dinco_0321877a48fd93e2fb7d,CCC(N=C=O)OCC(C)(C)COC(CC)N=C=O,270.329,chemical_6364c045bd73da83,Oc1cccc(Oc2ccc(Oc3cccc(O)c3)cc2)c1,294.306,chemical_f25ee56de4366915,O=[N+]([O-])c1cc(CO)ccc1CO,183.163,平衡轮转；非全笛卡尔积,three_components_passed_prototype_gate,未采购未合成；需路线、EHS与供应复核,ledger-007-smipoly-2023;ledger-135-yue-2024-polyuniverse-data;ledger-136-yue-2024-polyuniverse;ledger-137-yue-polyuniverse-code
combo_fd3dbb843ccd0470,polyuniverse_dinco_9433642f6ab558269707,O=C=NC1CCOC1N=C=O,154.125,chemical_1f862d0fb910ec42,Oc1ccc(C2(c3ccc(O)cc3)CCCCC2)cc1,268.356,chemical_1ace6e6abb3b5be3,Oc1ccc(O)c2c1C1CCC2C1,176.215,平衡轮转；非全笛卡尔积,three_components_passed_prototype_gate,未采购未合成；需路线、EHS与供应复核,ledger-007-smipoly-2023;ledger-135-yue-2024-polyuniverse-data;ledger-136-yue-2024-polyuniverse;ledger-137-yue-polyuniverse-code
combo_fdb4f11237755234,polyuniverse_dinco_43658c980f2b703f5352,O=C=Nc1cc2c(N=C=O)c(c1Cl)-c1ccc-2cc1Cl,303.104,chemical_58b2613823466190,CC(C)(C)c1cc(-c2cc(C(C)(C)C)cc(C(C)(C)C)c2O)c(O)c(C(C)(C)C)c1,410.642,chemical_5be20976c2a9d662,Oc1c(F)c(F)c(O)c(F)c1F,182.072,平衡轮转；非全笛卡尔积,three_components_passed_prototype_gate,未采购未合成；需路线、EHS与供应复核,ledger-007-smipoly-2023;ledger-135-yue-2024-polyuniverse-data;ledger-136-yue-2024-polyuniverse;ledger-137-yue-polyuniverse-code
combo_fdce7ba164f46bf1,polyuniverse_dinco_b03d7a2243c8c46ba34f,O=C=Nc1c(F)cc(Oc2cc(F)c(N=C=O)c(F)c2)cc1F,324.189,chemical_b94fa835d3f1bdb8,CC(C)(CO)C1OCC2(CO1)COC(C(C)(C)CO)OC2,304.383,chemical_9a89f0adbd70529b,OCC(F)(F)C(F)(F)C(F)(F)CO,212.089,平衡轮转；非全笛卡尔积,three_components_passed_prototype_gate,未采购未合成；需路线、EHS与供应复核,ledger-007-smipoly-2023;ledger-135-yue-2024-polyuniverse-data;ledger-136-yue-2024-polyuniverse;ledger-137-yue-polyuniverse-code
combo_fdd294d47c842227,polyuniverse_dinco_4bd62448d543828bc87c,CC(C)CC(CC(C)C)(CC(CC(C)C)(CC(C)C)N=C=O)N=C=O,350.547,chemical_a2cf8157d0f77432,OC(c1cccc(C(O)(C(F)(F)F)C(F)(F)F)c1)(C(F)(F)F)C(F)(F)F,410.154,chemical_3635aefc1005d8ad,CC(C)(O)CCC(C)(C)O,146.23,平衡轮转；非全笛卡尔积,three_components_passed_prototype_gate,未采购未合成；需路线、EHS与供应复核,ledger-007-smipoly-2023;ledger-135-yue-2024-polyuniverse-data;ledger-136-yue-2024-polyuniverse;ledger-137-yue-polyuniverse-code
combo_fe2727b2ba23b5f4,polyuniverse_dinco_2c849f9c85ebe823e4a4,C[C@@H]1C[C@@H]2C[C@H](C)[C@H]3CC[C@](C)(N=C=O)[C@H]4CC[C@@H]([C@@H]2[C@H]34)[C@]1(C)N=C=O,356.51,chemical_58b2613823466190,CC(C)(C)c1cc(-c2cc(C(C)(C)C)cc(C(C)(C)C)c2O)c(O)c(C(C)(C)C)c1,410.642,chemical_c68025b85cef6d56,OCC(CO)OCc1ccccc1,182.219,平衡轮转；非全笛卡尔积,three_components_passed_prototype_gate,未采购未合成；需路线、EHS与供应复核,ledger-007-smipoly-2023;ledger-135-yue-2024-polyuniverse-data;ledger-136-yue-2024-polyuniverse;ledger-137-yue-polyuniverse-code
combo_fe42d000c981546c,polyuniverse_dinco_5869c3b07285b5b309da,CC(C)(CC1CCC(C(C)(C)N=C=O)C1)N=C=O,250.342,chemical_ff8d497a35fecaa4,OC(C(F)(F)F)(C(F)(F)F)C(O)(C(F)(F)F)C(F)(F)F,334.056,chemical_28a648027cd37607,OCCCCCCCCCO,160.257,平衡轮转；非全笛卡尔积,three_components_passed_prototype_gate,未采购未合成；需路线、EHS与供应复核,ledger-007-smipoly-2023;ledger-135-yue-2024-polyuniverse-data;ledger-136-yue-2024-polyuniverse;ledger-137-yue-polyuniverse-code
combo_fecca4bb6525448e,polyuniverse_dinco_7df67f418ef75f339395,CC1CC(N=C=O)C(N=C=O)(C(C)C)C(c2ccccc2)(c2ccccc2)C1,374.484,chemical_6364c045bd73da83,Oc1cccc(Oc2ccc(Oc3cccc(O)c3)cc2)c1,294.306,chemical_63c6eb608324eca7,OCC1CC2C3CC(CO)C(C3)C2C1,196.29,平衡轮转；非全笛卡尔积,three_components_passed_prototype_gate,未采购未合成；需路线、EHS与供应复核,ledger-007-smipoly-2023;ledger-135-yue-2024-polyuniverse-data;ledger-136-yue-2024-polyuniverse;ledger-137-yue-polyuniverse-code
combo_fed650c1cb7cc25c,polyuniverse_dinco_6a887a4fc6e3f56dee69,N#COCC(CN=C=O)(CN=C=O)COC#N,236.187,chemical_b94fa835d3f1bdb8,CC(C)(CO)C1OCC2(CO1)COC(C(C)(C)CO)OC2,304.383,chemical_bacbda6c95c1bb67,Cc1ccc(O)c(Cc2cc(C)ccc2O)c1,228.291,平衡轮转；非全笛卡尔积,three_components_passed_prototype_gate,未采购未合成；需路线、EHS与供应复核,ledger-007-smipoly-2023;ledger-135-yue-2024-polyuniverse-data;ledger-136-yue-2024-polyuniverse;ledger-137-yue-polyuniverse-code
combo_fef3ee6bb244e2c9,polyuniverse_dinco_ad772ec6dd390bb329d7,CC1CC1(N=C=O)C(C)(C)N=C=O,180.207,chemical_694871d5e95b7370,Oc1c(F)c(F)c(-c2c(F)c(F)c(O)c(F)c2F)c(F)c1F,330.13,chemical_6ee30a16c1c450ed,OC1CCCCC1O,116.16,平衡轮转；非全笛卡尔积,three_components_passed_prototype_gate,未采购未合成；需路线、EHS与供应复核,ledger-007-smipoly-2023;ledger-135-yue-2024-polyuniverse-data;ledger-136-yue-2024-polyuniverse;ledger-137-yue-polyuniverse-code
combo_ff0da87ffda9bfe3,polyuniverse_dinco_7bf0d3c1efc36d46299a,O=C=NCCCC(CN=C=O)CC12CCC(CC1)C2,262.353,chemical_34962dac292231e7,Cc1cc(Cc2cc(C)c(O)c(C)c2)cc(C)c1O,256.345,chemical_28a648027cd37607,OCCCCCCCCCO,160.257,平衡轮转；非全笛卡尔积,three_components_passed_prototype_gate,未采购未合成；需路线、EHS与供应复核,ledger-007-smipoly-2023;ledger-135-yue-2024-polyuniverse-data;ledger-136-yue-2024-polyuniverse;ledger-137-yue-polyuniverse-code
combo_ff3e2438bd54f902,polyuniverse_dinco_854f6f15dafaadb28034,O=C=Nc1ccc2c([nH]c3ccccc32)c1N=C=O,249.229,chemical_0895e6cd5136df6a,OCCOc1ccc(C2(c3ccc(OCCO)cc3)c3ccccc3-c3ccccc32)cc1,438.523,chemical_75fb481cd45cc100,CCCCC(CC)(CO)CO,160.257,平衡轮转；非全笛卡尔积,three_components_passed_prototype_gate,未采购未合成；需路线、EHS与供应复核,ledger-007-smipoly-2023;ledger-135-yue-2024-polyuniverse-data;ledger-136-yue-2024-polyuniverse;ledger-137-yue-polyuniverse-code
combo_ff46337c30f647b6,polyuniverse_dinco_d5c6102d385810c8a633,CC1CC(C(C)(C)C)C(N=C=O)CC1N=C=O,236.315,chemical_a2cf8157d0f77432,OC(c1cccc(C(O)(C(F)(F)F)C(F)(F)F)c1)(C(F)(F)F)C(F)(F)F,410.154,chemical_48e0f37b8f35d22d,Cc1c(C)c(CO)c(C)c(C)c1CO,194.274,平衡轮转；非全笛卡尔积,three_components_passed_prototype_gate,未采购未合成；需路线、EHS与供应复核,ledger-007-smipoly-2023;ledger-135-yue-2024-polyuniverse-data;ledger-136-yue-2024-polyuniverse;ledger-137-yue-polyuniverse-code
combo_ffe2a8ba46f25eb2,polyuniverse_dinco_e6e130471887a66db2b6,CCOC(N=C=O)(OCC)C(N=C=O)c1ccccc1-c1ccccc1,352.39,chemical_986d2a218ca14417,OCC(F)(F)C(F)(F)C(F)(F)C(F)(F)C(F)(F)C(F)(F)CO,362.11,chemical_28a648027cd37607,OCCCCCCCCCO,160.257,平衡轮转；非全笛卡尔积,three_components_passed_prototype_gate,未采购未合成；需路线、EHS与供应复核,ledger-007-smipoly-2023;ledger-135-yue-2024-polyuniverse-data;ledger-136-yue-2024-polyuniverse;ledger-137-yue-polyuniverse-code
