curve_id,source_id,source_family_id,formulation_id,sample_id,release_model_ready,leakage_group,development_split,point_count,endpoint_status,curve_type,evidence_scope,source_locator,citation_keys,energy_density_to_25pct_mj_m3,low_strain_modulus_status,max_observed_strain,max_observed_strain_unit,max_observed_stress_mpa,recorded_energy_density_mj_m3,secant_modulus_10pct_mpa,stress_at_100pct_mpa,stress_at_10pct_mpa,stress_at_25pct_mpa,stress_at_300pct_mpa,stress_at_50pct_mpa
compression:RPUF_0:RPUF1_compression_Specimen_1,source_zenodo_5713819_recycled_pu_foam,family_elorza_recycled_pu_foam,RPUF_0,RPUF1_compression_Specimen_1,True,hard_group_fd781ae26d0b0ae3,train,233,physical_endpoints_ready,compression,within_source_auxiliary,数据/原始/外部数据/新增开放数据/第十六批实验_再生PU泡沫/原始文件/row data for _Sustainable insulating foams_3/RPUF00_compression_RawData/RPUF1_compression_Specimen_1.csv#row=3,ledger-170-elorza-2021-recycled-pu-foam-data;ledger-171-elorza-2021-recycled-pu-foam,0.02810829535,,0.26944,dimensionless,0.20102,0.0318942914,1.0873,,0.10873,0.18833,,
compression:RPUF_0:RPUF1_compression_Specimen_10,source_zenodo_5713819_recycled_pu_foam,family_elorza_recycled_pu_foam,RPUF_0,RPUF1_compression_Specimen_10,True,hard_group_fd781ae26d0b0ae3,train,225,physical_endpoints_ready,compression,within_source_auxiliary,数据/原始/外部数据/新增开放数据/第十六批实验_再生PU泡沫/原始文件/row data for _Sustainable insulating foams_3/RPUF00_compression_RawData/RPUF1_compression_Specimen_10.csv#row=3,ledger-170-elorza-2021-recycled-pu-foam-data;ledger-171-elorza-2021-recycled-pu-foam,0.03588075533,,0.26937,dimensionless,0.2476,0.04056207745,1.47061512605,,0.147061512605,0.235697,,
compression:RPUF_0:RPUF1_compression_Specimen_11,source_zenodo_5713819_recycled_pu_foam,family_elorza_recycled_pu_foam,RPUF_0,RPUF1_compression_Specimen_11,True,hard_group_fd781ae26d0b0ae3,train,226,physical_endpoints_ready,compression,within_source_auxiliary,数据/原始/外部数据/新增开放数据/第十六批实验_再生PU泡沫/原始文件/row data for _Sustainable insulating foams_3/RPUF00_compression_RawData/RPUF1_compression_Specimen_11.csv#row=3,ledger-170-elorza-2021-recycled-pu-foam-data;ledger-171-elorza-2021-recycled-pu-foam,0.0365275495826,,0.26979,dimensionless,0.25071,0.0413811019,1.52416,,0.152416,0.239843057851,,
compression:RPUF_0:RPUF1_compression_Specimen_2,source_zenodo_5713819_recycled_pu_foam,family_elorza_recycled_pu_foam,RPUF_0,RPUF1_compression_Specimen_2,True,hard_group_fd781ae26d0b0ae3,train,238,physical_endpoints_ready,compression,within_source_auxiliary,数据/原始/外部数据/新增开放数据/第十六批实验_再生PU泡沫/原始文件/row data for _Sustainable insulating foams_3/RPUF00_compression_RawData/RPUF1_compression_Specimen_2.csv#row=3,ledger-170-elorza-2021-recycled-pu-foam-data;ledger-171-elorza-2021-recycled-pu-foam,0.0295077270693,,0.26964,dimensionless,0.20031,0.0333262081,1.17513274336,,0.117513274336,0.188672280702,,
compression:RPUF_0:RPUF1_compression_Specimen_3,source_zenodo_5713819_recycled_pu_foam,family_elorza_recycled_pu_foam,RPUF_0,RPUF1_compression_Specimen_3,True,hard_group_fd781ae26d0b0ae3,train,235,physical_endpoints_ready,compression,within_source_auxiliary,数据/原始/外部数据/新增开放数据/第十六批实验_再生PU泡沫/原始文件/row data for _Sustainable insulating foams_3/RPUF00_compression_RawData/RPUF1_compression_Specimen_3.csv#row=3,ledger-170-elorza-2021-recycled-pu-foam-data;ledger-171-elorza-2021-recycled-pu-foam,0.03094891787,,0.26897,dimensionless,0.20667,0.03475632905,1.2457,,0.12457,0.195012,,
compression:RPUF_0:RPUF1_compression_Specimen_4,source_zenodo_5713819_recycled_pu_foam,family_elorza_recycled_pu_foam,RPUF_0,RPUF1_compression_Specimen_4,True,hard_group_fd781ae26d0b0ae3,train,234,physical_endpoints_ready,compression,within_source_auxiliary,数据/原始/外部数据/新增开放数据/第十六批实验_再生PU泡沫/原始文件/row data for _Sustainable insulating foams_3/RPUF00_compression_RawData/RPUF1_compression_Specimen_4.csv#row=3,ledger-170-elorza-2021-recycled-pu-foam-data;ledger-171-elorza-2021-recycled-pu-foam,0.03022498935,,0.26966,dimensionless,0.20658,0.0341656427,1.20984,,0.120984,0.19451,,
compression:RPUF_0:RPUF1_compression_Specimen_5,source_zenodo_5713819_recycled_pu_foam,family_elorza_recycled_pu_foam,RPUF_0,RPUF1_compression_Specimen_5,True,hard_group_fd781ae26d0b0ae3,train,235,physical_endpoints_ready,compression,within_source_auxiliary,数据/原始/外部数据/新增开放数据/第十六批实验_再生PU泡沫/原始文件/row data for _Sustainable insulating foams_3/RPUF00_compression_RawData/RPUF1_compression_Specimen_5.csv#row=3,ledger-170-elorza-2021-recycled-pu-foam-data;ledger-171-elorza-2021-recycled-pu-foam,0.0312595754443,,0.26896,dimensionless,0.20769,0.0350883789,1.2465,,0.12465,0.19659773913,,
compression:RPUF_0:RPUF1_compression_Specimen_6,source_zenodo_5713819_recycled_pu_foam,family_elorza_recycled_pu_foam,RPUF_0,RPUF1_compression_Specimen_6,True,hard_group_fd781ae26d0b0ae3,train,233,physical_endpoints_ready,compression,within_source_auxiliary,数据/原始/外部数据/新增开放数据/第十六批实验_再生PU泡沫/原始文件/row data for _Sustainable insulating foams_3/RPUF00_compression_RawData/RPUF1_compression_Specimen_6.csv#row=3,ledger-170-elorza-2021-recycled-pu-foam-data;ledger-171-elorza-2021-recycled-pu-foam,0.0309344767949,,0.26946,dimensionless,0.21138,0.03492453305,1.23898275862,,0.123898275862,0.198687966102,,
compression:RPUF_0:RPUF1_compression_Specimen_7,source_zenodo_5713819_recycled_pu_foam,family_elorza_recycled_pu_foam,RPUF_0,RPUF1_compression_Specimen_7,True,hard_group_fd781ae26d0b0ae3,train,239,physical_endpoints_ready,compression,within_source_auxiliary,数据/原始/外部数据/新增开放数据/第十六批实验_再生PU泡沫/原始文件/row data for _Sustainable insulating foams_3/RPUF00_compression_RawData/RPUF1_compression_Specimen_7.csv#row=3,ledger-170-elorza-2021-recycled-pu-foam-data;ledger-171-elorza-2021-recycled-pu-foam,0.0336223734611,,0.26892,dimensionless,0.24893,0.0382466691,1.15970088496,,0.115970088496,0.239651150442,,
compression:RPUF_0:RPUF1_compression_Specimen_8,source_zenodo_5713819_recycled_pu_foam,family_elorza_recycled_pu_foam,RPUF_0,RPUF1_compression_Specimen_8,True,hard_group_fd781ae26d0b0ae3,train,242,physical_endpoints_ready,compression,within_source_auxiliary,数据/原始/外部数据/新增开放数据/第十六批实验_再生PU泡沫/原始文件/row data for _Sustainable insulating foams_3/RPUF00_compression_RawData/RPUF1_compression_Specimen_8.csv#row=3,ledger-170-elorza-2021-recycled-pu-foam-data;ledger-171-elorza-2021-recycled-pu-foam,0.0328526823284,,0.2694,dimensionless,0.2442,0.0374987267,1.11757857143,,0.111757857143,0.233992162162,,
compression:RPUF_0:RPUF1_compression_Specimen_9,source_zenodo_5713819_recycled_pu_foam,family_elorza_recycled_pu_foam,RPUF_0,RPUF1_compression_Specimen_9,True,hard_group_fd781ae26d0b0ae3,train,242,physical_endpoints_ready,compression,within_source_auxiliary,数据/原始/外部数据/新增开放数据/第十六批实验_再生PU泡沫/原始文件/row data for _Sustainable insulating foams_3/RPUF00_compression_RawData/RPUF1_compression_Specimen_9.csv#row=3,ledger-170-elorza-2021-recycled-pu-foam-data;ledger-171-elorza-2021-recycled-pu-foam,0.0328622355135,,0.2693,dimensionless,0.24806,0.0375469669,1.12954727273,,0.112954727273,0.237453243243,,
compression:RPUF_1.5:RPUF2_compression_Specimen_1,source_zenodo_5713819_recycled_pu_foam,family_elorza_recycled_pu_foam,RPUF_1.5,RPUF2_compression_Specimen_1,True,hard_group_fd781ae26d0b0ae3,train,234,physical_endpoints_ready,compression,within_source_auxiliary,数据/原始/外部数据/新增开放数据/第十六批实验_再生PU泡沫/原始文件/row data for _Sustainable insulating foams_3/RPUF15_compression_RawData/RPUF2_compression_Specimen_1.csv#row=3,ledger-170-elorza-2021-recycled-pu-foam-data;ledger-171-elorza-2021-recycled-pu-foam,0.0279385648,,0.26967,dimensionless,0.20414,0.03184190355,1.0352,,0.10352,0.19285,,
compression:RPUF_1.5:RPUF2_compression_Specimen_2,source_zenodo_5713819_recycled_pu_foam,family_elorza_recycled_pu_foam,RPUF_1.5,RPUF2_compression_Specimen_2,True,hard_group_fd781ae26d0b0ae3,train,235,physical_endpoints_ready,compression,within_source_auxiliary,数据/原始/外部数据/新增开放数据/第十六批实验_再生PU泡沫/原始文件/row data for _Sustainable insulating foams_3/RPUF15_compression_RawData/RPUF2_compression_Specimen_2.csv#row=3,ledger-170-elorza-2021-recycled-pu-foam-data;ledger-171-elorza-2021-recycled-pu-foam,0.02538110935,,0.26896,dimensionless,0.19061,0.0288861618,0.9362,,0.09362,0.179105,,
compression:RPUF_1.5:RPUF2_compression_Specimen_3,source_zenodo_5713819_recycled_pu_foam,family_elorza_recycled_pu_foam,RPUF_1.5,RPUF2_compression_Specimen_3,True,hard_group_fd781ae26d0b0ae3,train,237,physical_endpoints_ready,compression,within_source_auxiliary,数据/原始/外部数据/新增开放数据/第十六批实验_再生PU泡沫/原始文件/row data for _Sustainable insulating foams_3/RPUF15_compression_RawData/RPUF2_compression_Specimen_3.csv#row=3,ledger-170-elorza-2021-recycled-pu-foam-data;ledger-171-elorza-2021-recycled-pu-foam,0.02416756655,,0.26939,dimensionless,0.17669,0.027496349,0.90606,,0.090606,0.1666,,
compression:RPUF_1.5:RPUF2_compression_Specimen_4,source_zenodo_5713819_recycled_pu_foam,family_elorza_recycled_pu_foam,RPUF_1.5,RPUF2_compression_Specimen_4,True,hard_group_fd781ae26d0b0ae3,train,236,physical_endpoints_ready,compression,within_source_auxiliary,数据/原始/外部数据/新增开放数据/第十六批实验_再生PU泡沫/原始文件/row data for _Sustainable insulating foams_3/RPUF15_compression_RawData/RPUF2_compression_Specimen_4.csv#row=3,ledger-170-elorza-2021-recycled-pu-foam-data;ledger-171-elorza-2021-recycled-pu-foam,0.0258491194078,,0.26918,dimensionless,0.18873,0.0293587098,0.955794736842,,0.0955794736842,0.17742626087,,
compression:RPUF_1.5:RPUF2_compression_Specimen_5,source_zenodo_5713819_recycled_pu_foam,family_elorza_recycled_pu_foam,RPUF_1.5,RPUF2_compression_Specimen_5,True,hard_group_fd781ae26d0b0ae3,train,226,physical_endpoints_ready,compression,within_source_auxiliary,数据/原始/外部数据/新增开放数据/第十六批实验_再生PU泡沫/原始文件/row data for _Sustainable insulating foams_3/RPUF15_compression_RawData/RPUF2_compression_Specimen_5.csv#row=3,ledger-170-elorza-2021-recycled-pu-foam-data;ledger-171-elorza-2021-recycled-pu-foam,0.0214239309864,,0.26882,dimensionless,0.18327,0.0247651062,0.654172649573,,0.0654172649573,0.171850909091,,
compression:RPUF_1.5:RPUF2_compression_Specimen_6,source_zenodo_5713819_recycled_pu_foam,family_elorza_recycled_pu_foam,RPUF_1.5,RPUF2_compression_Specimen_6,True,hard_group_fd781ae26d0b0ae3,train,235,physical_endpoints_ready,compression,within_source_auxiliary,数据/原始/外部数据/新增开放数据/第十六批实验_再生PU泡沫/原始文件/row data for _Sustainable insulating foams_3/RPUF15_compression_RawData/RPUF2_compression_Specimen_6.csv#row=3,ledger-170-elorza-2021-recycled-pu-foam-data;ledger-171-elorza-2021-recycled-pu-foam,0.0233341836385,,0.26989,dimensionless,0.17961,0.02679131155,0.813654385965,,0.0813654385965,0.168103076923,,
compression:RPUF_3.0:RPUF3_compression_Specimen_1,source_zenodo_5713819_recycled_pu_foam,family_elorza_recycled_pu_foam,RPUF_3.0,RPUF3_compression_Specimen_1,True,hard_group_fd781ae26d0b0ae3,train,205,physical_endpoints_ready,compression,within_source_auxiliary,数据/原始/外部数据/新增开放数据/第十六批实验_再生PU泡沫/原始文件/row data for _Sustainable insulating foams_3/RPUF30_compression_RawData/RPUF3_compression_Specimen_1.csv#row=3,ledger-170-elorza-2021-recycled-pu-foam-data;ledger-171-elorza-2021-recycled-pu-foam,0.0216799138,,0.26984,dimensionless,0.17581,0.0250602693,0.717272727273,,0.0717272727273,0.16496,,
compression:RPUF_3.0:RPUF3_compression_Specimen_2,source_zenodo_5713819_recycled_pu_foam,family_elorza_recycled_pu_foam,RPUF_3.0,RPUF3_compression_Specimen_2,True,hard_group_fd781ae26d0b0ae3,train,203,physical_endpoints_ready,compression,within_source_auxiliary,数据/原始/外部数据/新增开放数据/第十六批实验_再生PU泡沫/原始文件/row data for _Sustainable insulating foams_3/RPUF30_compression_RawData/RPUF3_compression_Specimen_2.csv#row=3,ledger-170-elorza-2021-recycled-pu-foam-data;ledger-171-elorza-2021-recycled-pu-foam,0.0236806041199,,0.26933,dimensionless,0.19142,0.0272763423,0.7863,,0.07863,0.180372030075,,
compression:RPUF_3.0:RPUF3_compression_Specimen_3,source_zenodo_5713819_recycled_pu_foam,family_elorza_recycled_pu_foam,RPUF_3.0,RPUF3_compression_Specimen_3,True,hard_group_fd781ae26d0b0ae3,train,205,physical_endpoints_ready,compression,within_source_auxiliary,数据/原始/外部数据/新增开放数据/第十六批实验_再生PU泡沫/原始文件/row data for _Sustainable insulating foams_3/RPUF30_compression_RawData/RPUF3_compression_Specimen_3.csv#row=3,ledger-170-elorza-2021-recycled-pu-foam-data;ledger-171-elorza-2021-recycled-pu-foam,0.0251945782354,,0.26984,dimensionless,0.20074,0.0290597419,0.86722481203,,0.086722481203,0.188667089552,,
compression:RPUF_3.0:RPUF3_compression_Specimen_4,source_zenodo_5713819_recycled_pu_foam,family_elorza_recycled_pu_foam,RPUF_3.0,RPUF3_compression_Specimen_4,True,hard_group_fd781ae26d0b0ae3,train,192,physical_endpoints_ready,compression,within_source_auxiliary,数据/原始/外部数据/新增开放数据/第十六批实验_再生PU泡沫/原始文件/row data for _Sustainable insulating foams_3/RPUF30_compression_RawData/RPUF3_compression_Specimen_4.csv#row=3,ledger-170-elorza-2021-recycled-pu-foam-data;ledger-171-elorza-2021-recycled-pu-foam,0.0228327385211,,0.26976,dimensionless,0.17636,0.0262288674,0.775138297872,,0.0775138297872,0.167394225352,,
compression:RPUF_3.0:RPUF3_compression_Specimen_5,source_zenodo_5713819_recycled_pu_foam,family_elorza_recycled_pu_foam,RPUF_3.0,RPUF3_compression_Specimen_5,True,hard_group_fd781ae26d0b0ae3,train,190,physical_endpoints_ready,compression,within_source_auxiliary,数据/原始/外部数据/新增开放数据/第十六批实验_再生PU泡沫/原始文件/row data for _Sustainable insulating foams_3/RPUF30_compression_RawData/RPUF3_compression_Specimen_5.csv#row=3,ledger-170-elorza-2021-recycled-pu-foam-data;ledger-171-elorza-2021-recycled-pu-foam,0.0212949209927,,0.26921,dimensionless,0.16379,0.0243649757,0.71728,,0.071728,0.155817062937,,
compression:RPUF_3.0:RPUF3_compression_Specimen_6,source_zenodo_5713819_recycled_pu_foam,family_elorza_recycled_pu_foam,RPUF_3.0,RPUF3_compression_Specimen_6,True,hard_group_fd781ae26d0b0ae3,train,195,physical_endpoints_ready,compression,within_source_auxiliary,数据/原始/外部数据/新增开放数据/第十六批实验_再生PU泡沫/原始文件/row data for _Sustainable insulating foams_3/RPUF30_compression_RawData/RPUF3_compression_Specimen_6.csv#row=3,ledger-170-elorza-2021-recycled-pu-foam-data;ledger-171-elorza-2021-recycled-pu-foam,0.0250021989779,,0.26943,dimensionless,0.19251,0.0286326086,0.8943,,0.08943,0.181055571429,,
compression:RPUF_4.5:RPUF4_compression_Specimen_1,source_zenodo_5713819_recycled_pu_foam,family_elorza_recycled_pu_foam,RPUF_4.5,RPUF4_compression_Specimen_1,True,hard_group_fd781ae26d0b0ae3,train,227,physical_endpoints_ready,compression,within_source_auxiliary,数据/原始/外部数据/新增开放数据/第十六批实验_再生PU泡沫/原始文件/row data for _Sustainable insulating foams_3/RPUF45_compression_RawData/RPUF4_compression_Specimen_1.csv#row=3,ledger-170-elorza-2021-recycled-pu-foam-data;ledger-171-elorza-2021-recycled-pu-foam,0.0182311993,,0.26906,dimensionless,0.13693,0.0207542592,0.6398,,0.06398,0.12779,,
compression:RPUF_4.5:RPUF4_compression_Specimen_2,source_zenodo_5713819_recycled_pu_foam,family_elorza_recycled_pu_foam,RPUF_4.5,RPUF4_compression_Specimen_2,True,hard_group_fd781ae26d0b0ae3,train,233,physical_endpoints_ready,compression,within_source_auxiliary,数据/原始/外部数据/新增开放数据/第十六批实验_再生PU泡沫/原始文件/row data for _Sustainable insulating foams_3/RPUF45_compression_RawData/RPUF4_compression_Specimen_2.csv#row=3,ledger-170-elorza-2021-recycled-pu-foam-data;ledger-171-elorza-2021-recycled-pu-foam,0.0177846120375,,0.26946,dimensionless,0.13478,0.0203179753,0.631864102564,,0.0631864102564,0.1256875,,
compression:RPUF_4.5:RPUF4_compression_Specimen_3,source_zenodo_5713819_recycled_pu_foam,family_elorza_recycled_pu_foam,RPUF_4.5,RPUF4_compression_Specimen_3,True,hard_group_fd781ae26d0b0ae3,train,231,physical_endpoints_ready,compression,within_source_auxiliary,数据/原始/外部数据/新增开放数据/第十六批实验_再生PU泡沫/原始文件/row data for _Sustainable insulating foams_3/RPUF45_compression_RawData/RPUF4_compression_Specimen_3.csv#row=3,ledger-170-elorza-2021-recycled-pu-foam-data;ledger-171-elorza-2021-recycled-pu-foam,0.0190061713,,0.26996,dimensionless,0.14212,0.0217445947,0.690407563025,,0.0690407563025,0.13239,,
compression:RPUF_4.5:RPUF4_compression_Specimen_4,source_zenodo_5713819_recycled_pu_foam,family_elorza_recycled_pu_foam,RPUF_4.5,RPUF4_compression_Specimen_4,True,hard_group_fd781ae26d0b0ae3,train,231,physical_endpoints_ready,compression,within_source_auxiliary,数据/原始/外部数据/新增开放数据/第十六批实验_再生PU泡沫/原始文件/row data for _Sustainable insulating foams_3/RPUF45_compression_RawData/RPUF4_compression_Specimen_4.csv#row=3,ledger-170-elorza-2021-recycled-pu-foam-data;ledger-171-elorza-2021-recycled-pu-foam,0.018804791993,,0.26901,dimensionless,0.14107,0.0213951198,0.6857,,0.06857,0.131601478261,,
compression:RPUF_4.5:RPUF4_compression_Specimen_5,source_zenodo_5713819_recycled_pu_foam,family_elorza_recycled_pu_foam,RPUF_4.5,RPUF4_compression_Specimen_5,True,hard_group_fd781ae26d0b0ae3,train,231,physical_endpoints_ready,compression,within_source_auxiliary,数据/原始/外部数据/新增开放数据/第十六批实验_再生PU泡沫/原始文件/row data for _Sustainable insulating foams_3/RPUF45_compression_RawData/RPUF4_compression_Specimen_5.csv#row=3,ledger-170-elorza-2021-recycled-pu-foam-data;ledger-171-elorza-2021-recycled-pu-foam,0.0191701054859,,0.269,dimensionless,0.14106,0.0217597023,0.705674789916,,0.0705674789916,0.131688717949,,
compression:RPUF_4.5:RPUF4_compression_Specimen_6,source_zenodo_5713819_recycled_pu_foam,family_elorza_recycled_pu_foam,RPUF_4.5,RPUF4_compression_Specimen_6,True,hard_group_fd781ae26d0b0ae3,train,235,physical_endpoints_ready,compression,within_source_auxiliary,数据/原始/外部数据/新增开放数据/第十六批实验_再生PU泡沫/原始文件/row data for _Sustainable insulating foams_3/RPUF45_compression_RawData/RPUF4_compression_Specimen_6.csv#row=3,ledger-170-elorza-2021-recycled-pu-foam-data;ledger-171-elorza-2021-recycled-pu-foam,0.0190040434561,,0.2699,dimensionless,0.1426,0.0217428535,0.701712068966,,0.0701712068966,0.13270245614,,
compression:RPUF_6.0:RPUF5_compression_Specimen_1,source_zenodo_5713819_recycled_pu_foam,family_elorza_recycled_pu_foam,RPUF_6.0,RPUF5_compression_Specimen_1,True,hard_group_fd781ae26d0b0ae3,train,201,physical_endpoints_ready,compression,within_source_auxiliary,数据/原始/外部数据/新增开放数据/第十六批实验_再生PU泡沫/原始文件/row data for _Sustainable insulating foams_3/RPUF60_compression_RawData/RPUF5_compression_Specimen_1.csv#row=3,ledger-170-elorza-2021-recycled-pu-foam-data;ledger-171-elorza-2021-recycled-pu-foam,0.0168026126933,,0.26992,dimensionless,0.15111,0.01971840515,0.520372180451,,0.0520372180451,0.141618444444,,
compression:RPUF_6.0:RPUF5_compression_Specimen_2,source_zenodo_5713819_recycled_pu_foam,family_elorza_recycled_pu_foam,RPUF_6.0,RPUF5_compression_Specimen_2,True,hard_group_fd781ae26d0b0ae3,train,214,physical_endpoints_ready,compression,within_source_auxiliary,数据/原始/外部数据/新增开放数据/第十六批实验_再生PU泡沫/原始文件/row data for _Sustainable insulating foams_3/RPUF60_compression_RawData/RPUF5_compression_Specimen_2.csv#row=3,ledger-170-elorza-2021-recycled-pu-foam-data;ledger-171-elorza-2021-recycled-pu-foam,0.016188067208,,0.26995,dimensionless,0.15385,0.01915119775,0.462184375,,0.0462184375,0.1432736,,
compression:RPUF_6.0:RPUF5_compression_Specimen_3,source_zenodo_5713819_recycled_pu_foam,family_elorza_recycled_pu_foam,RPUF_6.0,RPUF5_compression_Specimen_3,True,hard_group_fd781ae26d0b0ae3,train,193,physical_endpoints_ready,compression,within_source_auxiliary,数据/原始/外部数据/新增开放数据/第十六批实验_再生PU泡沫/原始文件/row data for _Sustainable insulating foams_3/RPUF60_compression_RawData/RPUF5_compression_Specimen_3.csv#row=3,ledger-170-elorza-2021-recycled-pu-foam-data;ledger-171-elorza-2021-recycled-pu-foam,0.0191737527638,,0.26902,dimensionless,0.15084,0.0219651369,0.666126428571,,0.0666126428571,0.14280106383,,
compression:RPUF_6.0:RPUF5_compression_Specimen_4,source_zenodo_5713819_recycled_pu_foam,family_elorza_recycled_pu_foam,RPUF_6.0,RPUF5_compression_Specimen_4,True,hard_group_fd781ae26d0b0ae3,train,197,physical_endpoints_ready,compression,within_source_auxiliary,数据/原始/外部数据/新增开放数据/第十六批实验_再生PU泡沫/原始文件/row data for _Sustainable insulating foams_3/RPUF60_compression_RawData/RPUF5_compression_Specimen_4.csv#row=3,ledger-170-elorza-2021-recycled-pu-foam-data;ledger-171-elorza-2021-recycled-pu-foam,0.0190083118514,,0.26941,dimensionless,0.16039,0.02203725455,0.579647482014,,0.0579647482014,0.15164115942,,
compression:RPUF_6.0:RPUF5_compression_Specimen_5,source_zenodo_5713819_recycled_pu_foam,family_elorza_recycled_pu_foam,RPUF_6.0,RPUF5_compression_Specimen_5,True,hard_group_fd781ae26d0b0ae3,train,205,physical_endpoints_ready,compression,within_source_auxiliary,数据/原始/外部数据/新增开放数据/第十六批实验_再生PU泡沫/原始文件/row data for _Sustainable insulating foams_3/RPUF60_compression_RawData/RPUF5_compression_Specimen_5.csv#row=3,ledger-170-elorza-2021-recycled-pu-foam-data;ledger-171-elorza-2021-recycled-pu-foam,0.0208240877315,,0.26909,dimensionless,0.15865,0.023762942,0.779386466165,,0.0779386466165,0.149438518519,,
compression:RPUF_6.0:RPUF5_compression_Specimen_6,source_zenodo_5713819_recycled_pu_foam,family_elorza_recycled_pu_foam,RPUF_6.0,RPUF5_compression_Specimen_6,True,hard_group_fd781ae26d0b0ae3,train,210,physical_endpoints_ready,compression,within_source_auxiliary,数据/原始/外部数据/新增开放数据/第十六批实验_再生PU泡沫/原始文件/row data for _Sustainable insulating foams_3/RPUF60_compression_RawData/RPUF5_compression_Specimen_6.csv#row=3,ledger-170-elorza-2021-recycled-pu-foam-data;ledger-171-elorza-2021-recycled-pu-foam,0.0222912751182,,0.26919,dimensionless,0.17786,0.0256191418,0.74114,,0.074114,0.169096434109,,
compression:SPUF_0:SPUF1_compression_Specimen__1,source_zenodo_5713819_recycled_pu_foam,family_elorza_recycled_pu_foam,SPUF_0,SPUF1_compression_Specimen__1,True,hard_group_fd781ae26d0b0ae3,train,218,physical_endpoints_ready,compression,within_source_auxiliary,数据/原始/外部数据/新增开放数据/第十六批实验_再生PU泡沫/原始文件/row data for _Sustainable insulating foams_3/SPUF00_compression_RawData/SPUF1_compression_Specimen__1.csv#row=3,ledger-170-elorza-2021-recycled-pu-foam-data;ledger-171-elorza-2021-recycled-pu-foam,0.00261381281452,,0.2697,dimensionless,0.01645,0.00292892,0.1078784,,0.01078784,0.0155301612903,,
compression:SPUF_0:SPUF1_compression_Specimen__2,source_zenodo_5713819_recycled_pu_foam,family_elorza_recycled_pu_foam,SPUF_0,SPUF1_compression_Specimen__2,True,hard_group_fd781ae26d0b0ae3,train,216,physical_endpoints_ready,compression,within_source_auxiliary,数据/原始/外部数据/新增开放数据/第十六批实验_再生PU泡沫/原始文件/row data for _Sustainable insulating foams_3/SPUF00_compression_RawData/SPUF1_compression_Specimen__2.csv#row=3,ledger-170-elorza-2021-recycled-pu-foam-data;ledger-171-elorza-2021-recycled-pu-foam,0.0026202648125,,0.26912,dimensionless,0.01777,0.002949414,0.103829133858,,0.0103829133858,0.016684375,,
compression:SPUF_0:SPUF1_compression_Specimen__3,source_zenodo_5713819_recycled_pu_foam,family_elorza_recycled_pu_foam,SPUF_0,SPUF1_compression_Specimen__3,True,hard_group_fd781ae26d0b0ae3,train,215,physical_endpoints_ready,compression,within_source_auxiliary,数据/原始/外部数据/新增开放数据/第十六批实验_再生PU泡沫/原始文件/row data for _Sustainable insulating foams_3/SPUF00_compression_RawData/SPUF1_compression_Specimen__3.csv#row=3,ledger-170-elorza-2021-recycled-pu-foam-data;ledger-171-elorza-2021-recycled-pu-foam,0.0026800173276,,0.26999,dimensionless,0.01876,0.0030418039,0.10227734375,,0.010227734375,0.01752864,,
compression:SPUF_0:SPUF1_compression_Specimen__4,source_zenodo_5713819_recycled_pu_foam,family_elorza_recycled_pu_foam,SPUF_0,SPUF1_compression_Specimen__4,True,hard_group_fd781ae26d0b0ae3,train,215,physical_endpoints_ready,compression,within_source_auxiliary,数据/原始/外部数据/新增开放数据/第十六批实验_再生PU泡沫/原始文件/row data for _Sustainable insulating foams_3/SPUF00_compression_RawData/SPUF1_compression_Specimen__4.csv#row=3,ledger-170-elorza-2021-recycled-pu-foam-data;ledger-171-elorza-2021-recycled-pu-foam,0.00279563755,,0.26969,dimensionless,0.01809,0.0031407546,0.11133968254,,0.011133968254,0.017035,,
compression:SPUF_0:SPUF1_compression_Specimen__5,source_zenodo_5713819_recycled_pu_foam,family_elorza_recycled_pu_foam,SPUF_0,SPUF1_compression_Specimen__5,True,hard_group_fd781ae26d0b0ae3,train,215,physical_endpoints_ready,compression,within_source_auxiliary,数据/原始/外部数据/新增开放数据/第十六批实验_再生PU泡沫/原始文件/row data for _Sustainable insulating foams_3/SPUF00_compression_RawData/SPUF1_compression_Specimen__5.csv#row=3,ledger-170-elorza-2021-recycled-pu-foam-data;ledger-171-elorza-2021-recycled-pu-foam,0.00317058317857,,0.26909,dimensionless,0.01867,0.00351801205,0.128225396825,,0.0128225396825,0.0177342857143,,
compression:SPUF_0:SPUF1_compression_Specimen__6,source_zenodo_5713819_recycled_pu_foam,family_elorza_recycled_pu_foam,SPUF_0,SPUF1_compression_Specimen__6,True,hard_group_fd781ae26d0b0ae3,train,215,physical_endpoints_ready,compression,within_source_auxiliary,数据/原始/外部数据/新增开放数据/第十六批实验_再生PU泡沫/原始文件/row data for _Sustainable insulating foams_3/SPUF00_compression_RawData/SPUF1_compression_Specimen__6.csv#row=3,ledger-170-elorza-2021-recycled-pu-foam-data;ledger-171-elorza-2021-recycled-pu-foam,0.004082477162,,0.26949,dimensionless,0.02017,0.0044694306,0.177882539683,,0.0177882539683,0.0196064,,
compression:SPUF_1.5:SPUF2_compression_Specimen__1,source_zenodo_5713819_recycled_pu_foam,family_elorza_recycled_pu_foam,SPUF_1.5,SPUF2_compression_Specimen__1,True,hard_group_fd781ae26d0b0ae3,train,221,physical_endpoints_ready,compression,within_source_auxiliary,数据/原始/外部数据/新增开放数据/第十六批实验_再生PU泡沫/原始文件/row data for _Sustainable insulating foams_3/SPUF15_compression_RawData/SPUF2_compression_Specimen__1.csv#row=3,ledger-170-elorza-2021-recycled-pu-foam-data;ledger-171-elorza-2021-recycled-pu-foam,0.00392551340569,,0.2693,dimensionless,0.02339,0.004367071,0.155701612903,,0.0155701612903,0.0223650406504,,
compression:SPUF_1.5:SPUF2_compression_Specimen__2,source_zenodo_5713819_recycled_pu_foam,family_elorza_recycled_pu_foam,SPUF_1.5,SPUF2_compression_Specimen__2,True,hard_group_fd781ae26d0b0ae3,train,220,physical_endpoints_ready,compression,within_source_auxiliary,数据/原始/外部数据/新增开放数据/第十六批实验_再生PU泡沫/原始文件/row data for _Sustainable insulating foams_3/SPUF15_compression_RawData/SPUF2_compression_Specimen__2.csv#row=3,ledger-170-elorza-2021-recycled-pu-foam-data;ledger-171-elorza-2021-recycled-pu-foam,0.00392084822479,,0.26898,dimensionless,0.02721,0.00442164255,0.149626829268,,0.0149626829268,0.0256376859504,,
compression:SPUF_1.5:SPUF2_compression_Specimen__3,source_zenodo_5713819_recycled_pu_foam,family_elorza_recycled_pu_foam,SPUF_1.5,SPUF2_compression_Specimen__3,True,hard_group_fd781ae26d0b0ae3,train,219,physical_endpoints_ready,compression,within_source_auxiliary,数据/原始/外部数据/新增开放数据/第十六批实验_再生PU泡沫/原始文件/row data for _Sustainable insulating foams_3/SPUF15_compression_RawData/SPUF2_compression_Specimen__3.csv#row=3,ledger-170-elorza-2021-recycled-pu-foam-data;ledger-171-elorza-2021-recycled-pu-foam,0.00370253903943,,0.26943,dimensionless,0.02478,0.0041688006,0.144637398374,,0.0144637398374,0.0232493495935,,
compression:SPUF_1.5:SPUF2_compression_Specimen__4,source_zenodo_5713819_recycled_pu_foam,family_elorza_recycled_pu_foam,SPUF_1.5,SPUF2_compression_Specimen__4,True,hard_group_fd781ae26d0b0ae3,train,221,physical_endpoints_ready,compression,within_source_auxiliary,数据/原始/外部数据/新增开放数据/第十六批实验_再生PU泡沫/原始文件/row data for _Sustainable insulating foams_3/SPUF15_compression_RawData/SPUF2_compression_Specimen__4.csv#row=3,ledger-170-elorza-2021-recycled-pu-foam-data;ledger-171-elorza-2021-recycled-pu-foam,0.00403139925738,,0.26981,dimensionless,0.02828,0.0045771826,0.15022195122,,0.015022195122,0.0267749180328,,
compression:SPUF_1.5:SPUF2_compression_Specimen__5,source_zenodo_5713819_recycled_pu_foam,family_elorza_recycled_pu_foam,SPUF_1.5,SPUF2_compression_Specimen__5,True,hard_group_fd781ae26d0b0ae3,train,219,physical_endpoints_ready,compression,within_source_auxiliary,数据/原始/外部数据/新增开放数据/第十六批实验_再生PU泡沫/原始文件/row data for _Sustainable insulating foams_3/SPUF15_compression_RawData/SPUF2_compression_Specimen__5.csv#row=3,ledger-170-elorza-2021-recycled-pu-foam-data;ledger-171-elorza-2021-recycled-pu-foam,0.00357834193943,,0.26884,dimensionless,0.02301,0.00399801045,0.144325203252,,0.0144325203252,0.0215806504065,,
compression:SPUF_1.5:SPUF2_compression_Specimen__6,source_zenodo_5713819_recycled_pu_foam,family_elorza_recycled_pu_foam,SPUF_1.5,SPUF2_compression_Specimen__6,True,hard_group_fd781ae26d0b0ae3,train,220,physical_endpoints_ready,compression,within_source_auxiliary,数据/原始/外部数据/新增开放数据/第十六批实验_再生PU泡沫/原始文件/row data for _Sustainable insulating foams_3/SPUF15_compression_RawData/SPUF2_compression_Specimen__6.csv#row=3,ledger-170-elorza-2021-recycled-pu-foam-data;ledger-171-elorza-2021-recycled-pu-foam,0.0039487331186,,0.26878,dimensionless,0.02879,0.0044747744,0.145323140496,,0.0145323140496,0.0273023966942,,
compression:SPUF_3.0:SPUF3_compression_Specimen__1,source_zenodo_5713819_recycled_pu_foam,family_elorza_recycled_pu_foam,SPUF_3.0,SPUF3_compression_Specimen__1,True,hard_group_fd781ae26d0b0ae3,train,238,physical_endpoints_ready,compression,within_source_auxiliary,数据/原始/外部数据/新增开放数据/第十六批实验_再生PU泡沫/原始文件/row data for _Sustainable insulating foams_3/SPUF30_compression_RawData/SPUF3_compression_Specimen__1.csv#row=3,ledger-170-elorza-2021-recycled-pu-foam-data;ledger-171-elorza-2021-recycled-pu-foam,0.00260118399211,,0.2699,dimensionless,0.02307,0.0030351362,0.0897710526316,,0.00897710526316,0.0206594736842,,
compression:SPUF_3.0:SPUF3_compression_Specimen__2,source_zenodo_5713819_recycled_pu_foam,family_elorza_recycled_pu_foam,SPUF_3.0,SPUF3_compression_Specimen__2,True,hard_group_fd781ae26d0b0ae3,train,235,physical_endpoints_ready,compression,within_source_auxiliary,数据/原始/外部数据/新增开放数据/第十六批实验_再生PU泡沫/原始文件/row data for _Sustainable insulating foams_3/SPUF30_compression_RawData/SPUF3_compression_Specimen__2.csv#row=3,ledger-170-elorza-2021-recycled-pu-foam-data;ledger-171-elorza-2021-recycled-pu-foam,0.00277469211348,,0.26887,dimensionless,0.01834,0.00310809905,0.112013274336,,0.0112013274336,0.0170544347826,,
compression:SPUF_3.0:SPUF3_compression_Specimen__3,source_zenodo_5713819_recycled_pu_foam,family_elorza_recycled_pu_foam,SPUF_3.0,SPUF3_compression_Specimen__3,True,hard_group_fd781ae26d0b0ae3,train,231,physical_endpoints_ready,compression,within_source_auxiliary,数据/原始/外部数据/新增开放数据/第十六批实验_再生PU泡沫/原始文件/row data for _Sustainable insulating foams_3/SPUF30_compression_RawData/SPUF3_compression_Specimen__3.csv#row=3,ledger-170-elorza-2021-recycled-pu-foam-data;ledger-171-elorza-2021-recycled-pu-foam,0.002503853425,,0.26901,dimensionless,0.02003,0.00287359985,0.08725,,0.008725,0.018865,,
compression:SPUF_3.0:SPUF3_compression_Specimen__4,source_zenodo_5713819_recycled_pu_foam,family_elorza_recycled_pu_foam,SPUF_3.0,SPUF3_compression_Specimen__4,True,hard_group_fd781ae26d0b0ae3,train,235,physical_endpoints_ready,compression,within_source_auxiliary,数据/原始/外部数据/新增开放数据/第十六批实验_再生PU泡沫/原始文件/row data for _Sustainable insulating foams_3/SPUF30_compression_RawData/SPUF3_compression_Specimen__4.csv#row=3,ledger-170-elorza-2021-recycled-pu-foam-data;ledger-171-elorza-2021-recycled-pu-foam,0.00251670165789,,0.26924,dimensionless,0.02299,0.00293760635,0.0820956896552,,0.00820956896552,0.0208126315789,,
compression:SPUF_3.0:SPUF3_compression_Specimen__5,source_zenodo_5713819_recycled_pu_foam,family_elorza_recycled_pu_foam,SPUF_3.0,SPUF3_compression_Specimen__5,True,hard_group_fd781ae26d0b0ae3,train,228,physical_endpoints_ready,compression,within_source_auxiliary,数据/原始/外部数据/新增开放数据/第十六批实验_再生PU泡沫/原始文件/row data for _Sustainable insulating foams_3/SPUF30_compression_RawData/SPUF3_compression_Specimen__5.csv#row=3,ledger-170-elorza-2021-recycled-pu-foam-data;ledger-171-elorza-2021-recycled-pu-foam,0.00304150667542,,0.26928,dimensionless,0.02111,0.00343931475,0.114413559322,,0.0114413559322,0.0201801694915,,
compression:SPUF_3.0:SPUF3_compression_Specimen__6,source_zenodo_5713819_recycled_pu_foam,family_elorza_recycled_pu_foam,SPUF_3.0,SPUF3_compression_Specimen__6,True,hard_group_fd781ae26d0b0ae3,train,230,physical_endpoints_ready,compression,within_source_auxiliary,数据/原始/外部数据/新增开放数据/第十六批实验_再生PU泡沫/原始文件/row data for _Sustainable insulating foams_3/SPUF30_compression_RawData/SPUF3_compression_Specimen__6.csv#row=3,ledger-170-elorza-2021-recycled-pu-foam-data;ledger-171-elorza-2021-recycled-pu-foam,0.00443614838761,,0.26973,dimensionless,0.02335,0.0048904264,0.189456666667,,0.0189456666667,0.0227299145299,,
compression:SPUF_4.5:SPUF4_compression_Specimen_1,source_zenodo_5713819_recycled_pu_foam,family_elorza_recycled_pu_foam,SPUF_4.5,SPUF4_compression_Specimen_1,True,hard_group_fd781ae26d0b0ae3,train,227,physical_endpoints_ready,compression,within_source_auxiliary,数据/原始/外部数据/新增开放数据/第十六批实验_再生PU泡沫/原始文件/row data for _Sustainable insulating foams_3/SPUF45_compression_RawData/SPUF4_compression_Specimen_1.csv#row=3,ledger-170-elorza-2021-recycled-pu-foam-data;ledger-171-elorza-2021-recycled-pu-foam,0.00314954266488,,0.26905,dimensionless,0.02232,0.00356157105,0.1205,,0.01205,0.0209514876033,,
compression:SPUF_4.5:SPUF4_compression_Specimen_2,source_zenodo_5713819_recycled_pu_foam,family_elorza_recycled_pu_foam,SPUF_4.5,SPUF4_compression_Specimen_2,True,hard_group_fd781ae26d0b0ae3,train,226,physical_endpoints_ready,compression,within_source_auxiliary,数据/原始/外部数据/新增开放数据/第十六批实验_再生PU泡沫/原始文件/row data for _Sustainable insulating foams_3/SPUF45_compression_RawData/SPUF4_compression_Specimen_2.csv#row=3,ledger-170-elorza-2021-recycled-pu-foam-data;ledger-171-elorza-2021-recycled-pu-foam,0.00340658435,,0.26979,dimensionless,0.02621,0.0039075273,0.12402,,0.012402,0.024345,,
compression:SPUF_4.5:SPUF4_compression_Specimen_3,source_zenodo_5713819_recycled_pu_foam,family_elorza_recycled_pu_foam,SPUF_4.5,SPUF4_compression_Specimen_3,True,hard_group_fd781ae26d0b0ae3,train,230,physical_endpoints_ready,compression,within_source_auxiliary,数据/原始/外部数据/新增开放数据/第十六批实验_再生PU泡沫/原始文件/row data for _Sustainable insulating foams_3/SPUF45_compression_RawData/SPUF4_compression_Specimen_3.csv#row=3,ledger-170-elorza-2021-recycled-pu-foam-data;ledger-171-elorza-2021-recycled-pu-foam,0.00394459957241,,0.26907,dimensionless,0.02472,0.00440430525,0.157351282051,,0.0157351282051,0.0234898275862,,
compression:SPUF_4.5:SPUF4_compression_Specimen_4,source_zenodo_5713819_recycled_pu_foam,family_elorza_recycled_pu_foam,SPUF_4.5,SPUF4_compression_Specimen_4,True,hard_group_fd781ae26d0b0ae3,train,227,physical_endpoints_ready,compression,within_source_auxiliary,数据/原始/外部数据/新增开放数据/第十六批实验_再生PU泡沫/原始文件/row data for _Sustainable insulating foams_3/SPUF45_compression_RawData/SPUF4_compression_Specimen_4.csv#row=3,ledger-170-elorza-2021-recycled-pu-foam-data;ledger-171-elorza-2021-recycled-pu-foam,0.00358124746,,0.26953,dimensionless,0.02316,0.00402276875,0.14492,,0.014492,0.022067,,
compression:SPUF_4.5:SPUF4_compression_Specimen_5,source_zenodo_5713819_recycled_pu_foam,family_elorza_recycled_pu_foam,SPUF_4.5,SPUF4_compression_Specimen_5,True,hard_group_fd781ae26d0b0ae3,train,225,physical_endpoints_ready,compression,within_source_auxiliary,数据/原始/外部数据/新增开放数据/第十六批实验_再生PU泡沫/原始文件/row data for _Sustainable insulating foams_3/SPUF45_compression_RawData/SPUF4_compression_Specimen_5.csv#row=3,ledger-170-elorza-2021-recycled-pu-foam-data;ledger-171-elorza-2021-recycled-pu-foam,0.00324198991875,,0.26906,dimensionless,0.02499,0.00370141855,0.117502479339,,0.0117502479339,0.02324625,,
compression:SPUF_4.5:SPUF4_compression_Specimen_6,source_zenodo_5713819_recycled_pu_foam,family_elorza_recycled_pu_foam,SPUF_4.5,SPUF4_compression_Specimen_6,True,hard_group_fd781ae26d0b0ae3,train,230,physical_endpoints_ready,compression,within_source_auxiliary,数据/原始/外部数据/新增开放数据/第十六批实验_再生PU泡沫/原始文件/row data for _Sustainable insulating foams_3/SPUF45_compression_RawData/SPUF4_compression_Specimen_6.csv#row=3,ledger-170-elorza-2021-recycled-pu-foam-data;ledger-171-elorza-2021-recycled-pu-foam,0.00344956651949,,0.26973,dimensionless,0.02566,0.00393956175,0.125559663866,,0.0125559663866,0.0240377966102,,
compressive_s1,source_mendeley_xs78ch5jb7_v3,family_date_seed_oil_rigid_pu_pir_2025,S1,S1,False,hard_group_9e3f22b84adf8013,validation,14982,release_not_model_ready,unsupported,within_source_auxiliary,数据/原始/外部数据/新增开放数据/第十三批实验_日期籽油PU-PIR/Supplemental data 6.xlsx#sheet=Compressive stress-strain;cell=B2,ledger-165-taghvaei-nia-2024-date-seed-oil-pu-pir-data;ledger-166-taghvaei-nia-2025-date-seed-oil-pu-pir,,,,,,,,,,,,
compressive_s2,source_mendeley_xs78ch5jb7_v3,family_date_seed_oil_rigid_pu_pir_2025,S2,S2,False,hard_group_9e3f22b84adf8013,validation,12588,release_not_model_ready,unsupported,within_source_auxiliary,数据/原始/外部数据/新增开放数据/第十三批实验_日期籽油PU-PIR/Supplemental data 6.xlsx#sheet=Compressive stress-strain;cell=C2,ledger-165-taghvaei-nia-2024-date-seed-oil-pu-pir-data;ledger-166-taghvaei-nia-2025-date-seed-oil-pu-pir,,,,,,,,,,,,
compressive_s3,source_mendeley_xs78ch5jb7_v3,family_date_seed_oil_rigid_pu_pir_2025,S3,S3,False,hard_group_9e3f22b84adf8013,validation,9829,release_not_model_ready,unsupported,within_source_auxiliary,数据/原始/外部数据/新增开放数据/第十三批实验_日期籽油PU-PIR/Supplemental data 6.xlsx#sheet=Compressive stress-strain;cell=D2,ledger-165-taghvaei-nia-2024-date-seed-oil-pu-pir-data;ledger-166-taghvaei-nia-2025-date-seed-oil-pu-pir,,,,,,,,,,,,
compressive_s4,source_mendeley_xs78ch5jb7_v3,family_date_seed_oil_rigid_pu_pir_2025,S4,S4,False,hard_group_9e3f22b84adf8013,validation,12656,release_not_model_ready,unsupported,within_source_auxiliary,数据/原始/外部数据/新增开放数据/第十三批实验_日期籽油PU-PIR/Supplemental data 6.xlsx#sheet=Compressive stress-strain;cell=E2,ledger-165-taghvaei-nia-2024-date-seed-oil-pu-pir-data;ledger-166-taghvaei-nia-2025-date-seed-oil-pu-pir,,,,,,,,,,,,
compressive_s5,source_mendeley_xs78ch5jb7_v3,family_date_seed_oil_rigid_pu_pir_2025,S5,S5,False,hard_group_9e3f22b84adf8013,validation,12743,release_not_model_ready,unsupported,within_source_auxiliary,数据/原始/外部数据/新增开放数据/第十三批实验_日期籽油PU-PIR/Supplemental data 6.xlsx#sheet=Compressive stress-strain;cell=F2,ledger-165-taghvaei-nia-2024-date-seed-oil-pu-pir-data;ledger-166-taghvaei-nia-2025-date-seed-oil-pu-pir,,,,,,,,,,,,
drum-low-ceiling:TPUU-C:MSM_3_109[1Cycle]:cyclic-tensile,source_drum_zf53w893,family_drum_low_ceiling_tpuu,TPUU-C,MSM_3_109[1Cycle],True,hard_group_0173ebc1392ef85f,train,28203,cycle_segmentation_required,cyclic_tensile,within_source_auxiliary,数据/原始/外部数据/新增开放数据/DRUM_TPUU_低天花板/解包内容/Raw_Mechanical_Testing/TPUU-C_hysteresis.csv#row=4,ledger-055-meyersohn-2024-low-ceiling-tpuu-data;ledger-056-meyersohn-2024-low-ceiling-tpuu,,,,,,,,,,,,
drum-low-ceiling:TPUU-C:MSM_3_109_4sp:tensile,source_drum_zf53w893,family_drum_low_ceiling_tpuu,TPUU-C,MSM_3_109_4sp,True,hard_group_0173ebc1392ef85f,train,203,physical_endpoints_ready,tensile,within_source_auxiliary,数据/原始/外部数据/新增开放数据/DRUM_TPUU_低天花板/解包内容/Raw_Mechanical_Testing/TPUU-C_tensile.csv#row=4;column_group=1,ledger-055-meyersohn-2024-low-ceiling-tpuu-data;ledger-056-meyersohn-2024-low-ceiling-tpuu,,insufficient_low_strain_points,747.4636,%,46.07499,127.499175256,,3.79445070514,,,9.93376273026,2.428957966
drum-low-ceiling:TPUU-C:MSM_3_109_5sp:tensile,source_drum_zf53w893,family_drum_low_ceiling_tpuu,TPUU-C,MSM_3_109_5sp,True,hard_group_0173ebc1392ef85f,train,224,physical_endpoints_ready,tensile,within_source_auxiliary,数据/原始/外部数据/新增开放数据/DRUM_TPUU_低天花板/解包内容/Raw_Mechanical_Testing/TPUU-C_tensile.csv#row=4;column_group=2,ledger-055-meyersohn-2024-low-ceiling-tpuu-data;ledger-056-meyersohn-2024-low-ceiling-tpuu,,insufficient_low_strain_points,842.1017,%,53.81384,160.248338933,,3.38779038112,,,8.16416147025,2.27850854258
drum-low-ceiling:TPUU-C:MSM_3_109_6sp:tensile,source_drum_zf53w893,family_drum_low_ceiling_tpuu,TPUU-C,MSM_3_109_6sp,True,hard_group_0173ebc1392ef85f,train,199,physical_endpoints_ready,tensile,within_source_auxiliary,数据/原始/外部数据/新增开放数据/DRUM_TPUU_低天花板/解包内容/Raw_Mechanical_Testing/TPUU-C_tensile.csv#row=4;column_group=3,ledger-055-meyersohn-2024-low-ceiling-tpuu-data;ledger-056-meyersohn-2024-low-ceiling-tpuu,,insufficient_low_strain_points,747.2444,%,41.81553,116.362670977,,3.59989015293,,,9.12128646462,2.32443892063
drum-low-ceiling:TPUU-C:MSM_3_109_7sp:tensile,source_drum_zf53w893,family_drum_low_ceiling_tpuu,TPUU-C,MSM_3_109_7sp,True,hard_group_0173ebc1392ef85f,train,246,physical_endpoints_ready,tensile,within_source_auxiliary,数据/原始/外部数据/新增开放数据/DRUM_TPUU_低天花板/解包内容/Raw_Mechanical_Testing/TPUU-C_tensile.csv#row=4;column_group=4,ledger-055-meyersohn-2024-low-ceiling-tpuu-data;ledger-056-meyersohn-2024-low-ceiling-tpuu,,insufficient_low_strain_points,924.6794,%,54.08143,193.88078661,,3.52257818793,,,8.5782591792,2.34550508375
drum-low-ceiling:TPUU-C:MSM_3_109_9sp:tensile,source_drum_zf53w893,family_drum_low_ceiling_tpuu,TPUU-C,MSM_3_109_9sp,True,hard_group_0173ebc1392ef85f,train,239,physical_endpoints_ready,tensile,within_source_auxiliary,数据/原始/外部数据/新增开放数据/DRUM_TPUU_低天花板/解包内容/Raw_Mechanical_Testing/TPUU-C_tensile.csv#row=4;column_group=5,ledger-055-meyersohn-2024-low-ceiling-tpuu-data;ledger-056-meyersohn-2024-low-ceiling-tpuu,,insufficient_low_strain_points,896.4064,%,52.4696,167.698439017,,3.17998109032,,,7.61027703362,2.15116744797
drum-low-ceiling:TPUU-D:MSM_3_121_1:tensile,source_drum_zf53w893,family_drum_low_ceiling_tpuu,TPUU-D,MSM_3_121_1,True,hard_group_2ee87108dd0ff59b,test,194,physical_endpoints_ready,tensile,within_source_auxiliary,数据/原始/外部数据/新增开放数据/DRUM_TPUU_低天花板/解包内容/Raw_Mechanical_Testing/TPUU-D_tensile.csv#row=4;column_group=1,ledger-055-meyersohn-2024-low-ceiling-tpuu-data;ledger-056-meyersohn-2024-low-ceiling-tpuu,,insufficient_low_strain_points,645.0815,%,50.61191,133.238745313,,5.87900040278,,,15.6210982157,3.82015627135
drum-low-ceiling:TPUU-D:MSM_3_121_3:tensile,source_drum_zf53w893,family_drum_low_ceiling_tpuu,TPUU-D,MSM_3_121_3,True,hard_group_2ee87108dd0ff59b,test,198,physical_endpoints_ready,tensile,within_source_auxiliary,数据/原始/外部数据/新增开放数据/DRUM_TPUU_低天花板/解包内容/Raw_Mechanical_Testing/TPUU-D_tensile.csv#row=4;column_group=2,ledger-055-meyersohn-2024-low-ceiling-tpuu-data;ledger-056-meyersohn-2024-low-ceiling-tpuu,,insufficient_low_strain_points,679.6235,%,50.82725,143.42833202,,5.52969343238,,,14.951086149,3.50585676603
drum-low-ceiling:TPUU-D:MSM_3_121_4:tensile,source_drum_zf53w893,family_drum_low_ceiling_tpuu,TPUU-D,MSM_3_121_4,True,hard_group_2ee87108dd0ff59b,test,217,physical_endpoints_ready,tensile,within_source_auxiliary,数据/原始/外部数据/新增开放数据/DRUM_TPUU_低天花板/解包内容/Raw_Mechanical_Testing/TPUU-D_tensile.csv#row=4;column_group=3,ledger-055-meyersohn-2024-low-ceiling-tpuu-data;ledger-056-meyersohn-2024-low-ceiling-tpuu,,insufficient_low_strain_points,766.4705,%,55.91042,178.712536899,,5.05181094609,,,13.967650964,3.16929926858
drum-low-ceiling:TPUU-D:MSM_3_121_6:tensile,source_drum_zf53w893,family_drum_low_ceiling_tpuu,TPUU-D,MSM_3_121_6,True,hard_group_2ee87108dd0ff59b,test,239,physical_endpoints_ready,tensile,within_source_auxiliary,数据/原始/外部数据/新增开放数据/DRUM_TPUU_低天花板/解包内容/Raw_Mechanical_Testing/TPUU-D_tensile.csv#row=4;column_group=4,ledger-055-meyersohn-2024-low-ceiling-tpuu-data;ledger-056-meyersohn-2024-low-ceiling-tpuu,,insufficient_low_strain_points,824.369,%,58.47002,194.91824219,,4.85444314137,,,12.695358525,3.14120871489
drum-low-ceiling:TPUU-D:MSM_3_121_7:tensile,source_drum_zf53w893,family_drum_low_ceiling_tpuu,TPUU-D,MSM_3_121_7,True,hard_group_2ee87108dd0ff59b,test,233,physical_endpoints_ready,tensile,within_source_auxiliary,数据/原始/外部数据/新增开放数据/DRUM_TPUU_低天花板/解包内容/Raw_Mechanical_Testing/TPUU-D_tensile.csv#row=4;column_group=5,ledger-055-meyersohn-2024-low-ceiling-tpuu-data;ledger-056-meyersohn-2024-low-ceiling-tpuu,,insufficient_low_strain_points,802.0601,%,52.72258,180.682287148,,4.90984313026,,,13.1944042285,3.08933478055
drum-low-ceiling:TPUU-D:MSM_3_121_tpuu_[1Cycle]:cyclic-tensile,source_drum_zf53w893,family_drum_low_ceiling_tpuu,TPUU-D,MSM_3_121_tpuu_[1Cycle],True,hard_group_2ee87108dd0ff59b,test,27803,cycle_segmentation_required,cyclic_tensile,within_source_auxiliary,数据/原始/外部数据/新增开放数据/DRUM_TPUU_低天花板/解包内容/Raw_Mechanical_Testing/TPUU-D_hysteresis.csv#row=4,ledger-055-meyersohn-2024-low-ceiling-tpuu-data;ledger-056-meyersohn-2024-low-ceiling-tpuu,,,,,,,,,,,,
drum-low-ceiling:TPUU-R:MSM_3_130_10:tensile,source_drum_zf53w893,family_drum_low_ceiling_tpuu,TPUU-R,MSM_3_130_10,True,hard_group_2dc09259d194c046,train,192,physical_endpoints_ready,tensile,within_source_auxiliary,数据/原始/外部数据/新增开放数据/DRUM_TPUU_低天花板/解包内容/Raw_Mechanical_Testing/TPUU-R_tensile.csv#row=4;column_group=5,ledger-055-meyersohn-2024-low-ceiling-tpuu-data;ledger-056-meyersohn-2024-low-ceiling-tpuu,,insufficient_low_strain_points,738.9405,%,51.53087,139.562294548,,4.55437054946,,,10.7660718554,3.02114583484
drum-low-ceiling:TPUU-R:MSM_3_130_1[1Cycle]:cyclic-tensile,source_drum_zf53w893,family_drum_low_ceiling_tpuu,TPUU-R,MSM_3_130_1[1Cycle],True,hard_group_2dc09259d194c046,train,25303,cycle_segmentation_required,cyclic_tensile,within_source_auxiliary,数据/原始/外部数据/新增开放数据/DRUM_TPUU_低天花板/解包内容/Raw_Mechanical_Testing/TPUU-R_hysteresis.csv#row=4,ledger-055-meyersohn-2024-low-ceiling-tpuu-data;ledger-056-meyersohn-2024-low-ceiling-tpuu,,,,,,,,,,,,
drum-low-ceiling:TPUU-R:MSM_3_130_3:tensile,source_drum_zf53w893,family_drum_low_ceiling_tpuu,TPUU-R,MSM_3_130_3,True,hard_group_2dc09259d194c046,train,174,physical_endpoints_ready,tensile,within_source_auxiliary,数据/原始/外部数据/新增开放数据/DRUM_TPUU_低天花板/解包内容/Raw_Mechanical_Testing/TPUU-R_tensile.csv#row=4;column_group=1,ledger-055-meyersohn-2024-low-ceiling-tpuu-data;ledger-056-meyersohn-2024-low-ceiling-tpuu,,insufficient_low_strain_points,690.4879,%,49.3667,129.867903825,,4.90538719441,,,12.3897962071,3.21168721038
drum-low-ceiling:TPUU-R:MSM_3_130_4:tensile,source_drum_zf53w893,family_drum_low_ceiling_tpuu,TPUU-R,MSM_3_130_4,True,hard_group_2dc09259d194c046,train,190,physical_endpoints_ready,tensile,within_source_auxiliary,数据/原始/外部数据/新增开放数据/DRUM_TPUU_低天花板/解包内容/Raw_Mechanical_Testing/TPUU-R_tensile.csv#row=4;column_group=2,ledger-055-meyersohn-2024-low-ceiling-tpuu-data;ledger-056-meyersohn-2024-low-ceiling-tpuu,,insufficient_low_strain_points,745.0861,%,61.05491,174.885255685,,5.06419707694,,,14.0759227546,3.14915934252
drum-low-ceiling:TPUU-R:MSM_3_130_5:tensile,source_drum_zf53w893,family_drum_low_ceiling_tpuu,TPUU-R,MSM_3_130_5,True,hard_group_2dc09259d194c046,train,170,physical_endpoints_ready,tensile,within_source_auxiliary,数据/原始/外部数据/新增开放数据/DRUM_TPUU_低天花板/解包内容/Raw_Mechanical_Testing/TPUU-R_tensile.csv#row=4;column_group=3,ledger-055-meyersohn-2024-low-ceiling-tpuu-data;ledger-056-meyersohn-2024-low-ceiling-tpuu,,insufficient_low_strain_points,658.661,%,46.59289,119.028389089,,5.13281946264,,,13.1482301038,3.27102908954
drum-low-ceiling:TPUU-R:MSM_3_130_8:tensile,source_drum_zf53w893,family_drum_low_ceiling_tpuu,TPUU-R,MSM_3_130_8,True,hard_group_2dc09259d194c046,train,197,physical_endpoints_ready,tensile,within_source_auxiliary,数据/原始/外部数据/新增开放数据/DRUM_TPUU_低天花板/解包内容/Raw_Mechanical_Testing/TPUU-R_tensile.csv#row=4;column_group=4,ledger-055-meyersohn-2024-low-ceiling-tpuu-data;ledger-056-meyersohn-2024-low-ceiling-tpuu,,insufficient_low_strain_points,766.3956,%,63.35339,172.905428273,,4.5083936245,,,11.4840420499,2.92049493726
drum-low-ceiling:TPUU-S:MSM_3_114[1Cycle]:cyclic-tensile,source_drum_zf53w893,family_drum_low_ceiling_tpuu,TPUU-S,MSM_3_114[1Cycle],True,hard_group_8c956d6d89198472,train,24603,cycle_segmentation_required,cyclic_tensile,within_source_auxiliary,数据/原始/外部数据/新增开放数据/DRUM_TPUU_低天花板/解包内容/Raw_Mechanical_Testing/TPUU-S_hysteresis.csv#row=4,ledger-055-meyersohn-2024-low-ceiling-tpuu-data;ledger-056-meyersohn-2024-low-ceiling-tpuu,,,,,,,,,,,,
drum-low-ceiling:TPUU-S:MSM_3_114_1:tensile,source_drum_zf53w893,family_drum_low_ceiling_tpuu,TPUU-S,MSM_3_114_1,True,hard_group_8c956d6d89198472,train,229,physical_endpoints_ready,tensile,within_source_auxiliary,数据/原始/外部数据/新增开放数据/DRUM_TPUU_低天花板/解包内容/Raw_Mechanical_Testing/TPUU-S_tensile.csv#row=4;column_group=1,ledger-055-meyersohn-2024-low-ceiling-tpuu-data;ledger-056-meyersohn-2024-low-ceiling-tpuu,,insufficient_low_strain_points,925.5006,%,17.03622,67.5547282092,,2.92007384044,,,4.60951721107,2.58913737896
drum-low-ceiling:TPUU-S:MSM_3_114_2:tensile,source_drum_zf53w893,family_drum_low_ceiling_tpuu,TPUU-S,MSM_3_114_2,True,hard_group_8c956d6d89198472,train,250,physical_endpoints_ready,tensile,within_source_auxiliary,数据/原始/外部数据/新增开放数据/DRUM_TPUU_低天花板/解包内容/Raw_Mechanical_Testing/TPUU-S_tensile.csv#row=4;column_group=2,ledger-055-meyersohn-2024-low-ceiling-tpuu-data;ledger-056-meyersohn-2024-low-ceiling-tpuu,,insufficient_low_strain_points,951.6326,%,17.56361,70.9424418539,,2.85410990109,,,4.50480038246,2.51837198579
drum-low-ceiling:TPUU-S:MSM_3_114_3:tensile,source_drum_zf53w893,family_drum_low_ceiling_tpuu,TPUU-S,MSM_3_114_3,True,hard_group_8c956d6d89198472,train,264,physical_endpoints_ready,tensile,within_source_auxiliary,数据/原始/外部数据/新增开放数据/DRUM_TPUU_低天花板/解包内容/Raw_Mechanical_Testing/TPUU-S_tensile.csv#row=4;column_group=3,ledger-055-meyersohn-2024-low-ceiling-tpuu-data;ledger-056-meyersohn-2024-low-ceiling-tpuu,,insufficient_low_strain_points,1022.819,%,16.61012,76.7036769715,,3.11070197678,,,4.59290813673,2.83845116759
drum-low-ceiling:TPUU-S:MSM_3_114_4:tensile,source_drum_zf53w893,family_drum_low_ceiling_tpuu,TPUU-S,MSM_3_114_4,True,hard_group_8c956d6d89198472,train,254,physical_endpoints_ready,tensile,within_source_auxiliary,数据/原始/外部数据/新增开放数据/DRUM_TPUU_低天花板/解包内容/Raw_Mechanical_Testing/TPUU-S_tensile.csv#row=4;column_group=4,ledger-055-meyersohn-2024-low-ceiling-tpuu-data;ledger-056-meyersohn-2024-low-ceiling-tpuu,,insufficient_low_strain_points,967.4961,%,15.79492,63.9897047397,,2.40377356778,,,3.86899580624,1.96626406722
drum-low-ceiling:TPUU-S:MSM_3_114_5:tensile,source_drum_zf53w893,family_drum_low_ceiling_tpuu,TPUU-S,MSM_3_114_5,True,hard_group_8c956d6d89198472,train,257,physical_endpoints_ready,tensile,within_source_auxiliary,数据/原始/外部数据/新增开放数据/DRUM_TPUU_低天花板/解包内容/Raw_Mechanical_Testing/TPUU-S_tensile.csv#row=4;column_group=5,ledger-055-meyersohn-2024-low-ceiling-tpuu-data;ledger-056-meyersohn-2024-low-ceiling-tpuu,,insufficient_low_strain_points,958.0381,%,15.89739,64.2839359489,,2.48136176009,,,3.87928276645,2.20131966667
dsc_dso_polyol_heat_flow,source_mendeley_xs78ch5jb7_v3,family_date_seed_oil_rigid_pu_pir_2025,,dso_polyol,True,hard_group_9e3f22b84adf8013,validation,4326,unsupported_axis_or_unit,unsupported,within_source_auxiliary,数据/原始/外部数据/新增开放数据/第十三批实验_日期籽油PU-PIR/Supplemental data 3.xlsx#sheet=TGA-DTG-DTA- DSC OF DSOpolyol;cell=J16,ledger-165-taghvaei-nia-2024-date-seed-oil-pu-pir-data;ledger-166-taghvaei-nia-2025-date-seed-oil-pu-pir,,,,,,,,,,,,
ftir_date_seed_oil,source_mendeley_xs78ch5jb7_v3,family_date_seed_oil_rigid_pu_pir_2025,,date_seed_oil,False,hard_group_9e3f22b84adf8013,validation,1866,release_not_model_ready,unsupported,within_source_auxiliary,数据/原始/外部数据/新增开放数据/第十三批实验_日期籽油PU-PIR/Supplemental data 1.xlsx#sheet=FT-IR data of Date seed oil;cell=B2,ledger-165-taghvaei-nia-2024-date-seed-oil-pu-pir-data;ledger-166-taghvaei-nia-2025-date-seed-oil-pu-pir,,,,,,,,,,,,
ftir_dso_polyol_monitor_4h,source_mendeley_xs78ch5jb7_v3,family_date_seed_oil_rigid_pu_pir_2025,,dso_polyol,False,hard_group_9e3f22b84adf8013,validation,1866,release_not_model_ready,unsupported,within_source_auxiliary,数据/原始/外部数据/新增开放数据/第十三批实验_日期籽油PU-PIR/Supplemental data 1.xlsx#sheet=FT-IR data of DSO polyol ;cell=B2,ledger-165-taghvaei-nia-2024-date-seed-oil-pu-pir-data;ledger-166-taghvaei-nia-2025-date-seed-oil-pu-pir,,,,,,,,,,,,
ftir_dso_reaction_0h,source_mendeley_xs78ch5jb7_v3,family_date_seed_oil_rigid_pu_pir_2025,,dso_reaction_0h,False,hard_group_9e3f22b84adf8013,validation,1866,release_not_model_ready,unsupported,within_source_auxiliary,数据/原始/外部数据/新增开放数据/第十三批实验_日期籽油PU-PIR/Supplemental data 1.xlsx#sheet=Monitoring using FT-IR;cell=B2,ledger-165-taghvaei-nia-2024-date-seed-oil-pu-pir-data;ledger-166-taghvaei-nia-2025-date-seed-oil-pu-pir,,,,,,,,,,,,
ftir_dso_reaction_2h,source_mendeley_xs78ch5jb7_v3,family_date_seed_oil_rigid_pu_pir_2025,,dso_reaction_2h,False,hard_group_9e3f22b84adf8013,validation,1866,release_not_model_ready,unsupported,within_source_auxiliary,数据/原始/外部数据/新增开放数据/第十三批实验_日期籽油PU-PIR/Supplemental data 1.xlsx#sheet=Monitoring using FT-IR;cell=C2,ledger-165-taghvaei-nia-2024-date-seed-oil-pu-pir-data;ledger-166-taghvaei-nia-2025-date-seed-oil-pu-pir,,,,,,,,,,,,
ftir_dso_reaction_3h,source_mendeley_xs78ch5jb7_v3,family_date_seed_oil_rigid_pu_pir_2025,,dso_reaction_3h,False,hard_group_9e3f22b84adf8013,validation,1866,release_not_model_ready,unsupported,within_source_auxiliary,数据/原始/外部数据/新增开放数据/第十三批实验_日期籽油PU-PIR/Supplemental data 1.xlsx#sheet=Monitoring using FT-IR;cell=D2,ledger-165-taghvaei-nia-2024-date-seed-oil-pu-pir-data;ledger-166-taghvaei-nia-2025-date-seed-oil-pu-pir,,,,,,,,,,,,
ftir_foam_s1,source_mendeley_xs78ch5jb7_v3,family_date_seed_oil_rigid_pu_pir_2025,S1,S1,False,hard_group_9e3f22b84adf8013,validation,1866,release_not_model_ready,unsupported,within_source_auxiliary,数据/原始/外部数据/新增开放数据/第十三批实验_日期籽油PU-PIR/Supplemental data 4.xlsx#sheet=FT-IR of S1 (0%DSOpolyol);cell=B2,ledger-165-taghvaei-nia-2024-date-seed-oil-pu-pir-data;ledger-166-taghvaei-nia-2025-date-seed-oil-pu-pir,,,,,,,,,,,,
ftir_foam_s2,source_mendeley_xs78ch5jb7_v3,family_date_seed_oil_rigid_pu_pir_2025,S2,S2,False,hard_group_9e3f22b84adf8013,validation,1866,release_not_model_ready,unsupported,within_source_auxiliary,数据/原始/外部数据/新增开放数据/第十三批实验_日期籽油PU-PIR/Supplemental data 4.xlsx#sheet=FT-IR OF S2 (30%DSOpolyol);cell=B2,ledger-165-taghvaei-nia-2024-date-seed-oil-pu-pir-data;ledger-166-taghvaei-nia-2025-date-seed-oil-pu-pir,,,,,,,,,,,,
ftir_foam_s3,source_mendeley_xs78ch5jb7_v3,family_date_seed_oil_rigid_pu_pir_2025,S3,S3,False,hard_group_9e3f22b84adf8013,validation,1866,release_not_model_ready,unsupported,within_source_auxiliary,数据/原始/外部数据/新增开放数据/第十三批实验_日期籽油PU-PIR/Supplemental data 4.xlsx#sheet=FT-IR OF S3 (50%DSOpolyol);cell=B2,ledger-165-taghvaei-nia-2024-date-seed-oil-pu-pir-data;ledger-166-taghvaei-nia-2025-date-seed-oil-pu-pir,,,,,,,,,,,,
ftir_foam_s4,source_mendeley_xs78ch5jb7_v3,family_date_seed_oil_rigid_pu_pir_2025,S4,S4,False,hard_group_9e3f22b84adf8013,validation,1866,release_not_model_ready,unsupported,within_source_auxiliary,数据/原始/外部数据/新增开放数据/第十三批实验_日期籽油PU-PIR/Supplemental data 4.xlsx#sheet=FT-IR OF S4 (70%DSOpolyol);cell=B2,ledger-165-taghvaei-nia-2024-date-seed-oil-pu-pir-data;ledger-166-taghvaei-nia-2025-date-seed-oil-pu-pir,,,,,,,,,,,,
ftir_foam_s5,source_mendeley_xs78ch5jb7_v3,family_date_seed_oil_rigid_pu_pir_2025,S5,S5,False,hard_group_9e3f22b84adf8013,validation,1866,release_not_model_ready,unsupported,within_source_auxiliary,数据/原始/外部数据/新增开放数据/第十三批实验_日期籽油PU-PIR/Supplemental data 4.xlsx#sheet=FT-IR OF S5 (100%DSOpolyol);cell=B2,ledger-165-taghvaei-nia-2024-date-seed-oil-pu-pir-data;ledger-166-taghvaei-nia-2025-date-seed-oil-pu-pir,,,,,,,,,,,,
mendeley-wg3znh66bv:HDI-10:baseline:rep1:tensile,source_mendeley_wg3znh66bv_v1,family_iir_oh_barrier_pu_2026,HDI-10,HDI-10|baseline|rep1,True,hard_group_9ad33e49392e9da8,train,1,unsupported_axis_or_unit,unsupported,within_source_auxiliary,数据/原始/外部数据/新增开放数据/第十八批实验_IIR-OH聚氨酯/Low-Permeability and Calcification-resistant Polyu/Dataset 2. Network and mechanical data/tensile raw data/HDI/HDI-10-1.txt,ledger-172-zhang-2026-iir-oh-barrier-pu-data;ledger-173-zhang-2026-iir-oh-barrier-pu-preprint,,,,,,,,,,,,
mendeley-wg3znh66bv:HDI-10:baseline:rep2:tensile,source_mendeley_wg3znh66bv_v1,family_iir_oh_barrier_pu_2026,HDI-10,HDI-10|baseline|rep2,True,hard_group_9ad33e49392e9da8,train,1,unsupported_axis_or_unit,unsupported,within_source_auxiliary,数据/原始/外部数据/新增开放数据/第十八批实验_IIR-OH聚氨酯/Low-Permeability and Calcification-resistant Polyu/Dataset 2. Network and mechanical data/tensile raw data/HDI/HDI-10-2.txt,ledger-172-zhang-2026-iir-oh-barrier-pu-data;ledger-173-zhang-2026-iir-oh-barrier-pu-preprint,,,,,,,,,,,,
mendeley-wg3znh66bv:HDI-10:baseline:rep3:tensile,source_mendeley_wg3znh66bv_v1,family_iir_oh_barrier_pu_2026,HDI-10,HDI-10|baseline|rep3,True,hard_group_9ad33e49392e9da8,train,1,unsupported_axis_or_unit,unsupported,within_source_auxiliary,数据/原始/外部数据/新增开放数据/第十八批实验_IIR-OH聚氨酯/Low-Permeability and Calcification-resistant Polyu/Dataset 2. Network and mechanical data/tensile raw data/HDI/HDI-10-3.txt,ledger-172-zhang-2026-iir-oh-barrier-pu-data;ledger-173-zhang-2026-iir-oh-barrier-pu-preprint,,,,,,,,,,,,
mendeley-wg3znh66bv:HDI-2:baseline:rep1:tensile,source_mendeley_wg3znh66bv_v1,family_iir_oh_barrier_pu_2026,HDI-2,HDI-2|baseline|rep1,True,hard_group_9ad33e49392e9da8,train,1,unsupported_axis_or_unit,unsupported,within_source_auxiliary,数据/原始/外部数据/新增开放数据/第十八批实验_IIR-OH聚氨酯/Low-Permeability and Calcification-resistant Polyu/Dataset 2. Network and mechanical data/tensile raw data/HDI/HDI-2-1.txt,ledger-172-zhang-2026-iir-oh-barrier-pu-data;ledger-173-zhang-2026-iir-oh-barrier-pu-preprint,,,,,,,,,,,,
mendeley-wg3znh66bv:HDI-2:baseline:rep2:tensile,source_mendeley_wg3znh66bv_v1,family_iir_oh_barrier_pu_2026,HDI-2,HDI-2|baseline|rep2,True,hard_group_9ad33e49392e9da8,train,1,unsupported_axis_or_unit,unsupported,within_source_auxiliary,数据/原始/外部数据/新增开放数据/第十八批实验_IIR-OH聚氨酯/Low-Permeability and Calcification-resistant Polyu/Dataset 2. Network and mechanical data/tensile raw data/HDI/HDI-2-2.txt,ledger-172-zhang-2026-iir-oh-barrier-pu-data;ledger-173-zhang-2026-iir-oh-barrier-pu-preprint,,,,,,,,,,,,
mendeley-wg3znh66bv:HDI-2:baseline:rep3:tensile,source_mendeley_wg3znh66bv_v1,family_iir_oh_barrier_pu_2026,HDI-2,HDI-2|baseline|rep3,True,hard_group_9ad33e49392e9da8,train,1,unsupported_axis_or_unit,unsupported,within_source_auxiliary,数据/原始/外部数据/新增开放数据/第十八批实验_IIR-OH聚氨酯/Low-Permeability and Calcification-resistant Polyu/Dataset 2. Network and mechanical data/tensile raw data/HDI/HDI-2-3.txt,ledger-172-zhang-2026-iir-oh-barrier-pu-data;ledger-173-zhang-2026-iir-oh-barrier-pu-preprint,,,,,,,,,,,,
mendeley-wg3znh66bv:HDI-4:after:rep1:tensile,source_mendeley_wg3znh66bv_v1,family_iir_oh_barrier_pu_2026,HDI-4,HDI-4|after|rep1,True,hard_group_9ad33e49392e9da8,train,1,unsupported_axis_or_unit,unsupported,within_source_auxiliary,数据/原始/外部数据/新增开放数据/第十八批实验_IIR-OH聚氨酯/Low-Permeability and Calcification-resistant Polyu/Dataset 3. Barrier and aging data/hydrolytic aging mechanical retention raw data/HDI-4-After-1.txt,ledger-172-zhang-2026-iir-oh-barrier-pu-data;ledger-173-zhang-2026-iir-oh-barrier-pu-preprint,,,,,,,,,,,,
mendeley-wg3znh66bv:HDI-4:after:rep2:tensile,source_mendeley_wg3znh66bv_v1,family_iir_oh_barrier_pu_2026,HDI-4,HDI-4|after|rep2,True,hard_group_9ad33e49392e9da8,train,1,unsupported_axis_or_unit,unsupported,within_source_auxiliary,数据/原始/外部数据/新增开放数据/第十八批实验_IIR-OH聚氨酯/Low-Permeability and Calcification-resistant Polyu/Dataset 3. Barrier and aging data/hydrolytic aging mechanical retention raw data/HDI-4-After-2.txt,ledger-172-zhang-2026-iir-oh-barrier-pu-data;ledger-173-zhang-2026-iir-oh-barrier-pu-preprint,,,,,,,,,,,,
mendeley-wg3znh66bv:HDI-4:after:rep3:tensile,source_mendeley_wg3znh66bv_v1,family_iir_oh_barrier_pu_2026,HDI-4,HDI-4|after|rep3,True,hard_group_9ad33e49392e9da8,train,1,unsupported_axis_or_unit,unsupported,within_source_auxiliary,数据/原始/外部数据/新增开放数据/第十八批实验_IIR-OH聚氨酯/Low-Permeability and Calcification-resistant Polyu/Dataset 3. Barrier and aging data/hydrolytic aging mechanical retention raw data/HDI-4-After-3.txt,ledger-172-zhang-2026-iir-oh-barrier-pu-data;ledger-173-zhang-2026-iir-oh-barrier-pu-preprint,,,,,,,,,,,,
mendeley-wg3znh66bv:HDI-4:baseline:rep1:tensile,source_mendeley_wg3znh66bv_v1,family_iir_oh_barrier_pu_2026,HDI-4,HDI-4|baseline|rep1,True,hard_group_9ad33e49392e9da8,train,1,unsupported_axis_or_unit,unsupported,within_source_auxiliary,数据/原始/外部数据/新增开放数据/第十八批实验_IIR-OH聚氨酯/Low-Permeability and Calcification-resistant Polyu/Dataset 2. Network and mechanical data/tensile raw data/HDI/HDI-4-1.txt,ledger-172-zhang-2026-iir-oh-barrier-pu-data;ledger-173-zhang-2026-iir-oh-barrier-pu-preprint,,,,,,,,,,,,
mendeley-wg3znh66bv:HDI-4:baseline:rep2:tensile,source_mendeley_wg3znh66bv_v1,family_iir_oh_barrier_pu_2026,HDI-4,HDI-4|baseline|rep2,True,hard_group_9ad33e49392e9da8,train,1,unsupported_axis_or_unit,unsupported,within_source_auxiliary,数据/原始/外部数据/新增开放数据/第十八批实验_IIR-OH聚氨酯/Low-Permeability and Calcification-resistant Polyu/Dataset 2. Network and mechanical data/tensile raw data/HDI/HDI-4-2.txt,ledger-172-zhang-2026-iir-oh-barrier-pu-data;ledger-173-zhang-2026-iir-oh-barrier-pu-preprint,,,,,,,,,,,,
mendeley-wg3znh66bv:HDI-4:baseline:rep3:tensile,source_mendeley_wg3znh66bv_v1,family_iir_oh_barrier_pu_2026,HDI-4,HDI-4|baseline|rep3,True,hard_group_9ad33e49392e9da8,train,1,unsupported_axis_or_unit,unsupported,within_source_auxiliary,数据/原始/外部数据/新增开放数据/第十八批实验_IIR-OH聚氨酯/Low-Permeability and Calcification-resistant Polyu/Dataset 2. Network and mechanical data/tensile raw data/HDI/HDI-4-3.txt,ledger-172-zhang-2026-iir-oh-barrier-pu-data;ledger-173-zhang-2026-iir-oh-barrier-pu-preprint,,,,,,,,,,,,
mendeley-wg3znh66bv:HDI-6:baseline:rep1:tensile,source_mendeley_wg3znh66bv_v1,family_iir_oh_barrier_pu_2026,HDI-6,HDI-6|baseline|rep1,True,hard_group_9ad33e49392e9da8,train,1,unsupported_axis_or_unit,unsupported,within_source_auxiliary,数据/原始/外部数据/新增开放数据/第十八批实验_IIR-OH聚氨酯/Low-Permeability and Calcification-resistant Polyu/Dataset 2. Network and mechanical data/tensile raw data/HDI/HDI-6-1.txt,ledger-172-zhang-2026-iir-oh-barrier-pu-data;ledger-173-zhang-2026-iir-oh-barrier-pu-preprint,,,,,,,,,,,,
mendeley-wg3znh66bv:HDI-6:baseline:rep2:tensile,source_mendeley_wg3znh66bv_v1,family_iir_oh_barrier_pu_2026,HDI-6,HDI-6|baseline|rep2,True,hard_group_9ad33e49392e9da8,train,1,unsupported_axis_or_unit,unsupported,within_source_auxiliary,数据/原始/外部数据/新增开放数据/第十八批实验_IIR-OH聚氨酯/Low-Permeability and Calcification-resistant Polyu/Dataset 2. Network and mechanical data/tensile raw data/HDI/HDI-6-2.txt,ledger-172-zhang-2026-iir-oh-barrier-pu-data;ledger-173-zhang-2026-iir-oh-barrier-pu-preprint,,,,,,,,,,,,
mendeley-wg3znh66bv:HDI-6:baseline:rep3:tensile,source_mendeley_wg3znh66bv_v1,family_iir_oh_barrier_pu_2026,HDI-6,HDI-6|baseline|rep3,True,hard_group_9ad33e49392e9da8,train,1,unsupported_axis_or_unit,unsupported,within_source_auxiliary,数据/原始/外部数据/新增开放数据/第十八批实验_IIR-OH聚氨酯/Low-Permeability and Calcification-resistant Polyu/Dataset 2. Network and mechanical data/tensile raw data/HDI/HDI-6-3.txt,ledger-172-zhang-2026-iir-oh-barrier-pu-data;ledger-173-zhang-2026-iir-oh-barrier-pu-preprint,,,,,,,,,,,,
mendeley-wg3znh66bv:HDI-8:baseline:rep1:tensile,source_mendeley_wg3znh66bv_v1,family_iir_oh_barrier_pu_2026,HDI-8,HDI-8|baseline|rep1,True,hard_group_9ad33e49392e9da8,train,1,unsupported_axis_or_unit,unsupported,within_source_auxiliary,数据/原始/外部数据/新增开放数据/第十八批实验_IIR-OH聚氨酯/Low-Permeability and Calcification-resistant Polyu/Dataset 2. Network and mechanical data/tensile raw data/HDI/HDI-8-1.txt,ledger-172-zhang-2026-iir-oh-barrier-pu-data;ledger-173-zhang-2026-iir-oh-barrier-pu-preprint,,,,,,,,,,,,
mendeley-wg3znh66bv:HDI-8:baseline:rep2:tensile,source_mendeley_wg3znh66bv_v1,family_iir_oh_barrier_pu_2026,HDI-8,HDI-8|baseline|rep2,True,hard_group_9ad33e49392e9da8,train,1,unsupported_axis_or_unit,unsupported,within_source_auxiliary,数据/原始/外部数据/新增开放数据/第十八批实验_IIR-OH聚氨酯/Low-Permeability and Calcification-resistant Polyu/Dataset 2. Network and mechanical data/tensile raw data/HDI/HDI-8-2.txt,ledger-172-zhang-2026-iir-oh-barrier-pu-data;ledger-173-zhang-2026-iir-oh-barrier-pu-preprint,,,,,,,,,,,,
mendeley-wg3znh66bv:HDI-8:baseline:rep3:tensile,source_mendeley_wg3znh66bv_v1,family_iir_oh_barrier_pu_2026,HDI-8,HDI-8|baseline|rep3,True,hard_group_9ad33e49392e9da8,train,1,unsupported_axis_or_unit,unsupported,within_source_auxiliary,数据/原始/外部数据/新增开放数据/第十八批实验_IIR-OH聚氨酯/Low-Permeability and Calcification-resistant Polyu/Dataset 2. Network and mechanical data/tensile raw data/HDI/HDI-8-3.txt,ledger-172-zhang-2026-iir-oh-barrier-pu-data;ledger-173-zhang-2026-iir-oh-barrier-pu-preprint,,,,,,,,,,,,
mendeley-wg3znh66bv:HMDI-10:baseline:rep1:tensile,source_mendeley_wg3znh66bv_v1,family_iir_oh_barrier_pu_2026,HMDI-10,HMDI-10|baseline|rep1,True,hard_group_9ad33e49392e9da8,train,1,unsupported_axis_or_unit,unsupported,within_source_auxiliary,数据/原始/外部数据/新增开放数据/第十八批实验_IIR-OH聚氨酯/Low-Permeability and Calcification-resistant Polyu/Dataset 2. Network and mechanical data/tensile raw data/HMDI/HMDI-10-1.txt,ledger-172-zhang-2026-iir-oh-barrier-pu-data;ledger-173-zhang-2026-iir-oh-barrier-pu-preprint,,,,,,,,,,,,
mendeley-wg3znh66bv:HMDI-10:baseline:rep2:tensile,source_mendeley_wg3znh66bv_v1,family_iir_oh_barrier_pu_2026,HMDI-10,HMDI-10|baseline|rep2,True,hard_group_9ad33e49392e9da8,train,1,unsupported_axis_or_unit,unsupported,within_source_auxiliary,数据/原始/外部数据/新增开放数据/第十八批实验_IIR-OH聚氨酯/Low-Permeability and Calcification-resistant Polyu/Dataset 2. Network and mechanical data/tensile raw data/HMDI/HMDI-10-2.txt,ledger-172-zhang-2026-iir-oh-barrier-pu-data;ledger-173-zhang-2026-iir-oh-barrier-pu-preprint,,,,,,,,,,,,
mendeley-wg3znh66bv:HMDI-10:baseline:rep3:tensile,source_mendeley_wg3znh66bv_v1,family_iir_oh_barrier_pu_2026,HMDI-10,HMDI-10|baseline|rep3,True,hard_group_9ad33e49392e9da8,train,1,unsupported_axis_or_unit,unsupported,within_source_auxiliary,数据/原始/外部数据/新增开放数据/第十八批实验_IIR-OH聚氨酯/Low-Permeability and Calcification-resistant Polyu/Dataset 2. Network and mechanical data/tensile raw data/HMDI/HMDI-10-3.txt,ledger-172-zhang-2026-iir-oh-barrier-pu-data;ledger-173-zhang-2026-iir-oh-barrier-pu-preprint,,,,,,,,,,,,
mendeley-wg3znh66bv:HMDI-2:baseline:rep1:tensile,source_mendeley_wg3znh66bv_v1,family_iir_oh_barrier_pu_2026,HMDI-2,HMDI-2|baseline|rep1,True,hard_group_9ad33e49392e9da8,train,1,unsupported_axis_or_unit,unsupported,within_source_auxiliary,数据/原始/外部数据/新增开放数据/第十八批实验_IIR-OH聚氨酯/Low-Permeability and Calcification-resistant Polyu/Dataset 2. Network and mechanical data/tensile raw data/HMDI/HMDI-2-1.txt,ledger-172-zhang-2026-iir-oh-barrier-pu-data;ledger-173-zhang-2026-iir-oh-barrier-pu-preprint,,,,,,,,,,,,
mendeley-wg3znh66bv:HMDI-2:baseline:rep2:tensile,source_mendeley_wg3znh66bv_v1,family_iir_oh_barrier_pu_2026,HMDI-2,HMDI-2|baseline|rep2,True,hard_group_9ad33e49392e9da8,train,1,unsupported_axis_or_unit,unsupported,within_source_auxiliary,数据/原始/外部数据/新增开放数据/第十八批实验_IIR-OH聚氨酯/Low-Permeability and Calcification-resistant Polyu/Dataset 2. Network and mechanical data/tensile raw data/HMDI/HMDI-2-2.txt,ledger-172-zhang-2026-iir-oh-barrier-pu-data;ledger-173-zhang-2026-iir-oh-barrier-pu-preprint,,,,,,,,,,,,
mendeley-wg3znh66bv:HMDI-2:baseline:rep3:tensile,source_mendeley_wg3znh66bv_v1,family_iir_oh_barrier_pu_2026,HMDI-2,HMDI-2|baseline|rep3,True,hard_group_9ad33e49392e9da8,train,1,unsupported_axis_or_unit,unsupported,within_source_auxiliary,数据/原始/外部数据/新增开放数据/第十八批实验_IIR-OH聚氨酯/Low-Permeability and Calcification-resistant Polyu/Dataset 2. Network and mechanical data/tensile raw data/HMDI/HMDI-2-3.txt,ledger-172-zhang-2026-iir-oh-barrier-pu-data;ledger-173-zhang-2026-iir-oh-barrier-pu-preprint,,,,,,,,,,,,
mendeley-wg3znh66bv:HMDI-4:after:rep1:tensile,source_mendeley_wg3znh66bv_v1,family_iir_oh_barrier_pu_2026,HMDI-4,HMDI-4|after|rep1,True,hard_group_9ad33e49392e9da8,train,1,unsupported_axis_or_unit,unsupported,within_source_auxiliary,数据/原始/外部数据/新增开放数据/第十八批实验_IIR-OH聚氨酯/Low-Permeability and Calcification-resistant Polyu/Dataset 3. Barrier and aging data/hydrolytic aging mechanical retention raw data/HMDI-4-After-1.txt,ledger-172-zhang-2026-iir-oh-barrier-pu-data;ledger-173-zhang-2026-iir-oh-barrier-pu-preprint,,,,,,,,,,,,
mendeley-wg3znh66bv:HMDI-4:after:rep2:tensile,source_mendeley_wg3znh66bv_v1,family_iir_oh_barrier_pu_2026,HMDI-4,HMDI-4|after|rep2,True,hard_group_9ad33e49392e9da8,train,1,unsupported_axis_or_unit,unsupported,within_source_auxiliary,数据/原始/外部数据/新增开放数据/第十八批实验_IIR-OH聚氨酯/Low-Permeability and Calcification-resistant Polyu/Dataset 3. Barrier and aging data/hydrolytic aging mechanical retention raw data/HMDI-4-After-2.txt,ledger-172-zhang-2026-iir-oh-barrier-pu-data;ledger-173-zhang-2026-iir-oh-barrier-pu-preprint,,,,,,,,,,,,
mendeley-wg3znh66bv:HMDI-4:after:rep3:tensile,source_mendeley_wg3znh66bv_v1,family_iir_oh_barrier_pu_2026,HMDI-4,HMDI-4|after|rep3,True,hard_group_9ad33e49392e9da8,train,1,unsupported_axis_or_unit,unsupported,within_source_auxiliary,数据/原始/外部数据/新增开放数据/第十八批实验_IIR-OH聚氨酯/Low-Permeability and Calcification-resistant Polyu/Dataset 3. Barrier and aging data/hydrolytic aging mechanical retention raw data/HMDI-4-After-3.txt,ledger-172-zhang-2026-iir-oh-barrier-pu-data;ledger-173-zhang-2026-iir-oh-barrier-pu-preprint,,,,,,,,,,,,
mendeley-wg3znh66bv:HMDI-4:baseline:rep1:tensile,source_mendeley_wg3znh66bv_v1,family_iir_oh_barrier_pu_2026,HMDI-4,HMDI-4|baseline|rep1,True,hard_group_9ad33e49392e9da8,train,1,unsupported_axis_or_unit,unsupported,within_source_auxiliary,数据/原始/外部数据/新增开放数据/第十八批实验_IIR-OH聚氨酯/Low-Permeability and Calcification-resistant Polyu/Dataset 2. Network and mechanical data/tensile raw data/HMDI/HMDI-4-1.txt,ledger-172-zhang-2026-iir-oh-barrier-pu-data;ledger-173-zhang-2026-iir-oh-barrier-pu-preprint,,,,,,,,,,,,
mendeley-wg3znh66bv:HMDI-4:baseline:rep2:tensile,source_mendeley_wg3znh66bv_v1,family_iir_oh_barrier_pu_2026,HMDI-4,HMDI-4|baseline|rep2,True,hard_group_9ad33e49392e9da8,train,1,unsupported_axis_or_unit,unsupported,within_source_auxiliary,数据/原始/外部数据/新增开放数据/第十八批实验_IIR-OH聚氨酯/Low-Permeability and Calcification-resistant Polyu/Dataset 2. Network and mechanical data/tensile raw data/HMDI/HMDI-4-2.txt,ledger-172-zhang-2026-iir-oh-barrier-pu-data;ledger-173-zhang-2026-iir-oh-barrier-pu-preprint,,,,,,,,,,,,
mendeley-wg3znh66bv:HMDI-4:baseline:rep3:tensile,source_mendeley_wg3znh66bv_v1,family_iir_oh_barrier_pu_2026,HMDI-4,HMDI-4|baseline|rep3,True,hard_group_9ad33e49392e9da8,train,1,unsupported_axis_or_unit,unsupported,within_source_auxiliary,数据/原始/外部数据/新增开放数据/第十八批实验_IIR-OH聚氨酯/Low-Permeability and Calcification-resistant Polyu/Dataset 2. Network and mechanical data/tensile raw data/HMDI/HMDI-4-3.txt,ledger-172-zhang-2026-iir-oh-barrier-pu-data;ledger-173-zhang-2026-iir-oh-barrier-pu-preprint,,,,,,,,,,,,
mendeley-wg3znh66bv:HMDI-4:before:rep1:tensile,source_mendeley_wg3znh66bv_v1,family_iir_oh_barrier_pu_2026,HMDI-4,HMDI-4|before|rep1,True,hard_group_9ad33e49392e9da8,train,1,unsupported_axis_or_unit,unsupported,within_source_auxiliary,数据/原始/外部数据/新增开放数据/第十八批实验_IIR-OH聚氨酯/Low-Permeability and Calcification-resistant Polyu/Dataset 3. Barrier and aging data/hydrolytic aging mechanical retention raw data/HMDI-4-Before-1.txt,ledger-172-zhang-2026-iir-oh-barrier-pu-data;ledger-173-zhang-2026-iir-oh-barrier-pu-preprint,,,,,,,,,,,,
mendeley-wg3znh66bv:HMDI-4:before:rep2:tensile,source_mendeley_wg3znh66bv_v1,family_iir_oh_barrier_pu_2026,HMDI-4,HMDI-4|before|rep2,True,hard_group_9ad33e49392e9da8,train,1,unsupported_axis_or_unit,unsupported,within_source_auxiliary,数据/原始/外部数据/新增开放数据/第十八批实验_IIR-OH聚氨酯/Low-Permeability and Calcification-resistant Polyu/Dataset 3. Barrier and aging data/hydrolytic aging mechanical retention raw data/HMDI-4-Before-2.txt,ledger-172-zhang-2026-iir-oh-barrier-pu-data;ledger-173-zhang-2026-iir-oh-barrier-pu-preprint,,,,,,,,,,,,
mendeley-wg3znh66bv:HMDI-4:before:rep3:tensile,source_mendeley_wg3znh66bv_v1,family_iir_oh_barrier_pu_2026,HMDI-4,HMDI-4|before|rep3,True,hard_group_9ad33e49392e9da8,train,1,unsupported_axis_or_unit,unsupported,within_source_auxiliary,数据/原始/外部数据/新增开放数据/第十八批实验_IIR-OH聚氨酯/Low-Permeability and Calcification-resistant Polyu/Dataset 3. Barrier and aging data/hydrolytic aging mechanical retention raw data/HMDI-4-Before-3.txt,ledger-172-zhang-2026-iir-oh-barrier-pu-data;ledger-173-zhang-2026-iir-oh-barrier-pu-preprint,,,,,,,,,,,,
mendeley-wg3znh66bv:HMDI-6:baseline:rep1:tensile,source_mendeley_wg3znh66bv_v1,family_iir_oh_barrier_pu_2026,HMDI-6,HMDI-6|baseline|rep1,True,hard_group_9ad33e49392e9da8,train,1,unsupported_axis_or_unit,unsupported,within_source_auxiliary,数据/原始/外部数据/新增开放数据/第十八批实验_IIR-OH聚氨酯/Low-Permeability and Calcification-resistant Polyu/Dataset 2. Network and mechanical data/tensile raw data/HMDI/HMDI-6-1.txt,ledger-172-zhang-2026-iir-oh-barrier-pu-data;ledger-173-zhang-2026-iir-oh-barrier-pu-preprint,,,,,,,,,,,,
mendeley-wg3znh66bv:HMDI-6:baseline:rep2:tensile,source_mendeley_wg3znh66bv_v1,family_iir_oh_barrier_pu_2026,HMDI-6,HMDI-6|baseline|rep2,True,hard_group_9ad33e49392e9da8,train,1,unsupported_axis_or_unit,unsupported,within_source_auxiliary,数据/原始/外部数据/新增开放数据/第十八批实验_IIR-OH聚氨酯/Low-Permeability and Calcification-resistant Polyu/Dataset 2. Network and mechanical data/tensile raw data/HMDI/HMDI-6-2.txt,ledger-172-zhang-2026-iir-oh-barrier-pu-data;ledger-173-zhang-2026-iir-oh-barrier-pu-preprint,,,,,,,,,,,,
mendeley-wg3znh66bv:HMDI-6:baseline:rep3:tensile,source_mendeley_wg3znh66bv_v1,family_iir_oh_barrier_pu_2026,HMDI-6,HMDI-6|baseline|rep3,True,hard_group_9ad33e49392e9da8,train,1,unsupported_axis_or_unit,unsupported,within_source_auxiliary,数据/原始/外部数据/新增开放数据/第十八批实验_IIR-OH聚氨酯/Low-Permeability and Calcification-resistant Polyu/Dataset 2. Network and mechanical data/tensile raw data/HMDI/HMDI-6-3.txt,ledger-172-zhang-2026-iir-oh-barrier-pu-data;ledger-173-zhang-2026-iir-oh-barrier-pu-preprint,,,,,,,,,,,,
mendeley-wg3znh66bv:HMDI-8:baseline:rep1:tensile,source_mendeley_wg3znh66bv_v1,family_iir_oh_barrier_pu_2026,HMDI-8,HMDI-8|baseline|rep1,True,hard_group_9ad33e49392e9da8,train,1,unsupported_axis_or_unit,unsupported,within_source_auxiliary,数据/原始/外部数据/新增开放数据/第十八批实验_IIR-OH聚氨酯/Low-Permeability and Calcification-resistant Polyu/Dataset 2. Network and mechanical data/tensile raw data/HMDI/HMDI-8-1.txt,ledger-172-zhang-2026-iir-oh-barrier-pu-data;ledger-173-zhang-2026-iir-oh-barrier-pu-preprint,,,,,,,,,,,,
mendeley-wg3znh66bv:HMDI-8:baseline:rep2:tensile,source_mendeley_wg3znh66bv_v1,family_iir_oh_barrier_pu_2026,HMDI-8,HMDI-8|baseline|rep2,True,hard_group_9ad33e49392e9da8,train,1,unsupported_axis_or_unit,unsupported,within_source_auxiliary,数据/原始/外部数据/新增开放数据/第十八批实验_IIR-OH聚氨酯/Low-Permeability and Calcification-resistant Polyu/Dataset 2. Network and mechanical data/tensile raw data/HMDI/HMDI-8-2.txt,ledger-172-zhang-2026-iir-oh-barrier-pu-data;ledger-173-zhang-2026-iir-oh-barrier-pu-preprint,,,,,,,,,,,,
mendeley-wg3znh66bv:HMDI-8:baseline:rep3:tensile,source_mendeley_wg3znh66bv_v1,family_iir_oh_barrier_pu_2026,HMDI-8,HMDI-8|baseline|rep3,True,hard_group_9ad33e49392e9da8,train,1,unsupported_axis_or_unit,unsupported,within_source_auxiliary,数据/原始/外部数据/新增开放数据/第十八批实验_IIR-OH聚氨酯/Low-Permeability and Calcification-resistant Polyu/Dataset 2. Network and mechanical data/tensile raw data/HMDI/HMDI-8-3.txt,ledger-172-zhang-2026-iir-oh-barrier-pu-data;ledger-173-zhang-2026-iir-oh-barrier-pu-preprint,,,,,,,,,,,,
mendeley-wg3znh66bv:MDI-10:baseline:rep1:tensile,source_mendeley_wg3znh66bv_v1,family_iir_oh_barrier_pu_2026,MDI-10,MDI-10|baseline|rep1,True,hard_group_9ad33e49392e9da8,train,1,unsupported_axis_or_unit,unsupported,within_source_auxiliary,数据/原始/外部数据/新增开放数据/第十八批实验_IIR-OH聚氨酯/Low-Permeability and Calcification-resistant Polyu/Dataset 2. Network and mechanical data/tensile raw data/MDI/MDI-10-1.txt,ledger-172-zhang-2026-iir-oh-barrier-pu-data;ledger-173-zhang-2026-iir-oh-barrier-pu-preprint,,,,,,,,,,,,
mendeley-wg3znh66bv:MDI-10:baseline:rep2:tensile,source_mendeley_wg3znh66bv_v1,family_iir_oh_barrier_pu_2026,MDI-10,MDI-10|baseline|rep2,True,hard_group_9ad33e49392e9da8,train,1,unsupported_axis_or_unit,unsupported,within_source_auxiliary,数据/原始/外部数据/新增开放数据/第十八批实验_IIR-OH聚氨酯/Low-Permeability and Calcification-resistant Polyu/Dataset 2. Network and mechanical data/tensile raw data/MDI/MDI-10-2.txt,ledger-172-zhang-2026-iir-oh-barrier-pu-data;ledger-173-zhang-2026-iir-oh-barrier-pu-preprint,,,,,,,,,,,,
mendeley-wg3znh66bv:MDI-10:baseline:rep3:tensile,source_mendeley_wg3znh66bv_v1,family_iir_oh_barrier_pu_2026,MDI-10,MDI-10|baseline|rep3,True,hard_group_9ad33e49392e9da8,train,1,unsupported_axis_or_unit,unsupported,within_source_auxiliary,数据/原始/外部数据/新增开放数据/第十八批实验_IIR-OH聚氨酯/Low-Permeability and Calcification-resistant Polyu/Dataset 2. Network and mechanical data/tensile raw data/MDI/MDI-10-3.txt,ledger-172-zhang-2026-iir-oh-barrier-pu-data;ledger-173-zhang-2026-iir-oh-barrier-pu-preprint,,,,,,,,,,,,
mendeley-wg3znh66bv:MDI-2:baseline:rep1:tensile,source_mendeley_wg3znh66bv_v1,family_iir_oh_barrier_pu_2026,MDI-2,MDI-2|baseline|rep1,True,hard_group_9ad33e49392e9da8,train,1,unsupported_axis_or_unit,unsupported,within_source_auxiliary,数据/原始/外部数据/新增开放数据/第十八批实验_IIR-OH聚氨酯/Low-Permeability and Calcification-resistant Polyu/Dataset 2. Network and mechanical data/tensile raw data/MDI/MDI-2-1.txt,ledger-172-zhang-2026-iir-oh-barrier-pu-data;ledger-173-zhang-2026-iir-oh-barrier-pu-preprint,,,,,,,,,,,,
mendeley-wg3znh66bv:MDI-2:baseline:rep2:tensile,source_mendeley_wg3znh66bv_v1,family_iir_oh_barrier_pu_2026,MDI-2,MDI-2|baseline|rep2,True,hard_group_9ad33e49392e9da8,train,1,unsupported_axis_or_unit,unsupported,within_source_auxiliary,数据/原始/外部数据/新增开放数据/第十八批实验_IIR-OH聚氨酯/Low-Permeability and Calcification-resistant Polyu/Dataset 2. Network and mechanical data/tensile raw data/MDI/MDI-2-2.txt,ledger-172-zhang-2026-iir-oh-barrier-pu-data;ledger-173-zhang-2026-iir-oh-barrier-pu-preprint,,,,,,,,,,,,
mendeley-wg3znh66bv:MDI-2:baseline:rep3:tensile,source_mendeley_wg3znh66bv_v1,family_iir_oh_barrier_pu_2026,MDI-2,MDI-2|baseline|rep3,True,hard_group_9ad33e49392e9da8,train,1,unsupported_axis_or_unit,unsupported,within_source_auxiliary,数据/原始/外部数据/新增开放数据/第十八批实验_IIR-OH聚氨酯/Low-Permeability and Calcification-resistant Polyu/Dataset 2. Network and mechanical data/tensile raw data/MDI/MDI-2-3.txt,ledger-172-zhang-2026-iir-oh-barrier-pu-data;ledger-173-zhang-2026-iir-oh-barrier-pu-preprint,,,,,,,,,,,,
mendeley-wg3znh66bv:MDI-4:baseline:rep1:tensile,source_mendeley_wg3znh66bv_v1,family_iir_oh_barrier_pu_2026,MDI-4,MDI-4|baseline|rep1,True,hard_group_9ad33e49392e9da8,train,1,unsupported_axis_or_unit,unsupported,within_source_auxiliary,数据/原始/外部数据/新增开放数据/第十八批实验_IIR-OH聚氨酯/Low-Permeability and Calcification-resistant Polyu/Dataset 2. Network and mechanical data/tensile raw data/MDI/MDI-4-1.txt,ledger-172-zhang-2026-iir-oh-barrier-pu-data;ledger-173-zhang-2026-iir-oh-barrier-pu-preprint,,,,,,,,,,,,
mendeley-wg3znh66bv:MDI-4:baseline:rep2:tensile,source_mendeley_wg3znh66bv_v1,family_iir_oh_barrier_pu_2026,MDI-4,MDI-4|baseline|rep2,True,hard_group_9ad33e49392e9da8,train,1,unsupported_axis_or_unit,unsupported,within_source_auxiliary,数据/原始/外部数据/新增开放数据/第十八批实验_IIR-OH聚氨酯/Low-Permeability and Calcification-resistant Polyu/Dataset 2. Network and mechanical data/tensile raw data/MDI/MDI-4-2.txt,ledger-172-zhang-2026-iir-oh-barrier-pu-data;ledger-173-zhang-2026-iir-oh-barrier-pu-preprint,,,,,,,,,,,,
mendeley-wg3znh66bv:MDI-4:baseline:rep3:tensile,source_mendeley_wg3znh66bv_v1,family_iir_oh_barrier_pu_2026,MDI-4,MDI-4|baseline|rep3,True,hard_group_9ad33e49392e9da8,train,1,unsupported_axis_or_unit,unsupported,within_source_auxiliary,数据/原始/外部数据/新增开放数据/第十八批实验_IIR-OH聚氨酯/Low-Permeability and Calcification-resistant Polyu/Dataset 2. Network and mechanical data/tensile raw data/MDI/MDI-4-3.txt,ledger-172-zhang-2026-iir-oh-barrier-pu-data;ledger-173-zhang-2026-iir-oh-barrier-pu-preprint,,,,,,,,,,,,
mendeley-wg3znh66bv:MDI-6:baseline:rep1:tensile,source_mendeley_wg3znh66bv_v1,family_iir_oh_barrier_pu_2026,MDI-6,MDI-6|baseline|rep1,True,hard_group_9ad33e49392e9da8,train,1,unsupported_axis_or_unit,unsupported,within_source_auxiliary,数据/原始/外部数据/新增开放数据/第十八批实验_IIR-OH聚氨酯/Low-Permeability and Calcification-resistant Polyu/Dataset 2. Network and mechanical data/tensile raw data/MDI/MDI-6-1.txt,ledger-172-zhang-2026-iir-oh-barrier-pu-data;ledger-173-zhang-2026-iir-oh-barrier-pu-preprint,,,,,,,,,,,,
mendeley-wg3znh66bv:MDI-6:baseline:rep2:tensile,source_mendeley_wg3znh66bv_v1,family_iir_oh_barrier_pu_2026,MDI-6,MDI-6|baseline|rep2,True,hard_group_9ad33e49392e9da8,train,1,unsupported_axis_or_unit,unsupported,within_source_auxiliary,数据/原始/外部数据/新增开放数据/第十八批实验_IIR-OH聚氨酯/Low-Permeability and Calcification-resistant Polyu/Dataset 2. Network and mechanical data/tensile raw data/MDI/MDI-6-2.txt,ledger-172-zhang-2026-iir-oh-barrier-pu-data;ledger-173-zhang-2026-iir-oh-barrier-pu-preprint,,,,,,,,,,,,
mendeley-wg3znh66bv:MDI-6:baseline:rep3:tensile,source_mendeley_wg3znh66bv_v1,family_iir_oh_barrier_pu_2026,MDI-6,MDI-6|baseline|rep3,True,hard_group_9ad33e49392e9da8,train,1,unsupported_axis_or_unit,unsupported,within_source_auxiliary,数据/原始/外部数据/新增开放数据/第十八批实验_IIR-OH聚氨酯/Low-Permeability and Calcification-resistant Polyu/Dataset 2. Network and mechanical data/tensile raw data/MDI/MDI-6-3.txt,ledger-172-zhang-2026-iir-oh-barrier-pu-data;ledger-173-zhang-2026-iir-oh-barrier-pu-preprint,,,,,,,,,,,,
mendeley-wg3znh66bv:MDI-8:baseline:rep1:tensile,source_mendeley_wg3znh66bv_v1,family_iir_oh_barrier_pu_2026,MDI-8,MDI-8|baseline|rep1,True,hard_group_9ad33e49392e9da8,train,1,unsupported_axis_or_unit,unsupported,within_source_auxiliary,数据/原始/外部数据/新增开放数据/第十八批实验_IIR-OH聚氨酯/Low-Permeability and Calcification-resistant Polyu/Dataset 2. Network and mechanical data/tensile raw data/MDI/MDI-8-1.txt,ledger-172-zhang-2026-iir-oh-barrier-pu-data;ledger-173-zhang-2026-iir-oh-barrier-pu-preprint,,,,,,,,,,,,
mendeley-wg3znh66bv:MDI-8:baseline:rep2:tensile,source_mendeley_wg3znh66bv_v1,family_iir_oh_barrier_pu_2026,MDI-8,MDI-8|baseline|rep2,True,hard_group_9ad33e49392e9da8,train,1,unsupported_axis_or_unit,unsupported,within_source_auxiliary,数据/原始/外部数据/新增开放数据/第十八批实验_IIR-OH聚氨酯/Low-Permeability and Calcification-resistant Polyu/Dataset 2. Network and mechanical data/tensile raw data/MDI/MDI-8-2.txt,ledger-172-zhang-2026-iir-oh-barrier-pu-data;ledger-173-zhang-2026-iir-oh-barrier-pu-preprint,,,,,,,,,,,,
mendeley-wg3znh66bv:MDI-8:baseline:rep3:tensile,source_mendeley_wg3znh66bv_v1,family_iir_oh_barrier_pu_2026,MDI-8,MDI-8|baseline|rep3,True,hard_group_9ad33e49392e9da8,train,1,unsupported_axis_or_unit,unsupported,within_source_auxiliary,数据/原始/外部数据/新增开放数据/第十八批实验_IIR-OH聚氨酯/Low-Permeability and Calcification-resistant Polyu/Dataset 2. Network and mechanical data/tensile raw data/MDI/MDI-8-3.txt,ledger-172-zhang-2026-iir-oh-barrier-pu-data;ledger-173-zhang-2026-iir-oh-barrier-pu-preprint,,,,,,,,,,,,
nmr_13C_date_seed_oil,source_mendeley_xs78ch5jb7_v3,family_date_seed_oil_rigid_pu_pir_2025,,date_seed_oil,True,hard_group_9e3f22b84adf8013,validation,34,unsupported_axis_or_unit,unsupported,within_source_auxiliary,数据/原始/外部数据/新增开放数据/第十三批实验_日期籽油PU-PIR/Supplemental data 2.rar::Supplemental data 2/Supplemental data 2.xlsx#sheet=CNMR OF Date seed oil;row=6,ledger-165-taghvaei-nia-2024-date-seed-oil-pu-pir-data;ledger-166-taghvaei-nia-2025-date-seed-oil-pu-pir,,,,,,,,,,,,
nmr_13C_dso_polyol,source_mendeley_xs78ch5jb7_v3,family_date_seed_oil_rigid_pu_pir_2025,,dso_polyol,True,hard_group_9e3f22b84adf8013,validation,31,unsupported_axis_or_unit,unsupported,within_source_auxiliary,数据/原始/外部数据/新增开放数据/第十三批实验_日期籽油PU-PIR/Supplemental data 2.rar::Supplemental data 2/Supplemental data 2.xlsx#sheet=CNMR OF DSOpolyol;row=5,ledger-165-taghvaei-nia-2024-date-seed-oil-pu-pir-data;ledger-166-taghvaei-nia-2025-date-seed-oil-pu-pir,,,,,,,,,,,,
nmr_1H_date_seed_oil,source_mendeley_xs78ch5jb7_v3,family_date_seed_oil_rigid_pu_pir_2025,,date_seed_oil,True,hard_group_9e3f22b84adf8013,validation,25,unsupported_axis_or_unit,unsupported,within_source_auxiliary,数据/原始/外部数据/新增开放数据/第十三批实验_日期籽油PU-PIR/Supplemental data 2.rar::Supplemental data 2/Supplemental data 2.xlsx#sheet=HNMR OF Date seed oil;row=5,ledger-165-taghvaei-nia-2024-date-seed-oil-pu-pir-data;ledger-166-taghvaei-nia-2025-date-seed-oil-pu-pir,,,,,,,,,,,,
nmr_1H_dso_polyol,source_mendeley_xs78ch5jb7_v3,family_date_seed_oil_rigid_pu_pir_2025,,dso_polyol,True,hard_group_9e3f22b84adf8013,validation,19,unsupported_axis_or_unit,unsupported,within_source_auxiliary,数据/原始/外部数据/新增开放数据/第十三批实验_日期籽油PU-PIR/Supplemental data 2.rar::Supplemental data 2/Supplemental data 2.xlsx#sheet=HNMR OF DSOpolyol;row=5,ledger-165-taghvaei-nia-2024-date-seed-oil-pu-pir-data;ledger-166-taghvaei-nia-2025-date-seed-oil-pu-pir,,,,,,,,,,,,
pu_seat|system=hard_puf|curve=ifd,source_mendeley_pu_seat_raw_v2,family_moon_2020_pu_multilayer_seat,pu_seat_hard_puf,Hard,True,hard_group_8239b07fe0893b6d,train,653,unsupported_axis_or_unit,unsupported,within_source_auxiliary,数据/原始/外部数据/新增开放数据/第十四批实验_PU汽车座椅/hard only20180909003.dat|x_line=20|y_line=673|point_index=0,ledger-167-oh-2019-pu-seat-raw-data;ledger-169-moon-2020-pu-seat-comfort,,,,,,,,,,,,
pu_seat|system=hard_puf|curve=stress_relaxation,source_mendeley_pu_seat_raw_v2,family_moon_2020_pu_multilayer_seat,pu_seat_hard_puf,Hard,True,hard_group_8239b07fe0893b6d,train,7468,unsupported_axis_or_unit,unsupported,within_source_auxiliary,数据/原始/外部数据/新增开放数据/第十四批实验_PU汽车座椅/Hard55kgf20181112002.dat|x_line=20|y_line=7488|point_index=0,ledger-167-oh-2019-pu-seat-raw-data;ledger-169-moon-2020-pu-seat-comfort,,,,,,,,,,,,
pu_seat|system=memory_foam|curve=ifd,source_mendeley_pu_seat_raw_v2,family_moon_2020_pu_multilayer_seat,pu_seat_memory_foam,Memory foam,True,hard_group_03db47825626d862,train,654,unsupported_axis_or_unit,unsupported,within_source_auxiliary,数据/原始/外部数据/新增开放数据/第十四批实验_PU汽车座椅/memory foam20180913003.dat|x_line=20|y_line=674|point_index=0,ledger-167-oh-2019-pu-seat-raw-data;ledger-169-moon-2020-pu-seat-comfort,,,,,,,,,,,,
pu_seat|system=memory_foam|curve=stress_relaxation,source_mendeley_pu_seat_raw_v2,family_moon_2020_pu_multilayer_seat,pu_seat_memory_foam,Memory foam,True,hard_group_03db47825626d862,train,7469,unsupported_axis_or_unit,unsupported,within_source_auxiliary,数据/原始/外部数据/新增开放数据/第十四批实验_PU汽车座椅/Memory55kgf20181112001.dat|x_line=20|y_line=7489|point_index=0,ledger-167-oh-2019-pu-seat-raw-data;ledger-169-moon-2020-pu-seat-comfort,,,,,,,,,,,,
pu_seat|system=mid_puf|curve=ifd,source_mendeley_pu_seat_raw_v2,family_moon_2020_pu_multilayer_seat,pu_seat_mid_puf,Mid,True,hard_group_33426abe2194f2d5,test,649,unsupported_axis_or_unit,unsupported,within_source_auxiliary,数据/原始/外部数据/新增开放数据/第十四批实验_PU汽车座椅/mid only20180909006.dat|x_line=20|y_line=669|point_index=0,ledger-167-oh-2019-pu-seat-raw-data;ledger-169-moon-2020-pu-seat-comfort,,,,,,,,,,,,
pu_seat|system=mid_puf|curve=stress_relaxation,source_mendeley_pu_seat_raw_v2,family_moon_2020_pu_multilayer_seat,pu_seat_mid_puf,Mid,True,hard_group_33426abe2194f2d5,test,7492,unsupported_axis_or_unit,unsupported,within_source_auxiliary,数据/原始/外部数据/新增开放数据/第十四批实验_PU汽车座椅/Mid55kgf20181113001.dat|x_line=20|y_line=7512|point_index=0,ledger-167-oh-2019-pu-seat-raw-data;ledger-169-moon-2020-pu-seat-comfort,,,,,,,,,,,,
pu_seat|system=multilayer_type_a|curve=ifd,source_mendeley_pu_seat_raw_v2,family_moon_2020_pu_multilayer_seat,pu_seat_multilayer_type_a,Type A,True,hard_group_329af29b77181988,train,810,unsupported_axis_or_unit,unsupported,within_source_auxiliary,数据/原始/外部数据/新增开放数据/第十四批实验_PU汽车座椅/Type A20180909009.dat|x_line=20|y_line=830|point_index=0,ledger-167-oh-2019-pu-seat-raw-data;ledger-169-moon-2020-pu-seat-comfort,,,,,,,,,,,,
pu_seat|system=multilayer_type_a|curve=stress_relaxation,source_mendeley_pu_seat_raw_v2,family_moon_2020_pu_multilayer_seat,pu_seat_multilayer_type_a,Type A,True,hard_group_329af29b77181988,train,7484,unsupported_axis_or_unit,unsupported,within_source_auxiliary,数据/原始/外部数据/新增开放数据/第十四批实验_PU汽车座椅/TypeA55kgf20181113002.dat|x_line=20|y_line=7504|point_index=0,ledger-167-oh-2019-pu-seat-raw-data;ledger-169-moon-2020-pu-seat-comfort,,,,,,,,,,,,
pu_seat|system=multilayer_type_b|curve=ifd,source_mendeley_pu_seat_raw_v2,family_moon_2020_pu_multilayer_seat,pu_seat_multilayer_type_b,Type B,True,hard_group_5bf1aa793ff1d17b,train,794,unsupported_axis_or_unit,unsupported,within_source_auxiliary,数据/原始/外部数据/新增开放数据/第十四批实验_PU汽车座椅/Type B20180909003.dat|x_line=20|y_line=814|point_index=0,ledger-167-oh-2019-pu-seat-raw-data;ledger-169-moon-2020-pu-seat-comfort,,,,,,,,,,,,
pu_seat|system=multilayer_type_b|curve=stress_relaxation,source_mendeley_pu_seat_raw_v2,family_moon_2020_pu_multilayer_seat,pu_seat_multilayer_type_b,Type B,True,hard_group_5bf1aa793ff1d17b,train,7505,unsupported_axis_or_unit,unsupported,within_source_auxiliary,数据/原始/外部数据/新增开放数据/第十四批实验_PU汽车座椅/TypeB55kgf20181114001.dat|x_line=20|y_line=7525|point_index=0,ledger-167-oh-2019-pu-seat-raw-data;ledger-169-moon-2020-pu-seat-comfort,,,,,,,,,,,,
pu_seat|system=multilayer_type_c|curve=ifd,source_mendeley_pu_seat_raw_v2,family_moon_2020_pu_multilayer_seat,pu_seat_multilayer_type_c,Type C,True,hard_group_17c44804c6ef4e9e,train,766,unsupported_axis_or_unit,unsupported,within_source_auxiliary,数据/原始/外部数据/新增开放数据/第十四批实验_PU汽车座椅/Type C20180909006.dat|x_line=20|y_line=786|point_index=0,ledger-167-oh-2019-pu-seat-raw-data;ledger-169-moon-2020-pu-seat-comfort,,,,,,,,,,,,
pu_seat|system=multilayer_type_c|curve=stress_relaxation,source_mendeley_pu_seat_raw_v2,family_moon_2020_pu_multilayer_seat,pu_seat_multilayer_type_c,Type C,True,hard_group_17c44804c6ef4e9e,train,7466,unsupported_axis_or_unit,unsupported,within_source_auxiliary,数据/原始/外部数据/新增开放数据/第十四批实验_PU汽车座椅/TypeC55kgf20181114001.dat|x_line=20|y_line=7486|point_index=0,ledger-167-oh-2019-pu-seat-raw-data;ledger-169-moon-2020-pu-seat-comfort,,,,,,,,,,,,
pu_seat|system=multilayer_type_d|curve=ifd,source_mendeley_pu_seat_raw_v2,family_moon_2020_pu_multilayer_seat,pu_seat_multilayer_type_d,Type D,True,hard_group_13c98ecb16c7edcd,train,784,unsupported_axis_or_unit,unsupported,within_source_auxiliary,数据/原始/外部数据/新增开放数据/第十四批实验_PU汽车座椅/Type D20180909006.dat|x_line=20|y_line=804|point_index=0,ledger-167-oh-2019-pu-seat-raw-data;ledger-169-moon-2020-pu-seat-comfort,,,,,,,,,,,,
pu_seat|system=multilayer_type_d|curve=stress_relaxation,source_mendeley_pu_seat_raw_v2,family_moon_2020_pu_multilayer_seat,pu_seat_multilayer_type_d,Type D,True,hard_group_13c98ecb16c7edcd,train,7491,unsupported_axis_or_unit,unsupported,within_source_auxiliary,数据/原始/外部数据/新增开放数据/第十四批实验_PU汽车座椅/TypeD55kgf20181115001.dat|x_line=20|y_line=7511|point_index=0,ledger-167-oh-2019-pu-seat-raw-data;ledger-169-moon-2020-pu-seat-comfort,,,,,,,,,,,,
pu_seat|system=soft_puf|curve=ifd,source_mendeley_pu_seat_raw_v2,family_moon_2020_pu_multilayer_seat,pu_seat_soft_puf,Soft,True,hard_group_00099335cc5d93a7,train,652,unsupported_axis_or_unit,unsupported,within_source_auxiliary,数据/原始/外部数据/新增开放数据/第十四批实验_PU汽车座椅/soft only20180909003.dat|x_line=20|y_line=672|point_index=0,ledger-167-oh-2019-pu-seat-raw-data;ledger-169-moon-2020-pu-seat-comfort,,,,,,,,,,,,
pu_seat|system=soft_puf|curve=stress_relaxation,source_mendeley_pu_seat_raw_v2,family_moon_2020_pu_multilayer_seat,pu_seat_soft_puf,Soft,True,hard_group_00099335cc5d93a7,train,7522,unsupported_axis_or_unit,unsupported,within_source_auxiliary,数据/原始/外部数据/新增开放数据/第十四批实验_PU汽车座椅/Soft55kgf20181112001.dat|x_line=20|y_line=7542|point_index=0,ledger-167-oh-2019-pu-seat-raw-data;ledger-169-moon-2020-pu-seat-comfort,,,,,,,,,,,,
pu_seat|system=technogel|curve=ifd,source_mendeley_pu_seat_raw_v2,family_moon_2020_pu_multilayer_seat,pu_seat_technogel,Technogel,True,hard_group_ddda452b93a3203e,train,558,unsupported_axis_or_unit,unsupported,within_source_auxiliary,数据/原始/外部数据/新增开放数据/第十四批实验_PU汽车座椅/technogel20180918001.txt|x_line=20|y_line=578|point_index=0,ledger-167-oh-2019-pu-seat-raw-data;ledger-169-moon-2020-pu-seat-comfort,,,,,,,,,,,,
pu_seat|system=technogel|curve=stress_relaxation,source_mendeley_pu_seat_raw_v2,family_moon_2020_pu_multilayer_seat,pu_seat_technogel,Technogel,True,hard_group_ddda452b93a3203e,train,7379,unsupported_axis_or_unit,unsupported,within_source_auxiliary,数据/原始/外部数据/新增开放数据/第十四批实验_PU汽车座椅/Technogel55kgf20181115001.dat|x_line=20|y_line=7399|point_index=0,ledger-167-oh-2019-pu-seat-raw-data;ledger-169-moon-2020-pu-seat-comfort,,,,,,,,,,,,
tensile_s1,source_mendeley_xs78ch5jb7_v3,family_date_seed_oil_rigid_pu_pir_2025,S1,S1,False,hard_group_9e3f22b84adf8013,validation,1584,release_not_model_ready,unsupported,within_source_auxiliary,数据/原始/外部数据/新增开放数据/第十三批实验_日期籽油PU-PIR/Supplemental data 6.xlsx#sheet=Tensile stress-strain;cell=B2,ledger-165-taghvaei-nia-2024-date-seed-oil-pu-pir-data;ledger-166-taghvaei-nia-2025-date-seed-oil-pu-pir,,,,,,,,,,,,
tensile_s2,source_mendeley_xs78ch5jb7_v3,family_date_seed_oil_rigid_pu_pir_2025,S2,S2,False,hard_group_9e3f22b84adf8013,validation,1244,release_not_model_ready,unsupported,within_source_auxiliary,数据/原始/外部数据/新增开放数据/第十三批实验_日期籽油PU-PIR/Supplemental data 6.xlsx#sheet=Tensile stress-strain;cell=C2,ledger-165-taghvaei-nia-2024-date-seed-oil-pu-pir-data;ledger-166-taghvaei-nia-2025-date-seed-oil-pu-pir,,,,,,,,,,,,
tensile_s3,source_mendeley_xs78ch5jb7_v3,family_date_seed_oil_rigid_pu_pir_2025,S3,S3,False,hard_group_9e3f22b84adf8013,validation,1260,release_not_model_ready,unsupported,within_source_auxiliary,数据/原始/外部数据/新增开放数据/第十三批实验_日期籽油PU-PIR/Supplemental data 6.xlsx#sheet=Tensile stress-strain;cell=D2,ledger-165-taghvaei-nia-2024-date-seed-oil-pu-pir-data;ledger-166-taghvaei-nia-2025-date-seed-oil-pu-pir,,,,,,,,,,,,
tensile_s4,source_mendeley_xs78ch5jb7_v3,family_date_seed_oil_rigid_pu_pir_2025,S4,S4,False,hard_group_9e3f22b84adf8013,validation,1026,release_not_model_ready,unsupported,within_source_auxiliary,数据/原始/外部数据/新增开放数据/第十三批实验_日期籽油PU-PIR/Supplemental data 6.xlsx#sheet=Tensile stress-strain;cell=E2,ledger-165-taghvaei-nia-2024-date-seed-oil-pu-pir-data;ledger-166-taghvaei-nia-2025-date-seed-oil-pu-pir,,,,,,,,,,,,
tensile_s5,source_mendeley_xs78ch5jb7_v3,family_date_seed_oil_rigid_pu_pir_2025,S5,S5,False,hard_group_9e3f22b84adf8013,validation,907,release_not_model_ready,unsupported,within_source_auxiliary,数据/原始/外部数据/新增开放数据/第十三批实验_日期籽油PU-PIR/Supplemental data 6.xlsx#sheet=Tensile stress-strain;cell=F2,ledger-165-taghvaei-nia-2024-date-seed-oil-pu-pir-data;ledger-166-taghvaei-nia-2025-date-seed-oil-pu-pir,,,,,,,,,,,,
thermal_dso_polyol_or_s2_conflict_dta,source_mendeley_xs78ch5jb7_v3,family_date_seed_oil_rigid_pu_pir_2025,,dso_polyol_or_S2_identity_conflict,True,hard_group_9e3f22b84adf8013,validation,994,unsupported_axis_or_unit,unsupported,within_source_auxiliary,数据/原始/外部数据/新增开放数据/第十三批实验_日期籽油PU-PIR/Supplemental data 3.xlsx#sheet=TGA-DTG-DTA- DSC OF DSOpolyol;cell=C16,ledger-165-taghvaei-nia-2024-date-seed-oil-pu-pir-data;ledger-166-taghvaei-nia-2025-date-seed-oil-pu-pir,,,,,,,,,,,,
thermal_dso_polyol_or_s2_conflict_dtg,source_mendeley_xs78ch5jb7_v3,family_date_seed_oil_rigid_pu_pir_2025,,dso_polyol_or_S2_identity_conflict,True,hard_group_9e3f22b84adf8013,validation,994,unsupported_axis_or_unit,unsupported,within_source_auxiliary,数据/原始/外部数据/新增开放数据/第十三批实验_日期籽油PU-PIR/Supplemental data 3.xlsx#sheet=TGA-DTG-DTA- DSC OF DSOpolyol;cell=E16,ledger-165-taghvaei-nia-2024-date-seed-oil-pu-pir-data;ledger-166-taghvaei-nia-2025-date-seed-oil-pu-pir,,,,,,,,,,,,
thermal_dso_polyol_or_s2_conflict_mass,source_mendeley_xs78ch5jb7_v3,family_date_seed_oil_rigid_pu_pir_2025,,dso_polyol_or_S2_identity_conflict,True,hard_group_9e3f22b84adf8013,validation,994,unsupported_axis_or_unit,unsupported,within_source_auxiliary,数据/原始/外部数据/新增开放数据/第十三批实验_日期籽油PU-PIR/Supplemental data 3.xlsx#sheet=TGA-DTG-DTA- DSC OF DSOpolyol;cell=D16,ledger-165-taghvaei-nia-2024-date-seed-oil-pu-pir-data;ledger-166-taghvaei-nia-2025-date-seed-oil-pu-pir,,,,,,,,,,,,
thermal_s1_mass,source_mendeley_xs78ch5jb7_v3,family_date_seed_oil_rigid_pu_pir_2025,S1,S1,True,hard_group_9e3f22b84adf8013,validation,794,unsupported_axis_or_unit,unsupported,within_source_auxiliary,数据/原始/外部数据/新增开放数据/第十三批实验_日期籽油PU-PIR/Supplemental data 5.xlsx#sheet=S1 (0% DSO polyol);cell=C3,ledger-165-taghvaei-nia-2024-date-seed-oil-pu-pir-data;ledger-166-taghvaei-nia-2025-date-seed-oil-pu-pir,,,,,,,,,,,,
thermal_s3_dta,source_mendeley_xs78ch5jb7_v3,family_date_seed_oil_rigid_pu_pir_2025,S3,S3,True,hard_group_9e3f22b84adf8013,validation,894,unsupported_axis_or_unit,unsupported,within_source_auxiliary,数据/原始/外部数据/新增开放数据/第十三批实验_日期籽油PU-PIR/Supplemental data 5.xlsx#sheet=S3 (50% DSO polyol);cell=C3,ledger-165-taghvaei-nia-2024-date-seed-oil-pu-pir-data;ledger-166-taghvaei-nia-2025-date-seed-oil-pu-pir,,,,,,,,,,,,
thermal_s3_dtg,source_mendeley_xs78ch5jb7_v3,family_date_seed_oil_rigid_pu_pir_2025,S3,S3,True,hard_group_9e3f22b84adf8013,validation,894,unsupported_axis_or_unit,unsupported,within_source_auxiliary,数据/原始/外部数据/新增开放数据/第十三批实验_日期籽油PU-PIR/Supplemental data 5.xlsx#sheet=S3 (50% DSO polyol);cell=E3,ledger-165-taghvaei-nia-2024-date-seed-oil-pu-pir-data;ledger-166-taghvaei-nia-2025-date-seed-oil-pu-pir,,,,,,,,,,,,
thermal_s3_mass,source_mendeley_xs78ch5jb7_v3,family_date_seed_oil_rigid_pu_pir_2025,S3,S3,True,hard_group_9e3f22b84adf8013,validation,894,unsupported_axis_or_unit,unsupported,within_source_auxiliary,数据/原始/外部数据/新增开放数据/第十三批实验_日期籽油PU-PIR/Supplemental data 5.xlsx#sheet=S3 (50% DSO polyol);cell=D3,ledger-165-taghvaei-nia-2024-date-seed-oil-pu-pir-data;ledger-166-taghvaei-nia-2025-date-seed-oil-pu-pir,,,,,,,,,,,,
thermal_s4_dta,source_mendeley_xs78ch5jb7_v3,family_date_seed_oil_rigid_pu_pir_2025,S4,S4,True,hard_group_9e3f22b84adf8013,validation,794,unsupported_axis_or_unit,unsupported,within_source_auxiliary,数据/原始/外部数据/新增开放数据/第十三批实验_日期籽油PU-PIR/Supplemental data 5.xlsx#sheet=S4 (70% DSO polyol);cell=C3,ledger-165-taghvaei-nia-2024-date-seed-oil-pu-pir-data;ledger-166-taghvaei-nia-2025-date-seed-oil-pu-pir,,,,,,,,,,,,
thermal_s4_dtg,source_mendeley_xs78ch5jb7_v3,family_date_seed_oil_rigid_pu_pir_2025,S4,S4,True,hard_group_9e3f22b84adf8013,validation,794,unsupported_axis_or_unit,unsupported,within_source_auxiliary,数据/原始/外部数据/新增开放数据/第十三批实验_日期籽油PU-PIR/Supplemental data 5.xlsx#sheet=S4 (70% DSO polyol);cell=E3,ledger-165-taghvaei-nia-2024-date-seed-oil-pu-pir-data;ledger-166-taghvaei-nia-2025-date-seed-oil-pu-pir,,,,,,,,,,,,
thermal_s4_mass,source_mendeley_xs78ch5jb7_v3,family_date_seed_oil_rigid_pu_pir_2025,S4,S4,True,hard_group_9e3f22b84adf8013,validation,794,unsupported_axis_or_unit,unsupported,within_source_auxiliary,数据/原始/外部数据/新增开放数据/第十三批实验_日期籽油PU-PIR/Supplemental data 5.xlsx#sheet=S4 (70% DSO polyol);cell=D3,ledger-165-taghvaei-nia-2024-date-seed-oil-pu-pir-data;ledger-166-taghvaei-nia-2025-date-seed-oil-pu-pir,,,,,,,,,,,,
thermal_s5_mass,source_mendeley_xs78ch5jb7_v3,family_date_seed_oil_rigid_pu_pir_2025,S5,S5,True,hard_group_9e3f22b84adf8013,validation,855,unsupported_axis_or_unit,unsupported,within_source_auxiliary,数据/原始/外部数据/新增开放数据/第十三批实验_日期籽油PU-PIR/Supplemental data 5.xlsx#sheet=S5 (100% DSO polyol);cell=C3,ledger-165-taghvaei-nia-2024-date-seed-oil-pu-pir-data;ledger-166-taghvaei-nia-2025-date-seed-oil-pu-pir,,,,,,,,,,,,
viscosity:RPUF_0,source_zenodo_5713819_recycled_pu_foam,family_elorza_recycled_pu_foam,RPUF_0,component_A_slurry_RPUF_0,True,hard_group_fd781ae26d0b0ae3,train,60,unsupported_axis_or_unit,unsupported,within_source_auxiliary,数据/原始/外部数据/新增开放数据/第十六批实验_再生PU泡沫/原始文件/row data for _Sustainable insulating foams_3/RPUF_viscosity_RawData/RPUF00_viscosty.xlsx#Hoja1!A3:B3,ledger-170-elorza-2021-recycled-pu-foam-data;ledger-171-elorza-2021-recycled-pu-foam,,,,,,,,,,,,
viscosity:RPUF_1.5,source_zenodo_5713819_recycled_pu_foam,family_elorza_recycled_pu_foam,RPUF_1.5,component_A_slurry_RPUF_1.5,True,hard_group_fd781ae26d0b0ae3,train,60,unsupported_axis_or_unit,unsupported,within_source_auxiliary,数据/原始/外部数据/新增开放数据/第十六批实验_再生PU泡沫/原始文件/row data for _Sustainable insulating foams_3/RPUF_viscosity_RawData/RPUF15_viscosty.xlsx#Hoja1!A3:B3,ledger-170-elorza-2021-recycled-pu-foam-data;ledger-171-elorza-2021-recycled-pu-foam,,,,,,,,,,,,
viscosity:RPUF_3.0,source_zenodo_5713819_recycled_pu_foam,family_elorza_recycled_pu_foam,RPUF_3.0,component_A_slurry_RPUF_3.0,True,hard_group_fd781ae26d0b0ae3,train,60,unsupported_axis_or_unit,unsupported,within_source_auxiliary,数据/原始/外部数据/新增开放数据/第十六批实验_再生PU泡沫/原始文件/row data for _Sustainable insulating foams_3/RPUF_viscosity_RawData/RPUF30_viscosty.xlsx#Hoja1!A3:B3,ledger-170-elorza-2021-recycled-pu-foam-data;ledger-171-elorza-2021-recycled-pu-foam,,,,,,,,,,,,
viscosity:RPUF_4.5,source_zenodo_5713819_recycled_pu_foam,family_elorza_recycled_pu_foam,RPUF_4.5,component_A_slurry_RPUF_4.5,True,hard_group_fd781ae26d0b0ae3,train,60,unsupported_axis_or_unit,unsupported,within_source_auxiliary,数据/原始/外部数据/新增开放数据/第十六批实验_再生PU泡沫/原始文件/row data for _Sustainable insulating foams_3/RPUF_viscosity_RawData/RPUF45_viscosty.xlsx#Hoja1!A3:B3,ledger-170-elorza-2021-recycled-pu-foam-data;ledger-171-elorza-2021-recycled-pu-foam,,,,,,,,,,,,
viscosity:RPUF_6.0,source_zenodo_5713819_recycled_pu_foam,family_elorza_recycled_pu_foam,RPUF_6.0,component_A_slurry_RPUF_6.0,True,hard_group_fd781ae26d0b0ae3,train,41,unsupported_axis_or_unit,unsupported,within_source_auxiliary,数据/原始/外部数据/新增开放数据/第十六批实验_再生PU泡沫/原始文件/row data for _Sustainable insulating foams_3/RPUF_viscosity_RawData/RPUF60_viscosty.xlsx#Hoja1!A3:B3,ledger-170-elorza-2021-recycled-pu-foam-data;ledger-171-elorza-2021-recycled-pu-foam,,,,,,,,,,,,
viscosity:SPUF_0,source_zenodo_5713819_recycled_pu_foam,family_elorza_recycled_pu_foam,SPUF_0,component_A_slurry_SPUF_0,True,hard_group_fd781ae26d0b0ae3,train,60,unsupported_axis_or_unit,unsupported,within_source_auxiliary,数据/原始/外部数据/新增开放数据/第十六批实验_再生PU泡沫/原始文件/row data for _Sustainable insulating foams_3/SPUF_viscosity_RawData/SPUF00_viscosty.xlsx#Hoja1!A3:B3,ledger-170-elorza-2021-recycled-pu-foam-data;ledger-171-elorza-2021-recycled-pu-foam,,,,,,,,,,,,
viscosity:SPUF_1.5,source_zenodo_5713819_recycled_pu_foam,family_elorza_recycled_pu_foam,SPUF_1.5,component_A_slurry_SPUF_1.5,True,hard_group_fd781ae26d0b0ae3,train,60,unsupported_axis_or_unit,unsupported,within_source_auxiliary,数据/原始/外部数据/新增开放数据/第十六批实验_再生PU泡沫/原始文件/row data for _Sustainable insulating foams_3/SPUF_viscosity_RawData/SPUF15_viscosty.xlsx#Hoja1!A3:B3,ledger-170-elorza-2021-recycled-pu-foam-data;ledger-171-elorza-2021-recycled-pu-foam,,,,,,,,,,,,
viscosity:SPUF_3.0,source_zenodo_5713819_recycled_pu_foam,family_elorza_recycled_pu_foam,SPUF_3.0,component_A_slurry_SPUF_3.0,True,hard_group_fd781ae26d0b0ae3,train,60,unsupported_axis_or_unit,unsupported,within_source_auxiliary,数据/原始/外部数据/新增开放数据/第十六批实验_再生PU泡沫/原始文件/row data for _Sustainable insulating foams_3/SPUF_viscosity_RawData/SPUF30_viscosty.xlsx#Hoja1!A3:B3,ledger-170-elorza-2021-recycled-pu-foam-data;ledger-171-elorza-2021-recycled-pu-foam,,,,,,,,,,,,
viscosity:SPUF_4.5,source_zenodo_5713819_recycled_pu_foam,family_elorza_recycled_pu_foam,SPUF_4.5,component_A_slurry_SPUF_4.5,True,hard_group_fd781ae26d0b0ae3,train,60,unsupported_axis_or_unit,unsupported,within_source_auxiliary,数据/原始/外部数据/新增开放数据/第十六批实验_再生PU泡沫/原始文件/row data for _Sustainable insulating foams_3/SPUF_viscosity_RawData/SPUF45_viscosty.xlsx#Hoja1!A3:B3,ledger-170-elorza-2021-recycled-pu-foam-data;ledger-171-elorza-2021-recycled-pu-foam,,,,,,,,,,,,
viscosity:SPUF_6.0,source_zenodo_5713819_recycled_pu_foam,family_elorza_recycled_pu_foam,SPUF_6.0,component_A_slurry_SPUF_6.0,True,hard_group_fd781ae26d0b0ae3,train,60,unsupported_axis_or_unit,unsupported,within_source_auxiliary,数据/原始/外部数据/新增开放数据/第十六批实验_再生PU泡沫/原始文件/row data for _Sustainable insulating foams_3/SPUF_viscosity_RawData/SPUF60_viscosty.xlsx#Hoja1!A3:B3,ledger-170-elorza-2021-recycled-pu-foam-data;ledger-171-elorza-2021-recycled-pu-foam,,,,,,,,,,,,
