release_id,curve_id,source_id,source_family_id,formulation_id,sample_id,property_name,unit,point_count,point_index_min,point_index_max,value_min,value_max,condition_name,condition_unit,condition_min,condition_max,gold_admission_status,usage_mode,model_ready,leakage_group,development_split,source_holdout_fold,curve_total_loss_weight,source_locator,citation_keys,license
tpu-usable-2026-07-21-v1,compression:RPUF_0:RPUF1_compression_Specimen_1,source_zenodo_5713819_recycled_pu_foam,family_elorza_recycled_pu_foam,RPUF_0,RPUF1_compression_Specimen_1,compressive_stress,MPa,233,1.0,233.0,-0.0007,0.20102,compressive_strain,dimensionless,0.0,0.26944,conditional_reference,auxiliary_train,True,hard_group_fd781ae26d0b0ae3,train,3,0.062499999919,数据/原始/外部数据/新增开放数据/第十六批实验_再生PU泡沫/原始文件/row data for _Sustainable insulating foams_3/RPUF00_compression_RawData/RPUF1_compression_Specimen_1.csv#row=3,ledger-170-elorza-2021-recycled-pu-foam-data;ledger-171-elorza-2021-recycled-pu-foam,CC BY 4.0
tpu-usable-2026-07-21-v1,compression:RPUF_0:RPUF1_compression_Specimen_10,source_zenodo_5713819_recycled_pu_foam,family_elorza_recycled_pu_foam,RPUF_0,RPUF1_compression_Specimen_10,compressive_stress,MPa,225,1.0,225.0,-5e-05,0.2476,compressive_strain,dimensionless,0.0,0.26937,conditional_reference,auxiliary_train,True,hard_group_fd781ae26d0b0ae3,train,3,0.06250000005,数据/原始/外部数据/新增开放数据/第十六批实验_再生PU泡沫/原始文件/row data for _Sustainable insulating foams_3/RPUF00_compression_RawData/RPUF1_compression_Specimen_10.csv#row=3,ledger-170-elorza-2021-recycled-pu-foam-data;ledger-171-elorza-2021-recycled-pu-foam,CC BY 4.0
tpu-usable-2026-07-21-v1,compression:RPUF_0:RPUF1_compression_Specimen_11,source_zenodo_5713819_recycled_pu_foam,family_elorza_recycled_pu_foam,RPUF_0,RPUF1_compression_Specimen_11,compressive_stress,MPa,226,1.0,226.0,2e-05,0.25071,compressive_strain,dimensionless,0.0,0.26979,conditional_reference,auxiliary_train,True,hard_group_fd781ae26d0b0ae3,train,3,0.062500000098,数据/原始/外部数据/新增开放数据/第十六批实验_再生PU泡沫/原始文件/row data for _Sustainable insulating foams_3/RPUF00_compression_RawData/RPUF1_compression_Specimen_11.csv#row=3,ledger-170-elorza-2021-recycled-pu-foam-data;ledger-171-elorza-2021-recycled-pu-foam,CC BY 4.0
tpu-usable-2026-07-21-v1,compression:RPUF_0:RPUF1_compression_Specimen_2,source_zenodo_5713819_recycled_pu_foam,family_elorza_recycled_pu_foam,RPUF_0,RPUF1_compression_Specimen_2,compressive_stress,MPa,238,1.0,238.0,-0.0006,0.20031,compressive_strain,dimensionless,0.0,0.26964,conditional_reference,auxiliary_train,True,hard_group_fd781ae26d0b0ae3,train,3,0.062499999996,数据/原始/外部数据/新增开放数据/第十六批实验_再生PU泡沫/原始文件/row data for _Sustainable insulating foams_3/RPUF00_compression_RawData/RPUF1_compression_Specimen_2.csv#row=3,ledger-170-elorza-2021-recycled-pu-foam-data;ledger-171-elorza-2021-recycled-pu-foam,CC BY 4.0
tpu-usable-2026-07-21-v1,compression:RPUF_0:RPUF1_compression_Specimen_3,source_zenodo_5713819_recycled_pu_foam,family_elorza_recycled_pu_foam,RPUF_0,RPUF1_compression_Specimen_3,compressive_stress,MPa,235,1.0,235.0,-0.00032,0.20667,compressive_strain,dimensionless,0.0,0.26897,conditional_reference,auxiliary_train,True,hard_group_fd781ae26d0b0ae3,train,3,0.062500000045,数据/原始/外部数据/新增开放数据/第十六批实验_再生PU泡沫/原始文件/row data for _Sustainable insulating foams_3/RPUF00_compression_RawData/RPUF1_compression_Specimen_3.csv#row=3,ledger-170-elorza-2021-recycled-pu-foam-data;ledger-171-elorza-2021-recycled-pu-foam,CC BY 4.0
tpu-usable-2026-07-21-v1,compression:RPUF_0:RPUF1_compression_Specimen_4,source_zenodo_5713819_recycled_pu_foam,family_elorza_recycled_pu_foam,RPUF_0,RPUF1_compression_Specimen_4,compressive_stress,MPa,234,1.0,234.0,-0.00027,0.20658,compressive_strain,dimensionless,0.0,0.26966,conditional_reference,auxiliary_train,True,hard_group_fd781ae26d0b0ae3,train,3,0.062499999978,数据/原始/外部数据/新增开放数据/第十六批实验_再生PU泡沫/原始文件/row data for _Sustainable insulating foams_3/RPUF00_compression_RawData/RPUF1_compression_Specimen_4.csv#row=3,ledger-170-elorza-2021-recycled-pu-foam-data;ledger-171-elorza-2021-recycled-pu-foam,CC BY 4.0
tpu-usable-2026-07-21-v1,compression:RPUF_0:RPUF1_compression_Specimen_5,source_zenodo_5713819_recycled_pu_foam,family_elorza_recycled_pu_foam,RPUF_0,RPUF1_compression_Specimen_5,compressive_stress,MPa,235,1.0,235.0,-0.00037,0.20769,compressive_strain,dimensionless,0.0,0.26896,conditional_reference,auxiliary_train,True,hard_group_fd781ae26d0b0ae3,train,3,0.062500000045,数据/原始/外部数据/新增开放数据/第十六批实验_再生PU泡沫/原始文件/row data for _Sustainable insulating foams_3/RPUF00_compression_RawData/RPUF1_compression_Specimen_5.csv#row=3,ledger-170-elorza-2021-recycled-pu-foam-data;ledger-171-elorza-2021-recycled-pu-foam,CC BY 4.0
tpu-usable-2026-07-21-v1,compression:RPUF_0:RPUF1_compression_Specimen_6,source_zenodo_5713819_recycled_pu_foam,family_elorza_recycled_pu_foam,RPUF_0,RPUF1_compression_Specimen_6,compressive_stress,MPa,233,1.0,233.0,-0.00041,0.21138,compressive_strain,dimensionless,0.0,0.26946,conditional_reference,auxiliary_train,True,hard_group_fd781ae26d0b0ae3,train,3,0.062499999919,数据/原始/外部数据/新增开放数据/第十六批实验_再生PU泡沫/原始文件/row data for _Sustainable insulating foams_3/RPUF00_compression_RawData/RPUF1_compression_Specimen_6.csv#row=3,ledger-170-elorza-2021-recycled-pu-foam-data;ledger-171-elorza-2021-recycled-pu-foam,CC BY 4.0
tpu-usable-2026-07-21-v1,compression:RPUF_0:RPUF1_compression_Specimen_7,source_zenodo_5713819_recycled_pu_foam,family_elorza_recycled_pu_foam,RPUF_0,RPUF1_compression_Specimen_7,compressive_stress,MPa,239,1.0,239.0,1e-05,0.24893,compressive_strain,dimensionless,0.0,0.26892,conditional_reference,auxiliary_train,True,hard_group_fd781ae26d0b0ae3,train,3,0.062499999964,数据/原始/外部数据/新增开放数据/第十六批实验_再生PU泡沫/原始文件/row data for _Sustainable insulating foams_3/RPUF00_compression_RawData/RPUF1_compression_Specimen_7.csv#row=3,ledger-170-elorza-2021-recycled-pu-foam-data;ledger-171-elorza-2021-recycled-pu-foam,CC BY 4.0
tpu-usable-2026-07-21-v1,compression:RPUF_0:RPUF1_compression_Specimen_8,source_zenodo_5713819_recycled_pu_foam,family_elorza_recycled_pu_foam,RPUF_0,RPUF1_compression_Specimen_8,compressive_stress,MPa,242,1.0,242.0,2e-05,0.2442,compressive_strain,dimensionless,0.0,0.2694,conditional_reference,auxiliary_train,True,hard_group_fd781ae26d0b0ae3,train,3,0.062500000046,数据/原始/外部数据/新增开放数据/第十六批实验_再生PU泡沫/原始文件/row data for _Sustainable insulating foams_3/RPUF00_compression_RawData/RPUF1_compression_Specimen_8.csv#row=3,ledger-170-elorza-2021-recycled-pu-foam-data;ledger-171-elorza-2021-recycled-pu-foam,CC BY 4.0
tpu-usable-2026-07-21-v1,compression:RPUF_0:RPUF1_compression_Specimen_9,source_zenodo_5713819_recycled_pu_foam,family_elorza_recycled_pu_foam,RPUF_0,RPUF1_compression_Specimen_9,compressive_stress,MPa,242,1.0,242.0,-2e-05,0.24806,compressive_strain,dimensionless,0.0,0.2693,conditional_reference,auxiliary_train,True,hard_group_fd781ae26d0b0ae3,train,3,0.062500000046,数据/原始/外部数据/新增开放数据/第十六批实验_再生PU泡沫/原始文件/row data for _Sustainable insulating foams_3/RPUF00_compression_RawData/RPUF1_compression_Specimen_9.csv#row=3,ledger-170-elorza-2021-recycled-pu-foam-data;ledger-171-elorza-2021-recycled-pu-foam,CC BY 4.0
tpu-usable-2026-07-21-v1,compression:RPUF_1.5:RPUF2_compression_Specimen_1,source_zenodo_5713819_recycled_pu_foam,family_elorza_recycled_pu_foam,RPUF_1.5,RPUF2_compression_Specimen_1,compressive_stress,MPa,234,1.0,234.0,-0.00031,0.20414,compressive_strain,dimensionless,0.0,0.26967,conditional_reference,auxiliary_train,True,hard_group_fd781ae26d0b0ae3,train,3,0.062499999978,数据/原始/外部数据/新增开放数据/第十六批实验_再生PU泡沫/原始文件/row data for _Sustainable insulating foams_3/RPUF15_compression_RawData/RPUF2_compression_Specimen_1.csv#row=3,ledger-170-elorza-2021-recycled-pu-foam-data;ledger-171-elorza-2021-recycled-pu-foam,CC BY 4.0
tpu-usable-2026-07-21-v1,compression:RPUF_1.5:RPUF2_compression_Specimen_2,source_zenodo_5713819_recycled_pu_foam,family_elorza_recycled_pu_foam,RPUF_1.5,RPUF2_compression_Specimen_2,compressive_stress,MPa,235,1.0,235.0,-0.00028,0.19061,compressive_strain,dimensionless,0.0,0.26896,conditional_reference,auxiliary_train,True,hard_group_fd781ae26d0b0ae3,train,3,0.062500000045,数据/原始/外部数据/新增开放数据/第十六批实验_再生PU泡沫/原始文件/row data for _Sustainable insulating foams_3/RPUF15_compression_RawData/RPUF2_compression_Specimen_2.csv#row=3,ledger-170-elorza-2021-recycled-pu-foam-data;ledger-171-elorza-2021-recycled-pu-foam,CC BY 4.0
tpu-usable-2026-07-21-v1,compression:RPUF_1.5:RPUF2_compression_Specimen_3,source_zenodo_5713819_recycled_pu_foam,family_elorza_recycled_pu_foam,RPUF_1.5,RPUF2_compression_Specimen_3,compressive_stress,MPa,237,1.0,237.0,-0.00033,0.17669,compressive_strain,dimensionless,0.0,0.26939,conditional_reference,auxiliary_train,True,hard_group_fd781ae26d0b0ae3,train,3,0.06249999996,数据/原始/外部数据/新增开放数据/第十六批实验_再生PU泡沫/原始文件/row data for _Sustainable insulating foams_3/RPUF15_compression_RawData/RPUF2_compression_Specimen_3.csv#row=3,ledger-170-elorza-2021-recycled-pu-foam-data;ledger-171-elorza-2021-recycled-pu-foam,CC BY 4.0
tpu-usable-2026-07-21-v1,compression:RPUF_1.5:RPUF2_compression_Specimen_4,source_zenodo_5713819_recycled_pu_foam,family_elorza_recycled_pu_foam,RPUF_1.5,RPUF2_compression_Specimen_4,compressive_stress,MPa,236,1.0,236.0,-0.00021,0.18873,compressive_strain,dimensionless,0.0,0.26918,conditional_reference,auxiliary_train,True,hard_group_fd781ae26d0b0ae3,train,3,0.062499999888,数据/原始/外部数据/新增开放数据/第十六批实验_再生PU泡沫/原始文件/row data for _Sustainable insulating foams_3/RPUF15_compression_RawData/RPUF2_compression_Specimen_4.csv#row=3,ledger-170-elorza-2021-recycled-pu-foam-data;ledger-171-elorza-2021-recycled-pu-foam,CC BY 4.0
tpu-usable-2026-07-21-v1,compression:RPUF_1.5:RPUF2_compression_Specimen_5,source_zenodo_5713819_recycled_pu_foam,family_elorza_recycled_pu_foam,RPUF_1.5,RPUF2_compression_Specimen_5,compressive_stress,MPa,226,1.0,226.0,0.00072,0.18327,compressive_strain,dimensionless,0.0,0.26882,conditional_reference,auxiliary_train,True,hard_group_fd781ae26d0b0ae3,train,3,0.062500000098,数据/原始/外部数据/新增开放数据/第十六批实验_再生PU泡沫/原始文件/row data for _Sustainable insulating foams_3/RPUF15_compression_RawData/RPUF2_compression_Specimen_5.csv#row=3,ledger-170-elorza-2021-recycled-pu-foam-data;ledger-171-elorza-2021-recycled-pu-foam,CC BY 4.0
tpu-usable-2026-07-21-v1,compression:RPUF_1.5:RPUF2_compression_Specimen_6,source_zenodo_5713819_recycled_pu_foam,family_elorza_recycled_pu_foam,RPUF_1.5,RPUF2_compression_Specimen_6,compressive_stress,MPa,235,1.0,235.0,-0.00012,0.17961,compressive_strain,dimensionless,0.0,0.26989,conditional_reference,auxiliary_train,True,hard_group_fd781ae26d0b0ae3,train,3,0.062500000045,数据/原始/外部数据/新增开放数据/第十六批实验_再生PU泡沫/原始文件/row data for _Sustainable insulating foams_3/RPUF15_compression_RawData/RPUF2_compression_Specimen_6.csv#row=3,ledger-170-elorza-2021-recycled-pu-foam-data;ledger-171-elorza-2021-recycled-pu-foam,CC BY 4.0
tpu-usable-2026-07-21-v1,compression:RPUF_3.0:RPUF3_compression_Specimen_1,source_zenodo_5713819_recycled_pu_foam,family_elorza_recycled_pu_foam,RPUF_3.0,RPUF3_compression_Specimen_1,compressive_stress,MPa,205,1.0,205.0,-0.00028,0.17581,compressive_strain,dimensionless,0.0,0.26984,conditional_reference,auxiliary_train,True,hard_group_fd781ae26d0b0ae3,train,3,0.062500000045,数据/原始/外部数据/新增开放数据/第十六批实验_再生PU泡沫/原始文件/row data for _Sustainable insulating foams_3/RPUF30_compression_RawData/RPUF3_compression_Specimen_1.csv#row=3,ledger-170-elorza-2021-recycled-pu-foam-data;ledger-171-elorza-2021-recycled-pu-foam,CC BY 4.0
tpu-usable-2026-07-21-v1,compression:RPUF_3.0:RPUF3_compression_Specimen_2,source_zenodo_5713819_recycled_pu_foam,family_elorza_recycled_pu_foam,RPUF_3.0,RPUF3_compression_Specimen_2,compressive_stress,MPa,203,1.0,203.0,-0.00021,0.19142,compressive_strain,dimensionless,0.0,0.26933,conditional_reference,auxiliary_train,True,hard_group_fd781ae26d0b0ae3,train,3,0.062499999919,数据/原始/外部数据/新增开放数据/第十六批实验_再生PU泡沫/原始文件/row data for _Sustainable insulating foams_3/RPUF30_compression_RawData/RPUF3_compression_Specimen_2.csv#row=3,ledger-170-elorza-2021-recycled-pu-foam-data;ledger-171-elorza-2021-recycled-pu-foam,CC BY 4.0
tpu-usable-2026-07-21-v1,compression:RPUF_3.0:RPUF3_compression_Specimen_3,source_zenodo_5713819_recycled_pu_foam,family_elorza_recycled_pu_foam,RPUF_3.0,RPUF3_compression_Specimen_3,compressive_stress,MPa,205,1.0,205.0,-0.00014,0.20074,compressive_strain,dimensionless,0.0,0.26984,conditional_reference,auxiliary_train,True,hard_group_fd781ae26d0b0ae3,train,3,0.062500000045,数据/原始/外部数据/新增开放数据/第十六批实验_再生PU泡沫/原始文件/row data for _Sustainable insulating foams_3/RPUF30_compression_RawData/RPUF3_compression_Specimen_3.csv#row=3,ledger-170-elorza-2021-recycled-pu-foam-data;ledger-171-elorza-2021-recycled-pu-foam,CC BY 4.0
tpu-usable-2026-07-21-v1,compression:RPUF_3.0:RPUF3_compression_Specimen_4,source_zenodo_5713819_recycled_pu_foam,family_elorza_recycled_pu_foam,RPUF_3.0,RPUF3_compression_Specimen_4,compressive_stress,MPa,192,1.0,192.0,-0.00015,0.17636,compressive_strain,dimensionless,0.0,0.26976,conditional_reference,auxiliary_train,True,hard_group_fd781ae26d0b0ae3,train,3,0.062499999936,数据/原始/外部数据/新增开放数据/第十六批实验_再生PU泡沫/原始文件/row data for _Sustainable insulating foams_3/RPUF30_compression_RawData/RPUF3_compression_Specimen_4.csv#row=3,ledger-170-elorza-2021-recycled-pu-foam-data;ledger-171-elorza-2021-recycled-pu-foam,CC BY 4.0
tpu-usable-2026-07-21-v1,compression:RPUF_3.0:RPUF3_compression_Specimen_5,source_zenodo_5713819_recycled_pu_foam,family_elorza_recycled_pu_foam,RPUF_3.0,RPUF3_compression_Specimen_5,compressive_stress,MPa,190,1.0,190.0,-0.00015,0.16379,compressive_strain,dimensionless,0.0,0.26921,conditional_reference,auxiliary_train,True,hard_group_fd781ae26d0b0ae3,train,3,0.06249999992,数据/原始/外部数据/新增开放数据/第十六批实验_再生PU泡沫/原始文件/row data for _Sustainable insulating foams_3/RPUF30_compression_RawData/RPUF3_compression_Specimen_5.csv#row=3,ledger-170-elorza-2021-recycled-pu-foam-data;ledger-171-elorza-2021-recycled-pu-foam,CC BY 4.0
tpu-usable-2026-07-21-v1,compression:RPUF_3.0:RPUF3_compression_Specimen_6,source_zenodo_5713819_recycled_pu_foam,family_elorza_recycled_pu_foam,RPUF_3.0,RPUF3_compression_Specimen_6,compressive_stress,MPa,195,1.0,195.0,-0.00016,0.19251,compressive_strain,dimensionless,0.0,0.26943,conditional_reference,auxiliary_train,True,hard_group_fd781ae26d0b0ae3,train,3,0.062500000095,数据/原始/外部数据/新增开放数据/第十六批实验_再生PU泡沫/原始文件/row data for _Sustainable insulating foams_3/RPUF30_compression_RawData/RPUF3_compression_Specimen_6.csv#row=3,ledger-170-elorza-2021-recycled-pu-foam-data;ledger-171-elorza-2021-recycled-pu-foam,CC BY 4.0
tpu-usable-2026-07-21-v1,compression:RPUF_4.5:RPUF4_compression_Specimen_1,source_zenodo_5713819_recycled_pu_foam,family_elorza_recycled_pu_foam,RPUF_4.5,RPUF4_compression_Specimen_1,compressive_stress,MPa,227,1.0,227.0,-6e-05,0.13693,compressive_strain,dimensionless,0.0,0.26906,conditional_reference,auxiliary_train,True,hard_group_fd781ae26d0b0ae3,train,3,0.062499999892,数据/原始/外部数据/新增开放数据/第十六批实验_再生PU泡沫/原始文件/row data for _Sustainable insulating foams_3/RPUF45_compression_RawData/RPUF4_compression_Specimen_1.csv#row=3,ledger-170-elorza-2021-recycled-pu-foam-data;ledger-171-elorza-2021-recycled-pu-foam,CC BY 4.0
tpu-usable-2026-07-21-v1,compression:RPUF_4.5:RPUF4_compression_Specimen_2,source_zenodo_5713819_recycled_pu_foam,family_elorza_recycled_pu_foam,RPUF_4.5,RPUF4_compression_Specimen_2,compressive_stress,MPa,233,1.0,233.0,-0.00019,0.13478,compressive_strain,dimensionless,0.0,0.26946,conditional_reference,auxiliary_train,True,hard_group_fd781ae26d0b0ae3,train,3,0.062499999919,数据/原始/外部数据/新增开放数据/第十六批实验_再生PU泡沫/原始文件/row data for _Sustainable insulating foams_3/RPUF45_compression_RawData/RPUF4_compression_Specimen_2.csv#row=3,ledger-170-elorza-2021-recycled-pu-foam-data;ledger-171-elorza-2021-recycled-pu-foam,CC BY 4.0
tpu-usable-2026-07-21-v1,compression:RPUF_4.5:RPUF4_compression_Specimen_3,source_zenodo_5713819_recycled_pu_foam,family_elorza_recycled_pu_foam,RPUF_4.5,RPUF4_compression_Specimen_3,compressive_stress,MPa,231,1.0,231.0,-0.00011,0.14212,compressive_strain,dimensionless,0.0,0.26996,conditional_reference,auxiliary_train,True,hard_group_fd781ae26d0b0ae3,train,3,0.062500000101,数据/原始/外部数据/新增开放数据/第十六批实验_再生PU泡沫/原始文件/row data for _Sustainable insulating foams_3/RPUF45_compression_RawData/RPUF4_compression_Specimen_3.csv#row=3,ledger-170-elorza-2021-recycled-pu-foam-data;ledger-171-elorza-2021-recycled-pu-foam,CC BY 4.0
tpu-usable-2026-07-21-v1,compression:RPUF_4.5:RPUF4_compression_Specimen_4,source_zenodo_5713819_recycled_pu_foam,family_elorza_recycled_pu_foam,RPUF_4.5,RPUF4_compression_Specimen_4,compressive_stress,MPa,231,1.0,231.0,-0.00023,0.14107,compressive_strain,dimensionless,0.0,0.26901,conditional_reference,auxiliary_train,True,hard_group_fd781ae26d0b0ae3,train,3,0.062500000101,数据/原始/外部数据/新增开放数据/第十六批实验_再生PU泡沫/原始文件/row data for _Sustainable insulating foams_3/RPUF45_compression_RawData/RPUF4_compression_Specimen_4.csv#row=3,ledger-170-elorza-2021-recycled-pu-foam-data;ledger-171-elorza-2021-recycled-pu-foam,CC BY 4.0
tpu-usable-2026-07-21-v1,compression:RPUF_4.5:RPUF4_compression_Specimen_5,source_zenodo_5713819_recycled_pu_foam,family_elorza_recycled_pu_foam,RPUF_4.5,RPUF4_compression_Specimen_5,compressive_stress,MPa,231,1.0,231.0,-0.00022,0.14106,compressive_strain,dimensionless,0.0,0.269,conditional_reference,auxiliary_train,True,hard_group_fd781ae26d0b0ae3,train,3,0.062500000101,数据/原始/外部数据/新增开放数据/第十六批实验_再生PU泡沫/原始文件/row data for _Sustainable insulating foams_3/RPUF45_compression_RawData/RPUF4_compression_Specimen_5.csv#row=3,ledger-170-elorza-2021-recycled-pu-foam-data;ledger-171-elorza-2021-recycled-pu-foam,CC BY 4.0
tpu-usable-2026-07-21-v1,compression:RPUF_4.5:RPUF4_compression_Specimen_6,source_zenodo_5713819_recycled_pu_foam,family_elorza_recycled_pu_foam,RPUF_4.5,RPUF4_compression_Specimen_6,compressive_stress,MPa,235,1.0,235.0,1e-05,0.1426,compressive_strain,dimensionless,0.0,0.2699,conditional_reference,auxiliary_train,True,hard_group_fd781ae26d0b0ae3,train,3,0.062500000045,数据/原始/外部数据/新增开放数据/第十六批实验_再生PU泡沫/原始文件/row data for _Sustainable insulating foams_3/RPUF45_compression_RawData/RPUF4_compression_Specimen_6.csv#row=3,ledger-170-elorza-2021-recycled-pu-foam-data;ledger-171-elorza-2021-recycled-pu-foam,CC BY 4.0
tpu-usable-2026-07-21-v1,compression:RPUF_6.0:RPUF5_compression_Specimen_1,source_zenodo_5713819_recycled_pu_foam,family_elorza_recycled_pu_foam,RPUF_6.0,RPUF5_compression_Specimen_1,compressive_stress,MPa,201,1.0,201.0,-0.00013,0.15111,compressive_strain,dimensionless,0.0,0.26992,conditional_reference,auxiliary_train,True,hard_group_fd781ae26d0b0ae3,train,3,0.062500000074,数据/原始/外部数据/新增开放数据/第十六批实验_再生PU泡沫/原始文件/row data for _Sustainable insulating foams_3/RPUF60_compression_RawData/RPUF5_compression_Specimen_1.csv#row=3,ledger-170-elorza-2021-recycled-pu-foam-data;ledger-171-elorza-2021-recycled-pu-foam,CC BY 4.0
tpu-usable-2026-07-21-v1,compression:RPUF_6.0:RPUF5_compression_Specimen_2,source_zenodo_5713819_recycled_pu_foam,family_elorza_recycled_pu_foam,RPUF_6.0,RPUF5_compression_Specimen_2,compressive_stress,MPa,214,1.0,214.0,4e-05,0.15385,compressive_strain,dimensionless,0.0,0.26995,conditional_reference,auxiliary_train,True,hard_group_fd781ae26d0b0ae3,train,3,0.06250000005,数据/原始/外部数据/新增开放数据/第十六批实验_再生PU泡沫/原始文件/row data for _Sustainable insulating foams_3/RPUF60_compression_RawData/RPUF5_compression_Specimen_2.csv#row=3,ledger-170-elorza-2021-recycled-pu-foam-data;ledger-171-elorza-2021-recycled-pu-foam,CC BY 4.0
tpu-usable-2026-07-21-v1,compression:RPUF_6.0:RPUF5_compression_Specimen_3,source_zenodo_5713819_recycled_pu_foam,family_elorza_recycled_pu_foam,RPUF_6.0,RPUF5_compression_Specimen_3,compressive_stress,MPa,193,1.0,193.0,-5e-05,0.15084,compressive_strain,dimensionless,0.0,0.26902,conditional_reference,auxiliary_train,True,hard_group_fd781ae26d0b0ae3,train,3,0.062500000021,数据/原始/外部数据/新增开放数据/第十六批实验_再生PU泡沫/原始文件/row data for _Sustainable insulating foams_3/RPUF60_compression_RawData/RPUF5_compression_Specimen_3.csv#row=3,ledger-170-elorza-2021-recycled-pu-foam-data;ledger-171-elorza-2021-recycled-pu-foam,CC BY 4.0
tpu-usable-2026-07-21-v1,compression:RPUF_6.0:RPUF5_compression_Specimen_4,source_zenodo_5713819_recycled_pu_foam,family_elorza_recycled_pu_foam,RPUF_6.0,RPUF5_compression_Specimen_4,compressive_stress,MPa,197,1.0,197.0,1e-05,0.16039,compressive_strain,dimensionless,0.0,0.26941,conditional_reference,auxiliary_train,True,hard_group_fd781ae26d0b0ae3,train,3,0.062499999951,数据/原始/外部数据/新增开放数据/第十六批实验_再生PU泡沫/原始文件/row data for _Sustainable insulating foams_3/RPUF60_compression_RawData/RPUF5_compression_Specimen_4.csv#row=3,ledger-170-elorza-2021-recycled-pu-foam-data;ledger-171-elorza-2021-recycled-pu-foam,CC BY 4.0
tpu-usable-2026-07-21-v1,compression:RPUF_6.0:RPUF5_compression_Specimen_5,source_zenodo_5713819_recycled_pu_foam,family_elorza_recycled_pu_foam,RPUF_6.0,RPUF5_compression_Specimen_5,compressive_stress,MPa,205,1.0,205.0,-0.00017,0.15865,compressive_strain,dimensionless,0.0,0.26909,conditional_reference,auxiliary_train,True,hard_group_fd781ae26d0b0ae3,train,3,0.062500000045,数据/原始/外部数据/新增开放数据/第十六批实验_再生PU泡沫/原始文件/row data for _Sustainable insulating foams_3/RPUF60_compression_RawData/RPUF5_compression_Specimen_5.csv#row=3,ledger-170-elorza-2021-recycled-pu-foam-data;ledger-171-elorza-2021-recycled-pu-foam,CC BY 4.0
tpu-usable-2026-07-21-v1,compression:RPUF_6.0:RPUF5_compression_Specimen_6,source_zenodo_5713819_recycled_pu_foam,family_elorza_recycled_pu_foam,RPUF_6.0,RPUF5_compression_Specimen_6,compressive_stress,MPa,210,1.0,210.0,-9e-05,0.17786,compressive_strain,dimensionless,0.0,0.26919,conditional_reference,auxiliary_train,True,hard_group_fd781ae26d0b0ae3,train,3,0.06250000008,数据/原始/外部数据/新增开放数据/第十六批实验_再生PU泡沫/原始文件/row data for _Sustainable insulating foams_3/RPUF60_compression_RawData/RPUF5_compression_Specimen_6.csv#row=3,ledger-170-elorza-2021-recycled-pu-foam-data;ledger-171-elorza-2021-recycled-pu-foam,CC BY 4.0
tpu-usable-2026-07-21-v1,compression:SPUF_0:SPUF1_compression_Specimen__1,source_zenodo_5713819_recycled_pu_foam,family_elorza_recycled_pu_foam,SPUF_0,SPUF1_compression_Specimen__1,compressive_stress,MPa,218,1.0,218.0,0.0,0.01645,compressive_strain,dimensionless,0.0,0.2697,conditional_reference,auxiliary_train,True,hard_group_fd781ae26d0b0ae3,train,3,0.062500000064,数据/原始/外部数据/新增开放数据/第十六批实验_再生PU泡沫/原始文件/row data for _Sustainable insulating foams_3/SPUF00_compression_RawData/SPUF1_compression_Specimen__1.csv#row=3,ledger-170-elorza-2021-recycled-pu-foam-data;ledger-171-elorza-2021-recycled-pu-foam,CC BY 4.0
tpu-usable-2026-07-21-v1,compression:SPUF_0:SPUF1_compression_Specimen__2,source_zenodo_5713819_recycled_pu_foam,family_elorza_recycled_pu_foam,SPUF_0,SPUF1_compression_Specimen__2,compressive_stress,MPa,216,1.0,216.0,-7e-05,0.01777,compressive_strain,dimensionless,0.0,0.26912,conditional_reference,auxiliary_train,True,hard_group_fd781ae26d0b0ae3,train,3,0.062500000032,数据/原始/外部数据/新增开放数据/第十六批实验_再生PU泡沫/原始文件/row data for _Sustainable insulating foams_3/SPUF00_compression_RawData/SPUF1_compression_Specimen__2.csv#row=3,ledger-170-elorza-2021-recycled-pu-foam-data;ledger-171-elorza-2021-recycled-pu-foam,CC BY 4.0
tpu-usable-2026-07-21-v1,compression:SPUF_0:SPUF1_compression_Specimen__3,source_zenodo_5713819_recycled_pu_foam,family_elorza_recycled_pu_foam,SPUF_0,SPUF1_compression_Specimen__3,compressive_stress,MPa,215,1.0,215.0,-3e-05,0.01876,compressive_strain,dimensionless,0.0,0.26999,conditional_reference,auxiliary_train,True,hard_group_fd781ae26d0b0ae3,train,3,0.06249999991,数据/原始/外部数据/新增开放数据/第十六批实验_再生PU泡沫/原始文件/row data for _Sustainable insulating foams_3/SPUF00_compression_RawData/SPUF1_compression_Specimen__3.csv#row=3,ledger-170-elorza-2021-recycled-pu-foam-data;ledger-171-elorza-2021-recycled-pu-foam,CC BY 4.0
tpu-usable-2026-07-21-v1,compression:SPUF_0:SPUF1_compression_Specimen__4,source_zenodo_5713819_recycled_pu_foam,family_elorza_recycled_pu_foam,SPUF_0,SPUF1_compression_Specimen__4,compressive_stress,MPa,215,1.0,215.0,2e-05,0.01809,compressive_strain,dimensionless,0.0,0.26969,conditional_reference,auxiliary_train,True,hard_group_fd781ae26d0b0ae3,train,3,0.06249999991,数据/原始/外部数据/新增开放数据/第十六批实验_再生PU泡沫/原始文件/row data for _Sustainable insulating foams_3/SPUF00_compression_RawData/SPUF1_compression_Specimen__4.csv#row=3,ledger-170-elorza-2021-recycled-pu-foam-data;ledger-171-elorza-2021-recycled-pu-foam,CC BY 4.0
tpu-usable-2026-07-21-v1,compression:SPUF_0:SPUF1_compression_Specimen__5,source_zenodo_5713819_recycled_pu_foam,family_elorza_recycled_pu_foam,SPUF_0,SPUF1_compression_Specimen__5,compressive_stress,MPa,215,1.0,215.0,-7e-05,0.01867,compressive_strain,dimensionless,0.0,0.26909,conditional_reference,auxiliary_train,True,hard_group_fd781ae26d0b0ae3,train,3,0.06249999991,数据/原始/外部数据/新增开放数据/第十六批实验_再生PU泡沫/原始文件/row data for _Sustainable insulating foams_3/SPUF00_compression_RawData/SPUF1_compression_Specimen__5.csv#row=3,ledger-170-elorza-2021-recycled-pu-foam-data;ledger-171-elorza-2021-recycled-pu-foam,CC BY 4.0
tpu-usable-2026-07-21-v1,compression:SPUF_0:SPUF1_compression_Specimen__6,source_zenodo_5713819_recycled_pu_foam,family_elorza_recycled_pu_foam,SPUF_0,SPUF1_compression_Specimen__6,compressive_stress,MPa,215,1.0,215.0,5e-05,0.02017,compressive_strain,dimensionless,0.0,0.26949,conditional_reference,auxiliary_train,True,hard_group_fd781ae26d0b0ae3,train,3,0.06249999991,数据/原始/外部数据/新增开放数据/第十六批实验_再生PU泡沫/原始文件/row data for _Sustainable insulating foams_3/SPUF00_compression_RawData/SPUF1_compression_Specimen__6.csv#row=3,ledger-170-elorza-2021-recycled-pu-foam-data;ledger-171-elorza-2021-recycled-pu-foam,CC BY 4.0
tpu-usable-2026-07-21-v1,compression:SPUF_1.5:SPUF2_compression_Specimen__1,source_zenodo_5713819_recycled_pu_foam,family_elorza_recycled_pu_foam,SPUF_1.5,SPUF2_compression_Specimen__1,compressive_stress,MPa,221,1.0,221.0,1e-05,0.02339,compressive_strain,dimensionless,0.0,0.2693,conditional_reference,auxiliary_train,True,hard_group_fd781ae26d0b0ae3,train,3,0.06250000003,数据/原始/外部数据/新增开放数据/第十六批实验_再生PU泡沫/原始文件/row data for _Sustainable insulating foams_3/SPUF15_compression_RawData/SPUF2_compression_Specimen__1.csv#row=3,ledger-170-elorza-2021-recycled-pu-foam-data;ledger-171-elorza-2021-recycled-pu-foam,CC BY 4.0
tpu-usable-2026-07-21-v1,compression:SPUF_1.5:SPUF2_compression_Specimen__2,source_zenodo_5713819_recycled_pu_foam,family_elorza_recycled_pu_foam,SPUF_1.5,SPUF2_compression_Specimen__2,compressive_stress,MPa,220,1.0,220.0,0.0,0.02721,compressive_strain,dimensionless,0.0,0.26898,conditional_reference,auxiliary_train,True,hard_group_fd781ae26d0b0ae3,train,3,0.06249999998,数据/原始/外部数据/新增开放数据/第十六批实验_再生PU泡沫/原始文件/row data for _Sustainable insulating foams_3/SPUF15_compression_RawData/SPUF2_compression_Specimen__2.csv#row=3,ledger-170-elorza-2021-recycled-pu-foam-data;ledger-171-elorza-2021-recycled-pu-foam,CC BY 4.0
tpu-usable-2026-07-21-v1,compression:SPUF_1.5:SPUF2_compression_Specimen__3,source_zenodo_5713819_recycled_pu_foam,family_elorza_recycled_pu_foam,SPUF_1.5,SPUF2_compression_Specimen__3,compressive_stress,MPa,219,1.0,219.0,-2e-05,0.02478,compressive_strain,dimensionless,0.0,0.26943,conditional_reference,auxiliary_train,True,hard_group_fd781ae26d0b0ae3,train,3,0.062500000032,数据/原始/外部数据/新增开放数据/第十六批实验_再生PU泡沫/原始文件/row data for _Sustainable insulating foams_3/SPUF15_compression_RawData/SPUF2_compression_Specimen__3.csv#row=3,ledger-170-elorza-2021-recycled-pu-foam-data;ledger-171-elorza-2021-recycled-pu-foam,CC BY 4.0
tpu-usable-2026-07-21-v1,compression:SPUF_1.5:SPUF2_compression_Specimen__4,source_zenodo_5713819_recycled_pu_foam,family_elorza_recycled_pu_foam,SPUF_1.5,SPUF2_compression_Specimen__4,compressive_stress,MPa,221,1.0,221.0,-4e-05,0.02828,compressive_strain,dimensionless,0.0,0.26981,conditional_reference,auxiliary_train,True,hard_group_fd781ae26d0b0ae3,train,3,0.06250000003,数据/原始/外部数据/新增开放数据/第十六批实验_再生PU泡沫/原始文件/row data for _Sustainable insulating foams_3/SPUF15_compression_RawData/SPUF2_compression_Specimen__4.csv#row=3,ledger-170-elorza-2021-recycled-pu-foam-data;ledger-171-elorza-2021-recycled-pu-foam,CC BY 4.0
tpu-usable-2026-07-21-v1,compression:SPUF_1.5:SPUF2_compression_Specimen__5,source_zenodo_5713819_recycled_pu_foam,family_elorza_recycled_pu_foam,SPUF_1.5,SPUF2_compression_Specimen__5,compressive_stress,MPa,219,1.0,219.0,-3e-05,0.02301,compressive_strain,dimensionless,0.0,0.26884,conditional_reference,auxiliary_train,True,hard_group_fd781ae26d0b0ae3,train,3,0.062500000032,数据/原始/外部数据/新增开放数据/第十六批实验_再生PU泡沫/原始文件/row data for _Sustainable insulating foams_3/SPUF15_compression_RawData/SPUF2_compression_Specimen__5.csv#row=3,ledger-170-elorza-2021-recycled-pu-foam-data;ledger-171-elorza-2021-recycled-pu-foam,CC BY 4.0
tpu-usable-2026-07-21-v1,compression:SPUF_1.5:SPUF2_compression_Specimen__6,source_zenodo_5713819_recycled_pu_foam,family_elorza_recycled_pu_foam,SPUF_1.5,SPUF2_compression_Specimen__6,compressive_stress,MPa,220,1.0,220.0,-3e-05,0.02879,compressive_strain,dimensionless,0.0,0.26878,conditional_reference,auxiliary_train,True,hard_group_fd781ae26d0b0ae3,train,3,0.06249999998,数据/原始/外部数据/新增开放数据/第十六批实验_再生PU泡沫/原始文件/row data for _Sustainable insulating foams_3/SPUF15_compression_RawData/SPUF2_compression_Specimen__6.csv#row=3,ledger-170-elorza-2021-recycled-pu-foam-data;ledger-171-elorza-2021-recycled-pu-foam,CC BY 4.0
tpu-usable-2026-07-21-v1,compression:SPUF_3.0:SPUF3_compression_Specimen__1,source_zenodo_5713819_recycled_pu_foam,family_elorza_recycled_pu_foam,SPUF_3.0,SPUF3_compression_Specimen__1,compressive_stress,MPa,238,1.0,238.0,-3e-05,0.02307,compressive_strain,dimensionless,0.0,0.2699,conditional_reference,auxiliary_train,True,hard_group_fd781ae26d0b0ae3,train,3,0.062499999996,数据/原始/外部数据/新增开放数据/第十六批实验_再生PU泡沫/原始文件/row data for _Sustainable insulating foams_3/SPUF30_compression_RawData/SPUF3_compression_Specimen__1.csv#row=3,ledger-170-elorza-2021-recycled-pu-foam-data;ledger-171-elorza-2021-recycled-pu-foam,CC BY 4.0
tpu-usable-2026-07-21-v1,compression:SPUF_3.0:SPUF3_compression_Specimen__2,source_zenodo_5713819_recycled_pu_foam,family_elorza_recycled_pu_foam,SPUF_3.0,SPUF3_compression_Specimen__2,compressive_stress,MPa,235,1.0,235.0,-6e-05,0.01834,compressive_strain,dimensionless,0.0,0.26887,conditional_reference,auxiliary_train,True,hard_group_fd781ae26d0b0ae3,train,3,0.062500000045,数据/原始/外部数据/新增开放数据/第十六批实验_再生PU泡沫/原始文件/row data for _Sustainable insulating foams_3/SPUF30_compression_RawData/SPUF3_compression_Specimen__2.csv#row=3,ledger-170-elorza-2021-recycled-pu-foam-data;ledger-171-elorza-2021-recycled-pu-foam,CC BY 4.0
tpu-usable-2026-07-21-v1,compression:SPUF_3.0:SPUF3_compression_Specimen__3,source_zenodo_5713819_recycled_pu_foam,family_elorza_recycled_pu_foam,SPUF_3.0,SPUF3_compression_Specimen__3,compressive_stress,MPa,231,1.0,231.0,-7e-05,0.02003,compressive_strain,dimensionless,0.0,0.26901,conditional_reference,auxiliary_train,True,hard_group_fd781ae26d0b0ae3,train,3,0.062500000101,数据/原始/外部数据/新增开放数据/第十六批实验_再生PU泡沫/原始文件/row data for _Sustainable insulating foams_3/SPUF30_compression_RawData/SPUF3_compression_Specimen__3.csv#row=3,ledger-170-elorza-2021-recycled-pu-foam-data;ledger-171-elorza-2021-recycled-pu-foam,CC BY 4.0
tpu-usable-2026-07-21-v1,compression:SPUF_3.0:SPUF3_compression_Specimen__4,source_zenodo_5713819_recycled_pu_foam,family_elorza_recycled_pu_foam,SPUF_3.0,SPUF3_compression_Specimen__4,compressive_stress,MPa,235,1.0,235.0,-3e-05,0.02299,compressive_strain,dimensionless,0.0,0.26924,conditional_reference,auxiliary_train,True,hard_group_fd781ae26d0b0ae3,train,3,0.062500000045,数据/原始/外部数据/新增开放数据/第十六批实验_再生PU泡沫/原始文件/row data for _Sustainable insulating foams_3/SPUF30_compression_RawData/SPUF3_compression_Specimen__4.csv#row=3,ledger-170-elorza-2021-recycled-pu-foam-data;ledger-171-elorza-2021-recycled-pu-foam,CC BY 4.0
tpu-usable-2026-07-21-v1,compression:SPUF_3.0:SPUF3_compression_Specimen__5,source_zenodo_5713819_recycled_pu_foam,family_elorza_recycled_pu_foam,SPUF_3.0,SPUF3_compression_Specimen__5,compressive_stress,MPa,228,1.0,228.0,-4e-05,0.02111,compressive_strain,dimensionless,0.0,0.26928,conditional_reference,auxiliary_train,True,hard_group_fd781ae26d0b0ae3,train,3,0.062499999996,数据/原始/外部数据/新增开放数据/第十六批实验_再生PU泡沫/原始文件/row data for _Sustainable insulating foams_3/SPUF30_compression_RawData/SPUF3_compression_Specimen__5.csv#row=3,ledger-170-elorza-2021-recycled-pu-foam-data;ledger-171-elorza-2021-recycled-pu-foam,CC BY 4.0
tpu-usable-2026-07-21-v1,compression:SPUF_3.0:SPUF3_compression_Specimen__6,source_zenodo_5713819_recycled_pu_foam,family_elorza_recycled_pu_foam,SPUF_3.0,SPUF3_compression_Specimen__6,compressive_stress,MPa,230,1.0,230.0,-7e-05,0.02335,compressive_strain,dimensionless,0.0,0.26973,conditional_reference,auxiliary_train,True,hard_group_fd781ae26d0b0ae3,train,3,0.0624999999,数据/原始/外部数据/新增开放数据/第十六批实验_再生PU泡沫/原始文件/row data for _Sustainable insulating foams_3/SPUF30_compression_RawData/SPUF3_compression_Specimen__6.csv#row=3,ledger-170-elorza-2021-recycled-pu-foam-data;ledger-171-elorza-2021-recycled-pu-foam,CC BY 4.0
tpu-usable-2026-07-21-v1,compression:SPUF_4.5:SPUF4_compression_Specimen_1,source_zenodo_5713819_recycled_pu_foam,family_elorza_recycled_pu_foam,SPUF_4.5,SPUF4_compression_Specimen_1,compressive_stress,MPa,227,1.0,227.0,-0.00014,0.02232,compressive_strain,dimensionless,0.0,0.26905,conditional_reference,auxiliary_train,True,hard_group_fd781ae26d0b0ae3,train,3,0.062499999892,数据/原始/外部数据/新增开放数据/第十六批实验_再生PU泡沫/原始文件/row data for _Sustainable insulating foams_3/SPUF45_compression_RawData/SPUF4_compression_Specimen_1.csv#row=3,ledger-170-elorza-2021-recycled-pu-foam-data;ledger-171-elorza-2021-recycled-pu-foam,CC BY 4.0
tpu-usable-2026-07-21-v1,compression:SPUF_4.5:SPUF4_compression_Specimen_2,source_zenodo_5713819_recycled_pu_foam,family_elorza_recycled_pu_foam,SPUF_4.5,SPUF4_compression_Specimen_2,compressive_stress,MPa,226,1.0,226.0,-0.0001,0.02621,compressive_strain,dimensionless,0.0,0.26979,conditional_reference,auxiliary_train,True,hard_group_fd781ae26d0b0ae3,train,3,0.062500000098,数据/原始/外部数据/新增开放数据/第十六批实验_再生PU泡沫/原始文件/row data for _Sustainable insulating foams_3/SPUF45_compression_RawData/SPUF4_compression_Specimen_2.csv#row=3,ledger-170-elorza-2021-recycled-pu-foam-data;ledger-171-elorza-2021-recycled-pu-foam,CC BY 4.0
tpu-usable-2026-07-21-v1,compression:SPUF_4.5:SPUF4_compression_Specimen_3,source_zenodo_5713819_recycled_pu_foam,family_elorza_recycled_pu_foam,SPUF_4.5,SPUF4_compression_Specimen_3,compressive_stress,MPa,230,1.0,230.0,3e-05,0.02472,compressive_strain,dimensionless,0.0,0.26907,conditional_reference,auxiliary_train,True,hard_group_fd781ae26d0b0ae3,train,3,0.0624999999,数据/原始/外部数据/新增开放数据/第十六批实验_再生PU泡沫/原始文件/row data for _Sustainable insulating foams_3/SPUF45_compression_RawData/SPUF4_compression_Specimen_3.csv#row=3,ledger-170-elorza-2021-recycled-pu-foam-data;ledger-171-elorza-2021-recycled-pu-foam,CC BY 4.0
tpu-usable-2026-07-21-v1,compression:SPUF_4.5:SPUF4_compression_Specimen_4,source_zenodo_5713819_recycled_pu_foam,family_elorza_recycled_pu_foam,SPUF_4.5,SPUF4_compression_Specimen_4,compressive_stress,MPa,227,1.0,227.0,-1e-05,0.02316,compressive_strain,dimensionless,0.0,0.26953,conditional_reference,auxiliary_train,True,hard_group_fd781ae26d0b0ae3,train,3,0.062499999892,数据/原始/外部数据/新增开放数据/第十六批实验_再生PU泡沫/原始文件/row data for _Sustainable insulating foams_3/SPUF45_compression_RawData/SPUF4_compression_Specimen_4.csv#row=3,ledger-170-elorza-2021-recycled-pu-foam-data;ledger-171-elorza-2021-recycled-pu-foam,CC BY 4.0
tpu-usable-2026-07-21-v1,compression:SPUF_4.5:SPUF4_compression_Specimen_5,source_zenodo_5713819_recycled_pu_foam,family_elorza_recycled_pu_foam,SPUF_4.5,SPUF4_compression_Specimen_5,compressive_stress,MPa,225,1.0,225.0,-6e-05,0.02499,compressive_strain,dimensionless,0.0,0.26906,conditional_reference,auxiliary_train,True,hard_group_fd781ae26d0b0ae3,train,3,0.06250000005,数据/原始/外部数据/新增开放数据/第十六批实验_再生PU泡沫/原始文件/row data for _Sustainable insulating foams_3/SPUF45_compression_RawData/SPUF4_compression_Specimen_5.csv#row=3,ledger-170-elorza-2021-recycled-pu-foam-data;ledger-171-elorza-2021-recycled-pu-foam,CC BY 4.0
tpu-usable-2026-07-21-v1,compression:SPUF_4.5:SPUF4_compression_Specimen_6,source_zenodo_5713819_recycled_pu_foam,family_elorza_recycled_pu_foam,SPUF_4.5,SPUF4_compression_Specimen_6,compressive_stress,MPa,230,1.0,230.0,-2e-05,0.02566,compressive_strain,dimensionless,0.0,0.26973,conditional_reference,auxiliary_train,True,hard_group_fd781ae26d0b0ae3,train,3,0.0624999999,数据/原始/外部数据/新增开放数据/第十六批实验_再生PU泡沫/原始文件/row data for _Sustainable insulating foams_3/SPUF45_compression_RawData/SPUF4_compression_Specimen_6.csv#row=3,ledger-170-elorza-2021-recycled-pu-foam-data;ledger-171-elorza-2021-recycled-pu-foam,CC BY 4.0
tpu-usable-2026-07-21-v1,compressive_s1,source_mendeley_xs78ch5jb7_v3,family_date_seed_oil_rigid_pu_pir_2025,S1,S1,compressive_stress_signal,source_axis_unit_unresolved,14982,1.0,14982.0,0.002416848,0.40945952,strain_signal,source_axis_unit_unresolved,4.24416e-05,71.55856,conditional_reference,reference_only,False,hard_group_9e3f22b84adf8013,validation,2,0.0,数据/原始/外部数据/新增开放数据/第十三批实验_日期籽油PU-PIR/Supplemental data 6.xlsx#sheet=Compressive stress-strain;cell=B2,ledger-165-taghvaei-nia-2024-date-seed-oil-pu-pir-data;ledger-166-taghvaei-nia-2025-date-seed-oil-pu-pir,CC BY 4.0
tpu-usable-2026-07-21-v1,compressive_s2,source_mendeley_xs78ch5jb7_v3,family_date_seed_oil_rigid_pu_pir_2025,S2,S2,compressive_stress_signal,source_axis_unit_unresolved,12588,1.0,12588.0,0.0032991009523809,0.297838095238095,strain_signal,source_axis_unit_unresolved,4.24416e-05,60.15588,conditional_reference,reference_only,False,hard_group_9e3f22b84adf8013,validation,2,0.0,数据/原始/外部数据/新增开放数据/第十三批实验_日期籽油PU-PIR/Supplemental data 6.xlsx#sheet=Compressive stress-strain;cell=C2,ledger-165-taghvaei-nia-2024-date-seed-oil-pu-pir-data;ledger-166-taghvaei-nia-2025-date-seed-oil-pu-pir,CC BY 4.0
tpu-usable-2026-07-21-v1,compressive_s3,source_mendeley_xs78ch5jb7_v3,family_date_seed_oil_rigid_pu_pir_2025,S3,S3,compressive_stress_signal,source_axis_unit_unresolved,9829,1.0,9829.0,0.0033552294372294,0.184400670995671,strain_signal,source_axis_unit_unresolved,4.24416e-05,46.9528,conditional_reference,reference_only,False,hard_group_9e3f22b84adf8013,validation,2,0.0,数据/原始/外部数据/新增开放数据/第十三批实验_日期籽油PU-PIR/Supplemental data 6.xlsx#sheet=Compressive stress-strain;cell=D2,ledger-165-taghvaei-nia-2024-date-seed-oil-pu-pir-data;ledger-166-taghvaei-nia-2025-date-seed-oil-pu-pir,CC BY 4.0
tpu-usable-2026-07-21-v1,compressive_s4,source_mendeley_xs78ch5jb7_v3,family_date_seed_oil_rigid_pu_pir_2025,S4,S4,compressive_stress_signal,source_axis_unit_unresolved,12656,1.0,12656.0,0.0030883863636363,0.130251508264463,strain_signal,source_axis_unit_unresolved,4.24416e-05,60.49008,conditional_reference,reference_only,False,hard_group_9e3f22b84adf8013,validation,2,0.0,数据/原始/外部数据/新增开放数据/第十三批实验_日期籽油PU-PIR/Supplemental data 6.xlsx#sheet=Compressive stress-strain;cell=E2,ledger-165-taghvaei-nia-2024-date-seed-oil-pu-pir-data;ledger-166-taghvaei-nia-2025-date-seed-oil-pu-pir,CC BY 4.0
tpu-usable-2026-07-21-v1,compressive_s5,source_mendeley_xs78ch5jb7_v3,family_date_seed_oil_rigid_pu_pir_2025,S5,S5,compressive_stress_signal,source_axis_unit_unresolved,12743,1.0,12743.0,0.0021638336,0.110709856,strain_signal,source_axis_unit_unresolved,4.24416e-05,60.90896,conditional_reference,reference_only,False,hard_group_9e3f22b84adf8013,validation,2,0.0,数据/原始/外部数据/新增开放数据/第十三批实验_日期籽油PU-PIR/Supplemental data 6.xlsx#sheet=Compressive stress-strain;cell=F2,ledger-165-taghvaei-nia-2024-date-seed-oil-pu-pir-data;ledger-166-taghvaei-nia-2025-date-seed-oil-pu-pir,CC BY 4.0
tpu-usable-2026-07-21-v1,drum-low-ceiling:TPUU-C:MSM_3_109[1Cycle]:cyclic-tensile,source_drum_zf53w893,family_drum_low_ceiling_tpuu,TPUU-C,MSM_3_109[1Cycle],cyclic_tensile_stress,kPa,28203,1.0,28203.0,-260.6706,1986.173,tensile_strain,%,-0.000579206,50.00058,admitted_reference,primary_train,True,hard_group_0173ebc1392ef85f,train,4,0.650000012382,数据/原始/外部数据/新增开放数据/DRUM_TPUU_低天花板/解包内容/Raw_Mechanical_Testing/TPUU-C_hysteresis.csv#row=4,ledger-055-meyersohn-2024-low-ceiling-tpuu-data;ledger-056-meyersohn-2024-low-ceiling-tpuu,CC0-1.0
tpu-usable-2026-07-21-v1,drum-low-ceiling:TPUU-C:MSM_3_109_4sp:tensile,source_drum_zf53w893,family_drum_low_ceiling_tpuu,TPUU-C,MSM_3_109_4sp,tensile_stress,MPa,206,1.0,203.0,0.01006966,747.4636,tensile_strain,%,0.221231,747.4636,admitted_reference,primary_train,True,hard_group_0173ebc1392ef85f,train,4,3.099999999954,数据/原始/外部数据/新增开放数据/DRUM_TPUU_低天花板/解包内容/Raw_Mechanical_Testing/TPUU-C_tensile.csv#row=4;column_group=1,ledger-055-meyersohn-2024-low-ceiling-tpuu-data;ledger-056-meyersohn-2024-low-ceiling-tpuu,CC0-1.0
tpu-usable-2026-07-21-v1,drum-low-ceiling:TPUU-C:MSM_3_109_5sp:tensile,source_drum_zf53w893,family_drum_low_ceiling_tpuu,TPUU-C,MSM_3_109_5sp,tensile_stress,MPa,227,1.0,224.0,0.0009676079,842.1017,tensile_strain,%,0.2258652,842.1017,admitted_reference,primary_train,True,hard_group_0173ebc1392ef85f,train,4,3.099999999968,数据/原始/外部数据/新增开放数据/DRUM_TPUU_低天花板/解包内容/Raw_Mechanical_Testing/TPUU-C_tensile.csv#row=4;column_group=2,ledger-055-meyersohn-2024-low-ceiling-tpuu-data;ledger-056-meyersohn-2024-low-ceiling-tpuu,CC0-1.0
tpu-usable-2026-07-21-v1,drum-low-ceiling:TPUU-C:MSM_3_109_6sp:tensile,source_drum_zf53w893,family_drum_low_ceiling_tpuu,TPUU-C,MSM_3_109_6sp,tensile_stress,MPa,202,1.0,199.0,-0.008618177,747.2444,tensile_strain,%,0.2258652,747.2444,admitted_reference,primary_train,True,hard_group_0173ebc1392ef85f,train,4,3.100000000016,数据/原始/外部数据/新增开放数据/DRUM_TPUU_低天花板/解包内容/Raw_Mechanical_Testing/TPUU-C_tensile.csv#row=4;column_group=3,ledger-055-meyersohn-2024-low-ceiling-tpuu-data;ledger-056-meyersohn-2024-low-ceiling-tpuu,CC0-1.0
tpu-usable-2026-07-21-v1,drum-low-ceiling:TPUU-C:MSM_3_109_7sp:tensile,source_drum_zf53w893,family_drum_low_ceiling_tpuu,TPUU-C,MSM_3_109_7sp,tensile_stress,MPa,249,1.0,246.0,-0.005726868,924.6794,tensile_strain,%,0.2254545,924.6794,admitted_reference,primary_train,True,hard_group_0173ebc1392ef85f,train,4,3.100000000038,数据/原始/外部数据/新增开放数据/DRUM_TPUU_低天花板/解包内容/Raw_Mechanical_Testing/TPUU-C_tensile.csv#row=4;column_group=4,ledger-055-meyersohn-2024-low-ceiling-tpuu-data;ledger-056-meyersohn-2024-low-ceiling-tpuu,CC0-1.0
tpu-usable-2026-07-21-v1,drum-low-ceiling:TPUU-C:MSM_3_109_9sp:tensile,source_drum_zf53w893,family_drum_low_ceiling_tpuu,TPUU-C,MSM_3_109_9sp,tensile_stress,MPa,242,1.0,239.0,0.005104081,896.4064,tensile_strain,%,0.2254458,896.4064,admitted_reference,primary_train,True,hard_group_0173ebc1392ef85f,train,4,3.100000000084,数据/原始/外部数据/新增开放数据/DRUM_TPUU_低天花板/解包内容/Raw_Mechanical_Testing/TPUU-C_tensile.csv#row=4;column_group=5,ledger-055-meyersohn-2024-low-ceiling-tpuu-data;ledger-056-meyersohn-2024-low-ceiling-tpuu,CC0-1.0
tpu-usable-2026-07-21-v1,drum-low-ceiling:TPUU-D:MSM_3_121_1:tensile,source_drum_zf53w893,family_drum_low_ceiling_tpuu,TPUU-D,MSM_3_121_1,tensile_stress,MPa,197,1.0,194.0,-0.003070693,645.0815,tensile_strain,%,0.2002147,645.0815,admitted_reference,primary_train,True,hard_group_2ee87108dd0ff59b,test,4,3.100000000006,数据/原始/外部数据/新增开放数据/DRUM_TPUU_低天花板/解包内容/Raw_Mechanical_Testing/TPUU-D_tensile.csv#row=4;column_group=1,ledger-055-meyersohn-2024-low-ceiling-tpuu-data;ledger-056-meyersohn-2024-low-ceiling-tpuu,CC0-1.0
tpu-usable-2026-07-21-v1,drum-low-ceiling:TPUU-D:MSM_3_121_3:tensile,source_drum_zf53w893,family_drum_low_ceiling_tpuu,TPUU-D,MSM_3_121_3,tensile_stress,MPa,201,1.0,198.0,-0.001587216,679.6235,tensile_strain,%,0.2070204,679.6235,admitted_reference,primary_train,True,hard_group_2ee87108dd0ff59b,test,4,3.100000000014,数据/原始/外部数据/新增开放数据/DRUM_TPUU_低天花板/解包内容/Raw_Mechanical_Testing/TPUU-D_tensile.csv#row=4;column_group=2,ledger-055-meyersohn-2024-low-ceiling-tpuu-data;ledger-056-meyersohn-2024-low-ceiling-tpuu,CC0-1.0
tpu-usable-2026-07-21-v1,drum-low-ceiling:TPUU-D:MSM_3_121_4:tensile,source_drum_zf53w893,family_drum_low_ceiling_tpuu,TPUU-D,MSM_3_121_4,tensile_stress,MPa,220,1.0,217.0,-0.00882482,766.4705,tensile_strain,%,0.2046684,766.4705,admitted_reference,primary_train,True,hard_group_2ee87108dd0ff59b,test,4,3.099999999947,数据/原始/外部数据/新增开放数据/DRUM_TPUU_低天花板/解包内容/Raw_Mechanical_Testing/TPUU-D_tensile.csv#row=4;column_group=3,ledger-055-meyersohn-2024-low-ceiling-tpuu-data;ledger-056-meyersohn-2024-low-ceiling-tpuu,CC0-1.0
tpu-usable-2026-07-21-v1,drum-low-ceiling:TPUU-D:MSM_3_121_6:tensile,source_drum_zf53w893,family_drum_low_ceiling_tpuu,TPUU-D,MSM_3_121_6,tensile_stress,MPa,242,1.0,239.0,-0.007547606,824.369,tensile_strain,%,0.2027177,824.369,admitted_reference,primary_train,True,hard_group_2ee87108dd0ff59b,test,4,3.100000000084,数据/原始/外部数据/新增开放数据/DRUM_TPUU_低天花板/解包内容/Raw_Mechanical_Testing/TPUU-D_tensile.csv#row=4;column_group=4,ledger-055-meyersohn-2024-low-ceiling-tpuu-data;ledger-056-meyersohn-2024-low-ceiling-tpuu,CC0-1.0
tpu-usable-2026-07-21-v1,drum-low-ceiling:TPUU-D:MSM_3_121_7:tensile,source_drum_zf53w893,family_drum_low_ceiling_tpuu,TPUU-D,MSM_3_121_7,tensile_stress,MPa,236,1.0,233.0,-0.004517837,802.0601,tensile_strain,%,0.209096,802.0601,admitted_reference,primary_train,True,hard_group_2ee87108dd0ff59b,test,4,3.10000000011,数据/原始/外部数据/新增开放数据/DRUM_TPUU_低天花板/解包内容/Raw_Mechanical_Testing/TPUU-D_tensile.csv#row=4;column_group=5,ledger-055-meyersohn-2024-low-ceiling-tpuu-data;ledger-056-meyersohn-2024-low-ceiling-tpuu,CC0-1.0
tpu-usable-2026-07-21-v1,drum-low-ceiling:TPUU-D:MSM_3_121_tpuu_[1Cycle]:cyclic-tensile,source_drum_zf53w893,family_drum_low_ceiling_tpuu,TPUU-D,MSM_3_121_tpuu_[1Cycle],cyclic_tensile_stress,kPa,27803,1.0,27803.0,-113.0252,3474.636,tensile_strain,%,-0.0002934273,50.00029,admitted_reference,primary_train,True,hard_group_2ee87108dd0ff59b,test,4,0.649999997916,数据/原始/外部数据/新增开放数据/DRUM_TPUU_低天花板/解包内容/Raw_Mechanical_Testing/TPUU-D_hysteresis.csv#row=4,ledger-055-meyersohn-2024-low-ceiling-tpuu-data;ledger-056-meyersohn-2024-low-ceiling-tpuu,CC0-1.0
tpu-usable-2026-07-21-v1,drum-low-ceiling:TPUU-R:MSM_3_130_10:tensile,source_drum_zf53w893,family_drum_low_ceiling_tpuu,TPUU-R,MSM_3_130_10,tensile_stress,MPa,195,1.0,192.0,-0.004967054,738.9405,tensile_strain,%,0.231938,738.9405,admitted_reference,primary_train,True,hard_group_2dc09259d194c046,train,4,3.099999999936,数据/原始/外部数据/新增开放数据/DRUM_TPUU_低天花板/解包内容/Raw_Mechanical_Testing/TPUU-R_tensile.csv#row=4;column_group=5,ledger-055-meyersohn-2024-low-ceiling-tpuu-data;ledger-056-meyersohn-2024-low-ceiling-tpuu,CC0-1.0
tpu-usable-2026-07-21-v1,drum-low-ceiling:TPUU-R:MSM_3_130_1[1Cycle]:cyclic-tensile,source_drum_zf53w893,family_drum_low_ceiling_tpuu,TPUU-R,MSM_3_130_1[1Cycle],cyclic_tensile_stress,kPa,25303,1.0,25303.0,-498.072,2859.972,tensile_strain,%,-0.0006447454,50.00064,admitted_reference,primary_train,True,hard_group_2dc09259d194c046,train,4,0.650000012162,数据/原始/外部数据/新增开放数据/DRUM_TPUU_低天花板/解包内容/Raw_Mechanical_Testing/TPUU-R_hysteresis.csv#row=4,ledger-055-meyersohn-2024-low-ceiling-tpuu-data;ledger-056-meyersohn-2024-low-ceiling-tpuu,CC0-1.0
tpu-usable-2026-07-21-v1,drum-low-ceiling:TPUU-R:MSM_3_130_3:tensile,source_drum_zf53w893,family_drum_low_ceiling_tpuu,TPUU-R,MSM_3_130_3,tensile_stress,MPa,177,1.0,174.0,-0.004779844,690.4879,tensile_strain,%,0.2392834,690.4879,admitted_reference,primary_train,True,hard_group_2dc09259d194c046,train,4,3.099999999954,数据/原始/外部数据/新增开放数据/DRUM_TPUU_低天花板/解包内容/Raw_Mechanical_Testing/TPUU-R_tensile.csv#row=4;column_group=1,ledger-055-meyersohn-2024-low-ceiling-tpuu-data;ledger-056-meyersohn-2024-low-ceiling-tpuu,CC0-1.0
tpu-usable-2026-07-21-v1,drum-low-ceiling:TPUU-R:MSM_3_130_4:tensile,source_drum_zf53w893,family_drum_low_ceiling_tpuu,TPUU-R,MSM_3_130_4,tensile_stress,MPa,193,1.0,190.0,0.009518783,745.0861,tensile_strain,%,0.2449495,745.0861,admitted_reference,primary_train,True,hard_group_2dc09259d194c046,train,4,3.10000000009,数据/原始/外部数据/新增开放数据/DRUM_TPUU_低天花板/解包内容/Raw_Mechanical_Testing/TPUU-R_tensile.csv#row=4;column_group=2,ledger-055-meyersohn-2024-low-ceiling-tpuu-data;ledger-056-meyersohn-2024-low-ceiling-tpuu,CC0-1.0
tpu-usable-2026-07-21-v1,drum-low-ceiling:TPUU-R:MSM_3_130_5:tensile,source_drum_zf53w893,family_drum_low_ceiling_tpuu,TPUU-R,MSM_3_130_5,tensile_stress,MPa,173,1.0,170.0,0.0,658.661,tensile_strain,%,0.2429644,658.661,admitted_reference,primary_train,True,hard_group_2dc09259d194c046,train,4,3.1,数据/原始/外部数据/新增开放数据/DRUM_TPUU_低天花板/解包内容/Raw_Mechanical_Testing/TPUU-R_tensile.csv#row=4;column_group=3,ledger-055-meyersohn-2024-low-ceiling-tpuu-data;ledger-056-meyersohn-2024-low-ceiling-tpuu,CC0-1.0
tpu-usable-2026-07-21-v1,drum-low-ceiling:TPUU-R:MSM_3_130_8:tensile,source_drum_zf53w893,family_drum_low_ceiling_tpuu,TPUU-R,MSM_3_130_8,tensile_stress,MPa,200,1.0,197.0,0.0,766.3956,tensile_strain,%,0.2446541,766.3956,admitted_reference,primary_train,True,hard_group_2dc09259d194c046,train,4,3.099999999964,数据/原始/外部数据/新增开放数据/DRUM_TPUU_低天花板/解包内容/Raw_Mechanical_Testing/TPUU-R_tensile.csv#row=4;column_group=4,ledger-055-meyersohn-2024-low-ceiling-tpuu-data;ledger-056-meyersohn-2024-low-ceiling-tpuu,CC0-1.0
tpu-usable-2026-07-21-v1,drum-low-ceiling:TPUU-S:MSM_3_114[1Cycle]:cyclic-tensile,source_drum_zf53w893,family_drum_low_ceiling_tpuu,TPUU-S,MSM_3_114[1Cycle],cyclic_tensile_stress,kPa,24603,1.0,24603.0,-89.79078,596.7606,tensile_strain,%,-0.000665336,50.00034,admitted_reference,primary_train,True,hard_group_8c956d6d89198472,train,4,0.649999991826,数据/原始/外部数据/新增开放数据/DRUM_TPUU_低天花板/解包内容/Raw_Mechanical_Testing/TPUU-S_hysteresis.csv#row=4,ledger-055-meyersohn-2024-low-ceiling-tpuu-data;ledger-056-meyersohn-2024-low-ceiling-tpuu,CC0-1.0
tpu-usable-2026-07-21-v1,drum-low-ceiling:TPUU-S:MSM_3_114_1:tensile,source_drum_zf53w893,family_drum_low_ceiling_tpuu,TPUU-S,MSM_3_114_1,tensile_stress,MPa,232,1.0,229.0,-0.1641287,925.5006,tensile_strain,%,0.2486152,925.5006,admitted_reference,primary_train,True,hard_group_8c956d6d89198472,train,4,3.099999999997,数据/原始/外部数据/新增开放数据/DRUM_TPUU_低天花板/解包内容/Raw_Mechanical_Testing/TPUU-S_tensile.csv#row=4;column_group=1,ledger-055-meyersohn-2024-low-ceiling-tpuu-data;ledger-056-meyersohn-2024-low-ceiling-tpuu,CC0-1.0
tpu-usable-2026-07-21-v1,drum-low-ceiling:TPUU-S:MSM_3_114_2:tensile,source_drum_zf53w893,family_drum_low_ceiling_tpuu,TPUU-S,MSM_3_114_2,tensile_stress,MPa,253,1.0,250.0,-0.07402904,951.6326,tensile_strain,%,0.2305095,951.6326,admitted_reference,primary_train,True,hard_group_8c956d6d89198472,train,4,3.1,数据/原始/外部数据/新增开放数据/DRUM_TPUU_低天花板/解包内容/Raw_Mechanical_Testing/TPUU-S_tensile.csv#row=4;column_group=2,ledger-055-meyersohn-2024-low-ceiling-tpuu-data;ledger-056-meyersohn-2024-low-ceiling-tpuu,CC0-1.0
tpu-usable-2026-07-21-v1,drum-low-ceiling:TPUU-S:MSM_3_114_3:tensile,source_drum_zf53w893,family_drum_low_ceiling_tpuu,TPUU-S,MSM_3_114_3,tensile_stress,MPa,267,1.0,264.0,0.003993611,1022.819,tensile_strain,%,0.2410353,1022.819,admitted_reference,primary_train,True,hard_group_8c956d6d89198472,train,4,3.10000000008,数据/原始/外部数据/新增开放数据/DRUM_TPUU_低天花板/解包内容/Raw_Mechanical_Testing/TPUU-S_tensile.csv#row=4;column_group=3,ledger-055-meyersohn-2024-low-ceiling-tpuu-data;ledger-056-meyersohn-2024-low-ceiling-tpuu,CC0-1.0
tpu-usable-2026-07-21-v1,drum-low-ceiling:TPUU-S:MSM_3_114_4:tensile,source_drum_zf53w893,family_drum_low_ceiling_tpuu,TPUU-S,MSM_3_114_4,tensile_stress,MPa,257,1.0,254.0,0.006082107,967.4961,tensile_strain,%,0.2393241,967.4961,admitted_reference,primary_train,True,hard_group_8c956d6d89198472,train,4,3.100000000022,数据/原始/外部数据/新增开放数据/DRUM_TPUU_低天花板/解包内容/Raw_Mechanical_Testing/TPUU-S_tensile.csv#row=4;column_group=4,ledger-055-meyersohn-2024-low-ceiling-tpuu-data;ledger-056-meyersohn-2024-low-ceiling-tpuu,CC0-1.0
tpu-usable-2026-07-21-v1,drum-low-ceiling:TPUU-S:MSM_3_114_5:tensile,source_drum_zf53w893,family_drum_low_ceiling_tpuu,TPUU-S,MSM_3_114_5,tensile_stress,MPa,260,1.0,257.0,0.0006270049,958.0381,tensile_strain,%,0.2337234,958.0381,admitted_reference,primary_train,True,hard_group_8c956d6d89198472,train,4,3.099999999972,数据/原始/外部数据/新增开放数据/DRUM_TPUU_低天花板/解包内容/Raw_Mechanical_Testing/TPUU-S_tensile.csv#row=4;column_group=5,ledger-055-meyersohn-2024-low-ceiling-tpuu-data;ledger-056-meyersohn-2024-low-ceiling-tpuu,CC0-1.0
tpu-usable-2026-07-21-v1,dsc_dso_polyol_heat_flow,source_mendeley_xs78ch5jb7_v3,family_date_seed_oil_rigid_pu_pir_2025,,dso_polyol,dsc_heat_flow,W/g,4326,1.0,4326.0,-73.0285,4.93896,time,min,0.0,36.04,admitted_reference,primary_train,True,hard_group_9e3f22b84adf8013,validation,2,0.39999999942,数据/原始/外部数据/新增开放数据/第十三批实验_日期籽油PU-PIR/Supplemental data 3.xlsx#sheet=TGA-DTG-DTA- DSC OF DSOpolyol;cell=J16,ledger-165-taghvaei-nia-2024-date-seed-oil-pu-pir-data;ledger-166-taghvaei-nia-2025-date-seed-oil-pu-pir,CC BY 4.0
tpu-usable-2026-07-21-v1,ftir_date_seed_oil,source_mendeley_xs78ch5jb7_v3,family_date_seed_oil_rigid_pu_pir_2025,,date_seed_oil,ftir_source_native_signal,source_native_signal_unit_unresolved,1866,1.0,1866.0,0.8197,0.9999,wavenumber,cm^-1,399.0,3996.0,conditional_reference,reference_only,False,hard_group_9e3f22b84adf8013,validation,2,0.0,数据/原始/外部数据/新增开放数据/第十三批实验_日期籽油PU-PIR/Supplemental data 1.xlsx#sheet=FT-IR data of Date seed oil;cell=B2,ledger-165-taghvaei-nia-2024-date-seed-oil-pu-pir-data;ledger-166-taghvaei-nia-2025-date-seed-oil-pu-pir,CC BY 4.0
tpu-usable-2026-07-21-v1,ftir_dso_polyol_monitor_4h,source_mendeley_xs78ch5jb7_v3,family_date_seed_oil_rigid_pu_pir_2025,,dso_polyol,ftir_source_native_signal,source_native_signal_unit_unresolved,1866,1.0,1866.0,0.7045,1.001,wavenumber,cm^-1,399.0,3996.0,conditional_reference,reference_only,False,hard_group_9e3f22b84adf8013,validation,2,0.0,数据/原始/外部数据/新增开放数据/第十三批实验_日期籽油PU-PIR/Supplemental data 1.xlsx#sheet=FT-IR data of DSO polyol ;cell=B2,ledger-165-taghvaei-nia-2024-date-seed-oil-pu-pir-data;ledger-166-taghvaei-nia-2025-date-seed-oil-pu-pir,CC BY 4.0
tpu-usable-2026-07-21-v1,ftir_dso_reaction_0h,source_mendeley_xs78ch5jb7_v3,family_date_seed_oil_rigid_pu_pir_2025,,dso_reaction_0h,ftir_source_native_signal,source_native_signal_unit_unresolved,1866,1.0,1866.0,0.1326,1.0015,wavenumber,cm^-1,399.0,3996.0,conditional_reference,reference_only,False,hard_group_9e3f22b84adf8013,validation,2,0.0,数据/原始/外部数据/新增开放数据/第十三批实验_日期籽油PU-PIR/Supplemental data 1.xlsx#sheet=Monitoring using FT-IR;cell=B2,ledger-165-taghvaei-nia-2024-date-seed-oil-pu-pir-data;ledger-166-taghvaei-nia-2025-date-seed-oil-pu-pir,CC BY 4.0
tpu-usable-2026-07-21-v1,ftir_dso_reaction_2h,source_mendeley_xs78ch5jb7_v3,family_date_seed_oil_rigid_pu_pir_2025,,dso_reaction_2h,ftir_source_native_signal,source_native_signal_unit_unresolved,1866,1.0,1866.0,0.4644,1.0086,wavenumber,cm^-1,399.0,3996.0,conditional_reference,reference_only,False,hard_group_9e3f22b84adf8013,validation,2,0.0,数据/原始/外部数据/新增开放数据/第十三批实验_日期籽油PU-PIR/Supplemental data 1.xlsx#sheet=Monitoring using FT-IR;cell=C2,ledger-165-taghvaei-nia-2024-date-seed-oil-pu-pir-data;ledger-166-taghvaei-nia-2025-date-seed-oil-pu-pir,CC BY 4.0
tpu-usable-2026-07-21-v1,ftir_dso_reaction_3h,source_mendeley_xs78ch5jb7_v3,family_date_seed_oil_rigid_pu_pir_2025,,dso_reaction_3h,ftir_source_native_signal,source_native_signal_unit_unresolved,1866,1.0,1866.0,0.5684,1.0137,wavenumber,cm^-1,399.0,3996.0,conditional_reference,reference_only,False,hard_group_9e3f22b84adf8013,validation,2,0.0,数据/原始/外部数据/新增开放数据/第十三批实验_日期籽油PU-PIR/Supplemental data 1.xlsx#sheet=Monitoring using FT-IR;cell=D2,ledger-165-taghvaei-nia-2024-date-seed-oil-pu-pir-data;ledger-166-taghvaei-nia-2025-date-seed-oil-pu-pir,CC BY 4.0
tpu-usable-2026-07-21-v1,ftir_foam_s1,source_mendeley_xs78ch5jb7_v3,family_date_seed_oil_rigid_pu_pir_2025,S1,S1,ftir_source_native_signal,source_native_signal_unit_unresolved,1866,1.0,1866.0,0.3293,1.026,wavenumber,cm^-1,399.0,3996.0,conditional_reference,reference_only,False,hard_group_9e3f22b84adf8013,validation,2,0.0,数据/原始/外部数据/新增开放数据/第十三批实验_日期籽油PU-PIR/Supplemental data 4.xlsx#sheet=FT-IR of S1 (0%DSOpolyol);cell=B2,ledger-165-taghvaei-nia-2024-date-seed-oil-pu-pir-data;ledger-166-taghvaei-nia-2025-date-seed-oil-pu-pir,CC BY 4.0
tpu-usable-2026-07-21-v1,ftir_foam_s2,source_mendeley_xs78ch5jb7_v3,family_date_seed_oil_rigid_pu_pir_2025,S2,S2,ftir_source_native_signal,source_native_signal_unit_unresolved,1866,1.0,1866.0,0.4743,1.0058,wavenumber,cm^-1,399.0,3996.0,conditional_reference,reference_only,False,hard_group_9e3f22b84adf8013,validation,2,0.0,数据/原始/外部数据/新增开放数据/第十三批实验_日期籽油PU-PIR/Supplemental data 4.xlsx#sheet=FT-IR OF S2 (30%DSOpolyol);cell=B2,ledger-165-taghvaei-nia-2024-date-seed-oil-pu-pir-data;ledger-166-taghvaei-nia-2025-date-seed-oil-pu-pir,CC BY 4.0
tpu-usable-2026-07-21-v1,ftir_foam_s3,source_mendeley_xs78ch5jb7_v3,family_date_seed_oil_rigid_pu_pir_2025,S3,S3,ftir_source_native_signal,source_native_signal_unit_unresolved,1866,1.0,1866.0,0.2638,1.0177,wavenumber,cm^-1,399.0,3996.0,conditional_reference,reference_only,False,hard_group_9e3f22b84adf8013,validation,2,0.0,数据/原始/外部数据/新增开放数据/第十三批实验_日期籽油PU-PIR/Supplemental data 4.xlsx#sheet=FT-IR OF S3 (50%DSOpolyol);cell=B2,ledger-165-taghvaei-nia-2024-date-seed-oil-pu-pir-data;ledger-166-taghvaei-nia-2025-date-seed-oil-pu-pir,CC BY 4.0
tpu-usable-2026-07-21-v1,ftir_foam_s4,source_mendeley_xs78ch5jb7_v3,family_date_seed_oil_rigid_pu_pir_2025,S4,S4,ftir_source_native_signal,source_native_signal_unit_unresolved,1866,1.0,1866.0,0.4798,1.0378,wavenumber,cm^-1,399.0,3996.0,conditional_reference,reference_only,False,hard_group_9e3f22b84adf8013,validation,2,0.0,数据/原始/外部数据/新增开放数据/第十三批实验_日期籽油PU-PIR/Supplemental data 4.xlsx#sheet=FT-IR OF S4 (70%DSOpolyol);cell=B2,ledger-165-taghvaei-nia-2024-date-seed-oil-pu-pir-data;ledger-166-taghvaei-nia-2025-date-seed-oil-pu-pir,CC BY 4.0
tpu-usable-2026-07-21-v1,ftir_foam_s5,source_mendeley_xs78ch5jb7_v3,family_date_seed_oil_rigid_pu_pir_2025,S5,S5,ftir_source_native_signal,source_native_signal_unit_unresolved,1866,1.0,1866.0,0.2847,1.0155,wavenumber,cm^-1,399.0,3996.0,conditional_reference,reference_only,False,hard_group_9e3f22b84adf8013,validation,2,0.0,数据/原始/外部数据/新增开放数据/第十三批实验_日期籽油PU-PIR/Supplemental data 4.xlsx#sheet=FT-IR OF S5 (100%DSOpolyol);cell=B2,ledger-165-taghvaei-nia-2024-date-seed-oil-pu-pir-data;ledger-166-taghvaei-nia-2025-date-seed-oil-pu-pir,CC BY 4.0
tpu-usable-2026-07-21-v1,mendeley-wg3znh66bv:HDI-10:baseline:rep1:tensile,source_mendeley_wg3znh66bv_v1,family_iir_oh_barrier_pu_2026,HDI-10,HDI-10|baseline|rep1,maximum_observed_tensile_stress,MPa,3,,,11.376,206.412,source_curve_state,,,,admitted_reference,primary_train,True,hard_group_9ad33e49392e9da8,train,1,1.35,数据/原始/外部数据/新增开放数据/第十八批实验_IIR-OH聚氨酯/Low-Permeability and Calcification-resistant Polyu/Dataset 2. Network and mechanical data/tensile raw data/HDI/HDI-10-1.txt,ledger-172-zhang-2026-iir-oh-barrier-pu-data;ledger-173-zhang-2026-iir-oh-barrier-pu-preprint,CC BY 4.0
tpu-usable-2026-07-21-v1,mendeley-wg3znh66bv:HDI-10:baseline:rep2:tensile,source_mendeley_wg3znh66bv_v1,family_iir_oh_barrier_pu_2026,HDI-10,HDI-10|baseline|rep2,maximum_observed_tensile_stress,MPa,3,,,12.651,219.062,source_curve_state,,,,admitted_reference,primary_train,True,hard_group_9ad33e49392e9da8,train,1,1.35,数据/原始/外部数据/新增开放数据/第十八批实验_IIR-OH聚氨酯/Low-Permeability and Calcification-resistant Polyu/Dataset 2. Network and mechanical data/tensile raw data/HDI/HDI-10-2.txt,ledger-172-zhang-2026-iir-oh-barrier-pu-data;ledger-173-zhang-2026-iir-oh-barrier-pu-preprint,CC BY 4.0
tpu-usable-2026-07-21-v1,mendeley-wg3znh66bv:HDI-10:baseline:rep3:tensile,source_mendeley_wg3znh66bv_v1,family_iir_oh_barrier_pu_2026,HDI-10,HDI-10|baseline|rep3,maximum_observed_tensile_stress,MPa,3,,,10.336,185.565,source_curve_state,,,,admitted_reference,primary_train,True,hard_group_9ad33e49392e9da8,train,1,1.35,数据/原始/外部数据/新增开放数据/第十八批实验_IIR-OH聚氨酯/Low-Permeability and Calcification-resistant Polyu/Dataset 2. Network and mechanical data/tensile raw data/HDI/HDI-10-3.txt,ledger-172-zhang-2026-iir-oh-barrier-pu-data;ledger-173-zhang-2026-iir-oh-barrier-pu-preprint,CC BY 4.0
tpu-usable-2026-07-21-v1,mendeley-wg3znh66bv:HDI-2:baseline:rep1:tensile,source_mendeley_wg3znh66bv_v1,family_iir_oh_barrier_pu_2026,HDI-2,HDI-2|baseline|rep1,maximum_observed_tensile_stress,MPa,3,,,1.516,521.779,source_curve_state,,,,admitted_reference,primary_train,True,hard_group_9ad33e49392e9da8,train,1,1.35,数据/原始/外部数据/新增开放数据/第十八批实验_IIR-OH聚氨酯/Low-Permeability and Calcification-resistant Polyu/Dataset 2. Network and mechanical data/tensile raw data/HDI/HDI-2-1.txt,ledger-172-zhang-2026-iir-oh-barrier-pu-data;ledger-173-zhang-2026-iir-oh-barrier-pu-preprint,CC BY 4.0
tpu-usable-2026-07-21-v1,mendeley-wg3znh66bv:HDI-2:baseline:rep2:tensile,source_mendeley_wg3znh66bv_v1,family_iir_oh_barrier_pu_2026,HDI-2,HDI-2|baseline|rep2,maximum_observed_tensile_stress,MPa,3,,,1.455,507.79,source_curve_state,,,,admitted_reference,primary_train,True,hard_group_9ad33e49392e9da8,train,1,1.35,数据/原始/外部数据/新增开放数据/第十八批实验_IIR-OH聚氨酯/Low-Permeability and Calcification-resistant Polyu/Dataset 2. Network and mechanical data/tensile raw data/HDI/HDI-2-2.txt,ledger-172-zhang-2026-iir-oh-barrier-pu-data;ledger-173-zhang-2026-iir-oh-barrier-pu-preprint,CC BY 4.0
tpu-usable-2026-07-21-v1,mendeley-wg3znh66bv:HDI-2:baseline:rep3:tensile,source_mendeley_wg3znh66bv_v1,family_iir_oh_barrier_pu_2026,HDI-2,HDI-2|baseline|rep3,maximum_observed_tensile_stress,MPa,3,,,1.369,489.042,source_curve_state,,,,admitted_reference,primary_train,True,hard_group_9ad33e49392e9da8,train,1,1.35,数据/原始/外部数据/新增开放数据/第十八批实验_IIR-OH聚氨酯/Low-Permeability and Calcification-resistant Polyu/Dataset 2. Network and mechanical data/tensile raw data/HDI/HDI-2-3.txt,ledger-172-zhang-2026-iir-oh-barrier-pu-data;ledger-173-zhang-2026-iir-oh-barrier-pu-preprint,CC BY 4.0
tpu-usable-2026-07-21-v1,mendeley-wg3znh66bv:HDI-4:after:rep1:tensile,source_mendeley_wg3znh66bv_v1,family_iir_oh_barrier_pu_2026,HDI-4,HDI-4|after|rep1,maximum_observed_tensile_stress,MPa,3,,,3.365,209.768,source_curve_state,,,,conditional_reference,auxiliary_train,True,hard_group_9ad33e49392e9da8,train,1,0.3375,数据/原始/外部数据/新增开放数据/第十八批实验_IIR-OH聚氨酯/Low-Permeability and Calcification-resistant Polyu/Dataset 3. Barrier and aging data/hydrolytic aging mechanical retention raw data/HDI-4-After-1.txt,ledger-172-zhang-2026-iir-oh-barrier-pu-data;ledger-173-zhang-2026-iir-oh-barrier-pu-preprint,CC BY 4.0
tpu-usable-2026-07-21-v1,mendeley-wg3znh66bv:HDI-4:after:rep2:tensile,source_mendeley_wg3znh66bv_v1,family_iir_oh_barrier_pu_2026,HDI-4,HDI-4|after|rep2,maximum_observed_tensile_stress,MPa,3,,,3.052,193.138,source_curve_state,,,,conditional_reference,auxiliary_train,True,hard_group_9ad33e49392e9da8,train,1,0.3375,数据/原始/外部数据/新增开放数据/第十八批实验_IIR-OH聚氨酯/Low-Permeability and Calcification-resistant Polyu/Dataset 3. Barrier and aging data/hydrolytic aging mechanical retention raw data/HDI-4-After-2.txt,ledger-172-zhang-2026-iir-oh-barrier-pu-data;ledger-173-zhang-2026-iir-oh-barrier-pu-preprint,CC BY 4.0
tpu-usable-2026-07-21-v1,mendeley-wg3znh66bv:HDI-4:after:rep3:tensile,source_mendeley_wg3znh66bv_v1,family_iir_oh_barrier_pu_2026,HDI-4,HDI-4|after|rep3,maximum_observed_tensile_stress,MPa,3,,,3.199,201.453,source_curve_state,,,,conditional_reference,auxiliary_train,True,hard_group_9ad33e49392e9da8,train,1,0.3375,数据/原始/外部数据/新增开放数据/第十八批实验_IIR-OH聚氨酯/Low-Permeability and Calcification-resistant Polyu/Dataset 3. Barrier and aging data/hydrolytic aging mechanical retention raw data/HDI-4-After-3.txt,ledger-172-zhang-2026-iir-oh-barrier-pu-data;ledger-173-zhang-2026-iir-oh-barrier-pu-preprint,CC BY 4.0
tpu-usable-2026-07-21-v1,mendeley-wg3znh66bv:HDI-4:baseline:rep1:tensile,source_mendeley_wg3znh66bv_v1,family_iir_oh_barrier_pu_2026,HDI-4,HDI-4|baseline|rep1,maximum_observed_tensile_stress,MPa,3,,,5.449,227.952,source_curve_state,,,,admitted_reference,primary_train,True,hard_group_9ad33e49392e9da8,train,1,1.35,数据/原始/外部数据/新增开放数据/第十八批实验_IIR-OH聚氨酯/Low-Permeability and Calcification-resistant Polyu/Dataset 2. Network and mechanical data/tensile raw data/HDI/HDI-4-1.txt,ledger-172-zhang-2026-iir-oh-barrier-pu-data;ledger-173-zhang-2026-iir-oh-barrier-pu-preprint,CC BY 4.0
tpu-usable-2026-07-21-v1,mendeley-wg3znh66bv:HDI-4:baseline:rep2:tensile,source_mendeley_wg3znh66bv_v1,family_iir_oh_barrier_pu_2026,HDI-4,HDI-4|baseline|rep2,maximum_observed_tensile_stress,MPa,3,,,5.318,188.952,source_curve_state,,,,admitted_reference,primary_train,True,hard_group_9ad33e49392e9da8,train,1,1.35,数据/原始/外部数据/新增开放数据/第十八批实验_IIR-OH聚氨酯/Low-Permeability and Calcification-resistant Polyu/Dataset 2. Network and mechanical data/tensile raw data/HDI/HDI-4-2.txt,ledger-172-zhang-2026-iir-oh-barrier-pu-data;ledger-173-zhang-2026-iir-oh-barrier-pu-preprint,CC BY 4.0
tpu-usable-2026-07-21-v1,mendeley-wg3znh66bv:HDI-4:baseline:rep3:tensile,source_mendeley_wg3znh66bv_v1,family_iir_oh_barrier_pu_2026,HDI-4,HDI-4|baseline|rep3,maximum_observed_tensile_stress,MPa,3,,,5.177,206.77,source_curve_state,,,,admitted_reference,primary_train,True,hard_group_9ad33e49392e9da8,train,1,1.35,数据/原始/外部数据/新增开放数据/第十八批实验_IIR-OH聚氨酯/Low-Permeability and Calcification-resistant Polyu/Dataset 2. Network and mechanical data/tensile raw data/HDI/HDI-4-3.txt,ledger-172-zhang-2026-iir-oh-barrier-pu-data;ledger-173-zhang-2026-iir-oh-barrier-pu-preprint,CC BY 4.0
tpu-usable-2026-07-21-v1,mendeley-wg3znh66bv:HDI-6:baseline:rep1:tensile,source_mendeley_wg3znh66bv_v1,family_iir_oh_barrier_pu_2026,HDI-6,HDI-6|baseline|rep1,maximum_observed_tensile_stress,MPa,3,,,6.657,258.344,source_curve_state,,,,admitted_reference,primary_train,True,hard_group_9ad33e49392e9da8,train,1,1.35,数据/原始/外部数据/新增开放数据/第十八批实验_IIR-OH聚氨酯/Low-Permeability and Calcification-resistant Polyu/Dataset 2. Network and mechanical data/tensile raw data/HDI/HDI-6-1.txt,ledger-172-zhang-2026-iir-oh-barrier-pu-data;ledger-173-zhang-2026-iir-oh-barrier-pu-preprint,CC BY 4.0
tpu-usable-2026-07-21-v1,mendeley-wg3znh66bv:HDI-6:baseline:rep2:tensile,source_mendeley_wg3znh66bv_v1,family_iir_oh_barrier_pu_2026,HDI-6,HDI-6|baseline|rep2,maximum_observed_tensile_stress,MPa,3,,,7.061,275.117,source_curve_state,,,,admitted_reference,primary_train,True,hard_group_9ad33e49392e9da8,train,1,1.35,数据/原始/外部数据/新增开放数据/第十八批实验_IIR-OH聚氨酯/Low-Permeability and Calcification-resistant Polyu/Dataset 2. Network and mechanical data/tensile raw data/HDI/HDI-6-2.txt,ledger-172-zhang-2026-iir-oh-barrier-pu-data;ledger-173-zhang-2026-iir-oh-barrier-pu-preprint,CC BY 4.0
tpu-usable-2026-07-21-v1,mendeley-wg3znh66bv:HDI-6:baseline:rep3:tensile,source_mendeley_wg3znh66bv_v1,family_iir_oh_barrier_pu_2026,HDI-6,HDI-6|baseline|rep3,maximum_observed_tensile_stress,MPa,3,,,6.274,248.759,source_curve_state,,,,admitted_reference,primary_train,True,hard_group_9ad33e49392e9da8,train,1,1.35,数据/原始/外部数据/新增开放数据/第十八批实验_IIR-OH聚氨酯/Low-Permeability and Calcification-resistant Polyu/Dataset 2. Network and mechanical data/tensile raw data/HDI/HDI-6-3.txt,ledger-172-zhang-2026-iir-oh-barrier-pu-data;ledger-173-zhang-2026-iir-oh-barrier-pu-preprint,CC BY 4.0
tpu-usable-2026-07-21-v1,mendeley-wg3znh66bv:HDI-8:baseline:rep1:tensile,source_mendeley_wg3znh66bv_v1,family_iir_oh_barrier_pu_2026,HDI-8,HDI-8|baseline|rep1,maximum_observed_tensile_stress,MPa,3,,,9.072,186.988,source_curve_state,,,,admitted_reference,primary_train,True,hard_group_9ad33e49392e9da8,train,1,1.35,数据/原始/外部数据/新增开放数据/第十八批实验_IIR-OH聚氨酯/Low-Permeability and Calcification-resistant Polyu/Dataset 2. Network and mechanical data/tensile raw data/HDI/HDI-8-1.txt,ledger-172-zhang-2026-iir-oh-barrier-pu-data;ledger-173-zhang-2026-iir-oh-barrier-pu-preprint,CC BY 4.0
tpu-usable-2026-07-21-v1,mendeley-wg3znh66bv:HDI-8:baseline:rep2:tensile,source_mendeley_wg3znh66bv_v1,family_iir_oh_barrier_pu_2026,HDI-8,HDI-8|baseline|rep2,maximum_observed_tensile_stress,MPa,3,,,9.036,147.475,source_curve_state,,,,admitted_reference,primary_train,True,hard_group_9ad33e49392e9da8,train,1,1.35,数据/原始/外部数据/新增开放数据/第十八批实验_IIR-OH聚氨酯/Low-Permeability and Calcification-resistant Polyu/Dataset 2. Network and mechanical data/tensile raw data/HDI/HDI-8-2.txt,ledger-172-zhang-2026-iir-oh-barrier-pu-data;ledger-173-zhang-2026-iir-oh-barrier-pu-preprint,CC BY 4.0
tpu-usable-2026-07-21-v1,mendeley-wg3znh66bv:HDI-8:baseline:rep3:tensile,source_mendeley_wg3znh66bv_v1,family_iir_oh_barrier_pu_2026,HDI-8,HDI-8|baseline|rep3,maximum_observed_tensile_stress,MPa,3,,,9.563,185.463,source_curve_state,,,,admitted_reference,primary_train,True,hard_group_9ad33e49392e9da8,train,1,1.35,数据/原始/外部数据/新增开放数据/第十八批实验_IIR-OH聚氨酯/Low-Permeability and Calcification-resistant Polyu/Dataset 2. Network and mechanical data/tensile raw data/HDI/HDI-8-3.txt,ledger-172-zhang-2026-iir-oh-barrier-pu-data;ledger-173-zhang-2026-iir-oh-barrier-pu-preprint,CC BY 4.0
tpu-usable-2026-07-21-v1,mendeley-wg3znh66bv:HMDI-10:baseline:rep1:tensile,source_mendeley_wg3znh66bv_v1,family_iir_oh_barrier_pu_2026,HMDI-10,HMDI-10|baseline|rep1,maximum_observed_tensile_stress,MPa,3,,,14.209,148.464,source_curve_state,,,,admitted_reference,primary_train,True,hard_group_9ad33e49392e9da8,train,1,1.35,数据/原始/外部数据/新增开放数据/第十八批实验_IIR-OH聚氨酯/Low-Permeability and Calcification-resistant Polyu/Dataset 2. Network and mechanical data/tensile raw data/HMDI/HMDI-10-1.txt,ledger-172-zhang-2026-iir-oh-barrier-pu-data;ledger-173-zhang-2026-iir-oh-barrier-pu-preprint,CC BY 4.0
tpu-usable-2026-07-21-v1,mendeley-wg3znh66bv:HMDI-10:baseline:rep2:tensile,source_mendeley_wg3znh66bv_v1,family_iir_oh_barrier_pu_2026,HMDI-10,HMDI-10|baseline|rep2,maximum_observed_tensile_stress,MPa,3,,,12.726547665,116.087,source_curve_state,,,,admitted_reference,primary_train,True,hard_group_9ad33e49392e9da8,train,1,1.35,数据/原始/外部数据/新增开放数据/第十八批实验_IIR-OH聚氨酯/Low-Permeability and Calcification-resistant Polyu/Dataset 2. Network and mechanical data/tensile raw data/HMDI/HMDI-10-2.txt,ledger-172-zhang-2026-iir-oh-barrier-pu-data;ledger-173-zhang-2026-iir-oh-barrier-pu-preprint,CC BY 4.0
tpu-usable-2026-07-21-v1,mendeley-wg3znh66bv:HMDI-10:baseline:rep3:tensile,source_mendeley_wg3znh66bv_v1,family_iir_oh_barrier_pu_2026,HMDI-10,HMDI-10|baseline|rep3,maximum_observed_tensile_stress,MPa,3,,,13.798,132.276,source_curve_state,,,,admitted_reference,primary_train,True,hard_group_9ad33e49392e9da8,train,1,1.35,数据/原始/外部数据/新增开放数据/第十八批实验_IIR-OH聚氨酯/Low-Permeability and Calcification-resistant Polyu/Dataset 2. Network and mechanical data/tensile raw data/HMDI/HMDI-10-3.txt,ledger-172-zhang-2026-iir-oh-barrier-pu-data;ledger-173-zhang-2026-iir-oh-barrier-pu-preprint,CC BY 4.0
tpu-usable-2026-07-21-v1,mendeley-wg3znh66bv:HMDI-2:baseline:rep1:tensile,source_mendeley_wg3znh66bv_v1,family_iir_oh_barrier_pu_2026,HMDI-2,HMDI-2|baseline|rep1,maximum_observed_tensile_stress,MPa,3,,,3.637,537.094,source_curve_state,,,,admitted_reference,primary_train,True,hard_group_9ad33e49392e9da8,train,1,1.35,数据/原始/外部数据/新增开放数据/第十八批实验_IIR-OH聚氨酯/Low-Permeability and Calcification-resistant Polyu/Dataset 2. Network and mechanical data/tensile raw data/HMDI/HMDI-2-1.txt,ledger-172-zhang-2026-iir-oh-barrier-pu-data;ledger-173-zhang-2026-iir-oh-barrier-pu-preprint,CC BY 4.0
tpu-usable-2026-07-21-v1,mendeley-wg3znh66bv:HMDI-2:baseline:rep2:tensile,source_mendeley_wg3znh66bv_v1,family_iir_oh_barrier_pu_2026,HMDI-2,HMDI-2|baseline|rep2,maximum_observed_tensile_stress,MPa,3,,,2.676,318.474,source_curve_state,,,,admitted_reference,primary_train,True,hard_group_9ad33e49392e9da8,train,1,1.35,数据/原始/外部数据/新增开放数据/第十八批实验_IIR-OH聚氨酯/Low-Permeability and Calcification-resistant Polyu/Dataset 2. Network and mechanical data/tensile raw data/HMDI/HMDI-2-2.txt,ledger-172-zhang-2026-iir-oh-barrier-pu-data;ledger-173-zhang-2026-iir-oh-barrier-pu-preprint,CC BY 4.0
tpu-usable-2026-07-21-v1,mendeley-wg3znh66bv:HMDI-2:baseline:rep3:tensile,source_mendeley_wg3znh66bv_v1,family_iir_oh_barrier_pu_2026,HMDI-2,HMDI-2|baseline|rep3,maximum_observed_tensile_stress,MPa,3,,,3.127,427.784,source_curve_state,,,,admitted_reference,primary_train,True,hard_group_9ad33e49392e9da8,train,1,1.35,数据/原始/外部数据/新增开放数据/第十八批实验_IIR-OH聚氨酯/Low-Permeability and Calcification-resistant Polyu/Dataset 2. Network and mechanical data/tensile raw data/HMDI/HMDI-2-3.txt,ledger-172-zhang-2026-iir-oh-barrier-pu-data;ledger-173-zhang-2026-iir-oh-barrier-pu-preprint,CC BY 4.0
tpu-usable-2026-07-21-v1,mendeley-wg3znh66bv:HMDI-4:after:rep1:tensile,source_mendeley_wg3znh66bv_v1,family_iir_oh_barrier_pu_2026,HMDI-4,HMDI-4|after|rep1,maximum_observed_tensile_stress,MPa,3,,,10.683,313.452,source_curve_state,,,,conditional_reference,auxiliary_train,True,hard_group_9ad33e49392e9da8,train,1,0.3375,数据/原始/外部数据/新增开放数据/第十八批实验_IIR-OH聚氨酯/Low-Permeability and Calcification-resistant Polyu/Dataset 3. Barrier and aging data/hydrolytic aging mechanical retention raw data/HMDI-4-After-1.txt,ledger-172-zhang-2026-iir-oh-barrier-pu-data;ledger-173-zhang-2026-iir-oh-barrier-pu-preprint,CC BY 4.0
tpu-usable-2026-07-21-v1,mendeley-wg3znh66bv:HMDI-4:after:rep2:tensile,source_mendeley_wg3znh66bv_v1,family_iir_oh_barrier_pu_2026,HMDI-4,HMDI-4|after|rep2,maximum_observed_tensile_stress,MPa,3,,,9.92,360.09,source_curve_state,,,,conditional_reference,auxiliary_train,True,hard_group_9ad33e49392e9da8,train,1,0.3375,数据/原始/外部数据/新增开放数据/第十八批实验_IIR-OH聚氨酯/Low-Permeability and Calcification-resistant Polyu/Dataset 3. Barrier and aging data/hydrolytic aging mechanical retention raw data/HMDI-4-After-2.txt,ledger-172-zhang-2026-iir-oh-barrier-pu-data;ledger-173-zhang-2026-iir-oh-barrier-pu-preprint,CC BY 4.0
tpu-usable-2026-07-21-v1,mendeley-wg3znh66bv:HMDI-4:after:rep3:tensile,source_mendeley_wg3znh66bv_v1,family_iir_oh_barrier_pu_2026,HMDI-4,HMDI-4|after|rep3,maximum_observed_tensile_stress,MPa,3,,,10.255,333.269,source_curve_state,,,,conditional_reference,auxiliary_train,True,hard_group_9ad33e49392e9da8,train,1,0.3375,数据/原始/外部数据/新增开放数据/第十八批实验_IIR-OH聚氨酯/Low-Permeability and Calcification-resistant Polyu/Dataset 3. Barrier and aging data/hydrolytic aging mechanical retention raw data/HMDI-4-After-3.txt,ledger-172-zhang-2026-iir-oh-barrier-pu-data;ledger-173-zhang-2026-iir-oh-barrier-pu-preprint,CC BY 4.0
tpu-usable-2026-07-21-v1,mendeley-wg3znh66bv:HMDI-4:baseline:rep1:tensile,source_mendeley_wg3znh66bv_v1,family_iir_oh_barrier_pu_2026,HMDI-4,HMDI-4|baseline|rep1,maximum_observed_tensile_stress,MPa,3,,,10.466,322.064,source_curve_state,,,,admitted_reference,primary_train,True,hard_group_9ad33e49392e9da8,train,1,1.35,数据/原始/外部数据/新增开放数据/第十八批实验_IIR-OH聚氨酯/Low-Permeability and Calcification-resistant Polyu/Dataset 2. Network and mechanical data/tensile raw data/HMDI/HMDI-4-1.txt,ledger-172-zhang-2026-iir-oh-barrier-pu-data;ledger-173-zhang-2026-iir-oh-barrier-pu-preprint,CC BY 4.0
tpu-usable-2026-07-21-v1,mendeley-wg3znh66bv:HMDI-4:baseline:rep2:tensile,source_mendeley_wg3znh66bv_v1,family_iir_oh_barrier_pu_2026,HMDI-4,HMDI-4|baseline|rep2,maximum_observed_tensile_stress,MPa,3,,,10.282,296.602,source_curve_state,,,,admitted_reference,primary_train,True,hard_group_9ad33e49392e9da8,train,1,1.35,数据/原始/外部数据/新增开放数据/第十八批实验_IIR-OH聚氨酯/Low-Permeability and Calcification-resistant Polyu/Dataset 2. Network and mechanical data/tensile raw data/HMDI/HMDI-4-2.txt,ledger-172-zhang-2026-iir-oh-barrier-pu-data;ledger-173-zhang-2026-iir-oh-barrier-pu-preprint,CC BY 4.0
tpu-usable-2026-07-21-v1,mendeley-wg3znh66bv:HMDI-4:baseline:rep3:tensile,source_mendeley_wg3znh66bv_v1,family_iir_oh_barrier_pu_2026,HMDI-4,HMDI-4|baseline|rep3,maximum_observed_tensile_stress,MPa,3,,,11.921,382.881,source_curve_state,,,,admitted_reference,primary_train,True,hard_group_9ad33e49392e9da8,train,1,1.35,数据/原始/外部数据/新增开放数据/第十八批实验_IIR-OH聚氨酯/Low-Permeability and Calcification-resistant Polyu/Dataset 2. Network and mechanical data/tensile raw data/HMDI/HMDI-4-3.txt,ledger-172-zhang-2026-iir-oh-barrier-pu-data;ledger-173-zhang-2026-iir-oh-barrier-pu-preprint,CC BY 4.0
tpu-usable-2026-07-21-v1,mendeley-wg3znh66bv:HMDI-4:before:rep1:tensile,source_mendeley_wg3znh66bv_v1,family_iir_oh_barrier_pu_2026,HMDI-4,HMDI-4|before|rep1,maximum_observed_tensile_stress,MPa,3,,,10.407,338.387,source_curve_state,,,,conditional_reference,auxiliary_train,True,hard_group_9ad33e49392e9da8,train,1,0.3375,数据/原始/外部数据/新增开放数据/第十八批实验_IIR-OH聚氨酯/Low-Permeability and Calcification-resistant Polyu/Dataset 3. Barrier and aging data/hydrolytic aging mechanical retention raw data/HMDI-4-Before-1.txt,ledger-172-zhang-2026-iir-oh-barrier-pu-data;ledger-173-zhang-2026-iir-oh-barrier-pu-preprint,CC BY 4.0
tpu-usable-2026-07-21-v1,mendeley-wg3znh66bv:HMDI-4:before:rep2:tensile,source_mendeley_wg3znh66bv_v1,family_iir_oh_barrier_pu_2026,HMDI-4,HMDI-4|before|rep2,maximum_observed_tensile_stress,MPa,3,,,10.552,325.526,source_curve_state,,,,conditional_reference,auxiliary_train,True,hard_group_9ad33e49392e9da8,train,1,0.3375,数据/原始/外部数据/新增开放数据/第十八批实验_IIR-OH聚氨酯/Low-Permeability and Calcification-resistant Polyu/Dataset 3. Barrier and aging data/hydrolytic aging mechanical retention raw data/HMDI-4-Before-2.txt,ledger-172-zhang-2026-iir-oh-barrier-pu-data;ledger-173-zhang-2026-iir-oh-barrier-pu-preprint,CC BY 4.0
tpu-usable-2026-07-21-v1,mendeley-wg3znh66bv:HMDI-4:before:rep3:tensile,source_mendeley_wg3znh66bv_v1,family_iir_oh_barrier_pu_2026,HMDI-4,HMDI-4|before|rep3,maximum_observed_tensile_stress,MPa,3,,,10.88,357.392,source_curve_state,,,,conditional_reference,auxiliary_train,True,hard_group_9ad33e49392e9da8,train,1,0.3375,数据/原始/外部数据/新增开放数据/第十八批实验_IIR-OH聚氨酯/Low-Permeability and Calcification-resistant Polyu/Dataset 3. Barrier and aging data/hydrolytic aging mechanical retention raw data/HMDI-4-Before-3.txt,ledger-172-zhang-2026-iir-oh-barrier-pu-data;ledger-173-zhang-2026-iir-oh-barrier-pu-preprint,CC BY 4.0
tpu-usable-2026-07-21-v1,mendeley-wg3znh66bv:HMDI-6:baseline:rep1:tensile,source_mendeley_wg3znh66bv_v1,family_iir_oh_barrier_pu_2026,HMDI-6,HMDI-6|baseline|rep1,maximum_observed_tensile_stress,MPa,3,,,9.955,186.986,source_curve_state,,,,admitted_reference,primary_train,True,hard_group_9ad33e49392e9da8,train,1,1.35,数据/原始/外部数据/新增开放数据/第十八批实验_IIR-OH聚氨酯/Low-Permeability and Calcification-resistant Polyu/Dataset 2. Network and mechanical data/tensile raw data/HMDI/HMDI-6-1.txt,ledger-172-zhang-2026-iir-oh-barrier-pu-data;ledger-173-zhang-2026-iir-oh-barrier-pu-preprint,CC BY 4.0
tpu-usable-2026-07-21-v1,mendeley-wg3znh66bv:HMDI-6:baseline:rep2:tensile,source_mendeley_wg3znh66bv_v1,family_iir_oh_barrier_pu_2026,HMDI-6,HMDI-6|baseline|rep2,maximum_observed_tensile_stress,MPa,3,,,10.158,194.486,source_curve_state,,,,admitted_reference,primary_train,True,hard_group_9ad33e49392e9da8,train,1,1.35,数据/原始/外部数据/新增开放数据/第十八批实验_IIR-OH聚氨酯/Low-Permeability and Calcification-resistant Polyu/Dataset 2. Network and mechanical data/tensile raw data/HMDI/HMDI-6-2.txt,ledger-172-zhang-2026-iir-oh-barrier-pu-data;ledger-173-zhang-2026-iir-oh-barrier-pu-preprint,CC BY 4.0
tpu-usable-2026-07-21-v1,mendeley-wg3znh66bv:HMDI-6:baseline:rep3:tensile,source_mendeley_wg3znh66bv_v1,family_iir_oh_barrier_pu_2026,HMDI-6,HMDI-6|baseline|rep3,maximum_observed_tensile_stress,MPa,3,,,10.051,190.736,source_curve_state,,,,admitted_reference,primary_train,True,hard_group_9ad33e49392e9da8,train,1,1.35,数据/原始/外部数据/新增开放数据/第十八批实验_IIR-OH聚氨酯/Low-Permeability and Calcification-resistant Polyu/Dataset 2. Network and mechanical data/tensile raw data/HMDI/HMDI-6-3.txt,ledger-172-zhang-2026-iir-oh-barrier-pu-data;ledger-173-zhang-2026-iir-oh-barrier-pu-preprint,CC BY 4.0
tpu-usable-2026-07-21-v1,mendeley-wg3znh66bv:HMDI-8:baseline:rep1:tensile,source_mendeley_wg3znh66bv_v1,family_iir_oh_barrier_pu_2026,HMDI-8,HMDI-8|baseline|rep1,maximum_observed_tensile_stress,MPa,3,,,12.9,228.33,source_curve_state,,,,admitted_reference,primary_train,True,hard_group_9ad33e49392e9da8,train,1,1.35,数据/原始/外部数据/新增开放数据/第十八批实验_IIR-OH聚氨酯/Low-Permeability and Calcification-resistant Polyu/Dataset 2. Network and mechanical data/tensile raw data/HMDI/HMDI-8-1.txt,ledger-172-zhang-2026-iir-oh-barrier-pu-data;ledger-173-zhang-2026-iir-oh-barrier-pu-preprint,CC BY 4.0
tpu-usable-2026-07-21-v1,mendeley-wg3znh66bv:HMDI-8:baseline:rep2:tensile,source_mendeley_wg3znh66bv_v1,family_iir_oh_barrier_pu_2026,HMDI-8,HMDI-8|baseline|rep2,maximum_observed_tensile_stress,MPa,3,,,12.267,203.139,source_curve_state,,,,admitted_reference,primary_train,True,hard_group_9ad33e49392e9da8,train,1,1.35,数据/原始/外部数据/新增开放数据/第十八批实验_IIR-OH聚氨酯/Low-Permeability and Calcification-resistant Polyu/Dataset 2. Network and mechanical data/tensile raw data/HMDI/HMDI-8-2.txt,ledger-172-zhang-2026-iir-oh-barrier-pu-data;ledger-173-zhang-2026-iir-oh-barrier-pu-preprint,CC BY 4.0
tpu-usable-2026-07-21-v1,mendeley-wg3znh66bv:HMDI-8:baseline:rep3:tensile,source_mendeley_wg3znh66bv_v1,family_iir_oh_barrier_pu_2026,HMDI-8,HMDI-8|baseline|rep3,maximum_observed_tensile_stress,MPa,3,,,12.582,215.735,source_curve_state,,,,admitted_reference,primary_train,True,hard_group_9ad33e49392e9da8,train,1,1.35,数据/原始/外部数据/新增开放数据/第十八批实验_IIR-OH聚氨酯/Low-Permeability and Calcification-resistant Polyu/Dataset 2. Network and mechanical data/tensile raw data/HMDI/HMDI-8-3.txt,ledger-172-zhang-2026-iir-oh-barrier-pu-data;ledger-173-zhang-2026-iir-oh-barrier-pu-preprint,CC BY 4.0
tpu-usable-2026-07-21-v1,mendeley-wg3znh66bv:MDI-10:baseline:rep1:tensile,source_mendeley_wg3znh66bv_v1,family_iir_oh_barrier_pu_2026,MDI-10,MDI-10|baseline|rep1,maximum_observed_tensile_stress,MPa,3,,,4.962,250.298,source_curve_state,,,,admitted_reference,primary_train,True,hard_group_9ad33e49392e9da8,train,1,1.35,数据/原始/外部数据/新增开放数据/第十八批实验_IIR-OH聚氨酯/Low-Permeability and Calcification-resistant Polyu/Dataset 2. Network and mechanical data/tensile raw data/MDI/MDI-10-1.txt,ledger-172-zhang-2026-iir-oh-barrier-pu-data;ledger-173-zhang-2026-iir-oh-barrier-pu-preprint,CC BY 4.0
tpu-usable-2026-07-21-v1,mendeley-wg3znh66bv:MDI-10:baseline:rep2:tensile,source_mendeley_wg3znh66bv_v1,family_iir_oh_barrier_pu_2026,MDI-10,MDI-10|baseline|rep2,maximum_observed_tensile_stress,MPa,3,,,4.789,212.164,source_curve_state,,,,admitted_reference,primary_train,True,hard_group_9ad33e49392e9da8,train,1,1.35,数据/原始/外部数据/新增开放数据/第十八批实验_IIR-OH聚氨酯/Low-Permeability and Calcification-resistant Polyu/Dataset 2. Network and mechanical data/tensile raw data/MDI/MDI-10-2.txt,ledger-172-zhang-2026-iir-oh-barrier-pu-data;ledger-173-zhang-2026-iir-oh-barrier-pu-preprint,CC BY 4.0
tpu-usable-2026-07-21-v1,mendeley-wg3znh66bv:MDI-10:baseline:rep3:tensile,source_mendeley_wg3znh66bv_v1,family_iir_oh_barrier_pu_2026,MDI-10,MDI-10|baseline|rep3,maximum_observed_tensile_stress,MPa,3,,,4.698,212.144,source_curve_state,,,,admitted_reference,primary_train,True,hard_group_9ad33e49392e9da8,train,1,1.35,数据/原始/外部数据/新增开放数据/第十八批实验_IIR-OH聚氨酯/Low-Permeability and Calcification-resistant Polyu/Dataset 2. Network and mechanical data/tensile raw data/MDI/MDI-10-3.txt,ledger-172-zhang-2026-iir-oh-barrier-pu-data;ledger-173-zhang-2026-iir-oh-barrier-pu-preprint,CC BY 4.0
tpu-usable-2026-07-21-v1,mendeley-wg3znh66bv:MDI-2:baseline:rep1:tensile,source_mendeley_wg3znh66bv_v1,family_iir_oh_barrier_pu_2026,MDI-2,MDI-2|baseline|rep1,maximum_observed_tensile_stress,MPa,3,,,1.766,974.079,source_curve_state,,,,admitted_reference,primary_train,True,hard_group_9ad33e49392e9da8,train,1,1.35,数据/原始/外部数据/新增开放数据/第十八批实验_IIR-OH聚氨酯/Low-Permeability and Calcification-resistant Polyu/Dataset 2. Network and mechanical data/tensile raw data/MDI/MDI-2-1.txt,ledger-172-zhang-2026-iir-oh-barrier-pu-data;ledger-173-zhang-2026-iir-oh-barrier-pu-preprint,CC BY 4.0
tpu-usable-2026-07-21-v1,mendeley-wg3znh66bv:MDI-2:baseline:rep2:tensile,source_mendeley_wg3znh66bv_v1,family_iir_oh_barrier_pu_2026,MDI-2,MDI-2|baseline|rep2,maximum_observed_tensile_stress,MPa,3,,,1.76,918.745,source_curve_state,,,,admitted_reference,primary_train,True,hard_group_9ad33e49392e9da8,train,1,1.35,数据/原始/外部数据/新增开放数据/第十八批实验_IIR-OH聚氨酯/Low-Permeability and Calcification-resistant Polyu/Dataset 2. Network and mechanical data/tensile raw data/MDI/MDI-2-2.txt,ledger-172-zhang-2026-iir-oh-barrier-pu-data;ledger-173-zhang-2026-iir-oh-barrier-pu-preprint,CC BY 4.0
tpu-usable-2026-07-21-v1,mendeley-wg3znh66bv:MDI-2:baseline:rep3:tensile,source_mendeley_wg3znh66bv_v1,family_iir_oh_barrier_pu_2026,MDI-2,MDI-2|baseline|rep3,maximum_observed_tensile_stress,MPa,3,,,1.763,946.412,source_curve_state,,,,admitted_reference,primary_train,True,hard_group_9ad33e49392e9da8,train,1,1.35,数据/原始/外部数据/新增开放数据/第十八批实验_IIR-OH聚氨酯/Low-Permeability and Calcification-resistant Polyu/Dataset 2. Network and mechanical data/tensile raw data/MDI/MDI-2-3.txt,ledger-172-zhang-2026-iir-oh-barrier-pu-data;ledger-173-zhang-2026-iir-oh-barrier-pu-preprint,CC BY 4.0
tpu-usable-2026-07-21-v1,mendeley-wg3znh66bv:MDI-4:baseline:rep1:tensile,source_mendeley_wg3znh66bv_v1,family_iir_oh_barrier_pu_2026,MDI-4,MDI-4|baseline|rep1,maximum_observed_tensile_stress,MPa,3,,,4.973,721.674,source_curve_state,,,,admitted_reference,primary_train,True,hard_group_9ad33e49392e9da8,train,1,1.35,数据/原始/外部数据/新增开放数据/第十八批实验_IIR-OH聚氨酯/Low-Permeability and Calcification-resistant Polyu/Dataset 2. Network and mechanical data/tensile raw data/MDI/MDI-4-1.txt,ledger-172-zhang-2026-iir-oh-barrier-pu-data;ledger-173-zhang-2026-iir-oh-barrier-pu-preprint,CC BY 4.0
tpu-usable-2026-07-21-v1,mendeley-wg3znh66bv:MDI-4:baseline:rep2:tensile,source_mendeley_wg3znh66bv_v1,family_iir_oh_barrier_pu_2026,MDI-4,MDI-4|baseline|rep2,maximum_observed_tensile_stress,MPa,3,,,8.292,805.215,source_curve_state,,,,admitted_reference,primary_train,True,hard_group_9ad33e49392e9da8,train,1,1.35,数据/原始/外部数据/新增开放数据/第十八批实验_IIR-OH聚氨酯/Low-Permeability and Calcification-resistant Polyu/Dataset 2. Network and mechanical data/tensile raw data/MDI/MDI-4-2.txt,ledger-172-zhang-2026-iir-oh-barrier-pu-data;ledger-173-zhang-2026-iir-oh-barrier-pu-preprint,CC BY 4.0
tpu-usable-2026-07-21-v1,mendeley-wg3znh66bv:MDI-4:baseline:rep3:tensile,source_mendeley_wg3znh66bv_v1,family_iir_oh_barrier_pu_2026,MDI-4,MDI-4|baseline|rep3,maximum_observed_tensile_stress,MPa,3,,,6.534,763.445,source_curve_state,,,,admitted_reference,primary_train,True,hard_group_9ad33e49392e9da8,train,1,1.35,数据/原始/外部数据/新增开放数据/第十八批实验_IIR-OH聚氨酯/Low-Permeability and Calcification-resistant Polyu/Dataset 2. Network and mechanical data/tensile raw data/MDI/MDI-4-3.txt,ledger-172-zhang-2026-iir-oh-barrier-pu-data;ledger-173-zhang-2026-iir-oh-barrier-pu-preprint,CC BY 4.0
tpu-usable-2026-07-21-v1,mendeley-wg3znh66bv:MDI-6:baseline:rep1:tensile,source_mendeley_wg3znh66bv_v1,family_iir_oh_barrier_pu_2026,MDI-6,MDI-6|baseline|rep1,maximum_observed_tensile_stress,MPa,3,,,5.215,377.935,source_curve_state,,,,admitted_reference,primary_train,True,hard_group_9ad33e49392e9da8,train,1,1.35,数据/原始/外部数据/新增开放数据/第十八批实验_IIR-OH聚氨酯/Low-Permeability and Calcification-resistant Polyu/Dataset 2. Network and mechanical data/tensile raw data/MDI/MDI-6-1.txt,ledger-172-zhang-2026-iir-oh-barrier-pu-data;ledger-173-zhang-2026-iir-oh-barrier-pu-preprint,CC BY 4.0
tpu-usable-2026-07-21-v1,mendeley-wg3znh66bv:MDI-6:baseline:rep2:tensile,source_mendeley_wg3znh66bv_v1,family_iir_oh_barrier_pu_2026,MDI-6,MDI-6|baseline|rep2,maximum_observed_tensile_stress,MPa,3,,,5.058,362.488,source_curve_state,,,,admitted_reference,primary_train,True,hard_group_9ad33e49392e9da8,train,1,1.35,数据/原始/外部数据/新增开放数据/第十八批实验_IIR-OH聚氨酯/Low-Permeability and Calcification-resistant Polyu/Dataset 2. Network and mechanical data/tensile raw data/MDI/MDI-6-2.txt,ledger-172-zhang-2026-iir-oh-barrier-pu-data;ledger-173-zhang-2026-iir-oh-barrier-pu-preprint,CC BY 4.0
tpu-usable-2026-07-21-v1,mendeley-wg3znh66bv:MDI-6:baseline:rep3:tensile,source_mendeley_wg3znh66bv_v1,family_iir_oh_barrier_pu_2026,MDI-6,MDI-6|baseline|rep3,maximum_observed_tensile_stress,MPa,3,,,5.136,370.212,source_curve_state,,,,admitted_reference,primary_train,True,hard_group_9ad33e49392e9da8,train,1,1.35,数据/原始/外部数据/新增开放数据/第十八批实验_IIR-OH聚氨酯/Low-Permeability and Calcification-resistant Polyu/Dataset 2. Network and mechanical data/tensile raw data/MDI/MDI-6-3.txt,ledger-172-zhang-2026-iir-oh-barrier-pu-data;ledger-173-zhang-2026-iir-oh-barrier-pu-preprint,CC BY 4.0
tpu-usable-2026-07-21-v1,mendeley-wg3znh66bv:MDI-8:baseline:rep1:tensile,source_mendeley_wg3znh66bv_v1,family_iir_oh_barrier_pu_2026,MDI-8,MDI-8|baseline|rep1,maximum_observed_tensile_stress,MPa,3,,,5.566,338.77,source_curve_state,,,,admitted_reference,primary_train,True,hard_group_9ad33e49392e9da8,train,1,1.35,数据/原始/外部数据/新增开放数据/第十八批实验_IIR-OH聚氨酯/Low-Permeability and Calcification-resistant Polyu/Dataset 2. Network and mechanical data/tensile raw data/MDI/MDI-8-1.txt,ledger-172-zhang-2026-iir-oh-barrier-pu-data;ledger-173-zhang-2026-iir-oh-barrier-pu-preprint,CC BY 4.0
tpu-usable-2026-07-21-v1,mendeley-wg3znh66bv:MDI-8:baseline:rep2:tensile,source_mendeley_wg3znh66bv_v1,family_iir_oh_barrier_pu_2026,MDI-8,MDI-8|baseline|rep2,maximum_observed_tensile_stress,MPa,3,,,5.46,295.596,source_curve_state,,,,admitted_reference,primary_train,True,hard_group_9ad33e49392e9da8,train,1,1.35,数据/原始/外部数据/新增开放数据/第十八批实验_IIR-OH聚氨酯/Low-Permeability and Calcification-resistant Polyu/Dataset 2. Network and mechanical data/tensile raw data/MDI/MDI-8-2.txt,ledger-172-zhang-2026-iir-oh-barrier-pu-data;ledger-173-zhang-2026-iir-oh-barrier-pu-preprint,CC BY 4.0
tpu-usable-2026-07-21-v1,mendeley-wg3znh66bv:MDI-8:baseline:rep3:tensile,source_mendeley_wg3znh66bv_v1,family_iir_oh_barrier_pu_2026,MDI-8,MDI-8|baseline|rep3,maximum_observed_tensile_stress,MPa,3,,,5.512,317.183,source_curve_state,,,,admitted_reference,primary_train,True,hard_group_9ad33e49392e9da8,train,1,1.35,数据/原始/外部数据/新增开放数据/第十八批实验_IIR-OH聚氨酯/Low-Permeability and Calcification-resistant Polyu/Dataset 2. Network and mechanical data/tensile raw data/MDI/MDI-8-3.txt,ledger-172-zhang-2026-iir-oh-barrier-pu-data;ledger-173-zhang-2026-iir-oh-barrier-pu-preprint,CC BY 4.0
tpu-usable-2026-07-21-v1,nmr_13C_date_seed_oil,source_mendeley_xs78ch5jb7_v3,family_date_seed_oil_rigid_pu_pir_2025,,date_seed_oil,nmr_peak_chemical_shift,ppm,34,1.0,34.0,14.1027,173.198,peak_ordinal,index,1.0,34.0,admitted_reference,primary_train,True,hard_group_9e3f22b84adf8013,validation,2,0.26249999999,数据/原始/外部数据/新增开放数据/第十三批实验_日期籽油PU-PIR/Supplemental data 2.rar::Supplemental data 2/Supplemental data 2.xlsx#sheet=CNMR OF Date seed oil;row=6,ledger-165-taghvaei-nia-2024-date-seed-oil-pu-pir-data;ledger-166-taghvaei-nia-2025-date-seed-oil-pu-pir,CC BY 4.0
tpu-usable-2026-07-21-v1,nmr_13C_dso_polyol,source_mendeley_xs78ch5jb7_v3,family_date_seed_oil_rigid_pu_pir_2025,,dso_polyol,nmr_peak_chemical_shift,ppm,31,1.0,31.0,14.1357,175.8437,peak_ordinal,index,1.0,31.0,admitted_reference,primary_train,True,hard_group_9e3f22b84adf8013,validation,2,0.262499999985,数据/原始/外部数据/新增开放数据/第十三批实验_日期籽油PU-PIR/Supplemental data 2.rar::Supplemental data 2/Supplemental data 2.xlsx#sheet=CNMR OF DSOpolyol;row=5,ledger-165-taghvaei-nia-2024-date-seed-oil-pu-pir-data;ledger-166-taghvaei-nia-2025-date-seed-oil-pu-pir,CC BY 4.0
tpu-usable-2026-07-21-v1,nmr_1H_date_seed_oil,source_mendeley_xs78ch5jb7_v3,family_date_seed_oil_rigid_pu_pir_2025,,date_seed_oil,nmr_peak_chemical_shift,ppm,25,1.0,25.0,0.8448,7.2599,peak_ordinal,index,1.0,25.0,admitted_reference,primary_train,True,hard_group_9e3f22b84adf8013,validation,2,0.2625,数据/原始/外部数据/新增开放数据/第十三批实验_日期籽油PU-PIR/Supplemental data 2.rar::Supplemental data 2/Supplemental data 2.xlsx#sheet=HNMR OF Date seed oil;row=5,ledger-165-taghvaei-nia-2024-date-seed-oil-pu-pir-data;ledger-166-taghvaei-nia-2025-date-seed-oil-pu-pir,CC BY 4.0
tpu-usable-2026-07-21-v1,nmr_1H_dso_polyol,source_mendeley_xs78ch5jb7_v3,family_date_seed_oil_rigid_pu_pir_2025,,dso_polyol,nmr_peak_chemical_shift,ppm,19,1.0,19.0,0.8436,7.2608,peak_ordinal,index,1.0,19.0,admitted_reference,primary_train,True,hard_group_9e3f22b84adf8013,validation,2,0.262500000006,数据/原始/外部数据/新增开放数据/第十三批实验_日期籽油PU-PIR/Supplemental data 2.rar::Supplemental data 2/Supplemental data 2.xlsx#sheet=HNMR OF DSOpolyol;row=5,ledger-165-taghvaei-nia-2024-date-seed-oil-pu-pir-data;ledger-166-taghvaei-nia-2025-date-seed-oil-pu-pir,CC BY 4.0
tpu-usable-2026-07-21-v1,pu_seat|system=hard_puf|curve=ifd,source_mendeley_pu_seat_raw_v2,family_moon_2020_pu_multilayer_seat,pu_seat_hard_puf,Hard,indentation_force,kgf,653,0.0,652.0,0.0,113.135593220339,indentation_displacement,mm,0.0,30.2718735833172,conditional_reference,auxiliary_train,True,hard_group_8239b07fe0893b6d,train,3,0.087499999861,数据/原始/外部数据/新增开放数据/第十四批实验_PU汽车座椅/hard only20180909003.dat|x_line=20|y_line=673|point_index=0,ledger-167-oh-2019-pu-seat-raw-data;ledger-169-moon-2020-pu-seat-comfort,CC BY 4.0
tpu-usable-2026-07-21-v1,pu_seat|system=hard_puf|curve=stress_relaxation,source_mendeley_pu_seat_raw_v2,family_moon_2020_pu_multilayer_seat,pu_seat_hard_puf,Hard,load_cell_signal_voltage,V,7468,0.0,7467.0,0.0073368027693356,1.71314344663988,elapsed_time,s,0.1,7225.9,conditional_reference,auxiliary_train,True,hard_group_8239b07fe0893b6d,train,3,0.062499998188,数据/原始/外部数据/新增开放数据/第十四批实验_PU汽车座椅/Hard55kgf20181112002.dat|x_line=20|y_line=7488|point_index=0,ledger-167-oh-2019-pu-seat-raw-data;ledger-169-moon-2020-pu-seat-comfort,CC BY 4.0
tpu-usable-2026-07-21-v1,pu_seat|system=memory_foam|curve=ifd,source_mendeley_pu_seat_raw_v2,family_moon_2020_pu_multilayer_seat,pu_seat_memory_foam,Memory foam,indentation_force,kgf,654,0.0,653.0,-0.254237288135593,156.737288135593,indentation_displacement,mm,0.0,30.2718735833172,conditional_reference,auxiliary_train,True,hard_group_03db47825626d862,train,3,0.087500000046,数据/原始/外部数据/新增开放数据/第十四批实验_PU汽车座椅/memory foam20180913003.dat|x_line=20|y_line=674|point_index=0,ledger-167-oh-2019-pu-seat-raw-data;ledger-169-moon-2020-pu-seat-comfort,CC BY 4.0
tpu-usable-2026-07-21-v1,pu_seat|system=memory_foam|curve=stress_relaxation,source_mendeley_pu_seat_raw_v2,family_moon_2020_pu_multilayer_seat,pu_seat_memory_foam,Memory foam,load_cell_signal_voltage,V,7469,0.0,7468.0,0.0085596032308916,1.73393105448633,elapsed_time,s,0.1,7226.0,conditional_reference,auxiliary_train,True,hard_group_03db47825626d862,train,3,0.062500001949,数据/原始/外部数据/新增开放数据/第十四批实验_PU汽车座椅/Memory55kgf20181112001.dat|x_line=20|y_line=7489|point_index=0,ledger-167-oh-2019-pu-seat-raw-data;ledger-169-moon-2020-pu-seat-comfort,CC BY 4.0
tpu-usable-2026-07-21-v1,pu_seat|system=mid_puf|curve=ifd,source_mendeley_pu_seat_raw_v2,family_moon_2020_pu_multilayer_seat,pu_seat_mid_puf,Mid,indentation_force,kgf,649,0.0,648.0,-0.0423728813559322,86.3983050847458,indentation_displacement,mm,0.0,30.2701897545496,conditional_reference,auxiliary_train,True,hard_group_33426abe2194f2d5,test,3,0.087499999796,数据/原始/外部数据/新增开放数据/第十四批实验_PU汽车座椅/mid only20180909006.dat|x_line=20|y_line=669|point_index=0,ledger-167-oh-2019-pu-seat-raw-data;ledger-169-moon-2020-pu-seat-comfort,CC BY 4.0
tpu-usable-2026-07-21-v1,pu_seat|system=mid_puf|curve=stress_relaxation,source_mendeley_pu_seat_raw_v2,family_moon_2020_pu_multilayer_seat,pu_seat_mid_puf,Mid,load_cell_signal_voltage,V,7492,0.0,7491.0,0.0061140023077797,1.71192064617832,elapsed_time,s,0.1,7228.3,conditional_reference,auxiliary_train,True,hard_group_33426abe2194f2d5,test,3,0.062500002144,数据/原始/外部数据/新增开放数据/第十四批实验_PU汽车座椅/Mid55kgf20181113001.dat|x_line=20|y_line=7512|point_index=0,ledger-167-oh-2019-pu-seat-raw-data;ledger-169-moon-2020-pu-seat-comfort,CC BY 4.0
tpu-usable-2026-07-21-v1,pu_seat|system=multilayer_type_a|curve=ifd,source_mendeley_pu_seat_raw_v2,family_moon_2020_pu_multilayer_seat,pu_seat_multilayer_type_a,Type A,indentation_force,kgf,810,0.0,809.0,0.0,101.186440677966,indentation_displacement,mm,0.0,30.1607408846578,conditional_reference,auxiliary_train,True,hard_group_329af29b77181988,train,3,0.08749999971,数据/原始/外部数据/新增开放数据/第十四批实验_PU汽车座椅/Type A20180909009.dat|x_line=20|y_line=830|point_index=0,ledger-167-oh-2019-pu-seat-raw-data;ledger-169-moon-2020-pu-seat-comfort,CC BY 4.0
tpu-usable-2026-07-21-v1,pu_seat|system=multilayer_type_a|curve=stress_relaxation,source_mendeley_pu_seat_raw_v2,family_moon_2020_pu_multilayer_seat,pu_seat_multilayer_type_a,Type A,load_cell_signal_voltage,V,7484,0.0,7483.0,0.0048912018462237,1.71925744894766,elapsed_time,s,0.1,7227.5,conditional_reference,auxiliary_train,True,hard_group_329af29b77181988,train,3,0.062499999116,数据/原始/外部数据/新增开放数据/第十四批实验_PU汽车座椅/TypeA55kgf20181113002.dat|x_line=20|y_line=7504|point_index=0,ledger-167-oh-2019-pu-seat-raw-data;ledger-169-moon-2020-pu-seat-comfort,CC BY 4.0
tpu-usable-2026-07-21-v1,pu_seat|system=multilayer_type_b|curve=ifd,source_mendeley_pu_seat_raw_v2,family_moon_2020_pu_multilayer_seat,pu_seat_multilayer_type_b,Type B,indentation_force,kgf,794,0.0,793.0,-0.0423728813559322,52.1186440677966,indentation_displacement,mm,0.0,30.1607408846578,conditional_reference,auxiliary_train,True,hard_group_5bf1aa793ff1d17b,train,3,0.087499999734,数据/原始/外部数据/新增开放数据/第十四批实验_PU汽车座椅/Type B20180909003.dat|x_line=20|y_line=814|point_index=0,ledger-167-oh-2019-pu-seat-raw-data;ledger-169-moon-2020-pu-seat-comfort,CC BY 4.0
tpu-usable-2026-07-21-v1,pu_seat|system=multilayer_type_b|curve=stress_relaxation,source_mendeley_pu_seat_raw_v2,family_moon_2020_pu_multilayer_seat,pu_seat_multilayer_type_b,Type B,load_cell_signal_voltage,V,7505,0.0,7504.0,0.0048912018462237,1.69969264156276,elapsed_time,s,0.1,7229.6,conditional_reference,auxiliary_train,True,hard_group_5bf1aa793ff1d17b,train,3,0.062499996405,数据/原始/外部数据/新增开放数据/第十四批实验_PU汽车座椅/TypeB55kgf20181114001.dat|x_line=20|y_line=7525|point_index=0,ledger-167-oh-2019-pu-seat-raw-data;ledger-169-moon-2020-pu-seat-comfort,CC BY 4.0
tpu-usable-2026-07-21-v1,pu_seat|system=multilayer_type_c|curve=ifd,source_mendeley_pu_seat_raw_v2,family_moon_2020_pu_multilayer_seat,pu_seat_multilayer_type_c,Type C,indentation_force,kgf,766,0.0,765.0,-0.211864406779661,158.389830508475,indentation_displacement,mm,0.0,30.1607408846578,conditional_reference,auxiliary_train,True,hard_group_17c44804c6ef4e9e,train,3,0.08749999999,数据/原始/外部数据/新增开放数据/第十四批实验_PU汽车座椅/Type C20180909006.dat|x_line=20|y_line=786|point_index=0,ledger-167-oh-2019-pu-seat-raw-data;ledger-169-moon-2020-pu-seat-comfort,CC BY 4.0
tpu-usable-2026-07-21-v1,pu_seat|system=multilayer_type_c|curve=stress_relaxation,source_mendeley_pu_seat_raw_v2,family_moon_2020_pu_multilayer_seat,pu_seat_multilayer_type_c,Type C,load_cell_signal_voltage,V,7466,0.0,7465.0,0.0024456009231118,1.73637665540944,elapsed_time,s,0.1,7225.7,conditional_reference,auxiliary_train,True,hard_group_17c44804c6ef4e9e,train,3,0.062499998878,数据/原始/外部数据/新增开放数据/第十四批实验_PU汽车座椅/TypeC55kgf20181114001.dat|x_line=20|y_line=7486|point_index=0,ledger-167-oh-2019-pu-seat-raw-data;ledger-169-moon-2020-pu-seat-comfort,CC BY 4.0
tpu-usable-2026-07-21-v1,pu_seat|system=multilayer_type_d|curve=ifd,source_mendeley_pu_seat_raw_v2,family_moon_2020_pu_multilayer_seat,pu_seat_multilayer_type_d,Type D,indentation_force,kgf,784,0.0,783.0,-0.0423728813559322,97.5423728813559,indentation_displacement,mm,0.0,30.1607408846578,conditional_reference,auxiliary_train,True,hard_group_13c98ecb16c7edcd,train,3,0.087500000112,数据/原始/外部数据/新增开放数据/第十四批实验_PU汽车座椅/Type D20180909006.dat|x_line=20|y_line=804|point_index=0,ledger-167-oh-2019-pu-seat-raw-data;ledger-169-moon-2020-pu-seat-comfort,CC BY 4.0
tpu-usable-2026-07-21-v1,pu_seat|system=multilayer_type_d|curve=stress_relaxation,source_mendeley_pu_seat_raw_v2,family_moon_2020_pu_multilayer_seat,pu_seat_multilayer_type_d,Type D,load_cell_signal_voltage,V,7491,0.0,7490.0,0.0,1.73515385494788,elapsed_time,s,0.1,7228.2,conditional_reference,auxiliary_train,True,hard_group_13c98ecb16c7edcd,train,3,0.062499997395,数据/原始/外部数据/新增开放数据/第十四批实验_PU汽车座椅/TypeD55kgf20181115001.dat|x_line=20|y_line=7511|point_index=0,ledger-167-oh-2019-pu-seat-raw-data;ledger-169-moon-2020-pu-seat-comfort,CC BY 4.0
tpu-usable-2026-07-21-v1,pu_seat|system=soft_puf|curve=ifd,source_mendeley_pu_seat_raw_v2,family_moon_2020_pu_multilayer_seat,pu_seat_soft_puf,Soft,indentation_force,kgf,652,0.0,651.0,-0.0423728813559322,56.7796610169491,indentation_displacement,mm,0.0,30.4570947477495,conditional_reference,auxiliary_train,True,hard_group_00099335cc5d93a7,train,3,0.087500000008,数据/原始/外部数据/新增开放数据/第十四批实验_PU汽车座椅/soft only20180909003.dat|x_line=20|y_line=672|point_index=0,ledger-167-oh-2019-pu-seat-raw-data;ledger-169-moon-2020-pu-seat-comfort,CC BY 4.0
tpu-usable-2026-07-21-v1,pu_seat|system=soft_puf|curve=stress_relaxation,source_mendeley_pu_seat_raw_v2,family_moon_2020_pu_multilayer_seat,pu_seat_soft_puf,Soft,load_cell_signal_voltage,V,7522,0.0,7521.0,0.0061140023077797,1.74615905910189,elapsed_time,s,0.1,7231.3,conditional_reference,auxiliary_train,True,hard_group_00099335cc5d93a7,train,3,0.06249999712,数据/原始/外部数据/新增开放数据/第十四批实验_PU汽车座椅/Soft55kgf20181112001.dat|x_line=20|y_line=7542|point_index=0,ledger-167-oh-2019-pu-seat-raw-data;ledger-169-moon-2020-pu-seat-comfort,CC BY 4.0
tpu-usable-2026-07-21-v1,pu_seat|system=technogel|curve=ifd,source_mendeley_pu_seat_raw_v2,family_moon_2020_pu_multilayer_seat,pu_seat_technogel,Technogel,indentation_force,kgf,558,0.0,557.0,-1.01694915254237,851.35593220339,indentation_displacement,mm,0.0,26.2778317466486,conditional_reference,auxiliary_train,True,hard_group_ddda452b93a3203e,train,3,0.087500000088,数据/原始/外部数据/新增开放数据/第十四批实验_PU汽车座椅/technogel20180918001.txt|x_line=20|y_line=578|point_index=0,ledger-167-oh-2019-pu-seat-raw-data;ledger-169-moon-2020-pu-seat-comfort,CC BY 4.0
tpu-usable-2026-07-21-v1,pu_seat|system=technogel|curve=stress_relaxation,source_mendeley_pu_seat_raw_v2,family_moon_2020_pu_multilayer_seat,pu_seat_technogel,Technogel,load_cell_signal_voltage,V,7379,0.0,7378.0,0.0012228004615559,1.78406587341012,elapsed_time,s,0.1,7217.0,conditional_reference,auxiliary_train,True,hard_group_ddda452b93a3203e,train,3,0.062499997178,数据/原始/外部数据/新增开放数据/第十四批实验_PU汽车座椅/Technogel55kgf20181115001.dat|x_line=20|y_line=7399|point_index=0,ledger-167-oh-2019-pu-seat-raw-data;ledger-169-moon-2020-pu-seat-comfort,CC BY 4.0
tpu-usable-2026-07-21-v1,tensile_s1,source_mendeley_xs78ch5jb7_v3,family_date_seed_oil_rigid_pu_pir_2025,S1,S1,tensile_stress_signal,source_axis_unit_unresolved,1584,1.0,1584.0,-4.047875e-05,0.4109098,strain_signal,source_axis_unit_unresolved,-0.0004830188,79.62127,conditional_reference,reference_only,False,hard_group_9e3f22b84adf8013,validation,2,0.0,数据/原始/外部数据/新增开放数据/第十三批实验_日期籽油PU-PIR/Supplemental data 6.xlsx#sheet=Tensile stress-strain;cell=B2,ledger-165-taghvaei-nia-2024-date-seed-oil-pu-pir-data;ledger-166-taghvaei-nia-2025-date-seed-oil-pu-pir,CC BY 4.0
tpu-usable-2026-07-21-v1,tensile_s2,source_mendeley_xs78ch5jb7_v3,family_date_seed_oil_rigid_pu_pir_2025,S2,S2,tensile_stress_signal,source_axis_unit_unresolved,1244,1.0,1244.0,5.208447e-05,0.3392433,strain_signal,source_axis_unit_unresolved,-0.0004830188,56.6949,conditional_reference,reference_only,False,hard_group_9e3f22b84adf8013,validation,2,0.0,数据/原始/外部数据/新增开放数据/第十三批实验_日期籽油PU-PIR/Supplemental data 6.xlsx#sheet=Tensile stress-strain;cell=C2,ledger-165-taghvaei-nia-2024-date-seed-oil-pu-pir-data;ledger-166-taghvaei-nia-2025-date-seed-oil-pu-pir,CC BY 4.0
tpu-usable-2026-07-21-v1,tensile_s3,source_mendeley_xs78ch5jb7_v3,family_date_seed_oil_rigid_pu_pir_2025,S3,S3,tensile_stress_signal,source_axis_unit_unresolved,1260,1.0,1260.0,0.0009566321,0.2402342,strain_signal,source_axis_unit_unresolved,-0.0004830188,57.77557,conditional_reference,reference_only,False,hard_group_9e3f22b84adf8013,validation,2,0.0,数据/原始/外部数据/新增开放数据/第十三批实验_日期籽油PU-PIR/Supplemental data 6.xlsx#sheet=Tensile stress-strain;cell=D2,ledger-165-taghvaei-nia-2024-date-seed-oil-pu-pir-data;ledger-166-taghvaei-nia-2025-date-seed-oil-pu-pir,CC BY 4.0
tpu-usable-2026-07-21-v1,tensile_s4,source_mendeley_xs78ch5jb7_v3,family_date_seed_oil_rigid_pu_pir_2025,S4,S4,tensile_stress_signal,source_axis_unit_unresolved,1026,1.0,1026.0,0.003360512,0.3227679,strain_signal,source_axis_unit_unresolved,-0.0004830188,41.99426,conditional_reference,reference_only,False,hard_group_9e3f22b84adf8013,validation,2,0.0,数据/原始/外部数据/新增开放数据/第十三批实验_日期籽油PU-PIR/Supplemental data 6.xlsx#sheet=Tensile stress-strain;cell=E2,ledger-165-taghvaei-nia-2024-date-seed-oil-pu-pir-data;ledger-166-taghvaei-nia-2025-date-seed-oil-pu-pir,CC BY 4.0
tpu-usable-2026-07-21-v1,tensile_s5,source_mendeley_xs78ch5jb7_v3,family_date_seed_oil_rigid_pu_pir_2025,S5,S5,tensile_stress_signal,source_axis_unit_unresolved,907,1.0,907.0,-0.002777831,0.3075324,strain_signal,source_axis_unit_unresolved,-0.0004830188,33.97421,conditional_reference,reference_only,False,hard_group_9e3f22b84adf8013,validation,2,0.0,数据/原始/外部数据/新增开放数据/第十三批实验_日期籽油PU-PIR/Supplemental data 6.xlsx#sheet=Tensile stress-strain;cell=F2,ledger-165-taghvaei-nia-2024-date-seed-oil-pu-pir-data;ledger-166-taghvaei-nia-2025-date-seed-oil-pu-pir,CC BY 4.0
tpu-usable-2026-07-21-v1,thermal_dso_polyol_or_s2_conflict_dta,source_mendeley_xs78ch5jb7_v3,family_date_seed_oil_rigid_pu_pir_2025,,dso_polyol_or_S2_identity_conflict,dta_signal,uV,994,1.0,994.0,-62.23934047927856,93.61990378771122,time,min,0.05,49.7,conditional_reference,auxiliary_train,True,hard_group_9e3f22b84adf8013,validation,2,0.02499999957,数据/原始/外部数据/新增开放数据/第十三批实验_日期籽油PU-PIR/Supplemental data 3.xlsx#sheet=TGA-DTG-DTA- DSC OF DSOpolyol;cell=C16,ledger-165-taghvaei-nia-2024-date-seed-oil-pu-pir-data;ledger-166-taghvaei-nia-2025-date-seed-oil-pu-pir,CC BY 4.0
tpu-usable-2026-07-21-v1,thermal_dso_polyol_or_s2_conflict_dtg,source_mendeley_xs78ch5jb7_v3,family_date_seed_oil_rigid_pu_pir_2025,,dso_polyol_or_S2_identity_conflict,dtg_mass_rate,ug/min,994,1.0,994.0,1.4567720703125004,2491.0698396484377,time,min,0.05,49.7,conditional_reference,auxiliary_train,True,hard_group_9e3f22b84adf8013,validation,2,0.02499999957,数据/原始/外部数据/新增开放数据/第十三批实验_日期籽油PU-PIR/Supplemental data 3.xlsx#sheet=TGA-DTG-DTA- DSC OF DSOpolyol;cell=E16,ledger-165-taghvaei-nia-2024-date-seed-oil-pu-pir-data;ledger-166-taghvaei-nia-2025-date-seed-oil-pu-pir,CC BY 4.0
tpu-usable-2026-07-21-v1,thermal_dso_polyol_or_s2_conflict_mass,source_mendeley_xs78ch5jb7_v3,family_date_seed_oil_rigid_pu_pir_2025,,dso_polyol_or_S2_identity_conflict,tga_mass_signal,ug,994,1.0,994.0,797.2585384277344,17871.610806054738,time,min,0.05,49.7,conditional_reference,auxiliary_train,True,hard_group_9e3f22b84adf8013,validation,2,0.02499999957,数据/原始/外部数据/新增开放数据/第十三批实验_日期籽油PU-PIR/Supplemental data 3.xlsx#sheet=TGA-DTG-DTA- DSC OF DSOpolyol;cell=D16,ledger-165-taghvaei-nia-2024-date-seed-oil-pu-pir-data;ledger-166-taghvaei-nia-2025-date-seed-oil-pu-pir,CC BY 4.0
tpu-usable-2026-07-21-v1,thermal_s1_mass,source_mendeley_xs78ch5jb7_v3,family_date_seed_oil_rigid_pu_pir_2025,S1,S1,tga_mass_signal,%,794,1.0,794.0,0.0,99.88636314625428,time,min,0.05,39.7,admitted_reference,primary_train,True,hard_group_9e3f22b84adf8013,validation,2,0.45000000022,数据/原始/外部数据/新增开放数据/第十三批实验_日期籽油PU-PIR/Supplemental data 5.xlsx#sheet=S1 (0% DSO polyol);cell=C3,ledger-165-taghvaei-nia-2024-date-seed-oil-pu-pir-data;ledger-166-taghvaei-nia-2025-date-seed-oil-pu-pir,CC BY 4.0
tpu-usable-2026-07-21-v1,thermal_s3_dta,source_mendeley_xs78ch5jb7_v3,family_date_seed_oil_rigid_pu_pir_2025,S3,S3,dta_signal,uV,894,1.0,894.0,-150.861551017761,-105.123005256653,time,min,0.05,44.7,admitted_reference,primary_train,True,hard_group_9e3f22b84adf8013,validation,2,0.45000000027,数据/原始/外部数据/新增开放数据/第十三批实验_日期籽油PU-PIR/Supplemental data 5.xlsx#sheet=S3 (50% DSO polyol);cell=C3,ledger-165-taghvaei-nia-2024-date-seed-oil-pu-pir-data;ledger-166-taghvaei-nia-2025-date-seed-oil-pu-pir,CC BY 4.0
tpu-usable-2026-07-21-v1,thermal_s3_dtg,source_mendeley_xs78ch5jb7_v3,family_date_seed_oil_rigid_pu_pir_2025,S3,S3,dtg_mass_rate,ug/min,894,1.0,894.0,-55.1278564453125,207.33486328125,time,min,0.05,44.7,admitted_reference,primary_train,True,hard_group_9e3f22b84adf8013,validation,2,0.45000000027,数据/原始/外部数据/新增开放数据/第十三批实验_日期籽油PU-PIR/Supplemental data 5.xlsx#sheet=S3 (50% DSO polyol);cell=E3,ledger-165-taghvaei-nia-2024-date-seed-oil-pu-pir-data;ledger-166-taghvaei-nia-2025-date-seed-oil-pu-pir,CC BY 4.0
tpu-usable-2026-07-21-v1,thermal_s3_mass,source_mendeley_xs78ch5jb7_v3,family_date_seed_oil_rigid_pu_pir_2025,S3,S3,tga_mass_signal,ug,894,1.0,894.0,680.70007585798,3464.87486921038,time,min,0.05,44.7,admitted_reference,primary_train,True,hard_group_9e3f22b84adf8013,validation,2,0.45000000027,数据/原始/外部数据/新增开放数据/第十三批实验_日期籽油PU-PIR/Supplemental data 5.xlsx#sheet=S3 (50% DSO polyol);cell=D3,ledger-165-taghvaei-nia-2024-date-seed-oil-pu-pir-data;ledger-166-taghvaei-nia-2025-date-seed-oil-pu-pir,CC BY 4.0
tpu-usable-2026-07-21-v1,thermal_s4_dta,source_mendeley_xs78ch5jb7_v3,family_date_seed_oil_rigid_pu_pir_2025,S4,S4,dta_signal,uV,794,1.0,794.0,-20.203102121353155,30.253313169479373,time,min,0.05,39.7,admitted_reference,primary_train,True,hard_group_9e3f22b84adf8013,validation,2,0.45000000022,数据/原始/外部数据/新增开放数据/第十三批实验_日期籽油PU-PIR/Supplemental data 5.xlsx#sheet=S4 (70% DSO polyol);cell=C3,ledger-165-taghvaei-nia-2024-date-seed-oil-pu-pir-data;ledger-166-taghvaei-nia-2025-date-seed-oil-pu-pir,CC BY 4.0
tpu-usable-2026-07-21-v1,thermal_s4_dtg,source_mendeley_xs78ch5jb7_v3,family_date_seed_oil_rigid_pu_pir_2025,S4,S4,dtg_mass_rate,ug/min,794,1.0,794.0,2.415693359375,243.8987841796875,time,min,0.05,39.7,admitted_reference,primary_train,True,hard_group_9e3f22b84adf8013,validation,2,0.45000000022,数据/原始/外部数据/新增开放数据/第十三批实验_日期籽油PU-PIR/Supplemental data 5.xlsx#sheet=S4 (70% DSO polyol);cell=E3,ledger-165-taghvaei-nia-2024-date-seed-oil-pu-pir-data;ledger-166-taghvaei-nia-2025-date-seed-oil-pu-pir,CC BY 4.0
tpu-usable-2026-07-21-v1,thermal_s4_mass,source_mendeley_xs78ch5jb7_v3,family_date_seed_oil_rigid_pu_pir_2025,S4,S4,tga_mass_signal,ug,794,1.0,794.0,2127.529219837189,6157.909800891875,time,min,0.05,39.7,admitted_reference,primary_train,True,hard_group_9e3f22b84adf8013,validation,2,0.45000000022,数据/原始/外部数据/新增开放数据/第十三批实验_日期籽油PU-PIR/Supplemental data 5.xlsx#sheet=S4 (70% DSO polyol);cell=D3,ledger-165-taghvaei-nia-2024-date-seed-oil-pu-pir-data;ledger-166-taghvaei-nia-2025-date-seed-oil-pu-pir,CC BY 4.0
tpu-usable-2026-07-21-v1,thermal_s5_mass,source_mendeley_xs78ch5jb7_v3,family_date_seed_oil_rigid_pu_pir_2025,S5,S5,tga_mass_signal,%,855,1.0,855.0,0.0,101.09919808374482,time,min,2.0,44.7,admitted_reference,primary_train,True,hard_group_9e3f22b84adf8013,validation,2,0.449999999595,数据/原始/外部数据/新增开放数据/第十三批实验_日期籽油PU-PIR/Supplemental data 5.xlsx#sheet=S5 (100% DSO polyol);cell=C3,ledger-165-taghvaei-nia-2024-date-seed-oil-pu-pir-data;ledger-166-taghvaei-nia-2025-date-seed-oil-pu-pir,CC BY 4.0
tpu-usable-2026-07-21-v1,viscosity:RPUF_0,source_zenodo_5713819_recycled_pu_foam,family_elorza_recycled_pu_foam,RPUF_0,component_A_slurry_RPUF_0,dynamic_viscosity,Pa*s,60,1.0,60.0,0.7701,0.789,elapsed_time,min,0.1,5.0,conditional_reference,auxiliary_train,True,hard_group_fd781ae26d0b0ae3,train,3,0.06250000002,数据/原始/外部数据/新增开放数据/第十六批实验_再生PU泡沫/原始文件/row data for _Sustainable insulating foams_3/RPUF_viscosity_RawData/RPUF00_viscosty.xlsx#Hoja1!A3:B3,ledger-170-elorza-2021-recycled-pu-foam-data;ledger-171-elorza-2021-recycled-pu-foam,CC BY 4.0
tpu-usable-2026-07-21-v1,viscosity:RPUF_1.5,source_zenodo_5713819_recycled_pu_foam,family_elorza_recycled_pu_foam,RPUF_1.5,component_A_slurry_RPUF_1.5,dynamic_viscosity,Pa*s,60,1.0,60.0,5.587,8.969,elapsed_time,min,0.1,5.0,conditional_reference,auxiliary_train,True,hard_group_fd781ae26d0b0ae3,train,3,0.06250000002,数据/原始/外部数据/新增开放数据/第十六批实验_再生PU泡沫/原始文件/row data for _Sustainable insulating foams_3/RPUF_viscosity_RawData/RPUF15_viscosty.xlsx#Hoja1!A3:B3,ledger-170-elorza-2021-recycled-pu-foam-data;ledger-171-elorza-2021-recycled-pu-foam,CC BY 4.0
tpu-usable-2026-07-21-v1,viscosity:RPUF_3.0,source_zenodo_5713819_recycled_pu_foam,family_elorza_recycled_pu_foam,RPUF_3.0,component_A_slurry_RPUF_3.0,dynamic_viscosity,Pa*s,60,1.0,60.0,37.23,51.53,elapsed_time,min,0.1,5.0,conditional_reference,auxiliary_train,True,hard_group_fd781ae26d0b0ae3,train,3,0.06250000002,数据/原始/外部数据/新增开放数据/第十六批实验_再生PU泡沫/原始文件/row data for _Sustainable insulating foams_3/RPUF_viscosity_RawData/RPUF30_viscosty.xlsx#Hoja1!A3:B3,ledger-170-elorza-2021-recycled-pu-foam-data;ledger-171-elorza-2021-recycled-pu-foam,CC BY 4.0
tpu-usable-2026-07-21-v1,viscosity:RPUF_4.5,source_zenodo_5713819_recycled_pu_foam,family_elorza_recycled_pu_foam,RPUF_4.5,component_A_slurry_RPUF_4.5,dynamic_viscosity,Pa*s,60,1.0,60.0,81.78,136.2,elapsed_time,min,0.1,5.0,conditional_reference,auxiliary_train,True,hard_group_fd781ae26d0b0ae3,train,3,0.06250000002,数据/原始/外部数据/新增开放数据/第十六批实验_再生PU泡沫/原始文件/row data for _Sustainable insulating foams_3/RPUF_viscosity_RawData/RPUF45_viscosty.xlsx#Hoja1!A3:B3,ledger-170-elorza-2021-recycled-pu-foam-data;ledger-171-elorza-2021-recycled-pu-foam,CC BY 4.0
tpu-usable-2026-07-21-v1,viscosity:RPUF_6.0,source_zenodo_5713819_recycled_pu_foam,family_elorza_recycled_pu_foam,RPUF_6.0,component_A_slurry_RPUF_6.0,dynamic_viscosity,Pa*s,41,1.0,41.0,194.6,422.3,elapsed_time,min,0.1,3.4,conditional_reference,auxiliary_train,True,hard_group_fd781ae26d0b0ae3,train,3,0.062500000004,数据/原始/外部数据/新增开放数据/第十六批实验_再生PU泡沫/原始文件/row data for _Sustainable insulating foams_3/RPUF_viscosity_RawData/RPUF60_viscosty.xlsx#Hoja1!A3:B3,ledger-170-elorza-2021-recycled-pu-foam-data;ledger-171-elorza-2021-recycled-pu-foam,CC BY 4.0
tpu-usable-2026-07-21-v1,viscosity:SPUF_0,source_zenodo_5713819_recycled_pu_foam,family_elorza_recycled_pu_foam,SPUF_0,component_A_slurry_SPUF_0,dynamic_viscosity,Pa*s,60,1.0,60.0,0.2321,0.2646,elapsed_time,min,0.1,5.0,conditional_reference,auxiliary_train,True,hard_group_fd781ae26d0b0ae3,train,3,0.06250000002,数据/原始/外部数据/新增开放数据/第十六批实验_再生PU泡沫/原始文件/row data for _Sustainable insulating foams_3/SPUF_viscosity_RawData/SPUF00_viscosty.xlsx#Hoja1!A3:B3,ledger-170-elorza-2021-recycled-pu-foam-data;ledger-171-elorza-2021-recycled-pu-foam,CC BY 4.0
tpu-usable-2026-07-21-v1,viscosity:SPUF_1.5,source_zenodo_5713819_recycled_pu_foam,family_elorza_recycled_pu_foam,SPUF_1.5,component_A_slurry_SPUF_1.5,dynamic_viscosity,Pa*s,60,1.0,60.0,2.979,6.043,elapsed_time,min,0.1,5.0,conditional_reference,auxiliary_train,True,hard_group_fd781ae26d0b0ae3,train,3,0.06250000002,数据/原始/外部数据/新增开放数据/第十六批实验_再生PU泡沫/原始文件/row data for _Sustainable insulating foams_3/SPUF_viscosity_RawData/SPUF15_viscosty.xlsx#Hoja1!A3:B3,ledger-170-elorza-2021-recycled-pu-foam-data;ledger-171-elorza-2021-recycled-pu-foam,CC BY 4.0
tpu-usable-2026-07-21-v1,viscosity:SPUF_3.0,source_zenodo_5713819_recycled_pu_foam,family_elorza_recycled_pu_foam,SPUF_3.0,component_A_slurry_SPUF_3.0,dynamic_viscosity,Pa*s,60,1.0,60.0,13.91,20.92,elapsed_time,min,0.1,5.0,conditional_reference,auxiliary_train,True,hard_group_fd781ae26d0b0ae3,train,3,0.06250000002,数据/原始/外部数据/新增开放数据/第十六批实验_再生PU泡沫/原始文件/row data for _Sustainable insulating foams_3/SPUF_viscosity_RawData/SPUF30_viscosty.xlsx#Hoja1!A3:B3,ledger-170-elorza-2021-recycled-pu-foam-data;ledger-171-elorza-2021-recycled-pu-foam,CC BY 4.0
tpu-usable-2026-07-21-v1,viscosity:SPUF_4.5,source_zenodo_5713819_recycled_pu_foam,family_elorza_recycled_pu_foam,SPUF_4.5,component_A_slurry_SPUF_4.5,dynamic_viscosity,Pa*s,60,1.0,60.0,54.63,96.66,elapsed_time,min,0.1,5.0,conditional_reference,auxiliary_train,True,hard_group_fd781ae26d0b0ae3,train,3,0.06250000002,数据/原始/外部数据/新增开放数据/第十六批实验_再生PU泡沫/原始文件/row data for _Sustainable insulating foams_3/SPUF_viscosity_RawData/SPUF45_viscosty.xlsx#Hoja1!A3:B3,ledger-170-elorza-2021-recycled-pu-foam-data;ledger-171-elorza-2021-recycled-pu-foam,CC BY 4.0
tpu-usable-2026-07-21-v1,viscosity:SPUF_6.0,source_zenodo_5713819_recycled_pu_foam,family_elorza_recycled_pu_foam,SPUF_6.0,component_A_slurry_SPUF_6.0,dynamic_viscosity,Pa*s,60,1.0,60.0,102.2,191.5,elapsed_time,min,0.1,5.0,conditional_reference,auxiliary_train,True,hard_group_fd781ae26d0b0ae3,train,3,0.06250000002,数据/原始/外部数据/新增开放数据/第十六批实验_再生PU泡沫/原始文件/row data for _Sustainable insulating foams_3/SPUF_viscosity_RawData/SPUF60_viscosty.xlsx#Hoja1!A3:B3,ledger-170-elorza-2021-recycled-pu-foam-data;ledger-171-elorza-2021-recycled-pu-foam,CC BY 4.0
