candidate_id,source_id,source_record_id,source_locator,preferred_name,raw_smiles,canonical_smiles,inchikey,molecular_formula_reported,molecular_formula_calculated,molecular_weight_reported_g_mol,molecular_weight_calculated_g_mol,exact_mass_g_mol,formal_charge,heavy_atom_count,isocyanate_group_count,hydroxyl_group_count,amine_group_count,thiol_group_count,carboxylic_acid_group_count,cyclic_carbonate_group_count,epoxide_group_count,tpu_role,role_confidence,role_basis,screening_scope,screening_priority,functional_group_match,structure_status,duplicate_status,license_spdx,data_origin,fidelity_level,gold_layer,gold_admission_status,direct_property_supervision_weight_ceiling,prediction_uncertainty,generation_rule_version,rdkit_version
chemical_0013c8290b74832e,ds_smipoly_monomers,CID2773242,csv:row=887;comID=CID2773242,"1-ethenyl-3,5-bis(trifluoromethyl)benzene",C=CC1=CC(=CC(=C1)C(F)(F)F)C(F)(F)F,C=Cc1cc(C(F)(F)F)cc(C(F)(F)F)c1,LFICVUCVPKKPFF-UHFFFAOYSA-N,C10H6F6,C10H6F6,240.14,240.146,240.03737,0,16,0,0,0,0,0,0,0,unclassified,none,no_supported_TPU_role_rule_matched,unresolved,9,False,rdkit_validated,canonical_unique,BSD-3-Clause,reaction_rule_generated,candidate_structure,Gold-V,admitted_reference,0.0,,smipoly-rdkit-role-v1,2026.03.4
chemical_007595077eba3250,ds_smipoly_monomers,CID519333,csv:row=808;comID=CID519333,2-ethyl-6-methylphenol,CCC1=CC=CC(=C1O)C,CCc1cccc(C)c1O,CIRRFAQIWQFQSS-UHFFFAOYSA-N,C9H12O,C9H12O,136.19,136.194,136.088815,0,10,0,1,0,0,0,0,0,monool_model_compound,rule_medium,hydroxyl_group_count=1,adjacent_model_compound,3,True,rdkit_validated,canonical_unique,BSD-3-Clause,reaction_rule_generated,candidate_structure,Gold-V,admitted_reference,0.0,,smipoly-rdkit-role-v1,2026.03.4
chemical_00a9df7de2dbdb24,ds_smipoly_monomers,CID84733,csv:row=632;comID=CID84733,2-[2-(2-sulfanylethoxy)ethoxy]ethanethiol,C(COCCS)OCCS,SCCOCCOCCS,HCZMHWVFVZAHCR-UHFFFAOYSA-N,C6H14O2S2,C6H14O2S2,182.3,182.31,182.043522,0,10,0,0,0,2,0,0,0,polythiol_adjacent_candidate,rule_medium,thiol_group_count>=2,adjacent_reactive_building_block,3,True,rdkit_validated,canonical_unique,BSD-3-Clause,reaction_rule_generated,candidate_structure,Gold-V,admitted_reference,0.0,,smipoly-rdkit-role-v1,2026.03.4
chemical_011ca6d840a826f6,ds_smipoly_monomers,CID3301,csv:row=22;comID=CID3301,"ethane-1,2-diamine",C(CN)N,NCCN,PIICEJLVQHRZGT-UHFFFAOYSA-N,C2H8N2,C2H8N2,60.1,60.1,60.068748,0,4,0,0,2,0,0,0,0,diamine_chain_extender_candidate,rule_medium,amine_group_count>=2,tpuu_or_nipu_building_block,1,True,rdkit_validated,canonical_unique,BSD-3-Clause,reaction_rule_generated,candidate_structure,Gold-V,admitted_reference,0.0,,smipoly-rdkit-role-v1,2026.03.4
chemical_012f8dcbb76cbd94,ds_smipoly_monomers,CID171970,csv:row=766;comID=CID171970,"N-(2,4,4-trimethylpentan-2-yl)prop-2-enamide",CC(C)(C)CC(C)(C)NC(=O)C=C,C=CC(=O)NC(C)(C)CC(C)(C)C,YRDNVESFWXDNSI-UHFFFAOYSA-N,C11H21NO,C11H21NO,183.29,183.295,183.162314,0,13,0,0,0,0,0,0,0,unclassified,none,no_supported_TPU_role_rule_matched,unresolved,9,False,rdkit_validated,canonical_unique,BSD-3-Clause,reaction_rule_generated,candidate_structure,Gold-V,admitted_reference,0.0,,smipoly-rdkit-role-v1,2026.03.4
chemical_01309612644de1bc,ds_smipoly_monomers,CID2735038,csv:row=880;comID=CID2735038,"4-ethenyl-1,3-dioxolan-2-one",C=CC1COC(=O)O1,C=CC1COC(=O)O1,BJWMSGRKJIOCNR-UHFFFAOYSA-N,C5H6O3,C5H6O3,114.1,114.1,114.031694,0,8,0,0,0,0,0,1,0,cyclic_carbonate_nipu_precursor,rule_medium,cyclic_carbonate_group_count>=1,tpuu_or_nipu_building_block,2,True,rdkit_validated,canonical_unique,BSD-3-Clause,reaction_rule_generated,candidate_structure,Gold-V,admitted_reference,0.0,,smipoly-rdkit-role-v1,2026.03.4
chemical_0163e51d5bc639f2,ds_smipoly_monomers,CID20769,csv:row=350;comID=CID20769,propan-2-yl 2-methylprop-2-enoate,CC(C)OC(=O)C(=C)C,C=C(C)C(=O)OC(C)C,BOQSSGDQNWEFSX-UHFFFAOYSA-N,C7H12O2,C7H12O2,128.17,128.171,128.08373,0,9,0,0,0,0,0,0,0,unclassified,none,no_supported_TPU_role_rule_matched,unresolved,9,False,rdkit_validated,canonical_unique,BSD-3-Clause,reaction_rule_generated,candidate_structure,Gold-V,admitted_reference,0.0,,smipoly-rdkit-role-v1,2026.03.4
chemical_0175966d3ac29070,ds_smipoly_monomers,CID15321490,csv:row=1029;comID=CID15321490,(1-methylcyclopentyl) prop-2-enoate,CC1(CCCC1)OC(=O)C=C,C=CC(=O)OC1(C)CCCC1,QOTUZLQBNYANGA-UHFFFAOYSA-N,C9H14O2,C9H14O2,154.21,154.209,154.09938,0,11,0,0,0,0,0,0,0,unclassified,none,no_supported_TPU_role_rule_matched,unresolved,9,False,rdkit_validated,canonical_unique,BSD-3-Clause,reaction_rule_generated,candidate_structure,Gold-V,admitted_reference,0.0,,smipoly-rdkit-role-v1,2026.03.4
chemical_017b50397b4d32c3,ds_smipoly_monomers,CID75819,csv:row=536;comID=CID75819,ethenyl-[ethenyl(dimethyl)silyl]oxy-dimethylsilane,C[Si](C)(C=C)O[Si](C)(C)C=C,C=C[Si](C)(C)O[Si](C)(C)C=C,BITPLIXHRASDQB-UHFFFAOYSA-N,C8H18OSi2,C8H18OSi2,186.4,186.403,186.089618,0,11,0,0,0,0,0,0,0,unclassified,none,no_supported_TPU_role_rule_matched,unresolved,9,False,rdkit_validated,canonical_unique,BSD-3-Clause,reaction_rule_generated,candidate_structure,Gold-V,admitted_reference,0.0,,smipoly-rdkit-role-v1,2026.03.4
chemical_02036b6231ab7cda,ds_smipoly_monomers,CID247182,csv:row=787;comID=CID247182,2-bicyclo[2.2.1]hept-5-enylmethanamine,C1C2CC(C1C=C2)CN,NCC1CC2C=CC1C2,XLBALIGLOMYEKN-UHFFFAOYSA-N,C8H13N,C8H13N,123.2,123.199,123.104799,0,9,0,0,1,0,0,0,0,monoamine_model_compound,rule_medium,amine_group_count=1,adjacent_model_compound,3,True,rdkit_validated,canonical_unique,BSD-3-Clause,reaction_rule_generated,candidate_structure,Gold-V,admitted_reference,0.0,,smipoly-rdkit-role-v1,2026.03.4
chemical_02bf71c80169491f,ds_smipoly_monomers,CID100825,csv:row=698;comID=CID100825,"2-[bis[2-(2,6-dioxomorpholin-4-yl)ethyl]amino]acetic acid",C1C(=O)OC(=O)CN1CCN(CCN2CC(=O)OC(=O)C2)CC(=O)O,O=C(O)CN(CCN1CC(=O)OC(=O)C1)CCN1CC(=O)OC(=O)C1,RAZLJUXJEOEYAM-UHFFFAOYSA-N,C14H19N3O8,C14H19N3O8,357.32,357.319,357.117215,0,25,0,0,0,0,1,0,0,unclassified,none,no_supported_TPU_role_rule_matched,unresolved,9,False,rdkit_validated,canonical_unique,BSD-3-Clause,reaction_rule_generated,candidate_structure,Gold-V,admitted_reference,0.0,,smipoly-rdkit-role-v1,2026.03.4
chemical_02c75de6c5f78557,ds_smipoly_monomers,CID77921,csv:row=573;comID=CID77921,ethenyl 2-methylprop-2-enoate,CC(=C)C(=O)OC=C,C=COC(=O)C(=C)C,FFYWKOUKJFCBAM-UHFFFAOYSA-N,C6H8O2,C6H8O2,112.13,112.128,112.052429,0,8,0,0,0,0,0,0,0,unclassified,none,no_supported_TPU_role_rule_matched,unresolved,9,False,rdkit_validated,canonical_unique,BSD-3-Clause,reaction_rule_generated,candidate_structure,Gold-V,admitted_reference,0.0,,smipoly-rdkit-role-v1,2026.03.4
chemical_02fcee0ff227cb34,ds_smipoly_monomers,CID2775989,csv:row=893;comID=CID2775989,"1,2,3,4,5-pentafluoro-6-(1,1,2,3,3-pentafluoroprop-2-enyl)benzene",C1(=C(C(=C(C(=C1F)F)F)F)F)C(C(=C(F)F)F)(F)F,FC(F)=C(F)C(F)(F)c1c(F)c(F)c(F)c(F)c1F,WRHBYJDZKRNITP-UHFFFAOYSA-N,C9F10,C9F10,298.08,298.079,297.984032,0,19,0,0,0,0,0,0,0,unclassified,none,no_supported_TPU_role_rule_matched,unresolved,9,False,rdkit_validated,canonical_unique,BSD-3-Clause,reaction_rule_generated,candidate_structure,Gold-V,admitted_reference,0.0,,smipoly-rdkit-role-v1,2026.03.4
chemical_0352921467e22334,ds_smipoly_monomers,CID8557,csv:row=148;comID=CID8557,"2,6-diaminoanthracene-9,10-dione",C1=CC2=C(C=C1N)C(=O)C3=C(C2=O)C=C(C=C3)N,Nc1ccc2c(c1)C(=O)c1ccc(N)cc1C2=O,WQOWBWVMZPPPGX-UHFFFAOYSA-N,C14H10N2O2,C14H10N2O2,238.24,238.246,238.074228,0,18,0,0,2,0,0,0,0,diamine_chain_extender_candidate,rule_medium,amine_group_count>=2,tpuu_or_nipu_building_block,1,True,rdkit_validated,canonical_unique,BSD-3-Clause,reaction_rule_generated,candidate_structure,Gold-V,admitted_reference,0.0,,smipoly-rdkit-role-v1,2026.03.4
chemical_03830693d11c5bb1,ds_smipoly_monomers,CID23682747,csv:row=1063;comID=CID23682747,potassium;3-(2-methylprop-2-enoyloxy)propane-1-sulfonate,CC(=C)C(=O)OCCCS(=O)(=O)[O-].[K+],C=C(C)C(=O)OCCCS(=O)(=O)[O-].[K+],PNOXUQIZPBURMT-UHFFFAOYSA-M,C7H11KO5S,C7H11KO5S,246.32,246.325,245.996426,0,14,0,0,0,0,0,0,0,unclassified,none,no_supported_TPU_role_rule_matched,unresolved,9,False,rdkit_validated,canonical_unique,BSD-3-Clause,reaction_rule_generated,candidate_structure,Gold-V,admitted_reference,0.0,,smipoly-rdkit-role-v1,2026.03.4
chemical_038f6da042204743,ds_smipoly_monomers,CID10970,csv:row=185;comID=CID10970,butanedioyl dichloride,C(CC(=O)Cl)C(=O)Cl,O=C(Cl)CCC(=O)Cl,IRXBNHGNHKNOJI-UHFFFAOYSA-N,C4H4Cl2O2,C4H4Cl2O2,154.98,154.98,153.958835,0,8,0,0,0,0,0,0,0,unclassified,none,no_supported_TPU_role_rule_matched,unresolved,9,False,rdkit_validated,canonical_unique,BSD-3-Clause,reaction_rule_generated,candidate_structure,Gold-V,admitted_reference,0.0,,smipoly-rdkit-role-v1,2026.03.4
chemical_03b7571c4390981e,ds_smipoly_monomers,CID92215,csv:row=668;comID=CID92215,2-pentyloxirane,CCCCCC1CO1,CCCCCC1CO1,NMOFYYYCFRVWBK-UHFFFAOYSA-N,C7H14O,C7H14O,114.19,114.188,114.104465,0,8,0,0,0,0,0,0,1,epoxy_polyol_precursor,rule_medium,epoxide_group_count>=1,polyol_synthesis_precursor,2,True,rdkit_validated,canonical_unique,BSD-3-Clause,reaction_rule_generated,candidate_structure,Gold-V,admitted_reference,0.0,,smipoly-rdkit-role-v1,2026.03.4
chemical_042b47aae551a2a6,ds_smipoly_monomers,CID85528,csv:row=635;comID=CID85528,"3-[1,2,2-tris(prop-2-enoxy)ethoxy]prop-1-ene",C=CCOC(C(OCC=C)OCC=C)OCC=C,C=CCOC(OCC=C)C(OCC=C)OCC=C,BXAAQNFGSQKPDZ-UHFFFAOYSA-N,C14H22O4,C14H22O4,254.32,254.326,254.151809,0,18,0,0,0,0,0,0,0,unclassified,none,no_supported_TPU_role_rule_matched,unresolved,9,False,rdkit_validated,canonical_unique,BSD-3-Clause,reaction_rule_generated,candidate_structure,Gold-V,admitted_reference,0.0,,smipoly-rdkit-role-v1,2026.03.4
chemical_0469c679360e2bee,ds_smipoly_monomers,CID13204,csv:row=230;comID=CID13204,6-methyloxan-2-one,CC1CCCC(=O)O1,CC1CCCC(=O)O1,RZTOWFMDBDPERY-UHFFFAOYSA-N,C6H10O2,C6H10O2,114.14,114.144,114.06808,0,8,0,0,0,0,0,0,0,unclassified,none,no_supported_TPU_role_rule_matched,unresolved,9,False,rdkit_validated,canonical_unique,BSD-3-Clause,reaction_rule_generated,candidate_structure,Gold-V,admitted_reference,0.0,,smipoly-rdkit-role-v1,2026.03.4
chemical_04964974a793aeb8,ds_smipoly_monomers,CID14499052,csv:row=1025;comID=CID14499052,"2-methylpropane-1,3-diamine",CC(CN)CN,CC(CN)CN,BDXGMDGYOIWKIF-UHFFFAOYSA-N,C4H12N2,C4H12N2,88.15,88.154,88.100048,0,6,0,0,2,0,0,0,0,diamine_chain_extender_candidate,rule_medium,amine_group_count>=2,tpuu_or_nipu_building_block,1,True,rdkit_validated,canonical_unique,BSD-3-Clause,reaction_rule_generated,candidate_structure,Gold-V,admitted_reference,0.0,,smipoly-rdkit-role-v1,2026.03.4
chemical_05555ebffa104fb1,ds_smipoly_monomers,CID74148,csv:row=498;comID=CID74148,"1,4-bis(prop-1-en-2-yl)benzene",CC(=C)C1=CC=C(C=C1)C(=C)C,C=C(C)c1ccc(C(=C)C)cc1,ZENYUPUKNXGVDY-UHFFFAOYSA-N,C12H14,C12H14,158.24,158.244,158.10955,0,12,0,0,0,0,0,0,0,unclassified,none,no_supported_TPU_role_rule_matched,unresolved,9,False,rdkit_validated,canonical_unique,BSD-3-Clause,reaction_rule_generated,candidate_structure,Gold-V,admitted_reference,0.0,,smipoly-rdkit-role-v1,2026.03.4
chemical_06186ad2f4d14723,ds_smipoly_monomers,CID6510,csv:row=36;comID=CID6510,"2-ethyl-2-(hydroxymethyl)propane-1,3-diol",CCC(CO)(CO)CO,CCC(CO)(CO)CO,ZJCCRDAZUWHFQH-UHFFFAOYSA-N,C6H14O3,C6H14O3,134.17,134.175,134.094294,0,9,0,3,0,0,0,0,0,polyol_crosslinker_candidate,rule_high,hydroxyl_group_count>=3,direct_tpu_building_block,1,True,rdkit_validated,canonical_unique,BSD-3-Clause,reaction_rule_generated,candidate_structure,Gold-V,admitted_reference,0.0,,smipoly-rdkit-role-v1,2026.03.4
chemical_0624b9ffa984a873,ds_smipoly_monomers,CID168725,csv:row=756;comID=CID168725,ethenylphosphonic acid,C=CP(=O)(O)O,C=CP(=O)(O)O,ZTWTYVWXUKTLCP-UHFFFAOYSA-N,C2H5O3P,C2H5O3P,108.03,108.033,107.997631,0,6,0,0,0,0,0,0,0,unclassified,none,no_supported_TPU_role_rule_matched,unresolved,9,False,rdkit_validated,canonical_unique,BSD-3-Clause,reaction_rule_generated,candidate_structure,Gold-V,admitted_reference,0.0,,smipoly-rdkit-role-v1,2026.03.4
chemical_06971e2010ad0c98,ds_smipoly_monomers,CID82471,csv:row=615;comID=CID82471,"[4,5-dimethyl-2-(sulfanylmethyl)phenyl]methanethiol",CC1=CC(=C(C=C1C)CS)CS,Cc1cc(CS)c(CS)cc1C,NNGQXIUDFKIVKI-UHFFFAOYSA-N,C10H14S2,C10H14S2,198.4,198.356,198.053692,0,12,0,0,0,2,0,0,0,polythiol_adjacent_candidate,rule_medium,thiol_group_count>=2,adjacent_reactive_building_block,3,True,rdkit_validated,canonical_unique,BSD-3-Clause,reaction_rule_generated,candidate_structure,Gold-V,admitted_reference,0.0,,smipoly-rdkit-role-v1,2026.03.4
chemical_06d1efcfebf2fbd6,ds_smipoly_monomers,CID14106,csv:row=250;comID=CID14106,"cyclohexane-1,4-dicarboxylic acid",C1CC(CCC1C(=O)O)C(=O)O,O=C(O)C1CCC(C(=O)O)CC1,PXGZQGDTEZPERC-UHFFFAOYSA-N,C8H12O4,C8H12O4,172.18,172.18,172.073559,0,12,0,0,0,0,2,0,0,polyester_polyol_precursor,rule_medium,carboxylic_acid_group_count>=2,polyol_synthesis_precursor,2,True,rdkit_validated,canonical_unique,BSD-3-Clause,reaction_rule_generated,candidate_structure,Gold-V,admitted_reference,0.0,,smipoly-rdkit-role-v1,2026.03.4
chemical_06e714ddc21914c8,ds_smipoly_monomers,CID8116,csv:row=133;comID=CID8116,2-prop-2-enoxyethanol,C=CCOCCO,C=CCOCCO,GCYHRYNSUGLLMA-UHFFFAOYSA-N,C5H10O2,C5H10O2,102.13,102.133,102.06808,0,7,0,1,0,0,0,0,0,monool_model_compound,rule_medium,hydroxyl_group_count=1,adjacent_model_compound,3,True,rdkit_validated,canonical_unique,BSD-3-Clause,reaction_rule_generated,candidate_structure,Gold-V,admitted_reference,0.0,,smipoly-rdkit-role-v1,2026.03.4
chemical_06e9f4c62e1abef0,ds_smipoly_monomers,CID10566,csv:row=180;comID=CID10566,"2,3-dimethylbuta-1,3-diene",CC(=C)C(=C)C,C=C(C)C(=C)C,SDJHPPZKZZWAKF-UHFFFAOYSA-N,C6H10,C6H10,82.14,82.146,82.07825,0,6,0,0,0,0,0,0,0,unclassified,none,no_supported_TPU_role_rule_matched,unresolved,9,False,rdkit_validated,canonical_unique,BSD-3-Clause,reaction_rule_generated,candidate_structure,Gold-V,admitted_reference,0.0,,smipoly-rdkit-role-v1,2026.03.4
chemical_0745e4e6ccd7dbde,ds_smipoly_monomers,CID92464,csv:row=669;comID=CID92464,[3-(aminomethyl)-2-bicyclo[2.2.1]heptanyl]methanamine,C1CC2CC1C(C2CN)CN,NCC1C2CCC(C2)C1CN,RPYFJVIASOJLJS-UHFFFAOYSA-N,C9H18N2,C9H18N2,154.25,154.257,154.146999,0,11,0,0,2,0,0,0,0,diamine_chain_extender_candidate,rule_medium,amine_group_count>=2,tpuu_or_nipu_building_block,1,True,rdkit_validated,canonical_unique,BSD-3-Clause,reaction_rule_generated,candidate_structure,Gold-V,admitted_reference,0.0,,smipoly-rdkit-role-v1,2026.03.4
chemical_074e8232ef44edd7,ds_smipoly_monomers,CID73852,csv:row=494;comID=CID73852,"(2,4-dihydroxyphenyl)-(4-hydroxyphenyl)methanone",C1=CC(=CC=C1C(=O)C2=C(C=C(C=C2)O)O)O,O=C(c1ccc(O)cc1)c1ccc(O)cc1O,OKJFKPFBSPZTAH-UHFFFAOYSA-N,C13H10O4,C13H10O4,230.22,230.219,230.057909,0,17,0,3,0,0,0,0,0,polyol_crosslinker_candidate,rule_high,hydroxyl_group_count>=3,direct_tpu_building_block,1,True,rdkit_validated,canonical_unique,BSD-3-Clause,reaction_rule_generated,candidate_structure,Gold-V,admitted_reference,0.0,,smipoly-rdkit-role-v1,2026.03.4
chemical_0773c8346cadf070,ds_smipoly_monomers,CID11068996,csv:row=979;comID=CID11068996,[dimethyl-[2-(7-oxabicyclo[4.1.0]heptan-3-yl)ethyl]silyl]oxy-dimethyl-[2-(7-oxabicyclo[4.1.0]heptan-3-yl)ethyl]silane,C[Si](C)(CCC1CCC2C(C1)O2)O[Si](C)(C)CCC3CCC4C(C3)O4,C[Si](C)(CCC1CCC2OC2C1)O[Si](C)(C)CCC1CCC2OC2C1,UQOXIKVRXYCUMT-UHFFFAOYSA-N,C20H38O3Si2,C20H38O3Si2,382.7,382.693,382.235948,0,25,0,0,0,0,0,0,2,epoxy_polyol_precursor,rule_medium,epoxide_group_count>=1,polyol_synthesis_precursor,2,True,rdkit_validated,canonical_unique,BSD-3-Clause,reaction_rule_generated,candidate_structure,Gold-V,admitted_reference,0.0,,smipoly-rdkit-role-v1,2026.03.4
chemical_078a5f779a92f232,ds_smipoly_monomers,CID4362,csv:row=24;comID=CID4362,"1-ethylpyrrole-2,5-dione",CCN1C(=O)C=CC1=O,CCN1C(=O)C=CC1=O,HDFGOPSGAURCEO-UHFFFAOYSA-N,C6H7NO2,C6H7NO2,125.13,125.127,125.047678,0,9,0,0,0,0,0,0,0,unclassified,none,no_supported_TPU_role_rule_matched,unresolved,9,False,rdkit_validated,canonical_unique,BSD-3-Clause,reaction_rule_generated,candidate_structure,Gold-V,admitted_reference,0.0,,smipoly-rdkit-role-v1,2026.03.4
chemical_078b4299055fbcde,ds_smipoly_monomers,CID9837566,csv:row=957;comID=CID9837566,(2-methyl-2-adamantyl) 2-methylprop-2-enoate,CC(=C)C(=O)OC1(C2CC3CC(C2)CC1C3)C,C=C(C)C(=O)OC1(C)C2CC3CC(C2)CC1C3,FDYDISGSYGFRJM-UHFFFAOYSA-N,C15H22O2,C15H22O2,234.33,234.339,234.16198,0,17,0,0,0,0,0,0,0,unclassified,none,no_supported_TPU_role_rule_matched,unresolved,9,False,rdkit_validated,canonical_unique,BSD-3-Clause,reaction_rule_generated,candidate_structure,Gold-V,admitted_reference,0.0,,smipoly-rdkit-role-v1,2026.03.4
chemical_086b4bb141dd68a7,ds_smipoly_monomers,CID590830,csv:row=835;comID=CID590830,4-(4-carboxybenzoyl)benzoic acid,C1=CC(=CC=C1C(=O)C2=CC=C(C=C2)C(=O)O)C(=O)O,O=C(O)c1ccc(C(=O)c2ccc(C(=O)O)cc2)cc1,LFEWXDOYPCWFHR-UHFFFAOYSA-N,C15H10O5,C15H10O5,270.24,270.24,270.052823,0,20,0,0,0,0,2,0,0,polyester_polyol_precursor,rule_medium,carboxylic_acid_group_count>=2,polyol_synthesis_precursor,2,True,rdkit_validated,canonical_unique,BSD-3-Clause,reaction_rule_generated,candidate_structure,Gold-V,admitted_reference,0.0,,smipoly-rdkit-role-v1,2026.03.4
chemical_0895e6cd5136df6a,ds_smipoly_monomers,CID3764404,csv:row=919;comID=CID3764404,2-[4-[9-[4-(2-hydroxyethoxy)phenyl]fluoren-9-yl]phenoxy]ethanol,C1=CC=C2C(=C1)C3=CC=CC=C3C2(C4=CC=C(C=C4)OCCO)C5=CC=C(C=C5)OCCO,OCCOc1ccc(C2(c3ccc(OCCO)cc3)c3ccccc3-c3ccccc32)cc1,NQXNYVAALXGLQT-UHFFFAOYSA-N,C29H26O4,C29H26O4,438.5,438.523,438.183109,0,33,0,2,0,0,0,0,0,macrodiol_polyol_candidate,rule_medium,hydroxyl_group_count=2 and RDKit_MolWt>250,direct_tpu_building_block,1,True,rdkit_validated,canonical_unique,BSD-3-Clause,reaction_rule_generated,candidate_structure,Gold-V,admitted_reference,0.0,,smipoly-rdkit-role-v1,2026.03.4
chemical_089e85592f20a8d9,ds_smipoly_monomers,CID11384232,csv:row=991;comID=CID11384232,"2-[10-(1,3-dithiol-2-ylidene)-2-ethenylanthracen-9-ylidene]-1,3-dithiole",C=CC1=CC2=C(C=C1)C(=C3SC=CS3)C4=CC=CC=C4C2=C5SC=CS5,C=Cc1ccc2c(=C3SC=CS3)c3ccccc3c(=C3SC=CS3)c2c1,PVHQRJPHCJRMKB-UHFFFAOYSA-N,C22H14S4,C22H14S4,406.6,406.622,405.997834,0,26,0,0,0,0,0,0,0,unclassified,none,no_supported_TPU_role_rule_matched,unresolved,9,False,rdkit_validated,canonical_unique,BSD-3-Clause,reaction_rule_generated,candidate_structure,Gold-V,admitted_reference,0.0,,smipoly-rdkit-role-v1,2026.03.4
chemical_08f5ba03f5dd4b2c,ds_smipoly_monomers,CID9964364,csv:row=961;comID=CID9964364,(4-methyl-2-oxooxan-4-yl) 2-methylprop-2-enoate,CC(=C)C(=O)OC1(CCOC(=O)C1)C,C=C(C)C(=O)OC1(C)CCOC(=O)C1,JANRUIBBIKVUHU-UHFFFAOYSA-N,C10H14O4,C10H14O4,198.22,198.218,198.089209,0,14,0,0,0,0,0,0,0,unclassified,none,no_supported_TPU_role_rule_matched,unresolved,9,False,rdkit_validated,canonical_unique,BSD-3-Clause,reaction_rule_generated,candidate_structure,Gold-V,admitted_reference,0.0,,smipoly-rdkit-role-v1,2026.03.4
chemical_0941ace026d12402,ds_smipoly_monomers,CID3086113,csv:row=906;comID=CID3086113,"1-[4-[4-[2-[4-[4-(2,5-dioxopyrrol-1-yl)phenoxy]phenyl]propan-2-yl]phenoxy]phenyl]pyrrole-2,5-dione",CC(C)(C1=CC=C(C=C1)OC2=CC=C(C=C2)N3C(=O)C=CC3=O)C4=CC=C(C=C4)OC5=CC=C(C=C5)N6C(=O)C=CC6=O,CC(C)(c1ccc(Oc2ccc(N3C(=O)C=CC3=O)cc2)cc1)c1ccc(Oc2ccc(N3C(=O)C=CC3=O)cc2)cc1,XAZPKEBWNIUCKF-UHFFFAOYSA-N,C35H26N2O6,C35H26N2O6,570.6,570.601,570.179087,0,43,0,0,0,0,0,0,0,unclassified,none,no_supported_TPU_role_rule_matched,unresolved,9,False,rdkit_validated,canonical_unique,BSD-3-Clause,reaction_rule_generated,candidate_structure,Gold-V,admitted_reference,0.0,,smipoly-rdkit-role-v1,2026.03.4
chemical_09979d0584c270f2,ds_smipoly_monomers,CID12374,csv:row=210;comID=CID12374,"hexane-1,6-diol",C(CCCO)CCO,OCCCCCCO,XXMIOPMDWAUFGU-UHFFFAOYSA-N,C6H14O2,C6H14O2,118.17,118.176,118.09938,0,8,0,2,0,0,0,0,0,diol_chain_extender_candidate,rule_medium,hydroxyl_group_count=2 and RDKit_MolWt<=250,direct_tpu_building_block,1,True,rdkit_validated,canonical_unique,BSD-3-Clause,reaction_rule_generated,candidate_structure,Gold-V,admitted_reference,0.0,,smipoly-rdkit-role-v1,2026.03.4
chemical_09b2fd4fdbda1cc4,ds_smipoly_monomers,CID69629,csv:row=468;comID=CID69629,1-[ethenyl(ethoxy)phosphoryl]oxyethane,CCOP(=O)(C=C)OCC,C=CP(=O)(OCC)OCC,DREPONDJUKIQLX-UHFFFAOYSA-N,C6H13O3P,C6H13O3P,164.14,164.141,164.060231,0,10,0,0,0,0,0,0,0,unclassified,none,no_supported_TPU_role_rule_matched,unresolved,9,False,rdkit_validated,canonical_unique,BSD-3-Clause,reaction_rule_generated,candidate_structure,Gold-V,admitted_reference,0.0,,smipoly-rdkit-role-v1,2026.03.4
chemical_09d4ac15e38b8413,ds_smipoly_monomers,CID88855,csv:row=655;comID=CID88855,2-(2-methylprop-2-enoyloxy)ethyl 3-oxobutanoate,CC(=C)C(=O)OCCOC(=O)CC(=O)C,C=C(C)C(=O)OCCOC(=O)CC(C)=O,IBDVWXAVKPRHCU-UHFFFAOYSA-N,C10H14O5,C10H14O5,214.21,214.217,214.084124,0,15,0,0,0,0,0,0,0,unclassified,none,no_supported_TPU_role_rule_matched,unresolved,9,False,rdkit_validated,canonical_unique,BSD-3-Clause,reaction_rule_generated,candidate_structure,Gold-V,admitted_reference,0.0,,smipoly-rdkit-role-v1,2026.03.4
chemical_0a200070a50d2e04,ds_smipoly_monomers,CID17236,csv:row=299;comID=CID17236,benzyl 2-methylprop-2-enoate,CC(=C)C(=O)OCC1=CC=CC=C1,C=C(C)C(=O)OCc1ccccc1,AOJOEFVRHOZDFN-UHFFFAOYSA-N,C11H12O2,C11H12O2,176.21,176.215,176.08373,0,13,0,0,0,0,0,0,0,unclassified,none,no_supported_TPU_role_rule_matched,unresolved,9,False,rdkit_validated,canonical_unique,BSD-3-Clause,reaction_rule_generated,candidate_structure,Gold-V,admitted_reference,0.0,,smipoly-rdkit-role-v1,2026.03.4
chemical_0a64a5b78e1d8437,ds_smipoly_monomers,CID15390,csv:row=262;comID=CID15390,tris(prop-2-enyl) phosphate,C=CCOP(=O)(OCC=C)OCC=C,C=CCOP(=O)(OCC=C)OCC=C,XHGIFBQQEGRTPB-UHFFFAOYSA-N,C9H15O4P,C9H15O4P,218.19,218.189,218.070796,0,14,0,0,0,0,0,0,0,unclassified,none,no_supported_TPU_role_rule_matched,unresolved,9,False,rdkit_validated,canonical_unique,BSD-3-Clause,reaction_rule_generated,candidate_structure,Gold-V,admitted_reference,0.0,,smipoly-rdkit-role-v1,2026.03.4
chemical_0a95abdfdef036e2,ds_smipoly_monomers,CID21896341,csv:row=1049;comID=CID21896341,(1-ethylcyclopentyl) prop-2-enoate,CCC1(CCCC1)OC(=O)C=C,C=CC(=O)OC1(CC)CCCC1,FDOANYJWOYTZAP-UHFFFAOYSA-N,C10H16O2,C10H16O2,168.23,168.236,168.11503,0,12,0,0,0,0,0,0,0,unclassified,none,no_supported_TPU_role_rule_matched,unresolved,9,False,rdkit_validated,canonical_unique,BSD-3-Clause,reaction_rule_generated,candidate_structure,Gold-V,admitted_reference,0.0,,smipoly-rdkit-role-v1,2026.03.4
chemical_0a9d4a0d496827b7,ds_smipoly_monomers,CID11480968,csv:row=996;comID=CID11480968,"furan-2,5-dicarbonyl chloride",C1=C(OC(=C1)C(=O)Cl)C(=O)Cl,O=C(Cl)c1ccc(C(=O)Cl)o1,PDSULNVJASBMLP-UHFFFAOYSA-N,C6H2Cl2O3,C6H2Cl2O3,192.98,192.985,191.938099,0,11,0,0,0,0,0,0,0,unclassified,none,no_supported_TPU_role_rule_matched,unresolved,9,False,rdkit_validated,canonical_unique,BSD-3-Clause,reaction_rule_generated,candidate_structure,Gold-V,admitted_reference,0.0,,smipoly-rdkit-role-v1,2026.03.4
chemical_0aee6308d7d628b2,ds_smipoly_monomers,CID11194,csv:row=189;comID=CID11194,3-prop-2-enoxyprop-1-ene,C=CCOCC=C,C=CCOCC=C,ATVJXMYDOSMEPO-UHFFFAOYSA-N,C6H10O,C6H10O,98.14,98.145,98.073165,0,7,0,0,0,0,0,0,0,unclassified,none,no_supported_TPU_role_rule_matched,unresolved,9,False,rdkit_validated,canonical_unique,BSD-3-Clause,reaction_rule_generated,candidate_structure,Gold-V,admitted_reference,0.0,,smipoly-rdkit-role-v1,2026.03.4
chemical_0b40b8cbf36b583e,ds_smipoly_monomers,CID84677,csv:row=631;comID=CID84677,"4-[2,2-dichloro-1-(4-hydroxyphenyl)ethenyl]phenol",C1=CC(=CC=C1C(=C(Cl)Cl)C2=CC=C(C=C2)O)O,Oc1ccc(C(=C(Cl)Cl)c2ccc(O)cc2)cc1,OWEYKIWAZBBXJK-UHFFFAOYSA-N,C14H10Cl2O2,C14H10Cl2O2,281.1,281.138,280.005785,0,18,0,2,0,0,0,0,0,macrodiol_polyol_candidate,rule_medium,hydroxyl_group_count=2 and RDKit_MolWt>250,direct_tpu_building_block,1,True,rdkit_validated,canonical_unique,BSD-3-Clause,reaction_rule_generated,candidate_structure,Gold-V,admitted_reference,0.0,,smipoly-rdkit-role-v1,2026.03.4
chemical_0b5618958fa8146d,ds_smipoly_monomers,CID3016467,csv:row=900;comID=CID3016467,2-[2-(2-methoxyethoxy)ethoxy]ethyl prop-2-enoate,COCCOCCOCCOC(=O)C=C,C=CC(=O)OCCOCCOCCOC,NMLCFUMBGQIRJX-UHFFFAOYSA-N,C10H18O5,C10H18O5,218.25,218.249,218.115424,0,15,0,0,0,0,0,0,0,unclassified,none,no_supported_TPU_role_rule_matched,unresolved,9,False,rdkit_validated,canonical_unique,BSD-3-Clause,reaction_rule_generated,candidate_structure,Gold-V,admitted_reference,0.0,,smipoly-rdkit-role-v1,2026.03.4
chemical_0be640a2ebf45212,ds_smipoly_monomers,CID102295,csv:row=702;comID=CID102295,ethenyl-(ethenyl-methyl-phenylsilyl)oxy-methyl-phenylsilane,C[Si](C=C)(C1=CC=CC=C1)O[Si](C)(C=C)C2=CC=CC=C2,C=C[Si](C)(O[Si](C)(C=C)c1ccccc1)c1ccccc1,KPWVUBSQUODFPP-UHFFFAOYSA-N,C18H22OSi2,C18H22OSi2,310.5,310.545,310.120918,0,21,0,0,0,0,0,0,0,unclassified,none,no_supported_TPU_role_rule_matched,unresolved,9,False,rdkit_validated,canonical_unique,BSD-3-Clause,reaction_rule_generated,candidate_structure,Gold-V,admitted_reference,0.0,,smipoly-rdkit-role-v1,2026.03.4
chemical_0c4a75c2b81a3be4,ds_smipoly_monomers,CID73121,csv:row=492;comID=CID73121,"3-[3,5-bis(2-carboxyethyl)-2,4,6-trioxo-1,3,5-triazinan-1-yl]propanoic acid",C(CN1C(=O)N(C(=O)N(C1=O)CCC(=O)O)CCC(=O)O)C(=O)O,O=C(O)CCn1c(=O)n(CCC(=O)O)c(=O)n(CCC(=O)O)c1=O,HENCHDCLZDQGIQ-UHFFFAOYSA-N,C12H15N3O9,C12H15N3O9,345.26,345.264,345.080829,0,24,0,0,0,0,3,0,0,polyester_polyol_precursor,rule_medium,carboxylic_acid_group_count>=2,polyol_synthesis_precursor,2,True,rdkit_validated,canonical_unique,BSD-3-Clause,reaction_rule_generated,candidate_structure,Gold-V,admitted_reference,0.0,,smipoly-rdkit-role-v1,2026.03.4
chemical_0c6a0f016daf074c,ds_smipoly_monomers,CID250075,csv:row=788;comID=CID250075,methyl bicyclo[2.2.1]hept-5-ene-2-carboxylate,COC(=O)C1CC2CC1C=C2,COC(=O)C1CC2C=CC1C2,RMAZRAQKPTXZNL-UHFFFAOYSA-N,C9H12O2,C9H12O2,152.19,152.193,152.08373,0,11,0,0,0,0,0,0,0,unclassified,none,no_supported_TPU_role_rule_matched,unresolved,9,False,rdkit_validated,canonical_unique,BSD-3-Clause,reaction_rule_generated,candidate_structure,Gold-V,admitted_reference,0.0,,smipoly-rdkit-role-v1,2026.03.4
chemical_0c72419207c06b93,ds_smipoly_monomers,CID6567,csv:row=38;comID=CID6567,"propane-1,2-diamine",CC(CN)N,CC(N)CN,AOHJOMMDDJHIJH-UHFFFAOYSA-N,C3H10N2,C3H10N2,74.13,74.127,74.084398,0,5,0,0,2,0,0,0,0,diamine_chain_extender_candidate,rule_medium,amine_group_count>=2,tpuu_or_nipu_building_block,1,True,rdkit_validated,canonical_unique,BSD-3-Clause,reaction_rule_generated,candidate_structure,Gold-V,admitted_reference,0.0,,smipoly-rdkit-role-v1,2026.03.4
chemical_0ca24cb22676d8d5,ds_smipoly_monomers,CID2775819,csv:row=889;comID=CID2775819,"2-(2,2,3,3,4,4,5,5,5-nonafluoropentyl)oxirane",C1C(O1)CC(C(C(C(F)(F)F)(F)F)(F)F)(F)F,FC(F)(F)C(F)(F)C(F)(F)C(F)(F)CC1CO1,WUKHWLIEBSRTRH-UHFFFAOYSA-N,C7H5F9O,C7H5F9O,276.1,276.098,276.019669,0,17,0,0,0,0,0,0,1,epoxy_polyol_precursor,rule_medium,epoxide_group_count>=1,polyol_synthesis_precursor,2,True,rdkit_validated,canonical_unique,BSD-3-Clause,reaction_rule_generated,candidate_structure,Gold-V,admitted_reference,0.0,,smipoly-rdkit-role-v1,2026.03.4
chemical_0cd900398abf1a0b,ds_smipoly_monomers,CID18298,csv:row=326;comID=CID18298,cyclohexyl prop-2-enoate,C=CC(=O)OC1CCCCC1,C=CC(=O)OC1CCCCC1,KBLWLMPSVYBVDK-UHFFFAOYSA-N,C9H14O2,C9H14O2,154.21,154.209,154.09938,0,11,0,0,0,0,0,0,0,unclassified,none,no_supported_TPU_role_rule_matched,unresolved,9,False,rdkit_validated,canonical_unique,BSD-3-Clause,reaction_rule_generated,candidate_structure,Gold-V,admitted_reference,0.0,,smipoly-rdkit-role-v1,2026.03.4
chemical_0cf846b2f4c4c779,ds_smipoly_monomers,CID65432,csv:row=416;comID=CID65432,"1,4-dioxane-2,5-dione",C1C(=O)OCC(=O)O1,O=C1COC(=O)CO1,RKDVKSZUMVYZHH-UHFFFAOYSA-N,C4H4O4,C4H4O4,116.07,116.072,116.010959,0,8,0,0,0,0,0,0,0,unclassified,none,no_supported_TPU_role_rule_matched,unresolved,9,False,rdkit_validated,canonical_unique,BSD-3-Clause,reaction_rule_generated,candidate_structure,Gold-V,admitted_reference,0.0,,smipoly-rdkit-role-v1,2026.03.4
chemical_0d637f6ad57a29a5,ds_smipoly_monomers,CID75227,csv:row=521;comID=CID75227,1-ethenylazepan-2-one,C=CN1CCCCCC1=O,C=CN1CCCCCC1=O,JWYVGKFDLWWQJX-UHFFFAOYSA-N,C8H13NO,C8H13NO,139.19,139.198,139.099714,0,10,0,0,0,0,0,0,0,unclassified,none,no_supported_TPU_role_rule_matched,unresolved,9,False,rdkit_validated,canonical_unique,BSD-3-Clause,reaction_rule_generated,candidate_structure,Gold-V,admitted_reference,0.0,,smipoly-rdkit-role-v1,2026.03.4
chemical_0df4b8a1ecb0bfe5,ds_smipoly_monomers,CID220082,csv:row=777;comID=CID220082,2-chloro-4-(3-chloro-4-isocyanatophenyl)-1-isocyanatobenzene,C1=CC(=C(C=C1C2=CC(=C(C=C2)N=C=O)Cl)Cl)N=C=O,O=C=Nc1ccc(-c2ccc(N=C=O)c(Cl)c2)cc1Cl,JITXMLLVGWGFGV-UHFFFAOYSA-N,C14H6Cl2N2O2,C14H6Cl2N2O2,305.1,305.12,303.980633,0,20,2,0,0,0,0,0,0,di_polyisocyanate_candidate,rule_high,isocyanate_group_count>=2,direct_tpu_building_block,1,True,rdkit_validated,canonical_unique,BSD-3-Clause,reaction_rule_generated,candidate_structure,Gold-V,admitted_reference,0.0,,smipoly-rdkit-role-v1,2026.03.4
chemical_0e0ed2b15a896290,ds_smipoly_monomers,CID74204,csv:row=501;comID=CID74204,"1-benzylpyrrole-2,5-dione",C1=CC=C(C=C1)CN2C(=O)C=CC2=O,O=C1C=CC(=O)N1Cc1ccccc1,MKRBAPNEJMFMHU-UHFFFAOYSA-N,C11H9NO2,C11H9NO2,187.19,187.198,187.063329,0,14,0,0,0,0,0,0,0,unclassified,none,no_supported_TPU_role_rule_matched,unresolved,9,False,rdkit_validated,canonical_unique,BSD-3-Clause,reaction_rule_generated,candidate_structure,Gold-V,admitted_reference,0.0,,smipoly-rdkit-role-v1,2026.03.4
chemical_0e7039d95cc42ad5,ds_smipoly_monomers,CID15388,csv:row=261;comID=CID15388,"1,1,1,2,2,3,3-heptafluoro-3-(1,2,2-trifluoroethenoxy)propane",C(=C(F)F)(OC(C(C(F)(F)F)(F)F)(F)F)F,FC(F)=C(F)OC(F)(F)C(F)(F)C(F)(F)F,KHXKESCWFMPTFT-UHFFFAOYSA-N,C5F10O,C5F10O,266.04,266.034,265.978947,0,16,0,0,0,0,0,0,0,unclassified,none,no_supported_TPU_role_rule_matched,unresolved,9,False,rdkit_validated,canonical_unique,BSD-3-Clause,reaction_rule_generated,candidate_structure,Gold-V,admitted_reference,0.0,,smipoly-rdkit-role-v1,2026.03.4
chemical_0eb716c4d77b2f3b,ds_smipoly_monomers,CID8560,csv:row=149;comID=CID8560,"bis(prop-2-enyl) benzene-1,2-dicarboxylate",C=CCOC(=O)C1=CC=CC=C1C(=O)OCC=C,C=CCOC(=O)c1ccccc1C(=O)OCC=C,QUDWYFHPNIMBFC-UHFFFAOYSA-N,C14H14O4,C14H14O4,246.26,246.262,246.089209,0,18,0,0,0,0,0,0,0,unclassified,none,no_supported_TPU_role_rule_matched,unresolved,9,False,rdkit_validated,canonical_unique,BSD-3-Clause,reaction_rule_generated,candidate_structure,Gold-V,admitted_reference,0.0,,smipoly-rdkit-role-v1,2026.03.4
chemical_0ee72198c1bf1fd9,ds_smipoly_monomers,CID11617,csv:row=202;comID=CID11617,3-prop-2-enylsulfanylprop-1-ene,C=CCSCC=C,C=CCSCC=C,UBJVUCKUDDKUJF-UHFFFAOYSA-N,C6H10S,C6H10S,114.21,114.213,114.050321,0,7,0,0,0,0,0,0,0,unclassified,none,no_supported_TPU_role_rule_matched,unresolved,9,False,rdkit_validated,canonical_unique,BSD-3-Clause,reaction_rule_generated,candidate_structure,Gold-V,admitted_reference,0.0,,smipoly-rdkit-role-v1,2026.03.4
chemical_0ef54b8a2ffa1df0,ds_smipoly_monomers,CID14272,csv:row=251;comID=CID14272,3-ethenylpyridine,C=CC1=CN=CC=C1,C=Cc1cccnc1,DPZYLEIWHTWHCU-UHFFFAOYSA-N,C7H7N,C7H7N,105.14,105.14,105.057849,0,8,0,0,0,0,0,0,0,unclassified,none,no_supported_TPU_role_rule_matched,unresolved,9,False,rdkit_validated,canonical_unique,BSD-3-Clause,reaction_rule_generated,candidate_structure,Gold-V,admitted_reference,0.0,,smipoly-rdkit-role-v1,2026.03.4
chemical_0f1ffdae3ee9a442,ds_smipoly_monomers,CID18689,csv:row=335;comID=CID18689,"2,2-bis(2-methylprop-2-enoyloxymethyl)butyl 2-methylprop-2-enoate",CCC(COC(=O)C(=C)C)(COC(=O)C(=C)C)COC(=O)C(=C)C,C=C(C)C(=O)OCC(CC)(COC(=O)C(=C)C)COC(=O)C(=C)C,OKKRPWIIYQTPQF-UHFFFAOYSA-N,C18H26O6,C18H26O6,338.4,338.4,338.172939,0,24,0,0,0,0,0,0,0,unclassified,none,no_supported_TPU_role_rule_matched,unresolved,9,False,rdkit_validated,canonical_unique,BSD-3-Clause,reaction_rule_generated,candidate_structure,Gold-V,admitted_reference,0.0,,smipoly-rdkit-role-v1,2026.03.4
chemical_0f316b28a3bac240,ds_smipoly_monomers,CID69392,csv:row=464;comID=CID69392,3-methoxyprop-1-ene,COCC=C,C=CCOC,FASUFOTUSHAIHG-UHFFFAOYSA-N,C4H8O,C4H8O,72.11,72.107,72.057515,0,5,0,0,0,0,0,0,0,unclassified,none,no_supported_TPU_role_rule_matched,unresolved,9,False,rdkit_validated,canonical_unique,BSD-3-Clause,reaction_rule_generated,candidate_structure,Gold-V,admitted_reference,0.0,,smipoly-rdkit-role-v1,2026.03.4
chemical_0ff25615d7ad4936,ds_smipoly_monomers,CID77035,csv:row=560;comID=CID77035,"2-ethenylisoindole-1,3-dione",C=CN1C(=O)C2=CC=CC=C2C1=O,C=CN1C(=O)c2ccccc2C1=O,IGDLZDCWMRPMGL-UHFFFAOYSA-N,C10H7NO2,C10H7NO2,173.17,173.171,173.047678,0,13,0,0,0,0,0,0,0,unclassified,none,no_supported_TPU_role_rule_matched,unresolved,9,False,rdkit_validated,canonical_unique,BSD-3-Clause,reaction_rule_generated,candidate_structure,Gold-V,admitted_reference,0.0,,smipoly-rdkit-role-v1,2026.03.4
chemical_0ffbd7df8c646969,ds_smipoly_monomers,CID12995,csv:row=220;comID=CID12995,2-ethenoxyethanol,C=COCCO,C=COCCO,VUIWJRYTWUGOOF-UHFFFAOYSA-N,C4H8O2,C4H8O2,88.11,88.106,88.052429,0,6,0,1,0,0,0,0,0,monool_model_compound,rule_medium,hydroxyl_group_count=1,adjacent_model_compound,3,True,rdkit_validated,canonical_unique,BSD-3-Clause,reaction_rule_generated,candidate_structure,Gold-V,admitted_reference,0.0,,smipoly-rdkit-role-v1,2026.03.4
chemical_10d836af9c4349f4,ds_smipoly_monomers,CID2733648,csv:row=877;comID=CID2733648,"4,6-diaminobenzene-1,3-diol;dihydrochloride",C1=C(C(=CC(=C1N)O)O)N.Cl.Cl,Cl.Cl.Nc1cc(N)c(O)cc1O,KUMOYHHELWKOCB-UHFFFAOYSA-N,C6H10Cl2N2O2,C6H10Cl2N2O2,213.06,213.064,212.011933,0,12,0,2,2,0,0,0,0,diol_chain_extender_candidate,rule_medium,hydroxyl_group_count=2 and RDKit_MolWt<=250,direct_tpu_building_block,1,True,rdkit_validated,canonical_unique,BSD-3-Clause,reaction_rule_generated,candidate_structure,Gold-V,admitted_reference,0.0,,smipoly-rdkit-role-v1,2026.03.4
chemical_1102145bb135a21c,ds_smipoly_monomers,CID10273,csv:row=171;comID=CID10273,"pyridine-3,4-dicarboxylic acid",C1=CN=CC(=C1C(=O)O)C(=O)O,O=C(O)c1ccncc1C(=O)O,MUYSADWCWFFZKR-UHFFFAOYSA-N,C7H5NO4,C7H5NO4,167.12,167.12,167.021858,0,12,0,0,0,0,2,0,0,polyester_polyol_precursor,rule_medium,carboxylic_acid_group_count>=2,polyol_synthesis_precursor,2,True,rdkit_validated,canonical_unique,BSD-3-Clause,reaction_rule_generated,candidate_structure,Gold-V,admitted_reference,0.0,,smipoly-rdkit-role-v1,2026.03.4
chemical_113a464121b06751,ds_smipoly_monomers,CID16637,csv:row=278;comID=CID16637,N-propan-2-ylprop-2-enamide,CC(C)NC(=O)C=C,C=CC(=O)NC(C)C,QNILTEGFHQSKFF-UHFFFAOYSA-N,C6H11NO,C6H11NO,113.16,113.16,113.084064,0,8,0,0,0,0,0,0,0,unclassified,none,no_supported_TPU_role_rule_matched,unresolved,9,False,rdkit_validated,canonical_unique,BSD-3-Clause,reaction_rule_generated,candidate_structure,Gold-V,admitted_reference,0.0,,smipoly-rdkit-role-v1,2026.03.4
chemical_11b337929bc3d3fb,ds_smipoly_monomers,CID83310,csv:row=622;comID=CID83310,"4-(4-hydroxy-3,5-dimethylphenyl)sulfonyl-2,6-dimethylphenol",CC1=CC(=CC(=C1O)C)S(=O)(=O)C2=CC(=C(C(=C2)C)O)C,Cc1cc(S(=O)(=O)c2cc(C)c(O)c(C)c2)cc(C)c1O,SUCTVKDVODFXFX-UHFFFAOYSA-N,C16H18O4S,C16H18O4S,306.4,306.383,306.09258,0,21,0,2,0,0,0,0,0,macrodiol_polyol_candidate,rule_medium,hydroxyl_group_count=2 and RDKit_MolWt>250,direct_tpu_building_block,1,True,rdkit_validated,canonical_unique,BSD-3-Clause,reaction_rule_generated,candidate_structure,Gold-V,admitted_reference,0.0,,smipoly-rdkit-role-v1,2026.03.4
chemical_11b361e9e0697ec4,ds_smipoly_monomers,CID101059,csv:row=699;comID=CID101059,"(2,3,4,5,6-pentabromophenyl)methyl prop-2-enoate",C=CC(=O)OCC1=C(C(=C(C(=C1Br)Br)Br)Br)Br,C=CC(=O)OCc1c(Br)c(Br)c(Br)c(Br)c1Br,GRKDVZMVHOLESV-UHFFFAOYSA-N,C10H5Br5O2,C10H5Br5O2,556.7,556.668,551.62064,0,17,0,0,0,0,0,0,0,unclassified,none,no_supported_TPU_role_rule_matched,unresolved,9,False,rdkit_validated,canonical_unique,BSD-3-Clause,reaction_rule_generated,candidate_structure,Gold-V,admitted_reference,0.0,,smipoly-rdkit-role-v1,2026.03.4
chemical_11bee9fa3191aad0,ds_smipoly_monomers,CID83666,csv:row=626;comID=CID83666,"2,2,3,3,4,4,4-heptafluorobutyl 2-methylprop-2-enoate",CC(=C)C(=O)OCC(C(C(F)(F)F)(F)F)(F)F,C=C(C)C(=O)OCC(F)(F)C(F)(F)C(F)(F)F,VIEHKBXCWMMOOU-UHFFFAOYSA-N,C8H7F7O2,C8H7F7O2,268.13,268.128,268.033427,0,17,0,0,0,0,0,0,0,unclassified,none,no_supported_TPU_role_rule_matched,unresolved,9,False,rdkit_validated,canonical_unique,BSD-3-Clause,reaction_rule_generated,candidate_structure,Gold-V,admitted_reference,0.0,,smipoly-rdkit-role-v1,2026.03.4
chemical_124d77751f62d0b2,ds_smipoly_monomers,CID181508,csv:row=771;comID=CID181508,"(2,5-dioxopyrrolidin-1-yl) prop-2-enoate",C=CC(=O)ON1C(=O)CCC1=O,C=CC(=O)ON1C(=O)CCC1=O,YXMISKNUHHOXFT-UHFFFAOYSA-N,C7H7NO4,C7H7NO4,169.13,169.136,169.037508,0,12,0,0,0,0,0,0,0,unclassified,none,no_supported_TPU_role_rule_matched,unresolved,9,False,rdkit_validated,canonical_unique,BSD-3-Clause,reaction_rule_generated,candidate_structure,Gold-V,admitted_reference,0.0,,smipoly-rdkit-role-v1,2026.03.4
chemical_12a1d4f0d574af2f,ds_smipoly_monomers,CID138112368,csv:row=1084;comID=CID138112368,butyl-dimethyl-[2-(2-methylprop-2-enoyloxy)ethyl]azanium;trifluoro-(trifluoromethylsulfonyl-lambda2-azanyl)sulfonylmethane,CCCC[N+](C)(C)CCOC(=O)C(=C)C.C(F)(F)(F)S(=O)(=O)[N]S(=O)(=O)C(F)(F)F,C=C(C)C(=O)OCC[N+](C)(C)CCCC.O=S(=O)([N]S(=O)(=O)C(F)(F)F)C(F)(F)F,GPRYZHIZCUEIMH-UHFFFAOYSA-N,C14H24F6N2O6S2+,C14H24F6N2O6S2+,494.5,494.476,494.097449,1,30,0,0,0,0,0,0,0,unclassified,none,no_supported_TPU_role_rule_matched,unresolved,9,False,rdkit_validated,canonical_unique,BSD-3-Clause,reaction_rule_generated,candidate_structure,Gold-V,admitted_reference,0.0,,smipoly-rdkit-role-v1,2026.03.4
chemical_13161ee274ef027d,ds_smipoly_monomers,CID7579,csv:row=90;comID=CID7579,4-(4-aminophenoxy)aniline,C1=CC(=CC=C1N)OC2=CC=C(C=C2)N,Nc1ccc(Oc2ccc(N)cc2)cc1,HLBLWEWZXPIGSM-UHFFFAOYSA-N,C12H12N2O,C12H12N2O,200.24,200.241,200.094963,0,15,0,0,2,0,0,0,0,diamine_chain_extender_candidate,rule_medium,amine_group_count>=2,tpuu_or_nipu_building_block,1,True,rdkit_validated,canonical_unique,BSD-3-Clause,reaction_rule_generated,candidate_structure,Gold-V,admitted_reference,0.0,,smipoly-rdkit-role-v1,2026.03.4
chemical_131b9112e90df086,ds_smipoly_monomers,CID70582,csv:row=484;comID=CID70582,"4-(4-amino-2,3,5,6-tetrafluorophenyl)-2,3,5,6-tetrafluoroaniline",C1(=C(C(=C(C(=C1F)F)N)F)F)C2=C(C(=C(C(=C2F)F)N)F)F,Nc1c(F)c(F)c(-c2c(F)c(F)c(N)c(F)c2F)c(F)c1F,FWOLORXQTIGHFX-UHFFFAOYSA-N,C12H4F8N2,C12H4F8N2,328.16,328.162,328.024674,0,22,0,0,2,0,0,0,0,diamine_chain_extender_candidate,rule_medium,amine_group_count>=2,tpuu_or_nipu_building_block,1,True,rdkit_validated,canonical_unique,BSD-3-Clause,reaction_rule_generated,candidate_structure,Gold-V,admitted_reference,0.0,,smipoly-rdkit-role-v1,2026.03.4
chemical_13bf11eecb8b2130,ds_smipoly_monomers,CID76109,csv:row=541;comID=CID76109,1-ethenyl-2-methylimidazole,CC1=NC=CN1C=C,C=Cn1ccnc1C,BDHGFCVQWMDIQX-UHFFFAOYSA-N,C6H8N2,C6H8N2,108.14,108.144,108.068748,0,8,0,0,0,0,0,0,0,unclassified,none,no_supported_TPU_role_rule_matched,unresolved,9,False,rdkit_validated,canonical_unique,BSD-3-Clause,reaction_rule_generated,candidate_structure,Gold-V,admitted_reference,0.0,,smipoly-rdkit-role-v1,2026.03.4
chemical_13d5c9a78bf5a78e,ds_smipoly_monomers,CID78738,csv:row=578;comID=CID78738,trimethyl-[2-(2-methylprop-2-enoyloxy)ethyl]azanium;chloride,CC(=C)C(=O)OCC[N+](C)(C)C.[Cl-],C=C(C)C(=O)OCC[N+](C)(C)C.[Cl-],RRHXZLALVWBDKH-UHFFFAOYSA-M,C9H18ClNO2,C9H18ClNO2,207.7,207.701,207.102606,0,13,0,0,0,0,0,0,0,unclassified,none,no_supported_TPU_role_rule_matched,unresolved,9,False,rdkit_validated,canonical_unique,BSD-3-Clause,reaction_rule_generated,candidate_structure,Gold-V,admitted_reference,0.0,,smipoly-rdkit-role-v1,2026.03.4
chemical_140131e53de47d55,ds_smipoly_monomers,CID4443516,csv:row=930;comID=CID4443516,(2-hydroxy-3-phenoxypropyl) prop-2-enoate,C=CC(=O)OCC(COC1=CC=CC=C1)O,C=CC(=O)OCC(O)COc1ccccc1,HHQAGBQXOWLTLL-UHFFFAOYSA-N,C12H14O4,C12H14O4,222.24,222.24,222.089209,0,16,0,1,0,0,0,0,0,monool_model_compound,rule_medium,hydroxyl_group_count=1,adjacent_model_compound,3,True,rdkit_validated,canonical_unique,BSD-3-Clause,reaction_rule_generated,candidate_structure,Gold-V,admitted_reference,0.0,,smipoly-rdkit-role-v1,2026.03.4
chemical_14435b99c29b595e,ds_smipoly_monomers,CID2759527,csv:row=884;comID=CID2759527,3-[chloro(dimethyl)silyl]propyl 2-methylprop-2-enoate,CC(=C)C(=O)OCCC[Si](C)(C)Cl,C=C(C)C(=O)OCCC[Si](C)(C)Cl,OKQXCDUCLYWRHA-UHFFFAOYSA-N,C9H17ClO2Si,C9H17ClO2Si,220.77,220.772,220.068634,0,13,0,0,0,0,0,0,0,unclassified,none,no_supported_TPU_role_rule_matched,unresolved,9,False,rdkit_validated,canonical_unique,BSD-3-Clause,reaction_rule_generated,candidate_structure,Gold-V,admitted_reference,0.0,,smipoly-rdkit-role-v1,2026.03.4
chemical_1455ec96ebc79bd5,ds_smipoly_monomers,CID75027,csv:row=513;comID=CID75027,prop-2-enylcyclohexane,C=CCC1CCCCC1,C=CCC1CCCCC1,KVOZXXSUSRZIKD-UHFFFAOYSA-N,C9H16,C9H16,124.22,124.227,124.125201,0,9,0,0,0,0,0,0,0,unclassified,none,no_supported_TPU_role_rule_matched,unresolved,9,False,rdkit_validated,canonical_unique,BSD-3-Clause,reaction_rule_generated,candidate_structure,Gold-V,admitted_reference,0.0,,smipoly-rdkit-role-v1,2026.03.4
chemical_14646d05740028a1,ds_smipoly_monomers,CID9582,csv:row=168;comID=CID9582,bis(4-fluorophenyl)methanone,C1=CC(=CC=C1C(=O)C2=CC=C(C=C2)F)F,O=C(c1ccc(F)cc1)c1ccc(F)cc1,LSQARZALBDFYQZ-UHFFFAOYSA-N,C13H8F2O,C13H8F2O,218.2,218.202,218.054321,0,16,0,0,0,0,0,0,0,unclassified,none,no_supported_TPU_role_rule_matched,unresolved,9,False,rdkit_validated,canonical_unique,BSD-3-Clause,reaction_rule_generated,candidate_structure,Gold-V,admitted_reference,0.0,,smipoly-rdkit-role-v1,2026.03.4
chemical_14a296eb48b0bd55,ds_smipoly_monomers,CID12070475,csv:row=1006;comID=CID12070475,3-(hydroxymethyl)adamantan-1-ol,C1C2CC3(CC1CC(C2)(C3)O)CO,OCC12CC3CC(CC(O)(C3)C1)C2,FORAJDRXEYKDFJ-UHFFFAOYSA-N,C11H18O2,C11H18O2,182.26,182.263,182.13068,0,13,0,2,0,0,0,0,0,diol_chain_extender_candidate,rule_medium,hydroxyl_group_count=2 and RDKit_MolWt<=250,direct_tpu_building_block,1,True,rdkit_validated,canonical_unique,BSD-3-Clause,reaction_rule_generated,candidate_structure,Gold-V,admitted_reference,0.0,,smipoly-rdkit-role-v1,2026.03.4
chemical_15555d3a34168084,ds_smipoly_monomers,CID67640,csv:row=440;comID=CID67640,"2,2,3,3,4,4,5,5-octafluorohexanedioic acid",C(=O)(C(C(C(C(C(=O)O)(F)F)(F)F)(F)F)(F)F)O,O=C(O)C(F)(F)C(F)(F)C(F)(F)C(F)(F)C(=O)O,AXRSOGFYDSXLQX-UHFFFAOYSA-N,C6H2F8O4,C6H2F8O4,290.06,290.062,289.982534,0,18,0,0,0,0,2,0,0,polyester_polyol_precursor,rule_medium,carboxylic_acid_group_count>=2,polyol_synthesis_precursor,2,True,rdkit_validated,canonical_unique,BSD-3-Clause,reaction_rule_generated,candidate_structure,Gold-V,admitted_reference,0.0,,smipoly-rdkit-role-v1,2026.03.4
chemical_1574956eaf96e57f,ds_smipoly_monomers,CID18000579,csv:row=1038;comID=CID18000579,(1-ethylcyclopentyl) 2-methylprop-2-enoate,CCC1(CCCC1)OC(=O)C(=C)C,C=C(C)C(=O)OC1(CC)CCCC1,FMEBJQQRPGHVOR-UHFFFAOYSA-N,C11H18O2,C11H18O2,182.26,182.263,182.13068,0,13,0,0,0,0,0,0,0,unclassified,none,no_supported_TPU_role_rule_matched,unresolved,9,False,rdkit_validated,canonical_unique,BSD-3-Clause,reaction_rule_generated,candidate_structure,Gold-V,admitted_reference,0.0,,smipoly-rdkit-role-v1,2026.03.4
chemical_15caa0cb256f459f,ds_smipoly_monomers,CID122600,csv:row=729;comID=CID122600,octadecyl 2-methylprop-2-enoate,CCCCCCCCCCCCCCCCCCOC(=O)C(=C)C,C=C(C)C(=O)OCCCCCCCCCCCCCCCCCC,HMZGPNHSPWNGEP-UHFFFAOYSA-N,C22H42O2,C22H42O2,338.6,338.576,338.318481,0,24,0,0,0,0,0,0,0,unclassified,none,no_supported_TPU_role_rule_matched,unresolved,9,False,rdkit_validated,canonical_unique,BSD-3-Clause,reaction_rule_generated,candidate_structure,Gold-V,admitted_reference,0.0,,smipoly-rdkit-role-v1,2026.03.4
chemical_15dc9fb9804dfe51,ds_smipoly_monomers,CID82695,csv:row=617;comID=CID82695,diphenyl-bis(prop-2-enyl)silane,C=CC[Si](CC=C)(C1=CC=CC=C1)C2=CC=CC=C2,C=CC[Si](CC=C)(c1ccccc1)c1ccccc1,ZODWTWYKYYGSFS-UHFFFAOYSA-N,C18H20Si,C18H20Si,264.4,264.444,264.133427,0,19,0,0,0,0,0,0,0,unclassified,none,no_supported_TPU_role_rule_matched,unresolved,9,False,rdkit_validated,canonical_unique,BSD-3-Clause,reaction_rule_generated,candidate_structure,Gold-V,admitted_reference,0.0,,smipoly-rdkit-role-v1,2026.03.4
chemical_15ebbdf165f7af25,ds_smipoly_monomers,CID81466,csv:row=601;comID=CID81466,2-methoxyethyl 2-methylprop-2-enoate,CC(=C)C(=O)OCCOC,C=C(C)C(=O)OCCOC,YXYJVFYWCLAXHO-UHFFFAOYSA-N,C7H12O3,C7H12O3,144.17,144.17,144.078644,0,10,0,0,0,0,0,0,0,unclassified,none,no_supported_TPU_role_rule_matched,unresolved,9,False,rdkit_validated,canonical_unique,BSD-3-Clause,reaction_rule_generated,candidate_structure,Gold-V,admitted_reference,0.0,,smipoly-rdkit-role-v1,2026.03.4
chemical_16bdee252ed11d7a,ds_smipoly_monomers,CID262,csv:row=4;comID=CID262,"butane-2,3-diol",CC(C(C)O)O,CC(O)C(C)O,OWBTYPJTUOEWEK-UHFFFAOYSA-N,C4H10O2,C4H10O2,90.12,90.122,90.06808,0,6,0,2,0,0,0,0,0,diol_chain_extender_candidate,rule_medium,hydroxyl_group_count=2 and RDKit_MolWt<=250,direct_tpu_building_block,1,True,rdkit_validated,canonical_unique,BSD-3-Clause,reaction_rule_generated,candidate_structure,Gold-V,admitted_reference,0.0,,smipoly-rdkit-role-v1,2026.03.4
chemical_16ccb5a069573ea3,ds_smipoly_monomers,CID904857,csv:row=871;comID=CID904857,"[(1R,2R,4R)-1,7,7-trimethyl-2-bicyclo[2.2.1]heptanyl] 2-methylprop-2-enoate",CC(=C)C(=O)OC1CC2CCC1(C2(C)C)C,C=C(C)C(=O)OC1CC2CCC1(C)C2(C)C,IAXXETNIOYFMLW-UHFFFAOYSA-N,C14H22O2,C14H22O2,222.32,222.328,222.16198,0,16,0,0,0,0,0,0,0,unclassified,none,no_supported_TPU_role_rule_matched,unresolved,9,False,rdkit_validated,canonical_unique,BSD-3-Clause,reaction_rule_generated,candidate_structure,Gold-V,admitted_reference,0.0,,smipoly-rdkit-role-v1,2026.03.4
chemical_16d0b6cb118c13fc,ds_smipoly_monomers,CID19805071,csv:row=1044;comID=CID19805071,4-[4-[4-amino-2-(trifluoromethyl)phenoxy]phenoxy]-3-(trifluoromethyl)aniline,C1=CC(=CC=C1OC2=C(C=C(C=C2)N)C(F)(F)F)OC3=C(C=C(C=C3)N)C(F)(F)F,Nc1ccc(Oc2ccc(Oc3ccc(N)cc3C(F)(F)F)cc2)c(C(F)(F)F)c1,LACZRKUWKHQVKS-UHFFFAOYSA-N,C20H14F6N2O2,C20H14F6N2O2,428.3,428.332,428.095947,0,30,0,0,2,0,0,0,0,diamine_chain_extender_candidate,rule_medium,amine_group_count>=2,tpuu_or_nipu_building_block,1,True,rdkit_validated,canonical_unique,BSD-3-Clause,reaction_rule_generated,candidate_structure,Gold-V,admitted_reference,0.0,,smipoly-rdkit-role-v1,2026.03.4
chemical_16fe1d73b31985d0,ds_smipoly_monomers,CID2733269,csv:row=875;comID=CID2733269,"2,2,3,3,4,4,5,5,6,6,7,7,8,8,9,9-hexadecafluorodecanedioic acid",C(=O)(C(C(C(C(C(C(C(C(C(=O)O)(F)F)(F)F)(F)F)(F)F)(F)F)(F)F)(F)F)(F)F)O,O=C(O)C(F)(F)C(F)(F)C(F)(F)C(F)(F)C(F)(F)C(F)(F)C(F)(F)C(F)(F)C(=O)O,YPCSMEGZIYWAAZ-UHFFFAOYSA-N,C10H2F16O4,C10H2F16O4,490.09,490.09,489.96976,0,30,0,0,0,0,2,0,0,polyester_polyol_precursor,rule_medium,carboxylic_acid_group_count>=2,polyol_synthesis_precursor,2,True,rdkit_validated,canonical_unique,BSD-3-Clause,reaction_rule_generated,candidate_structure,Gold-V,admitted_reference,0.0,,smipoly-rdkit-role-v1,2026.03.4
chemical_17282c0d6d87bd5f,ds_smipoly_monomers,CID4346656,csv:row=927;comID=CID4346656,2-hydroxybutyl 2-methylprop-2-enoate,CCC(COC(=O)C(=C)C)O,C=C(C)C(=O)OCC(O)CC,IEVADDDOVGMCSI-UHFFFAOYSA-N,C8H14O3,C8H14O3,158.19,158.197,158.094294,0,11,0,1,0,0,0,0,0,monool_model_compound,rule_medium,hydroxyl_group_count=1,adjacent_model_compound,3,True,rdkit_validated,canonical_unique,BSD-3-Clause,reaction_rule_generated,candidate_structure,Gold-V,admitted_reference,0.0,,smipoly-rdkit-role-v1,2026.03.4
chemical_1848f8612ef988b2,ds_smipoly_monomers,CID75381,csv:row=524;comID=CID75381,2-methyl-N-[(2-methylprop-2-enoylamino)methyl]prop-2-enamide,CC(=C)C(=O)NCNC(=O)C(=C)C,C=C(C)C(=O)NCNC(=O)C(=C)C,TURITJIWSQEMDB-UHFFFAOYSA-N,C9H14N2O2,C9H14N2O2,182.22,182.223,182.105528,0,13,0,0,0,0,0,0,0,unclassified,none,no_supported_TPU_role_rule_matched,unresolved,9,False,rdkit_validated,canonical_unique,BSD-3-Clause,reaction_rule_generated,candidate_structure,Gold-V,admitted_reference,0.0,,smipoly-rdkit-role-v1,2026.03.4
chemical_185bd3073052da48,ds_smipoly_monomers,CID169139,csv:row=759;comID=CID169139,"pyrene-1,8-diamine",C1=CC2=C3C(=C(C=C2)N)C=CC4=C(C=CC1=C43)N,Nc1ccc2ccc3ccc(N)c4ccc1c2c34,BLYOXQBERINFDU-UHFFFAOYSA-N,C16H12N2,C16H12N2,232.28,232.286,232.100048,0,18,0,0,2,0,0,0,0,diamine_chain_extender_candidate,rule_medium,amine_group_count>=2,tpuu_or_nipu_building_block,1,True,rdkit_validated,canonical_unique,BSD-3-Clause,reaction_rule_generated,candidate_structure,Gold-V,admitted_reference,0.0,,smipoly-rdkit-role-v1,2026.03.4
chemical_189da9cbf8aa397c,ds_smipoly_monomers,CID9815965,csv:row=955;comID=CID9815965,"(2,2,6,6-tetramethylpiperidin-4-yl) 2-methylprop-2-enoate",CC(=C)C(=O)OC1CC(NC(C1)(C)C)(C)C,C=C(C)C(=O)OC1CC(C)(C)NC(C)(C)C1,UFLXKQBCEYNCDU-UHFFFAOYSA-N,C13H23NO2,C13H23NO2,225.33,225.332,225.172879,0,16,0,0,1,0,0,0,0,monoamine_model_compound,rule_medium,amine_group_count=1,adjacent_model_compound,3,True,rdkit_validated,canonical_unique,BSD-3-Clause,reaction_rule_generated,candidate_structure,Gold-V,admitted_reference,0.0,,smipoly-rdkit-role-v1,2026.03.4
chemical_19503d708db555f2,ds_smipoly_monomers,CID2736044,csv:row=882;comID=CID2736044,"1-[1,1,1,3,3,3-hexafluoro-2-(4-isocyanatophenyl)propan-2-yl]-4-isocyanatobenzene",C1=CC(=CC=C1C(C2=CC=C(C=C2)N=C=O)(C(F)(F)F)C(F)(F)F)N=C=O,O=C=Nc1ccc(C(c2ccc(N=C=O)cc2)(C(F)(F)F)C(F)(F)F)cc1,QIPLQPPNURSGKC-UHFFFAOYSA-N,C17H8F6N2O2,C17H8F6N2O2,386.25,386.251,386.048997,0,27,2,0,0,0,0,0,0,di_polyisocyanate_candidate,rule_high,isocyanate_group_count>=2,direct_tpu_building_block,1,True,rdkit_validated,canonical_unique,BSD-3-Clause,reaction_rule_generated,candidate_structure,Gold-V,admitted_reference,0.0,,smipoly-rdkit-role-v1,2026.03.4
chemical_1955bb1253105e91,ds_smipoly_monomers,CID168964,csv:row=757;comID=CID168964,N-[2-(prop-2-enoylamino)ethyl]prop-2-enamide,C=CC(=O)NCCNC(=O)C=C,C=CC(=O)NCCNC(=O)C=C,AYGYHGXUJBFUJU-UHFFFAOYSA-N,C8H12N2O2,C8H12N2O2,168.19,168.196,168.089878,0,12,0,0,0,0,0,0,0,unclassified,none,no_supported_TPU_role_rule_matched,unresolved,9,False,rdkit_validated,canonical_unique,BSD-3-Clause,reaction_rule_generated,candidate_structure,Gold-V,admitted_reference,0.0,,smipoly-rdkit-role-v1,2026.03.4
chemical_199f4848501588d2,ds_smipoly_monomers,CID76720,csv:row=555;comID=CID76720,"furan-2,5-dicarboxylic acid",C1=C(OC(=C1)C(=O)O)C(=O)O,O=C(O)c1ccc(C(=O)O)o1,CHTHALBTIRVDBM-UHFFFAOYSA-N,C6H4O5,C6H4O5,156.09,156.093,156.005873,0,11,0,0,0,0,2,0,0,polyester_polyol_precursor,rule_medium,carboxylic_acid_group_count>=2,polyol_synthesis_precursor,2,True,rdkit_validated,canonical_unique,BSD-3-Clause,reaction_rule_generated,candidate_structure,Gold-V,admitted_reference,0.0,,smipoly-rdkit-role-v1,2026.03.4
chemical_19e29f18583565ff,ds_smipoly_monomers,CID24117,csv:row=358;comID=CID24117,prop-2-enyl 2-phenoxyacetate,C=CCOC(=O)COC1=CC=CC=C1,C=CCOC(=O)COc1ccccc1,VUFZVGQUAVDKMC-UHFFFAOYSA-N,C11H12O3,C11H12O3,192.21,192.214,192.078644,0,14,0,0,0,0,0,0,0,unclassified,none,no_supported_TPU_role_rule_matched,unresolved,9,False,rdkit_validated,canonical_unique,BSD-3-Clause,reaction_rule_generated,candidate_structure,Gold-V,admitted_reference,0.0,,smipoly-rdkit-role-v1,2026.03.4
chemical_1a0933a4bd638329,ds_smipoly_monomers,CID29520,csv:row=372;comID=CID29520,N-(4-hydroxyphenyl)-2-methylprop-2-enamide,CC(=C)C(=O)NC1=CC=C(C=C1)O,C=C(C)C(=O)Nc1ccc(O)cc1,XZSZONUJSGDIFI-UHFFFAOYSA-N,C10H11NO2,C10H11NO2,177.2,177.203,177.078979,0,13,0,1,0,0,0,0,0,monool_model_compound,rule_medium,hydroxyl_group_count=1,adjacent_model_compound,3,True,rdkit_validated,canonical_unique,BSD-3-Clause,reaction_rule_generated,candidate_structure,Gold-V,admitted_reference,0.0,,smipoly-rdkit-role-v1,2026.03.4
chemical_1a7b679b84eef3f8,ds_smipoly_monomers,CID9813088,csv:row=953;comID=CID9813088,3-[methoxy(dimethyl)silyl]propyl prop-2-enoate,CO[Si](C)(C)CCCOC(=O)C=C,C=CC(=O)OCCC[Si](C)(C)OC,ZCRUJAKCJLCJCP-UHFFFAOYSA-N,C9H18O3Si,C9H18O3Si,202.32,202.326,202.102521,0,13,0,0,0,0,0,0,0,unclassified,none,no_supported_TPU_role_rule_matched,unresolved,9,False,rdkit_validated,canonical_unique,BSD-3-Clause,reaction_rule_generated,candidate_structure,Gold-V,admitted_reference,0.0,,smipoly-rdkit-role-v1,2026.03.4
chemical_1a9134a72a8e2947,ds_smipoly_monomers,CID4691729,csv:row=934;comID=CID4691729,"benzene-1,4-dithiol",C1=CC(=CC=C1S)S,Sc1ccc(S)cc1,WYLQRHZSKIDFEP-UHFFFAOYSA-N,C6H6S2,C6H6S2,142.2,142.248,141.991092,0,8,0,0,0,2,0,0,0,polythiol_adjacent_candidate,rule_medium,thiol_group_count>=2,adjacent_reactive_building_block,3,True,rdkit_validated,canonical_unique,BSD-3-Clause,reaction_rule_generated,candidate_structure,Gold-V,admitted_reference,0.0,,smipoly-rdkit-role-v1,2026.03.4
chemical_1a9519d07cbe77b0,ds_smipoly_monomers,CID84542,csv:row=630;comID=CID84542,prop-2-enoxymethylbenzene,C=CCOCC1=CC=CC=C1,C=CCOCc1ccccc1,HUGHWHMUUQNACD-UHFFFAOYSA-N,C10H12O,C10H12O,148.2,148.205,148.088815,0,11,0,0,0,0,0,0,0,unclassified,none,no_supported_TPU_role_rule_matched,unresolved,9,False,rdkit_validated,canonical_unique,BSD-3-Clause,reaction_rule_generated,candidate_structure,Gold-V,admitted_reference,0.0,,smipoly-rdkit-role-v1,2026.03.4
chemical_1ac1bd2fe37e0cc0,ds_smipoly_monomers,CID62642,csv:row=412;comID=CID62642,oxiran-2-ylmethyl octadecanoate,CCCCCCCCCCCCCCCCCC(=O)OCC1CO1,CCCCCCCCCCCCCCCCCC(=O)OCC1CO1,OUQGOXCIUOCDNN-UHFFFAOYSA-N,C21H40O3,C21H40O3,340.5,340.548,340.297745,0,24,0,0,0,0,0,0,1,epoxy_polyol_precursor,rule_medium,epoxide_group_count>=1,polyol_synthesis_precursor,2,True,rdkit_validated,canonical_unique,BSD-3-Clause,reaction_rule_generated,candidate_structure,Gold-V,admitted_reference,0.0,,smipoly-rdkit-role-v1,2026.03.4
chemical_1ace6e6abb3b5be3,ds_smipoly_monomers,CID85967,csv:row=639;comID=CID85967,"tricyclo[6.2.1.02,7]undeca-2,4,6-triene-3,6-diol",C1CC2CC1C3=C(C=CC(=C23)O)O,Oc1ccc(O)c2c1C1CCC2C1,JYHNNCBQCSLFQM-UHFFFAOYSA-N,C11H12O2,C11H12O2,176.21,176.215,176.08373,0,13,0,2,0,0,0,0,0,diol_chain_extender_candidate,rule_medium,hydroxyl_group_count=2 and RDKit_MolWt<=250,direct_tpu_building_block,1,True,rdkit_validated,canonical_unique,BSD-3-Clause,reaction_rule_generated,candidate_structure,Gold-V,admitted_reference,0.0,,smipoly-rdkit-role-v1,2026.03.4
chemical_1acfadeee8d34a93,ds_smipoly_monomers,CID12851415,csv:row=1012;comID=CID12851415,3-[dimethyl-[3-(prop-2-enoylamino)propyl]azaniumyl]propanoate,C[N+](C)(CCCNC(=O)C=C)CCC(=O)[O-],C=CC(=O)NCCC[N+](C)(C)CCC(=O)[O-],QAQMTHGHDYCNSJ-UHFFFAOYSA-N,C11H20N2O3,C11H20N2O3,228.29,228.292,228.147392,0,16,0,0,0,0,0,0,0,unclassified,none,no_supported_TPU_role_rule_matched,unresolved,9,False,rdkit_validated,canonical_unique,BSD-3-Clause,reaction_rule_generated,candidate_structure,Gold-V,admitted_reference,0.0,,smipoly-rdkit-role-v1,2026.03.4
chemical_1acfd388e8c5f112,ds_smipoly_monomers,CID13192,csv:row=229;comID=CID13192,"1,6-diisocyanatohexane",C(CCCN=C=O)CCN=C=O,O=C=NCCCCCCN=C=O,RRAMGCGOFNQTLD-UHFFFAOYSA-N,C8H12N2O2,C8H12N2O2,168.19,168.196,168.089878,0,12,2,0,0,0,0,0,0,di_polyisocyanate_candidate,rule_high,isocyanate_group_count>=2,direct_tpu_building_block,1,True,rdkit_validated,canonical_unique,BSD-3-Clause,reaction_rule_generated,candidate_structure,Gold-V,admitted_reference,0.0,,smipoly-rdkit-role-v1,2026.03.4
chemical_1af55391eafcfc2a,ds_smipoly_monomers,CID18374,csv:row=329;comID=CID18374,"cyclohexane-1,4-diamine",C1CC(CCC1N)N,NC1CCC(N)CC1,VKIRRGRTJUUZHS-UHFFFAOYSA-N,C6H14N2,C6H14N2,114.19,114.192,114.115698,0,8,0,0,2,0,0,0,0,diamine_chain_extender_candidate,rule_medium,amine_group_count>=2,tpuu_or_nipu_building_block,1,True,rdkit_validated,canonical_unique,BSD-3-Clause,reaction_rule_generated,candidate_structure,Gold-V,admitted_reference,0.0,,smipoly-rdkit-role-v1,2026.03.4
chemical_1b430553e7761501,ds_smipoly_monomers,CID3033881,csv:row=902;comID=CID3033881,"1,6-diisocyanato-5,6-dimethylheptane",CC(CCCCN=C=O)C(C)(C)N=C=O,CC(CCCCN=C=O)C(C)(C)N=C=O,VZXPHDGHQXLXJC-UHFFFAOYSA-N,C11H18N2O2,C11H18N2O2,210.27,210.277,210.136828,0,15,2,0,0,0,0,0,0,di_polyisocyanate_candidate,rule_high,isocyanate_group_count>=2,direct_tpu_building_block,1,True,rdkit_validated,canonical_unique,BSD-3-Clause,reaction_rule_generated,candidate_structure,Gold-V,admitted_reference,0.0,,smipoly-rdkit-role-v1,2026.03.4
chemical_1b4597568bb09f07,ds_smipoly_monomers,CID19997,csv:row=347;comID=CID19997,bis(ethenyl) hexanedioate,C=COC(=O)CCCCC(=O)OC=C,C=COC(=O)CCCCC(=O)OC=C,JZQAAQZDDMEFGZ-UHFFFAOYSA-N,C10H14O4,C10H14O4,198.22,198.218,198.089209,0,14,0,0,0,0,0,0,0,unclassified,none,no_supported_TPU_role_rule_matched,unresolved,9,False,rdkit_validated,canonical_unique,BSD-3-Clause,reaction_rule_generated,candidate_structure,Gold-V,admitted_reference,0.0,,smipoly-rdkit-role-v1,2026.03.4
chemical_1b70c94aff91db29,ds_smipoly_monomers,CID8821,csv:row=154;comID=CID8821,ethyl prop-2-enoate,CCOC(=O)C=C,C=CC(=O)OCC,JIGUQPWFLRLWPJ-UHFFFAOYSA-N,C5H8O2,C5H8O2,100.12,100.117,100.052429,0,7,0,0,0,0,0,0,0,unclassified,none,no_supported_TPU_role_rule_matched,unresolved,9,False,rdkit_validated,canonical_unique,BSD-3-Clause,reaction_rule_generated,candidate_structure,Gold-V,admitted_reference,0.0,,smipoly-rdkit-role-v1,2026.03.4
chemical_1c4f08a68058b23a,ds_smipoly_monomers,CID102501,csv:row=703;comID=CID102501,"N-[1,2-dihydroxy-2-(prop-2-enoylamino)ethyl]prop-2-enamide",C=CC(=O)NC(C(NC(=O)C=C)O)O,C=CC(=O)NC(O)C(O)NC(=O)C=C,ZMLXKXHICXTSDM-UHFFFAOYSA-N,C8H12N2O4,C8H12N2O4,200.19,200.194,200.079707,0,14,0,2,0,0,0,0,0,diol_chain_extender_candidate,rule_medium,hydroxyl_group_count=2 and RDKit_MolWt<=250,direct_tpu_building_block,1,True,rdkit_validated,canonical_unique,BSD-3-Clause,reaction_rule_generated,candidate_structure,Gold-V,admitted_reference,0.0,,smipoly-rdkit-role-v1,2026.03.4
chemical_1c538b2e20d628ae,ds_smipoly_monomers,CID17258,csv:row=300;comID=CID17258,octyl prop-2-enoate,CCCCCCCCOC(=O)C=C,C=CC(=O)OCCCCCCCC,ANISOHQJBAQUQP-UHFFFAOYSA-N,C11H20O2,C11H20O2,184.27,184.279,184.14633,0,13,0,0,0,0,0,0,0,unclassified,none,no_supported_TPU_role_rule_matched,unresolved,9,False,rdkit_validated,canonical_unique,BSD-3-Clause,reaction_rule_generated,candidate_structure,Gold-V,admitted_reference,0.0,,smipoly-rdkit-role-v1,2026.03.4
chemical_1d2a66322a5d0746,ds_smipoly_monomers,CID6570,csv:row=39;comID=CID6570,but-3-en-2-one,CC(=O)C=C,C=CC(C)=O,FUSUHKVFWTUUBE-UHFFFAOYSA-N,C4H6O,C4H6O,70.09,70.091,70.041865,0,5,0,0,0,0,0,0,0,unclassified,none,no_supported_TPU_role_rule_matched,unresolved,9,False,rdkit_validated,canonical_unique,BSD-3-Clause,reaction_rule_generated,candidate_structure,Gold-V,admitted_reference,0.0,,smipoly-rdkit-role-v1,2026.03.4
chemical_1d62f3ccb1640957,ds_smipoly_monomers,CID8372,csv:row=141;comID=CID8372,"2,6-ditert-butyl-4-[(3,5-ditert-butyl-4-hydroxyphenyl)methyl]phenol",CC(C)(C)C1=CC(=CC(=C1O)C(C)(C)C)CC2=CC(=C(C(=C2)C(C)(C)C)O)C(C)(C)C,CC(C)(C)c1cc(Cc2cc(C(C)(C)C)c(O)c(C(C)(C)C)c2)cc(C(C)(C)C)c1O,MDWVSAYEQPLWMX-UHFFFAOYSA-N,C29H44O2,C29H44O2,424.7,424.669,424.334131,0,31,0,2,0,0,0,0,0,macrodiol_polyol_candidate,rule_medium,hydroxyl_group_count=2 and RDKit_MolWt>250,direct_tpu_building_block,1,True,rdkit_validated,canonical_unique,BSD-3-Clause,reaction_rule_generated,candidate_structure,Gold-V,admitted_reference,0.0,,smipoly-rdkit-role-v1,2026.03.4
chemical_1d8455af5f1e3256,ds_smipoly_monomers,CID16211746,csv:row=1034;comID=CID16211746,"4-(3,4-diaminophenyl)benzene-1,2-diamine;hydrate;tetrahydrochloride",C1=CC(=C(C=C1C2=CC(=C(C=C2)N)N)N)N.O.Cl.Cl.Cl.Cl,Cl.Cl.Cl.Cl.Nc1ccc(-c2ccc(N)c(N)c2)cc1N.O,DXWSCXIZIHILNP-UHFFFAOYSA-N,C12H20Cl4N4O,C12H20Cl4N4O,378.1,378.131,376.039122,0,21,0,0,4,0,0,0,0,diamine_chain_extender_candidate,rule_medium,amine_group_count>=2,tpuu_or_nipu_building_block,1,True,rdkit_validated,canonical_unique,BSD-3-Clause,reaction_rule_generated,candidate_structure,Gold-V,admitted_reference,0.0,,smipoly-rdkit-role-v1,2026.03.4
chemical_1e9fc3d9107e630c,ds_smipoly_monomers,CID632695,csv:row=857;comID=CID632695,4-[4-[4-(4-aminophenoxy)phenyl]phenoxy]aniline,C1=CC(=CC=C1C2=CC=C(C=C2)OC3=CC=C(C=C3)N)OC4=CC=C(C=C4)N,Nc1ccc(Oc2ccc(-c3ccc(Oc4ccc(N)cc4)cc3)cc2)cc1,HYDATEKARGDBKU-UHFFFAOYSA-N,C24H20N2O2,C24H20N2O2,368.4,368.436,368.152478,0,28,0,0,2,0,0,0,0,diamine_chain_extender_candidate,rule_medium,amine_group_count>=2,tpuu_or_nipu_building_block,1,True,rdkit_validated,canonical_unique,BSD-3-Clause,reaction_rule_generated,candidate_structure,Gold-V,admitted_reference,0.0,,smipoly-rdkit-role-v1,2026.03.4
chemical_1ea92e02571ed271,ds_smipoly_monomers,CID3292100,csv:row=910;comID=CID3292100,4-[2-[3-[2-(4-hydroxyphenyl)propan-2-yl]phenyl]propan-2-yl]phenol,CC(C)(C1=CC=C(C=C1)O)C2=CC(=CC=C2)C(C)(C)C3=CC=C(C=C3)O,CC(C)(c1ccc(O)cc1)c1cccc(C(C)(C)c2ccc(O)cc2)c1,PVFQHGDIOXNKIC-UHFFFAOYSA-N,C24H26O2,C24H26O2,346.5,346.47,346.19328,0,26,0,2,0,0,0,0,0,macrodiol_polyol_candidate,rule_medium,hydroxyl_group_count=2 and RDKit_MolWt>250,direct_tpu_building_block,1,True,rdkit_validated,canonical_unique,BSD-3-Clause,reaction_rule_generated,candidate_structure,Gold-V,admitted_reference,0.0,,smipoly-rdkit-role-v1,2026.03.4
chemical_1ef9eab96f4cf981,ds_smipoly_monomers,CID75066,csv:row=514;comID=CID75066,"3,3,4,4,5,5,6,6,7,7,8,8,8-tridecafluorooctyl 2-methylprop-2-enoate",CC(=C)C(=O)OCCC(C(C(C(C(C(F)(F)F)(F)F)(F)F)(F)F)(F)F)(F)F,C=C(C)C(=O)OCCC(F)(F)C(F)(F)C(F)(F)C(F)(F)C(F)(F)C(F)(F)F,CDXFIRXEAJABAZ-UHFFFAOYSA-N,C12H9F13O2,C12H9F13O2,432.18,432.176,432.039496,0,27,0,0,0,0,0,0,0,unclassified,none,no_supported_TPU_role_rule_matched,unresolved,9,False,rdkit_validated,canonical_unique,BSD-3-Clause,reaction_rule_generated,candidate_structure,Gold-V,admitted_reference,0.0,,smipoly-rdkit-role-v1,2026.03.4
chemical_1f50767f10afdc08,ds_smipoly_monomers,CID3368486,csv:row=913;comID=CID3368486,4-[(4-chlorosulfonylphenyl)methyl]benzenesulfonyl chloride,C1=CC(=CC=C1CC2=CC=C(C=C2)S(=O)(=O)Cl)S(=O)(=O)Cl,O=S(=O)(Cl)c1ccc(Cc2ccc(S(=O)(=O)Cl)cc2)cc1,YKMMQCFZCFAHOU-UHFFFAOYSA-N,C13H10Cl2O4S2,C13H10Cl2O4S2,365.3,365.259,363.939756,0,21,0,0,0,0,0,0,0,unclassified,none,no_supported_TPU_role_rule_matched,unresolved,9,False,rdkit_validated,canonical_unique,BSD-3-Clause,reaction_rule_generated,candidate_structure,Gold-V,admitted_reference,0.0,,smipoly-rdkit-role-v1,2026.03.4
chemical_1f7751f99db85179,ds_smipoly_monomers,CID89867,csv:row=662;comID=CID89867,4-[2-(4-amino-2-methylphenyl)ethyl]-3-methylaniline,CC1=C(C=CC(=C1)N)CCC2=C(C=C(C=C2)N)C,Cc1cc(N)ccc1CCc1ccc(N)cc1C,ISESBQNCWCFFFR-UHFFFAOYSA-N,C16H20N2,C16H20N2,240.34,240.35,240.162649,0,18,0,0,2,0,0,0,0,diamine_chain_extender_candidate,rule_medium,amine_group_count>=2,tpuu_or_nipu_building_block,1,True,rdkit_validated,canonical_unique,BSD-3-Clause,reaction_rule_generated,candidate_structure,Gold-V,admitted_reference,0.0,,smipoly-rdkit-role-v1,2026.03.4
chemical_1f862d0fb910ec42,ds_smipoly_monomers,CID232446,csv:row=781;comID=CID232446,4-[1-(4-hydroxyphenyl)cyclohexyl]phenol,C1CCC(CC1)(C2=CC=C(C=C2)O)C3=CC=C(C=C3)O,Oc1ccc(C2(c3ccc(O)cc3)CCCCC2)cc1,SDDLEVPIDBLVHC-UHFFFAOYSA-N,C18H20O2,C18H20O2,268.3,268.356,268.14633,0,20,0,2,0,0,0,0,0,macrodiol_polyol_candidate,rule_medium,hydroxyl_group_count=2 and RDKit_MolWt>250,direct_tpu_building_block,1,True,rdkit_validated,canonical_unique,BSD-3-Clause,reaction_rule_generated,candidate_structure,Gold-V,admitted_reference,0.0,,smipoly-rdkit-role-v1,2026.03.4
chemical_1f982bda16b8e14b,ds_smipoly_monomers,CID123371,csv:row=730;comID=CID123371,3-tris(trimethylsilyloxy)silylpropyl 2-methylprop-2-enoate,CC(=C)C(=O)OCCC[Si](O[Si](C)(C)C)(O[Si](C)(C)C)O[Si](C)(C)C,C=C(C)C(=O)OCCC[Si](O[Si](C)(C)C)(O[Si](C)(C)C)O[Si](C)(C)C,BESKSSIEODQWBP-UHFFFAOYSA-N,C16H38O5Si4,C16H38O5Si4,422.8,422.819,422.17963,0,25,0,0,0,0,0,0,0,unclassified,none,no_supported_TPU_role_rule_matched,unresolved,9,False,rdkit_validated,canonical_unique,BSD-3-Clause,reaction_rule_generated,candidate_structure,Gold-V,admitted_reference,0.0,,smipoly-rdkit-role-v1,2026.03.4
chemical_1fa322f4578959f8,ds_smipoly_monomers,CID328870,csv:row=795;comID=CID328870,"1,1,1-trifluoro-2-(trifluoromethyl)pent-4-en-2-ol",C=CCC(C(F)(F)F)(C(F)(F)F)O,C=CCC(O)(C(F)(F)F)C(F)(F)F,VHSCQANAKTXZTG-UHFFFAOYSA-N,C6H6F6O,C6H6F6O,208.1,208.101,208.032284,0,13,0,1,0,0,0,0,0,monool_model_compound,rule_medium,hydroxyl_group_count=1,adjacent_model_compound,3,True,rdkit_validated,canonical_unique,BSD-3-Clause,reaction_rule_generated,candidate_structure,Gold-V,admitted_reference,0.0,,smipoly-rdkit-role-v1,2026.03.4
chemical_1fb2d36ebfd65524,ds_smipoly_monomers,CID114946,csv:row=722;comID=CID114946,,C1C(O1)C2=CC=CC=C2,c1ccc(C2CO2)cc1,AWMVMTVKBNGEAK-UHFFFAOYSA-N,C8H8O,C8H8O,120.15,120.151,120.057515,0,9,0,0,0,0,0,0,1,epoxy_polyol_precursor,rule_medium,epoxide_group_count>=1,polyol_synthesis_precursor,2,True,rdkit_validated,canonical_unique,BSD-3-Clause,reaction_rule_generated,candidate_structure,Gold-V,admitted_reference,0.0,,smipoly-rdkit-role-v1,2026.03.4
chemical_1fbfd6a11bb7ab3c,ds_smipoly_monomers,CID74534,csv:row=507;comID=CID74534,"3,3,4,4,5,5,6,6,6-nonafluorohexyl 2-methylprop-2-enoate",CC(=C)C(=O)OCCC(C(C(C(F)(F)F)(F)F)(F)F)(F)F,C=C(C)C(=O)OCCC(F)(F)C(F)(F)C(F)(F)C(F)(F)F,TYNRPOFACABVSI-UHFFFAOYSA-N,C10H9F9O2,C10H9F9O2,332.16,332.162,332.045884,0,21,0,0,0,0,0,0,0,unclassified,none,no_supported_TPU_role_rule_matched,unresolved,9,False,rdkit_validated,canonical_unique,BSD-3-Clause,reaction_rule_generated,candidate_structure,Gold-V,admitted_reference,0.0,,smipoly-rdkit-role-v1,2026.03.4
chemical_20f2b4deadd89700,ds_smipoly_monomers,CID4943,csv:row=25;comID=CID4943,"2,6-di(propan-2-yl)phenol",CC(C)C1=C(C(=CC=C1)C(C)C)O,CC(C)c1cccc(C(C)C)c1O,OLBCVFGFOZPWHH-UHFFFAOYSA-N,C12H18O,C12H18O,178.27,178.275,178.135765,0,13,0,1,0,0,0,0,0,monool_model_compound,rule_medium,hydroxyl_group_count=1,adjacent_model_compound,3,True,rdkit_validated,canonical_unique,BSD-3-Clause,reaction_rule_generated,candidate_structure,Gold-V,admitted_reference,0.0,,smipoly-rdkit-role-v1,2026.03.4
chemical_20fd0b84b681278a,ds_smipoly_monomers,CID22218785,csv:row=1054;comID=CID22218785,"1,3,6-triisocyanatohexane",O=C=NCCC(N=C=O)CCCN=C=O,O=C=NCCCC(CCN=C=O)N=C=O,JVYYFIRXDYRPNE-UHFFFAOYSA-N,C9H11N3O3,C9H11N3O3,209.2,209.205,209.080041,0,15,3,0,0,0,0,0,0,di_polyisocyanate_candidate,rule_high,isocyanate_group_count>=2,direct_tpu_building_block,1,True,rdkit_validated,canonical_unique,BSD-3-Clause,reaction_rule_generated,candidate_structure,Gold-V,admitted_reference,0.0,,smipoly-rdkit-role-v1,2026.03.4
chemical_2178641db652ceb6,ds_smipoly_monomers,CID9384,csv:row=164;comID=CID9384,"N,N'-bis(3-aminopropyl)butane-1,4-diamine;tetrahydrochloride",C(CCNCCCN)CNCCCN.Cl.Cl.Cl.Cl,Cl.Cl.Cl.Cl.NCCCNCCCCNCCCN,XLDKUDAXZWHPFH-UHFFFAOYSA-N,C10H30Cl4N4,C10H30Cl4N4,348.2,348.19,346.122458,0,18,0,0,4,0,0,0,0,diamine_chain_extender_candidate,rule_medium,amine_group_count>=2,tpuu_or_nipu_building_block,1,True,rdkit_validated,canonical_unique,BSD-3-Clause,reaction_rule_generated,candidate_structure,Gold-V,admitted_reference,0.0,,smipoly-rdkit-role-v1,2026.03.4
chemical_21860597756ee305,ds_smipoly_monomers,CID74221,csv:row=502;comID=CID74221,"2,2-dipropylpropanedioic acid",CCCC(CCC)(C(=O)O)C(=O)O,CCCC(CCC)(C(=O)O)C(=O)O,DIRSQLKNZQKDBK-UHFFFAOYSA-N,C9H16O4,C9H16O4,188.22,188.223,188.104859,0,13,0,0,0,0,2,0,0,polyester_polyol_precursor,rule_medium,carboxylic_acid_group_count>=2,polyol_synthesis_precursor,2,True,rdkit_validated,canonical_unique,BSD-3-Clause,reaction_rule_generated,candidate_structure,Gold-V,admitted_reference,0.0,,smipoly-rdkit-role-v1,2026.03.4
chemical_21f9fa972df61ea7,ds_smipoly_monomers,CID62474,csv:row=407;comID=CID62474,ethenesulfonic acid,C=CS(=O)(=O)O,C=CS(=O)(=O)O,NLVXSWCKKBEXTG-UHFFFAOYSA-N,C2H4O3S,C2H4O3S,108.12,108.118,107.988115,0,6,0,0,0,0,0,0,0,unclassified,none,no_supported_TPU_role_rule_matched,unresolved,9,False,rdkit_validated,canonical_unique,BSD-3-Clause,reaction_rule_generated,candidate_structure,Gold-V,admitted_reference,0.0,,smipoly-rdkit-role-v1,2026.03.4
chemical_221bff74a3546735,ds_smipoly_monomers,CID15624,csv:row=264;comID=CID15624,2-prop-2-enylphenol,C=CCC1=CC=CC=C1O,C=CCc1ccccc1O,QIRNGVVZBINFMX-UHFFFAOYSA-N,C9H10O,C9H10O,134.17,134.178,134.073165,0,10,0,1,0,0,0,0,0,monool_model_compound,rule_medium,hydroxyl_group_count=1,adjacent_model_compound,3,True,rdkit_validated,canonical_unique,BSD-3-Clause,reaction_rule_generated,candidate_structure,Gold-V,admitted_reference,0.0,,smipoly-rdkit-role-v1,2026.03.4
chemical_225c5d2d6436f719,ds_smipoly_monomers,CID5351896,csv:row=939;comID=CID5351896,(E)-hex-3-enedioic acid,C(C=CCC(=O)O)C(=O)O,O=C(O)CC=CCC(=O)O,YHGNXQAFNHCBTK-UHFFFAOYSA-N,C6H8O4,C6H8O4,144.12,144.126,144.042259,0,10,0,0,0,0,2,0,0,polyester_polyol_precursor,rule_medium,carboxylic_acid_group_count>=2,polyol_synthesis_precursor,2,True,rdkit_validated,canonical_unique,BSD-3-Clause,reaction_rule_generated,candidate_structure,Gold-V,admitted_reference,0.0,,smipoly-rdkit-role-v1,2026.03.4
chemical_22b857a6e503ce81,ds_smipoly_monomers,CID15817,csv:row=269;comID=CID15817,N-(butoxymethyl)prop-2-enamide,CCCCOCNC(=O)C=C,C=CC(=O)NCOCCCC,UTSYWKJYFPPRAP-UHFFFAOYSA-N,C8H15NO2,C8H15NO2,157.21,157.213,157.110279,0,11,0,0,0,0,0,0,0,unclassified,none,no_supported_TPU_role_rule_matched,unresolved,9,False,rdkit_validated,canonical_unique,BSD-3-Clause,reaction_rule_generated,candidate_structure,Gold-V,admitted_reference,0.0,,smipoly-rdkit-role-v1,2026.03.4
chemical_22db7ee3b99bfa09,ds_smipoly_monomers,CID112160,csv:row=720;comID=CID112160,"2,2,3,3-tetrafluoro-3-[1,1,1,2,3,3-hexafluoro-3-(1,2,2-trifluoroethenoxy)propan-2-yl]oxypropanenitrile",C(#N)C(C(OC(C(OC(=C(F)F)F)(F)F)(C(F)(F)F)F)(F)F)(F)F,N#CC(F)(F)C(F)(F)OC(F)(C(F)(F)F)C(F)(F)OC(F)=C(F)F,LYIPDZSLYLDLCU-UHFFFAOYSA-N,C8F13NO2,C8F13NO2,389.07,389.067,388.972145,0,24,0,0,0,0,0,0,0,unclassified,none,no_supported_TPU_role_rule_matched,unresolved,9,False,rdkit_validated,canonical_unique,BSD-3-Clause,reaction_rule_generated,candidate_structure,Gold-V,admitted_reference,0.0,,smipoly-rdkit-role-v1,2026.03.4
chemical_22f87f3817a2e7b7,ds_smipoly_monomers,CID3678091,csv:row=917;comID=CID3678091,"9,10-dioxoanthracene-2,3-dicarboxylic acid",C1=CC=C2C(=C1)C(=O)C3=CC(=C(C=C3C2=O)C(=O)O)C(=O)O,O=C(O)c1cc2c(cc1C(=O)O)C(=O)c1ccccc1C2=O,PSHVQIKBLXBIQJ-UHFFFAOYSA-N,C16H8O6,C16H8O6,296.23,296.234,296.032088,0,22,0,0,0,0,2,0,0,polyester_polyol_precursor,rule_medium,carboxylic_acid_group_count>=2,polyol_synthesis_precursor,2,True,rdkit_validated,canonical_unique,BSD-3-Clause,reaction_rule_generated,candidate_structure,Gold-V,admitted_reference,0.0,,smipoly-rdkit-role-v1,2026.03.4
chemical_231a53fd4af7ef1c,ds_smipoly_monomers,CID6917,csv:row=53;comID=CID6917,1-ethenylpyrrolidin-2-one,C=CN1CCCC1=O,C=CN1CCCC1=O,WHNWPMSKXPGLAX-UHFFFAOYSA-N,C6H9NO,C6H9NO,111.14,111.144,111.068414,0,8,0,0,0,0,0,0,0,unclassified,none,no_supported_TPU_role_rule_matched,unresolved,9,False,rdkit_validated,canonical_unique,BSD-3-Clause,reaction_rule_generated,candidate_structure,Gold-V,admitted_reference,0.0,,smipoly-rdkit-role-v1,2026.03.4
chemical_232a6850ed26cc23,ds_smipoly_monomers,CID175854,csv:row=769;comID=CID175854,,C(C=CCO)O,OCC=CCO,ORTVZLZNOYNASJ-UHFFFAOYSA-N,C4H8O2,C4H8O2,88.11,88.106,88.052429,0,6,0,2,0,0,0,0,0,diol_chain_extender_candidate,rule_medium,hydroxyl_group_count=2 and RDKit_MolWt<=250,direct_tpu_building_block,1,True,rdkit_validated,canonical_unique,BSD-3-Clause,reaction_rule_generated,candidate_structure,Gold-V,admitted_reference,0.0,,smipoly-rdkit-role-v1,2026.03.4
chemical_2344aee3667e791b,ds_smipoly_monomers,CID27756,csv:row=369;comID=CID27756,5-ethylidenebicyclo[2.2.1]hept-2-ene,CC=C1CC2CC1C=C2,CC=C1CC2C=CC1C2,OJOWICOBYCXEKR-UHFFFAOYSA-N,C9H12,C9H12,120.19,120.195,120.0939,0,9,0,0,0,0,0,0,0,unclassified,none,no_supported_TPU_role_rule_matched,unresolved,9,False,rdkit_validated,canonical_unique,BSD-3-Clause,reaction_rule_generated,candidate_structure,Gold-V,admitted_reference,0.0,,smipoly-rdkit-role-v1,2026.03.4
chemical_23c9551b9d9f0ce8,ds_smipoly_monomers,CID10459,csv:row=179;comID=CID10459,hexadecanedioic acid,C(CCCCCCCC(=O)O)CCCCCCC(=O)O,O=C(O)CCCCCCCCCCCCCCC(=O)O,QQHJDPROMQRDLA-UHFFFAOYSA-N,C16H30O4,C16H30O4,286.41,286.412,286.214409,0,20,0,0,0,0,2,0,0,polyester_polyol_precursor,rule_medium,carboxylic_acid_group_count>=2,polyol_synthesis_precursor,2,True,rdkit_validated,canonical_unique,BSD-3-Clause,reaction_rule_generated,candidate_structure,Gold-V,admitted_reference,0.0,,smipoly-rdkit-role-v1,2026.03.4
chemical_23d3744720acbc9c,ds_smipoly_monomers,CID12111,csv:row=205;comID=CID12111,4-[(4-hydroxyphenyl)methyl]phenol,C1=CC(=CC=C1CC2=CC=C(C=C2)O)O,Oc1ccc(Cc2ccc(O)cc2)cc1,PXKLMJQFEQBVLD-UHFFFAOYSA-N,C13H12O2,C13H12O2,200.23,200.237,200.08373,0,15,0,2,0,0,0,0,0,diol_chain_extender_candidate,rule_medium,hydroxyl_group_count=2 and RDKit_MolWt<=250,direct_tpu_building_block,1,True,rdkit_validated,canonical_unique,BSD-3-Clause,reaction_rule_generated,candidate_structure,Gold-V,admitted_reference,0.0,,smipoly-rdkit-role-v1,2026.03.4
chemical_23df2319a8729fd6,ds_smipoly_monomers,CID7354,csv:row=72;comID=CID7354,butyl 2-methylprop-2-enoate,CCCCOC(=O)C(=C)C,C=C(C)C(=O)OCCCC,SOGAXMICEFXMKE-UHFFFAOYSA-N,C8H14O2,C8H14O2,142.2,142.198,142.09938,0,10,0,0,0,0,0,0,0,unclassified,none,no_supported_TPU_role_rule_matched,unresolved,9,False,rdkit_validated,canonical_unique,BSD-3-Clause,reaction_rule_generated,candidate_structure,Gold-V,admitted_reference,0.0,,smipoly-rdkit-role-v1,2026.03.4
chemical_240c08666b1f1c6d,ds_smipoly_monomers,CID169132,csv:row=758;comID=CID169132,"5-isocyanato-1-(isocyanatomethyl)-1,3,3-trimethylcyclohexane",CC1(CC(CC(C1)(C)CN=C=O)N=C=O)C,CC1(C)CC(N=C=O)CC(C)(CN=C=O)C1,NIMLQBUJDJZYEJ-UHFFFAOYSA-N,C12H18N2O2,C12H18N2O2,222.28,222.288,222.136828,0,16,2,0,0,0,0,0,0,di_polyisocyanate_candidate,rule_high,isocyanate_group_count>=2,direct_tpu_building_block,1,True,rdkit_validated,canonical_unique,BSD-3-Clause,reaction_rule_generated,candidate_structure,Gold-V,admitted_reference,0.0,,smipoly-rdkit-role-v1,2026.03.4
chemical_241672b4cff4a2f3,ds_smipoly_monomers,CID61410,csv:row=400;comID=CID61410,prop-2-enyl nonanoate,CCCCCCCCC(=O)OCC=C,C=CCOC(=O)CCCCCCCC,MFLWLDDOGSNSKO-UHFFFAOYSA-N,C12H22O2,C12H22O2,198.3,198.306,198.16198,0,14,0,0,0,0,0,0,0,unclassified,none,no_supported_TPU_role_rule_matched,unresolved,9,False,rdkit_validated,canonical_unique,BSD-3-Clause,reaction_rule_generated,candidate_structure,Gold-V,admitted_reference,0.0,,smipoly-rdkit-role-v1,2026.03.4
chemical_2422cd6ad17f5821,ds_smipoly_monomers,CID75084,csv:row=516;comID=CID75084,dodecyl prop-2-enoate,CCCCCCCCCCCCOC(=O)C=C,C=CC(=O)OCCCCCCCCCCCC,PBOSTUDLECTMNL-UHFFFAOYSA-N,C15H28O2,C15H28O2,240.38,240.387,240.20893,0,17,0,0,0,0,0,0,0,unclassified,none,no_supported_TPU_role_rule_matched,unresolved,9,False,rdkit_validated,canonical_unique,BSD-3-Clause,reaction_rule_generated,candidate_structure,Gold-V,admitted_reference,0.0,,smipoly-rdkit-role-v1,2026.03.4
chemical_24538bfecd58bba2,ds_smipoly_monomers,CID10679,csv:row=181;comID=CID10679,"9H-fluorene-2,7-diamine",C1C2=C(C=CC(=C2)N)C3=C1C=C(C=C3)N,Nc1ccc2c(c1)Cc1cc(N)ccc1-2,SNCJAJRILVFXAE-UHFFFAOYSA-N,C13H12N2,C13H12N2,196.25,196.253,196.100048,0,15,0,0,2,0,0,0,0,diamine_chain_extender_candidate,rule_medium,amine_group_count>=2,tpuu_or_nipu_building_block,1,True,rdkit_validated,canonical_unique,BSD-3-Clause,reaction_rule_generated,candidate_structure,Gold-V,admitted_reference,0.0,,smipoly-rdkit-role-v1,2026.03.4
chemical_252fcf68f1f1a7e6,ds_smipoly_monomers,CID12757,csv:row=216;comID=CID12757,ethenylcyclohexane,C=CC1CCCCC1,C=CC1CCCCC1,LDLDYFCCDKENPD-UHFFFAOYSA-N,C8H14,C8H14,110.2,110.2,110.10955,0,8,0,0,0,0,0,0,0,unclassified,none,no_supported_TPU_role_rule_matched,unresolved,9,False,rdkit_validated,canonical_unique,BSD-3-Clause,reaction_rule_generated,candidate_structure,Gold-V,admitted_reference,0.0,,smipoly-rdkit-role-v1,2026.03.4
chemical_25b8fafc7f19e23b,ds_smipoly_monomers,CID7218,csv:row=64;comID=CID7218,bicyclo[2.2.1]hept-5-ene-2-carbonitrile,C1C2CC(C1C=C2)C#N,N#CC1CC2C=CC1C2,BMAXQTDMWYDIJX-UHFFFAOYSA-N,C8H9N,C8H9N,119.16,119.167,119.073499,0,9,0,0,0,0,0,0,0,unclassified,none,no_supported_TPU_role_rule_matched,unresolved,9,False,rdkit_validated,canonical_unique,BSD-3-Clause,reaction_rule_generated,candidate_structure,Gold-V,admitted_reference,0.0,,smipoly-rdkit-role-v1,2026.03.4
chemical_2743bdd40596c6d1,ds_smipoly_monomers,CID11138,csv:row=186;comID=CID11138,"benzene-1,3,5-tricarboxylic acid",C1=C(C=C(C=C1C(=O)O)C(=O)O)C(=O)O,O=C(O)c1cc(C(=O)O)cc(C(=O)O)c1,QMKYBPDZANOJGF-UHFFFAOYSA-N,C9H6O6,C9H6O6,210.14,210.141,210.016438,0,15,0,0,0,0,3,0,0,polyester_polyol_precursor,rule_medium,carboxylic_acid_group_count>=2,polyol_synthesis_precursor,2,True,rdkit_validated,canonical_unique,BSD-3-Clause,reaction_rule_generated,candidate_structure,Gold-V,admitted_reference,0.0,,smipoly-rdkit-role-v1,2026.03.4
chemical_27858a1f47b76d79,ds_smipoly_monomers,CID8265,csv:row=136;comID=CID8265,"1,7,8,9,10,10-hexachloro-4-oxatricyclo[5.2.1.02,6]dec-8-ene-3,5-dione",C12C(C(=O)OC1=O)C3(C(=C(C2(C3(Cl)Cl)Cl)Cl)Cl)Cl,O=C1OC(=O)C2C1C1(Cl)C(Cl)=C(Cl)C2(Cl)C1(Cl)Cl,FLBJFXNAEMSXGL-UHFFFAOYSA-N,C9H2Cl6O3,C9H2Cl6O3,370.8,370.83,367.81351,0,18,0,0,0,0,0,0,0,unclassified,none,no_supported_TPU_role_rule_matched,unresolved,9,False,rdkit_validated,canonical_unique,BSD-3-Clause,reaction_rule_generated,candidate_structure,Gold-V,admitted_reference,0.0,,smipoly-rdkit-role-v1,2026.03.4
chemical_2796785db689a058,ds_smipoly_monomers,CID428,csv:row=7;comID=CID428,"propane-1,3-diamine",C(CN)CN,NCCCN,XFNJVJPLKCPIBV-UHFFFAOYSA-N,C3H10N2,C3H10N2,74.13,74.127,74.084398,0,5,0,0,2,0,0,0,0,diamine_chain_extender_candidate,rule_medium,amine_group_count>=2,tpuu_or_nipu_building_block,1,True,rdkit_validated,canonical_unique,BSD-3-Clause,reaction_rule_generated,candidate_structure,Gold-V,admitted_reference,0.0,,smipoly-rdkit-role-v1,2026.03.4
chemical_27ade1c728fa5c47,ds_smipoly_monomers,CID6738,csv:row=51;comID=CID6738,2-hydroxy-3-methylbenzoic acid,CC1=C(C(=CC=C1)C(=O)O)O,Cc1cccc(C(=O)O)c1O,WHSXTWFYRGOBGO-UHFFFAOYSA-N,C8H8O3,C8H8O3,152.15,152.149,152.047344,0,11,0,1,0,0,1,0,0,monool_model_compound,rule_medium,hydroxyl_group_count=1,adjacent_model_compound,3,True,rdkit_validated,canonical_unique,BSD-3-Clause,reaction_rule_generated,candidate_structure,Gold-V,admitted_reference,0.0,,smipoly-rdkit-role-v1,2026.03.4
chemical_27fde3ca600fa2e0,ds_smipoly_monomers,CID9309,csv:row=162;comID=CID9309,prop-2-enylbenzene,C=CCC1=CC=CC=C1,C=CCc1ccccc1,HJWLCRVIBGQPNF-UHFFFAOYSA-N,C9H10,C9H10,118.18,118.179,118.07825,0,9,0,0,0,0,0,0,0,unclassified,none,no_supported_TPU_role_rule_matched,unresolved,9,False,rdkit_validated,canonical_unique,BSD-3-Clause,reaction_rule_generated,candidate_structure,Gold-V,admitted_reference,0.0,,smipoly-rdkit-role-v1,2026.03.4
chemical_281db7af5c076642,ds_smipoly_monomers,CID2782524,csv:row=895;comID=CID2782524,methyl 2-fluoroprop-2-enoate,COC(=O)C(=C)F,C=C(F)C(=O)OC,ZTZJVAOTIOAZGZ-UHFFFAOYSA-N,C4H5FO2,C4H5FO2,104.08,104.08,104.027358,0,7,0,0,0,0,0,0,0,unclassified,none,no_supported_TPU_role_rule_matched,unresolved,9,False,rdkit_validated,canonical_unique,BSD-3-Clause,reaction_rule_generated,candidate_structure,Gold-V,admitted_reference,0.0,,smipoly-rdkit-role-v1,2026.03.4
chemical_2859b312b2471888,ds_smipoly_monomers,CID13853,csv:row=245;comID=CID13853,2-propyloxirane,CCCC1CO1,CCCC1CO1,SYURNNNQIFDVCA-UHFFFAOYSA-N,C5H10O,C5H10O,86.13,86.134,86.073165,0,6,0,0,0,0,0,0,1,epoxy_polyol_precursor,rule_medium,epoxide_group_count>=1,polyol_synthesis_precursor,2,True,rdkit_validated,canonical_unique,BSD-3-Clause,reaction_rule_generated,candidate_structure,Gold-V,admitted_reference,0.0,,smipoly-rdkit-role-v1,2026.03.4
chemical_28a648027cd37607,ds_smipoly_monomers,CID19835,csv:row=342;comID=CID19835,"nonane-1,9-diol",C(CCCCO)CCCCO,OCCCCCCCCCO,ALVZNPYWJMLXKV-UHFFFAOYSA-N,C9H20O2,C9H20O2,160.25,160.257,160.14633,0,11,0,2,0,0,0,0,0,diol_chain_extender_candidate,rule_medium,hydroxyl_group_count=2 and RDKit_MolWt<=250,direct_tpu_building_block,1,True,rdkit_validated,canonical_unique,BSD-3-Clause,reaction_rule_generated,candidate_structure,Gold-V,admitted_reference,0.0,,smipoly-rdkit-role-v1,2026.03.4
chemical_28d72d70fdd6d6d9,ds_smipoly_monomers,CID2759249,csv:row=883;comID=CID2759249,dimethoxy-methyl-[3-(oxiran-2-ylmethoxy)propyl]silane,CO[Si](C)(CCCOCC1CO1)OC,CO[Si](C)(CCCOCC1CO1)OC,WHGNXNCOTZPEEK-UHFFFAOYSA-N,C9H20O4Si,C9H20O4Si,220.34,220.341,220.113086,0,14,0,0,0,0,0,0,1,epoxy_polyol_precursor,rule_medium,epoxide_group_count>=1,polyol_synthesis_precursor,2,True,rdkit_validated,canonical_unique,BSD-3-Clause,reaction_rule_generated,candidate_structure,Gold-V,admitted_reference,0.0,,smipoly-rdkit-role-v1,2026.03.4
chemical_28da8ac817a866b3,ds_smipoly_monomers,CID7488,csv:row=77;comID=CID7488,"benzene-1,4-dicarbonyl chloride",C1=CC(=CC=C1C(=O)Cl)C(=O)Cl,O=C(Cl)c1ccc(C(=O)Cl)cc1,LXEJRKJRKIFVNY-UHFFFAOYSA-N,C8H4Cl2O2,C8H4Cl2O2,203.02,203.024,201.958835,0,12,0,0,0,0,0,0,0,unclassified,none,no_supported_TPU_role_rule_matched,unresolved,9,False,rdkit_validated,canonical_unique,BSD-3-Clause,reaction_rule_generated,candidate_structure,Gold-V,admitted_reference,0.0,,smipoly-rdkit-role-v1,2026.03.4
chemical_28f31a8d9548b3b1,ds_smipoly_monomers,CID7617,csv:row=92;comID=CID7617,"N,N-bis(prop-2-enyl)prop-2-en-1-amine",C=CCN(CC=C)CC=C,C=CCN(CC=C)CC=C,VPYJNCGUESNPMV-UHFFFAOYSA-N,C9H15N,C9H15N,137.22,137.226,137.120449,0,10,0,0,0,0,0,0,0,unclassified,none,no_supported_TPU_role_rule_matched,unresolved,9,False,rdkit_validated,canonical_unique,BSD-3-Clause,reaction_rule_generated,candidate_structure,Gold-V,admitted_reference,0.0,,smipoly-rdkit-role-v1,2026.03.4
chemical_291882726fc88c91,ds_smipoly_monomers,CID637930,csv:row=862;comID=CID637930,(E)-but-2-enedinitrile,C(=CC#N)C#N,N#CC=CC#N,KYPOHTVBFVELTG-UHFFFAOYSA-N,C4H2N2,C4H2N2,78.07,78.074,78.021798,0,6,0,0,0,0,0,0,0,unclassified,none,no_supported_TPU_role_rule_matched,unresolved,9,False,rdkit_validated,canonical_unique,BSD-3-Clause,reaction_rule_generated,candidate_structure,Gold-V,admitted_reference,0.0,,smipoly-rdkit-role-v1,2026.03.4
chemical_292ff7e3987e9f01,ds_smipoly_monomers,CID17583,csv:row=308;comID=CID17583,"N,N-diethylprop-2-enamide",CCN(CC)C(=O)C=C,C=CC(=O)N(CC)CC,OVHHHVAVHBHXAK-UHFFFAOYSA-N,C7H13NO,C7H13NO,127.18,127.187,127.099714,0,9,0,0,0,0,0,0,0,unclassified,none,no_supported_TPU_role_rule_matched,unresolved,9,False,rdkit_validated,canonical_unique,BSD-3-Clause,reaction_rule_generated,candidate_structure,Gold-V,admitted_reference,0.0,,smipoly-rdkit-role-v1,2026.03.4
chemical_2985222b6d6d00ab,ds_smipoly_monomers,CID167468,csv:row=755;comID=CID167468,tri(propan-2-yl)silyl prop-2-enoate,CC(C)[Si](C(C)C)(C(C)C)OC(=O)C=C,C=CC(=O)O[Si](C(C)C)(C(C)C)C(C)C,PQSIXYSSKXAOFE-UHFFFAOYSA-N,C12H24O2Si,C12H24O2Si,228.4,228.408,228.154557,0,15,0,0,0,0,0,0,0,unclassified,none,no_supported_TPU_role_rule_matched,unresolved,9,False,rdkit_validated,canonical_unique,BSD-3-Clause,reaction_rule_generated,candidate_structure,Gold-V,admitted_reference,0.0,,smipoly-rdkit-role-v1,2026.03.4
chemical_29a18d1fd8133677,ds_smipoly_monomers,CID61009,csv:row=391;comID=CID61009,"1,4-diisocyanatobenzene",C1=CC(=CC=C1N=C=O)N=C=O,O=C=Nc1ccc(N=C=O)cc1,ALQLPWJFHRMHIU-UHFFFAOYSA-N,C8H4N2O2,C8H4N2O2,160.13,160.132,160.027277,0,12,2,0,0,0,0,0,0,di_polyisocyanate_candidate,rule_high,isocyanate_group_count>=2,direct_tpu_building_block,1,True,rdkit_validated,canonical_unique,BSD-3-Clause,reaction_rule_generated,candidate_structure,Gold-V,admitted_reference,0.0,,smipoly-rdkit-role-v1,2026.03.4
chemical_29bc519561aec0c7,ds_smipoly_monomers,CID14491,csv:row=254;comID=CID14491,"hexane-1,6-dithiol",C(CCCS)CCS,SCCCCCCS,SRZXCOWFGPICGA-UHFFFAOYSA-N,C6H14S2,C6H14S2,150.3,150.312,150.053692,0,8,0,0,0,2,0,0,0,polythiol_adjacent_candidate,rule_medium,thiol_group_count>=2,adjacent_reactive_building_block,3,True,rdkit_validated,canonical_unique,BSD-3-Clause,reaction_rule_generated,candidate_structure,Gold-V,admitted_reference,0.0,,smipoly-rdkit-role-v1,2026.03.4
chemical_29f9d5f0ffd19717,ds_smipoly_monomers,CID7072,csv:row=61;comID=CID7072,1-isocyanato-4-(4-isocyanato-3-methylphenyl)-2-methylbenzene,CC1=C(C=CC(=C1)C2=CC(=C(C=C2)N=C=O)C)N=C=O,Cc1cc(-c2ccc(N=C=O)c(C)c2)ccc1N=C=O,ICLCCFKUSALICQ-UHFFFAOYSA-N,C16H12N2O2,C16H12N2O2,264.28,264.284,264.089878,0,20,2,0,0,0,0,0,0,di_polyisocyanate_candidate,rule_high,isocyanate_group_count>=2,direct_tpu_building_block,1,True,rdkit_validated,canonical_unique,BSD-3-Clause,reaction_rule_generated,candidate_structure,Gold-V,admitted_reference,0.0,,smipoly-rdkit-role-v1,2026.03.4
chemical_29fa48e3ab533e8b,ds_smipoly_monomers,CID611786,csv:row=840;comID=CID611786,[4-[4-(hydroxymethyl)phenyl]phenyl]methanol,C1=CC(=CC=C1CO)C2=CC=C(C=C2)CO,OCc1ccc(-c2ccc(CO)cc2)cc1,SFHGONLFTNHXDX-UHFFFAOYSA-N,C14H14O2,C14H14O2,214.26,214.264,214.09938,0,16,0,2,0,0,0,0,0,diol_chain_extender_candidate,rule_medium,hydroxyl_group_count=2 and RDKit_MolWt<=250,direct_tpu_building_block,1,True,rdkit_validated,canonical_unique,BSD-3-Clause,reaction_rule_generated,candidate_structure,Gold-V,admitted_reference,0.0,,smipoly-rdkit-role-v1,2026.03.4
chemical_2a0392bf6f565f1b,ds_smipoly_monomers,CID7561,csv:row=87;comID=CID7561,cyclohexyl 2-methylprop-2-enoate,CC(=C)C(=O)OC1CCCCC1,C=C(C)C(=O)OC1CCCCC1,OIWOHHBRDFKZNC-UHFFFAOYSA-N,C10H16O2,C10H16O2,168.23,168.236,168.11503,0,12,0,0,0,0,0,0,0,unclassified,none,no_supported_TPU_role_rule_matched,unresolved,9,False,rdkit_validated,canonical_unique,BSD-3-Clause,reaction_rule_generated,candidate_structure,Gold-V,admitted_reference,0.0,,smipoly-rdkit-role-v1,2026.03.4
chemical_2a0d22152800ae85,ds_smipoly_monomers,CID16069,csv:row=271;comID=CID16069,4-(4-hydroxyphenoxy)phenol,C1=CC(=CC=C1O)OC2=CC=C(C=C2)O,Oc1ccc(Oc2ccc(O)cc2)cc1,NZGQHKSLKRFZFL-UHFFFAOYSA-N,C12H10O3,C12H10O3,202.21,202.209,202.062994,0,15,0,2,0,0,0,0,0,diol_chain_extender_candidate,rule_medium,hydroxyl_group_count=2 and RDKit_MolWt<=250,direct_tpu_building_block,1,True,rdkit_validated,canonical_unique,BSD-3-Clause,reaction_rule_generated,candidate_structure,Gold-V,admitted_reference,0.0,,smipoly-rdkit-role-v1,2026.03.4
chemical_2ab13d20c1e1d6a4,ds_smipoly_monomers,CID76548,csv:row=550;comID=CID76548,"2,3,5,6-tetramethylbenzene-1,4-diamine",CC1=C(C(=C(C(=C1N)C)C)N)C,Cc1c(C)c(N)c(C)c(C)c1N,WCZNKVPCIFMXEQ-UHFFFAOYSA-N,C10H16N2,C10H16N2,164.25,164.252,164.131349,0,12,0,0,2,0,0,0,0,diamine_chain_extender_candidate,rule_medium,amine_group_count>=2,tpuu_or_nipu_building_block,1,True,rdkit_validated,canonical_unique,BSD-3-Clause,reaction_rule_generated,candidate_structure,Gold-V,admitted_reference,0.0,,smipoly-rdkit-role-v1,2026.03.4
chemical_2ab7587d6c9de9f8,ds_smipoly_monomers,CID125370311,csv:row=1082;comID=CID125370311,3-tris(prop-2-enyl)silylpropyl prop-2-enoate,C=CC[Si](CCCOC(=O)C=C)(CC=C)CC=C,C=CC[Si](CC=C)(CC=C)CCCOC(=O)C=C,USYPGKGDLDNTGH-UHFFFAOYSA-N,C15H24O2Si,C15H24O2Si,264.43,264.441,264.154557,0,18,0,0,0,0,0,0,0,unclassified,none,no_supported_TPU_role_rule_matched,unresolved,9,False,rdkit_validated,canonical_unique,BSD-3-Clause,reaction_rule_generated,candidate_structure,Gold-V,admitted_reference,0.0,,smipoly-rdkit-role-v1,2026.03.4
chemical_2b0f3fba6eceae9c,ds_smipoly_monomers,CID2733268,csv:row=874;comID=CID2733268,"2,2,3,3,4,4,5,5,6,6,7,7-dodecafluorooctanedioic acid",C(=O)(C(C(C(C(C(C(C(=O)O)(F)F)(F)F)(F)F)(F)F)(F)F)(F)F)O,O=C(O)C(F)(F)C(F)(F)C(F)(F)C(F)(F)C(F)(F)C(F)(F)C(=O)O,QYCPVKMFWNBDPV-UHFFFAOYSA-N,C8H2F12O4,C8H2F12O4,390.08,390.076,389.976147,0,24,0,0,0,0,2,0,0,polyester_polyol_precursor,rule_medium,carboxylic_acid_group_count>=2,polyol_synthesis_precursor,2,True,rdkit_validated,canonical_unique,BSD-3-Clause,reaction_rule_generated,candidate_structure,Gold-V,admitted_reference,0.0,,smipoly-rdkit-role-v1,2026.03.4
chemical_2b98a6b35cd786e4,ds_smipoly_monomers,CID83166,csv:row=620;comID=CID83166,4-(4-amino-3-methylnaphthalen-1-yl)-2-methylnaphthalen-1-amine,CC1=C(C2=CC=CC=C2C(=C1)C3=CC(=C(C4=CC=CC=C43)N)C)N,Cc1cc(-c2cc(C)c(N)c3ccccc23)c2ccccc2c1N,FTEGMIZQLGXBNA-UHFFFAOYSA-N,C22H20N2,C22H20N2,312.4,312.416,312.162649,0,24,0,0,2,0,0,0,0,diamine_chain_extender_candidate,rule_medium,amine_group_count>=2,tpuu_or_nipu_building_block,1,True,rdkit_validated,canonical_unique,BSD-3-Clause,reaction_rule_generated,candidate_structure,Gold-V,admitted_reference,0.0,,smipoly-rdkit-role-v1,2026.03.4
chemical_2bbf9dbf61749838,ds_smipoly_monomers,CID75930,csv:row=539;comID=CID75930,4-[2-[4-[2-(4-aminophenyl)propan-2-yl]phenyl]propan-2-yl]aniline,CC(C)(C1=CC=C(C=C1)C(C)(C)C2=CC=C(C=C2)N)C3=CC=C(C=C3)N,CC(C)(c1ccc(N)cc1)c1ccc(C(C)(C)c2ccc(N)cc2)cc1,HESXPOICBNWMPI-UHFFFAOYSA-N,C24H28N2,C24H28N2,344.5,344.502,344.225249,0,26,0,0,2,0,0,0,0,diamine_chain_extender_candidate,rule_medium,amine_group_count>=2,tpuu_or_nipu_building_block,1,True,rdkit_validated,canonical_unique,BSD-3-Clause,reaction_rule_generated,candidate_structure,Gold-V,admitted_reference,0.0,,smipoly-rdkit-role-v1,2026.03.4
chemical_2bc3897864d83324,ds_smipoly_monomers,CID16225406,csv:row=1036;comID=CID16225406,[dimethoxy(methyl)silyl]methyl 2-methylprop-2-enoate,CC(=C)C(=O)OC[Si](C)(OC)OC,C=C(C)C(=O)OC[Si](C)(OC)OC,YBUIRAZOPRQNDE-UHFFFAOYSA-N,C8H16O4Si,C8H16O4Si,204.3,204.298,204.081786,0,13,0,0,0,0,0,0,0,unclassified,none,no_supported_TPU_role_rule_matched,unresolved,9,False,rdkit_validated,canonical_unique,BSD-3-Clause,reaction_rule_generated,candidate_structure,Gold-V,admitted_reference,0.0,,smipoly-rdkit-role-v1,2026.03.4
chemical_2c28a082619c46cd,ds_smipoly_monomers,CID2765097,csv:row=886;comID=CID2765097,"2-prop-2-enoxyisoindole-1,3-dione",C=CCON1C(=O)C2=CC=CC=C2C1=O,C=CCON1C(=O)c2ccccc2C1=O,XVKREICBUWCANY-UHFFFAOYSA-N,C11H9NO3,C11H9NO3,203.19,203.197,203.058243,0,15,0,0,0,0,0,0,0,unclassified,none,no_supported_TPU_role_rule_matched,unresolved,9,False,rdkit_validated,canonical_unique,BSD-3-Clause,reaction_rule_generated,candidate_structure,Gold-V,admitted_reference,0.0,,smipoly-rdkit-role-v1,2026.03.4
chemical_2c5154cbcc21f936,ds_smipoly_monomers,CID8252,csv:row=134;comID=CID8252,prop-1-ene,CC=C,C=CC,QQONPFPTGQHPMA-UHFFFAOYSA-N,C3H6,C3H6,42.08,42.081,42.04695,0,3,0,0,0,0,0,0,0,unclassified,none,no_supported_TPU_role_rule_matched,unresolved,9,False,rdkit_validated,canonical_unique,BSD-3-Clause,reaction_rule_generated,candidate_structure,Gold-V,admitted_reference,0.0,,smipoly-rdkit-role-v1,2026.03.4
chemical_2c60c1e4114638e7,ds_smipoly_monomers,CID571571,csv:row=826;comID=CID571571,prop-2-enyl pyridine-4-carboxylate,C=CCOC(=O)C1=CC=NC=C1,C=CCOC(=O)c1ccncc1,ORSMQFTVFDSEBA-UHFFFAOYSA-N,C9H9NO2,C9H9NO2,163.17,163.176,163.063329,0,12,0,0,0,0,0,0,0,unclassified,none,no_supported_TPU_role_rule_matched,unresolved,9,False,rdkit_validated,canonical_unique,BSD-3-Clause,reaction_rule_generated,candidate_structure,Gold-V,admitted_reference,0.0,,smipoly-rdkit-role-v1,2026.03.4
chemical_2d4ac95697a14b2f,ds_smipoly_monomers,CID74269,csv:row=503;comID=CID74269,propanedioyl dichloride,C(C(=O)Cl)C(=O)Cl,O=C(Cl)CC(=O)Cl,SXYFKXOFMCIXQW-UHFFFAOYSA-N,C3H2Cl2O2,C3H2Cl2O2,140.95,140.953,139.943185,0,7,0,0,0,0,0,0,0,unclassified,none,no_supported_TPU_role_rule_matched,unresolved,9,False,rdkit_validated,canonical_unique,BSD-3-Clause,reaction_rule_generated,candidate_structure,Gold-V,admitted_reference,0.0,,smipoly-rdkit-role-v1,2026.03.4
chemical_2d4acde084c009c8,ds_smipoly_monomers,CID11162,csv:row=187;comID=CID11162,"cyclohexane-1,4-diol",C1CC(CCC1O)O,OC1CCC(O)CC1,VKONPUDBRVKQLM-UHFFFAOYSA-N,C6H12O2,C6H12O2,116.16,116.16,116.08373,0,8,0,2,0,0,0,0,0,diol_chain_extender_candidate,rule_medium,hydroxyl_group_count=2 and RDKit_MolWt<=250,direct_tpu_building_block,1,True,rdkit_validated,canonical_unique,BSD-3-Clause,reaction_rule_generated,candidate_structure,Gold-V,admitted_reference,0.0,,smipoly-rdkit-role-v1,2026.03.4
chemical_2da9cc89ebc1b77a,ds_smipoly_monomers,CID15458,csv:row=263;comID=CID15458,tert-butyl prop-2-enoate,CC(C)(C)OC(=O)C=C,C=CC(=O)OC(C)(C)C,ISXSCDLOGDJUNJ-UHFFFAOYSA-N,C7H12O2,C7H12O2,128.17,128.171,128.08373,0,9,0,0,0,0,0,0,0,unclassified,none,no_supported_TPU_role_rule_matched,unresolved,9,False,rdkit_validated,canonical_unique,BSD-3-Clause,reaction_rule_generated,candidate_structure,Gold-V,admitted_reference,0.0,,smipoly-rdkit-role-v1,2026.03.4
chemical_2dad29ca9d88607e,ds_smipoly_monomers,CID88608,csv:row=652;comID=CID88608,4-(4-hydroxycyclohexyl)cyclohexan-1-ol,C1CC(CCC1C2CCC(CC2)O)O,OC1CCC(C2CCC(O)CC2)CC1,MZXNOAWIRQFYDB-UHFFFAOYSA-N,C12H22O2,C12H22O2,198.3,198.306,198.16198,0,14,0,2,0,0,0,0,0,diol_chain_extender_candidate,rule_medium,hydroxyl_group_count=2 and RDKit_MolWt<=250,direct_tpu_building_block,1,True,rdkit_validated,canonical_unique,BSD-3-Clause,reaction_rule_generated,candidate_structure,Gold-V,admitted_reference,0.0,,smipoly-rdkit-role-v1,2026.03.4
chemical_2dc11389a8c3b7be,ds_smipoly_monomers,CID16263,csv:row=274;comID=CID16263,1-bromo-4-ethenylbenzene,C=CC1=CC=C(C=C1)Br,C=Cc1ccc(Br)cc1,WGGLDBIZIQMEGH-UHFFFAOYSA-N,C8H7Br,C8H7Br,183.04,183.048,181.973112,0,9,0,0,0,0,0,0,0,unclassified,none,no_supported_TPU_role_rule_matched,unresolved,9,False,rdkit_validated,canonical_unique,BSD-3-Clause,reaction_rule_generated,candidate_structure,Gold-V,admitted_reference,0.0,,smipoly-rdkit-role-v1,2026.03.4
chemical_2e5a5e729fa0b921,ds_smipoly_monomers,CID101335,csv:row=700;comID=CID101335,2-prop-2-enoxybenzaldehyde,C=CCOC1=CC=CC=C1C=O,C=CCOc1ccccc1C=O,BXCJDECTRRMSCV-UHFFFAOYSA-N,C10H10O2,C10H10O2,162.18,162.188,162.06808,0,12,0,0,0,0,0,0,0,unclassified,none,no_supported_TPU_role_rule_matched,unresolved,9,False,rdkit_validated,canonical_unique,BSD-3-Clause,reaction_rule_generated,candidate_structure,Gold-V,admitted_reference,0.0,,smipoly-rdkit-role-v1,2026.03.4
chemical_2e625fbc34b8ca03,ds_smipoly_monomers,CID71404,csv:row=491;comID=CID71404,2-ethoxyethyl 2-methylprop-2-enoate,CCOCCOC(=O)C(=C)C,C=C(C)C(=O)OCCOCC,SFPNZPQIIAJXGL-UHFFFAOYSA-N,C8H14O3,C8H14O3,158.19,158.197,158.094294,0,11,0,0,0,0,0,0,0,unclassified,none,no_supported_TPU_role_rule_matched,unresolved,9,False,rdkit_validated,canonical_unique,BSD-3-Clause,reaction_rule_generated,candidate_structure,Gold-V,admitted_reference,0.0,,smipoly-rdkit-role-v1,2026.03.4
chemical_2ed30923be9060f0,ds_smipoly_monomers,CID70701,csv:row=487;comID=CID70701,prop-2-enyl 3-oxobutanoate,CC(=O)CC(=O)OCC=C,C=CCOC(=O)CC(C)=O,AXLMPTNTPOWPLT-UHFFFAOYSA-N,C7H10O3,C7H10O3,142.15,142.154,142.062994,0,10,0,0,0,0,0,0,0,unclassified,none,no_supported_TPU_role_rule_matched,unresolved,9,False,rdkit_validated,canonical_unique,BSD-3-Clause,reaction_rule_generated,candidate_structure,Gold-V,admitted_reference,0.0,,smipoly-rdkit-role-v1,2026.03.4
chemical_2ee13c799bf92ddc,ds_smipoly_monomers,CID11584,csv:row=200;comID=CID11584,prop-2-enyl acetate,CC(=O)OCC=C,C=CCOC(C)=O,FWZUNOYOVVKUNF-UHFFFAOYSA-N,C5H8O2,C5H8O2,100.12,100.117,100.052429,0,7,0,0,0,0,0,0,0,unclassified,none,no_supported_TPU_role_rule_matched,unresolved,9,False,rdkit_validated,canonical_unique,BSD-3-Clause,reaction_rule_generated,candidate_structure,Gold-V,admitted_reference,0.0,,smipoly-rdkit-role-v1,2026.03.4
chemical_2f44d79f94a97f28,ds_smipoly_monomers,CID623849,csv:row=846;comID=CID623849,4-[1-(4-hydroxyphenyl)-1-phenylethyl]phenol,CC(C1=CC=CC=C1)(C2=CC=C(C=C2)O)C3=CC=C(C=C3)O,CC(c1ccccc1)(c1ccc(O)cc1)c1ccc(O)cc1,VOWWYDCFAISREI-UHFFFAOYSA-N,C20H18O2,C20H18O2,290.4,290.362,290.13068,0,22,0,2,0,0,0,0,0,macrodiol_polyol_candidate,rule_medium,hydroxyl_group_count=2 and RDKit_MolWt>250,direct_tpu_building_block,1,True,rdkit_validated,canonical_unique,BSD-3-Clause,reaction_rule_generated,candidate_structure,Gold-V,admitted_reference,0.0,,smipoly-rdkit-role-v1,2026.03.4
chemical_2f5871fdf7be0316,ds_smipoly_monomers,CID7612,csv:row=91;comID=CID7612,cyclopentadiene,C1C=CC=C1,C1=CCC=C1,ZSWFCLXCOIISFI-UHFFFAOYSA-N,C5H6,C5H6,66.1,66.103,66.04695,0,5,0,0,0,0,0,0,0,unclassified,none,no_supported_TPU_role_rule_matched,unresolved,9,False,rdkit_validated,canonical_unique,BSD-3-Clause,reaction_rule_generated,candidate_structure,Gold-V,admitted_reference,0.0,,smipoly-rdkit-role-v1,2026.03.4
chemical_2f81cc3910b654f0,ds_smipoly_monomers,CID726893,csv:row=867;comID=CID726893,2-[3-(benzotriazol-2-yl)-4-hydroxyphenyl]ethyl 2-methylprop-2-enoate,CC(=C)C(=O)OCCC1=CC(=C(C=C1)O)N2N=C3C=CC=CC3=N2,C=C(C)C(=O)OCCc1ccc(O)c(-n2nc3ccccc3n2)c1,VCYCUECVHJJFIQ-UHFFFAOYSA-N,C18H17N3O3,C18H17N3O3,323.3,323.352,323.126991,0,24,0,1,0,0,0,0,0,monool_model_compound,rule_medium,hydroxyl_group_count=1,adjacent_model_compound,3,True,rdkit_validated,canonical_unique,BSD-3-Clause,reaction_rule_generated,candidate_structure,Gold-V,admitted_reference,0.0,,smipoly-rdkit-role-v1,2026.03.4
chemical_2f8aadecac06a0ae,ds_smipoly_monomers,CID6453907,csv:row=946;comID=CID6453907,tris[[ethenyl(dimethyl)silyl]oxy]-phenylsilane,C[Si](C)(C=C)O[Si](C1=CC=CC=C1)(O[Si](C)(C)C=C)O[Si](C)(C)C=C,C=C[Si](C)(C)O[Si](O[Si](C)(C)C=C)(O[Si](C)(C)C=C)c1ccccc1,XYVYGTWMOAIWOG-UHFFFAOYSA-N,C18H32O3Si4,C18H32O3Si4,408.8,408.795,408.142851,0,25,0,0,0,0,0,0,0,unclassified,none,no_supported_TPU_role_rule_matched,unresolved,9,False,rdkit_validated,canonical_unique,BSD-3-Clause,reaction_rule_generated,candidate_structure,Gold-V,admitted_reference,0.0,,smipoly-rdkit-role-v1,2026.03.4
chemical_30e6c50d1b1e7249,ds_smipoly_monomers,CID20992,csv:row=351;comID=CID20992,"1-[6-(2,5-dioxopyrrol-1-yl)hexyl]pyrrole-2,5-dione",C1=CC(=O)N(C1=O)CCCCCCN2C(=O)C=CC2=O,O=C1C=CC(=O)N1CCCCCCN1C(=O)C=CC1=O,PYVHLZLQVWXBDZ-UHFFFAOYSA-N,C14H16N2O4,C14H16N2O4,276.29,276.292,276.111007,0,20,0,0,0,0,0,0,0,unclassified,none,no_supported_TPU_role_rule_matched,unresolved,9,False,rdkit_validated,canonical_unique,BSD-3-Clause,reaction_rule_generated,candidate_structure,Gold-V,admitted_reference,0.0,,smipoly-rdkit-role-v1,2026.03.4
chemical_311840ff8aa1ec1c,ds_smipoly_monomers,CID79148,csv:row=587;comID=CID79148,"butane-1,4-dithiol",C(CCS)CS,SCCCCS,SMTOKHQOVJRXLK-UHFFFAOYSA-N,C4H10S2,C4H10S2,122.3,122.258,122.022392,0,6,0,0,0,2,0,0,0,polythiol_adjacent_candidate,rule_medium,thiol_group_count>=2,adjacent_reactive_building_block,3,True,rdkit_validated,canonical_unique,BSD-3-Clause,reaction_rule_generated,candidate_structure,Gold-V,admitted_reference,0.0,,smipoly-rdkit-role-v1,2026.03.4
chemical_31386c75b7650d8d,ds_smipoly_monomers,CID9899022,csv:row=959;comID=CID9899022,"adamantane-1,3,5-triol",C1C2CC3(CC1(CC(C2)(C3)O)O)O,OC12CC3CC(O)(C1)CC(O)(C3)C2,MCYBYTIPMYLHAK-UHFFFAOYSA-N,C10H16O3,C10H16O3,184.23,184.235,184.109944,0,13,0,3,0,0,0,0,0,polyol_crosslinker_candidate,rule_high,hydroxyl_group_count>=3,direct_tpu_building_block,1,True,rdkit_validated,canonical_unique,BSD-3-Clause,reaction_rule_generated,candidate_structure,Gold-V,admitted_reference,0.0,,smipoly-rdkit-role-v1,2026.03.4
chemical_3241b79c8cf19c70,ds_smipoly_monomers,CID193480,csv:row=773;comID=CID193480,"(2,3,4,5,6-pentafluorophenyl) 2-methylprop-2-enoate",CC(=C)C(=O)OC1=C(C(=C(C(=C1F)F)F)F)F,C=C(C)C(=O)Oc1c(F)c(F)c(F)c(F)c1F,NIJWSVFNELSKMF-UHFFFAOYSA-N,C10H5F5O2,C10H5F5O2,252.14,252.138,252.020971,0,17,0,0,0,0,0,0,0,unclassified,none,no_supported_TPU_role_rule_matched,unresolved,9,False,rdkit_validated,canonical_unique,BSD-3-Clause,reaction_rule_generated,candidate_structure,Gold-V,admitted_reference,0.0,,smipoly-rdkit-role-v1,2026.03.4
chemical_324511c3639fcb81,ds_smipoly_monomers,CID24250,csv:row=359;comID=CID24250,"octane-1,8-diamine",C(CCCCN)CCCN,NCCCCCCCCN,PWGJDPKCLMLPJW-UHFFFAOYSA-N,C8H20N2,C8H20N2,144.26,144.262,144.162649,0,10,0,0,2,0,0,0,0,diamine_chain_extender_candidate,rule_medium,amine_group_count>=2,tpuu_or_nipu_building_block,1,True,rdkit_validated,canonical_unique,BSD-3-Clause,reaction_rule_generated,candidate_structure,Gold-V,admitted_reference,0.0,,smipoly-rdkit-role-v1,2026.03.4
chemical_324c34c02772c1c0,ds_smipoly_monomers,CID10950302,csv:row=973;comID=CID10950302,"1-[4-[[4-(2,5-dioxopyrrol-1-yl)-3-ethyl-5-methylphenyl]methyl]-2-ethyl-6-methylphenyl]pyrrole-2,5-dione",CCC1=C(C(=CC(=C1)CC2=CC(=C(C(=C2)C)N3C(=O)C=CC3=O)CC)C)N4C(=O)C=CC4=O,CCc1cc(Cc2cc(C)c(N3C(=O)C=CC3=O)c(CC)c2)cc(C)c1N1C(=O)C=CC1=O,YNSSPVZNXLACMW-UHFFFAOYSA-N,C27H26N2O4,C27H26N2O4,442.5,442.515,442.189257,0,33,0,0,0,0,0,0,0,unclassified,none,no_supported_TPU_role_rule_matched,unresolved,9,False,rdkit_validated,canonical_unique,BSD-3-Clause,reaction_rule_generated,candidate_structure,Gold-V,admitted_reference,0.0,,smipoly-rdkit-role-v1,2026.03.4
chemical_327dc2cffd09010a,ds_smipoly_monomers,CID7980,csv:row=121;comID=CID7980,2-[2-[2-[2-(2-methylprop-2-enoyloxy)ethoxy]ethoxy]ethoxy]ethyl 2-methylprop-2-enoate,CC(=C)C(=O)OCCOCCOCCOCCOC(=O)C(=C)C,C=C(C)C(=O)OCCOCCOCCOCCOC(=O)C(=C)C,LTHJXDSHSVNJKG-UHFFFAOYSA-N,C16H26O7,C16H26O7,330.37,330.377,330.167853,0,23,0,0,0,0,0,0,0,unclassified,none,no_supported_TPU_role_rule_matched,unresolved,9,False,rdkit_validated,canonical_unique,BSD-3-Clause,reaction_rule_generated,candidate_structure,Gold-V,admitted_reference,0.0,,smipoly-rdkit-role-v1,2026.03.4
chemical_33904d7802fc6e38,ds_smipoly_monomers,CID18273,csv:row=325;comID=CID18273,5-ethenylbicyclo[2.2.1]hept-2-ene,C=CC1CC2CC1C=C2,C=CC1CC2C=CC1C2,INYHZQLKOKTDAI-UHFFFAOYSA-N,C9H12,C9H12,120.19,120.195,120.0939,0,9,0,0,0,0,0,0,0,unclassified,none,no_supported_TPU_role_rule_matched,unresolved,9,False,rdkit_validated,canonical_unique,BSD-3-Clause,reaction_rule_generated,candidate_structure,Gold-V,admitted_reference,0.0,,smipoly-rdkit-role-v1,2026.03.4
chemical_33ca9c8b29404574,ds_smipoly_monomers,CID10949,csv:row=183;comID=CID10949,"6-methyl-1,3,5-triazine-2,4-diamine",CC1=NC(=NC(=N1)N)N,Cc1nc(N)nc(N)n1,NJYZCEFQAIUHSD-UHFFFAOYSA-N,C4H7N5,C4H7N5,125.13,125.135,125.070145,0,9,0,0,2,0,0,0,0,diamine_chain_extender_candidate,rule_medium,amine_group_count>=2,tpuu_or_nipu_building_block,1,True,rdkit_validated,canonical_unique,BSD-3-Clause,reaction_rule_generated,candidate_structure,Gold-V,admitted_reference,0.0,,smipoly-rdkit-role-v1,2026.03.4
chemical_3449ca3d96867913,ds_smipoly_monomers,CID2955,csv:row=20;comID=CID2955,4-(4-aminophenyl)sulfonylaniline,C1=CC(=CC=C1N)S(=O)(=O)C2=CC=C(C=C2)N,Nc1ccc(S(=O)(=O)c2ccc(N)cc2)cc1,MQJKPEGWNLWLTK-UHFFFAOYSA-N,C12H12N2O2S,C12H12N2O2S,248.3,248.307,248.061949,0,17,0,0,2,0,0,0,0,diamine_chain_extender_candidate,rule_medium,amine_group_count>=2,tpuu_or_nipu_building_block,1,True,rdkit_validated,canonical_unique,BSD-3-Clause,reaction_rule_generated,candidate_structure,Gold-V,admitted_reference,0.0,,smipoly-rdkit-role-v1,2026.03.4
chemical_344d326f70036d75,ds_smipoly_monomers,CID14042,csv:row=247;comID=CID14042,"hexa-1,5-diene-3,4-diol",C=CC(C(C=C)O)O,C=CC(O)C(O)C=C,KUQWZSZYIQGTHT-UHFFFAOYSA-N,C6H10O2,C6H10O2,114.14,114.144,114.06808,0,8,0,2,0,0,0,0,0,diol_chain_extender_candidate,rule_medium,hydroxyl_group_count=2 and RDKit_MolWt<=250,direct_tpu_building_block,1,True,rdkit_validated,canonical_unique,BSD-3-Clause,reaction_rule_generated,candidate_structure,Gold-V,admitted_reference,0.0,,smipoly-rdkit-role-v1,2026.03.4
chemical_34962dac292231e7,ds_smipoly_monomers,CID79345,csv:row=589;comID=CID79345,"4-[(4-hydroxy-3,5-dimethylphenyl)methyl]-2,6-dimethylphenol",CC1=CC(=CC(=C1O)C)CC2=CC(=C(C(=C2)C)O)C,Cc1cc(Cc2cc(C)c(O)c(C)c2)cc(C)c1O,AZZWZMUXHALBCQ-UHFFFAOYSA-N,C17H20O2,C17H20O2,256.34,256.345,256.14633,0,19,0,2,0,0,0,0,0,macrodiol_polyol_candidate,rule_medium,hydroxyl_group_count=2 and RDKit_MolWt>250,direct_tpu_building_block,1,True,rdkit_validated,canonical_unique,BSD-3-Clause,reaction_rule_generated,candidate_structure,Gold-V,admitted_reference,0.0,,smipoly-rdkit-role-v1,2026.03.4
chemical_34bd4d53b5580ac8,ds_smipoly_monomers,CID8569,csv:row=150;comID=CID8569,(2-hydroxy-4-methoxyphenyl)-(2-hydroxyphenyl)methanone,COC1=CC(=C(C=C1)C(=O)C2=CC=CC=C2O)O,COc1ccc(C(=O)c2ccccc2O)c(O)c1,MEZZCSHVIGVWFI-UHFFFAOYSA-N,C14H12O4,C14H12O4,244.24,244.246,244.073559,0,18,0,2,0,0,0,0,0,diol_chain_extender_candidate,rule_medium,hydroxyl_group_count=2 and RDKit_MolWt<=250,direct_tpu_building_block,1,True,rdkit_validated,canonical_unique,BSD-3-Clause,reaction_rule_generated,candidate_structure,Gold-V,admitted_reference,0.0,,smipoly-rdkit-role-v1,2026.03.4
chemical_34e281f7fc89293f,ds_smipoly_monomers,CID11047500,csv:row=978;comID=CID11047500,"5-[10-(3,5-dihydroxyphenyl)anthracen-9-yl]benzene-1,3-diol",C1=CC=C2C(=C1)C(=C3C=CC=CC3=C2C4=CC(=CC(=C4)O)O)C5=CC(=CC(=C5)O)O,Oc1cc(O)cc(-c2c3ccccc3c(-c3cc(O)cc(O)c3)c3ccccc23)c1,BTBBWVMITMIXSY-UHFFFAOYSA-N,C26H18O4,C26H18O4,394.4,394.426,394.120509,0,30,0,4,0,0,0,0,0,polyol_crosslinker_candidate,rule_high,hydroxyl_group_count>=3,direct_tpu_building_block,1,True,rdkit_validated,canonical_unique,BSD-3-Clause,reaction_rule_generated,candidate_structure,Gold-V,admitted_reference,0.0,,smipoly-rdkit-role-v1,2026.03.4
chemical_3510008097da8106,ds_smipoly_monomers,CID98690,csv:row=693;comID=CID98690,2-[2-(2-aminophenyl)ethyl]aniline,C1=CC=C(C(=C1)CCC2=CC=CC=C2N)N,Nc1ccccc1CCc1ccccc1N,ZYHQGITXIJDDKC-UHFFFAOYSA-N,C14H16N2,C14H16N2,212.29,212.296,212.131349,0,16,0,0,2,0,0,0,0,diamine_chain_extender_candidate,rule_medium,amine_group_count>=2,tpuu_or_nipu_building_block,1,True,rdkit_validated,canonical_unique,BSD-3-Clause,reaction_rule_generated,candidate_structure,Gold-V,admitted_reference,0.0,,smipoly-rdkit-role-v1,2026.03.4
chemical_355d2535d098808a,ds_smipoly_monomers,CID6492,csv:row=33;comID=CID6492,"tricyclo[5.2.1.02,6]deca-3,8-diene",C1C=CC2C1C3CC2C=C3,C1=CC2C3C=CC(C3)C2C1,HECLRDQVFMWTQS-UHFFFAOYSA-N,C10H12,C10H12,132.2,132.206,132.0939,0,10,0,0,0,0,0,0,0,unclassified,none,no_supported_TPU_role_rule_matched,unresolved,9,False,rdkit_validated,canonical_unique,BSD-3-Clause,reaction_rule_generated,candidate_structure,Gold-V,admitted_reference,0.0,,smipoly-rdkit-role-v1,2026.03.4
chemical_358c070876f589b4,ds_smipoly_monomers,CID82439,csv:row=613;comID=CID82439,"2,2-bis[(2-sulfanylacetyl)oxymethyl]butyl 2-sulfanylacetate",CCC(COC(=O)CS)(COC(=O)CS)COC(=O)CS,CCC(COC(=O)CS)(COC(=O)CS)COC(=O)CS,KAJBSGLXSREIHP-UHFFFAOYSA-N,C12H20O6S3,C12H20O6S3,356.5,356.487,356.042201,0,21,0,0,0,3,0,0,0,polythiol_adjacent_candidate,rule_medium,thiol_group_count>=2,adjacent_reactive_building_block,3,True,rdkit_validated,canonical_unique,BSD-3-Clause,reaction_rule_generated,candidate_structure,Gold-V,admitted_reference,0.0,,smipoly-rdkit-role-v1,2026.03.4
chemical_359abf4896b971e4,ds_smipoly_monomers,CID74537,csv:row=508;comID=CID74537,"1,3-bis(prop-2-enyl)urea",C=CCNC(=O)NCC=C,C=CCNC(=O)NCC=C,QRWVOJLTHSRPOA-UHFFFAOYSA-N,C7H12N2O,C7H12N2O,140.18,140.186,140.094963,0,10,0,0,0,0,0,0,0,unclassified,none,no_supported_TPU_role_rule_matched,unresolved,9,False,rdkit_validated,canonical_unique,BSD-3-Clause,reaction_rule_generated,candidate_structure,Gold-V,admitted_reference,0.0,,smipoly-rdkit-role-v1,2026.03.4
chemical_35b6ca767754f125,ds_smipoly_monomers,CID3014768,csv:row=899;comID=CID3014768,2-isocyanatoethyl prop-2-enoate,C=CC(=O)OCCN=C=O,C=CC(=O)OCCN=C=O,DPNXHTDWGGVXID-UHFFFAOYSA-N,C6H7NO3,C6H7NO3,141.12,141.126,141.042593,0,10,1,0,0,0,0,0,0,monoisocyanate_model_compound,rule_high,isocyanate_group_count=1,adjacent_model_compound,3,True,rdkit_validated,canonical_unique,BSD-3-Clause,reaction_rule_generated,candidate_structure,Gold-V,admitted_reference,0.0,,smipoly-rdkit-role-v1,2026.03.4
chemical_35ced26d06c283c0,ds_smipoly_monomers,CID102856,csv:row=706;comID=CID102856,triethoxy-[3-(oxiran-2-ylmethoxy)propyl]silane,CCO[Si](CCCOCC1CO1)(OCC)OCC,CCO[Si](CCCOCC1CO1)(OCC)OCC,JXUKBNICSRJFAP-UHFFFAOYSA-N,C12H26O5Si,C12H26O5Si,278.42,278.421,278.15495,0,18,0,0,0,0,0,0,1,epoxy_polyol_precursor,rule_medium,epoxide_group_count>=1,polyol_synthesis_precursor,2,True,rdkit_validated,canonical_unique,BSD-3-Clause,reaction_rule_generated,candidate_structure,Gold-V,admitted_reference,0.0,,smipoly-rdkit-role-v1,2026.03.4
chemical_35e9efbdcc5e2705,ds_smipoly_monomers,CID7039,csv:row=57;comID=CID7039,"2,6-bis(hydroxymethyl)-4-methylphenol",CC1=CC(=C(C(=C1)CO)O)CO,Cc1cc(CO)c(O)c(CO)c1,KUMMBDBTERQYCG-UHFFFAOYSA-N,C9H12O3,C9H12O3,168.19,168.192,168.078644,0,12,0,3,0,0,0,0,0,polyol_crosslinker_candidate,rule_high,hydroxyl_group_count>=3,direct_tpu_building_block,1,True,rdkit_validated,canonical_unique,BSD-3-Clause,reaction_rule_generated,candidate_structure,Gold-V,admitted_reference,0.0,,smipoly-rdkit-role-v1,2026.03.4
chemical_360ad6b6acef0d99,ds_smipoly_monomers,CID69917,csv:row=472;comID=CID69917,4-amino-N-(4-aminophenyl)benzamide,Nc1ccc(NC(=O)c2ccc(N)cc2)cc1,Nc1ccc(NC(=O)c2ccc(N)cc2)cc1,XPAQFJJCWGSXGJ-UHFFFAOYSA-N,C13H13N3O,C13H13N3O,227.26,227.267,227.105862,0,17,0,0,2,0,0,0,0,diamine_chain_extender_candidate,rule_medium,amine_group_count>=2,tpuu_or_nipu_building_block,1,True,rdkit_validated,canonical_unique,BSD-3-Clause,reaction_rule_generated,candidate_structure,Gold-V,admitted_reference,0.0,,smipoly-rdkit-role-v1,2026.03.4
chemical_3626b83058e13643,ds_smipoly_monomers,CID11206014,csv:row=986;comID=CID11206014,(2-oxooxolan-3-yl) 2-methylprop-2-enoate,CC(=C)C(=O)OC1CCOC1=O,C=C(C)C(=O)OC1CCOC1=O,QSUJHKWXLIQKEY-UHFFFAOYSA-N,C8H10O4,C8H10O4,170.16,170.164,170.057909,0,12,0,0,0,0,0,0,0,unclassified,none,no_supported_TPU_role_rule_matched,unresolved,9,False,rdkit_validated,canonical_unique,BSD-3-Clause,reaction_rule_generated,candidate_structure,Gold-V,admitted_reference,0.0,,smipoly-rdkit-role-v1,2026.03.4
chemical_3635aefc1005d8ad,ds_smipoly_monomers,CID8031,csv:row=127;comID=CID8031,"2,5-dimethylhexane-2,5-diol",CC(C)(CCC(C)(C)O)O,CC(C)(O)CCC(C)(C)O,ZWNMRZQYWRLGMM-UHFFFAOYSA-N,C8H18O2,C8H18O2,146.23,146.23,146.13068,0,10,0,2,0,0,0,0,0,diol_chain_extender_candidate,rule_medium,hydroxyl_group_count=2 and RDKit_MolWt<=250,direct_tpu_building_block,1,True,rdkit_validated,canonical_unique,BSD-3-Clause,reaction_rule_generated,candidate_structure,Gold-V,admitted_reference,0.0,,smipoly-rdkit-role-v1,2026.03.4
chemical_36800c77aa37b090,ds_smipoly_monomers,CID8009,csv:row=124;comID=CID8009,but-3-enenitrile,C=CCC#N,C=CCC#N,SJNALLRHIVGIBI-UHFFFAOYSA-N,C4H5N,C4H5N,67.09,67.091,67.042199,0,5,0,0,0,0,0,0,0,unclassified,none,no_supported_TPU_role_rule_matched,unresolved,9,False,rdkit_validated,canonical_unique,BSD-3-Clause,reaction_rule_generated,candidate_structure,Gold-V,admitted_reference,0.0,,smipoly-rdkit-role-v1,2026.03.4
chemical_36a4e6822f2c2d4d,ds_smipoly_monomers,CID786373,csv:row=870;comID=CID786373,1-(4-chlorophenyl)sulfonyl-4-fluorobenzene,C1=CC(=CC=C1F)S(=O)(=O)C2=CC=C(C=C2)Cl,O=S(=O)(c1ccc(F)cc1)c1ccc(Cl)cc1,URPIOHXFOXUKJB-UHFFFAOYSA-N,C12H8ClFO2S,C12H8ClFO2S,270.71,270.712,269.991756,0,17,0,0,0,0,0,0,0,unclassified,none,no_supported_TPU_role_rule_matched,unresolved,9,False,rdkit_validated,canonical_unique,BSD-3-Clause,reaction_rule_generated,candidate_structure,Gold-V,admitted_reference,0.0,,smipoly-rdkit-role-v1,2026.03.4
chemical_36a59b4ed3552d92,ds_smipoly_monomers,CID13609154,csv:row=1019;comID=CID13609154,barium(2+);prop-2-enoate,C=CC(=O)[O-].C=CC(=O)[O-].[Ba+2],C=CC(=O)[O-].C=CC(=O)[O-].[Ba+2],ONQPQIFFWHMGGE-UHFFFAOYSA-L,C6H6BaO4,C6H6BaO4,279.44,279.438,279.931856,0,11,0,0,0,0,0,0,0,unclassified,none,no_supported_TPU_role_rule_matched,unresolved,9,False,rdkit_validated,canonical_unique,BSD-3-Clause,reaction_rule_generated,candidate_structure,Gold-V,admitted_reference,0.0,,smipoly-rdkit-role-v1,2026.03.4
chemical_36e872c26bd5add8,ds_smipoly_monomers,CID93249,csv:row=672;comID=CID93249,2-[[4-[9-[4-(oxiran-2-ylmethoxy)phenyl]fluoren-9-yl]phenoxy]methyl]oxirane,C1C(O1)COC2=CC=C(C=C2)C3(C4=CC=CC=C4C5=CC=CC=C53)C6=CC=C(C=C6)OCC7CO7,c1ccc2c(c1)-c1ccccc1C2(c1ccc(OCC2CO2)cc1)c1ccc(OCC2CO2)cc1,LCSAOPVSVLGDLE-UHFFFAOYSA-N,C31H26O4,C31H26O4,462.5,462.545,462.183109,0,35,0,0,0,0,0,0,2,epoxy_polyol_precursor,rule_medium,epoxide_group_count>=1,polyol_synthesis_precursor,2,True,rdkit_validated,canonical_unique,BSD-3-Clause,reaction_rule_generated,candidate_structure,Gold-V,admitted_reference,0.0,,smipoly-rdkit-role-v1,2026.03.4
chemical_3755ddfe9ca6a050,ds_smipoly_monomers,CID74381,csv:row=504;comID=CID74381,1-chloro-4-prop-1-en-2-ylbenzene,CC(=C)C1=CC=C(C=C1)Cl,C=C(C)c1ccc(Cl)cc1,WQDGTJOEMPEHHL-UHFFFAOYSA-N,C9H9Cl,C9H9Cl,152.62,152.624,152.039278,0,10,0,0,0,0,0,0,0,unclassified,none,no_supported_TPU_role_rule_matched,unresolved,9,False,rdkit_validated,canonical_unique,BSD-3-Clause,reaction_rule_generated,candidate_structure,Gold-V,admitted_reference,0.0,,smipoly-rdkit-role-v1,2026.03.4
chemical_37b4eea40244df89,ds_smipoly_monomers,CID592148,csv:row=836;comID=CID592148,"4,4,4',4'-tetramethyl-2,2'-spirobi[3H-chromene]-7,7'-diol",CC1(CC2(CC(C3=C(O2)C=C(C=C3)O)(C)C)OC4=C1C=CC(=C4)O)C,CC1(C)CC2(CC(C)(C)c3ccc(O)cc3O2)Oc2cc(O)ccc21,BWQOXWHQZXVXSD-UHFFFAOYSA-N,C21H24O4,C21H24O4,340.4,340.419,340.167459,0,25,0,2,0,0,0,0,0,macrodiol_polyol_candidate,rule_medium,hydroxyl_group_count=2 and RDKit_MolWt>250,direct_tpu_building_block,1,True,rdkit_validated,canonical_unique,BSD-3-Clause,reaction_rule_generated,candidate_structure,Gold-V,admitted_reference,0.0,,smipoly-rdkit-role-v1,2026.03.4
chemical_37ecccf6efe1ff5d,ds_smipoly_monomers,CID66077,csv:row=419;comID=CID66077,ethenyl octadecanoate,CCCCCCCCCCCCCCCCCC(=O)OC=C,C=COC(=O)CCCCCCCCCCCCCCCCC,AFSIMBWBBOJPJG-UHFFFAOYSA-N,C20H38O2,C20H38O2,310.5,310.522,310.28718,0,22,0,0,0,0,0,0,0,unclassified,none,no_supported_TPU_role_rule_matched,unresolved,9,False,rdkit_validated,canonical_unique,BSD-3-Clause,reaction_rule_generated,candidate_structure,Gold-V,admitted_reference,0.0,,smipoly-rdkit-role-v1,2026.03.4
chemical_37f0a4bd1fff5d2e,ds_smipoly_monomers,CID146486,csv:row=746;comID=CID146486,3-[(3-aminophenyl)methyl]aniline,C1=CC(=CC(=C1)N)CC2=CC(=CC=C2)N,Nc1cccc(Cc2cccc(N)c2)c1,CKOFBUUFHALZGK-UHFFFAOYSA-N,C13H14N2,C13H14N2,198.26,198.269,198.115698,0,15,0,0,2,0,0,0,0,diamine_chain_extender_candidate,rule_medium,amine_group_count>=2,tpuu_or_nipu_building_block,1,True,rdkit_validated,canonical_unique,BSD-3-Clause,reaction_rule_generated,candidate_structure,Gold-V,admitted_reference,0.0,,smipoly-rdkit-role-v1,2026.03.4
chemical_3804950c6fe9bec2,ds_smipoly_monomers,CID18430,csv:row=331;comID=CID18430,2-(bromomethyl)oxirane,C1C(O1)CBr,BrCC1CO1,GKIPXFAANLTWBM-UHFFFAOYSA-N,C3H5BrO,C3H5BrO,136.98,136.976,135.952377,0,5,0,0,0,0,0,0,1,epoxy_polyol_precursor,rule_medium,epoxide_group_count>=1,polyol_synthesis_precursor,2,True,rdkit_validated,canonical_unique,BSD-3-Clause,reaction_rule_generated,candidate_structure,Gold-V,admitted_reference,0.0,,smipoly-rdkit-role-v1,2026.03.4
chemical_3817df6fe1d785c3,ds_smipoly_monomers,CID12161,csv:row=207;comID=CID12161,1-ethenyl-4-methylbenzene,CC1=CC=C(C=C1)C=C,C=Cc1ccc(C)cc1,JLBJTVDPSNHSKJ-UHFFFAOYSA-N,C9H10,C9H10,118.18,118.179,118.07825,0,9,0,0,0,0,0,0,0,unclassified,none,no_supported_TPU_role_rule_matched,unresolved,9,False,rdkit_validated,canonical_unique,BSD-3-Clause,reaction_rule_generated,candidate_structure,Gold-V,admitted_reference,0.0,,smipoly-rdkit-role-v1,2026.03.4
chemical_3833512a7b21805f,ds_smipoly_monomers,CID20160952,csv:row=1045;comID=CID20160952,2-[[2-methyl-4-[9-[3-methyl-4-(oxiran-2-ylmethoxy)phenyl]fluoren-9-yl]phenoxy]methyl]oxirane,CC1=C(C=CC(=C1)C2(C3=CC=CC=C3C4=CC=CC=C42)C5=CC(=C(C=C5)OCC6CO6)C)OCC7CO7,Cc1cc(C2(c3ccc(OCC4CO4)c(C)c3)c3ccccc3-c3ccccc32)ccc1OCC1CO1,ABXGZTBEQZOCEE-UHFFFAOYSA-N,C33H30O4,C33H30O4,490.6,490.599,490.214409,0,37,0,0,0,0,0,0,2,epoxy_polyol_precursor,rule_medium,epoxide_group_count>=1,polyol_synthesis_precursor,2,True,rdkit_validated,canonical_unique,BSD-3-Clause,reaction_rule_generated,candidate_structure,Gold-V,admitted_reference,0.0,,smipoly-rdkit-role-v1,2026.03.4
chemical_38524e41cc70d81f,ds_smipoly_monomers,CID170286,csv:row=762;comID=CID170286,"2-[2,4,6-trioxo-3,5-bis(2-prop-2-enoyloxyethyl)-1,3,5-triazinan-1-yl]ethyl prop-2-enoate",C=CC(=O)OCCN1C(=O)N(C(=O)N(C1=O)CCOC(=O)C=C)CCOC(=O)C=C,C=CC(=O)OCCn1c(=O)n(CCOC(=O)C=C)c(=O)n(CCOC(=O)C=C)c1=O,YIJYFLXQHDOQGW-UHFFFAOYSA-N,C18H21N3O9,C18H21N3O9,423.4,423.378,423.127779,0,30,0,0,0,0,0,0,0,unclassified,none,no_supported_TPU_role_rule_matched,unresolved,9,False,rdkit_validated,canonical_unique,BSD-3-Clause,reaction_rule_generated,candidate_structure,Gold-V,admitted_reference,0.0,,smipoly-rdkit-role-v1,2026.03.4
chemical_387697661410a5a2,ds_smipoly_monomers,CID31352,csv:row=380;comID=CID31352,"2-[[3-hydroxy-2,2-bis(hydroxymethyl)propoxy]methyl]-2-(hydroxymethyl)propane-1,3-diol",C(C(CO)(CO)COCC(CO)(CO)CO)O,OCC(CO)(CO)COCC(CO)(CO)CO,TXBCBTDQIULDIA-UHFFFAOYSA-N,C10H22O7,C10H22O7,254.28,254.279,254.136553,0,17,0,6,0,0,0,0,0,polyol_crosslinker_candidate,rule_high,hydroxyl_group_count>=3,direct_tpu_building_block,1,True,rdkit_validated,canonical_unique,BSD-3-Clause,reaction_rule_generated,candidate_structure,Gold-V,admitted_reference,0.0,,smipoly-rdkit-role-v1,2026.03.4
chemical_38dd245d795b779c,ds_smipoly_monomers,CID17234,csv:row=298;comID=CID17234,tridecyl 2-methylprop-2-enoate,CCCCCCCCCCCCCOC(=O)C(=C)C,C=C(C)C(=O)OCCCCCCCCCCCCC,KEROTHRUZYBWCY-UHFFFAOYSA-N,C17H32O2,C17H32O2,268.4,268.441,268.24023,0,19,0,0,0,0,0,0,0,unclassified,none,no_supported_TPU_role_rule_matched,unresolved,9,False,rdkit_validated,canonical_unique,BSD-3-Clause,reaction_rule_generated,candidate_structure,Gold-V,admitted_reference,0.0,,smipoly-rdkit-role-v1,2026.03.4
chemical_38df8551465545bd,ds_smipoly_monomers,CID23681144,csv:row=1062;comID=CID23681144,sodium;4-ethenylbenzenesulfonate;hydrate,C=CC1=CC=C(C=C1)S(=O)(=O)[O-].O.[Na+],C=Cc1ccc(S(=O)(=O)[O-])cc1.O.[Na+],AATHLPHPRXGBAI-UHFFFAOYSA-M,C8H9NaO4S,C8H9NaO4S,224.21,224.213,224.011924,0,14,0,0,0,0,0,0,0,unclassified,none,no_supported_TPU_role_rule_matched,unresolved,9,False,rdkit_validated,canonical_unique,BSD-3-Clause,reaction_rule_generated,candidate_structure,Gold-V,admitted_reference,0.0,,smipoly-rdkit-role-v1,2026.03.4
chemical_38e0ca528a899226,ds_smipoly_monomers,CID31262,csv:row=377;comID=CID31262,"1,3-diisocyanatobenzene",C1=CC(=CC(=C1)N=C=O)N=C=O,O=C=Nc1cccc(N=C=O)c1,VGHSXKTVMPXHNG-UHFFFAOYSA-N,C8H4N2O2,C8H4N2O2,160.13,160.132,160.027277,0,12,2,0,0,0,0,0,0,di_polyisocyanate_candidate,rule_high,isocyanate_group_count>=2,direct_tpu_building_block,1,True,rdkit_validated,canonical_unique,BSD-3-Clause,reaction_rule_generated,candidate_structure,Gold-V,admitted_reference,0.0,,smipoly-rdkit-role-v1,2026.03.4
chemical_3957cc253ed8df2c,ds_smipoly_monomers,CID83698,csv:row=627;comID=CID83698,2-methyl-N-propan-2-ylprop-2-enamide,CC(C)NC(=O)C(=C)C,C=C(C)C(=O)NC(C)C,YQIGLEFUZMIVHU-UHFFFAOYSA-N,C7H13NO,C7H13NO,127.18,127.187,127.099714,0,9,0,0,0,0,0,0,0,unclassified,none,no_supported_TPU_role_rule_matched,unresolved,9,False,rdkit_validated,canonical_unique,BSD-3-Clause,reaction_rule_generated,candidate_structure,Gold-V,admitted_reference,0.0,,smipoly-rdkit-role-v1,2026.03.4
chemical_39ce9ae1693dbe60,ds_smipoly_monomers,CID77332,csv:row=564;comID=CID77332,1-prop-2-enoxybutane,CCCCOCC=C,C=CCOCCCC,IBTLFDCPAJLATQ-UHFFFAOYSA-N,C7H14O,C7H14O,114.19,114.188,114.104465,0,8,0,0,0,0,0,0,0,unclassified,none,no_supported_TPU_role_rule_matched,unresolved,9,False,rdkit_validated,canonical_unique,BSD-3-Clause,reaction_rule_generated,candidate_structure,Gold-V,admitted_reference,0.0,,smipoly-rdkit-role-v1,2026.03.4
chemical_3a31a06b7da925c2,ds_smipoly_monomers,CID83195,csv:row=621;comID=CID83195,"1-(2,4,6-trichlorophenyl)pyrrole-2,5-dione",C1=CC(=O)N(C1=O)C2=C(C=C(C=C2Cl)Cl)Cl,O=C1C=CC(=O)N1c1c(Cl)cc(Cl)cc1Cl,VHZJMAJCUAWIHV-UHFFFAOYSA-N,C10H4Cl3NO2,C10H4Cl3NO2,276.5,276.506,274.930761,0,16,0,0,0,0,0,0,0,unclassified,none,no_supported_TPU_role_rule_matched,unresolved,9,False,rdkit_validated,canonical_unique,BSD-3-Clause,reaction_rule_generated,candidate_structure,Gold-V,admitted_reference,0.0,,smipoly-rdkit-role-v1,2026.03.4
chemical_3a3350ec00035a01,ds_smipoly_monomers,CID77343,csv:row=565;comID=CID77343,"(2,4,6-tribromophenyl) prop-2-enoate",C=CC(=O)OC1=C(C=C(C=C1Br)Br)Br,C=CC(=O)Oc1c(Br)cc(Br)cc1Br,CNLVUQQHXLTOTC-UHFFFAOYSA-N,C9H5Br3O2,C9H5Br3O2,384.85,384.849,381.783966,0,14,0,0,0,0,0,0,0,unclassified,none,no_supported_TPU_role_rule_matched,unresolved,9,False,rdkit_validated,canonical_unique,BSD-3-Clause,reaction_rule_generated,candidate_structure,Gold-V,admitted_reference,0.0,,smipoly-rdkit-role-v1,2026.03.4
chemical_3a566be4d64035e3,ds_smipoly_monomers,CID18533301,csv:row=1040;comID=CID18533301,2-bromo-4-(3-bromo-4-hydroxyphenyl)phenol,C1=CC(=C(C=C1C2=CC(=C(C=C2)O)Br)Br)O,Oc1ccc(-c2ccc(O)c(Br)c2)cc1Br,RJGXLSPAKXWJGN-UHFFFAOYSA-N,C12H8Br2O2,C12H8Br2O2,344.0,344.002,341.889104,0,16,0,2,0,0,0,0,0,macrodiol_polyol_candidate,rule_medium,hydroxyl_group_count=2 and RDKit_MolWt>250,direct_tpu_building_block,1,True,rdkit_validated,canonical_unique,BSD-3-Clause,reaction_rule_generated,candidate_structure,Gold-V,admitted_reference,0.0,,smipoly-rdkit-role-v1,2026.03.4
chemical_3a7d76d124f2e5b7,ds_smipoly_monomers,CID7921,csv:row=116;comID=CID7921,5-methyloxolan-2-one,CC1CCC(=O)O1,CC1CCC(=O)O1,GAEKPEKOJKCEMS-UHFFFAOYSA-N,C5H8O2,C5H8O2,100.12,100.117,100.052429,0,7,0,0,0,0,0,0,0,unclassified,none,no_supported_TPU_role_rule_matched,unresolved,9,False,rdkit_validated,canonical_unique,BSD-3-Clause,reaction_rule_generated,candidate_structure,Gold-V,admitted_reference,0.0,,smipoly-rdkit-role-v1,2026.03.4
chemical_3a805b3db69f32ae,ds_smipoly_monomers,CID13581,csv:row=238;comID=CID13581,2-(2-ethenoxyethoxy)ethanol,C=COCCOCCO,C=COCCOCCO,WULAHPYSGCVQHM-UHFFFAOYSA-N,C6H12O3,C6H12O3,132.16,132.159,132.078644,0,9,0,1,0,0,0,0,0,monool_model_compound,rule_medium,hydroxyl_group_count=1,adjacent_model_compound,3,True,rdkit_validated,canonical_unique,BSD-3-Clause,reaction_rule_generated,candidate_structure,Gold-V,admitted_reference,0.0,,smipoly-rdkit-role-v1,2026.03.4
chemical_3a839de01d0d55eb,ds_smipoly_monomers,CID77204,csv:row=562;comID=CID77204,N-(methoxymethyl)-2-methylprop-2-enamide,CC(=C)C(=O)NCOC,C=C(C)C(=O)NCOC,YOZHLACIXDCHPV-UHFFFAOYSA-N,C6H11NO2,C6H11NO2,129.16,129.159,129.078979,0,9,0,0,0,0,0,0,0,unclassified,none,no_supported_TPU_role_rule_matched,unresolved,9,False,rdkit_validated,canonical_unique,BSD-3-Clause,reaction_rule_generated,candidate_structure,Gold-V,admitted_reference,0.0,,smipoly-rdkit-role-v1,2026.03.4
chemical_3a9b6c9378cef7ea,ds_smipoly_monomers,CID232881,csv:row=782;comID=CID232881,4-[(4-hydroxyphenyl)-diphenylmethyl]phenol,C1=CC=C(C=C1)C(C2=CC=CC=C2)(C3=CC=C(C=C3)O)C4=CC=C(C=C4)O,Oc1ccc(C(c2ccccc2)(c2ccccc2)c2ccc(O)cc2)cc1,BATCUENAARTUKW-UHFFFAOYSA-N,C25H20O2,C25H20O2,352.4,352.433,352.14633,0,27,0,2,0,0,0,0,0,macrodiol_polyol_candidate,rule_medium,hydroxyl_group_count=2 and RDKit_MolWt>250,direct_tpu_building_block,1,True,rdkit_validated,canonical_unique,BSD-3-Clause,reaction_rule_generated,candidate_structure,Gold-V,admitted_reference,0.0,,smipoly-rdkit-role-v1,2026.03.4
chemical_3b1e1be2e187efa0,ds_smipoly_monomers,CID175956,csv:row=770;comID=CID175956,4-oxo-4-(2-prop-2-enoyloxyethoxy)butanoic acid,C=CC(=O)OCCOC(=O)CCC(=O)O,C=CC(=O)OCCOC(=O)CCC(=O)O,UZDMJPAQQFSMMV-UHFFFAOYSA-N,C9H12O6,C9H12O6,216.19,216.189,216.063388,0,15,0,0,0,0,1,0,0,unclassified,none,no_supported_TPU_role_rule_matched,unresolved,9,False,rdkit_validated,canonical_unique,BSD-3-Clause,reaction_rule_generated,candidate_structure,Gold-V,admitted_reference,0.0,,smipoly-rdkit-role-v1,2026.03.4
chemical_3b2bd7e980cbf270,ds_smipoly_monomers,CID25644,csv:row=364;comID=CID25644,6-prop-2-enoyloxyhexyl prop-2-enoate,C=CC(=O)OCCCCCCOC(=O)C=C,C=CC(=O)OCCCCCCOC(=O)C=C,FIHBHSQYSYVZQE-UHFFFAOYSA-N,C12H18O4,C12H18O4,226.27,226.272,226.120509,0,16,0,0,0,0,0,0,0,unclassified,none,no_supported_TPU_role_rule_matched,unresolved,9,False,rdkit_validated,canonical_unique,BSD-3-Clause,reaction_rule_generated,candidate_structure,Gold-V,admitted_reference,0.0,,smipoly-rdkit-role-v1,2026.03.4
chemical_3b69d2286047ee9c,ds_smipoly_monomers,CID3037,csv:row=21;comID=CID3037,4-chloro-2-[(5-chloro-2-hydroxyphenyl)methyl]phenol,C1=CC(=C(C=C1Cl)CC2=C(C=CC(=C2)Cl)O)O,Oc1ccc(Cl)cc1Cc1cc(Cl)ccc1O,MDNWOSOZYLHTCG-UHFFFAOYSA-N,C13H10Cl2O2,C13H10Cl2O2,269.12,269.127,268.005785,0,17,0,2,0,0,0,0,0,macrodiol_polyol_candidate,rule_medium,hydroxyl_group_count=2 and RDKit_MolWt>250,direct_tpu_building_block,1,True,rdkit_validated,canonical_unique,BSD-3-Clause,reaction_rule_generated,candidate_structure,Gold-V,admitted_reference,0.0,,smipoly-rdkit-role-v1,2026.03.4
chemical_3b6dbbb41ff1ff5f,ds_smipoly_monomers,CID6658,csv:row=48;comID=CID6658,methyl 2-methylprop-2-enoate,CC(=C)C(=O)OC,C=C(C)C(=O)OC,VVQNEPGJFQJSBK-UHFFFAOYSA-N,C5H8O2,C5H8O2,100.12,100.117,100.052429,0,7,0,0,0,0,0,0,0,unclassified,none,no_supported_TPU_role_rule_matched,unresolved,9,False,rdkit_validated,canonical_unique,BSD-3-Clause,reaction_rule_generated,candidate_structure,Gold-V,admitted_reference,0.0,,smipoly-rdkit-role-v1,2026.03.4
chemical_3b6eb34ad4a0be1b,ds_smipoly_monomers,CID7845,csv:row=110;comID=CID7845,"buta-1,3-diene",C=CC=C,C=CC=C,KAKZBPTYRLMSJV-UHFFFAOYSA-N,C4H6,C4H6,54.09,54.092,54.04695,0,4,0,0,0,0,0,0,0,unclassified,none,no_supported_TPU_role_rule_matched,unresolved,9,False,rdkit_validated,canonical_unique,BSD-3-Clause,reaction_rule_generated,candidate_structure,Gold-V,admitted_reference,0.0,,smipoly-rdkit-role-v1,2026.03.4
chemical_3b99d739a6461a61,ds_smipoly_monomers,CID17570,csv:row=307;comID=CID17570,4-(4-hydroxyphenyl)sulfanylphenol,C1=CC(=CC=C1O)SC2=CC=C(C=C2)O,Oc1ccc(Sc2ccc(O)cc2)cc1,VWGKEVWFBOUAND-UHFFFAOYSA-N,C12H10O2S,C12H10O2S,218.27,218.277,218.040151,0,15,0,2,0,0,0,0,0,diol_chain_extender_candidate,rule_medium,hydroxyl_group_count=2 and RDKit_MolWt<=250,direct_tpu_building_block,1,True,rdkit_validated,canonical_unique,BSD-3-Clause,reaction_rule_generated,candidate_structure,Gold-V,admitted_reference,0.0,,smipoly-rdkit-role-v1,2026.03.4
chemical_3bceb78918489310,ds_smipoly_monomers,CID607709,csv:row=837;comID=CID607709,"bicyclo[2.2.2]octane-1,4-dicarboxylic acid",C1CC2(CCC1(CC2)C(=O)O)C(=O)O,O=C(O)C12CCC(C(=O)O)(CC1)CC2,KVOACUMJSXEJQT-UHFFFAOYSA-N,C10H14O4,C10H14O4,198.22,198.218,198.089209,0,14,0,0,0,0,2,0,0,polyester_polyol_precursor,rule_medium,carboxylic_acid_group_count>=2,polyol_synthesis_precursor,2,True,rdkit_validated,canonical_unique,BSD-3-Clause,reaction_rule_generated,candidate_structure,Gold-V,admitted_reference,0.0,,smipoly-rdkit-role-v1,2026.03.4
chemical_3bd325e2fd6b0fb4,ds_smipoly_monomers,CID27423,csv:row=367;comID=CID27423,"2,2-bis(prop-2-enoyloxymethyl)butyl prop-2-enoate",CCC(COC(=O)C=C)(COC(=O)C=C)COC(=O)C=C,C=CC(=O)OCC(CC)(COC(=O)C=C)COC(=O)C=C,DAKWPKUUDNSNPN-UHFFFAOYSA-N,C15H20O6,C15H20O6,296.31,296.319,296.125988,0,21,0,0,0,0,0,0,0,unclassified,none,no_supported_TPU_role_rule_matched,unresolved,9,False,rdkit_validated,canonical_unique,BSD-3-Clause,reaction_rule_generated,candidate_structure,Gold-V,admitted_reference,0.0,,smipoly-rdkit-role-v1,2026.03.4
chemical_3c954f38a3441e5d,ds_smipoly_monomers,CID21872159,csv:row=1048;comID=CID21872159,4-[9-(4-amino-3-chlorophenyl)fluoren-9-yl]-2-chloroaniline,C1=CC=C2C(=C1)C3=CC=CC=C3C2(C4=CC(=C(C=C4)N)Cl)C5=CC(=C(C=C5)N)Cl,Nc1ccc(C2(c3ccc(N)c(Cl)c3)c3ccccc3-c3ccccc32)cc1Cl,CIZUMWWHWPJAAK-UHFFFAOYSA-N,C25H18Cl2N2,C25H18Cl2N2,417.3,417.339,416.084704,0,29,0,0,2,0,0,0,0,diamine_chain_extender_candidate,rule_medium,amine_group_count>=2,tpuu_or_nipu_building_block,1,True,rdkit_validated,canonical_unique,BSD-3-Clause,reaction_rule_generated,candidate_structure,Gold-V,admitted_reference,0.0,,smipoly-rdkit-role-v1,2026.03.4
chemical_3ca9a29cfe26afa8,ds_smipoly_monomers,CID17354,csv:row=304;comID=CID17354,[4-(aminomethyl)cyclohexyl]methanamine,C1CC(CCC1CN)CN,NCC1CCC(CN)CC1,OXIKYYJDTWKERT-UHFFFAOYSA-N,C8H18N2,C8H18N2,142.24,142.246,142.146999,0,10,0,0,2,0,0,0,0,diamine_chain_extender_candidate,rule_medium,amine_group_count>=2,tpuu_or_nipu_building_block,1,True,rdkit_validated,canonical_unique,BSD-3-Clause,reaction_rule_generated,candidate_structure,Gold-V,admitted_reference,0.0,,smipoly-rdkit-role-v1,2026.03.4
chemical_3d10a815b36e1e36,ds_smipoly_monomers,CID128934,csv:row=734;comID=CID128934,2-(2-methylprop-2-enoyloxy)ethyl 2-(trimethylazaniumyl)ethyl phosphate,CC(=C)C(=O)OCCOP(=O)([O-])OCC[N+](C)(C)C,C=C(C)C(=O)OCCOP(=O)([O-])OCC[N+](C)(C)C,ZSZRUEAFVQITHH-UHFFFAOYSA-N,C11H22NO6P,C11H22NO6P,295.27,295.272,295.118474,0,19,0,0,0,0,0,0,0,unclassified,none,no_supported_TPU_role_rule_matched,unresolved,9,False,rdkit_validated,canonical_unique,BSD-3-Clause,reaction_rule_generated,candidate_structure,Gold-V,admitted_reference,0.0,,smipoly-rdkit-role-v1,2026.03.4
chemical_3da530ec54be683e,ds_smipoly_monomers,CID70038,csv:row=476;comID=CID70038,bis(2-hydroxyphenyl)methanone,C1=CC=C(C(=C1)C(=O)C2=CC=CC=C2O)O,O=C(c1ccccc1O)c1ccccc1O,YIYBRXKMQFDHSM-UHFFFAOYSA-N,C13H10O3,C13H10O3,214.22,214.22,214.062994,0,16,0,2,0,0,0,0,0,diol_chain_extender_candidate,rule_medium,hydroxyl_group_count=2 and RDKit_MolWt<=250,direct_tpu_building_block,1,True,rdkit_validated,canonical_unique,BSD-3-Clause,reaction_rule_generated,candidate_structure,Gold-V,admitted_reference,0.0,,smipoly-rdkit-role-v1,2026.03.4
chemical_3dfc7ad361eba13e,ds_smipoly_monomers,CID17727,csv:row=312;comID=CID17727,"dodecane-1,12-diamine",C(CCCCCCN)CCCCCN,NCCCCCCCCCCCCN,QFTYSVGGYOXFRQ-UHFFFAOYSA-N,C12H28N2,C12H28N2,200.36,200.37,200.225249,0,14,0,0,2,0,0,0,0,diamine_chain_extender_candidate,rule_medium,amine_group_count>=2,tpuu_or_nipu_building_block,1,True,rdkit_validated,canonical_unique,BSD-3-Clause,reaction_rule_generated,candidate_structure,Gold-V,admitted_reference,0.0,,smipoly-rdkit-role-v1,2026.03.4
chemical_3dff940b9d36607d,ds_smipoly_monomers,CID8872,csv:row=156;comID=CID8872,hexyl 2-methylprop-2-enoate,CCCCCCOC(=O)C(=C)C,C=C(C)C(=O)OCCCCCC,LNCPIMCVTKXXOY-UHFFFAOYSA-N,C10H18O2,C10H18O2,170.25,170.252,170.13068,0,12,0,0,0,0,0,0,0,unclassified,none,no_supported_TPU_role_rule_matched,unresolved,9,False,rdkit_validated,canonical_unique,BSD-3-Clause,reaction_rule_generated,candidate_structure,Gold-V,admitted_reference,0.0,,smipoly-rdkit-role-v1,2026.03.4
chemical_3e66790b83e8b8b4,ds_smipoly_monomers,CID11171300,csv:row=984;comID=CID11171300,prop-2-enyl 4-hydroxybenzoate,C=CCOC(=O)C1=CC=C(C=C1)O,C=CCOC(=O)c1ccc(O)cc1,NVNSVQJVBIWZNM-UHFFFAOYSA-N,C10H10O3,C10H10O3,178.18,178.187,178.062994,0,13,0,1,0,0,0,0,0,monool_model_compound,rule_medium,hydroxyl_group_count=1,adjacent_model_compound,3,True,rdkit_validated,canonical_unique,BSD-3-Clause,reaction_rule_generated,candidate_structure,Gold-V,admitted_reference,0.0,,smipoly-rdkit-role-v1,2026.03.4
chemical_3ead38562033e31c,ds_smipoly_monomers,CID554662,csv:row=822;comID=CID554662,trimethylsilyl prop-2-enoate,C[Si](C)(C)OC(=O)C=C,C=CC(=O)O[Si](C)(C)C,OTYBJBJYBGWBHB-UHFFFAOYSA-N,C6H12O2Si,C6H12O2Si,144.24,144.246,144.060656,0,9,0,0,0,0,0,0,0,unclassified,none,no_supported_TPU_role_rule_matched,unresolved,9,False,rdkit_validated,canonical_unique,BSD-3-Clause,reaction_rule_generated,candidate_structure,Gold-V,admitted_reference,0.0,,smipoly-rdkit-role-v1,2026.03.4
chemical_3ebcb6a1048497f3,ds_smipoly_monomers,CID10401,csv:row=176;comID=CID10401,oxepan-2-one,C1CCC(=O)OCC1,O=C1CCCCCO1,PAPBSGBWRJIAAV-UHFFFAOYSA-N,C6H10O2,C6H10O2,114.14,114.144,114.06808,0,8,0,0,0,0,0,0,0,unclassified,none,no_supported_TPU_role_rule_matched,unresolved,9,False,rdkit_validated,canonical_unique,BSD-3-Clause,reaction_rule_generated,candidate_structure,Gold-V,admitted_reference,0.0,,smipoly-rdkit-role-v1,2026.03.4
chemical_3ec97d8204dd0300,ds_smipoly_monomers,CID74562,csv:row=509;comID=CID74562,5-(3-carboxy-4-hydroxyphenyl)sulfanyl-2-hydroxybenzoic acid,C1=CC(=C(C=C1SC2=CC(=C(C=C2)O)C(=O)O)C(=O)O)O,O=C(O)c1cc(Sc2ccc(O)c(C(=O)O)c2)ccc1O,DWMJRSPNFCPIQN-UHFFFAOYSA-N,C14H10O6S,C14H10O6S,306.29,306.295,306.019809,0,21,0,2,0,0,2,0,0,macrodiol_polyol_candidate,rule_medium,hydroxyl_group_count=2 and RDKit_MolWt>250,direct_tpu_building_block,1,True,rdkit_validated,canonical_unique,BSD-3-Clause,reaction_rule_generated,candidate_structure,Gold-V,admitted_reference,0.0,,smipoly-rdkit-role-v1,2026.03.4
chemical_3ed7f9dc1d44000a,ds_smipoly_monomers,CID75498,csv:row=528;comID=CID75498,"5-(1,3-dioxo-2-benzofuran-5-carbonyl)-2-benzofuran-1,3-dione",C1=CC2=C(C=C1C(=O)C3=CC4=C(C=C3)C(=O)OC4=O)C(=O)OC2=O,O=C(c1ccc2c(c1)C(=O)OC2=O)c1ccc2c(c1)C(=O)OC2=O,VQVIHDPBMFABCQ-UHFFFAOYSA-N,C17H6O7,C17H6O7,322.22,322.228,322.011353,0,24,0,0,0,0,0,0,0,unclassified,none,no_supported_TPU_role_rule_matched,unresolved,9,False,rdkit_validated,canonical_unique,BSD-3-Clause,reaction_rule_generated,candidate_structure,Gold-V,admitted_reference,0.0,,smipoly-rdkit-role-v1,2026.03.4
chemical_3ee0a520d0fb434f,ds_smipoly_monomers,CID31368,csv:row=381;comID=CID31368,2-methylprop-2-enenitrile,CC(=C)C#N,C=C(C)C#N,GYCMBHHDWRMZGG-UHFFFAOYSA-N,C4H5N,C4H5N,67.09,67.091,67.042199,0,5,0,0,0,0,0,0,0,unclassified,none,no_supported_TPU_role_rule_matched,unresolved,9,False,rdkit_validated,canonical_unique,BSD-3-Clause,reaction_rule_generated,candidate_structure,Gold-V,admitted_reference,0.0,,smipoly-rdkit-role-v1,2026.03.4
chemical_3efef09924f4fd99,ds_smipoly_monomers,CID14358,csv:row=253;comID=CID14358,2-[(2-aminophenyl)disulfanyl]aniline,C1=CC=C(C(=C1)N)SSC2=CC=CC=C2N,Nc1ccccc1SSc1ccccc1N,YYYOQURZQWIILK-UHFFFAOYSA-N,C12H12N2S2,C12H12N2S2,248.4,248.376,248.04419,0,16,0,0,2,0,0,0,0,diamine_chain_extender_candidate,rule_medium,amine_group_count>=2,tpuu_or_nipu_building_block,1,True,rdkit_validated,canonical_unique,BSD-3-Clause,reaction_rule_generated,candidate_structure,Gold-V,admitted_reference,0.0,,smipoly-rdkit-role-v1,2026.03.4
chemical_3f30e7cafce4b862,ds_smipoly_monomers,CID70248,csv:row=481;comID=CID70248,2-[2-(2-aminoethoxy)ethoxy]ethanamine,C(COCCOCCN)N,NCCOCCOCCN,IWBOPFCKHIJFMS-UHFFFAOYSA-N,C6H16N2O2,C6H16N2O2,148.2,148.206,148.121178,0,10,0,0,2,0,0,0,0,diamine_chain_extender_candidate,rule_medium,amine_group_count>=2,tpuu_or_nipu_building_block,1,True,rdkit_validated,canonical_unique,BSD-3-Clause,reaction_rule_generated,candidate_structure,Gold-V,admitted_reference,0.0,,smipoly-rdkit-role-v1,2026.03.4
chemical_3f9b66e45b5ae8c9,ds_smipoly_monomers,CID12860205,csv:row=1013;comID=CID12860205,7-oxabicyclo[4.1.0]heptan-3-ylmethyl prop-2-enoate,C=CC(=O)OCC1CCC2C(C1)O2,C=CC(=O)OCC1CCC2OC2C1,DPTGFYXXFXSRIR-UHFFFAOYSA-N,C10H14O3,C10H14O3,182.22,182.219,182.094294,0,13,0,0,0,0,0,0,1,epoxy_polyol_precursor,rule_medium,epoxide_group_count>=1,polyol_synthesis_precursor,2,True,rdkit_validated,canonical_unique,BSD-3-Clause,reaction_rule_generated,candidate_structure,Gold-V,admitted_reference,0.0,,smipoly-rdkit-role-v1,2026.03.4
chemical_3ff18d823e392530,ds_smipoly_monomers,CID221116,csv:row=778;comID=CID221116,2-(4-carboxybenzoyl)benzoic acid,C1=CC=C(C(=C1)C(=O)C2=CC=C(C=C2)C(=O)O)C(=O)O,O=C(O)c1ccc(C(=O)c2ccccc2C(=O)O)cc1,RWHRIIMYBNGFEV-UHFFFAOYSA-N,C15H10O5,C15H10O5,270.24,270.24,270.052823,0,20,0,0,0,0,2,0,0,polyester_polyol_precursor,rule_medium,carboxylic_acid_group_count>=2,polyol_synthesis_precursor,2,True,rdkit_validated,canonical_unique,BSD-3-Clause,reaction_rule_generated,candidate_structure,Gold-V,admitted_reference,0.0,,smipoly-rdkit-role-v1,2026.03.4
chemical_3ff6a866b822edba,ds_smipoly_monomers,CID11788855,csv:row=1000;comID=CID11788855,"(2,5-dioxopyrrolidin-1-yl) prop-2-enyl carbonate",C=CCOC(=O)ON1C(=O)CCC1=O,C=CCOC(=O)ON1C(=O)CCC1=O,OIXALTPBNZNFLJ-UHFFFAOYSA-N,C8H9NO5,C8H9NO5,199.16,199.162,199.048072,0,14,0,0,0,0,0,0,0,unclassified,none,no_supported_TPU_role_rule_matched,unresolved,9,False,rdkit_validated,canonical_unique,BSD-3-Clause,reaction_rule_generated,candidate_structure,Gold-V,admitted_reference,0.0,,smipoly-rdkit-role-v1,2026.03.4
chemical_4069e69287fb575a,ds_smipoly_monomers,CID53401222,csv:row=1072;comID=CID53401222,"bis(4-aminophenyl) benzene-1,4-dicarboxylate",Nc1ccc(OC(=O)c2ccc(C(=O)Oc3ccc(N)cc3)cc2)cc1,Nc1ccc(OC(=O)c2ccc(C(=O)Oc3ccc(N)cc3)cc2)cc1,CFTXGNJIXHFHTH-UHFFFAOYSA-N,C20H16N2O4,C20H16N2O4,348.4,348.358,348.111007,0,26,0,0,2,0,0,0,0,diamine_chain_extender_candidate,rule_medium,amine_group_count>=2,tpuu_or_nipu_building_block,1,True,rdkit_validated,canonical_unique,BSD-3-Clause,reaction_rule_generated,candidate_structure,Gold-V,admitted_reference,0.0,,smipoly-rdkit-role-v1,2026.03.4
chemical_408bc49529cd8e9e,ds_smipoly_monomers,CID9521,csv:row=166;comID=CID9521,"ethane-1,2-diamine;dihydrochloride",C(CN)N.Cl.Cl,Cl.Cl.NCCN,OHHBFEVZJLBKEH-UHFFFAOYSA-N,C2H10Cl2N2,C2H10Cl2N2,133.02,133.022,132.022104,0,6,0,0,2,0,0,0,0,diamine_chain_extender_candidate,rule_medium,amine_group_count>=2,tpuu_or_nipu_building_block,1,True,rdkit_validated,canonical_unique,BSD-3-Clause,reaction_rule_generated,candidate_structure,Gold-V,admitted_reference,0.0,,smipoly-rdkit-role-v1,2026.03.4
chemical_40b2814807b37558,ds_smipoly_monomers,CID17317,csv:row=302;comID=CID17317,trimethoxy-[3-(oxiran-2-ylmethoxy)propyl]silane,CO[Si](CCCOCC1CO1)(OC)OC,CO[Si](CCCOCC1CO1)(OC)OC,BPSIOYPQMFLKFR-UHFFFAOYSA-N,C9H20O5Si,C9H20O5Si,236.34,236.34,236.108,0,15,0,0,0,0,0,0,1,epoxy_polyol_precursor,rule_medium,epoxide_group_count>=1,polyol_synthesis_precursor,2,True,rdkit_validated,canonical_unique,BSD-3-Clause,reaction_rule_generated,candidate_structure,Gold-V,admitted_reference,0.0,,smipoly-rdkit-role-v1,2026.03.4
chemical_4105c19e2062d2f3,ds_smipoly_monomers,CID5371819,csv:row=942;comID=CID5371819,ethenyl (E)-3-phenylprop-2-enoate,C=COC(=O)C=CC1=CC=CC=C1,C=COC(=O)C=Cc1ccccc1,WGXGKXTZIQFQFO-UHFFFAOYSA-N,C11H10O2,C11H10O2,174.2,174.199,174.06808,0,13,0,0,0,0,0,0,0,unclassified,none,no_supported_TPU_role_rule_matched,unresolved,9,False,rdkit_validated,canonical_unique,BSD-3-Clause,reaction_rule_generated,candidate_structure,Gold-V,admitted_reference,0.0,,smipoly-rdkit-role-v1,2026.03.4
chemical_4142a3b21f7ba02c,ds_smipoly_monomers,CID76343,csv:row=546;comID=CID76343,2-morpholin-4-ylethyl 2-methylprop-2-enoate,CC(=C)C(=O)OCCN1CCOCC1,C=C(C)C(=O)OCCN1CCOCC1,MNZNJOQNLFEAKG-UHFFFAOYSA-N,C10H17NO3,C10H17NO3,199.25,199.25,199.120843,0,14,0,0,0,0,0,0,0,unclassified,none,no_supported_TPU_role_rule_matched,unresolved,9,False,rdkit_validated,canonical_unique,BSD-3-Clause,reaction_rule_generated,candidate_structure,Gold-V,admitted_reference,0.0,,smipoly-rdkit-role-v1,2026.03.4
chemical_41760abed9d82e04,ds_smipoly_monomers,CID75871,csv:row=538;comID=CID75871,3-(4-aminophenoxy)aniline,C1=CC(=CC(=C1)OC2=CC=C(C=C2)N)N,Nc1ccc(Oc2cccc(N)c2)cc1,ZBMISJGHVWNWTE-UHFFFAOYSA-N,C12H12N2O,C12H12N2O,200.24,200.241,200.094963,0,15,0,0,2,0,0,0,0,diamine_chain_extender_candidate,rule_medium,amine_group_count>=2,tpuu_or_nipu_building_block,1,True,rdkit_validated,canonical_unique,BSD-3-Clause,reaction_rule_generated,candidate_structure,Gold-V,admitted_reference,0.0,,smipoly-rdkit-role-v1,2026.03.4
chemical_41adaaa81dc5b630,ds_smipoly_monomers,CID62467,csv:row=406;comID=CID62467,diethoxy-methyl-[3-(oxiran-2-ylmethoxy)propyl]silane,CCO[Si](C)(CCCOCC1CO1)OCC,CCO[Si](C)(CCCOCC1CO1)OCC,OTARVPUIYXHRRB-UHFFFAOYSA-N,C11H24O4Si,C11H24O4Si,248.39,248.395,248.144386,0,16,0,0,0,0,0,0,1,epoxy_polyol_precursor,rule_medium,epoxide_group_count>=1,polyol_synthesis_precursor,2,True,rdkit_validated,canonical_unique,BSD-3-Clause,reaction_rule_generated,candidate_structure,Gold-V,admitted_reference,0.0,,smipoly-rdkit-role-v1,2026.03.4
chemical_41c33fe86f20b02c,ds_smipoly_monomers,CID2733839,csv:row=878;comID=CID2733839,trimethylsilyl 2-methylprop-2-enoate,CC(=C)C(=O)O[Si](C)(C)C,C=C(C)C(=O)O[Si](C)(C)C,PGQNYIRJCLTTOJ-UHFFFAOYSA-N,C7H14O2Si,C7H14O2Si,158.27,158.273,158.076306,0,10,0,0,0,0,0,0,0,unclassified,none,no_supported_TPU_role_rule_matched,unresolved,9,False,rdkit_validated,canonical_unique,BSD-3-Clause,reaction_rule_generated,candidate_structure,Gold-V,admitted_reference,0.0,,smipoly-rdkit-role-v1,2026.03.4
chemical_41ed5a2da5518e58,ds_smipoly_monomers,CID77117,csv:row=561;comID=CID77117,2-(2-sulfanylethylsulfanyl)ethanethiol,C(CSCCS)S,SCCSCCS,KSJBMDCFYZKAFH-UHFFFAOYSA-N,C4H10S3,C4H10S3,154.3,154.325,153.994463,0,7,0,0,0,2,0,0,0,polythiol_adjacent_candidate,rule_medium,thiol_group_count>=2,adjacent_reactive_building_block,3,True,rdkit_validated,canonical_unique,BSD-3-Clause,reaction_rule_generated,candidate_structure,Gold-V,admitted_reference,0.0,,smipoly-rdkit-role-v1,2026.03.4
chemical_41f8b5adf1769b24,ds_smipoly_monomers,CID7837,csv:row=107;comID=CID7837,oxiran-2-ylmethyl 2-methylprop-2-enoate,CC(=C)C(=O)OCC1CO1,C=C(C)C(=O)OCC1CO1,VOZRXNHHFUQHIL-UHFFFAOYSA-N,C7H10O3,C7H10O3,142.15,142.154,142.062994,0,10,0,0,0,0,0,0,1,epoxy_polyol_precursor,rule_medium,epoxide_group_count>=1,polyol_synthesis_precursor,2,True,rdkit_validated,canonical_unique,BSD-3-Clause,reaction_rule_generated,candidate_structure,Gold-V,admitted_reference,0.0,,smipoly-rdkit-role-v1,2026.03.4
chemical_426ad36d59fd771f,ds_smipoly_monomers,CID174,csv:row=2;comID=CID174,"ethane-1,2-diol",C(CO)O,OCCO,LYCAIKOWRPUZTN-UHFFFAOYSA-N,C2H6O2,C2H6O2,62.07,62.068,62.036779,0,4,0,2,0,0,0,0,0,diol_chain_extender_candidate,rule_medium,hydroxyl_group_count=2 and RDKit_MolWt<=250,direct_tpu_building_block,1,True,rdkit_validated,canonical_unique,BSD-3-Clause,reaction_rule_generated,candidate_structure,Gold-V,admitted_reference,0.0,,smipoly-rdkit-role-v1,2026.03.4
chemical_428243fe5d77f163,ds_smipoly_monomers,CID94232,csv:row=676;comID=CID94232,oxolan-2-ylmethyl prop-2-enoate,C=CC(=O)OCC1CCCO1,C=CC(=O)OCC1CCCO1,YNXCGLKMOXLBOD-UHFFFAOYSA-N,C8H12O3,C8H12O3,156.18,156.181,156.078644,0,11,0,0,0,0,0,0,0,unclassified,none,no_supported_TPU_role_rule_matched,unresolved,9,False,rdkit_validated,canonical_unique,BSD-3-Clause,reaction_rule_generated,candidate_structure,Gold-V,admitted_reference,0.0,,smipoly-rdkit-role-v1,2026.03.4
chemical_4298bfd3bd3138cc,ds_smipoly_monomers,CID10937424,csv:row=970;comID=CID10937424,"2-amino-5-[2-(4-amino-3-hydroxyphenyl)-1,1,1,3,3,3-hexafluoropropan-2-yl]phenol",Nc1ccc(C(c2ccc(N)c(O)c2)(C(F)(F)F)C(F)(F)F)cc1O,Nc1ccc(C(c2ccc(N)c(O)c2)(C(F)(F)F)C(F)(F)F)cc1O,ZDRNVPNSQJRIRN-UHFFFAOYSA-N,C15H12F6N2O2,C15H12F6N2O2,366.26,366.261,366.080297,0,25,0,2,2,0,0,0,0,macrodiol_polyol_candidate,rule_medium,hydroxyl_group_count=2 and RDKit_MolWt>250,direct_tpu_building_block,1,True,rdkit_validated,canonical_unique,BSD-3-Clause,reaction_rule_generated,candidate_structure,Gold-V,admitted_reference,0.0,,smipoly-rdkit-role-v1,2026.03.4
chemical_42b30186e74debac,ds_smipoly_monomers,CID373735,csv:row=797;comID=CID373735,2-[3-(2-hydroxyethylsulfanyl)propylsulfanyl]ethanol,C(CSCCO)CSCCO,OCCSCCCSCCO,JIJWGPUMOGBVMQ-UHFFFAOYSA-N,C7H16O2S2,C7H16O2S2,196.3,196.337,196.059172,0,11,0,2,0,0,0,0,0,diol_chain_extender_candidate,rule_medium,hydroxyl_group_count=2 and RDKit_MolWt<=250,direct_tpu_building_block,1,True,rdkit_validated,canonical_unique,BSD-3-Clause,reaction_rule_generated,candidate_structure,Gold-V,admitted_reference,0.0,,smipoly-rdkit-role-v1,2026.03.4
chemical_438b32aa3cd69293,ds_smipoly_monomers,CID25426,csv:row=363;comID=CID25426,ethenyl(trimethyl)azanium;bromide,C[N+](C)(C)C=C.[Br-],C=C[N+](C)(C)C.[Br-],IDVSELVVGYIOEX-UHFFFAOYSA-M,C5H12BrN,C5H12BrN,166.06,166.062,165.015311,0,7,0,0,0,0,0,0,0,unclassified,none,no_supported_TPU_role_rule_matched,unresolved,9,False,rdkit_validated,canonical_unique,BSD-3-Clause,reaction_rule_generated,candidate_structure,Gold-V,admitted_reference,0.0,,smipoly-rdkit-role-v1,2026.03.4
chemical_43a72f9ba3f16720,ds_smipoly_monomers,CID66171,csv:row=422;comID=CID66171,1-ethenylimidazole,C=CN1C=CN=C1,C=Cn1ccnc1,OSSNTDFYBPYIEC-UHFFFAOYSA-N,C5H6N2,C5H6N2,94.11,94.117,94.053098,0,7,0,0,0,0,0,0,0,unclassified,none,no_supported_TPU_role_rule_matched,unresolved,9,False,rdkit_validated,canonical_unique,BSD-3-Clause,reaction_rule_generated,candidate_structure,Gold-V,admitted_reference,0.0,,smipoly-rdkit-role-v1,2026.03.4
chemical_43bc7d91117f955e,ds_smipoly_monomers,CID2775863,csv:row=890;comID=CID2775863,"(2,2,3,3,4,4,5,5-octafluoro-6-prop-2-enoyloxyhexyl) prop-2-enoate",C=CC(=O)OCC(C(C(C(COC(=O)C=C)(F)F)(F)F)(F)F)(F)F,C=CC(=O)OCC(F)(F)C(F)(F)C(F)(F)C(F)(F)COC(=O)C=C,BWTMTZBMAGYMOD-UHFFFAOYSA-N,C12H10F8O4,C12H10F8O4,370.19,370.192,370.045135,0,24,0,0,0,0,0,0,0,unclassified,none,no_supported_TPU_role_rule_matched,unresolved,9,False,rdkit_validated,canonical_unique,BSD-3-Clause,reaction_rule_generated,candidate_structure,Gold-V,admitted_reference,0.0,,smipoly-rdkit-role-v1,2026.03.4
chemical_443c73c84599ca87,ds_smipoly_monomers,CID555085,csv:row=823;comID=CID555085,"3-bromo-3,3-difluoroprop-1-ene",C=CC(F)(F)Br,C=CC(F)(F)Br,GDDNTTHUKVNJRA-UHFFFAOYSA-N,C3H3BrF2,C3H3BrF2,156.96,156.957,155.938619,0,6,0,0,0,0,0,0,0,unclassified,none,no_supported_TPU_role_rule_matched,unresolved,9,False,rdkit_validated,canonical_unique,BSD-3-Clause,reaction_rule_generated,candidate_structure,Gold-V,admitted_reference,0.0,,smipoly-rdkit-role-v1,2026.03.4
chemical_44479034d0da349d,ds_smipoly_monomers,CID22708978,csv:row=1058;comID=CID22708978,"2-ethenylanthracene-9,10-dione",C=CC1=CC2=C(C=C1)C(=O)C3=CC=CC=C3C2=O,C=Cc1ccc2c(c1)C(=O)c1ccccc1C2=O,IQOUOAIZDKROQT-UHFFFAOYSA-N,C16H10O2,C16H10O2,234.25,234.254,234.06808,0,18,0,0,0,0,0,0,0,unclassified,none,no_supported_TPU_role_rule_matched,unresolved,9,False,rdkit_validated,canonical_unique,BSD-3-Clause,reaction_rule_generated,candidate_structure,Gold-V,admitted_reference,0.0,,smipoly-rdkit-role-v1,2026.03.4
chemical_4480d1a3606478d8,ds_smipoly_monomers,CID39485,csv:row=385;comID=CID39485,2-phenoxyethyl prop-2-enoate,C=CC(=O)OCCOC1=CC=CC=C1,C=CC(=O)OCCOc1ccccc1,RZVINYQDSSQUKO-UHFFFAOYSA-N,C11H12O3,C11H12O3,192.21,192.214,192.078644,0,14,0,0,0,0,0,0,0,unclassified,none,no_supported_TPU_role_rule_matched,unresolved,9,False,rdkit_validated,canonical_unique,BSD-3-Clause,reaction_rule_generated,candidate_structure,Gold-V,admitted_reference,0.0,,smipoly-rdkit-role-v1,2026.03.4
chemical_449dee3a2f449c5c,ds_smipoly_monomers,CID96240,csv:row=685;comID=CID96240,"benzene-1,3-disulfonyl chloride",C1=CC(=CC(=C1)S(=O)(=O)Cl)S(=O)(=O)Cl,O=S(=O)(Cl)c1cccc(S(=O)(=O)Cl)c1,ALIQZUMMPOYCIS-UHFFFAOYSA-N,C6H4Cl2O4S2,C6H4Cl2O4S2,275.1,275.134,273.892806,0,14,0,0,0,0,0,0,0,unclassified,none,no_supported_TPU_role_rule_matched,unresolved,9,False,rdkit_validated,canonical_unique,BSD-3-Clause,reaction_rule_generated,candidate_structure,Gold-V,admitted_reference,0.0,,smipoly-rdkit-role-v1,2026.03.4
chemical_452d35428db079d3,ds_smipoly_monomers,CID75069,csv:row=515;comID=CID75069,ethenyl dodecanoate,CCCCCCCCCCCC(=O)OC=C,C=COC(=O)CCCCCCCCCCC,GLVVKKSPKXTQRB-UHFFFAOYSA-N,C14H26O2,C14H26O2,226.35,226.36,226.19328,0,16,0,0,0,0,0,0,0,unclassified,none,no_supported_TPU_role_rule_matched,unresolved,9,False,rdkit_validated,canonical_unique,BSD-3-Clause,reaction_rule_generated,candidate_structure,Gold-V,admitted_reference,0.0,,smipoly-rdkit-role-v1,2026.03.4
chemical_455c9f113674a2ce,ds_smipoly_monomers,CID91555,csv:row=666;comID=CID91555,4-[(4-amino-3-methylcyclohexyl)methyl]-2-methylcyclohexan-1-amine,CC1CC(CCC1N)CC2CCC(C(C2)C)N,CC1CC(CC2CCC(N)C(C)C2)CCC1N,IGSBHTZEJMPDSZ-UHFFFAOYSA-N,C15H30N2,C15H30N2,238.41,238.419,238.240899,0,17,0,0,2,0,0,0,0,diamine_chain_extender_candidate,rule_medium,amine_group_count>=2,tpuu_or_nipu_building_block,1,True,rdkit_validated,canonical_unique,BSD-3-Clause,reaction_rule_generated,candidate_structure,Gold-V,admitted_reference,0.0,,smipoly-rdkit-role-v1,2026.03.4
chemical_457ad9d3892962da,ds_smipoly_monomers,CID95688,csv:row=684;comID=CID95688,2-bicyclo[2.2.1]hept-5-enyl acetate,CC(=O)OC1CC2CC1C=C2,CC(=O)OC1CC2C=CC1C2,DRWRVXAXXGJZIO-UHFFFAOYSA-N,C9H12O2,C9H12O2,152.19,152.193,152.08373,0,11,0,0,0,0,0,0,0,unclassified,none,no_supported_TPU_role_rule_matched,unresolved,9,False,rdkit_validated,canonical_unique,BSD-3-Clause,reaction_rule_generated,candidate_structure,Gold-V,admitted_reference,0.0,,smipoly-rdkit-role-v1,2026.03.4
chemical_45b9fb7bc9185621,ds_smipoly_monomers,CID76765,csv:row=557;comID=CID76765,"1-[4-(2,5-dioxopyrrol-1-yl)phenyl]pyrrole-2,5-dione",C1=CC(=CC=C1N2C(=O)C=CC2=O)N3C(=O)C=CC3=O,O=C1C=CC(=O)N1c1ccc(N2C(=O)C=CC2=O)cc1,AQGZJQNZNONGKY-UHFFFAOYSA-N,C14H8N2O4,C14H8N2O4,268.22,268.228,268.048407,0,20,0,0,0,0,0,0,0,unclassified,none,no_supported_TPU_role_rule_matched,unresolved,9,False,rdkit_validated,canonical_unique,BSD-3-Clause,reaction_rule_generated,candidate_structure,Gold-V,admitted_reference,0.0,,smipoly-rdkit-role-v1,2026.03.4
chemical_45bcb432c511d5ba,ds_smipoly_monomers,CID66357,csv:row=430;comID=CID66357,2-phenoxyethyl 2-methylprop-2-enoate,CC(=C)C(=O)OCCOC1=CC=CC=C1,C=C(C)C(=O)OCCOc1ccccc1,CEXQWAAGPPNOQF-UHFFFAOYSA-N,C12H14O3,C12H14O3,206.24,206.241,206.094294,0,15,0,0,0,0,0,0,0,unclassified,none,no_supported_TPU_role_rule_matched,unresolved,9,False,rdkit_validated,canonical_unique,BSD-3-Clause,reaction_rule_generated,candidate_structure,Gold-V,admitted_reference,0.0,,smipoly-rdkit-role-v1,2026.03.4
chemical_45bddc28a7252b29,ds_smipoly_monomers,CID82047,csv:row=607;comID=CID82047,2-amino-4-(3-amino-4-hydroxyphenyl)sulfonylphenol,C1=CC(=C(C=C1S(=O)(=O)C2=CC(=C(C=C2)O)N)N)O,Nc1cc(S(=O)(=O)c2ccc(O)c(N)c2)ccc1O,KECOIASOKMSRFT-UHFFFAOYSA-N,C12H12N2O4S,C12H12N2O4S,280.3,280.305,280.051778,0,19,0,2,2,0,0,0,0,macrodiol_polyol_candidate,rule_medium,hydroxyl_group_count=2 and RDKit_MolWt>250,direct_tpu_building_block,1,True,rdkit_validated,canonical_unique,BSD-3-Clause,reaction_rule_generated,candidate_structure,Gold-V,admitted_reference,0.0,,smipoly-rdkit-role-v1,2026.03.4
chemical_461de3e64de4d3ac,ds_smipoly_monomers,CID61158,csv:row=396;comID=CID61158,"4,6-dinitrobenzene-1,3-diol",C1=C(C(=CC(=C1[N+](=O)[O-])O)O)[N+](=O)[O-],O=[N+]([O-])c1cc([N+](=O)[O-])c(O)cc1O,MBXIRNHACKAGPA-UHFFFAOYSA-N,C6H4N2O6,C6H4N2O6,200.11,200.106,200.006936,0,14,0,2,0,0,0,0,0,diol_chain_extender_candidate,rule_medium,hydroxyl_group_count=2 and RDKit_MolWt<=250,direct_tpu_building_block,1,True,rdkit_validated,canonical_unique,BSD-3-Clause,reaction_rule_generated,candidate_structure,Gold-V,admitted_reference,0.0,,smipoly-rdkit-role-v1,2026.03.4
chemical_47afcdd91c649e66,ds_smipoly_monomers,CID44630269,csv:row=1066;comID=CID44630269,"2,2-bis(3-methylbutyl)propane-1,3-diol",CC(C)CCC(CCC(C)C)(CO)CO,CC(C)CCC(CO)(CO)CCC(C)C,CRJRLBBFSRNKLY-UHFFFAOYSA-N,C13H28O2,C13H28O2,216.36,216.365,216.20893,0,15,0,2,0,0,0,0,0,diol_chain_extender_candidate,rule_medium,hydroxyl_group_count=2 and RDKit_MolWt<=250,direct_tpu_building_block,1,True,rdkit_validated,canonical_unique,BSD-3-Clause,reaction_rule_generated,candidate_structure,Gold-V,admitted_reference,0.0,,smipoly-rdkit-role-v1,2026.03.4
chemical_47d9adeb6a1a09e1,ds_smipoly_monomers,CID79011,csv:row=585;comID=CID79011,"ethenyl 2,2,2-trifluoroacetate",C=COC(=O)C(F)(F)F,C=COC(=O)C(F)(F)F,ZBGRMWIREQJHPK-UHFFFAOYSA-N,C4H3F3O2,C4H3F3O2,140.06,140.06,140.008514,0,9,0,0,0,0,0,0,0,unclassified,none,no_supported_TPU_role_rule_matched,unresolved,9,False,rdkit_validated,canonical_unique,BSD-3-Clause,reaction_rule_generated,candidate_structure,Gold-V,admitted_reference,0.0,,smipoly-rdkit-role-v1,2026.03.4
chemical_47f416347d742077,ds_smipoly_monomers,CID728841,csv:row=868;comID=CID728841,"2,3-dihydrothieno[3,4-b][1,4]dioxine-5,7-dicarboxylic acid",C1COC2=C(SC(=C2O1)C(=O)O)C(=O)O,O=C(O)c1sc(C(=O)O)c2c1OCCO2,NWIYUAISDYJVMZ-UHFFFAOYSA-N,C8H6O6S,C8H6O6S,230.2,230.197,229.988509,0,15,0,0,0,0,2,0,0,polyester_polyol_precursor,rule_medium,carboxylic_acid_group_count>=2,polyol_synthesis_precursor,2,True,rdkit_validated,canonical_unique,BSD-3-Clause,reaction_rule_generated,candidate_structure,Gold-V,admitted_reference,0.0,,smipoly-rdkit-role-v1,2026.03.4
chemical_484dce3c920d5c84,ds_smipoly_monomers,CID6595,csv:row=42;comID=CID6595,2-methylprop-2-enamide,CC(=C)C(=O)N,C=C(C)C(N)=O,FQPSGWSUVKBHSU-UHFFFAOYSA-N,C4H7NO,C4H7NO,85.1,85.106,85.052764,0,6,0,0,0,0,0,0,0,unclassified,none,no_supported_TPU_role_rule_matched,unresolved,9,False,rdkit_validated,canonical_unique,BSD-3-Clause,reaction_rule_generated,candidate_structure,Gold-V,admitted_reference,0.0,,smipoly-rdkit-role-v1,2026.03.4
chemical_48a9f69bb89c1135,ds_smipoly_monomers,CID8266,csv:row=137;comID=CID8266,"1,4,5,6,7,7-hexachlorobicyclo[2.2.1]hept-5-ene-2,3-dicarboxylic acid",C1(C(C2(C(=C(C1(C2(Cl)Cl)Cl)Cl)Cl)Cl)C(=O)O)C(=O)O,O=C(O)C1C(C(=O)O)C2(Cl)C(Cl)=C(Cl)C1(Cl)C2(Cl)Cl,DJKGDNKYTKCJKD-UHFFFAOYSA-N,C9H4Cl6O4,C9H4Cl6O4,388.8,388.845,385.824075,0,19,0,0,0,0,2,0,0,polyester_polyol_precursor,rule_medium,carboxylic_acid_group_count>=2,polyol_synthesis_precursor,2,True,rdkit_validated,canonical_unique,BSD-3-Clause,reaction_rule_generated,candidate_structure,Gold-V,admitted_reference,0.0,,smipoly-rdkit-role-v1,2026.03.4
chemical_48e0f37b8f35d22d,ds_smipoly_monomers,CID82026,csv:row=606;comID=CID82026,"[4-(hydroxymethyl)-2,3,5,6-tetramethylphenyl]methanol",CC1=C(C(=C(C(=C1CO)C)C)CO)C,Cc1c(C)c(CO)c(C)c(C)c1CO,KDJOOHBQJRVMIX-UHFFFAOYSA-N,C12H18O2,C12H18O2,194.27,194.274,194.13068,0,14,0,2,0,0,0,0,0,diol_chain_extender_candidate,rule_medium,hydroxyl_group_count=2 and RDKit_MolWt<=250,direct_tpu_building_block,1,True,rdkit_validated,canonical_unique,BSD-3-Clause,reaction_rule_generated,candidate_structure,Gold-V,admitted_reference,0.0,,smipoly-rdkit-role-v1,2026.03.4
chemical_4919d0b70c9a1d5c,ds_smipoly_monomers,CID13751153,csv:row=1021;comID=CID13751153,4-(2-hydroxyethyl)cyclohexan-1-ol,C1CC(CCC1CCO)O,OCCC1CCC(O)CC1,SZIBVWWQOOVXHS-UHFFFAOYSA-N,C8H16O2,C8H16O2,144.21,144.214,144.11503,0,10,0,2,0,0,0,0,0,diol_chain_extender_candidate,rule_medium,hydroxyl_group_count=2 and RDKit_MolWt<=250,direct_tpu_building_block,1,True,rdkit_validated,canonical_unique,BSD-3-Clause,reaction_rule_generated,candidate_structure,Gold-V,admitted_reference,0.0,,smipoly-rdkit-role-v1,2026.03.4
chemical_491f48a6c1f89730,ds_smipoly_monomers,CID626311,csv:row=847;comID=CID626311,4-[3-(4-hydroxyphenoxy)phenoxy]phenol,C1=CC(=CC(=C1)OC2=CC=C(C=C2)O)OC3=CC=C(C=C3)O,Oc1ccc(Oc2cccc(Oc3ccc(O)cc3)c2)cc1,CJLPIPXJJJUBIV-UHFFFAOYSA-N,C18H14O4,C18H14O4,294.3,294.306,294.089209,0,22,0,2,0,0,0,0,0,macrodiol_polyol_candidate,rule_medium,hydroxyl_group_count=2 and RDKit_MolWt>250,direct_tpu_building_block,1,True,rdkit_validated,canonical_unique,BSD-3-Clause,reaction_rule_generated,candidate_structure,Gold-V,admitted_reference,0.0,,smipoly-rdkit-role-v1,2026.03.4
chemical_493be8bc5cb52d68,ds_smipoly_monomers,CID11406,csv:row=195;comID=CID11406,prop-2-enyl benzoate,C=CCOC(=O)C1=CC=CC=C1,C=CCOC(=O)c1ccccc1,LYJHVEDILOKZCG-UHFFFAOYSA-N,C10H10O2,C10H10O2,162.18,162.188,162.06808,0,12,0,0,0,0,0,0,0,unclassified,none,no_supported_TPU_role_rule_matched,unresolved,9,False,rdkit_validated,canonical_unique,BSD-3-Clause,reaction_rule_generated,candidate_structure,Gold-V,admitted_reference,0.0,,smipoly-rdkit-role-v1,2026.03.4
chemical_494ef09574eafb95,ds_smipoly_monomers,CID21943953,csv:row=1050;comID=CID21943953,2-cyclohexyl-4-[1-(3-cyclohexyl-4-hydroxyphenyl)cyclohexyl]phenol,C1CCC(CC1)C2=C(C=CC(=C2)C3(CCCCC3)C4=CC(=C(C=C4)O)C5CCCCC5)O,Oc1ccc(C2(c3ccc(O)c(C4CCCCC4)c3)CCCCC2)cc1C1CCCCC1,DNCLEPRFPJLBTQ-UHFFFAOYSA-N,C30H40O2,C30H40O2,432.6,432.648,432.302831,0,32,0,2,0,0,0,0,0,macrodiol_polyol_candidate,rule_medium,hydroxyl_group_count=2 and RDKit_MolWt>250,direct_tpu_building_block,1,True,rdkit_validated,canonical_unique,BSD-3-Clause,reaction_rule_generated,candidate_structure,Gold-V,admitted_reference,0.0,,smipoly-rdkit-role-v1,2026.03.4
chemical_4b2396a50a3480fc,ds_smipoly_monomers,CID4366886,csv:row=929;comID=CID4366886,(3-ethenylphenyl)boronic acid,B(C1=CC(=CC=C1)C=C)(O)O,C=Cc1cccc(B(O)O)c1,SYBQEKBVWDPVJM-UHFFFAOYSA-N,C8H9BO2,C8H9BO2,147.97,147.97,148.06956,0,11,0,2,0,0,0,0,0,diol_chain_extender_candidate,rule_medium,hydroxyl_group_count=2 and RDKit_MolWt<=250,direct_tpu_building_block,1,True,rdkit_validated,canonical_unique,BSD-3-Clause,reaction_rule_generated,candidate_structure,Gold-V,admitted_reference,0.0,,smipoly-rdkit-role-v1,2026.03.4
chemical_4b345927472e2e70,ds_smipoly_monomers,CID78875,csv:row=579;comID=CID78875,N-ethenylacetamide,CC(=O)NC=C,C=CNC(C)=O,RQAKESSLMFZVMC-UHFFFAOYSA-N,C4H7NO,C4H7NO,85.1,85.106,85.052764,0,6,0,0,0,0,0,0,0,unclassified,none,no_supported_TPU_role_rule_matched,unresolved,9,False,rdkit_validated,canonical_unique,BSD-3-Clause,reaction_rule_generated,candidate_structure,Gold-V,admitted_reference,0.0,,smipoly-rdkit-role-v1,2026.03.4
chemical_4be1fb472ca5e657,ds_smipoly_monomers,CID5842,csv:row=28;comID=CID5842,"5,5-bis(prop-2-enyl)-1,3-diazinane-2,4,6-trione",C=CCC1(C(=O)NC(=O)NC1=O)CC=C,C=CCC1(CC=C)C(=O)NC(=O)NC1=O,FDQGNLOWMMVRQL-UHFFFAOYSA-N,C10H12N2O3,C10H12N2O3,208.21,208.217,208.084792,0,15,0,0,0,0,0,0,0,unclassified,none,no_supported_TPU_role_rule_matched,unresolved,9,False,rdkit_validated,canonical_unique,BSD-3-Clause,reaction_rule_generated,candidate_structure,Gold-V,admitted_reference,0.0,,smipoly-rdkit-role-v1,2026.03.4
chemical_4c1c9cb11560eb00,ds_smipoly_monomers,CID17918559,csv:row=1037;comID=CID17918559,1-ethenyl-4-octylbenzene,CCCCCCCCC1=CC=C(C=C1)C=C,C=Cc1ccc(CCCCCCCC)cc1,HLRQDIVVLOCZPH-UHFFFAOYSA-N,C16H24,C16H24,216.36,216.368,216.187801,0,16,0,0,0,0,0,0,0,unclassified,none,no_supported_TPU_role_rule_matched,unresolved,9,False,rdkit_validated,canonical_unique,BSD-3-Clause,reaction_rule_generated,candidate_structure,Gold-V,admitted_reference,0.0,,smipoly-rdkit-role-v1,2026.03.4
chemical_4d1f79d8c91e3bec,ds_smipoly_monomers,CID13036,csv:row=222;comID=CID13036,"2-ethenyl-1,3,5-trimethylbenzene",CC1=CC(=C(C(=C1)C)C=C)C,C=Cc1c(C)cc(C)cc1C,PDELBHCVXBSVPJ-UHFFFAOYSA-N,C11H14,C11H14,146.23,146.233,146.10955,0,11,0,0,0,0,0,0,0,unclassified,none,no_supported_TPU_role_rule_matched,unresolved,9,False,rdkit_validated,canonical_unique,BSD-3-Clause,reaction_rule_generated,candidate_structure,Gold-V,admitted_reference,0.0,,smipoly-rdkit-role-v1,2026.03.4
chemical_4d3b39d2de665973,ds_smipoly_monomers,CID31217,csv:row=375;comID=CID31217,2-(phenoxymethyl)oxirane,C1C(O1)COC2=CC=CC=C2,c1ccc(OCC2CO2)cc1,FQYUMYWMJTYZTK-UHFFFAOYSA-N,C9H10O2,C9H10O2,150.17,150.177,150.06808,0,11,0,0,0,0,0,0,1,epoxy_polyol_precursor,rule_medium,epoxide_group_count>=1,polyol_synthesis_precursor,2,True,rdkit_validated,canonical_unique,BSD-3-Clause,reaction_rule_generated,candidate_structure,Gold-V,admitted_reference,0.0,,smipoly-rdkit-role-v1,2026.03.4
chemical_4d42cf9f1d6ed50c,ds_smipoly_monomers,CID81770,csv:row=604;comID=CID81770,"2,2-dimethylpropane-1,3-diamine",CC(C)(CN)CN,CC(C)(CN)CN,DDHUNHGZUHZNKB-UHFFFAOYSA-N,C5H14N2,C5H14N2,102.18,102.181,102.115698,0,7,0,0,2,0,0,0,0,diamine_chain_extender_candidate,rule_medium,amine_group_count>=2,tpuu_or_nipu_building_block,1,True,rdkit_validated,canonical_unique,BSD-3-Clause,reaction_rule_generated,candidate_structure,Gold-V,admitted_reference,0.0,,smipoly-rdkit-role-v1,2026.03.4
chemical_4e9fd707c87ee383,ds_smipoly_monomers,CID31279,csv:row=379;comID=CID31279,N-prop-2-enylprop-2-en-1-amine,C=CCNCC=C,C=CCNCC=C,DYUWTXWIYMHBQS-UHFFFAOYSA-N,C6H11N,C6H11N,97.16,97.161,97.089149,0,7,0,0,1,0,0,0,0,monoamine_model_compound,rule_medium,amine_group_count=1,adjacent_model_compound,3,True,rdkit_validated,canonical_unique,BSD-3-Clause,reaction_rule_generated,candidate_structure,Gold-V,admitted_reference,0.0,,smipoly-rdkit-role-v1,2026.03.4
chemical_4eb73a79606524af,ds_smipoly_monomers,CID7570,csv:row=88;comID=CID7570,1-isocyanato-4-[(4-isocyanatophenyl)methyl]benzene,C1=CC(=CC=C1CC2=CC=C(C=C2)N=C=O)N=C=O,O=C=Nc1ccc(Cc2ccc(N=C=O)cc2)cc1,UPMLOUAZCHDJJD-UHFFFAOYSA-N,C15H10N2O2,C15H10N2O2,250.25,250.257,250.074228,0,19,2,0,0,0,0,0,0,di_polyisocyanate_candidate,rule_high,isocyanate_group_count>=2,direct_tpu_building_block,1,True,rdkit_validated,canonical_unique,BSD-3-Clause,reaction_rule_generated,candidate_structure,Gold-V,admitted_reference,0.0,,smipoly-rdkit-role-v1,2026.03.4
chemical_4ee8abe21d4596e7,ds_smipoly_monomers,CID68164,csv:row=451;comID=CID68164,2-(carboxymethyldisulfanyl)acetic acid,C(C(=O)O)SSCC(=O)O,O=C(O)CSSCC(=O)O,DLLMHEDYJQACRM-UHFFFAOYSA-N,C4H6O4S2,C4H6O4S2,182.2,182.222,181.970751,0,10,0,0,0,0,2,0,0,polyester_polyol_precursor,rule_medium,carboxylic_acid_group_count>=2,polyol_synthesis_precursor,2,True,rdkit_validated,canonical_unique,BSD-3-Clause,reaction_rule_generated,candidate_structure,Gold-V,admitted_reference,0.0,,smipoly-rdkit-role-v1,2026.03.4
chemical_4ee9df074ffd208b,ds_smipoly_monomers,CID62556,csv:row=410;comID=CID62556,"[3-prop-2-enoyloxy-2,2-bis(prop-2-enoyloxymethyl)propyl] prop-2-enoate",C=CC(=O)OCC(COC(=O)C=C)(COC(=O)C=C)COC(=O)C=C,C=CC(=O)OCC(COC(=O)C=C)(COC(=O)C=C)COC(=O)C=C,KNSXNCFKSZZHEA-UHFFFAOYSA-N,C17H20O8,C17H20O8,352.3,352.339,352.115818,0,25,0,0,0,0,0,0,0,unclassified,none,no_supported_TPU_role_rule_matched,unresolved,9,False,rdkit_validated,canonical_unique,BSD-3-Clause,reaction_rule_generated,candidate_structure,Gold-V,admitted_reference,0.0,,smipoly-rdkit-role-v1,2026.03.4
chemical_4f375476f260e4e4,ds_smipoly_monomers,CID10366,csv:row=174;comID=CID10366,"pyridine-3,5-dicarboxylic acid",C1=C(C=NC=C1C(=O)O)C(=O)O,O=C(O)c1cncc(C(=O)O)c1,MPFLRYZEEAQMLQ-UHFFFAOYSA-N,C7H5NO4,C7H5NO4,167.12,167.12,167.021858,0,12,0,0,0,0,2,0,0,polyester_polyol_precursor,rule_medium,carboxylic_acid_group_count>=2,polyol_synthesis_precursor,2,True,rdkit_validated,canonical_unique,BSD-3-Clause,reaction_rule_generated,candidate_structure,Gold-V,admitted_reference,0.0,,smipoly-rdkit-role-v1,2026.03.4
chemical_4fd08a47c4389d8a,ds_smipoly_monomers,CID11741,csv:row=203;comID=CID11741,3-(3-aminophenyl)sulfonylaniline,C1=CC(=CC(=C1)S(=O)(=O)C2=CC=CC(=C2)N)N,Nc1cccc(S(=O)(=O)c2cccc(N)c2)c1,LJGHYPLBDBRCRZ-UHFFFAOYSA-N,C12H12N2O2S,C12H12N2O2S,248.3,248.307,248.061949,0,17,0,0,2,0,0,0,0,diamine_chain_extender_candidate,rule_medium,amine_group_count>=2,tpuu_or_nipu_building_block,1,True,rdkit_validated,canonical_unique,BSD-3-Clause,reaction_rule_generated,candidate_structure,Gold-V,admitted_reference,0.0,,smipoly-rdkit-role-v1,2026.03.4
chemical_4fd67ddbc71d34f1,ds_smipoly_monomers,CID17201,csv:row=296;comID=CID17201,4-[3-(4-aminophenoxy)phenoxy]aniline,C1=CC(=CC(=C1)OC2=CC=C(C=C2)N)OC3=CC=C(C=C3)N,Nc1ccc(Oc2cccc(Oc3ccc(N)cc3)c2)cc1,WUPRYUDHUFLKFL-UHFFFAOYSA-N,C18H16N2O2,C18H16N2O2,292.3,292.338,292.121178,0,22,0,0,2,0,0,0,0,diamine_chain_extender_candidate,rule_medium,amine_group_count>=2,tpuu_or_nipu_building_block,1,True,rdkit_validated,canonical_unique,BSD-3-Clause,reaction_rule_generated,candidate_structure,Gold-V,admitted_reference,0.0,,smipoly-rdkit-role-v1,2026.03.4
chemical_5009daf540151488,ds_smipoly_monomers,CID31405,csv:row=382;comID=CID31405,"2,6-DI-Tert-butylphenol",CC(C)(C)C1=C(C(=CC=C1)C(C)(C)C)O,CC(C)(C)c1cccc(C(C)(C)C)c1O,DKCPKDPYUFEZCP-UHFFFAOYSA-N,C14H22O,C14H22O,206.32,206.329,206.167065,0,15,0,1,0,0,0,0,0,monool_model_compound,rule_medium,hydroxyl_group_count=1,adjacent_model_compound,3,True,rdkit_validated,canonical_unique,BSD-3-Clause,reaction_rule_generated,candidate_structure,Gold-V,admitted_reference,0.0,,smipoly-rdkit-role-v1,2026.03.4
chemical_5062e7f0d3cb9ca8,ds_smipoly_monomers,CID61242,csv:row=398;comID=CID61242,phenyl prop-2-enoate,C=CC(=O)OC1=CC=CC=C1,C=CC(=O)Oc1ccccc1,WRAQQYDMVSCOTE-UHFFFAOYSA-N,C9H8O2,C9H8O2,148.16,148.161,148.052429,0,11,0,0,0,0,0,0,0,unclassified,none,no_supported_TPU_role_rule_matched,unresolved,9,False,rdkit_validated,canonical_unique,BSD-3-Clause,reaction_rule_generated,candidate_structure,Gold-V,admitted_reference,0.0,,smipoly-rdkit-role-v1,2026.03.4
chemical_5072650f98f354ae,ds_smipoly_monomers,CID61196,csv:row=397;comID=CID61196,"2,2-bis(prop-2-enoxymethyl)butan-1-ol",CCC(CO)(COCC=C)COCC=C,C=CCOCC(CC)(CO)COCC=C,BDKDHWOPFRTWPP-UHFFFAOYSA-N,C12H22O3,C12H22O3,214.3,214.305,214.156895,0,15,0,1,0,0,0,0,0,monool_model_compound,rule_medium,hydroxyl_group_count=1,adjacent_model_compound,3,True,rdkit_validated,canonical_unique,BSD-3-Clause,reaction_rule_generated,candidate_structure,Gold-V,admitted_reference,0.0,,smipoly-rdkit-role-v1,2026.03.4
chemical_50ce5336458092c9,ds_smipoly_monomers,CID16135,csv:row=273;comID=CID16135,"[2,2-dimethyl-3-(2-methylprop-2-enoyloxy)propyl] 2-methylprop-2-enoate",CC(=C)C(=O)OCC(C)(C)COC(=O)C(=C)C,C=C(C)C(=O)OCC(C)(C)COC(=O)C(=C)C,ULQMPOIOSDXIGC-UHFFFAOYSA-N,C13H20O4,C13H20O4,240.29,240.299,240.136159,0,17,0,0,0,0,0,0,0,unclassified,none,no_supported_TPU_role_rule_matched,unresolved,9,False,rdkit_validated,canonical_unique,BSD-3-Clause,reaction_rule_generated,candidate_structure,Gold-V,admitted_reference,0.0,,smipoly-rdkit-role-v1,2026.03.4
chemical_50f9eff5c9c5ce60,ds_smipoly_monomers,CID262070,csv:row=790;comID=CID262070,1-methyl-4-prop-2-enoxybenzene,CC1=CC=C(C=C1)OCC=C,C=CCOc1ccc(C)cc1,AROCNZZBLCAOPH-UHFFFAOYSA-N,C10H12O,C10H12O,148.2,148.205,148.088815,0,11,0,0,0,0,0,0,0,unclassified,none,no_supported_TPU_role_rule_matched,unresolved,9,False,rdkit_validated,canonical_unique,BSD-3-Clause,reaction_rule_generated,candidate_structure,Gold-V,admitted_reference,0.0,,smipoly-rdkit-role-v1,2026.03.4
chemical_513d5c60a5d85ef2,ds_smipoly_monomers,CID47108,csv:row=388;comID=CID47108,"9H-carbazole-3,6-diamine",C1=CC2=C(C=C1N)C3=C(N2)C=CC(=C3)N,Nc1ccc2[nH]c3ccc(N)cc3c2c1,YCZUWQOJQGCZKG-UHFFFAOYSA-N,C12H11N3,C12H11N3,197.24,197.241,197.095297,0,15,0,0,2,0,0,0,0,diamine_chain_extender_candidate,rule_medium,amine_group_count>=2,tpuu_or_nipu_building_block,1,True,rdkit_validated,canonical_unique,BSD-3-Clause,reaction_rule_generated,candidate_structure,Gold-V,admitted_reference,0.0,,smipoly-rdkit-role-v1,2026.03.4
chemical_51524afa9c50a44d,ds_smipoly_monomers,CID11218292,csv:row=987;comID=CID11218292,(2-methyl-2-adamantyl) prop-2-enoate,CC1(C2CC3CC(C2)CC1C3)OC(=O)C=C,C=CC(=O)OC1(C)C2CC3CC(C2)CC1C3,YRPLSAWATHBYFB-UHFFFAOYSA-N,C14H20O2,C14H20O2,220.31,220.312,220.14633,0,16,0,0,0,0,0,0,0,unclassified,none,no_supported_TPU_role_rule_matched,unresolved,9,False,rdkit_validated,canonical_unique,BSD-3-Clause,reaction_rule_generated,candidate_structure,Gold-V,admitted_reference,0.0,,smipoly-rdkit-role-v1,2026.03.4
chemical_516e3b7c40ae6f65,ds_smipoly_monomers,CID11528345,csv:row=997;comID=CID11528345,2-ethenoxyoxane,C=COC1CCCCO1,C=COC1CCCCO1,BYUNYALHUMSCSA-UHFFFAOYSA-N,C7H12O2,C7H12O2,128.17,128.171,128.08373,0,9,0,0,0,0,0,0,0,unclassified,none,no_supported_TPU_role_rule_matched,unresolved,9,False,rdkit_validated,canonical_unique,BSD-3-Clause,reaction_rule_generated,candidate_structure,Gold-V,admitted_reference,0.0,,smipoly-rdkit-role-v1,2026.03.4
chemical_5195c822d8eccbba,ds_smipoly_monomers,CID520986,csv:row=810;comID=CID520986,1-ethenyl-3-(trifluoromethyl)benzene,C=CC1=CC(=CC=C1)C(F)(F)F,C=Cc1cccc(C(F)(F)F)c1,ARHOUOIHKWELMD-UHFFFAOYSA-N,C9H7F3,C9H7F3,172.15,172.149,172.049985,0,12,0,0,0,0,0,0,0,unclassified,none,no_supported_TPU_role_rule_matched,unresolved,9,False,rdkit_validated,canonical_unique,BSD-3-Clause,reaction_rule_generated,candidate_structure,Gold-V,admitted_reference,0.0,,smipoly-rdkit-role-v1,2026.03.4
chemical_51ce88f76461b7f5,ds_smipoly_monomers,CID8413,csv:row=144;comID=CID8413,4-(4-amino-3-methylphenyl)-2-methylaniline,CC1=C(C=CC(=C1)C2=CC(=C(C=C2)N)C)N,Cc1cc(-c2ccc(N)c(C)c2)ccc1N,NUIURNJTPRWVAP-UHFFFAOYSA-N,C14H16N2,C14H16N2,212.29,212.296,212.131349,0,16,0,0,2,0,0,0,0,diamine_chain_extender_candidate,rule_medium,amine_group_count>=2,tpuu_or_nipu_building_block,1,True,rdkit_validated,canonical_unique,BSD-3-Clause,reaction_rule_generated,candidate_structure,Gold-V,admitted_reference,0.0,,smipoly-rdkit-role-v1,2026.03.4
chemical_52568d0b9d90b502,ds_smipoly_monomers,CID534788,csv:row=813;comID=CID534788,methyl prop-2-enyl carbonate,COC(=O)OCC=C,C=CCOC(=O)OC,YHLVIDQQTOMBGN-UHFFFAOYSA-N,C5H8O3,C5H8O3,116.11,116.116,116.047344,0,8,0,0,0,0,0,0,0,unclassified,none,no_supported_TPU_role_rule_matched,unresolved,9,False,rdkit_validated,canonical_unique,BSD-3-Clause,reaction_rule_generated,candidate_structure,Gold-V,admitted_reference,0.0,,smipoly-rdkit-role-v1,2026.03.4
chemical_527958b8307acf4d,ds_smipoly_monomers,CID324200,csv:row=794;comID=CID324200,6-(prop-2-enoylamino)hexanoic acid,C=CC(=O)NCCCCCC(=O)O,C=CC(=O)NCCCCCC(=O)O,SAQWCPXBLNGTCC-UHFFFAOYSA-N,C9H15NO3,C9H15NO3,185.22,185.223,185.105193,0,13,0,0,0,0,1,0,0,unclassified,none,no_supported_TPU_role_rule_matched,unresolved,9,False,rdkit_validated,canonical_unique,BSD-3-Clause,reaction_rule_generated,candidate_structure,Gold-V,admitted_reference,0.0,,smipoly-rdkit-role-v1,2026.03.4
chemical_530fc869a463296b,ds_smipoly_monomers,CID10902,csv:row=182;comID=CID10902,"ethane-1,2-dithiol",C(CS)S,SCCS,VYMPLPIFKRHAAC-UHFFFAOYSA-N,C2H6S2,C2H6S2,94.2,94.204,93.991092,0,4,0,0,0,2,0,0,0,polythiol_adjacent_candidate,rule_medium,thiol_group_count>=2,adjacent_reactive_building_block,3,True,rdkit_validated,canonical_unique,BSD-3-Clause,reaction_rule_generated,candidate_structure,Gold-V,admitted_reference,0.0,,smipoly-rdkit-role-v1,2026.03.4
chemical_534466643d7ae4c0,ds_smipoly_monomers,CID565162,csv:row=824;comID=CID565162,2-(2-hydroxyphenoxy)phenol,C1=CC=C(C(=C1)O)OC2=CC=CC=C2O,Oc1ccccc1Oc1ccccc1O,VXHYVVAUHMGCEX-UHFFFAOYSA-N,C12H10O3,C12H10O3,202.21,202.209,202.062994,0,15,0,2,0,0,0,0,0,diol_chain_extender_candidate,rule_medium,hydroxyl_group_count=2 and RDKit_MolWt<=250,direct_tpu_building_block,1,True,rdkit_validated,canonical_unique,BSD-3-Clause,reaction_rule_generated,candidate_structure,Gold-V,admitted_reference,0.0,,smipoly-rdkit-role-v1,2026.03.4
chemical_5368310454cb398e,ds_smipoly_monomers,CID10198598,csv:row=965;comID=CID10198598,2-[2-[2-[2-(2-aminoethoxy)ethoxy]ethoxy]ethoxy]ethanamine,C(COCCOCCOCCOCCN)N,NCCOCCOCCOCCOCCN,IFZOPNLVYZYSMQ-UHFFFAOYSA-N,C10H24N2O4,C10H24N2O4,236.31,236.312,236.173607,0,16,0,0,2,0,0,0,0,diamine_chain_extender_candidate,rule_medium,amine_group_count>=2,tpuu_or_nipu_building_block,1,True,rdkit_validated,canonical_unique,BSD-3-Clause,reaction_rule_generated,candidate_structure,Gold-V,admitted_reference,0.0,,smipoly-rdkit-role-v1,2026.03.4
chemical_5381cec8c27a5bce,ds_smipoly_monomers,CID2568,csv:row=19;comID=CID2568,"cyclobutane-1,1-dicarboxylic acid",C1CC(C1)(C(=O)O)C(=O)O,O=C(O)C1(C(=O)O)CCC1,CCQPAEQGAVNNIA-UHFFFAOYSA-N,C6H8O4,C6H8O4,144.12,144.126,144.042259,0,10,0,0,0,0,2,0,0,polyester_polyol_precursor,rule_medium,carboxylic_acid_group_count>=2,polyol_synthesis_precursor,2,True,rdkit_validated,canonical_unique,BSD-3-Clause,reaction_rule_generated,candidate_structure,Gold-V,admitted_reference,0.0,,smipoly-rdkit-role-v1,2026.03.4
chemical_5421b583b202da38,ds_smipoly_monomers,CID14494,csv:row=256;comID=CID14494,"decane-1,10-dithiol",C(CCCCCS)CCCCS,SCCCCCCCCCCS,UOQACRNTVQWTFF-UHFFFAOYSA-N,C10H22S2,C10H22S2,206.4,206.42,206.116293,0,12,0,0,0,2,0,0,0,polythiol_adjacent_candidate,rule_medium,thiol_group_count>=2,adjacent_reactive_building_block,3,True,rdkit_validated,canonical_unique,BSD-3-Clause,reaction_rule_generated,candidate_structure,Gold-V,admitted_reference,0.0,,smipoly-rdkit-role-v1,2026.03.4
chemical_54b4b3d48fbd765b,ds_smipoly_monomers,CID68315,csv:row=452;comID=CID68315,[4-(aminomethyl)phenyl]methanamine,C1=CC(=CC=C1CN)CN,NCc1ccc(CN)cc1,ISKQADXMHQSTHK-UHFFFAOYSA-N,C8H12N2,C8H12N2,136.19,136.198,136.100048,0,10,0,0,2,0,0,0,0,diamine_chain_extender_candidate,rule_medium,amine_group_count>=2,tpuu_or_nipu_building_block,1,True,rdkit_validated,canonical_unique,BSD-3-Clause,reaction_rule_generated,candidate_structure,Gold-V,admitted_reference,0.0,,smipoly-rdkit-role-v1,2026.03.4
chemical_551a139d1b44a292,ds_smipoly_monomers,CID573829,csv:row=829;comID=CID573829,"adamantane-1,3-diol",C1C2CC3(CC1CC(C2)(C3)O)O,OC12CC3CC(C1)CC(O)(C3)C2,MOLCWHCSXCKHAP-UHFFFAOYSA-N,C10H16O2,C10H16O2,168.23,168.236,168.11503,0,12,0,2,0,0,0,0,0,diol_chain_extender_candidate,rule_medium,hydroxyl_group_count=2 and RDKit_MolWt<=250,direct_tpu_building_block,1,True,rdkit_validated,canonical_unique,BSD-3-Clause,reaction_rule_generated,candidate_structure,Gold-V,admitted_reference,0.0,,smipoly-rdkit-role-v1,2026.03.4
chemical_55a556b05063c744,ds_smipoly_monomers,CID11856523,csv:row=1001;comID=CID11856523,(3-hydroxy-1-adamantyl) 2-methylprop-2-enoate,CC(=C)C(=O)OC12CC3CC(C1)CC(C3)(C2)O,C=C(C)C(=O)OC12CC3CC(CC(O)(C3)C1)C2,OOIBFPKQHULHSQ-UHFFFAOYSA-N,C14H20O3,C14H20O3,236.31,236.311,236.141244,0,17,0,1,0,0,0,0,0,monool_model_compound,rule_medium,hydroxyl_group_count=1,adjacent_model_compound,3,True,rdkit_validated,canonical_unique,BSD-3-Clause,reaction_rule_generated,candidate_structure,Gold-V,admitted_reference,0.0,,smipoly-rdkit-role-v1,2026.03.4
chemical_56b262e89b216b37,ds_smipoly_monomers,CID64339,csv:row=414;comID=CID64339,"adamantane-1,3-dicarboxylic acid",C1C2CC3(CC1CC(C2)(C3)C(=O)O)C(=O)O,O=C(O)C12CC3CC(C1)CC(C(=O)O)(C3)C2,PAVQGHWQOQZQEH-UHFFFAOYSA-N,C12H16O4,C12H16O4,224.25,224.256,224.104859,0,16,0,0,0,0,2,0,0,polyester_polyol_precursor,rule_medium,carboxylic_acid_group_count>=2,polyol_synthesis_precursor,2,True,rdkit_validated,canonical_unique,BSD-3-Clause,reaction_rule_generated,candidate_structure,Gold-V,admitted_reference,0.0,,smipoly-rdkit-role-v1,2026.03.4
chemical_56bf4479f5a2f5c9,ds_smipoly_monomers,CID552244,csv:row=821;comID=CID552244,3-prop-2-enoxypropanoic acid,C=CCOCCC(=O)O,C=CCOCCC(=O)O,LBJZZFXUVYHXPH-UHFFFAOYSA-N,C6H10O3,C6H10O3,130.14,130.143,130.062994,0,9,0,0,0,0,1,0,0,unclassified,none,no_supported_TPU_role_rule_matched,unresolved,9,False,rdkit_validated,canonical_unique,BSD-3-Clause,reaction_rule_generated,candidate_structure,Gold-V,admitted_reference,0.0,,smipoly-rdkit-role-v1,2026.03.4
chemical_56cbd0724177fc0f,ds_smipoly_monomers,CID19622,csv:row=341;comID=CID19622,"cyclopentane-1,2,3,4-tetracarboxylic acid",C1C(C(C(C1C(=O)O)C(=O)O)C(=O)O)C(=O)O,O=C(O)C1CC(C(=O)O)C(C(=O)O)C1C(=O)O,WOSVXXBNNCUXMT-UHFFFAOYSA-N,C9H10O8,C9H10O8,246.17,246.171,246.037567,0,17,0,0,0,0,4,0,0,polyester_polyol_precursor,rule_medium,carboxylic_acid_group_count>=2,polyol_synthesis_precursor,2,True,rdkit_validated,canonical_unique,BSD-3-Clause,reaction_rule_generated,candidate_structure,Gold-V,admitted_reference,0.0,,smipoly-rdkit-role-v1,2026.03.4
chemical_56d040f50437266c,ds_smipoly_monomers,CID237509,csv:row=784;comID=CID237509,"1-[2-(2,5-dioxopyrrol-1-yl)ethyl]pyrrole-2,5-dione",C1=CC(=O)N(C1=O)CCN2C(=O)C=CC2=O,O=C1C=CC(=O)N1CCN1C(=O)C=CC1=O,PUKLCKVOVCZYKF-UHFFFAOYSA-N,C10H8N2O4,C10H8N2O4,220.18,220.184,220.048407,0,16,0,0,0,0,0,0,0,unclassified,none,no_supported_TPU_role_rule_matched,unresolved,9,False,rdkit_validated,canonical_unique,BSD-3-Clause,reaction_rule_generated,candidate_structure,Gold-V,admitted_reference,0.0,,smipoly-rdkit-role-v1,2026.03.4
chemical_56d1d3ac01de2474,ds_smipoly_monomers,CID573014,csv:row=828;comID=CID573014,3-diethoxyphosphorylprop-1-ene,CCOP(=O)(CC=C)OCC,C=CCP(=O)(OCC)OCC,YPJHXRAHMUKXAE-UHFFFAOYSA-N,C7H15O3P,C7H15O3P,178.17,178.168,178.075881,0,11,0,0,0,0,0,0,0,unclassified,none,no_supported_TPU_role_rule_matched,unresolved,9,False,rdkit_validated,canonical_unique,BSD-3-Clause,reaction_rule_generated,candidate_structure,Gold-V,admitted_reference,0.0,,smipoly-rdkit-role-v1,2026.03.4
chemical_573522d7641670f3,ds_smipoly_monomers,CID8906,csv:row=158;comID=CID8906,dodecyl 2-methylprop-2-enoate,CCCCCCCCCCCCOC(=O)C(=C)C,C=C(C)C(=O)OCCCCCCCCCCCC,GMSCBRSQMRDRCD-UHFFFAOYSA-N,C16H30O2,C16H30O2,254.41,254.414,254.22458,0,18,0,0,0,0,0,0,0,unclassified,none,no_supported_TPU_role_rule_matched,unresolved,9,False,rdkit_validated,canonical_unique,BSD-3-Clause,reaction_rule_generated,candidate_structure,Gold-V,admitted_reference,0.0,,smipoly-rdkit-role-v1,2026.03.4
chemical_575c5fa0b02d1e2e,ds_smipoly_monomers,CID11204982,csv:row=985;comID=CID11204982,"3-[3-(2-carboxy-2-methylpropyl)phenyl]-2,2-dimethylpropanoic acid",CC(C)(CC1=CC(=CC=C1)CC(C)(C)C(=O)O)C(=O)O,CC(C)(Cc1cccc(CC(C)(C)C(=O)O)c1)C(=O)O,BZWQVGTVYGEXTE-UHFFFAOYSA-N,C16H22O4,C16H22O4,278.34,278.348,278.151809,0,20,0,0,0,0,2,0,0,polyester_polyol_precursor,rule_medium,carboxylic_acid_group_count>=2,polyol_synthesis_precursor,2,True,rdkit_validated,canonical_unique,BSD-3-Clause,reaction_rule_generated,candidate_structure,Gold-V,admitted_reference,0.0,,smipoly-rdkit-role-v1,2026.03.4
chemical_577326f82fa25685,ds_smipoly_monomers,CID13283,csv:row=232;comID=CID13283,4-[(4-amino-3-methylphenyl)methyl]-2-methylaniline,CC1=C(C=CC(=C1)CC2=CC(=C(C=C2)N)C)N,Cc1cc(Cc2ccc(N)c(C)c2)ccc1N,WECDUOXQLAIPQW-UHFFFAOYSA-N,C15H18N2,C15H18N2,226.32,226.323,226.146999,0,17,0,0,2,0,0,0,0,diamine_chain_extender_candidate,rule_medium,amine_group_count>=2,tpuu_or_nipu_building_block,1,True,rdkit_validated,canonical_unique,BSD-3-Clause,reaction_rule_generated,candidate_structure,Gold-V,admitted_reference,0.0,,smipoly-rdkit-role-v1,2026.03.4
chemical_5874f22eef8708d1,ds_smipoly_monomers,CID2775973,csv:row=892;comID=CID2775973,"(2,3,4,5,6-pentafluorophenyl) prop-2-enoate",C=CC(=O)OC1=C(C(=C(C(=C1F)F)F)F)F,C=CC(=O)Oc1c(F)c(F)c(F)c(F)c1F,RFOWDPMCXHVGET-UHFFFAOYSA-N,C9H3F5O2,C9H3F5O2,238.11,238.111,238.00532,0,16,0,0,0,0,0,0,0,unclassified,none,no_supported_TPU_role_rule_matched,unresolved,9,False,rdkit_validated,canonical_unique,BSD-3-Clause,reaction_rule_generated,candidate_structure,Gold-V,admitted_reference,0.0,,smipoly-rdkit-role-v1,2026.03.4
chemical_5899513bd4cfae69,ds_smipoly_monomers,CID1317,csv:row=14;comID=CID1317,"decane-1,10-diamine",C(CCCCCN)CCCCN,NCCCCCCCCCCN,YQLZOAVZWJBZSY-UHFFFAOYSA-N,C10H24N2,C10H24N2,172.31,172.316,172.193949,0,12,0,0,2,0,0,0,0,diamine_chain_extender_candidate,rule_medium,amine_group_count>=2,tpuu_or_nipu_building_block,1,True,rdkit_validated,canonical_unique,BSD-3-Clause,reaction_rule_generated,candidate_structure,Gold-V,admitted_reference,0.0,,smipoly-rdkit-role-v1,2026.03.4
chemical_589b0645fed36350,ds_smipoly_monomers,CID66666,csv:row=433;comID=CID66666,"1,2-bis(ethenyl)benzene",C=CC1=CC=CC=C1C=C,C=Cc1ccccc1C=C,MYRTYDVEIRVNKP-UHFFFAOYSA-N,C10H10,C10H10,130.19,130.19,130.07825,0,10,0,0,0,0,0,0,0,unclassified,none,no_supported_TPU_role_rule_matched,unresolved,9,False,rdkit_validated,canonical_unique,BSD-3-Clause,reaction_rule_generated,candidate_structure,Gold-V,admitted_reference,0.0,,smipoly-rdkit-role-v1,2026.03.4
chemical_58b2613823466190,ds_smipoly_monomers,CID80808,csv:row=594;comID=CID80808,"2,4-ditert-butyl-6-(3,5-ditert-butyl-2-hydroxyphenyl)phenol",CC(C)(C)C1=CC(=C(C(=C1)C(C)(C)C)O)C2=C(C(=CC(=C2)C(C)(C)C)C(C)(C)C)O,CC(C)(C)c1cc(-c2cc(C(C)(C)C)cc(C(C)(C)C)c2O)c(O)c(C(C)(C)C)c1,GDGDLBOVIAWEAD-UHFFFAOYSA-N,C28H42O2,C28H42O2,410.6,410.642,410.318481,0,30,0,2,0,0,0,0,0,macrodiol_polyol_candidate,rule_medium,hydroxyl_group_count=2 and RDKit_MolWt>250,direct_tpu_building_block,1,True,rdkit_validated,canonical_unique,BSD-3-Clause,reaction_rule_generated,candidate_structure,Gold-V,admitted_reference,0.0,,smipoly-rdkit-role-v1,2026.03.4
chemical_58d267e412cc9bb4,ds_smipoly_monomers,CID17111,csv:row=289;comID=CID17111,2-(dimethylamino)ethyl prop-2-enoate,CN(C)CCOC(=O)C=C,C=CC(=O)OCCN(C)C,DPBJAVGHACCNRL-UHFFFAOYSA-N,C7H13NO2,C7H13NO2,143.18,143.186,143.094629,0,10,0,0,0,0,0,0,0,unclassified,none,no_supported_TPU_role_rule_matched,unresolved,9,False,rdkit_validated,canonical_unique,BSD-3-Clause,reaction_rule_generated,candidate_structure,Gold-V,admitted_reference,0.0,,smipoly-rdkit-role-v1,2026.03.4
chemical_594fe278d9877b9b,ds_smipoly_monomers,CID87149,csv:row=645;comID=CID87149,"3,3,4,4,5,5,6,6,7,7,8,8,8-tridecafluorooctyl prop-2-enoate",C=CC(=O)OCCC(C(C(C(C(C(F)(F)F)(F)F)(F)F)(F)F)(F)F)(F)F,C=CC(=O)OCCC(F)(F)C(F)(F)C(F)(F)C(F)(F)C(F)(F)C(F)(F)F,VPKQPPJQTZJZDB-UHFFFAOYSA-N,C11H7F13O2,C11H7F13O2,418.15,418.149,418.023846,0,26,0,0,0,0,0,0,0,unclassified,none,no_supported_TPU_role_rule_matched,unresolved,9,False,rdkit_validated,canonical_unique,BSD-3-Clause,reaction_rule_generated,candidate_structure,Gold-V,admitted_reference,0.0,,smipoly-rdkit-role-v1,2026.03.4
chemical_5951aceef57722a8,ds_smipoly_monomers,CID550615,csv:row=819;comID=CID550615,S-[4-[4-(2-methylprop-2-enoylsulfanyl)phenyl]sulfanylphenyl] 2-methylprop-2-enethioate,CC(=C)C(=O)SC1=CC=C(C=C1)SC2=CC=C(C=C2)SC(=O)C(=C)C,C=C(C)C(=O)Sc1ccc(Sc2ccc(SC(=O)C(=C)C)cc2)cc1,SPNAQSNLZHHUIJ-UHFFFAOYSA-N,C20H18O2S3,C20H18O2S3,386.6,386.563,386.046893,0,25,0,0,0,0,0,0,0,unclassified,none,no_supported_TPU_role_rule_matched,unresolved,9,False,rdkit_validated,canonical_unique,BSD-3-Clause,reaction_rule_generated,candidate_structure,Gold-V,admitted_reference,0.0,,smipoly-rdkit-role-v1,2026.03.4
chemical_597906c90f490d39,ds_smipoly_monomers,CID98323,csv:row=691;comID=CID98323,3-methyloxolan-2-one,CC1CCOC1=O,CC1CCOC1=O,QGLBZNZGBLRJGS-UHFFFAOYSA-N,C5H8O2,C5H8O2,100.12,100.117,100.052429,0,7,0,0,0,0,0,0,0,unclassified,none,no_supported_TPU_role_rule_matched,unresolved,9,False,rdkit_validated,canonical_unique,BSD-3-Clause,reaction_rule_generated,candidate_structure,Gold-V,admitted_reference,0.0,,smipoly-rdkit-role-v1,2026.03.4
chemical_59b1e653effa4369,ds_smipoly_monomers,CID8023,csv:row=126;comID=CID8023,ethenoxyethane,CCOC=C,C=COCC,FJKIXWOMBXYWOQ-UHFFFAOYSA-N,C4H8O,C4H8O,72.11,72.107,72.057515,0,5,0,0,0,0,0,0,0,unclassified,none,no_supported_TPU_role_rule_matched,unresolved,9,False,rdkit_validated,canonical_unique,BSD-3-Clause,reaction_rule_generated,candidate_structure,Gold-V,admitted_reference,0.0,,smipoly-rdkit-role-v1,2026.03.4
chemical_5a16b5552ff460d0,ds_smipoly_monomers,CID21960809,csv:row=1051;comID=CID21960809,9-(2-methylprop-2-enoyloxy)nonyl 2-methylprop-2-enoate,CC(=C)C(=O)OCCCCCCCCCOC(=O)C(=C)C,C=C(C)C(=O)OCCCCCCCCCOC(=O)C(=C)C,YJVIKVWFGPLAFS-UHFFFAOYSA-N,C17H28O4,C17H28O4,296.4,296.407,296.198759,0,21,0,0,0,0,0,0,0,unclassified,none,no_supported_TPU_role_rule_matched,unresolved,9,False,rdkit_validated,canonical_unique,BSD-3-Clause,reaction_rule_generated,candidate_structure,Gold-V,admitted_reference,0.0,,smipoly-rdkit-role-v1,2026.03.4
chemical_5a70e73fded3d8b7,ds_smipoly_monomers,CID371,csv:row=6;comID=CID371,but-2-ynedioic acid,C(#CC(=O)O)C(=O)O,O=C(O)C#CC(=O)O,YTIVTFGABIZHHX-UHFFFAOYSA-N,C4H2O4,C4H2O4,114.06,114.056,113.995309,0,8,0,0,0,0,2,0,0,polyester_polyol_precursor,rule_medium,carboxylic_acid_group_count>=2,polyol_synthesis_precursor,2,True,rdkit_validated,canonical_unique,BSD-3-Clause,reaction_rule_generated,candidate_structure,Gold-V,admitted_reference,0.0,,smipoly-rdkit-role-v1,2026.03.4
chemical_5be20976c2a9d662,ds_smipoly_monomers,CID69870,csv:row=471;comID=CID69870,"2,3,5,6-tetrafluorobenzene-1,4-diol",C1(=C(C(=C(C(=C1F)F)O)F)F)O,Oc1c(F)c(F)c(O)c(F)c1F,ZSDAMBJDFDRLSS-UHFFFAOYSA-N,C6H2F4O2,C6H2F4O2,182.07,182.072,181.999092,0,12,0,2,0,0,0,0,0,diol_chain_extender_candidate,rule_medium,hydroxyl_group_count=2 and RDKit_MolWt<=250,direct_tpu_building_block,1,True,rdkit_validated,canonical_unique,BSD-3-Clause,reaction_rule_generated,candidate_structure,Gold-V,admitted_reference,0.0,,smipoly-rdkit-role-v1,2026.03.4
chemical_5c3f6f826b83ddae,ds_smipoly_monomers,CID70916,csv:row=488;comID=CID70916,3-(2-methylprop-2-enoyloxy)butyl 2-methylprop-2-enoate,CC(CCOC(=O)C(=C)C)OC(=O)C(=C)C,C=C(C)C(=O)OCCC(C)OC(=O)C(=C)C,VDYWHVQKENANGY-UHFFFAOYSA-N,C12H18O4,C12H18O4,226.27,226.272,226.120509,0,16,0,0,0,0,0,0,0,unclassified,none,no_supported_TPU_role_rule_matched,unresolved,9,False,rdkit_validated,canonical_unique,BSD-3-Clause,reaction_rule_generated,candidate_structure,Gold-V,admitted_reference,0.0,,smipoly-rdkit-role-v1,2026.03.4
chemical_5c4e60d93b179331,ds_smipoly_monomers,CID74594,csv:row=511;comID=CID74594,[2-hydroxy-3-(2-methylprop-2-enoyloxy)propyl] 2-methylprop-2-enoate,CC(=C)C(=O)OCC(COC(=O)C(=C)C)O,C=C(C)C(=O)OCC(O)COC(=O)C(=C)C,OQHMGFSAURFQAF-UHFFFAOYSA-N,C11H16O5,C11H16O5,228.24,228.244,228.099774,0,16,0,1,0,0,0,0,0,monool_model_compound,rule_medium,hydroxyl_group_count=1,adjacent_model_compound,3,True,rdkit_validated,canonical_unique,BSD-3-Clause,reaction_rule_generated,candidate_structure,Gold-V,admitted_reference,0.0,,smipoly-rdkit-role-v1,2026.03.4
chemical_5c5fad5f227ff168,ds_smipoly_monomers,CID626783,csv:row=849;comID=CID626783,"1-pyren-1-ylpyrrole-2,5-dione",C1=CC2=C3C(=C1)C=CC4=C(C=CC(=C43)C=C2)N5C(=O)C=CC5=O,O=C1C=CC(=O)N1c1ccc2ccc3cccc4ccc1c2c34,YXKWRQLPBHVBRP-UHFFFAOYSA-N,C20H11NO2,C20H11NO2,297.3,297.313,297.078979,0,23,0,0,0,0,0,0,0,unclassified,none,no_supported_TPU_role_rule_matched,unresolved,9,False,rdkit_validated,canonical_unique,BSD-3-Clause,reaction_rule_generated,candidate_structure,Gold-V,admitted_reference,0.0,,smipoly-rdkit-role-v1,2026.03.4
chemical_5c74520a2ac01a56,ds_smipoly_monomers,CID273,csv:row=5;comID=CID273,"pentane-1,5-diamine",C(CCN)CCN,NCCCCCN,VHRGRCVQAFMJIZ-UHFFFAOYSA-N,C5H14N2,C5H14N2,102.18,102.181,102.115698,0,7,0,0,2,0,0,0,0,diamine_chain_extender_candidate,rule_medium,amine_group_count>=2,tpuu_or_nipu_building_block,1,True,rdkit_validated,canonical_unique,BSD-3-Clause,reaction_rule_generated,candidate_structure,Gold-V,admitted_reference,0.0,,smipoly-rdkit-role-v1,2026.03.4
chemical_5cf47b0dd80ec93d,ds_smipoly_monomers,CID17617,csv:row=310;comID=CID17617,prop-2-enyl 3-cyclohexylpropanoate,C=CCOC(=O)CCC1CCCCC1,C=CCOC(=O)CCC1CCCCC1,TWXUTZNBHUWMKJ-UHFFFAOYSA-N,C12H20O2,C12H20O2,196.29,196.29,196.14633,0,14,0,0,0,0,0,0,0,unclassified,none,no_supported_TPU_role_rule_matched,unresolved,9,False,rdkit_validated,canonical_unique,BSD-3-Clause,reaction_rule_generated,candidate_structure,Gold-V,admitted_reference,0.0,,smipoly-rdkit-role-v1,2026.03.4
chemical_5d3f00a91bbe9385,ds_smipoly_monomers,CID4128060,csv:row=925;comID=CID4128060,2-[2-(2-prop-2-enoyloxypropoxy)propoxy]propyl prop-2-enoate,CC(COC(C)COC(=O)C=C)OCC(C)OC(=O)C=C,C=CC(=O)OCC(C)OCC(C)OCC(C)OC(=O)C=C,LJRSZGKUUZPHEB-UHFFFAOYSA-N,C15H24O6,C15H24O6,300.35,300.351,300.157288,0,21,0,0,0,0,0,0,0,unclassified,none,no_supported_TPU_role_rule_matched,unresolved,9,False,rdkit_validated,canonical_unique,BSD-3-Clause,reaction_rule_generated,candidate_structure,Gold-V,admitted_reference,0.0,,smipoly-rdkit-role-v1,2026.03.4
chemical_5d5786c137dbd7fd,ds_smipoly_monomers,CID7493,csv:row=79;comID=CID7493,"pyridine-2,5-dicarboxylic acid",C1=CC(=NC=C1C(=O)O)C(=O)O,O=C(O)c1ccc(C(=O)O)nc1,LVPMIMZXDYBCDF-UHFFFAOYSA-N,C7H5NO4,C7H5NO4,167.12,167.12,167.021858,0,12,0,0,0,0,2,0,0,polyester_polyol_precursor,rule_medium,carboxylic_acid_group_count>=2,polyol_synthesis_precursor,2,True,rdkit_validated,canonical_unique,BSD-3-Clause,reaction_rule_generated,candidate_structure,Gold-V,admitted_reference,0.0,,smipoly-rdkit-role-v1,2026.03.4
chemical_5d5ece4356db71ad,ds_smipoly_monomers,CID78138,csv:row=574;comID=CID78138,"benzene-1,3,5-tricarbonyl chloride",C1=C(C=C(C=C1C(=O)Cl)C(=O)Cl)C(=O)Cl,O=C(Cl)c1cc(C(=O)Cl)cc(C(=O)Cl)c1,UWCPYKQBIPYOLX-UHFFFAOYSA-N,C9H3Cl3O3,C9H3Cl3O3,265.5,265.479,263.914777,0,15,0,0,0,0,0,0,0,unclassified,none,no_supported_TPU_role_rule_matched,unresolved,9,False,rdkit_validated,canonical_unique,BSD-3-Clause,reaction_rule_generated,candidate_structure,Gold-V,admitted_reference,0.0,,smipoly-rdkit-role-v1,2026.03.4
chemical_5d9730b13488f3a4,ds_smipoly_monomers,CID88769,csv:row=653;comID=CID88769,2-(2-chloro-2-oxoethoxy)acetyl chloride,C(C(=O)Cl)OCC(=O)Cl,O=C(Cl)COCC(=O)Cl,GTZXSBQCNBNWPK-UHFFFAOYSA-N,C4H4Cl2O3,C4H4Cl2O3,170.98,170.979,169.953749,0,9,0,0,0,0,0,0,0,unclassified,none,no_supported_TPU_role_rule_matched,unresolved,9,False,rdkit_validated,canonical_unique,BSD-3-Clause,reaction_rule_generated,candidate_structure,Gold-V,admitted_reference,0.0,,smipoly-rdkit-role-v1,2026.03.4
chemical_5dae0ec6e3f72b12,ds_smipoly_monomers,CID19919,csv:row=343;comID=CID19919,2-(ethoxymethyl)oxirane,CCOCC1CO1,CCOCC1CO1,HQCSZRIVJVOYSU-UHFFFAOYSA-N,C5H10O2,C5H10O2,102.13,102.133,102.06808,0,7,0,0,0,0,0,0,1,epoxy_polyol_precursor,rule_medium,epoxide_group_count>=1,polyol_synthesis_precursor,2,True,rdkit_validated,canonical_unique,BSD-3-Clause,reaction_rule_generated,candidate_structure,Gold-V,admitted_reference,0.0,,smipoly-rdkit-role-v1,2026.03.4
chemical_5dde2d3c11900d2c,ds_smipoly_monomers,CID86261,csv:row=640;comID=CID86261,"4-[(4-amino-2-chloro-3,5-diethylphenyl)methyl]-3-chloro-2,6-diethylaniline",CCC1=CC(=C(C(=C1N)CC)Cl)CC2=C(C(=C(C(=C2)CC)N)CC)Cl,CCc1cc(Cc2cc(CC)c(N)c(CC)c2Cl)c(Cl)c(CC)c1N,VIOMIGLBMQVNLY-UHFFFAOYSA-N,C21H28Cl2N2,C21H28Cl2N2,379.4,379.375,378.162954,0,25,0,0,2,0,0,0,0,diamine_chain_extender_candidate,rule_medium,amine_group_count>=2,tpuu_or_nipu_building_block,1,True,rdkit_validated,canonical_unique,BSD-3-Clause,reaction_rule_generated,candidate_structure,Gold-V,admitted_reference,0.0,,smipoly-rdkit-role-v1,2026.03.4
chemical_5de71c13cae62cf6,ds_smipoly_monomers,CID7481,csv:row=76;comID=CID7481,1-ethenyl-4-nitrobenzene,C=CC1=CC=C(C=C1)[N+](=O)[O-],C=Cc1ccc([N+](=O)[O-])cc1,YFZHODLXYNDBSM-UHFFFAOYSA-N,C8H7NO2,C8H7NO2,149.15,149.149,149.047678,0,11,0,0,0,0,0,0,0,unclassified,none,no_supported_TPU_role_rule_matched,unresolved,9,False,rdkit_validated,canonical_unique,BSD-3-Clause,reaction_rule_generated,candidate_structure,Gold-V,admitted_reference,0.0,,smipoly-rdkit-role-v1,2026.03.4
chemical_5dfa895fe8bf66e2,ds_smipoly_monomers,CID68328,csv:row=453;comID=CID68328,3-oxopentanedioic acid,C(C(=O)CC(=O)O)C(=O)O,O=C(O)CC(=O)CC(=O)O,OXTNCQMOKLOUAM-UHFFFAOYSA-N,C5H6O5,C5H6O5,146.1,146.098,146.021523,0,10,0,0,0,0,2,0,0,polyester_polyol_precursor,rule_medium,carboxylic_acid_group_count>=2,polyol_synthesis_precursor,2,True,rdkit_validated,canonical_unique,BSD-3-Clause,reaction_rule_generated,candidate_structure,Gold-V,admitted_reference,0.0,,smipoly-rdkit-role-v1,2026.03.4
chemical_5e260fc18a13cbf7,ds_smipoly_monomers,CID9161,csv:row=159;comID=CID9161,acenaphthylene,C1=CC2=C3C(=C1)C=CC3=CC=C2,C1=Cc2cccc3cccc1c23,HXGDTGSAIMULJN-UHFFFAOYSA-N,C12H8,C12H8,152.19,152.196,152.0626,0,12,0,0,0,0,0,0,0,unclassified,none,no_supported_TPU_role_rule_matched,unresolved,9,False,rdkit_validated,canonical_unique,BSD-3-Clause,reaction_rule_generated,candidate_structure,Gold-V,admitted_reference,0.0,,smipoly-rdkit-role-v1,2026.03.4
chemical_5e2a554182400ec0,ds_smipoly_monomers,CID10953,csv:row=184;comID=CID10953,oxan-2-one,C1CCOC(=O)C1,O=C1CCCCO1,OZJPLYNZGCXSJM-UHFFFAOYSA-N,C5H8O2,C5H8O2,100.12,100.117,100.052429,0,7,0,0,0,0,0,0,0,unclassified,none,no_supported_TPU_role_rule_matched,unresolved,9,False,rdkit_validated,canonical_unique,BSD-3-Clause,reaction_rule_generated,candidate_structure,Gold-V,admitted_reference,0.0,,smipoly-rdkit-role-v1,2026.03.4
chemical_5e335c29e20a9a88,ds_smipoly_monomers,CID68352,csv:row=454;comID=CID68352,3-methylideneoxolan-2-one,C=C1CCOC1=O,C=C1CCOC1=O,GSLDEZOOOSBFGP-UHFFFAOYSA-N,C5H6O2,C5H6O2,98.1,98.101,98.036779,0,7,0,0,0,0,0,0,0,unclassified,none,no_supported_TPU_role_rule_matched,unresolved,9,False,rdkit_validated,canonical_unique,BSD-3-Clause,reaction_rule_generated,candidate_structure,Gold-V,admitted_reference,0.0,,smipoly-rdkit-role-v1,2026.03.4
chemical_5e66e31249aa025c,ds_smipoly_monomers,CID25040,csv:row=361;comID=CID25040,4-(2-sulfanylacetyl)oxybutyl 2-sulfanylacetate,C(CCOC(=O)CS)COC(=O)CS,O=C(CS)OCCCCOC(=O)CS,IPNDIMIIGZSERC-UHFFFAOYSA-N,C8H14O4S2,C8H14O4S2,238.3,238.33,238.033351,0,14,0,0,0,2,0,0,0,polythiol_adjacent_candidate,rule_medium,thiol_group_count>=2,adjacent_reactive_building_block,3,True,rdkit_validated,canonical_unique,BSD-3-Clause,reaction_rule_generated,candidate_structure,Gold-V,admitted_reference,0.0,,smipoly-rdkit-role-v1,2026.03.4
chemical_5e70a13a2ebfe8f6,ds_smipoly_monomers,CID96529,csv:row=686;comID=CID96529,"1,2,4-tris(ethenyl)cyclohexane",C=CC1CCC(C(C1)C=C)C=C,C=CC1CCC(C=C)C(C=C)C1,KTRQRAQRHBLCSQ-UHFFFAOYSA-N,C12H18,C12H18,162.27,162.276,162.140851,0,12,0,0,0,0,0,0,0,unclassified,none,no_supported_TPU_role_rule_matched,unresolved,9,False,rdkit_validated,canonical_unique,BSD-3-Clause,reaction_rule_generated,candidate_structure,Gold-V,admitted_reference,0.0,,smipoly-rdkit-role-v1,2026.03.4
chemical_5e814be594638bdc,ds_smipoly_monomers,CID82184,csv:row=611;comID=CID82184,"hexadecane-1,16-diol",C(CCCCCCCCO)CCCCCCCO,OCCCCCCCCCCCCCCCCO,GJBXIPOYHVMPQJ-UHFFFAOYSA-N,C16H34O2,C16H34O2,258.44,258.446,258.25588,0,18,0,2,0,0,0,0,0,macrodiol_polyol_candidate,rule_medium,hydroxyl_group_count=2 and RDKit_MolWt>250,direct_tpu_building_block,1,True,rdkit_validated,canonical_unique,BSD-3-Clause,reaction_rule_generated,candidate_structure,Gold-V,admitted_reference,0.0,,smipoly-rdkit-role-v1,2026.03.4
chemical_5ebedd3ec8260c5e,ds_smipoly_monomers,CID8571,csv:row=152;comID=CID8571,"bis(2,4-dihydroxyphenyl)methanone",C1=CC(=C(C=C1O)O)C(=O)C2=C(C=C(C=C2)O)O,O=C(c1ccc(O)cc1O)c1ccc(O)cc1O,WXNRYSGJLQFHBR-UHFFFAOYSA-N,C13H10O5,C13H10O5,246.21,246.218,246.052823,0,18,0,4,0,0,0,0,0,polyol_crosslinker_candidate,rule_high,hydroxyl_group_count>=3,direct_tpu_building_block,1,True,rdkit_validated,canonical_unique,BSD-3-Clause,reaction_rule_generated,candidate_structure,Gold-V,admitted_reference,0.0,,smipoly-rdkit-role-v1,2026.03.4
chemical_5f076b33eba02442,ds_smipoly_monomers,CID58986478,csv:row=1075;comID=CID58986478,"5-[2-(1,3-dioxo-2-benzofuran-5-yl)ethynyl]-2-benzofuran-1,3-dione",C1=CC2=C(C=C1C#CC3=CC4=C(C=C3)C(=O)OC4=O)C(=O)OC2=O,O=C1OC(=O)c2cc(C#Cc3ccc4c(c3)C(=O)OC4=O)ccc21,XGZRRDYHYZLYIJ-UHFFFAOYSA-N,C18H6O6,C18H6O6,318.2,318.24,318.016438,0,24,0,0,0,0,0,0,0,unclassified,none,no_supported_TPU_role_rule_matched,unresolved,9,False,rdkit_validated,canonical_unique,BSD-3-Clause,reaction_rule_generated,candidate_structure,Gold-V,admitted_reference,0.0,,smipoly-rdkit-role-v1,2026.03.4
chemical_5f31e4b7345ff6fd,ds_smipoly_monomers,CID4616894,csv:row=932;comID=CID4616894,"2,8-dimethyl-5,5-dioxodibenzothiophene-3,7-diamine",CC1=CC2=C(C=C1N)S(=O)(=O)C3=C2C=C(C(=C3)N)C,Cc1cc2c(cc1N)S(=O)(=O)c1cc(N)c(C)cc1-2,OJSPYCPPVCMEBS-UHFFFAOYSA-N,C14H14N2O2S,C14H14N2O2S,274.34,274.345,274.077599,0,19,0,0,2,0,0,0,0,diamine_chain_extender_candidate,rule_medium,amine_group_count>=2,tpuu_or_nipu_building_block,1,True,rdkit_validated,canonical_unique,BSD-3-Clause,reaction_rule_generated,candidate_structure,Gold-V,admitted_reference,0.0,,smipoly-rdkit-role-v1,2026.03.4
chemical_5f41c20fc7723a6b,ds_smipoly_monomers,CID22913822,csv:row=1059;comID=CID22913822,"1-bromo-4-(2,2-difluoroethenyl)benzene",C1=CC(=CC=C1C=C(F)F)Br,FC(F)=Cc1ccc(Br)cc1,LXJISEJYMAHRKE-UHFFFAOYSA-N,C8H5BrF2,C8H5BrF2,219.03,219.028,217.954269,0,11,0,0,0,0,0,0,0,unclassified,none,no_supported_TPU_role_rule_matched,unresolved,9,False,rdkit_validated,canonical_unique,BSD-3-Clause,reaction_rule_generated,candidate_structure,Gold-V,admitted_reference,0.0,,smipoly-rdkit-role-v1,2026.03.4
chemical_5f74dc6e5da56a41,ds_smipoly_monomers,CID549772,csv:row=818;comID=CID549772,"2,2,3,4,4,4-hexafluorobutyl 2-methylprop-2-enoate",CC(=C)C(=O)OCC(C(C(F)(F)F)F)(F)F,C=C(C)C(=O)OCC(F)(F)C(F)C(F)(F)F,DFVPUWGVOPDJTC-UHFFFAOYSA-N,C8H8F6O2,C8H8F6O2,250.14,250.138,250.042849,0,16,0,0,0,0,0,0,0,unclassified,none,no_supported_TPU_role_rule_matched,unresolved,9,False,rdkit_validated,canonical_unique,BSD-3-Clause,reaction_rule_generated,candidate_structure,Gold-V,admitted_reference,0.0,,smipoly-rdkit-role-v1,2026.03.4
chemical_5f78c2e3627b5026,ds_smipoly_monomers,CID432639,csv:row=802;comID=CID432639,"2-hydroxy-4-oxatricyclo[4.2.1.03,7]nonan-5-one",C1C2CC3C1C(C2O)OC3=O,O=C1OC2C(O)C3CC1C2C3,SCDJKGVPVLZLED-UHFFFAOYSA-N,C8H10O3,C8H10O3,154.16,154.165,154.062994,0,11,0,1,0,0,0,0,0,monool_model_compound,rule_medium,hydroxyl_group_count=1,adjacent_model_compound,3,True,rdkit_validated,canonical_unique,BSD-3-Clause,reaction_rule_generated,candidate_structure,Gold-V,admitted_reference,0.0,,smipoly-rdkit-role-v1,2026.03.4
chemical_6005f31c7625cf74,ds_smipoly_monomers,CID11254,csv:row=191;comID=CID11254,2-(oxiran-2-yl)oxirane,C1C(O1)C2CO2,C1OC1C1CO1,ZFIVKAOQEXOYFY-UHFFFAOYSA-N,C4H6O2,C4H6O2,86.09,86.09,86.036779,0,6,0,0,0,0,0,0,2,epoxy_polyol_precursor,rule_medium,epoxide_group_count>=1,polyol_synthesis_precursor,2,True,rdkit_validated,canonical_unique,BSD-3-Clause,reaction_rule_generated,candidate_structure,Gold-V,admitted_reference,0.0,,smipoly-rdkit-role-v1,2026.03.4
chemical_607cded907049e49,ds_smipoly_monomers,CID70095,csv:row=477;comID=CID70095,octadecanedioic acid,C(CCCCCCCCC(=O)O)CCCCCCCC(=O)O,O=C(O)CCCCCCCCCCCCCCCCC(=O)O,BNJOQKFENDDGSC-UHFFFAOYSA-N,C18H34O4,C18H34O4,314.5,314.466,314.24571,0,22,0,0,0,0,2,0,0,polyester_polyol_precursor,rule_medium,carboxylic_acid_group_count>=2,polyol_synthesis_precursor,2,True,rdkit_validated,canonical_unique,BSD-3-Clause,reaction_rule_generated,candidate_structure,Gold-V,admitted_reference,0.0,,smipoly-rdkit-role-v1,2026.03.4
chemical_60b06f420d35ba16,ds_smipoly_monomers,CID57605655,csv:row=1073;comID=CID57605655,3-[dimethyl-[2-(2-methylprop-2-enoyloxy)ethyl]azaniumyl]propanoate,CC(=C)C(=O)OCC[N+](C)(C)CCC(=O)[O-],C=C(C)C(=O)OCC[N+](C)(C)CCC(=O)[O-],CSWRCKVZMMKVDC-UHFFFAOYSA-N,C11H19NO4,C11H19NO4,229.27,229.276,229.131408,0,16,0,0,0,0,0,0,0,unclassified,none,no_supported_TPU_role_rule_matched,unresolved,9,False,rdkit_validated,canonical_unique,BSD-3-Clause,reaction_rule_generated,candidate_structure,Gold-V,admitted_reference,0.0,,smipoly-rdkit-role-v1,2026.03.4
chemical_60c77101211baf72,ds_smipoly_monomers,CID580610,csv:row=831;comID=CID580610,"methyl 2,5-dioxopyrrole-1-carboxylate",COC(=O)N1C(=O)C=CC1=O,COC(=O)N1C(=O)C=CC1=O,LLAZQXZGAVBLRX-UHFFFAOYSA-N,C6H5NO4,C6H5NO4,155.11,155.109,155.021858,0,11,0,0,0,0,0,0,0,unclassified,none,no_supported_TPU_role_rule_matched,unresolved,9,False,rdkit_validated,canonical_unique,BSD-3-Clause,reaction_rule_generated,candidate_structure,Gold-V,admitted_reference,0.0,,smipoly-rdkit-role-v1,2026.03.4
chemical_614ad0146209ada2,ds_smipoly_monomers,CID13652270,csv:row=1020;comID=CID13652270,"4-[2-[4-[2-(4-hydroxy-3,5-dimethylphenyl)propan-2-yl]phenyl]propan-2-yl]-2,6-dimethylphenol",CC1=CC(=CC(=C1O)C)C(C)(C)C2=CC=C(C=C2)C(C)(C)C3=CC(=C(C(=C3)C)O)C,Cc1cc(C(C)(C)c2ccc(C(C)(C)c3cc(C)c(O)c(C)c3)cc2)cc(C)c1O,SIDYFHJPUCRHJY-UHFFFAOYSA-N,C28H34O2,C28H34O2,402.6,402.578,402.25588,0,30,0,2,0,0,0,0,0,macrodiol_polyol_candidate,rule_medium,hydroxyl_group_count=2 and RDKit_MolWt>250,direct_tpu_building_block,1,True,rdkit_validated,canonical_unique,BSD-3-Clause,reaction_rule_generated,candidate_structure,Gold-V,admitted_reference,0.0,,smipoly-rdkit-role-v1,2026.03.4
chemical_61ae271604968bd0,ds_smipoly_monomers,CID75575,csv:row=529;comID=CID75575,2-[(2-hydroxyphenyl)methyl]phenol,C1=CC=C(C(=C1)CC2=CC=CC=C2O)O,Oc1ccccc1Cc1ccccc1O,MQCPOLNSJCWPGT-UHFFFAOYSA-N,C13H12O2,C13H12O2,200.23,200.237,200.08373,0,15,0,2,0,0,0,0,0,diol_chain_extender_candidate,rule_medium,hydroxyl_group_count=2 and RDKit_MolWt<=250,direct_tpu_building_block,1,True,rdkit_validated,canonical_unique,BSD-3-Clause,reaction_rule_generated,candidate_structure,Gold-V,admitted_reference,0.0,,smipoly-rdkit-role-v1,2026.03.4
chemical_61c42b428fbd07ca,ds_smipoly_monomers,CID160606,csv:row=750;comID=CID160606,"3,3,4,4,5,5,6,6,7,7,8,8,9,9,10,10,10-heptadecafluorodecyl 2-methylprop-2-enoate",CC(=C)C(=O)OCCC(C(C(C(C(C(C(C(F)(F)F)(F)F)(F)F)(F)F)(F)F)(F)F)(F)F)(F)F,C=C(C)C(=O)OCCC(F)(F)C(F)(F)C(F)(F)C(F)(F)C(F)(F)C(F)(F)C(F)(F)C(F)(F)F,HBZFBSFGXQBQTB-UHFFFAOYSA-N,C14H9F17O2,C14H9F17O2,532.19,532.19,532.033109,0,33,0,0,0,0,0,0,0,unclassified,none,no_supported_TPU_role_rule_matched,unresolved,9,False,rdkit_validated,canonical_unique,BSD-3-Clause,reaction_rule_generated,candidate_structure,Gold-V,admitted_reference,0.0,,smipoly-rdkit-role-v1,2026.03.4
chemical_621ded7eb262048f,ds_smipoly_monomers,CID619483,csv:row=844;comID=CID619483,4-(4-sulfanylphenyl)sulfanylbenzenethiol,C1=CC(=CC=C1S)SC2=CC=C(C=C2)S,Sc1ccc(Sc2ccc(S)cc2)cc1,JLLMOYPIVVKFHY-UHFFFAOYSA-N,C12H10S3,C12H10S3,250.4,250.413,249.994463,0,15,0,0,0,2,0,0,0,polythiol_adjacent_candidate,rule_medium,thiol_group_count>=2,adjacent_reactive_building_block,3,True,rdkit_validated,canonical_unique,BSD-3-Clause,reaction_rule_generated,candidate_structure,Gold-V,admitted_reference,0.0,,smipoly-rdkit-role-v1,2026.03.4
chemical_628aa467bcff6128,ds_smipoly_monomers,CID79290,csv:row=588;comID=CID79290,3-ethyl-3-methylpentanedioic acid,CCC(C)(CC(=O)O)CC(=O)O,CCC(C)(CC(=O)O)CC(=O)O,XAWFHZMTJUGGEE-UHFFFAOYSA-N,C8H14O4,C8H14O4,174.19,174.196,174.089209,0,12,0,0,0,0,2,0,0,polyester_polyol_precursor,rule_medium,carboxylic_acid_group_count>=2,polyol_synthesis_precursor,2,True,rdkit_validated,canonical_unique,BSD-3-Clause,reaction_rule_generated,candidate_structure,Gold-V,admitted_reference,0.0,,smipoly-rdkit-role-v1,2026.03.4
chemical_628f6c1a70ef5d82,ds_smipoly_monomers,CID67165,csv:row=436;comID=CID67165,nonanedioyl dichloride,C(CCCC(=O)Cl)CCCC(=O)Cl,O=C(Cl)CCCCCCCC(=O)Cl,HGEVGSTXQGZPCL-UHFFFAOYSA-N,C9H14Cl2O2,C9H14Cl2O2,225.11,225.115,224.037085,0,13,0,0,0,0,0,0,0,unclassified,none,no_supported_TPU_role_rule_matched,unresolved,9,False,rdkit_validated,canonical_unique,BSD-3-Clause,reaction_rule_generated,candidate_structure,Gold-V,admitted_reference,0.0,,smipoly-rdkit-role-v1,2026.03.4
chemical_62b4b179b3711308,ds_smipoly_monomers,CID8765,csv:row=153;comID=CID8765,4-(4-aminophenyl)sulfanylaniline,C1=CC(=CC=C1N)SC2=CC=C(C=C2)N,Nc1ccc(Sc2ccc(N)cc2)cc1,ICNFHJVPAJKPHW-UHFFFAOYSA-N,C12H12N2S,C12H12N2S,216.3,216.309,216.072119,0,15,0,0,2,0,0,0,0,diamine_chain_extender_candidate,rule_medium,amine_group_count>=2,tpuu_or_nipu_building_block,1,True,rdkit_validated,canonical_unique,BSD-3-Clause,reaction_rule_generated,candidate_structure,Gold-V,admitted_reference,0.0,,smipoly-rdkit-role-v1,2026.03.4
chemical_62ba31689d8646f7,ds_smipoly_monomers,CID11305,csv:row=192;comID=CID11305,"naphthalene-1,4-diol",C1=CC=C2C(=C1)C(=CC=C2O)O,Oc1ccc(O)c2ccccc12,PCILLCXFKWDRMK-UHFFFAOYSA-N,C10H8O2,C10H8O2,160.17,160.172,160.052429,0,12,0,2,0,0,0,0,0,diol_chain_extender_candidate,rule_medium,hydroxyl_group_count=2 and RDKit_MolWt<=250,direct_tpu_building_block,1,True,rdkit_validated,canonical_unique,BSD-3-Clause,reaction_rule_generated,candidate_structure,Gold-V,admitted_reference,0.0,,smipoly-rdkit-role-v1,2026.03.4
chemical_62cfc5b13b58b2b7,ds_smipoly_monomers,CID16680,csv:row=279;comID=CID16680,"(2,2-dimethyl-3-prop-2-enoyloxypropyl) prop-2-enoate",CC(C)(COC(=O)C=C)COC(=O)C=C,C=CC(=O)OCC(C)(C)COC(=O)C=C,MXFQRSUWYYSPOC-UHFFFAOYSA-N,C11H16O4,C11H16O4,212.24,212.245,212.104859,0,15,0,0,0,0,0,0,0,unclassified,none,no_supported_TPU_role_rule_matched,unresolved,9,False,rdkit_validated,canonical_unique,BSD-3-Clause,reaction_rule_generated,candidate_structure,Gold-V,admitted_reference,0.0,,smipoly-rdkit-role-v1,2026.03.4
chemical_6364c045bd73da83,ds_smipoly_monomers,CID626369,csv:row=848;comID=CID626369,3-[4-(3-hydroxyphenoxy)phenoxy]phenol,C1=CC(=CC(=C1)OC2=CC=C(C=C2)OC3=CC=CC(=C3)O)O,Oc1cccc(Oc2ccc(Oc3cccc(O)c3)cc2)c1,CHBWEVDVYGBMEJ-UHFFFAOYSA-N,C18H14O4,C18H14O4,294.3,294.306,294.089209,0,22,0,2,0,0,0,0,0,macrodiol_polyol_candidate,rule_medium,hydroxyl_group_count=2 and RDKit_MolWt>250,direct_tpu_building_block,1,True,rdkit_validated,canonical_unique,BSD-3-Clause,reaction_rule_generated,candidate_structure,Gold-V,admitted_reference,0.0,,smipoly-rdkit-role-v1,2026.03.4
chemical_6366482070fc8ec2,ds_smipoly_monomers,CID62343,csv:row=404;comID=CID62343,ethenyl 2-ethylhexanoate,CCCCC(CC)C(=O)OC=C,C=COC(=O)C(CC)CCCC,IGBZOHMCHDADGY-UHFFFAOYSA-N,C10H18O2,C10H18O2,170.25,170.252,170.13068,0,12,0,0,0,0,0,0,0,unclassified,none,no_supported_TPU_role_rule_matched,unresolved,9,False,rdkit_validated,canonical_unique,BSD-3-Clause,reaction_rule_generated,candidate_structure,Gold-V,admitted_reference,0.0,,smipoly-rdkit-role-v1,2026.03.4
chemical_63676394a4181697,ds_smipoly_monomers,CID15539207,csv:row=1031;comID=CID15539207,(1-methylcyclopentyl) 2-methylprop-2-enoate,CC(=C)C(=O)OC1(CCCC1)C,C=C(C)C(=O)OC1(C)CCCC1,VSYDNHCEDWYFBX-UHFFFAOYSA-N,C10H16O2,C10H16O2,168.23,168.236,168.11503,0,12,0,0,0,0,0,0,0,unclassified,none,no_supported_TPU_role_rule_matched,unresolved,9,False,rdkit_validated,canonical_unique,BSD-3-Clause,reaction_rule_generated,candidate_structure,Gold-V,admitted_reference,0.0,,smipoly-rdkit-role-v1,2026.03.4
chemical_638f3e1d801dd3ad,ds_smipoly_monomers,CID11191,csv:row=188;comID=CID11191,3-ethoxyprop-1-ene,CCOCC=C,C=CCOCC,OJPSFJLSZZTSDF-UHFFFAOYSA-N,C5H10O,C5H10O,86.13,86.134,86.073165,0,6,0,0,0,0,0,0,0,unclassified,none,no_supported_TPU_role_rule_matched,unresolved,9,False,rdkit_validated,canonical_unique,BSD-3-Clause,reaction_rule_generated,candidate_structure,Gold-V,admitted_reference,0.0,,smipoly-rdkit-role-v1,2026.03.4
chemical_63c6eb608324eca7,ds_smipoly_monomers,CID10921470,csv:row=968;comID=CID10921470,"[(1R,7R)-8-(hydroxymethyl)-4-tricyclo[5.2.1.02,6]decanyl]methanol",C1C(CC2C1C3CC(C2C3)CO)CO,OCC1CC2C3CC(CO)C(C3)C2C1,ZFZDWMXUMXACHS-UHFFFAOYSA-N,C12H20O2,C12H20O2,196.29,196.29,196.14633,0,14,0,2,0,0,0,0,0,diol_chain_extender_candidate,rule_medium,hydroxyl_group_count=2 and RDKit_MolWt<=250,direct_tpu_building_block,1,True,rdkit_validated,canonical_unique,BSD-3-Clause,reaction_rule_generated,candidate_structure,Gold-V,admitted_reference,0.0,,smipoly-rdkit-role-v1,2026.03.4
chemical_640387a65f1f48ec,ds_smipoly_monomers,CID67827,csv:row=444;comID=CID67827,"2,2,3,3,4,4-hexafluoropentanedioic acid",C(=O)(C(C(C(C(=O)O)(F)F)(F)F)(F)F)O,O=C(O)C(F)(F)C(F)(F)C(F)(F)C(=O)O,CCUWGJDGLACFQT-UHFFFAOYSA-N,C5H2F6O4,C5H2F6O4,240.06,240.055,239.985728,0,15,0,0,0,0,2,0,0,polyester_polyol_precursor,rule_medium,carboxylic_acid_group_count>=2,polyol_synthesis_precursor,2,True,rdkit_validated,canonical_unique,BSD-3-Clause,reaction_rule_generated,candidate_structure,Gold-V,admitted_reference,0.0,,smipoly-rdkit-role-v1,2026.03.4
chemical_640821c09b60832d,ds_smipoly_monomers,CID11302404,csv:row=989;comID=CID11302404,"4-[2-(4-aminocyclohexyl)-1,1,1,3,3,3-hexafluoropropan-2-yl]cyclohexan-1-amine",NC1CCC(C(C2CCC(N)CC2)(C(F)(F)F)C(F)(F)F)CC1,NC1CCC(C(C2CCC(N)CC2)(C(F)(F)F)C(F)(F)F)CC1,FLDONXPDUZAKQB-UHFFFAOYSA-N,C15H24F6N2,C15H24F6N2,346.35,346.359,346.184368,0,23,0,0,2,0,0,0,0,diamine_chain_extender_candidate,rule_medium,amine_group_count>=2,tpuu_or_nipu_building_block,1,True,rdkit_validated,canonical_unique,BSD-3-Clause,reaction_rule_generated,candidate_structure,Gold-V,admitted_reference,0.0,,smipoly-rdkit-role-v1,2026.03.4
chemical_6442b070a21acc28,ds_smipoly_monomers,CID75821,csv:row=537;comID=CID75821,(4-ethenylphenyl) acetate,CC(=O)OC1=CC=C(C=C1)C=C,C=Cc1ccc(OC(C)=O)cc1,JAMNSIXSLVPNLC-UHFFFAOYSA-N,C10H10O2,C10H10O2,162.18,162.188,162.06808,0,12,0,0,0,0,0,0,0,unclassified,none,no_supported_TPU_role_rule_matched,unresolved,9,False,rdkit_validated,canonical_unique,BSD-3-Clause,reaction_rule_generated,candidate_structure,Gold-V,admitted_reference,0.0,,smipoly-rdkit-role-v1,2026.03.4
chemical_64e6c944aba94f27,ds_smipoly_monomers,CID18463,csv:row=332;comID=CID18463,"3-oxatricyclo[3.2.1.02,4]octane",C1CC2CC1C3C2O3,C1CC2CC1C1OC21,OHNNZOOGWXZCPZ-UHFFFAOYSA-N,C7H10O,C7H10O,110.15,110.156,110.073165,0,8,0,0,0,0,0,0,1,epoxy_polyol_precursor,rule_medium,epoxide_group_count>=1,polyol_synthesis_precursor,2,True,rdkit_validated,canonical_unique,BSD-3-Clause,reaction_rule_generated,candidate_structure,Gold-V,admitted_reference,0.0,,smipoly-rdkit-role-v1,2026.03.4
chemical_64ea840a230ae946,ds_smipoly_monomers,CID85657,csv:row=637;comID=CID85657,"5-(2,5-dioxooxolan-3-yl)-3a,4,5,9b-tetrahydrobenzo[e][2]benzofuran-1,3-dione",C1C(C2=CC=CC=C2C3C1C(=O)OC3=O)C4CC(=O)OC4=O,O=C1CC(C2CC3C(=O)OC(=O)C3c3ccccc32)C(=O)O1,JYCTWJFSRDBYJX-UHFFFAOYSA-N,C16H12O6,C16H12O6,300.26,300.266,300.063388,0,22,0,0,0,0,0,0,0,unclassified,none,no_supported_TPU_role_rule_matched,unresolved,9,False,rdkit_validated,canonical_unique,BSD-3-Clause,reaction_rule_generated,candidate_structure,Gold-V,admitted_reference,0.0,,smipoly-rdkit-role-v1,2026.03.4
chemical_655f73612cda6966,ds_smipoly_monomers,CID70096,csv:row=478;comID=CID70096,2-(2-aminoethylsulfanyl)ethanamine,C(CSCCN)N,NCCSCCN,JONTXEXBTWSUKE-UHFFFAOYSA-N,C4H12N2S,C4H12N2S,120.22,120.221,120.072119,0,7,0,0,2,0,0,0,0,diamine_chain_extender_candidate,rule_medium,amine_group_count>=2,tpuu_or_nipu_building_block,1,True,rdkit_validated,canonical_unique,BSD-3-Clause,reaction_rule_generated,candidate_structure,Gold-V,admitted_reference,0.0,,smipoly-rdkit-role-v1,2026.03.4
chemical_65ae8ba4342b4e03,ds_smipoly_monomers,CID14905,csv:row=257;comID=CID14905,1-chloro-3-ethenylbenzene,C=CC1=CC(=CC=C1)Cl,C=Cc1cccc(Cl)c1,BOVQCIDBZXNFEJ-UHFFFAOYSA-N,C8H7Cl,C8H7Cl,138.59,138.597,138.023628,0,9,0,0,0,0,0,0,0,unclassified,none,no_supported_TPU_role_rule_matched,unresolved,9,False,rdkit_validated,canonical_unique,BSD-3-Clause,reaction_rule_generated,candidate_structure,Gold-V,admitted_reference,0.0,,smipoly-rdkit-role-v1,2026.03.4
chemical_65ef08757ae7a1b9,ds_smipoly_monomers,CID345381,csv:row=796;comID=CID345381,3-fluorophthalic acid,C1=CC(=C(C(=C1)F)C(=O)O)C(=O)O,O=C(O)c1cccc(F)c1C(=O)O,BBCQSMSCEJBIRD-UHFFFAOYSA-N,C8H5FO4,C8H5FO4,184.12,184.122,184.017187,0,13,0,0,0,0,2,0,0,polyester_polyol_precursor,rule_medium,carboxylic_acid_group_count>=2,polyol_synthesis_precursor,2,True,rdkit_validated,canonical_unique,BSD-3-Clause,reaction_rule_generated,candidate_structure,Gold-V,admitted_reference,0.0,,smipoly-rdkit-role-v1,2026.03.4
chemical_6619cdb5684368b0,ds_smipoly_monomers,CID107366,csv:row=714;comID=CID107366,1-(2-bicyclo[2.2.1]hept-5-enyl)ethanone,CC(=O)C1CC2CC1C=C2,CC(=O)C1CC2C=CC1C2,NIMLCWCLVJRPFY-UHFFFAOYSA-N,C9H12O,C9H12O,136.19,136.194,136.088815,0,10,0,0,0,0,0,0,0,unclassified,none,no_supported_TPU_role_rule_matched,unresolved,9,False,rdkit_validated,canonical_unique,BSD-3-Clause,reaction_rule_generated,candidate_structure,Gold-V,admitted_reference,0.0,,smipoly-rdkit-role-v1,2026.03.4
chemical_6640b3e386d2f9cd,ds_smipoly_monomers,CID82156,csv:row=610;comID=CID82156,ethenyl 2-chloroacetate,C=COC(=O)CCl,C=COC(=O)CCl,XJELOQYISYPGDX-UHFFFAOYSA-N,C4H5ClO2,C4H5ClO2,120.53,120.535,119.997807,0,7,0,0,0,0,0,0,0,unclassified,none,no_supported_TPU_role_rule_matched,unresolved,9,False,rdkit_validated,canonical_unique,BSD-3-Clause,reaction_rule_generated,candidate_structure,Gold-V,admitted_reference,0.0,,smipoly-rdkit-role-v1,2026.03.4
chemical_665c771f84315766,ds_smipoly_monomers,CID7819,csv:row=101;comID=CID7819,2-methylpropyl prop-2-enoate,CC(C)COC(=O)C=C,C=CC(=O)OCC(C)C,CFVWNXQPGQOHRJ-UHFFFAOYSA-N,C7H12O2,C7H12O2,128.17,128.171,128.08373,0,9,0,0,0,0,0,0,0,unclassified,none,no_supported_TPU_role_rule_matched,unresolved,9,False,rdkit_validated,canonical_unique,BSD-3-Clause,reaction_rule_generated,candidate_structure,Gold-V,admitted_reference,0.0,,smipoly-rdkit-role-v1,2026.03.4
chemical_669dc6bb0ee8b9ec,ds_smipoly_monomers,CID373740,csv:row=798;comID=CID373740,2-[3-(2-sulfanylethylsulfanyl)propylsulfanyl]ethanethiol,C(CSCCS)CSCCS,SCCSCCCSCCS,XYHKMRNYSMEEDT-UHFFFAOYSA-N,C7H16S4,C7H16S4,228.5,228.473,228.013485,0,11,0,0,0,2,0,0,0,polythiol_adjacent_candidate,rule_medium,thiol_group_count>=2,adjacent_reactive_building_block,3,True,rdkit_validated,canonical_unique,BSD-3-Clause,reaction_rule_generated,candidate_structure,Gold-V,admitted_reference,0.0,,smipoly-rdkit-role-v1,2026.03.4
chemical_67011180116628e1,ds_smipoly_monomers,CID13164,csv:row=226;comID=CID13164,ethenyl octanoate,CCCCCCCC(=O)OC=C,C=COC(=O)CCCCCCC,QBDADGJLZNIRFQ-UHFFFAOYSA-N,C10H18O2,C10H18O2,170.25,170.252,170.13068,0,12,0,0,0,0,0,0,0,unclassified,none,no_supported_TPU_role_rule_matched,unresolved,9,False,rdkit_validated,canonical_unique,BSD-3-Clause,reaction_rule_generated,candidate_structure,Gold-V,admitted_reference,0.0,,smipoly-rdkit-role-v1,2026.03.4
chemical_6708ae982dc8ac84,ds_smipoly_monomers,CID11037992,csv:row=977;comID=CID11037992,2-[[2-hydroxy-3-[(2-hydroxy-5-methylphenyl)methyl]-5-methylphenyl]methyl]-6-[(2-hydroxy-5-methylphenyl)methyl]-4-methylphenol,CC1=CC(=C(C=C1)O)CC2=C(C(=CC(=C2)C)CC3=CC(=CC(=C3O)CC4=C(C=CC(=C4)C)O)C)O,Cc1ccc(O)c(Cc2cc(C)cc(Cc3cc(C)cc(Cc4cc(C)ccc4O)c3O)c2O)c1,KYOZIVFRHLSSKN-UHFFFAOYSA-N,C31H32O4,C31H32O4,468.6,468.593,468.23006,0,35,0,4,0,0,0,0,0,polyol_crosslinker_candidate,rule_high,hydroxyl_group_count>=3,direct_tpu_building_block,1,True,rdkit_validated,canonical_unique,BSD-3-Clause,reaction_rule_generated,candidate_structure,Gold-V,admitted_reference,0.0,,smipoly-rdkit-role-v1,2026.03.4
chemical_670f1e3e7b7e8a44,ds_smipoly_monomers,CID66314,csv:row=427;comID=CID66314,2-but-3-enyloxirane,C=CCCC1CO1,C=CCCC1CO1,MUUOUUYKIVSIAR-UHFFFAOYSA-N,C6H10O,C6H10O,98.14,98.145,98.073165,0,7,0,0,0,0,0,0,1,epoxy_polyol_precursor,rule_medium,epoxide_group_count>=1,polyol_synthesis_precursor,2,True,rdkit_validated,canonical_unique,BSD-3-Clause,reaction_rule_generated,candidate_structure,Gold-V,admitted_reference,0.0,,smipoly-rdkit-role-v1,2026.03.4
chemical_670fef4c06dd57de,ds_smipoly_monomers,CID7501,csv:row=81;comID=CID7501,styrene,C=CC1=CC=CC=C1,C=Cc1ccccc1,PPBRXRYQALVLMV-UHFFFAOYSA-N,C8H8,C8H8,104.15,104.152,104.0626,0,8,0,0,0,0,0,0,0,unclassified,none,no_supported_TPU_role_rule_matched,unresolved,9,False,rdkit_validated,canonical_unique,BSD-3-Clause,reaction_rule_generated,candidate_structure,Gold-V,admitted_reference,0.0,,smipoly-rdkit-role-v1,2026.03.4
chemical_672da1451dc89e48,ds_smipoly_monomers,CID94247,csv:row=677;comID=CID94247,2-(phenylmethoxymethyl)oxirane,C1C(O1)COCC2=CC=CC=C2,c1ccc(COCC2CO2)cc1,QNYBOILAKBSWFG-UHFFFAOYSA-N,C10H12O2,C10H12O2,164.2,164.204,164.08373,0,12,0,0,0,0,0,0,1,epoxy_polyol_precursor,rule_medium,epoxide_group_count>=1,polyol_synthesis_precursor,2,True,rdkit_validated,canonical_unique,BSD-3-Clause,reaction_rule_generated,candidate_structure,Gold-V,admitted_reference,0.0,,smipoly-rdkit-role-v1,2026.03.4
chemical_67827d4902eca8c4,ds_smipoly_monomers,CID18324062,csv:row=1039;comID=CID18324062,disodium;3-(3-sulfonatophenyl)sulfonylbenzenesulfonate,C1=CC(=CC(=C1)S(=O)(=O)[O-])S(=O)(=O)C2=CC(=CC=C2)S(=O)(=O)[O-].[Na+].[Na+],O=S(=O)([O-])c1cccc(S(=O)(=O)c2cccc(S(=O)(=O)[O-])c2)c1.[Na+].[Na+],GOPLREGDBGPRSC-UHFFFAOYSA-L,C12H8Na2O8S3,C12H8Na2O8S3,422.4,422.369,421.917669,0,25,0,0,0,0,0,0,0,unclassified,none,no_supported_TPU_role_rule_matched,unresolved,9,False,rdkit_validated,canonical_unique,BSD-3-Clause,reaction_rule_generated,candidate_structure,Gold-V,admitted_reference,0.0,,smipoly-rdkit-role-v1,2026.03.4
chemical_67b15ca6a3a3b3ed,ds_smipoly_monomers,CID7040,csv:row=58;comID=CID7040,"1,3-diisocyanato-2-methylbenzene",CC1=C(C=CC=C1N=C=O)N=C=O,Cc1c(N=C=O)cccc1N=C=O,RUELTTOHQODFPA-UHFFFAOYSA-N,C9H6N2O2,C9H6N2O2,174.16,174.159,174.042927,0,13,2,0,0,0,0,0,0,di_polyisocyanate_candidate,rule_high,isocyanate_group_count>=2,direct_tpu_building_block,1,True,rdkit_validated,canonical_unique,BSD-3-Clause,reaction_rule_generated,candidate_structure,Gold-V,admitted_reference,0.0,,smipoly-rdkit-role-v1,2026.03.4
chemical_68037706792c98e1,ds_smipoly_monomers,CID17162,csv:row=293;comID=CID17162,2-(2-ethylhexoxymethyl)oxirane,CCCCC(CC)COCC1CO1,CCCCC(CC)COCC1CO1,BBBUAWSVILPJLL-UHFFFAOYSA-N,C11H22O2,C11H22O2,186.29,186.295,186.16198,0,13,0,0,0,0,0,0,1,epoxy_polyol_precursor,rule_medium,epoxide_group_count>=1,polyol_synthesis_precursor,2,True,rdkit_validated,canonical_unique,BSD-3-Clause,reaction_rule_generated,candidate_structure,Gold-V,admitted_reference,0.0,,smipoly-rdkit-role-v1,2026.03.4
chemical_6859c4dee2d4be7c,ds_smipoly_monomers,CID11014345,csv:row=975;comID=CID11014345,4-[9-(4-hydroxy-3-methylphenyl)fluoren-9-yl]-2-methylphenol,CC1=C(C=CC(=C1)C2(C3=CC=CC=C3C4=CC=CC=C42)C5=CC(=C(C=C5)O)C)O,Cc1cc(C2(c3ccc(O)c(C)c3)c3ccccc3-c3ccccc32)ccc1O,NUDSREQIJYWLRA-UHFFFAOYSA-N,C27H22O2,C27H22O2,378.5,378.471,378.16198,0,29,0,2,0,0,0,0,0,macrodiol_polyol_candidate,rule_medium,hydroxyl_group_count=2 and RDKit_MolWt>250,direct_tpu_building_block,1,True,rdkit_validated,canonical_unique,BSD-3-Clause,reaction_rule_generated,candidate_structure,Gold-V,admitted_reference,0.0,,smipoly-rdkit-role-v1,2026.03.4
chemical_688339c6856386ed,ds_smipoly_monomers,CID7355,csv:row=73;comID=CID7355,2-(2-methylprop-2-enoyloxy)ethyl 2-methylprop-2-enoate,CC(=C)C(=O)OCCOC(=O)C(=C)C,C=C(C)C(=O)OCCOC(=O)C(=C)C,STVZJERGLQHEKB-UHFFFAOYSA-N,C10H14O4,C10H14O4,198.22,198.218,198.089209,0,14,0,0,0,0,0,0,0,unclassified,none,no_supported_TPU_role_rule_matched,unresolved,9,False,rdkit_validated,canonical_unique,BSD-3-Clause,reaction_rule_generated,candidate_structure,Gold-V,admitted_reference,0.0,,smipoly-rdkit-role-v1,2026.03.4
chemical_68a56ad48baacabb,ds_smipoly_monomers,CID534653,csv:row=812;comID=CID534653,octanedioyl dichloride,C(CCCC(=O)Cl)CCC(=O)Cl,O=C(Cl)CCCCCCC(=O)Cl,PUIBKAHUQOOLSW-UHFFFAOYSA-N,C8H12Cl2O2,C8H12Cl2O2,211.08,211.088,210.021435,0,12,0,0,0,0,0,0,0,unclassified,none,no_supported_TPU_role_rule_matched,unresolved,9,False,rdkit_validated,canonical_unique,BSD-3-Clause,reaction_rule_generated,candidate_structure,Gold-V,admitted_reference,0.0,,smipoly-rdkit-role-v1,2026.03.4
chemical_694871d5e95b7370,ds_smipoly_monomers,CID630263,csv:row=851;comID=CID630263,"2,3,5,6-tetrafluoro-4-(2,3,5,6-tetrafluoro-4-hydroxyphenyl)phenol",C1(=C(C(=C(C(=C1F)F)O)F)F)C2=C(C(=C(C(=C2F)F)O)F)F,Oc1c(F)c(F)c(-c2c(F)c(F)c(O)c(F)c2F)c(F)c1F,MOFZHBRFFAIMKM-UHFFFAOYSA-N,C12H2F8O2,C12H2F8O2,330.13,330.13,329.992705,0,22,0,2,0,0,0,0,0,macrodiol_polyol_candidate,rule_medium,hydroxyl_group_count=2 and RDKit_MolWt>250,direct_tpu_building_block,1,True,rdkit_validated,canonical_unique,BSD-3-Clause,reaction_rule_generated,candidate_structure,Gold-V,admitted_reference,0.0,,smipoly-rdkit-role-v1,2026.03.4
chemical_695b4774f70506d3,ds_smipoly_monomers,CID7777,csv:row=99;comID=CID7777,"N'-(3-aminopropyl)-N'-methylpropane-1,3-diamine",CN(CCCN)CCCN,CN(CCCN)CCCN,KMBPCQSCMCEPMU-UHFFFAOYSA-N,C7H19N3,C7H19N3,145.25,145.25,145.157898,0,10,0,0,2,0,0,0,0,diamine_chain_extender_candidate,rule_medium,amine_group_count>=2,tpuu_or_nipu_building_block,1,True,rdkit_validated,canonical_unique,BSD-3-Clause,reaction_rule_generated,candidate_structure,Gold-V,admitted_reference,0.0,,smipoly-rdkit-role-v1,2026.03.4
chemical_69b3fe2ea5537b4b,ds_smipoly_monomers,CID15717,csv:row=267;comID=CID15717,prop-2-enyl 2-phenylacetate,C=CCOC(=O)CC1=CC=CC=C1,C=CCOC(=O)Cc1ccccc1,ZCDYAMJXVAUTIM-UHFFFAOYSA-N,C11H12O2,C11H12O2,176.21,176.215,176.08373,0,13,0,0,0,0,0,0,0,unclassified,none,no_supported_TPU_role_rule_matched,unresolved,9,False,rdkit_validated,canonical_unique,BSD-3-Clause,reaction_rule_generated,candidate_structure,Gold-V,admitted_reference,0.0,,smipoly-rdkit-role-v1,2026.03.4
chemical_69b69eee8ef8eb05,ds_smipoly_monomers,CID12572015,csv:row=1010;comID=CID12572015,nonadecanedioic acid,C(CCCCCCCCC(=O)O)CCCCCCCCC(=O)O,O=C(O)CCCCCCCCCCCCCCCCCC(=O)O,IFAWYXIHOVRGHQ-UHFFFAOYSA-N,C19H36O4,C19H36O4,328.5,328.493,328.26136,0,23,0,0,0,0,2,0,0,polyester_polyol_precursor,rule_medium,carboxylic_acid_group_count>=2,polyol_synthesis_precursor,2,True,rdkit_validated,canonical_unique,BSD-3-Clause,reaction_rule_generated,candidate_structure,Gold-V,admitted_reference,0.0,,smipoly-rdkit-role-v1,2026.03.4
chemical_69d8810d762356c2,ds_smipoly_monomers,CID7274,csv:row=66;comID=CID7274,prop-2-enyl 2-methylprop-2-enoate,CC(=C)C(=O)OCC=C,C=CCOC(=O)C(=C)C,FBCQUCJYYPMKRO-UHFFFAOYSA-N,C7H10O2,C7H10O2,126.15,126.155,126.06808,0,9,0,0,0,0,0,0,0,unclassified,none,no_supported_TPU_role_rule_matched,unresolved,9,False,rdkit_validated,canonical_unique,BSD-3-Clause,reaction_rule_generated,candidate_structure,Gold-V,admitted_reference,0.0,,smipoly-rdkit-role-v1,2026.03.4
chemical_69e7ba9d4765b387,ds_smipoly_monomers,CID44629774,csv:row=1065;comID=CID44629774,4-[9-(4-amino-3-fluorophenyl)fluoren-9-yl]-2-fluoroaniline,C1=CC=C2C(=C1)C3=CC=CC=C3C2(C4=CC(=C(C=C4)N)F)C5=CC(=C(C=C5)N)F,Nc1ccc(C2(c3ccc(N)c(F)c3)c3ccccc3-c3ccccc32)cc1F,RXNKCIBVUNMMAD-UHFFFAOYSA-N,C25H18F2N2,C25H18F2N2,384.4,384.429,384.143805,0,29,0,0,2,0,0,0,0,diamine_chain_extender_candidate,rule_medium,amine_group_count>=2,tpuu_or_nipu_building_block,1,True,rdkit_validated,canonical_unique,BSD-3-Clause,reaction_rule_generated,candidate_structure,Gold-V,admitted_reference,0.0,,smipoly-rdkit-role-v1,2026.03.4
chemical_6a1016d03850cc61,ds_smipoly_monomers,CID11506,csv:row=199;comID=CID11506,[4-(hydroxymethyl)phenyl]methanol,C1=CC(=CC=C1CO)CO,OCc1ccc(CO)cc1,BWVAOONFBYYRHY-UHFFFAOYSA-N,C8H10O2,C8H10O2,138.16,138.166,138.06808,0,10,0,2,0,0,0,0,0,diol_chain_extender_candidate,rule_medium,hydroxyl_group_count=2 and RDKit_MolWt<=250,direct_tpu_building_block,1,True,rdkit_validated,canonical_unique,BSD-3-Clause,reaction_rule_generated,candidate_structure,Gold-V,admitted_reference,0.0,,smipoly-rdkit-role-v1,2026.03.4
chemical_6b3e784457e60ab8,ds_smipoly_monomers,CID17151,csv:row=292;comID=CID17151,oxolan-2-ylmethyl 2-methylprop-2-enoate,CC(=C)C(=O)OCC1CCCO1,C=C(C)C(=O)OCC1CCCO1,LCXXNKZQVOXMEH-UHFFFAOYSA-N,C9H14O3,C9H14O3,170.21,170.208,170.094294,0,12,0,0,0,0,0,0,0,unclassified,none,no_supported_TPU_role_rule_matched,unresolved,9,False,rdkit_validated,canonical_unique,BSD-3-Clause,reaction_rule_generated,candidate_structure,Gold-V,admitted_reference,0.0,,smipoly-rdkit-role-v1,2026.03.4
chemical_6b61fa4980b1e6a3,ds_smipoly_monomers,CID13586,csv:row=240;comID=CID13586,2-ethenyloxirane,C=CC1CO1,C=CC1CO1,GXBYFVGCMPJVJX-UHFFFAOYSA-N,C4H6O,C4H6O,70.09,70.091,70.041865,0,5,0,0,0,0,0,0,1,epoxy_polyol_precursor,rule_medium,epoxide_group_count>=1,polyol_synthesis_precursor,2,True,rdkit_validated,canonical_unique,BSD-3-Clause,reaction_rule_generated,candidate_structure,Gold-V,admitted_reference,0.0,,smipoly-rdkit-role-v1,2026.03.4
chemical_6b964b6b2148b68e,ds_smipoly_monomers,CID123516,csv:row=732;comID=CID123516,"2,2,3,3,3-pentafluoropropyl 2-methylprop-2-enoate",CC(=C)C(=O)OCC(C(F)(F)F)(F)F,C=C(C)C(=O)OCC(F)(F)C(F)(F)F,CLISWDZSTWQFNX-UHFFFAOYSA-N,C7H7F5O2,C7H7F5O2,218.12,218.121,218.036621,0,14,0,0,0,0,0,0,0,unclassified,none,no_supported_TPU_role_rule_matched,unresolved,9,False,rdkit_validated,canonical_unique,BSD-3-Clause,reaction_rule_generated,candidate_structure,Gold-V,admitted_reference,0.0,,smipoly-rdkit-role-v1,2026.03.4
chemical_6bb91f92e5aef876,ds_smipoly_monomers,CID543758,csv:row=814;comID=CID543758,2-oct-7-enyloxirane,C=CCCCCCCC1CO1,C=CCCCCCCC1CO1,FCZHJHKCOZGQJZ-UHFFFAOYSA-N,C10H18O,C10H18O,154.25,154.253,154.135765,0,11,0,0,0,0,0,0,1,epoxy_polyol_precursor,rule_medium,epoxide_group_count>=1,polyol_synthesis_precursor,2,True,rdkit_validated,canonical_unique,BSD-3-Clause,reaction_rule_generated,candidate_structure,Gold-V,admitted_reference,0.0,,smipoly-rdkit-role-v1,2026.03.4
chemical_6bd41ec1b9b26728,ds_smipoly_monomers,CID67690,csv:row=441;comID=CID67690,1-fluoro-4-prop-1-en-2-ylbenzene,CC(=C)C1=CC=C(C=C1)F,C=C(C)c1ccc(F)cc1,VIXHMBLBLJSGIB-UHFFFAOYSA-N,C9H9F,C9H9F,136.17,136.169,136.068829,0,10,0,0,0,0,0,0,0,unclassified,none,no_supported_TPU_role_rule_matched,unresolved,9,False,rdkit_validated,canonical_unique,BSD-3-Clause,reaction_rule_generated,candidate_structure,Gold-V,admitted_reference,0.0,,smipoly-rdkit-role-v1,2026.03.4
chemical_6c0ba01b96997836,ds_smipoly_monomers,CID14906,csv:row=258;comID=CID14906,1-chloro-2-ethenylbenzene,C=CC1=CC=CC=C1Cl,C=Cc1ccccc1Cl,ISRGONDNXBCDBM-UHFFFAOYSA-N,C8H7Cl,C8H7Cl,138.59,138.597,138.023628,0,9,0,0,0,0,0,0,0,unclassified,none,no_supported_TPU_role_rule_matched,unresolved,9,False,rdkit_validated,canonical_unique,BSD-3-Clause,reaction_rule_generated,candidate_structure,Gold-V,admitted_reference,0.0,,smipoly-rdkit-role-v1,2026.03.4
chemical_6c37f9ffb75d560c,ds_smipoly_monomers,CID12736,csv:row=214;comID=CID12736,dodecanedioic acid,C(CCCCCC(=O)O)CCCCC(=O)O,O=C(O)CCCCCCCCCCC(=O)O,TVIDDXQYHWJXFK-UHFFFAOYSA-N,C12H22O4,C12H22O4,230.3,230.304,230.151809,0,16,0,0,0,0,2,0,0,polyester_polyol_precursor,rule_medium,carboxylic_acid_group_count>=2,polyol_synthesis_precursor,2,True,rdkit_validated,canonical_unique,BSD-3-Clause,reaction_rule_generated,candidate_structure,Gold-V,admitted_reference,0.0,,smipoly-rdkit-role-v1,2026.03.4
chemical_6c856e4603752ef2,ds_smipoly_monomers,CID94074,csv:row=675;comID=CID94074,"(2R,3R)-2,3-dihydroxy-N,N'-bis(prop-2-enyl)butanediamide",C=CCNC(=O)C(C(C(=O)NCC=C)O)O,C=CCNC(=O)C(O)C(O)C(=O)NCC=C,ZRKLEAHGBNDKHM-UHFFFAOYSA-N,C10H16N2O4,C10H16N2O4,228.24,228.248,228.111007,0,16,0,2,0,0,0,0,0,diol_chain_extender_candidate,rule_medium,hydroxyl_group_count=2 and RDKit_MolWt<=250,direct_tpu_building_block,1,True,rdkit_validated,canonical_unique,BSD-3-Clause,reaction_rule_generated,candidate_structure,Gold-V,admitted_reference,0.0,,smipoly-rdkit-role-v1,2026.03.4
chemical_6c867a87b9edb12a,ds_smipoly_monomers,CID21397,csv:row=353;comID=CID21397,"naphthalene-1,5-dithiol",C1=CC2=C(C=CC=C2S)C(=C1)S,Sc1cccc2c(S)cccc12,AAPAGLBSROJFGM-UHFFFAOYSA-N,C10H8S2,C10H8S2,192.3,192.308,192.006742,0,12,0,0,0,2,0,0,0,polythiol_adjacent_candidate,rule_medium,thiol_group_count>=2,adjacent_reactive_building_block,3,True,rdkit_validated,canonical_unique,BSD-3-Clause,reaction_rule_generated,candidate_structure,Gold-V,admitted_reference,0.0,,smipoly-rdkit-role-v1,2026.03.4
chemical_6c8b978ea8588393,ds_smipoly_monomers,CID12998,csv:row=221;comID=CID12998,1-ethenoxy-2-(2-ethenoxyethoxy)ethane,C=COCCOCCOC=C,C=COCCOCCOC=C,SAMJGBVVQUEMGC-UHFFFAOYSA-N,C8H14O3,C8H14O3,158.19,158.197,158.094294,0,11,0,0,0,0,0,0,0,unclassified,none,no_supported_TPU_role_rule_matched,unresolved,9,False,rdkit_validated,canonical_unique,BSD-3-Clause,reaction_rule_generated,candidate_structure,Gold-V,admitted_reference,0.0,,smipoly-rdkit-role-v1,2026.03.4
chemical_6cede18fef747c40,ds_smipoly_monomers,CID24314,csv:row=360;comID=CID24314,2-[(2-methylpropan-2-yl)oxymethyl]oxirane,CC(C)(C)OCC1CO1,CC(C)(C)OCC1CO1,SFJRUJUEMVAZLM-UHFFFAOYSA-N,C7H14O2,C7H14O2,130.18,130.187,130.09938,0,9,0,0,0,0,0,0,1,epoxy_polyol_precursor,rule_medium,epoxide_group_count>=1,polyol_synthesis_precursor,2,True,rdkit_validated,canonical_unique,BSD-3-Clause,reaction_rule_generated,candidate_structure,Gold-V,admitted_reference,0.0,,smipoly-rdkit-role-v1,2026.03.4
chemical_6d0f1201ca12d330,ds_smipoly_monomers,CID61004,csv:row=390;comID=CID61004,3-(ethenoxymethyl)heptane,CCCCC(CC)COC=C,C=COCC(CC)CCCC,DSSAWHFZNWVJEC-UHFFFAOYSA-N,C10H20O,C10H20O,156.26,156.269,156.151415,0,11,0,0,0,0,0,0,0,unclassified,none,no_supported_TPU_role_rule_matched,unresolved,9,False,rdkit_validated,canonical_unique,BSD-3-Clause,reaction_rule_generated,candidate_structure,Gold-V,admitted_reference,0.0,,smipoly-rdkit-role-v1,2026.03.4
chemical_6d31674d214e72e0,ds_smipoly_monomers,CID170249,csv:row=761;comID=CID170249,1-(chloromethyl)-3-ethenylbenzene,C=CC1=CC=CC(=C1)CCl,C=Cc1cccc(CCl)c1,HMDQPBSDHHTRNI-UHFFFAOYSA-N,C9H9Cl,C9H9Cl,152.62,152.624,152.039278,0,10,0,0,0,0,0,0,0,unclassified,none,no_supported_TPU_role_rule_matched,unresolved,9,False,rdkit_validated,canonical_unique,BSD-3-Clause,reaction_rule_generated,candidate_structure,Gold-V,admitted_reference,0.0,,smipoly-rdkit-role-v1,2026.03.4
chemical_6d49ea20877319da,ds_smipoly_monomers,CID12205,csv:row=208;comID=CID12205,"benzene-1,4-diamine;dihydrochloride",C1=CC(=CC=C1N)N.Cl.Cl,Cl.Cl.Nc1ccc(N)cc1,IYXMNTLBLQNMLM-UHFFFAOYSA-N,C6H10Cl2N2,C6H10Cl2N2,181.06,181.066,180.022104,0,10,0,0,2,0,0,0,0,diamine_chain_extender_candidate,rule_medium,amine_group_count>=2,tpuu_or_nipu_building_block,1,True,rdkit_validated,canonical_unique,BSD-3-Clause,reaction_rule_generated,candidate_structure,Gold-V,admitted_reference,0.0,,smipoly-rdkit-role-v1,2026.03.4
chemical_6d4d9f5a0fceec3c,ds_smipoly_monomers,CID8570,csv:row=151;comID=CID8570,bis(2-hydroxy-4-methoxyphenyl)methanone,COC1=CC(=C(C=C1)C(=O)C2=C(C=C(C=C2)OC)O)O,COc1ccc(C(=O)c2ccc(OC)cc2O)c(O)c1,SODJJEXAWOSSON-UHFFFAOYSA-N,C15H14O5,C15H14O5,274.27,274.272,274.084124,0,20,0,2,0,0,0,0,0,macrodiol_polyol_candidate,rule_medium,hydroxyl_group_count=2 and RDKit_MolWt>250,direct_tpu_building_block,1,True,rdkit_validated,canonical_unique,BSD-3-Clause,reaction_rule_generated,candidate_structure,Gold-V,admitted_reference,0.0,,smipoly-rdkit-role-v1,2026.03.4
chemical_6d4db9c14ec85ccc,ds_smipoly_monomers,CID1045,csv:row=12;comID=CID1045,"butane-1,4-diamine",C(CCN)CN,NCCCCN,KIDHWZJUCRJVML-UHFFFAOYSA-N,C4H12N2,C4H12N2,88.15,88.154,88.100048,0,6,0,0,2,0,0,0,0,diamine_chain_extender_candidate,rule_medium,amine_group_count>=2,tpuu_or_nipu_building_block,1,True,rdkit_validated,canonical_unique,BSD-3-Clause,reaction_rule_generated,candidate_structure,Gold-V,admitted_reference,0.0,,smipoly-rdkit-role-v1,2026.03.4
chemical_6d58ec15b04479ea,ds_smipoly_monomers,CID7112,csv:row=63;comID=CID7112,4-(4-hydroxyphenyl)phenol,C1=CC(=CC=C1C2=CC=C(C=C2)O)O,Oc1ccc(-c2ccc(O)cc2)cc1,VCCBEIPGXKNHFW-UHFFFAOYSA-N,C12H10O2,C12H10O2,186.21,186.21,186.06808,0,14,0,2,0,0,0,0,0,diol_chain_extender_candidate,rule_medium,hydroxyl_group_count=2 and RDKit_MolWt<=250,direct_tpu_building_block,1,True,rdkit_validated,canonical_unique,BSD-3-Clause,reaction_rule_generated,candidate_structure,Gold-V,admitted_reference,0.0,,smipoly-rdkit-role-v1,2026.03.4
chemical_6df790ab585c4822,ds_smipoly_monomers,CID3620081,csv:row=916;comID=CID3620081,"2,4,6-trimethylbenzene-1,3-disulfonyl chloride",CC1=CC(=C(C(=C1S(=O)(=O)Cl)C)S(=O)(=O)Cl)C,Cc1cc(C)c(S(=O)(=O)Cl)c(C)c1S(=O)(=O)Cl,LNXKRGBQKLXFTB-UHFFFAOYSA-N,C9H10Cl2O4S2,C9H10Cl2O4S2,317.2,317.215,315.939756,0,17,0,0,0,0,0,0,0,unclassified,none,no_supported_TPU_role_rule_matched,unresolved,9,False,rdkit_validated,canonical_unique,BSD-3-Clause,reaction_rule_generated,candidate_structure,Gold-V,admitted_reference,0.0,,smipoly-rdkit-role-v1,2026.03.4
chemical_6e2ebb9a0315c643,ds_smipoly_monomers,CID94483,csv:row=678;comID=CID94483,"5-[4-[2-[4-[(1,3-dioxo-2-benzofuran-5-yl)oxy]phenyl]propan-2-yl]phenoxy]-2-benzofuran-1,3-dione",CC(C)(C1=CC=C(C=C1)OC2=CC3=C(C=C2)C(=O)OC3=O)C4=CC=C(C=C4)OC5=CC6=C(C=C5)C(=O)OC6=O,CC(C)(c1ccc(Oc2ccc3c(c2)C(=O)OC3=O)cc1)c1ccc(Oc2ccc3c(c2)C(=O)OC3=O)cc1,MQAHXEQUBNDFGI-UHFFFAOYSA-N,C31H20O8,C31H20O8,520.5,520.493,520.115818,0,39,0,0,0,0,0,0,0,unclassified,none,no_supported_TPU_role_rule_matched,unresolved,9,False,rdkit_validated,canonical_unique,BSD-3-Clause,reaction_rule_generated,candidate_structure,Gold-V,admitted_reference,0.0,,smipoly-rdkit-role-v1,2026.03.4
chemical_6e37cf99d6a055aa,ds_smipoly_monomers,CID2286,csv:row=16;comID=CID2286,2-[[4-[2-[4-(oxiran-2-ylmethoxy)phenyl]propan-2-yl]phenoxy]methyl]oxirane,CC(C)(C1=CC=C(C=C1)OCC2CO2)C3=CC=C(C=C3)OCC4CO4,CC(C)(c1ccc(OCC2CO2)cc1)c1ccc(OCC2CO2)cc1,LCFVJGUPQDGYKZ-UHFFFAOYSA-N,C21H24O4,C21H24O4,340.4,340.419,340.167459,0,25,0,0,0,0,0,0,2,epoxy_polyol_precursor,rule_medium,epoxide_group_count>=1,polyol_synthesis_precursor,2,True,rdkit_validated,canonical_unique,BSD-3-Clause,reaction_rule_generated,candidate_structure,Gold-V,admitted_reference,0.0,,smipoly-rdkit-role-v1,2026.03.4
chemical_6e70aab0fe7cd992,ds_smipoly_monomers,CID16402,csv:row=277;comID=CID16402,"hexane-1,6-diamine",C(CCCN)CCN,NCCCCCCN,NAQMVNRVTILPCV-UHFFFAOYSA-N,C6H16N2,C6H16N2,116.2,116.208,116.131349,0,8,0,0,2,0,0,0,0,diamine_chain_extender_candidate,rule_medium,amine_group_count>=2,tpuu_or_nipu_building_block,1,True,rdkit_validated,canonical_unique,BSD-3-Clause,reaction_rule_generated,candidate_structure,Gold-V,admitted_reference,0.0,,smipoly-rdkit-role-v1,2026.03.4
chemical_6ec897e3536573b0,ds_smipoly_monomers,CID171789,csv:row=765;comID=CID171789,"(5-ethyl-1,3-dioxan-5-yl)methyl prop-2-enoate",CCC1(COCOC1)COC(=O)C=C,C=CC(=O)OCC1(CC)COCOC1,STGXUBIZGYMIRM-UHFFFAOYSA-N,C10H16O4,C10H16O4,200.23,200.234,200.104859,0,14,0,0,0,0,0,0,0,unclassified,none,no_supported_TPU_role_rule_matched,unresolved,9,False,rdkit_validated,canonical_unique,BSD-3-Clause,reaction_rule_generated,candidate_structure,Gold-V,admitted_reference,0.0,,smipoly-rdkit-role-v1,2026.03.4
chemical_6ee30a16c1c450ed,ds_smipoly_monomers,CID13601,csv:row=242;comID=CID13601,,C1CCC(C(C1)O)O,OC1CCCCC1O,PFURGBBHAOXLIO-UHFFFAOYSA-N,C6H12O2,C6H12O2,116.16,116.16,116.08373,0,8,0,2,0,0,0,0,0,diol_chain_extender_candidate,rule_medium,hydroxyl_group_count=2 and RDKit_MolWt<=250,direct_tpu_building_block,1,True,rdkit_validated,canonical_unique,BSD-3-Clause,reaction_rule_generated,candidate_structure,Gold-V,admitted_reference,0.0,,smipoly-rdkit-role-v1,2026.03.4
chemical_6f29943b285dbd02,ds_smipoly_monomers,CID11239,csv:row=190;comID=CID11239,3-methylbut-1-ene,CC(C)C=C,C=CC(C)C,YHQXBTXEYZIYOV-UHFFFAOYSA-N,C5H10,C5H10,70.13,70.135,70.07825,0,5,0,0,0,0,0,0,0,unclassified,none,no_supported_TPU_role_rule_matched,unresolved,9,False,rdkit_validated,canonical_unique,BSD-3-Clause,reaction_rule_generated,candidate_structure,Gold-V,admitted_reference,0.0,,smipoly-rdkit-role-v1,2026.03.4
chemical_6f6957b9234a29b1,ds_smipoly_monomers,CID10442,csv:row=178;comID=CID10442,"propane-1,3-diol",C(CO)CO,OCCCO,YPFDHNVEDLHUCE-UHFFFAOYSA-N,C3H8O2,C3H8O2,76.09,76.095,76.052429,0,5,0,2,0,0,0,0,0,diol_chain_extender_candidate,rule_medium,hydroxyl_group_count=2 and RDKit_MolWt<=250,direct_tpu_building_block,1,True,rdkit_validated,canonical_unique,BSD-3-Clause,reaction_rule_generated,candidate_structure,Gold-V,admitted_reference,0.0,,smipoly-rdkit-role-v1,2026.03.4
chemical_6f6b4c3aa4db7145,ds_smipoly_monomers,CID2783495,csv:row=897;comID=CID2783495,"2-diphenylphosphorylbenzene-1,4-diol",C1=CC=C(C=C1)P(=O)(C2=CC=CC=C2)C3=C(C=CC(=C3)O)O,O=P(c1ccccc1)(c1ccccc1)c1cc(O)ccc1O,LLOXZCFOAUCDAE-UHFFFAOYSA-N,C18H15O3P,C18H15O3P,310.3,310.289,310.075881,0,22,0,2,0,0,0,0,0,macrodiol_polyol_candidate,rule_medium,hydroxyl_group_count=2 and RDKit_MolWt>250,direct_tpu_building_block,1,True,rdkit_validated,canonical_unique,BSD-3-Clause,reaction_rule_generated,candidate_structure,Gold-V,admitted_reference,0.0,,smipoly-rdkit-role-v1,2026.03.4
chemical_6fb392a24fc25c54,ds_smipoly_monomers,CID75494,csv:row=527;comID=CID75494,"5-(1,3-dioxo-2-benzofuran-5-yl)-2-benzofuran-1,3-dione",C1=CC2=C(C=C1C3=CC4=C(C=C3)C(=O)OC4=O)C(=O)OC2=O,O=C1OC(=O)c2cc(-c3ccc4c(c3)C(=O)OC4=O)ccc21,WKDNYTOXBCRNPV-UHFFFAOYSA-N,C16H6O6,C16H6O6,294.21,294.218,294.016438,0,22,0,0,0,0,0,0,0,unclassified,none,no_supported_TPU_role_rule_matched,unresolved,9,False,rdkit_validated,canonical_unique,BSD-3-Clause,reaction_rule_generated,candidate_structure,Gold-V,admitted_reference,0.0,,smipoly-rdkit-role-v1,2026.03.4
chemical_6fbe43e078a95898,ds_smipoly_monomers,CID77920,csv:row=572;comID=CID77920,3-methylbutyl prop-2-enoate,CC(C)CCOC(=O)C=C,C=CC(=O)OCCC(C)C,ZVYGIPWYVVJFRW-UHFFFAOYSA-N,C8H14O2,C8H14O2,142.2,142.198,142.09938,0,10,0,0,0,0,0,0,0,unclassified,none,no_supported_TPU_role_rule_matched,unresolved,9,False,rdkit_validated,canonical_unique,BSD-3-Clause,reaction_rule_generated,candidate_structure,Gold-V,admitted_reference,0.0,,smipoly-rdkit-role-v1,2026.03.4
chemical_702514e79b555577,ds_smipoly_monomers,CID104247,csv:row=708;comID=CID104247,"3,3,4,4,5,5,6,6,6-nonafluorohexyl prop-2-enoate",C=CC(=O)OCCC(C(C(C(F)(F)F)(F)F)(F)F)(F)F,C=CC(=O)OCCC(F)(F)C(F)(F)C(F)(F)C(F)(F)F,GYUPEJSTJSFVRR-UHFFFAOYSA-N,C9H7F9O2,C9H7F9O2,318.14,318.135,318.030233,0,20,0,0,0,0,0,0,0,unclassified,none,no_supported_TPU_role_rule_matched,unresolved,9,False,rdkit_validated,canonical_unique,BSD-3-Clause,reaction_rule_generated,candidate_structure,Gold-V,admitted_reference,0.0,,smipoly-rdkit-role-v1,2026.03.4
chemical_706c38f2fda91d2c,ds_smipoly_monomers,CID66166,csv:row=421;comID=CID66166,4-[2-(4-hydroxyphenyl)butan-2-yl]phenol,CCC(C)(C1=CC=C(C=C1)O)C2=CC=C(C=C2)O,CCC(C)(c1ccc(O)cc1)c1ccc(O)cc1,HTVITOHKHWFJKO-UHFFFAOYSA-N,C16H18O2,C16H18O2,242.31,242.318,242.13068,0,18,0,2,0,0,0,0,0,diol_chain_extender_candidate,rule_medium,hydroxyl_group_count=2 and RDKit_MolWt<=250,direct_tpu_building_block,1,True,rdkit_validated,canonical_unique,BSD-3-Clause,reaction_rule_generated,candidate_structure,Gold-V,admitted_reference,0.0,,smipoly-rdkit-role-v1,2026.03.4
chemical_707a0f6b57d842e0,ds_smipoly_monomers,CID2782798,csv:row=896;comID=CID2782798,1-ethenyl-4-(trifluoromethyl)benzene,C=CC1=CC=C(C=C1)C(F)(F)F,C=Cc1ccc(C(F)(F)F)cc1,CEWDRCQPGANDRS-UHFFFAOYSA-N,C9H7F3,C9H7F3,172.15,172.149,172.049985,0,12,0,0,0,0,0,0,0,unclassified,none,no_supported_TPU_role_rule_matched,unresolved,9,False,rdkit_validated,canonical_unique,BSD-3-Clause,reaction_rule_generated,candidate_structure,Gold-V,admitted_reference,0.0,,smipoly-rdkit-role-v1,2026.03.4
chemical_70bd7cc4ec565dd7,ds_smipoly_monomers,CID69533,csv:row=465;comID=CID69533,"heptane-1,7-diamine",C(CCCN)CCCN,NCCCCCCCN,PWSKHLMYTZNYKO-UHFFFAOYSA-N,C7H18N2,C7H18N2,130.23,130.235,130.146999,0,9,0,0,2,0,0,0,0,diamine_chain_extender_candidate,rule_medium,amine_group_count>=2,tpuu_or_nipu_building_block,1,True,rdkit_validated,canonical_unique,BSD-3-Clause,reaction_rule_generated,candidate_structure,Gold-V,admitted_reference,0.0,,smipoly-rdkit-role-v1,2026.03.4
chemical_70bd9deaefc8ebaf,ds_smipoly_monomers,CID13084,csv:row=224;comID=CID13084,4-(4-carboxyphenyl)benzoic acid,C1=CC(=CC=C1C2=CC=C(C=C2)C(=O)O)C(=O)O,O=C(O)c1ccc(-c2ccc(C(=O)O)cc2)cc1,NEQFBGHQPUXOFH-UHFFFAOYSA-N,C14H10O4,C14H10O4,242.23,242.23,242.057909,0,18,0,0,0,0,2,0,0,polyester_polyol_precursor,rule_medium,carboxylic_acid_group_count>=2,polyol_synthesis_precursor,2,True,rdkit_validated,canonical_unique,BSD-3-Clause,reaction_rule_generated,candidate_structure,Gold-V,admitted_reference,0.0,,smipoly-rdkit-role-v1,2026.03.4
chemical_70db24ac1499ea82,ds_smipoly_monomers,CID58800674,csv:row=1074;comID=CID58800674,[4-[4-(4-methyl-N-(4-methylphenyl)anilino)phenyl]phenyl] prop-2-enoate,CC1=CC=C(C=C1)N(C2=CC=C(C=C2)C)C3=CC=C(C=C3)C4=CC=C(C=C4)OC(=O)C=C,C=CC(=O)Oc1ccc(-c2ccc(N(c3ccc(C)cc3)c3ccc(C)cc3)cc2)cc1,IEQVLJZUACQOCO-UHFFFAOYSA-N,C29H25NO2,C29H25NO2,419.5,419.524,419.188529,0,32,0,0,0,0,0,0,0,unclassified,none,no_supported_TPU_role_rule_matched,unresolved,9,False,rdkit_validated,canonical_unique,BSD-3-Clause,reaction_rule_generated,candidate_structure,Gold-V,admitted_reference,0.0,,smipoly-rdkit-role-v1,2026.03.4
chemical_714a0abcf9089bdd,ds_smipoly_monomers,CID6453911,csv:row=947;comID=CID6453911,tetrakis[ethenyl(dimethyl)silyl] silicate,C[Si](C)(C=C)O[Si](O[Si](C)(C)C=C)(O[Si](C)(C)C=C)O[Si](C)(C)C=C,C=C[Si](C)(C)O[Si](O[Si](C)(C)C=C)(O[Si](C)(C)C=C)O[Si](C)(C)C=C,JMTMWSZLPHDWBQ-UHFFFAOYSA-N,C16H36O4Si5,C16H36O4Si5,432.9,432.89,432.145992,0,25,0,0,0,0,0,0,0,unclassified,none,no_supported_TPU_role_rule_matched,unresolved,9,False,rdkit_validated,canonical_unique,BSD-3-Clause,reaction_rule_generated,candidate_structure,Gold-V,admitted_reference,0.0,,smipoly-rdkit-role-v1,2026.03.4
chemical_716e21006c259f3a,ds_smipoly_monomers,CID16891,csv:row=282;comID=CID16891,2-[2-(2-methylprop-2-enoyloxy)ethoxy]ethyl 2-methylprop-2-enoate,CC(=C)C(=O)OCCOCCOC(=O)C(=C)C,C=C(C)C(=O)OCCOCCOC(=O)C(=C)C,XFCMNSHQOZQILR-UHFFFAOYSA-N,C12H18O5,C12H18O5,242.27,242.271,242.115424,0,17,0,0,0,0,0,0,0,unclassified,none,no_supported_TPU_role_rule_matched,unresolved,9,False,rdkit_validated,canonical_unique,BSD-3-Clause,reaction_rule_generated,candidate_structure,Gold-V,admitted_reference,0.0,,smipoly-rdkit-role-v1,2026.03.4
chemical_71b087dffa592061,ds_smipoly_monomers,CID25919,csv:row=366;comID=CID25919,prop-2-enyl 2-cyanoacetate,C=CCOC(=O)CC#N,C=CCOC(=O)CC#N,WXKCRCGKCOKJEF-UHFFFAOYSA-N,C6H7NO2,C6H7NO2,125.13,125.127,125.047678,0,9,0,0,0,0,0,0,0,unclassified,none,no_supported_TPU_role_rule_matched,unresolved,9,False,rdkit_validated,canonical_unique,BSD-3-Clause,reaction_rule_generated,candidate_structure,Gold-V,admitted_reference,0.0,,smipoly-rdkit-role-v1,2026.03.4
chemical_7270bdc38fcfaefd,ds_smipoly_monomers,CID17888,csv:row=317;comID=CID17888,N-(2-methyl-4-oxopentan-2-yl)prop-2-enamide,CC(=O)CC(C)(C)NC(=O)C=C,C=CC(=O)NC(C)(C)CC(C)=O,OMNKZBIFPJNNIO-UHFFFAOYSA-N,C9H15NO2,C9H15NO2,169.22,169.224,169.110279,0,12,0,0,0,0,0,0,0,unclassified,none,no_supported_TPU_role_rule_matched,unresolved,9,False,rdkit_validated,canonical_unique,BSD-3-Clause,reaction_rule_generated,candidate_structure,Gold-V,admitted_reference,0.0,,smipoly-rdkit-role-v1,2026.03.4
chemical_72b7ed7d3d268fd7,ds_smipoly_monomers,CID3985625,csv:row=922;comID=CID3985625,"2,2-bis(2-methylpropyl)propane-1,3-diol",CC(C)CC(CC(C)C)(CO)CO,CC(C)CC(CO)(CO)CC(C)C,PTRCHMOHGGDNIJ-UHFFFAOYSA-N,C11H24O2,C11H24O2,188.31,188.311,188.17763,0,13,0,2,0,0,0,0,0,diol_chain_extender_candidate,rule_medium,hydroxyl_group_count=2 and RDKit_MolWt<=250,direct_tpu_building_block,1,True,rdkit_validated,canonical_unique,BSD-3-Clause,reaction_rule_generated,candidate_structure,Gold-V,admitted_reference,0.0,,smipoly-rdkit-role-v1,2026.03.4
chemical_72e4fe5200f93bed,ds_smipoly_monomers,CID7302,csv:row=69;comID=CID7302,oxolan-2-one,C1CC(=O)OC1,O=C1CCCO1,YEJRWHAVMIAJKC-UHFFFAOYSA-N,C4H6O2,C4H6O2,86.09,86.09,86.036779,0,6,0,0,0,0,0,0,0,unclassified,none,no_supported_TPU_role_rule_matched,unresolved,9,False,rdkit_validated,canonical_unique,BSD-3-Clause,reaction_rule_generated,candidate_structure,Gold-V,admitted_reference,0.0,,smipoly-rdkit-role-v1,2026.03.4
chemical_7371682834119d1d,ds_smipoly_monomers,CID193628,csv:row=774;comID=CID193628,N-(2-hydroxyethyl)prop-2-enamide,C=CC(=O)NCCO,C=CC(=O)NCCO,UUORTJUPDJJXST-UHFFFAOYSA-N,C5H9NO2,C5H9NO2,115.13,115.132,115.063329,0,8,0,1,0,0,0,0,0,monool_model_compound,rule_medium,hydroxyl_group_count=1,adjacent_model_compound,3,True,rdkit_validated,canonical_unique,BSD-3-Clause,reaction_rule_generated,candidate_structure,Gold-V,admitted_reference,0.0,,smipoly-rdkit-role-v1,2026.03.4
chemical_73a1f64cd47e4ee0,ds_smipoly_monomers,CID62635,csv:row=411;comID=CID62635,trimethyl-[methyl-[3-(oxiran-2-ylmethoxy)propyl]-trimethylsilyloxysilyl]oxysilane,C[Si](C)(C)O[Si](C)(CCCOCC1CO1)O[Si](C)(C)C,C[Si](C)(C)O[Si](C)(CCCOCC1CO1)O[Si](C)(C)C,YSIQPJVFCSCUMU-UHFFFAOYSA-N,C13H32O4Si3,C13H32O4Si3,336.65,336.653,336.160839,0,20,0,0,0,0,0,0,1,epoxy_polyol_precursor,rule_medium,epoxide_group_count>=1,polyol_synthesis_precursor,2,True,rdkit_validated,canonical_unique,BSD-3-Clause,reaction_rule_generated,candidate_structure,Gold-V,admitted_reference,0.0,,smipoly-rdkit-role-v1,2026.03.4
chemical_73ed620512b12e9b,ds_smipoly_monomers,CID653341,csv:row=865;comID=CID653341,"2,6-dibromobenzene-1,4-diamine",C1=C(C=C(C(=C1Br)N)Br)N,Nc1cc(Br)c(N)c(Br)c1,NIXNGYGWQMXMCA-UHFFFAOYSA-N,C6H6Br2N2,C6H6Br2N2,265.93,265.936,263.889772,0,10,0,0,2,0,0,0,0,diamine_chain_extender_candidate,rule_medium,amine_group_count>=2,tpuu_or_nipu_building_block,1,True,rdkit_validated,canonical_unique,BSD-3-Clause,reaction_rule_generated,candidate_structure,Gold-V,admitted_reference,0.0,,smipoly-rdkit-role-v1,2026.03.4
chemical_745504b01895d901,ds_smipoly_monomers,CID12974,csv:row=219;comID=CID12974,2-methylprop-2-enoyl 2-methylprop-2-enoate,CC(=C)C(=O)OC(=O)C(=C)C,C=C(C)C(=O)OC(=O)C(=C)C,DCUFMVPCXCSVNP-UHFFFAOYSA-N,C8H10O3,C8H10O3,154.16,154.165,154.062994,0,11,0,0,0,0,0,0,0,unclassified,none,no_supported_TPU_role_rule_matched,unresolved,9,False,rdkit_validated,canonical_unique,BSD-3-Clause,reaction_rule_generated,candidate_structure,Gold-V,admitted_reference,0.0,,smipoly-rdkit-role-v1,2026.03.4
chemical_747e05cac024bfbe,ds_smipoly_monomers,CID82600,csv:row=616;comID=CID82600,"1-bromo-4-(4-bromo-2,3,5,6-tetrafluorophenyl)-2,3,5,6-tetrafluorobenzene",C1(=C(C(=C(C(=C1F)F)Br)F)F)C2=C(C(=C(C(=C2F)F)Br)F)F,Fc1c(F)c(-c2c(F)c(F)c(Br)c(F)c2F)c(F)c(F)c1Br,YXLMNFVUNLCJJY-UHFFFAOYSA-N,C12Br2F8,C12Br2F8,455.92,455.924,453.8239,0,22,0,0,0,0,0,0,0,unclassified,none,no_supported_TPU_role_rule_matched,unresolved,9,False,rdkit_validated,canonical_unique,BSD-3-Clause,reaction_rule_generated,candidate_structure,Gold-V,admitted_reference,0.0,,smipoly-rdkit-role-v1,2026.03.4
chemical_7509267d631c2aff,ds_smipoly_monomers,CID35409,csv:row=384;comID=CID35409,2-isocyanatoethyl 2-methylprop-2-enoate,CC(=C)C(=O)OCCN=C=O,C=C(C)C(=O)OCCN=C=O,RBQRWNWVPQDTJJ-UHFFFAOYSA-N,C7H9NO3,C7H9NO3,155.15,155.153,155.058243,0,11,1,0,0,0,0,0,0,monoisocyanate_model_compound,rule_high,isocyanate_group_count=1,adjacent_model_compound,3,True,rdkit_validated,canonical_unique,BSD-3-Clause,reaction_rule_generated,candidate_structure,Gold-V,admitted_reference,0.0,,smipoly-rdkit-role-v1,2026.03.4
chemical_7532274b8685c005,ds_smipoly_monomers,CID8013,csv:row=125;comID=CID8013,"propane-1,3-dithiol",C(CS)CS,SCCCS,ZJLMKPKYJBQJNH-UHFFFAOYSA-N,C3H8S2,C3H8S2,108.23,108.231,108.006742,0,5,0,0,0,2,0,0,0,polythiol_adjacent_candidate,rule_medium,thiol_group_count>=2,adjacent_reactive_building_block,3,True,rdkit_validated,canonical_unique,BSD-3-Clause,reaction_rule_generated,candidate_structure,Gold-V,admitted_reference,0.0,,smipoly-rdkit-role-v1,2026.03.4
chemical_75b0fb6080bf902e,ds_smipoly_monomers,CID89221,csv:row=658;comID=CID89221,2-octadecyloxirane,CCCCCCCCCCCCCCCCCCC1CO1,CCCCCCCCCCCCCCCCCCC1CO1,BHZBVWCLMYQFQX-UHFFFAOYSA-N,C20H40O,C20H40O,296.5,296.539,296.307916,0,21,0,0,0,0,0,0,1,epoxy_polyol_precursor,rule_medium,epoxide_group_count>=1,polyol_synthesis_precursor,2,True,rdkit_validated,canonical_unique,BSD-3-Clause,reaction_rule_generated,candidate_structure,Gold-V,admitted_reference,0.0,,smipoly-rdkit-role-v1,2026.03.4
chemical_75fb481cd45cc100,ds_smipoly_monomers,CID61038,csv:row=394;comID=CID61038,"2-butyl-2-ethylpropane-1,3-diol",CCCCC(CC)(CO)CO,CCCCC(CC)(CO)CO,DSKYSDCYIODJPC-UHFFFAOYSA-N,C9H20O2,C9H20O2,160.25,160.257,160.14633,0,11,0,2,0,0,0,0,0,diol_chain_extender_candidate,rule_medium,hydroxyl_group_count=2 and RDKit_MolWt<=250,direct_tpu_building_block,1,True,rdkit_validated,canonical_unique,BSD-3-Clause,reaction_rule_generated,candidate_structure,Gold-V,admitted_reference,0.0,,smipoly-rdkit-role-v1,2026.03.4
chemical_76134914ebcf812f,ds_smipoly_monomers,CID25378,csv:row=362;comID=CID25378,"N'-[2-(3-aminopropylamino)ethyl]propane-1,3-diamine",C(CN)CNCCNCCCN,NCCCNCCNCCCN,RXFCIXRFAJRBSG-UHFFFAOYSA-N,C8H22N4,C8H22N4,174.29,174.292,174.184447,0,12,0,0,4,0,0,0,0,diamine_chain_extender_candidate,rule_medium,amine_group_count>=2,tpuu_or_nipu_building_block,1,True,rdkit_validated,canonical_unique,BSD-3-Clause,reaction_rule_generated,candidate_structure,Gold-V,admitted_reference,0.0,,smipoly-rdkit-role-v1,2026.03.4
chemical_761f9073e2c25d21,ds_smipoly_monomers,CID13059052,csv:row=1017;comID=CID13059052,4-[2-(4-hydroxy-3-phenylphenyl)propan-2-yl]-2-phenylphenol,CC(C)(C1=CC(=C(C=C1)O)C2=CC=CC=C2)C3=CC(=C(C=C3)O)C4=CC=CC=C4,CC(C)(c1ccc(O)c(-c2ccccc2)c1)c1ccc(O)c(-c2ccccc2)c1,BKTRENAPTCBBFA-UHFFFAOYSA-N,C27H24O2,C27H24O2,380.5,380.487,380.17763,0,29,0,2,0,0,0,0,0,macrodiol_polyol_candidate,rule_medium,hydroxyl_group_count=2 and RDKit_MolWt>250,direct_tpu_building_block,1,True,rdkit_validated,canonical_unique,BSD-3-Clause,reaction_rule_generated,candidate_structure,Gold-V,admitted_reference,0.0,,smipoly-rdkit-role-v1,2026.03.4
chemical_7660738646a3f526,ds_smipoly_monomers,CID123515,csv:row=731;comID=CID123515,"2,2,3,3-tetrafluoropropyl 2-methylprop-2-enoate",CC(=C)C(=O)OCC(C(F)F)(F)F,C=C(C)C(=O)OCC(F)(F)C(F)F,RSVZYSKAPMBSMY-UHFFFAOYSA-N,C7H8F4O2,C7H8F4O2,200.13,200.131,200.046042,0,13,0,0,0,0,0,0,0,unclassified,none,no_supported_TPU_role_rule_matched,unresolved,9,False,rdkit_validated,canonical_unique,BSD-3-Clause,reaction_rule_generated,candidate_structure,Gold-V,admitted_reference,0.0,,smipoly-rdkit-role-v1,2026.03.4
chemical_7677f960ccb2097a,ds_smipoly_monomers,CID7502,csv:row=82;comID=CID7502,4-ethenylpyridine,C=CC1=CC=NC=C1,C=Cc1ccncc1,KFDVPJUYSDEJTH-UHFFFAOYSA-N,C7H7N,C7H7N,105.14,105.14,105.057849,0,8,0,0,0,0,0,0,0,unclassified,none,no_supported_TPU_role_rule_matched,unresolved,9,False,rdkit_validated,canonical_unique,BSD-3-Clause,reaction_rule_generated,candidate_structure,Gold-V,admitted_reference,0.0,,smipoly-rdkit-role-v1,2026.03.4
chemical_76e472d8cabf8587,ds_smipoly_monomers,CID83119,csv:row=619;comID=CID83119,4-[4-[2-[4-(4-aminophenoxy)phenyl]propan-2-yl]phenoxy]aniline,CC(C)(C1=CC=C(C=C1)OC2=CC=C(C=C2)N)C3=CC=C(C=C3)OC4=CC=C(C=C4)N,CC(C)(c1ccc(Oc2ccc(N)cc2)cc1)c1ccc(Oc2ccc(N)cc2)cc1,KMKWGXGSGPYISJ-UHFFFAOYSA-N,C27H26N2O2,C27H26N2O2,410.5,410.517,410.199428,0,31,0,0,2,0,0,0,0,diamine_chain_extender_candidate,rule_medium,amine_group_count>=2,tpuu_or_nipu_building_block,1,True,rdkit_validated,canonical_unique,BSD-3-Clause,reaction_rule_generated,candidate_structure,Gold-V,admitted_reference,0.0,,smipoly-rdkit-role-v1,2026.03.4
chemical_77034edb38320a27,ds_smipoly_monomers,CID191989,csv:row=772;comID=CID191989,"1-[2-[2-(2,5-dioxopyrrol-1-yl)ethyldisulfanyl]ethyl]pyrrole-2,5-dione",C1=CC(=O)N(C1=O)CCSSCCN2C(=O)C=CC2=O,O=C1C=CC(=O)N1CCSSCCN1C(=O)C=CC1=O,SGVWDRVQIYUSRA-UHFFFAOYSA-N,C12H12N2O4S2,C12H12N2O4S2,312.4,312.372,312.023849,0,20,0,0,0,0,0,0,0,unclassified,none,no_supported_TPU_role_rule_matched,unresolved,9,False,rdkit_validated,canonical_unique,BSD-3-Clause,reaction_rule_generated,candidate_structure,Gold-V,admitted_reference,0.0,,smipoly-rdkit-role-v1,2026.03.4
chemical_77d3baa1b6ab63f9,ds_smipoly_monomers,CID688322,csv:row=866;comID=CID688322,(4-tert-butylcyclohexyl) prop-2-enoate,CC(C)(C)C1CCC(CC1)OC(=O)C=C,C=CC(=O)OC1CCC(C(C)(C)C)CC1,LAIJAUHBAWLPCO-UHFFFAOYSA-N,C13H22O2,C13H22O2,210.31,210.317,210.16198,0,15,0,0,0,0,0,0,0,unclassified,none,no_supported_TPU_role_rule_matched,unresolved,9,False,rdkit_validated,canonical_unique,BSD-3-Clause,reaction_rule_generated,candidate_structure,Gold-V,admitted_reference,0.0,,smipoly-rdkit-role-v1,2026.03.4
chemical_7825926a044d386c,ds_smipoly_monomers,CID151204,csv:row=748;comID=CID151204,3-trimethoxysilylpropyl prop-2-enoate,CO[Si](CCCOC(=O)C=C)(OC)OC,C=CC(=O)OCCC[Si](OC)(OC)OC,KBQVDAIIQCXKPI-UHFFFAOYSA-N,C9H18O5Si,C9H18O5Si,234.32,234.324,234.09235,0,15,0,0,0,0,0,0,0,unclassified,none,no_supported_TPU_role_rule_matched,unresolved,9,False,rdkit_validated,canonical_unique,BSD-3-Clause,reaction_rule_generated,candidate_structure,Gold-V,admitted_reference,0.0,,smipoly-rdkit-role-v1,2026.03.4
chemical_78379184bd69aa40,ds_smipoly_monomers,CID136346,csv:row=737;comID=CID136346,"2,3,5,6-tetramethylbenzene-1,4-diol",CC1=C(C(=C(C(=C1O)C)C)O)C,Cc1c(C)c(O)c(C)c(C)c1O,SUNVJLYYDZCIIK-UHFFFAOYSA-N,C10H14O2,C10H14O2,166.22,166.22,166.09938,0,12,0,2,0,0,0,0,0,diol_chain_extender_candidate,rule_medium,hydroxyl_group_count=2 and RDKit_MolWt<=250,direct_tpu_building_block,1,True,rdkit_validated,canonical_unique,BSD-3-Clause,reaction_rule_generated,candidate_structure,Gold-V,admitted_reference,0.0,,smipoly-rdkit-role-v1,2026.03.4
chemical_7838e4e2d01ce241,ds_smipoly_monomers,CID87094,csv:row=644;comID=CID87094,2-trimethylsilyloxyethyl 2-methylprop-2-enoate,CC(=C)C(=O)OCCO[Si](C)(C)C,C=C(C)C(=O)OCCO[Si](C)(C)C,WUGOQZFPNUYUOO-UHFFFAOYSA-N,C9H18O3Si,C9H18O3Si,202.32,202.326,202.102521,0,13,0,0,0,0,0,0,0,unclassified,none,no_supported_TPU_role_rule_matched,unresolved,9,False,rdkit_validated,canonical_unique,BSD-3-Clause,reaction_rule_generated,candidate_structure,Gold-V,admitted_reference,0.0,,smipoly-rdkit-role-v1,2026.03.4
chemical_7893272d2c212c20,ds_smipoly_monomers,CID53384481,csv:row=1071;comID=CID53384481,"(3S)-3-[(3R)-2,5-dioxooxolan-3-yl]oxolane-2,5-dione",C1C(C(=O)OC1=O)C2CC(=O)OC2=O,O=C1CC(C2CC(=O)OC2=O)C(=O)O1,OLQWMCSSZKNOLQ-UHFFFAOYSA-N,C8H6O6,C8H6O6,198.13,198.13,198.016438,0,14,0,0,0,0,0,0,0,unclassified,none,no_supported_TPU_role_rule_matched,unresolved,9,False,rdkit_validated,canonical_unique,BSD-3-Clause,reaction_rule_generated,candidate_structure,Gold-V,admitted_reference,0.0,,smipoly-rdkit-role-v1,2026.03.4
chemical_78bdaa284efe1692,ds_smipoly_monomers,CID611393,csv:row=839;comID=CID611393,[2-[2-(hydroxymethyl)phenoxy]phenyl]methanol,C1=CC=C(C(=C1)CO)OC2=CC=CC=C2CO,OCc1ccccc1Oc1ccccc1CO,VRVKKKKXKVCPEW-UHFFFAOYSA-N,C14H14O3,C14H14O3,230.26,230.263,230.094294,0,17,0,2,0,0,0,0,0,diol_chain_extender_candidate,rule_medium,hydroxyl_group_count=2 and RDKit_MolWt<=250,direct_tpu_building_block,1,True,rdkit_validated,canonical_unique,BSD-3-Clause,reaction_rule_generated,candidate_structure,Gold-V,admitted_reference,0.0,,smipoly-rdkit-role-v1,2026.03.4
chemical_7912394382893762,ds_smipoly_monomers,CID70261,csv:row=482;comID=CID70261,"1-methylpyrrole-2,5-dione",CN1C(=O)C=CC1=O,CN1C(=O)C=CC1=O,SEEYREPSKCQBBF-UHFFFAOYSA-N,C5H5NO2,C5H5NO2,111.1,111.1,111.032028,0,8,0,0,0,0,0,0,0,unclassified,none,no_supported_TPU_role_rule_matched,unresolved,9,False,rdkit_validated,canonical_unique,BSD-3-Clause,reaction_rule_generated,candidate_structure,Gold-V,admitted_reference,0.0,,smipoly-rdkit-role-v1,2026.03.4
chemical_7987b1636993c8f9,ds_smipoly_monomers,CID637921,csv:row=861;comID=CID637921,(E)-but-2-enenitrile,CC=CC#N,CC=CC#N,NKKMVIVFRUYPLQ-UHFFFAOYSA-N,C4H5N,C4H5N,67.09,67.091,67.042199,0,5,0,0,0,0,0,0,0,unclassified,none,no_supported_TPU_role_rule_matched,unresolved,9,False,rdkit_validated,canonical_unique,BSD-3-Clause,reaction_rule_generated,candidate_structure,Gold-V,admitted_reference,0.0,,smipoly-rdkit-role-v1,2026.03.4
chemical_79b196ca779aae4e,ds_smipoly_monomers,CID69153,csv:row=463;comID=CID69153,[2-(hydroxymethyl)phenyl]methanol,C1=CC=C(C(=C1)CO)CO,OCc1ccccc1CO,XMUZQOKACOLCSS-UHFFFAOYSA-N,C8H10O2,C8H10O2,138.16,138.166,138.06808,0,10,0,2,0,0,0,0,0,diol_chain_extender_candidate,rule_medium,hydroxyl_group_count=2 and RDKit_MolWt<=250,direct_tpu_building_block,1,True,rdkit_validated,canonical_unique,BSD-3-Clause,reaction_rule_generated,candidate_structure,Gold-V,admitted_reference,0.0,,smipoly-rdkit-role-v1,2026.03.4
chemical_79d19b71225efbef,ds_smipoly_monomers,CID631065,csv:row=854;comID=CID631065,"1,1,1,3,3,3-hexafluoro-2-[4-(1,1,1,3,3,3-hexafluoro-2-hydroxypropan-2-yl)phenyl]propan-2-ol",C1=CC(=CC=C1C(C(F)(F)F)(C(F)(F)F)O)C(C(F)(F)F)(C(F)(F)F)O,OC(c1ccc(C(O)(C(F)(F)F)C(F)(F)F)cc1)(C(F)(F)F)C(F)(F)F,YTJDSANDEZLYOU-UHFFFAOYSA-N,C12H6F12O2,C12H6F12O2,410.15,410.154,410.017618,0,26,0,2,0,0,0,0,0,macrodiol_polyol_candidate,rule_medium,hydroxyl_group_count=2 and RDKit_MolWt>250,direct_tpu_building_block,1,True,rdkit_validated,canonical_unique,BSD-3-Clause,reaction_rule_generated,candidate_structure,Gold-V,admitted_reference,0.0,,smipoly-rdkit-role-v1,2026.03.4
chemical_7a66caaec87c4531,ds_smipoly_monomers,CID3034140,csv:row=903;comID=CID3034140,3-[dimethyl-[2-(2-methylprop-2-enoyloxy)ethyl]azaniumyl]propane-1-sulfonate,CC(=C)C(=O)OCC[N+](C)(C)CCCS(=O)(=O)[O-],C=C(C)C(=O)OCC[N+](C)(C)CCCS(=O)(=O)[O-],BCAIDFOKQCVACE-UHFFFAOYSA-N,C11H21NO5S,C11H21NO5S,279.36,279.358,279.114044,0,18,0,0,0,0,0,0,0,unclassified,none,no_supported_TPU_role_rule_matched,unresolved,9,False,rdkit_validated,canonical_unique,BSD-3-Clause,reaction_rule_generated,candidate_structure,Gold-V,admitted_reference,0.0,,smipoly-rdkit-role-v1,2026.03.4
chemical_7aa99def242ac718,ds_smipoly_monomers,CID2733404,csv:row=876;comID=CID2733404,"2,2,3,3,4,4,5,5,6,6,7,7,8,8,9,9-hexadecafluorodecane-1,10-diol",C(C(C(C(C(C(C(C(C(CO)(F)F)(F)F)(F)F)(F)F)(F)F)(F)F)(F)F)(F)F)O,OCC(F)(F)C(F)(F)C(F)(F)C(F)(F)C(F)(F)C(F)(F)C(F)(F)C(F)(F)CO,NSKCTPBWPZPFHW-UHFFFAOYSA-N,C10H6F16O2,C10H6F16O2,462.13,462.124,462.011231,0,28,0,2,0,0,0,0,0,macrodiol_polyol_candidate,rule_medium,hydroxyl_group_count=2 and RDKit_MolWt>250,direct_tpu_building_block,1,True,rdkit_validated,canonical_unique,BSD-3-Clause,reaction_rule_generated,candidate_structure,Gold-V,admitted_reference,0.0,,smipoly-rdkit-role-v1,2026.03.4
chemical_7b5ca232b7828adf,ds_smipoly_monomers,CID88984,csv:row=656;comID=CID88984,tetradecyl prop-2-enoate,CCCCCCCCCCCCCCOC(=O)C=C,C=CC(=O)OCCCCCCCCCCCCCC,XZHNPVKXBNDGJD-UHFFFAOYSA-N,C17H32O2,C17H32O2,268.4,268.441,268.24023,0,19,0,0,0,0,0,0,0,unclassified,none,no_supported_TPU_role_rule_matched,unresolved,9,False,rdkit_validated,canonical_unique,BSD-3-Clause,reaction_rule_generated,candidate_structure,Gold-V,admitted_reference,0.0,,smipoly-rdkit-role-v1,2026.03.4
chemical_7ba8340d3b9d83b4,ds_smipoly_monomers,CID16134,csv:row=272;comID=CID16134,"2-N,2-N-dimethyl-1,3,5-triazine-2,4,6-triamine",CN(C)C1=NC(=NC(=N1)N)N,CN(C)c1nc(N)nc(N)n1,IEFWDQQGFDLKFK-UHFFFAOYSA-N,C5H10N6,C5H10N6,154.17,154.177,154.096694,0,11,0,0,2,0,0,0,0,diamine_chain_extender_candidate,rule_medium,amine_group_count>=2,tpuu_or_nipu_building_block,1,True,rdkit_validated,canonical_unique,BSD-3-Clause,reaction_rule_generated,candidate_structure,Gold-V,admitted_reference,0.0,,smipoly-rdkit-role-v1,2026.03.4
chemical_7be571e7f713d13d,ds_smipoly_monomers,CID20113,csv:row=348;comID=CID20113,"2-[2,6-dibromo-4-[2-[3,5-dibromo-4-(2-hydroxyethoxy)phenyl]propan-2-yl]phenoxy]ethanol",CC(C)(C1=CC(=C(C(=C1)Br)OCCO)Br)C2=CC(=C(C(=C2)Br)OCCO)Br,CC(C)(c1cc(Br)c(OCCO)c(Br)c1)c1cc(Br)c(OCCO)c(Br)c1,RVHUMFJSCJBNGS-UHFFFAOYSA-N,C19H20Br4O4,C19H20Br4O4,632.0,631.981,627.809508,0,27,0,2,0,0,0,0,0,macrodiol_polyol_candidate,rule_medium,hydroxyl_group_count=2 and RDKit_MolWt>250,direct_tpu_building_block,1,True,rdkit_validated,canonical_unique,BSD-3-Clause,reaction_rule_generated,candidate_structure,Gold-V,admitted_reference,0.0,,smipoly-rdkit-role-v1,2026.03.4
chemical_7be94f1c40d1f5af,ds_smipoly_monomers,CID631552,csv:row=855;comID=CID631552,4-[9-(4-aminophenyl)fluoren-9-yl]aniline,C1=CC=C2C(=C1)C3=CC=CC=C3C2(C4=CC=C(C=C4)N)C5=CC=C(C=C5)N,Nc1ccc(C2(c3ccc(N)cc3)c3ccccc3-c3ccccc32)cc1,KIFDSGGWDIVQGN-UHFFFAOYSA-N,C25H20N2,C25H20N2,348.4,348.449,348.162649,0,27,0,0,2,0,0,0,0,diamine_chain_extender_candidate,rule_medium,amine_group_count>=2,tpuu_or_nipu_building_block,1,True,rdkit_validated,canonical_unique,BSD-3-Clause,reaction_rule_generated,candidate_structure,Gold-V,admitted_reference,0.0,,smipoly-rdkit-role-v1,2026.03.4
chemical_7c0b74113fb9147c,ds_smipoly_monomers,CID9816221,csv:row=956;comID=CID9816221,3-(3-prop-2-enoyloxypropoxy)propyl prop-2-enoate,C=CC(=O)OCCCOCCCOC(=O)C=C,C=CC(=O)OCCCOCCCOC(=O)C=C,KEPGNQLKWDULGD-UHFFFAOYSA-N,C12H18O5,C12H18O5,242.27,242.271,242.115424,0,17,0,0,0,0,0,0,0,unclassified,none,no_supported_TPU_role_rule_matched,unresolved,9,False,rdkit_validated,canonical_unique,BSD-3-Clause,reaction_rule_generated,candidate_structure,Gold-V,admitted_reference,0.0,,smipoly-rdkit-role-v1,2026.03.4
chemical_7c28ba4048d5f60b,ds_smipoly_monomers,CID19958,csv:row=345;comID=CID19958,"1,4-diisothiocyanatobenzene",C1=CC(=CC=C1N=C=S)N=C=S,S=C=Nc1ccc(N=C=S)cc1,OMWQUXGVXQELIX-UHFFFAOYSA-N,C8H4N2S2,C8H4N2S2,192.3,192.268,191.98159,0,12,0,0,0,0,0,0,0,unclassified,none,no_supported_TPU_role_rule_matched,unresolved,9,False,rdkit_validated,canonical_unique,BSD-3-Clause,reaction_rule_generated,candidate_structure,Gold-V,admitted_reference,0.0,,smipoly-rdkit-role-v1,2026.03.4
chemical_7c5239dc0d11dfe5,ds_smipoly_monomers,CID612177,csv:row=841;comID=CID612177,2-(2-aminophenyl)sulfanylaniline,C1=CC=C(C(=C1)N)SC2=CC=CC=C2N,Nc1ccccc1Sc1ccccc1N,WRRQKFXVKRQPDB-UHFFFAOYSA-N,C12H12N2S,C12H12N2S,216.3,216.309,216.072119,0,15,0,0,2,0,0,0,0,diamine_chain_extender_candidate,rule_medium,amine_group_count>=2,tpuu_or_nipu_building_block,1,True,rdkit_validated,canonical_unique,BSD-3-Clause,reaction_rule_generated,candidate_structure,Gold-V,admitted_reference,0.0,,smipoly-rdkit-role-v1,2026.03.4
chemical_7ca440c1f4ecf49f,ds_smipoly_monomers,CID67833,csv:row=447;comID=CID67833,"2,2,3,3-tetrafluorobutanedioic acid",C(=O)(C(C(C(=O)O)(F)F)(F)F)O,O=C(O)C(F)(F)C(F)(F)C(=O)O,YUDUFRYTKFGQCL-UHFFFAOYSA-N,C4H2F4O4,C4H2F4O4,190.05,190.048,189.988921,0,12,0,0,0,0,2,0,0,polyester_polyol_precursor,rule_medium,carboxylic_acid_group_count>=2,polyol_synthesis_precursor,2,True,rdkit_validated,canonical_unique,BSD-3-Clause,reaction_rule_generated,candidate_structure,Gold-V,admitted_reference,0.0,,smipoly-rdkit-role-v1,2026.03.4
chemical_7cadc49fc9ef1d4f,ds_smipoly_monomers,CID7294,csv:row=68;comID=CID7294,methyl prop-2-enoate,COC(=O)C=C,C=CC(=O)OC,BAPJBEWLBFYGME-UHFFFAOYSA-N,C4H6O2,C4H6O2,86.09,86.09,86.036779,0,6,0,0,0,0,0,0,0,unclassified,none,no_supported_TPU_role_rule_matched,unresolved,9,False,rdkit_validated,canonical_unique,BSD-3-Clause,reaction_rule_generated,candidate_structure,Gold-V,admitted_reference,0.0,,smipoly-rdkit-role-v1,2026.03.4
chemical_7cfac0985e550015,ds_smipoly_monomers,CID67883,csv:row=449;comID=CID67883,1-ethenyl-4-fluorobenzene,C=CC1=CC=C(C=C1)F,C=Cc1ccc(F)cc1,JWVTWJNGILGLAT-UHFFFAOYSA-N,C8H7F,C8H7F,122.14,122.142,122.053178,0,9,0,0,0,0,0,0,0,unclassified,none,no_supported_TPU_role_rule_matched,unresolved,9,False,rdkit_validated,canonical_unique,BSD-3-Clause,reaction_rule_generated,candidate_structure,Gold-V,admitted_reference,0.0,,smipoly-rdkit-role-v1,2026.03.4
chemical_7d07120f236572c0,ds_smipoly_monomers,CID297552,csv:row=792;comID=CID297552,"2,4,5,6-tetrafluorobenzene-1,3-dicarboxylic acid",C1(=C(C(=C(C(=C1F)F)F)C(=O)O)F)C(=O)O,O=C(O)c1c(F)c(F)c(F)c(C(=O)O)c1F,PGRIMKUYGUHAKH-UHFFFAOYSA-N,C8H2F4O4,C8H2F4O4,238.09,238.092,237.988921,0,16,0,0,0,0,2,0,0,polyester_polyol_precursor,rule_medium,carboxylic_acid_group_count>=2,polyol_synthesis_precursor,2,True,rdkit_validated,canonical_unique,BSD-3-Clause,reaction_rule_generated,candidate_structure,Gold-V,admitted_reference,0.0,,smipoly-rdkit-role-v1,2026.03.4
chemical_7d6cbcb169f1118c,ds_smipoly_monomers,CID78949,csv:row=583;comID=CID78949,bicyclo[2.2.1]hept-5-ene-2-carboxylic acid,C1C2CC(C1C=C2)C(=O)O,O=C(O)C1CC2C=CC1C2,FYGUSUBEMUKACF-UHFFFAOYSA-N,C8H10O2,C8H10O2,138.16,138.166,138.06808,0,10,0,0,0,0,1,0,0,unclassified,none,no_supported_TPU_role_rule_matched,unresolved,9,False,rdkit_validated,canonical_unique,BSD-3-Clause,reaction_rule_generated,candidate_structure,Gold-V,admitted_reference,0.0,,smipoly-rdkit-role-v1,2026.03.4
chemical_7d8eaf7265299a3c,ds_smipoly_monomers,CID67551,csv:row=439;comID=CID67551,"2,2,3,3,4,4,5,5,6,6,7,7,8,8,8-pentadecafluorooctyl prop-2-enoate",C=CC(=O)OCC(C(C(C(C(C(C(F)(F)F)(F)F)(F)F)(F)F)(F)F)(F)F)(F)F,C=CC(=O)OCC(F)(F)C(F)(F)C(F)(F)C(F)(F)C(F)(F)C(F)(F)C(F)(F)F,YSQGYEYXKXGAQA-UHFFFAOYSA-N,C11H5F15O2,C11H5F15O2,454.13,454.129,454.005003,0,28,0,0,0,0,0,0,0,unclassified,none,no_supported_TPU_role_rule_matched,unresolved,9,False,rdkit_validated,canonical_unique,BSD-3-Clause,reaction_rule_generated,candidate_structure,Gold-V,admitted_reference,0.0,,smipoly-rdkit-role-v1,2026.03.4
chemical_7da479f6ee8d0a6a,ds_smipoly_monomers,CID18156,csv:row=322;comID=CID18156,"1-[3-(2,5-dioxopyrrol-1-yl)phenyl]pyrrole-2,5-dione",C1=CC(=CC(=C1)N2C(=O)C=CC2=O)N3C(=O)C=CC3=O,O=C1C=CC(=O)N1c1cccc(N2C(=O)C=CC2=O)c1,IPJGAEWUPXWFPL-UHFFFAOYSA-N,C14H8N2O4,C14H8N2O4,268.22,268.228,268.048407,0,20,0,0,0,0,0,0,0,unclassified,none,no_supported_TPU_role_rule_matched,unresolved,9,False,rdkit_validated,canonical_unique,BSD-3-Clause,reaction_rule_generated,candidate_structure,Gold-V,admitted_reference,0.0,,smipoly-rdkit-role-v1,2026.03.4
chemical_7de7ddb147dbd36d,ds_smipoly_monomers,CID44630394,csv:row=1067;comID=CID44630394,11-[4-[(4-butylphenyl)diazenyl]phenoxy]undecyl 2-methylprop-2-enoate,CCCCC1=CC=C(C=C1)N=NC2=CC=C(C=C2)OCCCCCCCCCCCOC(=O)C(=C)C,C=C(C)C(=O)OCCCCCCCCCCCOc1ccc(N=Nc2ccc(CCCC)cc2)cc1,YKWVMKBZDQOJNN-UHFFFAOYSA-N,C31H44N2O3,C31H44N2O3,492.7,492.704,492.335193,0,36,0,0,0,0,0,0,0,unclassified,none,no_supported_TPU_role_rule_matched,unresolved,9,False,rdkit_validated,canonical_unique,BSD-3-Clause,reaction_rule_generated,candidate_structure,Gold-V,admitted_reference,0.0,,smipoly-rdkit-role-v1,2026.03.4
chemical_7decfd7eb369e050,ds_smipoly_monomers,CID7992,csv:row=123;comID=CID7992,1-ethenoxy-2-methylpropane,CC(C)COC=C,C=COCC(C)C,OZCMOJQQLBXBKI-UHFFFAOYSA-N,C6H12O,C6H12O,100.16,100.161,100.088815,0,7,0,0,0,0,0,0,0,unclassified,none,no_supported_TPU_role_rule_matched,unresolved,9,False,rdkit_validated,canonical_unique,BSD-3-Clause,reaction_rule_generated,candidate_structure,Gold-V,admitted_reference,0.0,,smipoly-rdkit-role-v1,2026.03.4
chemical_7eaa2dde5ea14cba,ds_smipoly_monomers,CID7343,csv:row=70;comID=CID7343,ethyl 2-methylprop-2-enoate,CCOC(=O)C(=C)C,C=C(C)C(=O)OCC,SUPCQIBBMFXVTL-UHFFFAOYSA-N,C6H10O2,C6H10O2,114.14,114.144,114.06808,0,8,0,0,0,0,0,0,0,unclassified,none,no_supported_TPU_role_rule_matched,unresolved,9,False,rdkit_validated,canonical_unique,BSD-3-Clause,reaction_rule_generated,candidate_structure,Gold-V,admitted_reference,0.0,,smipoly-rdkit-role-v1,2026.03.4
chemical_7eec20377145fdb7,ds_smipoly_monomers,CID76382,csv:row=547;comID=CID76382,"2,2,4,4-tetramethylcyclobutane-1,3-diol",CC1(C(C(C1O)(C)C)O)C,CC1(C)C(O)C(C)(C)C1O,FQXGHZNSUOHCLO-UHFFFAOYSA-N,C8H16O2,C8H16O2,144.21,144.214,144.11503,0,10,0,2,0,0,0,0,0,diol_chain_extender_candidate,rule_medium,hydroxyl_group_count=2 and RDKit_MolWt<=250,direct_tpu_building_block,1,True,rdkit_validated,canonical_unique,BSD-3-Clause,reaction_rule_generated,candidate_structure,Gold-V,admitted_reference,0.0,,smipoly-rdkit-role-v1,2026.03.4
chemical_7ef619c7ba7aa0ab,ds_smipoly_monomers,CID7499,csv:row=80;comID=CID7499,4-ethenylcyclohexene,C=CC1CCC=CC1,C=CC1CC=CCC1,BBDKZWKEPDTENS-UHFFFAOYSA-N,C8H12,C8H12,108.18,108.184,108.0939,0,8,0,0,0,0,0,0,0,unclassified,none,no_supported_TPU_role_rule_matched,unresolved,9,False,rdkit_validated,canonical_unique,BSD-3-Clause,reaction_rule_generated,candidate_structure,Gold-V,admitted_reference,0.0,,smipoly-rdkit-role-v1,2026.03.4
chemical_7f2e3f15424b8aab,ds_smipoly_monomers,CID24778256,csv:row=1064;comID=CID24778256,"4-[9-(3,4-dihydroxyphenyl)fluoren-9-yl]benzene-1,2-diol",C1=CC=C2C(=C1)C3=CC=CC=C3C2(C4=CC(=C(C=C4)O)O)C5=CC(=C(C=C5)O)O,Oc1ccc(C2(c3ccc(O)c(O)c3)c3ccccc3-c3ccccc32)cc1O,RAIOQXXWEGZKAI-UHFFFAOYSA-N,C25H18O4,C25H18O4,382.4,382.415,382.120509,0,29,0,4,0,0,0,0,0,polyol_crosslinker_candidate,rule_high,hydroxyl_group_count>=3,direct_tpu_building_block,1,True,rdkit_validated,canonical_unique,BSD-3-Clause,reaction_rule_generated,candidate_structure,Gold-V,admitted_reference,0.0,,smipoly-rdkit-role-v1,2026.03.4
chemical_7f5024b6cd027bfa,ds_smipoly_monomers,CID76664,csv:row=552;comID=CID76664,"diethyl 2,2-bis(prop-2-enyl)propanedioate",CCOC(=O)C(CC=C)(CC=C)C(=O)OCC,C=CCC(CC=C)(C(=O)OCC)C(=O)OCC,LYUUVYQGUMRKOV-UHFFFAOYSA-N,C13H20O4,C13H20O4,240.29,240.299,240.136159,0,17,0,0,0,0,0,0,0,unclassified,none,no_supported_TPU_role_rule_matched,unresolved,9,False,rdkit_validated,canonical_unique,BSD-3-Clause,reaction_rule_generated,candidate_structure,Gold-V,admitted_reference,0.0,,smipoly-rdkit-role-v1,2026.03.4
chemical_7fc0d0b6950a3cd9,ds_smipoly_monomers,CID13360,csv:row=233;comID=CID13360,2-hydroxyethyl 2-methylprop-2-enoate,CC(=C)C(=O)OCCO,C=C(C)C(=O)OCCO,WOBHKFSMXKNTIM-UHFFFAOYSA-N,C6H10O3,C6H10O3,130.14,130.143,130.062994,0,9,0,1,0,0,0,0,0,monool_model_compound,rule_medium,hydroxyl_group_count=1,adjacent_model_compound,3,True,rdkit_validated,canonical_unique,BSD-3-Clause,reaction_rule_generated,candidate_structure,Gold-V,admitted_reference,0.0,,smipoly-rdkit-role-v1,2026.03.4
chemical_7fc3cb664f03fe10,ds_smipoly_monomers,CID17887,csv:row=316;comID=CID17887,pentanedioyl dichloride,C(CC(=O)Cl)CC(=O)Cl,O=C(Cl)CCCC(=O)Cl,YVOFTMXWTWHRBH-UHFFFAOYSA-N,C5H6Cl2O2,C5H6Cl2O2,169.0,169.007,167.974485,0,9,0,0,0,0,0,0,0,unclassified,none,no_supported_TPU_role_rule_matched,unresolved,9,False,rdkit_validated,canonical_unique,BSD-3-Clause,reaction_rule_generated,candidate_structure,Gold-V,admitted_reference,0.0,,smipoly-rdkit-role-v1,2026.03.4
chemical_8015e9e013f3ce40,ds_smipoly_monomers,CID14357,csv:row=252;comID=CID14357,"naphthalene-2,6-dicarboxylic acid",C1=CC2=C(C=CC(=C2)C(=O)O)C=C1C(=O)O,O=C(O)c1ccc2cc(C(=O)O)ccc2c1,RXOHFPCZGPKIRD-UHFFFAOYSA-N,C12H8O4,C12H8O4,216.19,216.192,216.042259,0,16,0,0,0,0,2,0,0,polyester_polyol_precursor,rule_medium,carboxylic_acid_group_count>=2,polyol_synthesis_precursor,2,True,rdkit_validated,canonical_unique,BSD-3-Clause,reaction_rule_generated,candidate_structure,Gold-V,admitted_reference,0.0,,smipoly-rdkit-role-v1,2026.03.4
chemical_80496ff371b9552d,ds_smipoly_monomers,CID11904,csv:row=204;comID=CID11904,1-ethenyl-2-methylbenzene,CC1=CC=CC=C1C=C,C=Cc1ccccc1C,NVZWEEGUWXZOKI-UHFFFAOYSA-N,C9H10,C9H10,118.18,118.179,118.07825,0,9,0,0,0,0,0,0,0,unclassified,none,no_supported_TPU_role_rule_matched,unresolved,9,False,rdkit_validated,canonical_unique,BSD-3-Clause,reaction_rule_generated,candidate_structure,Gold-V,admitted_reference,0.0,,smipoly-rdkit-role-v1,2026.03.4
chemical_805dd57ddad5051a,ds_smipoly_monomers,CID6678,csv:row=50;comID=CID6678,"6,13-dioxatetracyclo[6.6.2.04,16.011,15]hexadeca-1(15),2,4(16),8,10-pentaene-5,7,12,14-tetrone",C1=CC2=C3C(=CC=C4C3=C1C(=O)OC4=O)C(=O)OC2=O,O=C1OC(=O)c2ccc3c4c(ccc1c24)C(=O)OC3=O,YTVNOVQHSGMMOV-UHFFFAOYSA-N,C14H4O6,C14H4O6,268.18,268.18,268.000788,0,20,0,0,0,0,0,0,0,unclassified,none,no_supported_TPU_role_rule_matched,unresolved,9,False,rdkit_validated,canonical_unique,BSD-3-Clause,reaction_rule_generated,candidate_structure,Gold-V,admitted_reference,0.0,,smipoly-rdkit-role-v1,2026.03.4
chemical_80cda1f96a10d6d6,ds_smipoly_monomers,CID42654,csv:row=387;comID=CID42654,"4-(2-amino-1,3-thiazol-4-yl)-1,3-thiazol-2-amine",C1=C(N=C(S1)N)C2=CSC(=N2)N,Nc1nc(-c2csc(N)n2)cs1,MRFMTBTUKQIBDI-UHFFFAOYSA-N,C6H6N4S2,C6H6N4S2,198.3,198.276,198.003388,0,12,0,0,2,0,0,0,0,diamine_chain_extender_candidate,rule_medium,amine_group_count>=2,tpuu_or_nipu_building_block,1,True,rdkit_validated,canonical_unique,BSD-3-Clause,reaction_rule_generated,candidate_structure,Gold-V,admitted_reference,0.0,,smipoly-rdkit-role-v1,2026.03.4
chemical_81066449502af505,ds_smipoly_monomers,CID8255,csv:row=135;comID=CID8255,2-methylprop-1-ene,CC(=C)C,C=C(C)C,VQTUBCCKSQIDNK-UHFFFAOYSA-N,C4H8,C4H8,56.11,56.108,56.0626,0,4,0,0,0,0,0,0,0,unclassified,none,no_supported_TPU_role_rule_matched,unresolved,9,False,rdkit_validated,canonical_unique,BSD-3-Clause,reaction_rule_generated,candidate_structure,Gold-V,admitted_reference,0.0,,smipoly-rdkit-role-v1,2026.03.4
chemical_814ccf407498c948,ds_smipoly_monomers,CID80534,csv:row=593;comID=CID80534,"tris(prop-2-enyl) 2-hydroxypropane-1,2,3-tricarboxylate",C=CCOC(=O)CC(CC(=O)OCC=C)(C(=O)OCC=C)O,C=CCOC(=O)CC(O)(CC(=O)OCC=C)C(=O)OCC=C,PLCFYBDYBCOLSP-UHFFFAOYSA-N,C15H20O7,C15H20O7,312.31,312.318,312.120903,0,22,0,1,0,0,0,0,0,monool_model_compound,rule_medium,hydroxyl_group_count=1,adjacent_model_compound,3,True,rdkit_validated,canonical_unique,BSD-3-Clause,reaction_rule_generated,candidate_structure,Gold-V,admitted_reference,0.0,,smipoly-rdkit-role-v1,2026.03.4
chemical_818a07af39d62c83,ds_smipoly_monomers,CID14098,csv:row=249;comID=CID14098,4-ethenylbenzoic acid,C=CC1=CC=C(C=C1)C(=O)O,C=Cc1ccc(C(=O)O)cc1,IRQWEODKXLDORP-UHFFFAOYSA-N,C9H8O2,C9H8O2,148.16,148.161,148.052429,0,11,0,0,0,0,1,0,0,unclassified,none,no_supported_TPU_role_rule_matched,unresolved,9,False,rdkit_validated,canonical_unique,BSD-3-Clause,reaction_rule_generated,candidate_structure,Gold-V,admitted_reference,0.0,,smipoly-rdkit-role-v1,2026.03.4
chemical_81bb9daba3600b0f,ds_smipoly_monomers,CID2733229,csv:row=873;comID=CID2733229,phenyl-tris(prop-2-enyl)silane,C=CC[Si](CC=C)(CC=C)C1=CC=CC=C1,C=CC[Si](CC=C)(CC=C)c1ccccc1,QFCLQSLLAYLBCU-UHFFFAOYSA-N,C15H20Si,C15H20Si,228.4,228.411,228.133427,0,16,0,0,0,0,0,0,0,unclassified,none,no_supported_TPU_role_rule_matched,unresolved,9,False,rdkit_validated,canonical_unique,BSD-3-Clause,reaction_rule_generated,candidate_structure,Gold-V,admitted_reference,0.0,,smipoly-rdkit-role-v1,2026.03.4
chemical_81c17bf446b3cc61,ds_smipoly_monomers,CID400760,csv:row=799;comID=CID400760,4-[10-(4-carboxyphenoxy)decoxy]benzoic acid,C1=CC(=CC=C1C(=O)O)OCCCCCCCCCCOC2=CC=C(C=C2)C(=O)O,O=C(O)c1ccc(OCCCCCCCCCCOc2ccc(C(=O)O)cc2)cc1,XRDKWFXOXXUQJS-UHFFFAOYSA-N,C24H30O6,C24H30O6,414.5,414.498,414.204239,0,30,0,0,0,0,2,0,0,polyester_polyol_precursor,rule_medium,carboxylic_acid_group_count>=2,polyol_synthesis_precursor,2,True,rdkit_validated,canonical_unique,BSD-3-Clause,reaction_rule_generated,candidate_structure,Gold-V,admitted_reference,0.0,,smipoly-rdkit-role-v1,2026.03.4
chemical_81d116877b498cba,ds_smipoly_monomers,CID7834,csv:row=104;comID=CID7834,2-ethyloxirane,CCC1CO1,CCC1CO1,RBACIKXCRWGCBB-UHFFFAOYSA-N,C4H8O,C4H8O,72.11,72.107,72.057515,0,5,0,0,0,0,0,0,1,epoxy_polyol_precursor,rule_medium,epoxide_group_count>=1,polyol_synthesis_precursor,2,True,rdkit_validated,canonical_unique,BSD-3-Clause,reaction_rule_generated,candidate_structure,Gold-V,admitted_reference,0.0,,smipoly-rdkit-role-v1,2026.03.4
chemical_81dc4a8cb1294410,ds_smipoly_monomers,CID74789486,csv:row=1079;comID=CID74789486,"N-[3-(4,4,5,5-tetramethyl-1,3,2-dioxaborolan-2-yl)phenyl]prop-2-enamide",B1(OC(C(O1)(C)C)(C)C)C2=CC(=CC=C2)NC(=O)C=C,C=CC(=O)Nc1cccc(B2OC(C)(C)C(C)(C)O2)c1,WKGCJEIDCOQEPG-UHFFFAOYSA-N,C15H20BNO3,C15H20BNO3,273.14,273.141,273.153624,0,20,0,0,0,0,0,0,0,unclassified,none,no_supported_TPU_role_rule_matched,unresolved,9,False,rdkit_validated,canonical_unique,BSD-3-Clause,reaction_rule_generated,candidate_structure,Gold-V,admitted_reference,0.0,,smipoly-rdkit-role-v1,2026.03.4
chemical_82921d776eb78729,ds_smipoly_monomers,CID136522,csv:row=738;comID=CID136522,4-prop-2-enylmorpholine,C=CCN1CCOCC1,C=CCN1CCOCC1,SUSANAYXICMXBL-UHFFFAOYSA-N,C7H13NO,C7H13NO,127.18,127.187,127.099714,0,9,0,0,0,0,0,0,0,unclassified,none,no_supported_TPU_role_rule_matched,unresolved,9,False,rdkit_validated,canonical_unique,BSD-3-Clause,reaction_rule_generated,candidate_structure,Gold-V,admitted_reference,0.0,,smipoly-rdkit-role-v1,2026.03.4
chemical_831d24f7368b3f75,ds_smipoly_monomers,CID75490,csv:row=526;comID=CID75490,"4-(4-hydroxy-3,5-dimethylphenyl)-2,6-dimethylphenol",CC1=CC(=CC(=C1O)C)C2=CC(=C(C(=C2)C)O)C,Cc1cc(-c2cc(C)c(O)c(C)c2)cc(C)c1O,YGYPMFPGZQPETF-UHFFFAOYSA-N,C16H18O2,C16H18O2,242.31,242.318,242.13068,0,18,0,2,0,0,0,0,0,diol_chain_extender_candidate,rule_medium,hydroxyl_group_count=2 and RDKit_MolWt<=250,direct_tpu_building_block,1,True,rdkit_validated,canonical_unique,BSD-3-Clause,reaction_rule_generated,candidate_structure,Gold-V,admitted_reference,0.0,,smipoly-rdkit-role-v1,2026.03.4
chemical_839266f91ee53ff8,ds_smipoly_monomers,CID59259641,csv:row=1076;comID=CID59259641,"1-but-3-enoxy-2,3,3,4,4,5,5-heptafluorocyclopentene",C=CCCOC1=C(C(C(C1(F)F)(F)F)(F)F)F,C=CCCOC1=C(F)C(F)(F)C(F)(F)C1(F)F,LEWPTLXFUJDZPB-UHFFFAOYSA-N,C9H7F7O,C9H7F7O,264.14,264.14,264.038512,0,17,0,0,0,0,0,0,0,unclassified,none,no_supported_TPU_role_rule_matched,unresolved,9,False,rdkit_validated,canonical_unique,BSD-3-Clause,reaction_rule_generated,candidate_structure,Gold-V,admitted_reference,0.0,,smipoly-rdkit-role-v1,2026.03.4
chemical_83c2e310c060c6e0,ds_smipoly_monomers,CID136749,csv:row=740;comID=CID136749,1-methyl-2-prop-2-enoxybenzene,CC1=CC=CC=C1OCC=C,C=CCOc1ccccc1C,LQOGVESOGIHDSO-UHFFFAOYSA-N,C10H12O,C10H12O,148.2,148.205,148.088815,0,11,0,0,0,0,0,0,0,unclassified,none,no_supported_TPU_role_rule_matched,unresolved,9,False,rdkit_validated,canonical_unique,BSD-3-Clause,reaction_rule_generated,candidate_structure,Gold-V,admitted_reference,0.0,,smipoly-rdkit-role-v1,2026.03.4
chemical_8414c4e3310bebb6,ds_smipoly_monomers,CID578067,csv:row=830;comID=CID578067,3-[(3-carboxyphenyl)diazenyl]benzoic acid,C1=CC(=CC(=C1)N=NC2=CC=CC(=C2)C(=O)O)C(=O)O,O=C(O)c1cccc(N=Nc2cccc(C(=O)O)c2)c1,QBVIXYABUQQSRY-UHFFFAOYSA-N,C14H10N2O4,C14H10N2O4,270.24,270.244,270.064057,0,20,0,0,0,0,2,0,0,polyester_polyol_precursor,rule_medium,carboxylic_acid_group_count>=2,polyol_synthesis_precursor,2,True,rdkit_validated,canonical_unique,BSD-3-Clause,reaction_rule_generated,candidate_structure,Gold-V,admitted_reference,0.0,,smipoly-rdkit-role-v1,2026.03.4
chemical_8422bfa3ba7c8865,ds_smipoly_monomers,CID6966,csv:row=56;comID=CID6966,"furo[3,4-f][2]benzofuran-1,3,5,7-tetrone",C1=C2C(=CC3=C1C(=O)OC3=O)C(=O)OC2=O,O=c1oc(=O)c2cc3c(=O)oc(=O)c3cc12,ANSXAPJVJOKRDJ-UHFFFAOYSA-N,C10H2O6,C10H2O6,218.12,218.12,217.985138,0,16,0,0,0,0,0,0,0,unclassified,none,no_supported_TPU_role_rule_matched,unresolved,9,False,rdkit_validated,canonical_unique,BSD-3-Clause,reaction_rule_generated,candidate_structure,Gold-V,admitted_reference,0.0,,smipoly-rdkit-role-v1,2026.03.4
chemical_845a632efe9ec8c1,ds_smipoly_monomers,CID61034,csv:row=393;comID=CID61034,hexanedioyl dichloride,C(CCC(=O)Cl)CC(=O)Cl,O=C(Cl)CCCCC(=O)Cl,PWAXUOGZOSVGBO-UHFFFAOYSA-N,C6H8Cl2O2,C6H8Cl2O2,183.03,183.034,181.990135,0,10,0,0,0,0,0,0,0,unclassified,none,no_supported_TPU_role_rule_matched,unresolved,9,False,rdkit_validated,canonical_unique,BSD-3-Clause,reaction_rule_generated,candidate_structure,Gold-V,admitted_reference,0.0,,smipoly-rdkit-role-v1,2026.03.4
chemical_846caa9cdab96b23,ds_smipoly_monomers,CID11397,csv:row=194;comID=CID11397,"naphthalene-2,7-diol",C1=CC(=CC2=C1C=CC(=C2)O)O,Oc1ccc2ccc(O)cc2c1,DFQICHCWIIJABH-UHFFFAOYSA-N,C10H8O2,C10H8O2,160.17,160.172,160.052429,0,12,0,2,0,0,0,0,0,diol_chain_extender_candidate,rule_medium,hydroxyl_group_count=2 and RDKit_MolWt<=250,direct_tpu_building_block,1,True,rdkit_validated,canonical_unique,BSD-3-Clause,reaction_rule_generated,candidate_structure,Gold-V,admitted_reference,0.0,,smipoly-rdkit-role-v1,2026.03.4
chemical_84bada7f041fe048,ds_smipoly_monomers,CID83410,csv:row=623;comID=CID83410,hexadecyl prop-2-enoate,CCCCCCCCCCCCCCCCOC(=O)C=C,C=CC(=O)OCCCCCCCCCCCCCCCC,PZDUWXKXFAIFOR-UHFFFAOYSA-N,C19H36O2,C19H36O2,296.5,296.495,296.27153,0,21,0,0,0,0,0,0,0,unclassified,none,no_supported_TPU_role_rule_matched,unresolved,9,False,rdkit_validated,canonical_unique,BSD-3-Clause,reaction_rule_generated,candidate_structure,Gold-V,admitted_reference,0.0,,smipoly-rdkit-role-v1,2026.03.4
chemical_85e48533d37c6fe0,ds_smipoly_monomers,CID77495,csv:row=570;comID=CID77495,"N,2-dimethylprop-2-enamide",CC(=C)C(=O)NC,C=C(C)C(=O)NC,WFKDPJRCBCBQNT-UHFFFAOYSA-N,C5H9NO,C5H9NO,99.13,99.133,99.068414,0,7,0,0,0,0,0,0,0,unclassified,none,no_supported_TPU_role_rule_matched,unresolved,9,False,rdkit_validated,canonical_unique,BSD-3-Clause,reaction_rule_generated,candidate_structure,Gold-V,admitted_reference,0.0,,smipoly-rdkit-role-v1,2026.03.4
chemical_85e4b79af51fee32,ds_smipoly_monomers,CID136270,csv:row=736;comID=CID136270,"2,2,3,3-tetrafluorobutane-1,4-diol",C(C(C(CO)(F)F)(F)F)O,OCC(F)(F)C(F)(F)CO,CDZXJJOGDCLNKX-UHFFFAOYSA-N,C4H6F4O2,C4H6F4O2,162.08,162.082,162.030392,0,10,0,2,0,0,0,0,0,diol_chain_extender_candidate,rule_medium,hydroxyl_group_count=2 and RDKit_MolWt<=250,direct_tpu_building_block,1,True,rdkit_validated,canonical_unique,BSD-3-Clause,reaction_rule_generated,candidate_structure,Gold-V,admitted_reference,0.0,,smipoly-rdkit-role-v1,2026.03.4
chemical_85fc8d665b4e8b21,ds_smipoly_monomers,CID13165,csv:row=227;comID=CID13165,2-hydroxyethyl prop-2-enoate,C=CC(=O)OCCO,C=CC(=O)OCCO,OMIGHNLMNHATMP-UHFFFAOYSA-N,C5H8O3,C5H8O3,116.11,116.116,116.047344,0,8,0,1,0,0,0,0,0,monool_model_compound,rule_medium,hydroxyl_group_count=1,adjacent_model_compound,3,True,rdkit_validated,canonical_unique,BSD-3-Clause,reaction_rule_generated,candidate_structure,Gold-V,admitted_reference,0.0,,smipoly-rdkit-role-v1,2026.03.4
chemical_8604314930f62ace,ds_smipoly_monomers,CID84485,csv:row=629;comID=CID84485,3-[dimethoxy(methyl)silyl]propyl 2-methylprop-2-enoate,CC(=C)C(=O)OCCC[Si](C)(OC)OC,C=C(C)C(=O)OCCC[Si](C)(OC)OC,LZMNXXQIQIHFGC-UHFFFAOYSA-N,C10H20O4Si,C10H20O4Si,232.35,232.352,232.113086,0,15,0,0,0,0,0,0,0,unclassified,none,no_supported_TPU_role_rule_matched,unresolved,9,False,rdkit_validated,canonical_unique,BSD-3-Clause,reaction_rule_generated,candidate_structure,Gold-V,admitted_reference,0.0,,smipoly-rdkit-role-v1,2026.03.4
chemical_86312138c504e7fc,ds_smipoly_monomers,CID23872,csv:row=357;comID=CID23872,2-hexadecyloxirane,CCCCCCCCCCCCCCCCC1CO1,CCCCCCCCCCCCCCCCC1CO1,QBJWYMFTMJFGOL-UHFFFAOYSA-N,C18H36O,C18H36O,268.5,268.485,268.276616,0,19,0,0,0,0,0,0,1,epoxy_polyol_precursor,rule_medium,epoxide_group_count>=1,polyol_synthesis_precursor,2,True,rdkit_validated,canonical_unique,BSD-3-Clause,reaction_rule_generated,candidate_structure,Gold-V,admitted_reference,0.0,,smipoly-rdkit-role-v1,2026.03.4
chemical_867bf64d6a9d95cb,ds_smipoly_monomers,CID18604,csv:row=334;comID=CID18604,2-dodecyloxirane,CCCCCCCCCCCCC1CO1,CCCCCCCCCCCCC1CO1,IOHJQSFEAYDZGF-UHFFFAOYSA-N,C14H28O,C14H28O,212.37,212.377,212.214016,0,15,0,0,0,0,0,0,1,epoxy_polyol_precursor,rule_medium,epoxide_group_count>=1,polyol_synthesis_precursor,2,True,rdkit_validated,canonical_unique,BSD-3-Clause,reaction_rule_generated,candidate_structure,Gold-V,admitted_reference,0.0,,smipoly-rdkit-role-v1,2026.03.4
chemical_86a5761d106e4334,ds_smipoly_monomers,CID1017,csv:row=10;comID=CID1017,phthalic acid,C1=CC=C(C(=C1)C(=O)O)C(=O)O,O=C(O)c1ccccc1C(=O)O,XNGIFLGASWRNHJ-UHFFFAOYSA-N,C8H6O4,C8H6O4,166.13,166.132,166.026609,0,12,0,0,0,0,2,0,0,polyester_polyol_precursor,rule_medium,carboxylic_acid_group_count>=2,polyol_synthesis_precursor,2,True,rdkit_validated,canonical_unique,BSD-3-Clause,reaction_rule_generated,candidate_structure,Gold-V,admitted_reference,0.0,,smipoly-rdkit-role-v1,2026.03.4
chemical_86c35f3bcba3bb2d,ds_smipoly_monomers,CID18968080,csv:row=1043;comID=CID18968080,4-(4-amino-3-ethylphenyl)-2-ethylaniline;dihydrochloride,CCC1=C(C=CC(=C1)C2=CC(=C(C=C2)N)CC)N.Cl.Cl,CCc1cc(-c2ccc(N)c(CC)c2)ccc1N.Cl.Cl,DQPPOEIMMLEMPW-UHFFFAOYSA-N,C16H22Cl2N2,C16H22Cl2N2,313.3,313.272,312.116004,0,20,0,0,2,0,0,0,0,diamine_chain_extender_candidate,rule_medium,amine_group_count>=2,tpuu_or_nipu_building_block,1,True,rdkit_validated,canonical_unique,BSD-3-Clause,reaction_rule_generated,candidate_structure,Gold-V,admitted_reference,0.0,,smipoly-rdkit-role-v1,2026.03.4
chemical_87a367258d5b277a,ds_smipoly_monomers,CID62140,csv:row=402;comID=CID62140,ethenyl decanoate,CCCCCCCCCC(=O)OC=C,C=COC(=O)CCCCCCCCC,CMDXMIHZUJPRHG-UHFFFAOYSA-N,C12H22O2,C12H22O2,198.3,198.306,198.16198,0,14,0,0,0,0,0,0,0,unclassified,none,no_supported_TPU_role_rule_matched,unresolved,9,False,rdkit_validated,canonical_unique,BSD-3-Clause,reaction_rule_generated,candidate_structure,Gold-V,admitted_reference,0.0,,smipoly-rdkit-role-v1,2026.03.4
chemical_87a95746334735d6,ds_smipoly_monomers,CID7352,csv:row=71;comID=CID7352,2-methylpropyl 2-methylprop-2-enoate,CC(C)COC(=O)C(=C)C,C=C(C)C(=O)OCC(C)C,RUMACXVDVNRZJZ-UHFFFAOYSA-N,C8H14O2,C8H14O2,142.2,142.198,142.09938,0,10,0,0,0,0,0,0,0,unclassified,none,no_supported_TPU_role_rule_matched,unresolved,9,False,rdkit_validated,canonical_unique,BSD-3-Clause,reaction_rule_generated,candidate_structure,Gold-V,admitted_reference,0.0,,smipoly-rdkit-role-v1,2026.03.4
chemical_87c97db266a5cb23,ds_smipoly_monomers,CID8108,csv:row=131;comID=CID8108,1-ethenoxybutane,CCCCOC=C,C=COCCCC,UZKWTJUDCOPSNM-UHFFFAOYSA-N,C6H12O,C6H12O,100.16,100.161,100.088815,0,7,0,0,0,0,0,0,0,unclassified,none,no_supported_TPU_role_rule_matched,unresolved,9,False,rdkit_validated,canonical_unique,BSD-3-Clause,reaction_rule_generated,candidate_structure,Gold-V,admitted_reference,0.0,,smipoly-rdkit-role-v1,2026.03.4
chemical_888cad4980f46802,ds_smipoly_monomers,CID7555,csv:row=86;comID=CID7555,"2,4,6-tris(prop-2-enoxy)-1,3,5-triazine",C=CCOC1=NC(=NC(=N1)OCC=C)OCC=C,C=CCOc1nc(OCC=C)nc(OCC=C)n1,BJELTSYBAHKXRW-UHFFFAOYSA-N,C12H15N3O3,C12H15N3O3,249.27,249.27,249.111341,0,18,0,0,0,0,0,0,0,unclassified,none,no_supported_TPU_role_rule_matched,unresolved,9,False,rdkit_validated,canonical_unique,BSD-3-Clause,reaction_rule_generated,candidate_structure,Gold-V,admitted_reference,0.0,,smipoly-rdkit-role-v1,2026.03.4
chemical_88d5e69b40f4cfa6,ds_smipoly_monomers,CID19262,csv:row=339;comID=CID19262,"1,3-bis(isocyanatomethyl)benzene",C1=CC(=CC(=C1)CN=C=O)CN=C=O,O=C=NCc1cccc(CN=C=O)c1,RTTZISZSHSCFRH-UHFFFAOYSA-N,C10H8N2O2,C10H8N2O2,188.18,188.186,188.058577,0,14,2,0,0,0,0,0,0,di_polyisocyanate_candidate,rule_high,isocyanate_group_count>=2,direct_tpu_building_block,1,True,rdkit_validated,canonical_unique,BSD-3-Clause,reaction_rule_generated,candidate_structure,Gold-V,admitted_reference,0.0,,smipoly-rdkit-role-v1,2026.03.4
chemical_88db8579ff16d549,ds_smipoly_monomers,CID7529,csv:row=84;comID=CID7529,1-ethenyl-3-methylbenzene,CC1=CC(=CC=C1)C=C,C=Cc1cccc(C)c1,JZHGRUMIRATHIU-UHFFFAOYSA-N,C9H10,C9H10,118.18,118.179,118.07825,0,9,0,0,0,0,0,0,0,unclassified,none,no_supported_TPU_role_rule_matched,unresolved,9,False,rdkit_validated,canonical_unique,BSD-3-Clause,reaction_rule_generated,candidate_structure,Gold-V,admitted_reference,0.0,,smipoly-rdkit-role-v1,2026.03.4
chemical_88e6244c2230becb,ds_smipoly_monomers,CID73700,csv:row=493;comID=CID73700,4-ethenylaniline,C=CC1=CC=C(C=C1)N,C=Cc1ccc(N)cc1,LBSXSAXOLABXMF-UHFFFAOYSA-N,C8H9N,C8H9N,119.16,119.167,119.073499,0,9,0,0,1,0,0,0,0,monoamine_model_compound,rule_medium,amine_group_count=1,adjacent_model_compound,3,True,rdkit_validated,canonical_unique,BSD-3-Clause,reaction_rule_generated,candidate_structure,Gold-V,admitted_reference,0.0,,smipoly-rdkit-role-v1,2026.03.4
chemical_890600333caaefa2,ds_smipoly_monomers,CID99835,csv:row=695;comID=CID99835,"bicyclo[2.2.1]heptane-2,3-dicarboxylic acid",C1CC2CC1C(C2C(=O)O)C(=O)O,O=C(O)C1C2CCC(C2)C1C(=O)O,IVVOCRBADNIWDM-UHFFFAOYSA-N,C9H12O4,C9H12O4,184.19,184.191,184.073559,0,13,0,0,0,0,2,0,0,polyester_polyol_precursor,rule_medium,carboxylic_acid_group_count>=2,polyol_synthesis_precursor,2,True,rdkit_validated,canonical_unique,BSD-3-Clause,reaction_rule_generated,candidate_structure,Gold-V,admitted_reference,0.0,,smipoly-rdkit-role-v1,2026.03.4
chemical_891185ef9f51dcba,ds_smipoly_monomers,CID61059,csv:row=395;comID=CID61059,2-(2-sulfanylacetyl)oxyethyl 2-sulfanylacetate,C(COC(=O)CS)OC(=O)CS,O=C(CS)OCCOC(=O)CS,PSYGHMBJXWRQFD-UHFFFAOYSA-N,C6H10O4S2,C6H10O4S2,210.3,210.276,210.002051,0,12,0,0,0,2,0,0,0,polythiol_adjacent_candidate,rule_medium,thiol_group_count>=2,adjacent_reactive_building_block,3,True,rdkit_validated,canonical_unique,BSD-3-Clause,reaction_rule_generated,candidate_structure,Gold-V,admitted_reference,0.0,,smipoly-rdkit-role-v1,2026.03.4
chemical_891c56f2d2cc568f,ds_smipoly_monomers,CID12777,csv:row=217;comID=CID12777,6-propyloxan-2-one,CCCC1CCCC(=O)O1,CCCC1CCCC(=O)O1,FYTRVXSHONWYNE-UHFFFAOYSA-N,C8H14O2,C8H14O2,142.2,142.198,142.09938,0,10,0,0,0,0,0,0,0,unclassified,none,no_supported_TPU_role_rule_matched,unresolved,9,False,rdkit_validated,canonical_unique,BSD-3-Clause,reaction_rule_generated,candidate_structure,Gold-V,admitted_reference,0.0,,smipoly-rdkit-role-v1,2026.03.4
chemical_895e32c0f1769d70,ds_smipoly_monomers,CID95071,csv:row=680;comID=CID95071,2-[4-[4-(2-hydroxyethoxy)phenyl]sulfonylphenoxy]ethanol,C1=CC(=CC=C1OCCO)S(=O)(=O)C2=CC=C(C=C2)OCCO,O=S(=O)(c1ccc(OCCO)cc1)c1ccc(OCCO)cc1,UTNSTOOXQPHXJQ-UHFFFAOYSA-N,C16H18O6S,C16H18O6S,338.4,338.381,338.082409,0,23,0,2,0,0,0,0,0,macrodiol_polyol_candidate,rule_medium,hydroxyl_group_count=2 and RDKit_MolWt>250,direct_tpu_building_block,1,True,rdkit_validated,canonical_unique,BSD-3-Clause,reaction_rule_generated,candidate_structure,Gold-V,admitted_reference,0.0,,smipoly-rdkit-role-v1,2026.03.4
chemical_89e845f97cd1d554,ds_smipoly_monomers,CID23546,csv:row=355;comID=CID23546,4-(4-carbonochloridoylphenoxy)benzoyl chloride,C1=CC(=CC=C1C(=O)Cl)OC2=CC=C(C=C2)C(=O)Cl,O=C(Cl)c1ccc(Oc2ccc(C(=O)Cl)cc2)cc1,OSUWBBMPVXVSOA-UHFFFAOYSA-N,C14H8Cl2O3,C14H8Cl2O3,295.1,295.121,293.985049,0,19,0,0,0,0,0,0,0,unclassified,none,no_supported_TPU_role_rule_matched,unresolved,9,False,rdkit_validated,canonical_unique,BSD-3-Clause,reaction_rule_generated,candidate_structure,Gold-V,admitted_reference,0.0,,smipoly-rdkit-role-v1,2026.03.4
chemical_8a014180726e5689,ds_smipoly_monomers,CID25689,csv:row=365;comID=CID25689,4-[4-[4-(4-aminophenoxy)phenyl]sulfonylphenoxy]aniline,C1=CC(=CC=C1N)OC2=CC=C(C=C2)S(=O)(=O)C3=CC=C(C=C3)OC4=CC=C(C=C4)N,Nc1ccc(Oc2ccc(S(=O)(=O)c3ccc(Oc4ccc(N)cc4)cc3)cc2)cc1,UTDAGHZGKXPRQI-UHFFFAOYSA-N,C24H20N2O4S,C24H20N2O4S,432.5,432.501,432.114378,0,31,0,0,2,0,0,0,0,diamine_chain_extender_candidate,rule_medium,amine_group_count>=2,tpuu_or_nipu_building_block,1,True,rdkit_validated,canonical_unique,BSD-3-Clause,reaction_rule_generated,candidate_structure,Gold-V,admitted_reference,0.0,,smipoly-rdkit-role-v1,2026.03.4
chemical_8a05bf63018849b7,ds_smipoly_monomers,CID18233,csv:row=324;comID=CID18233,"1,4-dioxan-2-one",C1COC(=O)CO1,O=C1COCCO1,VPVXHAANQNHFSF-UHFFFAOYSA-N,C4H6O3,C4H6O3,102.09,102.089,102.031694,0,7,0,0,0,0,0,0,0,unclassified,none,no_supported_TPU_role_rule_matched,unresolved,9,False,rdkit_validated,canonical_unique,BSD-3-Clause,reaction_rule_generated,candidate_structure,Gold-V,admitted_reference,0.0,,smipoly-rdkit-role-v1,2026.03.4
chemical_8a2b721addf78329,ds_smipoly_monomers,CID13001872,csv:row=1016;comID=CID13001872,"8-tricyclo[5.2.1.02,6]decanyl prop-2-enoate",C=CC(=O)OC1CC2CC1C3C2CCC3,C=CC(=O)OC1CC2CC1C1CCCC21,BDYXPMNDZDGGTI-UHFFFAOYSA-N,C13H18O2,C13H18O2,206.28,206.285,206.13068,0,15,0,0,0,0,0,0,0,unclassified,none,no_supported_TPU_role_rule_matched,unresolved,9,False,rdkit_validated,canonical_unique,BSD-3-Clause,reaction_rule_generated,candidate_structure,Gold-V,admitted_reference,0.0,,smipoly-rdkit-role-v1,2026.03.4
chemical_8a37a031f9bb9e7e,ds_smipoly_monomers,CID91972128,csv:row=1080;comID=CID91972128,2-[10-(dicyanomethylidene)-3-ethenylanthracen-9-ylidene]propanedinitrile,C=CC1=CC2=C(C=C1)C(=C(C#N)C#N)C3=CC=CC=C3C2=C(C#N)C#N,C=Cc1ccc2c(=C(C#N)C#N)c3ccccc3c(=C(C#N)C#N)c2c1,SUTLXPZYDBOIRV-UHFFFAOYSA-N,C22H10N4,C22H10N4,330.3,330.35,330.090546,0,26,0,0,0,0,0,0,0,unclassified,none,no_supported_TPU_role_rule_matched,unresolved,9,False,rdkit_validated,canonical_unique,BSD-3-Clause,reaction_rule_generated,candidate_structure,Gold-V,admitted_reference,0.0,,smipoly-rdkit-role-v1,2026.03.4
chemical_8af6debd2171256d,ds_smipoly_monomers,CID1066,csv:row=13;comID=CID1066,"pyridine-2,3-dicarboxylic acid",C1=CC(=C(N=C1)C(=O)O)C(=O)O,O=C(O)c1cccnc1C(=O)O,GJAWHXHKYYXBSV-UHFFFAOYSA-N,C7H5NO4,C7H5NO4,167.12,167.12,167.021858,0,12,0,0,0,0,2,0,0,polyester_polyol_precursor,rule_medium,carboxylic_acid_group_count>=2,polyol_synthesis_precursor,2,True,rdkit_validated,canonical_unique,BSD-3-Clause,reaction_rule_generated,candidate_structure,Gold-V,admitted_reference,0.0,,smipoly-rdkit-role-v1,2026.03.4
chemical_8b062cf206c3f65c,ds_smipoly_monomers,CID136844,csv:row=741;comID=CID136844,"tetracyclo[6.2.1.13,6.02,7]dodec-4-ene",C1CC2CC1C3C2C4CC3C=C4,C1=CC2CC1C1C3CCC(C3)C21,XBFJAVXCNXDMBH-UHFFFAOYSA-N,C12H16,C12H16,160.25,160.26,160.125201,0,12,0,0,0,0,0,0,0,unclassified,none,no_supported_TPU_role_rule_matched,unresolved,9,False,rdkit_validated,canonical_unique,BSD-3-Clause,reaction_rule_generated,candidate_structure,Gold-V,admitted_reference,0.0,,smipoly-rdkit-role-v1,2026.03.4
chemical_8b0c8bf0f15246fa,ds_smipoly_monomers,CID65360,csv:row=415;comID=CID65360,2-methyl-2-(prop-2-enoylamino)propane-1-sulfonic acid,CC(C)(CS(=O)(=O)O)NC(=O)C=C,C=CC(=O)NC(C)(C)CS(=O)(=O)O,XHZPRMZZQOIPDS-UHFFFAOYSA-N,C7H13NO4S,C7H13NO4S,207.25,207.251,207.056529,0,13,0,0,0,0,0,0,0,unclassified,none,no_supported_TPU_role_rule_matched,unresolved,9,False,rdkit_validated,canonical_unique,BSD-3-Clause,reaction_rule_generated,candidate_structure,Gold-V,admitted_reference,0.0,,smipoly-rdkit-role-v1,2026.03.4
chemical_8b67c2da12583d1b,ds_smipoly_monomers,CID633763,csv:row=858;comID=CID633763,"4-[2-(4-carboxyphenyl)-1,1,1,3,3,3-hexafluoropropan-2-yl]benzoic acid",C1=CC(=CC=C1C(=O)O)C(C2=CC=C(C=C2)C(=O)O)(C(F)(F)F)C(F)(F)F,O=C(O)c1ccc(C(c2ccc(C(=O)O)cc2)(C(F)(F)F)C(F)(F)F)cc1,PHQYMDAUTAXXFZ-UHFFFAOYSA-N,C17H10F6O4,C17H10F6O4,392.25,392.251,392.048328,0,27,0,0,0,0,2,0,0,polyester_polyol_precursor,rule_medium,carboxylic_acid_group_count>=2,polyol_synthesis_precursor,2,True,rdkit_validated,canonical_unique,BSD-3-Clause,reaction_rule_generated,candidate_structure,Gold-V,admitted_reference,0.0,,smipoly-rdkit-role-v1,2026.03.4
chemical_8bc8b4dbab7840e3,ds_smipoly_monomers,CID160824,csv:row=751;comID=CID160824,"2,5-dimethylbenzene-1,4-diamine",CC1=CC(=C(C=C1N)C)N,Cc1cc(N)c(C)cc1N,BWAPJIHJXDYDPW-UHFFFAOYSA-N,C8H12N2,C8H12N2,136.19,136.198,136.100048,0,10,0,0,2,0,0,0,0,diamine_chain_extender_candidate,rule_medium,amine_group_count>=2,tpuu_or_nipu_building_block,1,True,rdkit_validated,canonical_unique,BSD-3-Clause,reaction_rule_generated,candidate_structure,Gold-V,admitted_reference,0.0,,smipoly-rdkit-role-v1,2026.03.4
chemical_8bdd8e406ef8615e,ds_smipoly_monomers,CID18819,csv:row=337;comID=CID18819,trimethoxy-[2-(7-oxabicyclo[4.1.0]heptan-3-yl)ethyl]silane,CO[Si](CCC1CCC2C(C1)O2)(OC)OC,CO[Si](CCC1CCC2OC2C1)(OC)OC,DQZNLOXENNXVAD-UHFFFAOYSA-N,C11H22O4Si,C11H22O4Si,246.37,246.379,246.128736,0,16,0,0,0,0,0,0,1,epoxy_polyol_precursor,rule_medium,epoxide_group_count>=1,polyol_synthesis_precursor,2,True,rdkit_validated,canonical_unique,BSD-3-Clause,reaction_rule_generated,candidate_structure,Gold-V,admitted_reference,0.0,,smipoly-rdkit-role-v1,2026.03.4
chemical_8bf4ce72c83c5d86,ds_smipoly_monomers,CID3301396,csv:row=912;comID=CID3301396,"2,2-bis(hydroxymethyl)butanoic acid",CCC(CO)(CO)C(=O)O,CCC(CO)(CO)C(=O)O,JVYDLYGCSIHCMR-UHFFFAOYSA-N,C6H12O4,C6H12O4,148.16,148.158,148.073559,0,10,0,2,0,0,1,0,0,diol_chain_extender_candidate,rule_medium,hydroxyl_group_count=2 and RDKit_MolWt<=250,direct_tpu_building_block,1,True,rdkit_validated,canonical_unique,BSD-3-Clause,reaction_rule_generated,candidate_structure,Gold-V,admitted_reference,0.0,,smipoly-rdkit-role-v1,2026.03.4
chemical_8c008c6ffc8f8b18,ds_smipoly_monomers,CID98357,csv:row=692;comID=CID98357,2-[(2-methoxyphenoxy)methyl]oxirane,COC1=CC=CC=C1OCC2CO2,COc1ccccc1OCC1CO1,RJNVSQLNEALZLC-UHFFFAOYSA-N,C10H12O3,C10H12O3,180.2,180.203,180.078644,0,13,0,0,0,0,0,0,1,epoxy_polyol_precursor,rule_medium,epoxide_group_count>=1,polyol_synthesis_precursor,2,True,rdkit_validated,canonical_unique,BSD-3-Clause,reaction_rule_generated,candidate_structure,Gold-V,admitted_reference,0.0,,smipoly-rdkit-role-v1,2026.03.4
chemical_8c7dbdaf373c9297,ds_smipoly_monomers,CID17259,csv:row=301;comID=CID17259,hexyl prop-2-enoate,CCCCCCOC(=O)C=C,C=CC(=O)OCCCCCC,LNMQRPPRQDGUDR-UHFFFAOYSA-N,C9H16O2,C9H16O2,156.22,156.225,156.11503,0,11,0,0,0,0,0,0,0,unclassified,none,no_supported_TPU_role_rule_matched,unresolved,9,False,rdkit_validated,canonical_unique,BSD-3-Clause,reaction_rule_generated,candidate_structure,Gold-V,admitted_reference,0.0,,smipoly-rdkit-role-v1,2026.03.4
chemical_8cf2aca59b745482,ds_smipoly_monomers,CID162320,csv:row=752;comID=CID162320,"6-[2-(2-methylimidazol-1-yl)ethyl]-1,3,5-triazine-2,4-diamine",CC1=NC=CN1CCC2=NC(=NC(=N2)N)N,Cc1nccn1CCc1nc(N)nc(N)n1,DRQWQDPSMJHCCM-UHFFFAOYSA-N,C9H13N7,C9H13N7,219.25,219.252,219.123243,0,16,0,0,2,0,0,0,0,diamine_chain_extender_candidate,rule_medium,amine_group_count>=2,tpuu_or_nipu_building_block,1,True,rdkit_validated,canonical_unique,BSD-3-Clause,reaction_rule_generated,candidate_structure,Gold-V,admitted_reference,0.0,,smipoly-rdkit-role-v1,2026.03.4
chemical_8da36841c4627124,ds_smipoly_monomers,CID68442,csv:row=455;comID=CID68442,"1H-imidazole-4,5-dicarboxylic acid",C1=NC(=C(N1)C(=O)O)C(=O)O,O=C(O)c1nc[nH]c1C(=O)O,ZEVWQFWTGHFIDH-UHFFFAOYSA-N,C5H4N2O4,C5H4N2O4,156.1,156.097,156.017107,0,11,0,0,0,0,2,0,0,polyester_polyol_precursor,rule_medium,carboxylic_acid_group_count>=2,polyol_synthesis_precursor,2,True,rdkit_validated,canonical_unique,BSD-3-Clause,reaction_rule_generated,candidate_structure,Gold-V,admitted_reference,0.0,,smipoly-rdkit-role-v1,2026.03.4
chemical_8da3a3b112d64048,ds_smipoly_monomers,CID141153,csv:row=743;comID=CID141153,"2,4-dimethylpentane-2,4-diol",CC(C)(CC(C)(C)O)O,CC(C)(O)CC(C)(C)O,DBTGFWMBFZBBEF-UHFFFAOYSA-N,C7H16O2,C7H16O2,132.2,132.203,132.11503,0,9,0,2,0,0,0,0,0,diol_chain_extender_candidate,rule_medium,hydroxyl_group_count=2 and RDKit_MolWt<=250,direct_tpu_building_block,1,True,rdkit_validated,canonical_unique,BSD-3-Clause,reaction_rule_generated,candidate_structure,Gold-V,admitted_reference,0.0,,smipoly-rdkit-role-v1,2026.03.4
chemical_8dad841d1a595e6b,ds_smipoly_monomers,CID125401955,csv:row=1083;comID=CID125401955,3-tris(prop-2-enyl)silylpropyl 2-methylprop-2-enoate,CC(=C)C(=O)OCCC[Si](CC=C)(CC=C)CC=C,C=CC[Si](CC=C)(CC=C)CCCOC(=O)C(=C)C,DZQKPAZSDBDDET-UHFFFAOYSA-N,C16H26O2Si,C16H26O2Si,278.46,278.468,278.170207,0,19,0,0,0,0,0,0,0,unclassified,none,no_supported_TPU_role_rule_matched,unresolved,9,False,rdkit_validated,canonical_unique,BSD-3-Clause,reaction_rule_generated,candidate_structure,Gold-V,admitted_reference,0.0,,smipoly-rdkit-role-v1,2026.03.4
chemical_8e1a220ba73d1fe6,ds_smipoly_monomers,CID78944,csv:row=581;comID=CID78944,2-prop-2-enylcyclohexan-1-one,C=CCC1CCCCC1=O,C=CCC1CCCCC1=O,UPGHEUSRLZSXAE-UHFFFAOYSA-N,C9H14O,C9H14O,138.21,138.21,138.104465,0,10,0,0,0,0,0,0,0,unclassified,none,no_supported_TPU_role_rule_matched,unresolved,9,False,rdkit_validated,canonical_unique,BSD-3-Clause,reaction_rule_generated,candidate_structure,Gold-V,admitted_reference,0.0,,smipoly-rdkit-role-v1,2026.03.4
chemical_8e26c18821d3aa78,ds_smipoly_monomers,CID17587,csv:row=309;comID=CID17587,"N,N-dimethylprop-2-enamide",CN(C)C(=O)C=C,C=CC(=O)N(C)C,YLGYACDQVQQZSW-UHFFFAOYSA-N,C5H9NO,C5H9NO,99.13,99.133,99.068414,0,7,0,0,0,0,0,0,0,unclassified,none,no_supported_TPU_role_rule_matched,unresolved,9,False,rdkit_validated,canonical_unique,BSD-3-Clause,reaction_rule_generated,candidate_structure,Gold-V,admitted_reference,0.0,,smipoly-rdkit-role-v1,2026.03.4
chemical_8ebfe2d2f4c75f90,ds_smipoly_monomers,CID13385,csv:row=234;comID=CID13385,"1,3-dioxol-2-one",C1=COC(=O)O1,O=c1occo1,VAYTZRYEBVHVLE-UHFFFAOYSA-N,C3H2O3,C3H2O3,86.05,86.046,86.000394,0,6,0,0,0,0,0,0,0,unclassified,none,no_supported_TPU_role_rule_matched,unresolved,9,False,rdkit_validated,canonical_unique,BSD-3-Clause,reaction_rule_generated,candidate_structure,Gold-V,admitted_reference,0.0,,smipoly-rdkit-role-v1,2026.03.4
chemical_8ee3ec784a65ee7f,ds_smipoly_monomers,CID170752,csv:row=764;comID=CID170752,2-(2-methoxyethoxy)ethyl 2-methylprop-2-enoate,CC(=C)C(=O)OCCOCCOC,C=C(C)C(=O)OCCOCCOC,DAVVKEZTUOGEAK-UHFFFAOYSA-N,C9H16O4,C9H16O4,188.22,188.223,188.104859,0,13,0,0,0,0,0,0,0,unclassified,none,no_supported_TPU_role_rule_matched,unresolved,9,False,rdkit_validated,canonical_unique,BSD-3-Clause,reaction_rule_generated,candidate_structure,Gold-V,admitted_reference,0.0,,smipoly-rdkit-role-v1,2026.03.4
chemical_8ee5a4115d6a13de,ds_smipoly_monomers,CID17719,csv:row=311;comID=CID17719,"1,3-bis(2-isocyanatopropan-2-yl)benzene",CC(C)(C1=CC(=CC=C1)C(C)(C)N=C=O)N=C=O,CC(C)(N=C=O)c1cccc(C(C)(C)N=C=O)c1,AZYRZNIYJDKRHO-UHFFFAOYSA-N,C14H16N2O2,C14H16N2O2,244.29,244.294,244.121178,0,18,2,0,0,0,0,0,0,di_polyisocyanate_candidate,rule_high,isocyanate_group_count>=2,direct_tpu_building_block,1,True,rdkit_validated,canonical_unique,BSD-3-Clause,reaction_rule_generated,candidate_structure,Gold-V,admitted_reference,0.0,,smipoly-rdkit-role-v1,2026.03.4
chemical_8ef06b24ba6fc14d,ds_smipoly_monomers,CID70236,csv:row=480;comID=CID70236,"pentane-1,5-dithiol",C(CCS)CCS,SCCCCCS,KMTUBAIXCBHPIZ-UHFFFAOYSA-N,C5H12S2,C5H12S2,136.3,136.285,136.038042,0,7,0,0,0,2,0,0,0,polythiol_adjacent_candidate,rule_medium,thiol_group_count>=2,adjacent_reactive_building_block,3,True,rdkit_validated,canonical_unique,BSD-3-Clause,reaction_rule_generated,candidate_structure,Gold-V,admitted_reference,0.0,,smipoly-rdkit-role-v1,2026.03.4
chemical_8f4855f43c5d1409,ds_smipoly_monomers,CID14493,csv:row=255;comID=CID14493,"octane-1,8-dithiol",C(CCCCS)CCCS,SCCCCCCCCS,PGTWZHXOSWQKCY-UHFFFAOYSA-N,C8H18S2,C8H18S2,178.4,178.366,178.084993,0,10,0,0,0,2,0,0,0,polythiol_adjacent_candidate,rule_medium,thiol_group_count>=2,adjacent_reactive_building_block,3,True,rdkit_validated,canonical_unique,BSD-3-Clause,reaction_rule_generated,candidate_structure,Gold-V,admitted_reference,0.0,,smipoly-rdkit-role-v1,2026.03.4
chemical_8f9b2a045c70a82e,ds_smipoly_monomers,CID11335,csv:row=193;comID=CID11335,"2,6-dimethylphenol",CC1=C(C(=CC=C1)C)O,Cc1cccc(C)c1O,NXXYKOUNUYWIHA-UHFFFAOYSA-N,C8H10O,C8H10O,122.16,122.167,122.073165,0,9,0,1,0,0,0,0,0,monool_model_compound,rule_medium,hydroxyl_group_count=1,adjacent_model_compound,3,True,rdkit_validated,canonical_unique,BSD-3-Clause,reaction_rule_generated,candidate_structure,Gold-V,admitted_reference,0.0,,smipoly-rdkit-role-v1,2026.03.4
chemical_8fdb22f8269ca470,ds_smipoly_monomers,CID66183,csv:row=423;comID=CID66183,"bis(prop-2-enyl) benzene-1,3-dicarboxylate",C=CCOC(=O)C1=CC(=CC=C1)C(=O)OCC=C,C=CCOC(=O)c1cccc(C(=O)OCC=C)c1,OOORLLSLMPBSPT-UHFFFAOYSA-N,C14H14O4,C14H14O4,246.26,246.262,246.089209,0,18,0,0,0,0,0,0,0,unclassified,none,no_supported_TPU_role_rule_matched,unresolved,9,False,rdkit_validated,canonical_unique,BSD-3-Clause,reaction_rule_generated,candidate_structure,Gold-V,admitted_reference,0.0,,smipoly-rdkit-role-v1,2026.03.4
chemical_9086d503191072bf,ds_smipoly_monomers,CID117451,csv:row=723;comID=CID117451,"[3-(3-sulfanylpropanoyloxy)-2-[[3-(3-sulfanylpropanoyloxy)-2,2-bis(3-sulfanylpropanoyloxymethyl)propoxy]methyl]-2-(3-sulfanylpropanoyloxymethyl)propyl] 3-sulfanylpropanoate",C(CS)C(=O)OCC(COCC(COC(=O)CCS)(COC(=O)CCS)COC(=O)CCS)(COC(=O)CCS)COC(=O)CCS,O=C(CCS)OCC(COCC(COC(=O)CCS)(COC(=O)CCS)COC(=O)CCS)(COC(=O)CCS)COC(=O)CCS,YAAUVJUJVBJRSQ-UHFFFAOYSA-N,C28H46O13S6,C28H46O13S6,783.1,783.065,782.126268,0,47,0,0,0,6,0,0,0,polythiol_adjacent_candidate,rule_medium,thiol_group_count>=2,adjacent_reactive_building_block,3,True,rdkit_validated,canonical_unique,BSD-3-Clause,reaction_rule_generated,candidate_structure,Gold-V,admitted_reference,0.0,,smipoly-rdkit-role-v1,2026.03.4
chemical_90b1fedfe3b84231,ds_smipoly_monomers,CID6579,csv:row=40;comID=CID6579,prop-2-enamide,C=CC(=O)N,C=CC(N)=O,HRPVXLWXLXDGHG-UHFFFAOYSA-N,C3H5NO,C3H5NO,71.08,71.079,71.037114,0,5,0,0,0,0,0,0,0,unclassified,none,no_supported_TPU_role_rule_matched,unresolved,9,False,rdkit_validated,canonical_unique,BSD-3-Clause,reaction_rule_generated,candidate_structure,Gold-V,admitted_reference,0.0,,smipoly-rdkit-role-v1,2026.03.4
chemical_90c17587732d01fb,ds_smipoly_monomers,CID83648,csv:row=624;comID=CID83648,"1-[4-[[4-(2,5-dioxopyrrol-1-yl)phenyl]methyl]phenyl]pyrrole-2,5-dione",C1=CC(=CC=C1CC2=CC=C(C=C2)N3C(=O)C=CC3=O)N4C(=O)C=CC4=O,O=C1C=CC(=O)N1c1ccc(Cc2ccc(N3C(=O)C=CC3=O)cc2)cc1,XQUPVDVFXZDTLT-UHFFFAOYSA-N,C21H14N2O4,C21H14N2O4,358.3,358.353,358.095357,0,27,0,0,0,0,0,0,0,unclassified,none,no_supported_TPU_role_rule_matched,unresolved,9,False,rdkit_validated,canonical_unique,BSD-3-Clause,reaction_rule_generated,candidate_structure,Gold-V,admitted_reference,0.0,,smipoly-rdkit-role-v1,2026.03.4
chemical_90e0b406167bf810,ds_smipoly_monomers,CID587694,csv:row=834;comID=CID587694,2-(trifluoromethyl)prop-2-enoic acid,C=C(C(=O)O)C(F)(F)F,C=C(C(=O)O)C(F)(F)F,VLSRKCIBHNJFHA-UHFFFAOYSA-N,C4H3F3O2,C4H3F3O2,140.06,140.06,140.008514,0,9,0,0,0,0,1,0,0,unclassified,none,no_supported_TPU_role_rule_matched,unresolved,9,False,rdkit_validated,canonical_unique,BSD-3-Clause,reaction_rule_generated,candidate_structure,Gold-V,admitted_reference,0.0,,smipoly-rdkit-role-v1,2026.03.4
chemical_9172270b42ed1c7a,ds_smipoly_monomers,CID6496,csv:row=34;comID=CID6496,1-ethenylsulfonylethene,C=CS(=O)(=O)C=C,C=CS(=O)(=O)C=C,AFOSIXZFDONLBT-UHFFFAOYSA-N,C4H6O2S,C4H6O2S,118.16,118.157,118.00885,0,7,0,0,0,0,0,0,0,unclassified,none,no_supported_TPU_role_rule_matched,unresolved,9,False,rdkit_validated,canonical_unique,BSD-3-Clause,reaction_rule_generated,candidate_structure,Gold-V,admitted_reference,0.0,,smipoly-rdkit-role-v1,2026.03.4
chemical_917b2606abdba01f,ds_smipoly_monomers,CID83771,csv:row=628;comID=CID83771,"1,1,2,2,3,3-hexafluoro-1,3-bis(1,2,2-trifluoroethenoxy)propane",C(=C(F)F)(OC(C(C(OC(=C(F)F)F)(F)F)(F)F)(F)F)F,FC(F)=C(F)OC(F)(F)C(F)(F)C(F)(F)OC(F)=C(F)F,KGJWCQOEERZJMB-UHFFFAOYSA-N,C7F12O2,C7F12O2,344.05,344.051,343.970668,0,21,0,0,0,0,0,0,0,unclassified,none,no_supported_TPU_role_rule_matched,unresolved,9,False,rdkit_validated,canonical_unique,BSD-3-Clause,reaction_rule_generated,candidate_structure,Gold-V,admitted_reference,0.0,,smipoly-rdkit-role-v1,2026.03.4
chemical_91fd1a046d7d00df,ds_smipoly_monomers,CID768325,csv:row=869;comID=CID768325,4-[1-(4-aminophenyl)cyclohexyl]aniline,C1CCC(CC1)(C2=CC=C(C=C2)N)C3=CC=C(C=C3)N,Nc1ccc(C2(c3ccc(N)cc3)CCCCC2)cc1,ZSQIQUAKDNTQOI-UHFFFAOYSA-N,C18H22N2,C18H22N2,266.4,266.388,266.178299,0,20,0,0,2,0,0,0,0,diamine_chain_extender_candidate,rule_medium,amine_group_count>=2,tpuu_or_nipu_building_block,1,True,rdkit_validated,canonical_unique,BSD-3-Clause,reaction_rule_generated,candidate_structure,Gold-V,admitted_reference,0.0,,smipoly-rdkit-role-v1,2026.03.4
chemical_92434fc41f9c9fd9,ds_smipoly_monomers,CID8337,csv:row=140;comID=CID8337,5-amino-2-(4-amino-2-sulfophenyl)benzenesulfonic acid,C1=CC(=C(C=C1N)S(=O)(=O)O)C2=C(C=C(C=C2)N)S(=O)(=O)O,Nc1ccc(-c2ccc(N)cc2S(=O)(=O)O)c(S(=O)(=O)O)c1,MBJAPGAZEWPEFB-UHFFFAOYSA-N,C12H12N2O6S2,C12H12N2O6S2,344.4,344.37,344.013678,0,22,0,0,2,0,0,0,0,diamine_chain_extender_candidate,rule_medium,amine_group_count>=2,tpuu_or_nipu_building_block,1,True,rdkit_validated,canonical_unique,BSD-3-Clause,reaction_rule_generated,candidate_structure,Gold-V,admitted_reference,0.0,,smipoly-rdkit-role-v1,2026.03.4
chemical_92568570615a8dcc,ds_smipoly_monomers,CID7923,csv:row=117;comID=CID7923,"furan-2,5-dione",C1=CC(=O)OC1=O,O=C1C=CC(=O)O1,FPYJFEHAWHCUMM-UHFFFAOYSA-N,C4H2O3,C4H2O3,98.06,98.057,98.000394,0,7,0,0,0,0,0,0,0,unclassified,none,no_supported_TPU_role_rule_matched,unresolved,9,False,rdkit_validated,canonical_unique,BSD-3-Clause,reaction_rule_generated,candidate_structure,Gold-V,admitted_reference,0.0,,smipoly-rdkit-role-v1,2026.03.4
chemical_92b5e59a9ad988ae,ds_smipoly_monomers,CID13543,csv:row=237;comID=CID13543,N-(hydroxymethyl)prop-2-enamide,C=CC(=O)NCO,C=CC(=O)NCO,CNCOEDDPFOAUMB-UHFFFAOYSA-N,C4H7NO2,C4H7NO2,101.1,101.105,101.047678,0,7,0,1,0,0,0,0,0,monool_model_compound,rule_medium,hydroxyl_group_count=1,adjacent_model_compound,3,True,rdkit_validated,canonical_unique,BSD-3-Clause,reaction_rule_generated,candidate_structure,Gold-V,admitted_reference,0.0,,smipoly-rdkit-role-v1,2026.03.4
chemical_92c571dd0115e215,ds_smipoly_monomers,CID94652,csv:row=679;comID=CID94652,"4-[4-[2-[4-(4-aminophenoxy)phenyl]-1,1,1,3,3,3-hexafluoropropan-2-yl]phenoxy]aniline",C1=CC(=CC=C1C(C2=CC=C(C=C2)OC3=CC=C(C=C3)N)(C(F)(F)F)C(F)(F)F)OC4=CC=C(C=C4)N,Nc1ccc(Oc2ccc(C(c3ccc(Oc4ccc(N)cc4)cc3)(C(F)(F)F)C(F)(F)F)cc2)cc1,HHLMWQDRYZAENA-UHFFFAOYSA-N,C27H20F6N2O2,C27H20F6N2O2,518.4,518.457,518.142897,0,37,0,0,2,0,0,0,0,diamine_chain_extender_candidate,rule_medium,amine_group_count>=2,tpuu_or_nipu_building_block,1,True,rdkit_validated,canonical_unique,BSD-3-Clause,reaction_rule_generated,candidate_structure,Gold-V,admitted_reference,0.0,,smipoly-rdkit-role-v1,2026.03.4
chemical_934d9d1923845b9c,ds_smipoly_monomers,CID14085,csv:row=248;comID=CID14085,1-chloro-4-ethenylbenzene,C=CC1=CC=C(C=C1)Cl,C=Cc1ccc(Cl)cc1,KTZVZZJJVJQZHV-UHFFFAOYSA-N,C8H7Cl,C8H7Cl,138.59,138.597,138.023628,0,9,0,0,0,0,0,0,0,unclassified,none,no_supported_TPU_role_rule_matched,unresolved,9,False,rdkit_validated,canonical_unique,BSD-3-Clause,reaction_rule_generated,candidate_structure,Gold-V,admitted_reference,0.0,,smipoly-rdkit-role-v1,2026.03.4
chemical_937112ea9b715f64,ds_smipoly_monomers,CID3480590,csv:row=914;comID=CID3480590,"1,2,6,7-tetramethyl-4,9-dioxatricyclo[5.3.0.02,6]decane-3,5,8,10-tetrone",CC12C(=O)OC(=O)C1(C3(C2(C(=O)OC3=O)C)C)C,CC12C(=O)OC(=O)C1(C)C1(C)C(=O)OC(=O)C21C,GTDPSWPPOUPBNX-UHFFFAOYSA-N,C12H12O6,C12H12O6,252.22,252.222,252.063388,0,18,0,0,0,0,0,0,0,unclassified,none,no_supported_TPU_role_rule_matched,unresolved,9,False,rdkit_validated,canonical_unique,BSD-3-Clause,reaction_rule_generated,candidate_structure,Gold-V,admitted_reference,0.0,,smipoly-rdkit-role-v1,2026.03.4
chemical_941bf5e2b2068100,ds_smipoly_monomers,CID4532059,csv:row=931;comID=CID4532059,2-prop-2-enoxyoxane,C=CCOC1CCCCO1,C=CCOC1CCCCO1,NRAKYXXDEXCVMV-UHFFFAOYSA-N,C8H14O2,C8H14O2,142.2,142.198,142.09938,0,10,0,0,0,0,0,0,0,unclassified,none,no_supported_TPU_role_rule_matched,unresolved,9,False,rdkit_validated,canonical_unique,BSD-3-Clause,reaction_rule_generated,candidate_structure,Gold-V,admitted_reference,0.0,,smipoly-rdkit-role-v1,2026.03.4
chemical_94474609e94ce0b2,ds_smipoly_monomers,CID7814,csv:row=100;comID=CID7814,"benzene-1,4-diamine",C1=CC(=CC=C1N)N,Nc1ccc(N)cc1,CBCKQZAAMUWICA-UHFFFAOYSA-N,C6H8N2,C6H8N2,108.14,108.144,108.068748,0,8,0,0,2,0,0,0,0,diamine_chain_extender_candidate,rule_medium,amine_group_count>=2,tpuu_or_nipu_building_block,1,True,rdkit_validated,canonical_unique,BSD-3-Clause,reaction_rule_generated,candidate_structure,Gold-V,admitted_reference,0.0,,smipoly-rdkit-role-v1,2026.03.4
chemical_947013d45b09cf40,ds_smipoly_monomers,CID99939,csv:row=696;comID=CID99939,5-methyl-3-methylideneoxolan-2-one,CC1CC(=C)C(=O)O1,C=C1CC(C)OC1=O,KYLUHLJIAMFYKW-UHFFFAOYSA-N,C6H8O2,C6H8O2,112.13,112.128,112.052429,0,8,0,0,0,0,0,0,0,unclassified,none,no_supported_TPU_role_rule_matched,unresolved,9,False,rdkit_validated,canonical_unique,BSD-3-Clause,reaction_rule_generated,candidate_structure,Gold-V,admitted_reference,0.0,,smipoly-rdkit-role-v1,2026.03.4
chemical_94703fa4bc43738e,ds_smipoly_monomers,CID17142,csv:row=291;comID=CID17142,"1,3,5-tris(oxiran-2-ylmethyl)-1,3,5-triazinane-2,4,6-trione",C1C(O1)CN2C(=O)N(C(=O)N(C2=O)CC3CO3)CC4CO4,O=c1n(CC2CO2)c(=O)n(CC2CO2)c(=O)n1CC1CO1,OUPZKGBUJRBPGC-UHFFFAOYSA-N,C12H15N3O6,C12H15N3O6,297.26,297.267,297.096085,0,21,0,0,0,0,0,0,3,epoxy_polyol_precursor,rule_medium,epoxide_group_count>=1,polyol_synthesis_precursor,2,True,rdkit_validated,canonical_unique,BSD-3-Clause,reaction_rule_generated,candidate_structure,Gold-V,admitted_reference,0.0,,smipoly-rdkit-role-v1,2026.03.4
chemical_94811595077c5a8f,ds_smipoly_monomers,CID16918,csv:row=283;comID=CID16918,2-amino-5-(4-amino-3-hydroxyphenyl)phenol,C1=CC(=C(C=C1C2=CC(=C(C=C2)N)O)O)N,Nc1ccc(-c2ccc(N)c(O)c2)cc1O,ZGDMDBHLKNQPSD-UHFFFAOYSA-N,C12H12N2O2,C12H12N2O2,216.24,216.24,216.089878,0,16,0,2,2,0,0,0,0,diol_chain_extender_candidate,rule_medium,hydroxyl_group_count=2 and RDKit_MolWt<=250,direct_tpu_building_block,1,True,rdkit_validated,canonical_unique,BSD-3-Clause,reaction_rule_generated,candidate_structure,Gold-V,admitted_reference,0.0,,smipoly-rdkit-role-v1,2026.03.4
chemical_94d5e4d590220c44,ds_smipoly_monomers,CID91593,csv:row=667;comID=CID91593,"4-[[4-[bis(oxiran-2-ylmethyl)amino]phenyl]methyl]-N,N-bis(oxiran-2-ylmethyl)aniline",C1C(O1)CN(CC2CO2)C3=CC=C(C=C3)CC4=CC=C(C=C4)N(CC5CO5)CC6CO6,c1cc(N(CC2CO2)CC2CO2)ccc1Cc1ccc(N(CC2CO2)CC2CO2)cc1,FAUAZXVRLVIARB-UHFFFAOYSA-N,C25H30N2O4,C25H30N2O4,422.5,422.525,422.220557,0,31,0,0,0,0,0,0,4,epoxy_polyol_precursor,rule_medium,epoxide_group_count>=1,polyol_synthesis_precursor,2,True,rdkit_validated,canonical_unique,BSD-3-Clause,reaction_rule_generated,candidate_structure,Gold-V,admitted_reference,0.0,,smipoly-rdkit-role-v1,2026.03.4
chemical_94de07307903ff17,ds_smipoly_monomers,CID22228790,csv:row=1055;comID=CID22228790,(3-hydroxy-1-adamantyl) prop-2-enoate,C=CC(=O)OC12CC3CC(C1)CC(C3)(C2)O,C=CC(=O)OC12CC3CC(CC(O)(C3)C1)C2,DKDKCSYKDZNMMA-UHFFFAOYSA-N,C13H18O3,C13H18O3,222.28,222.284,222.125594,0,16,0,1,0,0,0,0,0,monool_model_compound,rule_medium,hydroxyl_group_count=1,adjacent_model_compound,3,True,rdkit_validated,canonical_unique,BSD-3-Clause,reaction_rule_generated,candidate_structure,Gold-V,admitted_reference,0.0,,smipoly-rdkit-role-v1,2026.03.4
chemical_95777efbd8d865fa,ds_smipoly_monomers,CID79717,csv:row=590;comID=CID79717,"4-[2-(4-hydroxy-3,5-dimethylphenyl)propan-2-yl]-2,6-dimethylphenol",CC1=CC(=CC(=C1O)C)C(C)(C)C2=CC(=C(C(=C2)C)O)C,Cc1cc(C(C)(C)c2cc(C)c(O)c(C)c2)cc(C)c1O,ODJUOZPKKHIEOZ-UHFFFAOYSA-N,C19H24O2,C19H24O2,284.4,284.399,284.17763,0,21,0,2,0,0,0,0,0,macrodiol_polyol_candidate,rule_medium,hydroxyl_group_count=2 and RDKit_MolWt>250,direct_tpu_building_block,1,True,rdkit_validated,canonical_unique,BSD-3-Clause,reaction_rule_generated,candidate_structure,Gold-V,admitted_reference,0.0,,smipoly-rdkit-role-v1,2026.03.4
chemical_957af69df38d8e08,ds_smipoly_monomers,CID3084646,csv:row=905;comID=CID3084646,"4-(1,3-dioxo-2-benzofuran-5-yl)-2-benzofuran-1,3-dione",C1=CC(=C2C(=C1)C(=O)OC2=O)C3=CC4=C(C=C3)C(=O)OC4=O,O=C1OC(=O)c2cc(-c3cccc4c3C(=O)OC4=O)ccc21,FYYYKXFEKMGYLZ-UHFFFAOYSA-N,C16H6O6,C16H6O6,294.21,294.218,294.016438,0,22,0,0,0,0,0,0,0,unclassified,none,no_supported_TPU_role_rule_matched,unresolved,9,False,rdkit_validated,canonical_unique,BSD-3-Clause,reaction_rule_generated,candidate_structure,Gold-V,admitted_reference,0.0,,smipoly-rdkit-role-v1,2026.03.4
chemical_957c475afb4b1668,ds_smipoly_monomers,CID81465,csv:row=600;comID=CID81465,"N,N,2-trimethylprop-2-enamide",CC(=C)C(=O)N(C)C,C=C(C)C(=O)N(C)C,QRWZCJXEAOZAAW-UHFFFAOYSA-N,C6H11NO,C6H11NO,113.16,113.16,113.084064,0,8,0,0,0,0,0,0,0,unclassified,none,no_supported_TPU_role_rule_matched,unresolved,9,False,rdkit_validated,canonical_unique,BSD-3-Clause,reaction_rule_generated,candidate_structure,Gold-V,admitted_reference,0.0,,smipoly-rdkit-role-v1,2026.03.4
chemical_95f2f7a39914dd99,ds_smipoly_monomers,CID175380,csv:row=768;comID=CID175380,"5-(2,5-dioxooxolan-3-yl)-7-methyl-3a,4,5,7a-tetrahydro-2-benzofuran-1,3-dione",CC1=CC(CC2C1C(=O)OC2=O)C3CC(=O)OC3=O,CC1=CC(C2CC(=O)OC2=O)CC2C(=O)OC(=O)C12,DGQOZCNCJKEVOA-UHFFFAOYSA-N,C13H12O6,C13H12O6,264.23,264.233,264.063388,0,19,0,0,0,0,0,0,0,unclassified,none,no_supported_TPU_role_rule_matched,unresolved,9,False,rdkit_validated,canonical_unique,BSD-3-Clause,reaction_rule_generated,candidate_structure,Gold-V,admitted_reference,0.0,,smipoly-rdkit-role-v1,2026.03.4
chemical_96b3be1ff0c3dd1f,ds_smipoly_monomers,CID11598,csv:row=201;comID=CID11598,"hexa-1,5-diene",C=CCCC=C,C=CCCC=C,PYGSKMBEVAICCR-UHFFFAOYSA-N,C6H10,C6H10,82.14,82.146,82.07825,0,6,0,0,0,0,0,0,0,unclassified,none,no_supported_TPU_role_rule_matched,unresolved,9,False,rdkit_validated,canonical_unique,BSD-3-Clause,reaction_rule_generated,candidate_structure,Gold-V,admitted_reference,0.0,,smipoly-rdkit-role-v1,2026.03.4
chemical_9701e0d9377d96e4,ds_smipoly_monomers,CID630355,csv:row=852;comID=CID630355,4-[2-[4-[2-(4-hydroxyphenyl)propan-2-yl]phenyl]propan-2-yl]phenol,CC(C)(C1=CC=C(C=C1)C(C)(C)C2=CC=C(C=C2)O)C3=CC=C(C=C3)O,CC(C)(c1ccc(O)cc1)c1ccc(C(C)(C)c2ccc(O)cc2)cc1,GIXXQTYGFOHYPT-UHFFFAOYSA-N,C24H26O2,C24H26O2,346.5,346.47,346.19328,0,26,0,2,0,0,0,0,0,macrodiol_polyol_candidate,rule_medium,hydroxyl_group_count=2 and RDKit_MolWt>250,direct_tpu_building_block,1,True,rdkit_validated,canonical_unique,BSD-3-Clause,reaction_rule_generated,candidate_structure,Gold-V,admitted_reference,0.0,,smipoly-rdkit-role-v1,2026.03.4
chemical_970f654b489357b4,ds_smipoly_monomers,CID74164,csv:row=499;comID=CID74164,2-methyl-N-phenylprop-2-enamide,CC(=C)C(=O)NC1=CC=CC=C1,C=C(C)C(=O)Nc1ccccc1,IJSVVICYGLOZHA-UHFFFAOYSA-N,C10H11NO,C10H11NO,161.2,161.204,161.084064,0,12,0,0,0,0,0,0,0,unclassified,none,no_supported_TPU_role_rule_matched,unresolved,9,False,rdkit_validated,canonical_unique,BSD-3-Clause,reaction_rule_generated,candidate_structure,Gold-V,admitted_reference,0.0,,smipoly-rdkit-role-v1,2026.03.4
chemical_97385ed71e9e6d32,ds_smipoly_monomers,CID15491725,csv:row=1030;comID=CID15491725,(4-aminophenyl) 4-aminobenzoate,Nc1ccc(OC(=O)c2ccc(N)cc2)cc1,Nc1ccc(OC(=O)c2ccc(N)cc2)cc1,LOCTYHIHNCOYJZ-UHFFFAOYSA-N,C13H12N2O2,C13H12N2O2,228.25,228.251,228.089878,0,17,0,0,2,0,0,0,0,diamine_chain_extender_candidate,rule_medium,amine_group_count>=2,tpuu_or_nipu_building_block,1,True,rdkit_validated,canonical_unique,BSD-3-Clause,reaction_rule_generated,candidate_structure,Gold-V,admitted_reference,0.0,,smipoly-rdkit-role-v1,2026.03.4
chemical_97fe0baa8100a3c1,ds_smipoly_monomers,CID31247,csv:row=376;comID=CID31247,ethenyl butanoate,CCCC(=O)OC=C,C=COC(=O)CCC,MEGHWIAOTJPCHQ-UHFFFAOYSA-N,C6H10O2,C6H10O2,114.14,114.144,114.06808,0,8,0,0,0,0,0,0,0,unclassified,none,no_supported_TPU_role_rule_matched,unresolved,9,False,rdkit_validated,canonical_unique,BSD-3-Clause,reaction_rule_generated,candidate_structure,Gold-V,admitted_reference,0.0,,smipoly-rdkit-role-v1,2026.03.4
chemical_986d2a218ca14417,ds_smipoly_monomers,CID3820533,csv:row=920;comID=CID3820533,"2,2,3,3,4,4,5,5,6,6,7,7-dodecafluorooctane-1,8-diol",C(C(C(C(C(C(C(CO)(F)F)(F)F)(F)F)(F)F)(F)F)(F)F)O,OCC(F)(F)C(F)(F)C(F)(F)C(F)(F)C(F)(F)C(F)(F)CO,XZJPYETUABEQFI-UHFFFAOYSA-N,C8H6F12O2,C8H6F12O2,362.11,362.11,362.017618,0,22,0,2,0,0,0,0,0,macrodiol_polyol_candidate,rule_medium,hydroxyl_group_count=2 and RDKit_MolWt>250,direct_tpu_building_block,1,True,rdkit_validated,canonical_unique,BSD-3-Clause,reaction_rule_generated,candidate_structure,Gold-V,admitted_reference,0.0,,smipoly-rdkit-role-v1,2026.03.4
chemical_98c1440383452aff,ds_smipoly_monomers,CID18303,csv:row=327;comID=CID18303,4-methyloxetan-2-one,CC1CC(=O)O1,CC1CC(=O)O1,GSCLMSFRWBPUSK-UHFFFAOYSA-N,C4H6O2,C4H6O2,86.09,86.09,86.036779,0,6,0,0,0,0,0,0,0,unclassified,none,no_supported_TPU_role_rule_matched,unresolved,9,False,rdkit_validated,canonical_unique,BSD-3-Clause,reaction_rule_generated,candidate_structure,Gold-V,admitted_reference,0.0,,smipoly-rdkit-role-v1,2026.03.4
chemical_98fec8dd9ea96e91,ds_smipoly_monomers,CID69658,csv:row=469;comID=CID69658,ethenyl hexadecanoate,CCCCCCCCCCCCCCCC(=O)OC=C,C=COC(=O)CCCCCCCCCCCCCCC,UJRIYYLGNDXVTA-UHFFFAOYSA-N,C18H34O2,C18H34O2,282.5,282.468,282.25588,0,20,0,0,0,0,0,0,0,unclassified,none,no_supported_TPU_role_rule_matched,unresolved,9,False,rdkit_validated,canonical_unique,BSD-3-Clause,reaction_rule_generated,candidate_structure,Gold-V,admitted_reference,0.0,,smipoly-rdkit-role-v1,2026.03.4
chemical_9949f67f41615435,ds_smipoly_monomers,CID73929,csv:row=496;comID=CID73929,N-dodecylprop-2-enamide,CCCCCCCCCCCCNC(=O)C=C,C=CC(=O)NCCCCCCCCCCCC,XQPVIMDDIXCFFS-UHFFFAOYSA-N,C15H29NO,C15H29NO,239.4,239.403,239.224915,0,17,0,0,0,0,0,0,0,unclassified,none,no_supported_TPU_role_rule_matched,unresolved,9,False,rdkit_validated,canonical_unique,BSD-3-Clause,reaction_rule_generated,candidate_structure,Gold-V,admitted_reference,0.0,,smipoly-rdkit-role-v1,2026.03.4
chemical_995cc888cc3b7f2f,ds_smipoly_monomers,CID19012,csv:row=338;comID=CID19012,4-[4-(4-aminophenoxy)phenoxy]aniline,C1=CC(=CC=C1N)OC2=CC=C(C=C2)OC3=CC=C(C=C3)N,Nc1ccc(Oc2ccc(Oc3ccc(N)cc3)cc2)cc1,JCRRFJIVUPSNTA-UHFFFAOYSA-N,C18H16N2O2,C18H16N2O2,292.3,292.338,292.121178,0,22,0,0,2,0,0,0,0,diamine_chain_extender_candidate,rule_medium,amine_group_count>=2,tpuu_or_nipu_building_block,1,True,rdkit_validated,canonical_unique,BSD-3-Clause,reaction_rule_generated,candidate_structure,Gold-V,admitted_reference,0.0,,smipoly-rdkit-role-v1,2026.03.4
chemical_99a9fa7813844b6b,ds_smipoly_monomers,CID9813645,csv:row=954;comID=CID9813645,(2-ethyl-2-adamantyl) 2-methylprop-2-enoate,CCC1(C2CC3CC(C2)CC1C3)OC(=O)C(=C)C,C=C(C)C(=O)OC1(CC)C2CC3CC(C2)CC1C3,DCTVCFJTKSQXED-UHFFFAOYSA-N,C16H24O2,C16H24O2,248.36,248.366,248.17763,0,18,0,0,0,0,0,0,0,unclassified,none,no_supported_TPU_role_rule_matched,unresolved,9,False,rdkit_validated,canonical_unique,BSD-3-Clause,reaction_rule_generated,candidate_structure,Gold-V,admitted_reference,0.0,,smipoly-rdkit-role-v1,2026.03.4
chemical_9a89f0adbd70529b,ds_smipoly_monomers,CID67831,csv:row=446;comID=CID67831,"2,2,3,3,4,4-hexafluoropentane-1,5-diol",C(C(C(C(CO)(F)F)(F)F)(F)F)O,OCC(F)(F)C(F)(F)C(F)(F)CO,IELVMUPSWDZWSD-UHFFFAOYSA-N,C5H6F6O2,C5H6F6O2,212.09,212.089,212.027199,0,13,0,2,0,0,0,0,0,diol_chain_extender_candidate,rule_medium,hydroxyl_group_count=2 and RDKit_MolWt<=250,direct_tpu_building_block,1,True,rdkit_validated,canonical_unique,BSD-3-Clause,reaction_rule_generated,candidate_structure,Gold-V,admitted_reference,0.0,,smipoly-rdkit-role-v1,2026.03.4
chemical_9a914daacb200ac8,ds_smipoly_monomers,CID8496,csv:row=147;comID=CID8496,"benzene-1,3-dicarboxylic acid",C1=CC(=CC(=C1)C(=O)O)C(=O)O,O=C(O)c1cccc(C(=O)O)c1,QQVIHTHCMHWDBS-UHFFFAOYSA-N,C8H6O4,C8H6O4,166.13,166.132,166.026609,0,12,0,0,0,0,2,0,0,polyester_polyol_precursor,rule_medium,carboxylic_acid_group_count>=2,polyol_synthesis_precursor,2,True,rdkit_validated,canonical_unique,BSD-3-Clause,reaction_rule_generated,candidate_structure,Gold-V,admitted_reference,0.0,,smipoly-rdkit-role-v1,2026.03.4
chemical_9acad58dfa7b6bf6,ds_smipoly_monomers,CID235414,csv:row=783;comID=CID235414,oxacyclohexadecan-2-one,C1CCCCCCCOC(=O)CCCCCC1,O=C1CCCCCCCCCCCCCCO1,FKUPPRZPSYCDRS-UHFFFAOYSA-N,C15H28O2,C15H28O2,240.38,240.387,240.20893,0,17,0,0,0,0,0,0,0,unclassified,none,no_supported_TPU_role_rule_matched,unresolved,9,False,rdkit_validated,canonical_unique,BSD-3-Clause,reaction_rule_generated,candidate_structure,Gold-V,admitted_reference,0.0,,smipoly-rdkit-role-v1,2026.03.4
chemical_9c3ab9319549c3d3,ds_smipoly_monomers,CID479504,csv:row=805;comID=CID479504,3-[(3-carboxy-2-hydroxyphenyl)methyl]-2-hydroxybenzoic acid,C1=CC(=C(C(=C1)C(=O)O)O)CC2=C(C(=CC=C2)C(=O)O)O,O=C(O)c1cccc(Cc2cccc(C(=O)O)c2O)c1O,RWXFMUMBJLQGDZ-UHFFFAOYSA-N,C15H12O6,C15H12O6,288.25,288.255,288.063388,0,21,0,2,0,0,2,0,0,macrodiol_polyol_candidate,rule_medium,hydroxyl_group_count=2 and RDKit_MolWt>250,direct_tpu_building_block,1,True,rdkit_validated,canonical_unique,BSD-3-Clause,reaction_rule_generated,candidate_structure,Gold-V,admitted_reference,0.0,,smipoly-rdkit-role-v1,2026.03.4
chemical_9c63f001d1107cfd,ds_smipoly_monomers,CID13835,csv:row=244;comID=CID13835,prop-2-enyl prop-2-enoate,C=CCOC(=O)C=C,C=CCOC(=O)C=C,QTECDUFMBMSHKR-UHFFFAOYSA-N,C6H8O2,C6H8O2,112.13,112.128,112.052429,0,8,0,0,0,0,0,0,0,unclassified,none,no_supported_TPU_role_rule_matched,unresolved,9,False,rdkit_validated,canonical_unique,BSD-3-Clause,reaction_rule_generated,candidate_structure,Gold-V,admitted_reference,0.0,,smipoly-rdkit-role-v1,2026.03.4
chemical_9c6e2d75c6df65a0,ds_smipoly_monomers,CID5565,csv:row=27;comID=CID5565,"N'-[2-(2-aminoethylamino)ethyl]ethane-1,2-diamine",C(CNCCNCCN)N,NCCNCCNCCN,VILCJCGEZXAXTO-UHFFFAOYSA-N,C6H18N4,C6H18N4,146.23,146.238,146.153147,0,10,0,0,4,0,0,0,0,diamine_chain_extender_candidate,rule_medium,amine_group_count>=2,tpuu_or_nipu_building_block,1,True,rdkit_validated,canonical_unique,BSD-3-Clause,reaction_rule_generated,candidate_structure,Gold-V,admitted_reference,0.0,,smipoly-rdkit-role-v1,2026.03.4
chemical_9c8bc2e4eb3b8839,ds_smipoly_monomers,CID77345,csv:row=566;comID=CID77345,ethenylcyclopentane,C=CC1CCCC1,C=CC1CCCC1,BEFDCLMNVWHSGT-UHFFFAOYSA-N,C7H12,C7H12,96.17,96.173,96.0939,0,7,0,0,0,0,0,0,0,unclassified,none,no_supported_TPU_role_rule_matched,unresolved,9,False,rdkit_validated,canonical_unique,BSD-3-Clause,reaction_rule_generated,candidate_structure,Gold-V,admitted_reference,0.0,,smipoly-rdkit-role-v1,2026.03.4
chemical_9d29939f736c9d88,ds_smipoly_monomers,CID571982,csv:row=827;comID=CID571982,"2-(2,2,3,3,4,4,5,5,6,6,7,7,8,8,9,9,9-heptadecafluorononyl)oxirane",C1C(O1)CC(C(C(C(C(C(C(C(F)(F)F)(F)F)(F)F)(F)F)(F)F)(F)F)(F)F)(F)F,FC(F)(F)C(F)(F)C(F)(F)C(F)(F)C(F)(F)C(F)(F)C(F)(F)C(F)(F)CC1CO1,HMXSIEIEXLGIET-UHFFFAOYSA-N,C11H5F17O,C11H5F17O,476.13,476.126,476.006895,0,29,0,0,0,0,0,0,1,epoxy_polyol_precursor,rule_medium,epoxide_group_count>=1,polyol_synthesis_precursor,2,True,rdkit_validated,canonical_unique,BSD-3-Clause,reaction_rule_generated,candidate_structure,Gold-V,admitted_reference,0.0,,smipoly-rdkit-role-v1,2026.03.4
chemical_9d7a9291f8bf99a6,ds_smipoly_monomers,CID522062,csv:row=811;comID=CID522062,"benzene-1,3-dithiol",C1=CC(=CC(=C1)S)S,Sc1cccc(S)c1,ZWOASCVFHSYHOB-UHFFFAOYSA-N,C6H6S2,C6H6S2,142.2,142.248,141.991092,0,8,0,0,0,2,0,0,0,polythiol_adjacent_candidate,rule_medium,thiol_group_count>=2,adjacent_reactive_building_block,3,True,rdkit_validated,canonical_unique,BSD-3-Clause,reaction_rule_generated,candidate_structure,Gold-V,admitted_reference,0.0,,smipoly-rdkit-role-v1,2026.03.4
chemical_9d9c7dee4913ce0b,ds_smipoly_monomers,CID22026245,csv:row=1052;comID=CID22026245,"(5-oxo-4-oxatricyclo[4.2.1.03,7]nonan-2-yl) 2-methylprop-2-enoate",CC(=C)C(=O)OC1C2CC3C1OC(=O)C3C2,C=C(C)C(=O)OC1C2CC3C(=O)OC1C3C2,JJMQLQLMPJLIPZ-UHFFFAOYSA-N,C12H14O4,C12H14O4,222.24,222.24,222.089209,0,16,0,0,0,0,0,0,0,unclassified,none,no_supported_TPU_role_rule_matched,unresolved,9,False,rdkit_validated,canonical_unique,BSD-3-Clause,reaction_rule_generated,candidate_structure,Gold-V,admitted_reference,0.0,,smipoly-rdkit-role-v1,2026.03.4
chemical_9e1de499173dad46,ds_smipoly_monomers,CID76340,csv:row=544;comID=CID76340,"2,2,3,3,4,4,5,5,6,6,7,7-dodecafluoroheptyl prop-2-enoate",C=CC(=O)OCC(C(C(C(C(C(F)F)(F)F)(F)F)(F)F)(F)F)(F)F,C=CC(=O)OCC(F)(F)C(F)(F)C(F)(F)C(F)(F)C(F)(F)C(F)F,QJEJDNMGOWJONG-UHFFFAOYSA-N,C10H6F12O2,C10H6F12O2,386.13,386.132,386.017618,0,24,0,0,0,0,0,0,0,unclassified,none,no_supported_TPU_role_rule_matched,unresolved,9,False,rdkit_validated,canonical_unique,BSD-3-Clause,reaction_rule_generated,candidate_structure,Gold-V,admitted_reference,0.0,,smipoly-rdkit-role-v1,2026.03.4
chemical_9e4a03cbe6f2d6cd,ds_smipoly_monomers,CID18139,csv:row=321;comID=CID18139,bis(prop-2-enyl) hexanedioate,C=CCOC(=O)CCCCC(=O)OCC=C,C=CCOC(=O)CCCCC(=O)OCC=C,FPODCVUTIPDRTE-UHFFFAOYSA-N,C12H18O4,C12H18O4,226.27,226.272,226.120509,0,16,0,0,0,0,0,0,0,unclassified,none,no_supported_TPU_role_rule_matched,unresolved,9,False,rdkit_validated,canonical_unique,BSD-3-Clause,reaction_rule_generated,candidate_structure,Gold-V,admitted_reference,0.0,,smipoly-rdkit-role-v1,2026.03.4
chemical_9e9eacd64610a3b4,ds_smipoly_monomers,CID70397,csv:row=483;comID=CID70397,"1-[3,5-di(prop-2-enoyl)-1,3,5-triazinan-1-yl]prop-2-en-1-one",C=CC(=O)N1CN(CN(C1)C(=O)C=C)C(=O)C=C,C=CC(=O)N1CN(C(=O)C=C)CN(C(=O)C=C)C1,FYBFGAFWCBMEDG-UHFFFAOYSA-N,C12H15N3O3,C12H15N3O3,249.27,249.27,249.111341,0,18,0,0,0,0,0,0,0,unclassified,none,no_supported_TPU_role_rule_matched,unresolved,9,False,rdkit_validated,canonical_unique,BSD-3-Clause,reaction_rule_generated,candidate_structure,Gold-V,admitted_reference,0.0,,smipoly-rdkit-role-v1,2026.03.4
chemical_9ee1b15fc9d8b8d7,ds_smipoly_monomers,CID12875,csv:row=218;comID=CID12875,4-[(4-aminophenyl)disulfanyl]aniline,C1=CC(=CC=C1N)SSC2=CC=C(C=C2)N,Nc1ccc(SSc2ccc(N)cc2)cc1,MERLDGDYUMSLAY-UHFFFAOYSA-N,C12H12N2S2,C12H12N2S2,248.4,248.376,248.04419,0,16,0,0,2,0,0,0,0,diamine_chain_extender_candidate,rule_medium,amine_group_count>=2,tpuu_or_nipu_building_block,1,True,rdkit_validated,canonical_unique,BSD-3-Clause,reaction_rule_generated,candidate_structure,Gold-V,admitted_reference,0.0,,smipoly-rdkit-role-v1,2026.03.4
chemical_9f096fdcdf919c6a,ds_smipoly_monomers,CID11033445,csv:row=976;comID=CID11033445,prop-2-enyl N-(2-nitrophenyl)sulfonylcarbamate,C=CCOC(=O)NS(=O)(=O)C1=CC=CC=C1[N+](=O)[O-],C=CCOC(=O)NS(=O)(=O)c1ccccc1[N+](=O)[O-],CRGOQFIAULBODK-UHFFFAOYSA-N,C10H10N2O6S,C10H10N2O6S,286.26,286.265,286.025957,0,19,0,0,0,0,0,0,0,unclassified,none,no_supported_TPU_role_rule_matched,unresolved,9,False,rdkit_validated,canonical_unique,BSD-3-Clause,reaction_rule_generated,candidate_structure,Gold-V,admitted_reference,0.0,,smipoly-rdkit-role-v1,2026.03.4
chemical_9f338b25b6ac49d6,ds_smipoly_monomers,CID9859588,csv:row=958;comID=CID9859588,"(1-lambda1-oxidanyl-2,2,6,6-tetramethylpiperidin-4-yl) 2-methylprop-2-enoate",CC(=C)C(=O)OC1CC(N(C(C1)(C)C)[O])(C)C,C=C(C)C(=O)OC1CC(C)(C)N([O])C(C)(C)C1,BTWSPOZXDCFMLX-UHFFFAOYSA-N,C13H22NO3,C13H22NO3,240.32,240.323,240.159969,0,17,0,0,0,0,0,0,0,unclassified,none,no_supported_TPU_role_rule_matched,unresolved,9,False,rdkit_validated,canonical_unique,BSD-3-Clause,reaction_rule_generated,candidate_structure,Gold-V,admitted_reference,0.0,,smipoly-rdkit-role-v1,2026.03.4
chemical_9f33fea27af11f35,ds_smipoly_monomers,CID17318,csv:row=303;comID=CID17318,3-trimethoxysilylpropyl 2-methylprop-2-enoate,CC(=C)C(=O)OCCC[Si](OC)(OC)OC,C=C(C)C(=O)OCCC[Si](OC)(OC)OC,XDLMVUHYZWKMMD-UHFFFAOYSA-N,C10H20O5Si,C10H20O5Si,248.35,248.351,248.108,0,16,0,0,0,0,0,0,0,unclassified,none,no_supported_TPU_role_rule_matched,unresolved,9,False,rdkit_validated,canonical_unique,BSD-3-Clause,reaction_rule_generated,candidate_structure,Gold-V,admitted_reference,0.0,,smipoly-rdkit-role-v1,2026.03.4
chemical_9f4441ac1d4fda40,ds_smipoly_monomers,CID76342,csv:row=545;comID=CID76342,3-[2-(3-aminopropoxy)ethoxy]propan-1-amine,C(CN)COCCOCCCN,NCCCOCCOCCCN,POTQBGGWSWSMCX-UHFFFAOYSA-N,C8H20N2O2,C8H20N2O2,176.26,176.26,176.152478,0,12,0,0,2,0,0,0,0,diamine_chain_extender_candidate,rule_medium,amine_group_count>=2,tpuu_or_nipu_building_block,1,True,rdkit_validated,canonical_unique,BSD-3-Clause,reaction_rule_generated,candidate_structure,Gold-V,admitted_reference,0.0,,smipoly-rdkit-role-v1,2026.03.4
chemical_9f5ace06c46081ee,ds_smipoly_monomers,CID520600,csv:row=809;comID=CID520600,1-prop-2-enoxyoctane,CCCCCCCCOCC=C,C=CCOCCCCCCCC,IELYMBBIHQDONA-UHFFFAOYSA-N,C11H22O,C11H22O,170.29,170.296,170.167065,0,12,0,0,0,0,0,0,0,unclassified,none,no_supported_TPU_role_rule_matched,unresolved,9,False,rdkit_validated,canonical_unique,BSD-3-Clause,reaction_rule_generated,candidate_structure,Gold-V,admitted_reference,0.0,,smipoly-rdkit-role-v1,2026.03.4
chemical_9f7b516c282b6556,ds_smipoly_monomers,CID9947865,csv:row=960;comID=CID9947865,3-[(3-carboxy-4-hydroxyphenyl)methyl]-2-hydroxybenzoic acid,C1=CC(=C(C(=C1)C(=O)O)O)CC2=CC(=C(C=C2)O)C(=O)O,O=C(O)c1cc(Cc2cccc(C(=O)O)c2O)ccc1O,FSHMYDYDFCWHLD-UHFFFAOYSA-N,C15H12O6,C15H12O6,288.25,288.255,288.063388,0,21,0,2,0,0,2,0,0,macrodiol_polyol_candidate,rule_medium,hydroxyl_group_count=2 and RDKit_MolWt>250,direct_tpu_building_block,1,True,rdkit_validated,canonical_unique,BSD-3-Clause,reaction_rule_generated,candidate_structure,Gold-V,admitted_reference,0.0,,smipoly-rdkit-role-v1,2026.03.4
chemical_9fc9dddceb07e580,ds_smipoly_monomers,CID146674,csv:row=747;comID=CID146674,3-[(4-aminophenyl)methyl]aniline,C1=CC(=CC(=C1)N)CC2=CC=C(C=C2)N,Nc1ccc(Cc2cccc(N)c2)cc1,FGWQCROGAHMWSU-UHFFFAOYSA-N,C13H14N2,C13H14N2,198.26,198.269,198.115698,0,15,0,0,2,0,0,0,0,diamine_chain_extender_candidate,rule_medium,amine_group_count>=2,tpuu_or_nipu_building_block,1,True,rdkit_validated,canonical_unique,BSD-3-Clause,reaction_rule_generated,candidate_structure,Gold-V,admitted_reference,0.0,,smipoly-rdkit-role-v1,2026.03.4
chemical_9fcfbfb95ce89816,ds_smipoly_monomers,CID75588,csv:row=531;comID=CID75588,4-hydroxybutyl prop-2-enoate,C=CC(=O)OCCCCO,C=CC(=O)OCCCCO,NDWUBGAGUCISDV-UHFFFAOYSA-N,C7H12O3,C7H12O3,144.17,144.17,144.078644,0,10,0,1,0,0,0,0,0,monool_model_compound,rule_medium,hydroxyl_group_count=1,adjacent_model_compound,3,True,rdkit_validated,canonical_unique,BSD-3-Clause,reaction_rule_generated,candidate_structure,Gold-V,admitted_reference,0.0,,smipoly-rdkit-role-v1,2026.03.4
chemical_a017dc408fd4db34,ds_smipoly_monomers,CID11412694,csv:row=994;comID=CID11412694,phenyl prop-2-enyl carbonate,C=CCOC(=O)OC1=CC=CC=C1,C=CCOC(=O)Oc1ccccc1,ORUWSEKEVGOAQR-UHFFFAOYSA-N,C10H10O3,C10H10O3,178.18,178.187,178.062994,0,13,0,0,0,0,0,0,0,unclassified,none,no_supported_TPU_role_rule_matched,unresolved,9,False,rdkit_validated,canonical_unique,BSD-3-Clause,reaction_rule_generated,candidate_structure,Gold-V,admitted_reference,0.0,,smipoly-rdkit-role-v1,2026.03.4
chemical_a04b7de5081dd0a5,ds_smipoly_monomers,CID81259,csv:row=598;comID=CID81259,4-[2-(4-hydroxyphenyl)-4-methylpentan-2-yl]phenol,CC(C)CC(C)(C1=CC=C(C=C1)O)C2=CC=C(C=C2)O,CC(C)CC(C)(c1ccc(O)cc1)c1ccc(O)cc1,VHLLJTHDWPAQEM-UHFFFAOYSA-N,C18H22O2,C18H22O2,270.4,270.372,270.16198,0,20,0,2,0,0,0,0,0,macrodiol_polyol_candidate,rule_medium,hydroxyl_group_count=2 and RDKit_MolWt>250,direct_tpu_building_block,1,True,rdkit_validated,canonical_unique,BSD-3-Clause,reaction_rule_generated,candidate_structure,Gold-V,admitted_reference,0.0,,smipoly-rdkit-role-v1,2026.03.4
chemical_a05007b97986125b,ds_smipoly_monomers,CID18205,csv:row=323;comID=CID18205,trimethyl(oxiran-2-ylmethyl)azanium;chloride,C[N+](C)(C)CC1CO1.[Cl-],C[N+](C)(C)CC1CO1.[Cl-],PUVAFTRIIUSGLK-UHFFFAOYSA-M,C6H14ClNO,C6H14ClNO,151.63,151.637,151.076392,0,9,0,0,0,0,0,0,1,epoxy_polyol_precursor,rule_medium,epoxide_group_count>=1,polyol_synthesis_precursor,2,True,rdkit_validated,canonical_unique,BSD-3-Clause,reaction_rule_generated,candidate_structure,Gold-V,admitted_reference,0.0,,smipoly-rdkit-role-v1,2026.03.4
chemical_a0f5dbf12f609a5e,ds_smipoly_monomers,CID17125,csv:row=290;comID=CID17125,9-ethenylanthracene,C=CC1=C2C=CC=CC2=CC3=CC=CC=C31,C=Cc1c2ccccc2cc2ccccc12,OGOYZCQQQFAGRI-UHFFFAOYSA-N,C16H12,C16H12,204.27,204.272,204.0939,0,16,0,0,0,0,0,0,0,unclassified,none,no_supported_TPU_role_rule_matched,unresolved,9,False,rdkit_validated,canonical_unique,BSD-3-Clause,reaction_rule_generated,candidate_structure,Gold-V,admitted_reference,0.0,,smipoly-rdkit-role-v1,2026.03.4
chemical_a12d3be6a110a71e,ds_smipoly_monomers,CID17869,csv:row=315;comID=CID17869,2-(dimethylamino)ethyl 2-methylprop-2-enoate,CC(=C)C(=O)OCCN(C)C,C=C(C)C(=O)OCCN(C)C,JKNCOURZONDCGV-UHFFFAOYSA-N,C8H15NO2,C8H15NO2,157.21,157.213,157.110279,0,11,0,0,0,0,0,0,0,unclassified,none,no_supported_TPU_role_rule_matched,unresolved,9,False,rdkit_validated,canonical_unique,BSD-3-Clause,reaction_rule_generated,candidate_structure,Gold-V,admitted_reference,0.0,,smipoly-rdkit-role-v1,2026.03.4
chemical_a17a6b0459252df4,ds_smipoly_monomers,CID13585,csv:row=239;comID=CID13585,1-ethenoxyoctadecane,CCCCCCCCCCCCCCCCCCOC=C,C=COCCCCCCCCCCCCCCCCCC,QJJDJWUCRAPCOL-UHFFFAOYSA-N,C20H40O,C20H40O,296.5,296.539,296.307916,0,21,0,0,0,0,0,0,0,unclassified,none,no_supported_TPU_role_rule_matched,unresolved,9,False,rdkit_validated,canonical_unique,BSD-3-Clause,reaction_rule_generated,candidate_structure,Gold-V,admitted_reference,0.0,,smipoly-rdkit-role-v1,2026.03.4
chemical_a20ae44f41b4daf0,ds_smipoly_monomers,CID75129,csv:row=519;comID=CID75129,ethenoxycyclohexane,C=COC1CCCCC1,C=COC1CCCCC1,VGIYPVFBQRUBDD-UHFFFAOYSA-N,C8H14O,C8H14O,126.2,126.199,126.104465,0,9,0,0,0,0,0,0,0,unclassified,none,no_supported_TPU_role_rule_matched,unresolved,9,False,rdkit_validated,canonical_unique,BSD-3-Clause,reaction_rule_generated,candidate_structure,Gold-V,admitted_reference,0.0,,smipoly-rdkit-role-v1,2026.03.4
chemical_a23106f2a7df3aee,ds_smipoly_monomers,CID11604403,csv:row=999;comID=CID11604403,"9,9-bis(4-prop-2-enoxyphenyl)fluorene",C=CCOC1=CC=C(C=C1)C2(C3=CC=CC=C3C4=CC=CC=C42)C5=CC=C(C=C5)OCC=C,C=CCOc1ccc(C2(c3ccc(OCC=C)cc3)c3ccccc3-c3ccccc32)cc1,OAGAWNXQZROGRJ-UHFFFAOYSA-N,C31H26O2,C31H26O2,430.5,430.547,430.19328,0,33,0,0,0,0,0,0,0,unclassified,none,no_supported_TPU_role_rule_matched,unresolved,9,False,rdkit_validated,canonical_unique,BSD-3-Clause,reaction_rule_generated,candidate_structure,Gold-V,admitted_reference,0.0,,smipoly-rdkit-role-v1,2026.03.4
chemical_a24a611807bfa055,ds_smipoly_monomers,CID17406,csv:row=306;comID=CID17406,,C1CC(CC(C1)CN)CN,NCC1CCCC(CN)C1,QLBRROYTTDFLDX-UHFFFAOYSA-N,C8H18N2,C8H18N2,142.24,142.246,142.146999,0,10,0,0,2,0,0,0,0,diamine_chain_extender_candidate,rule_medium,amine_group_count>=2,tpuu_or_nipu_building_block,1,True,rdkit_validated,canonical_unique,BSD-3-Clause,reaction_rule_generated,candidate_structure,Gold-V,admitted_reference,0.0,,smipoly-rdkit-role-v1,2026.03.4
chemical_a2b6973adc22f44c,ds_smipoly_monomers,CID108938,csv:row=716;comID=CID108938,4-(4-amino-3-methylphenyl)-2-methylaniline;dihydrochloride,CC1=C(C=CC(=C1)C2=CC(=C(C=C2)N)C)N.Cl.Cl,Cc1cc(-c2ccc(N)c(C)c2)ccc1N.Cl.Cl,LUKPNZHXJRJBAN-UHFFFAOYSA-N,C14H18Cl2N2,C14H18Cl2N2,285.2,285.218,284.084704,0,18,0,0,2,0,0,0,0,diamine_chain_extender_candidate,rule_medium,amine_group_count>=2,tpuu_or_nipu_building_block,1,True,rdkit_validated,canonical_unique,BSD-3-Clause,reaction_rule_generated,candidate_structure,Gold-V,admitted_reference,0.0,,smipoly-rdkit-role-v1,2026.03.4
chemical_a2c0dbf30a78d158,ds_smipoly_monomers,CID4093,csv:row=23;comID=CID4093,2-methylprop-2-enoic acid,CC(=C)C(=O)O,C=C(C)C(=O)O,CERQOIWHTDAKMF-UHFFFAOYSA-N,C4H6O2,C4H6O2,86.09,86.09,86.036779,0,6,0,0,0,0,1,0,0,unclassified,none,no_supported_TPU_role_rule_matched,unresolved,9,False,rdkit_validated,canonical_unique,BSD-3-Clause,reaction_rule_generated,candidate_structure,Gold-V,admitted_reference,0.0,,smipoly-rdkit-role-v1,2026.03.4
chemical_a2cea00af61a3aa1,ds_smipoly_monomers,CID21660,csv:row=354;comID=CID21660,"bis(oxiran-2-ylmethyl) cyclohexane-1,2-dicarboxylate",C1CCC(C(C1)C(=O)OCC2CO2)C(=O)OCC3CO3,O=C(OCC1CO1)C1CCCCC1C(=O)OCC1CO1,XFUOBHWPTSIEOV-UHFFFAOYSA-N,C14H20O6,C14H20O6,284.3,284.308,284.125988,0,20,0,0,0,0,0,0,2,epoxy_polyol_precursor,rule_medium,epoxide_group_count>=1,polyol_synthesis_precursor,2,True,rdkit_validated,canonical_unique,BSD-3-Clause,reaction_rule_generated,candidate_structure,Gold-V,admitted_reference,0.0,,smipoly-rdkit-role-v1,2026.03.4
chemical_a2cf8157d0f77432,ds_smipoly_monomers,CID69933,csv:row=473;comID=CID69933,"1,1,1,3,3,3-hexafluoro-2-[3-(1,1,1,3,3,3-hexafluoro-2-hydroxypropan-2-yl)phenyl]propan-2-ol",C1=CC(=CC(=C1)C(C(F)(F)F)(C(F)(F)F)O)C(C(F)(F)F)(C(F)(F)F)O,OC(c1cccc(C(O)(C(F)(F)F)C(F)(F)F)c1)(C(F)(F)F)C(F)(F)F,PGUIOHNOYADLMU-UHFFFAOYSA-N,C12H6F12O2,C12H6F12O2,410.15,410.154,410.017618,0,26,0,2,0,0,0,0,0,macrodiol_polyol_candidate,rule_medium,hydroxyl_group_count=2 and RDKit_MolWt>250,direct_tpu_building_block,1,True,rdkit_validated,canonical_unique,BSD-3-Clause,reaction_rule_generated,candidate_structure,Gold-V,admitted_reference,0.0,,smipoly-rdkit-role-v1,2026.03.4
chemical_a2e95679fdfcb24e,ds_smipoly_monomers,CID10351788,csv:row=966;comID=CID10351788,"3-prop-2-enoyl-1,3-oxazolidin-2-one",C=CC(=O)N1CCOC1=O,C=CC(=O)N1CCOC1=O,HIBSYUPTCGGRSD-UHFFFAOYSA-N,C6H7NO3,C6H7NO3,141.12,141.126,141.042593,0,10,0,0,0,0,0,0,0,unclassified,none,no_supported_TPU_role_rule_matched,unresolved,9,False,rdkit_validated,canonical_unique,BSD-3-Clause,reaction_rule_generated,candidate_structure,Gold-V,admitted_reference,0.0,,smipoly-rdkit-role-v1,2026.03.4
chemical_a323fa723a910d04,ds_smipoly_monomers,CID95605,csv:row=683;comID=CID95605,"tricyclo[5.2.1.02,6]dec-3-ene",C1CC2CC1C3C2C=CC3,C1=CC2C3CCC(C3)C2C1,HANKSFAYJLDDKP-UHFFFAOYSA-N,C10H14,C10H14,134.22,134.222,134.10955,0,10,0,0,0,0,0,0,0,unclassified,none,no_supported_TPU_role_rule_matched,unresolved,9,False,rdkit_validated,canonical_unique,BSD-3-Clause,reaction_rule_generated,candidate_structure,Gold-V,admitted_reference,0.0,,smipoly-rdkit-role-v1,2026.03.4
chemical_a333383f09888a03,ds_smipoly_monomers,CID11416795,csv:row=995;comID=CID11416795,6-[4-(4-cyanophenyl)phenoxy]hexyl prop-2-enoate,C=CC(=O)OCCCCCCOC1=CC=C(C=C1)C2=CC=C(C=C2)C#N,C=CC(=O)OCCCCCCOc1ccc(-c2ccc(C#N)cc2)cc1,IGHSOWSFSFGPAZ-UHFFFAOYSA-N,C22H23NO3,C22H23NO3,349.4,349.43,349.167794,0,26,0,0,0,0,0,0,0,unclassified,none,no_supported_TPU_role_rule_matched,unresolved,9,False,rdkit_validated,canonical_unique,BSD-3-Clause,reaction_rule_generated,candidate_structure,Gold-V,admitted_reference,0.0,,smipoly-rdkit-role-v1,2026.03.4
chemical_a3cc878e9dcfb1de,ds_smipoly_monomers,CID66218,csv:row=425;comID=CID66218,"3,9-bis(ethenyl)-2,4,8,10-tetraoxaspiro[5.5]undecane",C=CC1OCC2(CO1)COC(OC2)C=C,C=CC1OCC2(CO1)COC(C=C)OC2,OOXMQACSWCZQLX-UHFFFAOYSA-N,C11H16O4,C11H16O4,212.24,212.245,212.104859,0,15,0,0,0,0,0,0,0,unclassified,none,no_supported_TPU_role_rule_matched,unresolved,9,False,rdkit_validated,canonical_unique,BSD-3-Clause,reaction_rule_generated,candidate_structure,Gold-V,admitted_reference,0.0,,smipoly-rdkit-role-v1,2026.03.4
chemical_a3fac30373761f05,ds_smipoly_monomers,CID743,csv:row=9;comID=CID743,pentanedioic acid,C(CC(=O)O)CC(=O)O,O=C(O)CCCC(=O)O,JFCQEDHGNNZCLN-UHFFFAOYSA-N,C5H8O4,C5H8O4,132.11,132.115,132.042259,0,9,0,0,0,0,2,0,0,polyester_polyol_precursor,rule_medium,carboxylic_acid_group_count>=2,polyol_synthesis_precursor,2,True,rdkit_validated,canonical_unique,BSD-3-Clause,reaction_rule_generated,candidate_structure,Gold-V,admitted_reference,0.0,,smipoly-rdkit-role-v1,2026.03.4
chemical_a4aae38bd62f9c64,ds_smipoly_monomers,CID587335,csv:row=833;comID=CID587335,ethenyl 2-chlorobenzoate,C=COC(=O)C1=CC=CC=C1Cl,C=COC(=O)c1ccccc1Cl,ZJIHUSWGELHYBJ-UHFFFAOYSA-N,C9H7ClO2,C9H7ClO2,182.6,182.606,182.013457,0,12,0,0,0,0,0,0,0,unclassified,none,no_supported_TPU_role_rule_matched,unresolved,9,False,rdkit_validated,canonical_unique,BSD-3-Clause,reaction_rule_generated,candidate_structure,Gold-V,admitted_reference,0.0,,smipoly-rdkit-role-v1,2026.03.4
chemical_a4db5c915bd1a7c5,ds_smipoly_monomers,CID87565,csv:row=649;comID=CID87565,docosyl prop-2-enoate,CCCCCCCCCCCCCCCCCCCCCCOC(=O)C=C,C=CC(=O)OCCCCCCCCCCCCCCCCCCCCCC,KHAYCTOSKLIHEP-UHFFFAOYSA-N,C25H48O2,C25H48O2,380.6,380.657,380.365431,0,27,0,0,0,0,0,0,0,unclassified,none,no_supported_TPU_role_rule_matched,unresolved,9,False,rdkit_validated,canonical_unique,BSD-3-Clause,reaction_rule_generated,candidate_structure,Gold-V,admitted_reference,0.0,,smipoly-rdkit-role-v1,2026.03.4
chemical_a51a462ced702ffb,ds_smipoly_monomers,CID19996,csv:row=346;comID=CID19996,2-(2-prop-2-enoyloxyethoxy)ethyl prop-2-enoate,C=CC(=O)OCCOCCOC(=O)C=C,C=CC(=O)OCCOCCOC(=O)C=C,LEJBBGNFPAFPKQ-UHFFFAOYSA-N,C10H14O5,C10H14O5,214.21,214.217,214.084124,0,15,0,0,0,0,0,0,0,unclassified,none,no_supported_TPU_role_rule_matched,unresolved,9,False,rdkit_validated,canonical_unique,BSD-3-Clause,reaction_rule_generated,candidate_structure,Gold-V,admitted_reference,0.0,,smipoly-rdkit-role-v1,2026.03.4
chemical_a5cc6b80c6c07f98,ds_smipoly_monomers,CID12713,csv:row=213;comID=CID12713,2-ethylhexyl 2-methylprop-2-enoate,CCCCC(CC)COC(=O)C(=C)C,C=C(C)C(=O)OCC(CC)CCCC,WDQMWEYDKDCEHT-UHFFFAOYSA-N,C12H22O2,C12H22O2,198.3,198.306,198.16198,0,14,0,0,0,0,0,0,0,unclassified,none,no_supported_TPU_role_rule_matched,unresolved,9,False,rdkit_validated,canonical_unique,BSD-3-Clause,reaction_rule_generated,candidate_structure,Gold-V,admitted_reference,0.0,,smipoly-rdkit-role-v1,2026.03.4
chemical_a5d4ff5ecdaf2a21,ds_smipoly_monomers,CID12381,csv:row=211;comID=CID12381,"heptane-1,7-diol",C(CCCO)CCCO,OCCCCCCCO,SXCBDZAEHILGLM-UHFFFAOYSA-N,C7H16O2,C7H16O2,132.2,132.203,132.11503,0,9,0,2,0,0,0,0,0,diol_chain_extender_candidate,rule_medium,hydroxyl_group_count=2 and RDKit_MolWt<=250,direct_tpu_building_block,1,True,rdkit_validated,canonical_unique,BSD-3-Clause,reaction_rule_generated,candidate_structure,Gold-V,admitted_reference,0.0,,smipoly-rdkit-role-v1,2026.03.4
chemical_a5e004a26ce9c558,ds_smipoly_monomers,CID13037,csv:row=223;comID=CID13037,ethenyl benzoate,C=COC(=O)C1=CC=CC=C1,C=COC(=O)c1ccccc1,KOZCZZVUFDCZGG-UHFFFAOYSA-N,C9H8O2,C9H8O2,148.16,148.161,148.052429,0,11,0,0,0,0,0,0,0,unclassified,none,no_supported_TPU_role_rule_matched,unresolved,9,False,rdkit_validated,canonical_unique,BSD-3-Clause,reaction_rule_generated,candidate_structure,Gold-V,admitted_reference,0.0,,smipoly-rdkit-role-v1,2026.03.4
chemical_a5fc1f17877a4bc4,ds_smipoly_monomers,CID77353,csv:row=567;comID=CID77353,"1,3-bis(prop-1-en-2-yl)benzene",CC(=C)C1=CC(=CC=C1)C(=C)C,C=C(C)c1cccc(C(=C)C)c1,IBVPVTPPYGGAEL-UHFFFAOYSA-N,C12H14,C12H14,158.24,158.244,158.10955,0,12,0,0,0,0,0,0,0,unclassified,none,no_supported_TPU_role_rule_matched,unresolved,9,False,rdkit_validated,canonical_unique,BSD-3-Clause,reaction_rule_generated,candidate_structure,Gold-V,admitted_reference,0.0,,smipoly-rdkit-role-v1,2026.03.4
chemical_a5fc41513021c845,ds_smipoly_monomers,CID88054,csv:row=651;comID=CID88054,"3,3,4,4,5,5,6,6,6-nonafluorohex-1-ene",C=CC(C(C(C(F)(F)F)(F)F)(F)F)(F)F,C=CC(F)(F)C(F)(F)C(F)(F)C(F)(F)F,GVEUEBXMTMZVSD-UHFFFAOYSA-N,C6H3F9,C6H3F9,246.07,246.072,246.009104,0,15,0,0,0,0,0,0,0,unclassified,none,no_supported_TPU_role_rule_matched,unresolved,9,False,rdkit_validated,canonical_unique,BSD-3-Clause,reaction_rule_generated,candidate_structure,Gold-V,admitted_reference,0.0,,smipoly-rdkit-role-v1,2026.03.4
chemical_a7207f02e46a8970,ds_smipoly_monomers,CID59306005,csv:row=1077;comID=CID59306005,"9,9-dioctylfluorene-2,7-diamine",CCCCCCCCC1(C2=C(C=CC(=C2)N)C3=C1C=C(C=C3)N)CCCCCCCC,CCCCCCCCC1(CCCCCCCC)c2cc(N)ccc2-c2ccc(N)cc21,ODJBGRHFVFWTBO-UHFFFAOYSA-N,C29H44N2,C29H44N2,420.7,420.685,420.350449,0,31,0,0,2,0,0,0,0,diamine_chain_extender_candidate,rule_medium,amine_group_count>=2,tpuu_or_nipu_building_block,1,True,rdkit_validated,canonical_unique,BSD-3-Clause,reaction_rule_generated,candidate_structure,Gold-V,admitted_reference,0.0,,smipoly-rdkit-role-v1,2026.03.4
chemical_a78def9f475beb63,ds_smipoly_monomers,CID299989,csv:row=793;comID=CID299989,"2,5-dimethylterephthalic acid",CC1=CC(=C(C=C1C(=O)O)C)C(=O)O,Cc1cc(C(=O)O)c(C)cc1C(=O)O,FKUJGZJNDUGCFU-UHFFFAOYSA-N,C10H10O4,C10H10O4,194.18,194.186,194.057909,0,14,0,0,0,0,2,0,0,polyester_polyol_precursor,rule_medium,carboxylic_acid_group_count>=2,polyol_synthesis_precursor,2,True,rdkit_validated,canonical_unique,BSD-3-Clause,reaction_rule_generated,candidate_structure,Gold-V,admitted_reference,0.0,,smipoly-rdkit-role-v1,2026.03.4
chemical_a791bc8fb6ecffc6,ds_smipoly_monomers,CID28594,csv:row=370;comID=CID28594,"2-[[2,2-dimethyl-3-(oxiran-2-ylmethoxy)propoxy]methyl]oxirane",CC(C)(COCC1CO1)COCC2CO2,CC(C)(COCC1CO1)COCC1CO1,KUAUJXBLDYVELT-UHFFFAOYSA-N,C11H20O4,C11H20O4,216.27,216.277,216.136159,0,15,0,0,0,0,0,0,2,epoxy_polyol_precursor,rule_medium,epoxide_group_count>=1,polyol_synthesis_precursor,2,True,rdkit_validated,canonical_unique,BSD-3-Clause,reaction_rule_generated,candidate_structure,Gold-V,admitted_reference,0.0,,smipoly-rdkit-role-v1,2026.03.4
chemical_a7cc845c78083ba0,ds_smipoly_monomers,CID66190,csv:row=424;comID=CID66190,dimethyl-bis(prop-2-enyl)silane,C[Si](C)(CC=C)CC=C,C=CC[Si](C)(C)CC=C,ZDSFBVVBFMKMRF-UHFFFAOYSA-N,C8H16Si,C8H16Si,140.3,140.302,140.102127,0,9,0,0,0,0,0,0,0,unclassified,none,no_supported_TPU_role_rule_matched,unresolved,9,False,rdkit_validated,canonical_unique,BSD-3-Clause,reaction_rule_generated,candidate_structure,Gold-V,admitted_reference,0.0,,smipoly-rdkit-role-v1,2026.03.4
chemical_a7db420d45ddaf60,ds_smipoly_monomers,CID74574,csv:row=510;comID=CID74574,"5-[(1,3-dioxo-2-benzofuran-5-yl)oxy]-2-benzofuran-1,3-dione",C1=CC2=C(C=C1OC3=CC4=C(C=C3)C(=O)OC4=O)C(=O)OC2=O,O=C1OC(=O)c2cc(Oc3ccc4c(c3)C(=O)OC4=O)ccc21,QQGYZOYWNCKGEK-UHFFFAOYSA-N,C16H6O7,C16H6O7,310.21,310.217,310.011353,0,23,0,0,0,0,0,0,0,unclassified,none,no_supported_TPU_role_rule_matched,unresolved,9,False,rdkit_validated,canonical_unique,BSD-3-Clause,reaction_rule_generated,candidate_structure,Gold-V,admitted_reference,0.0,,smipoly-rdkit-role-v1,2026.03.4
chemical_a8225fd74ecce52a,ds_smipoly_monomers,CID62385,csv:row=405;comID=CID62385,1-methyl-4-prop-1-en-2-ylbenzene,CC1=CC=C(C=C1)C(=C)C,C=C(C)c1ccc(C)cc1,MMSLOZQEMPDGPI-UHFFFAOYSA-N,C10H12,C10H12,132.2,132.206,132.0939,0,10,0,0,0,0,0,0,0,unclassified,none,no_supported_TPU_role_rule_matched,unresolved,9,False,rdkit_validated,canonical_unique,BSD-3-Clause,reaction_rule_generated,candidate_structure,Gold-V,admitted_reference,0.0,,smipoly-rdkit-role-v1,2026.03.4
chemical_a8346504755e63a8,ds_smipoly_monomers,CID66072,csv:row=418;comID=CID66072,decanedioyl dichloride,C(CCCCC(=O)Cl)CCCC(=O)Cl,O=C(Cl)CCCCCCCCC(=O)Cl,WMPOZLHMGVKUEJ-UHFFFAOYSA-N,C10H16Cl2O2,C10H16Cl2O2,239.14,239.142,238.052735,0,14,0,0,0,0,0,0,0,unclassified,none,no_supported_TPU_role_rule_matched,unresolved,9,False,rdkit_validated,canonical_unique,BSD-3-Clause,reaction_rule_generated,candidate_structure,Gold-V,admitted_reference,0.0,,smipoly-rdkit-role-v1,2026.03.4
chemical_a8c7d49bac82b26d,ds_smipoly_monomers,CID12612564,csv:row=1011;comID=CID12612564,"1,3-bis(prop-2-enyl)-5-propyl-1,3,5-triazinane-2,4,6-trione",CCCN1C(=O)N(C(=O)N(C1=O)CC=C)CC=C,C=CCn1c(=O)n(CC=C)c(=O)n(CCC)c1=O,ZIJDEADTCQKATN-UHFFFAOYSA-N,C12H17N3O3,C12H17N3O3,251.28,251.286,251.126991,0,18,0,0,0,0,0,0,0,unclassified,none,no_supported_TPU_role_rule_matched,unresolved,9,False,rdkit_validated,canonical_unique,BSD-3-Clause,reaction_rule_generated,candidate_structure,Gold-V,admitted_reference,0.0,,smipoly-rdkit-role-v1,2026.03.4
chemical_a90f3f5b52ae0ef5,ds_smipoly_monomers,CID3092369,csv:row=907;comID=CID3092369,"[4-(1,3-dioxo-2-benzofuran-5-carbonyl)oxyphenyl] 1,3-dioxo-2-benzofuran-5-carboxylate",C1=CC(=CC=C1OC(=O)C2=CC3=C(C=C2)C(=O)OC3=O)OC(=O)C4=CC5=C(C=C4)C(=O)OC5=O,O=C(Oc1ccc(OC(=O)c2ccc3c(c2)C(=O)OC3=O)cc1)c1ccc2c(c1)C(=O)OC2=O,CXISKMDTEFIGTG-UHFFFAOYSA-N,C24H10O10,C24H10O10,458.3,458.334,458.027397,0,34,0,0,0,0,0,0,0,unclassified,none,no_supported_TPU_role_rule_matched,unresolved,9,False,rdkit_validated,canonical_unique,BSD-3-Clause,reaction_rule_generated,candidate_structure,Gold-V,admitted_reference,0.0,,smipoly-rdkit-role-v1,2026.03.4
chemical_a9a521ec5658ddcb,ds_smipoly_monomers,CID7858,csv:row=112;comID=CID7858,prop-2-en-1-ol,C=CCO,C=CCO,XXROGKLTLUQVRX-UHFFFAOYSA-N,C3H6O,C3H6O,58.08,58.08,58.041865,0,4,0,1,0,0,0,0,0,monool_model_compound,rule_medium,hydroxyl_group_count=1,adjacent_model_compound,3,True,rdkit_validated,canonical_unique,BSD-3-Clause,reaction_rule_generated,candidate_structure,Gold-V,admitted_reference,0.0,,smipoly-rdkit-role-v1,2026.03.4
chemical_aa552ee287dc3ef8,ds_smipoly_monomers,CID11265237,csv:row=988;comID=CID11265237,"bis(prop-2-enyl) cyclohexane-1,4-dicarboxylate",C=CCOC(=O)C1CCC(CC1)C(=O)OCC=C,C=CCOC(=O)C1CCC(C(=O)OCC=C)CC1,ZXTPJLLIHIDBKQ-UHFFFAOYSA-N,C14H20O4,C14H20O4,252.31,252.31,252.136159,0,18,0,0,0,0,0,0,0,unclassified,none,no_supported_TPU_role_rule_matched,unresolved,9,False,rdkit_validated,canonical_unique,BSD-3-Clause,reaction_rule_generated,candidate_structure,Gold-V,admitted_reference,0.0,,smipoly-rdkit-role-v1,2026.03.4
chemical_ab0ea836aa0fba2a,ds_smipoly_monomers,CID9246,csv:row=161;comID=CID9246,7-oxabicyclo[4.1.0]heptane,C1CCC2C(C1)O2,C1CCC2OC2C1,ZWAJLVLEBYIOTI-UHFFFAOYSA-N,C6H10O,C6H10O,98.14,98.145,98.073165,0,7,0,0,0,0,0,0,1,epoxy_polyol_precursor,rule_medium,epoxide_group_count>=1,polyol_synthesis_precursor,2,True,rdkit_validated,canonical_unique,BSD-3-Clause,reaction_rule_generated,candidate_structure,Gold-V,admitted_reference,0.0,,smipoly-rdkit-role-v1,2026.03.4
chemical_ab7ef159e8e0c469,ds_smipoly_monomers,CID6354,csv:row=31;comID=CID6354,oxirane,C1CO1,C1CO1,IAYPIBMASNFSPL-UHFFFAOYSA-N,C2H4O,C2H4O,44.05,44.053,44.026215,0,3,0,0,0,0,0,0,1,epoxy_polyol_precursor,rule_medium,epoxide_group_count>=1,polyol_synthesis_precursor,2,True,rdkit_validated,canonical_unique,BSD-3-Clause,reaction_rule_generated,candidate_structure,Gold-V,admitted_reference,0.0,,smipoly-rdkit-role-v1,2026.03.4
chemical_ab979d9b27694931,ds_smipoly_monomers,CID67191,csv:row=437;comID=CID67191,"7,18-dioxaheptacyclo[14.6.2.22,5.03,12.04,9.013,23.020,24]hexacosa-1(23),2,4,9,11,13,15,20(24),21,25-decaene-6,8,17,19-tetrone",C1=CC2=C3C(=CC=C4C3=C1C5=C6C4=CC=C7C6=C(C=C5)C(=O)OC7=O)C(=O)OC2=O,O=C1OC(=O)c2ccc3c4ccc5c6c(ccc(c7ccc1c2c73)c64)C(=O)OC5=O,CLYVDMAATCIVBF-UHFFFAOYSA-N,C24H8O6,C24H8O6,392.3,392.322,392.032088,0,30,0,0,0,0,0,0,0,unclassified,none,no_supported_TPU_role_rule_matched,unresolved,9,False,rdkit_validated,canonical_unique,BSD-3-Clause,reaction_rule_generated,candidate_structure,Gold-V,admitted_reference,0.0,,smipoly-rdkit-role-v1,2026.03.4
chemical_abb21e59f0546ac9,ds_smipoly_monomers,CID3083765,csv:row=904;comID=CID3083765,heptadecanedioic acid,C(CCCCCCCC(=O)O)CCCCCCCC(=O)O,O=C(O)CCCCCCCCCCCCCCCC(=O)O,QCNWZROVPSVEJA-UHFFFAOYSA-N,C17H32O4,C17H32O4,300.4,300.439,300.23006,0,21,0,0,0,0,2,0,0,polyester_polyol_precursor,rule_medium,carboxylic_acid_group_count>=2,polyol_synthesis_precursor,2,True,rdkit_validated,canonical_unique,BSD-3-Clause,reaction_rule_generated,candidate_structure,Gold-V,admitted_reference,0.0,,smipoly-rdkit-role-v1,2026.03.4
chemical_abbb59d2b1b97e34,ds_smipoly_monomers,CID7918,csv:row=115;comID=CID7918,acetic anhydride,CC(=O)OC(=O)C,CC(=O)OC(C)=O,WFDIJRYMOXRFFG-UHFFFAOYSA-N,C4H6O3,C4H6O3,102.09,102.089,102.031694,0,7,0,0,0,0,0,0,0,unclassified,none,no_supported_TPU_role_rule_matched,unresolved,9,False,rdkit_validated,canonical_unique,BSD-3-Clause,reaction_rule_generated,candidate_structure,Gold-V,admitted_reference,0.0,,smipoly-rdkit-role-v1,2026.03.4
chemical_abbebb80afc6c66a,ds_smipoly_monomers,CID5365800,csv:row=941;comID=CID5365800,ethenyl (E)-but-2-enoate,CC=CC(=O)OC=C,C=COC(=O)C=CC,IYNRVIKPUTZSOR-UHFFFAOYSA-N,C6H8O2,C6H8O2,112.13,112.128,112.052429,0,8,0,0,0,0,0,0,0,unclassified,none,no_supported_TPU_role_rule_matched,unresolved,9,False,rdkit_validated,canonical_unique,BSD-3-Clause,reaction_rule_generated,candidate_structure,Gold-V,admitted_reference,0.0,,smipoly-rdkit-role-v1,2026.03.4
chemical_abcf74f6de55efb1,ds_smipoly_monomers,CID586156,csv:row=832;comID=CID586156,"6-ethenyl-1,3,5-triazine-2,4-diamine",C=CC1=NC(=NC(=N1)N)N,C=Cc1nc(N)nc(N)n1,ZXLYUNPVVODNRE-UHFFFAOYSA-N,C5H7N5,C5H7N5,137.14,137.146,137.070145,0,10,0,0,2,0,0,0,0,diamine_chain_extender_candidate,rule_medium,amine_group_count>=2,tpuu_or_nipu_building_block,1,True,rdkit_validated,canonical_unique,BSD-3-Clause,reaction_rule_generated,candidate_structure,Gold-V,admitted_reference,0.0,,smipoly-rdkit-role-v1,2026.03.4
chemical_abd5fa269e108ebf,ds_smipoly_monomers,CID87042,csv:row=643;comID=CID87042,chloro-ethenyl-methyl-phenylsilane,C[Si](C=C)(C1=CC=CC=C1)Cl,C=C[Si](C)(Cl)c1ccccc1,GSXJAPJSIVGONK-UHFFFAOYSA-N,C9H11ClSi,C9H11ClSi,182.72,182.726,182.031855,0,11,0,0,0,0,0,0,0,unclassified,none,no_supported_TPU_role_rule_matched,unresolved,9,False,rdkit_validated,canonical_unique,BSD-3-Clause,reaction_rule_generated,candidate_structure,Gold-V,admitted_reference,0.0,,smipoly-rdkit-role-v1,2026.03.4
chemical_abd80442d7d8a89b,ds_smipoly_monomers,CID88798,csv:row=654;comID=CID88798,3-triethoxysilylpropyl 2-methylprop-2-enoate,CCO[Si](CCCOC(=O)C(=C)C)(OCC)OCC,C=C(C)C(=O)OCCC[Si](OCC)(OCC)OCC,URDOJQUSEUXVRP-UHFFFAOYSA-N,C13H26O5Si,C13H26O5Si,290.43,290.432,290.15495,0,19,0,0,0,0,0,0,0,unclassified,none,no_supported_TPU_role_rule_matched,unresolved,9,False,rdkit_validated,canonical_unique,BSD-3-Clause,reaction_rule_generated,candidate_structure,Gold-V,admitted_reference,0.0,,smipoly-rdkit-role-v1,2026.03.4
chemical_ac06c1a00542e9a0,ds_smipoly_monomers,CID6378,csv:row=32;comID=CID6378,2-methyloxirane,CC1CO1,CC1CO1,GOOHAUXETOMSMM-UHFFFAOYSA-N,C3H6O,C3H6O,58.08,58.08,58.041865,0,4,0,0,0,0,0,0,1,epoxy_polyol_precursor,rule_medium,epoxide_group_count>=1,polyol_synthesis_precursor,2,True,rdkit_validated,canonical_unique,BSD-3-Clause,reaction_rule_generated,candidate_structure,Gold-V,admitted_reference,0.0,,smipoly-rdkit-role-v1,2026.03.4
chemical_ac519b29c1b24305,ds_smipoly_monomers,CID68462,csv:row=456;comID=CID68462,"naphthalene-1,7-diol",C1=CC2=C(C=C(C=C2)O)C(=C1)O,Oc1ccc2cccc(O)c2c1,ZUVBIBLYOCVYJU-UHFFFAOYSA-N,C10H8O2,C10H8O2,160.17,160.172,160.052429,0,12,0,2,0,0,0,0,0,diol_chain_extender_candidate,rule_medium,hydroxyl_group_count=2 and RDKit_MolWt<=250,direct_tpu_building_block,1,True,rdkit_validated,canonical_unique,BSD-3-Clause,reaction_rule_generated,candidate_structure,Gold-V,admitted_reference,0.0,,smipoly-rdkit-role-v1,2026.03.4
chemical_ac649a39772baee8,ds_smipoly_monomers,CID630455,csv:row=853;comID=CID630455,"4,8-dibromofuro[3,4-f][2]benzofuran-1,3,5,7-tetrone",C12=C(C(=C3C(=C1Br)C(=O)OC3=O)Br)C(=O)OC2=O,O=c1oc(=O)c2c(Br)c3c(=O)oc(=O)c3c(Br)c12,OYIHYCLAXDDYFC-UHFFFAOYSA-N,C10Br2O6,C10Br2O6,375.91,375.912,373.806162,0,18,0,0,0,0,0,0,0,unclassified,none,no_supported_TPU_role_rule_matched,unresolved,9,False,rdkit_validated,canonical_unique,BSD-3-Clause,reaction_rule_generated,candidate_structure,Gold-V,admitted_reference,0.0,,smipoly-rdkit-role-v1,2026.03.4
chemical_aca615619e8d9a65,ds_smipoly_monomers,CID10433,csv:row=177;comID=CID10433,,C1CC(CC(C1)O)O,OC1CCCC(O)C1,RLMGYIOTPQVQJR-UHFFFAOYSA-N,C6H12O2,C6H12O2,116.16,116.16,116.08373,0,8,0,2,0,0,0,0,0,diol_chain_extender_candidate,rule_medium,hydroxyl_group_count=2 and RDKit_MolWt<=250,direct_tpu_building_block,1,True,rdkit_validated,canonical_unique,BSD-3-Clause,reaction_rule_generated,candidate_structure,Gold-V,admitted_reference,0.0,,smipoly-rdkit-role-v1,2026.03.4
chemical_ad3b84f407d4ded9,ds_smipoly_monomers,CID78946,csv:row=582;comID=CID78946,2-bicyclo[2.2.1]hept-5-enylmethanol,C1C2CC(C1C=C2)CO,OCC1CC2C=CC1C2,LUMNWCHHXDUKFI-UHFFFAOYSA-N,C8H12O,C8H12O,124.18,124.183,124.088815,0,9,0,1,0,0,0,0,0,monool_model_compound,rule_medium,hydroxyl_group_count=1,adjacent_model_compound,3,True,rdkit_validated,canonical_unique,BSD-3-Clause,reaction_rule_generated,candidate_structure,Gold-V,admitted_reference,0.0,,smipoly-rdkit-role-v1,2026.03.4
chemical_ad9eddafa69b6150,ds_smipoly_monomers,CID7742,csv:row=96;comID=CID7742,5-propyloxolan-2-one,CCCC1CCC(=O)O1,CCCC1CCC(=O)O1,VLSVVMPLPMNWBH-UHFFFAOYSA-N,C7H12O2,C7H12O2,128.17,128.171,128.08373,0,9,0,0,0,0,0,0,0,unclassified,none,no_supported_TPU_role_rule_matched,unresolved,9,False,rdkit_validated,canonical_unique,BSD-3-Clause,reaction_rule_generated,candidate_structure,Gold-V,admitted_reference,0.0,,smipoly-rdkit-role-v1,2026.03.4
chemical_ae1077f35c160579,ds_smipoly_monomers,CID12058813,csv:row=1005;comID=CID12058813,"4-[3,5-bis(4-aminophenyl)phenyl]aniline",C1=CC(=CC=C1C2=CC(=CC(=C2)C3=CC=C(C=C3)N)C4=CC=C(C=C4)N)N,Nc1ccc(-c2cc(-c3ccc(N)cc3)cc(-c3ccc(N)cc3)c2)cc1,QHQSCKLPDVSEBJ-UHFFFAOYSA-N,C24H21N3,C24H21N3,351.4,351.453,351.173548,0,27,0,0,3,0,0,0,0,diamine_chain_extender_candidate,rule_medium,amine_group_count>=2,tpuu_or_nipu_building_block,1,True,rdkit_validated,canonical_unique,BSD-3-Clause,reaction_rule_generated,candidate_structure,Gold-V,admitted_reference,0.0,,smipoly-rdkit-role-v1,2026.03.4
chemical_ae384f25fc0d24e1,ds_smipoly_monomers,CID2736025,csv:row=881;comID=CID2736025,"2-[2,2,3,3,4,4,5,5-octafluoro-6-(oxiran-2-yl)hexyl]oxirane",C1C(O1)CC(C(C(C(CC2CO2)(F)F)(F)F)(F)F)(F)F,FC(F)(CC1CO1)C(F)(F)C(F)(F)C(F)(F)CC1CO1,KVSHGEMJMXSNTB-UHFFFAOYSA-N,C10H10F8O2,C10H10F8O2,314.17,314.172,314.055305,0,20,0,0,0,0,0,0,2,epoxy_polyol_precursor,rule_medium,epoxide_group_count>=1,polyol_synthesis_precursor,2,True,rdkit_validated,canonical_unique,BSD-3-Clause,reaction_rule_generated,candidate_structure,Gold-V,admitted_reference,0.0,,smipoly-rdkit-role-v1,2026.03.4
chemical_ae5a1e446fda757a,ds_smipoly_monomers,CID86908,csv:row=642;comID=CID86908,"1,3-bis(prop-2-enoxy)propan-2-ol",C=CCOCC(COCC=C)O,C=CCOCC(O)COCC=C,OFLGYLDXUIXHQY-UHFFFAOYSA-N,C9H16O3,C9H16O3,172.22,172.224,172.109944,0,12,0,1,0,0,0,0,0,monool_model_compound,rule_medium,hydroxyl_group_count=1,adjacent_model_compound,3,True,rdkit_validated,canonical_unique,BSD-3-Clause,reaction_rule_generated,candidate_structure,Gold-V,admitted_reference,0.0,,smipoly-rdkit-role-v1,2026.03.4
chemical_ae631b0d0aab9d3b,ds_smipoly_monomers,CID80344,csv:row=592;comID=CID80344,ethenoxy(trimethyl)silane,C[Si](C)(C)OC=C,C=CO[Si](C)(C)C,HFTNNOZFRQLFQB-UHFFFAOYSA-N,C5H12OSi,C5H12OSi,116.23,116.236,116.065742,0,7,0,0,0,0,0,0,0,unclassified,none,no_supported_TPU_role_rule_matched,unresolved,9,False,rdkit_validated,canonical_unique,BSD-3-Clause,reaction_rule_generated,candidate_structure,Gold-V,admitted_reference,0.0,,smipoly-rdkit-role-v1,2026.03.4
chemical_aeaaf03b31f2e166,ds_smipoly_monomers,CID23741,csv:row=356;comID=CID23741,2-tetradecyloxirane,CCCCCCCCCCCCCCC1CO1,CCCCCCCCCCCCCCC1CO1,DSZTYVZOIUIIGA-UHFFFAOYSA-N,C16H32O,C16H32O,240.42,240.431,240.245316,0,17,0,0,0,0,0,0,1,epoxy_polyol_precursor,rule_medium,epoxide_group_count>=1,polyol_synthesis_precursor,2,True,rdkit_validated,canonical_unique,BSD-3-Clause,reaction_rule_generated,candidate_structure,Gold-V,admitted_reference,0.0,,smipoly-rdkit-role-v1,2026.03.4
chemical_af0d20a23103cca1,ds_smipoly_monomers,CID7836,csv:row=106;comID=CID7836,oxiran-2-ylmethyl prop-2-enoate,C=CC(=O)OCC1CO1,C=CC(=O)OCC1CO1,RPQRDASANLAFCM-UHFFFAOYSA-N,C6H8O3,C6H8O3,128.13,128.127,128.047344,0,9,0,0,0,0,0,0,1,epoxy_polyol_precursor,rule_medium,epoxide_group_count>=1,polyol_synthesis_precursor,2,True,rdkit_validated,canonical_unique,BSD-3-Clause,reaction_rule_generated,candidate_structure,Gold-V,admitted_reference,0.0,,smipoly-rdkit-role-v1,2026.03.4
chemical_af14a739e2c7ff42,ds_smipoly_monomers,CID10955092,csv:row=974;comID=CID10955092,1-adamantyl 2-methylprop-2-enoate,CC(=C)C(=O)OC12CC3CC(C1)CC(C3)C2,C=C(C)C(=O)OC12CC3CC(CC(C3)C1)C2,MZVABYGYVXBZDP-UHFFFAOYSA-N,C14H20O2,C14H20O2,220.31,220.312,220.14633,0,16,0,0,0,0,0,0,0,unclassified,none,no_supported_TPU_role_rule_matched,unresolved,9,False,rdkit_validated,canonical_unique,BSD-3-Clause,reaction_rule_generated,candidate_structure,Gold-V,admitted_reference,0.0,,smipoly-rdkit-role-v1,2026.03.4
chemical_af4215da6a0a7664,ds_smipoly_monomers,CID87471,csv:row=648;comID=CID87471,trimethyl(prop-2-enoxy)silane,C[Si](C)(C)OCC=C,C=CCO[Si](C)(C)C,MNMVKGDEKPPREK-UHFFFAOYSA-N,C6H14OSi,C6H14OSi,130.26,130.263,130.081392,0,8,0,0,0,0,0,0,0,unclassified,none,no_supported_TPU_role_rule_matched,unresolved,9,False,rdkit_validated,canonical_unique,BSD-3-Clause,reaction_rule_generated,candidate_structure,Gold-V,admitted_reference,0.0,,smipoly-rdkit-role-v1,2026.03.4
chemical_af6a79cad21e6984,ds_smipoly_monomers,CID9244,csv:row=160;comID=CID9244,6-oxabicyclo[3.1.0]hexane,C1CC2C(C1)O2,C1CC2OC2C1,GJEZBVHHZQAEDB-UHFFFAOYSA-N,C5H8O,C5H8O,84.12,84.118,84.057515,0,6,0,0,0,0,0,0,1,epoxy_polyol_precursor,rule_medium,epoxide_group_count>=1,polyol_synthesis_precursor,2,True,rdkit_validated,canonical_unique,BSD-3-Clause,reaction_rule_generated,candidate_structure,Gold-V,admitted_reference,0.0,,smipoly-rdkit-role-v1,2026.03.4
chemical_afd4eb14d828a193,ds_smipoly_monomers,CID62740,csv:row=413;comID=CID62740,"2-[(2,4-dibromophenoxy)methyl]oxirane",C1C(O1)COC2=C(C=C(C=C2)Br)Br,Brc1ccc(OCC2CO2)c(Br)c1,NFWLWLQSZIJYFR-UHFFFAOYSA-N,C9H8Br2O2,C9H8Br2O2,307.97,307.969,305.889104,0,13,0,0,0,0,0,0,1,epoxy_polyol_precursor,rule_medium,epoxide_group_count>=1,polyol_synthesis_precursor,2,True,rdkit_validated,canonical_unique,BSD-3-Clause,reaction_rule_generated,candidate_structure,Gold-V,admitted_reference,0.0,,smipoly-rdkit-role-v1,2026.03.4
chemical_b00432540fb1aeab,ds_smipoly_monomers,CID29728,csv:row=373;comID=CID29728,"2,3-dibromopropyl prop-2-enoate",C=CC(=O)OCC(CBr)Br,C=CC(=O)OCC(Br)CBr,MUKJDVAYJDKPAG-UHFFFAOYSA-N,C6H8Br2O2,C6H8Br2O2,271.93,271.936,269.889104,0,10,0,0,0,0,0,0,0,unclassified,none,no_supported_TPU_role_rule_matched,unresolved,9,False,rdkit_validated,canonical_unique,BSD-3-Clause,reaction_rule_generated,candidate_structure,Gold-V,admitted_reference,0.0,,smipoly-rdkit-role-v1,2026.03.4
chemical_b010e66594593c49,ds_smipoly_monomers,CID12756,csv:row=215;comID=CID12756,5-ethyloxolan-2-one,CCC1CCC(=O)O1,CCC1CCC(=O)O1,JBFHTYHTHYHCDJ-UHFFFAOYSA-N,C6H10O2,C6H10O2,114.14,114.144,114.06808,0,8,0,0,0,0,0,0,0,unclassified,none,no_supported_TPU_role_rule_matched,unresolved,9,False,rdkit_validated,canonical_unique,BSD-3-Clause,reaction_rule_generated,candidate_structure,Gold-V,admitted_reference,0.0,,smipoly-rdkit-role-v1,2026.03.4
chemical_b04555663c9f6082,ds_smipoly_monomers,CID79102,csv:row=586;comID=CID79102,ethenyl(trimethyl)silane,C[Si](C)(C)C=C,C=C[Si](C)(C)C,GCSJLQSCSDMKTP-UHFFFAOYSA-N,C5H12Si,C5H12Si,100.23,100.237,100.070827,0,6,0,0,0,0,0,0,0,unclassified,none,no_supported_TPU_role_rule_matched,unresolved,9,False,rdkit_validated,canonical_unique,BSD-3-Clause,reaction_rule_generated,candidate_structure,Gold-V,admitted_reference,0.0,,smipoly-rdkit-role-v1,2026.03.4
chemical_b08e1249bf2bd57c,ds_smipoly_monomers,CID5354266,csv:row=940;comID=CID5354266,bis(prop-2-enyl) (Z)-but-2-enedioate,C=CCOC(=O)C=CC(=O)OCC=C,C=CCOC(=O)C=CC(=O)OCC=C,ZPOLOEWJWXZUSP-UHFFFAOYSA-N,C10H12O4,C10H12O4,196.2,196.202,196.073559,0,14,0,0,0,0,0,0,0,unclassified,none,no_supported_TPU_role_rule_matched,unresolved,9,False,rdkit_validated,canonical_unique,BSD-3-Clause,reaction_rule_generated,candidate_structure,Gold-V,admitted_reference,0.0,,smipoly-rdkit-role-v1,2026.03.4
chemical_b08f08c69bdb311f,ds_smipoly_monomers,CID75183,csv:row=520;comID=CID75183,4-(4-carboxyphenoxy)benzoic acid,C1=CC(=CC=C1C(=O)O)OC2=CC=C(C=C2)C(=O)O,O=C(O)c1ccc(Oc2ccc(C(=O)O)cc2)cc1,WVDRSXGPQWNUBN-UHFFFAOYSA-N,C14H10O5,C14H10O5,258.23,258.229,258.052823,0,19,0,0,0,0,2,0,0,polyester_polyol_precursor,rule_medium,carboxylic_acid_group_count>=2,polyol_synthesis_precursor,2,True,rdkit_validated,canonical_unique,BSD-3-Clause,reaction_rule_generated,candidate_structure,Gold-V,admitted_reference,0.0,,smipoly-rdkit-role-v1,2026.03.4
chemical_b08fb7c0f6217265,ds_smipoly_monomers,CID9795378,csv:row=952;comID=CID9795378,9-prop-2-enoyloxynonyl prop-2-enoate,C=CC(=O)OCCCCCCCCCOC(=O)C=C,C=CC(=O)OCCCCCCCCCOC(=O)C=C,PGDIJTMOHORACQ-UHFFFAOYSA-N,C15H24O4,C15H24O4,268.35,268.353,268.167459,0,19,0,0,0,0,0,0,0,unclassified,none,no_supported_TPU_role_rule_matched,unresolved,9,False,rdkit_validated,canonical_unique,BSD-3-Clause,reaction_rule_generated,candidate_structure,Gold-V,admitted_reference,0.0,,smipoly-rdkit-role-v1,2026.03.4
chemical_b0ab05cf151dfa84,ds_smipoly_monomers,CID98723,csv:row=694;comID=CID98723,1-morpholin-4-ylprop-2-en-1-one,C=CC(=O)N1CCOCC1,C=CC(=O)N1CCOCC1,XLPJNCYCZORXHG-UHFFFAOYSA-N,C7H11NO2,C7H11NO2,141.17,141.17,141.078979,0,10,0,0,0,0,0,0,0,unclassified,none,no_supported_TPU_role_rule_matched,unresolved,9,False,rdkit_validated,canonical_unique,BSD-3-Clause,reaction_rule_generated,candidate_structure,Gold-V,admitted_reference,0.0,,smipoly-rdkit-role-v1,2026.03.4
chemical_b0f1acdf578cfa0a,ds_smipoly_monomers,CID97723,csv:row=687;comID=CID97723,"4-azatricyclo[5.2.1.02,6]dec-8-ene-3,5-dione",C1C2C=CC1C3C2C(=O)NC3=O,O=C1NC(=O)C2C3C=CC(C3)C12,GPIUUMROPXDNRH-UHFFFAOYSA-N,C9H9NO2,C9H9NO2,163.17,163.176,163.063329,0,12,0,0,0,0,0,0,0,unclassified,none,no_supported_TPU_role_rule_matched,unresolved,9,False,rdkit_validated,canonical_unique,BSD-3-Clause,reaction_rule_generated,candidate_structure,Gold-V,admitted_reference,0.0,,smipoly-rdkit-role-v1,2026.03.4
chemical_b0f34d67162fcf20,ds_smipoly_monomers,CID15816,csv:row=268;comID=CID15816,undecanedioic acid,C(CCCCC(=O)O)CCCCC(=O)O,O=C(O)CCCCCCCCCC(=O)O,LWBHHRRTOZQPDM-UHFFFAOYSA-N,C11H20O4,C11H20O4,216.27,216.277,216.136159,0,15,0,0,0,0,2,0,0,polyester_polyol_precursor,rule_medium,carboxylic_acid_group_count>=2,polyol_synthesis_precursor,2,True,rdkit_validated,canonical_unique,BSD-3-Clause,reaction_rule_generated,candidate_structure,Gold-V,admitted_reference,0.0,,smipoly-rdkit-role-v1,2026.03.4
chemical_b105a74a8921272e,ds_smipoly_monomers,CID15607334,csv:row=1033;comID=CID15607334,tert-butyl bicyclo[2.2.1]hept-5-ene-2-carboxylate,CC(C)(C)OC(=O)C1CC2CC1C=C2,CC(C)(C)OC(=O)C1CC2C=CC1C2,BZBMBZJUNPMEBD-UHFFFAOYSA-N,C12H18O2,C12H18O2,194.27,194.274,194.13068,0,14,0,0,0,0,0,0,0,unclassified,none,no_supported_TPU_role_rule_matched,unresolved,9,False,rdkit_validated,canonical_unique,BSD-3-Clause,reaction_rule_generated,candidate_structure,Gold-V,admitted_reference,0.0,,smipoly-rdkit-role-v1,2026.03.4
chemical_b1137e0deca9a3ef,ds_smipoly_monomers,CID2775936,csv:row=891;comID=CID2775936,"(2,3,4,5,6-pentafluorophenyl)methyl 2-methylprop-2-enoate",CC(=C)C(=O)OCC1=C(C(=C(C(=C1F)F)F)F)F,C=C(C)C(=O)OCc1c(F)c(F)c(F)c(F)c1F,DSESELHEBRQXBA-UHFFFAOYSA-N,C11H7F5O2,C11H7F5O2,266.16,266.165,266.036621,0,18,0,0,0,0,0,0,0,unclassified,none,no_supported_TPU_role_rule_matched,unresolved,9,False,rdkit_validated,canonical_unique,BSD-3-Clause,reaction_rule_generated,candidate_structure,Gold-V,admitted_reference,0.0,,smipoly-rdkit-role-v1,2026.03.4
chemical_b13c136d65dd91cd,ds_smipoly_monomers,CID6325,csv:row=30;comID=CID6325,ethene,C=C,C=C,VGGSQFUCUMXWEO-UHFFFAOYSA-N,C2H4,C2H4,28.05,28.054,28.0313,0,2,0,0,0,0,0,0,0,unclassified,none,no_supported_TPU_role_rule_matched,unresolved,9,False,rdkit_validated,canonical_unique,BSD-3-Clause,reaction_rule_generated,candidate_structure,Gold-V,admitted_reference,0.0,,smipoly-rdkit-role-v1,2026.03.4
chemical_b19024966f8ea9f5,ds_smipoly_monomers,CID12507,csv:row=212;comID=CID12507,1-ethenyl-4-methoxybenzene,COC1=CC=C(C=C1)C=C,C=Cc1ccc(OC)cc1,UAJRSHJHFRVGMG-UHFFFAOYSA-N,C9H10O,C9H10O,134.17,134.178,134.073165,0,10,0,0,0,0,0,0,0,unclassified,none,no_supported_TPU_role_rule_matched,unresolved,9,False,rdkit_validated,canonical_unique,BSD-3-Clause,reaction_rule_generated,candidate_structure,Gold-V,admitted_reference,0.0,,smipoly-rdkit-role-v1,2026.03.4
chemical_b1944b4f53dd4451,ds_smipoly_monomers,CID2786615,csv:row=898;comID=CID2786615,"hexane-1,6-diamine;dihydrochloride",C(CCCN)CCN.Cl.Cl,Cl.Cl.NCCCCCCN,XMVQMBLTFKAIOX-UHFFFAOYSA-N,C6H18Cl2N2,C6H18Cl2N2,189.12,189.13,188.084704,0,10,0,0,2,0,0,0,0,diamine_chain_extender_candidate,rule_medium,amine_group_count>=2,tpuu_or_nipu_building_block,1,True,rdkit_validated,canonical_unique,BSD-3-Clause,reaction_rule_generated,candidate_structure,Gold-V,admitted_reference,0.0,,smipoly-rdkit-role-v1,2026.03.4
chemical_b1a0182a83d4e72a,ds_smipoly_monomers,CID13931,csv:row=246;comID=CID13931,"1,3,5-tris(prop-2-enyl)-1,3,5-triazinane-2,4,6-trione",C=CCN1C(=O)N(C(=O)N(C1=O)CC=C)CC=C,C=CCn1c(=O)n(CC=C)c(=O)n(CC=C)c1=O,KOMNUTZXSVSERR-UHFFFAOYSA-N,C12H15N3O3,C12H15N3O3,249.27,249.27,249.111341,0,18,0,0,0,0,0,0,0,unclassified,none,no_supported_TPU_role_rule_matched,unresolved,9,False,rdkit_validated,canonical_unique,BSD-3-Clause,reaction_rule_generated,candidate_structure,Gold-V,admitted_reference,0.0,,smipoly-rdkit-role-v1,2026.03.4
chemical_b1bc4a0118246b01,ds_smipoly_monomers,CID10933588,csv:row=969;comID=CID10933588,"(1,2,2,6,6-pentamethylpiperidin-4-yl) 2-methylprop-2-enoate",CC(=C)C(=O)OC1CC(N(C(C1)(C)C)C)(C)C,C=C(C)C(=O)OC1CC(C)(C)N(C)C(C)(C)C1,NWPIOULNZLJZHU-UHFFFAOYSA-N,C14H25NO2,C14H25NO2,239.35,239.359,239.188529,0,17,0,0,0,0,0,0,0,unclassified,none,no_supported_TPU_role_rule_matched,unresolved,9,False,rdkit_validated,canonical_unique,BSD-3-Clause,reaction_rule_generated,candidate_structure,Gold-V,admitted_reference,0.0,,smipoly-rdkit-role-v1,2026.03.4
chemical_b1f7e291bf614144,ds_smipoly_monomers,CID11974609,csv:row=1004;comID=CID11974609,"2,9-dibromo-6,13-dioxatetracyclo[6.6.2.04,16.011,15]hexadeca-1,3,8,10,15-pentaene-5,7,12,14-tetrone",C1=C2C3=C4C(=CC(=C3C(=O)OC2=O)Br)C(=O)OC(=O)C4=C1Br,O=C1OC(=O)c2c(Br)cc3c4c(c(Br)cc1c24)C(=O)OC3=O,FEDCHNPLDKDTNS-UHFFFAOYSA-N,C14H2Br2O6,C14H2Br2O6,425.97,425.972,423.821812,0,22,0,0,0,0,0,0,0,unclassified,none,no_supported_TPU_role_rule_matched,unresolved,9,False,rdkit_validated,canonical_unique,BSD-3-Clause,reaction_rule_generated,candidate_structure,Gold-V,admitted_reference,0.0,,smipoly-rdkit-role-v1,2026.03.4
chemical_b1fad087988f8d5d,ds_smipoly_monomers,CID14618269,csv:row=1027;comID=CID14618269,"2,5-diaminobenzene-1,4-dithiol;dihydrochloride",C1=C(C(=CC(=C1S)N)S)N.Cl.Cl,Cl.Cl.Nc1cc(S)c(N)cc1S,HVXLKRWRWNFGBA-UHFFFAOYSA-N,C6H10Cl2N2S2,C6H10Cl2N2S2,245.2,245.2,243.966246,0,12,0,0,2,2,0,0,0,diamine_chain_extender_candidate,rule_medium,amine_group_count>=2,tpuu_or_nipu_building_block,1,True,rdkit_validated,canonical_unique,BSD-3-Clause,reaction_rule_generated,candidate_structure,Gold-V,admitted_reference,0.0,,smipoly-rdkit-role-v1,2026.03.4
chemical_b21e51a51bd2500e,ds_smipoly_monomers,CID86718,csv:row=641;comID=CID86718,2-bicyclo[2.2.1]hept-5-enyl(triethoxy)silane,CCO[Si](C1CC2CC1C=C2)(OCC)OCC,CCO[Si](OCC)(OCC)C1CC2C=CC1C2,HHKDWDAAEFGBAC-UHFFFAOYSA-N,C13H24O3Si,C13H24O3Si,256.41,256.418,256.149471,0,17,0,0,0,0,0,0,0,unclassified,none,no_supported_TPU_role_rule_matched,unresolved,9,False,rdkit_validated,canonical_unique,BSD-3-Clause,reaction_rule_generated,candidate_structure,Gold-V,admitted_reference,0.0,,smipoly-rdkit-role-v1,2026.03.4
chemical_b2748c1bb20e864c,ds_smipoly_monomers,CID7924,csv:row=118;comID=CID7924,"4-methyl-1,3-dioxolan-2-one",CC1COC(=O)O1,CC1COC(=O)O1,RUOJZAUFBMNUDX-UHFFFAOYSA-N,C4H6O3,C4H6O3,102.09,102.089,102.031694,0,7,0,0,0,0,0,1,0,cyclic_carbonate_nipu_precursor,rule_medium,cyclic_carbonate_group_count>=1,tpuu_or_nipu_building_block,2,True,rdkit_validated,canonical_unique,BSD-3-Clause,reaction_rule_generated,candidate_structure,Gold-V,admitted_reference,0.0,,smipoly-rdkit-role-v1,2026.03.4
chemical_b290876428a1856d,ds_smipoly_monomers,CID196,csv:row=3;comID=CID196,hexanedioic acid,C(CCC(=O)O)CC(=O)O,O=C(O)CCCCC(=O)O,WNLRTRBMVRJNCN-UHFFFAOYSA-N,C6H10O4,C6H10O4,146.14,146.142,146.057909,0,10,0,0,0,0,2,0,0,polyester_polyol_precursor,rule_medium,carboxylic_acid_group_count>=2,polyol_synthesis_precursor,2,True,rdkit_validated,canonical_unique,BSD-3-Clause,reaction_rule_generated,candidate_structure,Gold-V,admitted_reference,0.0,,smipoly-rdkit-role-v1,2026.03.4
chemical_b2be3785ec6c1e8d,ds_smipoly_monomers,CID13262724,csv:row=1018;comID=CID13262724,"pyrene-1,3-diamine",C1=CC2=C3C(=C1)C=CC4=C(C=C(C(=C43)C=C2)N)N,Nc1cc(N)c2ccc3cccc4ccc1c2c43,WOFKFNZIJZWWPZ-UHFFFAOYSA-N,C16H12N2,C16H12N2,232.28,232.286,232.100048,0,18,0,0,2,0,0,0,0,diamine_chain_extender_candidate,rule_medium,amine_group_count>=2,tpuu_or_nipu_building_block,1,True,rdkit_validated,canonical_unique,BSD-3-Clause,reaction_rule_generated,candidate_structure,Gold-V,admitted_reference,0.0,,smipoly-rdkit-role-v1,2026.03.4
chemical_b390e27b2f469ed5,ds_smipoly_monomers,CID10210,csv:row=170;comID=CID10210,2-(2-carboxyphenyl)benzoic acid,C1=CC=C(C(=C1)C2=CC=CC=C2C(=O)O)C(=O)O,O=C(O)c1ccccc1-c1ccccc1C(=O)O,GWZCCUDJHOGOSO-UHFFFAOYSA-N,C14H10O4,C14H10O4,242.23,242.23,242.057909,0,18,0,0,0,0,2,0,0,polyester_polyol_precursor,rule_medium,carboxylic_acid_group_count>=2,polyol_synthesis_precursor,2,True,rdkit_validated,canonical_unique,BSD-3-Clause,reaction_rule_generated,candidate_structure,Gold-V,admitted_reference,0.0,,smipoly-rdkit-role-v1,2026.03.4
chemical_b3acdbdc10b02400,ds_smipoly_monomers,CID544393,csv:row=815;comID=CID544393,ethenyl undec-10-enoate,C=CCCCCCCCCC(=O)OC=C,C=CCCCCCCCCC(=O)OC=C,HUGGPHJJSYXCDJ-UHFFFAOYSA-N,C13H22O2,C13H22O2,210.31,210.317,210.16198,0,15,0,0,0,0,0,0,0,unclassified,none,no_supported_TPU_role_rule_matched,unresolved,9,False,rdkit_validated,canonical_unique,BSD-3-Clause,reaction_rule_generated,candidate_structure,Gold-V,admitted_reference,0.0,,smipoly-rdkit-role-v1,2026.03.4
chemical_b3da4f74dbb2b8e1,ds_smipoly_monomers,CID618879,csv:row=843;comID=CID618879,4-(4-hydroxy-3-methylphenyl)sulfanyl-2-methylphenol,CC1=C(C=CC(=C1)SC2=CC(=C(C=C2)O)C)O,Cc1cc(Sc2ccc(O)c(C)c2)ccc1O,IBNFPRMKLZDANU-UHFFFAOYSA-N,C14H14O2S,C14H14O2S,246.33,246.331,246.071451,0,17,0,2,0,0,0,0,0,diol_chain_extender_candidate,rule_medium,hydroxyl_group_count=2 and RDKit_MolWt<=250,direct_tpu_building_block,1,True,rdkit_validated,canonical_unique,BSD-3-Clause,reaction_rule_generated,candidate_structure,Gold-V,admitted_reference,0.0,,smipoly-rdkit-role-v1,2026.03.4
chemical_b3eeda4553210a48,ds_smipoly_monomers,CID4098835,csv:row=924;comID=CID4098835,"[2,3,5,6-tetrafluoro-4-(hydroxymethyl)phenyl]methanol",C(C1=C(C(=C(C(=C1F)F)CO)F)F)O,OCc1c(F)c(F)c(CO)c(F)c1F,SDHKGYDQOGCLQM-UHFFFAOYSA-N,C8H6F4O2,C8H6F4O2,210.13,210.126,210.030392,0,14,0,2,0,0,0,0,0,diol_chain_extender_candidate,rule_medium,hydroxyl_group_count=2 and RDKit_MolWt<=250,direct_tpu_building_block,1,True,rdkit_validated,canonical_unique,BSD-3-Clause,reaction_rule_generated,candidate_structure,Gold-V,admitted_reference,0.0,,smipoly-rdkit-role-v1,2026.03.4
chemical_b3fc448c90c3ab81,ds_smipoly_monomers,CID85862,csv:row=638;comID=CID85862,"2-methylpentane-1,5-diamine",CC(CCCN)CN,CC(CN)CCCN,JZUHIOJYCPIVLQ-UHFFFAOYSA-N,C6H16N2,C6H16N2,116.2,116.208,116.131349,0,8,0,0,2,0,0,0,0,diamine_chain_extender_candidate,rule_medium,amine_group_count>=2,tpuu_or_nipu_building_block,1,True,rdkit_validated,canonical_unique,BSD-3-Clause,reaction_rule_generated,candidate_structure,Gold-V,admitted_reference,0.0,,smipoly-rdkit-role-v1,2026.03.4
chemical_b40906e1d43cc91e,ds_smipoly_monomers,CID6618,csv:row=43;comID=CID6618,"2,6-dibromo-4-[2-(3,5-dibromo-4-hydroxyphenyl)propan-2-yl]phenol",CC(C)(C1=CC(=C(C(=C1)Br)O)Br)C2=CC(=C(C(=C2)Br)O)Br,CC(C)(c1cc(Br)c(O)c(Br)c1)c1cc(Br)c(O)c(Br)c1,VEORPZCZECFIRK-UHFFFAOYSA-N,C15H12Br4O2,C15H12Br4O2,543.9,543.875,539.757078,0,21,0,2,0,0,0,0,0,macrodiol_polyol_candidate,rule_medium,hydroxyl_group_count=2 and RDKit_MolWt>250,direct_tpu_building_block,1,True,rdkit_validated,canonical_unique,BSD-3-Clause,reaction_rule_generated,candidate_structure,Gold-V,admitted_reference,0.0,,smipoly-rdkit-role-v1,2026.03.4
chemical_b4938c5398d4d3fe,ds_smipoly_monomers,CID162605,csv:row=753;comID=CID162605,"6-[2-(2-undecylimidazol-1-yl)ethyl]-1,3,5-triazine-2,4-diamine",CCCCCCCCCCCC1=NC=CN1CCC2=NC(=NC(=N2)N)N,CCCCCCCCCCCc1nccn1CCc1nc(N)nc(N)n1,QZDGTFKTHGKXEP-UHFFFAOYSA-N,C19H33N7,C19H33N7,359.5,359.522,359.279744,0,26,0,0,2,0,0,0,0,diamine_chain_extender_candidate,rule_medium,amine_group_count>=2,tpuu_or_nipu_building_block,1,True,rdkit_validated,canonical_unique,BSD-3-Clause,reaction_rule_generated,candidate_structure,Gold-V,admitted_reference,0.0,,smipoly-rdkit-role-v1,2026.03.4
chemical_b4ab9877dd033034,ds_smipoly_monomers,CID8111,csv:row=132;comID=CID8111,"N'-(2-aminoethyl)ethane-1,2-diamine",C(CNCCN)N,NCCNCCN,RPNUMPOLZDHAAY-UHFFFAOYSA-N,C4H13N3,C4H13N3,103.17,103.169,103.110947,0,7,0,0,3,0,0,0,0,diamine_chain_extender_candidate,rule_medium,amine_group_count>=2,tpuu_or_nipu_building_block,1,True,rdkit_validated,canonical_unique,BSD-3-Clause,reaction_rule_generated,candidate_structure,Gold-V,admitted_reference,0.0,,smipoly-rdkit-role-v1,2026.03.4
chemical_b516d7e768508788,ds_smipoly_monomers,CID7091,csv:row=62;comID=CID7091,"naphthalene-2,3-diol",C1=CC=C2C=C(C(=CC2=C1)O)O,Oc1cc2ccccc2cc1O,JRNGUTKWMSBIBF-UHFFFAOYSA-N,C10H8O2,C10H8O2,160.17,160.172,160.052429,0,12,0,2,0,0,0,0,0,diol_chain_extender_candidate,rule_medium,hydroxyl_group_count=2 and RDKit_MolWt<=250,direct_tpu_building_block,1,True,rdkit_validated,canonical_unique,BSD-3-Clause,reaction_rule_generated,candidate_structure,Gold-V,admitted_reference,0.0,,smipoly-rdkit-role-v1,2026.03.4
chemical_b5958280567be926,ds_smipoly_monomers,CID19920,csv:row=344;comID=CID19920,2-(propan-2-yloxymethyl)oxirane,CC(C)OCC1CO1,CC(C)OCC1CO1,NWLUZGJDEZBBRH-UHFFFAOYSA-N,C6H12O2,C6H12O2,116.16,116.16,116.08373,0,8,0,0,0,0,0,0,1,epoxy_polyol_precursor,rule_medium,epoxide_group_count>=1,polyol_synthesis_precursor,2,True,rdkit_validated,canonical_unique,BSD-3-Clause,reaction_rule_generated,candidate_structure,Gold-V,admitted_reference,0.0,,smipoly-rdkit-role-v1,2026.03.4
chemical_b59adc20b4694a19,ds_smipoly_monomers,CID224167,csv:row=780;comID=CID224167,4-(4-carboxyphenyl)sulfonylbenzoic acid,C1=CC(=CC=C1C(=O)O)S(=O)(=O)C2=CC=C(C=C2)C(=O)O,O=C(O)c1ccc(S(=O)(=O)c2ccc(C(=O)O)cc2)cc1,SQJQLYOMPSJVQS-UHFFFAOYSA-N,C14H10O6S,C14H10O6S,306.29,306.295,306.019809,0,21,0,0,0,0,2,0,0,polyester_polyol_precursor,rule_medium,carboxylic_acid_group_count>=2,polyol_synthesis_precursor,2,True,rdkit_validated,canonical_unique,BSD-3-Clause,reaction_rule_generated,candidate_structure,Gold-V,admitted_reference,0.0,,smipoly-rdkit-role-v1,2026.03.4
chemical_b5a4b4a4ba12bbab,ds_smipoly_monomers,CID17181,csv:row=295;comID=CID17181,3-[[3-aminopropyl(dimethyl)silyl]oxy-dimethylsilyl]propan-1-amine,C[Si](C)(CCCN)O[Si](C)(C)CCCN,C[Si](C)(CCCN)O[Si](C)(C)CCCN,GPXCORHXFPYJEH-UHFFFAOYSA-N,C10H28N2OSi2,C10H28N2OSi2,248.51,248.519,248.174017,0,15,0,0,2,0,0,0,0,diamine_chain_extender_candidate,rule_medium,amine_group_count>=2,tpuu_or_nipu_building_block,1,True,rdkit_validated,canonical_unique,BSD-3-Clause,reaction_rule_generated,candidate_structure,Gold-V,admitted_reference,0.0,,smipoly-rdkit-role-v1,2026.03.4
chemical_b5cae98db9a33fb6,ds_smipoly_monomers,CID75374,csv:row=523;comID=CID75374,4-(4-carbonochloridoylphenyl)benzoyl chloride,C1=CC(=CC=C1C2=CC=C(C=C2)C(=O)Cl)C(=O)Cl,O=C(Cl)c1ccc(-c2ccc(C(=O)Cl)cc2)cc1,QDBOAKPEXMMQFO-UHFFFAOYSA-N,C14H8Cl2O2,C14H8Cl2O2,279.1,279.122,277.990135,0,18,0,0,0,0,0,0,0,unclassified,none,no_supported_TPU_role_rule_matched,unresolved,9,False,rdkit_validated,canonical_unique,BSD-3-Clause,reaction_rule_generated,candidate_structure,Gold-V,admitted_reference,0.0,,smipoly-rdkit-role-v1,2026.03.4
chemical_b5ec64e1443c1a67,ds_smipoly_monomers,CID12262,csv:row=209;comID=CID12262,"pentane-2,4-diol",CC(CC(C)O)O,CC(O)CC(C)O,GTCCGKPBSJZVRZ-UHFFFAOYSA-N,C5H12O2,C5H12O2,104.15,104.149,104.08373,0,7,0,2,0,0,0,0,0,diol_chain_extender_candidate,rule_medium,hydroxyl_group_count=2 and RDKit_MolWt<=250,direct_tpu_building_block,1,True,rdkit_validated,canonical_unique,BSD-3-Clause,reaction_rule_generated,candidate_structure,Gold-V,admitted_reference,0.0,,smipoly-rdkit-role-v1,2026.03.4
chemical_b5fbc07638f42c6c,ds_smipoly_monomers,CID5374688,csv:row=943;comID=CID5374688,4-[(E)-2-(4-carboxyphenyl)ethenyl]benzoic acid,C1=CC(=CC=C1C=CC2=CC=C(C=C2)C(=O)O)C(=O)O,O=C(O)c1ccc(C=Cc2ccc(C(=O)O)cc2)cc1,SBBQDUFLZGOASY-UHFFFAOYSA-N,C16H12O4,C16H12O4,268.26,268.268,268.073559,0,20,0,0,0,0,2,0,0,polyester_polyol_precursor,rule_medium,carboxylic_acid_group_count>=2,polyol_synthesis_precursor,2,True,rdkit_validated,canonical_unique,BSD-3-Clause,reaction_rule_generated,candidate_structure,Gold-V,admitted_reference,0.0,,smipoly-rdkit-role-v1,2026.03.4
chemical_b60aea8a9f5a5dc1,ds_smipoly_monomers,CID75121,csv:row=518;comID=CID75121,phenyl 2-methylprop-2-enoate,CC(=C)C(=O)OC1=CC=CC=C1,C=C(C)C(=O)Oc1ccccc1,QIWKUEJZZCOPFV-UHFFFAOYSA-N,C10H10O2,C10H10O2,162.18,162.188,162.06808,0,12,0,0,0,0,0,0,0,unclassified,none,no_supported_TPU_role_rule_matched,unresolved,9,False,rdkit_validated,canonical_unique,BSD-3-Clause,reaction_rule_generated,candidate_structure,Gold-V,admitted_reference,0.0,,smipoly-rdkit-role-v1,2026.03.4
chemical_b65fb6a8bc138090,ds_smipoly_monomers,CID146178,csv:row=745;comID=CID146178,"pyrene-1,6-diamine",C1=CC2=C(C=CC3=C2C4=C1C=CC(=C4C=C3)N)N,Nc1ccc2ccc3c(N)ccc4ccc1c2c43,OWJJRQSAIMYXQJ-UHFFFAOYSA-N,C16H12N2,C16H12N2,232.28,232.286,232.100048,0,18,0,0,2,0,0,0,0,diamine_chain_extender_candidate,rule_medium,amine_group_count>=2,tpuu_or_nipu_building_block,1,True,rdkit_validated,canonical_unique,BSD-3-Clause,reaction_rule_generated,candidate_structure,Gold-V,admitted_reference,0.0,,smipoly-rdkit-role-v1,2026.03.4
chemical_b6a064ce12a23f8d,ds_smipoly_monomers,CID17857,csv:row=313;comID=CID17857,"3-(aminomethyl)-3,5,5-trimethylcyclohexan-1-amine",CC1(CC(CC(C1)(C)CN)N)C,CC1(C)CC(N)CC(C)(CN)C1,RNLHGQLZWXBQNY-UHFFFAOYSA-N,C10H22N2,C10H22N2,170.3,170.3,170.178299,0,12,0,0,2,0,0,0,0,diamine_chain_extender_candidate,rule_medium,amine_group_count>=2,tpuu_or_nipu_building_block,1,True,rdkit_validated,canonical_unique,BSD-3-Clause,reaction_rule_generated,candidate_structure,Gold-V,admitted_reference,0.0,,smipoly-rdkit-role-v1,2026.03.4
chemical_b6aaeb2cc1736810,ds_smipoly_monomers,CID16264,csv:row=275;comID=CID16264,1-bromo-2-ethenylbenzene,C=CC1=CC=CC=C1Br,C=Cc1ccccc1Br,SSZOCHFYWWVSAI-UHFFFAOYSA-N,C8H7Br,C8H7Br,183.04,183.048,181.973112,0,9,0,0,0,0,0,0,0,unclassified,none,no_supported_TPU_role_rule_matched,unresolved,9,False,rdkit_validated,canonical_unique,BSD-3-Clause,reaction_rule_generated,candidate_structure,Gold-V,admitted_reference,0.0,,smipoly-rdkit-role-v1,2026.03.4
chemical_b6edcd5c9b5aa3c4,ds_smipoly_monomers,CID608116,csv:row=838;comID=CID608116,4-[1-(4-hydroxyphenyl)ethyl]phenol,CC(C1=CC=C(C=C1)O)C2=CC=C(C=C2)O,CC(c1ccc(O)cc1)c1ccc(O)cc1,HCNHNBLSNVSJTJ-UHFFFAOYSA-N,C14H14O2,C14H14O2,214.26,214.264,214.09938,0,16,0,2,0,0,0,0,0,diol_chain_extender_candidate,rule_medium,hydroxyl_group_count=2 and RDKit_MolWt<=250,direct_tpu_building_block,1,True,rdkit_validated,canonical_unique,BSD-3-Clause,reaction_rule_generated,candidate_structure,Gold-V,admitted_reference,0.0,,smipoly-rdkit-role-v1,2026.03.4
chemical_b6f265be1e47a9d2,ds_smipoly_monomers,CID7407,csv:row=74;comID=CID7407,prop-1-en-2-ylbenzene,CC(=C)C1=CC=CC=C1,C=C(C)c1ccccc1,XYLMUPLGERFSHI-UHFFFAOYSA-N,C9H10,C9H10,118.18,118.179,118.07825,0,9,0,0,0,0,0,0,0,unclassified,none,no_supported_TPU_role_rule_matched,unresolved,9,False,rdkit_validated,canonical_unique,BSD-3-Clause,reaction_rule_generated,candidate_structure,Gold-V,admitted_reference,0.0,,smipoly-rdkit-role-v1,2026.03.4
chemical_b6f6faed21da70f0,ds_smipoly_monomers,CID19601,csv:row=340;comID=CID19601,2-(tert-butylamino)ethyl 2-methylprop-2-enoate,CC(=C)C(=O)OCCNC(C)(C)C,C=C(C)C(=O)OCCNC(C)(C)C,BEWCNXNIQCLWHP-UHFFFAOYSA-N,C10H19NO2,C10H19NO2,185.26,185.267,185.141579,0,13,0,0,1,0,0,0,0,monoamine_model_compound,rule_medium,amine_group_count=1,adjacent_model_compound,3,True,rdkit_validated,canonical_unique,BSD-3-Clause,reaction_rule_generated,candidate_structure,Gold-V,admitted_reference,0.0,,smipoly-rdkit-role-v1,2026.03.4
chemical_b85b33c4c287d5ee,ds_smipoly_monomers,CID155611,csv:row=749;comID=CID155611,4-[(4-amino-3-ethyl-5-methylphenyl)methyl]-2-ethyl-6-methylaniline,CCC1=C(C(=CC(=C1)CC2=CC(=C(C(=C2)C)N)CC)C)N,CCc1cc(Cc2cc(C)c(N)c(CC)c2)cc(C)c1N,QJENIOQDYXRGLF-UHFFFAOYSA-N,C19H26N2,C19H26N2,282.4,282.431,282.209599,0,21,0,0,2,0,0,0,0,diamine_chain_extender_candidate,rule_medium,amine_group_count>=2,tpuu_or_nipu_building_block,1,True,rdkit_validated,canonical_unique,BSD-3-Clause,reaction_rule_generated,candidate_structure,Gold-V,admitted_reference,0.0,,smipoly-rdkit-role-v1,2026.03.4
chemical_b866c8a02a08507c,ds_smipoly_monomers,CID83079,csv:row=618;comID=CID83079,10-prop-2-enoyloxydecyl prop-2-enoate,C=CC(=O)OCCCCCCCCCCOC(=O)C=C,C=CC(=O)OCCCCCCCCCCOC(=O)C=C,RHNJVKIVSXGYBD-UHFFFAOYSA-N,C16H26O4,C16H26O4,282.37,282.38,282.183109,0,20,0,0,0,0,0,0,0,unclassified,none,no_supported_TPU_role_rule_matched,unresolved,9,False,rdkit_validated,canonical_unique,BSD-3-Clause,reaction_rule_generated,candidate_structure,Gold-V,admitted_reference,0.0,,smipoly-rdkit-role-v1,2026.03.4
chemical_b876273c81b77aed,ds_smipoly_monomers,CID61012,csv:row=392;comID=CID61012,2-(diethylamino)ethyl 2-methylprop-2-enoate,CCN(CC)CCOC(=O)C(=C)C,C=C(C)C(=O)OCCN(CC)CC,SJIXRGNQPBQWMK-UHFFFAOYSA-N,C10H19NO2,C10H19NO2,185.26,185.267,185.141579,0,13,0,0,0,0,0,0,0,unclassified,none,no_supported_TPU_role_rule_matched,unresolved,9,False,rdkit_validated,canonical_unique,BSD-3-Clause,reaction_rule_generated,candidate_structure,Gold-V,admitted_reference,0.0,,smipoly-rdkit-role-v1,2026.03.4
chemical_b88329a683863147,ds_smipoly_monomers,CID6581,csv:row=41;comID=CID6581,prop-2-enoic acid,C=CC(=O)O,C=CC(=O)O,NIXOWILDQLNWCW-UHFFFAOYSA-N,C3H4O2,C3H4O2,72.06,72.063,72.021129,0,5,0,0,0,0,1,0,0,unclassified,none,no_supported_TPU_role_rule_matched,unresolved,9,False,rdkit_validated,canonical_unique,BSD-3-Clause,reaction_rule_generated,candidate_structure,Gold-V,admitted_reference,0.0,,smipoly-rdkit-role-v1,2026.03.4
chemical_b8c07b805e8f4bd3,ds_smipoly_monomers,CID11862151,csv:row=1002;comID=CID11862151,,C1C2C=CC1C(C2CO)CO,OCC1C2C=CC(C2)C1CO,IGHHPVIMEQGKNE-UHFFFAOYSA-N,C9H14O2,C9H14O2,154.21,154.209,154.09938,0,11,0,2,0,0,0,0,0,diol_chain_extender_candidate,rule_medium,hydroxyl_group_count=2 and RDKit_MolWt<=250,direct_tpu_building_block,1,True,rdkit_validated,canonical_unique,BSD-3-Clause,reaction_rule_generated,candidate_structure,Gold-V,admitted_reference,0.0,,smipoly-rdkit-role-v1,2026.03.4
chemical_b8e80a8eb66c1025,ds_smipoly_monomers,CID7521,csv:row=83;comID=CID7521,2-ethenylpyridine,C=CC1=CC=CC=N1,C=Cc1ccccn1,KGIGUEBEKRSTEW-UHFFFAOYSA-N,C7H7N,C7H7N,105.14,105.14,105.057849,0,8,0,0,0,0,0,0,0,unclassified,none,no_supported_TPU_role_rule_matched,unresolved,9,False,rdkit_validated,canonical_unique,BSD-3-Clause,reaction_rule_generated,candidate_structure,Gold-V,admitted_reference,0.0,,smipoly-rdkit-role-v1,2026.03.4
chemical_b9290819cef4ca8b,ds_smipoly_monomers,CID8411,csv:row=143;comID=CID8411,4-(4-amino-3-methoxyphenyl)-2-methoxyaniline,COC1=C(C=CC(=C1)C2=CC(=C(C=C2)N)OC)N,COc1cc(-c2ccc(N)c(OC)c2)ccc1N,JRBJSXQPQWSCCF-UHFFFAOYSA-N,C14H16N2O2,C14H16N2O2,244.29,244.294,244.121178,0,18,0,0,2,0,0,0,0,diamine_chain_extender_candidate,rule_medium,amine_group_count>=2,tpuu_or_nipu_building_block,1,True,rdkit_validated,canonical_unique,BSD-3-Clause,reaction_rule_generated,candidate_structure,Gold-V,admitted_reference,0.0,,smipoly-rdkit-role-v1,2026.03.4
chemical_b94fa835d3f1bdb8,ds_smipoly_monomers,CID7569008,csv:row=951;comID=CID7569008,"2-[3-(1-hydroxy-2-methylpropan-2-yl)-2,4,8,10-tetraoxaspiro[5.5]undecan-9-yl]-2-methylpropan-1-ol",CC(C)(CO)C1OCC2(CO1)COC(OC2)C(C)(C)CO,CC(C)(CO)C1OCC2(CO1)COC(C(C)(C)CO)OC2,BPZIYBJCZRUDEG-UHFFFAOYSA-N,C15H28O6,C15H28O6,304.38,304.383,304.188589,0,21,0,2,0,0,0,0,0,macrodiol_polyol_candidate,rule_medium,hydroxyl_group_count=2 and RDKit_MolWt>250,direct_tpu_building_block,1,True,rdkit_validated,canonical_unique,BSD-3-Clause,reaction_rule_generated,candidate_structure,Gold-V,admitted_reference,0.0,,smipoly-rdkit-role-v1,2026.03.4
chemical_b9544c8c03fdd9d1,ds_smipoly_monomers,CID66339,csv:row=428;comID=CID66339,bis(ethenyl)-dimethylsilane,C[Si](C)(C=C)C=C,C=C[Si](C)(C)C=C,QRHCILLLMDEFSD-UHFFFAOYSA-N,C6H12Si,C6H12Si,112.24,112.248,112.070827,0,7,0,0,0,0,0,0,0,unclassified,none,no_supported_TPU_role_rule_matched,unresolved,9,False,rdkit_validated,canonical_unique,BSD-3-Clause,reaction_rule_generated,candidate_structure,Gold-V,admitted_reference,0.0,,smipoly-rdkit-role-v1,2026.03.4
chemical_b978de3590e7584f,ds_smipoly_monomers,CID15627,csv:row=265;comID=CID15627,1-tert-butyl-4-ethenylbenzene,CC(C)(C)C1=CC=C(C=C1)C=C,C=Cc1ccc(C(C)(C)C)cc1,QEDJMOONZLUIMC-UHFFFAOYSA-N,C12H16,C12H16,160.25,160.26,160.125201,0,12,0,0,0,0,0,0,0,unclassified,none,no_supported_TPU_role_rule_matched,unresolved,9,False,rdkit_validated,canonical_unique,BSD-3-Clause,reaction_rule_generated,candidate_structure,Gold-V,admitted_reference,0.0,,smipoly-rdkit-role-v1,2026.03.4
chemical_b990478d0889aec7,ds_smipoly_monomers,CID118925,csv:row=725;comID=CID118925,"2-[2,4,6-trioxo-3,5-bis[2-(3-sulfanylpropanoyloxy)ethyl]-1,3,5-triazinan-1-yl]ethyl 3-sulfanylpropanoate",C(CS)C(=O)OCCN1C(=O)N(C(=O)N(C1=O)CCOC(=O)CCS)CCOC(=O)CCS,O=C(CCS)OCCn1c(=O)n(CCOC(=O)CCS)c(=O)n(CCOC(=O)CCS)c1=O,CFKONAWMNQERAG-UHFFFAOYSA-N,C18H27N3O9S3,C18H27N3O9S3,525.6,525.627,525.090942,0,33,0,0,0,3,0,0,0,polythiol_adjacent_candidate,rule_medium,thiol_group_count>=2,adjacent_reactive_building_block,3,True,rdkit_validated,canonical_unique,BSD-3-Clause,reaction_rule_generated,candidate_structure,Gold-V,admitted_reference,0.0,,smipoly-rdkit-role-v1,2026.03.4
chemical_b9ea1c55694bcc3e,ds_smipoly_monomers,CID11073466,csv:row=980;comID=CID11073466,(4-ethenylphenyl)methanamine,C=CC1=CC=C(C=C1)CN,C=Cc1ccc(CN)cc1,WAVDSLLYAQBITE-UHFFFAOYSA-N,C9H11N,C9H11N,133.19,133.194,133.089149,0,10,0,0,1,0,0,0,0,monoamine_model_compound,rule_medium,amine_group_count=1,adjacent_model_compound,3,True,rdkit_validated,canonical_unique,BSD-3-Clause,reaction_rule_generated,candidate_structure,Gold-V,admitted_reference,0.0,,smipoly-rdkit-role-v1,2026.03.4
chemical_ba0c32a668ec3eea,ds_smipoly_monomers,CID6659,csv:row=49;comID=CID6659,methyl 2-chloroprop-2-enoate,COC(=O)C(=C)Cl,C=C(Cl)C(=O)OC,AWJZTPWDQYFQPQ-UHFFFAOYSA-N,C4H5ClO2,C4H5ClO2,120.53,120.535,119.997807,0,7,0,0,0,0,0,0,0,unclassified,none,no_supported_TPU_role_rule_matched,unresolved,9,False,rdkit_validated,canonical_unique,BSD-3-Clause,reaction_rule_generated,candidate_structure,Gold-V,admitted_reference,0.0,,smipoly-rdkit-role-v1,2026.03.4
chemical_ba501d903505cf02,ds_smipoly_monomers,CID439352,csv:row=803;comID=CID439352,,C(C(C(CS)O)O)S,OC(CS)C(O)CS,VHJLVAABSRFDPM-UHFFFAOYSA-N,C4H10O2S2,C4H10O2S2,154.3,154.256,154.012222,0,8,0,2,0,2,0,0,0,diol_chain_extender_candidate,rule_medium,hydroxyl_group_count=2 and RDKit_MolWt<=250,direct_tpu_building_block,1,True,rdkit_validated,canonical_unique,BSD-3-Clause,reaction_rule_generated,candidate_structure,Gold-V,admitted_reference,0.0,,smipoly-rdkit-role-v1,2026.03.4
chemical_bab4046c53e63602,ds_smipoly_monomers,CID136181,csv:row=735;comID=CID136181,"2,2,3,3,4,4,5,5-octafluorohexane-1,6-diol",C(C(C(C(C(CO)(F)F)(F)F)(F)F)(F)F)O,OCC(F)(F)C(F)(F)C(F)(F)C(F)(F)CO,NHEKBXPLFJSSBZ-UHFFFAOYSA-N,C6H6F8O2,C6H6F8O2,262.1,262.096,262.024005,0,16,0,2,0,0,0,0,0,macrodiol_polyol_candidate,rule_medium,hydroxyl_group_count=2 and RDKit_MolWt>250,direct_tpu_building_block,1,True,rdkit_validated,canonical_unique,BSD-3-Clause,reaction_rule_generated,candidate_structure,Gold-V,admitted_reference,0.0,,smipoly-rdkit-role-v1,2026.03.4
chemical_bac9184a942800d7,ds_smipoly_monomers,CID13539,csv:row=236;comID=CID13539,2-hydroxypropyl 2-methylprop-2-enoate,CC(COC(=O)C(=C)C)O,C=C(C)C(=O)OCC(C)O,VHSHLMUCYSAUQU-UHFFFAOYSA-N,C7H12O3,C7H12O3,144.17,144.17,144.078644,0,10,0,1,0,0,0,0,0,monool_model_compound,rule_medium,hydroxyl_group_count=1,adjacent_model_compound,3,True,rdkit_validated,canonical_unique,BSD-3-Clause,reaction_rule_generated,candidate_structure,Gold-V,admitted_reference,0.0,,smipoly-rdkit-role-v1,2026.03.4
chemical_bacbda6c95c1bb67,ds_smipoly_monomers,CID76715,csv:row=553;comID=CID76715,2-[(2-hydroxy-5-methylphenyl)methyl]-4-methylphenol,CC1=CC(=C(C=C1)O)CC2=C(C=CC(=C2)C)O,Cc1ccc(O)c(Cc2cc(C)ccc2O)c1,XZXYQEHISUMZAT-UHFFFAOYSA-N,C15H16O2,C15H16O2,228.29,228.291,228.11503,0,17,0,2,0,0,0,0,0,diol_chain_extender_candidate,rule_medium,hydroxyl_group_count=2 and RDKit_MolWt<=250,direct_tpu_building_block,1,True,rdkit_validated,canonical_unique,BSD-3-Clause,reaction_rule_generated,candidate_structure,Gold-V,admitted_reference,0.0,,smipoly-rdkit-role-v1,2026.03.4
chemical_baf40acd1269be35,ds_smipoly_monomers,CID114470,csv:row=721;comID=CID114470,(3-chloro-2-hydroxypropyl) 2-methylprop-2-enoate,CC(=C)C(=O)OCC(CCl)O,C=C(C)C(=O)OCC(O)CCl,DDKMFQGAZVMXQV-UHFFFAOYSA-N,C7H11ClO3,C7H11ClO3,178.61,178.615,178.039672,0,11,0,1,0,0,0,0,0,monool_model_compound,rule_medium,hydroxyl_group_count=1,adjacent_model_compound,3,True,rdkit_validated,canonical_unique,BSD-3-Clause,reaction_rule_generated,candidate_structure,Gold-V,admitted_reference,0.0,,smipoly-rdkit-role-v1,2026.03.4
chemical_bb2231413c229ada,ds_smipoly_monomers,CID7489,csv:row=78;comID=CID7489,terephthalic acid,C1=CC(=CC=C1C(=O)O)C(=O)O,O=C(O)c1ccc(C(=O)O)cc1,KKEYFWRCBNTPAC-UHFFFAOYSA-N,C8H6O4,C8H6O4,166.13,166.132,166.026609,0,12,0,0,0,0,2,0,0,polyester_polyol_precursor,rule_medium,carboxylic_acid_group_count>=2,polyol_synthesis_precursor,2,True,rdkit_validated,canonical_unique,BSD-3-Clause,reaction_rule_generated,candidate_structure,Gold-V,admitted_reference,0.0,,smipoly-rdkit-role-v1,2026.03.4
chemical_bb43a52d10de77a7,ds_smipoly_monomers,CID602,csv:row=8;comID=CID602,DL-alanine,CC(C(=O)O)N,CC(N)C(=O)O,QNAYBMKLOCPYGJ-UHFFFAOYSA-N,C3H7NO2,C3H7NO2,89.09,89.094,89.047678,0,6,0,0,1,0,1,0,0,monoamine_model_compound,rule_medium,amine_group_count=1,adjacent_model_compound,3,True,rdkit_validated,canonical_unique,BSD-3-Clause,reaction_rule_generated,candidate_structure,Gold-V,admitted_reference,0.0,,smipoly-rdkit-role-v1,2026.03.4
chemical_bbb44c9c847840a7,ds_smipoly_monomers,CID67889,csv:row=450;comID=CID67889,"2,2,2-trifluoroethyl prop-2-enoate",C=CC(=O)OCC(F)(F)F,C=CC(=O)OCC(F)(F)F,VBHXIMACZBQHPX-UHFFFAOYSA-N,C5H5F3O2,C5H5F3O2,154.09,154.087,154.024164,0,10,0,0,0,0,0,0,0,unclassified,none,no_supported_TPU_role_rule_matched,unresolved,9,False,rdkit_validated,canonical_unique,BSD-3-Clause,reaction_rule_generated,candidate_structure,Gold-V,admitted_reference,0.0,,smipoly-rdkit-role-v1,2026.03.4
chemical_bbb76a5b101279e7,ds_smipoly_monomers,CID7832,csv:row=103;comID=CID7832,3-ethenyl-7-oxabicyclo[4.1.0]heptane,C=CC1CCC2C(C1)O2,C=CC1CCC2OC2C1,SLJFKNONPLNAPF-UHFFFAOYSA-N,C8H12O,C8H12O,124.18,124.183,124.088815,0,9,0,0,0,0,0,0,1,epoxy_polyol_precursor,rule_medium,epoxide_group_count>=1,polyol_synthesis_precursor,2,True,rdkit_validated,canonical_unique,BSD-3-Clause,reaction_rule_generated,candidate_structure,Gold-V,admitted_reference,0.0,,smipoly-rdkit-role-v1,2026.03.4
chemical_bc0e2c6cc1779d24,ds_smipoly_monomers,CID67739,csv:row=443;comID=CID67739,"2,2,3,3,4,4,5,5-octafluoropentyl 2-methylprop-2-enoate",CC(=C)C(=O)OCC(C(C(C(F)F)(F)F)(F)F)(F)F,C=C(C)C(=O)OCC(F)(F)C(F)(F)C(F)(F)C(F)F,ZNJXRXXJPIFFAO-UHFFFAOYSA-N,C9H8F8O2,C9H8F8O2,300.15,300.145,300.039655,0,19,0,0,0,0,0,0,0,unclassified,none,no_supported_TPU_role_rule_matched,unresolved,9,False,rdkit_validated,canonical_unique,BSD-3-Clause,reaction_rule_generated,candidate_structure,Gold-V,admitted_reference,0.0,,smipoly-rdkit-role-v1,2026.03.4
chemical_bc105c094bd95d7c,ds_smipoly_monomers,CID69149,csv:row=461;comID=CID69149,bis(4-aminophenyl)methanone,C1=CC(=CC=C1C(=O)C2=CC=C(C=C2)N)N,Nc1ccc(C(=O)c2ccc(N)cc2)cc1,ZLSMCQSGRWNEGX-UHFFFAOYSA-N,C13H12N2O,C13H12N2O,212.25,212.252,212.094963,0,16,0,0,2,0,0,0,0,diamine_chain_extender_candidate,rule_medium,amine_group_count>=2,tpuu_or_nipu_building_block,1,True,rdkit_validated,canonical_unique,BSD-3-Clause,reaction_rule_generated,candidate_structure,Gold-V,admitted_reference,0.0,,smipoly-rdkit-role-v1,2026.03.4
chemical_bc65ecadbd919f00,ds_smipoly_monomers,CID13185,csv:row=228;comID=CID13185,tetradecanedioic acid,C(CCCCCCC(=O)O)CCCCCC(=O)O,O=C(O)CCCCCCCCCCCCC(=O)O,HQHCYKULIHKCEB-UHFFFAOYSA-N,C14H26O4,C14H26O4,258.35,258.358,258.183109,0,18,0,0,0,0,2,0,0,polyester_polyol_precursor,rule_medium,carboxylic_acid_group_count>=2,polyol_synthesis_precursor,2,True,rdkit_validated,canonical_unique,BSD-3-Clause,reaction_rule_generated,candidate_structure,Gold-V,admitted_reference,0.0,,smipoly-rdkit-role-v1,2026.03.4
chemical_bc69dc552ab1e484,ds_smipoly_monomers,CID102679,csv:row=705;comID=CID102679,"4,10-dioxatetracyclo[5.5.2.02,6.08,12]tetradec-13-ene-3,5,9,11-tetrone",C1=CC2C3C(C1C4C2C(=O)OC4=O)C(=O)OC3=O,O=C1OC(=O)C2C3C=CC(C12)C1C(=O)OC(=O)C31,XLOGCGOPKPCECW-UHFFFAOYSA-N,C12H8O6,C12H8O6,248.19,248.19,248.032088,0,18,0,0,0,0,0,0,0,unclassified,none,no_supported_TPU_role_rule_matched,unresolved,9,False,rdkit_validated,canonical_unique,BSD-3-Clause,reaction_rule_generated,candidate_structure,Gold-V,admitted_reference,0.0,,smipoly-rdkit-role-v1,2026.03.4
chemical_bc989e44be8bc59a,ds_smipoly_monomers,CID16387,csv:row=276;comID=CID16387,4-(2-methylprop-2-enoyloxy)butyl 2-methylprop-2-enoate,CC(=C)C(=O)OCCCCOC(=O)C(=C)C,C=C(C)C(=O)OCCCCOC(=O)C(=C)C,XOJWAAUYNWGQAU-UHFFFAOYSA-N,C12H18O4,C12H18O4,226.27,226.272,226.120509,0,16,0,0,0,0,0,0,0,unclassified,none,no_supported_TPU_role_rule_matched,unresolved,9,False,rdkit_validated,canonical_unique,BSD-3-Clause,reaction_rule_generated,candidate_structure,Gold-V,admitted_reference,0.0,,smipoly-rdkit-role-v1,2026.03.4
chemical_bd0b4304eb2bd28d,ds_smipoly_monomers,CID104027,csv:row=707;comID=CID104027,7-methyloctyl prop-2-enoate,CC(C)CCCCCCOC(=O)C=C,C=CC(=O)OCCCCCCC(C)C,CUXGDKOCSSIRKK-UHFFFAOYSA-N,C12H22O2,C12H22O2,198.3,198.306,198.16198,0,14,0,0,0,0,0,0,0,unclassified,none,no_supported_TPU_role_rule_matched,unresolved,9,False,rdkit_validated,canonical_unique,BSD-3-Clause,reaction_rule_generated,candidate_structure,Gold-V,admitted_reference,0.0,,smipoly-rdkit-role-v1,2026.03.4
chemical_bdc64628ec6dd03a,ds_smipoly_monomers,CID281888,csv:row=791;comID=CID281888,2-(prop-2-ynoxymethyl)oxirane,C#CCOCC1CO1,C#CCOCC1CO1,SYFZCLMMUNCHNH-UHFFFAOYSA-N,C6H8O2,C6H8O2,112.13,112.128,112.052429,0,8,0,0,0,0,0,0,1,epoxy_polyol_precursor,rule_medium,epoxide_group_count>=1,polyol_synthesis_precursor,2,True,rdkit_validated,canonical_unique,BSD-3-Clause,reaction_rule_generated,candidate_structure,Gold-V,admitted_reference,0.0,,smipoly-rdkit-role-v1,2026.03.4
chemical_be225d195eea36f8,ds_smipoly_monomers,CID69556,csv:row=467;comID=CID69556,"1-ethenyl-2,3,4,5,6-pentafluorobenzene",C=CC1=C(C(=C(C(=C1F)F)F)F)F,C=Cc1c(F)c(F)c(F)c(F)c1F,LVJZCPNIJXVIAT-UHFFFAOYSA-N,C8H3F5,C8H3F5,194.1,194.102,194.015491,0,13,0,0,0,0,0,0,0,unclassified,none,no_supported_TPU_role_rule_matched,unresolved,9,False,rdkit_validated,canonical_unique,BSD-3-Clause,reaction_rule_generated,candidate_structure,Gold-V,admitted_reference,0.0,,smipoly-rdkit-role-v1,2026.03.4
chemical_be5e4171c50d47ca,ds_smipoly_monomers,CID5018111,csv:row=935;comID=CID5018111,tri(propan-2-yl)-prop-2-enylsilane,CC(C)[Si](CC=C)(C(C)C)C(C)C,C=CC[Si](C(C)C)(C(C)C)C(C)C,AKQHUJRZKBYZLC-UHFFFAOYSA-N,C12H26Si,C12H26Si,198.42,198.426,198.180377,0,13,0,0,0,0,0,0,0,unclassified,none,no_supported_TPU_role_rule_matched,unresolved,9,False,rdkit_validated,canonical_unique,BSD-3-Clause,reaction_rule_generated,candidate_structure,Gold-V,admitted_reference,0.0,,smipoly-rdkit-role-v1,2026.03.4
chemical_be60e959b3c5525a,ds_smipoly_monomers,CID100165,csv:row=697;comID=CID100165,"cyclopentane-1,3-diol",C1CC(CC1O)O,OC1CCC(O)C1,NUUPJBRGQCEZSI-UHFFFAOYSA-N,C5H10O2,C5H10O2,102.13,102.133,102.06808,0,7,0,2,0,0,0,0,0,diol_chain_extender_candidate,rule_medium,hydroxyl_group_count=2 and RDKit_MolWt<=250,direct_tpu_building_block,1,True,rdkit_validated,canonical_unique,BSD-3-Clause,reaction_rule_generated,candidate_structure,Gold-V,admitted_reference,0.0,,smipoly-rdkit-role-v1,2026.03.4
chemical_be9e56c6cb44371d,ds_smipoly_monomers,CID75576,csv:row=530;comID=CID75576,2-[(4-hydroxyphenyl)methyl]phenol,C1=CC=C(C(=C1)CC2=CC=C(C=C2)O)O,Oc1ccc(Cc2ccccc2O)cc1,LVLNPXCISNPHLE-UHFFFAOYSA-N,C13H12O2,C13H12O2,200.23,200.237,200.08373,0,15,0,2,0,0,0,0,0,diol_chain_extender_candidate,rule_medium,hydroxyl_group_count=2 and RDKit_MolWt<=250,direct_tpu_building_block,1,True,rdkit_validated,canonical_unique,BSD-3-Clause,reaction_rule_generated,candidate_structure,Gold-V,admitted_reference,0.0,,smipoly-rdkit-role-v1,2026.03.4
chemical_bedc80204e1cd2fd,ds_smipoly_monomers,CID75617,csv:row=532;comID=CID75617,benzyl prop-2-enoate,C=CC(=O)OCC1=CC=CC=C1,C=CC(=O)OCc1ccccc1,GCTPMLUUWLLESL-UHFFFAOYSA-N,C10H10O2,C10H10O2,162.18,162.188,162.06808,0,12,0,0,0,0,0,0,0,unclassified,none,no_supported_TPU_role_rule_matched,unresolved,9,False,rdkit_validated,canonical_unique,BSD-3-Clause,reaction_rule_generated,candidate_structure,Gold-V,admitted_reference,0.0,,smipoly-rdkit-role-v1,2026.03.4
chemical_bf0043b25b93cd16,ds_smipoly_monomers,CID6557,csv:row=37;comID=CID6557,"2-methylbuta-1,3-diene",CC(=C)C=C,C=CC(=C)C,RRHGJUQNOFWUDK-UHFFFAOYSA-N,C5H8,C5H8,68.12,68.119,68.0626,0,5,0,0,0,0,0,0,0,unclassified,none,no_supported_TPU_role_rule_matched,unresolved,9,False,rdkit_validated,canonical_unique,BSD-3-Clause,reaction_rule_generated,candidate_structure,Gold-V,admitted_reference,0.0,,smipoly-rdkit-role-v1,2026.03.4
chemical_bf5452cf873facdb,ds_smipoly_monomers,CID82126,csv:row=609;comID=CID82126,[[[ethenyl(dimethyl)silyl]amino]-dimethylsilyl]ethene,C[Si](C)(C=C)N[Si](C)(C)C=C,C=C[Si](C)(C)N[Si](C)(C)C=C,WYUIWUCVZCRTRH-UHFFFAOYSA-N,C8H19NSi2,C8H19NSi2,185.41,185.419,185.105603,0,11,0,0,1,0,0,0,0,monoamine_model_compound,rule_medium,amine_group_count=1,adjacent_model_compound,3,True,rdkit_validated,canonical_unique,BSD-3-Clause,reaction_rule_generated,candidate_structure,Gold-V,admitted_reference,0.0,,smipoly-rdkit-role-v1,2026.03.4
chemical_bf5dfc7650e2ca4c,ds_smipoly_monomers,CID11110341,csv:row=981;comID=CID11110341,"2,4,5,6-tetramethylbenzene-1,3-disulfonyl chloride",CC1=C(C(=C(C(=C1C)S(=O)(=O)Cl)C)S(=O)(=O)Cl)C,Cc1c(C)c(S(=O)(=O)Cl)c(C)c(S(=O)(=O)Cl)c1C,YEYQIYAYJJXKFB-UHFFFAOYSA-N,C10H12Cl2O4S2,C10H12Cl2O4S2,331.2,331.242,329.955406,0,18,0,0,0,0,0,0,0,unclassified,none,no_supported_TPU_role_rule_matched,unresolved,9,False,rdkit_validated,canonical_unique,BSD-3-Clause,reaction_rule_generated,candidate_structure,Gold-V,admitted_reference,0.0,,smipoly-rdkit-role-v1,2026.03.4
chemical_bf695f15f1551e21,ds_smipoly_monomers,CID7844,csv:row=109;comID=CID7844,but-1-ene,CCC=C,C=CCC,VXNZUUAINFGPBY-UHFFFAOYSA-N,C4H8,C4H8,56.11,56.108,56.0626,0,4,0,0,0,0,0,0,0,unclassified,none,no_supported_TPU_role_rule_matched,unresolved,9,False,rdkit_validated,canonical_unique,BSD-3-Clause,reaction_rule_generated,candidate_structure,Gold-V,admitted_reference,0.0,,smipoly-rdkit-role-v1,2026.03.4
chemical_bfc0adc705759857,ds_smipoly_monomers,CID7735,csv:row=95;comID=CID7735,[4-(hydroxymethyl)cyclohexyl]methanol,C1CC(CCC1CO)CO,OCC1CCC(CO)CC1,YIMQCDZDWXUDCA-UHFFFAOYSA-N,C8H16O2,C8H16O2,144.21,144.214,144.11503,0,10,0,2,0,0,0,0,0,diol_chain_extender_candidate,rule_medium,hydroxyl_group_count=2 and RDKit_MolWt<=250,direct_tpu_building_block,1,True,rdkit_validated,canonical_unique,BSD-3-Clause,reaction_rule_generated,candidate_structure,Gold-V,admitted_reference,0.0,,smipoly-rdkit-role-v1,2026.03.4
chemical_c02e1ae7573723b4,ds_smipoly_monomers,CID70979,csv:row=490;comID=CID70979,"2,3,5,6-tetrafluorobenzene-1,4-diamine",C1(=C(C(=C(C(=C1F)F)N)F)F)N,Nc1c(F)c(F)c(N)c(F)c1F,FVFYRXJKYAVFSB-UHFFFAOYSA-N,C6H4F4N2,C6H4F4N2,180.1,180.104,180.031061,0,12,0,0,2,0,0,0,0,diamine_chain_extender_candidate,rule_medium,amine_group_count>=2,tpuu_or_nipu_building_block,1,True,rdkit_validated,canonical_unique,BSD-3-Clause,reaction_rule_generated,candidate_structure,Gold-V,admitted_reference,0.0,,smipoly-rdkit-role-v1,2026.03.4
chemical_c0f21f436db399b4,ds_smipoly_monomers,CID13662,csv:row=243;comID=CID13662,"1-phenylpyrrole-2,5-dione",C1=CC=C(C=C1)N2C(=O)C=CC2=O,O=C1C=CC(=O)N1c1ccccc1,HIDBROSJWZYGSZ-UHFFFAOYSA-N,C10H7NO2,C10H7NO2,173.17,173.171,173.047678,0,13,0,0,0,0,0,0,0,unclassified,none,no_supported_TPU_role_rule_matched,unresolved,9,False,rdkit_validated,canonical_unique,BSD-3-Clause,reaction_rule_generated,candidate_structure,Gold-V,admitted_reference,0.0,,smipoly-rdkit-role-v1,2026.03.4
chemical_c10eeb468b90176d,ds_smipoly_monomers,CID9348,csv:row=163;comID=CID9348,2-hydroxy-3-phenylbenzoic acid,C1=CC=C(C=C1)C2=C(C(=CC=C2)C(=O)O)O,O=C(O)c1cccc(-c2ccccc2)c1O,ZJWUEJOPKFYFQD-UHFFFAOYSA-N,C13H10O3,C13H10O3,214.22,214.22,214.062994,0,16,0,1,0,0,1,0,0,monool_model_compound,rule_medium,hydroxyl_group_count=1,adjacent_model_compound,3,True,rdkit_validated,canonical_unique,BSD-3-Clause,reaction_rule_generated,candidate_structure,Gold-V,admitted_reference,0.0,,smipoly-rdkit-role-v1,2026.03.4
chemical_c1ae61326df95c77,ds_smipoly_monomers,CID69150,csv:row=462;comID=CID69150,bis(4-hydroxyphenyl)methanone,C1=CC(=CC=C1C(=O)C2=CC=C(C=C2)O)O,O=C(c1ccc(O)cc1)c1ccc(O)cc1,RXNYJUSEXLAVNQ-UHFFFAOYSA-N,C13H10O3,C13H10O3,214.22,214.22,214.062994,0,16,0,2,0,0,0,0,0,diol_chain_extender_candidate,rule_medium,hydroxyl_group_count=2 and RDKit_MolWt<=250,direct_tpu_building_block,1,True,rdkit_validated,canonical_unique,BSD-3-Clause,reaction_rule_generated,candidate_structure,Gold-V,admitted_reference,0.0,,smipoly-rdkit-role-v1,2026.03.4
chemical_c1c36c9415ea4eaf,ds_smipoly_monomers,CID3709580,csv:row=918;comID=CID3709580,2-[2-(2-methylprop-2-enoyloxy)ethoxycarbonyl]benzoic acid,CC(=C)C(=O)OCCOC(=O)C1=CC=CC=C1C(=O)O,C=C(C)C(=O)OCCOC(=O)c1ccccc1C(=O)O,FIQBJLHOPOSODG-UHFFFAOYSA-N,C14H14O6,C14H14O6,278.26,278.26,278.079038,0,20,0,0,0,0,1,0,0,unclassified,none,no_supported_TPU_role_rule_matched,unresolved,9,False,rdkit_validated,canonical_unique,BSD-3-Clause,reaction_rule_generated,candidate_structure,Gold-V,admitted_reference,0.0,,smipoly-rdkit-role-v1,2026.03.4
chemical_c201194329d0b392,ds_smipoly_monomers,CID107205,csv:row=712;comID=CID107205,"cyclohexane-1,3-dicarboxylic acid",C1CC(CC(C1)C(=O)O)C(=O)O,O=C(O)C1CCCC(C(=O)O)C1,XBZSBBLNHFMTEB-UHFFFAOYSA-N,C8H12O4,C8H12O4,172.18,172.18,172.073559,0,12,0,0,0,0,2,0,0,polyester_polyol_precursor,rule_medium,carboxylic_acid_group_count>=2,polyol_synthesis_precursor,2,True,rdkit_validated,canonical_unique,BSD-3-Clause,reaction_rule_generated,candidate_structure,Gold-V,admitted_reference,0.0,,smipoly-rdkit-role-v1,2026.03.4
chemical_c2054bd7eed754d8,ds_smipoly_monomers,CID28803,csv:row=371;comID=CID28803,2-[2-[2-(2-prop-2-enoyloxyethoxy)ethoxy]ethoxy]ethyl prop-2-enoate,C=CC(=O)OCCOCCOCCOCCOC(=O)C=C,C=CC(=O)OCCOCCOCCOCCOC(=O)C=C,HCLJOFJIQIJXHS-UHFFFAOYSA-N,C14H22O7,C14H22O7,302.32,302.323,302.136553,0,21,0,0,0,0,0,0,0,unclassified,none,no_supported_TPU_role_rule_matched,unresolved,9,False,rdkit_validated,canonical_unique,BSD-3-Clause,reaction_rule_generated,candidate_structure,Gold-V,admitted_reference,0.0,,smipoly-rdkit-role-v1,2026.03.4
chemical_c31783cffacd2416,ds_smipoly_monomers,CID7855,csv:row=111;comID=CID7855,prop-2-enenitrile,C=CC#N,C=CC#N,NLHHRLWOUZZQLW-UHFFFAOYSA-N,C3H3N,C3H3N,53.06,53.064,53.026549,0,4,0,0,0,0,0,0,0,unclassified,none,no_supported_TPU_role_rule_matched,unresolved,9,False,rdkit_validated,canonical_unique,BSD-3-Clause,reaction_rule_generated,candidate_structure,Gold-V,admitted_reference,0.0,,smipoly-rdkit-role-v1,2026.03.4
chemical_c46e4bd893b26b06,ds_smipoly_monomers,CID66682,csv:row=434;comID=CID66682,"2-N,2-N-bis(prop-2-enyl)-1,3,5-triazine-2,4,6-triamine",C=CCN(CC=C)C1=NC(=NC(=N1)N)N,C=CCN(CC=C)c1nc(N)nc(N)n1,ROHTVIURAJBDES-UHFFFAOYSA-N,C9H14N6,C9H14N6,206.25,206.253,206.127994,0,15,0,0,2,0,0,0,0,diamine_chain_extender_candidate,rule_medium,amine_group_count>=2,tpuu_or_nipu_building_block,1,True,rdkit_validated,canonical_unique,BSD-3-Clause,reaction_rule_generated,candidate_structure,Gold-V,admitted_reference,0.0,,smipoly-rdkit-role-v1,2026.03.4
chemical_c475b3e4225f9107,ds_smipoly_monomers,CID61972,csv:row=401;comID=CID61972,"1,3-dibromo-5-[2-(3,5-dibromo-4-prop-2-enoxyphenyl)propan-2-yl]-2-prop-2-enoxybenzene",CC(C)(C1=CC(=C(C(=C1)Br)OCC=C)Br)C2=CC(=C(C(=C2)Br)OCC=C)Br,C=CCOc1c(Br)cc(C(C)(C)c2cc(Br)c(OCC=C)c(Br)c2)cc1Br,PWXTUWQHMIFLKL-UHFFFAOYSA-N,C21H20Br4O2,C21H20Br4O2,624.0,624.005,619.819678,0,27,0,0,0,0,0,0,0,unclassified,none,no_supported_TPU_role_rule_matched,unresolved,9,False,rdkit_validated,canonical_unique,BSD-3-Clause,reaction_rule_generated,candidate_structure,Gold-V,admitted_reference,0.0,,smipoly-rdkit-role-v1,2026.03.4
chemical_c47e4cd97974ddca,ds_smipoly_monomers,CID8041,csv:row=128;comID=CID8041,N-[(prop-2-enoylamino)methyl]prop-2-enamide,C=CC(=O)NCNC(=O)C=C,C=CC(=O)NCNC(=O)C=C,ZIUHHBKFKCYYJD-UHFFFAOYSA-N,C7H10N2O2,C7H10N2O2,154.17,154.169,154.074228,0,11,0,0,0,0,0,0,0,unclassified,none,no_supported_TPU_role_rule_matched,unresolved,9,False,rdkit_validated,canonical_unique,BSD-3-Clause,reaction_rule_generated,candidate_structure,Gold-V,admitted_reference,0.0,,smipoly-rdkit-role-v1,2026.03.4
chemical_c4d6b33148932fa7,ds_smipoly_monomers,CID3270262,csv:row=909;comID=CID3270262,sodium;ethenesulfonate,C=CS(=O)(=O)[O-].[Na+],C=CS(=O)(=O)[O-].[Na+],BWYYYTVSBPRQCN-UHFFFAOYSA-M,C2H3NaO3S,C2H3NaO3S,130.1,130.1,129.970059,0,7,0,0,0,0,0,0,0,unclassified,none,no_supported_TPU_role_rule_matched,unresolved,9,False,rdkit_validated,canonical_unique,BSD-3-Clause,reaction_rule_generated,candidate_structure,Gold-V,admitted_reference,0.0,,smipoly-rdkit-role-v1,2026.03.4
chemical_c4d770e2eb41aac2,ds_smipoly_monomers,CID66282,csv:row=426;comID=CID66282,3-methylsulfanylprop-1-ene,CSCC=C,C=CCSC,NVLPQIPTCCLBEU-UHFFFAOYSA-N,C4H8S,C4H8S,88.17,88.175,88.034671,0,5,0,0,0,0,0,0,0,unclassified,none,no_supported_TPU_role_rule_matched,unresolved,9,False,rdkit_validated,canonical_unique,BSD-3-Clause,reaction_rule_generated,candidate_structure,Gold-V,admitted_reference,0.0,,smipoly-rdkit-role-v1,2026.03.4
chemical_c517c6af59e4a7e2,ds_smipoly_monomers,CID16883,csv:row=281;comID=CID16883,1-ethenyl-4-phenylbenzene,C=CC1=CC=C(C=C1)C2=CC=CC=C2,C=Cc1ccc(-c2ccccc2)cc1,HDBWAWNLGGMZRQ-UHFFFAOYSA-N,C14H12,C14H12,180.24,180.25,180.0939,0,14,0,0,0,0,0,0,0,unclassified,none,no_supported_TPU_role_rule_matched,unresolved,9,False,rdkit_validated,canonical_unique,BSD-3-Clause,reaction_rule_generated,candidate_structure,Gold-V,admitted_reference,0.0,,smipoly-rdkit-role-v1,2026.03.4
chemical_c5b2b6bb331096ad,ds_smipoly_monomers,CID220005,csv:row=776;comID=CID220005,4-(carboxymethyl)benzoic acid,C1=CC(=CC=C1CC(=O)O)C(=O)O,O=C(O)Cc1ccc(C(=O)O)cc1,DMEDOWYXHVUPMO-UHFFFAOYSA-N,C9H8O4,C9H8O4,180.16,180.159,180.042259,0,13,0,0,0,0,2,0,0,polyester_polyol_precursor,rule_medium,carboxylic_acid_group_count>=2,polyol_synthesis_precursor,2,True,rdkit_validated,canonical_unique,BSD-3-Clause,reaction_rule_generated,candidate_structure,Gold-V,admitted_reference,0.0,,smipoly-rdkit-role-v1,2026.03.4
chemical_c5d8b615de640cbe,ds_smipoly_monomers,CID239576,csv:row=785;comID=CID239576,"1-[4-(2,5-dioxopyrrol-1-yl)butyl]pyrrole-2,5-dione",C1=CC(=O)N(C1=O)CCCCN2C(=O)C=CC2=O,O=C1C=CC(=O)N1CCCCN1C(=O)C=CC1=O,WXXSHAKLDCERGU-UHFFFAOYSA-N,C12H12N2O4,C12H12N2O4,248.23,248.238,248.079707,0,18,0,0,0,0,0,0,0,unclassified,none,no_supported_TPU_role_rule_matched,unresolved,9,False,rdkit_validated,canonical_unique,BSD-3-Clause,reaction_rule_generated,candidate_structure,Gold-V,admitted_reference,0.0,,smipoly-rdkit-role-v1,2026.03.4
chemical_c613967cce7e10a8,ds_smipoly_monomers,CID10367,csv:row=175;comID=CID10367,"pyridine-2,6-dicarboxylic acid",C1=CC(=NC(=C1)C(=O)O)C(=O)O,O=C(O)c1cccc(C(=O)O)n1,WJJMNDUMQPNECX-UHFFFAOYSA-N,C7H5NO4,C7H5NO4,167.12,167.12,167.021858,0,12,0,0,0,0,2,0,0,polyester_polyol_precursor,rule_medium,carboxylic_acid_group_count>=2,polyol_synthesis_precursor,2,True,rdkit_validated,canonical_unique,BSD-3-Clause,reaction_rule_generated,candidate_structure,Gold-V,admitted_reference,0.0,,smipoly-rdkit-role-v1,2026.03.4
chemical_c613a5a0e644555b,ds_smipoly_monomers,CID85558,csv:row=636;comID=CID85558,2-[1-(carboxymethyl)cyclopentyl]acetic acid,C1CCC(C1)(CC(=O)O)CC(=O)O,O=C(O)CC1(CC(=O)O)CCCC1,FWPVKDFOUXHOKQ-UHFFFAOYSA-N,C9H14O4,C9H14O4,186.2,186.207,186.089209,0,13,0,0,0,0,2,0,0,polyester_polyol_precursor,rule_medium,carboxylic_acid_group_count>=2,polyol_synthesis_precursor,2,True,rdkit_validated,canonical_unique,BSD-3-Clause,reaction_rule_generated,candidate_structure,Gold-V,admitted_reference,0.0,,smipoly-rdkit-role-v1,2026.03.4
chemical_c649c3f1499001e0,ds_smipoly_monomers,CID67845,csv:row=448;comID=CID67845,"prop-2-enyl 2,2,2-trifluoroacetate",C=CCOC(=O)C(F)(F)F,C=CCOC(=O)C(F)(F)F,XIVPVSIDXBTZLM-UHFFFAOYSA-N,C5H5F3O2,C5H5F3O2,154.09,154.087,154.024164,0,10,0,0,0,0,0,0,0,unclassified,none,no_supported_TPU_role_rule_matched,unresolved,9,False,rdkit_validated,canonical_unique,BSD-3-Clause,reaction_rule_generated,candidate_structure,Gold-V,admitted_reference,0.0,,smipoly-rdkit-role-v1,2026.03.4
chemical_c68025b85cef6d56,ds_smipoly_monomers,CID203567,csv:row=775;comID=CID203567,"2-phenylmethoxypropane-1,3-diol",C1=CC=C(C=C1)COC(CO)CO,OCC(CO)OCc1ccccc1,UDIPIOHLDFSMLR-UHFFFAOYSA-N,C10H14O3,C10H14O3,182.22,182.219,182.094294,0,13,0,2,0,0,0,0,0,diol_chain_extender_candidate,rule_medium,hydroxyl_group_count=2 and RDKit_MolWt<=250,direct_tpu_building_block,1,True,rdkit_validated,canonical_unique,BSD-3-Clause,reaction_rule_generated,candidate_structure,Gold-V,admitted_reference,0.0,,smipoly-rdkit-role-v1,2026.03.4
chemical_c691b005f0130fac,ds_smipoly_monomers,CID89513,csv:row=659;comID=CID89513,"bis(oxiran-2-ylmethyl) cyclohex-4-ene-1,2-dicarboxylate",C1C=CCC(C1C(=O)OCC2CO2)C(=O)OCC3CO3,O=C(OCC1CO1)C1CC=CCC1C(=O)OCC1CO1,KTPIWUHKYIJBCR-UHFFFAOYSA-N,C14H18O6,C14H18O6,282.29,282.292,282.110338,0,20,0,0,0,0,0,0,2,epoxy_polyol_precursor,rule_medium,epoxide_group_count>=1,polyol_synthesis_precursor,2,True,rdkit_validated,canonical_unique,BSD-3-Clause,reaction_rule_generated,candidate_structure,Gold-V,admitted_reference,0.0,,smipoly-rdkit-role-v1,2026.03.4
chemical_c6ca4478ea517ea0,ds_smipoly_monomers,CID8484,csv:row=146;comID=CID8484,4-(4-chlorosulfonylphenoxy)benzenesulfonyl chloride,C1=CC(=CC=C1OC2=CC=C(C=C2)S(=O)(=O)Cl)S(=O)(=O)Cl,O=S(=O)(Cl)c1ccc(Oc2ccc(S(=O)(=O)Cl)cc2)cc1,HJKXLQIPODSWMB-UHFFFAOYSA-N,C12H8Cl2O5S2,C12H8Cl2O5S2,367.2,367.231,365.919021,0,21,0,0,0,0,0,0,0,unclassified,none,no_supported_TPU_role_rule_matched,unresolved,9,False,rdkit_validated,canonical_unique,BSD-3-Clause,reaction_rule_generated,candidate_structure,Gold-V,admitted_reference,0.0,,smipoly-rdkit-role-v1,2026.03.4
chemical_c7533e98d28d4b76,ds_smipoly_monomers,CID90038,csv:row=664;comID=CID90038,"2-[2,2-bis(hydroxymethyl)butoxymethyl]-2-ethylpropane-1,3-diol",CCC(CO)(CO)COCC(CC)(CO)CO,CCC(CO)(CO)COCC(CC)(CO)CO,WMYINDVYGQKYMI-UHFFFAOYSA-N,C12H26O5,C12H26O5,250.33,250.335,250.178024,0,17,0,4,0,0,0,0,0,polyol_crosslinker_candidate,rule_high,hydroxyl_group_count>=3,direct_tpu_building_block,1,True,rdkit_validated,canonical_unique,BSD-3-Clause,reaction_rule_generated,candidate_structure,Gold-V,admitted_reference,0.0,,smipoly-rdkit-role-v1,2026.03.4
chemical_c75a08890c703201,ds_smipoly_monomers,CID18049,csv:row=318;comID=CID18049,"hexane-2,5-diol",CC(CCC(C)O)O,CC(O)CCC(C)O,OHMBHFSEKCCCBW-UHFFFAOYSA-N,C6H14O2,C6H14O2,118.17,118.176,118.09938,0,8,0,2,0,0,0,0,0,diol_chain_extender_candidate,rule_medium,hydroxyl_group_count=2 and RDKit_MolWt<=250,direct_tpu_building_block,1,True,rdkit_validated,canonical_unique,BSD-3-Clause,reaction_rule_generated,candidate_structure,Gold-V,admitted_reference,0.0,,smipoly-rdkit-role-v1,2026.03.4
chemical_c7bcb380028ebfae,ds_smipoly_monomers,CID427814,csv:row=800;comID=CID427814,4-(aminomethyl)aniline,C1=CC(=CC=C1CN)N,NCc1ccc(N)cc1,BFWYZZPDZZGSLJ-UHFFFAOYSA-N,C7H10N2,C7H10N2,122.17,122.171,122.084398,0,9,0,0,2,0,0,0,0,diamine_chain_extender_candidate,rule_medium,amine_group_count>=2,tpuu_or_nipu_building_block,1,True,rdkit_validated,canonical_unique,BSD-3-Clause,reaction_rule_generated,candidate_structure,Gold-V,admitted_reference,0.0,,smipoly-rdkit-role-v1,2026.03.4
chemical_c7f93546d051ef95,ds_smipoly_monomers,CID110757,csv:row=717;comID=CID110757,"4,10-dioxatricyclo[6.3.0.02,6]undecane-3,5,9,11-tetrone",C1C2C(C3C1C(=O)OC3=O)C(=O)OC2=O,O=C1OC(=O)C2C1CC1C(=O)OC(=O)C12,NLWBEORDOPDUPM-UHFFFAOYSA-N,C9H6O6,C9H6O6,210.14,210.141,210.016438,0,15,0,0,0,0,0,0,0,unclassified,none,no_supported_TPU_role_rule_matched,unresolved,9,False,rdkit_validated,canonical_unique,BSD-3-Clause,reaction_rule_generated,candidate_structure,Gold-V,admitted_reference,0.0,,smipoly-rdkit-role-v1,2026.03.4
chemical_c8299f55711544e9,ds_smipoly_monomers,CID622236,csv:row=845;comID=CID622236,"4-[2-(4-aminophenyl)-1,1,1,3,3,3-hexafluoropropan-2-yl]aniline",C1=CC(=CC=C1C(C2=CC=C(C=C2)N)(C(F)(F)F)C(F)(F)F)N,Nc1ccc(C(c2ccc(N)cc2)(C(F)(F)F)C(F)(F)F)cc1,BEKFRNOZJSYWKZ-UHFFFAOYSA-N,C15H12F6N2,C15H12F6N2,334.26,334.263,334.090468,0,23,0,0,2,0,0,0,0,diamine_chain_extender_candidate,rule_medium,amine_group_count>=2,tpuu_or_nipu_building_block,1,True,rdkit_validated,canonical_unique,BSD-3-Clause,reaction_rule_generated,candidate_structure,Gold-V,admitted_reference,0.0,,smipoly-rdkit-role-v1,2026.03.4
chemical_c867ab33f03400ab,ds_smipoly_monomers,CID81399,csv:row=599;comID=CID81399,4-(4-sulfanylphenyl)benzenethiol,C1=CC(=CC=C1C2=CC=C(C=C2)S)S,Sc1ccc(-c2ccc(S)cc2)cc1,VRPKUXAKHIINGG-UHFFFAOYSA-N,C12H10S2,C12H10S2,218.3,218.346,218.022392,0,14,0,0,0,2,0,0,0,polythiol_adjacent_candidate,rule_medium,thiol_group_count>=2,adjacent_reactive_building_block,3,True,rdkit_validated,canonical_unique,BSD-3-Clause,reaction_rule_generated,candidate_structure,Gold-V,admitted_reference,0.0,,smipoly-rdkit-role-v1,2026.03.4
chemical_c8743711ca3b9bad,ds_smipoly_monomers,CID11390128,csv:row=992;comID=CID11390128,1-adamantyl prop-2-enoate,C=CC(=O)OC12CC3CC(C1)CC(C3)C2,C=CC(=O)OC12CC3CC(CC(C3)C1)C2,PHPRWKJDGHSJMI-UHFFFAOYSA-N,C13H18O2,C13H18O2,206.28,206.285,206.13068,0,15,0,0,0,0,0,0,0,unclassified,none,no_supported_TPU_role_rule_matched,unresolved,9,False,rdkit_validated,canonical_unique,BSD-3-Clause,reaction_rule_generated,candidate_structure,Gold-V,admitted_reference,0.0,,smipoly-rdkit-role-v1,2026.03.4
chemical_c885752fdc384753,ds_smipoly_monomers,CID93675,csv:row=674;comID=CID93675,2-[2-[2-(2-methoxyethoxy)ethoxy]ethoxy]ethyl 2-methylprop-2-enoate,CC(=C)C(=O)OCCOCCOCCOCCOC,C=C(C)C(=O)OCCOCCOCCOCCOC,KRCGBOKYIUDIFY-UHFFFAOYSA-N,C13H24O6,C13H24O6,276.33,276.329,276.157288,0,19,0,0,0,0,0,0,0,unclassified,none,no_supported_TPU_role_rule_matched,unresolved,9,False,rdkit_validated,canonical_unique,BSD-3-Clause,reaction_rule_generated,candidate_structure,Gold-V,admitted_reference,0.0,,smipoly-rdkit-role-v1,2026.03.4
chemical_c8d874c0545f7073,ds_smipoly_monomers,CID75982,csv:row=540;comID=CID75982,2-(2-aminoethoxy)ethanamine,C(COCCN)N,NCCOCCN,GXVUZYLYWKWJIM-UHFFFAOYSA-N,C4H12N2O,C4H12N2O,104.15,104.153,104.094963,0,7,0,0,2,0,0,0,0,diamine_chain_extender_candidate,rule_medium,amine_group_count>=2,tpuu_or_nipu_building_block,1,True,rdkit_validated,canonical_unique,BSD-3-Clause,reaction_rule_generated,candidate_structure,Gold-V,admitted_reference,0.0,,smipoly-rdkit-role-v1,2026.03.4
chemical_c906df213d41233c,ds_smipoly_monomers,CID65578,csv:row=417;comID=CID65578,oxalyl dichloride,C(=O)(C(=O)Cl)Cl,O=C(Cl)C(=O)Cl,CTSLXHKWHWQRSH-UHFFFAOYSA-N,C2Cl2O2,C2Cl2O2,126.92,126.926,125.927535,0,6,0,0,0,0,0,0,0,unclassified,none,no_supported_TPU_role_rule_matched,unresolved,9,False,rdkit_validated,canonical_unique,BSD-3-Clause,reaction_rule_generated,candidate_structure,Gold-V,admitted_reference,0.0,,smipoly-rdkit-role-v1,2026.03.4
chemical_c90d639a77da0523,ds_smipoly_monomers,CID11471,csv:row=198;comID=CID11471,4-[(4-carboxyphenyl)diazenyl]benzoic acid,C1=CC(=CC=C1C(=O)O)N=NC2=CC=C(C=C2)C(=O)O,O=C(O)c1ccc(N=Nc2ccc(C(=O)O)cc2)cc1,NWHZQELJCLSKNV-UHFFFAOYSA-N,C14H10N2O4,C14H10N2O4,270.24,270.244,270.064057,0,20,0,0,0,0,2,0,0,polyester_polyol_precursor,rule_medium,carboxylic_acid_group_count>=2,polyol_synthesis_precursor,2,True,rdkit_validated,canonical_unique,BSD-3-Clause,reaction_rule_generated,candidate_structure,Gold-V,admitted_reference,0.0,,smipoly-rdkit-role-v1,2026.03.4
chemical_c950975cb4b9accf,ds_smipoly_monomers,CID1030,csv:row=11;comID=CID1030,"propane-1,2-diol",CC(CO)O,CC(O)CO,DNIAPMSPPWPWGF-UHFFFAOYSA-N,C3H8O2,C3H8O2,76.09,76.095,76.052429,0,5,0,2,0,0,0,0,0,diol_chain_extender_candidate,rule_medium,hydroxyl_group_count=2 and RDKit_MolWt<=250,direct_tpu_building_block,1,True,rdkit_validated,canonical_unique,BSD-3-Clause,reaction_rule_generated,candidate_structure,Gold-V,admitted_reference,0.0,,smipoly-rdkit-role-v1,2026.03.4
chemical_c9783e9f638e1110,ds_smipoly_monomers,CID8398,csv:row=142;comID=CID8398,2-tert-butyl-6-[(3-tert-butyl-2-hydroxy-5-methylphenyl)methyl]-4-methylphenol,CC1=CC(=C(C(=C1)C(C)(C)C)O)CC2=C(C(=CC(=C2)C)C(C)(C)C)O,Cc1cc(Cc2cc(C)cc(C(C)(C)C)c2O)c(O)c(C(C)(C)C)c1,KGRVJHAUYBGFFP-UHFFFAOYSA-N,C23H32O2,C23H32O2,340.5,340.507,340.24023,0,25,0,2,0,0,0,0,0,macrodiol_polyol_candidate,rule_medium,hydroxyl_group_count=2 and RDKit_MolWt>250,direct_tpu_building_block,1,True,rdkit_validated,canonical_unique,BSD-3-Clause,reaction_rule_generated,candidate_structure,Gold-V,admitted_reference,0.0,,smipoly-rdkit-role-v1,2026.03.4
chemical_c9e93d1df6e8133d,ds_smipoly_monomers,CID2782267,csv:row=894;comID=CID2782267,"1-bromo-1,1,2,2-tetrafluoro-2-(1,2,2-trifluoroethenoxy)ethane",C(=C(F)F)(OC(C(F)(F)Br)(F)F)F,FC(F)=C(F)OC(F)(F)C(F)(F)Br,ZPYGRBTUNITHKJ-UHFFFAOYSA-N,C4BrF7O,C4BrF7O,276.93,276.933,275.902074,0,13,0,0,0,0,0,0,0,unclassified,none,no_supported_TPU_role_rule_matched,unresolved,9,False,rdkit_validated,canonical_unique,BSD-3-Clause,reaction_rule_generated,candidate_structure,Gold-V,admitted_reference,0.0,,smipoly-rdkit-role-v1,2026.03.4
chemical_ca450a2c9b587f3f,ds_smipoly_monomers,CID61249,csv:row=399;comID=CID61249,2-hydroxypropyl prop-2-enoate,CC(COC(=O)C=C)O,C=CC(=O)OCC(C)O,GWZMWHWAWHPNHN-UHFFFAOYSA-N,C6H10O3,C6H10O3,130.14,130.143,130.062994,0,9,0,1,0,0,0,0,0,monool_model_compound,rule_medium,hydroxyl_group_count=1,adjacent_model_compound,3,True,rdkit_validated,canonical_unique,BSD-3-Clause,reaction_rule_generated,candidate_structure,Gold-V,admitted_reference,0.0,,smipoly-rdkit-role-v1,2026.03.4
chemical_ca5e105838153c99,ds_smipoly_monomers,CID11344163,csv:row=990;comID=CID11344163,"2,4-diethylpentane-1,5-diol",CCC(CC(CC)CO)CO,CCC(CO)CC(CC)CO,OJRJDENLRJHEJO-UHFFFAOYSA-N,C9H20O2,C9H20O2,160.25,160.257,160.14633,0,11,0,2,0,0,0,0,0,diol_chain_extender_candidate,rule_medium,hydroxyl_group_count=2 and RDKit_MolWt<=250,direct_tpu_building_block,1,True,rdkit_validated,canonical_unique,BSD-3-Clause,reaction_rule_generated,candidate_structure,Gold-V,admitted_reference,0.0,,smipoly-rdkit-role-v1,2026.03.4
chemical_cae11726de5a3d49,ds_smipoly_monomers,CID4354181,csv:row=928;comID=CID4354181,"2,7-dihydroxyfluoren-9-one",C1=CC2=C(C=C1O)C(=O)C3=C2C=CC(=C3)O,O=C1c2cc(O)ccc2-c2ccc(O)cc21,CWHPQXRTQSNTRR-UHFFFAOYSA-N,C13H8O3,C13H8O3,212.2,212.204,212.047344,0,16,0,2,0,0,0,0,0,diol_chain_extender_candidate,rule_medium,hydroxyl_group_count=2 and RDKit_MolWt<=250,direct_tpu_building_block,1,True,rdkit_validated,canonical_unique,BSD-3-Clause,reaction_rule_generated,candidate_structure,Gold-V,admitted_reference,0.0,,smipoly-rdkit-role-v1,2026.03.4
chemical_cb0f8bc3016bf18c,ds_smipoly_monomers,CID3106818,csv:row=908;comID=CID3106818,"spiro[fluorene-9,9'-xanthene]-3',6'-diol",C1=CC=C2C(=C1)C3=CC=CC=C3C24C5=C(C=C(C=C5)O)OC6=C4C=CC(=C6)O,Oc1ccc2c(c1)Oc1cc(O)ccc1C21c2ccccc2-c2ccccc21,ZTQUBBFVYUHQRC-UHFFFAOYSA-N,C25H16O3,C25H16O3,364.4,364.4,364.109944,0,28,0,2,0,0,0,0,0,macrodiol_polyol_candidate,rule_medium,hydroxyl_group_count=2 and RDKit_MolWt>250,direct_tpu_building_block,1,True,rdkit_validated,canonical_unique,BSD-3-Clause,reaction_rule_generated,candidate_structure,Gold-V,admitted_reference,0.0,,smipoly-rdkit-role-v1,2026.03.4
chemical_cb44498ab26ae0ad,ds_smipoly_monomers,CID22239650,csv:row=1056;comID=CID22239650,"4,10-dioxatricyclo[6.3.1.02,7]dodecane-3,5,9,11-tetrone",C1C2C3CC(=O)OC(=O)C3C1C(=O)OC2=O,O=C1CC2C3CC(C(=O)OC3=O)C2C(=O)O1,QVEIRZNRYOJFCL-UHFFFAOYSA-N,C10H8O6,C10H8O6,224.17,224.168,224.032088,0,16,0,0,0,0,0,0,0,unclassified,none,no_supported_TPU_role_rule_matched,unresolved,9,False,rdkit_validated,canonical_unique,BSD-3-Clause,reaction_rule_generated,candidate_structure,Gold-V,admitted_reference,0.0,,smipoly-rdkit-role-v1,2026.03.4
chemical_cb5c89486ccb42f5,ds_smipoly_monomers,CID14172634,csv:row=1023;comID=CID14172634,"2,2,3,3,4,4,5,5,6,6-decafluoro-6-(1,2,2-trifluoroethenoxy)hexanenitrile",C(#N)C(C(C(C(C(OC(=C(F)F)F)(F)F)(F)F)(F)F)(F)F)(F)F,N#CC(F)(F)C(F)(F)C(F)(F)C(F)(F)C(F)(F)OC(F)=C(F)F,QCWQPRUOTXVNSB-UHFFFAOYSA-N,C8F13NO,C8F13NO,373.07,373.068,372.97723,0,23,0,0,0,0,0,0,0,unclassified,none,no_supported_TPU_role_rule_matched,unresolved,9,False,rdkit_validated,canonical_unique,BSD-3-Clause,reaction_rule_generated,candidate_structure,Gold-V,admitted_reference,0.0,,smipoly-rdkit-role-v1,2026.03.4
chemical_cb6760c92f25bded,ds_smipoly_monomers,CID545633,csv:row=816;comID=CID545633,ethenyl tetradecanoate,CCCCCCCCCCCCCC(=O)OC=C,C=COC(=O)CCCCCCCCCCCCC,ZQZUENMXBZVXIZ-UHFFFAOYSA-N,C16H30O2,C16H30O2,254.41,254.414,254.22458,0,18,0,0,0,0,0,0,0,unclassified,none,no_supported_TPU_role_rule_matched,unresolved,9,False,rdkit_validated,canonical_unique,BSD-3-Clause,reaction_rule_generated,candidate_structure,Gold-V,admitted_reference,0.0,,smipoly-rdkit-role-v1,2026.03.4
chemical_cc604d0978aa6f51,ds_smipoly_monomers,CID17046,csv:row=286;comID=CID17046,2-[4-(oxiran-2-ylmethoxy)butoxymethyl]oxirane,C1C(O1)COCCCCOCC2CO2,C(CCOCC1CO1)COCC1CO1,SHKUUQIDMUMQQK-UHFFFAOYSA-N,C10H18O4,C10H18O4,202.25,202.25,202.120509,0,14,0,0,0,0,0,0,2,epoxy_polyol_precursor,rule_medium,epoxide_group_count>=1,polyol_synthesis_precursor,2,True,rdkit_validated,canonical_unique,BSD-3-Clause,reaction_rule_generated,candidate_structure,Gold-V,admitted_reference,0.0,,smipoly-rdkit-role-v1,2026.03.4
chemical_cc7d1ffe8b49b52c,ds_smipoly_monomers,CID53384377,csv:row=1070;comID=CID53384377,"14,17-dioxapentacyclo[6.4.3.32,7.01,8.02,7]octadecane-13,15,16,18-tetrone",C1CCC23C(=O)OC(=O)C2(C1)C45C3(CCCC4)C(=O)OC5=O,O=C1OC(=O)C23CCCCC12C12CCCCC31C(=O)OC2=O,YRPOEHNJJZOQJH-UHFFFAOYSA-N,C16H16O6,C16H16O6,304.29,304.298,304.094688,0,22,0,0,0,0,0,0,0,unclassified,none,no_supported_TPU_role_rule_matched,unresolved,9,False,rdkit_validated,canonical_unique,BSD-3-Clause,reaction_rule_generated,candidate_structure,Gold-V,admitted_reference,0.0,,smipoly-rdkit-role-v1,2026.03.4
chemical_cc84b9a89459cb33,ds_smipoly_monomers,CID11448,csv:row=197;comID=CID11448,tert-butyl 2-methylprop-2-enoate,CC(=C)C(=O)OC(C)(C)C,C=C(C)C(=O)OC(C)(C)C,SJMYWORNLPSJQO-UHFFFAOYSA-N,C8H14O2,C8H14O2,142.2,142.198,142.09938,0,10,0,0,0,0,0,0,0,unclassified,none,no_supported_TPU_role_rule_matched,unresolved,9,False,rdkit_validated,canonical_unique,BSD-3-Clause,reaction_rule_generated,candidate_structure,Gold-V,admitted_reference,0.0,,smipoly-rdkit-role-v1,2026.03.4
chemical_cc8d36be50a8d115,ds_smipoly_monomers,CID81766,csv:row=603;comID=CID81766,2-(2-ethoxyethoxy)ethyl prop-2-enoate,CCOCCOCCOC(=O)C=C,C=CC(=O)OCCOCCOCC,FTALTLPZDVFJSS-UHFFFAOYSA-N,C9H16O4,C9H16O4,188.22,188.223,188.104859,0,13,0,0,0,0,0,0,0,unclassified,none,no_supported_TPU_role_rule_matched,unresolved,9,False,rdkit_validated,canonical_unique,BSD-3-Clause,reaction_rule_generated,candidate_structure,Gold-V,admitted_reference,0.0,,smipoly-rdkit-role-v1,2026.03.4
chemical_ccbd2d76c7d303dd,ds_smipoly_monomers,CID170750,csv:row=763;comID=CID170750,trimethyl-[3-(prop-2-enoylamino)propyl]azanium;chloride,C[N+](C)(C)CCCNC(=O)C=C.[Cl-],C=CC(=O)NCCC[N+](C)(C)C.[Cl-],OEIXGLMQZVLOQX-UHFFFAOYSA-N,C9H19ClN2O,C9H19ClN2O,206.71,206.717,206.118591,0,13,0,0,0,0,0,0,0,unclassified,none,no_supported_TPU_role_rule_matched,unresolved,9,False,rdkit_validated,canonical_unique,BSD-3-Clause,reaction_rule_generated,candidate_structure,Gold-V,admitted_reference,0.0,,smipoly-rdkit-role-v1,2026.03.4
chemical_ccf2546e62201f6e,ds_smipoly_monomers,CID82056,csv:row=608;comID=CID82056,"[3-(3-sulfanylpropanoyloxy)-2,2-bis(3-sulfanylpropanoyloxymethyl)propyl] 3-sulfanylpropanoate",C(CS)C(=O)OCC(COC(=O)CCS)(COC(=O)CCS)COC(=O)CCS,O=C(CCS)OCC(COC(=O)CCS)(COC(=O)CCS)COC(=O)CCS,JOBBTVPTPXRUBP-UHFFFAOYSA-N,C17H28O8S4,C17H28O8S4,488.7,488.671,488.066702,0,29,0,0,0,4,0,0,0,polythiol_adjacent_candidate,rule_medium,thiol_group_count>=2,adjacent_reactive_building_block,3,True,rdkit_validated,canonical_unique,BSD-3-Clause,reaction_rule_generated,candidate_structure,Gold-V,admitted_reference,0.0,,smipoly-rdkit-role-v1,2026.03.4
chemical_cd9f4c0b3cfba1e8,ds_smipoly_monomers,CID22986560,csv:row=1060;comID=CID22986560,2-(2-dodecoxyethoxymethyl)oxirane,CCCCCCCCCCCCOCCOCC1CO1,CCCCCCCCCCCCOCCOCC1CO1,ZCCBLVOOWREKMV-UHFFFAOYSA-N,C17H34O3,C17H34O3,286.4,286.456,286.250795,0,20,0,0,0,0,0,0,1,epoxy_polyol_precursor,rule_medium,epoxide_group_count>=1,polyol_synthesis_precursor,2,True,rdkit_validated,canonical_unique,BSD-3-Clause,reaction_rule_generated,candidate_structure,Gold-V,admitted_reference,0.0,,smipoly-rdkit-role-v1,2026.03.4
chemical_cdcbec11f4e0d475,ds_smipoly_monomers,CID17858,csv:row=314;comID=CID17858,2-decyloxirane,CCCCCCCCCCC1CO1,CCCCCCCCCCC1CO1,MPGABYXKKCLIRW-UHFFFAOYSA-N,C12H24O,C12H24O,184.32,184.323,184.182715,0,13,0,0,0,0,0,0,1,epoxy_polyol_precursor,rule_medium,epoxide_group_count>=1,polyol_synthesis_precursor,2,True,rdkit_validated,canonical_unique,BSD-3-Clause,reaction_rule_generated,candidate_structure,Gold-V,admitted_reference,0.0,,smipoly-rdkit-role-v1,2026.03.4
chemical_ce17a54df1b54045,ds_smipoly_monomers,CID66102,csv:row=420;comID=CID66102,"bis(prop-2-enyl) benzene-1,4-dicarboxylate",C=CCOC(=O)C1=CC=C(C=C1)C(=O)OCC=C,C=CCOC(=O)c1ccc(C(=O)OCC=C)cc1,ZDNFTNPFYCKVTB-UHFFFAOYSA-N,C14H14O4,C14H14O4,246.26,246.262,246.089209,0,18,0,0,0,0,0,0,0,unclassified,none,no_supported_TPU_role_rule_matched,unresolved,9,False,rdkit_validated,canonical_unique,BSD-3-Clause,reaction_rule_generated,candidate_structure,Gold-V,admitted_reference,0.0,,smipoly-rdkit-role-v1,2026.03.4
chemical_ce7b131f9a5e8cae,ds_smipoly_monomers,CID84923,csv:row=633;comID=CID84923,"2-[2-hydroxy-5-(2,4,4-trimethylpentan-2-yl)phenyl]sulfonyl-4-(2,4,4-trimethylpentan-2-yl)phenol",CC(C)(C)CC(C)(C)C1=CC(=C(C=C1)O)S(=O)(=O)C2=C(C=CC(=C2)C(C)(C)CC(C)(C)C)O,CC(C)(C)CC(C)(C)c1ccc(O)c(S(=O)(=O)c2cc(C(C)(C)CC(C)(C)C)ccc2O)c1,LMTGYJHIOQZSAA-UHFFFAOYSA-N,C28H42O4S,C28H42O4S,474.7,474.707,474.280381,0,33,0,2,0,0,0,0,0,macrodiol_polyol_candidate,rule_medium,hydroxyl_group_count=2 and RDKit_MolWt>250,direct_tpu_building_block,1,True,rdkit_validated,canonical_unique,BSD-3-Clause,reaction_rule_generated,candidate_structure,Gold-V,admitted_reference,0.0,,smipoly-rdkit-role-v1,2026.03.4
chemical_ce8da76c19f987be,ds_smipoly_monomers,CID7071,csv:row=60;comID=CID7071,"4-(3,4-diaminophenyl)benzene-1,2-diamine",C1=CC(=C(C=C1C2=CC(=C(C=C2)N)N)N)N,Nc1ccc(-c2ccc(N)c(N)c2)cc1N,HSTOKWSFWGCZMH-UHFFFAOYSA-N,C12H14N4,C12H14N4,214.27,214.272,214.121846,0,16,0,0,4,0,0,0,0,diamine_chain_extender_candidate,rule_medium,amine_group_count>=2,tpuu_or_nipu_building_block,1,True,rdkit_validated,canonical_unique,BSD-3-Clause,reaction_rule_generated,candidate_structure,Gold-V,admitted_reference,0.0,,smipoly-rdkit-role-v1,2026.03.4
chemical_ceb80c25994e6d3e,ds_smipoly_monomers,CID102236,csv:row=701;comID=CID102236,"2,2,3,3,4,4,5,5,6,6,7,7-dodecafluoroheptyl 2-methylprop-2-enoate",CC(=C)C(=O)OCC(C(C(C(C(C(F)F)(F)F)(F)F)(F)F)(F)F)(F)F,C=C(C)C(=O)OCC(F)(F)C(F)(F)C(F)(F)C(F)(F)C(F)(F)C(F)F,YJKHMSPWWGBKTN-UHFFFAOYSA-N,C11H8F12O2,C11H8F12O2,400.16,400.159,400.033268,0,25,0,0,0,0,0,0,0,unclassified,none,no_supported_TPU_role_rule_matched,unresolved,9,False,rdkit_validated,canonical_unique,BSD-3-Clause,reaction_rule_generated,candidate_structure,Gold-V,admitted_reference,0.0,,smipoly-rdkit-role-v1,2026.03.4
chemical_cee581698c439b58,ds_smipoly_monomers,CID82291,csv:row=612;comID=CID82291,prop-2-en-1-amine;hydrochloride,C=CCN.Cl,C=CCN.Cl,MLGWTHRHHANFCC-UHFFFAOYSA-N,C3H8ClN,C3H8ClN,93.55,93.557,93.034527,0,5,0,0,1,0,0,0,0,monoamine_model_compound,rule_medium,amine_group_count=1,adjacent_model_compound,3,True,rdkit_validated,canonical_unique,BSD-3-Clause,reaction_rule_generated,candidate_structure,Gold-V,admitted_reference,0.0,,smipoly-rdkit-role-v1,2026.03.4
chemical_cee8908652c87184,ds_smipoly_monomers,CID118379,csv:row=724;comID=CID118379,"2,2-bis(3-sulfanylpropanoyloxymethyl)butyl 3-sulfanylpropanoate",CCC(COC(=O)CCS)(COC(=O)CCS)COC(=O)CCS,CCC(COC(=O)CCS)(COC(=O)CCS)COC(=O)CCS,IMQFZQVZKBIPCQ-UHFFFAOYSA-N,C15H26O6S3,C15H26O6S3,398.6,398.568,398.089152,0,24,0,0,0,3,0,0,0,polythiol_adjacent_candidate,rule_medium,thiol_group_count>=2,adjacent_reactive_building_block,3,True,rdkit_validated,canonical_unique,BSD-3-Clause,reaction_rule_generated,candidate_structure,Gold-V,admitted_reference,0.0,,smipoly-rdkit-role-v1,2026.03.4
chemical_cf8e61b60ac099e9,ds_smipoly_monomers,CID110917,csv:row=718;comID=CID110917,[2-(hydroxymethyl)-2-bicyclo[2.2.1]hept-5-enyl]methanol,C1C2CC(C1C=C2)(CO)CO,OCC1(CO)CC2C=CC1C2,DSHXMENPUICESR-UHFFFAOYSA-N,C9H14O2,C9H14O2,154.21,154.209,154.09938,0,11,0,2,0,0,0,0,0,diol_chain_extender_candidate,rule_medium,hydroxyl_group_count=2 and RDKit_MolWt<=250,direct_tpu_building_block,1,True,rdkit_validated,canonical_unique,BSD-3-Clause,reaction_rule_generated,candidate_structure,Gold-V,admitted_reference,0.0,,smipoly-rdkit-role-v1,2026.03.4
chemical_cfa50b4821ebbb8b,ds_smipoly_monomers,CID1515256,csv:row=872;comID=CID1515256,"4-[4,6-bis(4-aminophenyl)-1,3,5-triazin-2-yl]aniline",C1=CC(=CC=C1C2=NC(=NC(=N2)C3=CC=C(C=C3)N)C4=CC=C(C=C4)N)N,Nc1ccc(-c2nc(-c3ccc(N)cc3)nc(-c3ccc(N)cc3)n2)cc1,WHSQATVVMVBGNS-UHFFFAOYSA-N,C21H18N6,C21H18N6,354.4,354.417,354.159295,0,27,0,0,3,0,0,0,0,diamine_chain_extender_candidate,rule_medium,amine_group_count>=2,tpuu_or_nipu_building_block,1,True,rdkit_validated,canonical_unique,BSD-3-Clause,reaction_rule_generated,candidate_structure,Gold-V,admitted_reference,0.0,,smipoly-rdkit-role-v1,2026.03.4
chemical_cfa89ee9b96a1be9,ds_smipoly_monomers,CID27465,csv:row=368;comID=CID27465,"4-(4-amino-2,5-dichlorophenyl)-2,5-dichloroaniline",C1=C(C(=CC(=C1Cl)N)Cl)C2=CC(=C(C=C2Cl)N)Cl,Nc1cc(Cl)c(-c2cc(Cl)c(N)cc2Cl)cc1Cl,UXOXUHMFQZEAFR-UHFFFAOYSA-N,C12H8Cl4N2,C12H8Cl4N2,322.0,322.022,319.944159,0,18,0,0,2,0,0,0,0,diamine_chain_extender_candidate,rule_medium,amine_group_count>=2,tpuu_or_nipu_building_block,1,True,rdkit_validated,canonical_unique,BSD-3-Clause,reaction_rule_generated,candidate_structure,Gold-V,admitted_reference,0.0,,smipoly-rdkit-role-v1,2026.03.4
chemical_cfab5adda4685f15,ds_smipoly_monomers,CID81043,csv:row=595;comID=CID81043,N-tert-butyl-2-methylprop-2-enamide,CC(=C)C(=O)NC(C)(C)C,C=C(C)C(=O)NC(C)(C)C,QQZXAODFGRZKJT-UHFFFAOYSA-N,C8H15NO,C8H15NO,141.21,141.214,141.115364,0,10,0,0,0,0,0,0,0,unclassified,none,no_supported_TPU_role_rule_matched,unresolved,9,False,rdkit_validated,canonical_unique,BSD-3-Clause,reaction_rule_generated,candidate_structure,Gold-V,admitted_reference,0.0,,smipoly-rdkit-role-v1,2026.03.4
chemical_cfe73d07ece460a7,ds_smipoly_monomers,CID75689,csv:row=534;comID=CID75689,(2-hydroxy-4-prop-2-enoxyphenyl)-phenylmethanone,C=CCOC1=CC(=C(C=C1)C(=O)C2=CC=CC=C2)O,C=CCOc1ccc(C(=O)c2ccccc2)c(O)c1,GVZIBGFELWPEOC-UHFFFAOYSA-N,C16H14O3,C16H14O3,254.28,254.285,254.094294,0,19,0,1,0,0,0,0,0,monool_model_compound,rule_medium,hydroxyl_group_count=1,adjacent_model_compound,3,True,rdkit_validated,canonical_unique,BSD-3-Clause,reaction_rule_generated,candidate_structure,Gold-V,admitted_reference,0.0,,smipoly-rdkit-role-v1,2026.03.4
chemical_d048f40b827efc5e,ds_smipoly_monomers,CID5192,csv:row=26;comID=CID5192,decanedioic acid,C(CCCCC(=O)O)CCCC(=O)O,O=C(O)CCCCCCCCC(=O)O,CXMXRPHRNRROMY-UHFFFAOYSA-N,C10H18O4,C10H18O4,202.25,202.25,202.120509,0,14,0,0,0,0,2,0,0,polyester_polyol_precursor,rule_medium,carboxylic_acid_group_count>=2,polyol_synthesis_precursor,2,True,rdkit_validated,canonical_unique,BSD-3-Clause,reaction_rule_generated,candidate_structure,Gold-V,admitted_reference,0.0,,smipoly-rdkit-role-v1,2026.03.4
chemical_d04c7ed4f39ae98d,ds_smipoly_monomers,CID74203,csv:row=500;comID=CID74203,"1-cyclohexylpyrrole-2,5-dione",C1CCC(CC1)N2C(=O)C=CC2=O,O=C1C=CC(=O)N1C1CCCCC1,BQTPKSBXMONSJI-UHFFFAOYSA-N,C10H13NO2,C10H13NO2,179.22,179.219,179.094629,0,13,0,0,0,0,0,0,0,unclassified,none,no_supported_TPU_role_rule_matched,unresolved,9,False,rdkit_validated,canonical_unique,BSD-3-Clause,reaction_rule_generated,candidate_structure,Gold-V,admitted_reference,0.0,,smipoly-rdkit-role-v1,2026.03.4
chemical_d05f3822243ca614,ds_smipoly_monomers,CID82441,csv:row=614;comID=CID82441,"[3-(2-sulfanylacetyl)oxy-2,2-bis[(2-sulfanylacetyl)oxymethyl]propyl] 2-sulfanylacetate",C(C(=O)OCC(COC(=O)CS)(COC(=O)CS)COC(=O)CS)S,O=C(CS)OCC(COC(=O)CS)(COC(=O)CS)COC(=O)CS,RUDUCNPHDIMQCY-UHFFFAOYSA-N,C13H20O8S4,C13H20O8S4,432.6,432.563,432.004102,0,25,0,0,0,4,0,0,0,polythiol_adjacent_candidate,rule_medium,thiol_group_count>=2,adjacent_reactive_building_block,3,True,rdkit_validated,canonical_unique,BSD-3-Clause,reaction_rule_generated,candidate_structure,Gold-V,admitted_reference,0.0,,smipoly-rdkit-role-v1,2026.03.4
chemical_d0600872345b21b2,ds_smipoly_monomers,CID97965,csv:row=690;comID=CID97965,"bicyclo[2.2.1]hept-5-ene-2,3-dicarboxylic acid",C1C2C=CC1C(C2C(=O)O)C(=O)O,O=C(O)C1C2C=CC(C2)C1C(=O)O,NIDNOXCRFUCAKQ-UHFFFAOYSA-N,C9H10O4,C9H10O4,182.17,182.175,182.057909,0,13,0,0,0,0,2,0,0,polyester_polyol_precursor,rule_medium,carboxylic_acid_group_count>=2,polyol_synthesis_precursor,2,True,rdkit_validated,canonical_unique,BSD-3-Clause,reaction_rule_generated,candidate_structure,Gold-V,admitted_reference,0.0,,smipoly-rdkit-role-v1,2026.03.4
chemical_d065c2e52e9435a2,ds_smipoly_monomers,CID62311,csv:row=403;comID=CID62311,4-(4-amino-3-methoxyphenyl)-2-methoxyaniline;dihydrochloride,COC1=C(C=CC(=C1)C2=CC(=C(C=C2)N)OC)N.Cl.Cl,COc1cc(-c2ccc(N)c(OC)c2)ccc1N.Cl.Cl,UXTIAFYTYOEQHV-UHFFFAOYSA-N,C14H18Cl2N2O2,C14H18Cl2N2O2,317.2,317.216,316.074533,0,20,0,0,2,0,0,0,0,diamine_chain_extender_candidate,rule_medium,amine_group_count>=2,tpuu_or_nipu_building_block,1,True,rdkit_validated,canonical_unique,BSD-3-Clause,reaction_rule_generated,candidate_structure,Gold-V,admitted_reference,0.0,,smipoly-rdkit-role-v1,2026.03.4
chemical_d0691403312d690b,ds_smipoly_monomers,CID53172,csv:row=389;comID=CID53172,"1,3-bis(isocyanatomethyl)cyclohexane",C1CC(CC(C1)CN=C=O)CN=C=O,O=C=NCC1CCCC(CN=C=O)C1,XSCLFFBWRKTMTE-UHFFFAOYSA-N,C10H14N2O2,C10H14N2O2,194.23,194.234,194.105528,0,14,2,0,0,0,0,0,0,di_polyisocyanate_candidate,rule_high,isocyanate_group_count>=2,direct_tpu_building_block,1,True,rdkit_validated,canonical_unique,BSD-3-Clause,reaction_rule_generated,candidate_structure,Gold-V,admitted_reference,0.0,,smipoly-rdkit-role-v1,2026.03.4
chemical_d109d24718075c62,ds_smipoly_monomers,CID12138,csv:row=206;comID=CID12138,4-[2-(4-aminophenyl)ethyl]aniline,C1=CC(=CC=C1CCC2=CC=C(C=C2)N)N,Nc1ccc(CCc2ccc(N)cc2)cc1,UHNUHZHQLCGZDA-UHFFFAOYSA-N,C14H16N2,C14H16N2,212.29,212.296,212.131349,0,16,0,0,2,0,0,0,0,diamine_chain_extender_candidate,rule_medium,amine_group_count>=2,tpuu_or_nipu_building_block,1,True,rdkit_validated,canonical_unique,BSD-3-Clause,reaction_rule_generated,candidate_structure,Gold-V,admitted_reference,0.0,,smipoly-rdkit-role-v1,2026.03.4
chemical_d197c5137460c234,ds_smipoly_monomers,CID14574292,csv:row=1026;comID=CID14574292,"4-[(1,3-dioxo-2-benzofuran-5-yl)oxy]-2-benzofuran-1,3-dione",C1=CC2=C(C(=C1)OC3=CC4=C(C=C3)C(=O)OC4=O)C(=O)OC2=O,O=C1OC(=O)c2cc(Oc3cccc4c3C(=O)OC4=O)ccc21,OPVHOFITDJSMOD-UHFFFAOYSA-N,C16H6O7,C16H6O7,310.21,310.217,310.011353,0,23,0,0,0,0,0,0,0,unclassified,none,no_supported_TPU_role_rule_matched,unresolved,9,False,rdkit_validated,canonical_unique,BSD-3-Clause,reaction_rule_generated,candidate_structure,Gold-V,admitted_reference,0.0,,smipoly-rdkit-role-v1,2026.03.4
chemical_d1b4680436fe1406,ds_smipoly_monomers,CID11954176,csv:row=1003;comID=CID11954176,4-[(E)-2-(4-aminophenyl)ethenyl]aniline;dihydrochloride,C1=CC(=CC=C1C=CC2=CC=C(C=C2)N)N.Cl.Cl,Cl.Cl.Nc1ccc(C=Cc2ccc(N)cc2)cc1,QHDAFTKIEDDTPV-UHFFFAOYSA-N,C14H16Cl2N2,C14H16Cl2N2,283.2,283.202,282.069054,0,18,0,0,2,0,0,0,0,diamine_chain_extender_candidate,rule_medium,amine_group_count>=2,tpuu_or_nipu_building_block,1,True,rdkit_validated,canonical_unique,BSD-3-Clause,reaction_rule_generated,candidate_structure,Gold-V,admitted_reference,0.0,,smipoly-rdkit-role-v1,2026.03.4
chemical_d1f5376cfcf54976,ds_smipoly_monomers,CID22613616,csv:row=1057;comID=CID22613616,"1,1,2,2,3,3-hexafluoro-1-(1,2,2-trifluoroethenoxy)-3-(trifluoromethoxy)propane",C(=C(F)F)(OC(C(C(OC(F)(F)F)(F)F)(F)F)(F)F)F,FC(F)=C(F)OC(F)(F)C(F)(F)C(F)(F)OC(F)(F)F,ZWWNWGPNBZIACR-UHFFFAOYSA-N,C6F12O2,C6F12O2,332.04,332.04,331.970668,0,20,0,0,0,0,0,0,0,unclassified,none,no_supported_TPU_role_rule_matched,unresolved,9,False,rdkit_validated,canonical_unique,BSD-3-Clause,reaction_rule_generated,candidate_structure,Gold-V,admitted_reference,0.0,,smipoly-rdkit-role-v1,2026.03.4
chemical_d23e5eccb085b9a9,ds_smipoly_monomers,CID78882,csv:row=580;comID=CID78882,N-[3-(dimethylamino)propyl]-2-methylprop-2-enamide,CC(=C)C(=O)NCCCN(C)C,C=C(C)C(=O)NCCCN(C)C,GDFCSMCGLZFNFY-UHFFFAOYSA-N,C9H18N2O,C9H18N2O,170.25,170.256,170.141913,0,12,0,0,0,0,0,0,0,unclassified,none,no_supported_TPU_role_rule_matched,unresolved,9,False,rdkit_validated,canonical_unique,BSD-3-Clause,reaction_rule_generated,candidate_structure,Gold-V,admitted_reference,0.0,,smipoly-rdkit-role-v1,2026.03.4
chemical_d27e933873b673d0,ds_smipoly_monomers,CID18760495,csv:row=1042;comID=CID18760495,"2,3-dimethylbutane-2,3-diamine;dihydrochloride",CC(C)(C(C)(C)N)N.Cl.Cl,CC(C)(N)C(C)(C)N.Cl.Cl,BRLVXFONMZRJCD-UHFFFAOYSA-N,C6H18Cl2N2,C6H18Cl2N2,189.12,189.13,188.084704,0,10,0,0,2,0,0,0,0,diamine_chain_extender_candidate,rule_medium,amine_group_count>=2,tpuu_or_nipu_building_block,1,True,rdkit_validated,canonical_unique,BSD-3-Clause,reaction_rule_generated,candidate_structure,Gold-V,admitted_reference,0.0,,smipoly-rdkit-role-v1,2026.03.4
chemical_d28513c08cb65c2d,ds_smipoly_monomers,CID104949,csv:row=711;comID=CID104949,4-[4-(4-aminophenyl)phenyl]aniline,C1=CC(=CC=C1C2=CC=C(C=C2)N)C3=CC=C(C=C3)N,Nc1ccc(-c2ccc(-c3ccc(N)cc3)cc2)cc1,QBSMHWVGUPQNJJ-UHFFFAOYSA-N,C18H16N2,C18H16N2,260.3,260.34,260.131349,0,20,0,0,2,0,0,0,0,diamine_chain_extender_candidate,rule_medium,amine_group_count>=2,tpuu_or_nipu_building_block,1,True,rdkit_validated,canonical_unique,BSD-3-Clause,reaction_rule_generated,candidate_structure,Gold-V,admitted_reference,0.0,,smipoly-rdkit-role-v1,2026.03.4
chemical_d2e32c8bcfb7b9c0,ds_smipoly_monomers,CID81865,csv:row=605;comID=CID81865,"2,2,3,3-tetrafluoropropyl prop-2-enoate",C=CC(=O)OCC(C(F)F)(F)F,C=CC(=O)OCC(F)(F)C(F)F,VHJHZYSXJKREEE-UHFFFAOYSA-N,C6H6F4O2,C6H6F4O2,186.1,186.104,186.030392,0,12,0,0,0,0,0,0,0,unclassified,none,no_supported_TPU_role_rule_matched,unresolved,9,False,rdkit_validated,canonical_unique,BSD-3-Clause,reaction_rule_generated,candidate_structure,Gold-V,admitted_reference,0.0,,smipoly-rdkit-role-v1,2026.03.4
chemical_d3118d58935394e1,ds_smipoly_monomers,CID629349,csv:row=850;comID=CID629349,4-[4-amino-2-(trifluoromethyl)phenyl]-3-(trifluoromethyl)aniline,C1=CC(=C(C=C1N)C(F)(F)F)C2=C(C=C(C=C2)N)C(F)(F)F,Nc1ccc(-c2ccc(N)cc2C(F)(F)F)c(C(F)(F)F)c1,NVKGJHAQGWCWDI-UHFFFAOYSA-N,C14H10F6N2,C14H10F6N2,320.23,320.236,320.074818,0,22,0,0,2,0,0,0,0,diamine_chain_extender_candidate,rule_medium,amine_group_count>=2,tpuu_or_nipu_building_block,1,True,rdkit_validated,canonical_unique,BSD-3-Clause,reaction_rule_generated,candidate_structure,Gold-V,admitted_reference,0.0,,smipoly-rdkit-role-v1,2026.03.4
chemical_d35124bb13a8f704,ds_smipoly_monomers,CID15903,csv:row=270;comID=CID15903,2-[2-(oxiran-2-yl)ethyl]oxirane,C1C(O1)CCC2CO2,C(CC1CO1)C1CO1,HTJFSXYVAKSPNF-UHFFFAOYSA-N,C6H10O2,C6H10O2,114.14,114.144,114.06808,0,8,0,0,0,0,0,0,2,epoxy_polyol_precursor,rule_medium,epoxide_group_count>=1,polyol_synthesis_precursor,2,True,rdkit_validated,canonical_unique,BSD-3-Clause,reaction_rule_generated,candidate_structure,Gold-V,admitted_reference,0.0,,smipoly-rdkit-role-v1,2026.03.4
chemical_d36b6125735fa82e,ds_smipoly_monomers,CID75682,csv:row=533;comID=CID75682,"5-[(1,3-dioxo-2-benzofuran-5-yl)sulfonyl]-2-benzofuran-1,3-dione",C1=CC2=C(C=C1S(=O)(=O)C3=CC4=C(C=C3)C(=O)OC4=O)C(=O)OC2=O,O=C1OC(=O)c2cc(S(=O)(=O)c3ccc4c(c3)C(=O)OC4=O)ccc21,ZHBXLZQQVCDGPA-UHFFFAOYSA-N,C16H6O8S,C16H6O8S,358.3,358.283,357.978338,0,25,0,0,0,0,0,0,0,unclassified,none,no_supported_TPU_role_rule_matched,unresolved,9,False,rdkit_validated,canonical_unique,BSD-3-Clause,reaction_rule_generated,candidate_structure,Gold-V,admitted_reference,0.0,,smipoly-rdkit-role-v1,2026.03.4
chemical_d38efc3dffb92aba,ds_smipoly_monomers,CID18691683,csv:row=1041;comID=CID18691683,"1,2,3,4,4a,5,6,7,8,8a-decahydronaphthalene-1,4-dicarboxylic acid",C1CCC2C(C1)C(CCC2C(=O)O)C(=O)O,O=C(O)C1CCC(C(=O)O)C2CCCCC12,FEMXBCRRAJLQAS-UHFFFAOYSA-N,C12H18O4,C12H18O4,226.27,226.272,226.120509,0,16,0,0,0,0,2,0,0,polyester_polyol_precursor,rule_medium,carboxylic_acid_group_count>=2,polyol_synthesis_precursor,2,True,rdkit_validated,canonical_unique,BSD-3-Clause,reaction_rule_generated,candidate_structure,Gold-V,admitted_reference,0.0,,smipoly-rdkit-role-v1,2026.03.4
chemical_d3c34d28fccaf73b,ds_smipoly_monomers,CID70613,csv:row=485;comID=CID70613,4-prop-2-enoyloxybutyl prop-2-enoate,C=CC(=O)OCCCCOC(=O)C=C,C=CC(=O)OCCCCOC(=O)C=C,JHWGFJBTMHEZME-UHFFFAOYSA-N,C10H14O4,C10H14O4,198.22,198.218,198.089209,0,14,0,0,0,0,0,0,0,unclassified,none,no_supported_TPU_role_rule_matched,unresolved,9,False,rdkit_validated,canonical_unique,BSD-3-Clause,reaction_rule_generated,candidate_structure,Gold-V,admitted_reference,0.0,,smipoly-rdkit-role-v1,2026.03.4
chemical_d409cea0520459b6,ds_smipoly_monomers,CID7636,csv:row=93;comID=CID7636,2-ethylhexyl prop-2-enoate,CCCCC(CC)COC(=O)C=C,C=CC(=O)OCC(CC)CCCC,GOXQRTZXKQZDDN-UHFFFAOYSA-N,C11H20O2,C11H20O2,184.27,184.279,184.14633,0,13,0,0,0,0,0,0,0,unclassified,none,no_supported_TPU_role_rule_matched,unresolved,9,False,rdkit_validated,canonical_unique,BSD-3-Clause,reaction_rule_generated,candidate_structure,Gold-V,admitted_reference,0.0,,smipoly-rdkit-role-v1,2026.03.4
chemical_d450e3badc2b55ae,ds_smipoly_monomers,CID76739,csv:row=556;comID=CID76739,[4-[2-[4-(2-methylprop-2-enoyloxy)phenyl]propan-2-yl]phenyl] 2-methylprop-2-enoate,CC(=C)C(=O)OC1=CC=C(C=C1)C(C)(C)C2=CC=C(C=C2)OC(=O)C(=C)C,C=C(C)C(=O)Oc1ccc(C(C)(C)c2ccc(OC(=O)C(=C)C)cc2)cc1,QUZSUMLPWDHKCJ-UHFFFAOYSA-N,C23H24O4,C23H24O4,364.4,364.441,364.167459,0,27,0,0,0,0,0,0,0,unclassified,none,no_supported_TPU_role_rule_matched,unresolved,9,False,rdkit_validated,canonical_unique,BSD-3-Clause,reaction_rule_generated,candidate_structure,Gold-V,admitted_reference,0.0,,smipoly-rdkit-role-v1,2026.03.4
chemical_d45ba339eab41fb2,ds_smipoly_monomers,CID76206,csv:row=543;comID=CID76206,prop-2-enyl 2-chloroacetate,C=CCOC(=O)CCl,C=CCOC(=O)CCl,VMBJJCDVORDOCF-UHFFFAOYSA-N,C5H7ClO2,C5H7ClO2,134.56,134.562,134.013457,0,8,0,0,0,0,0,0,0,unclassified,none,no_supported_TPU_role_rule_matched,unresolved,9,False,rdkit_validated,canonical_unique,BSD-3-Clause,reaction_rule_generated,candidate_structure,Gold-V,admitted_reference,0.0,,smipoly-rdkit-role-v1,2026.03.4
chemical_d4fbd83a51c1ffed,ds_smipoly_monomers,CID22140377,csv:row=1053;comID=CID22140377,2-amino-4-[9-(3-amino-4-hydroxyphenyl)fluoren-9-yl]phenol,C1=CC=C2C(=C1)C3=CC=CC=C3C2(C4=CC(=C(C=C4)O)N)C5=CC(=C(C=C5)O)N,Nc1cc(C2(c3ccc(O)c(N)c3)c3ccccc3-c3ccccc32)ccc1O,NLGOBIIKXFNGQR-UHFFFAOYSA-N,C25H20N2O2,C25H20N2O2,380.4,380.447,380.152478,0,29,0,2,2,0,0,0,0,macrodiol_polyol_candidate,rule_medium,hydroxyl_group_count=2 and RDKit_MolWt>250,direct_tpu_building_block,1,True,rdkit_validated,canonical_unique,BSD-3-Clause,reaction_rule_generated,candidate_structure,Gold-V,admitted_reference,0.0,,smipoly-rdkit-role-v1,2026.03.4
chemical_d5349a9525564060,ds_smipoly_monomers,CID12097425,csv:row=1007;comID=CID12097425,(2-propan-2-yl-2-adamantyl) 2-methylprop-2-enoate,CC(C)C1(C2CC3CC(C2)CC1C3)OC(=O)C(=C)C,C=C(C)C(=O)OC1(C(C)C)C2CC3CC(C2)CC1C3,ZMAOPHHNBQIJOQ-UHFFFAOYSA-N,C17H26O2,C17H26O2,262.4,262.393,262.19328,0,19,0,0,0,0,0,0,0,unclassified,none,no_supported_TPU_role_rule_matched,unresolved,9,False,rdkit_validated,canonical_unique,BSD-3-Clause,reaction_rule_generated,candidate_structure,Gold-V,admitted_reference,0.0,,smipoly-rdkit-role-v1,2026.03.4
chemical_d554b33245e65799,ds_smipoly_monomers,CID5020710,csv:row=936;comID=CID5020710,4-(oxiran-2-ylmethoxy)-9H-carbazole,C1C(O1)COC2=CC=CC3=C2C4=CC=CC=C4N3,c1ccc2c(c1)[nH]c1cccc(OCC3CO3)c12,SVWKIGRDISDRLO-UHFFFAOYSA-N,C15H13NO2,C15H13NO2,239.27,239.274,239.094629,0,18,0,0,0,0,0,0,1,epoxy_polyol_precursor,rule_medium,epoxide_group_count>=1,polyol_synthesis_precursor,2,True,rdkit_validated,canonical_unique,BSD-3-Clause,reaction_rule_generated,candidate_structure,Gold-V,admitted_reference,0.0,,smipoly-rdkit-role-v1,2026.03.4
chemical_d5b1e0b189c953ea,ds_smipoly_monomers,CID76559,csv:row=551;comID=CID76559,"1H-pyrazole-3,5-dicarboxylic acid",C1=C(NN=C1C(=O)O)C(=O)O,O=C(O)c1cc(C(=O)O)[nH]n1,YDMVPJZBYSWOOP-UHFFFAOYSA-N,C5H4N2O4,C5H4N2O4,156.1,156.097,156.017107,0,11,0,0,0,0,2,0,0,polyester_polyol_precursor,rule_medium,carboxylic_acid_group_count>=2,polyol_synthesis_precursor,2,True,rdkit_validated,canonical_unique,BSD-3-Clause,reaction_rule_generated,candidate_structure,Gold-V,admitted_reference,0.0,,smipoly-rdkit-role-v1,2026.03.4
chemical_d5b791048d2df00d,ds_smipoly_monomers,CID119747,csv:row=726;comID=CID119747,"3,3,4,4,5,5,6,6,7,7,8,8,9,9,10,10,10-heptadecafluorodecyl prop-2-enoate",C=CC(=O)OCCC(C(C(C(C(C(C(C(F)(F)F)(F)F)(F)F)(F)F)(F)F)(F)F)(F)F)(F)F,C=CC(=O)OCCC(F)(F)C(F)(F)C(F)(F)C(F)(F)C(F)(F)C(F)(F)C(F)(F)C(F)(F)F,QUKRIOLKOHUUBM-UHFFFAOYSA-N,C13H7F17O2,C13H7F17O2,518.17,518.163,518.017459,0,32,0,0,0,0,0,0,0,unclassified,none,no_supported_TPU_role_rule_matched,unresolved,9,False,rdkit_validated,canonical_unique,BSD-3-Clause,reaction_rule_generated,candidate_structure,Gold-V,admitted_reference,0.0,,smipoly-rdkit-role-v1,2026.03.4
chemical_d5e79d3c57fb6335,ds_smipoly_monomers,CID7838,csv:row=108;comID=CID7838,2-(prop-2-enoxymethyl)oxirane,C=CCOCC1CO1,C=CCOCC1CO1,LSWYGACWGAICNM-UHFFFAOYSA-N,C6H10O2,C6H10O2,114.14,114.144,114.06808,0,8,0,0,0,0,0,0,1,epoxy_polyol_precursor,rule_medium,epoxide_group_count>=1,polyol_synthesis_precursor,2,True,rdkit_validated,canonical_unique,BSD-3-Clause,reaction_rule_generated,candidate_structure,Gold-V,admitted_reference,0.0,,smipoly-rdkit-role-v1,2026.03.4
chemical_d6056a1cdeb3e879,ds_smipoly_monomers,CID10365,csv:row=173;comID=CID10365,"pyridine-2,4-dicarboxylic acid",C1=CN=C(C=C1C(=O)O)C(=O)O,O=C(O)c1ccnc(C(=O)O)c1,MJIVRKPEXXHNJT-UHFFFAOYSA-N,C7H5NO4,C7H5NO4,167.12,167.12,167.021858,0,12,0,0,0,0,2,0,0,polyester_polyol_precursor,rule_medium,carboxylic_acid_group_count>=2,polyol_synthesis_precursor,2,True,rdkit_validated,canonical_unique,BSD-3-Clause,reaction_rule_generated,candidate_structure,Gold-V,admitted_reference,0.0,,smipoly-rdkit-role-v1,2026.03.4
chemical_d607d52c292a798a,ds_smipoly_monomers,CID89744,csv:row=661;comID=CID89744,"6-[2-[3-[2-(4,6-diamino-1,3,5-triazin-2-yl)ethyl]-2,4,8,10-tetraoxaspiro[5.5]undecan-9-yl]ethyl]-1,3,5-triazine-2,4-diamine",C1C2(COC(O1)CCC3=NC(=NC(=N3)N)N)COC(OC2)CCC4=NC(=NC(=N4)N)N,Nc1nc(N)nc(CCC2OCC3(CO2)COC(CCc2nc(N)nc(N)n2)OC3)n1,DUZLHGMYNVZMCO-UHFFFAOYSA-N,C17H26N10O4,C17H26N10O4,434.5,434.461,434.213849,0,31,0,0,4,0,0,0,0,diamine_chain_extender_candidate,rule_medium,amine_group_count>=2,tpuu_or_nipu_building_block,1,True,rdkit_validated,canonical_unique,BSD-3-Clause,reaction_rule_generated,candidate_structure,Gold-V,admitted_reference,0.0,,smipoly-rdkit-role-v1,2026.03.4
chemical_d61ebb8e450a0fcf,ds_smipoly_monomers,CID111009,csv:row=719;comID=CID111009,"3-prop-2-enyloxolane-2,5-dione",C=CCC1CC(=O)OC1=O,C=CCC1CC(=O)OC1=O,WUMMIJWEUDHZCL-UHFFFAOYSA-N,C7H8O3,C7H8O3,140.14,140.138,140.047344,0,10,0,0,0,0,0,0,0,unclassified,none,no_supported_TPU_role_rule_matched,unresolved,9,False,rdkit_validated,canonical_unique,BSD-3-Clause,reaction_rule_generated,candidate_structure,Gold-V,admitted_reference,0.0,,smipoly-rdkit-role-v1,2026.03.4
chemical_d61f9c0d7ff6e467,ds_smipoly_monomers,CID8285,csv:row=138;comID=CID8285,"2,2-bis(hydroxymethyl)propane-1,3-diol",C(C(CO)(CO)CO)O,OCC(CO)(CO)CO,WXZMFSXDPGVJKK-UHFFFAOYSA-N,C5H12O4,C5H12O4,136.15,136.147,136.073559,0,9,0,4,0,0,0,0,0,polyol_crosslinker_candidate,rule_high,hydroxyl_group_count>=3,direct_tpu_building_block,1,True,rdkit_validated,canonical_unique,BSD-3-Clause,reaction_rule_generated,candidate_structure,Gold-V,admitted_reference,0.0,,smipoly-rdkit-role-v1,2026.03.4
chemical_d637f7a37f6ef32e,ds_smipoly_monomers,CID15041698,csv:row=1028;comID=CID15041698,"5-[9-(1,3-dioxo-2-benzofuran-5-yl)fluoren-9-yl]-2-benzofuran-1,3-dione",C1=CC=C2C(=C1)C3=CC=CC=C3C2(C4=CC5=C(C=C4)C(=O)OC5=O)C6=CC7=C(C=C6)C(=O)OC7=O,O=C1OC(=O)c2cc(C3(c4ccc5c(c4)C(=O)OC5=O)c4ccccc4-c4ccccc43)ccc21,FMACFWAQBPYRFO-UHFFFAOYSA-N,C29H14O6,C29H14O6,458.4,458.425,458.079038,0,35,0,0,0,0,0,0,0,unclassified,none,no_supported_TPU_role_rule_matched,unresolved,9,False,rdkit_validated,canonical_unique,BSD-3-Clause,reaction_rule_generated,candidate_structure,Gold-V,admitted_reference,0.0,,smipoly-rdkit-role-v1,2026.03.4
chemical_d6cdcab17b905d37,ds_smipoly_monomers,CID10154267,csv:row=963;comID=CID10154267,"benzene-1,3,5-trithiol",C1=C(C=C(C=C1S)S)S,Sc1cc(S)cc(S)c1,KXCKKUIJCYNZAE-UHFFFAOYSA-N,C6H6S3,C6H6S3,174.3,174.315,173.963163,0,9,0,0,0,3,0,0,0,polythiol_adjacent_candidate,rule_medium,thiol_group_count>=2,adjacent_reactive_building_block,3,True,rdkit_validated,canonical_unique,BSD-3-Clause,reaction_rule_generated,candidate_structure,Gold-V,admitted_reference,0.0,,smipoly-rdkit-role-v1,2026.03.4
chemical_d7317cf4164a20ae,ds_smipoly_monomers,CID9398,csv:row=165;comID=CID9398,1-fluoro-4-(4-fluoro-3-nitrophenyl)sulfonyl-2-nitrobenzene,C1=CC(=C(C=C1S(=O)(=O)C2=CC(=C(C=C2)F)[N+](=O)[O-])[N+](=O)[O-])F,O=[N+]([O-])c1cc(S(=O)(=O)c2ccc(F)c([N+](=O)[O-])c2)ccc1F,KHAWDEWNXJIVCJ-UHFFFAOYSA-N,C12H6F2N2O6S,C12H6F2N2O6S,344.25,344.251,343.991463,0,23,0,0,0,0,0,0,0,unclassified,none,no_supported_TPU_role_rule_matched,unresolved,9,False,rdkit_validated,canonical_unique,BSD-3-Clause,reaction_rule_generated,candidate_structure,Gold-V,admitted_reference,0.0,,smipoly-rdkit-role-v1,2026.03.4
chemical_d73a04317e242958,ds_smipoly_monomers,CID75386,csv:row=525;comID=CID75386,4-[1-(4-hydroxy-3-methylphenyl)cyclohexyl]-2-methylphenol,CC1=C(C=CC(=C1)C2(CCCCC2)C3=CC(=C(C=C3)O)C)O,Cc1cc(C2(c3ccc(O)c(C)c3)CCCCC2)ccc1O,SVOBELCYOCEECO-UHFFFAOYSA-N,C20H24O2,C20H24O2,296.4,296.41,296.17763,0,22,0,2,0,0,0,0,0,macrodiol_polyol_candidate,rule_medium,hydroxyl_group_count=2 and RDKit_MolWt>250,direct_tpu_building_block,1,True,rdkit_validated,canonical_unique,BSD-3-Clause,reaction_rule_generated,candidate_structure,Gold-V,admitted_reference,0.0,,smipoly-rdkit-role-v1,2026.03.4
chemical_d77e859c6968048b,ds_smipoly_monomers,CID69549,csv:row=466;comID=CID69549,"2,3,5,6-tetrafluoroterephthalic acid",C1(=C(C(=C(C(=C1F)F)C(=O)O)F)F)C(=O)O,O=C(O)c1c(F)c(F)c(C(=O)O)c(F)c1F,WFNRNCNCXRGUKN-UHFFFAOYSA-N,C8H2F4O4,C8H2F4O4,238.09,238.092,237.988921,0,16,0,0,0,0,2,0,0,polyester_polyol_precursor,rule_medium,carboxylic_acid_group_count>=2,polyol_synthesis_precursor,2,True,rdkit_validated,canonical_unique,BSD-3-Clause,reaction_rule_generated,candidate_structure,Gold-V,admitted_reference,0.0,,smipoly-rdkit-role-v1,2026.03.4
chemical_d7eb1ff1fcb0aab6,ds_smipoly_monomers,CID77507,csv:row=571;comID=CID77507,"2,4,6-tris(ethenyl)-2,4,6-trimethyl-1,3,5,2,4,6-trioxatrisilinane",C[Si]1(O[Si](O[Si](O1)(C)C=C)(C)C=C)C=C,C=C[Si]1(C)O[Si](C)(C=C)O[Si](C)(C=C)O1,BVTLTBONLZSBJC-UHFFFAOYSA-N,C9H18O3Si3,C9H18O3Si3,258.49,258.498,258.056374,0,15,0,0,0,0,0,0,0,unclassified,none,no_supported_TPU_role_rule_matched,unresolved,9,False,rdkit_validated,canonical_unique,BSD-3-Clause,reaction_rule_generated,candidate_structure,Gold-V,admitted_reference,0.0,,smipoly-rdkit-role-v1,2026.03.4
chemical_d85c6971a6f92850,ds_smipoly_monomers,CID79863,csv:row=591;comID=CID79863,methanedisulfonyl chloride,C(S(=O)(=O)Cl)S(=O)(=O)Cl,O=S(=O)(Cl)CS(=O)(=O)Cl,DKZQZHQHDMVGHE-UHFFFAOYSA-N,CH2Cl2O4S2,CH2Cl2O4S2,213.1,213.063,211.877156,0,9,0,0,0,0,0,0,0,unclassified,none,no_supported_TPU_role_rule_matched,unresolved,9,False,rdkit_validated,canonical_unique,BSD-3-Clause,reaction_rule_generated,candidate_structure,Gold-V,admitted_reference,0.0,,smipoly-rdkit-role-v1,2026.03.4
chemical_d8a8e18c918428dd,ds_smipoly_monomers,CID41206,csv:row=386;comID=CID41206,"4-(4-amino-3,5-dimethylphenyl)-2,6-dimethylaniline",CC1=CC(=CC(=C1N)C)C2=CC(=C(C(=C2)C)N)C,Cc1cc(-c2cc(C)c(N)c(C)c2)cc(C)c1N,UAIUNKRWKOVEES-UHFFFAOYSA-N,C16H20N2,C16H20N2,240.34,240.35,240.162649,0,18,0,0,2,0,0,0,0,diamine_chain_extender_candidate,rule_medium,amine_group_count>=2,tpuu_or_nipu_building_block,1,True,rdkit_validated,canonical_unique,BSD-3-Clause,reaction_rule_generated,candidate_structure,Gold-V,admitted_reference,0.0,,smipoly-rdkit-role-v1,2026.03.4
chemical_d8c8f6870309b2d3,ds_smipoly_monomers,CID87329,csv:row=647;comID=CID87329,4-ethenoxybutan-1-ol,C=COCCCCO,C=COCCCCO,HMBNQNDUEFFFNZ-UHFFFAOYSA-N,C6H12O2,C6H12O2,116.16,116.16,116.08373,0,8,0,1,0,0,0,0,0,monool_model_compound,rule_medium,hydroxyl_group_count=1,adjacent_model_compound,3,True,rdkit_validated,canonical_unique,BSD-3-Clause,reaction_rule_generated,candidate_structure,Gold-V,admitted_reference,0.0,,smipoly-rdkit-role-v1,2026.03.4
chemical_d8f5089e2d1e50d1,ds_smipoly_monomers,CID20807398,csv:row=1046;comID=CID20807398,[3-methyl-4-[4-(3-prop-2-enoyloxypropoxy)benzoyl]oxyphenyl] 4-(3-prop-2-enoyloxypropoxy)benzoate,CC1=C(C=CC(=C1)OC(=O)C2=CC=C(C=C2)OCCCOC(=O)C=C)OC(=O)C3=CC=C(C=C3)OCCCOC(=O)C=C,C=CC(=O)OCCCOc1ccc(C(=O)Oc2ccc(OC(=O)c3ccc(OCCCOC(=O)C=C)cc3)c(C)c2)cc1,ISSYGWIDLYOJEN-UHFFFAOYSA-N,C33H32O10,C33H32O10,588.6,588.609,588.199547,0,43,0,0,0,0,0,0,0,unclassified,none,no_supported_TPU_role_rule_matched,unresolved,9,False,rdkit_validated,canonical_unique,BSD-3-Clause,reaction_rule_generated,candidate_structure,Gold-V,admitted_reference,0.0,,smipoly-rdkit-role-v1,2026.03.4
chemical_d92676b7abff34c4,ds_smipoly_monomers,CID7577,csv:row=89;comID=CID7577,4-[(4-aminophenyl)methyl]aniline,C1=CC(=CC=C1CC2=CC=C(C=C2)N)N,Nc1ccc(Cc2ccc(N)cc2)cc1,YBRVSVVVWCFQMG-UHFFFAOYSA-N,C13H14N2,C13H14N2,198.26,198.269,198.115698,0,15,0,0,2,0,0,0,0,diamine_chain_extender_candidate,rule_medium,amine_group_count>=2,tpuu_or_nipu_building_block,1,True,rdkit_validated,canonical_unique,BSD-3-Clause,reaction_rule_generated,candidate_structure,Gold-V,admitted_reference,0.0,,smipoly-rdkit-role-v1,2026.03.4
chemical_d977f82e5470f452,ds_smipoly_monomers,CID246432,csv:row=786;comID=CID246432,"benzene-1,2-disulfonyl chloride",C1=CC=C(C(=C1)S(=O)(=O)Cl)S(=O)(=O)Cl,O=S(=O)(Cl)c1ccccc1S(=O)(=O)Cl,YBGQXNZTVFEKEN-UHFFFAOYSA-N,C6H4Cl2O4S2,C6H4Cl2O4S2,275.1,275.134,273.892806,0,14,0,0,0,0,0,0,0,unclassified,none,no_supported_TPU_role_rule_matched,unresolved,9,False,rdkit_validated,canonical_unique,BSD-3-Clause,reaction_rule_generated,candidate_structure,Gold-V,admitted_reference,0.0,,smipoly-rdkit-role-v1,2026.03.4
chemical_d989299bc60a2246,ds_smipoly_monomers,CID18052,csv:row=319;comID=CID18052,prop-2-enyl carbonochloridate,C=CCOC(=O)Cl,C=CCOC(=O)Cl,CAEWJEXPFKNBQL-UHFFFAOYSA-N,C4H5ClO2,C4H5ClO2,120.53,120.535,119.997807,0,7,0,0,0,0,0,0,0,unclassified,none,no_supported_TPU_role_rule_matched,unresolved,9,False,rdkit_validated,canonical_unique,BSD-3-Clause,reaction_rule_generated,candidate_structure,Gold-V,admitted_reference,0.0,,smipoly-rdkit-role-v1,2026.03.4
chemical_d9aec4ab3fb1f393,ds_smipoly_monomers,CID84940,csv:row=634;comID=CID84940,ethenyl 4-tert-butylbenzoate,CC(C)(C)C1=CC=C(C=C1)C(=O)OC=C,C=COC(=O)c1ccc(C(C)(C)C)cc1,ZLHVSEPPILCZHH-UHFFFAOYSA-N,C13H16O2,C13H16O2,204.26,204.269,204.11503,0,15,0,0,0,0,0,0,0,unclassified,none,no_supported_TPU_role_rule_matched,unresolved,9,False,rdkit_validated,canonical_unique,BSD-3-Clause,reaction_rule_generated,candidate_structure,Gold-V,admitted_reference,0.0,,smipoly-rdkit-role-v1,2026.03.4
chemical_d9b43132075dff54,ds_smipoly_monomers,CID17163,csv:row=294;comID=CID17163,2-(dodecoxymethyl)oxirane,CCCCCCCCCCCCOCC1CO1,CCCCCCCCCCCCOCC1CO1,VMSIYTPWZLSMOH-UHFFFAOYSA-N,C15H30O2,C15H30O2,242.4,242.403,242.22458,0,17,0,0,0,0,0,0,1,epoxy_polyol_precursor,rule_medium,epoxide_group_count>=1,polyol_synthesis_precursor,2,True,rdkit_validated,canonical_unique,BSD-3-Clause,reaction_rule_generated,candidate_structure,Gold-V,admitted_reference,0.0,,smipoly-rdkit-role-v1,2026.03.4
chemical_d9bdc86d68aa37be,ds_smipoly_monomers,CID256591,csv:row=789;comID=CID256591,"ethenyl 2,2-dimethylpropanoate",CC(C)(C)C(=O)OC=C,C=COC(=O)C(C)(C)C,YCUBDDIKWLELPD-UHFFFAOYSA-N,C7H12O2,C7H12O2,128.17,128.171,128.08373,0,9,0,0,0,0,0,0,0,unclassified,none,no_supported_TPU_role_rule_matched,unresolved,9,False,rdkit_validated,canonical_unique,BSD-3-Clause,reaction_rule_generated,candidate_structure,Gold-V,admitted_reference,0.0,,smipoly-rdkit-role-v1,2026.03.4
chemical_da11d622b8264727,ds_smipoly_monomers,CID102662,csv:row=704;comID=CID102662,"1,1,1,2,3,3-hexafluoro-2-(1,1,2,2,3,3,3-heptafluoropropoxy)-3-(1,2,2-trifluoroethenoxy)propane",C(=C(F)F)(OC(C(C(F)(F)F)(OC(C(C(F)(F)F)(F)F)(F)F)F)(F)F)F,FC(F)=C(F)OC(F)(F)C(F)(OC(F)(F)C(F)(F)C(F)(F)F)C(F)(F)F,RJBJXVAPYONTFE-UHFFFAOYSA-N,C8F16O2,C8F16O2,432.06,432.054,431.964281,0,26,0,0,0,0,0,0,0,unclassified,none,no_supported_TPU_role_rule_matched,unresolved,9,False,rdkit_validated,canonical_unique,BSD-3-Clause,reaction_rule_generated,candidate_structure,Gold-V,admitted_reference,0.0,,smipoly-rdkit-role-v1,2026.03.4
chemical_da13fface50b5686,ds_smipoly_monomers,CID74435,csv:row=505;comID=CID74435,"1,2,3,4,5-pentafluoro-6-prop-2-enylbenzene",C=CCC1=C(C(=C(C(=C1F)F)F)F)F,C=CCc1c(F)c(F)c(F)c(F)c1F,YBDBTBVNQQBHGJ-UHFFFAOYSA-N,C9H5F5,C9H5F5,208.13,208.129,208.031141,0,14,0,0,0,0,0,0,0,unclassified,none,no_supported_TPU_role_rule_matched,unresolved,9,False,rdkit_validated,canonical_unique,BSD-3-Clause,reaction_rule_generated,candidate_structure,Gold-V,admitted_reference,0.0,,smipoly-rdkit-role-v1,2026.03.4
chemical_dabcdcce4540672c,ds_smipoly_monomers,CID87328,csv:row=646;comID=CID87328,"tris(prop-2-enyl) benzene-1,3,5-tricarboxylate",C=CCOC(=O)C1=CC(=CC(=C1)C(=O)OCC=C)C(=O)OCC=C,C=CCOC(=O)c1cc(C(=O)OCC=C)cc(C(=O)OCC=C)c1,VOSUIKFOFHZNED-UHFFFAOYSA-N,C18H18O6,C18H18O6,330.3,330.336,330.110338,0,24,0,0,0,0,0,0,0,unclassified,none,no_supported_TPU_role_rule_matched,unresolved,9,False,rdkit_validated,canonical_unique,BSD-3-Clause,reaction_rule_generated,candidate_structure,Gold-V,admitted_reference,0.0,,smipoly-rdkit-role-v1,2026.03.4
chemical_db627faf86847261,ds_smipoly_monomers,CID87721,csv:row=650;comID=CID87721,"4-bromo-3,3,4,4-tetrafluorobut-1-ene",C=CC(C(F)(F)Br)(F)F,C=CC(F)(F)C(F)(F)Br,GVCWGFZDSIWLMO-UHFFFAOYSA-N,C4H3BrF4,C4H3BrF4,206.96,206.964,205.935425,0,9,0,0,0,0,0,0,0,unclassified,none,no_supported_TPU_role_rule_matched,unresolved,9,False,rdkit_validated,canonical_unique,BSD-3-Clause,reaction_rule_generated,candidate_structure,Gold-V,admitted_reference,0.0,,smipoly-rdkit-role-v1,2026.03.4
chemical_db649135056f4b5b,ds_smipoly_monomers,CID639970,csv:row=863;comID=CID639970,"[(1R,2R,4R)-1,7,7-trimethyl-2-bicyclo[2.2.1]heptanyl] prop-2-enoate",CC1(C2CCC1(C(C2)OC(=O)C=C)C)C,C=CC(=O)OC1CC2CCC1(C)C2(C)C,PSGCQDPCAWOCSH-UHFFFAOYSA-N,C13H20O2,C13H20O2,208.3,208.301,208.14633,0,15,0,0,0,0,0,0,0,unclassified,none,no_supported_TPU_role_rule_matched,unresolved,9,False,rdkit_validated,canonical_unique,BSD-3-Clause,reaction_rule_generated,candidate_structure,Gold-V,admitted_reference,0.0,,smipoly-rdkit-role-v1,2026.03.4
chemical_dc17900f376cdf3f,ds_smipoly_monomers,CID632603,csv:row=856;comID=CID632603,"2-amino-4-[2-(3-amino-4-hydroxyphenyl)-1,1,1,3,3,3-hexafluoropropan-2-yl]phenol",C1=CC(=C(C=C1C(C2=CC(=C(C=C2)O)N)(C(F)(F)F)C(F)(F)F)N)O,Nc1cc(C(c2ccc(O)c(N)c2)(C(F)(F)F)C(F)(F)F)ccc1O,MSTZGVRUOMBULC-UHFFFAOYSA-N,C15H12F6N2O2,C15H12F6N2O2,366.26,366.261,366.080297,0,25,0,2,2,0,0,0,0,macrodiol_polyol_candidate,rule_medium,hydroxyl_group_count=2 and RDKit_MolWt>250,direct_tpu_building_block,1,True,rdkit_validated,canonical_unique,BSD-3-Clause,reaction_rule_generated,candidate_structure,Gold-V,admitted_reference,0.0,,smipoly-rdkit-role-v1,2026.03.4
chemical_dc2656433bf16528,ds_smipoly_monomers,CID12359775,csv:row=1009;comID=CID12359775,2-[4-[2-[4-(carboxymethoxy)phenyl]propan-2-yl]phenoxy]acetic acid,CC(C)(C1=CC=C(C=C1)OCC(=O)O)C2=CC=C(C=C2)OCC(=O)O,CC(C)(c1ccc(OCC(=O)O)cc1)c1ccc(OCC(=O)O)cc1,ZYGPJSLWIIMUMO-UHFFFAOYSA-N,C19H20O6,C19H20O6,344.4,344.363,344.125988,0,25,0,0,0,0,2,0,0,polyester_polyol_precursor,rule_medium,carboxylic_acid_group_count>=2,polyol_synthesis_precursor,2,True,rdkit_validated,canonical_unique,BSD-3-Clause,reaction_rule_generated,candidate_structure,Gold-V,admitted_reference,0.0,,smipoly-rdkit-role-v1,2026.03.4
chemical_dc2b6fbe63e0f943,ds_smipoly_monomers,CID513917,csv:row=807;comID=CID513917,"4-[2-(2,6-dioxomorpholin-4-yl)ethyl]morpholine-2,6-dione",C1C(=O)OC(=O)CN1CCN2CC(=O)OC(=O)C2,O=C1CN(CCN2CC(=O)OC(=O)C2)CC(=O)O1,POLIXZIAIMAECK-UHFFFAOYSA-N,C10H12N2O6,C10H12N2O6,256.21,256.214,256.069536,0,18,0,0,0,0,0,0,0,unclassified,none,no_supported_TPU_role_rule_matched,unresolved,9,False,rdkit_validated,canonical_unique,BSD-3-Clause,reaction_rule_generated,candidate_structure,Gold-V,admitted_reference,0.0,,smipoly-rdkit-role-v1,2026.03.4
chemical_dc738b829f9627ec,ds_smipoly_monomers,CID104566,csv:row=709;comID=CID104566,"2-[2,6-dibromo-4-[3,5-dibromo-4-(2-hydroxyethoxy)phenyl]sulfonylphenoxy]ethanol",C1=C(C=C(C(=C1Br)OCCO)Br)S(=O)(=O)C2=CC(=C(C(=C2)Br)OCCO)Br,O=S(=O)(c1cc(Br)c(OCCO)c(Br)c1)c1cc(Br)c(OCCO)c(Br)c1,OFBQIWFJRDGFEK-UHFFFAOYSA-N,C16H14Br4O6S,C16H14Br4O6S,654.0,653.965,649.724458,0,27,0,2,0,0,0,0,0,macrodiol_polyol_candidate,rule_medium,hydroxyl_group_count=2 and RDKit_MolWt>250,direct_tpu_building_block,1,True,rdkit_validated,canonical_unique,BSD-3-Clause,reaction_rule_generated,candidate_structure,Gold-V,admitted_reference,0.0,,smipoly-rdkit-role-v1,2026.03.4
chemical_dc76684ac3ccf2c2,ds_smipoly_monomers,CID93552,csv:row=673;comID=CID93552,"naphthalene-2,6-diol",C1=CC2=C(C=CC(=C2)O)C=C1O,Oc1ccc2cc(O)ccc2c1,MNZMMCVIXORAQL-UHFFFAOYSA-N,C10H8O2,C10H8O2,160.17,160.172,160.052429,0,12,0,2,0,0,0,0,0,diol_chain_extender_candidate,rule_medium,hydroxyl_group_count=2 and RDKit_MolWt<=250,direct_tpu_building_block,1,True,rdkit_validated,canonical_unique,BSD-3-Clause,reaction_rule_generated,candidate_structure,Gold-V,admitted_reference,0.0,,smipoly-rdkit-role-v1,2026.03.4
chemical_dd0c74c86b22d4f5,ds_smipoly_monomers,CID11443,csv:row=196;comID=CID11443,"2,4-diisocyanato-1-methylbenzene",CC1=C(C=C(C=C1)N=C=O)N=C=O,Cc1ccc(N=C=O)cc1N=C=O,DVKJHBMWWAPEIU-UHFFFAOYSA-N,C9H6N2O2,C9H6N2O2,174.16,174.159,174.042927,0,13,2,0,0,0,0,0,0,di_polyisocyanate_candidate,rule_high,isocyanate_group_count>=2,direct_tpu_building_block,1,True,rdkit_validated,canonical_unique,BSD-3-Clause,reaction_rule_generated,candidate_structure,Gold-V,admitted_reference,0.0,,smipoly-rdkit-role-v1,2026.03.4
chemical_dd2ebb8c8aeed446,ds_smipoly_monomers,CID68463,csv:row=457;comID=CID68463,"naphthalene-1,6-diol",C1=CC2=C(C=CC(=C2)O)C(=C1)O,Oc1ccc2c(O)cccc2c1,FZZQNEVOYIYFPF-UHFFFAOYSA-N,C10H8O2,C10H8O2,160.17,160.172,160.052429,0,12,0,2,0,0,0,0,0,diol_chain_extender_candidate,rule_medium,hydroxyl_group_count=2 and RDKit_MolWt<=250,direct_tpu_building_block,1,True,rdkit_validated,canonical_unique,BSD-3-Clause,reaction_rule_generated,candidate_structure,Gold-V,admitted_reference,0.0,,smipoly-rdkit-role-v1,2026.03.4
chemical_dd59e3a85bd570b3,ds_smipoly_monomers,CID77452,csv:row=569;comID=CID77452,N-[3-(dimethylamino)propyl]prop-2-enamide,CN(C)CCCNC(=O)C=C,C=CC(=O)NCCCN(C)C,ADTJPOBHAXXXFS-UHFFFAOYSA-N,C8H16N2O,C8H16N2O,156.23,156.229,156.126263,0,11,0,0,0,0,0,0,0,unclassified,none,no_supported_TPU_role_rule_matched,unresolved,9,False,rdkit_validated,canonical_unique,BSD-3-Clause,reaction_rule_generated,candidate_structure,Gold-V,admitted_reference,0.0,,smipoly-rdkit-role-v1,2026.03.4
chemical_dd6b12ee6556a80a,ds_smipoly_monomers,CID20239,csv:row=349;comID=CID20239,3-[2-[2-(3-aminopropoxy)ethoxy]ethoxy]propan-1-amine,C(CN)COCCOCCOCCCN,NCCCOCCOCCOCCCN,JCEZOHLWDIONSP-UHFFFAOYSA-N,C10H24N2O3,C10H24N2O3,220.31,220.313,220.178693,0,15,0,0,2,0,0,0,0,diamine_chain_extender_candidate,rule_medium,amine_group_count>=2,tpuu_or_nipu_building_block,1,True,rdkit_validated,canonical_unique,BSD-3-Clause,reaction_rule_generated,candidate_structure,Gold-V,admitted_reference,0.0,,smipoly-rdkit-role-v1,2026.03.4
chemical_de149635dbee613c,ds_smipoly_monomers,CID6749,csv:row=52;comID=CID6749,"naphthalene-1,5-diol",C1=CC2=C(C=CC=C2O)C(=C1)O,Oc1cccc2c(O)cccc12,BOKGTLAJQHTOKE-UHFFFAOYSA-N,C10H8O2,C10H8O2,160.17,160.172,160.052429,0,12,0,2,0,0,0,0,0,diol_chain_extender_candidate,rule_medium,hydroxyl_group_count=2 and RDKit_MolWt<=250,direct_tpu_building_block,1,True,rdkit_validated,canonical_unique,BSD-3-Clause,reaction_rule_generated,candidate_structure,Gold-V,admitted_reference,0.0,,smipoly-rdkit-role-v1,2026.03.4
chemical_de2c346655464184,ds_smipoly_monomers,CID13128,csv:row=225;comID=CID13128,"2-methylpropane-1,2-diamine",CC(C)(CN)N,CC(C)(N)CN,OPCJOXGBLDJWRM-UHFFFAOYSA-N,C4H12N2,C4H12N2,88.15,88.154,88.100048,0,6,0,0,2,0,0,0,0,diamine_chain_extender_candidate,rule_medium,amine_group_count>=2,tpuu_or_nipu_building_block,1,True,rdkit_validated,canonical_unique,BSD-3-Clause,reaction_rule_generated,candidate_structure,Gold-V,admitted_reference,0.0,,smipoly-rdkit-role-v1,2026.03.4
chemical_de77672606c4c827,ds_smipoly_monomers,CID7750,csv:row=97;comID=CID7750,ethenyl propanoate,CCC(=O)OC=C,C=COC(=O)CC,UIWXSTHGICQLQT-UHFFFAOYSA-N,C5H8O2,C5H8O2,100.12,100.117,100.052429,0,7,0,0,0,0,0,0,0,unclassified,none,no_supported_TPU_role_rule_matched,unresolved,9,False,rdkit_validated,canonical_unique,BSD-3-Clause,reaction_rule_generated,candidate_structure,Gold-V,admitted_reference,0.0,,smipoly-rdkit-role-v1,2026.03.4
chemical_de8215858c536884,ds_smipoly_monomers,CID7979,csv:row=120;comID=CID7979,2-[2-[2-(2-methylprop-2-enoyloxy)ethoxy]ethoxy]ethyl 2-methylprop-2-enoate,CC(=C)C(=O)OCCOCCOCCOC(=O)C(=C)C,C=C(C)C(=O)OCCOCCOCCOC(=O)C(=C)C,HWSSEYVMGDIFMH-UHFFFAOYSA-N,C14H22O6,C14H22O6,286.32,286.324,286.141638,0,20,0,0,0,0,0,0,0,unclassified,none,no_supported_TPU_role_rule_matched,unresolved,9,False,rdkit_validated,canonical_unique,BSD-3-Clause,reaction_rule_generated,candidate_structure,Gold-V,admitted_reference,0.0,,smipoly-rdkit-role-v1,2026.03.4
chemical_de8db1da1e20134c,ds_smipoly_monomers,CID76993,csv:row=559;comID=CID76993,furan-2-ylmethyl 2-methylprop-2-enoate,CC(=C)C(=O)OCC1=CC=CO1,C=C(C)C(=O)OCc1ccco1,DWXAVNJYFLGAEF-UHFFFAOYSA-N,C9H10O3,C9H10O3,166.17,166.176,166.062994,0,12,0,0,0,0,0,0,0,unclassified,none,no_supported_TPU_role_rule_matched,unresolved,9,False,rdkit_validated,canonical_unique,BSD-3-Clause,reaction_rule_generated,candidate_structure,Gold-V,admitted_reference,0.0,,smipoly-rdkit-role-v1,2026.03.4
chemical_ded1945c6f46bcd2,ds_smipoly_monomers,CID122469,csv:row=728;comID=CID122469,"1-(4-aminophenyl)pyrrole-2,5-dione",C1=CC(=CC=C1N)N2C(=O)C=CC2=O,Nc1ccc(N2C(=O)C=CC2=O)cc1,XOPCHXSYQHXLHJ-UHFFFAOYSA-N,C10H8N2O2,C10H8N2O2,188.18,188.186,188.058577,0,14,0,0,1,0,0,0,0,monoamine_model_compound,rule_medium,amine_group_count=1,adjacent_model_compound,3,True,rdkit_validated,canonical_unique,BSD-3-Clause,reaction_rule_generated,candidate_structure,Gold-V,admitted_reference,0.0,,smipoly-rdkit-role-v1,2026.03.4
chemical_e0055af08eb5a4bc,ds_smipoly_monomers,CID7825,csv:row=102;comID=CID7825,2-cyanoethyl prop-2-enoate,C=CC(=O)OCCC#N,C=CC(=O)OCCC#N,AEPWOCLBLLCOGZ-UHFFFAOYSA-N,C6H7NO2,C6H7NO2,125.13,125.127,125.047678,0,9,0,0,0,0,0,0,0,unclassified,none,no_supported_TPU_role_rule_matched,unresolved,9,False,rdkit_validated,canonical_unique,BSD-3-Clause,reaction_rule_generated,candidate_structure,Gold-V,admitted_reference,0.0,,smipoly-rdkit-role-v1,2026.03.4
chemical_e06b5807bd63dc0f,ds_smipoly_monomers,CID7984,csv:row=122;comID=CID7984,oxacycloheptadecan-2-one,C1CCCCCCCC(=O)OCCCCCCC1,O=C1CCCCCCCCCCCCCCCO1,LOKPJYNMYCVCRM-UHFFFAOYSA-N,C16H30O2,C16H30O2,254.41,254.414,254.22458,0,18,0,0,0,0,0,0,0,unclassified,none,no_supported_TPU_role_rule_matched,unresolved,9,False,rdkit_validated,canonical_unique,BSD-3-Clause,reaction_rule_generated,candidate_structure,Gold-V,admitted_reference,0.0,,smipoly-rdkit-role-v1,2026.03.4
chemical_e145f4e692ea31b7,ds_smipoly_monomers,CID70198,csv:row=479;comID=CID70198,2-chloroprop-2-enenitrile,C=C(C#N)Cl,C=C(Cl)C#N,OYUNTGBISCIYPW-UHFFFAOYSA-N,C3H2ClN,C3H2ClN,87.51,87.509,86.987577,0,5,0,0,0,0,0,0,0,unclassified,none,no_supported_TPU_role_rule_matched,unresolved,9,False,rdkit_validated,canonical_unique,BSD-3-Clause,reaction_rule_generated,candidate_structure,Gold-V,admitted_reference,0.0,,smipoly-rdkit-role-v1,2026.03.4
chemical_e190ba0676368f9d,ds_smipoly_monomers,CID2266,csv:row=15;comID=CID2266,nonanedioic acid,C(CCCC(=O)O)CCCC(=O)O,O=C(O)CCCCCCCC(=O)O,BDJRBEYXGGNYIS-UHFFFAOYSA-N,C9H16O4,C9H16O4,188.22,188.223,188.104859,0,13,0,0,0,0,2,0,0,polyester_polyol_precursor,rule_medium,carboxylic_acid_group_count>=2,polyol_synthesis_precursor,2,True,rdkit_validated,canonical_unique,BSD-3-Clause,reaction_rule_generated,candidate_structure,Gold-V,admitted_reference,0.0,,smipoly-rdkit-role-v1,2026.03.4
chemical_e1dfe775f5d5232a,ds_smipoly_monomers,CID69145,csv:row=460;comID=CID69145,bis(3-aminophenyl)methanone,C1=CC(=CC(=C1)N)C(=O)C2=CC(=CC=C2)N,Nc1cccc(C(=O)c2cccc(N)c2)c1,TUQQUUXMCKXGDI-UHFFFAOYSA-N,C13H12N2O,C13H12N2O,212.25,212.252,212.094963,0,16,0,0,2,0,0,0,0,diamine_chain_extender_candidate,rule_medium,amine_group_count>=2,tpuu_or_nipu_building_block,1,True,rdkit_validated,canonical_unique,BSD-3-Clause,reaction_rule_generated,candidate_structure,Gold-V,admitted_reference,0.0,,smipoly-rdkit-role-v1,2026.03.4
chemical_e2309f2efb528181,ds_smipoly_monomers,CID78479,csv:row=577;comID=CID78479,"N,N'-bis(2-aminoethyl)propane-1,3-diamine",C(CNCCN)CNCCN,NCCNCCCNCCN,UWMHHZFHBCYGCV-UHFFFAOYSA-N,C7H20N4,C7H20N4,160.26,160.265,160.168797,0,11,0,0,4,0,0,0,0,diamine_chain_extender_candidate,rule_medium,amine_group_count>=2,tpuu_or_nipu_building_block,1,True,rdkit_validated,canonical_unique,BSD-3-Clause,reaction_rule_generated,candidate_structure,Gold-V,admitted_reference,0.0,,smipoly-rdkit-role-v1,2026.03.4
chemical_e23c835871f466c3,ds_smipoly_monomers,CID14453667,csv:row=1024;comID=CID14453667,"3a,4,4a,7a,8,8a-hexahydrofuro[3,4-f][2]benzofuran-1,3,5,7-tetrone",C1C2C(CC3C1C(=O)OC3=O)C(=O)OC2=O,O=C1OC(=O)C2CC3C(=O)OC(=O)C3CC12,LJMPOXUWPWEILS-UHFFFAOYSA-N,C10H8O6,C10H8O6,224.17,224.168,224.032088,0,16,0,0,0,0,0,0,0,unclassified,none,no_supported_TPU_role_rule_matched,unresolved,9,False,rdkit_validated,canonical_unique,BSD-3-Clause,reaction_rule_generated,candidate_structure,Gold-V,admitted_reference,0.0,,smipoly-rdkit-role-v1,2026.03.4
chemical_e2b2ea15dd7506a4,ds_smipoly_monomers,CID75282,csv:row=522;comID=CID75282,2-prop-2-enoyloxyethyl prop-2-enoate,C=CC(=O)OCCOC(=O)C=C,C=CC(=O)OCCOC(=O)C=C,KUDUQBURMYMBIJ-UHFFFAOYSA-N,C8H10O4,C8H10O4,170.16,170.164,170.057909,0,12,0,0,0,0,0,0,0,unclassified,none,no_supported_TPU_role_rule_matched,unresolved,9,False,rdkit_validated,canonical_unique,BSD-3-Clause,reaction_rule_generated,candidate_structure,Gold-V,admitted_reference,0.0,,smipoly-rdkit-role-v1,2026.03.4
chemical_e2beba0ed34577a7,ds_smipoly_monomers,CID8846,csv:row=155;comID=CID8846,butyl prop-2-enoate,CCCCOC(=O)C=C,C=CC(=O)OCCCC,CQEYYJKEWSMYFG-UHFFFAOYSA-N,C7H12O2,C7H12O2,128.17,128.171,128.08373,0,9,0,0,0,0,0,0,0,unclassified,none,no_supported_TPU_role_rule_matched,unresolved,9,False,rdkit_validated,canonical_unique,BSD-3-Clause,reaction_rule_generated,candidate_structure,Gold-V,admitted_reference,0.0,,smipoly-rdkit-role-v1,2026.03.4
chemical_e2d0c792f6566e85,ds_smipoly_monomers,CID11401011,csv:row=993;comID=CID11401011,(5-oxooxolan-3-yl) 2-methylprop-2-enoate,CC(=C)C(=O)OC1CC(=O)OC1,C=C(C)C(=O)OC1COC(=O)C1,ZROFAXCQYPKWCY-UHFFFAOYSA-N,C8H10O4,C8H10O4,170.16,170.164,170.057909,0,12,0,0,0,0,0,0,0,unclassified,none,no_supported_TPU_role_rule_matched,unresolved,9,False,rdkit_validated,canonical_unique,BSD-3-Clause,reaction_rule_generated,candidate_structure,Gold-V,admitted_reference,0.0,,smipoly-rdkit-role-v1,2026.03.4
chemical_e2e041aa09fb7cbb,ds_smipoly_monomers,CID8473,csv:row=145;comID=CID8473,"bicyclo[2.2.1]hepta-2,5-diene",C1C2C=CC1C=C2,C1=CC2C=CC1C2,SJYNFBVQFBRSIB-UHFFFAOYSA-N,C7H8,C7H8,92.14,92.141,92.0626,0,7,0,0,0,0,0,0,0,unclassified,none,no_supported_TPU_role_rule_matched,unresolved,9,False,rdkit_validated,canonical_unique,BSD-3-Clause,reaction_rule_generated,candidate_structure,Gold-V,admitted_reference,0.0,,smipoly-rdkit-role-v1,2026.03.4
chemical_e32acfdae406c123,ds_smipoly_monomers,CID2365,csv:row=17;comID=CID2365,oxetan-2-one,C1COC1=O,O=C1CCO1,VEZXCJBBBCKRPI-UHFFFAOYSA-N,C3H4O2,C3H4O2,72.06,72.063,72.021129,0,5,0,0,0,0,0,0,0,unclassified,none,no_supported_TPU_role_rule_matched,unresolved,9,False,rdkit_validated,canonical_unique,BSD-3-Clause,reaction_rule_generated,candidate_structure,Gold-V,admitted_reference,0.0,,smipoly-rdkit-role-v1,2026.03.4
chemical_e34b1bd2b88ad439,ds_smipoly_monomers,CID10938040,csv:row=972;comID=CID10938040,2-cyclohexyl-4-[2-(3-cyclohexyl-4-hydroxyphenyl)propan-2-yl]phenol,CC(C)(C1=CC(=C(C=C1)O)C2CCCCC2)C3=CC(=C(C=C3)O)C4CCCCC4,CC(C)(c1ccc(O)c(C2CCCCC2)c1)c1ccc(O)c(C2CCCCC2)c1,WKVWOPDUENJKAR-UHFFFAOYSA-N,C27H36O2,C27H36O2,392.6,392.583,392.27153,0,29,0,2,0,0,0,0,0,macrodiol_polyol_candidate,rule_medium,hydroxyl_group_count=2 and RDKit_MolWt>250,direct_tpu_building_block,1,True,rdkit_validated,canonical_unique,BSD-3-Clause,reaction_rule_generated,candidate_structure,Gold-V,admitted_reference,0.0,,smipoly-rdkit-role-v1,2026.03.4
chemical_e362cdf0443da54c,ds_smipoly_monomers,CID16225403,csv:row=1035;comID=CID16225403,triethoxysilylmethyl 2-methylprop-2-enoate,CCO[Si](COC(=O)C(=C)C)(OCC)OCC,C=C(C)C(=O)OC[Si](OCC)(OCC)OCC,UZIAQVMNAXPCJQ-UHFFFAOYSA-N,C11H22O5Si,C11H22O5Si,262.37,262.378,262.12365,0,17,0,0,0,0,0,0,0,unclassified,none,no_supported_TPU_role_rule_matched,unresolved,9,False,rdkit_validated,canonical_unique,BSD-3-Clause,reaction_rule_generated,candidate_structure,Gold-V,admitted_reference,0.0,,smipoly-rdkit-role-v1,2026.03.4
chemical_e396b7d354779754,ds_smipoly_monomers,CID17217,csv:row=297;comID=CID17217,1-prop-2-enylnaphthalene,C=CCC1=CC=CC2=CC=CC=C21,C=CCc1cccc2ccccc12,RJFCFNWLPJRCLR-UHFFFAOYSA-N,C13H12,C13H12,168.23,168.239,168.0939,0,13,0,0,0,0,0,0,0,unclassified,none,no_supported_TPU_role_rule_matched,unresolved,9,False,rdkit_validated,canonical_unique,BSD-3-Clause,reaction_rule_generated,candidate_structure,Gold-V,admitted_reference,0.0,,smipoly-rdkit-role-v1,2026.03.4
chemical_e39f3874571cad0b,ds_smipoly_monomers,CID3905994,csv:row=921;comID=CID3905994,"2,8-dibromodibenzothiophene 5,5-dioxide",C1=CC2=C(C=C1Br)C3=C(S2(=O)=O)C=CC(=C3)Br,O=S1(=O)c2ccc(Br)cc2-c2cc(Br)ccc21,ZFGCKZCEDNBNMV-UHFFFAOYSA-N,C12H6Br2O2S,C12H6Br2O2S,374.05,374.053,371.845525,0,17,0,0,0,0,0,0,0,unclassified,none,no_supported_TPU_role_rule_matched,unresolved,9,False,rdkit_validated,canonical_unique,BSD-3-Clause,reaction_rule_generated,candidate_structure,Gold-V,admitted_reference,0.0,,smipoly-rdkit-role-v1,2026.03.4
chemical_e3c9749f977678ee,ds_smipoly_monomers,CID7543,csv:row=85;comID=CID7543,4-[(4-amino-3-chlorophenyl)methyl]-2-chloroaniline,C1=CC(=C(C=C1CC2=CC(=C(C=C2)N)Cl)Cl)N,Nc1ccc(Cc2ccc(N)c(Cl)c2)cc1Cl,IBOFVQJTBBUKMU-UHFFFAOYSA-N,C13H12Cl2N2,C13H12Cl2N2,267.15,267.159,266.037754,0,17,0,0,2,0,0,0,0,diamine_chain_extender_candidate,rule_medium,amine_group_count>=2,tpuu_or_nipu_building_block,1,True,rdkit_validated,canonical_unique,BSD-3-Clause,reaction_rule_generated,candidate_structure,Gold-V,admitted_reference,0.0,,smipoly-rdkit-role-v1,2026.03.4
chemical_e3d91131ea8937be,ds_smipoly_monomers,CID17048,csv:row=287;comID=CID17048,2-[4-(oxiran-2-yl)butyl]oxirane,C1C(O1)CCCCC2CO2,C(CCC1CO1)CC1CO1,LFKLPJRVSHJZPL-UHFFFAOYSA-N,C8H14O2,C8H14O2,142.2,142.198,142.09938,0,10,0,0,0,0,0,0,2,epoxy_polyol_precursor,rule_medium,epoxide_group_count>=1,polyol_synthesis_precursor,2,True,rdkit_validated,canonical_unique,BSD-3-Clause,reaction_rule_generated,candidate_structure,Gold-V,admitted_reference,0.0,,smipoly-rdkit-role-v1,2026.03.4
chemical_e3e3360f8aa3e612,ds_smipoly_monomers,CID2759529,csv:row=885;comID=CID2759529,3-[diethoxy(methyl)silyl]propyl 2-methylprop-2-enoate,CCO[Si](C)(CCCOC(=O)C(=C)C)OCC,C=C(C)C(=O)OCCC[Si](C)(OCC)OCC,DOYKFSOCSXVQAN-UHFFFAOYSA-N,C12H24O4Si,C12H24O4Si,260.4,260.406,260.144386,0,17,0,0,0,0,0,0,0,unclassified,none,no_supported_TPU_role_rule_matched,unresolved,9,False,rdkit_validated,canonical_unique,BSD-3-Clause,reaction_rule_generated,candidate_structure,Gold-V,admitted_reference,0.0,,smipoly-rdkit-role-v1,2026.03.4
chemical_e4268c68b868ed3a,ds_smipoly_monomers,CID15660,csv:row=266;comID=CID15660,4-[(4-aminocyclohexyl)methyl]cyclohexan-1-amine,C1CC(CCC1CC2CCC(CC2)N)N,NC1CCC(CC2CCC(N)CC2)CC1,DZIHTWJGPDVSGE-UHFFFAOYSA-N,C13H26N2,C13H26N2,210.36,210.365,210.209599,0,15,0,0,2,0,0,0,0,diamine_chain_extender_candidate,rule_medium,amine_group_count>=2,tpuu_or_nipu_building_block,1,True,rdkit_validated,canonical_unique,BSD-3-Clause,reaction_rule_generated,candidate_structure,Gold-V,admitted_reference,0.0,,smipoly-rdkit-role-v1,2026.03.4
chemical_e428d0ebe4f8a5a6,ds_smipoly_monomers,CID612972,csv:row=842;comID=CID612972,oxiran-2-ylmethyl 4-tert-butylbenzoate,CC(C)(C)C1=CC=C(C=C1)C(=O)OCC2CO2,CC(C)(C)c1ccc(C(=O)OCC2CO2)cc1,NOWVDELPZQQGIG-UHFFFAOYSA-N,C14H18O3,C14H18O3,234.29,234.295,234.125594,0,17,0,0,0,0,0,0,1,epoxy_polyol_precursor,rule_medium,epoxide_group_count>=1,polyol_synthesis_precursor,2,True,rdkit_validated,canonical_unique,BSD-3-Clause,reaction_rule_generated,candidate_structure,Gold-V,admitted_reference,0.0,,smipoly-rdkit-role-v1,2026.03.4
chemical_e4aa17432292bb19,ds_smipoly_monomers,CID10937491,csv:row=971;comID=CID10937491,"4,4,4',4',7,7'-hexamethyl-2,2'-spirobi[3H-chromene]-6,6'-diol",CC1=CC2=C(C=C1O)C(CC3(O2)CC(C4=C(O3)C=C(C(=C4)O)C)(C)C)(C)C,Cc1cc2c(cc1O)C(C)(C)CC1(CC(C)(C)c3cc(O)c(C)cc3O1)O2,HPPJCHQXOCLCJJ-UHFFFAOYSA-N,C23H28O4,C23H28O4,368.5,368.473,368.198759,0,27,0,2,0,0,0,0,0,macrodiol_polyol_candidate,rule_medium,hydroxyl_group_count=2 and RDKit_MolWt>250,direct_tpu_building_block,1,True,rdkit_validated,canonical_unique,BSD-3-Clause,reaction_rule_generated,candidate_structure,Gold-V,admitted_reference,0.0,,smipoly-rdkit-role-v1,2026.03.4
chemical_e4aec1be7c748256,ds_smipoly_monomers,CID74458,csv:row=506;comID=CID74458,prop-2-enoxybenzene,C=CCOC1=CC=CC=C1,C=CCOc1ccccc1,POSICDHOUBKJKP-UHFFFAOYSA-N,C9H10O,C9H10O,134.17,134.178,134.073165,0,10,0,0,0,0,0,0,0,unclassified,none,no_supported_TPU_role_rule_matched,unresolved,9,False,rdkit_validated,canonical_unique,BSD-3-Clause,reaction_rule_generated,candidate_structure,Gold-V,admitted_reference,0.0,,smipoly-rdkit-role-v1,2026.03.4
chemical_e53d7ecd7f52535e,ds_smipoly_monomers,CID7935,csv:row=119;comID=CID7935,"benzene-1,3-diamine",C1=CC(=CC(=C1)N)N,Nc1cccc(N)c1,WZCQRUWWHSTZEM-UHFFFAOYSA-N,C6H8N2,C6H8N2,108.14,108.144,108.068748,0,8,0,0,2,0,0,0,0,diamine_chain_extender_candidate,rule_medium,amine_group_count>=2,tpuu_or_nipu_building_block,1,True,rdkit_validated,canonical_unique,BSD-3-Clause,reaction_rule_generated,candidate_structure,Gold-V,admitted_reference,0.0,,smipoly-rdkit-role-v1,2026.03.4
chemical_e5b14cae07d263d0,ds_smipoly_monomers,CID18360,csv:row=328;comID=CID18360,2-[(4-tert-butylphenoxy)methyl]oxirane,CC(C)(C)C1=CC=C(C=C1)OCC2CO2,CC(C)(C)c1ccc(OCC2CO2)cc1,HHRACYLRBOUBKM-UHFFFAOYSA-N,C13H18O2,C13H18O2,206.28,206.285,206.13068,0,15,0,0,0,0,0,0,1,epoxy_polyol_precursor,rule_medium,epoxide_group_count>=1,polyol_synthesis_precursor,2,True,rdkit_validated,canonical_unique,BSD-3-Clause,reaction_rule_generated,candidate_structure,Gold-V,admitted_reference,0.0,,smipoly-rdkit-role-v1,2026.03.4
chemical_e5dc832cf668f80a,ds_smipoly_monomers,CID7768,csv:row=98;comID=CID7768,azepan-2-one,C1CCC(=O)NCC1,O=C1CCCCCN1,JBKVHLHDHHXQEQ-UHFFFAOYSA-N,C6H11NO,C6H11NO,113.16,113.16,113.084064,0,8,0,0,0,0,0,0,0,unclassified,none,no_supported_TPU_role_rule_matched,unresolved,9,False,rdkit_validated,canonical_unique,BSD-3-Clause,reaction_rule_generated,candidate_structure,Gold-V,admitted_reference,0.0,,smipoly-rdkit-role-v1,2026.03.4
chemical_e5f29054ce21ab13,ds_smipoly_monomers,CID6502,csv:row=35;comID=CID6502,"2-(hydroxymethyl)-2-methylpropane-1,3-diol",CC(CO)(CO)CO,CC(CO)(CO)CO,QXJQHYBHAIHNGG-UHFFFAOYSA-N,C5H12O3,C5H12O3,120.15,120.148,120.078644,0,8,0,3,0,0,0,0,0,polyol_crosslinker_candidate,rule_high,hydroxyl_group_count>=3,direct_tpu_building_block,1,True,rdkit_validated,canonical_unique,BSD-3-Clause,reaction_rule_generated,candidate_structure,Gold-V,admitted_reference,0.0,,smipoly-rdkit-role-v1,2026.03.4
chemical_e64b33a3e59cfd55,ds_smipoly_monomers,CID17369,csv:row=305;comID=CID17369,1-methylazepan-2-one,CN1CCCCCC1=O,CN1CCCCCC1=O,ZWXPDGCFMMFNRW-UHFFFAOYSA-N,C7H13NO,C7H13NO,127.18,127.187,127.099714,0,9,0,0,0,0,0,0,0,unclassified,none,no_supported_TPU_role_rule_matched,unresolved,9,False,rdkit_validated,canonical_unique,BSD-3-Clause,reaction_rule_generated,candidate_structure,Gold-V,admitted_reference,0.0,,smipoly-rdkit-role-v1,2026.03.4
chemical_e6a544bfce5d2de6,ds_smipoly_monomers,CID5942,csv:row=29;comID=CID5942,"N'-(3-aminopropyl)propane-1,3-diamine",C(CN)CNCCCN,NCCCNCCCN,OTBHHUPVCYLGQO-UHFFFAOYSA-N,C6H17N3,C6H17N3,131.22,131.223,131.142248,0,9,0,0,3,0,0,0,0,diamine_chain_extender_candidate,rule_medium,amine_group_count>=2,tpuu_or_nipu_building_block,1,True,rdkit_validated,canonical_unique,BSD-3-Clause,reaction_rule_generated,candidate_structure,Gold-V,admitted_reference,0.0,,smipoly-rdkit-role-v1,2026.03.4
chemical_e6a5600a1fa4a66e,ds_smipoly_monomers,CID10197835,csv:row=964;comID=CID10197835,(2-ethenylphenyl) acetate,CC(=O)OC1=CC=CC=C1C=C,C=Cc1ccccc1OC(C)=O,WRPYDXWBHXAKPT-UHFFFAOYSA-N,C10H10O2,C10H10O2,162.18,162.188,162.06808,0,12,0,0,0,0,0,0,0,unclassified,none,no_supported_TPU_role_rule_matched,unresolved,9,False,rdkit_validated,canonical_unique,BSD-3-Clause,reaction_rule_generated,candidate_structure,Gold-V,admitted_reference,0.0,,smipoly-rdkit-role-v1,2026.03.4
chemical_e6aaae42556822c7,ds_smipoly_monomers,CID6620,csv:row=44;comID=CID6620,4-[2-(4-hydroxy-3-methylphenyl)propan-2-yl]-2-methylphenol,CC1=C(C=CC(=C1)C(C)(C)C2=CC(=C(C=C2)O)C)O,Cc1cc(C(C)(C)c2ccc(O)c(C)c2)ccc1O,YMTYZTXUZLQUSF-UHFFFAOYSA-N,C17H20O2,C17H20O2,256.34,256.345,256.14633,0,19,0,2,0,0,0,0,0,macrodiol_polyol_candidate,rule_medium,hydroxyl_group_count=2 and RDKit_MolWt>250,direct_tpu_building_block,1,True,rdkit_validated,canonical_unique,BSD-3-Clause,reaction_rule_generated,candidate_structure,Gold-V,admitted_reference,0.0,,smipoly-rdkit-role-v1,2026.03.4
chemical_e6c936137c387ee3,ds_smipoly_monomers,CID66628,csv:row=432;comID=CID66628,"pyrazine-2,3-dicarboxylic acid",C1=CN=C(C(=N1)C(=O)O)C(=O)O,O=C(O)c1nccnc1C(=O)O,ZUCRGHABDDWQPY-UHFFFAOYSA-N,C6H4N2O4,C6H4N2O4,168.11,168.108,168.017107,0,12,0,0,0,0,2,0,0,polyester_polyol_precursor,rule_medium,carboxylic_acid_group_count>=2,polyol_synthesis_precursor,2,True,rdkit_validated,canonical_unique,BSD-3-Clause,reaction_rule_generated,candidate_structure,Gold-V,admitted_reference,0.0,,smipoly-rdkit-role-v1,2026.03.4
chemical_e6db992cb992c12a,ds_smipoly_monomers,CID76716,csv:row=554;comID=CID76716,4-[9-(4-hydroxyphenyl)fluoren-9-yl]phenol,C1=CC=C2C(=C1)C3=CC=CC=C3C2(C4=CC=C(C=C4)O)C5=CC=C(C=C5)O,Oc1ccc(C2(c3ccc(O)cc3)c3ccccc3-c3ccccc32)cc1,YWFPGFJLYRKYJZ-UHFFFAOYSA-N,C25H18O2,C25H18O2,350.4,350.417,350.13068,0,27,0,2,0,0,0,0,0,macrodiol_polyol_candidate,rule_medium,hydroxyl_group_count=2 and RDKit_MolWt>250,direct_tpu_building_block,1,True,rdkit_validated,canonical_unique,BSD-3-Clause,reaction_rule_generated,candidate_structure,Gold-V,admitted_reference,0.0,,smipoly-rdkit-role-v1,2026.03.4
chemical_e6dd362caa4d6aef,ds_smipoly_monomers,CID430288,csv:row=801;comID=CID430288,"N'-(2-aminoethyl)-N'-methylethane-1,2-diamine",CN(CCN)CCN,CN(CCN)CCN,HYSQEYLBJYFNMH-UHFFFAOYSA-N,C5H15N3,C5H15N3,117.19,117.196,117.126597,0,8,0,0,2,0,0,0,0,diamine_chain_extender_candidate,rule_medium,amine_group_count>=2,tpuu_or_nipu_building_block,1,True,rdkit_validated,canonical_unique,BSD-3-Clause,reaction_rule_generated,candidate_structure,Gold-V,admitted_reference,0.0,,smipoly-rdkit-role-v1,2026.03.4
chemical_e7229e5fb80d46f6,ds_smipoly_monomers,CID566299,csv:row=825;comID=CID566299,methyl-tris(prop-2-enyl)silane,C[Si](CC=C)(CC=C)CC=C,C=CC[Si](C)(CC=C)CC=C,JFCCVNTYPIUJDJ-UHFFFAOYSA-N,C10H18Si,C10H18Si,166.33,166.34,166.117777,0,11,0,0,0,0,0,0,0,unclassified,none,no_supported_TPU_role_rule_matched,unresolved,9,False,rdkit_validated,canonical_unique,BSD-3-Clause,reaction_rule_generated,candidate_structure,Gold-V,admitted_reference,0.0,,smipoly-rdkit-role-v1,2026.03.4
chemical_e7282d039de32f8d,ds_smipoly_monomers,CID17049,csv:row=288;comID=CID17049,2-(butoxymethyl)oxirane,CCCCOCC1CO1,CCCCOCC1CO1,YSUQLAYJZDEMOT-UHFFFAOYSA-N,C7H14O2,C7H14O2,130.18,130.187,130.09938,0,9,0,0,0,0,0,0,1,epoxy_polyol_precursor,rule_medium,epoxide_group_count>=1,polyol_synthesis_precursor,2,True,rdkit_validated,canonical_unique,BSD-3-Clause,reaction_rule_generated,candidate_structure,Gold-V,admitted_reference,0.0,,smipoly-rdkit-role-v1,2026.03.4
chemical_e7383214e246a9dc,ds_smipoly_monomers,CID69017,csv:row=458;comID=CID69017,"cyclopropane-1,1-dicarboxylic acid",C1CC1(C(=O)O)C(=O)O,O=C(O)C1(C(=O)O)CC1,FDKLLWKMYAMLIF-UHFFFAOYSA-N,C5H6O4,C5H6O4,130.1,130.099,130.026609,0,9,0,0,0,0,2,0,0,polyester_polyol_precursor,rule_medium,carboxylic_acid_group_count>=2,polyol_synthesis_precursor,2,True,rdkit_validated,canonical_unique,BSD-3-Clause,reaction_rule_generated,candidate_structure,Gold-V,admitted_reference,0.0,,smipoly-rdkit-role-v1,2026.03.4
chemical_e739e3834dc25493,ds_smipoly_monomers,CID6623,csv:row=45;comID=CID6623,4-[2-(4-hydroxyphenyl)propan-2-yl]phenol,CC(C)(C1=CC=C(C=C1)O)C2=CC=C(C=C2)O,CC(C)(c1ccc(O)cc1)c1ccc(O)cc1,IISBACLAFKSPIT-UHFFFAOYSA-N,C15H16O2,C15H16O2,228.29,228.291,228.11503,0,17,0,2,0,0,0,0,0,diol_chain_extender_candidate,rule_medium,hydroxyl_group_count=2 and RDKit_MolWt<=250,direct_tpu_building_block,1,True,rdkit_validated,canonical_unique,BSD-3-Clause,reaction_rule_generated,candidate_structure,Gold-V,admitted_reference,0.0,,smipoly-rdkit-role-v1,2026.03.4
chemical_e7aaf83abc4891d1,ds_smipoly_monomers,CID8878,csv:row=157;comID=CID8878,prop-2-enyl heptanoate,CCCCCCC(=O)OCC=C,C=CCOC(=O)CCCCCC,SJWKGDGUQTWDRV-UHFFFAOYSA-N,C10H18O2,C10H18O2,170.25,170.252,170.13068,0,12,0,0,0,0,0,0,0,unclassified,none,no_supported_TPU_role_rule_matched,unresolved,9,False,rdkit_validated,canonical_unique,BSD-3-Clause,reaction_rule_generated,candidate_structure,Gold-V,admitted_reference,0.0,,smipoly-rdkit-role-v1,2026.03.4
chemical_e7ac08cd02e886ff,ds_smipoly_monomers,CID5284378,csv:row=938;comID=CID5284378,5-amino-2-[(E)-2-(4-amino-2-sulfophenyl)ethenyl]benzenesulfonic acid,C1=CC(=C(C=C1N)S(=O)(=O)O)C=CC2=C(C=C(C=C2)N)S(=O)(=O)O,Nc1ccc(C=Cc2ccc(N)cc2S(=O)(=O)O)c(S(=O)(=O)O)c1,REJHVSOVQBJEBF-UHFFFAOYSA-N,C14H14N2O6S2,C14H14N2O6S2,370.4,370.408,370.029328,0,24,0,0,2,0,0,0,0,diamine_chain_extender_candidate,rule_medium,amine_group_count>=2,tpuu_or_nipu_building_block,1,True,rdkit_validated,canonical_unique,BSD-3-Clause,reaction_rule_generated,candidate_structure,Gold-V,admitted_reference,0.0,,smipoly-rdkit-role-v1,2026.03.4
chemical_e7bf2cbaf2e78afd,ds_smipoly_monomers,CID74126,csv:row=497;comID=CID74126,1-(chloromethyl)-4-ethenylbenzene,C=CC1=CC=C(C=C1)CCl,C=Cc1ccc(CCl)cc1,ZRZHXNCATOYMJH-UHFFFAOYSA-N,C9H9Cl,C9H9Cl,152.62,152.624,152.039278,0,10,0,0,0,0,0,0,0,unclassified,none,no_supported_TPU_role_rule_matched,unresolved,9,False,rdkit_validated,canonical_unique,BSD-3-Clause,reaction_rule_generated,candidate_structure,Gold-V,admitted_reference,0.0,,smipoly-rdkit-role-v1,2026.03.4
chemical_e7c0813e0333cab9,ds_smipoly_monomers,CID6625,csv:row=46;comID=CID6625,,C1=CC(=CC=C1S(=O)(=O)C2=CC=C(C=C2)Cl)Cl,O=S(=O)(c1ccc(Cl)cc1)c1ccc(Cl)cc1,GPAPPPVRLPGFEQ-UHFFFAOYSA-N,C12H8Cl2O2S,C12H8Cl2O2S,287.2,287.167,285.962206,0,17,0,0,0,0,0,0,0,unclassified,none,no_supported_TPU_role_rule_matched,unresolved,9,False,rdkit_validated,canonical_unique,BSD-3-Clause,reaction_rule_generated,candidate_structure,Gold-V,admitted_reference,0.0,,smipoly-rdkit-role-v1,2026.03.4
chemical_e7c2eccee3e10b6b,ds_smipoly_monomers,CID170073,csv:row=760;comID=CID170073,"2-(2,2,3,3,4,4,5,5,6,6,7,7,7-tridecafluoroheptyl)oxirane",C1C(O1)CC(C(C(C(C(C(F)(F)F)(F)F)(F)F)(F)F)(F)F)(F)F,FC(F)(F)C(F)(F)C(F)(F)C(F)(F)C(F)(F)C(F)(F)CC1CO1,KGYUZRBIQCDOCN-UHFFFAOYSA-N,C9H5F13O,C9H5F13O,376.11,376.112,376.013282,0,23,0,0,0,0,0,0,1,epoxy_polyol_precursor,rule_medium,epoxide_group_count>=1,polyol_synthesis_precursor,2,True,rdkit_validated,canonical_unique,BSD-3-Clause,reaction_rule_generated,candidate_structure,Gold-V,admitted_reference,0.0,,smipoly-rdkit-role-v1,2026.03.4
chemical_e83e9958ac455536,ds_smipoly_monomers,CID16720,csv:row=280;comID=CID16720,"naphthalene-1,5-diamine",C1=CC2=C(C=CC=C2N)C(=C1)N,Nc1cccc2c(N)cccc12,KQSABULTKYLFEV-UHFFFAOYSA-N,C10H10N2,C10H10N2,158.2,158.204,158.084398,0,12,0,0,2,0,0,0,0,diamine_chain_extender_candidate,rule_medium,amine_group_count>=2,tpuu_or_nipu_building_block,1,True,rdkit_validated,canonical_unique,BSD-3-Clause,reaction_rule_generated,candidate_structure,Gold-V,admitted_reference,0.0,,smipoly-rdkit-role-v1,2026.03.4
chemical_e879edfd6ecda8a3,ds_smipoly_monomers,CID73864,csv:row=495;comID=CID73864,"4-[1,1,1,3,3,3-hexafluoro-2-(4-hydroxyphenyl)propan-2-yl]phenol",C1=CC(=CC=C1C(C2=CC=C(C=C2)O)(C(F)(F)F)C(F)(F)F)O,Oc1ccc(C(c2ccc(O)cc2)(C(F)(F)F)C(F)(F)F)cc1,ZFVMWEVVKGLCIJ-UHFFFAOYSA-N,C15H10F6O2,C15H10F6O2,336.23,336.231,336.058499,0,23,0,2,0,0,0,0,0,macrodiol_polyol_candidate,rule_medium,hydroxyl_group_count=2 and RDKit_MolWt>250,direct_tpu_building_block,1,True,rdkit_validated,canonical_unique,BSD-3-Clause,reaction_rule_generated,candidate_structure,Gold-V,admitted_reference,0.0,,smipoly-rdkit-role-v1,2026.03.4
chemical_e910f6bec97f69d0,ds_smipoly_monomers,CID123834,csv:row=733;comID=CID123834,"1,3-dioxan-2-one",C1COC(=O)OC1,O=C1OCCCO1,YFHICDDUDORKJB-UHFFFAOYSA-N,C4H6O3,C4H6O3,102.09,102.089,102.031694,0,7,0,0,0,0,0,1,0,cyclic_carbonate_nipu_precursor,rule_medium,cyclic_carbonate_group_count>=1,tpuu_or_nipu_building_block,2,True,rdkit_validated,canonical_unique,BSD-3-Clause,reaction_rule_generated,candidate_structure,Gold-V,admitted_reference,0.0,,smipoly-rdkit-role-v1,2026.03.4
chemical_e96024d04571cdf3,ds_smipoly_monomers,CID62552,csv:row=409;comID=CID62552,octadecyl prop-2-enoate,CCCCCCCCCCCCCCCCCCOC(=O)C=C,C=CC(=O)OCCCCCCCCCCCCCCCCCC,FSAJWMJJORKPKS-UHFFFAOYSA-N,C21H40O2,C21H40O2,324.5,324.549,324.302831,0,23,0,0,0,0,0,0,0,unclassified,none,no_supported_TPU_role_rule_matched,unresolved,9,False,rdkit_validated,canonical_unique,BSD-3-Clause,reaction_rule_generated,candidate_structure,Gold-V,admitted_reference,0.0,,smipoly-rdkit-role-v1,2026.03.4
chemical_e9d50c7806b38fe8,ds_smipoly_monomers,CID13782121,csv:row=1022;comID=CID13782121,"8-tricyclo[5.2.1.02,6]decanyl 2-methylprop-2-enoate",CC(=C)C(=O)OC1CC2CC1C3C2CCC3,C=C(C)C(=O)OC1CC2CC1C1CCCC21,NWAHZAIDMVNENC-UHFFFAOYSA-N,C14H20O2,C14H20O2,220.31,220.312,220.14633,0,16,0,0,0,0,0,0,0,unclassified,none,no_supported_TPU_role_rule_matched,unresolved,9,False,rdkit_validated,canonical_unique,BSD-3-Clause,reaction_rule_generated,candidate_structure,Gold-V,admitted_reference,0.0,,smipoly-rdkit-role-v1,2026.03.4
chemical_e9f9e2e8ede9a6dc,ds_smipoly_monomers,CID69966,csv:row=474;comID=CID69966,"undecane-1,11-diamine",C(CCCCCN)CCCCCN,NCCCCCCCCCCCN,KLNPWTHGTVSSEU-UHFFFAOYSA-N,C11H26N2,C11H26N2,186.34,186.343,186.209599,0,13,0,0,2,0,0,0,0,diamine_chain_extender_candidate,rule_medium,amine_group_count>=2,tpuu_or_nipu_building_block,1,True,rdkit_validated,canonical_unique,BSD-3-Clause,reaction_rule_generated,candidate_structure,Gold-V,admitted_reference,0.0,,smipoly-rdkit-role-v1,2026.03.4
chemical_ea65b472955d1ab7,ds_smipoly_monomers,CID78271,csv:row=576;comID=CID78271,2-bromoethyl 2-methylprop-2-enoate,CC(=C)C(=O)OCCBr,C=C(C)C(=O)OCCBr,AOUSBQVEVZBMNI-UHFFFAOYSA-N,C6H9BrO2,C6H9BrO2,193.04,193.04,191.978592,0,9,0,0,0,0,0,0,0,unclassified,none,no_supported_TPU_role_rule_matched,unresolved,9,False,rdkit_validated,canonical_unique,BSD-3-Clause,reaction_rule_generated,candidate_structure,Gold-V,admitted_reference,0.0,,smipoly-rdkit-role-v1,2026.03.4
chemical_eaab972365c231b4,ds_smipoly_monomers,CID70978,csv:row=489;comID=CID70978,"2,4,5,6-tetrafluorobenzene-1,3-diamine",C1(=C(C(=C(C(=C1F)F)F)N)F)N,Nc1c(F)c(N)c(F)c(F)c1F,FXGQUGCFZKMIJW-UHFFFAOYSA-N,C6H4F4N2,C6H4F4N2,180.1,180.104,180.031061,0,12,0,0,2,0,0,0,0,diamine_chain_extender_candidate,rule_medium,amine_group_count>=2,tpuu_or_nipu_building_block,1,True,rdkit_validated,canonical_unique,BSD-3-Clause,reaction_rule_generated,candidate_structure,Gold-V,admitted_reference,0.0,,smipoly-rdkit-role-v1,2026.03.4
chemical_eab27bdc42a3d413,ds_smipoly_monomers,CID7835,csv:row=105;comID=CID7835,2-(chloromethyl)oxirane,C1C(O1)CCl,ClCC1CO1,BRLQWZUYTZBJKN-UHFFFAOYSA-N,C3H5ClO,C3H5ClO,92.52,92.525,92.002892,0,5,0,0,0,0,0,0,1,epoxy_polyol_precursor,rule_medium,epoxide_group_count>=1,polyol_synthesis_precursor,2,True,rdkit_validated,canonical_unique,BSD-3-Clause,reaction_rule_generated,candidate_structure,Gold-V,admitted_reference,0.0,,smipoly-rdkit-role-v1,2026.03.4
chemical_eadd504ae5f38164,ds_smipoly_monomers,CID23663682,csv:row=1061;comID=CID23663682,potassium;3-prop-2-enoyloxypropane-1-sulfonate,C=CC(=O)OCCCS(=O)(=O)[O-].[K+],C=CC(=O)OCCCS(=O)(=O)[O-].[K+],VSFOXJWBPGONDR-UHFFFAOYSA-M,C6H9KO5S,C6H9KO5S,232.3,232.298,231.980776,0,13,0,0,0,0,0,0,0,unclassified,none,no_supported_TPU_role_rule_matched,unresolved,9,False,rdkit_validated,canonical_unique,BSD-3-Clause,reaction_rule_generated,candidate_structure,Gold-V,admitted_reference,0.0,,smipoly-rdkit-role-v1,2026.03.4
chemical_eaf30f5267ed8ae0,ds_smipoly_monomers,CID75706,csv:row=535;comID=CID75706,"2,4,6,8-tetrakis(ethenyl)-2,4,6,8-tetramethyl-1,3,5,7,2,4,6,8-tetraoxatetrasilocane",C[Si]1(O[Si](O[Si](O[Si](O1)(C)C=C)(C)C=C)(C)C=C)C=C,C=C[Si]1(C)O[Si](C)(C=C)O[Si](C)(C=C)O[Si](C)(C=C)O1,VMAWODUEPLAHOE-UHFFFAOYSA-N,C12H24O4Si4,C12H24O4Si4,344.66,344.664,344.075165,0,20,0,0,0,0,0,0,0,unclassified,none,no_supported_TPU_role_rule_matched,unresolved,9,False,rdkit_validated,canonical_unique,BSD-3-Clause,reaction_rule_generated,candidate_structure,Gold-V,admitted_reference,0.0,,smipoly-rdkit-role-v1,2026.03.4
chemical_eb56dce975f3e131,ds_smipoly_monomers,CID67145,csv:row=435;comID=CID67145,5-[(3-carboxy-4-hydroxyphenyl)methyl]-2-hydroxybenzoic acid,C1=CC(=C(C=C1CC2=CC(=C(C=C2)O)C(=O)O)C(=O)O)O,O=C(O)c1cc(Cc2ccc(O)c(C(=O)O)c2)ccc1O,JWQFKVGACKJIAV-UHFFFAOYSA-N,C15H12O6,C15H12O6,288.25,288.255,288.063388,0,21,0,2,0,0,2,0,0,macrodiol_polyol_candidate,rule_medium,hydroxyl_group_count=2 and RDKit_MolWt>250,direct_tpu_building_block,1,True,rdkit_validated,canonical_unique,BSD-3-Clause,reaction_rule_generated,candidate_structure,Gold-V,admitted_reference,0.0,,smipoly-rdkit-role-v1,2026.03.4
chemical_eb5839bb6cd01e80,ds_smipoly_monomers,CID78179,csv:row=575;comID=CID78179,2-[2-(2-hydroxyethylamino)ethylamino]ethanol,C(CNCCO)NCCO,OCCNCCNCCO,GFIWSSUBVYLTRF-UHFFFAOYSA-N,C6H16N2O2,C6H16N2O2,148.2,148.206,148.121178,0,10,0,2,2,0,0,0,0,diol_chain_extender_candidate,rule_medium,hydroxyl_group_count=2 and RDKit_MolWt<=250,direct_tpu_building_block,1,True,rdkit_validated,canonical_unique,BSD-3-Clause,reaction_rule_generated,candidate_structure,Gold-V,admitted_reference,0.0,,smipoly-rdkit-role-v1,2026.03.4
chemical_eb593b3003b4b0dc,ds_smipoly_monomers,CID13223,csv:row=231;comID=CID13223,,C1C2C=CC1C3C2C(=O)OC3=O,O=C1OC(=O)C2C3C=CC(C3)C12,KNDQHSIWLOJIGP-UHFFFAOYSA-N,C9H8O3,C9H8O3,164.16,164.16,164.047344,0,12,0,0,0,0,0,0,0,unclassified,none,no_supported_TPU_role_rule_matched,unresolved,9,False,rdkit_validated,canonical_unique,BSD-3-Clause,reaction_rule_generated,candidate_structure,Gold-V,admitted_reference,0.0,,smipoly-rdkit-role-v1,2026.03.4
chemical_ebbd65e8deb95d3c,ds_smipoly_monomers,CID67930328,csv:row=1078;comID=CID67930328,"cyclohexane-1,4-diamine;dihydrochloride",C1CC(CCC1N)N.Cl.Cl,Cl.Cl.NC1CCC(N)CC1,LSWJXVMHLYPGPM-UHFFFAOYSA-N,C6H16Cl2N2,C6H16Cl2N2,187.11,187.114,186.069054,0,10,0,0,2,0,0,0,0,diamine_chain_extender_candidate,rule_medium,amine_group_count>=2,tpuu_or_nipu_building_block,1,True,rdkit_validated,canonical_unique,BSD-3-Clause,reaction_rule_generated,candidate_structure,Gold-V,admitted_reference,0.0,,smipoly-rdkit-role-v1,2026.03.4
chemical_ebe2b68e75676759,ds_smipoly_monomers,CID76469,csv:row=549;comID=CID76469,"1,1,1,3,3,3-hexafluoropropan-2-yl 2-methylprop-2-enoate",CC(=C)C(=O)OC(C(F)(F)F)C(F)(F)F,C=C(C)C(=O)OC(C(F)(F)F)C(F)(F)F,FMQPBWHSNCRVQJ-UHFFFAOYSA-N,C7H6F6O2,C7H6F6O2,236.11,236.111,236.027199,0,15,0,0,0,0,0,0,0,unclassified,none,no_supported_TPU_role_rule_matched,unresolved,9,False,rdkit_validated,canonical_unique,BSD-3-Clause,reaction_rule_generated,candidate_structure,Gold-V,admitted_reference,0.0,,smipoly-rdkit-role-v1,2026.03.4
chemical_ebe83c3d99234986,ds_smipoly_monomers,CID165887,csv:row=754;comID=CID165887,"propane-1,3-diamine;dihydrochloride",C(CN)CN.Cl.Cl,Cl.Cl.NCCCN,HYOCSVGEQMCOGE-UHFFFAOYSA-N,C3H12Cl2N2,C3H12Cl2N2,147.04,147.049,146.037754,0,7,0,0,2,0,0,0,0,diamine_chain_extender_candidate,rule_medium,amine_group_count>=2,tpuu_or_nipu_building_block,1,True,rdkit_validated,canonical_unique,BSD-3-Clause,reaction_rule_generated,candidate_structure,Gold-V,admitted_reference,0.0,,smipoly-rdkit-role-v1,2026.03.4
chemical_ec41226830e8a2eb,ds_smipoly_monomers,CID97875,csv:row=689;comID=CID97875,2-[(2-phenylphenoxy)methyl]oxirane,C1C(O1)COC2=CC=CC=C2C3=CC=CC=C3,c1ccc(-c2ccccc2OCC2CO2)cc1,DNVXWIINBUTFEP-UHFFFAOYSA-N,C15H14O2,C15H14O2,226.27,226.275,226.09938,0,17,0,0,0,0,0,0,1,epoxy_polyol_precursor,rule_medium,epoxide_group_count>=1,polyol_synthesis_precursor,2,True,rdkit_validated,canonical_unique,BSD-3-Clause,reaction_rule_generated,candidate_structure,Gold-V,admitted_reference,0.0,,smipoly-rdkit-role-v1,2026.03.4
chemical_ec46c0b73db05f0a,ds_smipoly_monomers,CID62475,csv:row=408;comID=CID62475,"3a,4,7,7a-tetrahydro-1H-indene",C1C=CCC2C1CC=C2,C1=CCC2CC=CC2C1,UFERIGCCDYCZLN-UHFFFAOYSA-N,C9H12,C9H12,120.19,120.195,120.0939,0,9,0,0,0,0,0,0,0,unclassified,none,no_supported_TPU_role_rule_matched,unresolved,9,False,rdkit_validated,canonical_unique,BSD-3-Clause,reaction_rule_generated,candidate_structure,Gold-V,admitted_reference,0.0,,smipoly-rdkit-role-v1,2026.03.4
chemical_ec47bec5d4a79893,ds_smipoly_monomers,CID136649,csv:row=739;comID=CID136649,bicyclo[3.2.1]oct-2-ene,C1CC2CC1CC=C2,C1=CC2CCC(C1)C2,YEHSTKKZWWSIMD-UHFFFAOYSA-N,C8H12,C8H12,108.18,108.184,108.0939,0,8,0,0,0,0,0,0,0,unclassified,none,no_supported_TPU_role_rule_matched,unresolved,9,False,rdkit_validated,canonical_unique,BSD-3-Clause,reaction_rule_generated,candidate_structure,Gold-V,admitted_reference,0.0,,smipoly-rdkit-role-v1,2026.03.4
chemical_ec7c945925210bc9,ds_smipoly_monomers,CID95116,csv:row=682;comID=CID95116,3-(2-carboxyethyldisulfanyl)propanoic acid,C(CSSCCC(=O)O)C(=O)O,O=C(O)CCSSCCC(=O)O,YCLSOMLVSHPPFV-UHFFFAOYSA-N,C6H10O4S2,C6H10O4S2,210.3,210.276,210.002051,0,12,0,0,0,0,2,0,0,polyester_polyol_precursor,rule_medium,carboxylic_acid_group_count>=2,polyol_synthesis_precursor,2,True,rdkit_validated,canonical_unique,BSD-3-Clause,reaction_rule_generated,candidate_structure,Gold-V,admitted_reference,0.0,,smipoly-rdkit-role-v1,2026.03.4
chemical_ec9142e012ab987a,ds_smipoly_monomers,CID8300,csv:row=139;comID=CID8300,2-methoxyprop-1-ene,CC(=C)OC,C=C(C)OC,YOWQWFMSQCOSBA-UHFFFAOYSA-N,C4H8O,C4H8O,72.11,72.107,72.057515,0,5,0,0,0,0,0,0,0,unclassified,none,no_supported_TPU_role_rule_matched,unresolved,9,False,rdkit_validated,canonical_unique,BSD-3-Clause,reaction_rule_generated,candidate_structure,Gold-V,admitted_reference,0.0,,smipoly-rdkit-role-v1,2026.03.4
chemical_ecb1a151136d1e1a,ds_smipoly_monomers,CID70677,csv:row=486;comID=CID70677,"5-[2-(1,3-dioxo-2-benzofuran-5-yl)-1,1,1,3,3,3-hexafluoropropan-2-yl]-2-benzofuran-1,3-dione",C1=CC2=C(C=C1C(C3=CC4=C(C=C3)C(=O)OC4=O)(C(F)(F)F)C(F)(F)F)C(=O)OC2=O,O=C1OC(=O)c2cc(C(c3ccc4c(c3)C(=O)OC4=O)(C(F)(F)F)C(F)(F)F)ccc21,QHHKLPCQTTWFSS-UHFFFAOYSA-N,C19H6F6O6,C19H6F6O6,444.2,444.239,444.006857,0,31,0,0,0,0,0,0,0,unclassified,none,no_supported_TPU_role_rule_matched,unresolved,9,False,rdkit_validated,canonical_unique,BSD-3-Clause,reaction_rule_generated,candidate_structure,Gold-V,admitted_reference,0.0,,smipoly-rdkit-role-v1,2026.03.4
chemical_eccc610857190e96,ds_smipoly_monomers,CID51346158,csv:row=1069;comID=CID51346158,"4-oxopyran-2,6-dicarboxylic acid;hydrate",C1=C(OC(=CC1=O)C(=O)O)C(=O)O.O,O.O=C(O)c1cc(=O)cc(C(=O)O)o1,KJZJAKSEIQOKAK-UHFFFAOYSA-N,C7H6O7,C7H6O7,202.12,202.118,202.011353,0,14,0,0,0,0,2,0,0,polyester_polyol_precursor,rule_medium,carboxylic_acid_group_count>=2,polyol_synthesis_precursor,2,True,rdkit_validated,canonical_unique,BSD-3-Clause,reaction_rule_generated,candidate_structure,Gold-V,admitted_reference,0.0,,smipoly-rdkit-role-v1,2026.03.4
chemical_ecce1d2989630d00,ds_smipoly_monomers,CID4071898,csv:row=923;comID=CID4071898,"3,7-dibromodibenzothiophene 5,5-dioxide",C1=CC2=C(C=C1Br)S(=O)(=O)C3=C2C=CC(=C3)Br,O=S1(=O)c2cc(Br)ccc2-c2ccc(Br)cc21,LUDZJVZEBHTEBB-UHFFFAOYSA-N,C12H6Br2O2S,C12H6Br2O2S,374.05,374.053,371.845525,0,17,0,0,0,0,0,0,0,unclassified,none,no_supported_TPU_role_rule_matched,unresolved,9,False,rdkit_validated,canonical_unique,BSD-3-Clause,reaction_rule_generated,candidate_structure,Gold-V,admitted_reference,0.0,,smipoly-rdkit-role-v1,2026.03.4
chemical_ecd5fd40a6c93dea,ds_smipoly_monomers,CID21202,csv:row=352;comID=CID21202,1-isocyanato-4-[(4-isocyanatocyclohexyl)methyl]cyclohexane,C1CC(CCC1CC2CCC(CC2)N=C=O)N=C=O,O=C=NC1CCC(CC2CCC(N=C=O)CC2)CC1,KORSJDCBLAPZEQ-UHFFFAOYSA-N,C15H22N2O2,C15H22N2O2,262.35,262.353,262.168128,0,19,2,0,0,0,0,0,0,di_polyisocyanate_candidate,rule_high,isocyanate_group_count>=2,direct_tpu_building_block,1,True,rdkit_validated,canonical_unique,BSD-3-Clause,reaction_rule_generated,candidate_structure,Gold-V,admitted_reference,0.0,,smipoly-rdkit-role-v1,2026.03.4
chemical_ece0b791de5321e1,ds_smipoly_monomers,CID7064,csv:row=59;comID=CID7064,"6-phenyl-1,3,5-triazine-2,4-diamine",C1=CC=C(C=C1)C2=NC(=NC(=N2)N)N,Nc1nc(N)nc(-c2ccccc2)n1,GZVHEAJQGPRDLQ-UHFFFAOYSA-N,C9H9N5,C9H9N5,187.2,187.206,187.085795,0,14,0,0,2,0,0,0,0,diamine_chain_extender_candidate,rule_medium,amine_group_count>=2,tpuu_or_nipu_building_block,1,True,rdkit_validated,canonical_unique,BSD-3-Clause,reaction_rule_generated,candidate_structure,Gold-V,admitted_reference,0.0,,smipoly-rdkit-role-v1,2026.03.4
chemical_ece16231b8558a51,ds_smipoly_monomers,CID75096,csv:row=517;comID=CID75096,"1,1,1,3,3,3-hexafluoropropan-2-yl prop-2-enoate",C=CC(=O)OC(C(F)(F)F)C(F)(F)F,C=CC(=O)OC(C(F)(F)F)C(F)(F)F,MNSWITGNWZSAMC-UHFFFAOYSA-N,C6H4F6O2,C6H4F6O2,222.08,222.084,222.011549,0,14,0,0,0,0,0,0,0,unclassified,none,no_supported_TPU_role_rule_matched,unresolved,9,False,rdkit_validated,canonical_unique,BSD-3-Clause,reaction_rule_generated,candidate_structure,Gold-V,admitted_reference,0.0,,smipoly-rdkit-role-v1,2026.03.4
chemical_ed57ef8930bbe1cd,ds_smipoly_monomers,CID10352,csv:row=172;comID=CID10352,bicyclo[2.2.1]hept-2-ene,C1CC2CC1C=C2,C1=CC2CCC1C2,JFNLZVQOOSMTJK-UHFFFAOYSA-N,C7H10,C7H10,94.15,94.157,94.07825,0,7,0,0,0,0,0,0,0,unclassified,none,no_supported_TPU_role_rule_matched,unresolved,9,False,rdkit_validated,canonical_unique,BSD-3-Clause,reaction_rule_generated,candidate_structure,Gold-V,admitted_reference,0.0,,smipoly-rdkit-role-v1,2026.03.4
chemical_ed6382734c1a941d,ds_smipoly_monomers,CID70004,csv:row=475;comID=CID70004,1-ethenylnaphthalene,C=CC1=CC=CC2=CC=CC=C21,C=Cc1cccc2ccccc12,IGGDKDTUCAWDAN-UHFFFAOYSA-N,C12H10,C12H10,154.21,154.212,154.07825,0,12,0,0,0,0,0,0,0,unclassified,none,no_supported_TPU_role_rule_matched,unresolved,9,False,rdkit_validated,canonical_unique,BSD-3-Clause,reaction_rule_generated,candidate_structure,Gold-V,admitted_reference,0.0,,smipoly-rdkit-role-v1,2026.03.4
chemical_edc64b725a8b0eaf,ds_smipoly_monomers,CID67829,csv:row=445;comID=CID67829,"2,2,3,3,4,4,5,5-octafluoropentyl prop-2-enoate",C=CC(=O)OCC(C(C(C(F)F)(F)F)(F)F)(F)F,C=CC(=O)OCC(F)(F)C(F)(F)C(F)(F)C(F)F,WISUNKZXQSKYMR-UHFFFAOYSA-N,C8H6F8O2,C8H6F8O2,286.12,286.118,286.024005,0,18,0,0,0,0,0,0,0,unclassified,none,no_supported_TPU_role_rule_matched,unresolved,9,False,rdkit_validated,canonical_unique,BSD-3-Clause,reaction_rule_generated,candidate_structure,Gold-V,admitted_reference,0.0,,smipoly-rdkit-role-v1,2026.03.4
chemical_edcf3fdf54cc420b,ds_smipoly_monomers,CID18503,csv:row=333;comID=CID18503,"1,5-diisocyanatonaphthalene",C1=CC2=C(C=CC=C2N=C=O)C(=C1)N=C=O,O=C=Nc1cccc2c(N=C=O)cccc12,SBJCUZQNHOLYMD-UHFFFAOYSA-N,C12H6N2O2,C12H6N2O2,210.19,210.192,210.042927,0,16,2,0,0,0,0,0,0,di_polyisocyanate_candidate,rule_high,isocyanate_group_count>=2,direct_tpu_building_block,1,True,rdkit_validated,canonical_unique,BSD-3-Clause,reaction_rule_generated,candidate_structure,Gold-V,admitted_reference,0.0,,smipoly-rdkit-role-v1,2026.03.4
chemical_edf677d01cde4015,ds_smipoly_monomers,CID10130244,csv:row=962;comID=CID10130244,"(2,5-dioxopyrrolidin-1-yl) 2-methylprop-2-enoate",CC(=C)C(=O)ON1C(=O)CCC1=O,C=C(C)C(=O)ON1C(=O)CCC1=O,ACGJEMXWUYWELU-UHFFFAOYSA-N,C8H9NO4,C8H9NO4,183.16,183.163,183.053158,0,13,0,0,0,0,0,0,0,unclassified,none,no_supported_TPU_role_rule_matched,unresolved,9,False,rdkit_validated,canonical_unique,BSD-3-Clause,reaction_rule_generated,candidate_structure,Gold-V,admitted_reference,0.0,,smipoly-rdkit-role-v1,2026.03.4
chemical_ee1efe4d6e6308d8,ds_smipoly_monomers,CID77358,csv:row=568;comID=CID77358,4-[2-(4-carboxyphenoxy)ethoxy]benzoic acid,C1=CC(=CC=C1C(=O)O)OCCOC2=CC=C(C=C2)C(=O)O,O=C(O)c1ccc(OCCOc2ccc(C(=O)O)cc2)cc1,VAXBLYWAVAIJJJ-UHFFFAOYSA-N,C16H14O6,C16H14O6,302.28,302.282,302.079038,0,22,0,0,0,0,2,0,0,polyester_polyol_precursor,rule_medium,carboxylic_acid_group_count>=2,polyol_synthesis_precursor,2,True,rdkit_validated,canonical_unique,BSD-3-Clause,reaction_rule_generated,candidate_structure,Gold-V,admitted_reference,0.0,,smipoly-rdkit-role-v1,2026.03.4
chemical_ee264311bf9eed65,ds_smipoly_monomers,CID107983,csv:row=715;comID=CID107983,,CC1C(=O)OC(C(=O)O1)C,CC1OC(=O)C(C)OC1=O,JJTUDXZGHPGLLC-UHFFFAOYSA-N,C6H8O4,C6H8O4,144.12,144.126,144.042259,0,10,0,0,0,0,0,0,0,unclassified,none,no_supported_TPU_role_rule_matched,unresolved,9,False,rdkit_validated,canonical_unique,BSD-3-Clause,reaction_rule_generated,candidate_structure,Gold-V,admitted_reference,0.0,,smipoly-rdkit-role-v1,2026.03.4
chemical_ee63d4e9e8f149d9,ds_smipoly_monomers,CID3292101,csv:row=911;comID=CID3292101,4-[2-[3-[2-(4-aminophenyl)propan-2-yl]phenyl]propan-2-yl]aniline,CC(C)(C1=CC=C(C=C1)N)C2=CC(=CC=C2)C(C)(C)C3=CC=C(C=C3)N,CC(C)(c1ccc(N)cc1)c1cccc(C(C)(C)c2ccc(N)cc2)c1,KWOIWTRRPFHBSI-UHFFFAOYSA-N,C24H28N2,C24H28N2,344.5,344.502,344.225249,0,26,0,0,2,0,0,0,0,diamine_chain_extender_candidate,rule_medium,amine_group_count>=2,tpuu_or_nipu_building_block,1,True,rdkit_validated,canonical_unique,BSD-3-Clause,reaction_rule_generated,candidate_structure,Gold-V,admitted_reference,0.0,,smipoly-rdkit-role-v1,2026.03.4
chemical_ee83a2e2b8741950,ds_smipoly_monomers,CID6626,csv:row=47;comID=CID6626,4-(4-hydroxyphenyl)sulfonylphenol,C1=CC(=CC=C1O)S(=O)(=O)C2=CC=C(C=C2)O,O=S(=O)(c1ccc(O)cc1)c1ccc(O)cc1,VPWNQTHUCYMVMZ-UHFFFAOYSA-N,C12H10O4S,C12H10O4S,250.27,250.275,250.02998,0,17,0,2,0,0,0,0,0,macrodiol_polyol_candidate,rule_medium,hydroxyl_group_count=2 and RDKit_MolWt>250,direct_tpu_building_block,1,True,rdkit_validated,canonical_unique,BSD-3-Clause,reaction_rule_generated,candidate_structure,Gold-V,admitted_reference,0.0,,smipoly-rdkit-role-v1,2026.03.4
chemical_eea94d707bb02d8a,ds_smipoly_monomers,CID13589,csv:row=241;comID=CID13589,2-(methoxymethyl)oxirane,COCC1CO1,COCC1CO1,LKMJVFRMDSNFRT-UHFFFAOYSA-N,C4H8O2,C4H8O2,88.11,88.106,88.052429,0,6,0,0,0,0,0,0,1,epoxy_polyol_precursor,rule_medium,epoxide_group_count>=1,polyol_synthesis_precursor,2,True,rdkit_validated,canonical_unique,BSD-3-Clause,reaction_rule_generated,candidate_structure,Gold-V,admitted_reference,0.0,,smipoly-rdkit-role-v1,2026.03.4
chemical_eeb2c486f0cac3a7,ds_smipoly_monomers,CID2734393,csv:row=879;comID=CID2734393,(4-ethenylphenyl)boronic acid,B(C1=CC=C(C=C1)C=C)(O)O,C=Cc1ccc(B(O)O)cc1,QWMJEUJXWVZSAG-UHFFFAOYSA-N,C8H9BO2,C8H9BO2,147.97,147.97,148.06956,0,11,0,2,0,0,0,0,0,diol_chain_extender_candidate,rule_medium,hydroxyl_group_count=2 and RDKit_MolWt<=250,direct_tpu_building_block,1,True,rdkit_validated,canonical_unique,BSD-3-Clause,reaction_rule_generated,candidate_structure,Gold-V,admitted_reference,0.0,,smipoly-rdkit-role-v1,2026.03.4
chemical_eee287815bd6121e,ds_smipoly_monomers,CID78950,csv:row=584;comID=CID78950,"3-prop-2-enoxypropane-1,2-diol",C=CCOCC(CO)O,C=CCOCC(O)CO,PAKCOSURAUIXFG-UHFFFAOYSA-N,C6H12O3,C6H12O3,132.16,132.159,132.078644,0,9,0,2,0,0,0,0,0,diol_chain_extender_candidate,rule_medium,hydroxyl_group_count=2 and RDKit_MolWt<=250,direct_tpu_building_block,1,True,rdkit_validated,canonical_unique,BSD-3-Clause,reaction_rule_generated,candidate_structure,Gold-V,admitted_reference,0.0,,smipoly-rdkit-role-v1,2026.03.4
chemical_ef254156081d1f94,ds_smipoly_monomers,CID88990,csv:row=657;comID=CID88990,"3,3,4,4,5,5,6,6,7,7,8,8,9,9,10,10,10-heptadecafluorodec-1-ene",C=CC(C(C(C(C(C(C(C(F)(F)F)(F)F)(F)F)(F)F)(F)F)(F)F)(F)F)(F)F,C=CC(F)(F)C(F)(F)C(F)(F)C(F)(F)C(F)(F)C(F)(F)C(F)(F)C(F)(F)F,NKAMGQZDVMQEJL-UHFFFAOYSA-N,C10H3F17,C10H3F17,446.1,446.1,445.99633,0,27,0,0,0,0,0,0,0,unclassified,none,no_supported_TPU_role_rule_matched,unresolved,9,False,rdkit_validated,canonical_unique,BSD-3-Clause,reaction_rule_generated,candidate_structure,Gold-V,admitted_reference,0.0,,smipoly-rdkit-role-v1,2026.03.4
chemical_ef84e68ab5816950,ds_smipoly_monomers,CID107280,csv:row=713;comID=CID107280,"4,9-dioxatricyclo[5.3.0.02,6]decane-3,5,8,10-tetrone",C12C(C3C1C(=O)OC3=O)C(=O)OC2=O,O=C1OC(=O)C2C1C1C(=O)OC(=O)C21,YGYCECQIOXZODZ-UHFFFAOYSA-N,C8H4O6,C8H4O6,196.11,196.114,196.000788,0,14,0,0,0,0,0,0,0,unclassified,none,no_supported_TPU_role_rule_matched,unresolved,9,False,rdkit_validated,canonical_unique,BSD-3-Clause,reaction_rule_generated,candidate_structure,Gold-V,admitted_reference,0.0,,smipoly-rdkit-role-v1,2026.03.4
chemical_efb4b938001d8836,ds_smipoly_monomers,CID137020,csv:row=742;comID=CID137020,ethyl prop-2-enyl carbonate,CCOC(=O)OCC=C,C=CCOC(=O)OCC,BGSFCOHRQUBESL-UHFFFAOYSA-N,C6H10O3,C6H10O3,130.14,130.143,130.062994,0,9,0,0,0,0,0,0,0,unclassified,none,no_supported_TPU_role_rule_matched,unresolved,9,False,rdkit_validated,canonical_unique,BSD-3-Clause,reaction_rule_generated,candidate_structure,Gold-V,admitted_reference,0.0,,smipoly-rdkit-role-v1,2026.03.4
chemical_efd7054bb9893f55,ds_smipoly_monomers,CID6955,csv:row=55;comID=CID6955,"benzene-1,2-dicarbonyl chloride",C1=CC=C(C(=C1)C(=O)Cl)C(=O)Cl,O=C(Cl)c1ccccc1C(=O)Cl,FYXKZNLBZKRYSS-UHFFFAOYSA-N,C8H4Cl2O2,C8H4Cl2O2,203.02,203.024,201.958835,0,12,0,0,0,0,0,0,0,unclassified,none,no_supported_TPU_role_rule_matched,unresolved,9,False,rdkit_validated,canonical_unique,BSD-3-Clause,reaction_rule_generated,candidate_structure,Gold-V,admitted_reference,0.0,,smipoly-rdkit-role-v1,2026.03.4
chemical_f0c80bec25d1a932,ds_smipoly_monomers,CID175191,csv:row=767;comID=CID175191,12-(2-methylprop-2-enoyloxy)dodecyl 2-methylprop-2-enoate,CC(=C)C(=O)OCCCCCCCCCCCCOC(=O)C(=C)C,C=C(C)C(=O)OCCCCCCCCCCCCOC(=O)C(=C)C,HYQASEVIBPSPMK-UHFFFAOYSA-N,C20H34O4,C20H34O4,338.5,338.488,338.24571,0,24,0,0,0,0,0,0,0,unclassified,none,no_supported_TPU_role_rule_matched,unresolved,9,False,rdkit_validated,canonical_unique,BSD-3-Clause,reaction_rule_generated,candidate_structure,Gold-V,admitted_reference,0.0,,smipoly-rdkit-role-v1,2026.03.4
chemical_f0e72feda67fae37,ds_smipoly_monomers,CID15606295,csv:row=1032;comID=CID15606295,(4-ethenylphenyl)-trimethoxysilane,CO[Si](C1=CC=C(C=C1)C=C)(OC)OC,C=Cc1ccc([Si](OC)(OC)OC)cc1,LTQBNYCMVZQRSD-UHFFFAOYSA-N,C11H16O3Si,C11H16O3Si,224.33,224.332,224.086871,0,15,0,0,0,0,0,0,0,unclassified,none,no_supported_TPU_role_rule_matched,unresolved,9,False,rdkit_validated,canonical_unique,BSD-3-Clause,reaction_rule_generated,candidate_structure,Gold-V,admitted_reference,0.0,,smipoly-rdkit-role-v1,2026.03.4
chemical_f162088bc778aa64,ds_smipoly_monomers,CID81729,csv:row=602;comID=CID81729,3-[4-(3-aminopropoxy)butoxy]propan-1-amine,C(CCOCCCN)COCCCN,NCCCOCCCCOCCCN,YOOSAIJKYCBPFW-UHFFFAOYSA-N,C10H24N2O2,C10H24N2O2,204.31,204.314,204.183778,0,14,0,0,2,0,0,0,0,diamine_chain_extender_candidate,rule_medium,amine_group_count>=2,tpuu_or_nipu_building_block,1,True,rdkit_validated,canonical_unique,BSD-3-Clause,reaction_rule_generated,candidate_structure,Gold-V,admitted_reference,0.0,,smipoly-rdkit-role-v1,2026.03.4
chemical_f17600b6ba246d4e,ds_smipoly_monomers,CID102529357,csv:row=1081;comID=CID102529357,trimethoxy-[8-(oxiran-2-ylmethoxy)octyl]silane,CO[Si](CCCCCCCCOCC1CO1)(OC)OC,CO[Si](CCCCCCCCOCC1CO1)(OC)OC,QYJYJTDXBIYRHH-UHFFFAOYSA-N,C14H30O5Si,C14H30O5Si,306.47,306.475,306.186251,0,20,0,0,0,0,0,0,1,epoxy_polyol_precursor,rule_medium,epoxide_group_count>=1,polyol_synthesis_precursor,2,True,rdkit_validated,canonical_unique,BSD-3-Clause,reaction_rule_generated,candidate_structure,Gold-V,admitted_reference,0.0,,smipoly-rdkit-role-v1,2026.03.4
chemical_f18acde465d8ebb3,ds_smipoly_monomers,CID77260,csv:row=563;comID=CID77260,2-phenylethyl 2-methylprop-2-enoate,CC(=C)C(=O)OCCC1=CC=CC=C1,C=C(C)C(=O)OCCc1ccccc1,ILZXXGLGJZQLTR-UHFFFAOYSA-N,C12H14O2,C12H14O2,190.24,190.242,190.09938,0,14,0,0,0,0,0,0,0,unclassified,none,no_supported_TPU_role_rule_matched,unresolved,9,False,rdkit_validated,canonical_unique,BSD-3-Clause,reaction_rule_generated,candidate_structure,Gold-V,admitted_reference,0.0,,smipoly-rdkit-role-v1,2026.03.4
chemical_f1a6394b29d6d93d,ds_smipoly_monomers,CID67691,csv:row=442;comID=CID67691,1-ethenyl-3-fluorobenzene,C=CC1=CC(=CC=C1)F,C=Cc1cccc(F)c1,ZJSKEGAHBAHFON-UHFFFAOYSA-N,C8H7F,C8H7F,122.14,122.142,122.053178,0,9,0,0,0,0,0,0,0,unclassified,none,no_supported_TPU_role_rule_matched,unresolved,9,False,rdkit_validated,canonical_unique,BSD-3-Clause,reaction_rule_generated,candidate_structure,Gold-V,admitted_reference,0.0,,smipoly-rdkit-role-v1,2026.03.4
chemical_f25d473253301968,ds_smipoly_monomers,CID7704,csv:row=94;comID=CID7704,5-butyloxolan-2-one,CCCCC1CCC(=O)O1,CCCCC1CCC(=O)O1,IPBFYZQJXZJBFQ-UHFFFAOYSA-N,C8H14O2,C8H14O2,142.2,142.198,142.09938,0,10,0,0,0,0,0,0,0,unclassified,none,no_supported_TPU_role_rule_matched,unresolved,9,False,rdkit_validated,canonical_unique,BSD-3-Clause,reaction_rule_generated,candidate_structure,Gold-V,admitted_reference,0.0,,smipoly-rdkit-role-v1,2026.03.4
chemical_f25ee56de4366915,ds_smipoly_monomers,CID90035,csv:row=663;comID=CID90035,[4-(hydroxymethyl)-3-nitrophenyl]methanol,C1=CC(=C(C=C1CO)[N+](=O)[O-])CO,O=[N+]([O-])c1cc(CO)ccc1CO,KWVHOBYJXDKIPL-UHFFFAOYSA-N,C8H9NO4,C8H9NO4,183.16,183.163,183.053158,0,13,0,2,0,0,0,0,0,diol_chain_extender_candidate,rule_medium,hydroxyl_group_count=2 and RDKit_MolWt<=250,direct_tpu_building_block,1,True,rdkit_validated,canonical_unique,BSD-3-Clause,reaction_rule_generated,candidate_structure,Gold-V,admitted_reference,0.0,,smipoly-rdkit-role-v1,2026.03.4
chemical_f2bd4849bb24109c,ds_smipoly_monomers,CID11126977,csv:row=982;comID=CID11126977,"(2-oxo-1,3-dioxolan-4-yl)methyl 2-methylprop-2-enoate",CC(=C)C(=O)OCC1COC(=O)O1,C=C(C)C(=O)OCC1COC(=O)O1,NUTJVZGIRRFKKI-UHFFFAOYSA-N,C8H10O5,C8H10O5,186.16,186.163,186.052823,0,13,0,0,0,0,0,1,0,cyclic_carbonate_nipu_precursor,rule_medium,cyclic_carbonate_group_count>=1,tpuu_or_nipu_building_block,2,True,rdkit_validated,canonical_unique,BSD-3-Clause,reaction_rule_generated,candidate_structure,Gold-V,admitted_reference,0.0,,smipoly-rdkit-role-v1,2026.03.4
chemical_f37fbe3b9388f45f,ds_smipoly_monomers,CID76950,csv:row=558;comID=CID76950,4-(4-chlorosulfonylphenyl)benzenesulfonyl chloride,C1=CC(=CC=C1C2=CC=C(C=C2)S(=O)(=O)Cl)S(=O)(=O)Cl,O=S(=O)(Cl)c1ccc(-c2ccc(S(=O)(=O)Cl)cc2)cc1,OTFAWEIFBPUXOH-UHFFFAOYSA-N,C12H8Cl2O4S2,C12H8Cl2O4S2,351.2,351.232,349.924106,0,20,0,0,0,0,0,0,0,unclassified,none,no_supported_TPU_role_rule_matched,unresolved,9,False,rdkit_validated,canonical_unique,BSD-3-Clause,reaction_rule_generated,candidate_structure,Gold-V,admitted_reference,0.0,,smipoly-rdkit-role-v1,2026.03.4
chemical_f3abfe603285b884,ds_smipoly_monomers,CID504243,csv:row=806;comID=CID504243,"(1R,2S)-cyclohex-4-ene-1,2-dicarboxylic acid",C1C=CCC(C1C(=O)O)C(=O)O,O=C(O)C1CC=CCC1C(=O)O,ILUAAIDVFMVTAU-UHFFFAOYSA-N,C8H10O4,C8H10O4,170.16,170.164,170.057909,0,12,0,0,0,0,2,0,0,polyester_polyol_precursor,rule_medium,carboxylic_acid_group_count>=2,polyol_synthesis_precursor,2,True,rdkit_validated,canonical_unique,BSD-3-Clause,reaction_rule_generated,candidate_structure,Gold-V,admitted_reference,0.0,,smipoly-rdkit-role-v1,2026.03.4
chemical_f3b1a37d5eaf7174,ds_smipoly_monomers,CID5702690,csv:row=944;comID=CID5702690,disodium;5-isothiocyanato-2-[(E)-2-(4-isothiocyanato-2-sulfonatophenyl)ethenyl]benzenesulfonate,C1=CC(=C(C=C1N=C=S)S(=O)(=O)[O-])C=CC2=C(C=C(C=C2)N=C=S)S(=O)(=O)[O-].[Na+].[Na+],O=S(=O)([O-])c1cc(N=C=S)ccc1C=Cc1ccc(N=C=S)cc1S(=O)(=O)[O-].[Na+].[Na+],GEPAYBXVXXBSKP-UHFFFAOYSA-L,C16H8N2Na2O6S4,C16H8N2Na2O6S4,498.5,498.496,497.906059,0,30,0,0,0,0,0,0,0,unclassified,none,no_supported_TPU_role_rule_matched,unresolved,9,False,rdkit_validated,canonical_unique,BSD-3-Clause,reaction_rule_generated,candidate_structure,Gold-V,admitted_reference,0.0,,smipoly-rdkit-role-v1,2026.03.4
chemical_f3d81c73fec692d6,ds_smipoly_monomers,CID2406,csv:row=18;comID=CID2406,"2,4-dichloro-6-(3,5-dichloro-2-hydroxyphenyl)sulfanylphenol",C1=C(C=C(C(=C1SC2=C(C(=CC(=C2)Cl)Cl)O)O)Cl)Cl,Oc1c(Cl)cc(Cl)cc1Sc1cc(Cl)cc(Cl)c1O,JFIOVJDNOJYLKP-UHFFFAOYSA-N,C12H6Cl4O2S,C12H6Cl4O2S,356.0,356.057,353.884261,0,19,0,2,0,0,0,0,0,macrodiol_polyol_candidate,rule_medium,hydroxyl_group_count=2 and RDKit_MolWt>250,direct_tpu_building_block,1,True,rdkit_validated,canonical_unique,BSD-3-Clause,reaction_rule_generated,candidate_structure,Gold-V,admitted_reference,0.0,,smipoly-rdkit-role-v1,2026.03.4
chemical_f40542a1e13fa3fe,ds_smipoly_monomers,CID8105,csv:row=130;comID=CID8105,"pentane-1,5-diol",C(CCO)CCO,OCCCCCO,ALQSHHUCVQOPAS-UHFFFAOYSA-N,C5H12O2,C5H12O2,104.15,104.149,104.08373,0,7,0,2,0,0,0,0,0,diol_chain_extender_candidate,rule_medium,hydroxyl_group_count=2 and RDKit_MolWt<=250,direct_tpu_building_block,1,True,rdkit_validated,canonical_unique,BSD-3-Clause,reaction_rule_generated,candidate_structure,Gold-V,admitted_reference,0.0,,smipoly-rdkit-role-v1,2026.03.4
chemical_f40b1b44bdeb731e,ds_smipoly_monomers,CID31266,csv:row=378;comID=CID31266,prop-2-enyl hexanoate,CCCCCC(=O)OCC=C,C=CCOC(=O)CCCCC,RCSBILYQLVXLJG-UHFFFAOYSA-N,C9H16O2,C9H16O2,156.22,156.225,156.11503,0,11,0,0,0,0,0,0,0,unclassified,none,no_supported_TPU_role_rule_matched,unresolved,9,False,rdkit_validated,canonical_unique,BSD-3-Clause,reaction_rule_generated,candidate_structure,Gold-V,admitted_reference,0.0,,smipoly-rdkit-role-v1,2026.03.4
chemical_f44fdef98df9805f,ds_smipoly_monomers,CID18814,csv:row=336;comID=CID18814,,C1CC(CC(C1)N)N,NC1CCCC(N)C1,GEQHKFFSPGPGLN-UHFFFAOYSA-N,C6H14N2,C6H14N2,114.19,114.192,114.115698,0,8,0,0,2,0,0,0,0,diamine_chain_extender_candidate,rule_medium,amine_group_count>=2,tpuu_or_nipu_building_block,1,True,rdkit_validated,canonical_unique,BSD-3-Clause,reaction_rule_generated,candidate_structure,Gold-V,admitted_reference,0.0,,smipoly-rdkit-role-v1,2026.03.4
chemical_f4a99f019603930d,ds_smipoly_monomers,CID91384,csv:row=665;comID=CID91384,"3,3,4,4,5,5,6,6,7,7,8,8,8-tridecafluorooct-1-ene",C=CC(C(C(C(C(C(F)(F)F)(F)F)(F)F)(F)F)(F)F)(F)F,C=CC(F)(F)C(F)(F)C(F)(F)C(F)(F)C(F)(F)C(F)(F)F,FYQFWFHDPNXORA-UHFFFAOYSA-N,C8H3F13,C8H3F13,346.09,346.086,346.002717,0,21,0,0,0,0,0,0,0,unclassified,none,no_supported_TPU_role_rule_matched,unresolved,9,False,rdkit_validated,canonical_unique,BSD-3-Clause,reaction_rule_generated,candidate_structure,Gold-V,admitted_reference,0.0,,smipoly-rdkit-role-v1,2026.03.4
chemical_f4fe609c1a729896,ds_smipoly_monomers,CID66537,csv:row=431;comID=CID66537,4-(4-amino-2-methylphenyl)-3-methylaniline,CC1=C(C=CC(=C1)N)C2=C(C=C(C=C2)N)C,Cc1cc(N)ccc1-c1ccc(N)cc1C,QYIMZXITLDTULQ-UHFFFAOYSA-N,C14H16N2,C14H16N2,212.29,212.296,212.131349,0,16,0,0,2,0,0,0,0,diamine_chain_extender_candidate,rule_medium,amine_group_count>=2,tpuu_or_nipu_building_block,1,True,rdkit_validated,canonical_unique,BSD-3-Clause,reaction_rule_generated,candidate_structure,Gold-V,admitted_reference,0.0,,smipoly-rdkit-role-v1,2026.03.4
chemical_f59a0ec9b5c263ad,ds_smipoly_monomers,CID10891950,csv:row=967;comID=CID10891950,"2,2-dioctylpropane-1,3-diol",CCCCCCCCC(CCCCCCCC)(CO)CO,CCCCCCCCC(CO)(CO)CCCCCCCC,NFPNQEAEXIXGNY-UHFFFAOYSA-N,C19H40O2,C19H40O2,300.5,300.527,300.302831,0,21,0,2,0,0,0,0,0,macrodiol_polyol_candidate,rule_medium,hydroxyl_group_count=2 and RDKit_MolWt>250,direct_tpu_building_block,1,True,rdkit_validated,canonical_unique,BSD-3-Clause,reaction_rule_generated,candidate_structure,Gold-V,admitted_reference,0.0,,smipoly-rdkit-role-v1,2026.03.4
chemical_f5c7b071ebe7a0b2,ds_smipoly_monomers,CID95073,csv:row=681;comID=CID95073,"naphthalene-2,3-dicarboxylic acid",C1=CC=C2C=C(C(=CC2=C1)C(=O)O)C(=O)O,O=C(O)c1cc2ccccc2cc1C(=O)O,KHARCSTZAGNHOT-UHFFFAOYSA-N,C12H8O4,C12H8O4,216.19,216.192,216.042259,0,16,0,0,0,0,2,0,0,polyester_polyol_precursor,rule_medium,carboxylic_acid_group_count>=2,polyol_synthesis_precursor,2,True,rdkit_validated,canonical_unique,BSD-3-Clause,reaction_rule_generated,candidate_structure,Gold-V,admitted_reference,0.0,,smipoly-rdkit-role-v1,2026.03.4
chemical_f61d949833205122,ds_smipoly_monomers,CID5062351,csv:row=937;comID=CID5062351,(2-hydroxy-3-prop-2-enoyloxypropyl) 2-methylprop-2-enoate,CC(=C)C(=O)OCC(COC(=O)C=C)O,C=CC(=O)OCC(O)COC(=O)C(=C)C,ZODNDDPVCIAZIQ-UHFFFAOYSA-N,C10H14O5,C10H14O5,214.21,214.217,214.084124,0,15,0,1,0,0,0,0,0,monool_model_compound,rule_medium,hydroxyl_group_count=1,adjacent_model_compound,3,True,rdkit_validated,canonical_unique,BSD-3-Clause,reaction_rule_generated,candidate_structure,Gold-V,admitted_reference,0.0,,smipoly-rdkit-role-v1,2026.03.4
chemical_f667b4900515e462,ds_smipoly_monomers,CID74870,csv:row=512;comID=CID74870,1-bromo-3-ethenylbenzene,C=CC1=CC(=CC=C1)Br,C=Cc1cccc(Br)c1,KQJQPCJDKBKSLV-UHFFFAOYSA-N,C8H7Br,C8H7Br,183.04,183.048,181.973112,0,9,0,0,0,0,0,0,0,unclassified,none,no_supported_TPU_role_rule_matched,unresolved,9,False,rdkit_validated,canonical_unique,BSD-3-Clause,reaction_rule_generated,candidate_structure,Gold-V,admitted_reference,0.0,,smipoly-rdkit-role-v1,2026.03.4
chemical_f69abea1d8bf308a,ds_smipoly_monomers,CID4246116,csv:row=926;comID=CID4246116,4-[(4-carbonochloridoylphenyl)diazenyl]benzoyl chloride,C1=CC(=CC=C1C(=O)Cl)N=NC2=CC=C(C=C2)C(=O)Cl,O=C(Cl)c1ccc(N=Nc2ccc(C(=O)Cl)cc2)cc1,ASOXKYGOZZTVHL-UHFFFAOYSA-N,C14H8Cl2N2O2,C14H8Cl2N2O2,307.1,307.136,305.996283,0,20,0,0,0,0,0,0,0,unclassified,none,no_supported_TPU_role_rule_matched,unresolved,9,False,rdkit_validated,canonical_unique,BSD-3-Clause,reaction_rule_generated,candidate_structure,Gold-V,admitted_reference,0.0,,smipoly-rdkit-role-v1,2026.03.4
chemical_f6bb93c0e2495275,ds_smipoly_monomers,CID18392,csv:row=330;comID=CID18392,2-methoxyethyl prop-2-enoate,COCCOC(=O)C=C,C=CC(=O)OCCOC,HFCUBKYHMMPGBY-UHFFFAOYSA-N,C6H10O3,C6H10O3,130.14,130.143,130.062994,0,9,0,0,0,0,0,0,0,unclassified,none,no_supported_TPU_role_rule_matched,unresolved,9,False,rdkit_validated,canonical_unique,BSD-3-Clause,reaction_rule_generated,candidate_structure,Gold-V,admitted_reference,0.0,,smipoly-rdkit-role-v1,2026.03.4
chemical_f6bf728430e00d69,ds_smipoly_monomers,CID551576,csv:row=820;comID=CID551576,2-ethenylsulfonyl-N-[2-[(2-ethenylsulfonylacetyl)amino]ethyl]acetamide,C=CS(=O)(=O)CC(=O)NCCNC(=O)CS(=O)(=O)C=C,C=CS(=O)(=O)CC(=O)NCCNC(=O)CS(=O)(=O)C=C,QWZOJDWOQYTACD-UHFFFAOYSA-N,C10H16N2O6S2,C10H16N2O6S2,324.4,324.38,324.044978,0,20,0,0,0,0,0,0,0,unclassified,none,no_supported_TPU_role_rule_matched,unresolved,9,False,rdkit_validated,canonical_unique,BSD-3-Clause,reaction_rule_generated,candidate_structure,Gold-V,admitted_reference,0.0,,smipoly-rdkit-role-v1,2026.03.4
chemical_f748786ddb49cfeb,ds_smipoly_monomers,CID548353,csv:row=817;comID=CID548353,"butane-2,3-dithiol",CC(C(C)S)S,CC(S)C(C)S,TWWSEEHCVDRRRI-UHFFFAOYSA-N,C4H10S2,C4H10S2,122.3,122.258,122.022392,0,6,0,0,0,2,0,0,0,polythiol_adjacent_candidate,rule_medium,thiol_group_count>=2,adjacent_reactive_building_block,3,True,rdkit_validated,canonical_unique,BSD-3-Clause,reaction_rule_generated,candidate_structure,Gold-V,admitted_reference,0.0,,smipoly-rdkit-role-v1,2026.03.4
chemical_f790b57c36072ae3,ds_smipoly_monomers,CID11543576,csv:row=998;comID=CID11543576,"9H-fluorene-2,7-diamine;dihydrochloride",C1C2=C(C=CC(=C2)N)C3=C1C=C(C=C3)N.Cl.Cl,Cl.Cl.Nc1ccc2c(c1)Cc1cc(N)ccc1-2,QJXYCUYLZDQRIN-UHFFFAOYSA-N,C13H14Cl2N2,C13H14Cl2N2,269.17,269.175,268.053404,0,17,0,0,2,0,0,0,0,diamine_chain_extender_candidate,rule_medium,amine_group_count>=2,tpuu_or_nipu_building_block,1,True,rdkit_validated,canonical_unique,BSD-3-Clause,reaction_rule_generated,candidate_structure,Gold-V,admitted_reference,0.0,,smipoly-rdkit-role-v1,2026.03.4
chemical_f7c294b972a51a74,ds_smipoly_monomers,CID121657,csv:row=727;comID=CID121657,3-[4-[4-(3-aminophenoxy)phenyl]sulfonylphenoxy]aniline,C1=CC(=CC(=C1)OC2=CC=C(C=C2)S(=O)(=O)C3=CC=C(C=C3)OC4=CC=CC(=C4)N)N,Nc1cccc(Oc2ccc(S(=O)(=O)c3ccc(Oc4cccc(N)c4)cc3)cc2)c1,WCXGOVYROJJXHA-UHFFFAOYSA-N,C24H20N2O4S,C24H20N2O4S,432.5,432.501,432.114378,0,31,0,0,2,0,0,0,0,diamine_chain_extender_candidate,rule_medium,amine_group_count>=2,tpuu_or_nipu_building_block,1,True,rdkit_validated,canonical_unique,BSD-3-Clause,reaction_rule_generated,candidate_structure,Gold-V,admitted_reference,0.0,,smipoly-rdkit-role-v1,2026.03.4
chemical_f7cadae76d237e64,ds_smipoly_monomers,CID66342,csv:row=429;comID=CID66342,3-[3-(3-aminophenoxy)phenoxy]aniline,C1=CC(=CC(=C1)OC2=CC(=CC=C2)OC3=CC=CC(=C3)N)N,Nc1cccc(Oc2cccc(Oc3cccc(N)c3)c2)c1,DKKYOQYISDAQER-UHFFFAOYSA-N,C18H16N2O2,C18H16N2O2,292.3,292.338,292.121178,0,22,0,0,2,0,0,0,0,diamine_chain_extender_candidate,rule_medium,amine_group_count>=2,tpuu_or_nipu_building_block,1,True,rdkit_validated,canonical_unique,BSD-3-Clause,reaction_rule_generated,candidate_structure,Gold-V,admitted_reference,0.0,,smipoly-rdkit-role-v1,2026.03.4
chemical_f7f1ab634f41d8a1,ds_smipoly_monomers,CID17016,csv:row=285;comID=CID17016,"2,3,6-trimethylphenol",CC1=C(C(=C(C=C1)C)O)C,Cc1ccc(C)c(O)c1C,QQOMQLYQAXGHSU-UHFFFAOYSA-N,C9H12O,C9H12O,136.19,136.194,136.088815,0,10,0,1,0,0,0,0,0,monool_model_compound,rule_medium,hydroxyl_group_count=1,adjacent_model_compound,3,True,rdkit_validated,canonical_unique,BSD-3-Clause,reaction_rule_generated,candidate_structure,Gold-V,admitted_reference,0.0,,smipoly-rdkit-role-v1,2026.03.4
chemical_f7ff731f5aa34d26,ds_smipoly_monomers,CID76451,csv:row=548;comID=CID76451,ethenyl hexanoate,CCCCCC(=O)OC=C,C=COC(=O)CCCCC,LZWYWAIOTBEZFN-UHFFFAOYSA-N,C8H14O2,C8H14O2,142.2,142.198,142.09938,0,10,0,0,0,0,0,0,0,unclassified,none,no_supported_TPU_role_rule_matched,unresolved,9,False,rdkit_validated,canonical_unique,BSD-3-Clause,reaction_rule_generated,candidate_structure,Gold-V,admitted_reference,0.0,,smipoly-rdkit-role-v1,2026.03.4
chemical_f8be6602c9a8facb,ds_smipoly_monomers,CID12969385,csv:row=1015;comID=CID12969385,[8-(hydroxymethyl)anthracen-1-yl]methanol,C1=CC2=CC3=C(C=C2C(=C1)CO)C(=CC=C3)CO,OCc1cccc2cc3cccc(CO)c3cc12,GSHJWFSWKUADLL-UHFFFAOYSA-N,C16H14O2,C16H14O2,238.28,238.286,238.09938,0,18,0,2,0,0,0,0,0,diol_chain_extender_candidate,rule_medium,hydroxyl_group_count=2 and RDKit_MolWt<=250,direct_tpu_building_block,1,True,rdkit_validated,canonical_unique,BSD-3-Clause,reaction_rule_generated,candidate_structure,Gold-V,admitted_reference,0.0,,smipoly-rdkit-role-v1,2026.03.4
chemical_f8d3beed94620641,ds_smipoly_monomers,CID221792,csv:row=779;comID=CID221792,N-phenylprop-2-enamide,C=CC(=O)NC1=CC=CC=C1,C=CC(=O)Nc1ccccc1,BPCNEKWROYSOLT-UHFFFAOYSA-N,C9H9NO,C9H9NO,147.17,147.177,147.068414,0,11,0,0,0,0,0,0,0,unclassified,none,no_supported_TPU_role_rule_matched,unresolved,9,False,rdkit_validated,canonical_unique,BSD-3-Clause,reaction_rule_generated,candidate_structure,Gold-V,admitted_reference,0.0,,smipoly-rdkit-role-v1,2026.03.4
chemical_f938bb19a074dae6,ds_smipoly_monomers,CID9608,csv:row=169;comID=CID9608,"2,2,2-trifluoroethyl 2-methylprop-2-enoate",CC(=C)C(=O)OCC(F)(F)F,C=C(C)C(=O)OCC(F)(F)F,QTKPMCIBUROOGY-UHFFFAOYSA-N,C6H7F3O2,C6H7F3O2,168.11,168.114,168.039814,0,11,0,0,0,0,0,0,0,unclassified,none,no_supported_TPU_role_rule_matched,unresolved,9,False,rdkit_validated,canonical_unique,BSD-3-Clause,reaction_rule_generated,candidate_structure,Gold-V,admitted_reference,0.0,,smipoly-rdkit-role-v1,2026.03.4
chemical_f95d5a23aabb7839,ds_smipoly_monomers,CID7904,csv:row=114;comID=CID7904,ethenyl acetate,CC(=O)OC=C,C=COC(C)=O,XTXRWKRVRITETP-UHFFFAOYSA-N,C4H6O2,C4H6O2,86.09,86.09,86.036779,0,6,0,0,0,0,0,0,0,unclassified,none,no_supported_TPU_role_rule_matched,unresolved,9,False,rdkit_validated,canonical_unique,BSD-3-Clause,reaction_rule_generated,candidate_structure,Gold-V,admitted_reference,0.0,,smipoly-rdkit-role-v1,2026.03.4
chemical_f9612fe5642e5320,ds_smipoly_monomers,CID21872150,csv:row=1047;comID=CID21872150,4-[9-(4-amino-3-methylphenyl)fluoren-9-yl]-2-methylaniline,CC1=C(C=CC(=C1)C2(C3=CC=CC=C3C4=CC=CC=C42)C5=CC(=C(C=C5)N)C)N,Cc1cc(C2(c3ccc(N)c(C)c3)c3ccccc3-c3ccccc32)ccc1N,YRKVLGUIGNRYJX-UHFFFAOYSA-N,C27H24N2,C27H24N2,376.5,376.503,376.193949,0,29,0,0,2,0,0,0,0,diamine_chain_extender_candidate,rule_medium,amine_group_count>=2,tpuu_or_nipu_building_block,1,True,rdkit_validated,canonical_unique,BSD-3-Clause,reaction_rule_generated,candidate_structure,Gold-V,admitted_reference,0.0,,smipoly-rdkit-role-v1,2026.03.4
chemical_f994a80aaace2962,ds_smipoly_monomers,CID3016474,csv:row=901;comID=CID3016474,[3-(2-methylprop-2-enoylamino)phenyl]boronic acid,B(C1=CC(=CC=C1)NC(=O)C(=C)C)(O)O,C=C(C)C(=O)Nc1cccc(B(O)O)c1,GBBUBIKYAQLESK-UHFFFAOYSA-N,C10H12BNO3,C10H12BNO3,205.02,205.022,205.091024,0,15,0,2,0,0,0,0,0,diol_chain_extender_candidate,rule_medium,hydroxyl_group_count=2 and RDKit_MolWt<=250,direct_tpu_building_block,1,True,rdkit_validated,canonical_unique,BSD-3-Clause,reaction_rule_generated,candidate_structure,Gold-V,admitted_reference,0.0,,smipoly-rdkit-role-v1,2026.03.4
chemical_f9aa08cf8139bf0c,ds_smipoly_monomers,CID29949,csv:row=374;comID=CID29949,"2,5-dichlorobenzene-1,4-diamine",C1=C(C(=CC(=C1Cl)N)Cl)N,Nc1cc(Cl)c(N)cc1Cl,QAYVHDDEMLNVMO-UHFFFAOYSA-N,C6H6Cl2N2,C6H6Cl2N2,177.03,177.034,175.990804,0,10,0,0,2,0,0,0,0,diamine_chain_extender_candidate,rule_medium,amine_group_count>=2,tpuu_or_nipu_building_block,1,True,rdkit_validated,canonical_unique,BSD-3-Clause,reaction_rule_generated,candidate_structure,Gold-V,admitted_reference,0.0,,smipoly-rdkit-role-v1,2026.03.4
chemical_f9dfe9de77704ae9,ds_smipoly_monomers,CID7451,csv:row=75;comID=CID7451,"benzene-1,3-dicarbonyl chloride",C1=CC(=CC(=C1)C(=O)Cl)C(=O)Cl,O=C(Cl)c1cccc(C(=O)Cl)c1,FDQSRULYDNDXQB-UHFFFAOYSA-N,C8H4Cl2O2,C8H4Cl2O2,203.02,203.024,201.958835,0,12,0,0,0,0,0,0,0,unclassified,none,no_supported_TPU_role_rule_matched,unresolved,9,False,rdkit_validated,canonical_unique,BSD-3-Clause,reaction_rule_generated,candidate_structure,Gold-V,admitted_reference,0.0,,smipoly-rdkit-role-v1,2026.03.4
chemical_fa00c557d5e47112,ds_smipoly_monomers,CID144364,csv:row=744;comID=CID144364,"1,3,5,7,9,11,13,15-octakis(ethenyl)-2,4,6,8,10,12,14,16,17,18,19,20-dodecaoxa-1,3,5,7,9,11,13,15-octasilapentacyclo[9.5.1.13,9.15,15.17,13]icosane",C=C[Si]12O[Si]3(O[Si]4(O[Si](O1)(O[Si]5(O[Si](O2)(O[Si](O3)(O[Si](O4)(O5)C=C)C=C)C=C)C=C)C=C)C=C)C=C,C=C[Si]12O[Si]3(C=C)O[Si]4(C=C)O[Si](C=C)(O1)O[Si]1(C=C)O[Si](C=C)(O2)O[Si](C=C)(O3)O[Si](C=C)(O4)O1,ZWCNRMDCQDJIRL-UHFFFAOYSA-N,C16H24O12Si8,C16H24O12Si8,633.0,633.044,631.942188,0,36,0,0,0,0,0,0,0,unclassified,none,no_supported_TPU_role_rule_matched,unresolved,9,False,rdkit_validated,canonical_unique,BSD-3-Clause,reaction_rule_generated,candidate_structure,Gold-V,admitted_reference,0.0,,smipoly-rdkit-role-v1,2026.03.4
chemical_fa1a943b0fd72049,ds_smipoly_monomers,CID3618754,csv:row=915;comID=CID3618754,anthracen-9-ylmethyl 2-methylprop-2-enoate,CC(=C)C(=O)OCC1=C2C=CC=CC2=CC3=CC=CC=C31,C=C(C)C(=O)OCc1c2ccccc2cc2ccccc12,MJYSISMEPNOHEG-UHFFFAOYSA-N,C19H16O2,C19H16O2,276.3,276.335,276.11503,0,21,0,0,0,0,0,0,0,unclassified,none,no_supported_TPU_role_rule_matched,unresolved,9,False,rdkit_validated,canonical_unique,BSD-3-Clause,reaction_rule_generated,candidate_structure,Gold-V,admitted_reference,0.0,,smipoly-rdkit-role-v1,2026.03.4
chemical_fa29c7ef32615618,ds_smipoly_monomers,CID44723444,csv:row=1068;comID=CID44723444,"(1R,7R)-tricyclo[5.2.1.02,6]dec-4-en-8-ol",C1C=CC2C1C3CC2C(C3)O,OC1CC2CC1C1C=CCC21,LDUKQFUHJZHLRC-UHFFFAOYSA-N,C10H14O,C10H14O,150.22,150.221,150.104465,0,11,0,1,0,0,0,0,0,monool_model_compound,rule_medium,hydroxyl_group_count=1,adjacent_model_compound,3,True,rdkit_validated,canonical_unique,BSD-3-Clause,reaction_rule_generated,candidate_structure,Gold-V,admitted_reference,0.0,,smipoly-rdkit-role-v1,2026.03.4
chemical_fa8604324d31f2ab,ds_smipoly_monomers,CID9532,csv:row=167;comID=CID9532,"butane-1,4-diamine;dihydrochloride",C(CCN)CN.Cl.Cl,Cl.Cl.NCCCCN,XXWCODXIQWIHQN-UHFFFAOYSA-N,C4H14Cl2N2,C4H14Cl2N2,161.07,161.076,160.053404,0,8,0,0,2,0,0,0,0,diamine_chain_extender_candidate,rule_medium,amine_group_count>=2,tpuu_or_nipu_building_block,1,True,rdkit_validated,canonical_unique,BSD-3-Clause,reaction_rule_generated,candidate_structure,Gold-V,admitted_reference,0.0,,smipoly-rdkit-role-v1,2026.03.4
chemical_fa8e4aad114e8104,ds_smipoly_monomers,CID12892866,csv:row=1014;comID=CID12892866,4-(hydroxymethyl)cyclohexan-1-ol,C1CC(CCC1CO)O,OCC1CCC(O)CC1,VGRZISGVNOKTQU-UHFFFAOYSA-N,C7H14O2,C7H14O2,130.18,130.187,130.09938,0,9,0,2,0,0,0,0,0,diol_chain_extender_candidate,rule_medium,hydroxyl_group_count=2 and RDKit_MolWt<=250,direct_tpu_building_block,1,True,rdkit_validated,canonical_unique,BSD-3-Clause,reaction_rule_generated,candidate_structure,Gold-V,admitted_reference,0.0,,smipoly-rdkit-role-v1,2026.03.4
chemical_fab29d5264801a20,ds_smipoly_monomers,CID83656,csv:row=625;comID=CID83656,"4-[(4-amino-3,5-diethylphenyl)methyl]-2,6-diethylaniline",CCC1=CC(=CC(=C1N)CC)CC2=CC(=C(C(=C2)CC)N)CC,CCc1cc(Cc2cc(CC)c(N)c(CC)c2)cc(CC)c1N,NWIVYGKSHSJHEF-UHFFFAOYSA-N,C21H30N2,C21H30N2,310.5,310.485,310.240899,0,23,0,0,2,0,0,0,0,diamine_chain_extender_candidate,rule_medium,amine_group_count>=2,tpuu_or_nipu_building_block,1,True,rdkit_validated,canonical_unique,BSD-3-Clause,reaction_rule_generated,candidate_structure,Gold-V,admitted_reference,0.0,,smipoly-rdkit-role-v1,2026.03.4
chemical_fafc0bbba22ed59f,ds_smipoly_monomers,CID76196,csv:row=542;comID=CID76196,4-(3-carboxypropyldisulfanyl)butanoic acid,C(CC(=O)O)CSSCCCC(=O)O,O=C(O)CCCSSCCCC(=O)O,YYSCJLLOWOUSHH-UHFFFAOYSA-N,C8H14O4S2,C8H14O4S2,238.3,238.33,238.033351,0,14,0,0,0,0,2,0,0,polyester_polyol_precursor,rule_medium,carboxylic_acid_group_count>=2,polyol_synthesis_precursor,2,True,rdkit_validated,canonical_unique,BSD-3-Clause,reaction_rule_generated,candidate_structure,Gold-V,admitted_reference,0.0,,smipoly-rdkit-role-v1,2026.03.4
chemical_fb273252d4287e41,ds_smipoly_monomers,CID11149469,csv:row=983;comID=CID11149469,N-[4-cyano-3-(trifluoromethyl)phenyl]-2-methylprop-2-enamide,CC(=C)C(=O)NC1=CC(=C(C=C1)C#N)C(F)(F)F,C=C(C)C(=O)Nc1ccc(C#N)c(C(F)(F)F)c1,HHWDZLSGDDXUSM-UHFFFAOYSA-N,C12H9F3N2O,C12H9F3N2O,254.21,254.211,254.066698,0,18,0,0,0,0,0,0,0,unclassified,none,no_supported_TPU_role_rule_matched,unresolved,9,False,rdkit_validated,canonical_unique,BSD-3-Clause,reaction_rule_generated,candidate_structure,Gold-V,admitted_reference,0.0,,smipoly-rdkit-role-v1,2026.03.4
chemical_fb6376d889ee8e75,ds_smipoly_monomers,CID104599,csv:row=710;comID=CID104599,"4-N-(4-aminophenyl)benzene-1,4-diamine;sulfuric acid",C1=CC(=CC=C1N)NC2=CC=C(C=C2)N.OS(=O)(=O)O,Nc1ccc(Nc2ccc(N)cc2)cc1.O=S(=O)(O)O,OOZQLPDAELLDNY-UHFFFAOYSA-N,C12H15N3O4S,C12H15N3O4S,297.33,297.336,297.078327,0,20,0,0,3,0,0,0,0,diamine_chain_extender_candidate,rule_medium,amine_group_count>=2,tpuu_or_nipu_building_block,1,True,rdkit_validated,canonical_unique,BSD-3-Clause,reaction_rule_generated,candidate_structure,Gold-V,admitted_reference,0.0,,smipoly-rdkit-role-v1,2026.03.4
chemical_fb87890a2ebffced,ds_smipoly_monomers,CID89735,csv:row=660;comID=CID89735,2-(3-sulfanylpropanoyloxy)ethyl 3-sulfanylpropanoate,C(CS)C(=O)OCCOC(=O)CCS,O=C(CCS)OCCOC(=O)CCS,HAQZWTGSNCDKTK-UHFFFAOYSA-N,C8H14O4S2,C8H14O4S2,238.3,238.33,238.033351,0,14,0,0,0,2,0,0,0,polythiol_adjacent_candidate,rule_medium,thiol_group_count>=2,adjacent_reactive_building_block,3,True,rdkit_validated,canonical_unique,BSD-3-Clause,reaction_rule_generated,candidate_structure,Gold-V,admitted_reference,0.0,,smipoly-rdkit-role-v1,2026.03.4
chemical_fbc713165e22bf35,ds_smipoly_monomers,CID2774977,csv:row=888;comID=CID2774977,"2,2,3,4,4,4-hexafluorobutyl prop-2-enoate",C=CC(=O)OCC(C(C(F)(F)F)F)(F)F,C=CC(=O)OCC(F)(F)C(F)C(F)(F)F,LMVLEDTVXAGBJV-UHFFFAOYSA-N,C7H6F6O2,C7H6F6O2,236.11,236.111,236.027199,0,15,0,0,0,0,0,0,0,unclassified,none,no_supported_TPU_role_rule_matched,unresolved,9,False,rdkit_validated,canonical_unique,BSD-3-Clause,reaction_rule_generated,candidate_structure,Gold-V,admitted_reference,0.0,,smipoly-rdkit-role-v1,2026.03.4
chemical_fc070d6625cef827,ds_smipoly_monomers,CID69065,csv:row=459;comID=CID69065,"naphthalene-1,4-dicarboxylic acid",C1=CC=C2C(=C1)C(=CC=C2C(=O)O)C(=O)O,O=C(O)c1ccc(C(=O)O)c2ccccc12,ABMFBCRYHDZLRD-UHFFFAOYSA-N,C12H8O4,C12H8O4,216.19,216.192,216.042259,0,16,0,0,0,0,2,0,0,polyester_polyol_precursor,rule_medium,carboxylic_acid_group_count>=2,polyol_synthesis_precursor,2,True,rdkit_validated,canonical_unique,BSD-3-Clause,reaction_rule_generated,candidate_structure,Gold-V,admitted_reference,0.0,,smipoly-rdkit-role-v1,2026.03.4
chemical_fc23f153133ed848,ds_smipoly_monomers,CID4628831,csv:row=933;comID=CID4628831,3-(aminomethyl)aniline,C1=CC(=CC(=C1)N)CN,NCc1cccc(N)c1,ZDBWYUOUYNQZBM-UHFFFAOYSA-N,C7H10N2,C7H10N2,122.17,122.171,122.084398,0,9,0,0,2,0,0,0,0,diamine_chain_extender_candidate,rule_medium,amine_group_count>=2,tpuu_or_nipu_building_block,1,True,rdkit_validated,canonical_unique,BSD-3-Clause,reaction_rule_generated,candidate_structure,Gold-V,admitted_reference,0.0,,smipoly-rdkit-role-v1,2026.03.4
chemical_fca91fe63844c7a7,ds_smipoly_monomers,CID8074,csv:row=129;comID=CID8074,1-chloro-2-ethenoxyethane,C=COCCCl,C=COCCCl,DNJRKFKAFWSXSE-UHFFFAOYSA-N,C4H7ClO,C4H7ClO,106.55,106.552,106.018543,0,6,0,0,0,0,0,0,0,unclassified,none,no_supported_TPU_role_rule_matched,unresolved,9,False,rdkit_validated,canonical_unique,BSD-3-Clause,reaction_rule_generated,candidate_structure,Gold-V,admitted_reference,0.0,,smipoly-rdkit-role-v1,2026.03.4
chemical_fcc07750ac802d96,ds_smipoly_monomers,CID15133,csv:row=259;comID=CID15133,[3-(aminomethyl)phenyl]methanamine,C1=CC(=CC(=C1)CN)CN,NCc1cccc(CN)c1,FDLQZKYLHJJBHD-UHFFFAOYSA-N,C8H12N2,C8H12N2,136.19,136.198,136.100048,0,10,0,0,2,0,0,0,0,diamine_chain_extender_candidate,rule_medium,amine_group_count>=2,tpuu_or_nipu_building_block,1,True,rdkit_validated,canonical_unique,BSD-3-Clause,reaction_rule_generated,candidate_structure,Gold-V,admitted_reference,0.0,,smipoly-rdkit-role-v1,2026.03.4
chemical_fcd7742de51250bb,ds_smipoly_monomers,CID6928,csv:row=54;comID=CID6928,2-tert-butyl-6-[(3-tert-butyl-5-ethyl-2-hydroxyphenyl)methyl]-4-ethylphenol,CCC1=CC(=C(C(=C1)C(C)(C)C)O)CC2=C(C(=CC(=C2)CC)C(C)(C)C)O,CCc1cc(Cc2cc(CC)cc(C(C)(C)C)c2O)c(O)c(C(C)(C)C)c1,GPNYZBKIGXGYNU-UHFFFAOYSA-N,C25H36O2,C25H36O2,368.6,368.561,368.27153,0,27,0,2,0,0,0,0,0,macrodiol_polyol_candidate,rule_medium,hydroxyl_group_count=2 and RDKit_MolWt>250,direct_tpu_building_block,1,True,rdkit_validated,canonical_unique,BSD-3-Clause,reaction_rule_generated,candidate_structure,Gold-V,admitted_reference,0.0,,smipoly-rdkit-role-v1,2026.03.4
chemical_fd4a971a04bf8158,ds_smipoly_monomers,CID69815,csv:row=470;comID=CID69815,1-ethenoxypropane,CCCOC=C,C=COCCC,OVGRCEFMXPHEBL-UHFFFAOYSA-N,C5H10O,C5H10O,86.13,86.134,86.073165,0,6,0,0,0,0,0,0,0,unclassified,none,no_supported_TPU_role_rule_matched,unresolved,9,False,rdkit_validated,canonical_unique,BSD-3-Clause,reaction_rule_generated,candidate_structure,Gold-V,admitted_reference,0.0,,smipoly-rdkit-role-v1,2026.03.4
chemical_fd5c7bf7b0de02ab,ds_smipoly_monomers,CID15143,csv:row=260;comID=CID15143,9-ethenylcarbazole,C=CN1C2=CC=CC=C2C3=CC=CC=C31,C=Cn1c2ccccc2c2ccccc21,KKFHAJHLJHVUDM-UHFFFAOYSA-N,C14H11N,C14H11N,193.24,193.249,193.089149,0,15,0,0,0,0,0,0,0,unclassified,none,no_supported_TPU_role_rule_matched,unresolved,9,False,rdkit_validated,canonical_unique,BSD-3-Clause,reaction_rule_generated,candidate_structure,Gold-V,admitted_reference,0.0,,smipoly-rdkit-role-v1,2026.03.4
chemical_fdbfdcf78ce4a6b6,ds_smipoly_monomers,CID81080,csv:row=596;comID=CID81080,6-(2-methylprop-2-enoyloxy)hexyl 2-methylprop-2-enoate,CC(=C)C(=O)OCCCCCCOC(=O)C(=C)C,C=C(C)C(=O)OCCCCCCOC(=O)C(=C)C,SAPGBCWOQLHKKZ-UHFFFAOYSA-N,C14H22O4,C14H22O4,254.32,254.326,254.151809,0,18,0,0,0,0,0,0,0,unclassified,none,no_supported_TPU_role_rule_matched,unresolved,9,False,rdkit_validated,canonical_unique,BSD-3-Clause,reaction_rule_generated,candidate_structure,Gold-V,admitted_reference,0.0,,smipoly-rdkit-role-v1,2026.03.4
chemical_fdf2c8e408baf73b,ds_smipoly_monomers,CID18126,csv:row=320;comID=CID18126,2-hexyloxirane,CCCCCCC1CO1,CCCCCCC1CO1,NJWSNNWLBMSXQR-UHFFFAOYSA-N,C8H16O,C8H16O,128.21,128.215,128.120115,0,9,0,0,0,0,0,0,1,epoxy_polyol_precursor,rule_medium,epoxide_group_count>=1,polyol_synthesis_precursor,2,True,rdkit_validated,canonical_unique,BSD-3-Clause,reaction_rule_generated,candidate_structure,Gold-V,admitted_reference,0.0,,smipoly-rdkit-role-v1,2026.03.4
chemical_fe858ac08394a77d,ds_smipoly_monomers,CID67511,csv:row=438;comID=CID67511,"3,6-dioxabicyclo[3.1.0]hexane",C1C2C(O2)CO1,C1OCC2OC12,AIUTZIYTEUMXGG-UHFFFAOYSA-N,C4H6O2,C4H6O2,86.09,86.09,86.036779,0,6,0,0,0,0,0,0,1,epoxy_polyol_precursor,rule_medium,epoxide_group_count>=1,polyol_synthesis_precursor,2,True,rdkit_validated,canonical_unique,BSD-3-Clause,reaction_rule_generated,candidate_structure,Gold-V,admitted_reference,0.0,,smipoly-rdkit-role-v1,2026.03.4
chemical_feaf9733bd8beee2,ds_smipoly_monomers,CID7877,csv:row=113;comID=CID7877,N-tert-butylprop-2-enamide,CC(C)(C)NC(=O)C=C,C=CC(=O)NC(C)(C)C,XFHJDMUEHUHAJW-UHFFFAOYSA-N,C7H13NO,C7H13NO,127.18,127.187,127.099714,0,9,0,0,0,0,0,0,0,unclassified,none,no_supported_TPU_role_rule_matched,unresolved,9,False,rdkit_validated,canonical_unique,BSD-3-Clause,reaction_rule_generated,candidate_structure,Gold-V,admitted_reference,0.0,,smipoly-rdkit-role-v1,2026.03.4
chemical_ff3033335930222e,ds_smipoly_monomers,CID16993,csv:row=284;comID=CID16993,2-octyloxirane,CCCCCCCCC1CO1,CCCCCCCCC1CO1,AAMHBRRZYSORSH-UHFFFAOYSA-N,C10H20O,C10H20O,156.26,156.269,156.151415,0,11,0,0,0,0,0,0,1,epoxy_polyol_precursor,rule_medium,epoxide_group_count>=1,polyol_synthesis_precursor,2,True,rdkit_validated,canonical_unique,BSD-3-Clause,reaction_rule_generated,candidate_structure,Gold-V,admitted_reference,0.0,,smipoly-rdkit-role-v1,2026.03.4
chemical_ff486399f46d16c4,ds_smipoly_monomers,CID634278,csv:row=859;comID=CID634278,"4-[2-[4-[1,1-bis(4-hydroxyphenyl)ethyl]phenyl]propan-2-yl]phenol",CC(C)(C1=CC=C(C=C1)C(C)(C2=CC=C(C=C2)O)C3=CC=C(C=C3)O)C4=CC=C(C=C4)O,CC(C)(c1ccc(O)cc1)c1ccc(C(C)(c2ccc(O)cc2)c2ccc(O)cc2)cc1,WXYSZTISEJBRHW-UHFFFAOYSA-N,C29H28O3,C29H28O3,424.5,424.54,424.203845,0,32,0,3,0,0,0,0,0,polyol_crosslinker_candidate,rule_high,hydroxyl_group_count>=3,direct_tpu_building_block,1,True,rdkit_validated,canonical_unique,BSD-3-Clause,reaction_rule_generated,candidate_structure,Gold-V,admitted_reference,0.0,,smipoly-rdkit-role-v1,2026.03.4
chemical_ff8d497a35fecaa4,ds_smipoly_monomers,CID13518,csv:row=235;comID=CID13518,"1,1,1,4,4,4-hexafluoro-2,3-bis(trifluoromethyl)butane-2,3-diol",C(C(C(F)(F)F)(C(F)(F)F)O)(C(F)(F)F)(C(F)(F)F)O,OC(C(F)(F)F)(C(F)(F)F)C(O)(C(F)(F)F)C(F)(F)F,GKDCWKGUOZVDFX-UHFFFAOYSA-N,C6H2F12O2,C6H2F12O2,334.06,334.056,333.986318,0,20,0,2,0,0,0,0,0,macrodiol_polyol_candidate,rule_medium,hydroxyl_group_count=2 and RDKit_MolWt>250,direct_tpu_building_block,1,True,rdkit_validated,canonical_unique,BSD-3-Clause,reaction_rule_generated,candidate_structure,Gold-V,admitted_reference,0.0,,smipoly-rdkit-role-v1,2026.03.4
chemical_ff91cc2a2664adab,ds_smipoly_monomers,CID33286,csv:row=383;comID=CID33286,dimethyl-bis(prop-2-enyl)azanium;chloride,C[N+](C)(CC=C)CC=C.[Cl-],C=CC[N+](C)(C)CC=C.[Cl-],GQOKIYDTHHZSCJ-UHFFFAOYSA-M,C8H16ClN,C8H16ClN,161.67,161.676,161.097127,0,10,0,0,0,0,0,0,0,unclassified,none,no_supported_TPU_role_rule_matched,unresolved,9,False,rdkit_validated,canonical_unique,BSD-3-Clause,reaction_rule_generated,candidate_structure,Gold-V,admitted_reference,0.0,,smipoly-rdkit-role-v1,2026.03.4
chemical_ff979452d9e237f5,ds_smipoly_monomers,CID12200817,csv:row=1008;comID=CID12200817,"ethane-1,2-diamine;hydrate",C(CN)N.O,NCCN.O,XZUAPPXGIFNDRA-UHFFFAOYSA-N,C2H10N2O,C2H10N2O,78.11,78.115,78.079313,0,5,0,0,2,0,0,0,0,diamine_chain_extender_candidate,rule_medium,amine_group_count>=2,tpuu_or_nipu_building_block,1,True,rdkit_validated,canonical_unique,BSD-3-Clause,reaction_rule_generated,candidate_structure,Gold-V,admitted_reference,0.0,,smipoly-rdkit-role-v1,2026.03.4
chemical_ffbe169fcc3de840,ds_smipoly_monomers,CID81241,csv:row=597;comID=CID81241,3-prop-2-enoxyoxetane,C=CCOC1COC1,C=CCOC1COC1,NONFBYUIHZQHQT-UHFFFAOYSA-N,C6H10O2,C6H10O2,114.14,114.144,114.06808,0,8,0,0,0,0,0,0,0,unclassified,none,no_supported_TPU_role_rule_matched,unresolved,9,False,rdkit_validated,canonical_unique,BSD-3-Clause,reaction_rule_generated,candidate_structure,Gold-V,admitted_reference,0.0,,smipoly-rdkit-role-v1,2026.03.4
purgen_u2_001,source_zenodo_11612378_purgen_fragments,2_units/PU_1,doi:10.5281/zenodo.11612378#1.PUR-GEN/2_units/PU_1.mol2,PUR-GEN 2-unit fragment 1,CNC(=O)OC,CNC(=O)OC,NYXHSRNBKJIQQG-UHFFFAOYSA-N,,C3H7NO2,89.047678464,89.094,89.047678,0,6,0,0,0,0,0,0,0,generated_polyurethane_fragment,source_defined_high,PUR-GEN source fragment with 2 units,virtual_polyurethane_fragment,2,True,rdkit_validated,canonical_unique,,reaction_rule_generated,candidate_fragment_3d,Gold-V,admitted_reference,0.0,,purgen-fragment-audit-v1,2026.03.4
purgen_u2_002,source_zenodo_11612378_purgen_fragments,2_units/PU_2,doi:10.5281/zenodo.11612378#1.PUR-GEN/2_units/PU_2.mol2,PUR-GEN 2-unit fragment 2,CCOC(=O)NC,CCOC(=O)NC,SURZCVYFPAXNGN-UHFFFAOYSA-N,,C4H9NO2,103.063328528,103.121,103.063329,0,7,0,0,0,0,0,0,0,generated_polyurethane_fragment,source_defined_high,PUR-GEN source fragment with 2 units,virtual_polyurethane_fragment,2,True,rdkit_validated,canonical_unique,,reaction_rule_generated,candidate_fragment_3d,Gold-V,admitted_reference,0.0,,purgen-fragment-audit-v1,2026.03.4
purgen_u2_003,source_zenodo_11612378_purgen_fragments,2_units/PU_3,doi:10.5281/zenodo.11612378#1.PUR-GEN/2_units/PU_3.mol2,PUR-GEN 2-unit fragment 3,CCCOC(=O)NC,CCCOC(=O)NC,FVDLRCDWHVEWCQ-UHFFFAOYSA-N,,C5H11NO2,117.078978592,117.148,117.078979,0,8,0,0,0,0,0,0,0,generated_polyurethane_fragment,source_defined_high,PUR-GEN source fragment with 2 units,virtual_polyurethane_fragment,2,True,rdkit_validated,canonical_unique,,reaction_rule_generated,candidate_fragment_3d,Gold-V,admitted_reference,0.0,,purgen-fragment-audit-v1,2026.03.4
purgen_u2_004,source_zenodo_11612378_purgen_fragments,2_units/PU_4,doi:10.5281/zenodo.11612378#1.PUR-GEN/2_units/PU_4.mol2,PUR-GEN 2-unit fragment 4,CCCCOC(=O)NC,CCCCOC(=O)NC,YAUWHXKOYHADTR-UHFFFAOYSA-N,,C6H13NO2,131.094628656,131.175,131.094629,0,9,0,0,0,0,0,0,0,generated_polyurethane_fragment,source_defined_high,PUR-GEN source fragment with 2 units,virtual_polyurethane_fragment,2,True,rdkit_validated,canonical_unique,,reaction_rule_generated,candidate_fragment_3d,Gold-V,admitted_reference,0.0,,purgen-fragment-audit-v1,2026.03.4
purgen_u2_005,source_zenodo_11612378_purgen_fragments,2_units/PU_5,doi:10.5281/zenodo.11612378#1.PUR-GEN/2_units/PU_5.mol2,PUR-GEN 2-unit fragment 5,CCCCCOC(=O)NC,CCCCCOC(=O)NC,JXYAKLVYRCADDZ-UHFFFAOYSA-N,,C7H15NO2,145.11027872,145.202,145.110279,0,10,0,0,0,0,0,0,0,generated_polyurethane_fragment,source_defined_high,PUR-GEN source fragment with 2 units,virtual_polyurethane_fragment,2,True,rdkit_validated,canonical_unique,,reaction_rule_generated,candidate_fragment_3d,Gold-V,admitted_reference,0.0,,purgen-fragment-audit-v1,2026.03.4
purgen_u2_006,source_zenodo_11612378_purgen_fragments,2_units/PU_6,doi:10.5281/zenodo.11612378#1.PUR-GEN/2_units/PU_6.mol2,PUR-GEN 2-unit fragment 6,CNC(=O)OCCO,CNC(=O)OCCO,SCSYMLCLRSCCAE-UHFFFAOYSA-N,,C4H9NO3,119.058243148,119.12,119.058243,0,8,0,1,0,0,0,0,0,generated_polyurethane_fragment,source_defined_high,PUR-GEN source fragment with 2 units,virtual_polyurethane_fragment,2,True,rdkit_validated,canonical_unique,,reaction_rule_generated,candidate_fragment_3d,Gold-V,admitted_reference,0.0,,purgen-fragment-audit-v1,2026.03.4
purgen_u2_007,source_zenodo_11612378_purgen_fragments,2_units/PU_7,doi:10.5281/zenodo.11612378#1.PUR-GEN/2_units/PU_7.mol2,PUR-GEN 2-unit fragment 7,CNC(=O)OC(C)CO,CNC(=O)O[C@@H](C)CO,RWOQAYBMSNFOCH-BYPYZUCNSA-N,,C5H11NO3,133.073893212,133.147,133.073893,0,9,0,1,0,0,0,0,0,generated_polyurethane_fragment,source_defined_high,PUR-GEN source fragment with 2 units,virtual_polyurethane_fragment,2,True,rdkit_validated,canonical_unique,,reaction_rule_generated,candidate_fragment_3d,Gold-V,admitted_reference,0.0,,purgen-fragment-audit-v1,2026.03.4
purgen_u2_008,source_zenodo_11612378_purgen_fragments,2_units/PU_8,doi:10.5281/zenodo.11612378#1.PUR-GEN/2_units/PU_8.mol2,PUR-GEN 2-unit fragment 8,CNC(=O)OCCCCO,CNC(=O)OCCCCO,YXQFSRDVBYXCIW-UHFFFAOYSA-N,,C6H13NO3,147.089543276,147.174,147.089543,0,10,0,1,0,0,0,0,0,generated_polyurethane_fragment,source_defined_high,PUR-GEN source fragment with 2 units,virtual_polyurethane_fragment,2,True,rdkit_validated,canonical_unique,,reaction_rule_generated,candidate_fragment_3d,Gold-V,admitted_reference,0.0,,purgen-fragment-audit-v1,2026.03.4
purgen_u2_009,source_zenodo_11612378_purgen_fragments,2_units/PU_9,doi:10.5281/zenodo.11612378#1.PUR-GEN/2_units/PU_9.mol2,PUR-GEN 2-unit fragment 9,CNC(=O)OCC(C)(C)CO,CNC(=O)OCC(C)(C)CO,NWWNKQSSEGYLTE-UHFFFAOYSA-N,,C7H15NO3,161.10519334,161.201,161.105193,0,11,0,1,0,0,0,0,0,generated_polyurethane_fragment,source_defined_high,PUR-GEN source fragment with 2 units,virtual_polyurethane_fragment,2,True,rdkit_validated,canonical_unique,,reaction_rule_generated,candidate_fragment_3d,Gold-V,admitted_reference,0.0,,purgen-fragment-audit-v1,2026.03.4
purgen_u2_010,source_zenodo_11612378_purgen_fragments,2_units/PU_10,doi:10.5281/zenodo.11612378#1.PUR-GEN/2_units/PU_10.mol2,PUR-GEN 2-unit fragment 10,CNC(=O)OCC(=O)OC,CNC(=O)OCC(=O)OC,MLBWTYIFWHIFGZ-UHFFFAOYSA-N,,C5H9NO4,147.053157768,147.13,147.053158,0,10,0,0,0,0,0,0,0,generated_polyurethane_fragment,source_defined_high,PUR-GEN source fragment with 2 units,virtual_polyurethane_fragment,2,True,rdkit_validated,canonical_unique,,reaction_rule_generated,candidate_fragment_3d,Gold-V,admitted_reference,0.0,,purgen-fragment-audit-v1,2026.03.4
purgen_u2_011,source_zenodo_11612378_purgen_fragments,2_units/PU_11,doi:10.5281/zenodo.11612378#1.PUR-GEN/2_units/PU_11.mol2,PUR-GEN 2-unit fragment 11,CCOC(=O)COC(=O)NC,CCOC(=O)COC(=O)NC,AYODISLHMHVQKA-UHFFFAOYSA-N,,C6H11NO4,161.068807832,161.157,161.068808,0,11,0,0,0,0,0,0,0,generated_polyurethane_fragment,source_defined_high,PUR-GEN source fragment with 2 units,virtual_polyurethane_fragment,2,True,rdkit_validated,canonical_unique,,reaction_rule_generated,candidate_fragment_3d,Gold-V,admitted_reference,0.0,,purgen-fragment-audit-v1,2026.03.4
purgen_u2_012,source_zenodo_11612378_purgen_fragments,2_units/PU_12,doi:10.5281/zenodo.11612378#1.PUR-GEN/2_units/PU_12.mol2,PUR-GEN 2-unit fragment 12,CCCCOC(=O)COC(=O)NC,CCCCOC(=O)COC(=O)NC,FJHVVUQXBPTJAJ-UHFFFAOYSA-N,,C8H15NO4,189.10010796,189.211,189.100108,0,13,0,0,0,0,0,0,0,generated_polyurethane_fragment,source_defined_high,PUR-GEN source fragment with 2 units,virtual_polyurethane_fragment,2,True,rdkit_validated,canonical_unique,,reaction_rule_generated,candidate_fragment_3d,Gold-V,admitted_reference,0.0,,purgen-fragment-audit-v1,2026.03.4
purgen_u2_013,source_zenodo_11612378_purgen_fragments,2_units/PU_13,doi:10.5281/zenodo.11612378#1.PUR-GEN/2_units/PU_13.mol2,PUR-GEN 2-unit fragment 13,CNC(=O)OC(C)C(=O)OCCC(C)C,CNC(=O)O[C@@H](C)C(=O)OCCC(C)C,YPWSRLBRALHHOR-QMMMGPOBSA-N,,C10H19NO4,217.131408088,217.265,217.131408,0,15,0,0,0,0,0,0,0,generated_polyurethane_fragment,source_defined_high,PUR-GEN source fragment with 2 units,virtual_polyurethane_fragment,2,True,rdkit_validated,canonical_unique,,reaction_rule_generated,candidate_fragment_3d,Gold-V,admitted_reference,0.0,,purgen-fragment-audit-v1,2026.03.4
purgen_u2_014,source_zenodo_11612378_purgen_fragments,2_units/PU_14,doi:10.5281/zenodo.11612378#1.PUR-GEN/2_units/PU_14.mol2,PUR-GEN 2-unit fragment 14,CNC(=O)OCCOCCO,CNC(=O)OCCOCCO,PXZRFCAWJAAUSO-UHFFFAOYSA-N,,C6H13NO4,163.084457896,163.173,163.084458,0,11,0,1,0,0,0,0,0,generated_polyurethane_fragment,source_defined_high,PUR-GEN source fragment with 2 units,virtual_polyurethane_fragment,2,True,rdkit_validated,canonical_unique,,reaction_rule_generated,candidate_fragment_3d,Gold-V,admitted_reference,0.0,,purgen-fragment-audit-v1,2026.03.4
purgen_u2_015,source_zenodo_11612378_purgen_fragments,2_units/PU_15,doi:10.5281/zenodo.11612378#1.PUR-GEN/2_units/PU_15.mol2,PUR-GEN 2-unit fragment 15,CNC(=O)OC(C)COC(C)CO,CNC(=O)O[C@@H](C)CO[C@@H](C)CO,SSGQPSPCXFLSCZ-BQBZGAKWSA-N,,C8H17NO4,191.115758024,191.227,191.115758,0,13,0,1,0,0,0,0,0,generated_polyurethane_fragment,source_defined_high,PUR-GEN source fragment with 2 units,virtual_polyurethane_fragment,2,True,rdkit_validated,canonical_unique,,reaction_rule_generated,candidate_fragment_3d,Gold-V,admitted_reference,0.0,,purgen-fragment-audit-v1,2026.03.4
purgen_u2_016,source_zenodo_11612378_purgen_fragments,2_units/PU_16,doi:10.5281/zenodo.11612378#1.PUR-GEN/2_units/PU_16.mol2,PUR-GEN 2-unit fragment 16,CNC(=O)O[C@H](C)CO[C@H](C)COC[C@H](C)OCC[C@@H](C)O,CNC(=O)O[C@H](C)CO[C@H](C)COC[C@H](C)OCC[C@@H](C)O,ADDUARKAXWNZNP-XJFOESAGSA-N,,C15H31NO6,321.215137712,321.414,321.215138,0,22,0,1,0,0,0,0,0,generated_polyurethane_fragment,source_defined_high,PUR-GEN source fragment with 2 units,virtual_polyurethane_fragment,2,True,rdkit_validated,canonical_unique,,reaction_rule_generated,candidate_fragment_3d,Gold-V,admitted_reference,0.0,,purgen-fragment-audit-v1,2026.03.4
purgen_u2_017,source_zenodo_11612378_purgen_fragments,2_units/PU_17,doi:10.5281/zenodo.11612378#1.PUR-GEN/2_units/PU_17.mol2,PUR-GEN 2-unit fragment 17,COC(=O)NCc1ccccc1,COC(=O)NCc1ccccc1,ZWZIHLRSOOMEKT-UHFFFAOYSA-N,,C9H11NO2,165.078978592,165.192,165.078979,0,12,0,0,0,0,0,0,0,generated_polyurethane_fragment,source_defined_high,PUR-GEN source fragment with 2 units,virtual_polyurethane_fragment,2,True,rdkit_validated,canonical_unique,,reaction_rule_generated,candidate_fragment_3d,Gold-V,admitted_reference,0.0,,purgen-fragment-audit-v1,2026.03.4
purgen_u2_018,source_zenodo_11612378_purgen_fragments,2_units/PU_18,doi:10.5281/zenodo.11612378#1.PUR-GEN/2_units/PU_18.mol2,PUR-GEN 2-unit fragment 18,CCOC(=O)NCc1ccccc1,CCOC(=O)NCc1ccccc1,XSXLCQLOFRENHC-UHFFFAOYSA-N,,C10H13NO2,179.094628656,179.219,179.094629,0,13,0,0,0,0,0,0,0,generated_polyurethane_fragment,source_defined_high,PUR-GEN source fragment with 2 units,virtual_polyurethane_fragment,2,True,rdkit_validated,canonical_unique,,reaction_rule_generated,candidate_fragment_3d,Gold-V,admitted_reference,0.0,,purgen-fragment-audit-v1,2026.03.4
purgen_u2_019,source_zenodo_11612378_purgen_fragments,2_units/PU_19,doi:10.5281/zenodo.11612378#1.PUR-GEN/2_units/PU_19.mol2,PUR-GEN 2-unit fragment 19,CCCOC(=O)NCc1ccccc1,CCCOC(=O)NCc1ccccc1,QTVBTOMBHZYLDU-UHFFFAOYSA-N,,C11H15NO2,193.11027872,193.246,193.110279,0,14,0,0,0,0,0,0,0,generated_polyurethane_fragment,source_defined_high,PUR-GEN source fragment with 2 units,virtual_polyurethane_fragment,2,True,rdkit_validated,canonical_unique,,reaction_rule_generated,candidate_fragment_3d,Gold-V,admitted_reference,0.0,,purgen-fragment-audit-v1,2026.03.4
purgen_u2_020,source_zenodo_11612378_purgen_fragments,2_units/PU_20,doi:10.5281/zenodo.11612378#1.PUR-GEN/2_units/PU_20.mol2,PUR-GEN 2-unit fragment 20,CCCCOC(=O)NCc1ccccc1,CCCCOC(=O)NCc1ccccc1,KXEDGLOZKDPLHD-UHFFFAOYSA-N,,C12H17NO2,207.125928784,207.273,207.125929,0,15,0,0,0,0,0,0,0,generated_polyurethane_fragment,source_defined_high,PUR-GEN source fragment with 2 units,virtual_polyurethane_fragment,2,True,rdkit_validated,canonical_unique,,reaction_rule_generated,candidate_fragment_3d,Gold-V,admitted_reference,0.0,,purgen-fragment-audit-v1,2026.03.4
purgen_u2_021,source_zenodo_11612378_purgen_fragments,2_units/PU_21,doi:10.5281/zenodo.11612378#1.PUR-GEN/2_units/PU_21.mol2,PUR-GEN 2-unit fragment 21,CCCCCOC(=O)NCc1ccccc1,CCCCCOC(=O)NCc1ccccc1,RBOPRHVEMRFMFT-UHFFFAOYSA-N,,C13H19NO2,221.141578848,221.3,221.141579,0,16,0,0,0,0,0,0,0,generated_polyurethane_fragment,source_defined_high,PUR-GEN source fragment with 2 units,virtual_polyurethane_fragment,2,True,rdkit_validated,canonical_unique,,reaction_rule_generated,candidate_fragment_3d,Gold-V,admitted_reference,0.0,,purgen-fragment-audit-v1,2026.03.4
purgen_u2_022,source_zenodo_11612378_purgen_fragments,2_units/PU_22,doi:10.5281/zenodo.11612378#1.PUR-GEN/2_units/PU_22.mol2,PUR-GEN 2-unit fragment 22,O=C(NCc1ccccc1)OCCO,O=C(NCc1ccccc1)OCCO,YFLRYAVDPKONNX-UHFFFAOYSA-N,,C10H13NO3,195.089543276,195.218,195.089543,0,14,0,1,0,0,0,0,0,generated_polyurethane_fragment,source_defined_high,PUR-GEN source fragment with 2 units,virtual_polyurethane_fragment,2,True,rdkit_validated,canonical_unique,,reaction_rule_generated,candidate_fragment_3d,Gold-V,admitted_reference,0.0,,purgen-fragment-audit-v1,2026.03.4
purgen_u2_023,source_zenodo_11612378_purgen_fragments,2_units/PU_23,doi:10.5281/zenodo.11612378#1.PUR-GEN/2_units/PU_23.mol2,PUR-GEN 2-unit fragment 23,CC(CO)OC(=O)NCc1ccccc1,C[C@@H](CO)OC(=O)NCc1ccccc1,XCELWIUNBWQBNQ-VIFPVBQESA-N,,C11H15NO3,209.10519334,209.245,209.105193,0,15,0,1,0,0,0,0,0,generated_polyurethane_fragment,source_defined_high,PUR-GEN source fragment with 2 units,virtual_polyurethane_fragment,2,True,rdkit_validated,canonical_unique,,reaction_rule_generated,candidate_fragment_3d,Gold-V,admitted_reference,0.0,,purgen-fragment-audit-v1,2026.03.4
purgen_u2_024,source_zenodo_11612378_purgen_fragments,2_units/PU_24,doi:10.5281/zenodo.11612378#1.PUR-GEN/2_units/PU_24.mol2,PUR-GEN 2-unit fragment 24,O=C(NCc1ccccc1)OCCCCO,O=C(NCc1ccccc1)OCCCCO,INEXHHLSDXUBJL-UHFFFAOYSA-N,,C12H17NO3,223.120843404,223.272,223.120843,0,16,0,1,0,0,0,0,0,generated_polyurethane_fragment,source_defined_high,PUR-GEN source fragment with 2 units,virtual_polyurethane_fragment,2,True,rdkit_validated,canonical_unique,,reaction_rule_generated,candidate_fragment_3d,Gold-V,admitted_reference,0.0,,purgen-fragment-audit-v1,2026.03.4
purgen_u2_025,source_zenodo_11612378_purgen_fragments,2_units/PU_25,doi:10.5281/zenodo.11612378#1.PUR-GEN/2_units/PU_25.mol2,PUR-GEN 2-unit fragment 25,CC(C)(CO)COC(=O)NCc1ccccc1,CC(C)(CO)COC(=O)NCc1ccccc1,FFZOHCXZCCIZRX-UHFFFAOYSA-N,,C13H19NO3,237.136493468,237.299,237.136493,0,17,0,1,0,0,0,0,0,generated_polyurethane_fragment,source_defined_high,PUR-GEN source fragment with 2 units,virtual_polyurethane_fragment,2,True,rdkit_validated,canonical_unique,,reaction_rule_generated,candidate_fragment_3d,Gold-V,admitted_reference,0.0,,purgen-fragment-audit-v1,2026.03.4
purgen_u2_026,source_zenodo_11612378_purgen_fragments,2_units/PU_26,doi:10.5281/zenodo.11612378#1.PUR-GEN/2_units/PU_26.mol2,PUR-GEN 2-unit fragment 26,COC(=O)COC(=O)NCc1ccccc1,COC(=O)COC(=O)NCc1ccccc1,NRESCMLUGJAIRW-UHFFFAOYSA-N,,C11H13NO4,223.084457896,223.228,223.084458,0,16,0,0,0,0,0,0,0,generated_polyurethane_fragment,source_defined_high,PUR-GEN source fragment with 2 units,virtual_polyurethane_fragment,2,True,rdkit_validated,canonical_unique,,reaction_rule_generated,candidate_fragment_3d,Gold-V,admitted_reference,0.0,,purgen-fragment-audit-v1,2026.03.4
purgen_u2_027,source_zenodo_11612378_purgen_fragments,2_units/PU_27,doi:10.5281/zenodo.11612378#1.PUR-GEN/2_units/PU_27.mol2,PUR-GEN 2-unit fragment 27,CCOC(=O)COC(=O)NCc1ccccc1,CCOC(=O)COC(=O)NCc1ccccc1,DINGJIHZVYVDMC-UHFFFAOYSA-N,,C12H15NO4,237.10010796,237.255,237.100108,0,17,0,0,0,0,0,0,0,generated_polyurethane_fragment,source_defined_high,PUR-GEN source fragment with 2 units,virtual_polyurethane_fragment,2,True,rdkit_validated,canonical_unique,,reaction_rule_generated,candidate_fragment_3d,Gold-V,admitted_reference,0.0,,purgen-fragment-audit-v1,2026.03.4
purgen_u2_028,source_zenodo_11612378_purgen_fragments,2_units/PU_28,doi:10.5281/zenodo.11612378#1.PUR-GEN/2_units/PU_28.mol2,PUR-GEN 2-unit fragment 28,CCCCOC(=O)COC(=O)NCc1ccccc1,CCCCOC(=O)COC(=O)NCc1ccccc1,FORZNWJVYYCXGD-UHFFFAOYSA-N,,C14H19NO4,265.131408088,265.309,265.131408,0,19,0,0,0,0,0,0,0,generated_polyurethane_fragment,source_defined_high,PUR-GEN source fragment with 2 units,virtual_polyurethane_fragment,2,True,rdkit_validated,canonical_unique,,reaction_rule_generated,candidate_fragment_3d,Gold-V,admitted_reference,0.0,,purgen-fragment-audit-v1,2026.03.4
purgen_u2_029,source_zenodo_11612378_purgen_fragments,2_units/PU_29,doi:10.5281/zenodo.11612378#1.PUR-GEN/2_units/PU_29.mol2,PUR-GEN 2-unit fragment 29,CC(C)CCOC(=O)C(C)OC(=O)NCc1ccccc1,CC(C)CCOC(=O)[C@@H](C)OC(=O)NCc1ccccc1,RJPRJURGVZVOJJ-CYBMUJFWSA-N,,C16H23NO4,293.162708216,293.363,293.162708,0,21,0,0,0,0,0,0,0,generated_polyurethane_fragment,source_defined_high,PUR-GEN source fragment with 2 units,virtual_polyurethane_fragment,2,True,rdkit_validated,canonical_unique,,reaction_rule_generated,candidate_fragment_3d,Gold-V,admitted_reference,0.0,,purgen-fragment-audit-v1,2026.03.4
purgen_u2_030,source_zenodo_11612378_purgen_fragments,2_units/PU_30,doi:10.5281/zenodo.11612378#1.PUR-GEN/2_units/PU_30.mol2,PUR-GEN 2-unit fragment 30,O=C(NCc1ccccc1)OCCOCCO,O=C(NCc1ccccc1)OCCOCCO,WOMOHBUXVLWHKG-UHFFFAOYSA-N,,C12H17NO4,239.115758024,239.271,239.115758,0,17,0,1,0,0,0,0,0,generated_polyurethane_fragment,source_defined_high,PUR-GEN source fragment with 2 units,virtual_polyurethane_fragment,2,True,rdkit_validated,canonical_unique,,reaction_rule_generated,candidate_fragment_3d,Gold-V,admitted_reference,0.0,,purgen-fragment-audit-v1,2026.03.4
purgen_u2_031,source_zenodo_11612378_purgen_fragments,2_units/PU_31,doi:10.5281/zenodo.11612378#1.PUR-GEN/2_units/PU_31.mol2,PUR-GEN 2-unit fragment 31,CC(CO)OCC(C)OC(=O)NCc1ccccc1,C[C@H](CO[C@@H](C)CO)OC(=O)NCc1ccccc1,SXPVTQVOOGFEAO-NWDGAFQWSA-N,,C14H21NO4,267.147058152,267.325,267.147058,0,19,0,1,0,0,0,0,0,generated_polyurethane_fragment,source_defined_high,PUR-GEN source fragment with 2 units,virtual_polyurethane_fragment,2,True,rdkit_validated,canonical_unique,,reaction_rule_generated,candidate_fragment_3d,Gold-V,admitted_reference,0.0,,purgen-fragment-audit-v1,2026.03.4
purgen_u2_032,source_zenodo_11612378_purgen_fragments,2_units/PU_32,doi:10.5281/zenodo.11612378#1.PUR-GEN/2_units/PU_32.mol2,PUR-GEN 2-unit fragment 32,C[C@@H](COC[C@@H](C)OC[C@@H](C)OC(=O)NCc1ccccc1)OCC[C@@H](C)O,C[C@H](COC[C@H](C)OCC[C@@H](C)O)OC[C@@H](C)OC(=O)NCc1ccccc1,UHBBYZSCZAFPBL-FCGDIQPGSA-N,,C21H35NO6,397.24643783999994,397.512,397.246438,0,28,0,1,0,0,0,0,0,generated_polyurethane_fragment,source_defined_high,PUR-GEN source fragment with 2 units,virtual_polyurethane_fragment,2,True,rdkit_validated,canonical_unique,,reaction_rule_generated,candidate_fragment_3d,Gold-V,admitted_reference,0.0,,purgen-fragment-audit-v1,2026.03.4
purgen_u2_033,source_zenodo_11612378_purgen_fragments,2_units/PU_33,doi:10.5281/zenodo.11612378#1.PUR-GEN/2_units/PU_33.mol2,PUR-GEN 2-unit fragment 33,COC(=O)Nc1ccc(Cc2ccc(N)cc2)cc1,COC(=O)Nc1ccc(Cc2ccc(N)cc2)cc1,BOEBDWJHSTZCLS-UHFFFAOYSA-N,,C15H16N2O2,256.121177752,256.305,256.121178,0,19,0,0,1,0,0,0,0,generated_polyurethane_fragment,source_defined_high,PUR-GEN source fragment with 2 units,virtual_polyurethane_fragment,2,True,rdkit_validated,canonical_unique,,reaction_rule_generated,candidate_fragment_3d,Gold-V,admitted_reference,0.0,,purgen-fragment-audit-v1,2026.03.4
purgen_u2_034,source_zenodo_11612378_purgen_fragments,2_units/PU_34,doi:10.5281/zenodo.11612378#1.PUR-GEN/2_units/PU_34.mol2,PUR-GEN 2-unit fragment 34,CCOC(=O)Nc1ccc(Cc2ccc(N)cc2)cc1,CCOC(=O)Nc1ccc(Cc2ccc(N)cc2)cc1,QLOSUIIXSHKUCD-UHFFFAOYSA-N,,C16H18N2O2,270.136827816,270.332,270.136828,0,20,0,0,1,0,0,0,0,generated_polyurethane_fragment,source_defined_high,PUR-GEN source fragment with 2 units,virtual_polyurethane_fragment,2,True,rdkit_validated,canonical_unique,,reaction_rule_generated,candidate_fragment_3d,Gold-V,admitted_reference,0.0,,purgen-fragment-audit-v1,2026.03.4
purgen_u2_035,source_zenodo_11612378_purgen_fragments,2_units/PU_35,doi:10.5281/zenodo.11612378#1.PUR-GEN/2_units/PU_35.mol2,PUR-GEN 2-unit fragment 35,CCCOC(=O)Nc1ccc(Cc2ccc(N)cc2)cc1,CCCOC(=O)Nc1ccc(Cc2ccc(N)cc2)cc1,LXANLHOTYOMKQT-UHFFFAOYSA-N,,C17H20N2O2,284.15247788,284.359,284.152478,0,21,0,0,1,0,0,0,0,generated_polyurethane_fragment,source_defined_high,PUR-GEN source fragment with 2 units,virtual_polyurethane_fragment,2,True,rdkit_validated,canonical_unique,,reaction_rule_generated,candidate_fragment_3d,Gold-V,admitted_reference,0.0,,purgen-fragment-audit-v1,2026.03.4
purgen_u2_036,source_zenodo_11612378_purgen_fragments,2_units/PU_36,doi:10.5281/zenodo.11612378#1.PUR-GEN/2_units/PU_36.mol2,PUR-GEN 2-unit fragment 36,CCCCOC(=O)Nc1ccc(Cc2ccc(N)cc2)cc1,CCCCOC(=O)Nc1ccc(Cc2ccc(N)cc2)cc1,KBPBTNSDBTYHCR-UHFFFAOYSA-N,,C18H22N2O2,298.168127944,298.386,298.168128,0,22,0,0,1,0,0,0,0,generated_polyurethane_fragment,source_defined_high,PUR-GEN source fragment with 2 units,virtual_polyurethane_fragment,2,True,rdkit_validated,canonical_unique,,reaction_rule_generated,candidate_fragment_3d,Gold-V,admitted_reference,0.0,,purgen-fragment-audit-v1,2026.03.4
purgen_u2_037,source_zenodo_11612378_purgen_fragments,2_units/PU_37,doi:10.5281/zenodo.11612378#1.PUR-GEN/2_units/PU_37.mol2,PUR-GEN 2-unit fragment 37,CCCCCOC(=O)Nc1ccc(Cc2ccc(N)cc2)cc1,CCCCCOC(=O)Nc1ccc(Cc2ccc(N)cc2)cc1,FXVCVGFLCKGGKQ-UHFFFAOYSA-N,,C19H24N2O2,312.183778008,312.413,312.183778,0,23,0,0,1,0,0,0,0,generated_polyurethane_fragment,source_defined_high,PUR-GEN source fragment with 2 units,virtual_polyurethane_fragment,2,True,rdkit_validated,canonical_unique,,reaction_rule_generated,candidate_fragment_3d,Gold-V,admitted_reference,0.0,,purgen-fragment-audit-v1,2026.03.4
purgen_u2_038,source_zenodo_11612378_purgen_fragments,2_units/PU_38,doi:10.5281/zenodo.11612378#1.PUR-GEN/2_units/PU_38.mol2,PUR-GEN 2-unit fragment 38,Nc1ccc(Cc2ccc(NC(=O)OCCO)cc2)cc1,Nc1ccc(Cc2ccc(NC(=O)OCCO)cc2)cc1,VWEDZRFVMFPYKY-UHFFFAOYSA-N,,C16H18N2O3,286.131742436,286.331,286.131742,0,21,0,1,1,0,0,0,0,generated_polyurethane_fragment,source_defined_high,PUR-GEN source fragment with 2 units,virtual_polyurethane_fragment,2,True,rdkit_validated,canonical_unique,,reaction_rule_generated,candidate_fragment_3d,Gold-V,admitted_reference,0.0,,purgen-fragment-audit-v1,2026.03.4
purgen_u2_039,source_zenodo_11612378_purgen_fragments,2_units/PU_39,doi:10.5281/zenodo.11612378#1.PUR-GEN/2_units/PU_39.mol2,PUR-GEN 2-unit fragment 39,CC(CO)OC(=O)Nc1ccc(Cc2ccc(N)cc2)cc1,C[C@@H](CO)OC(=O)Nc1ccc(Cc2ccc(N)cc2)cc1,RQRVHBHDKRQCFN-LBPRGKRZSA-N,,C17H20N2O3,300.1473925,300.358,300.147393,0,22,0,1,1,0,0,0,0,generated_polyurethane_fragment,source_defined_high,PUR-GEN source fragment with 2 units,virtual_polyurethane_fragment,2,True,rdkit_validated,canonical_unique,,reaction_rule_generated,candidate_fragment_3d,Gold-V,admitted_reference,0.0,,purgen-fragment-audit-v1,2026.03.4
purgen_u2_040,source_zenodo_11612378_purgen_fragments,2_units/PU_40,doi:10.5281/zenodo.11612378#1.PUR-GEN/2_units/PU_40.mol2,PUR-GEN 2-unit fragment 40,Nc1ccc(Cc2ccc(NC(=O)OCCCCO)cc2)cc1,Nc1ccc(Cc2ccc(NC(=O)OCCCCO)cc2)cc1,UWOCPQGJYMGPEI-UHFFFAOYSA-N,,C18H22N2O3,314.163042564,314.385,314.163043,0,23,0,1,1,0,0,0,0,generated_polyurethane_fragment,source_defined_high,PUR-GEN source fragment with 2 units,virtual_polyurethane_fragment,2,True,rdkit_validated,canonical_unique,,reaction_rule_generated,candidate_fragment_3d,Gold-V,admitted_reference,0.0,,purgen-fragment-audit-v1,2026.03.4
purgen_u2_041,source_zenodo_11612378_purgen_fragments,2_units/PU_41,doi:10.5281/zenodo.11612378#1.PUR-GEN/2_units/PU_41.mol2,PUR-GEN 2-unit fragment 41,CC(C)(CO)COC(=O)Nc1ccc(Cc2ccc(N)cc2)cc1,CC(C)(CO)COC(=O)Nc1ccc(Cc2ccc(N)cc2)cc1,LIMVGMPOTZUBDI-UHFFFAOYSA-N,,C19H24N2O3,328.178692628,328.412,328.178693,0,24,0,1,1,0,0,0,0,generated_polyurethane_fragment,source_defined_high,PUR-GEN source fragment with 2 units,virtual_polyurethane_fragment,2,True,rdkit_validated,canonical_unique,,reaction_rule_generated,candidate_fragment_3d,Gold-V,admitted_reference,0.0,,purgen-fragment-audit-v1,2026.03.4
purgen_u2_042,source_zenodo_11612378_purgen_fragments,2_units/PU_42,doi:10.5281/zenodo.11612378#1.PUR-GEN/2_units/PU_42.mol2,PUR-GEN 2-unit fragment 42,COC(=O)COC(=O)Nc1ccc(Cc2ccc(N)cc2)cc1,COC(=O)COC(=O)Nc1ccc(Cc2ccc(N)cc2)cc1,CNNYEGUYOCAJDS-UHFFFAOYSA-N,,C17H18N2O4,314.126657056,314.341,314.126657,0,23,0,0,1,0,0,0,0,generated_polyurethane_fragment,source_defined_high,PUR-GEN source fragment with 2 units,virtual_polyurethane_fragment,2,True,rdkit_validated,canonical_unique,,reaction_rule_generated,candidate_fragment_3d,Gold-V,admitted_reference,0.0,,purgen-fragment-audit-v1,2026.03.4
purgen_u2_043,source_zenodo_11612378_purgen_fragments,2_units/PU_43,doi:10.5281/zenodo.11612378#1.PUR-GEN/2_units/PU_43.mol2,PUR-GEN 2-unit fragment 43,CCOC(=O)COC(=O)Nc1ccc(Cc2ccc(N)cc2)cc1,CCOC(=O)COC(=O)Nc1ccc(Cc2ccc(N)cc2)cc1,DYITUXSPPSVERA-UHFFFAOYSA-N,,C18H20N2O4,328.14230712,328.368,328.142307,0,24,0,0,1,0,0,0,0,generated_polyurethane_fragment,source_defined_high,PUR-GEN source fragment with 2 units,virtual_polyurethane_fragment,2,True,rdkit_validated,canonical_unique,,reaction_rule_generated,candidate_fragment_3d,Gold-V,admitted_reference,0.0,,purgen-fragment-audit-v1,2026.03.4
purgen_u2_044,source_zenodo_11612378_purgen_fragments,2_units/PU_44,doi:10.5281/zenodo.11612378#1.PUR-GEN/2_units/PU_44.mol2,PUR-GEN 2-unit fragment 44,CCCCOC(=O)COC(=O)Nc1ccc(Cc2ccc(N)cc2)cc1,CCCCOC(=O)COC(=O)Nc1ccc(Cc2ccc(N)cc2)cc1,FEVANZUMDSYOOQ-UHFFFAOYSA-N,,C20H24N2O4,356.173607248,356.422,356.173607,0,26,0,0,1,0,0,0,0,generated_polyurethane_fragment,source_defined_high,PUR-GEN source fragment with 2 units,virtual_polyurethane_fragment,2,True,rdkit_validated,canonical_unique,,reaction_rule_generated,candidate_fragment_3d,Gold-V,admitted_reference,0.0,,purgen-fragment-audit-v1,2026.03.4
purgen_u2_045,source_zenodo_11612378_purgen_fragments,2_units/PU_45,doi:10.5281/zenodo.11612378#1.PUR-GEN/2_units/PU_45.mol2,PUR-GEN 2-unit fragment 45,CC(C)CCOC(=O)C(C)OC(=O)Nc1ccc(Cc2ccc(N)cc2)cc1,CC(C)CCOC(=O)[C@@H](C)OC(=O)Nc1ccc(Cc2ccc(N)cc2)cc1,WOQHWSBQQAOHHF-MRXNPFEDSA-N,,C22H28N2O4,384.204907376,384.476,384.204907,0,28,0,0,1,0,0,0,0,generated_polyurethane_fragment,source_defined_high,PUR-GEN source fragment with 2 units,virtual_polyurethane_fragment,2,True,rdkit_validated,canonical_unique,,reaction_rule_generated,candidate_fragment_3d,Gold-V,admitted_reference,0.0,,purgen-fragment-audit-v1,2026.03.4
purgen_u2_046,source_zenodo_11612378_purgen_fragments,2_units/PU_46,doi:10.5281/zenodo.11612378#1.PUR-GEN/2_units/PU_46.mol2,PUR-GEN 2-unit fragment 46,Nc1ccc(Cc2ccc(NC(=O)OCCOCCO)cc2)cc1,Nc1ccc(Cc2ccc(NC(=O)OCCOCCO)cc2)cc1,RIMFSDQWDLZOJY-UHFFFAOYSA-N,,C18H22N2O4,330.157957184,330.384,330.157957,0,24,0,1,1,0,0,0,0,generated_polyurethane_fragment,source_defined_high,PUR-GEN source fragment with 2 units,virtual_polyurethane_fragment,2,True,rdkit_validated,canonical_unique,,reaction_rule_generated,candidate_fragment_3d,Gold-V,admitted_reference,0.0,,purgen-fragment-audit-v1,2026.03.4
purgen_u2_047,source_zenodo_11612378_purgen_fragments,2_units/PU_47,doi:10.5281/zenodo.11612378#1.PUR-GEN/2_units/PU_47.mol2,PUR-GEN 2-unit fragment 47,CC(CO)OCC(C)OC(=O)Nc1ccc(Cc2ccc(N)cc2)cc1,C[C@H](CO[C@@H](C)CO)OC(=O)Nc1ccc(Cc2ccc(N)cc2)cc1,CKLHWXPFSQWTMM-LSDHHAIUSA-N,,C20H26N2O4,358.189257312,358.438,358.189257,0,26,0,1,1,0,0,0,0,generated_polyurethane_fragment,source_defined_high,PUR-GEN source fragment with 2 units,virtual_polyurethane_fragment,2,True,rdkit_validated,canonical_unique,,reaction_rule_generated,candidate_fragment_3d,Gold-V,admitted_reference,0.0,,purgen-fragment-audit-v1,2026.03.4
purgen_u2_048,source_zenodo_11612378_purgen_fragments,2_units/PU_48,doi:10.5281/zenodo.11612378#1.PUR-GEN/2_units/PU_48.mol2,PUR-GEN 2-unit fragment 48,C[C@@H](COC[C@@H](C)OC[C@@H](C)OC(=O)Nc1ccc(Cc2ccc(N)cc2)cc1)OCC[C@@H](C)O,C[C@H](COC[C@H](C)OCC[C@@H](C)O)OC[C@@H](C)OC(=O)Nc1ccc(Cc2ccc(N)cc2)cc1,CURFJCOAQLRJOA-CIAFKFPVSA-N,,C27H40N2O6,488.28863699999994,488.625,488.288637,0,35,0,1,1,0,0,0,0,generated_polyurethane_fragment,source_defined_high,PUR-GEN source fragment with 2 units,virtual_polyurethane_fragment,2,True,rdkit_validated,canonical_unique,,reaction_rule_generated,candidate_fragment_3d,Gold-V,admitted_reference,0.0,,purgen-fragment-audit-v1,2026.03.4
purgen_u2_049,source_zenodo_11612378_purgen_fragments,2_units/PU_49,doi:10.5281/zenodo.11612378#1.PUR-GEN/2_units/PU_49.mol2,PUR-GEN 2-unit fragment 49,COC(=O)Nc1ccccc1Cc1ccc(N)cc1,COC(=O)Nc1ccccc1Cc1ccc(N)cc1,KJTRTOPEDKJMSY-UHFFFAOYSA-N,,C15H16N2O2,256.121177752,256.305,256.121178,0,19,0,0,1,0,0,0,0,generated_polyurethane_fragment,source_defined_high,PUR-GEN source fragment with 2 units,virtual_polyurethane_fragment,2,True,rdkit_validated,canonical_unique,,reaction_rule_generated,candidate_fragment_3d,Gold-V,admitted_reference,0.0,,purgen-fragment-audit-v1,2026.03.4
purgen_u2_050,source_zenodo_11612378_purgen_fragments,2_units/PU_50,doi:10.5281/zenodo.11612378#1.PUR-GEN/2_units/PU_50.mol2,PUR-GEN 2-unit fragment 50,CCOC(=O)Nc1ccccc1Cc1ccc(N)cc1,CCOC(=O)Nc1ccccc1Cc1ccc(N)cc1,CTKOSTBZKZEUBV-UHFFFAOYSA-N,,C16H18N2O2,270.136827816,270.332,270.136828,0,20,0,0,1,0,0,0,0,generated_polyurethane_fragment,source_defined_high,PUR-GEN source fragment with 2 units,virtual_polyurethane_fragment,2,True,rdkit_validated,canonical_unique,,reaction_rule_generated,candidate_fragment_3d,Gold-V,admitted_reference,0.0,,purgen-fragment-audit-v1,2026.03.4
purgen_u2_051,source_zenodo_11612378_purgen_fragments,2_units/PU_51,doi:10.5281/zenodo.11612378#1.PUR-GEN/2_units/PU_51.mol2,PUR-GEN 2-unit fragment 51,CCCOC(=O)Nc1ccccc1Cc1ccc(N)cc1,CCCOC(=O)Nc1ccccc1Cc1ccc(N)cc1,QOFFROBMQVVMMH-UHFFFAOYSA-N,,C17H20N2O2,284.15247788,284.359,284.152478,0,21,0,0,1,0,0,0,0,generated_polyurethane_fragment,source_defined_high,PUR-GEN source fragment with 2 units,virtual_polyurethane_fragment,2,True,rdkit_validated,canonical_unique,,reaction_rule_generated,candidate_fragment_3d,Gold-V,admitted_reference,0.0,,purgen-fragment-audit-v1,2026.03.4
purgen_u2_052,source_zenodo_11612378_purgen_fragments,2_units/PU_52,doi:10.5281/zenodo.11612378#1.PUR-GEN/2_units/PU_52.mol2,PUR-GEN 2-unit fragment 52,CCCCOC(=O)Nc1ccccc1Cc1ccc(N)cc1,CCCCOC(=O)Nc1ccccc1Cc1ccc(N)cc1,DZQDUIAPVRGDBD-UHFFFAOYSA-N,,C18H22N2O2,298.168127944,298.386,298.168128,0,22,0,0,1,0,0,0,0,generated_polyurethane_fragment,source_defined_high,PUR-GEN source fragment with 2 units,virtual_polyurethane_fragment,2,True,rdkit_validated,canonical_unique,,reaction_rule_generated,candidate_fragment_3d,Gold-V,admitted_reference,0.0,,purgen-fragment-audit-v1,2026.03.4
purgen_u2_053,source_zenodo_11612378_purgen_fragments,2_units/PU_53,doi:10.5281/zenodo.11612378#1.PUR-GEN/2_units/PU_53.mol2,PUR-GEN 2-unit fragment 53,CCCCCOC(=O)Nc1ccccc1Cc1ccc(N)cc1,CCCCCOC(=O)Nc1ccccc1Cc1ccc(N)cc1,UPEUHIQXOMGJBF-UHFFFAOYSA-N,,C19H24N2O2,312.183778008,312.413,312.183778,0,23,0,0,1,0,0,0,0,generated_polyurethane_fragment,source_defined_high,PUR-GEN source fragment with 2 units,virtual_polyurethane_fragment,2,True,rdkit_validated,canonical_unique,,reaction_rule_generated,candidate_fragment_3d,Gold-V,admitted_reference,0.0,,purgen-fragment-audit-v1,2026.03.4
purgen_u2_054,source_zenodo_11612378_purgen_fragments,2_units/PU_54,doi:10.5281/zenodo.11612378#1.PUR-GEN/2_units/PU_54.mol2,PUR-GEN 2-unit fragment 54,Nc1ccc(Cc2ccccc2NC(=O)OCCO)cc1,Nc1ccc(Cc2ccccc2NC(=O)OCCO)cc1,WONVIWBWNQPDRX-UHFFFAOYSA-N,,C16H18N2O3,286.131742436,286.331,286.131742,0,21,0,1,1,0,0,0,0,generated_polyurethane_fragment,source_defined_high,PUR-GEN source fragment with 2 units,virtual_polyurethane_fragment,2,True,rdkit_validated,canonical_unique,,reaction_rule_generated,candidate_fragment_3d,Gold-V,admitted_reference,0.0,,purgen-fragment-audit-v1,2026.03.4
purgen_u2_055,source_zenodo_11612378_purgen_fragments,2_units/PU_55,doi:10.5281/zenodo.11612378#1.PUR-GEN/2_units/PU_55.mol2,PUR-GEN 2-unit fragment 55,CC(CO)OC(=O)Nc1ccccc1Cc1ccc(N)cc1,C[C@@H](CO)OC(=O)Nc1ccccc1Cc1ccc(N)cc1,BYGZRSPGFVNWDP-LBPRGKRZSA-N,,C17H20N2O3,300.1473925,300.358,300.147393,0,22,0,1,1,0,0,0,0,generated_polyurethane_fragment,source_defined_high,PUR-GEN source fragment with 2 units,virtual_polyurethane_fragment,2,True,rdkit_validated,canonical_unique,,reaction_rule_generated,candidate_fragment_3d,Gold-V,admitted_reference,0.0,,purgen-fragment-audit-v1,2026.03.4
purgen_u2_056,source_zenodo_11612378_purgen_fragments,2_units/PU_56,doi:10.5281/zenodo.11612378#1.PUR-GEN/2_units/PU_56.mol2,PUR-GEN 2-unit fragment 56,Nc1ccc(Cc2ccccc2NC(=O)OCCCCO)cc1,Nc1ccc(Cc2ccccc2NC(=O)OCCCCO)cc1,JANCDNPGSXIOMN-UHFFFAOYSA-N,,C18H22N2O3,314.16304256399997,314.385,314.163043,0,23,0,1,1,0,0,0,0,generated_polyurethane_fragment,source_defined_high,PUR-GEN source fragment with 2 units,virtual_polyurethane_fragment,2,True,rdkit_validated,canonical_unique,,reaction_rule_generated,candidate_fragment_3d,Gold-V,admitted_reference,0.0,,purgen-fragment-audit-v1,2026.03.4
purgen_u2_057,source_zenodo_11612378_purgen_fragments,2_units/PU_57,doi:10.5281/zenodo.11612378#1.PUR-GEN/2_units/PU_57.mol2,PUR-GEN 2-unit fragment 57,CC(C)(CO)COC(=O)Nc1ccccc1Cc1ccc(N)cc1,CC(C)(CO)COC(=O)Nc1ccccc1Cc1ccc(N)cc1,SCMIOJWPYLILTI-UHFFFAOYSA-N,,C19H24N2O3,328.178692628,328.412,328.178693,0,24,0,1,1,0,0,0,0,generated_polyurethane_fragment,source_defined_high,PUR-GEN source fragment with 2 units,virtual_polyurethane_fragment,2,True,rdkit_validated,canonical_unique,,reaction_rule_generated,candidate_fragment_3d,Gold-V,admitted_reference,0.0,,purgen-fragment-audit-v1,2026.03.4
purgen_u2_058,source_zenodo_11612378_purgen_fragments,2_units/PU_58,doi:10.5281/zenodo.11612378#1.PUR-GEN/2_units/PU_58.mol2,PUR-GEN 2-unit fragment 58,COC(=O)COC(=O)Nc1ccccc1Cc1ccc(N)cc1,COC(=O)COC(=O)Nc1ccccc1Cc1ccc(N)cc1,SKRWBLSNGJPZOA-UHFFFAOYSA-N,,C17H18N2O4,314.126657056,314.341,314.126657,0,23,0,0,1,0,0,0,0,generated_polyurethane_fragment,source_defined_high,PUR-GEN source fragment with 2 units,virtual_polyurethane_fragment,2,True,rdkit_validated,canonical_unique,,reaction_rule_generated,candidate_fragment_3d,Gold-V,admitted_reference,0.0,,purgen-fragment-audit-v1,2026.03.4
purgen_u2_059,source_zenodo_11612378_purgen_fragments,2_units/PU_59,doi:10.5281/zenodo.11612378#1.PUR-GEN/2_units/PU_59.mol2,PUR-GEN 2-unit fragment 59,CCOC(=O)COC(=O)Nc1ccccc1Cc1ccc(N)cc1,CCOC(=O)COC(=O)Nc1ccccc1Cc1ccc(N)cc1,OJMJWPNFLXTVGB-UHFFFAOYSA-N,,C18H20N2O4,328.14230712,328.368,328.142307,0,24,0,0,1,0,0,0,0,generated_polyurethane_fragment,source_defined_high,PUR-GEN source fragment with 2 units,virtual_polyurethane_fragment,2,True,rdkit_validated,canonical_unique,,reaction_rule_generated,candidate_fragment_3d,Gold-V,admitted_reference,0.0,,purgen-fragment-audit-v1,2026.03.4
purgen_u2_060,source_zenodo_11612378_purgen_fragments,2_units/PU_60,doi:10.5281/zenodo.11612378#1.PUR-GEN/2_units/PU_60.mol2,PUR-GEN 2-unit fragment 60,CCCCOC(=O)COC(=O)Nc1ccccc1Cc1ccc(N)cc1,CCCCOC(=O)COC(=O)Nc1ccccc1Cc1ccc(N)cc1,FVJZEQAPNXDFRS-UHFFFAOYSA-N,,C20H24N2O4,356.173607248,356.422,356.173607,0,26,0,0,1,0,0,0,0,generated_polyurethane_fragment,source_defined_high,PUR-GEN source fragment with 2 units,virtual_polyurethane_fragment,2,True,rdkit_validated,canonical_unique,,reaction_rule_generated,candidate_fragment_3d,Gold-V,admitted_reference,0.0,,purgen-fragment-audit-v1,2026.03.4
purgen_u2_061,source_zenodo_11612378_purgen_fragments,2_units/PU_61,doi:10.5281/zenodo.11612378#1.PUR-GEN/2_units/PU_61.mol2,PUR-GEN 2-unit fragment 61,CC(C)CCOC(=O)C(C)OC(=O)Nc1ccccc1Cc1ccc(N)cc1,CC(C)CCOC(=O)[C@@H](C)OC(=O)Nc1ccccc1Cc1ccc(N)cc1,USKVQBMPMDQGMV-MRXNPFEDSA-N,,C22H28N2O4,384.204907376,384.476,384.204907,0,28,0,0,1,0,0,0,0,generated_polyurethane_fragment,source_defined_high,PUR-GEN source fragment with 2 units,virtual_polyurethane_fragment,2,True,rdkit_validated,canonical_unique,,reaction_rule_generated,candidate_fragment_3d,Gold-V,admitted_reference,0.0,,purgen-fragment-audit-v1,2026.03.4
purgen_u2_062,source_zenodo_11612378_purgen_fragments,2_units/PU_62,doi:10.5281/zenodo.11612378#1.PUR-GEN/2_units/PU_62.mol2,PUR-GEN 2-unit fragment 62,Nc1ccc(Cc2ccccc2NC(=O)OCCOCCO)cc1,Nc1ccc(Cc2ccccc2NC(=O)OCCOCCO)cc1,STTABXSLNINYLJ-UHFFFAOYSA-N,,C18H22N2O4,330.157957184,330.384,330.157957,0,24,0,1,1,0,0,0,0,generated_polyurethane_fragment,source_defined_high,PUR-GEN source fragment with 2 units,virtual_polyurethane_fragment,2,True,rdkit_validated,canonical_unique,,reaction_rule_generated,candidate_fragment_3d,Gold-V,admitted_reference,0.0,,purgen-fragment-audit-v1,2026.03.4
purgen_u2_063,source_zenodo_11612378_purgen_fragments,2_units/PU_63,doi:10.5281/zenodo.11612378#1.PUR-GEN/2_units/PU_63.mol2,PUR-GEN 2-unit fragment 63,CC(CO)OCC(C)OC(=O)Nc1ccccc1Cc1ccc(N)cc1,C[C@H](CO[C@@H](C)CO)OC(=O)Nc1ccccc1Cc1ccc(N)cc1,OOAMTUAJHUVHBE-LSDHHAIUSA-N,,C20H26N2O4,358.189257312,358.438,358.189257,0,26,0,1,1,0,0,0,0,generated_polyurethane_fragment,source_defined_high,PUR-GEN source fragment with 2 units,virtual_polyurethane_fragment,2,True,rdkit_validated,canonical_unique,,reaction_rule_generated,candidate_fragment_3d,Gold-V,admitted_reference,0.0,,purgen-fragment-audit-v1,2026.03.4
purgen_u2_064,source_zenodo_11612378_purgen_fragments,2_units/PU_64,doi:10.5281/zenodo.11612378#1.PUR-GEN/2_units/PU_64.mol2,PUR-GEN 2-unit fragment 64,C[C@@H](COC[C@@H](C)OC[C@@H](C)OC(=O)Nc1ccccc1Cc1ccc(N)cc1)OCC[C@@H](C)O,C[C@H](COC[C@H](C)OCC[C@@H](C)O)OC[C@@H](C)OC(=O)Nc1ccccc1Cc1ccc(N)cc1,SEFJCYLISGRPHK-CIAFKFPVSA-N,,C27H40N2O6,488.28863699999994,488.625,488.288637,0,35,0,1,1,0,0,0,0,generated_polyurethane_fragment,source_defined_high,PUR-GEN source fragment with 2 units,virtual_polyurethane_fragment,2,True,rdkit_validated,canonical_unique,,reaction_rule_generated,candidate_fragment_3d,Gold-V,admitted_reference,0.0,,purgen-fragment-audit-v1,2026.03.4
purgen_u2_065,source_zenodo_11612378_purgen_fragments,2_units/PU_65,doi:10.5281/zenodo.11612378#1.PUR-GEN/2_units/PU_65.mol2,PUR-GEN 2-unit fragment 65,COC(=O)Nc1ccccc1Cc1ccccc1N,COC(=O)Nc1ccccc1Cc1ccccc1N,DGYQDLINIAGKTP-UHFFFAOYSA-N,,C15H16N2O2,256.121177752,256.305,256.121178,0,19,0,0,1,0,0,0,0,generated_polyurethane_fragment,source_defined_high,PUR-GEN source fragment with 2 units,virtual_polyurethane_fragment,2,True,rdkit_validated,canonical_unique,,reaction_rule_generated,candidate_fragment_3d,Gold-V,admitted_reference,0.0,,purgen-fragment-audit-v1,2026.03.4
purgen_u2_066,source_zenodo_11612378_purgen_fragments,2_units/PU_66,doi:10.5281/zenodo.11612378#1.PUR-GEN/2_units/PU_66.mol2,PUR-GEN 2-unit fragment 66,CCOC(=O)Nc1ccccc1Cc1ccccc1N,CCOC(=O)Nc1ccccc1Cc1ccccc1N,VHAVPCUCSYGBIK-UHFFFAOYSA-N,,C16H18N2O2,270.136827816,270.332,270.136828,0,20,0,0,1,0,0,0,0,generated_polyurethane_fragment,source_defined_high,PUR-GEN source fragment with 2 units,virtual_polyurethane_fragment,2,True,rdkit_validated,canonical_unique,,reaction_rule_generated,candidate_fragment_3d,Gold-V,admitted_reference,0.0,,purgen-fragment-audit-v1,2026.03.4
purgen_u2_067,source_zenodo_11612378_purgen_fragments,2_units/PU_67,doi:10.5281/zenodo.11612378#1.PUR-GEN/2_units/PU_67.mol2,PUR-GEN 2-unit fragment 67,CCCOC(=O)Nc1ccccc1Cc1ccccc1N,CCCOC(=O)Nc1ccccc1Cc1ccccc1N,DVPLMOAGWYZRNZ-UHFFFAOYSA-N,,C17H20N2O2,284.15247788,284.359,284.152478,0,21,0,0,1,0,0,0,0,generated_polyurethane_fragment,source_defined_high,PUR-GEN source fragment with 2 units,virtual_polyurethane_fragment,2,True,rdkit_validated,canonical_unique,,reaction_rule_generated,candidate_fragment_3d,Gold-V,admitted_reference,0.0,,purgen-fragment-audit-v1,2026.03.4
purgen_u2_068,source_zenodo_11612378_purgen_fragments,2_units/PU_68,doi:10.5281/zenodo.11612378#1.PUR-GEN/2_units/PU_68.mol2,PUR-GEN 2-unit fragment 68,CCCCOC(=O)Nc1ccccc1Cc1ccccc1N,CCCCOC(=O)Nc1ccccc1Cc1ccccc1N,QOTQARRXHPOUNE-UHFFFAOYSA-N,,C18H22N2O2,298.16812794400005,298.386,298.168128,0,22,0,0,1,0,0,0,0,generated_polyurethane_fragment,source_defined_high,PUR-GEN source fragment with 2 units,virtual_polyurethane_fragment,2,True,rdkit_validated,canonical_unique,,reaction_rule_generated,candidate_fragment_3d,Gold-V,admitted_reference,0.0,,purgen-fragment-audit-v1,2026.03.4
purgen_u2_069,source_zenodo_11612378_purgen_fragments,2_units/PU_69,doi:10.5281/zenodo.11612378#1.PUR-GEN/2_units/PU_69.mol2,PUR-GEN 2-unit fragment 69,CCCCCOC(=O)Nc1ccccc1Cc1ccccc1N,CCCCCOC(=O)Nc1ccccc1Cc1ccccc1N,NOSAKKKPJIHKFB-UHFFFAOYSA-N,,C19H24N2O2,312.18377800800005,312.413,312.183778,0,23,0,0,1,0,0,0,0,generated_polyurethane_fragment,source_defined_high,PUR-GEN source fragment with 2 units,virtual_polyurethane_fragment,2,True,rdkit_validated,canonical_unique,,reaction_rule_generated,candidate_fragment_3d,Gold-V,admitted_reference,0.0,,purgen-fragment-audit-v1,2026.03.4
purgen_u2_070,source_zenodo_11612378_purgen_fragments,2_units/PU_70,doi:10.5281/zenodo.11612378#1.PUR-GEN/2_units/PU_70.mol2,PUR-GEN 2-unit fragment 70,Nc1ccccc1Cc1ccccc1NC(=O)OCCO,Nc1ccccc1Cc1ccccc1NC(=O)OCCO,CZPIYQFJKOUMGX-UHFFFAOYSA-N,,C16H18N2O3,286.13174243599997,286.331,286.131742,0,21,0,1,1,0,0,0,0,generated_polyurethane_fragment,source_defined_high,PUR-GEN source fragment with 2 units,virtual_polyurethane_fragment,2,True,rdkit_validated,canonical_unique,,reaction_rule_generated,candidate_fragment_3d,Gold-V,admitted_reference,0.0,,purgen-fragment-audit-v1,2026.03.4
purgen_u2_071,source_zenodo_11612378_purgen_fragments,2_units/PU_71,doi:10.5281/zenodo.11612378#1.PUR-GEN/2_units/PU_71.mol2,PUR-GEN 2-unit fragment 71,CC(CO)OC(=O)Nc1ccccc1Cc1ccccc1N,C[C@@H](CO)OC(=O)Nc1ccccc1Cc1ccccc1N,UCSITEYYJWLQIQ-LBPRGKRZSA-N,,C17H20N2O3,300.1473925,300.358,300.147393,0,22,0,1,1,0,0,0,0,generated_polyurethane_fragment,source_defined_high,PUR-GEN source fragment with 2 units,virtual_polyurethane_fragment,2,True,rdkit_validated,canonical_unique,,reaction_rule_generated,candidate_fragment_3d,Gold-V,admitted_reference,0.0,,purgen-fragment-audit-v1,2026.03.4
purgen_u2_072,source_zenodo_11612378_purgen_fragments,2_units/PU_72,doi:10.5281/zenodo.11612378#1.PUR-GEN/2_units/PU_72.mol2,PUR-GEN 2-unit fragment 72,Nc1ccccc1Cc1ccccc1NC(=O)OCCCCO,Nc1ccccc1Cc1ccccc1NC(=O)OCCCCO,HRDRQSYVPXAJQV-UHFFFAOYSA-N,,C18H22N2O3,314.16304256399997,314.385,314.163043,0,23,0,1,1,0,0,0,0,generated_polyurethane_fragment,source_defined_high,PUR-GEN source fragment with 2 units,virtual_polyurethane_fragment,2,True,rdkit_validated,canonical_unique,,reaction_rule_generated,candidate_fragment_3d,Gold-V,admitted_reference,0.0,,purgen-fragment-audit-v1,2026.03.4
purgen_u2_073,source_zenodo_11612378_purgen_fragments,2_units/PU_73,doi:10.5281/zenodo.11612378#1.PUR-GEN/2_units/PU_73.mol2,PUR-GEN 2-unit fragment 73,CC(C)(CO)COC(=O)Nc1ccccc1Cc1ccccc1N,CC(C)(CO)COC(=O)Nc1ccccc1Cc1ccccc1N,ZQSNERDPNVUJEC-UHFFFAOYSA-N,,C19H24N2O3,328.178692628,328.412,328.178693,0,24,0,1,1,0,0,0,0,generated_polyurethane_fragment,source_defined_high,PUR-GEN source fragment with 2 units,virtual_polyurethane_fragment,2,True,rdkit_validated,canonical_unique,,reaction_rule_generated,candidate_fragment_3d,Gold-V,admitted_reference,0.0,,purgen-fragment-audit-v1,2026.03.4
purgen_u2_074,source_zenodo_11612378_purgen_fragments,2_units/PU_74,doi:10.5281/zenodo.11612378#1.PUR-GEN/2_units/PU_74.mol2,PUR-GEN 2-unit fragment 74,COC(=O)COC(=O)Nc1ccccc1Cc1ccccc1N,COC(=O)COC(=O)Nc1ccccc1Cc1ccccc1N,BPGVNBTXMDQFGC-UHFFFAOYSA-N,,C17H18N2O4,314.126657056,314.341,314.126657,0,23,0,0,1,0,0,0,0,generated_polyurethane_fragment,source_defined_high,PUR-GEN source fragment with 2 units,virtual_polyurethane_fragment,2,True,rdkit_validated,canonical_unique,,reaction_rule_generated,candidate_fragment_3d,Gold-V,admitted_reference,0.0,,purgen-fragment-audit-v1,2026.03.4
purgen_u2_075,source_zenodo_11612378_purgen_fragments,2_units/PU_75,doi:10.5281/zenodo.11612378#1.PUR-GEN/2_units/PU_75.mol2,PUR-GEN 2-unit fragment 75,CCOC(=O)COC(=O)Nc1ccccc1Cc1ccccc1N,CCOC(=O)COC(=O)Nc1ccccc1Cc1ccccc1N,NKDASRMOWZIVKY-UHFFFAOYSA-N,,C18H20N2O4,328.14230712,328.368,328.142307,0,24,0,0,1,0,0,0,0,generated_polyurethane_fragment,source_defined_high,PUR-GEN source fragment with 2 units,virtual_polyurethane_fragment,2,True,rdkit_validated,canonical_unique,,reaction_rule_generated,candidate_fragment_3d,Gold-V,admitted_reference,0.0,,purgen-fragment-audit-v1,2026.03.4
purgen_u2_076,source_zenodo_11612378_purgen_fragments,2_units/PU_76,doi:10.5281/zenodo.11612378#1.PUR-GEN/2_units/PU_76.mol2,PUR-GEN 2-unit fragment 76,CCCCOC(=O)COC(=O)Nc1ccccc1Cc1ccccc1N,CCCCOC(=O)COC(=O)Nc1ccccc1Cc1ccccc1N,AIHZXQPVCHKHDO-UHFFFAOYSA-N,,C20H24N2O4,356.173607248,356.422,356.173607,0,26,0,0,1,0,0,0,0,generated_polyurethane_fragment,source_defined_high,PUR-GEN source fragment with 2 units,virtual_polyurethane_fragment,2,True,rdkit_validated,canonical_unique,,reaction_rule_generated,candidate_fragment_3d,Gold-V,admitted_reference,0.0,,purgen-fragment-audit-v1,2026.03.4
purgen_u2_077,source_zenodo_11612378_purgen_fragments,2_units/PU_77,doi:10.5281/zenodo.11612378#1.PUR-GEN/2_units/PU_77.mol2,PUR-GEN 2-unit fragment 77,CC(C)CCOC(=O)C(C)OC(=O)Nc1ccccc1Cc1ccccc1N,CC(C)CCOC(=O)[C@@H](C)OC(=O)Nc1ccccc1Cc1ccccc1N,TURQAVQIKSTTGC-MRXNPFEDSA-N,,C22H28N2O4,384.204907376,384.476,384.204907,0,28,0,0,1,0,0,0,0,generated_polyurethane_fragment,source_defined_high,PUR-GEN source fragment with 2 units,virtual_polyurethane_fragment,2,True,rdkit_validated,canonical_unique,,reaction_rule_generated,candidate_fragment_3d,Gold-V,admitted_reference,0.0,,purgen-fragment-audit-v1,2026.03.4
purgen_u2_078,source_zenodo_11612378_purgen_fragments,2_units/PU_78,doi:10.5281/zenodo.11612378#1.PUR-GEN/2_units/PU_78.mol2,PUR-GEN 2-unit fragment 78,Nc1ccccc1Cc1ccccc1NC(=O)OCCOCCO,Nc1ccccc1Cc1ccccc1NC(=O)OCCOCCO,UFNZOKKLFXACMY-UHFFFAOYSA-N,,C18H22N2O4,330.15795718399994,330.384,330.157957,0,24,0,1,1,0,0,0,0,generated_polyurethane_fragment,source_defined_high,PUR-GEN source fragment with 2 units,virtual_polyurethane_fragment,2,True,rdkit_validated,canonical_unique,,reaction_rule_generated,candidate_fragment_3d,Gold-V,admitted_reference,0.0,,purgen-fragment-audit-v1,2026.03.4
purgen_u2_079,source_zenodo_11612378_purgen_fragments,2_units/PU_79,doi:10.5281/zenodo.11612378#1.PUR-GEN/2_units/PU_79.mol2,PUR-GEN 2-unit fragment 79,CC(CO)OCC(C)OC(=O)Nc1ccccc1Cc1ccccc1N,C[C@H](CO[C@@H](C)CO)OC(=O)Nc1ccccc1Cc1ccccc1N,DGWJZMJHGCWXQZ-LSDHHAIUSA-N,,C20H26N2O4,358.189257312,358.438,358.189257,0,26,0,1,1,0,0,0,0,generated_polyurethane_fragment,source_defined_high,PUR-GEN source fragment with 2 units,virtual_polyurethane_fragment,2,True,rdkit_validated,canonical_unique,,reaction_rule_generated,candidate_fragment_3d,Gold-V,admitted_reference,0.0,,purgen-fragment-audit-v1,2026.03.4
purgen_u2_080,source_zenodo_11612378_purgen_fragments,2_units/PU_80,doi:10.5281/zenodo.11612378#1.PUR-GEN/2_units/PU_80.mol2,PUR-GEN 2-unit fragment 80,C[C@@H](COC[C@@H](C)OC[C@@H](C)OC(=O)Nc1ccccc1Cc1ccccc1N)OCC[C@@H](C)O,C[C@H](COC[C@H](C)OCC[C@@H](C)O)OC[C@@H](C)OC(=O)Nc1ccccc1Cc1ccccc1N,PBBBVGSWPYBZGR-CIAFKFPVSA-N,,C27H40N2O6,488.28863699999994,488.625,488.288637,0,35,0,1,1,0,0,0,0,generated_polyurethane_fragment,source_defined_high,PUR-GEN source fragment with 2 units,virtual_polyurethane_fragment,2,True,rdkit_validated,canonical_unique,,reaction_rule_generated,candidate_fragment_3d,Gold-V,admitted_reference,0.0,,purgen-fragment-audit-v1,2026.03.4
purgen_u2_081,source_zenodo_11612378_purgen_fragments,2_units/PU_81,doi:10.5281/zenodo.11612378#1.PUR-GEN/2_units/PU_81.mol2,PUR-GEN 2-unit fragment 81,COC(=O)Nc1ccc(C)c(N)c1,COC(=O)Nc1ccc(C)c(N)c1,LIRNEANXNQTOCP-UHFFFAOYSA-N,,C9H12N2O2,180.089877624,180.207,180.089878,0,13,0,0,1,0,0,0,0,generated_polyurethane_fragment,source_defined_high,PUR-GEN source fragment with 2 units,virtual_polyurethane_fragment,2,True,rdkit_validated,canonical_unique,,reaction_rule_generated,candidate_fragment_3d,Gold-V,admitted_reference,0.0,,purgen-fragment-audit-v1,2026.03.4
purgen_u2_082,source_zenodo_11612378_purgen_fragments,2_units/PU_82,doi:10.5281/zenodo.11612378#1.PUR-GEN/2_units/PU_82.mol2,PUR-GEN 2-unit fragment 82,CCOC(=O)Nc1ccc(C)c(N)c1,CCOC(=O)Nc1ccc(C)c(N)c1,HMOZGPVUIDFADX-UHFFFAOYSA-N,,C10H14N2O2,194.105527688,194.234,194.105528,0,14,0,0,1,0,0,0,0,generated_polyurethane_fragment,source_defined_high,PUR-GEN source fragment with 2 units,virtual_polyurethane_fragment,2,True,rdkit_validated,canonical_unique,,reaction_rule_generated,candidate_fragment_3d,Gold-V,admitted_reference,0.0,,purgen-fragment-audit-v1,2026.03.4
purgen_u2_083,source_zenodo_11612378_purgen_fragments,2_units/PU_83,doi:10.5281/zenodo.11612378#1.PUR-GEN/2_units/PU_83.mol2,PUR-GEN 2-unit fragment 83,CCCOC(=O)Nc1ccc(C)c(N)c1,CCCOC(=O)Nc1ccc(C)c(N)c1,AVYVFFISRFDLII-UHFFFAOYSA-N,,C11H16N2O2,208.121177752,208.261,208.121178,0,15,0,0,1,0,0,0,0,generated_polyurethane_fragment,source_defined_high,PUR-GEN source fragment with 2 units,virtual_polyurethane_fragment,2,True,rdkit_validated,canonical_unique,,reaction_rule_generated,candidate_fragment_3d,Gold-V,admitted_reference,0.0,,purgen-fragment-audit-v1,2026.03.4
purgen_u2_084,source_zenodo_11612378_purgen_fragments,2_units/PU_84,doi:10.5281/zenodo.11612378#1.PUR-GEN/2_units/PU_84.mol2,PUR-GEN 2-unit fragment 84,CCCCOC(=O)Nc1ccc(C)c(N)c1,CCCCOC(=O)Nc1ccc(C)c(N)c1,CPBMZOFWMVVYIP-UHFFFAOYSA-N,,C12H18N2O2,222.136827816,222.288,222.136828,0,16,0,0,1,0,0,0,0,generated_polyurethane_fragment,source_defined_high,PUR-GEN source fragment with 2 units,virtual_polyurethane_fragment,2,True,rdkit_validated,canonical_unique,,reaction_rule_generated,candidate_fragment_3d,Gold-V,admitted_reference,0.0,,purgen-fragment-audit-v1,2026.03.4
purgen_u2_085,source_zenodo_11612378_purgen_fragments,2_units/PU_85,doi:10.5281/zenodo.11612378#1.PUR-GEN/2_units/PU_85.mol2,PUR-GEN 2-unit fragment 85,CCCCCOC(=O)Nc1ccc(C)c(N)c1,CCCCCOC(=O)Nc1ccc(C)c(N)c1,INVLQTVVHVORST-UHFFFAOYSA-N,,C13H20N2O2,236.15247788,236.315,236.152478,0,17,0,0,1,0,0,0,0,generated_polyurethane_fragment,source_defined_high,PUR-GEN source fragment with 2 units,virtual_polyurethane_fragment,2,True,rdkit_validated,canonical_unique,,reaction_rule_generated,candidate_fragment_3d,Gold-V,admitted_reference,0.0,,purgen-fragment-audit-v1,2026.03.4
purgen_u2_086,source_zenodo_11612378_purgen_fragments,2_units/PU_86,doi:10.5281/zenodo.11612378#1.PUR-GEN/2_units/PU_86.mol2,PUR-GEN 2-unit fragment 86,Cc1ccc(NC(=O)OCCO)cc1N,Cc1ccc(NC(=O)OCCO)cc1N,ZKLVUFLQDSEUFE-UHFFFAOYSA-N,,C10H14N2O3,210.100442308,210.233,210.100442,0,15,0,1,1,0,0,0,0,generated_polyurethane_fragment,source_defined_high,PUR-GEN source fragment with 2 units,virtual_polyurethane_fragment,2,True,rdkit_validated,canonical_unique,,reaction_rule_generated,candidate_fragment_3d,Gold-V,admitted_reference,0.0,,purgen-fragment-audit-v1,2026.03.4
purgen_u2_087,source_zenodo_11612378_purgen_fragments,2_units/PU_87,doi:10.5281/zenodo.11612378#1.PUR-GEN/2_units/PU_87.mol2,PUR-GEN 2-unit fragment 87,Cc1ccc(NC(=O)OC(C)CO)cc1N,Cc1ccc(NC(=O)O[C@@H](C)CO)cc1N,JZJQLCWOFGLPNW-QMMMGPOBSA-N,,C11H16N2O3,224.116092372,224.26,224.116092,0,16,0,1,1,0,0,0,0,generated_polyurethane_fragment,source_defined_high,PUR-GEN source fragment with 2 units,virtual_polyurethane_fragment,2,True,rdkit_validated,canonical_unique,,reaction_rule_generated,candidate_fragment_3d,Gold-V,admitted_reference,0.0,,purgen-fragment-audit-v1,2026.03.4
purgen_u2_088,source_zenodo_11612378_purgen_fragments,2_units/PU_88,doi:10.5281/zenodo.11612378#1.PUR-GEN/2_units/PU_88.mol2,PUR-GEN 2-unit fragment 88,Cc1ccc(NC(=O)OCCCCO)cc1N,Cc1ccc(NC(=O)OCCCCO)cc1N,ALNSWWNPAFAHSB-UHFFFAOYSA-N,,C12H18N2O3,238.131742436,238.287,238.131742,0,17,0,1,1,0,0,0,0,generated_polyurethane_fragment,source_defined_high,PUR-GEN source fragment with 2 units,virtual_polyurethane_fragment,2,True,rdkit_validated,canonical_unique,,reaction_rule_generated,candidate_fragment_3d,Gold-V,admitted_reference,0.0,,purgen-fragment-audit-v1,2026.03.4
purgen_u2_089,source_zenodo_11612378_purgen_fragments,2_units/PU_89,doi:10.5281/zenodo.11612378#1.PUR-GEN/2_units/PU_89.mol2,PUR-GEN 2-unit fragment 89,Cc1ccc(NC(=O)OCC(C)(C)CO)cc1N,Cc1ccc(NC(=O)OCC(C)(C)CO)cc1N,LTANPFXCLQVESC-UHFFFAOYSA-N,,C13H20N2O3,252.1473925,252.314,252.147392,0,18,0,1,1,0,0,0,0,generated_polyurethane_fragment,source_defined_high,PUR-GEN source fragment with 2 units,virtual_polyurethane_fragment,2,True,rdkit_validated,canonical_unique,,reaction_rule_generated,candidate_fragment_3d,Gold-V,admitted_reference,0.0,,purgen-fragment-audit-v1,2026.03.4
purgen_u2_090,source_zenodo_11612378_purgen_fragments,2_units/PU_90,doi:10.5281/zenodo.11612378#1.PUR-GEN/2_units/PU_90.mol2,PUR-GEN 2-unit fragment 90,COC(=O)COC(=O)Nc1ccc(C)c(N)c1,COC(=O)COC(=O)Nc1ccc(C)c(N)c1,CPAABMXTFRUFDX-UHFFFAOYSA-N,,C11H14N2O4,238.095356928,238.243,238.095357,0,17,0,0,1,0,0,0,0,generated_polyurethane_fragment,source_defined_high,PUR-GEN source fragment with 2 units,virtual_polyurethane_fragment,2,True,rdkit_validated,canonical_unique,,reaction_rule_generated,candidate_fragment_3d,Gold-V,admitted_reference,0.0,,purgen-fragment-audit-v1,2026.03.4
purgen_u2_091,source_zenodo_11612378_purgen_fragments,2_units/PU_91,doi:10.5281/zenodo.11612378#1.PUR-GEN/2_units/PU_91.mol2,PUR-GEN 2-unit fragment 91,CCOC(=O)COC(=O)Nc1ccc(C)c(N)c1,CCOC(=O)COC(=O)Nc1ccc(C)c(N)c1,FPJIGRWNFHNEIW-UHFFFAOYSA-N,,C12H16N2O4,252.111006992,252.27,252.111007,0,18,0,0,1,0,0,0,0,generated_polyurethane_fragment,source_defined_high,PUR-GEN source fragment with 2 units,virtual_polyurethane_fragment,2,True,rdkit_validated,canonical_unique,,reaction_rule_generated,candidate_fragment_3d,Gold-V,admitted_reference,0.0,,purgen-fragment-audit-v1,2026.03.4
purgen_u2_092,source_zenodo_11612378_purgen_fragments,2_units/PU_92,doi:10.5281/zenodo.11612378#1.PUR-GEN/2_units/PU_92.mol2,PUR-GEN 2-unit fragment 92,CCCCOC(=O)COC(=O)Nc1ccc(C)c(N)c1,CCCCOC(=O)COC(=O)Nc1ccc(C)c(N)c1,KGUSNFNAHSGRNR-UHFFFAOYSA-N,,C14H20N2O4,280.14230712,280.324,280.142307,0,20,0,0,1,0,0,0,0,generated_polyurethane_fragment,source_defined_high,PUR-GEN source fragment with 2 units,virtual_polyurethane_fragment,2,True,rdkit_validated,canonical_unique,,reaction_rule_generated,candidate_fragment_3d,Gold-V,admitted_reference,0.0,,purgen-fragment-audit-v1,2026.03.4
purgen_u2_093,source_zenodo_11612378_purgen_fragments,2_units/PU_93,doi:10.5281/zenodo.11612378#1.PUR-GEN/2_units/PU_93.mol2,PUR-GEN 2-unit fragment 93,Cc1ccc(NC(=O)OC(C)C(=O)OCCC(C)C)cc1N,Cc1ccc(NC(=O)O[C@@H](C)C(=O)OCCC(C)C)cc1N,BPKOCBUMCOAZAC-LBPRGKRZSA-N,,C16H24N2O4,308.173607248,308.378,308.173607,0,22,0,0,1,0,0,0,0,generated_polyurethane_fragment,source_defined_high,PUR-GEN source fragment with 2 units,virtual_polyurethane_fragment,2,True,rdkit_validated,canonical_unique,,reaction_rule_generated,candidate_fragment_3d,Gold-V,admitted_reference,0.0,,purgen-fragment-audit-v1,2026.03.4
purgen_u2_094,source_zenodo_11612378_purgen_fragments,2_units/PU_94,doi:10.5281/zenodo.11612378#1.PUR-GEN/2_units/PU_94.mol2,PUR-GEN 2-unit fragment 94,Cc1ccc(NC(=O)OCCOCCO)cc1N,Cc1ccc(NC(=O)OCCOCCO)cc1N,NKMRCYGIBHPQCE-UHFFFAOYSA-N,,C12H18N2O4,254.126657056,254.286,254.126657,0,18,0,1,1,0,0,0,0,generated_polyurethane_fragment,source_defined_high,PUR-GEN source fragment with 2 units,virtual_polyurethane_fragment,2,True,rdkit_validated,canonical_unique,,reaction_rule_generated,candidate_fragment_3d,Gold-V,admitted_reference,0.0,,purgen-fragment-audit-v1,2026.03.4
purgen_u2_095,source_zenodo_11612378_purgen_fragments,2_units/PU_95,doi:10.5281/zenodo.11612378#1.PUR-GEN/2_units/PU_95.mol2,PUR-GEN 2-unit fragment 95,Cc1ccc(NC(=O)OC(C)COC(C)CO)cc1N,Cc1ccc(NC(=O)O[C@@H](C)CO[C@@H](C)CO)cc1N,JTKQGAXHRFWNPJ-QWRGUYRKSA-N,,C14H22N2O4,282.157957184,282.34,282.157957,0,20,0,1,1,0,0,0,0,generated_polyurethane_fragment,source_defined_high,PUR-GEN source fragment with 2 units,virtual_polyurethane_fragment,2,True,rdkit_validated,canonical_unique,,reaction_rule_generated,candidate_fragment_3d,Gold-V,admitted_reference,0.0,,purgen-fragment-audit-v1,2026.03.4
purgen_u2_096,source_zenodo_11612378_purgen_fragments,2_units/PU_96,doi:10.5281/zenodo.11612378#1.PUR-GEN/2_units/PU_96.mol2,PUR-GEN 2-unit fragment 96,Cc1ccc(NC(=O)O[C@H](C)CO[C@H](C)COC[C@H](C)OCC[C@@H](C)O)cc1N,Cc1ccc(NC(=O)O[C@H](C)CO[C@H](C)COC[C@H](C)OCC[C@@H](C)O)cc1N,MNXMIUGCIHBITP-XMTFNYHQSA-N,,C21H36N2O6,412.25733687199994,412.527,412.257337,0,29,0,1,1,0,0,0,0,generated_polyurethane_fragment,source_defined_high,PUR-GEN source fragment with 2 units,virtual_polyurethane_fragment,2,True,rdkit_validated,canonical_unique,,reaction_rule_generated,candidate_fragment_3d,Gold-V,admitted_reference,0.0,,purgen-fragment-audit-v1,2026.03.4
purgen_u2_097,source_zenodo_11612378_purgen_fragments,2_units/PU_97,doi:10.5281/zenodo.11612378#1.PUR-GEN/2_units/PU_97.mol2,PUR-GEN 2-unit fragment 97,COC(=O)Nc1cccc(N)c1C,COC(=O)Nc1cccc(N)c1C,VYRAHTPNSYEFTK-UHFFFAOYSA-N,,C9H12N2O2,180.089877624,180.207,180.089878,0,13,0,0,1,0,0,0,0,generated_polyurethane_fragment,source_defined_high,PUR-GEN source fragment with 2 units,virtual_polyurethane_fragment,2,True,rdkit_validated,canonical_unique,,reaction_rule_generated,candidate_fragment_3d,Gold-V,admitted_reference,0.0,,purgen-fragment-audit-v1,2026.03.4
purgen_u2_098,source_zenodo_11612378_purgen_fragments,2_units/PU_98,doi:10.5281/zenodo.11612378#1.PUR-GEN/2_units/PU_98.mol2,PUR-GEN 2-unit fragment 98,CCOC(=O)Nc1cccc(N)c1C,CCOC(=O)Nc1cccc(N)c1C,CUARKGNESAJPQR-UHFFFAOYSA-N,,C10H14N2O2,194.105527688,194.234,194.105528,0,14,0,0,1,0,0,0,0,generated_polyurethane_fragment,source_defined_high,PUR-GEN source fragment with 2 units,virtual_polyurethane_fragment,2,True,rdkit_validated,canonical_unique,,reaction_rule_generated,candidate_fragment_3d,Gold-V,admitted_reference,0.0,,purgen-fragment-audit-v1,2026.03.4
purgen_u2_099,source_zenodo_11612378_purgen_fragments,2_units/PU_99,doi:10.5281/zenodo.11612378#1.PUR-GEN/2_units/PU_99.mol2,PUR-GEN 2-unit fragment 99,CCCOC(=O)Nc1cccc(N)c1C,CCCOC(=O)Nc1cccc(N)c1C,DRZODBYOVVKODJ-UHFFFAOYSA-N,,C11H16N2O2,208.121177752,208.261,208.121178,0,15,0,0,1,0,0,0,0,generated_polyurethane_fragment,source_defined_high,PUR-GEN source fragment with 2 units,virtual_polyurethane_fragment,2,True,rdkit_validated,canonical_unique,,reaction_rule_generated,candidate_fragment_3d,Gold-V,admitted_reference,0.0,,purgen-fragment-audit-v1,2026.03.4
purgen_u2_100,source_zenodo_11612378_purgen_fragments,2_units/PU_100,doi:10.5281/zenodo.11612378#1.PUR-GEN/2_units/PU_100.mol2,PUR-GEN 2-unit fragment 100,CCCCOC(=O)Nc1cccc(N)c1C,CCCCOC(=O)Nc1cccc(N)c1C,IMKOZDCTQJNKQF-UHFFFAOYSA-N,,C12H18N2O2,222.136827816,222.288,222.136828,0,16,0,0,1,0,0,0,0,generated_polyurethane_fragment,source_defined_high,PUR-GEN source fragment with 2 units,virtual_polyurethane_fragment,2,True,rdkit_validated,canonical_unique,,reaction_rule_generated,candidate_fragment_3d,Gold-V,admitted_reference,0.0,,purgen-fragment-audit-v1,2026.03.4
purgen_u2_101,source_zenodo_11612378_purgen_fragments,2_units/PU_101,doi:10.5281/zenodo.11612378#1.PUR-GEN/2_units/PU_101.mol2,PUR-GEN 2-unit fragment 101,CCCCCOC(=O)Nc1cccc(N)c1C,CCCCCOC(=O)Nc1cccc(N)c1C,CDKDXLDGZDCUNI-UHFFFAOYSA-N,,C13H20N2O2,236.15247788,236.315,236.152478,0,17,0,0,1,0,0,0,0,generated_polyurethane_fragment,source_defined_high,PUR-GEN source fragment with 2 units,virtual_polyurethane_fragment,2,True,rdkit_validated,canonical_unique,,reaction_rule_generated,candidate_fragment_3d,Gold-V,admitted_reference,0.0,,purgen-fragment-audit-v1,2026.03.4
purgen_u2_102,source_zenodo_11612378_purgen_fragments,2_units/PU_102,doi:10.5281/zenodo.11612378#1.PUR-GEN/2_units/PU_102.mol2,PUR-GEN 2-unit fragment 102,Cc1c(N)cccc1NC(=O)OCCO,Cc1c(N)cccc1NC(=O)OCCO,UEGLQRORPDPSOF-UHFFFAOYSA-N,,C10H14N2O3,210.100442308,210.233,210.100442,0,15,0,1,1,0,0,0,0,generated_polyurethane_fragment,source_defined_high,PUR-GEN source fragment with 2 units,virtual_polyurethane_fragment,2,True,rdkit_validated,canonical_unique,,reaction_rule_generated,candidate_fragment_3d,Gold-V,admitted_reference,0.0,,purgen-fragment-audit-v1,2026.03.4
purgen_u2_103,source_zenodo_11612378_purgen_fragments,2_units/PU_103,doi:10.5281/zenodo.11612378#1.PUR-GEN/2_units/PU_103.mol2,PUR-GEN 2-unit fragment 103,Cc1c(N)cccc1NC(=O)OC(C)CO,Cc1c(N)cccc1NC(=O)O[C@@H](C)CO,MQWUDGSNUPCMPM-ZETCQYMHSA-N,,C11H16N2O3,224.116092372,224.26,224.116092,0,16,0,1,1,0,0,0,0,generated_polyurethane_fragment,source_defined_high,PUR-GEN source fragment with 2 units,virtual_polyurethane_fragment,2,True,rdkit_validated,canonical_unique,,reaction_rule_generated,candidate_fragment_3d,Gold-V,admitted_reference,0.0,,purgen-fragment-audit-v1,2026.03.4
purgen_u2_104,source_zenodo_11612378_purgen_fragments,2_units/PU_104,doi:10.5281/zenodo.11612378#1.PUR-GEN/2_units/PU_104.mol2,PUR-GEN 2-unit fragment 104,Cc1c(N)cccc1NC(=O)OCCCCO,Cc1c(N)cccc1NC(=O)OCCCCO,HDXCMBGLXBYSID-UHFFFAOYSA-N,,C12H18N2O3,238.131742436,238.287,238.131742,0,17,0,1,1,0,0,0,0,generated_polyurethane_fragment,source_defined_high,PUR-GEN source fragment with 2 units,virtual_polyurethane_fragment,2,True,rdkit_validated,canonical_unique,,reaction_rule_generated,candidate_fragment_3d,Gold-V,admitted_reference,0.0,,purgen-fragment-audit-v1,2026.03.4
purgen_u2_105,source_zenodo_11612378_purgen_fragments,2_units/PU_105,doi:10.5281/zenodo.11612378#1.PUR-GEN/2_units/PU_105.mol2,PUR-GEN 2-unit fragment 105,Cc1c(N)cccc1NC(=O)OCC(C)(C)CO,Cc1c(N)cccc1NC(=O)OCC(C)(C)CO,KDDYSGQOFAWDFU-UHFFFAOYSA-N,,C13H20N2O3,252.1473925,252.314,252.147392,0,18,0,1,1,0,0,0,0,generated_polyurethane_fragment,source_defined_high,PUR-GEN source fragment with 2 units,virtual_polyurethane_fragment,2,True,rdkit_validated,canonical_unique,,reaction_rule_generated,candidate_fragment_3d,Gold-V,admitted_reference,0.0,,purgen-fragment-audit-v1,2026.03.4
purgen_u2_106,source_zenodo_11612378_purgen_fragments,2_units/PU_106,doi:10.5281/zenodo.11612378#1.PUR-GEN/2_units/PU_106.mol2,PUR-GEN 2-unit fragment 106,COC(=O)COC(=O)Nc1cccc(N)c1C,COC(=O)COC(=O)Nc1cccc(N)c1C,RSHUPHFZBMPENO-UHFFFAOYSA-N,,C11H14N2O4,238.095356928,238.243,238.095357,0,17,0,0,1,0,0,0,0,generated_polyurethane_fragment,source_defined_high,PUR-GEN source fragment with 2 units,virtual_polyurethane_fragment,2,True,rdkit_validated,canonical_unique,,reaction_rule_generated,candidate_fragment_3d,Gold-V,admitted_reference,0.0,,purgen-fragment-audit-v1,2026.03.4
purgen_u2_107,source_zenodo_11612378_purgen_fragments,2_units/PU_107,doi:10.5281/zenodo.11612378#1.PUR-GEN/2_units/PU_107.mol2,PUR-GEN 2-unit fragment 107,CCOC(=O)COC(=O)Nc1cccc(N)c1C,CCOC(=O)COC(=O)Nc1cccc(N)c1C,KZWZJJAJEDJCSC-UHFFFAOYSA-N,,C12H16N2O4,252.111006992,252.27,252.111007,0,18,0,0,1,0,0,0,0,generated_polyurethane_fragment,source_defined_high,PUR-GEN source fragment with 2 units,virtual_polyurethane_fragment,2,True,rdkit_validated,canonical_unique,,reaction_rule_generated,candidate_fragment_3d,Gold-V,admitted_reference,0.0,,purgen-fragment-audit-v1,2026.03.4
purgen_u2_108,source_zenodo_11612378_purgen_fragments,2_units/PU_108,doi:10.5281/zenodo.11612378#1.PUR-GEN/2_units/PU_108.mol2,PUR-GEN 2-unit fragment 108,CCCCOC(=O)COC(=O)Nc1cccc(N)c1C,CCCCOC(=O)COC(=O)Nc1cccc(N)c1C,GYHMKYCYTQWRJM-UHFFFAOYSA-N,,C14H20N2O4,280.14230712,280.324,280.142307,0,20,0,0,1,0,0,0,0,generated_polyurethane_fragment,source_defined_high,PUR-GEN source fragment with 2 units,virtual_polyurethane_fragment,2,True,rdkit_validated,canonical_unique,,reaction_rule_generated,candidate_fragment_3d,Gold-V,admitted_reference,0.0,,purgen-fragment-audit-v1,2026.03.4
purgen_u2_109,source_zenodo_11612378_purgen_fragments,2_units/PU_109,doi:10.5281/zenodo.11612378#1.PUR-GEN/2_units/PU_109.mol2,PUR-GEN 2-unit fragment 109,Cc1c(N)cccc1NC(=O)OC(C)C(=O)OCCC(C)C,Cc1c(N)cccc1NC(=O)O[C@@H](C)C(=O)OCCC(C)C,FWUZPXYWAXQNGW-LBPRGKRZSA-N,,C16H24N2O4,308.173607248,308.378,308.173607,0,22,0,0,1,0,0,0,0,generated_polyurethane_fragment,source_defined_high,PUR-GEN source fragment with 2 units,virtual_polyurethane_fragment,2,True,rdkit_validated,canonical_unique,,reaction_rule_generated,candidate_fragment_3d,Gold-V,admitted_reference,0.0,,purgen-fragment-audit-v1,2026.03.4
purgen_u2_110,source_zenodo_11612378_purgen_fragments,2_units/PU_110,doi:10.5281/zenodo.11612378#1.PUR-GEN/2_units/PU_110.mol2,PUR-GEN 2-unit fragment 110,Cc1c(N)cccc1NC(=O)OCCOCCO,Cc1c(N)cccc1NC(=O)OCCOCCO,LMSQHNPLQDXPMH-UHFFFAOYSA-N,,C12H18N2O4,254.126657056,254.286,254.126657,0,18,0,1,1,0,0,0,0,generated_polyurethane_fragment,source_defined_high,PUR-GEN source fragment with 2 units,virtual_polyurethane_fragment,2,True,rdkit_validated,canonical_unique,,reaction_rule_generated,candidate_fragment_3d,Gold-V,admitted_reference,0.0,,purgen-fragment-audit-v1,2026.03.4
purgen_u2_111,source_zenodo_11612378_purgen_fragments,2_units/PU_111,doi:10.5281/zenodo.11612378#1.PUR-GEN/2_units/PU_111.mol2,PUR-GEN 2-unit fragment 111,Cc1c(N)cccc1NC(=O)OC(C)COC(C)CO,Cc1c(N)cccc1NC(=O)O[C@@H](C)CO[C@@H](C)CO,HEIGZTADFRVHGC-UWVGGRQHSA-N,,C14H22N2O4,282.157957184,282.34,282.157957,0,20,0,1,1,0,0,0,0,generated_polyurethane_fragment,source_defined_high,PUR-GEN source fragment with 2 units,virtual_polyurethane_fragment,2,True,rdkit_validated,canonical_unique,,reaction_rule_generated,candidate_fragment_3d,Gold-V,admitted_reference,0.0,,purgen-fragment-audit-v1,2026.03.4
purgen_u2_112,source_zenodo_11612378_purgen_fragments,2_units/PU_112,doi:10.5281/zenodo.11612378#1.PUR-GEN/2_units/PU_112.mol2,PUR-GEN 2-unit fragment 112,Cc1c(N)cccc1NC(=O)O[C@H](C)CO[C@H](C)COC[C@H](C)OCC[C@@H](C)O,Cc1c(N)cccc1NC(=O)O[C@H](C)CO[C@H](C)COC[C@H](C)OCC[C@@H](C)O,FQNLWMOHJHZISD-YYIAUSFCSA-N,,C21H36N2O6,412.25733687199994,412.527,412.257337,0,29,0,1,1,0,0,0,0,generated_polyurethane_fragment,source_defined_high,PUR-GEN source fragment with 2 units,virtual_polyurethane_fragment,2,True,rdkit_validated,canonical_unique,,reaction_rule_generated,candidate_fragment_3d,Gold-V,admitted_reference,0.0,,purgen-fragment-audit-v1,2026.03.4
purgen_u2_113,source_zenodo_11612378_purgen_fragments,2_units/PU_113,doi:10.5281/zenodo.11612378#1.PUR-GEN/2_units/PU_113.mol2,PUR-GEN 2-unit fragment 113,COC(=O)NCCCCCCN,COC(=O)NCCCCCCN,PPNOBJDLQVQFIZ-UHFFFAOYSA-N,,C8H18N2O2,174.136827816,174.244,174.136828,0,12,0,0,1,0,0,0,0,generated_polyurethane_fragment,source_defined_high,PUR-GEN source fragment with 2 units,virtual_polyurethane_fragment,2,True,rdkit_validated,canonical_unique,,reaction_rule_generated,candidate_fragment_3d,Gold-V,admitted_reference,0.0,,purgen-fragment-audit-v1,2026.03.4
purgen_u2_114,source_zenodo_11612378_purgen_fragments,2_units/PU_114,doi:10.5281/zenodo.11612378#1.PUR-GEN/2_units/PU_114.mol2,PUR-GEN 2-unit fragment 114,CCOC(=O)NCCCCCCN,CCOC(=O)NCCCCCCN,QXRUUVQRGJUYCK-UHFFFAOYSA-N,,C9H20N2O2,188.15247788,188.271,188.152478,0,13,0,0,1,0,0,0,0,generated_polyurethane_fragment,source_defined_high,PUR-GEN source fragment with 2 units,virtual_polyurethane_fragment,2,True,rdkit_validated,canonical_unique,,reaction_rule_generated,candidate_fragment_3d,Gold-V,admitted_reference,0.0,,purgen-fragment-audit-v1,2026.03.4
purgen_u2_115,source_zenodo_11612378_purgen_fragments,2_units/PU_115,doi:10.5281/zenodo.11612378#1.PUR-GEN/2_units/PU_115.mol2,PUR-GEN 2-unit fragment 115,CCCOC(=O)NCCCCCCN,CCCOC(=O)NCCCCCCN,FIGKTNGENOIDIR-UHFFFAOYSA-N,,C10H22N2O2,202.168127944,202.298,202.168128,0,14,0,0,1,0,0,0,0,generated_polyurethane_fragment,source_defined_high,PUR-GEN source fragment with 2 units,virtual_polyurethane_fragment,2,True,rdkit_validated,canonical_unique,,reaction_rule_generated,candidate_fragment_3d,Gold-V,admitted_reference,0.0,,purgen-fragment-audit-v1,2026.03.4
purgen_u2_116,source_zenodo_11612378_purgen_fragments,2_units/PU_116,doi:10.5281/zenodo.11612378#1.PUR-GEN/2_units/PU_116.mol2,PUR-GEN 2-unit fragment 116,CCCCOC(=O)NCCCCCCN,CCCCOC(=O)NCCCCCCN,SOEBTSCUOQNNLV-UHFFFAOYSA-N,,C11H24N2O2,216.183778008,216.325,216.183778,0,15,0,0,1,0,0,0,0,generated_polyurethane_fragment,source_defined_high,PUR-GEN source fragment with 2 units,virtual_polyurethane_fragment,2,True,rdkit_validated,canonical_unique,,reaction_rule_generated,candidate_fragment_3d,Gold-V,admitted_reference,0.0,,purgen-fragment-audit-v1,2026.03.4
purgen_u2_117,source_zenodo_11612378_purgen_fragments,2_units/PU_117,doi:10.5281/zenodo.11612378#1.PUR-GEN/2_units/PU_117.mol2,PUR-GEN 2-unit fragment 117,CCCCCOC(=O)NCCCCCCN,CCCCCOC(=O)NCCCCCCN,PLKDIXKACHKCGG-UHFFFAOYSA-N,,C12H26N2O2,230.199428072,230.352,230.199428,0,16,0,0,1,0,0,0,0,generated_polyurethane_fragment,source_defined_high,PUR-GEN source fragment with 2 units,virtual_polyurethane_fragment,2,True,rdkit_validated,canonical_unique,,reaction_rule_generated,candidate_fragment_3d,Gold-V,admitted_reference,0.0,,purgen-fragment-audit-v1,2026.03.4
purgen_u2_118,source_zenodo_11612378_purgen_fragments,2_units/PU_118,doi:10.5281/zenodo.11612378#1.PUR-GEN/2_units/PU_118.mol2,PUR-GEN 2-unit fragment 118,NCCCCCCNC(=O)OCCO,NCCCCCCNC(=O)OCCO,FFZVUNQZFGKGNG-UHFFFAOYSA-N,,C9H20N2O3,204.1473925,204.27,204.147392,0,14,0,1,1,0,0,0,0,generated_polyurethane_fragment,source_defined_high,PUR-GEN source fragment with 2 units,virtual_polyurethane_fragment,2,True,rdkit_validated,canonical_unique,,reaction_rule_generated,candidate_fragment_3d,Gold-V,admitted_reference,0.0,,purgen-fragment-audit-v1,2026.03.4
purgen_u2_119,source_zenodo_11612378_purgen_fragments,2_units/PU_119,doi:10.5281/zenodo.11612378#1.PUR-GEN/2_units/PU_119.mol2,PUR-GEN 2-unit fragment 119,CC(CO)OC(=O)NCCCCCCN,C[C@@H](CO)OC(=O)NCCCCCCN,NPZMAVSPMXXLOI-VIFPVBQESA-N,,C10H22N2O3,218.163042564,218.297,218.163043,0,15,0,1,1,0,0,0,0,generated_polyurethane_fragment,source_defined_high,PUR-GEN source fragment with 2 units,virtual_polyurethane_fragment,2,True,rdkit_validated,canonical_unique,,reaction_rule_generated,candidate_fragment_3d,Gold-V,admitted_reference,0.0,,purgen-fragment-audit-v1,2026.03.4
purgen_u2_120,source_zenodo_11612378_purgen_fragments,2_units/PU_120,doi:10.5281/zenodo.11612378#1.PUR-GEN/2_units/PU_120.mol2,PUR-GEN 2-unit fragment 120,NCCCCCCNC(=O)OCCCCO,NCCCCCCNC(=O)OCCCCO,FYBVYVHQMIUIIH-UHFFFAOYSA-N,,C11H24N2O3,232.178692628,232.324,232.178693,0,16,0,1,1,0,0,0,0,generated_polyurethane_fragment,source_defined_high,PUR-GEN source fragment with 2 units,virtual_polyurethane_fragment,2,True,rdkit_validated,canonical_unique,,reaction_rule_generated,candidate_fragment_3d,Gold-V,admitted_reference,0.0,,purgen-fragment-audit-v1,2026.03.4
purgen_u2_121,source_zenodo_11612378_purgen_fragments,2_units/PU_121,doi:10.5281/zenodo.11612378#1.PUR-GEN/2_units/PU_121.mol2,PUR-GEN 2-unit fragment 121,CC(C)(CO)COC(=O)NCCCCCCN,CC(C)(CO)COC(=O)NCCCCCCN,BTCCVIPZPRVEIA-UHFFFAOYSA-N,,C12H26N2O3,246.194342692,246.351,246.194343,0,17,0,1,1,0,0,0,0,generated_polyurethane_fragment,source_defined_high,PUR-GEN source fragment with 2 units,virtual_polyurethane_fragment,2,True,rdkit_validated,canonical_unique,,reaction_rule_generated,candidate_fragment_3d,Gold-V,admitted_reference,0.0,,purgen-fragment-audit-v1,2026.03.4
purgen_u2_122,source_zenodo_11612378_purgen_fragments,2_units/PU_122,doi:10.5281/zenodo.11612378#1.PUR-GEN/2_units/PU_122.mol2,PUR-GEN 2-unit fragment 122,COC(=O)COC(=O)NCCCCCCN,COC(=O)COC(=O)NCCCCCCN,ASNDEMSDLMTTPM-UHFFFAOYSA-N,,C10H20N2O4,232.14230712,232.28,232.142307,0,16,0,0,1,0,0,0,0,generated_polyurethane_fragment,source_defined_high,PUR-GEN source fragment with 2 units,virtual_polyurethane_fragment,2,True,rdkit_validated,canonical_unique,,reaction_rule_generated,candidate_fragment_3d,Gold-V,admitted_reference,0.0,,purgen-fragment-audit-v1,2026.03.4
purgen_u2_123,source_zenodo_11612378_purgen_fragments,2_units/PU_123,doi:10.5281/zenodo.11612378#1.PUR-GEN/2_units/PU_123.mol2,PUR-GEN 2-unit fragment 123,CCOC(=O)COC(=O)NCCCCCCN,CCOC(=O)COC(=O)NCCCCCCN,SOQISRVROPDYNP-UHFFFAOYSA-N,,C11H22N2O4,246.157957184,246.307,246.157957,0,17,0,0,1,0,0,0,0,generated_polyurethane_fragment,source_defined_high,PUR-GEN source fragment with 2 units,virtual_polyurethane_fragment,2,True,rdkit_validated,canonical_unique,,reaction_rule_generated,candidate_fragment_3d,Gold-V,admitted_reference,0.0,,purgen-fragment-audit-v1,2026.03.4
purgen_u2_124,source_zenodo_11612378_purgen_fragments,2_units/PU_124,doi:10.5281/zenodo.11612378#1.PUR-GEN/2_units/PU_124.mol2,PUR-GEN 2-unit fragment 124,CCCCOC(=O)COC(=O)NCCCCCCN,CCCCOC(=O)COC(=O)NCCCCCCN,LPIBEPGTMFMXAS-UHFFFAOYSA-N,,C13H26N2O4,274.189257312,274.361,274.189257,0,19,0,0,1,0,0,0,0,generated_polyurethane_fragment,source_defined_high,PUR-GEN source fragment with 2 units,virtual_polyurethane_fragment,2,True,rdkit_validated,canonical_unique,,reaction_rule_generated,candidate_fragment_3d,Gold-V,admitted_reference,0.0,,purgen-fragment-audit-v1,2026.03.4
purgen_u2_125,source_zenodo_11612378_purgen_fragments,2_units/PU_125,doi:10.5281/zenodo.11612378#1.PUR-GEN/2_units/PU_125.mol2,PUR-GEN 2-unit fragment 125,CC(C)CCOC(=O)C(C)OC(=O)NCCCCCCN,CC(C)CCOC(=O)[C@@H](C)OC(=O)NCCCCCCN,FTPLBROPLCUITN-CYBMUJFWSA-N,,C15H30N2O4,302.22055744,302.415,302.220557,0,21,0,0,1,0,0,0,0,generated_polyurethane_fragment,source_defined_high,PUR-GEN source fragment with 2 units,virtual_polyurethane_fragment,2,True,rdkit_validated,canonical_unique,,reaction_rule_generated,candidate_fragment_3d,Gold-V,admitted_reference,0.0,,purgen-fragment-audit-v1,2026.03.4
purgen_u2_126,source_zenodo_11612378_purgen_fragments,2_units/PU_126,doi:10.5281/zenodo.11612378#1.PUR-GEN/2_units/PU_126.mol2,PUR-GEN 2-unit fragment 126,NCCCCCCNC(=O)OCCOCCO,NCCCCCCNC(=O)OCCOCCO,KBPXWMFXJYDIBZ-UHFFFAOYSA-N,,C11H24N2O4,248.173607248,248.323,248.173607,0,17,0,1,1,0,0,0,0,generated_polyurethane_fragment,source_defined_high,PUR-GEN source fragment with 2 units,virtual_polyurethane_fragment,2,True,rdkit_validated,canonical_unique,,reaction_rule_generated,candidate_fragment_3d,Gold-V,admitted_reference,0.0,,purgen-fragment-audit-v1,2026.03.4
purgen_u2_127,source_zenodo_11612378_purgen_fragments,2_units/PU_127,doi:10.5281/zenodo.11612378#1.PUR-GEN/2_units/PU_127.mol2,PUR-GEN 2-unit fragment 127,CC(CO)OCC(C)OC(=O)NCCCCCCN,C[C@H](CO[C@@H](C)CO)OC(=O)NCCCCCCN,QMJBEYQXTRFVDZ-NWDGAFQWSA-N,,C13H28N2O4,276.204907376,276.377,276.204907,0,19,0,1,1,0,0,0,0,generated_polyurethane_fragment,source_defined_high,PUR-GEN source fragment with 2 units,virtual_polyurethane_fragment,2,True,rdkit_validated,canonical_unique,,reaction_rule_generated,candidate_fragment_3d,Gold-V,admitted_reference,0.0,,purgen-fragment-audit-v1,2026.03.4
purgen_u2_128,source_zenodo_11612378_purgen_fragments,2_units/PU_128,doi:10.5281/zenodo.11612378#1.PUR-GEN/2_units/PU_128.mol2,PUR-GEN 2-unit fragment 128,C[C@@H](COC[C@@H](C)OC[C@@H](C)OC(=O)NCCCCCCN)OCC[C@@H](C)O,C[C@H](COC[C@H](C)OCC[C@@H](C)O)OC[C@@H](C)OC(=O)NCCCCCCN,SAWQQGBGNXVMEP-FCGDIQPGSA-N,,C20H42N2O6,406.30428706399994,406.564,406.304287,0,28,0,1,1,0,0,0,0,generated_polyurethane_fragment,source_defined_high,PUR-GEN source fragment with 2 units,virtual_polyurethane_fragment,2,True,rdkit_validated,canonical_unique,,reaction_rule_generated,candidate_fragment_3d,Gold-V,admitted_reference,0.0,,purgen-fragment-audit-v1,2026.03.4
purgen_u2_129,source_zenodo_11612378_purgen_fragments,2_units/PU_129,doi:10.5281/zenodo.11612378#1.PUR-GEN/2_units/PU_129.mol2,PUR-GEN 2-unit fragment 129,COC(=O)NC1CC(C)(C)CC(C)(CN)C1,COC(=O)N[C@@H]1CC(C)(C)C[C@@](C)(CN)C1,YDKIHOPABLRKLL-SKDRFNHKSA-N,,C12H24N2O2,228.183778008,228.336,228.183778,0,16,0,0,1,0,0,0,0,generated_polyurethane_fragment,source_defined_high,PUR-GEN source fragment with 2 units,virtual_polyurethane_fragment,2,True,rdkit_validated,canonical_unique,,reaction_rule_generated,candidate_fragment_3d,Gold-V,admitted_reference,0.0,,purgen-fragment-audit-v1,2026.03.4
purgen_u2_130,source_zenodo_11612378_purgen_fragments,2_units/PU_130,doi:10.5281/zenodo.11612378#1.PUR-GEN/2_units/PU_130.mol2,PUR-GEN 2-unit fragment 130,CCOC(=O)NC1CC(C)(C)CC(C)(CN)C1,CCOC(=O)N[C@@H]1CC(C)(C)C[C@@](C)(CN)C1,DPEORWMALQMEFB-MFKMUULPSA-N,,C13H26N2O2,242.199428072,242.363,242.199428,0,17,0,0,1,0,0,0,0,generated_polyurethane_fragment,source_defined_high,PUR-GEN source fragment with 2 units,virtual_polyurethane_fragment,2,True,rdkit_validated,canonical_unique,,reaction_rule_generated,candidate_fragment_3d,Gold-V,admitted_reference,0.0,,purgen-fragment-audit-v1,2026.03.4
purgen_u2_131,source_zenodo_11612378_purgen_fragments,2_units/PU_131,doi:10.5281/zenodo.11612378#1.PUR-GEN/2_units/PU_131.mol2,PUR-GEN 2-unit fragment 131,CCCOC(=O)NC1CC(C)(C)CC(C)(CN)C1,CCCOC(=O)N[C@@H]1CC(C)(C)C[C@@](C)(CN)C1,JWKMTZQTNZSPIJ-RISCZKNCSA-N,,C14H28N2O2,256.215078136,256.39,256.215078,0,18,0,0,1,0,0,0,0,generated_polyurethane_fragment,source_defined_high,PUR-GEN source fragment with 2 units,virtual_polyurethane_fragment,2,True,rdkit_validated,canonical_unique,,reaction_rule_generated,candidate_fragment_3d,Gold-V,admitted_reference,0.0,,purgen-fragment-audit-v1,2026.03.4
purgen_u2_132,source_zenodo_11612378_purgen_fragments,2_units/PU_132,doi:10.5281/zenodo.11612378#1.PUR-GEN/2_units/PU_132.mol2,PUR-GEN 2-unit fragment 132,CCCCOC(=O)NC1CC(C)(C)CC(C)(CN)C1,CCCCOC(=O)N[C@@H]1CC(C)(C)C[C@@](C)(CN)C1,SYSDLNHMYQKUIT-DOMZBBRYSA-N,,C15H30N2O2,270.2307282,270.417,270.230728,0,19,0,0,1,0,0,0,0,generated_polyurethane_fragment,source_defined_high,PUR-GEN source fragment with 2 units,virtual_polyurethane_fragment,2,True,rdkit_validated,canonical_unique,,reaction_rule_generated,candidate_fragment_3d,Gold-V,admitted_reference,0.0,,purgen-fragment-audit-v1,2026.03.4
purgen_u2_133,source_zenodo_11612378_purgen_fragments,2_units/PU_133,doi:10.5281/zenodo.11612378#1.PUR-GEN/2_units/PU_133.mol2,PUR-GEN 2-unit fragment 133,CCCCCOC(=O)NC1CC(C)(C)CC(C)(CN)C1,CCCCCOC(=O)N[C@@H]1CC(C)(C)C[C@@](C)(CN)C1,BXTNOVBXWSVVHC-CJNGLKHVSA-N,,C16H32N2O2,284.246378264,284.444,284.246378,0,20,0,0,1,0,0,0,0,generated_polyurethane_fragment,source_defined_high,PUR-GEN source fragment with 2 units,virtual_polyurethane_fragment,2,True,rdkit_validated,canonical_unique,,reaction_rule_generated,candidate_fragment_3d,Gold-V,admitted_reference,0.0,,purgen-fragment-audit-v1,2026.03.4
purgen_u2_134,source_zenodo_11612378_purgen_fragments,2_units/PU_134,doi:10.5281/zenodo.11612378#1.PUR-GEN/2_units/PU_134.mol2,PUR-GEN 2-unit fragment 134,CC1(C)CC(NC(=O)OCCO)CC(C)(CN)C1,CC1(C)C[C@@H](NC(=O)OCCO)C[C@@](C)(CN)C1,BIINEJVKYHCOTJ-ZWNOBZJWSA-N,,C13H26N2O3,258.194342692,258.362,258.194343,0,18,0,1,1,0,0,0,0,generated_polyurethane_fragment,source_defined_high,PUR-GEN source fragment with 2 units,virtual_polyurethane_fragment,2,True,rdkit_validated,canonical_unique,,reaction_rule_generated,candidate_fragment_3d,Gold-V,admitted_reference,0.0,,purgen-fragment-audit-v1,2026.03.4
purgen_u2_135,source_zenodo_11612378_purgen_fragments,2_units/PU_135,doi:10.5281/zenodo.11612378#1.PUR-GEN/2_units/PU_135.mol2,PUR-GEN 2-unit fragment 135,CC(CO)OC(=O)NC1CC(C)(C)CC(C)(CN)C1,C[C@@H](CO)OC(=O)N[C@@H]1CC(C)(C)C[C@@](C)(CN)C1,WKMJNAZLMPFONB-WDMOLILDSA-N,,C14H28N2O3,272.209992756,272.389,272.209993,0,19,0,1,1,0,0,0,0,generated_polyurethane_fragment,source_defined_high,PUR-GEN source fragment with 2 units,virtual_polyurethane_fragment,2,True,rdkit_validated,canonical_unique,,reaction_rule_generated,candidate_fragment_3d,Gold-V,admitted_reference,0.0,,purgen-fragment-audit-v1,2026.03.4
purgen_u2_136,source_zenodo_11612378_purgen_fragments,2_units/PU_136,doi:10.5281/zenodo.11612378#1.PUR-GEN/2_units/PU_136.mol2,PUR-GEN 2-unit fragment 136,CC1(C)CC(NC(=O)OCCCCO)CC(C)(CN)C1,CC1(C)C[C@@H](NC(=O)OCCCCO)C[C@@](C)(CN)C1,YMXKJYNDONIMHU-IUODEOHRSA-N,,C15H30N2O3,286.22564282,286.416,286.225643,0,20,0,1,1,0,0,0,0,generated_polyurethane_fragment,source_defined_high,PUR-GEN source fragment with 2 units,virtual_polyurethane_fragment,2,True,rdkit_validated,canonical_unique,,reaction_rule_generated,candidate_fragment_3d,Gold-V,admitted_reference,0.0,,purgen-fragment-audit-v1,2026.03.4
purgen_u2_137,source_zenodo_11612378_purgen_fragments,2_units/PU_137,doi:10.5281/zenodo.11612378#1.PUR-GEN/2_units/PU_137.mol2,PUR-GEN 2-unit fragment 137,CC(C)(CO)COC(=O)NC1CC(C)(C)CC(C)(CN)C1,CC(C)(CO)COC(=O)N[C@@H]1CC(C)(C)C[C@@](C)(CN)C1,XTGXIKONZHTVRI-WBMJQRKESA-N,,C16H32N2O3,300.241292884,300.443,300.241293,0,21,0,1,1,0,0,0,0,generated_polyurethane_fragment,source_defined_high,PUR-GEN source fragment with 2 units,virtual_polyurethane_fragment,2,True,rdkit_validated,canonical_unique,,reaction_rule_generated,candidate_fragment_3d,Gold-V,admitted_reference,0.0,,purgen-fragment-audit-v1,2026.03.4
purgen_u2_138,source_zenodo_11612378_purgen_fragments,2_units/PU_138,doi:10.5281/zenodo.11612378#1.PUR-GEN/2_units/PU_138.mol2,PUR-GEN 2-unit fragment 138,COC(=O)COC(=O)NC1CC(C)(C)CC(C)(CN)C1,COC(=O)COC(=O)N[C@@H]1CC(C)(C)C[C@@](C)(CN)C1,ZHGLHRSHWDGGDS-YGRLFVJLSA-N,,C14H26N2O4,286.189257312,286.372,286.189257,0,20,0,0,1,0,0,0,0,generated_polyurethane_fragment,source_defined_high,PUR-GEN source fragment with 2 units,virtual_polyurethane_fragment,2,True,rdkit_validated,canonical_unique,,reaction_rule_generated,candidate_fragment_3d,Gold-V,admitted_reference,0.0,,purgen-fragment-audit-v1,2026.03.4
purgen_u2_139,source_zenodo_11612378_purgen_fragments,2_units/PU_139,doi:10.5281/zenodo.11612378#1.PUR-GEN/2_units/PU_139.mol2,PUR-GEN 2-unit fragment 139,CCOC(=O)COC(=O)NC1CC(C)(C)CC(C)(CN)C1,CCOC(=O)COC(=O)N[C@@H]1CC(C)(C)C[C@@](C)(CN)C1,JHMBLYHXVKKQHS-ABAIWWIYSA-N,,C15H28N2O4,300.204907376,300.399,300.204907,0,21,0,0,1,0,0,0,0,generated_polyurethane_fragment,source_defined_high,PUR-GEN source fragment with 2 units,virtual_polyurethane_fragment,2,True,rdkit_validated,canonical_unique,,reaction_rule_generated,candidate_fragment_3d,Gold-V,admitted_reference,0.0,,purgen-fragment-audit-v1,2026.03.4
purgen_u2_140,source_zenodo_11612378_purgen_fragments,2_units/PU_140,doi:10.5281/zenodo.11612378#1.PUR-GEN/2_units/PU_140.mol2,PUR-GEN 2-unit fragment 140,CCCCOC(=O)COC(=O)NC1CC(C)(C)CC(C)(CN)C1,CCCCOC(=O)COC(=O)N[C@@H]1CC(C)(C)C[C@@](C)(CN)C1,AJDDOQIQUZNFMB-DYVFJYSZSA-N,,C17H32N2O4,328.236207504,328.453,328.236208,0,23,0,0,1,0,0,0,0,generated_polyurethane_fragment,source_defined_high,PUR-GEN source fragment with 2 units,virtual_polyurethane_fragment,2,True,rdkit_validated,canonical_unique,,reaction_rule_generated,candidate_fragment_3d,Gold-V,admitted_reference,0.0,,purgen-fragment-audit-v1,2026.03.4
purgen_u2_141,source_zenodo_11612378_purgen_fragments,2_units/PU_141,doi:10.5281/zenodo.11612378#1.PUR-GEN/2_units/PU_141.mol2,PUR-GEN 2-unit fragment 141,CC(C)CCOC(=O)C(C)OC(=O)NC1CC(C)(C)CC(C)(CN)C1,CC(C)CCOC(=O)[C@@H](C)OC(=O)N[C@@H]1CC(C)(C)C[C@@](C)(CN)C1,LNORIFLXOGLYOV-CLCXKQKWSA-N,,C19H36N2O4,356.267507632,356.507,356.267508,0,25,0,0,1,0,0,0,0,generated_polyurethane_fragment,source_defined_high,PUR-GEN source fragment with 2 units,virtual_polyurethane_fragment,2,True,rdkit_validated,canonical_unique,,reaction_rule_generated,candidate_fragment_3d,Gold-V,admitted_reference,0.0,,purgen-fragment-audit-v1,2026.03.4
purgen_u2_142,source_zenodo_11612378_purgen_fragments,2_units/PU_142,doi:10.5281/zenodo.11612378#1.PUR-GEN/2_units/PU_142.mol2,PUR-GEN 2-unit fragment 142,CC1(C)CC(NC(=O)OCCOCCO)CC(C)(CN)C1,CC1(C)C[C@@H](NC(=O)OCCOCCO)C[C@@](C)(CN)C1,YULVRRPYLBBXRP-IUODEOHRSA-N,,C15H30N2O4,302.22055744,302.415,302.220557,0,21,0,1,1,0,0,0,0,generated_polyurethane_fragment,source_defined_high,PUR-GEN source fragment with 2 units,virtual_polyurethane_fragment,2,True,rdkit_validated,canonical_unique,,reaction_rule_generated,candidate_fragment_3d,Gold-V,admitted_reference,0.0,,purgen-fragment-audit-v1,2026.03.4
purgen_u2_143,source_zenodo_11612378_purgen_fragments,2_units/PU_143,doi:10.5281/zenodo.11612378#1.PUR-GEN/2_units/PU_143.mol2,PUR-GEN 2-unit fragment 143,CC(CO)OCC(C)OC(=O)NC1CC(C)(C)CC(C)(CN)C1,C[C@H](CO[C@@H](C)CO)OC(=O)N[C@@H]1CC(C)(C)C[C@@](C)(CN)C1,JAPDENYMCDUHML-CFAJVAMVSA-N,,C17H34N2O4,330.251857568,330.469,330.251858,0,23,0,1,1,0,0,0,0,generated_polyurethane_fragment,source_defined_high,PUR-GEN source fragment with 2 units,virtual_polyurethane_fragment,2,True,rdkit_validated,canonical_unique,,reaction_rule_generated,candidate_fragment_3d,Gold-V,admitted_reference,0.0,,purgen-fragment-audit-v1,2026.03.4
purgen_u2_144,source_zenodo_11612378_purgen_fragments,2_units/PU_144,doi:10.5281/zenodo.11612378#1.PUR-GEN/2_units/PU_144.mol2,PUR-GEN 2-unit fragment 144,C[C@@H](COC[C@@H](C)OC[C@@H](C)OC(=O)NC1CC(C)(C)CC(C)(CN)C1)OCC[C@@H](C)O,C[C@H](COC[C@H](C)OCC[C@@H](C)O)OC[C@@H](C)OC(=O)N[C@@H]1CC(C)(C)C[C@@](C)(CN)C1,IVZYFPJZBCOIFD-CTFIMNSOSA-N,,C24H48N2O6,460.35123725599993,460.656,460.351237,0,32,0,1,1,0,0,0,0,generated_polyurethane_fragment,source_defined_high,PUR-GEN source fragment with 2 units,virtual_polyurethane_fragment,2,True,rdkit_validated,canonical_unique,,reaction_rule_generated,candidate_fragment_3d,Gold-V,admitted_reference,0.0,,purgen-fragment-audit-v1,2026.03.4
purgen_u2_145,source_zenodo_11612378_purgen_fragments,2_units/PU_145,doi:10.5281/zenodo.11612378#1.PUR-GEN/2_units/PU_145.mol2,PUR-GEN 2-unit fragment 145,COC(=O)NC1CCC(CC2CCC(N)CC2)CC1,COC(=O)N[C@H]1CC[C@H](C[C@H]2CC[C@H](N)CC2)CC1,SPIQQPHLAWBPGH-HDRKRICHSA-N,,C15H28N2O2,268.215078136,268.401,268.215078,0,19,0,0,1,0,0,0,0,generated_polyurethane_fragment,source_defined_high,PUR-GEN source fragment with 2 units,virtual_polyurethane_fragment,2,True,rdkit_validated,canonical_unique,,reaction_rule_generated,candidate_fragment_3d,Gold-V,admitted_reference,0.0,,purgen-fragment-audit-v1,2026.03.4
purgen_u2_146,source_zenodo_11612378_purgen_fragments,2_units/PU_146,doi:10.5281/zenodo.11612378#1.PUR-GEN/2_units/PU_146.mol2,PUR-GEN 2-unit fragment 146,CCOC(=O)NC1CCC(CC2CCC(N)CC2)CC1,CCOC(=O)N[C@H]1CC[C@H](C[C@H]2CC[C@H](N)CC2)CC1,PMAQDXMQIVLYNW-KTSLABGISA-N,,C16H30N2O2,282.2307282,282.428,282.230728,0,20,0,0,1,0,0,0,0,generated_polyurethane_fragment,source_defined_high,PUR-GEN source fragment with 2 units,virtual_polyurethane_fragment,2,True,rdkit_validated,canonical_unique,,reaction_rule_generated,candidate_fragment_3d,Gold-V,admitted_reference,0.0,,purgen-fragment-audit-v1,2026.03.4
purgen_u2_147,source_zenodo_11612378_purgen_fragments,2_units/PU_147,doi:10.5281/zenodo.11612378#1.PUR-GEN/2_units/PU_147.mol2,PUR-GEN 2-unit fragment 147,CCCOC(=O)NC1CCC(CC2CCC(N)CC2)CC1,CCCOC(=O)N[C@H]1CC[C@H](C[C@H]2CC[C@H](N)CC2)CC1,KZZQKNXTZJOJDH-BIAGXBKMSA-N,,C17H32N2O2,296.246378264,296.455,296.246378,0,21,0,0,1,0,0,0,0,generated_polyurethane_fragment,source_defined_high,PUR-GEN source fragment with 2 units,virtual_polyurethane_fragment,2,True,rdkit_validated,canonical_unique,,reaction_rule_generated,candidate_fragment_3d,Gold-V,admitted_reference,0.0,,purgen-fragment-audit-v1,2026.03.4
purgen_u2_148,source_zenodo_11612378_purgen_fragments,2_units/PU_148,doi:10.5281/zenodo.11612378#1.PUR-GEN/2_units/PU_148.mol2,PUR-GEN 2-unit fragment 148,CCCCOC(=O)NC1CCC(CC2CCC(N)CC2)CC1,CCCCOC(=O)N[C@H]1CC[C@H](C[C@H]2CC[C@H](N)CC2)CC1,BBTIERDSOPOGLR-GARHLSDISA-N,,C18H34N2O2,310.262028328,310.482,310.262028,0,22,0,0,1,0,0,0,0,generated_polyurethane_fragment,source_defined_high,PUR-GEN source fragment with 2 units,virtual_polyurethane_fragment,2,True,rdkit_validated,canonical_unique,,reaction_rule_generated,candidate_fragment_3d,Gold-V,admitted_reference,0.0,,purgen-fragment-audit-v1,2026.03.4
purgen_u2_149,source_zenodo_11612378_purgen_fragments,2_units/PU_149,doi:10.5281/zenodo.11612378#1.PUR-GEN/2_units/PU_149.mol2,PUR-GEN 2-unit fragment 149,CCCCCOC(=O)NC1CCC(CC2CCC(N)CC2)CC1,CCCCCOC(=O)N[C@H]1CC[C@H](C[C@H]2CC[C@H](N)CC2)CC1,WPQUZRZESMQRHB-OPMHRUBESA-N,,C19H36N2O2,324.277678392,324.509,324.277678,0,23,0,0,1,0,0,0,0,generated_polyurethane_fragment,source_defined_high,PUR-GEN source fragment with 2 units,virtual_polyurethane_fragment,2,True,rdkit_validated,canonical_unique,,reaction_rule_generated,candidate_fragment_3d,Gold-V,admitted_reference,0.0,,purgen-fragment-audit-v1,2026.03.4
purgen_u2_150,source_zenodo_11612378_purgen_fragments,2_units/PU_150,doi:10.5281/zenodo.11612378#1.PUR-GEN/2_units/PU_150.mol2,PUR-GEN 2-unit fragment 150,NC1CCC(CC2CCC(NC(=O)OCCO)CC2)CC1,N[C@H]1CC[C@@H](C[C@H]2CC[C@@H](NC(=O)OCCO)CC2)CC1,QJMBWHIVSXWZIK-VLRMEEEOSA-N,,C16H30N2O3,298.22564282,298.427,298.225643,0,21,0,1,1,0,0,0,0,generated_polyurethane_fragment,source_defined_high,PUR-GEN source fragment with 2 units,virtual_polyurethane_fragment,2,True,rdkit_validated,canonical_unique,,reaction_rule_generated,candidate_fragment_3d,Gold-V,admitted_reference,0.0,,purgen-fragment-audit-v1,2026.03.4
purgen_u2_151,source_zenodo_11612378_purgen_fragments,2_units/PU_151,doi:10.5281/zenodo.11612378#1.PUR-GEN/2_units/PU_151.mol2,PUR-GEN 2-unit fragment 151,CC(CO)OC(=O)NC1CCC(CC2CCC(N)CC2)CC1,C[C@@H](CO)OC(=O)N[C@H]1CC[C@H](C[C@H]2CC[C@H](N)CC2)CC1,LIEVSJWWVUUDLV-QXKUPLGCSA-N,,C17H32N2O3,312.241292884,312.454,312.241293,0,22,0,1,1,0,0,0,0,generated_polyurethane_fragment,source_defined_high,PUR-GEN source fragment with 2 units,virtual_polyurethane_fragment,2,True,rdkit_validated,canonical_unique,,reaction_rule_generated,candidate_fragment_3d,Gold-V,admitted_reference,0.0,,purgen-fragment-audit-v1,2026.03.4
purgen_u2_152,source_zenodo_11612378_purgen_fragments,2_units/PU_152,doi:10.5281/zenodo.11612378#1.PUR-GEN/2_units/PU_152.mol2,PUR-GEN 2-unit fragment 152,NC1CCC(CC2CCC(NC(=O)OCCCCO)CC2)CC1,N[C@H]1CC[C@@H](C[C@H]2CC[C@@H](NC(=O)OCCCCO)CC2)CC1,XHKSOFNJJVVPDK-HMQPTBHHSA-N,,C18H34N2O3,326.256942948,326.481,326.256943,0,23,0,1,1,0,0,0,0,generated_polyurethane_fragment,source_defined_high,PUR-GEN source fragment with 2 units,virtual_polyurethane_fragment,2,True,rdkit_validated,canonical_unique,,reaction_rule_generated,candidate_fragment_3d,Gold-V,admitted_reference,0.0,,purgen-fragment-audit-v1,2026.03.4
purgen_u2_153,source_zenodo_11612378_purgen_fragments,2_units/PU_153,doi:10.5281/zenodo.11612378#1.PUR-GEN/2_units/PU_153.mol2,PUR-GEN 2-unit fragment 153,CC(C)(CO)COC(=O)NC1CCC(CC2CCC(N)CC2)CC1,CC(C)(CO)COC(=O)N[C@H]1CC[C@H](C[C@H]2CC[C@H](N)CC2)CC1,ZQABHUOWSLPYRW-GARHLSDISA-N,,C19H36N2O3,340.272593012,340.508,340.272593,0,24,0,1,1,0,0,0,0,generated_polyurethane_fragment,source_defined_high,PUR-GEN source fragment with 2 units,virtual_polyurethane_fragment,2,True,rdkit_validated,canonical_unique,,reaction_rule_generated,candidate_fragment_3d,Gold-V,admitted_reference,0.0,,purgen-fragment-audit-v1,2026.03.4
purgen_u2_154,source_zenodo_11612378_purgen_fragments,2_units/PU_154,doi:10.5281/zenodo.11612378#1.PUR-GEN/2_units/PU_154.mol2,PUR-GEN 2-unit fragment 154,COC(=O)COC(=O)NC1CCC(CC2CCC(N)CC2)CC1,COC(=O)COC(=O)N[C@H]1CC[C@H](C[C@H]2CC[C@H](N)CC2)CC1,PCLPQUXMOFPULH-KTSLABGISA-N,,C17H30N2O4,326.22055744,326.437,326.220557,0,23,0,0,1,0,0,0,0,generated_polyurethane_fragment,source_defined_high,PUR-GEN source fragment with 2 units,virtual_polyurethane_fragment,2,True,rdkit_validated,canonical_unique,,reaction_rule_generated,candidate_fragment_3d,Gold-V,admitted_reference,0.0,,purgen-fragment-audit-v1,2026.03.4
purgen_u2_155,source_zenodo_11612378_purgen_fragments,2_units/PU_155,doi:10.5281/zenodo.11612378#1.PUR-GEN/2_units/PU_155.mol2,PUR-GEN 2-unit fragment 155,CCOC(=O)COC(=O)NC1CCC(CC2CCC(N)CC2)CC1,CCOC(=O)COC(=O)N[C@H]1CC[C@H](C[C@H]2CC[C@H](N)CC2)CC1,DFTBMGZAOZIPFZ-BIAGXBKMSA-N,,C18H32N2O4,340.236207504,340.464,340.236208,0,24,0,0,1,0,0,0,0,generated_polyurethane_fragment,source_defined_high,PUR-GEN source fragment with 2 units,virtual_polyurethane_fragment,2,True,rdkit_validated,canonical_unique,,reaction_rule_generated,candidate_fragment_3d,Gold-V,admitted_reference,0.0,,purgen-fragment-audit-v1,2026.03.4
purgen_u2_156,source_zenodo_11612378_purgen_fragments,2_units/PU_156,doi:10.5281/zenodo.11612378#1.PUR-GEN/2_units/PU_156.mol2,PUR-GEN 2-unit fragment 156,CCCCOC(=O)COC(=O)NC1CCC(CC2CCC(N)CC2)CC1,CCCCOC(=O)COC(=O)N[C@H]1CC[C@H](C[C@H]2CC[C@H](N)CC2)CC1,MVVHOBBLKMOEBE-OPMHRUBESA-N,,C20H36N2O4,368.267507632,368.518,368.267508,0,26,0,0,1,0,0,0,0,generated_polyurethane_fragment,source_defined_high,PUR-GEN source fragment with 2 units,virtual_polyurethane_fragment,2,True,rdkit_validated,canonical_unique,,reaction_rule_generated,candidate_fragment_3d,Gold-V,admitted_reference,0.0,,purgen-fragment-audit-v1,2026.03.4
purgen_u2_157,source_zenodo_11612378_purgen_fragments,2_units/PU_157,doi:10.5281/zenodo.11612378#1.PUR-GEN/2_units/PU_157.mol2,PUR-GEN 2-unit fragment 157,CC(C)CCOC(=O)C(C)OC(=O)NC1CCC(CC2CCC(N)CC2)CC1,CC(C)CCOC(=O)[C@@H](C)OC(=O)N[C@H]1CC[C@H](C[C@H]2CC[C@H](N)CC2)CC1,MVYFVYKXCLDPFE-LASHMREHSA-N,,C22H40N2O4,396.29880776,396.572,396.298808,0,28,0,0,1,0,0,0,0,generated_polyurethane_fragment,source_defined_high,PUR-GEN source fragment with 2 units,virtual_polyurethane_fragment,2,True,rdkit_validated,canonical_unique,,reaction_rule_generated,candidate_fragment_3d,Gold-V,admitted_reference,0.0,,purgen-fragment-audit-v1,2026.03.4
purgen_u2_158,source_zenodo_11612378_purgen_fragments,2_units/PU_158,doi:10.5281/zenodo.11612378#1.PUR-GEN/2_units/PU_158.mol2,PUR-GEN 2-unit fragment 158,NC1CCC(CC2CCC(NC(=O)OCCOCCO)CC2)CC1,N[C@H]1CC[C@@H](C[C@H]2CC[C@@H](NC(=O)OCCOCCO)CC2)CC1,JCOAKGLNQNXPJD-HMQPTBHHSA-N,,C18H34N2O4,342.251857568,342.48,342.251858,0,24,0,1,1,0,0,0,0,generated_polyurethane_fragment,source_defined_high,PUR-GEN source fragment with 2 units,virtual_polyurethane_fragment,2,True,rdkit_validated,canonical_unique,,reaction_rule_generated,candidate_fragment_3d,Gold-V,admitted_reference,0.0,,purgen-fragment-audit-v1,2026.03.4
purgen_u2_159,source_zenodo_11612378_purgen_fragments,2_units/PU_159,doi:10.5281/zenodo.11612378#1.PUR-GEN/2_units/PU_159.mol2,PUR-GEN 2-unit fragment 159,CC(CO)OCC(C)OC(=O)NC1CCC(CC2CCC(N)CC2)CC1,C[C@H](CO[C@@H](C)CO)OC(=O)N[C@H]1CC[C@H](C[C@H]2CC[C@H](N)CC2)CC1,LEYXFICMKSKLOE-QSMSVPEVSA-N,,C20H38N2O4,370.283157696,370.534,370.283158,0,26,0,1,1,0,0,0,0,generated_polyurethane_fragment,source_defined_high,PUR-GEN source fragment with 2 units,virtual_polyurethane_fragment,2,True,rdkit_validated,canonical_unique,,reaction_rule_generated,candidate_fragment_3d,Gold-V,admitted_reference,0.0,,purgen-fragment-audit-v1,2026.03.4
purgen_u2_160,source_zenodo_11612378_purgen_fragments,2_units/PU_160,doi:10.5281/zenodo.11612378#1.PUR-GEN/2_units/PU_160.mol2,PUR-GEN 2-unit fragment 160,C[C@@H](COC[C@@H](C)OC[C@@H](C)OC(=O)NC1CCC(CC2CCC(N)CC2)CC1)OCC[C@@H](C)O,C[C@H](COC[C@H](C)OCC[C@@H](C)O)OC[C@@H](C)OC(=O)N[C@H]1CC[C@H](C[C@H]2CC[C@H](N)CC2)CC1,DFZFUIBVJUUUSX-LBMCJUAKSA-N,,C27H52N2O6,500.38253738399993,500.721,500.382537,0,35,0,1,1,0,0,0,0,generated_polyurethane_fragment,source_defined_high,PUR-GEN source fragment with 2 units,virtual_polyurethane_fragment,2,True,rdkit_validated,canonical_unique,,reaction_rule_generated,candidate_fragment_3d,Gold-V,admitted_reference,0.0,,purgen-fragment-audit-v1,2026.03.4
purgen_u3_001,source_zenodo_11612378_purgen_fragments,3_units/PU_1,doi:10.5281/zenodo.11612378#1.PUR-GEN/3_units/PU_1.mol2,PUR-GEN 3-unit fragment 1,CNC(=O)OCCOC(=O)NC,CNC(=O)OCCOC(=O)NC,PHHAAQPSEAWTQC-UHFFFAOYSA-N,,C6H12N2O4,176.079706864,176.172,176.079707,0,12,0,0,0,0,0,0,0,generated_polyurethane_fragment,source_defined_high,PUR-GEN source fragment with 3 units,virtual_polyurethane_fragment,2,True,rdkit_validated,canonical_unique,,reaction_rule_generated,candidate_fragment_3d,Gold-V,admitted_reference,0.0,,purgen-fragment-audit-v1,2026.03.4
purgen_u3_002,source_zenodo_11612378_purgen_fragments,3_units/PU_2,doi:10.5281/zenodo.11612378#1.PUR-GEN/3_units/PU_2.mol2,PUR-GEN 3-unit fragment 2,CNC(=O)OCC(C)OC(=O)NC,CNC(=O)OC[C@@H](C)OC(=O)NC,OURFDAVCBKGPRJ-RXMQYKEDSA-N,,C7H14N2O4,190.095356928,190.199,190.095357,0,13,0,0,0,0,0,0,0,generated_polyurethane_fragment,source_defined_high,PUR-GEN source fragment with 3 units,virtual_polyurethane_fragment,2,True,rdkit_validated,canonical_unique,,reaction_rule_generated,candidate_fragment_3d,Gold-V,admitted_reference,0.0,,purgen-fragment-audit-v1,2026.03.4
purgen_u3_003,source_zenodo_11612378_purgen_fragments,3_units/PU_3,doi:10.5281/zenodo.11612378#1.PUR-GEN/3_units/PU_3.mol2,PUR-GEN 3-unit fragment 3,CNC(=O)OCCCCOC(=O)NC,CNC(=O)OCCCCOC(=O)NC,IBYVHMDVMUSZKN-UHFFFAOYSA-N,,C8H16N2O4,204.111006992,204.226,204.111007,0,14,0,0,0,0,0,0,0,generated_polyurethane_fragment,source_defined_high,PUR-GEN source fragment with 3 units,virtual_polyurethane_fragment,2,True,rdkit_validated,canonical_unique,,reaction_rule_generated,candidate_fragment_3d,Gold-V,admitted_reference,0.0,,purgen-fragment-audit-v1,2026.03.4
purgen_u3_004,source_zenodo_11612378_purgen_fragments,3_units/PU_4,doi:10.5281/zenodo.11612378#1.PUR-GEN/3_units/PU_4.mol2,PUR-GEN 3-unit fragment 4,CNC(=O)OCC(C)(C)COC(=O)NC,CNC(=O)OCC(C)(C)COC(=O)NC,NZOWPYAJYIOPAK-UHFFFAOYSA-N,,C9H18N2O4,218.126657056,218.253,218.126657,0,15,0,0,0,0,0,0,0,generated_polyurethane_fragment,source_defined_high,PUR-GEN source fragment with 3 units,virtual_polyurethane_fragment,2,True,rdkit_validated,canonical_unique,,reaction_rule_generated,candidate_fragment_3d,Gold-V,admitted_reference,0.0,,purgen-fragment-audit-v1,2026.03.4
purgen_u3_005,source_zenodo_11612378_purgen_fragments,3_units/PU_5,doi:10.5281/zenodo.11612378#1.PUR-GEN/3_units/PU_5.mol2,PUR-GEN 3-unit fragment 5,O=C(NCc1ccccc1)OCCOC(=O)NCc1ccccc1,O=C(NCc1ccccc1)OCCOC(=O)NCc1ccccc1,VNOBVRUWLQYWJY-UHFFFAOYSA-N,,C18H20N2O4,328.14230712,328.368,328.142307,0,24,0,0,0,0,0,0,0,generated_polyurethane_fragment,source_defined_high,PUR-GEN source fragment with 3 units,virtual_polyurethane_fragment,2,True,rdkit_validated,canonical_unique,,reaction_rule_generated,candidate_fragment_3d,Gold-V,admitted_reference,0.0,,purgen-fragment-audit-v1,2026.03.4
purgen_u3_006,source_zenodo_11612378_purgen_fragments,3_units/PU_6,doi:10.5281/zenodo.11612378#1.PUR-GEN/3_units/PU_6.mol2,PUR-GEN 3-unit fragment 6,CC(COC(=O)NCc1ccccc1)OC(=O)NCc1ccccc1,C[C@@H](COC(=O)NCc1ccccc1)OC(=O)NCc1ccccc1,QIVGELBIGSUEPO-HNNXBMFYSA-N,,C19H22N2O4,342.157957184,342.395,342.157957,0,25,0,0,0,0,0,0,0,generated_polyurethane_fragment,source_defined_high,PUR-GEN source fragment with 3 units,virtual_polyurethane_fragment,2,True,rdkit_validated,canonical_unique,,reaction_rule_generated,candidate_fragment_3d,Gold-V,admitted_reference,0.0,,purgen-fragment-audit-v1,2026.03.4
purgen_u3_007,source_zenodo_11612378_purgen_fragments,3_units/PU_7,doi:10.5281/zenodo.11612378#1.PUR-GEN/3_units/PU_7.mol2,PUR-GEN 3-unit fragment 7,O=C(NCc1ccccc1)OCCCCOC(=O)NCc1ccccc1,O=C(NCc1ccccc1)OCCCCOC(=O)NCc1ccccc1,WNZBIEUWIVQTFC-UHFFFAOYSA-N,,C20H24N2O4,356.173607248,356.422,356.173607,0,26,0,0,0,0,0,0,0,generated_polyurethane_fragment,source_defined_high,PUR-GEN source fragment with 3 units,virtual_polyurethane_fragment,2,True,rdkit_validated,canonical_unique,,reaction_rule_generated,candidate_fragment_3d,Gold-V,admitted_reference,0.0,,purgen-fragment-audit-v1,2026.03.4
purgen_u3_008,source_zenodo_11612378_purgen_fragments,3_units/PU_8,doi:10.5281/zenodo.11612378#1.PUR-GEN/3_units/PU_8.mol2,PUR-GEN 3-unit fragment 8,CC(C)(COC(=O)NCc1ccccc1)COC(=O)NCc1ccccc1,CC(C)(COC(=O)NCc1ccccc1)COC(=O)NCc1ccccc1,YFLCAWSMZIUPCQ-UHFFFAOYSA-N,,C21H26N2O4,370.189257312,370.449,370.189257,0,27,0,0,0,0,0,0,0,generated_polyurethane_fragment,source_defined_high,PUR-GEN source fragment with 3 units,virtual_polyurethane_fragment,2,True,rdkit_validated,canonical_unique,,reaction_rule_generated,candidate_fragment_3d,Gold-V,admitted_reference,0.0,,purgen-fragment-audit-v1,2026.03.4
purgen_u3_009,source_zenodo_11612378_purgen_fragments,3_units/PU_9,doi:10.5281/zenodo.11612378#1.PUR-GEN/3_units/PU_9.mol2,PUR-GEN 3-unit fragment 9,COC(=O)Nc1ccc(Cc2ccc(NC(=O)OC)cc2)cc1,COC(=O)Nc1ccc(Cc2ccc(NC(=O)OC)cc2)cc1,IDMPEWXHBJHVIQ-UHFFFAOYSA-N,,C17H18N2O4,314.126657056,314.341,314.126657,0,23,0,0,0,0,0,0,0,generated_polyurethane_fragment,source_defined_high,PUR-GEN source fragment with 3 units,virtual_polyurethane_fragment,2,True,rdkit_validated,canonical_unique,,reaction_rule_generated,candidate_fragment_3d,Gold-V,admitted_reference,0.0,,purgen-fragment-audit-v1,2026.03.4
purgen_u3_010,source_zenodo_11612378_purgen_fragments,3_units/PU_10,doi:10.5281/zenodo.11612378#1.PUR-GEN/3_units/PU_10.mol2,PUR-GEN 3-unit fragment 10,CCOC(=O)Nc1ccc(Cc2ccc(NC(=O)OCC)cc2)cc1,CCOC(=O)Nc1ccc(Cc2ccc(NC(=O)OCC)cc2)cc1,AXHTZVWDOXONQF-UHFFFAOYSA-N,,C19H22N2O4,342.157957184,342.395,342.157957,0,25,0,0,0,0,0,0,0,generated_polyurethane_fragment,source_defined_high,PUR-GEN source fragment with 3 units,virtual_polyurethane_fragment,2,True,rdkit_validated,canonical_unique,,reaction_rule_generated,candidate_fragment_3d,Gold-V,admitted_reference,0.0,,purgen-fragment-audit-v1,2026.03.4
purgen_u3_011,source_zenodo_11612378_purgen_fragments,3_units/PU_11,doi:10.5281/zenodo.11612378#1.PUR-GEN/3_units/PU_11.mol2,PUR-GEN 3-unit fragment 11,CCCOC(=O)Nc1ccc(Cc2ccc(NC(=O)OCCC)cc2)cc1,CCCOC(=O)Nc1ccc(Cc2ccc(NC(=O)OCCC)cc2)cc1,BHEHYAJMZZHYBM-UHFFFAOYSA-N,,C21H26N2O4,370.189257312,370.449,370.189257,0,27,0,0,0,0,0,0,0,generated_polyurethane_fragment,source_defined_high,PUR-GEN source fragment with 3 units,virtual_polyurethane_fragment,2,True,rdkit_validated,canonical_unique,,reaction_rule_generated,candidate_fragment_3d,Gold-V,admitted_reference,0.0,,purgen-fragment-audit-v1,2026.03.4
purgen_u3_012,source_zenodo_11612378_purgen_fragments,3_units/PU_12,doi:10.5281/zenodo.11612378#1.PUR-GEN/3_units/PU_12.mol2,PUR-GEN 3-unit fragment 12,CCCCOC(=O)Nc1ccc(Cc2ccc(NC(=O)OCCCC)cc2)cc1,CCCCOC(=O)Nc1ccc(Cc2ccc(NC(=O)OCCCC)cc2)cc1,BGUPPTZHROQIDH-UHFFFAOYSA-N,,C23H30N2O4,398.22055744,398.503,398.220557,0,29,0,0,0,0,0,0,0,generated_polyurethane_fragment,source_defined_high,PUR-GEN source fragment with 3 units,virtual_polyurethane_fragment,2,True,rdkit_validated,canonical_unique,,reaction_rule_generated,candidate_fragment_3d,Gold-V,admitted_reference,0.0,,purgen-fragment-audit-v1,2026.03.4
purgen_u3_013,source_zenodo_11612378_purgen_fragments,3_units/PU_13,doi:10.5281/zenodo.11612378#1.PUR-GEN/3_units/PU_13.mol2,PUR-GEN 3-unit fragment 13,CCCCCOC(=O)Nc1ccc(Cc2ccc(NC(=O)OCCCCC)cc2)cc1,CCCCCOC(=O)Nc1ccc(Cc2ccc(NC(=O)OCCCCC)cc2)cc1,YVNBNGVMCPLUNA-UHFFFAOYSA-N,,C25H34N2O4,426.25185756799993,426.557,426.251858,0,31,0,0,0,0,0,0,0,generated_polyurethane_fragment,source_defined_high,PUR-GEN source fragment with 3 units,virtual_polyurethane_fragment,2,True,rdkit_validated,canonical_unique,,reaction_rule_generated,candidate_fragment_3d,Gold-V,admitted_reference,0.0,,purgen-fragment-audit-v1,2026.03.4
purgen_u3_014,source_zenodo_11612378_purgen_fragments,3_units/PU_14,doi:10.5281/zenodo.11612378#1.PUR-GEN/3_units/PU_14.mol2,PUR-GEN 3-unit fragment 14,O=C(Nc1ccc(Cc2ccc(NC(=O)OCCO)cc2)cc1)OCCO,O=C(Nc1ccc(Cc2ccc(NC(=O)OCCO)cc2)cc1)OCCO,QZCKNQNBLJVYRQ-UHFFFAOYSA-N,,C19H22N2O6,374.14778642399995,374.393,374.147786,0,27,0,2,0,0,0,0,0,generated_polyurethane_fragment,source_defined_high,PUR-GEN source fragment with 3 units,virtual_polyurethane_fragment,2,True,rdkit_validated,canonical_unique,,reaction_rule_generated,candidate_fragment_3d,Gold-V,admitted_reference,0.0,,purgen-fragment-audit-v1,2026.03.4
purgen_u3_015,source_zenodo_11612378_purgen_fragments,3_units/PU_15,doi:10.5281/zenodo.11612378#1.PUR-GEN/3_units/PU_15.mol2,PUR-GEN 3-unit fragment 15,Nc1ccc(Cc2ccc(NC(=O)OCCOC(=O)Nc3ccc(Cc4ccc(N)cc4)cc3)cc2)cc1,Nc1ccc(Cc2ccc(NC(=O)OCCOC(=O)Nc3ccc(Cc4ccc(N)cc4)cc3)cc2)cc1,ATNVMVTUQCBVNV-UHFFFAOYSA-N,,C30H30N4O4,510.22670544000005,510.594,510.226705,0,38,0,0,2,0,0,0,0,generated_polyurethane_fragment,source_defined_high,PUR-GEN source fragment with 3 units,virtual_polyurethane_fragment,2,True,rdkit_validated,canonical_unique,,reaction_rule_generated,candidate_fragment_3d,Gold-V,admitted_reference,0.0,,purgen-fragment-audit-v1,2026.03.4
purgen_u3_016,source_zenodo_11612378_purgen_fragments,3_units/PU_16,doi:10.5281/zenodo.11612378#1.PUR-GEN/3_units/PU_16.mol2,PUR-GEN 3-unit fragment 16,CC(CO)OC(=O)Nc1ccc(Cc2ccc(NC(=O)OC(C)CO)cc2)cc1,C[C@@H](CO)OC(=O)Nc1ccc(Cc2ccc(NC(=O)O[C@@H](C)CO)cc2)cc1,XZKJYESVUXNOBI-GJZGRUSLSA-N,,C21H26N2O6,402.17908655199994,402.447,402.179087,0,29,0,2,0,0,0,0,0,generated_polyurethane_fragment,source_defined_high,PUR-GEN source fragment with 3 units,virtual_polyurethane_fragment,2,True,rdkit_validated,canonical_unique,,reaction_rule_generated,candidate_fragment_3d,Gold-V,admitted_reference,0.0,,purgen-fragment-audit-v1,2026.03.4
purgen_u3_017,source_zenodo_11612378_purgen_fragments,3_units/PU_17,doi:10.5281/zenodo.11612378#1.PUR-GEN/3_units/PU_17.mol2,PUR-GEN 3-unit fragment 17,CC(COC(=O)Nc1ccc(Cc2ccc(N)cc2)cc1)OC(=O)Nc1ccc(Cc2ccc(N)cc2)cc1,C[C@@H](COC(=O)Nc1ccc(Cc2ccc(N)cc2)cc1)OC(=O)Nc1ccc(Cc2ccc(N)cc2)cc1,WBSTWGWBGDRVOZ-NRFANRHFSA-N,,C31H32N4O4,524.242355504,524.621,524.242356,0,39,0,0,2,0,0,0,0,generated_polyurethane_fragment,source_defined_high,PUR-GEN source fragment with 3 units,virtual_polyurethane_fragment,2,True,rdkit_validated,canonical_unique,,reaction_rule_generated,candidate_fragment_3d,Gold-V,admitted_reference,0.0,,purgen-fragment-audit-v1,2026.03.4
purgen_u3_018,source_zenodo_11612378_purgen_fragments,3_units/PU_18,doi:10.5281/zenodo.11612378#1.PUR-GEN/3_units/PU_18.mol2,PUR-GEN 3-unit fragment 18,O=C(Nc1ccc(Cc2ccc(NC(=O)OCCCCO)cc2)cc1)OCCCCO,O=C(Nc1ccc(Cc2ccc(NC(=O)OCCCCO)cc2)cc1)OCCCCO,XHODBHQIUSBKAB-UHFFFAOYSA-N,,C23H30N2O6,430.21038667999994,430.501,430.210387,0,31,0,2,0,0,0,0,0,generated_polyurethane_fragment,source_defined_high,PUR-GEN source fragment with 3 units,virtual_polyurethane_fragment,2,True,rdkit_validated,canonical_unique,,reaction_rule_generated,candidate_fragment_3d,Gold-V,admitted_reference,0.0,,purgen-fragment-audit-v1,2026.03.4
purgen_u3_019,source_zenodo_11612378_purgen_fragments,3_units/PU_19,doi:10.5281/zenodo.11612378#1.PUR-GEN/3_units/PU_19.mol2,PUR-GEN 3-unit fragment 19,Nc1ccc(Cc2ccc(NC(=O)OCCCCOC(=O)Nc3ccc(Cc4ccc(N)cc4)cc3)cc2)cc1,Nc1ccc(Cc2ccc(NC(=O)OCCCCOC(=O)Nc3ccc(Cc4ccc(N)cc4)cc3)cc2)cc1,OEENQVSXWJZNJE-UHFFFAOYSA-N,,C32H34N4O4,538.258005568,538.648,538.258006,0,40,0,0,2,0,0,0,0,generated_polyurethane_fragment,source_defined_high,PUR-GEN source fragment with 3 units,virtual_polyurethane_fragment,2,True,rdkit_validated,canonical_unique,,reaction_rule_generated,candidate_fragment_3d,Gold-V,admitted_reference,0.0,,purgen-fragment-audit-v1,2026.03.4
purgen_u3_020,source_zenodo_11612378_purgen_fragments,3_units/PU_20,doi:10.5281/zenodo.11612378#1.PUR-GEN/3_units/PU_20.mol2,PUR-GEN 3-unit fragment 20,CC(C)(CO)COC(=O)Nc1ccc(Cc2ccc(NC(=O)OCC(C)(C)CO)cc2)cc1,CC(C)(CO)COC(=O)Nc1ccc(Cc2ccc(NC(=O)OCC(C)(C)CO)cc2)cc1,SYKHDAXMLGSJQD-UHFFFAOYSA-N,,C25H34N2O6,458.24168680799994,458.555,458.241687,0,33,0,2,0,0,0,0,0,generated_polyurethane_fragment,source_defined_high,PUR-GEN source fragment with 3 units,virtual_polyurethane_fragment,2,True,rdkit_validated,canonical_unique,,reaction_rule_generated,candidate_fragment_3d,Gold-V,admitted_reference,0.0,,purgen-fragment-audit-v1,2026.03.4
purgen_u3_021,source_zenodo_11612378_purgen_fragments,3_units/PU_21,doi:10.5281/zenodo.11612378#1.PUR-GEN/3_units/PU_21.mol2,PUR-GEN 3-unit fragment 21,CC(C)(COC(=O)Nc1ccc(Cc2ccc(N)cc2)cc1)COC(=O)Nc1ccc(Cc2ccc(N)cc2)cc1,CC(C)(COC(=O)Nc1ccc(Cc2ccc(N)cc2)cc1)COC(=O)Nc1ccc(Cc2ccc(N)cc2)cc1,HUVBNJALJRONCB-UHFFFAOYSA-N,,C33H36N4O4,552.273655632,552.675,552.273656,0,41,0,0,2,0,0,0,0,generated_polyurethane_fragment,source_defined_high,PUR-GEN source fragment with 3 units,virtual_polyurethane_fragment,2,True,rdkit_validated,canonical_unique,,reaction_rule_generated,candidate_fragment_3d,Gold-V,admitted_reference,0.0,,purgen-fragment-audit-v1,2026.03.4
purgen_u3_022,source_zenodo_11612378_purgen_fragments,3_units/PU_22,doi:10.5281/zenodo.11612378#1.PUR-GEN/3_units/PU_22.mol2,PUR-GEN 3-unit fragment 22,COC(=O)COC(=O)Nc1ccc(Cc2ccc(NC(=O)OCC(=O)OC)cc2)cc1,COC(=O)COC(=O)Nc1ccc(Cc2ccc(NC(=O)OCC(=O)OC)cc2)cc1,PWRXCJORWOVXIT-UHFFFAOYSA-N,,C21H22N2O8,430.1376156639999,430.413,430.137616,0,31,0,0,0,0,0,0,0,generated_polyurethane_fragment,source_defined_high,PUR-GEN source fragment with 3 units,virtual_polyurethane_fragment,2,True,rdkit_validated,canonical_unique,,reaction_rule_generated,candidate_fragment_3d,Gold-V,admitted_reference,0.0,,purgen-fragment-audit-v1,2026.03.4
purgen_u3_023,source_zenodo_11612378_purgen_fragments,3_units/PU_23,doi:10.5281/zenodo.11612378#1.PUR-GEN/3_units/PU_23.mol2,PUR-GEN 3-unit fragment 23,CCOC(=O)COC(=O)Nc1ccc(Cc2ccc(NC(=O)OCC(=O)OCC)cc2)cc1,CCOC(=O)COC(=O)Nc1ccc(Cc2ccc(NC(=O)OCC(=O)OCC)cc2)cc1,LHPOKTFYFJWKLT-UHFFFAOYSA-N,,C23H26N2O8,458.1689157919999,458.467,458.168916,0,33,0,0,0,0,0,0,0,generated_polyurethane_fragment,source_defined_high,PUR-GEN source fragment with 3 units,virtual_polyurethane_fragment,2,True,rdkit_validated,canonical_unique,,reaction_rule_generated,candidate_fragment_3d,Gold-V,admitted_reference,0.0,,purgen-fragment-audit-v1,2026.03.4
purgen_u3_024,source_zenodo_11612378_purgen_fragments,3_units/PU_24,doi:10.5281/zenodo.11612378#1.PUR-GEN/3_units/PU_24.mol2,PUR-GEN 3-unit fragment 24,CCCCOC(=O)COC(=O)Nc1ccc(Cc2ccc(NC(=O)OCC(=O)OCCCC)cc2)cc1,CCCCOC(=O)COC(=O)Nc1ccc(Cc2ccc(NC(=O)OCC(=O)OCCCC)cc2)cc1,FBRQKLLETOPRPK-UHFFFAOYSA-N,,C27H34N2O8,514.2315160479999,514.575,514.231516,0,37,0,0,0,0,0,0,0,generated_polyurethane_fragment,source_defined_high,PUR-GEN source fragment with 3 units,virtual_polyurethane_fragment,2,True,rdkit_validated,canonical_unique,,reaction_rule_generated,candidate_fragment_3d,Gold-V,admitted_reference,0.0,,purgen-fragment-audit-v1,2026.03.4
purgen_u3_025,source_zenodo_11612378_purgen_fragments,3_units/PU_25,doi:10.5281/zenodo.11612378#1.PUR-GEN/3_units/PU_25.mol2,PUR-GEN 3-unit fragment 25,CC(C)CCOC(=O)C(C)OC(=O)Nc1ccc(Cc2ccc(NC(=O)OC(C)C(=O)OCCC(C)C)cc2)cc1,CC(C)CCOC(=O)[C@H](C)OC(=O)Nc1ccc(Cc2ccc(NC(=O)O[C@H](C)C(=O)OCCC(C)C)cc2)cc1,BEMRMGVKSSWRAR-ZRZAMGCNSA-N,,C31H42N2O8,570.294116304,570.683,570.294116,0,41,0,0,0,0,0,0,0,generated_polyurethane_fragment,source_defined_high,PUR-GEN source fragment with 3 units,virtual_polyurethane_fragment,2,True,rdkit_validated,canonical_unique,,reaction_rule_generated,candidate_fragment_3d,Gold-V,admitted_reference,0.0,,purgen-fragment-audit-v1,2026.03.4
purgen_u3_026,source_zenodo_11612378_purgen_fragments,3_units/PU_26,doi:10.5281/zenodo.11612378#1.PUR-GEN/3_units/PU_26.mol2,PUR-GEN 3-unit fragment 26,O=C(Nc1ccc(Cc2ccc(NC(=O)OCCOCCO)cc2)cc1)OCCOCCO,O=C(Nc1ccc(Cc2ccc(NC(=O)OCCOCCO)cc2)cc1)OCCOCCO,YWHQDRCFVTYPHO-UHFFFAOYSA-N,,C23H30N2O8,462.2002159199999,462.499,462.200216,0,33,0,2,0,0,0,0,0,generated_polyurethane_fragment,source_defined_high,PUR-GEN source fragment with 3 units,virtual_polyurethane_fragment,2,True,rdkit_validated,canonical_unique,,reaction_rule_generated,candidate_fragment_3d,Gold-V,admitted_reference,0.0,,purgen-fragment-audit-v1,2026.03.4
purgen_u3_027,source_zenodo_11612378_purgen_fragments,3_units/PU_27,doi:10.5281/zenodo.11612378#1.PUR-GEN/3_units/PU_27.mol2,PUR-GEN 3-unit fragment 27,CC(CO)OCC(C)OC(=O)Nc1ccc(Cc2ccc(NC(=O)OC(C)COC(C)CO)cc2)cc1,C[C@H](CO[C@@H](C)CO)OC(=O)Nc1ccc(Cc2ccc(NC(=O)O[C@@H](C)CO[C@@H](C)CO)cc2)cc1,IHLBDKPXCBZNIC-XSDIEEQYSA-N,,C27H38N2O8,518.2628161759999,518.607,518.262816,0,37,0,2,0,0,0,0,0,generated_polyurethane_fragment,source_defined_high,PUR-GEN source fragment with 3 units,virtual_polyurethane_fragment,2,True,rdkit_validated,canonical_unique,,reaction_rule_generated,candidate_fragment_3d,Gold-V,admitted_reference,0.0,,purgen-fragment-audit-v1,2026.03.4
purgen_u3_028,source_zenodo_11612378_purgen_fragments,3_units/PU_28,doi:10.5281/zenodo.11612378#1.PUR-GEN/3_units/PU_28.mol2,PUR-GEN 3-unit fragment 28,C[C@@H](COC[C@@H](C)OC[C@@H](C)OC(=O)Nc1ccc(Cc2ccc(NC(=O)O[C@H](C)CO[C@H](C)COC[C@H](C)OCC[C@@H](C)O)cc2)cc1)OCC[C@@H](C)O,C[C@H](COC[C@H](C)OCC[C@@H](C)O)OC[C@@H](C)OC(=O)Nc1ccc(Cc2ccc(NC(=O)O[C@H](C)CO[C@H](C)COC[C@H](C)OCC[C@@H](C)O)cc2)cc1,CJJVZQSCQLEJLK-XHAWLETNSA-N,,C41H66N2O12,778.461575552,778.981,778.461576,0,55,0,2,0,0,0,0,0,generated_polyurethane_fragment,source_defined_high,PUR-GEN source fragment with 3 units,virtual_polyurethane_fragment,2,True,rdkit_validated,canonical_unique,,reaction_rule_generated,candidate_fragment_3d,Gold-V,admitted_reference,0.0,,purgen-fragment-audit-v1,2026.03.4
purgen_u3_029,source_zenodo_11612378_purgen_fragments,3_units/PU_29,doi:10.5281/zenodo.11612378#1.PUR-GEN/3_units/PU_29.mol2,PUR-GEN 3-unit fragment 29,COC(=O)Nc1ccc(Cc2ccccc2NC(=O)OC)cc1,COC(=O)Nc1ccc(Cc2ccccc2NC(=O)OC)cc1,LMRNRCPDGBDDQN-UHFFFAOYSA-N,,C17H18N2O4,314.126657056,314.341,314.126657,0,23,0,0,0,0,0,0,0,generated_polyurethane_fragment,source_defined_high,PUR-GEN source fragment with 3 units,virtual_polyurethane_fragment,2,True,rdkit_validated,canonical_unique,,reaction_rule_generated,candidate_fragment_3d,Gold-V,admitted_reference,0.0,,purgen-fragment-audit-v1,2026.03.4
purgen_u3_030,source_zenodo_11612378_purgen_fragments,3_units/PU_30,doi:10.5281/zenodo.11612378#1.PUR-GEN/3_units/PU_30.mol2,PUR-GEN 3-unit fragment 30,CCOC(=O)Nc1ccc(Cc2ccccc2NC(=O)OCC)cc1,CCOC(=O)Nc1ccc(Cc2ccccc2NC(=O)OCC)cc1,QCRKDQKGDVVVBT-UHFFFAOYSA-N,,C19H22N2O4,342.157957184,342.395,342.157957,0,25,0,0,0,0,0,0,0,generated_polyurethane_fragment,source_defined_high,PUR-GEN source fragment with 3 units,virtual_polyurethane_fragment,2,True,rdkit_validated,canonical_unique,,reaction_rule_generated,candidate_fragment_3d,Gold-V,admitted_reference,0.0,,purgen-fragment-audit-v1,2026.03.4
purgen_u3_031,source_zenodo_11612378_purgen_fragments,3_units/PU_31,doi:10.5281/zenodo.11612378#1.PUR-GEN/3_units/PU_31.mol2,PUR-GEN 3-unit fragment 31,CCCOC(=O)Nc1ccc(Cc2ccccc2NC(=O)OCCC)cc1,CCCOC(=O)Nc1ccc(Cc2ccccc2NC(=O)OCCC)cc1,BLVUCBOTDSONAX-UHFFFAOYSA-N,,C21H26N2O4,370.18925731199994,370.449,370.189257,0,27,0,0,0,0,0,0,0,generated_polyurethane_fragment,source_defined_high,PUR-GEN source fragment with 3 units,virtual_polyurethane_fragment,2,True,rdkit_validated,canonical_unique,,reaction_rule_generated,candidate_fragment_3d,Gold-V,admitted_reference,0.0,,purgen-fragment-audit-v1,2026.03.4
purgen_u3_032,source_zenodo_11612378_purgen_fragments,3_units/PU_32,doi:10.5281/zenodo.11612378#1.PUR-GEN/3_units/PU_32.mol2,PUR-GEN 3-unit fragment 32,CCCCOC(=O)Nc1ccc(Cc2ccccc2NC(=O)OCCCC)cc1,CCCCOC(=O)Nc1ccc(Cc2ccccc2NC(=O)OCCCC)cc1,VVRBFPPYIQPKMM-UHFFFAOYSA-N,,C23H30N2O4,398.22055743999994,398.503,398.220557,0,29,0,0,0,0,0,0,0,generated_polyurethane_fragment,source_defined_high,PUR-GEN source fragment with 3 units,virtual_polyurethane_fragment,2,True,rdkit_validated,canonical_unique,,reaction_rule_generated,candidate_fragment_3d,Gold-V,admitted_reference,0.0,,purgen-fragment-audit-v1,2026.03.4
purgen_u3_033,source_zenodo_11612378_purgen_fragments,3_units/PU_33,doi:10.5281/zenodo.11612378#1.PUR-GEN/3_units/PU_33.mol2,PUR-GEN 3-unit fragment 33,CCCCCOC(=O)Nc1ccc(Cc2ccccc2NC(=O)OCCCCC)cc1,CCCCCOC(=O)Nc1ccc(Cc2ccccc2NC(=O)OCCCCC)cc1,VIVYECGOUOMXPM-UHFFFAOYSA-N,,C25H34N2O4,426.25185756799993,426.557,426.251858,0,31,0,0,0,0,0,0,0,generated_polyurethane_fragment,source_defined_high,PUR-GEN source fragment with 3 units,virtual_polyurethane_fragment,2,True,rdkit_validated,canonical_unique,,reaction_rule_generated,candidate_fragment_3d,Gold-V,admitted_reference,0.0,,purgen-fragment-audit-v1,2026.03.4
purgen_u3_034,source_zenodo_11612378_purgen_fragments,3_units/PU_34,doi:10.5281/zenodo.11612378#1.PUR-GEN/3_units/PU_34.mol2,PUR-GEN 3-unit fragment 34,O=C(Nc1ccc(Cc2ccccc2NC(=O)OCCO)cc1)OCCO,O=C(Nc1ccc(Cc2ccccc2NC(=O)OCCO)cc1)OCCO,MKQAJPXAXFKIEV-UHFFFAOYSA-N,,C19H22N2O6,374.14778642399995,374.393,374.147786,0,27,0,2,0,0,0,0,0,generated_polyurethane_fragment,source_defined_high,PUR-GEN source fragment with 3 units,virtual_polyurethane_fragment,2,True,rdkit_validated,canonical_unique,,reaction_rule_generated,candidate_fragment_3d,Gold-V,admitted_reference,0.0,,purgen-fragment-audit-v1,2026.03.4
purgen_u3_035,source_zenodo_11612378_purgen_fragments,3_units/PU_35,doi:10.5281/zenodo.11612378#1.PUR-GEN/3_units/PU_35.mol2,PUR-GEN 3-unit fragment 35,Nc1ccc(Cc2ccccc2NC(=O)OCCOC(=O)Nc2ccccc2Cc2ccc(N)cc2)cc1,Nc1ccc(Cc2ccccc2NC(=O)OCCOC(=O)Nc2ccccc2Cc2ccc(N)cc2)cc1,YKQDWEJWBVJOQH-UHFFFAOYSA-N,,C30H30N4O4,510.22670544000005,510.594,510.226705,0,38,0,0,2,0,0,0,0,generated_polyurethane_fragment,source_defined_high,PUR-GEN source fragment with 3 units,virtual_polyurethane_fragment,2,True,rdkit_validated,canonical_unique,,reaction_rule_generated,candidate_fragment_3d,Gold-V,admitted_reference,0.0,,purgen-fragment-audit-v1,2026.03.4
purgen_u3_036,source_zenodo_11612378_purgen_fragments,3_units/PU_36,doi:10.5281/zenodo.11612378#1.PUR-GEN/3_units/PU_36.mol2,PUR-GEN 3-unit fragment 36,CC(CO)OC(=O)Nc1ccc(Cc2ccccc2NC(=O)OC(C)CO)cc1,C[C@@H](CO)OC(=O)Nc1ccc(Cc2ccccc2NC(=O)O[C@@H](C)CO)cc1,KSIHQXKFYGSQTI-GJZGRUSLSA-N,,C21H26N2O6,402.17908655199994,402.447,402.179087,0,29,0,2,0,0,0,0,0,generated_polyurethane_fragment,source_defined_high,PUR-GEN source fragment with 3 units,virtual_polyurethane_fragment,2,True,rdkit_validated,canonical_unique,,reaction_rule_generated,candidate_fragment_3d,Gold-V,admitted_reference,0.0,,purgen-fragment-audit-v1,2026.03.4
purgen_u3_037,source_zenodo_11612378_purgen_fragments,3_units/PU_37,doi:10.5281/zenodo.11612378#1.PUR-GEN/3_units/PU_37.mol2,PUR-GEN 3-unit fragment 37,CC(COC(=O)Nc1ccccc1Cc1ccc(N)cc1)OC(=O)Nc1ccccc1Cc1ccc(N)cc1,C[C@@H](COC(=O)Nc1ccccc1Cc1ccc(N)cc1)OC(=O)Nc1ccccc1Cc1ccc(N)cc1,DYLBQUWDWHWNNK-NRFANRHFSA-N,,C31H32N4O4,524.242355504,524.621,524.242356,0,39,0,0,2,0,0,0,0,generated_polyurethane_fragment,source_defined_high,PUR-GEN source fragment with 3 units,virtual_polyurethane_fragment,2,True,rdkit_validated,canonical_unique,,reaction_rule_generated,candidate_fragment_3d,Gold-V,admitted_reference,0.0,,purgen-fragment-audit-v1,2026.03.4
purgen_u3_038,source_zenodo_11612378_purgen_fragments,3_units/PU_38,doi:10.5281/zenodo.11612378#1.PUR-GEN/3_units/PU_38.mol2,PUR-GEN 3-unit fragment 38,O=C(Nc1ccc(Cc2ccccc2NC(=O)OCCCCO)cc1)OCCCCO,O=C(Nc1ccc(Cc2ccccc2NC(=O)OCCCCO)cc1)OCCCCO,QOYILAPZCUMQKU-UHFFFAOYSA-N,,C23H30N2O6,430.21038667999994,430.501,430.210387,0,31,0,2,0,0,0,0,0,generated_polyurethane_fragment,source_defined_high,PUR-GEN source fragment with 3 units,virtual_polyurethane_fragment,2,True,rdkit_validated,canonical_unique,,reaction_rule_generated,candidate_fragment_3d,Gold-V,admitted_reference,0.0,,purgen-fragment-audit-v1,2026.03.4
purgen_u3_039,source_zenodo_11612378_purgen_fragments,3_units/PU_39,doi:10.5281/zenodo.11612378#1.PUR-GEN/3_units/PU_39.mol2,PUR-GEN 3-unit fragment 39,Nc1ccc(Cc2ccccc2NC(=O)OCCCCOC(=O)Nc2ccccc2Cc2ccc(N)cc2)cc1,Nc1ccc(Cc2ccccc2NC(=O)OCCCCOC(=O)Nc2ccccc2Cc2ccc(N)cc2)cc1,HNSWCAJVDVPUBN-UHFFFAOYSA-N,,C32H34N4O4,538.258005568,538.648,538.258006,0,40,0,0,2,0,0,0,0,generated_polyurethane_fragment,source_defined_high,PUR-GEN source fragment with 3 units,virtual_polyurethane_fragment,2,True,rdkit_validated,canonical_unique,,reaction_rule_generated,candidate_fragment_3d,Gold-V,admitted_reference,0.0,,purgen-fragment-audit-v1,2026.03.4
purgen_u3_040,source_zenodo_11612378_purgen_fragments,3_units/PU_40,doi:10.5281/zenodo.11612378#1.PUR-GEN/3_units/PU_40.mol2,PUR-GEN 3-unit fragment 40,CC(C)(CO)COC(=O)Nc1ccc(Cc2ccccc2NC(=O)OCC(C)(C)CO)cc1,CC(C)(CO)COC(=O)Nc1ccc(Cc2ccccc2NC(=O)OCC(C)(C)CO)cc1,JSHZPZLMYVFUFC-UHFFFAOYSA-N,,C25H34N2O6,458.24168680799994,458.555,458.241687,0,33,0,2,0,0,0,0,0,generated_polyurethane_fragment,source_defined_high,PUR-GEN source fragment with 3 units,virtual_polyurethane_fragment,2,True,rdkit_validated,canonical_unique,,reaction_rule_generated,candidate_fragment_3d,Gold-V,admitted_reference,0.0,,purgen-fragment-audit-v1,2026.03.4
purgen_u3_041,source_zenodo_11612378_purgen_fragments,3_units/PU_41,doi:10.5281/zenodo.11612378#1.PUR-GEN/3_units/PU_41.mol2,PUR-GEN 3-unit fragment 41,CC(C)(COC(=O)Nc1ccccc1Cc1ccc(N)cc1)COC(=O)Nc1ccccc1Cc1ccc(N)cc1,CC(C)(COC(=O)Nc1ccccc1Cc1ccc(N)cc1)COC(=O)Nc1ccccc1Cc1ccc(N)cc1,KOPXUWSNLRPKHV-UHFFFAOYSA-N,,C33H36N4O4,552.273655632,552.675,552.273656,0,41,0,0,2,0,0,0,0,generated_polyurethane_fragment,source_defined_high,PUR-GEN source fragment with 3 units,virtual_polyurethane_fragment,2,True,rdkit_validated,canonical_unique,,reaction_rule_generated,candidate_fragment_3d,Gold-V,admitted_reference,0.0,,purgen-fragment-audit-v1,2026.03.4
purgen_u3_042,source_zenodo_11612378_purgen_fragments,3_units/PU_42,doi:10.5281/zenodo.11612378#1.PUR-GEN/3_units/PU_42.mol2,PUR-GEN 3-unit fragment 42,COC(=O)COC(=O)Nc1ccc(Cc2ccccc2NC(=O)OCC(=O)OC)cc1,COC(=O)COC(=O)Nc1ccc(Cc2ccccc2NC(=O)OCC(=O)OC)cc1,WSUKFROIHLSJAL-UHFFFAOYSA-N,,C21H22N2O8,430.1376156639999,430.413,430.137616,0,31,0,0,0,0,0,0,0,generated_polyurethane_fragment,source_defined_high,PUR-GEN source fragment with 3 units,virtual_polyurethane_fragment,2,True,rdkit_validated,canonical_unique,,reaction_rule_generated,candidate_fragment_3d,Gold-V,admitted_reference,0.0,,purgen-fragment-audit-v1,2026.03.4
purgen_u3_043,source_zenodo_11612378_purgen_fragments,3_units/PU_43,doi:10.5281/zenodo.11612378#1.PUR-GEN/3_units/PU_43.mol2,PUR-GEN 3-unit fragment 43,CCOC(=O)COC(=O)Nc1ccc(Cc2ccccc2NC(=O)OCC(=O)OCC)cc1,CCOC(=O)COC(=O)Nc1ccc(Cc2ccccc2NC(=O)OCC(=O)OCC)cc1,KDMHATANZWMMMT-UHFFFAOYSA-N,,C23H26N2O8,458.1689157919999,458.467,458.168916,0,33,0,0,0,0,0,0,0,generated_polyurethane_fragment,source_defined_high,PUR-GEN source fragment with 3 units,virtual_polyurethane_fragment,2,True,rdkit_validated,canonical_unique,,reaction_rule_generated,candidate_fragment_3d,Gold-V,admitted_reference,0.0,,purgen-fragment-audit-v1,2026.03.4
purgen_u3_044,source_zenodo_11612378_purgen_fragments,3_units/PU_44,doi:10.5281/zenodo.11612378#1.PUR-GEN/3_units/PU_44.mol2,PUR-GEN 3-unit fragment 44,CCCCOC(=O)COC(=O)Nc1ccc(Cc2ccccc2NC(=O)OCC(=O)OCCCC)cc1,CCCCOC(=O)COC(=O)Nc1ccc(Cc2ccccc2NC(=O)OCC(=O)OCCCC)cc1,AASKJGCMAOVXPT-UHFFFAOYSA-N,,C27H34N2O8,514.2315160479999,514.575,514.231516,0,37,0,0,0,0,0,0,0,generated_polyurethane_fragment,source_defined_high,PUR-GEN source fragment with 3 units,virtual_polyurethane_fragment,2,True,rdkit_validated,canonical_unique,,reaction_rule_generated,candidate_fragment_3d,Gold-V,admitted_reference,0.0,,purgen-fragment-audit-v1,2026.03.4
purgen_u3_045,source_zenodo_11612378_purgen_fragments,3_units/PU_45,doi:10.5281/zenodo.11612378#1.PUR-GEN/3_units/PU_45.mol2,PUR-GEN 3-unit fragment 45,CC(C)CCOC(=O)C(C)OC(=O)Nc1ccc(Cc2ccccc2NC(=O)OC(C)C(=O)OCCC(C)C)cc1,CC(C)CCOC(=O)[C@H](C)OC(=O)Nc1ccccc1Cc1ccc(NC(=O)O[C@H](C)C(=O)OCCC(C)C)cc1,PDQKVGBVTJSZSR-PKTZIBPZSA-N,,C31H42N2O8,570.294116304,570.683,570.294116,0,41,0,0,0,0,0,0,0,generated_polyurethane_fragment,source_defined_high,PUR-GEN source fragment with 3 units,virtual_polyurethane_fragment,2,True,rdkit_validated,canonical_unique,,reaction_rule_generated,candidate_fragment_3d,Gold-V,admitted_reference,0.0,,purgen-fragment-audit-v1,2026.03.4
purgen_u3_046,source_zenodo_11612378_purgen_fragments,3_units/PU_46,doi:10.5281/zenodo.11612378#1.PUR-GEN/3_units/PU_46.mol2,PUR-GEN 3-unit fragment 46,O=C(Nc1ccc(Cc2ccccc2NC(=O)OCCOCCO)cc1)OCCOCCO,O=C(Nc1ccc(Cc2ccccc2NC(=O)OCCOCCO)cc1)OCCOCCO,PCXQLMQWFOCSRV-UHFFFAOYSA-N,,C23H30N2O8,462.2002159199999,462.499,462.200216,0,33,0,2,0,0,0,0,0,generated_polyurethane_fragment,source_defined_high,PUR-GEN source fragment with 3 units,virtual_polyurethane_fragment,2,True,rdkit_validated,canonical_unique,,reaction_rule_generated,candidate_fragment_3d,Gold-V,admitted_reference,0.0,,purgen-fragment-audit-v1,2026.03.4
purgen_u3_047,source_zenodo_11612378_purgen_fragments,3_units/PU_47,doi:10.5281/zenodo.11612378#1.PUR-GEN/3_units/PU_47.mol2,PUR-GEN 3-unit fragment 47,CC(CO)OCC(C)OC(=O)Nc1ccc(Cc2ccccc2NC(=O)OC(C)COC(C)CO)cc1,C[C@H](CO[C@@H](C)CO)OC(=O)Nc1ccc(Cc2ccccc2NC(=O)O[C@@H](C)CO[C@@H](C)CO)cc1,CKTIHBYZVMAMDP-BURNTYAHSA-N,,C27H38N2O8,518.2628161759999,518.607,518.262816,0,37,0,2,0,0,0,0,0,generated_polyurethane_fragment,source_defined_high,PUR-GEN source fragment with 3 units,virtual_polyurethane_fragment,2,True,rdkit_validated,canonical_unique,,reaction_rule_generated,candidate_fragment_3d,Gold-V,admitted_reference,0.0,,purgen-fragment-audit-v1,2026.03.4
purgen_u3_048,source_zenodo_11612378_purgen_fragments,3_units/PU_48,doi:10.5281/zenodo.11612378#1.PUR-GEN/3_units/PU_48.mol2,PUR-GEN 3-unit fragment 48,C[C@@H](COC[C@@H](C)OC[C@@H](C)OC(=O)Nc1ccc(Cc2ccccc2NC(=O)O[C@H](C)CO[C@H](C)COC[C@H](C)OCC[C@@H](C)O)cc1)OCC[C@@H](C)O,C[C@H](COC[C@H](C)OCC[C@@H](C)O)OC[C@@H](C)OC(=O)Nc1ccc(Cc2ccccc2NC(=O)O[C@H](C)CO[C@H](C)COC[C@H](C)OCC[C@@H](C)O)cc1,ZXXOXABTFDOMAO-XHAWLETNSA-N,,C41H66N2O12,778.4615755520001,778.981,778.461576,0,55,0,2,0,0,0,0,0,generated_polyurethane_fragment,source_defined_high,PUR-GEN source fragment with 3 units,virtual_polyurethane_fragment,2,True,rdkit_validated,canonical_unique,,reaction_rule_generated,candidate_fragment_3d,Gold-V,admitted_reference,0.0,,purgen-fragment-audit-v1,2026.03.4
purgen_u3_049,source_zenodo_11612378_purgen_fragments,3_units/PU_49,doi:10.5281/zenodo.11612378#1.PUR-GEN/3_units/PU_49.mol2,PUR-GEN 3-unit fragment 49,COC(=O)Nc1ccccc1Cc1ccccc1NC(=O)OC,COC(=O)Nc1ccccc1Cc1ccccc1NC(=O)OC,WOVJZPCUZYNKBU-UHFFFAOYSA-N,,C17H18N2O4,314.12665705599994,314.341,314.126657,0,23,0,0,0,0,0,0,0,generated_polyurethane_fragment,source_defined_high,PUR-GEN source fragment with 3 units,virtual_polyurethane_fragment,2,True,rdkit_validated,canonical_unique,,reaction_rule_generated,candidate_fragment_3d,Gold-V,admitted_reference,0.0,,purgen-fragment-audit-v1,2026.03.4
purgen_u3_050,source_zenodo_11612378_purgen_fragments,3_units/PU_50,doi:10.5281/zenodo.11612378#1.PUR-GEN/3_units/PU_50.mol2,PUR-GEN 3-unit fragment 50,CCOC(=O)Nc1ccccc1Cc1ccccc1NC(=O)OCC,CCOC(=O)Nc1ccccc1Cc1ccccc1NC(=O)OCC,MAYSXWAEPSWQCV-UHFFFAOYSA-N,,C19H22N2O4,342.15795718399994,342.395,342.157957,0,25,0,0,0,0,0,0,0,generated_polyurethane_fragment,source_defined_high,PUR-GEN source fragment with 3 units,virtual_polyurethane_fragment,2,True,rdkit_validated,canonical_unique,,reaction_rule_generated,candidate_fragment_3d,Gold-V,admitted_reference,0.0,,purgen-fragment-audit-v1,2026.03.4
purgen_u3_051,source_zenodo_11612378_purgen_fragments,3_units/PU_51,doi:10.5281/zenodo.11612378#1.PUR-GEN/3_units/PU_51.mol2,PUR-GEN 3-unit fragment 51,CCCOC(=O)Nc1ccccc1Cc1ccccc1NC(=O)OCCC,CCCOC(=O)Nc1ccccc1Cc1ccccc1NC(=O)OCCC,ASKABDMYLJLOPR-UHFFFAOYSA-N,,C21H26N2O4,370.18925731199994,370.449,370.189257,0,27,0,0,0,0,0,0,0,generated_polyurethane_fragment,source_defined_high,PUR-GEN source fragment with 3 units,virtual_polyurethane_fragment,2,True,rdkit_validated,canonical_unique,,reaction_rule_generated,candidate_fragment_3d,Gold-V,admitted_reference,0.0,,purgen-fragment-audit-v1,2026.03.4
purgen_u3_052,source_zenodo_11612378_purgen_fragments,3_units/PU_52,doi:10.5281/zenodo.11612378#1.PUR-GEN/3_units/PU_52.mol2,PUR-GEN 3-unit fragment 52,CCCCOC(=O)Nc1ccccc1Cc1ccccc1NC(=O)OCCCC,CCCCOC(=O)Nc1ccccc1Cc1ccccc1NC(=O)OCCCC,FOWJZMPQJGNCMA-UHFFFAOYSA-N,,C23H30N2O4,398.22055744,398.503,398.220557,0,29,0,0,0,0,0,0,0,generated_polyurethane_fragment,source_defined_high,PUR-GEN source fragment with 3 units,virtual_polyurethane_fragment,2,True,rdkit_validated,canonical_unique,,reaction_rule_generated,candidate_fragment_3d,Gold-V,admitted_reference,0.0,,purgen-fragment-audit-v1,2026.03.4
purgen_u3_053,source_zenodo_11612378_purgen_fragments,3_units/PU_53,doi:10.5281/zenodo.11612378#1.PUR-GEN/3_units/PU_53.mol2,PUR-GEN 3-unit fragment 53,CCCCCOC(=O)Nc1ccccc1Cc1ccccc1NC(=O)OCCCCC,CCCCCOC(=O)Nc1ccccc1Cc1ccccc1NC(=O)OCCCCC,OKTSWBBISSDYHX-UHFFFAOYSA-N,,C25H34N2O4,426.251857568,426.557,426.251858,0,31,0,0,0,0,0,0,0,generated_polyurethane_fragment,source_defined_high,PUR-GEN source fragment with 3 units,virtual_polyurethane_fragment,2,True,rdkit_validated,canonical_unique,,reaction_rule_generated,candidate_fragment_3d,Gold-V,admitted_reference,0.0,,purgen-fragment-audit-v1,2026.03.4
purgen_u3_054,source_zenodo_11612378_purgen_fragments,3_units/PU_54,doi:10.5281/zenodo.11612378#1.PUR-GEN/3_units/PU_54.mol2,PUR-GEN 3-unit fragment 54,O=C(Nc1ccccc1Cc1ccccc1NC(=O)OCCO)OCCO,O=C(Nc1ccccc1Cc1ccccc1NC(=O)OCCO)OCCO,NFKXDFCJFIDOQS-UHFFFAOYSA-N,,C19H22N2O6,374.14778642399995,374.393,374.147786,0,27,0,2,0,0,0,0,0,generated_polyurethane_fragment,source_defined_high,PUR-GEN source fragment with 3 units,virtual_polyurethane_fragment,2,True,rdkit_validated,canonical_unique,,reaction_rule_generated,candidate_fragment_3d,Gold-V,admitted_reference,0.0,,purgen-fragment-audit-v1,2026.03.4
purgen_u3_055,source_zenodo_11612378_purgen_fragments,3_units/PU_55,doi:10.5281/zenodo.11612378#1.PUR-GEN/3_units/PU_55.mol2,PUR-GEN 3-unit fragment 55,Nc1ccccc1Cc1ccccc1NC(=O)OCCOC(=O)Nc1ccccc1Cc1ccccc1N,Nc1ccccc1Cc1ccccc1NC(=O)OCCOC(=O)Nc1ccccc1Cc1ccccc1N,VUTPFURRQCUONH-UHFFFAOYSA-N,,C30H30N4O4,510.22670544,510.594,510.226705,0,38,0,0,2,0,0,0,0,generated_polyurethane_fragment,source_defined_high,PUR-GEN source fragment with 3 units,virtual_polyurethane_fragment,2,True,rdkit_validated,canonical_unique,,reaction_rule_generated,candidate_fragment_3d,Gold-V,admitted_reference,0.0,,purgen-fragment-audit-v1,2026.03.4
purgen_u3_056,source_zenodo_11612378_purgen_fragments,3_units/PU_56,doi:10.5281/zenodo.11612378#1.PUR-GEN/3_units/PU_56.mol2,PUR-GEN 3-unit fragment 56,CC(CO)OC(=O)Nc1ccccc1Cc1ccccc1NC(=O)OC(C)CO,C[C@@H](CO)OC(=O)Nc1ccccc1Cc1ccccc1NC(=O)O[C@@H](C)CO,RCJALPVHNHZHPF-GJZGRUSLSA-N,,C21H26N2O6,402.17908655199994,402.447,402.179087,0,29,0,2,0,0,0,0,0,generated_polyurethane_fragment,source_defined_high,PUR-GEN source fragment with 3 units,virtual_polyurethane_fragment,2,True,rdkit_validated,canonical_unique,,reaction_rule_generated,candidate_fragment_3d,Gold-V,admitted_reference,0.0,,purgen-fragment-audit-v1,2026.03.4
purgen_u3_057,source_zenodo_11612378_purgen_fragments,3_units/PU_57,doi:10.5281/zenodo.11612378#1.PUR-GEN/3_units/PU_57.mol2,PUR-GEN 3-unit fragment 57,CC(COC(=O)Nc1ccccc1Cc1ccccc1N)OC(=O)Nc1ccccc1Cc1ccccc1N,C[C@@H](COC(=O)Nc1ccccc1Cc1ccccc1N)OC(=O)Nc1ccccc1Cc1ccccc1N,NJJBEBPQGJHYPH-NRFANRHFSA-N,,C31H32N4O4,524.242355504,524.621,524.242356,0,39,0,0,2,0,0,0,0,generated_polyurethane_fragment,source_defined_high,PUR-GEN source fragment with 3 units,virtual_polyurethane_fragment,2,True,rdkit_validated,canonical_unique,,reaction_rule_generated,candidate_fragment_3d,Gold-V,admitted_reference,0.0,,purgen-fragment-audit-v1,2026.03.4
purgen_u3_058,source_zenodo_11612378_purgen_fragments,3_units/PU_58,doi:10.5281/zenodo.11612378#1.PUR-GEN/3_units/PU_58.mol2,PUR-GEN 3-unit fragment 58,O=C(Nc1ccccc1Cc1ccccc1NC(=O)OCCCCO)OCCCCO,O=C(Nc1ccccc1Cc1ccccc1NC(=O)OCCCCO)OCCCCO,DBXYPEVMCYDXME-UHFFFAOYSA-N,,C23H30N2O6,430.21038667999994,430.501,430.210387,0,31,0,2,0,0,0,0,0,generated_polyurethane_fragment,source_defined_high,PUR-GEN source fragment with 3 units,virtual_polyurethane_fragment,2,True,rdkit_validated,canonical_unique,,reaction_rule_generated,candidate_fragment_3d,Gold-V,admitted_reference,0.0,,purgen-fragment-audit-v1,2026.03.4
purgen_u3_059,source_zenodo_11612378_purgen_fragments,3_units/PU_59,doi:10.5281/zenodo.11612378#1.PUR-GEN/3_units/PU_59.mol2,PUR-GEN 3-unit fragment 59,Nc1ccccc1Cc1ccccc1NC(=O)OCCCCOC(=O)Nc1ccccc1Cc1ccccc1N,Nc1ccccc1Cc1ccccc1NC(=O)OCCCCOC(=O)Nc1ccccc1Cc1ccccc1N,OFZQMFUYEWBORY-UHFFFAOYSA-N,,C32H34N4O4,538.258005568,538.648,538.258006,0,40,0,0,2,0,0,0,0,generated_polyurethane_fragment,source_defined_high,PUR-GEN source fragment with 3 units,virtual_polyurethane_fragment,2,True,rdkit_validated,canonical_unique,,reaction_rule_generated,candidate_fragment_3d,Gold-V,admitted_reference,0.0,,purgen-fragment-audit-v1,2026.03.4
purgen_u3_060,source_zenodo_11612378_purgen_fragments,3_units/PU_60,doi:10.5281/zenodo.11612378#1.PUR-GEN/3_units/PU_60.mol2,PUR-GEN 3-unit fragment 60,CC(C)(CO)COC(=O)Nc1ccccc1Cc1ccccc1NC(=O)OCC(C)(C)CO,CC(C)(CO)COC(=O)Nc1ccccc1Cc1ccccc1NC(=O)OCC(C)(C)CO,ZCRUQBWJPQARQX-UHFFFAOYSA-N,,C25H34N2O6,458.24168680799994,458.555,458.241687,0,33,0,2,0,0,0,0,0,generated_polyurethane_fragment,source_defined_high,PUR-GEN source fragment with 3 units,virtual_polyurethane_fragment,2,True,rdkit_validated,canonical_unique,,reaction_rule_generated,candidate_fragment_3d,Gold-V,admitted_reference,0.0,,purgen-fragment-audit-v1,2026.03.4
purgen_u3_061,source_zenodo_11612378_purgen_fragments,3_units/PU_61,doi:10.5281/zenodo.11612378#1.PUR-GEN/3_units/PU_61.mol2,PUR-GEN 3-unit fragment 61,CC(C)(COC(=O)Nc1ccccc1Cc1ccccc1N)COC(=O)Nc1ccccc1Cc1ccccc1N,CC(C)(COC(=O)Nc1ccccc1Cc1ccccc1N)COC(=O)Nc1ccccc1Cc1ccccc1N,CUAMCAMXDNMGCY-UHFFFAOYSA-N,,C33H36N4O4,552.273655632,552.675,552.273656,0,41,0,0,2,0,0,0,0,generated_polyurethane_fragment,source_defined_high,PUR-GEN source fragment with 3 units,virtual_polyurethane_fragment,2,True,rdkit_validated,canonical_unique,,reaction_rule_generated,candidate_fragment_3d,Gold-V,admitted_reference,0.0,,purgen-fragment-audit-v1,2026.03.4
purgen_u3_062,source_zenodo_11612378_purgen_fragments,3_units/PU_62,doi:10.5281/zenodo.11612378#1.PUR-GEN/3_units/PU_62.mol2,PUR-GEN 3-unit fragment 62,COC(=O)COC(=O)Nc1ccccc1Cc1ccccc1NC(=O)OCC(=O)OC,COC(=O)COC(=O)Nc1ccccc1Cc1ccccc1NC(=O)OCC(=O)OC,WKUYSMPKGRTMRP-UHFFFAOYSA-N,,C21H22N2O8,430.1376156639999,430.413,430.137616,0,31,0,0,0,0,0,0,0,generated_polyurethane_fragment,source_defined_high,PUR-GEN source fragment with 3 units,virtual_polyurethane_fragment,2,True,rdkit_validated,canonical_unique,,reaction_rule_generated,candidate_fragment_3d,Gold-V,admitted_reference,0.0,,purgen-fragment-audit-v1,2026.03.4
purgen_u3_063,source_zenodo_11612378_purgen_fragments,3_units/PU_63,doi:10.5281/zenodo.11612378#1.PUR-GEN/3_units/PU_63.mol2,PUR-GEN 3-unit fragment 63,CCOC(=O)COC(=O)Nc1ccccc1Cc1ccccc1NC(=O)OCC(=O)OCC,CCOC(=O)COC(=O)Nc1ccccc1Cc1ccccc1NC(=O)OCC(=O)OCC,ZXTJVYGZSXOQQQ-UHFFFAOYSA-N,,C23H26N2O8,458.1689157919999,458.467,458.168916,0,33,0,0,0,0,0,0,0,generated_polyurethane_fragment,source_defined_high,PUR-GEN source fragment with 3 units,virtual_polyurethane_fragment,2,True,rdkit_validated,canonical_unique,,reaction_rule_generated,candidate_fragment_3d,Gold-V,admitted_reference,0.0,,purgen-fragment-audit-v1,2026.03.4
purgen_u3_064,source_zenodo_11612378_purgen_fragments,3_units/PU_64,doi:10.5281/zenodo.11612378#1.PUR-GEN/3_units/PU_64.mol2,PUR-GEN 3-unit fragment 64,CCCCOC(=O)COC(=O)Nc1ccccc1Cc1ccccc1NC(=O)OCC(=O)OCCCC,CCCCOC(=O)COC(=O)Nc1ccccc1Cc1ccccc1NC(=O)OCC(=O)OCCCC,JLUSMDPVIUHYAL-UHFFFAOYSA-N,,C27H34N2O8,514.2315160479999,514.575,514.231516,0,37,0,0,0,0,0,0,0,generated_polyurethane_fragment,source_defined_high,PUR-GEN source fragment with 3 units,virtual_polyurethane_fragment,2,True,rdkit_validated,canonical_unique,,reaction_rule_generated,candidate_fragment_3d,Gold-V,admitted_reference,0.0,,purgen-fragment-audit-v1,2026.03.4
purgen_u3_065,source_zenodo_11612378_purgen_fragments,3_units/PU_65,doi:10.5281/zenodo.11612378#1.PUR-GEN/3_units/PU_65.mol2,PUR-GEN 3-unit fragment 65,CC(C)CCOC(=O)C(C)OC(=O)Nc1ccccc1Cc1ccccc1NC(=O)OC(C)C(=O)OCCC(C)C,CC(C)CCOC(=O)[C@H](C)OC(=O)Nc1ccccc1Cc1ccccc1NC(=O)O[C@H](C)C(=O)OCCC(C)C,PSUITJODKXTSLL-ZRZAMGCNSA-N,,C31H42N2O8,570.294116304,570.683,570.294116,0,41,0,0,0,0,0,0,0,generated_polyurethane_fragment,source_defined_high,PUR-GEN source fragment with 3 units,virtual_polyurethane_fragment,2,True,rdkit_validated,canonical_unique,,reaction_rule_generated,candidate_fragment_3d,Gold-V,admitted_reference,0.0,,purgen-fragment-audit-v1,2026.03.4
purgen_u3_066,source_zenodo_11612378_purgen_fragments,3_units/PU_66,doi:10.5281/zenodo.11612378#1.PUR-GEN/3_units/PU_66.mol2,PUR-GEN 3-unit fragment 66,O=C(Nc1ccccc1Cc1ccccc1NC(=O)OCCOCCO)OCCOCCO,O=C(Nc1ccccc1Cc1ccccc1NC(=O)OCCOCCO)OCCOCCO,QZGXLOGOORZKDK-UHFFFAOYSA-N,,C23H30N2O8,462.2002159199999,462.499,462.200216,0,33,0,2,0,0,0,0,0,generated_polyurethane_fragment,source_defined_high,PUR-GEN source fragment with 3 units,virtual_polyurethane_fragment,2,True,rdkit_validated,canonical_unique,,reaction_rule_generated,candidate_fragment_3d,Gold-V,admitted_reference,0.0,,purgen-fragment-audit-v1,2026.03.4
purgen_u3_067,source_zenodo_11612378_purgen_fragments,3_units/PU_67,doi:10.5281/zenodo.11612378#1.PUR-GEN/3_units/PU_67.mol2,PUR-GEN 3-unit fragment 67,CC(CO)OCC(C)OC(=O)Nc1ccccc1Cc1ccccc1NC(=O)OC(C)COC(C)CO,C[C@H](CO[C@@H](C)CO)OC(=O)Nc1ccccc1Cc1ccccc1NC(=O)O[C@@H](C)CO[C@@H](C)CO,WZWOWOATMCEWNO-XSDIEEQYSA-N,,C27H38N2O8,518.2628161759999,518.607,518.262816,0,37,0,2,0,0,0,0,0,generated_polyurethane_fragment,source_defined_high,PUR-GEN source fragment with 3 units,virtual_polyurethane_fragment,2,True,rdkit_validated,canonical_unique,,reaction_rule_generated,candidate_fragment_3d,Gold-V,admitted_reference,0.0,,purgen-fragment-audit-v1,2026.03.4
purgen_u3_068,source_zenodo_11612378_purgen_fragments,3_units/PU_68,doi:10.5281/zenodo.11612378#1.PUR-GEN/3_units/PU_68.mol2,PUR-GEN 3-unit fragment 68,C[C@@H](COC[C@@H](C)OC[C@@H](C)OC(=O)Nc1ccccc1Cc1ccccc1NC(=O)O[C@H](C)CO[C@H](C)COC[C@H](C)OCC[C@@H](C)O)OCC[C@@H](C)O,C[C@H](COC[C@H](C)OCC[C@@H](C)O)OC[C@@H](C)OC(=O)Nc1ccccc1Cc1ccccc1NC(=O)O[C@H](C)CO[C@H](C)COC[C@H](C)OCC[C@@H](C)O,PSCHLCKNLNAJQG-XHAWLETNSA-N,,C41H66N2O12,778.4615755520001,778.981,778.461576,0,55,0,2,0,0,0,0,0,generated_polyurethane_fragment,source_defined_high,PUR-GEN source fragment with 3 units,virtual_polyurethane_fragment,2,True,rdkit_validated,canonical_unique,,reaction_rule_generated,candidate_fragment_3d,Gold-V,admitted_reference,0.0,,purgen-fragment-audit-v1,2026.03.4
purgen_u3_069,source_zenodo_11612378_purgen_fragments,3_units/PU_69,doi:10.5281/zenodo.11612378#1.PUR-GEN/3_units/PU_69.mol2,PUR-GEN 3-unit fragment 69,COC(=O)Nc1ccc(C)c(NC(=O)OC)c1,COC(=O)Nc1ccc(C)c(NC(=O)OC)c1,CNPWIVIIZHULCN-UHFFFAOYSA-N,,C11H14N2O4,238.095356928,238.243,238.095357,0,17,0,0,0,0,0,0,0,generated_polyurethane_fragment,source_defined_high,PUR-GEN source fragment with 3 units,virtual_polyurethane_fragment,2,True,rdkit_validated,canonical_unique,,reaction_rule_generated,candidate_fragment_3d,Gold-V,admitted_reference,0.0,,purgen-fragment-audit-v1,2026.03.4
purgen_u3_070,source_zenodo_11612378_purgen_fragments,3_units/PU_70,doi:10.5281/zenodo.11612378#1.PUR-GEN/3_units/PU_70.mol2,PUR-GEN 3-unit fragment 70,CCOC(=O)Nc1ccc(C)c(NC(=O)OCC)c1,CCOC(=O)Nc1ccc(C)c(NC(=O)OCC)c1,PHYURWGMBQTCSY-UHFFFAOYSA-N,,C13H18N2O4,266.126657056,266.297,266.126657,0,19,0,0,0,0,0,0,0,generated_polyurethane_fragment,source_defined_high,PUR-GEN source fragment with 3 units,virtual_polyurethane_fragment,2,True,rdkit_validated,canonical_unique,,reaction_rule_generated,candidate_fragment_3d,Gold-V,admitted_reference,0.0,,purgen-fragment-audit-v1,2026.03.4
purgen_u3_071,source_zenodo_11612378_purgen_fragments,3_units/PU_71,doi:10.5281/zenodo.11612378#1.PUR-GEN/3_units/PU_71.mol2,PUR-GEN 3-unit fragment 71,CCCOC(=O)Nc1ccc(C)c(NC(=O)OCCC)c1,CCCOC(=O)Nc1ccc(C)c(NC(=O)OCCC)c1,AZOPMOSYNSRIOO-UHFFFAOYSA-N,,C15H22N2O4,294.157957184,294.351,294.157957,0,21,0,0,0,0,0,0,0,generated_polyurethane_fragment,source_defined_high,PUR-GEN source fragment with 3 units,virtual_polyurethane_fragment,2,True,rdkit_validated,canonical_unique,,reaction_rule_generated,candidate_fragment_3d,Gold-V,admitted_reference,0.0,,purgen-fragment-audit-v1,2026.03.4
purgen_u3_072,source_zenodo_11612378_purgen_fragments,3_units/PU_72,doi:10.5281/zenodo.11612378#1.PUR-GEN/3_units/PU_72.mol2,PUR-GEN 3-unit fragment 72,CCCCOC(=O)Nc1ccc(C)c(NC(=O)OCCCC)c1,CCCCOC(=O)Nc1ccc(C)c(NC(=O)OCCCC)c1,KOBZWUMLQLKNMP-UHFFFAOYSA-N,,C17H26N2O4,322.189257312,322.405,322.189257,0,23,0,0,0,0,0,0,0,generated_polyurethane_fragment,source_defined_high,PUR-GEN source fragment with 3 units,virtual_polyurethane_fragment,2,True,rdkit_validated,canonical_unique,,reaction_rule_generated,candidate_fragment_3d,Gold-V,admitted_reference,0.0,,purgen-fragment-audit-v1,2026.03.4
purgen_u3_073,source_zenodo_11612378_purgen_fragments,3_units/PU_73,doi:10.5281/zenodo.11612378#1.PUR-GEN/3_units/PU_73.mol2,PUR-GEN 3-unit fragment 73,CCCCCOC(=O)Nc1ccc(C)c(NC(=O)OCCCCC)c1,CCCCCOC(=O)Nc1ccc(C)c(NC(=O)OCCCCC)c1,ZCXMREKWCQFDJB-UHFFFAOYSA-N,,C19H30N2O4,350.22055744,350.459,350.220557,0,25,0,0,0,0,0,0,0,generated_polyurethane_fragment,source_defined_high,PUR-GEN source fragment with 3 units,virtual_polyurethane_fragment,2,True,rdkit_validated,canonical_unique,,reaction_rule_generated,candidate_fragment_3d,Gold-V,admitted_reference,0.0,,purgen-fragment-audit-v1,2026.03.4
purgen_u3_074,source_zenodo_11612378_purgen_fragments,3_units/PU_74,doi:10.5281/zenodo.11612378#1.PUR-GEN/3_units/PU_74.mol2,PUR-GEN 3-unit fragment 74,Cc1ccc(NC(=O)OCCO)cc1NC(=O)OCCO,Cc1ccc(NC(=O)OCCO)cc1NC(=O)OCCO,XDYLRWLIXOEMCW-UHFFFAOYSA-N,,C13H18N2O6,298.11648629599995,298.295,298.116486,0,21,0,2,0,0,0,0,0,generated_polyurethane_fragment,source_defined_high,PUR-GEN source fragment with 3 units,virtual_polyurethane_fragment,2,True,rdkit_validated,canonical_unique,,reaction_rule_generated,candidate_fragment_3d,Gold-V,admitted_reference,0.0,,purgen-fragment-audit-v1,2026.03.4
purgen_u3_075,source_zenodo_11612378_purgen_fragments,3_units/PU_75,doi:10.5281/zenodo.11612378#1.PUR-GEN/3_units/PU_75.mol2,PUR-GEN 3-unit fragment 75,Cc1ccc(NC(=O)OCCOC(=O)Nc2ccc(C)c(N)c2)cc1N,Cc1ccc(NC(=O)OCCOC(=O)Nc2ccc(C)c(N)c2)cc1N,PVNWOELSAULOEU-UHFFFAOYSA-N,,C18H22N4O4,358.16410518400005,358.398,358.164105,0,26,0,0,2,0,0,0,0,generated_polyurethane_fragment,source_defined_high,PUR-GEN source fragment with 3 units,virtual_polyurethane_fragment,2,True,rdkit_validated,canonical_unique,,reaction_rule_generated,candidate_fragment_3d,Gold-V,admitted_reference,0.0,,purgen-fragment-audit-v1,2026.03.4
purgen_u3_076,source_zenodo_11612378_purgen_fragments,3_units/PU_76,doi:10.5281/zenodo.11612378#1.PUR-GEN/3_units/PU_76.mol2,PUR-GEN 3-unit fragment 76,Cc1ccc(NC(=O)OC(C)CO)cc1NC(=O)OC(C)CO,Cc1ccc(NC(=O)O[C@@H](C)CO)cc1NC(=O)O[C@@H](C)CO,HSHBDCFALHCVBS-QWRGUYRKSA-N,,C15H22N2O6,326.14778642399995,326.349,326.147786,0,23,0,2,0,0,0,0,0,generated_polyurethane_fragment,source_defined_high,PUR-GEN source fragment with 3 units,virtual_polyurethane_fragment,2,True,rdkit_validated,canonical_unique,,reaction_rule_generated,candidate_fragment_3d,Gold-V,admitted_reference,0.0,,purgen-fragment-audit-v1,2026.03.4
purgen_u3_077,source_zenodo_11612378_purgen_fragments,3_units/PU_77,doi:10.5281/zenodo.11612378#1.PUR-GEN/3_units/PU_77.mol2,PUR-GEN 3-unit fragment 77,Cc1ccc(NC(=O)OCC(C)OC(=O)Nc2ccc(C)c(N)c2)cc1N,Cc1ccc(NC(=O)OC[C@@H](C)OC(=O)Nc2ccc(C)c(N)c2)cc1N,PFLPQWBIUPVYTC-CYBMUJFWSA-N,,C19H24N4O4,372.17975524800005,372.425,372.179755,0,27,0,0,2,0,0,0,0,generated_polyurethane_fragment,source_defined_high,PUR-GEN source fragment with 3 units,virtual_polyurethane_fragment,2,True,rdkit_validated,canonical_unique,,reaction_rule_generated,candidate_fragment_3d,Gold-V,admitted_reference,0.0,,purgen-fragment-audit-v1,2026.03.4
purgen_u3_078,source_zenodo_11612378_purgen_fragments,3_units/PU_78,doi:10.5281/zenodo.11612378#1.PUR-GEN/3_units/PU_78.mol2,PUR-GEN 3-unit fragment 78,Cc1ccc(NC(=O)OCCCCO)cc1NC(=O)OCCCCO,Cc1ccc(NC(=O)OCCCCO)cc1NC(=O)OCCCCO,BWHMTKUPZXZSGB-UHFFFAOYSA-N,,C17H26N2O6,354.17908655199994,354.403,354.179087,0,25,0,2,0,0,0,0,0,generated_polyurethane_fragment,source_defined_high,PUR-GEN source fragment with 3 units,virtual_polyurethane_fragment,2,True,rdkit_validated,canonical_unique,,reaction_rule_generated,candidate_fragment_3d,Gold-V,admitted_reference,0.0,,purgen-fragment-audit-v1,2026.03.4
purgen_u3_079,source_zenodo_11612378_purgen_fragments,3_units/PU_79,doi:10.5281/zenodo.11612378#1.PUR-GEN/3_units/PU_79.mol2,PUR-GEN 3-unit fragment 79,Cc1ccc(NC(=O)OCCCCOC(=O)Nc2ccc(C)c(N)c2)cc1N,Cc1ccc(NC(=O)OCCCCOC(=O)Nc2ccc(C)c(N)c2)cc1N,PPRUEFRMFAGLMC-UHFFFAOYSA-N,,C20H26N4O4,386.19540531200005,386.452,386.195405,0,28,0,0,2,0,0,0,0,generated_polyurethane_fragment,source_defined_high,PUR-GEN source fragment with 3 units,virtual_polyurethane_fragment,2,True,rdkit_validated,canonical_unique,,reaction_rule_generated,candidate_fragment_3d,Gold-V,admitted_reference,0.0,,purgen-fragment-audit-v1,2026.03.4
purgen_u3_080,source_zenodo_11612378_purgen_fragments,3_units/PU_80,doi:10.5281/zenodo.11612378#1.PUR-GEN/3_units/PU_80.mol2,PUR-GEN 3-unit fragment 80,Cc1ccc(NC(=O)OCC(C)(C)CO)cc1NC(=O)OCC(C)(C)CO,Cc1ccc(NC(=O)OCC(C)(C)CO)cc1NC(=O)OCC(C)(C)CO,XROBMTGFEWQNIX-UHFFFAOYSA-N,,C19H30N2O6,382.21038667999994,382.457,382.210387,0,27,0,2,0,0,0,0,0,generated_polyurethane_fragment,source_defined_high,PUR-GEN source fragment with 3 units,virtual_polyurethane_fragment,2,True,rdkit_validated,canonical_unique,,reaction_rule_generated,candidate_fragment_3d,Gold-V,admitted_reference,0.0,,purgen-fragment-audit-v1,2026.03.4
purgen_u3_081,source_zenodo_11612378_purgen_fragments,3_units/PU_81,doi:10.5281/zenodo.11612378#1.PUR-GEN/3_units/PU_81.mol2,PUR-GEN 3-unit fragment 81,Cc1ccc(NC(=O)OCC(C)(C)COC(=O)Nc2ccc(C)c(N)c2)cc1N,Cc1ccc(NC(=O)OCC(C)(C)COC(=O)Nc2ccc(C)c(N)c2)cc1N,SCTJIMKCANKQAR-UHFFFAOYSA-N,,C21H28N4O4,400.21105537600005,400.479,400.211055,0,29,0,0,2,0,0,0,0,generated_polyurethane_fragment,source_defined_high,PUR-GEN source fragment with 3 units,virtual_polyurethane_fragment,2,True,rdkit_validated,canonical_unique,,reaction_rule_generated,candidate_fragment_3d,Gold-V,admitted_reference,0.0,,purgen-fragment-audit-v1,2026.03.4
purgen_u3_082,source_zenodo_11612378_purgen_fragments,3_units/PU_82,doi:10.5281/zenodo.11612378#1.PUR-GEN/3_units/PU_82.mol2,PUR-GEN 3-unit fragment 82,COC(=O)COC(=O)Nc1ccc(C)c(NC(=O)OCC(=O)OC)c1,COC(=O)COC(=O)Nc1ccc(C)c(NC(=O)OCC(=O)OC)c1,HLRAYXPDWPMMCK-UHFFFAOYSA-N,,C15H18N2O8,354.10631553599995,354.315,354.106316,0,25,0,0,0,0,0,0,0,generated_polyurethane_fragment,source_defined_high,PUR-GEN source fragment with 3 units,virtual_polyurethane_fragment,2,True,rdkit_validated,canonical_unique,,reaction_rule_generated,candidate_fragment_3d,Gold-V,admitted_reference,0.0,,purgen-fragment-audit-v1,2026.03.4
purgen_u3_083,source_zenodo_11612378_purgen_fragments,3_units/PU_83,doi:10.5281/zenodo.11612378#1.PUR-GEN/3_units/PU_83.mol2,PUR-GEN 3-unit fragment 83,CCOC(=O)COC(=O)Nc1ccc(C)c(NC(=O)OCC(=O)OCC)c1,CCOC(=O)COC(=O)Nc1ccc(C)c(NC(=O)OCC(=O)OCC)c1,OZBVZLFYAPCESH-UHFFFAOYSA-N,,C17H22N2O8,382.13761566399995,382.369,382.137616,0,27,0,0,0,0,0,0,0,generated_polyurethane_fragment,source_defined_high,PUR-GEN source fragment with 3 units,virtual_polyurethane_fragment,2,True,rdkit_validated,canonical_unique,,reaction_rule_generated,candidate_fragment_3d,Gold-V,admitted_reference,0.0,,purgen-fragment-audit-v1,2026.03.4
purgen_u3_084,source_zenodo_11612378_purgen_fragments,3_units/PU_84,doi:10.5281/zenodo.11612378#1.PUR-GEN/3_units/PU_84.mol2,PUR-GEN 3-unit fragment 84,CCCCOC(=O)COC(=O)Nc1ccc(C)c(NC(=O)OCC(=O)OCCCC)c1,CCCCOC(=O)COC(=O)Nc1ccc(C)c(NC(=O)OCC(=O)OCCCC)c1,WYBBNLWDOZNZFZ-UHFFFAOYSA-N,,C21H30N2O8,438.2002159199999,438.477,438.200216,0,31,0,0,0,0,0,0,0,generated_polyurethane_fragment,source_defined_high,PUR-GEN source fragment with 3 units,virtual_polyurethane_fragment,2,True,rdkit_validated,canonical_unique,,reaction_rule_generated,candidate_fragment_3d,Gold-V,admitted_reference,0.0,,purgen-fragment-audit-v1,2026.03.4
purgen_u3_085,source_zenodo_11612378_purgen_fragments,3_units/PU_85,doi:10.5281/zenodo.11612378#1.PUR-GEN/3_units/PU_85.mol2,PUR-GEN 3-unit fragment 85,Cc1ccc(NC(=O)OC(C)C(=O)OCCC(C)C)cc1NC(=O)OC(C)C(=O)OCCC(C)C,Cc1ccc(NC(=O)O[C@@H](C)C(=O)OCCC(C)C)cc1NC(=O)O[C@@H](C)C(=O)OCCC(C)C,XAYVCJAYRUUHSP-OALUTQOASA-N,,C25H38N2O8,494.2628161759999,494.585,494.262816,0,35,0,0,0,0,0,0,0,generated_polyurethane_fragment,source_defined_high,PUR-GEN source fragment with 3 units,virtual_polyurethane_fragment,2,True,rdkit_validated,canonical_unique,,reaction_rule_generated,candidate_fragment_3d,Gold-V,admitted_reference,0.0,,purgen-fragment-audit-v1,2026.03.4
purgen_u3_086,source_zenodo_11612378_purgen_fragments,3_units/PU_86,doi:10.5281/zenodo.11612378#1.PUR-GEN/3_units/PU_86.mol2,PUR-GEN 3-unit fragment 86,Cc1ccc(NC(=O)OCCOCCO)cc1NC(=O)OCCOCCO,Cc1ccc(NC(=O)OCCOCCO)cc1NC(=O)OCCOCCO,OLYQPHLZVHXEHK-UHFFFAOYSA-N,,C17H26N2O8,386.1689157919999,386.401,386.168916,0,27,0,2,0,0,0,0,0,generated_polyurethane_fragment,source_defined_high,PUR-GEN source fragment with 3 units,virtual_polyurethane_fragment,2,True,rdkit_validated,canonical_unique,,reaction_rule_generated,candidate_fragment_3d,Gold-V,admitted_reference,0.0,,purgen-fragment-audit-v1,2026.03.4
purgen_u3_087,source_zenodo_11612378_purgen_fragments,3_units/PU_87,doi:10.5281/zenodo.11612378#1.PUR-GEN/3_units/PU_87.mol2,PUR-GEN 3-unit fragment 87,Cc1ccc(NC(=O)OC(C)COC(C)CO)cc1NC(=O)OC(C)COC(C)CO,Cc1ccc(NC(=O)O[C@@H](C)CO[C@@H](C)CO)cc1NC(=O)O[C@@H](C)CO[C@@H](C)CO,BYZCOTDWJOTZIN-QAETUUGQSA-N,,C21H34N2O8,442.2315160479999,442.509,442.231516,0,31,0,2,0,0,0,0,0,generated_polyurethane_fragment,source_defined_high,PUR-GEN source fragment with 3 units,virtual_polyurethane_fragment,2,True,rdkit_validated,canonical_unique,,reaction_rule_generated,candidate_fragment_3d,Gold-V,admitted_reference,0.0,,purgen-fragment-audit-v1,2026.03.4
purgen_u3_088,source_zenodo_11612378_purgen_fragments,3_units/PU_88,doi:10.5281/zenodo.11612378#1.PUR-GEN/3_units/PU_88.mol2,PUR-GEN 3-unit fragment 88,Cc1ccc(NC(=O)O[C@H](C)CO[C@H](C)COC[C@H](C)OCC[C@@H](C)O)cc1NC(=O)O[C@H](C)CO[C@H](C)COC[C@H](C)OCC[C@@H](C)O,Cc1ccc(NC(=O)O[C@H](C)CO[C@H](C)COC[C@H](C)OCC[C@@H](C)O)cc1NC(=O)O[C@H](C)CO[C@H](C)COC[C@H](C)OCC[C@@H](C)O,LNCOZDKWCYXBMC-GDNHLSJESA-N,,C35H62N2O12,702.430275424,702.883,702.430275,0,49,0,2,0,0,0,0,0,generated_polyurethane_fragment,source_defined_high,PUR-GEN source fragment with 3 units,virtual_polyurethane_fragment,2,True,rdkit_validated,canonical_unique,,reaction_rule_generated,candidate_fragment_3d,Gold-V,admitted_reference,0.0,,purgen-fragment-audit-v1,2026.03.4
purgen_u3_089,source_zenodo_11612378_purgen_fragments,3_units/PU_89,doi:10.5281/zenodo.11612378#1.PUR-GEN/3_units/PU_89.mol2,PUR-GEN 3-unit fragment 89,COC(=O)Nc1cccc(NC(=O)OC)c1C,COC(=O)Nc1cccc(NC(=O)OC)c1C,JNNLWOJZIPJIQG-UHFFFAOYSA-N,,C11H14N2O4,238.095356928,238.243,238.095357,0,17,0,0,0,0,0,0,0,generated_polyurethane_fragment,source_defined_high,PUR-GEN source fragment with 3 units,virtual_polyurethane_fragment,2,True,rdkit_validated,canonical_unique,,reaction_rule_generated,candidate_fragment_3d,Gold-V,admitted_reference,0.0,,purgen-fragment-audit-v1,2026.03.4
purgen_u3_090,source_zenodo_11612378_purgen_fragments,3_units/PU_90,doi:10.5281/zenodo.11612378#1.PUR-GEN/3_units/PU_90.mol2,PUR-GEN 3-unit fragment 90,CCOC(=O)Nc1cccc(NC(=O)OCC)c1C,CCOC(=O)Nc1cccc(NC(=O)OCC)c1C,QNJPOHYCQROUCT-UHFFFAOYSA-N,,C13H18N2O4,266.126657056,266.297,266.126657,0,19,0,0,0,0,0,0,0,generated_polyurethane_fragment,source_defined_high,PUR-GEN source fragment with 3 units,virtual_polyurethane_fragment,2,True,rdkit_validated,canonical_unique,,reaction_rule_generated,candidate_fragment_3d,Gold-V,admitted_reference,0.0,,purgen-fragment-audit-v1,2026.03.4
purgen_u3_091,source_zenodo_11612378_purgen_fragments,3_units/PU_91,doi:10.5281/zenodo.11612378#1.PUR-GEN/3_units/PU_91.mol2,PUR-GEN 3-unit fragment 91,CCCOC(=O)Nc1cccc(NC(=O)OCCC)c1C,CCCOC(=O)Nc1cccc(NC(=O)OCCC)c1C,SXGRDJVGWDVBPG-UHFFFAOYSA-N,,C15H22N2O4,294.157957184,294.351,294.157957,0,21,0,0,0,0,0,0,0,generated_polyurethane_fragment,source_defined_high,PUR-GEN source fragment with 3 units,virtual_polyurethane_fragment,2,True,rdkit_validated,canonical_unique,,reaction_rule_generated,candidate_fragment_3d,Gold-V,admitted_reference,0.0,,purgen-fragment-audit-v1,2026.03.4
purgen_u3_092,source_zenodo_11612378_purgen_fragments,3_units/PU_92,doi:10.5281/zenodo.11612378#1.PUR-GEN/3_units/PU_92.mol2,PUR-GEN 3-unit fragment 92,CCCCOC(=O)Nc1cccc(NC(=O)OCCCC)c1C,CCCCOC(=O)Nc1cccc(NC(=O)OCCCC)c1C,AGIKINZLPGZPSN-UHFFFAOYSA-N,,C17H26N2O4,322.189257312,322.405,322.189257,0,23,0,0,0,0,0,0,0,generated_polyurethane_fragment,source_defined_high,PUR-GEN source fragment with 3 units,virtual_polyurethane_fragment,2,True,rdkit_validated,canonical_unique,,reaction_rule_generated,candidate_fragment_3d,Gold-V,admitted_reference,0.0,,purgen-fragment-audit-v1,2026.03.4
purgen_u3_093,source_zenodo_11612378_purgen_fragments,3_units/PU_93,doi:10.5281/zenodo.11612378#1.PUR-GEN/3_units/PU_93.mol2,PUR-GEN 3-unit fragment 93,CCCCCOC(=O)Nc1cccc(NC(=O)OCCCCC)c1C,CCCCCOC(=O)Nc1cccc(NC(=O)OCCCCC)c1C,SKCOAZIBWHCHHJ-UHFFFAOYSA-N,,C19H30N2O4,350.22055744,350.459,350.220557,0,25,0,0,0,0,0,0,0,generated_polyurethane_fragment,source_defined_high,PUR-GEN source fragment with 3 units,virtual_polyurethane_fragment,2,True,rdkit_validated,canonical_unique,,reaction_rule_generated,candidate_fragment_3d,Gold-V,admitted_reference,0.0,,purgen-fragment-audit-v1,2026.03.4
purgen_u3_094,source_zenodo_11612378_purgen_fragments,3_units/PU_94,doi:10.5281/zenodo.11612378#1.PUR-GEN/3_units/PU_94.mol2,PUR-GEN 3-unit fragment 94,Cc1c(NC(=O)OCCO)cccc1NC(=O)OCCO,Cc1c(NC(=O)OCCO)cccc1NC(=O)OCCO,HLUAPOGEPMEDES-UHFFFAOYSA-N,,C13H18N2O6,298.11648629599995,298.295,298.116486,0,21,0,2,0,0,0,0,0,generated_polyurethane_fragment,source_defined_high,PUR-GEN source fragment with 3 units,virtual_polyurethane_fragment,2,True,rdkit_validated,canonical_unique,,reaction_rule_generated,candidate_fragment_3d,Gold-V,admitted_reference,0.0,,purgen-fragment-audit-v1,2026.03.4
purgen_u3_095,source_zenodo_11612378_purgen_fragments,3_units/PU_95,doi:10.5281/zenodo.11612378#1.PUR-GEN/3_units/PU_95.mol2,PUR-GEN 3-unit fragment 95,Cc1c(N)cccc1NC(=O)OCCOC(=O)Nc1cccc(N)c1C,Cc1c(N)cccc1NC(=O)OCCOC(=O)Nc1cccc(N)c1C,BUZZGBUSYINDQU-UHFFFAOYSA-N,,C18H22N4O4,358.16410518400005,358.398,358.164105,0,26,0,0,2,0,0,0,0,generated_polyurethane_fragment,source_defined_high,PUR-GEN source fragment with 3 units,virtual_polyurethane_fragment,2,True,rdkit_validated,canonical_unique,,reaction_rule_generated,candidate_fragment_3d,Gold-V,admitted_reference,0.0,,purgen-fragment-audit-v1,2026.03.4
purgen_u3_096,source_zenodo_11612378_purgen_fragments,3_units/PU_96,doi:10.5281/zenodo.11612378#1.PUR-GEN/3_units/PU_96.mol2,PUR-GEN 3-unit fragment 96,Cc1c(NC(=O)OC(C)CO)cccc1NC(=O)OC(C)CO,Cc1c(NC(=O)O[C@@H](C)CO)cccc1NC(=O)O[C@@H](C)CO,SUTALBYKITZEHJ-UWVGGRQHSA-N,,C15H22N2O6,326.14778642399995,326.349,326.147786,0,23,0,2,0,0,0,0,0,generated_polyurethane_fragment,source_defined_high,PUR-GEN source fragment with 3 units,virtual_polyurethane_fragment,2,True,rdkit_validated,canonical_unique,,reaction_rule_generated,candidate_fragment_3d,Gold-V,admitted_reference,0.0,,purgen-fragment-audit-v1,2026.03.4
purgen_u3_097,source_zenodo_11612378_purgen_fragments,3_units/PU_97,doi:10.5281/zenodo.11612378#1.PUR-GEN/3_units/PU_97.mol2,PUR-GEN 3-unit fragment 97,Cc1c(N)cccc1NC(=O)OCC(C)OC(=O)Nc1cccc(N)c1C,Cc1c(N)cccc1NC(=O)OC[C@@H](C)OC(=O)Nc1cccc(N)c1C,VPYGLWSFAJHQBH-LLVKDONJSA-N,,C19H24N4O4,372.17975524800005,372.425,372.179755,0,27,0,0,2,0,0,0,0,generated_polyurethane_fragment,source_defined_high,PUR-GEN source fragment with 3 units,virtual_polyurethane_fragment,2,True,rdkit_validated,canonical_unique,,reaction_rule_generated,candidate_fragment_3d,Gold-V,admitted_reference,0.0,,purgen-fragment-audit-v1,2026.03.4
purgen_u3_098,source_zenodo_11612378_purgen_fragments,3_units/PU_98,doi:10.5281/zenodo.11612378#1.PUR-GEN/3_units/PU_98.mol2,PUR-GEN 3-unit fragment 98,Cc1c(NC(=O)OCCCCO)cccc1NC(=O)OCCCCO,Cc1c(NC(=O)OCCCCO)cccc1NC(=O)OCCCCO,MENDMAIUVSXJDJ-UHFFFAOYSA-N,,C17H26N2O6,354.17908655199994,354.403,354.179087,0,25,0,2,0,0,0,0,0,generated_polyurethane_fragment,source_defined_high,PUR-GEN source fragment with 3 units,virtual_polyurethane_fragment,2,True,rdkit_validated,canonical_unique,,reaction_rule_generated,candidate_fragment_3d,Gold-V,admitted_reference,0.0,,purgen-fragment-audit-v1,2026.03.4
purgen_u3_099,source_zenodo_11612378_purgen_fragments,3_units/PU_99,doi:10.5281/zenodo.11612378#1.PUR-GEN/3_units/PU_99.mol2,PUR-GEN 3-unit fragment 99,Cc1c(N)cccc1NC(=O)OCCCCOC(=O)Nc1cccc(N)c1C,Cc1c(N)cccc1NC(=O)OCCCCOC(=O)Nc1cccc(N)c1C,PXSRWYCWJWSGSE-UHFFFAOYSA-N,,C20H26N4O4,386.19540531200005,386.452,386.195405,0,28,0,0,2,0,0,0,0,generated_polyurethane_fragment,source_defined_high,PUR-GEN source fragment with 3 units,virtual_polyurethane_fragment,2,True,rdkit_validated,canonical_unique,,reaction_rule_generated,candidate_fragment_3d,Gold-V,admitted_reference,0.0,,purgen-fragment-audit-v1,2026.03.4
purgen_u3_100,source_zenodo_11612378_purgen_fragments,3_units/PU_100,doi:10.5281/zenodo.11612378#1.PUR-GEN/3_units/PU_100.mol2,PUR-GEN 3-unit fragment 100,Cc1c(NC(=O)OCC(C)(C)CO)cccc1NC(=O)OCC(C)(C)CO,Cc1c(NC(=O)OCC(C)(C)CO)cccc1NC(=O)OCC(C)(C)CO,MESJLWGPCPVCRK-UHFFFAOYSA-N,,C19H30N2O6,382.21038667999994,382.457,382.210387,0,27,0,2,0,0,0,0,0,generated_polyurethane_fragment,source_defined_high,PUR-GEN source fragment with 3 units,virtual_polyurethane_fragment,2,True,rdkit_validated,canonical_unique,,reaction_rule_generated,candidate_fragment_3d,Gold-V,admitted_reference,0.0,,purgen-fragment-audit-v1,2026.03.4
purgen_u3_101,source_zenodo_11612378_purgen_fragments,3_units/PU_101,doi:10.5281/zenodo.11612378#1.PUR-GEN/3_units/PU_101.mol2,PUR-GEN 3-unit fragment 101,Cc1c(N)cccc1NC(=O)OCC(C)(C)COC(=O)Nc1cccc(N)c1C,Cc1c(N)cccc1NC(=O)OCC(C)(C)COC(=O)Nc1cccc(N)c1C,UBESIZFFBPDFFM-UHFFFAOYSA-N,,C21H28N4O4,400.21105537600005,400.479,400.211055,0,29,0,0,2,0,0,0,0,generated_polyurethane_fragment,source_defined_high,PUR-GEN source fragment with 3 units,virtual_polyurethane_fragment,2,True,rdkit_validated,canonical_unique,,reaction_rule_generated,candidate_fragment_3d,Gold-V,admitted_reference,0.0,,purgen-fragment-audit-v1,2026.03.4
purgen_u3_102,source_zenodo_11612378_purgen_fragments,3_units/PU_102,doi:10.5281/zenodo.11612378#1.PUR-GEN/3_units/PU_102.mol2,PUR-GEN 3-unit fragment 102,COC(=O)COC(=O)Nc1cccc(NC(=O)OCC(=O)OC)c1C,COC(=O)COC(=O)Nc1cccc(NC(=O)OCC(=O)OC)c1C,WOUNUVDBKQWKSI-UHFFFAOYSA-N,,C15H18N2O8,354.10631553599995,354.315,354.106316,0,25,0,0,0,0,0,0,0,generated_polyurethane_fragment,source_defined_high,PUR-GEN source fragment with 3 units,virtual_polyurethane_fragment,2,True,rdkit_validated,canonical_unique,,reaction_rule_generated,candidate_fragment_3d,Gold-V,admitted_reference,0.0,,purgen-fragment-audit-v1,2026.03.4
purgen_u3_103,source_zenodo_11612378_purgen_fragments,3_units/PU_103,doi:10.5281/zenodo.11612378#1.PUR-GEN/3_units/PU_103.mol2,PUR-GEN 3-unit fragment 103,CCOC(=O)COC(=O)Nc1cccc(NC(=O)OCC(=O)OCC)c1C,CCOC(=O)COC(=O)Nc1cccc(NC(=O)OCC(=O)OCC)c1C,SDGDYFFGRQWFAP-UHFFFAOYSA-N,,C17H22N2O8,382.13761566399995,382.369,382.137616,0,27,0,0,0,0,0,0,0,generated_polyurethane_fragment,source_defined_high,PUR-GEN source fragment with 3 units,virtual_polyurethane_fragment,2,True,rdkit_validated,canonical_unique,,reaction_rule_generated,candidate_fragment_3d,Gold-V,admitted_reference,0.0,,purgen-fragment-audit-v1,2026.03.4
purgen_u3_104,source_zenodo_11612378_purgen_fragments,3_units/PU_104,doi:10.5281/zenodo.11612378#1.PUR-GEN/3_units/PU_104.mol2,PUR-GEN 3-unit fragment 104,CCCCOC(=O)COC(=O)Nc1cccc(NC(=O)OCC(=O)OCCCC)c1C,CCCCOC(=O)COC(=O)Nc1cccc(NC(=O)OCC(=O)OCCCC)c1C,SWDWITGMMCUVOD-UHFFFAOYSA-N,,C21H30N2O8,438.2002159199999,438.477,438.200216,0,31,0,0,0,0,0,0,0,generated_polyurethane_fragment,source_defined_high,PUR-GEN source fragment with 3 units,virtual_polyurethane_fragment,2,True,rdkit_validated,canonical_unique,,reaction_rule_generated,candidate_fragment_3d,Gold-V,admitted_reference,0.0,,purgen-fragment-audit-v1,2026.03.4
purgen_u3_105,source_zenodo_11612378_purgen_fragments,3_units/PU_105,doi:10.5281/zenodo.11612378#1.PUR-GEN/3_units/PU_105.mol2,PUR-GEN 3-unit fragment 105,Cc1c(NC(=O)OC(C)C(=O)OCCC(C)C)cccc1NC(=O)OC(C)C(=O)OCCC(C)C,Cc1c(NC(=O)O[C@@H](C)C(=O)OCCC(C)C)cccc1NC(=O)O[C@@H](C)C(=O)OCCC(C)C,SBZRBYIACOZXND-OALUTQOASA-N,,C25H38N2O8,494.2628161759999,494.585,494.262816,0,35,0,0,0,0,0,0,0,generated_polyurethane_fragment,source_defined_high,PUR-GEN source fragment with 3 units,virtual_polyurethane_fragment,2,True,rdkit_validated,canonical_unique,,reaction_rule_generated,candidate_fragment_3d,Gold-V,admitted_reference,0.0,,purgen-fragment-audit-v1,2026.03.4
purgen_u3_106,source_zenodo_11612378_purgen_fragments,3_units/PU_106,doi:10.5281/zenodo.11612378#1.PUR-GEN/3_units/PU_106.mol2,PUR-GEN 3-unit fragment 106,Cc1c(NC(=O)OCCOCCO)cccc1NC(=O)OCCOCCO,Cc1c(NC(=O)OCCOCCO)cccc1NC(=O)OCCOCCO,UMLWGCDEMDRCOB-UHFFFAOYSA-N,,C17H26N2O8,386.1689157919999,386.401,386.168916,0,27,0,2,0,0,0,0,0,generated_polyurethane_fragment,source_defined_high,PUR-GEN source fragment with 3 units,virtual_polyurethane_fragment,2,True,rdkit_validated,canonical_unique,,reaction_rule_generated,candidate_fragment_3d,Gold-V,admitted_reference,0.0,,purgen-fragment-audit-v1,2026.03.4
purgen_u3_107,source_zenodo_11612378_purgen_fragments,3_units/PU_107,doi:10.5281/zenodo.11612378#1.PUR-GEN/3_units/PU_107.mol2,PUR-GEN 3-unit fragment 107,Cc1c(NC(=O)OC(C)COC(C)CO)cccc1NC(=O)OC(C)COC(C)CO,Cc1c(NC(=O)O[C@@H](C)CO[C@@H](C)CO)cccc1NC(=O)O[C@@H](C)CO[C@@H](C)CO,XYORDJOFGTUOLX-VGWMRTNUSA-N,,C21H34N2O8,442.2315160479999,442.509,442.231516,0,31,0,2,0,0,0,0,0,generated_polyurethane_fragment,source_defined_high,PUR-GEN source fragment with 3 units,virtual_polyurethane_fragment,2,True,rdkit_validated,canonical_unique,,reaction_rule_generated,candidate_fragment_3d,Gold-V,admitted_reference,0.0,,purgen-fragment-audit-v1,2026.03.4
purgen_u3_108,source_zenodo_11612378_purgen_fragments,3_units/PU_108,doi:10.5281/zenodo.11612378#1.PUR-GEN/3_units/PU_108.mol2,PUR-GEN 3-unit fragment 108,Cc1c(NC(=O)O[C@H](C)CO[C@H](C)COC[C@H](C)OCC[C@@H](C)O)cccc1NC(=O)O[C@H](C)CO[C@H](C)COC[C@H](C)OCC[C@@H](C)O,Cc1c(NC(=O)O[C@H](C)CO[C@H](C)COC[C@H](C)OCC[C@@H](C)O)cccc1NC(=O)O[C@H](C)CO[C@H](C)COC[C@H](C)OCC[C@@H](C)O,DJBIGVUIZGYCKJ-ZXVNYVLWSA-N,,C35H62N2O12,702.430275424,702.883,702.430275,0,49,0,2,0,0,0,0,0,generated_polyurethane_fragment,source_defined_high,PUR-GEN source fragment with 3 units,virtual_polyurethane_fragment,2,True,rdkit_validated,canonical_unique,,reaction_rule_generated,candidate_fragment_3d,Gold-V,admitted_reference,0.0,,purgen-fragment-audit-v1,2026.03.4
purgen_u3_109,source_zenodo_11612378_purgen_fragments,3_units/PU_109,doi:10.5281/zenodo.11612378#1.PUR-GEN/3_units/PU_109.mol2,PUR-GEN 3-unit fragment 109,COC(=O)NCCCCCCNC(=O)OC,COC(=O)NCCCCCCNC(=O)OC,DXZCANUBKZARPR-UHFFFAOYSA-N,,C10H20N2O4,232.14230712,232.28,232.142307,0,16,0,0,0,0,0,0,0,generated_polyurethane_fragment,source_defined_high,PUR-GEN source fragment with 3 units,virtual_polyurethane_fragment,2,True,rdkit_validated,canonical_unique,,reaction_rule_generated,candidate_fragment_3d,Gold-V,admitted_reference,0.0,,purgen-fragment-audit-v1,2026.03.4
purgen_u3_110,source_zenodo_11612378_purgen_fragments,3_units/PU_110,doi:10.5281/zenodo.11612378#1.PUR-GEN/3_units/PU_110.mol2,PUR-GEN 3-unit fragment 110,CCOC(=O)NCCCCCCNC(=O)OCC,CCOC(=O)NCCCCCCNC(=O)OCC,FWKGEANWQNXYRM-UHFFFAOYSA-N,,C12H24N2O4,260.173607248,260.334,260.173607,0,18,0,0,0,0,0,0,0,generated_polyurethane_fragment,source_defined_high,PUR-GEN source fragment with 3 units,virtual_polyurethane_fragment,2,True,rdkit_validated,canonical_unique,,reaction_rule_generated,candidate_fragment_3d,Gold-V,admitted_reference,0.0,,purgen-fragment-audit-v1,2026.03.4
purgen_u3_111,source_zenodo_11612378_purgen_fragments,3_units/PU_111,doi:10.5281/zenodo.11612378#1.PUR-GEN/3_units/PU_111.mol2,PUR-GEN 3-unit fragment 111,CCCOC(=O)NCCCCCCNC(=O)OCCC,CCCOC(=O)NCCCCCCNC(=O)OCCC,MTUQBTMHQOTPRM-UHFFFAOYSA-N,,C14H28N2O4,288.204907376,288.388,288.204907,0,20,0,0,0,0,0,0,0,generated_polyurethane_fragment,source_defined_high,PUR-GEN source fragment with 3 units,virtual_polyurethane_fragment,2,True,rdkit_validated,canonical_unique,,reaction_rule_generated,candidate_fragment_3d,Gold-V,admitted_reference,0.0,,purgen-fragment-audit-v1,2026.03.4
purgen_u3_112,source_zenodo_11612378_purgen_fragments,3_units/PU_112,doi:10.5281/zenodo.11612378#1.PUR-GEN/3_units/PU_112.mol2,PUR-GEN 3-unit fragment 112,CCCCOC(=O)NCCCCCCNC(=O)OCCCC,CCCCOC(=O)NCCCCCCNC(=O)OCCCC,ILPOVPZIWGHRLX-UHFFFAOYSA-N,,C16H32N2O4,316.236207504,316.442,316.236208,0,22,0,0,0,0,0,0,0,generated_polyurethane_fragment,source_defined_high,PUR-GEN source fragment with 3 units,virtual_polyurethane_fragment,2,True,rdkit_validated,canonical_unique,,reaction_rule_generated,candidate_fragment_3d,Gold-V,admitted_reference,0.0,,purgen-fragment-audit-v1,2026.03.4
purgen_u3_113,source_zenodo_11612378_purgen_fragments,3_units/PU_113,doi:10.5281/zenodo.11612378#1.PUR-GEN/3_units/PU_113.mol2,PUR-GEN 3-unit fragment 113,CCCCCOC(=O)NCCCCCCNC(=O)OCCCCC,CCCCCOC(=O)NCCCCCCNC(=O)OCCCCC,WLDAUAQLYNYMIX-UHFFFAOYSA-N,,C18H36N2O4,344.267507632,344.496,344.267508,0,24,0,0,0,0,0,0,0,generated_polyurethane_fragment,source_defined_high,PUR-GEN source fragment with 3 units,virtual_polyurethane_fragment,2,True,rdkit_validated,canonical_unique,,reaction_rule_generated,candidate_fragment_3d,Gold-V,admitted_reference,0.0,,purgen-fragment-audit-v1,2026.03.4
purgen_u3_114,source_zenodo_11612378_purgen_fragments,3_units/PU_114,doi:10.5281/zenodo.11612378#1.PUR-GEN/3_units/PU_114.mol2,PUR-GEN 3-unit fragment 114,O=C(NCCCCCCNC(=O)OCCO)OCCO,O=C(NCCCCCCNC(=O)OCCO)OCCO,MUFHLECIHYAUAE-UHFFFAOYSA-N,,C12H24N2O6,292.163436488,292.332,292.163436,0,20,0,2,0,0,0,0,0,generated_polyurethane_fragment,source_defined_high,PUR-GEN source fragment with 3 units,virtual_polyurethane_fragment,2,True,rdkit_validated,canonical_unique,,reaction_rule_generated,candidate_fragment_3d,Gold-V,admitted_reference,0.0,,purgen-fragment-audit-v1,2026.03.4
purgen_u3_115,source_zenodo_11612378_purgen_fragments,3_units/PU_115,doi:10.5281/zenodo.11612378#1.PUR-GEN/3_units/PU_115.mol2,PUR-GEN 3-unit fragment 115,NCCCCCCNC(=O)OCCOC(=O)NCCCCCCN,NCCCCCCNC(=O)OCCOC(=O)NCCCCCCN,ABEFOFNFWJPFJC-UHFFFAOYSA-N,,C16H34N4O4,346.25800556800004,346.472,346.258006,0,24,0,0,2,0,0,0,0,generated_polyurethane_fragment,source_defined_high,PUR-GEN source fragment with 3 units,virtual_polyurethane_fragment,2,True,rdkit_validated,canonical_unique,,reaction_rule_generated,candidate_fragment_3d,Gold-V,admitted_reference,0.0,,purgen-fragment-audit-v1,2026.03.4
purgen_u3_116,source_zenodo_11612378_purgen_fragments,3_units/PU_116,doi:10.5281/zenodo.11612378#1.PUR-GEN/3_units/PU_116.mol2,PUR-GEN 3-unit fragment 116,CC(CO)OC(=O)NCCCCCCNC(=O)OC(C)CO,C[C@@H](CO)OC(=O)NCCCCCCNC(=O)O[C@@H](C)CO,LVBWYCSQQFRFOS-RYUDHWBXSA-N,,C14H28N2O6,320.19473661599994,320.386,320.194737,0,22,0,2,0,0,0,0,0,generated_polyurethane_fragment,source_defined_high,PUR-GEN source fragment with 3 units,virtual_polyurethane_fragment,2,True,rdkit_validated,canonical_unique,,reaction_rule_generated,candidate_fragment_3d,Gold-V,admitted_reference,0.0,,purgen-fragment-audit-v1,2026.03.4
purgen_u3_117,source_zenodo_11612378_purgen_fragments,3_units/PU_117,doi:10.5281/zenodo.11612378#1.PUR-GEN/3_units/PU_117.mol2,PUR-GEN 3-unit fragment 117,CC(COC(=O)NCCCCCCN)OC(=O)NCCCCCCN,C[C@@H](COC(=O)NCCCCCCN)OC(=O)NCCCCCCN,BOYINTCQZKWDKN-HNNXBMFYSA-N,,C17H36N4O4,360.27365563200004,360.499,360.273656,0,25,0,0,2,0,0,0,0,generated_polyurethane_fragment,source_defined_high,PUR-GEN source fragment with 3 units,virtual_polyurethane_fragment,2,True,rdkit_validated,canonical_unique,,reaction_rule_generated,candidate_fragment_3d,Gold-V,admitted_reference,0.0,,purgen-fragment-audit-v1,2026.03.4
purgen_u3_118,source_zenodo_11612378_purgen_fragments,3_units/PU_118,doi:10.5281/zenodo.11612378#1.PUR-GEN/3_units/PU_118.mol2,PUR-GEN 3-unit fragment 118,O=C(NCCCCCCNC(=O)OCCCCO)OCCCCO,O=C(NCCCCCCNC(=O)OCCCCO)OCCCCO,XXVXIPPJGSLKSX-UHFFFAOYSA-N,,C16H32N2O6,348.22603674399994,348.44,348.226037,0,24,0,2,0,0,0,0,0,generated_polyurethane_fragment,source_defined_high,PUR-GEN source fragment with 3 units,virtual_polyurethane_fragment,2,True,rdkit_validated,canonical_unique,,reaction_rule_generated,candidate_fragment_3d,Gold-V,admitted_reference,0.0,,purgen-fragment-audit-v1,2026.03.4
purgen_u3_119,source_zenodo_11612378_purgen_fragments,3_units/PU_119,doi:10.5281/zenodo.11612378#1.PUR-GEN/3_units/PU_119.mol2,PUR-GEN 3-unit fragment 119,NCCCCCCNC(=O)OCCCCOC(=O)NCCCCCCN,NCCCCCCNC(=O)OCCCCOC(=O)NCCCCCCN,OLOFRBXCYQWZJP-UHFFFAOYSA-N,,C18H38N4O4,374.28930569600004,374.526,374.289306,0,26,0,0,2,0,0,0,0,generated_polyurethane_fragment,source_defined_high,PUR-GEN source fragment with 3 units,virtual_polyurethane_fragment,2,True,rdkit_validated,canonical_unique,,reaction_rule_generated,candidate_fragment_3d,Gold-V,admitted_reference,0.0,,purgen-fragment-audit-v1,2026.03.4
purgen_u3_120,source_zenodo_11612378_purgen_fragments,3_units/PU_120,doi:10.5281/zenodo.11612378#1.PUR-GEN/3_units/PU_120.mol2,PUR-GEN 3-unit fragment 120,CC(C)(CO)COC(=O)NCCCCCCNC(=O)OCC(C)(C)CO,CC(C)(CO)COC(=O)NCCCCCCNC(=O)OCC(C)(C)CO,JIFOIMYESKUYRK-UHFFFAOYSA-N,,C18H36N2O6,376.25733687199994,376.494,376.257337,0,26,0,2,0,0,0,0,0,generated_polyurethane_fragment,source_defined_high,PUR-GEN source fragment with 3 units,virtual_polyurethane_fragment,2,True,rdkit_validated,canonical_unique,,reaction_rule_generated,candidate_fragment_3d,Gold-V,admitted_reference,0.0,,purgen-fragment-audit-v1,2026.03.4
purgen_u3_121,source_zenodo_11612378_purgen_fragments,3_units/PU_121,doi:10.5281/zenodo.11612378#1.PUR-GEN/3_units/PU_121.mol2,PUR-GEN 3-unit fragment 121,CC(C)(COC(=O)NCCCCCCN)COC(=O)NCCCCCCN,CC(C)(COC(=O)NCCCCCCN)COC(=O)NCCCCCCN,POPMZWZCXUBBEZ-UHFFFAOYSA-N,,C19H40N4O4,388.30495576000004,388.553,388.304956,0,27,0,0,2,0,0,0,0,generated_polyurethane_fragment,source_defined_high,PUR-GEN source fragment with 3 units,virtual_polyurethane_fragment,2,True,rdkit_validated,canonical_unique,,reaction_rule_generated,candidate_fragment_3d,Gold-V,admitted_reference,0.0,,purgen-fragment-audit-v1,2026.03.4
purgen_u3_122,source_zenodo_11612378_purgen_fragments,3_units/PU_122,doi:10.5281/zenodo.11612378#1.PUR-GEN/3_units/PU_122.mol2,PUR-GEN 3-unit fragment 122,COC(=O)COC(=O)NCCCCCCNC(=O)OCC(=O)OC,COC(=O)COC(=O)NCCCCCCNC(=O)OCC(=O)OC,WDQMPOCTVPCBSK-UHFFFAOYSA-N,,C14H24N2O8,348.15326572799995,348.352,348.153266,0,24,0,0,0,0,0,0,0,generated_polyurethane_fragment,source_defined_high,PUR-GEN source fragment with 3 units,virtual_polyurethane_fragment,2,True,rdkit_validated,canonical_unique,,reaction_rule_generated,candidate_fragment_3d,Gold-V,admitted_reference,0.0,,purgen-fragment-audit-v1,2026.03.4
purgen_u3_123,source_zenodo_11612378_purgen_fragments,3_units/PU_123,doi:10.5281/zenodo.11612378#1.PUR-GEN/3_units/PU_123.mol2,PUR-GEN 3-unit fragment 123,CCOC(=O)COC(=O)NCCCCCCNC(=O)OCC(=O)OCC,CCOC(=O)COC(=O)NCCCCCCNC(=O)OCC(=O)OCC,ARVGLJBJNQVNTK-UHFFFAOYSA-N,,C16H28N2O8,376.18456585599995,376.406,376.184566,0,26,0,0,0,0,0,0,0,generated_polyurethane_fragment,source_defined_high,PUR-GEN source fragment with 3 units,virtual_polyurethane_fragment,2,True,rdkit_validated,canonical_unique,,reaction_rule_generated,candidate_fragment_3d,Gold-V,admitted_reference,0.0,,purgen-fragment-audit-v1,2026.03.4
purgen_u3_124,source_zenodo_11612378_purgen_fragments,3_units/PU_124,doi:10.5281/zenodo.11612378#1.PUR-GEN/3_units/PU_124.mol2,PUR-GEN 3-unit fragment 124,CCCCOC(=O)COC(=O)NCCCCCCNC(=O)OCC(=O)OCCCC,CCCCOC(=O)COC(=O)NCCCCCCNC(=O)OCC(=O)OCCCC,IXWPCOOHLASMBZ-UHFFFAOYSA-N,,C20H36N2O8,432.2471661119999,432.514,432.247166,0,30,0,0,0,0,0,0,0,generated_polyurethane_fragment,source_defined_high,PUR-GEN source fragment with 3 units,virtual_polyurethane_fragment,2,True,rdkit_validated,canonical_unique,,reaction_rule_generated,candidate_fragment_3d,Gold-V,admitted_reference,0.0,,purgen-fragment-audit-v1,2026.03.4
purgen_u3_125,source_zenodo_11612378_purgen_fragments,3_units/PU_125,doi:10.5281/zenodo.11612378#1.PUR-GEN/3_units/PU_125.mol2,PUR-GEN 3-unit fragment 125,CC(C)CCOC(=O)C(C)OC(=O)NCCCCCCNC(=O)OC(C)C(=O)OCCC(C)C,CC(C)CCOC(=O)[C@H](C)OC(=O)NCCCCCCNC(=O)O[C@H](C)C(=O)OCCC(C)C,JEQNTOJFDVRQBG-BGYRXZFFSA-N,,C24H44N2O8,488.3097663679999,488.622,488.309766,0,34,0,0,0,0,0,0,0,generated_polyurethane_fragment,source_defined_high,PUR-GEN source fragment with 3 units,virtual_polyurethane_fragment,2,True,rdkit_validated,canonical_unique,,reaction_rule_generated,candidate_fragment_3d,Gold-V,admitted_reference,0.0,,purgen-fragment-audit-v1,2026.03.4
purgen_u3_126,source_zenodo_11612378_purgen_fragments,3_units/PU_126,doi:10.5281/zenodo.11612378#1.PUR-GEN/3_units/PU_126.mol2,PUR-GEN 3-unit fragment 126,O=C(NCCCCCCNC(=O)OCCOCCO)OCCOCCO,O=C(NCCCCCCNC(=O)OCCOCCO)OCCOCCO,ZTGFSVUXRAEIRE-UHFFFAOYSA-N,,C16H32N2O8,380.21586598399995,380.438,380.215866,0,26,0,2,0,0,0,0,0,generated_polyurethane_fragment,source_defined_high,PUR-GEN source fragment with 3 units,virtual_polyurethane_fragment,2,True,rdkit_validated,canonical_unique,,reaction_rule_generated,candidate_fragment_3d,Gold-V,admitted_reference,0.0,,purgen-fragment-audit-v1,2026.03.4
purgen_u3_127,source_zenodo_11612378_purgen_fragments,3_units/PU_127,doi:10.5281/zenodo.11612378#1.PUR-GEN/3_units/PU_127.mol2,PUR-GEN 3-unit fragment 127,CC(CO)OCC(C)OC(=O)NCCCCCCNC(=O)OC(C)COC(C)CO,C[C@H](CO[C@@H](C)CO)OC(=O)NCCCCCCNC(=O)O[C@@H](C)CO[C@@H](C)CO,ICNVVJBXWYCFBG-XLAORIBOSA-N,,C20H40N2O8,436.2784662399999,436.546,436.278466,0,30,0,2,0,0,0,0,0,generated_polyurethane_fragment,source_defined_high,PUR-GEN source fragment with 3 units,virtual_polyurethane_fragment,2,True,rdkit_validated,canonical_unique,,reaction_rule_generated,candidate_fragment_3d,Gold-V,admitted_reference,0.0,,purgen-fragment-audit-v1,2026.03.4
purgen_u3_128,source_zenodo_11612378_purgen_fragments,3_units/PU_128,doi:10.5281/zenodo.11612378#1.PUR-GEN/3_units/PU_128.mol2,PUR-GEN 3-unit fragment 128,C[C@@H](COC[C@@H](C)OC[C@@H](C)OC(=O)NCCCCCCNC(=O)O[C@H](C)CO[C@H](C)COC[C@H](C)OCC[C@@H](C)O)OCC[C@@H](C)O,C[C@H](COC[C@H](C)OCC[C@@H](C)O)OC[C@@H](C)OC(=O)NCCCCCCNC(=O)O[C@H](C)CO[C@H](C)COC[C@H](C)OCC[C@@H](C)O,DUVSMLWXALLINP-LYKROKSUSA-N,,C34H68N2O12,696.4772256159999,696.92,696.477226,0,48,0,2,0,0,0,0,0,generated_polyurethane_fragment,source_defined_high,PUR-GEN source fragment with 3 units,virtual_polyurethane_fragment,2,True,rdkit_validated,canonical_unique,,reaction_rule_generated,candidate_fragment_3d,Gold-V,admitted_reference,0.0,,purgen-fragment-audit-v1,2026.03.4
purgen_u3_129,source_zenodo_11612378_purgen_fragments,3_units/PU_129,doi:10.5281/zenodo.11612378#1.PUR-GEN/3_units/PU_129.mol2,PUR-GEN 3-unit fragment 129,COC(=O)NCC1(C)CC(NC(=O)OC)CC(C)(C)C1,COC(=O)NC[C@]1(C)C[C@@H](NC(=O)OC)CC(C)(C)C1,BAMOLHXSXMKLAA-IINYFYTJSA-N,,C14H26N2O4,286.189257312,286.372,286.189257,0,20,0,0,0,0,0,0,0,generated_polyurethane_fragment,source_defined_high,PUR-GEN source fragment with 3 units,virtual_polyurethane_fragment,2,True,rdkit_validated,canonical_unique,,reaction_rule_generated,candidate_fragment_3d,Gold-V,admitted_reference,0.0,,purgen-fragment-audit-v1,2026.03.4
purgen_u3_130,source_zenodo_11612378_purgen_fragments,3_units/PU_130,doi:10.5281/zenodo.11612378#1.PUR-GEN/3_units/PU_130.mol2,PUR-GEN 3-unit fragment 130,CCOC(=O)NCC1(C)CC(NC(=O)OCC)CC(C)(C)C1,CCOC(=O)NC[C@]1(C)C[C@@H](NC(=O)OCC)CC(C)(C)C1,FBJXFMGDCCZQHZ-BLLLJJGKSA-N,,C16H30N2O4,314.22055744,314.426,314.220557,0,22,0,0,0,0,0,0,0,generated_polyurethane_fragment,source_defined_high,PUR-GEN source fragment with 3 units,virtual_polyurethane_fragment,2,True,rdkit_validated,canonical_unique,,reaction_rule_generated,candidate_fragment_3d,Gold-V,admitted_reference,0.0,,purgen-fragment-audit-v1,2026.03.4
purgen_u3_131,source_zenodo_11612378_purgen_fragments,3_units/PU_131,doi:10.5281/zenodo.11612378#1.PUR-GEN/3_units/PU_131.mol2,PUR-GEN 3-unit fragment 131,CCCOC(=O)NCC1(C)CC(NC(=O)OCCC)CC(C)(C)C1,CCCOC(=O)NC[C@]1(C)C[C@@H](NC(=O)OCCC)CC(C)(C)C1,GSTSIZAGGDKQSV-KBXCAEBGSA-N,,C18H34N2O4,342.251857568,342.48,342.251858,0,24,0,0,0,0,0,0,0,generated_polyurethane_fragment,source_defined_high,PUR-GEN source fragment with 3 units,virtual_polyurethane_fragment,2,True,rdkit_validated,canonical_unique,,reaction_rule_generated,candidate_fragment_3d,Gold-V,admitted_reference,0.0,,purgen-fragment-audit-v1,2026.03.4
purgen_u3_132,source_zenodo_11612378_purgen_fragments,3_units/PU_132,doi:10.5281/zenodo.11612378#1.PUR-GEN/3_units/PU_132.mol2,PUR-GEN 3-unit fragment 132,CCCCOC(=O)NCC1(C)CC(NC(=O)OCCCC)CC(C)(C)C1,CCCCOC(=O)NC[C@]1(C)C[C@@H](NC(=O)OCCCC)CC(C)(C)C1,DUAXEFJRDGQLLU-OXJNMPFZSA-N,,C20H38N2O4,370.283157696,370.534,370.283158,0,26,0,0,0,0,0,0,0,generated_polyurethane_fragment,source_defined_high,PUR-GEN source fragment with 3 units,virtual_polyurethane_fragment,2,True,rdkit_validated,canonical_unique,,reaction_rule_generated,candidate_fragment_3d,Gold-V,admitted_reference,0.0,,purgen-fragment-audit-v1,2026.03.4
purgen_u3_133,source_zenodo_11612378_purgen_fragments,3_units/PU_133,doi:10.5281/zenodo.11612378#1.PUR-GEN/3_units/PU_133.mol2,PUR-GEN 3-unit fragment 133,CCCCCOC(=O)NCC1(C)CC(NC(=O)OCCCCC)CC(C)(C)C1,CCCCCOC(=O)NC[C@]1(C)C[C@@H](NC(=O)OCCCCC)CC(C)(C)C1,SLFLQKJIFGXDLR-PGRDOPGGSA-N,,C22H42N2O4,398.314457824,398.588,398.314458,0,28,0,0,0,0,0,0,0,generated_polyurethane_fragment,source_defined_high,PUR-GEN source fragment with 3 units,virtual_polyurethane_fragment,2,True,rdkit_validated,canonical_unique,,reaction_rule_generated,candidate_fragment_3d,Gold-V,admitted_reference,0.0,,purgen-fragment-audit-v1,2026.03.4
purgen_u3_134,source_zenodo_11612378_purgen_fragments,3_units/PU_134,doi:10.5281/zenodo.11612378#1.PUR-GEN/3_units/PU_134.mol2,PUR-GEN 3-unit fragment 134,CC1(C)CC(NC(=O)OCCO)CC(C)(CNC(=O)OCCO)C1,CC1(C)C[C@@H](NC(=O)OCCO)C[C@@](C)(CNC(=O)OCCO)C1,MLAVLIFFVXWBKT-MLGOLLRUSA-N,,C16H30N2O6,346.21038667999994,346.424,346.210387,0,24,0,2,0,0,0,0,0,generated_polyurethane_fragment,source_defined_high,PUR-GEN source fragment with 3 units,virtual_polyurethane_fragment,2,True,rdkit_validated,canonical_unique,,reaction_rule_generated,candidate_fragment_3d,Gold-V,admitted_reference,0.0,,purgen-fragment-audit-v1,2026.03.4
purgen_u3_135,source_zenodo_11612378_purgen_fragments,3_units/PU_135,doi:10.5281/zenodo.11612378#1.PUR-GEN/3_units/PU_135.mol2,PUR-GEN 3-unit fragment 135,CC1(C)CC(NC(=O)OCCOC(=O)NC2CC(C)(C)CC(C)(CN)C2)CC(C)(CN)C1,CC1(C)C[C@@H](NC(=O)OCCOC(=O)N[C@@H]2CC(C)(C)C[C@](C)(CN)C2)C[C@](C)(CN)C1,XNCARMQVEAIWBM-IMWWXNSKSA-N,,C24H46N4O4,454.35190595200004,454.656,454.351906,0,32,0,0,2,0,0,0,0,generated_polyurethane_fragment,source_defined_high,PUR-GEN source fragment with 3 units,virtual_polyurethane_fragment,2,True,rdkit_validated,canonical_unique,,reaction_rule_generated,candidate_fragment_3d,Gold-V,admitted_reference,0.0,,purgen-fragment-audit-v1,2026.03.4
purgen_u3_136,source_zenodo_11612378_purgen_fragments,3_units/PU_136,doi:10.5281/zenodo.11612378#1.PUR-GEN/3_units/PU_136.mol2,PUR-GEN 3-unit fragment 136,CC(CO)OC(=O)NCC1(C)CC(NC(=O)OC(C)CO)CC(C)(C)C1,C[C@@H](CO)OC(=O)NC[C@]1(C)C[C@@H](NC(=O)O[C@@H](C)CO)CC(C)(C)C1,LHVWLZCDXKYTGK-WZTLGTBRSA-N,,C18H34N2O6,374.24168680799994,374.478,374.241687,0,26,0,2,0,0,0,0,0,generated_polyurethane_fragment,source_defined_high,PUR-GEN source fragment with 3 units,virtual_polyurethane_fragment,2,True,rdkit_validated,canonical_unique,,reaction_rule_generated,candidate_fragment_3d,Gold-V,admitted_reference,0.0,,purgen-fragment-audit-v1,2026.03.4
purgen_u3_137,source_zenodo_11612378_purgen_fragments,3_units/PU_137,doi:10.5281/zenodo.11612378#1.PUR-GEN/3_units/PU_137.mol2,PUR-GEN 3-unit fragment 137,CC(COC(=O)NC1CC(C)(C)CC(C)(CN)C1)OC(=O)NC1CC(C)(C)CC(C)(CN)C1,C[C@@H](COC(=O)N[C@@H]1CC(C)(C)C[C@@](C)(CN)C1)OC(=O)N[C@@H]1CC(C)(C)C[C@@](C)(CN)C1,XXYVHQXPPOKDQU-PGPAFOMWSA-N,,C25H48N4O4,468.36755601600004,468.683,468.367556,0,33,0,0,2,0,0,0,0,generated_polyurethane_fragment,source_defined_high,PUR-GEN source fragment with 3 units,virtual_polyurethane_fragment,2,True,rdkit_validated,canonical_unique,,reaction_rule_generated,candidate_fragment_3d,Gold-V,admitted_reference,0.0,,purgen-fragment-audit-v1,2026.03.4
purgen_u3_138,source_zenodo_11612378_purgen_fragments,3_units/PU_138,doi:10.5281/zenodo.11612378#1.PUR-GEN/3_units/PU_138.mol2,PUR-GEN 3-unit fragment 138,CC1(C)CC(NC(=O)OCCCCO)CC(C)(CNC(=O)OCCCCO)C1,CC1(C)C[C@@H](NC(=O)OCCCCO)C[C@@](C)(CNC(=O)OCCCCO)C1,QSRSSFNHYPEHJI-OXQOHEQNSA-N,,C20H38N2O6,402.27298693599994,402.532,402.272987,0,28,0,2,0,0,0,0,0,generated_polyurethane_fragment,source_defined_high,PUR-GEN source fragment with 3 units,virtual_polyurethane_fragment,2,True,rdkit_validated,canonical_unique,,reaction_rule_generated,candidate_fragment_3d,Gold-V,admitted_reference,0.0,,purgen-fragment-audit-v1,2026.03.4
purgen_u3_139,source_zenodo_11612378_purgen_fragments,3_units/PU_139,doi:10.5281/zenodo.11612378#1.PUR-GEN/3_units/PU_139.mol2,PUR-GEN 3-unit fragment 139,CC1(C)CC(NC(=O)OCCCCOC(=O)NC2CC(C)(C)CC(C)(CN)C2)CC(C)(CN)C1,CC1(C)C[C@@H](NC(=O)OCCCCOC(=O)N[C@@H]2CC(C)(C)C[C@](C)(CN)C2)C[C@](C)(CN)C1,BPEWFNKDAXPGMR-JHESGUABSA-N,,C26H50N4O4,482.38320608000004,482.71,482.383206,0,34,0,0,2,0,0,0,0,generated_polyurethane_fragment,source_defined_high,PUR-GEN source fragment with 3 units,virtual_polyurethane_fragment,2,True,rdkit_validated,canonical_unique,,reaction_rule_generated,candidate_fragment_3d,Gold-V,admitted_reference,0.0,,purgen-fragment-audit-v1,2026.03.4
purgen_u3_140,source_zenodo_11612378_purgen_fragments,3_units/PU_140,doi:10.5281/zenodo.11612378#1.PUR-GEN/3_units/PU_140.mol2,PUR-GEN 3-unit fragment 140,CC(C)(CO)COC(=O)NCC1(C)CC(NC(=O)OCC(C)(C)CO)CC(C)(C)C1,CC(C)(CO)COC(=O)NC[C@]1(C)C[C@@H](NC(=O)OCC(C)(C)CO)CC(C)(C)C1,RSTUZEIENDJODS-KSFYIVLOSA-N,,C22H42N2O6,430.30428706399994,430.586,430.304287,0,30,0,2,0,0,0,0,0,generated_polyurethane_fragment,source_defined_high,PUR-GEN source fragment with 3 units,virtual_polyurethane_fragment,2,True,rdkit_validated,canonical_unique,,reaction_rule_generated,candidate_fragment_3d,Gold-V,admitted_reference,0.0,,purgen-fragment-audit-v1,2026.03.4
purgen_u3_141,source_zenodo_11612378_purgen_fragments,3_units/PU_141,doi:10.5281/zenodo.11612378#1.PUR-GEN/3_units/PU_141.mol2,PUR-GEN 3-unit fragment 141,CC(C)(COC(=O)NC1CC(C)(C)CC(C)(CN)C1)COC(=O)NC1CC(C)(C)CC(C)(CN)C1,CC(C)(COC(=O)N[C@@H]1CC(C)(C)C[C@@](C)(CN)C1)COC(=O)N[C@@H]1CC(C)(C)C[C@@](C)(CN)C1,BTRGVWVPHMILDK-LUZBNZRQSA-N,,C27H52N4O4,496.398856144,496.737,496.398856,0,35,0,0,2,0,0,0,0,generated_polyurethane_fragment,source_defined_high,PUR-GEN source fragment with 3 units,virtual_polyurethane_fragment,2,True,rdkit_validated,canonical_unique,,reaction_rule_generated,candidate_fragment_3d,Gold-V,admitted_reference,0.0,,purgen-fragment-audit-v1,2026.03.4
purgen_u3_142,source_zenodo_11612378_purgen_fragments,3_units/PU_142,doi:10.5281/zenodo.11612378#1.PUR-GEN/3_units/PU_142.mol2,PUR-GEN 3-unit fragment 142,COC(=O)COC(=O)NCC1(C)CC(NC(=O)OCC(=O)OC)CC(C)(C)C1,COC(=O)COC(=O)NC[C@]1(C)C[C@@H](NC(=O)OCC(=O)OC)CC(C)(C)C1,IDWZVZIOZZMUAZ-KPZWWZAWSA-N,,C18H30N2O8,402.20021591999995,402.444,402.200216,0,28,0,0,0,0,0,0,0,generated_polyurethane_fragment,source_defined_high,PUR-GEN source fragment with 3 units,virtual_polyurethane_fragment,2,True,rdkit_validated,canonical_unique,,reaction_rule_generated,candidate_fragment_3d,Gold-V,admitted_reference,0.0,,purgen-fragment-audit-v1,2026.03.4
purgen_u3_143,source_zenodo_11612378_purgen_fragments,3_units/PU_143,doi:10.5281/zenodo.11612378#1.PUR-GEN/3_units/PU_143.mol2,PUR-GEN 3-unit fragment 143,CCOC(=O)COC(=O)NCC1(C)CC(NC(=O)OCC(=O)OCC)CC(C)(C)C1,CCOC(=O)COC(=O)NC[C@]1(C)C[C@@H](NC(=O)OCC(=O)OCC)CC(C)(C)C1,ZPOUBPZJSSBKQD-VBKZILBWSA-N,,C20H34N2O8,430.23151604799995,430.498,430.231516,0,30,0,0,0,0,0,0,0,generated_polyurethane_fragment,source_defined_high,PUR-GEN source fragment with 3 units,virtual_polyurethane_fragment,2,True,rdkit_validated,canonical_unique,,reaction_rule_generated,candidate_fragment_3d,Gold-V,admitted_reference,0.0,,purgen-fragment-audit-v1,2026.03.4
purgen_u3_144,source_zenodo_11612378_purgen_fragments,3_units/PU_144,doi:10.5281/zenodo.11612378#1.PUR-GEN/3_units/PU_144.mol2,PUR-GEN 3-unit fragment 144,CCCCOC(=O)COC(=O)NCC1(C)CC(NC(=O)OCC(=O)OCCCC)CC(C)(C)C1,CCCCOC(=O)COC(=O)NC[C@]1(C)C[C@@H](NC(=O)OCC(=O)OCCCC)CC(C)(C)C1,LGGNOMYTXPGJIH-MHECFPHRSA-N,,C24H42N2O8,486.2941163039999,486.606,486.294116,0,34,0,0,0,0,0,0,0,generated_polyurethane_fragment,source_defined_high,PUR-GEN source fragment with 3 units,virtual_polyurethane_fragment,2,True,rdkit_validated,canonical_unique,,reaction_rule_generated,candidate_fragment_3d,Gold-V,admitted_reference,0.0,,purgen-fragment-audit-v1,2026.03.4
purgen_u3_145,source_zenodo_11612378_purgen_fragments,3_units/PU_145,doi:10.5281/zenodo.11612378#1.PUR-GEN/3_units/PU_145.mol2,PUR-GEN 3-unit fragment 145,CC(C)CCOC(=O)C(C)OC(=O)NCC1(C)CC(NC(=O)OC(C)C(=O)OCCC(C)C)CC(C)(C)C1,CC(C)CCOC(=O)[C@H](C)OC(=O)N[C@H]1CC(C)(C)C[C@](C)(CNC(=O)O[C@H](C)C(=O)OCCC(C)C)C1,MTVXEBNHVNFBPP-DCRAHPAHSA-N,,C28H50N2O8,542.3567165599999,542.714,542.356717,0,38,0,0,0,0,0,0,0,generated_polyurethane_fragment,source_defined_high,PUR-GEN source fragment with 3 units,virtual_polyurethane_fragment,2,True,rdkit_validated,canonical_unique,,reaction_rule_generated,candidate_fragment_3d,Gold-V,admitted_reference,0.0,,purgen-fragment-audit-v1,2026.03.4
purgen_u3_146,source_zenodo_11612378_purgen_fragments,3_units/PU_146,doi:10.5281/zenodo.11612378#1.PUR-GEN/3_units/PU_146.mol2,PUR-GEN 3-unit fragment 146,CC1(C)CC(NC(=O)OCCOCCO)CC(C)(CNC(=O)OCCOCCO)C1,CC1(C)C[C@@H](NC(=O)OCCOCCO)C[C@@](C)(CNC(=O)OCCOCCO)C1,JCTNKESCQQZJNC-OXQOHEQNSA-N,,C20H38N2O8,434.2628161759999,434.53,434.262816,0,30,0,2,0,0,0,0,0,generated_polyurethane_fragment,source_defined_high,PUR-GEN source fragment with 3 units,virtual_polyurethane_fragment,2,True,rdkit_validated,canonical_unique,,reaction_rule_generated,candidate_fragment_3d,Gold-V,admitted_reference,0.0,,purgen-fragment-audit-v1,2026.03.4
purgen_u3_147,source_zenodo_11612378_purgen_fragments,3_units/PU_147,doi:10.5281/zenodo.11612378#1.PUR-GEN/3_units/PU_147.mol2,PUR-GEN 3-unit fragment 147,CC(CO)OCC(C)OC(=O)NCC1(C)CC(NC(=O)OC(C)COC(C)CO)CC(C)(C)C1,C[C@H](CO[C@@H](C)CO)OC(=O)NC[C@]1(C)C[C@@H](NC(=O)O[C@@H](C)CO[C@@H](C)CO)CC(C)(C)C1,MUDQNCZPBREEEW-YRQDLBASSA-N,,C24H46N2O8,490.3254164319999,490.638,490.325416,0,34,0,2,0,0,0,0,0,generated_polyurethane_fragment,source_defined_high,PUR-GEN source fragment with 3 units,virtual_polyurethane_fragment,2,True,rdkit_validated,canonical_unique,,reaction_rule_generated,candidate_fragment_3d,Gold-V,admitted_reference,0.0,,purgen-fragment-audit-v1,2026.03.4
purgen_u3_148,source_zenodo_11612378_purgen_fragments,3_units/PU_148,doi:10.5281/zenodo.11612378#1.PUR-GEN/3_units/PU_148.mol2,PUR-GEN 3-unit fragment 148,C[C@@H](COC[C@@H](C)OC[C@@H](C)OC(=O)NCC1(C)CC(NC(=O)O[C@H](C)CO[C@H](C)COC[C@H](C)OCC[C@@H](C)O)CC(C)(C)C1)OCC[C@@H](C)O,C[C@H](COC[C@H](C)OCC[C@@H](C)O)OC[C@@H](C)OC(=O)NC[C@]1(C)C[C@@H](NC(=O)O[C@H](C)CO[C@H](C)COC[C@H](C)OCC[C@@H](C)O)CC(C)(C)C1,PZSYQIMLFRHTCD-AHGTWLQLSA-N,,C38H74N2O12,750.524175808,751.012,750.524176,0,52,0,2,0,0,0,0,0,generated_polyurethane_fragment,source_defined_high,PUR-GEN source fragment with 3 units,virtual_polyurethane_fragment,2,True,rdkit_validated,canonical_unique,,reaction_rule_generated,candidate_fragment_3d,Gold-V,admitted_reference,0.0,,purgen-fragment-audit-v1,2026.03.4
purgen_u3_149,source_zenodo_11612378_purgen_fragments,3_units/PU_149,doi:10.5281/zenodo.11612378#1.PUR-GEN/3_units/PU_149.mol2,PUR-GEN 3-unit fragment 149,COC(=O)NC1CCC(CC2CCC(NC(=O)OC)CC2)CC1,COC(=O)N[C@H]1CC[C@H](C[C@H]2CC[C@H](NC(=O)OC)CC2)CC1,KQDNPOILBBPBNT-KTSLABGISA-N,,C17H30N2O4,326.22055744,326.437,326.220557,0,23,0,0,0,0,0,0,0,generated_polyurethane_fragment,source_defined_high,PUR-GEN source fragment with 3 units,virtual_polyurethane_fragment,2,True,rdkit_validated,canonical_unique,,reaction_rule_generated,candidate_fragment_3d,Gold-V,admitted_reference,0.0,,purgen-fragment-audit-v1,2026.03.4
purgen_u3_150,source_zenodo_11612378_purgen_fragments,3_units/PU_150,doi:10.5281/zenodo.11612378#1.PUR-GEN/3_units/PU_150.mol2,PUR-GEN 3-unit fragment 150,CCOC(=O)NC1CCC(CC2CCC(NC(=O)OCC)CC2)CC1,CCOC(=O)N[C@H]1CC[C@H](C[C@H]2CC[C@H](NC(=O)OCC)CC2)CC1,ZWRZENRFKPUNFZ-GARHLSDISA-N,,C19H34N2O4,354.251857568,354.491,354.251858,0,25,0,0,0,0,0,0,0,generated_polyurethane_fragment,source_defined_high,PUR-GEN source fragment with 3 units,virtual_polyurethane_fragment,2,True,rdkit_validated,canonical_unique,,reaction_rule_generated,candidate_fragment_3d,Gold-V,admitted_reference,0.0,,purgen-fragment-audit-v1,2026.03.4
purgen_u3_151,source_zenodo_11612378_purgen_fragments,3_units/PU_151,doi:10.5281/zenodo.11612378#1.PUR-GEN/3_units/PU_151.mol2,PUR-GEN 3-unit fragment 151,CCCOC(=O)NC1CCC(CC2CCC(NC(=O)OCCC)CC2)CC1,CCCOC(=O)N[C@H]1CC[C@H](C[C@H]2CC[C@H](NC(=O)OCCC)CC2)CC1,DVCYEUDXTIMZTN-VVPTUSLJSA-N,,C21H38N2O4,382.283157696,382.545,382.283158,0,27,0,0,0,0,0,0,0,generated_polyurethane_fragment,source_defined_high,PUR-GEN source fragment with 3 units,virtual_polyurethane_fragment,2,True,rdkit_validated,canonical_unique,,reaction_rule_generated,candidate_fragment_3d,Gold-V,admitted_reference,0.0,,purgen-fragment-audit-v1,2026.03.4
purgen_u3_152,source_zenodo_11612378_purgen_fragments,3_units/PU_152,doi:10.5281/zenodo.11612378#1.PUR-GEN/3_units/PU_152.mol2,PUR-GEN 3-unit fragment 152,CCCCOC(=O)NC1CCC(CC2CCC(NC(=O)OCCCC)CC2)CC1,CCCCOC(=O)N[C@H]1CC[C@H](C[C@H]2CC[C@H](NC(=O)OCCCC)CC2)CC1,XPMSIFQMNOZZLL-IFSQOONMSA-N,,C23H42N2O4,410.314457824,410.599,410.314458,0,29,0,0,0,0,0,0,0,generated_polyurethane_fragment,source_defined_high,PUR-GEN source fragment with 3 units,virtual_polyurethane_fragment,2,True,rdkit_validated,canonical_unique,,reaction_rule_generated,candidate_fragment_3d,Gold-V,admitted_reference,0.0,,purgen-fragment-audit-v1,2026.03.4
purgen_u3_153,source_zenodo_11612378_purgen_fragments,3_units/PU_153,doi:10.5281/zenodo.11612378#1.PUR-GEN/3_units/PU_153.mol2,PUR-GEN 3-unit fragment 153,CCCCCOC(=O)NC1CCC(CC2CCC(NC(=O)OCCCCC)CC2)CC1,CCCCCOC(=O)N[C@H]1CC[C@H](C[C@H]2CC[C@H](NC(=O)OCCCCC)CC2)CC1,QVWDVDMLVOGBDS-KBQPQWKXSA-N,,C25H46N2O4,438.34575795199993,438.653,438.345758,0,31,0,0,0,0,0,0,0,generated_polyurethane_fragment,source_defined_high,PUR-GEN source fragment with 3 units,virtual_polyurethane_fragment,2,True,rdkit_validated,canonical_unique,,reaction_rule_generated,candidate_fragment_3d,Gold-V,admitted_reference,0.0,,purgen-fragment-audit-v1,2026.03.4
purgen_u3_154,source_zenodo_11612378_purgen_fragments,3_units/PU_154,doi:10.5281/zenodo.11612378#1.PUR-GEN/3_units/PU_154.mol2,PUR-GEN 3-unit fragment 154,O=C(NC1CCC(CC2CCC(NC(=O)OCCO)CC2)CC1)OCCO,O=C(N[C@H]1CC[C@H](C[C@H]2CC[C@H](NC(=O)OCCO)CC2)CC1)OCCO,VDYBPEVRDROBPW-GARHLSDISA-N,,C19H34N2O6,386.24168680799994,386.489,386.241687,0,27,0,2,0,0,0,0,0,generated_polyurethane_fragment,source_defined_high,PUR-GEN source fragment with 3 units,virtual_polyurethane_fragment,2,True,rdkit_validated,canonical_unique,,reaction_rule_generated,candidate_fragment_3d,Gold-V,admitted_reference,0.0,,purgen-fragment-audit-v1,2026.03.4
purgen_u3_155,source_zenodo_11612378_purgen_fragments,3_units/PU_155,doi:10.5281/zenodo.11612378#1.PUR-GEN/3_units/PU_155.mol2,PUR-GEN 3-unit fragment 155,NC1CCC(CC2CCC(NC(=O)OCCOC(=O)NC3CCC(CC4CCC(N)CC4)CC3)CC2)CC1,N[C@H]1CC[C@@H](C[C@H]2CC[C@@H](NC(=O)OCCOC(=O)N[C@H]3CC[C@@H](C[C@H]4CC[C@@H](N)CC4)CC3)CC2)CC1,HPDXRCFLZBNVFU-WOSUKEDTSA-N,,C30H54N4O4,534.414506208,534.786,534.414506,0,38,0,0,2,0,0,0,0,generated_polyurethane_fragment,source_defined_high,PUR-GEN source fragment with 3 units,virtual_polyurethane_fragment,2,True,rdkit_validated,canonical_unique,,reaction_rule_generated,candidate_fragment_3d,Gold-V,admitted_reference,0.0,,purgen-fragment-audit-v1,2026.03.4
purgen_u3_156,source_zenodo_11612378_purgen_fragments,3_units/PU_156,doi:10.5281/zenodo.11612378#1.PUR-GEN/3_units/PU_156.mol2,PUR-GEN 3-unit fragment 156,CC(CO)OC(=O)NC1CCC(CC2CCC(NC(=O)OC(C)CO)CC2)CC1,C[C@@H](CO)OC(=O)N[C@H]1CC[C@H](C[C@H]2CC[C@H](NC(=O)O[C@@H](C)CO)CC2)CC1,SVUGHOWNXSCHRN-DYKIIFRCSA-N,,C21H38N2O6,414.27298693599994,414.543,414.272987,0,29,0,2,0,0,0,0,0,generated_polyurethane_fragment,source_defined_high,PUR-GEN source fragment with 3 units,virtual_polyurethane_fragment,2,True,rdkit_validated,canonical_unique,,reaction_rule_generated,candidate_fragment_3d,Gold-V,admitted_reference,0.0,,purgen-fragment-audit-v1,2026.03.4
purgen_u3_157,source_zenodo_11612378_purgen_fragments,3_units/PU_157,doi:10.5281/zenodo.11612378#1.PUR-GEN/3_units/PU_157.mol2,PUR-GEN 3-unit fragment 157,CC(COC(=O)NC1CCC(CC2CCC(N)CC2)CC1)OC(=O)NC1CCC(CC2CCC(N)CC2)CC1,C[C@@H](COC(=O)N[C@H]1CC[C@H](C[C@H]2CC[C@H](N)CC2)CC1)OC(=O)N[C@H]1CC[C@H](C[C@H]2CC[C@H](N)CC2)CC1,LZLCNGSVBHOEOG-NVRHUXBUSA-N,,C31H56N4O4,548.430156272,548.813,548.430156,0,39,0,0,2,0,0,0,0,generated_polyurethane_fragment,source_defined_high,PUR-GEN source fragment with 3 units,virtual_polyurethane_fragment,2,True,rdkit_validated,canonical_unique,,reaction_rule_generated,candidate_fragment_3d,Gold-V,admitted_reference,0.0,,purgen-fragment-audit-v1,2026.03.4
purgen_u3_158,source_zenodo_11612378_purgen_fragments,3_units/PU_158,doi:10.5281/zenodo.11612378#1.PUR-GEN/3_units/PU_158.mol2,PUR-GEN 3-unit fragment 158,O=C(NC1CCC(CC2CCC(NC(=O)OCCCCO)CC2)CC1)OCCCCO,O=C(N[C@H]1CC[C@H](C[C@H]2CC[C@H](NC(=O)OCCCCO)CC2)CC1)OCCCCO,IZAIBWVVYGWREL-IFSQOONMSA-N,,C23H42N2O6,442.30428706399994,442.597,442.304287,0,31,0,2,0,0,0,0,0,generated_polyurethane_fragment,source_defined_high,PUR-GEN source fragment with 3 units,virtual_polyurethane_fragment,2,True,rdkit_validated,canonical_unique,,reaction_rule_generated,candidate_fragment_3d,Gold-V,admitted_reference,0.0,,purgen-fragment-audit-v1,2026.03.4
purgen_u3_159,source_zenodo_11612378_purgen_fragments,3_units/PU_159,doi:10.5281/zenodo.11612378#1.PUR-GEN/3_units/PU_159.mol2,PUR-GEN 3-unit fragment 159,NC1CCC(CC2CCC(NC(=O)OCCCCOC(=O)NC3CCC(CC4CCC(N)CC4)CC3)CC2)CC1,N[C@H]1CC[C@@H](C[C@H]2CC[C@@H](NC(=O)OCCCCOC(=O)N[C@H]3CC[C@@H](C[C@H]4CC[C@@H](N)CC4)CC3)CC2)CC1,QWPFLEOISKVHSD-OYZSEEQLSA-N,,C32H58N4O4,562.445806336,562.84,562.445806,0,40,0,0,2,0,0,0,0,generated_polyurethane_fragment,source_defined_high,PUR-GEN source fragment with 3 units,virtual_polyurethane_fragment,2,True,rdkit_validated,canonical_unique,,reaction_rule_generated,candidate_fragment_3d,Gold-V,admitted_reference,0.0,,purgen-fragment-audit-v1,2026.03.4
purgen_u3_160,source_zenodo_11612378_purgen_fragments,3_units/PU_160,doi:10.5281/zenodo.11612378#1.PUR-GEN/3_units/PU_160.mol2,PUR-GEN 3-unit fragment 160,CC(C)(CO)COC(=O)NC1CCC(CC2CCC(NC(=O)OCC(C)(C)CO)CC2)CC1,CC(C)(CO)COC(=O)N[C@H]1CC[C@H](C[C@H]2CC[C@H](NC(=O)OCC(C)(C)CO)CC2)CC1,BJXMIQBXRZYQRV-IFSQOONMSA-N,,C25H46N2O6,470.33558719199993,470.651,470.335587,0,33,0,2,0,0,0,0,0,generated_polyurethane_fragment,source_defined_high,PUR-GEN source fragment with 3 units,virtual_polyurethane_fragment,2,True,rdkit_validated,canonical_unique,,reaction_rule_generated,candidate_fragment_3d,Gold-V,admitted_reference,0.0,,purgen-fragment-audit-v1,2026.03.4
purgen_u3_161,source_zenodo_11612378_purgen_fragments,3_units/PU_161,doi:10.5281/zenodo.11612378#1.PUR-GEN/3_units/PU_161.mol2,PUR-GEN 3-unit fragment 161,CC(C)(COC(=O)NC1CCC(CC2CCC(N)CC2)CC1)COC(=O)NC1CCC(CC2CCC(N)CC2)CC1,CC(C)(COC(=O)N[C@H]1CC[C@H](C[C@H]2CC[C@H](N)CC2)CC1)COC(=O)N[C@H]1CC[C@H](C[C@H]2CC[C@H](N)CC2)CC1,QFJVZILKWPTQKC-HCLLEJJKSA-N,,C33H60N4O4,576.4614564,576.867,576.461456,0,41,0,0,2,0,0,0,0,generated_polyurethane_fragment,source_defined_high,PUR-GEN source fragment with 3 units,virtual_polyurethane_fragment,2,True,rdkit_validated,canonical_unique,,reaction_rule_generated,candidate_fragment_3d,Gold-V,admitted_reference,0.0,,purgen-fragment-audit-v1,2026.03.4
purgen_u3_162,source_zenodo_11612378_purgen_fragments,3_units/PU_162,doi:10.5281/zenodo.11612378#1.PUR-GEN/3_units/PU_162.mol2,PUR-GEN 3-unit fragment 162,COC(=O)COC(=O)NC1CCC(CC2CCC(NC(=O)OCC(=O)OC)CC2)CC1,COC(=O)COC(=O)N[C@H]1CC[C@H](C[C@H]2CC[C@H](NC(=O)OCC(=O)OC)CC2)CC1,JRGDCBNBFLHWHH-GARHLSDISA-N,,C21H34N2O8,442.2315160479999,442.509,442.231516,0,31,0,0,0,0,0,0,0,generated_polyurethane_fragment,source_defined_high,PUR-GEN source fragment with 3 units,virtual_polyurethane_fragment,2,True,rdkit_validated,canonical_unique,,reaction_rule_generated,candidate_fragment_3d,Gold-V,admitted_reference,0.0,,purgen-fragment-audit-v1,2026.03.4
purgen_u3_163,source_zenodo_11612378_purgen_fragments,3_units/PU_163,doi:10.5281/zenodo.11612378#1.PUR-GEN/3_units/PU_163.mol2,PUR-GEN 3-unit fragment 163,CCOC(=O)COC(=O)NC1CCC(CC2CCC(NC(=O)OCC(=O)OCC)CC2)CC1,CCOC(=O)COC(=O)N[C@H]1CC[C@H](C[C@H]2CC[C@H](NC(=O)OCC(=O)OCC)CC2)CC1,VRSHRHRTIVZYIA-VVPTUSLJSA-N,,C23H38N2O8,470.2628161759999,470.563,470.262816,0,33,0,0,0,0,0,0,0,generated_polyurethane_fragment,source_defined_high,PUR-GEN source fragment with 3 units,virtual_polyurethane_fragment,2,True,rdkit_validated,canonical_unique,,reaction_rule_generated,candidate_fragment_3d,Gold-V,admitted_reference,0.0,,purgen-fragment-audit-v1,2026.03.4
purgen_u3_164,source_zenodo_11612378_purgen_fragments,3_units/PU_164,doi:10.5281/zenodo.11612378#1.PUR-GEN/3_units/PU_164.mol2,PUR-GEN 3-unit fragment 164,CCCCOC(=O)COC(=O)NC1CCC(CC2CCC(NC(=O)OCC(=O)OCCCC)CC2)CC1,CCCCOC(=O)COC(=O)N[C@H]1CC[C@H](C[C@H]2CC[C@H](NC(=O)OCC(=O)OCCCC)CC2)CC1,VLTWOBKUOKWMDS-KBQPQWKXSA-N,,C27H46N2O8,526.3254164319999,526.671,526.325416,0,37,0,0,0,0,0,0,0,generated_polyurethane_fragment,source_defined_high,PUR-GEN source fragment with 3 units,virtual_polyurethane_fragment,2,True,rdkit_validated,canonical_unique,,reaction_rule_generated,candidate_fragment_3d,Gold-V,admitted_reference,0.0,,purgen-fragment-audit-v1,2026.03.4
purgen_u3_165,source_zenodo_11612378_purgen_fragments,3_units/PU_165,doi:10.5281/zenodo.11612378#1.PUR-GEN/3_units/PU_165.mol2,PUR-GEN 3-unit fragment 165,CC(C)CCOC(=O)C(C)OC(=O)NC1CCC(CC2CCC(NC(=O)OC(C)C(=O)OCCC(C)C)CC2)CC1,CC(C)CCOC(=O)[C@H](C)OC(=O)N[C@H]1CC[C@H](C[C@H]2CC[C@H](NC(=O)O[C@H](C)C(=O)OCCC(C)C)CC2)CC1,FYRVCKZDPASATP-TUEUDACVSA-N,,C31H54N2O8,582.388016688,582.779,582.388017,0,41,0,0,0,0,0,0,0,generated_polyurethane_fragment,source_defined_high,PUR-GEN source fragment with 3 units,virtual_polyurethane_fragment,2,True,rdkit_validated,canonical_unique,,reaction_rule_generated,candidate_fragment_3d,Gold-V,admitted_reference,0.0,,purgen-fragment-audit-v1,2026.03.4
purgen_u3_166,source_zenodo_11612378_purgen_fragments,3_units/PU_166,doi:10.5281/zenodo.11612378#1.PUR-GEN/3_units/PU_166.mol2,PUR-GEN 3-unit fragment 166,O=C(NC1CCC(CC2CCC(NC(=O)OCCOCCO)CC2)CC1)OCCOCCO,O=C(N[C@H]1CC[C@H](C[C@H]2CC[C@H](NC(=O)OCCOCCO)CC2)CC1)OCCOCCO,KMFLCDSOTHSQEA-IFSQOONMSA-N,,C23H42N2O8,474.2941163039999,474.595,474.294116,0,33,0,2,0,0,0,0,0,generated_polyurethane_fragment,source_defined_high,PUR-GEN source fragment with 3 units,virtual_polyurethane_fragment,2,True,rdkit_validated,canonical_unique,,reaction_rule_generated,candidate_fragment_3d,Gold-V,admitted_reference,0.0,,purgen-fragment-audit-v1,2026.03.4
purgen_u3_167,source_zenodo_11612378_purgen_fragments,3_units/PU_167,doi:10.5281/zenodo.11612378#1.PUR-GEN/3_units/PU_167.mol2,PUR-GEN 3-unit fragment 167,CC(CO)OCC(C)OC(=O)NC1CCC(CC2CCC(NC(=O)OC(C)COC(C)CO)CC2)CC1,C[C@H](CO[C@@H](C)CO)OC(=O)N[C@H]1CC[C@H](C[C@H]2CC[C@H](NC(=O)O[C@@H](C)CO[C@@H](C)CO)CC2)CC1,ORBWQJBMRZSEJP-UUHZKILRSA-N,,C27H50N2O8,530.3567165599999,530.703,530.356717,0,37,0,2,0,0,0,0,0,generated_polyurethane_fragment,source_defined_high,PUR-GEN source fragment with 3 units,virtual_polyurethane_fragment,2,True,rdkit_validated,canonical_unique,,reaction_rule_generated,candidate_fragment_3d,Gold-V,admitted_reference,0.0,,purgen-fragment-audit-v1,2026.03.4
purgen_u3_168,source_zenodo_11612378_purgen_fragments,3_units/PU_168,doi:10.5281/zenodo.11612378#1.PUR-GEN/3_units/PU_168.mol2,PUR-GEN 3-unit fragment 168,C[C@@H](COC[C@@H](C)OC[C@@H](C)OC(=O)NC1CCC(CC2CCC(NC(=O)O[C@H](C)CO[C@H](C)COC[C@H](C)OCC[C@@H](C)O)CC2)CC1)OCC[C@@H](C)O,C[C@H](COC[C@H](C)OCC[C@@H](C)O)OC[C@@H](C)OC(=O)N[C@H]1CC[C@H](C[C@H]2CC[C@H](NC(=O)O[C@H](C)CO[C@H](C)COC[C@H](C)OCC[C@@H](C)O)CC2)CC1,SMLXCIPVMKRSMF-ZNHXHRPXSA-N,,C41H78N2O12,790.555475936,791.077,790.555476,0,55,0,2,0,0,0,0,0,generated_polyurethane_fragment,source_defined_high,PUR-GEN source fragment with 3 units,virtual_polyurethane_fragment,2,True,rdkit_validated,canonical_unique,,reaction_rule_generated,candidate_fragment_3d,Gold-V,admitted_reference,0.0,,purgen-fragment-audit-v1,2026.03.4
purgen_u3_169,source_zenodo_11612378_purgen_fragments,3_units/PU_169,doi:10.5281/zenodo.11612378#1.PUR-GEN/3_units/PU_169.mol2,PUR-GEN 3-unit fragment 169,CNC(=O)OCCOCCOC(=O)NC,CNC(=O)OCCOCCOC(=O)NC,NEOOXKOQZZPOPJ-UHFFFAOYSA-N,,C8H16N2O5,,220.225,220.105922,0,15,0,0,0,0,0,0,0,generated_polyurethane_fragment,source_defined_high,PUR-GEN source fragment with 3 units,virtual_polyurethane_fragment,2,True,rdkit_validated,canonical_unique,,reaction_rule_generated,candidate_fragment_3d,Gold-V,admitted_reference,0.0,,purgen-fragment-audit-v1,2026.03.4
purgen_u3_170,source_zenodo_11612378_purgen_fragments,3_units/PU_170,doi:10.5281/zenodo.11612378#1.PUR-GEN/3_units/PU_170.mol2,PUR-GEN 3-unit fragment 170,CNC(=O)OC[C@@H](C)OC[C@@H](C)OC(=O)NC,CNC(=O)OC[C@@H](C)OC[C@@H](C)OC(=O)NC,UDULIRVVEBLLQK-HTQZYQBOSA-N,,C10H20N2O5,,248.279,248.137222,0,17,0,0,0,0,0,0,0,generated_polyurethane_fragment,source_defined_high,PUR-GEN source fragment with 3 units,virtual_polyurethane_fragment,2,True,rdkit_validated,canonical_unique,,reaction_rule_generated,candidate_fragment_3d,Gold-V,admitted_reference,0.0,,purgen-fragment-audit-v1,2026.03.4
purgen_u3_171,source_zenodo_11612378_purgen_fragments,3_units/PU_171,doi:10.5281/zenodo.11612378#1.PUR-GEN/3_units/PU_171.mol2,PUR-GEN 3-unit fragment 171,CNC(=O)O[C@H](C)CCO[C@@H](C)COC[C@@H](C)OC[C@@H](C)OC(=O)NC,CNC(=O)O[C@H](C)CCO[C@@H](C)COC[C@@H](C)OC[C@@H](C)OC(=O)NC,DAEYOMXQIKFNIZ-LXTVHRRPSA-N,,C17H34N2O7,,378.466,378.236601,0,26,0,0,0,0,0,0,0,generated_polyurethane_fragment,source_defined_high,PUR-GEN source fragment with 3 units,virtual_polyurethane_fragment,2,True,rdkit_validated,canonical_unique,,reaction_rule_generated,candidate_fragment_3d,Gold-V,admitted_reference,0.0,,purgen-fragment-audit-v1,2026.03.4
purgen_u3_172,source_zenodo_11612378_purgen_fragments,3_units/PU_172,doi:10.5281/zenodo.11612378#1.PUR-GEN/3_units/PU_172.mol2,PUR-GEN 3-unit fragment 172,O=C(NCc1ccccc1)OCCOCCOC(=O)NCc1ccccc1,O=C(NCc1ccccc1)OCCOCCOC(=O)NCc1ccccc1,XVFNUGZQARUFTM-UHFFFAOYSA-N,,C20H24N2O5,,372.421,372.168522,0,27,0,0,0,0,0,0,0,generated_polyurethane_fragment,source_defined_high,PUR-GEN source fragment with 3 units,virtual_polyurethane_fragment,2,True,rdkit_validated,canonical_unique,,reaction_rule_generated,candidate_fragment_3d,Gold-V,admitted_reference,0.0,,purgen-fragment-audit-v1,2026.03.4
purgen_u3_173,source_zenodo_11612378_purgen_fragments,3_units/PU_173,doi:10.5281/zenodo.11612378#1.PUR-GEN/3_units/PU_173.mol2,PUR-GEN 3-unit fragment 173,C[C@H](CO[C@@H](C)COC(=O)NCc1ccccc1)OC(=O)NCc1ccccc1,C[C@H](CO[C@@H](C)COC(=O)NCc1ccccc1)OC(=O)NCc1ccccc1,ADTAIFTUZZFJJK-ZWKOTPCHSA-N,,C22H28N2O5,,400.475,400.199822,0,29,0,0,0,0,0,0,0,generated_polyurethane_fragment,source_defined_high,PUR-GEN source fragment with 3 units,virtual_polyurethane_fragment,2,True,rdkit_validated,canonical_unique,,reaction_rule_generated,candidate_fragment_3d,Gold-V,admitted_reference,0.0,,purgen-fragment-audit-v1,2026.03.4
purgen_u3_174,source_zenodo_11612378_purgen_fragments,3_units/PU_174,doi:10.5281/zenodo.11612378#1.PUR-GEN/3_units/PU_174.mol2,PUR-GEN 3-unit fragment 174,C[C@H](COC[C@H](C)OCC[C@@H](C)OC(=O)NCc1ccccc1)OC[C@@H](C)OC(=O)NCc1ccccc1,C[C@H](COC[C@H](C)OCC[C@@H](C)OC(=O)NCc1ccccc1)OC[C@@H](C)OC(=O)NCc1ccccc1,KVIWSKAVOGJYIN-ZFFYZDHPSA-N,,C29H42N2O7,,530.662,530.299202,0,38,0,0,0,0,0,0,0,generated_polyurethane_fragment,source_defined_high,PUR-GEN source fragment with 3 units,virtual_polyurethane_fragment,2,True,rdkit_validated,canonical_unique,,reaction_rule_generated,candidate_fragment_3d,Gold-V,admitted_reference,0.0,,purgen-fragment-audit-v1,2026.03.4
purgen_u3_175,source_zenodo_11612378_purgen_fragments,3_units/PU_175,doi:10.5281/zenodo.11612378#1.PUR-GEN/3_units/PU_175.mol2,PUR-GEN 3-unit fragment 175,Nc1ccc(Cc2ccc(NC(=O)OCCOCCOC(=O)Nc3ccc(Cc4ccc(N)cc4)cc3)cc2)cc1,Nc1ccc(Cc2ccc(NC(=O)OCCOCCOC(=O)Nc3ccc(Cc4ccc(N)cc4)cc3)cc2)cc1,IUAHPSUUJJUKGX-UHFFFAOYSA-N,,C32H34N4O5,,554.647,554.25292,0,41,0,0,2,0,0,0,0,generated_polyurethane_fragment,source_defined_high,PUR-GEN source fragment with 3 units,virtual_polyurethane_fragment,2,True,rdkit_validated,canonical_unique,,reaction_rule_generated,candidate_fragment_3d,Gold-V,admitted_reference,0.0,,purgen-fragment-audit-v1,2026.03.4
purgen_u3_176,source_zenodo_11612378_purgen_fragments,3_units/PU_176,doi:10.5281/zenodo.11612378#1.PUR-GEN/3_units/PU_176.mol2,PUR-GEN 3-unit fragment 176,C[C@H](CO[C@@H](C)COC(=O)Nc1ccc(Cc2ccc(N)cc2)cc1)OC(=O)Nc1ccc(Cc2ccc(N)cc2)cc1,C[C@H](CO[C@@H](C)COC(=O)Nc1ccc(Cc2ccc(N)cc2)cc1)OC(=O)Nc1ccc(Cc2ccc(N)cc2)cc1,NHMQXVNTNZNCRS-BJKOFHAPSA-N,,C34H38N4O5,,582.701,582.28422,0,43,0,0,2,0,0,0,0,generated_polyurethane_fragment,source_defined_high,PUR-GEN source fragment with 3 units,virtual_polyurethane_fragment,2,True,rdkit_validated,canonical_unique,,reaction_rule_generated,candidate_fragment_3d,Gold-V,admitted_reference,0.0,,purgen-fragment-audit-v1,2026.03.4
purgen_u3_177,source_zenodo_11612378_purgen_fragments,3_units/PU_177,doi:10.5281/zenodo.11612378#1.PUR-GEN/3_units/PU_177.mol2,PUR-GEN 3-unit fragment 177,C[C@H](COC[C@H](C)OCC[C@@H](C)OC(=O)Nc1ccc(Cc2ccc(N)cc2)cc1)OC[C@@H](C)OC(=O)Nc1ccc(Cc2ccc(N)cc2)cc1,C[C@H](COC[C@H](C)OCC[C@@H](C)OC(=O)Nc1ccc(Cc2ccc(N)cc2)cc1)OC[C@@H](C)OC(=O)Nc1ccc(Cc2ccc(N)cc2)cc1,JXVOZWRPUPNKFP-YXOGWZJSSA-N,,C41H52N4O7,,712.888,712.3836,0,52,0,0,2,0,0,0,0,generated_polyurethane_fragment,source_defined_high,PUR-GEN source fragment with 3 units,virtual_polyurethane_fragment,2,True,rdkit_validated,canonical_unique,,reaction_rule_generated,candidate_fragment_3d,Gold-V,admitted_reference,0.0,,purgen-fragment-audit-v1,2026.03.4
purgen_u3_178,source_zenodo_11612378_purgen_fragments,3_units/PU_178,doi:10.5281/zenodo.11612378#1.PUR-GEN/3_units/PU_178.mol2,PUR-GEN 3-unit fragment 178,Nc1ccc(Cc2ccccc2NC(=O)OCCOCCOC(=O)Nc2ccccc2Cc2ccc(N)cc2)cc1,Nc1ccc(Cc2ccccc2NC(=O)OCCOCCOC(=O)Nc2ccccc2Cc2ccc(N)cc2)cc1,KUTDJOLTYDFHRO-UHFFFAOYSA-N,,C32H34N4O5,,554.647,554.25292,0,41,0,0,2,0,0,0,0,generated_polyurethane_fragment,source_defined_high,PUR-GEN source fragment with 3 units,virtual_polyurethane_fragment,2,True,rdkit_validated,canonical_unique,,reaction_rule_generated,candidate_fragment_3d,Gold-V,admitted_reference,0.0,,purgen-fragment-audit-v1,2026.03.4
purgen_u3_179,source_zenodo_11612378_purgen_fragments,3_units/PU_179,doi:10.5281/zenodo.11612378#1.PUR-GEN/3_units/PU_179.mol2,PUR-GEN 3-unit fragment 179,C[C@H](CO[C@@H](C)COC(=O)Nc1ccccc1Cc1ccc(N)cc1)OC(=O)Nc1ccccc1Cc1ccc(N)cc1,C[C@H](CO[C@@H](C)COC(=O)Nc1ccccc1Cc1ccc(N)cc1)OC(=O)Nc1ccccc1Cc1ccc(N)cc1,ZHXIMCJVMACDLY-BJKOFHAPSA-N,,C34H38N4O5,,582.701,582.28422,0,43,0,0,2,0,0,0,0,generated_polyurethane_fragment,source_defined_high,PUR-GEN source fragment with 3 units,virtual_polyurethane_fragment,2,True,rdkit_validated,canonical_unique,,reaction_rule_generated,candidate_fragment_3d,Gold-V,admitted_reference,0.0,,purgen-fragment-audit-v1,2026.03.4
purgen_u3_180,source_zenodo_11612378_purgen_fragments,3_units/PU_180,doi:10.5281/zenodo.11612378#1.PUR-GEN/3_units/PU_180.mol2,PUR-GEN 3-unit fragment 180,C[C@H](COC[C@H](C)OCC[C@@H](C)OC(=O)Nc1ccccc1Cc1ccc(N)cc1)OC[C@@H](C)OC(=O)Nc1ccccc1Cc1ccc(N)cc1,C[C@H](COC[C@H](C)OCC[C@@H](C)OC(=O)Nc1ccccc1Cc1ccc(N)cc1)OC[C@@H](C)OC(=O)Nc1ccccc1Cc1ccc(N)cc1,FSDBLYQVGJIOAF-YXOGWZJSSA-N,,C41H52N4O7,,712.888,712.3836,0,52,0,0,2,0,0,0,0,generated_polyurethane_fragment,source_defined_high,PUR-GEN source fragment with 3 units,virtual_polyurethane_fragment,2,True,rdkit_validated,canonical_unique,,reaction_rule_generated,candidate_fragment_3d,Gold-V,admitted_reference,0.0,,purgen-fragment-audit-v1,2026.03.4
purgen_u3_181,source_zenodo_11612378_purgen_fragments,3_units/PU_181,doi:10.5281/zenodo.11612378#1.PUR-GEN/3_units/PU_181.mol2,PUR-GEN 3-unit fragment 181,Nc1ccccc1Cc1ccccc1NC(=O)OCCOCCOC(=O)Nc1ccccc1Cc1ccccc1N,Nc1ccccc1Cc1ccccc1NC(=O)OCCOCCOC(=O)Nc1ccccc1Cc1ccccc1N,GFPPYNKQZFLRLT-UHFFFAOYSA-N,,C32H34N4O5,,554.647,554.25292,0,41,0,0,2,0,0,0,0,generated_polyurethane_fragment,source_defined_high,PUR-GEN source fragment with 3 units,virtual_polyurethane_fragment,2,True,rdkit_validated,canonical_unique,,reaction_rule_generated,candidate_fragment_3d,Gold-V,admitted_reference,0.0,,purgen-fragment-audit-v1,2026.03.4
purgen_u3_182,source_zenodo_11612378_purgen_fragments,3_units/PU_182,doi:10.5281/zenodo.11612378#1.PUR-GEN/3_units/PU_182.mol2,PUR-GEN 3-unit fragment 182,C[C@H](CO[C@@H](C)COC(=O)Nc1ccccc1Cc1ccccc1N)OC(=O)Nc1ccccc1Cc1ccccc1N,C[C@H](CO[C@@H](C)COC(=O)Nc1ccccc1Cc1ccccc1N)OC(=O)Nc1ccccc1Cc1ccccc1N,HKMSHUKRUSWRKB-BJKOFHAPSA-N,,C34H38N4O5,,582.701,582.28422,0,43,0,0,2,0,0,0,0,generated_polyurethane_fragment,source_defined_high,PUR-GEN source fragment with 3 units,virtual_polyurethane_fragment,2,True,rdkit_validated,canonical_unique,,reaction_rule_generated,candidate_fragment_3d,Gold-V,admitted_reference,0.0,,purgen-fragment-audit-v1,2026.03.4
purgen_u3_183,source_zenodo_11612378_purgen_fragments,3_units/PU_183,doi:10.5281/zenodo.11612378#1.PUR-GEN/3_units/PU_183.mol2,PUR-GEN 3-unit fragment 183,C[C@H](COC[C@H](C)OCC[C@@H](C)OC(=O)Nc1ccccc1Cc1ccccc1N)OC[C@@H](C)OC(=O)Nc1ccccc1Cc1ccccc1N,C[C@H](COC[C@H](C)OCC[C@@H](C)OC(=O)Nc1ccccc1Cc1ccccc1N)OC[C@@H](C)OC(=O)Nc1ccccc1Cc1ccccc1N,LJOYGYSOZHLEJS-YXOGWZJSSA-N,,C41H52N4O7,,712.888,712.3836,0,52,0,0,2,0,0,0,0,generated_polyurethane_fragment,source_defined_high,PUR-GEN source fragment with 3 units,virtual_polyurethane_fragment,2,True,rdkit_validated,canonical_unique,,reaction_rule_generated,candidate_fragment_3d,Gold-V,admitted_reference,0.0,,purgen-fragment-audit-v1,2026.03.4
purgen_u3_184,source_zenodo_11612378_purgen_fragments,3_units/PU_184,doi:10.5281/zenodo.11612378#1.PUR-GEN/3_units/PU_184.mol2,PUR-GEN 3-unit fragment 184,Cc1ccc(NC(=O)OCCOCCOC(=O)Nc2ccc(C)c(N)c2)cc1N,Cc1ccc(NC(=O)OCCOCCOC(=O)Nc2ccc(C)c(N)c2)cc1N,CJDLSGNEODLCEZ-UHFFFAOYSA-N,,C20H26N4O5,,402.451,402.19032,0,29,0,0,2,0,0,0,0,generated_polyurethane_fragment,source_defined_high,PUR-GEN source fragment with 3 units,virtual_polyurethane_fragment,2,True,rdkit_validated,canonical_unique,,reaction_rule_generated,candidate_fragment_3d,Gold-V,admitted_reference,0.0,,purgen-fragment-audit-v1,2026.03.4
purgen_u3_185,source_zenodo_11612378_purgen_fragments,3_units/PU_185,doi:10.5281/zenodo.11612378#1.PUR-GEN/3_units/PU_185.mol2,PUR-GEN 3-unit fragment 185,Cc1ccc(NC(=O)OC[C@@H](C)OC[C@@H](C)OC(=O)Nc2ccc(C)c(N)c2)cc1N,Cc1ccc(NC(=O)OC[C@@H](C)OC[C@@H](C)OC(=O)Nc2ccc(C)c(N)c2)cc1N,YXOQUUFUJNTLHT-HZPDHXFCSA-N,,C22H30N4O5,,430.505,430.22162,0,31,0,0,2,0,0,0,0,generated_polyurethane_fragment,source_defined_high,PUR-GEN source fragment with 3 units,virtual_polyurethane_fragment,2,True,rdkit_validated,canonical_unique,,reaction_rule_generated,candidate_fragment_3d,Gold-V,admitted_reference,0.0,,purgen-fragment-audit-v1,2026.03.4
purgen_u3_186,source_zenodo_11612378_purgen_fragments,3_units/PU_186,doi:10.5281/zenodo.11612378#1.PUR-GEN/3_units/PU_186.mol2,PUR-GEN 3-unit fragment 186,Cc1ccc(NC(=O)O[C@H](C)CCO[C@@H](C)COC[C@@H](C)OC[C@@H](C)OC(=O)Nc2ccc(C)c(N)c2)cc1N,Cc1ccc(NC(=O)O[C@H](C)CCO[C@@H](C)COC[C@@H](C)OC[C@@H](C)OC(=O)Nc2ccc(C)c(N)c2)cc1N,NALSJHJMEGWZRY-KAOXLYBCSA-N,,C29H44N4O7,,560.692,560.321,0,40,0,0,2,0,0,0,0,generated_polyurethane_fragment,source_defined_high,PUR-GEN source fragment with 3 units,virtual_polyurethane_fragment,2,True,rdkit_validated,canonical_unique,,reaction_rule_generated,candidate_fragment_3d,Gold-V,admitted_reference,0.0,,purgen-fragment-audit-v1,2026.03.4
purgen_u3_187,source_zenodo_11612378_purgen_fragments,3_units/PU_187,doi:10.5281/zenodo.11612378#1.PUR-GEN/3_units/PU_187.mol2,PUR-GEN 3-unit fragment 187,Cc1c(N)cccc1NC(=O)OCCOCCOC(=O)Nc1cccc(N)c1C,Cc1c(N)cccc1NC(=O)OCCOCCOC(=O)Nc1cccc(N)c1C,PVISOSKPRIFUOP-UHFFFAOYSA-N,,C20H26N4O5,,402.451,402.19032,0,29,0,0,2,0,0,0,0,generated_polyurethane_fragment,source_defined_high,PUR-GEN source fragment with 3 units,virtual_polyurethane_fragment,2,True,rdkit_validated,canonical_unique,,reaction_rule_generated,candidate_fragment_3d,Gold-V,admitted_reference,0.0,,purgen-fragment-audit-v1,2026.03.4
purgen_u3_188,source_zenodo_11612378_purgen_fragments,3_units/PU_188,doi:10.5281/zenodo.11612378#1.PUR-GEN/3_units/PU_188.mol2,PUR-GEN 3-unit fragment 188,Cc1c(N)cccc1NC(=O)OC[C@@H](C)OC[C@@H](C)OC(=O)Nc1cccc(N)c1C,Cc1c(N)cccc1NC(=O)OC[C@@H](C)OC[C@@H](C)OC(=O)Nc1cccc(N)c1C,IOMCGSXIOUDDKV-ZIAGYGMSSA-N,,C22H30N4O5,,430.505,430.22162,0,31,0,0,2,0,0,0,0,generated_polyurethane_fragment,source_defined_high,PUR-GEN source fragment with 3 units,virtual_polyurethane_fragment,2,True,rdkit_validated,canonical_unique,,reaction_rule_generated,candidate_fragment_3d,Gold-V,admitted_reference,0.0,,purgen-fragment-audit-v1,2026.03.4
purgen_u3_189,source_zenodo_11612378_purgen_fragments,3_units/PU_189,doi:10.5281/zenodo.11612378#1.PUR-GEN/3_units/PU_189.mol2,PUR-GEN 3-unit fragment 189,Cc1c(N)cccc1NC(=O)O[C@H](C)CCO[C@@H](C)COC[C@@H](C)OC[C@@H](C)OC(=O)Nc1cccc(N)c1C,Cc1c(N)cccc1NC(=O)O[C@H](C)CCO[C@@H](C)COC[C@@H](C)OC[C@@H](C)OC(=O)Nc1cccc(N)c1C,VINLNJKFTSWMKP-PLACYPQZSA-N,,C29H44N4O7,,560.692,560.321,0,40,0,0,2,0,0,0,0,generated_polyurethane_fragment,source_defined_high,PUR-GEN source fragment with 3 units,virtual_polyurethane_fragment,2,True,rdkit_validated,canonical_unique,,reaction_rule_generated,candidate_fragment_3d,Gold-V,admitted_reference,0.0,,purgen-fragment-audit-v1,2026.03.4
purgen_u3_190,source_zenodo_11612378_purgen_fragments,3_units/PU_190,doi:10.5281/zenodo.11612378#1.PUR-GEN/3_units/PU_190.mol2,PUR-GEN 3-unit fragment 190,NCCCCCCNC(=O)OCCOCCOC(=O)NCCCCCCN,NCCCCCCNC(=O)OCCOCCOC(=O)NCCCCCCN,IDEVLKZGIZIMEZ-UHFFFAOYSA-N,,C18H38N4O5,,390.525,390.28422,0,27,0,0,2,0,0,0,0,generated_polyurethane_fragment,source_defined_high,PUR-GEN source fragment with 3 units,virtual_polyurethane_fragment,2,True,rdkit_validated,canonical_unique,,reaction_rule_generated,candidate_fragment_3d,Gold-V,admitted_reference,0.0,,purgen-fragment-audit-v1,2026.03.4
purgen_u3_191,source_zenodo_11612378_purgen_fragments,3_units/PU_191,doi:10.5281/zenodo.11612378#1.PUR-GEN/3_units/PU_191.mol2,PUR-GEN 3-unit fragment 191,C[C@H](CO[C@@H](C)COC(=O)NCCCCCCN)OC(=O)NCCCCCCN,C[C@H](CO[C@@H](C)COC(=O)NCCCCCCN)OC(=O)NCCCCCCN,DAPSHBACCXSABZ-ZWKOTPCHSA-N,,C20H42N4O5,,418.579,418.31552,0,29,0,0,2,0,0,0,0,generated_polyurethane_fragment,source_defined_high,PUR-GEN source fragment with 3 units,virtual_polyurethane_fragment,2,True,rdkit_validated,canonical_unique,,reaction_rule_generated,candidate_fragment_3d,Gold-V,admitted_reference,0.0,,purgen-fragment-audit-v1,2026.03.4
purgen_u3_192,source_zenodo_11612378_purgen_fragments,3_units/PU_192,doi:10.5281/zenodo.11612378#1.PUR-GEN/3_units/PU_192.mol2,PUR-GEN 3-unit fragment 192,C[C@H](COC[C@H](C)OCC[C@@H](C)OC(=O)NCCCCCCN)OC[C@@H](C)OC(=O)NCCCCCCN,C[C@H](COC[C@H](C)OCC[C@@H](C)OC(=O)NCCCCCCN)OC[C@@H](C)OC(=O)NCCCCCCN,UHPRGUDUBXBTDL-ZFFYZDHPSA-N,,C27H56N4O7,,548.766,548.4149,0,38,0,0,2,0,0,0,0,generated_polyurethane_fragment,source_defined_high,PUR-GEN source fragment with 3 units,virtual_polyurethane_fragment,2,True,rdkit_validated,canonical_unique,,reaction_rule_generated,candidate_fragment_3d,Gold-V,admitted_reference,0.0,,purgen-fragment-audit-v1,2026.03.4
purgen_u3_193,source_zenodo_11612378_purgen_fragments,3_units/PU_193,doi:10.5281/zenodo.11612378#1.PUR-GEN/3_units/PU_193.mol2,PUR-GEN 3-unit fragment 193,CC1(C)C[C@@H](NC(=O)OCCOCCOC(=O)N[C@@H]2CC(C)(C)C[C@](C)(CN)C2)C[C@](C)(CN)C1,CC1(C)C[C@@H](NC(=O)OCCOCCOC(=O)N[C@@H]2CC(C)(C)C[C@](C)(CN)C2)C[C@](C)(CN)C1,HVZVABCBDXRFTQ-JHESGUABSA-N,,C26H50N4O5,,498.709,498.378121,0,35,0,0,2,0,0,0,0,generated_polyurethane_fragment,source_defined_high,PUR-GEN source fragment with 3 units,virtual_polyurethane_fragment,2,True,rdkit_validated,canonical_unique,,reaction_rule_generated,candidate_fragment_3d,Gold-V,admitted_reference,0.0,,purgen-fragment-audit-v1,2026.03.4
purgen_u3_194,source_zenodo_11612378_purgen_fragments,3_units/PU_194,doi:10.5281/zenodo.11612378#1.PUR-GEN/3_units/PU_194.mol2,PUR-GEN 3-unit fragment 194,C[C@H](CO[C@@H](C)COC(=O)N[C@@H]1CC(C)(C)C[C@@](C)(CN)C1)OC(=O)N[C@@H]1CC(C)(C)C[C@@](C)(CN)C1,C[C@H](CO[C@@H](C)COC(=O)N[C@@H]1CC(C)(C)C[C@@](C)(CN)C1)OC(=O)N[C@@H]1CC(C)(C)C[C@@](C)(CN)C1,BAADTRRTNHKNFY-GFRNWJEXSA-N,,C28H54N4O5,,526.763,526.409421,0,37,0,0,2,0,0,0,0,generated_polyurethane_fragment,source_defined_high,PUR-GEN source fragment with 3 units,virtual_polyurethane_fragment,2,True,rdkit_validated,canonical_unique,,reaction_rule_generated,candidate_fragment_3d,Gold-V,admitted_reference,0.0,,purgen-fragment-audit-v1,2026.03.4
purgen_u3_195,source_zenodo_11612378_purgen_fragments,3_units/PU_195,doi:10.5281/zenodo.11612378#1.PUR-GEN/3_units/PU_195.mol2,PUR-GEN 3-unit fragment 195,C[C@H](COC[C@H](C)OCC[C@@H](C)OC(=O)N[C@@H]1CC(C)(C)C[C@@](C)(CN)C1)OC[C@@H](C)OC(=O)N[C@@H]1CC(C)(C)C[C@@](C)(CN)C1,C[C@H](COC[C@H](C)OCC[C@@H](C)OC(=O)N[C@@H]1CC(C)(C)C[C@@](C)(CN)C1)OC[C@@H](C)OC(=O)N[C@@H]1CC(C)(C)C[C@@](C)(CN)C1,FUTXIEWZIDHUIA-SZLNPGLDSA-N,,C35H68N4O7,,656.95,656.508801,0,46,0,0,2,0,0,0,0,generated_polyurethane_fragment,source_defined_high,PUR-GEN source fragment with 3 units,virtual_polyurethane_fragment,2,True,rdkit_validated,canonical_unique,,reaction_rule_generated,candidate_fragment_3d,Gold-V,admitted_reference,0.0,,purgen-fragment-audit-v1,2026.03.4
purgen_u3_196,source_zenodo_11612378_purgen_fragments,3_units/PU_196,doi:10.5281/zenodo.11612378#1.PUR-GEN/3_units/PU_196.mol2,PUR-GEN 3-unit fragment 196,N[C@H]1CC[C@@H](C[C@H]2CC[C@@H](NC(=O)OCCOCCOC(=O)N[C@H]3CC[C@@H](C[C@H]4CC[C@@H](N)CC4)CC3)CC2)CC1,N[C@H]1CC[C@@H](C[C@H]2CC[C@@H](NC(=O)OCCOCCOC(=O)N[C@H]3CC[C@@H](C[C@H]4CC[C@@H](N)CC4)CC3)CC2)CC1,OPYSXQFMUAIORZ-OYZSEEQLSA-N,,C32H58N4O5,,578.839,578.440721,0,41,0,0,2,0,0,0,0,generated_polyurethane_fragment,source_defined_high,PUR-GEN source fragment with 3 units,virtual_polyurethane_fragment,2,True,rdkit_validated,canonical_unique,,reaction_rule_generated,candidate_fragment_3d,Gold-V,admitted_reference,0.0,,purgen-fragment-audit-v1,2026.03.4
purgen_u3_197,source_zenodo_11612378_purgen_fragments,3_units/PU_197,doi:10.5281/zenodo.11612378#1.PUR-GEN/3_units/PU_197.mol2,PUR-GEN 3-unit fragment 197,C[C@H](CO[C@@H](C)COC(=O)N[C@H]1CC[C@H](C[C@H]2CC[C@H](N)CC2)CC1)OC(=O)N[C@H]1CC[C@H](C[C@H]2CC[C@H](N)CC2)CC1,C[C@H](CO[C@@H](C)COC(=O)N[C@H]1CC[C@H](C[C@H]2CC[C@H](N)CC2)CC1)OC(=O)N[C@H]1CC[C@H](C[C@H]2CC[C@H](N)CC2)CC1,KPBQJKSCNPYWMM-OOJCLDBCSA-N,,C34H62N4O5,,606.893,606.472021,0,43,0,0,2,0,0,0,0,generated_polyurethane_fragment,source_defined_high,PUR-GEN source fragment with 3 units,virtual_polyurethane_fragment,2,True,rdkit_validated,canonical_unique,,reaction_rule_generated,candidate_fragment_3d,Gold-V,admitted_reference,0.0,,purgen-fragment-audit-v1,2026.03.4
purgen_u3_198,source_zenodo_11612378_purgen_fragments,3_units/PU_198,doi:10.5281/zenodo.11612378#1.PUR-GEN/3_units/PU_198.mol2,PUR-GEN 3-unit fragment 198,C[C@H](COC[C@H](C)OCC[C@@H](C)OC(=O)N[C@H]1CC[C@H](C[C@H]2CC[C@H](N)CC2)CC1)OC[C@@H](C)OC(=O)N[C@H]1CC[C@H](C[C@H]2CC[C@H](N)CC2)CC1,C[C@H](COC[C@H](C)OCC[C@@H](C)OC(=O)N[C@H]1CC[C@H](C[C@H]2CC[C@H](N)CC2)CC1)OC[C@@H](C)OC(=O)N[C@H]1CC[C@H](C[C@H]2CC[C@H](N)CC2)CC1,ZNDISKKCBXQRTH-ZENHPQPBSA-N,,C41H76N4O7,,737.08,736.571401,0,52,0,0,2,0,0,0,0,generated_polyurethane_fragment,source_defined_high,PUR-GEN source fragment with 3 units,virtual_polyurethane_fragment,2,True,rdkit_validated,canonical_unique,,reaction_rule_generated,candidate_fragment_3d,Gold-V,admitted_reference,0.0,,purgen-fragment-audit-v1,2026.03.4
purgen_u4_001,source_zenodo_11612378_purgen_fragments,4_units/PU_1,doi:10.5281/zenodo.11612378#1.PUR-GEN/4_units/PU_1.mol2,PUR-GEN 4-unit fragment 1,Nc1ccc(Cc2ccc(NC(=O)OCCOC(=O)Nc3ccc(Cc4ccc(NC(=O)OCCO)cc4)cc3)cc2)cc1,Nc1ccc(Cc2ccc(NC(=O)OCCOC(=O)Nc3ccc(Cc4ccc(NC(=O)OCCO)cc4)cc3)cc2)cc1,POYORYDOLLNZJA-UHFFFAOYSA-N,,C33H34N4O7,598.242749428,598.656,598.242749,0,44,0,1,1,0,0,0,0,generated_polyurethane_fragment,source_defined_high,PUR-GEN source fragment with 4 units,virtual_polyurethane_fragment,2,True,rdkit_validated,canonical_unique,,reaction_rule_generated,candidate_fragment_3d,Gold-V,admitted_reference,0.0,,purgen-fragment-audit-v1,2026.03.4
purgen_u4_002,source_zenodo_11612378_purgen_fragments,4_units/PU_2,doi:10.5281/zenodo.11612378#1.PUR-GEN/4_units/PU_2.mol2,PUR-GEN 4-unit fragment 2,CC(CO)OC(=O)Nc1ccc(Cc2ccc(NC(=O)OCC(C)OC(=O)Nc3ccc(Cc4ccc(N)cc4)cc3)cc2)cc1,C[C@H](COC(=O)Nc1ccc(Cc2ccc(NC(=O)O[C@@H](C)CO)cc2)cc1)OC(=O)Nc1ccc(Cc2ccc(N)cc2)cc1,OMVWHBPGFIPKBZ-BJKOFHAPSA-N,,C35H38N4O7,626.274049556,626.71,626.27405,0,46,0,1,1,0,0,0,0,generated_polyurethane_fragment,source_defined_high,PUR-GEN source fragment with 4 units,virtual_polyurethane_fragment,2,True,rdkit_validated,canonical_unique,,reaction_rule_generated,candidate_fragment_3d,Gold-V,admitted_reference,0.0,,purgen-fragment-audit-v1,2026.03.4
purgen_u4_003,source_zenodo_11612378_purgen_fragments,4_units/PU_3,doi:10.5281/zenodo.11612378#1.PUR-GEN/4_units/PU_3.mol2,PUR-GEN 4-unit fragment 3,Nc1ccc(Cc2ccc(NC(=O)OCCCCOC(=O)Nc3ccc(Cc4ccc(NC(=O)OCCCCO)cc4)cc3)cc2)cc1,Nc1ccc(Cc2ccc(NC(=O)OCCCCOC(=O)Nc3ccc(Cc4ccc(NC(=O)OCCCCO)cc4)cc3)cc2)cc1,AZOZXQWUFCMRGP-UHFFFAOYSA-N,,C37H42N4O7,654.305349684,654.764,654.30535,0,48,0,1,1,0,0,0,0,generated_polyurethane_fragment,source_defined_high,PUR-GEN source fragment with 4 units,virtual_polyurethane_fragment,2,True,rdkit_validated,canonical_unique,,reaction_rule_generated,candidate_fragment_3d,Gold-V,admitted_reference,0.0,,purgen-fragment-audit-v1,2026.03.4
purgen_u4_004,source_zenodo_11612378_purgen_fragments,4_units/PU_4,doi:10.5281/zenodo.11612378#1.PUR-GEN/4_units/PU_4.mol2,PUR-GEN 4-unit fragment 4,CC(C)(CO)COC(=O)Nc1ccc(Cc2ccc(NC(=O)OCC(C)(C)COC(=O)Nc3ccc(Cc4ccc(N)cc4)cc3)cc2)cc1,CC(C)(CO)COC(=O)Nc1ccc(Cc2ccc(NC(=O)OCC(C)(C)COC(=O)Nc3ccc(Cc4ccc(N)cc4)cc3)cc2)cc1,CCJFQTQAQBBCDA-UHFFFAOYSA-N,,C39H46N4O7,682.336649812,682.818,682.33665,0,50,0,1,1,0,0,0,0,generated_polyurethane_fragment,source_defined_high,PUR-GEN source fragment with 4 units,virtual_polyurethane_fragment,2,True,rdkit_validated,canonical_unique,,reaction_rule_generated,candidate_fragment_3d,Gold-V,admitted_reference,0.0,,purgen-fragment-audit-v1,2026.03.4
purgen_u4_005,source_zenodo_11612378_purgen_fragments,4_units/PU_5,doi:10.5281/zenodo.11612378#1.PUR-GEN/4_units/PU_5.mol2,PUR-GEN 4-unit fragment 5,Nc1ccc(Cc2ccccc2NC(=O)OCCOC(=O)Nc2ccccc2Cc2ccc(NC(=O)OCCO)cc2)cc1,Nc1ccc(Cc2ccccc2NC(=O)OCCOC(=O)Nc2ccccc2Cc2ccc(NC(=O)OCCO)cc2)cc1,ZBHZTGOAGXYNJR-UHFFFAOYSA-N,,C33H34N4O7,598.242749428,598.656,598.242749,0,44,0,1,1,0,0,0,0,generated_polyurethane_fragment,source_defined_high,PUR-GEN source fragment with 4 units,virtual_polyurethane_fragment,2,True,rdkit_validated,canonical_unique,,reaction_rule_generated,candidate_fragment_3d,Gold-V,admitted_reference,0.0,,purgen-fragment-audit-v1,2026.03.4
purgen_u4_006,source_zenodo_11612378_purgen_fragments,4_units/PU_6,doi:10.5281/zenodo.11612378#1.PUR-GEN/4_units/PU_6.mol2,PUR-GEN 4-unit fragment 6,CC(CO)OC(=O)Nc1ccc(Cc2ccccc2NC(=O)OCC(C)OC(=O)Nc2ccccc2Cc2ccc(N)cc2)cc1,C[C@H](COC(=O)Nc1ccccc1Cc1ccc(NC(=O)O[C@@H](C)CO)cc1)OC(=O)Nc1ccccc1Cc1ccc(N)cc1,CXXYBTUPBKGAHG-BJKOFHAPSA-N,,C35H38N4O7,626.274049556,626.71,626.27405,0,46,0,1,1,0,0,0,0,generated_polyurethane_fragment,source_defined_high,PUR-GEN source fragment with 4 units,virtual_polyurethane_fragment,2,True,rdkit_validated,canonical_unique,,reaction_rule_generated,candidate_fragment_3d,Gold-V,admitted_reference,0.0,,purgen-fragment-audit-v1,2026.03.4
purgen_u4_007,source_zenodo_11612378_purgen_fragments,4_units/PU_7,doi:10.5281/zenodo.11612378#1.PUR-GEN/4_units/PU_7.mol2,PUR-GEN 4-unit fragment 7,Nc1ccc(Cc2ccccc2NC(=O)OCCCCOC(=O)Nc2ccccc2Cc2ccc(NC(=O)OCCCCO)cc2)cc1,Nc1ccc(Cc2ccccc2NC(=O)OCCCCOC(=O)Nc2ccccc2Cc2ccc(NC(=O)OCCCCO)cc2)cc1,MFFZGNPRDJUIQE-UHFFFAOYSA-N,,C37H42N4O7,654.305349684,654.764,654.30535,0,48,0,1,1,0,0,0,0,generated_polyurethane_fragment,source_defined_high,PUR-GEN source fragment with 4 units,virtual_polyurethane_fragment,2,True,rdkit_validated,canonical_unique,,reaction_rule_generated,candidate_fragment_3d,Gold-V,admitted_reference,0.0,,purgen-fragment-audit-v1,2026.03.4
purgen_u4_008,source_zenodo_11612378_purgen_fragments,4_units/PU_8,doi:10.5281/zenodo.11612378#1.PUR-GEN/4_units/PU_8.mol2,PUR-GEN 4-unit fragment 8,CC(C)(CO)COC(=O)Nc1ccc(Cc2ccccc2NC(=O)OCC(C)(C)COC(=O)Nc2ccccc2Cc2ccc(N)cc2)cc1,CC(C)(CO)COC(=O)Nc1ccc(Cc2ccccc2NC(=O)OCC(C)(C)COC(=O)Nc2ccccc2Cc2ccc(N)cc2)cc1,JISPSOUBKNXDDM-UHFFFAOYSA-N,,C39H46N4O7,682.336649812,682.818,682.33665,0,50,0,1,1,0,0,0,0,generated_polyurethane_fragment,source_defined_high,PUR-GEN source fragment with 4 units,virtual_polyurethane_fragment,2,True,rdkit_validated,canonical_unique,,reaction_rule_generated,candidate_fragment_3d,Gold-V,admitted_reference,0.0,,purgen-fragment-audit-v1,2026.03.4
purgen_u4_009,source_zenodo_11612378_purgen_fragments,4_units/PU_9,doi:10.5281/zenodo.11612378#1.PUR-GEN/4_units/PU_9.mol2,PUR-GEN 4-unit fragment 9,Nc1ccccc1Cc1ccccc1NC(=O)OCCOC(=O)Nc1ccccc1Cc1ccccc1NC(=O)OCCO,Nc1ccccc1Cc1ccccc1NC(=O)OCCOC(=O)Nc1ccccc1Cc1ccccc1NC(=O)OCCO,CWHPJHABHUKCHY-UHFFFAOYSA-N,,C33H34N4O7,598.242749428,598.656,598.242749,0,44,0,1,1,0,0,0,0,generated_polyurethane_fragment,source_defined_high,PUR-GEN source fragment with 4 units,virtual_polyurethane_fragment,2,True,rdkit_validated,canonical_unique,,reaction_rule_generated,candidate_fragment_3d,Gold-V,admitted_reference,0.0,,purgen-fragment-audit-v1,2026.03.4
purgen_u4_010,source_zenodo_11612378_purgen_fragments,4_units/PU_10,doi:10.5281/zenodo.11612378#1.PUR-GEN/4_units/PU_10.mol2,PUR-GEN 4-unit fragment 10,CC(CO)OC(=O)Nc1ccccc1Cc1ccccc1NC(=O)OCC(C)OC(=O)Nc1ccccc1Cc1ccccc1N,C[C@H](COC(=O)Nc1ccccc1Cc1ccccc1NC(=O)O[C@@H](C)CO)OC(=O)Nc1ccccc1Cc1ccccc1N,AUBIKWOQKMKSBM-BJKOFHAPSA-N,,C35H38N4O7,626.274049556,626.71,626.27405,0,46,0,1,1,0,0,0,0,generated_polyurethane_fragment,source_defined_high,PUR-GEN source fragment with 4 units,virtual_polyurethane_fragment,2,True,rdkit_validated,canonical_unique,,reaction_rule_generated,candidate_fragment_3d,Gold-V,admitted_reference,0.0,,purgen-fragment-audit-v1,2026.03.4
purgen_u4_011,source_zenodo_11612378_purgen_fragments,4_units/PU_11,doi:10.5281/zenodo.11612378#1.PUR-GEN/4_units/PU_11.mol2,PUR-GEN 4-unit fragment 11,Nc1ccccc1Cc1ccccc1NC(=O)OCCCCOC(=O)Nc1ccccc1Cc1ccccc1NC(=O)OCCCCO,Nc1ccccc1Cc1ccccc1NC(=O)OCCCCOC(=O)Nc1ccccc1Cc1ccccc1NC(=O)OCCCCO,NMIIHCIXTOAXAK-UHFFFAOYSA-N,,C37H42N4O7,654.3053496840001,654.764,654.30535,0,48,0,1,1,0,0,0,0,generated_polyurethane_fragment,source_defined_high,PUR-GEN source fragment with 4 units,virtual_polyurethane_fragment,2,True,rdkit_validated,canonical_unique,,reaction_rule_generated,candidate_fragment_3d,Gold-V,admitted_reference,0.0,,purgen-fragment-audit-v1,2026.03.4
purgen_u4_012,source_zenodo_11612378_purgen_fragments,4_units/PU_12,doi:10.5281/zenodo.11612378#1.PUR-GEN/4_units/PU_12.mol2,PUR-GEN 4-unit fragment 12,CC(C)(CO)COC(=O)Nc1ccccc1Cc1ccccc1NC(=O)OCC(C)(C)COC(=O)Nc1ccccc1Cc1ccccc1N,CC(C)(CO)COC(=O)Nc1ccccc1Cc1ccccc1NC(=O)OCC(C)(C)COC(=O)Nc1ccccc1Cc1ccccc1N,JKABWJPLBTYGCZ-UHFFFAOYSA-N,,C39H46N4O7,682.336649812,682.818,682.33665,0,50,0,1,1,0,0,0,0,generated_polyurethane_fragment,source_defined_high,PUR-GEN source fragment with 4 units,virtual_polyurethane_fragment,2,True,rdkit_validated,canonical_unique,,reaction_rule_generated,candidate_fragment_3d,Gold-V,admitted_reference,0.0,,purgen-fragment-audit-v1,2026.03.4
purgen_u4_013,source_zenodo_11612378_purgen_fragments,4_units/PU_13,doi:10.5281/zenodo.11612378#1.PUR-GEN/4_units/PU_13.mol2,PUR-GEN 4-unit fragment 13,Cc1ccc(NC(=O)OCCOC(=O)Nc2ccc(C)c(NC(=O)OCCO)c2)cc1N,Cc1ccc(NC(=O)OCCOC(=O)Nc2ccc(C)c(NC(=O)OCCO)c2)cc1N,MSCOGLVHXQRFKE-UHFFFAOYSA-N,,C21H26N4O7,446.180149172,446.46,446.180149,0,32,0,1,1,0,0,0,0,generated_polyurethane_fragment,source_defined_high,PUR-GEN source fragment with 4 units,virtual_polyurethane_fragment,2,True,rdkit_validated,canonical_unique,,reaction_rule_generated,candidate_fragment_3d,Gold-V,admitted_reference,0.0,,purgen-fragment-audit-v1,2026.03.4
purgen_u4_014,source_zenodo_11612378_purgen_fragments,4_units/PU_14,doi:10.5281/zenodo.11612378#1.PUR-GEN/4_units/PU_14.mol2,PUR-GEN 4-unit fragment 14,Cc1ccc(NC(=O)OC(C)COC(=O)Nc2ccc(C)c(NC(=O)OC(C)CO)c2)cc1N,Cc1ccc(NC(=O)O[C@@H](C)COC(=O)Nc2ccc(C)c(NC(=O)O[C@@H](C)CO)c2)cc1N,GQXMIWPOPXEMBN-HOTGVXAUSA-N,,C23H30N4O7,474.21144929999997,474.514,474.211449,0,34,0,1,1,0,0,0,0,generated_polyurethane_fragment,source_defined_high,PUR-GEN source fragment with 4 units,virtual_polyurethane_fragment,2,True,rdkit_validated,canonical_unique,,reaction_rule_generated,candidate_fragment_3d,Gold-V,admitted_reference,0.0,,purgen-fragment-audit-v1,2026.03.4
purgen_u4_015,source_zenodo_11612378_purgen_fragments,4_units/PU_15,doi:10.5281/zenodo.11612378#1.PUR-GEN/4_units/PU_15.mol2,PUR-GEN 4-unit fragment 15,Cc1ccc(NC(=O)OCCCCOC(=O)Nc2ccc(C)c(NC(=O)OCCCCO)c2)cc1N,Cc1ccc(NC(=O)OCCCCOC(=O)Nc2ccc(C)c(NC(=O)OCCCCO)c2)cc1N,OQZGOJUJYSIHAB-UHFFFAOYSA-N,,C25H34N4O7,502.24274942799997,502.568,502.242749,0,36,0,1,1,0,0,0,0,generated_polyurethane_fragment,source_defined_high,PUR-GEN source fragment with 4 units,virtual_polyurethane_fragment,2,True,rdkit_validated,canonical_unique,,reaction_rule_generated,candidate_fragment_3d,Gold-V,admitted_reference,0.0,,purgen-fragment-audit-v1,2026.03.4
purgen_u4_016,source_zenodo_11612378_purgen_fragments,4_units/PU_16,doi:10.5281/zenodo.11612378#1.PUR-GEN/4_units/PU_16.mol2,PUR-GEN 4-unit fragment 16,Cc1ccc(NC(=O)OCC(C)(C)COC(=O)Nc2ccc(C)c(NC(=O)OCC(C)(C)CO)c2)cc1N,Cc1ccc(NC(=O)OCC(C)(C)COC(=O)Nc2ccc(C)c(NC(=O)OCC(C)(C)CO)c2)cc1N,OILGQVVNMPXHCR-UHFFFAOYSA-N,,C27H38N4O7,530.274049556,530.622,530.27405,0,38,0,1,1,0,0,0,0,generated_polyurethane_fragment,source_defined_high,PUR-GEN source fragment with 4 units,virtual_polyurethane_fragment,2,True,rdkit_validated,canonical_unique,,reaction_rule_generated,candidate_fragment_3d,Gold-V,admitted_reference,0.0,,purgen-fragment-audit-v1,2026.03.4
purgen_u4_017,source_zenodo_11612378_purgen_fragments,4_units/PU_17,doi:10.5281/zenodo.11612378#1.PUR-GEN/4_units/PU_17.mol2,PUR-GEN 4-unit fragment 17,Cc1c(N)cccc1NC(=O)OCCOC(=O)Nc1cccc(NC(=O)OCCO)c1C,Cc1c(N)cccc1NC(=O)OCCOC(=O)Nc1cccc(NC(=O)OCCO)c1C,NZJGVQVFZOQONP-UHFFFAOYSA-N,,C21H26N4O7,446.180149172,446.46,446.180149,0,32,0,1,1,0,0,0,0,generated_polyurethane_fragment,source_defined_high,PUR-GEN source fragment with 4 units,virtual_polyurethane_fragment,2,True,rdkit_validated,canonical_unique,,reaction_rule_generated,candidate_fragment_3d,Gold-V,admitted_reference,0.0,,purgen-fragment-audit-v1,2026.03.4
purgen_u4_018,source_zenodo_11612378_purgen_fragments,4_units/PU_18,doi:10.5281/zenodo.11612378#1.PUR-GEN/4_units/PU_18.mol2,PUR-GEN 4-unit fragment 18,Cc1c(N)cccc1NC(=O)OC(C)COC(=O)Nc1cccc(NC(=O)OC(C)CO)c1C,Cc1c(N)cccc1NC(=O)O[C@@H](C)COC(=O)Nc1cccc(NC(=O)O[C@@H](C)CO)c1C,FPHQSCIDZMHAIU-KBPBESRZSA-N,,C23H30N4O7,474.21144929999997,474.514,474.211449,0,34,0,1,1,0,0,0,0,generated_polyurethane_fragment,source_defined_high,PUR-GEN source fragment with 4 units,virtual_polyurethane_fragment,2,True,rdkit_validated,canonical_unique,,reaction_rule_generated,candidate_fragment_3d,Gold-V,admitted_reference,0.0,,purgen-fragment-audit-v1,2026.03.4
purgen_u4_019,source_zenodo_11612378_purgen_fragments,4_units/PU_19,doi:10.5281/zenodo.11612378#1.PUR-GEN/4_units/PU_19.mol2,PUR-GEN 4-unit fragment 19,Cc1c(N)cccc1NC(=O)OCCCCOC(=O)Nc1cccc(NC(=O)OCCCCO)c1C,Cc1c(N)cccc1NC(=O)OCCCCOC(=O)Nc1cccc(NC(=O)OCCCCO)c1C,NVHFGBYTQWKTAZ-UHFFFAOYSA-N,,C25H34N4O7,502.24274942799997,502.568,502.242749,0,36,0,1,1,0,0,0,0,generated_polyurethane_fragment,source_defined_high,PUR-GEN source fragment with 4 units,virtual_polyurethane_fragment,2,True,rdkit_validated,canonical_unique,,reaction_rule_generated,candidate_fragment_3d,Gold-V,admitted_reference,0.0,,purgen-fragment-audit-v1,2026.03.4
purgen_u4_020,source_zenodo_11612378_purgen_fragments,4_units/PU_20,doi:10.5281/zenodo.11612378#1.PUR-GEN/4_units/PU_20.mol2,PUR-GEN 4-unit fragment 20,Cc1c(N)cccc1NC(=O)OCC(C)(C)COC(=O)Nc1cccc(NC(=O)OCC(C)(C)CO)c1C,Cc1c(N)cccc1NC(=O)OCC(C)(C)COC(=O)Nc1cccc(NC(=O)OCC(C)(C)CO)c1C,IPUNGRJXRUSHOQ-UHFFFAOYSA-N,,C27H38N4O7,530.274049556,530.622,530.27405,0,38,0,1,1,0,0,0,0,generated_polyurethane_fragment,source_defined_high,PUR-GEN source fragment with 4 units,virtual_polyurethane_fragment,2,True,rdkit_validated,canonical_unique,,reaction_rule_generated,candidate_fragment_3d,Gold-V,admitted_reference,0.0,,purgen-fragment-audit-v1,2026.03.4
purgen_u4_021,source_zenodo_11612378_purgen_fragments,4_units/PU_21,doi:10.5281/zenodo.11612378#1.PUR-GEN/4_units/PU_21.mol2,PUR-GEN 4-unit fragment 21,NCCCCCCNC(=O)OCCOC(=O)NCCCCCCNC(=O)OCCO,NCCCCCCNC(=O)OCCOC(=O)NCCCCCCNC(=O)OCCO,HAHHHIAQEGDWJS-UHFFFAOYSA-N,,C19H38N4O7,434.27404955599997,434.534,434.27405,0,30,0,1,1,0,0,0,0,generated_polyurethane_fragment,source_defined_high,PUR-GEN source fragment with 4 units,virtual_polyurethane_fragment,2,True,rdkit_validated,canonical_unique,,reaction_rule_generated,candidate_fragment_3d,Gold-V,admitted_reference,0.0,,purgen-fragment-audit-v1,2026.03.4
purgen_u4_022,source_zenodo_11612378_purgen_fragments,4_units/PU_22,doi:10.5281/zenodo.11612378#1.PUR-GEN/4_units/PU_22.mol2,PUR-GEN 4-unit fragment 22,CC(CO)OC(=O)NCCCCCCNC(=O)OCC(C)OC(=O)NCCCCCCN,C[C@H](COC(=O)NCCCCCCNC(=O)O[C@@H](C)CO)OC(=O)NCCCCCCN,JPIWMZSJQSXXTK-ZWKOTPCHSA-N,,C21H42N4O7,462.30534968399996,462.588,462.30535,0,32,0,1,1,0,0,0,0,generated_polyurethane_fragment,source_defined_high,PUR-GEN source fragment with 4 units,virtual_polyurethane_fragment,2,True,rdkit_validated,canonical_unique,,reaction_rule_generated,candidate_fragment_3d,Gold-V,admitted_reference,0.0,,purgen-fragment-audit-v1,2026.03.4
purgen_u4_023,source_zenodo_11612378_purgen_fragments,4_units/PU_23,doi:10.5281/zenodo.11612378#1.PUR-GEN/4_units/PU_23.mol2,PUR-GEN 4-unit fragment 23,NCCCCCCNC(=O)OCCCCOC(=O)NCCCCCCNC(=O)OCCCCO,NCCCCCCNC(=O)OCCCCOC(=O)NCCCCCCNC(=O)OCCCCO,UGPSQIWTQDFFSK-UHFFFAOYSA-N,,C23H46N4O7,490.33664981199996,490.642,490.33665,0,34,0,1,1,0,0,0,0,generated_polyurethane_fragment,source_defined_high,PUR-GEN source fragment with 4 units,virtual_polyurethane_fragment,2,True,rdkit_validated,canonical_unique,,reaction_rule_generated,candidate_fragment_3d,Gold-V,admitted_reference,0.0,,purgen-fragment-audit-v1,2026.03.4
purgen_u4_024,source_zenodo_11612378_purgen_fragments,4_units/PU_24,doi:10.5281/zenodo.11612378#1.PUR-GEN/4_units/PU_24.mol2,PUR-GEN 4-unit fragment 24,CC(C)(CO)COC(=O)NCCCCCCNC(=O)OCC(C)(C)COC(=O)NCCCCCCN,CC(C)(CO)COC(=O)NCCCCCCNC(=O)OCC(C)(C)COC(=O)NCCCCCCN,HLJRYDSRBJSRKV-UHFFFAOYSA-N,,C25H50N4O7,518.36794994,518.696,518.36795,0,36,0,1,1,0,0,0,0,generated_polyurethane_fragment,source_defined_high,PUR-GEN source fragment with 4 units,virtual_polyurethane_fragment,2,True,rdkit_validated,canonical_unique,,reaction_rule_generated,candidate_fragment_3d,Gold-V,admitted_reference,0.0,,purgen-fragment-audit-v1,2026.03.4
purgen_u4_025,source_zenodo_11612378_purgen_fragments,4_units/PU_25,doi:10.5281/zenodo.11612378#1.PUR-GEN/4_units/PU_25.mol2,PUR-GEN 4-unit fragment 25,CC1(C)CC(NC(=O)OCCOC(=O)NC2CC(C)(C)CC(C)(CNC(=O)OCCO)C2)CC(C)(CN)C1,CC1(C)C[C@@H](NC(=O)OCCOC(=O)N[C@@H]2CC(C)(C)C[C@](C)(CN)C2)C[C@](C)(CNC(=O)OCCO)C1,MOCUFCQUDDDIQO-VOQUWYBPSA-N,,C27H50N4O7,542.36794994,542.718,542.36795,0,38,0,1,1,0,0,0,0,generated_polyurethane_fragment,source_defined_high,PUR-GEN source fragment with 4 units,virtual_polyurethane_fragment,2,True,rdkit_validated,canonical_unique,,reaction_rule_generated,candidate_fragment_3d,Gold-V,admitted_reference,0.0,,purgen-fragment-audit-v1,2026.03.4
purgen_u4_026,source_zenodo_11612378_purgen_fragments,4_units/PU_26,doi:10.5281/zenodo.11612378#1.PUR-GEN/4_units/PU_26.mol2,PUR-GEN 4-unit fragment 26,CC(CO)OC(=O)NCC1(C)CC(NC(=O)OCC(C)OC(=O)NC2CC(C)(C)CC(C)(CN)C2)CC(C)(C)C1,C[C@H](COC(=O)N[C@H]1CC(C)(C)C[C@](C)(CNC(=O)O[C@@H](C)CO)C1)OC(=O)N[C@@H]1CC(C)(C)C[C@@](C)(CN)C1,PPXPAPGZZRPYHZ-OQUYQTJASA-N,,C29H54N4O7,570.399250068,570.772,570.39925,0,40,0,1,1,0,0,0,0,generated_polyurethane_fragment,source_defined_high,PUR-GEN source fragment with 4 units,virtual_polyurethane_fragment,2,True,rdkit_validated,canonical_unique,,reaction_rule_generated,candidate_fragment_3d,Gold-V,admitted_reference,0.0,,purgen-fragment-audit-v1,2026.03.4
purgen_u4_027,source_zenodo_11612378_purgen_fragments,4_units/PU_27,doi:10.5281/zenodo.11612378#1.PUR-GEN/4_units/PU_27.mol2,PUR-GEN 4-unit fragment 27,CC1(C)CC(NC(=O)OCCCCOC(=O)NC2CC(C)(C)CC(C)(CNC(=O)OCCCCO)C2)CC(C)(CN)C1,CC1(C)C[C@@H](NC(=O)OCCCCOC(=O)N[C@@H]2CC(C)(C)C[C@](C)(CN)C2)C[C@](C)(CNC(=O)OCCCCO)C1,VBQMXRSLGQMYKP-ZZFNIVMHSA-N,,C31H58N4O7,598.430550196,598.826,598.43055,0,42,0,1,1,0,0,0,0,generated_polyurethane_fragment,source_defined_high,PUR-GEN source fragment with 4 units,virtual_polyurethane_fragment,2,True,rdkit_validated,canonical_unique,,reaction_rule_generated,candidate_fragment_3d,Gold-V,admitted_reference,0.0,,purgen-fragment-audit-v1,2026.03.4
purgen_u4_028,source_zenodo_11612378_purgen_fragments,4_units/PU_28,doi:10.5281/zenodo.11612378#1.PUR-GEN/4_units/PU_28.mol2,PUR-GEN 4-unit fragment 28,CC(C)(CO)COC(=O)NCC1(C)CC(NC(=O)OCC(C)(C)COC(=O)NC2CC(C)(C)CC(C)(CN)C2)CC(C)(C)C1,CC(C)(CO)COC(=O)NC[C@]1(C)C[C@@H](NC(=O)OCC(C)(C)COC(=O)N[C@@H]2CC(C)(C)C[C@@](C)(CN)C2)CC(C)(C)C1,DPQHIDGPHGDEKE-CKRUJBHZSA-N,,C33H62N4O7,626.461850324,626.88,626.46185,0,44,0,1,1,0,0,0,0,generated_polyurethane_fragment,source_defined_high,PUR-GEN source fragment with 4 units,virtual_polyurethane_fragment,2,True,rdkit_validated,canonical_unique,,reaction_rule_generated,candidate_fragment_3d,Gold-V,admitted_reference,0.0,,purgen-fragment-audit-v1,2026.03.4
purgen_u4_029,source_zenodo_11612378_purgen_fragments,4_units/PU_29,doi:10.5281/zenodo.11612378#1.PUR-GEN/4_units/PU_29.mol2,PUR-GEN 4-unit fragment 29,NC1CCC(CC2CCC(NC(=O)OCCOC(=O)NC3CCC(CC4CCC(NC(=O)OCCO)CC4)CC3)CC2)CC1,N[C@H]1CC[C@@H](C[C@H]2CC[C@@H](NC(=O)OCCOC(=O)N[C@H]3CC[C@@H](C[C@H]4CC[C@@H](NC(=O)OCCO)CC4)CC3)CC2)CC1,IBZUXQPGGMLOLB-OYZSEEQLSA-N,,C33H58N4O7,622.430550196,622.848,622.43055,0,44,0,1,1,0,0,0,0,generated_polyurethane_fragment,source_defined_high,PUR-GEN source fragment with 4 units,virtual_polyurethane_fragment,2,True,rdkit_validated,canonical_unique,,reaction_rule_generated,candidate_fragment_3d,Gold-V,admitted_reference,0.0,,purgen-fragment-audit-v1,2026.03.4
purgen_u4_030,source_zenodo_11612378_purgen_fragments,4_units/PU_30,doi:10.5281/zenodo.11612378#1.PUR-GEN/4_units/PU_30.mol2,PUR-GEN 4-unit fragment 30,CC(CO)OC(=O)NC1CCC(CC2CCC(NC(=O)OCC(C)OC(=O)NC3CCC(CC4CCC(N)CC4)CC3)CC2)CC1,C[C@H](COC(=O)N[C@H]1CC[C@H](C[C@H]2CC[C@H](NC(=O)O[C@@H](C)CO)CC2)CC1)OC(=O)N[C@H]1CC[C@H](C[C@H]2CC[C@H](N)CC2)CC1,CZZAVAQQPCSDHJ-OOJCLDBCSA-N,,C35H62N4O7,650.461850324,650.902,650.46185,0,46,0,1,1,0,0,0,0,generated_polyurethane_fragment,source_defined_high,PUR-GEN source fragment with 4 units,virtual_polyurethane_fragment,2,True,rdkit_validated,canonical_unique,,reaction_rule_generated,candidate_fragment_3d,Gold-V,admitted_reference,0.0,,purgen-fragment-audit-v1,2026.03.4
purgen_u4_031,source_zenodo_11612378_purgen_fragments,4_units/PU_31,doi:10.5281/zenodo.11612378#1.PUR-GEN/4_units/PU_31.mol2,PUR-GEN 4-unit fragment 31,NC1CCC(CC2CCC(NC(=O)OCCCCOC(=O)NC3CCC(CC4CCC(NC(=O)OCCCCO)CC4)CC3)CC2)CC1,N[C@H]1CC[C@@H](C[C@H]2CC[C@@H](NC(=O)OCCCCOC(=O)N[C@H]3CC[C@@H](C[C@H]4CC[C@@H](NC(=O)OCCCCO)CC4)CC3)CC2)CC1,KMZUXRWKJNWSDV-WSFYPKCCSA-N,,C37H66N4O7,678.493150452,678.956,678.49315,0,48,0,1,1,0,0,0,0,generated_polyurethane_fragment,source_defined_high,PUR-GEN source fragment with 4 units,virtual_polyurethane_fragment,2,True,rdkit_validated,canonical_unique,,reaction_rule_generated,candidate_fragment_3d,Gold-V,admitted_reference,0.0,,purgen-fragment-audit-v1,2026.03.4
purgen_u4_032,source_zenodo_11612378_purgen_fragments,4_units/PU_32,doi:10.5281/zenodo.11612378#1.PUR-GEN/4_units/PU_32.mol2,PUR-GEN 4-unit fragment 32,CC(C)(CO)COC(=O)NC1CCC(CC2CCC(NC(=O)OCC(C)(C)COC(=O)NC3CCC(CC4CCC(N)CC4)CC3)CC2)CC1,CC(C)(CO)COC(=O)N[C@H]1CC[C@H](C[C@H]2CC[C@H](NC(=O)OCC(C)(C)COC(=O)N[C@H]3CC[C@H](C[C@H]4CC[C@H](N)CC4)CC3)CC2)CC1,JFEFWBXSRGVAPN-WPHCYFEKSA-N,,C39H70N4O7,706.52445058,707.01,706.524451,0,50,0,1,1,0,0,0,0,generated_polyurethane_fragment,source_defined_high,PUR-GEN source fragment with 4 units,virtual_polyurethane_fragment,2,True,rdkit_validated,canonical_unique,,reaction_rule_generated,candidate_fragment_3d,Gold-V,admitted_reference,0.0,,purgen-fragment-audit-v1,2026.03.4
purgen_u4_033,source_zenodo_11612378_purgen_fragments,4_units/PU_33,doi:10.5281/zenodo.11612378#1.PUR-GEN/4_units/PU_33.mol2,PUR-GEN 4-unit fragment 33,Nc1ccc(Cc2ccc(NC(=O)OCCOCCOC(=O)Nc3ccc(Cc4ccc(NC(=O)OCCOCCO)cc4)cc3)cc2)cc1,Nc1ccc(Cc2ccc(NC(=O)OCCOCCOC(=O)Nc3ccc(Cc4ccc(NC(=O)OCCOCCO)cc4)cc3)cc2)cc1,PEVNKELJCUURJW-UHFFFAOYSA-N,,C37H42N4O9,,686.762,686.295179,0,50,0,1,1,0,0,0,0,generated_polyurethane_fragment,source_defined_high,PUR-GEN source fragment with 4 units,virtual_polyurethane_fragment,2,True,rdkit_validated,canonical_unique,,reaction_rule_generated,candidate_fragment_3d,Gold-V,admitted_reference,0.0,,purgen-fragment-audit-v1,2026.03.4
purgen_u4_034,source_zenodo_11612378_purgen_fragments,4_units/PU_34,doi:10.5281/zenodo.11612378#1.PUR-GEN/4_units/PU_34.mol2,PUR-GEN 4-unit fragment 34,C[C@H](COC(=O)Nc1ccc(Cc2ccc(NC(=O)O[C@H](C)CO[C@@H](C)CO)cc2)cc1)OC[C@@H](C)OC(=O)Nc1ccc(Cc2ccc(N)cc2)cc1,C[C@H](COC(=O)Nc1ccc(Cc2ccc(NC(=O)O[C@H](C)CO[C@@H](C)CO)cc2)cc1)OC[C@@H](C)OC(=O)Nc1ccc(Cc2ccc(N)cc2)cc1,KFZIJJIBZNNIFI-MIPYOGIXSA-N,,C41H50N4O9,,742.87,742.357779,0,54,0,1,1,0,0,0,0,generated_polyurethane_fragment,source_defined_high,PUR-GEN source fragment with 4 units,virtual_polyurethane_fragment,2,True,rdkit_validated,canonical_unique,,reaction_rule_generated,candidate_fragment_3d,Gold-V,admitted_reference,0.0,,purgen-fragment-audit-v1,2026.03.4
purgen_u4_035,source_zenodo_11612378_purgen_fragments,4_units/PU_35,doi:10.5281/zenodo.11612378#1.PUR-GEN/4_units/PU_35.mol2,PUR-GEN 4-unit fragment 35,C[C@H](COC[C@H](C)OCC[C@@H](C)OC(=O)Nc1ccc(Cc2ccc(NC(=O)O[C@H](C)CO[C@H](C)COC[C@H](C)OCC[C@@H](C)O)cc2)cc1)OC[C@@H](C)OC(=O)Nc1ccc(Cc2ccc(N)cc2)cc1,C[C@H](COC[C@H](C)OCC[C@@H](C)OC(=O)Nc1ccc(Cc2ccc(NC(=O)O[C@H](C)CO[C@H](C)COC[C@H](C)OCC[C@@H](C)O)cc2)cc1)OC[C@@H](C)OC(=O)Nc1ccc(Cc2ccc(N)cc2)cc1,TTWPGWUEMNFSMG-ZJBDVTCMSA-N,,C55H78N4O13,,1003.244,1002.556539,0,72,0,1,1,0,0,0,0,generated_polyurethane_fragment,source_defined_high,PUR-GEN source fragment with 4 units,virtual_polyurethane_fragment,2,True,rdkit_validated,canonical_unique,,reaction_rule_generated,candidate_fragment_3d,Gold-V,admitted_reference,0.0,,purgen-fragment-audit-v1,2026.03.4
purgen_u4_036,source_zenodo_11612378_purgen_fragments,4_units/PU_36,doi:10.5281/zenodo.11612378#1.PUR-GEN/4_units/PU_36.mol2,PUR-GEN 4-unit fragment 36,Nc1ccc(Cc2ccccc2NC(=O)OCCOCCOC(=O)Nc2ccccc2Cc2ccc(NC(=O)OCCOCCO)cc2)cc1,Nc1ccc(Cc2ccccc2NC(=O)OCCOCCOC(=O)Nc2ccccc2Cc2ccc(NC(=O)OCCOCCO)cc2)cc1,OCNKKGRAKBHFMD-UHFFFAOYSA-N,,C37H42N4O9,,686.762,686.295179,0,50,0,1,1,0,0,0,0,generated_polyurethane_fragment,source_defined_high,PUR-GEN source fragment with 4 units,virtual_polyurethane_fragment,2,True,rdkit_validated,canonical_unique,,reaction_rule_generated,candidate_fragment_3d,Gold-V,admitted_reference,0.0,,purgen-fragment-audit-v1,2026.03.4
purgen_u4_037,source_zenodo_11612378_purgen_fragments,4_units/PU_37,doi:10.5281/zenodo.11612378#1.PUR-GEN/4_units/PU_37.mol2,PUR-GEN 4-unit fragment 37,C[C@H](COC(=O)Nc1ccccc1Cc1ccc(NC(=O)O[C@H](C)CO[C@@H](C)CO)cc1)OC[C@@H](C)OC(=O)Nc1ccccc1Cc1ccc(N)cc1,C[C@H](COC(=O)Nc1ccccc1Cc1ccc(NC(=O)O[C@H](C)CO[C@@H](C)CO)cc1)OC[C@@H](C)OC(=O)Nc1ccccc1Cc1ccc(N)cc1,XETPQPRTSFGRLF-MIPYOGIXSA-N,,C41H50N4O9,,742.87,742.357779,0,54,0,1,1,0,0,0,0,generated_polyurethane_fragment,source_defined_high,PUR-GEN source fragment with 4 units,virtual_polyurethane_fragment,2,True,rdkit_validated,canonical_unique,,reaction_rule_generated,candidate_fragment_3d,Gold-V,admitted_reference,0.0,,purgen-fragment-audit-v1,2026.03.4
purgen_u4_038,source_zenodo_11612378_purgen_fragments,4_units/PU_38,doi:10.5281/zenodo.11612378#1.PUR-GEN/4_units/PU_38.mol2,PUR-GEN 4-unit fragment 38,C[C@H](COC[C@H](C)OCC[C@@H](C)O)OC[C@@H](C)OC(=O)Nc1ccc(Cc2ccccc2NC(=O)O[C@H](C)CCO[C@@H](C)COC[C@@H](C)OC[C@@H](C)OC(=O)Nc2ccccc2Cc2ccc(N)cc2)cc1,C[C@H](COC[C@H](C)OCC[C@@H](C)O)OC[C@@H](C)OC(=O)Nc1ccc(Cc2ccccc2NC(=O)O[C@H](C)CCO[C@@H](C)COC[C@@H](C)OC[C@@H](C)OC(=O)Nc2ccccc2Cc2ccc(N)cc2)cc1,IGNBNKCHBMWBPP-ZJBDVTCMSA-N,,C55H78N4O13,,1003.244,1002.556539,0,72,0,1,1,0,0,0,0,generated_polyurethane_fragment,source_defined_high,PUR-GEN source fragment with 4 units,virtual_polyurethane_fragment,2,True,rdkit_validated,canonical_unique,,reaction_rule_generated,candidate_fragment_3d,Gold-V,admitted_reference,0.0,,purgen-fragment-audit-v1,2026.03.4
purgen_u4_039,source_zenodo_11612378_purgen_fragments,4_units/PU_39,doi:10.5281/zenodo.11612378#1.PUR-GEN/4_units/PU_39.mol2,PUR-GEN 4-unit fragment 39,Nc1ccccc1Cc1ccccc1NC(=O)OCCOCCOC(=O)Nc1ccccc1Cc1ccccc1NC(=O)OCCOCCO,Nc1ccccc1Cc1ccccc1NC(=O)OCCOCCOC(=O)Nc1ccccc1Cc1ccccc1NC(=O)OCCOCCO,ALZUIUXQWLHAIN-UHFFFAOYSA-N,,C37H42N4O9,,686.762,686.295179,0,50,0,1,1,0,0,0,0,generated_polyurethane_fragment,source_defined_high,PUR-GEN source fragment with 4 units,virtual_polyurethane_fragment,2,True,rdkit_validated,canonical_unique,,reaction_rule_generated,candidate_fragment_3d,Gold-V,admitted_reference,0.0,,purgen-fragment-audit-v1,2026.03.4
purgen_u4_040,source_zenodo_11612378_purgen_fragments,4_units/PU_40,doi:10.5281/zenodo.11612378#1.PUR-GEN/4_units/PU_40.mol2,PUR-GEN 4-unit fragment 40,C[C@H](COC(=O)Nc1ccccc1Cc1ccccc1NC(=O)O[C@H](C)CO[C@@H](C)CO)OC[C@@H](C)OC(=O)Nc1ccccc1Cc1ccccc1N,C[C@H](COC(=O)Nc1ccccc1Cc1ccccc1NC(=O)O[C@H](C)CO[C@@H](C)CO)OC[C@@H](C)OC(=O)Nc1ccccc1Cc1ccccc1N,SFQLWJCAHSOWQX-MIPYOGIXSA-N,,C41H50N4O9,,742.87,742.357779,0,54,0,1,1,0,0,0,0,generated_polyurethane_fragment,source_defined_high,PUR-GEN source fragment with 4 units,virtual_polyurethane_fragment,2,True,rdkit_validated,canonical_unique,,reaction_rule_generated,candidate_fragment_3d,Gold-V,admitted_reference,0.0,,purgen-fragment-audit-v1,2026.03.4
purgen_u4_041,source_zenodo_11612378_purgen_fragments,4_units/PU_41,doi:10.5281/zenodo.11612378#1.PUR-GEN/4_units/PU_41.mol2,PUR-GEN 4-unit fragment 41,C[C@H](COC[C@H](C)OCC[C@@H](C)OC(=O)Nc1ccccc1Cc1ccccc1NC(=O)O[C@H](C)CO[C@H](C)COC[C@H](C)OCC[C@@H](C)O)OC[C@@H](C)OC(=O)Nc1ccccc1Cc1ccccc1N,C[C@H](COC[C@H](C)OCC[C@@H](C)OC(=O)Nc1ccccc1Cc1ccccc1NC(=O)O[C@H](C)CO[C@H](C)COC[C@H](C)OCC[C@@H](C)O)OC[C@@H](C)OC(=O)Nc1ccccc1Cc1ccccc1N,IMSNTUZSIBRABT-ZJBDVTCMSA-N,,C55H78N4O13,,1003.244,1002.556539,0,72,0,1,1,0,0,0,0,generated_polyurethane_fragment,source_defined_high,PUR-GEN source fragment with 4 units,virtual_polyurethane_fragment,2,True,rdkit_validated,canonical_unique,,reaction_rule_generated,candidate_fragment_3d,Gold-V,admitted_reference,0.0,,purgen-fragment-audit-v1,2026.03.4
purgen_u4_042,source_zenodo_11612378_purgen_fragments,4_units/PU_42,doi:10.5281/zenodo.11612378#1.PUR-GEN/4_units/PU_42.mol2,PUR-GEN 4-unit fragment 42,Cc1ccc(NC(=O)OCCOCCOC(=O)Nc2ccc(C)c(NC(=O)OCCOCCO)c2)cc1N,Cc1ccc(NC(=O)OCCOCCOC(=O)Nc2ccc(C)c(NC(=O)OCCOCCO)c2)cc1N,OERJAEYUCOVTOE-UHFFFAOYSA-N,,C25H34N4O9,,534.566,534.232579,0,38,0,1,1,0,0,0,0,generated_polyurethane_fragment,source_defined_high,PUR-GEN source fragment with 4 units,virtual_polyurethane_fragment,2,True,rdkit_validated,canonical_unique,,reaction_rule_generated,candidate_fragment_3d,Gold-V,admitted_reference,0.0,,purgen-fragment-audit-v1,2026.03.4
purgen_u4_043,source_zenodo_11612378_purgen_fragments,4_units/PU_43,doi:10.5281/zenodo.11612378#1.PUR-GEN/4_units/PU_43.mol2,PUR-GEN 4-unit fragment 43,Cc1ccc(NC(=O)O[C@@H](C)CO[C@@H](C)COC(=O)Nc2ccc(C)c(NC(=O)O[C@@H](C)CO[C@@H](C)CO)c2)cc1N,Cc1ccc(NC(=O)O[C@@H](C)CO[C@@H](C)COC(=O)Nc2ccc(C)c(NC(=O)O[C@@H](C)CO[C@@H](C)CO)c2)cc1N,FDOVRQAWFCZKAP-CMOCDZPBSA-N,,C29H42N4O9,,590.674,590.295179,0,42,0,1,1,0,0,0,0,generated_polyurethane_fragment,source_defined_high,PUR-GEN source fragment with 4 units,virtual_polyurethane_fragment,2,True,rdkit_validated,canonical_unique,,reaction_rule_generated,candidate_fragment_3d,Gold-V,admitted_reference,0.0,,purgen-fragment-audit-v1,2026.03.4
purgen_u4_044,source_zenodo_11612378_purgen_fragments,4_units/PU_44,doi:10.5281/zenodo.11612378#1.PUR-GEN/4_units/PU_44.mol2,PUR-GEN 4-unit fragment 44,Cc1ccc(NC(=O)O[C@H](C)CO[C@H](C)COC[C@H](C)OCC[C@@H](C)OC(=O)Nc2ccc(C)c(NC(=O)O[C@H](C)CO[C@H](C)COC[C@H](C)OCC[C@@H](C)O)c2)cc1N,Cc1ccc(NC(=O)O[C@H](C)CO[C@H](C)COC[C@H](C)OCC[C@@H](C)OC(=O)Nc2ccc(C)c(NC(=O)O[C@H](C)CO[C@H](C)COC[C@H](C)OCC[C@@H](C)O)c2)cc1N,YSRDUDVNPQEKEL-JQFCFGFHSA-N,,C43H70N4O13,,851.048,850.493938,0,60,0,1,1,0,0,0,0,generated_polyurethane_fragment,source_defined_high,PUR-GEN source fragment with 4 units,virtual_polyurethane_fragment,2,True,rdkit_validated,canonical_unique,,reaction_rule_generated,candidate_fragment_3d,Gold-V,admitted_reference,0.0,,purgen-fragment-audit-v1,2026.03.4
purgen_u4_045,source_zenodo_11612378_purgen_fragments,4_units/PU_45,doi:10.5281/zenodo.11612378#1.PUR-GEN/4_units/PU_45.mol2,PUR-GEN 4-unit fragment 45,Cc1c(N)cccc1NC(=O)OCCOCCOC(=O)Nc1cccc(NC(=O)OCCOCCO)c1C,Cc1c(N)cccc1NC(=O)OCCOCCOC(=O)Nc1cccc(NC(=O)OCCOCCO)c1C,GJEMTHQUGURUPN-UHFFFAOYSA-N,,C25H34N4O9,,534.566,534.232579,0,38,0,1,1,0,0,0,0,generated_polyurethane_fragment,source_defined_high,PUR-GEN source fragment with 4 units,virtual_polyurethane_fragment,2,True,rdkit_validated,canonical_unique,,reaction_rule_generated,candidate_fragment_3d,Gold-V,admitted_reference,0.0,,purgen-fragment-audit-v1,2026.03.4
purgen_u4_046,source_zenodo_11612378_purgen_fragments,4_units/PU_46,doi:10.5281/zenodo.11612378#1.PUR-GEN/4_units/PU_46.mol2,PUR-GEN 4-unit fragment 46,Cc1c(N)cccc1NC(=O)O[C@@H](C)CO[C@@H](C)COC(=O)Nc1cccc(NC(=O)O[C@@H](C)CO[C@@H](C)CO)c1C,Cc1c(N)cccc1NC(=O)O[C@@H](C)CO[C@@H](C)COC(=O)Nc1cccc(NC(=O)O[C@@H](C)CO[C@@H](C)CO)c1C,XNURYBHZARSUAA-MUGJNUQGSA-N,,C29H42N4O9,,590.674,590.295179,0,42,0,1,1,0,0,0,0,generated_polyurethane_fragment,source_defined_high,PUR-GEN source fragment with 4 units,virtual_polyurethane_fragment,2,True,rdkit_validated,canonical_unique,,reaction_rule_generated,candidate_fragment_3d,Gold-V,admitted_reference,0.0,,purgen-fragment-audit-v1,2026.03.4
purgen_u4_047,source_zenodo_11612378_purgen_fragments,4_units/PU_47,doi:10.5281/zenodo.11612378#1.PUR-GEN/4_units/PU_47.mol2,PUR-GEN 4-unit fragment 47,Cc1c(N)cccc1NC(=O)O[C@H](C)CO[C@H](C)COC[C@H](C)OCC[C@@H](C)OC(=O)Nc1cccc(NC(=O)O[C@H](C)CO[C@H](C)COC[C@H](C)OCC[C@@H](C)O)c1C,Cc1c(N)cccc1NC(=O)O[C@H](C)CO[C@H](C)COC[C@H](C)OCC[C@@H](C)OC(=O)Nc1cccc(NC(=O)O[C@H](C)CO[C@H](C)COC[C@H](C)OCC[C@@H](C)O)c1C,GKWCMHHMYCQEGZ-IABCWADSSA-N,,C43H70N4O13,,851.048,850.493938,0,60,0,1,1,0,0,0,0,generated_polyurethane_fragment,source_defined_high,PUR-GEN source fragment with 4 units,virtual_polyurethane_fragment,2,True,rdkit_validated,canonical_unique,,reaction_rule_generated,candidate_fragment_3d,Gold-V,admitted_reference,0.0,,purgen-fragment-audit-v1,2026.03.4
purgen_u4_048,source_zenodo_11612378_purgen_fragments,4_units/PU_48,doi:10.5281/zenodo.11612378#1.PUR-GEN/4_units/PU_48.mol2,PUR-GEN 4-unit fragment 48,NCCCCCCNC(=O)OCCOCCOC(=O)NCCCCCCNC(=O)OCCOCCO,NCCCCCCNC(=O)OCCOCCOC(=O)NCCCCCCNC(=O)OCCOCCO,SXEIZZNZOJCFEX-UHFFFAOYSA-N,,C23H46N4O9,,522.64,522.326479,0,36,0,1,1,0,0,0,0,generated_polyurethane_fragment,source_defined_high,PUR-GEN source fragment with 4 units,virtual_polyurethane_fragment,2,True,rdkit_validated,canonical_unique,,reaction_rule_generated,candidate_fragment_3d,Gold-V,admitted_reference,0.0,,purgen-fragment-audit-v1,2026.03.4
purgen_u4_049,source_zenodo_11612378_purgen_fragments,4_units/PU_49,doi:10.5281/zenodo.11612378#1.PUR-GEN/4_units/PU_49.mol2,PUR-GEN 4-unit fragment 49,C[C@H](COC(=O)NCCCCCCNC(=O)O[C@H](C)CO[C@@H](C)CO)OC[C@@H](C)OC(=O)NCCCCCCN,C[C@H](COC(=O)NCCCCCCNC(=O)O[C@H](C)CO[C@@H](C)CO)OC[C@@H](C)OC(=O)NCCCCCCN,RODOLHHDTDDUFY-OLKYXYMISA-N,,C27H54N4O9,,578.748,578.389079,0,40,0,1,1,0,0,0,0,generated_polyurethane_fragment,source_defined_high,PUR-GEN source fragment with 4 units,virtual_polyurethane_fragment,2,True,rdkit_validated,canonical_unique,,reaction_rule_generated,candidate_fragment_3d,Gold-V,admitted_reference,0.0,,purgen-fragment-audit-v1,2026.03.4
purgen_u4_050,source_zenodo_11612378_purgen_fragments,4_units/PU_50,doi:10.5281/zenodo.11612378#1.PUR-GEN/4_units/PU_50.mol2,PUR-GEN 4-unit fragment 50,C[C@H](COC[C@H](C)OCC[C@@H](C)OC(=O)NCCCCCCNC(=O)O[C@H](C)CO[C@H](C)COC[C@H](C)OCC[C@@H](C)O)OC[C@@H](C)OC(=O)NCCCCCCN,C[C@H](COC[C@H](C)OCC[C@@H](C)OC(=O)NCCCCCCNC(=O)O[C@H](C)CO[C@H](C)COC[C@H](C)OCC[C@@H](C)O)OC[C@@H](C)OC(=O)NCCCCCCN,JSXVYANRSDQLKP-KHQOCGGISA-N,,C41H82N4O13,,839.122,838.587839,0,58,0,1,1,0,0,0,0,generated_polyurethane_fragment,source_defined_high,PUR-GEN source fragment with 4 units,virtual_polyurethane_fragment,2,True,rdkit_validated,canonical_unique,,reaction_rule_generated,candidate_fragment_3d,Gold-V,admitted_reference,0.0,,purgen-fragment-audit-v1,2026.03.4
purgen_u4_051,source_zenodo_11612378_purgen_fragments,4_units/PU_51,doi:10.5281/zenodo.11612378#1.PUR-GEN/4_units/PU_51.mol2,PUR-GEN 4-unit fragment 51,CC1(C)C[C@@H](NC(=O)OCCOCCOC(=O)N[C@@H]2CC(C)(C)C[C@](C)(CN)C2)C[C@](C)(CNC(=O)OCCOCCO)C1,CC1(C)C[C@@H](NC(=O)OCCOCCOC(=O)N[C@@H]2CC(C)(C)C[C@](C)(CN)C2)C[C@](C)(CNC(=O)OCCOCCO)C1,XCCBLJIFTQSTRV-ZZFNIVMHSA-N,,C31H58N4O9,,630.824,630.420379,0,44,0,1,1,0,0,0,0,generated_polyurethane_fragment,source_defined_high,PUR-GEN source fragment with 4 units,virtual_polyurethane_fragment,2,True,rdkit_validated,canonical_unique,,reaction_rule_generated,candidate_fragment_3d,Gold-V,admitted_reference,0.0,,purgen-fragment-audit-v1,2026.03.4
purgen_u4_052,source_zenodo_11612378_purgen_fragments,4_units/PU_52,doi:10.5281/zenodo.11612378#1.PUR-GEN/4_units/PU_52.mol2,PUR-GEN 4-unit fragment 52,C[C@H](COC(=O)N[C@H]1CC(C)(C)C[C@](C)(CNC(=O)O[C@H](C)CO[C@@H](C)CO)C1)OC[C@@H](C)OC(=O)N[C@@H]1CC(C)(C)C[C@@](C)(CN)C1,C[C@H](COC(=O)N[C@H]1CC(C)(C)C[C@](C)(CNC(=O)O[C@H](C)CO[C@@H](C)CO)C1)OC[C@@H](C)OC(=O)N[C@@H]1CC(C)(C)C[C@@](C)(CN)C1,UUQHCFXGIZUDRL-SKPTXVAYSA-N,,C35H66N4O9,,686.932,686.48298,0,48,0,1,1,0,0,0,0,generated_polyurethane_fragment,source_defined_high,PUR-GEN source fragment with 4 units,virtual_polyurethane_fragment,2,True,rdkit_validated,canonical_unique,,reaction_rule_generated,candidate_fragment_3d,Gold-V,admitted_reference,0.0,,purgen-fragment-audit-v1,2026.03.4
purgen_u4_053,source_zenodo_11612378_purgen_fragments,4_units/PU_53,doi:10.5281/zenodo.11612378#1.PUR-GEN/4_units/PU_53.mol2,PUR-GEN 4-unit fragment 53,C[C@H](COC[C@H](C)OCC[C@@H](C)O)OC[C@@H](C)OC(=O)NC[C@]1(C)C[C@@H](NC(=O)O[C@H](C)CCO[C@@H](C)COC[C@@H](C)OC[C@@H](C)OC(=O)N[C@@H]2CC(C)(C)C[C@@](C)(CN)C2)CC(C)(C)C1,C[C@H](COC[C@H](C)OCC[C@@H](C)O)OC[C@@H](C)OC(=O)NC[C@]1(C)C[C@@H](NC(=O)O[C@H](C)CCO[C@@H](C)COC[C@@H](C)OC[C@@H](C)OC(=O)N[C@@H]2CC(C)(C)C[C@@](C)(CN)C2)CC(C)(C)C1,WHMBRUBPDVAZQO-FHHDRVCWSA-N,,C49H94N4O13,,947.306,946.681739,0,66,0,1,1,0,0,0,0,generated_polyurethane_fragment,source_defined_high,PUR-GEN source fragment with 4 units,virtual_polyurethane_fragment,2,True,rdkit_validated,canonical_unique,,reaction_rule_generated,candidate_fragment_3d,Gold-V,admitted_reference,0.0,,purgen-fragment-audit-v1,2026.03.4
purgen_u4_054,source_zenodo_11612378_purgen_fragments,4_units/PU_54,doi:10.5281/zenodo.11612378#1.PUR-GEN/4_units/PU_54.mol2,PUR-GEN 4-unit fragment 54,N[C@H]1CC[C@@H](C[C@H]2CC[C@@H](NC(=O)OCCOCCOC(=O)N[C@H]3CC[C@@H](C[C@H]4CC[C@@H](NC(=O)OCCOCCO)CC4)CC3)CC2)CC1,N[C@H]1CC[C@@H](C[C@H]2CC[C@@H](NC(=O)OCCOCCOC(=O)N[C@H]3CC[C@@H](C[C@H]4CC[C@@H](NC(=O)OCCOCCO)CC4)CC3)CC2)CC1,DLTAJMASDOYFIX-WSFYPKCCSA-N,,C37H66N4O9,,710.954,710.48298,0,50,0,1,1,0,0,0,0,generated_polyurethane_fragment,source_defined_high,PUR-GEN source fragment with 4 units,virtual_polyurethane_fragment,2,True,rdkit_validated,canonical_unique,,reaction_rule_generated,candidate_fragment_3d,Gold-V,admitted_reference,0.0,,purgen-fragment-audit-v1,2026.03.4
purgen_u4_055,source_zenodo_11612378_purgen_fragments,4_units/PU_55,doi:10.5281/zenodo.11612378#1.PUR-GEN/4_units/PU_55.mol2,PUR-GEN 4-unit fragment 55,C[C@H](COC(=O)N[C@H]1CC[C@H](C[C@H]2CC[C@H](NC(=O)O[C@H](C)CO[C@@H](C)CO)CC2)CC1)OC[C@@H](C)OC(=O)N[C@H]1CC[C@H](C[C@H]2CC[C@H](N)CC2)CC1,C[C@H](COC(=O)N[C@H]1CC[C@H](C[C@H]2CC[C@H](NC(=O)O[C@H](C)CO[C@@H](C)CO)CC2)CC1)OC[C@@H](C)OC(=O)N[C@H]1CC[C@H](C[C@H]2CC[C@H](N)CC2)CC1,ZYFTYYVDMDPPHD-WKSVQLBQSA-N,,C41H74N4O9,,767.062,766.54558,0,54,0,1,1,0,0,0,0,generated_polyurethane_fragment,source_defined_high,PUR-GEN source fragment with 4 units,virtual_polyurethane_fragment,2,True,rdkit_validated,canonical_unique,,reaction_rule_generated,candidate_fragment_3d,Gold-V,admitted_reference,0.0,,purgen-fragment-audit-v1,2026.03.4
purgen_u4_056,source_zenodo_11612378_purgen_fragments,4_units/PU_56,doi:10.5281/zenodo.11612378#1.PUR-GEN/4_units/PU_56.mol2,PUR-GEN 4-unit fragment 56,C[C@H](COC[C@H](C)OCC[C@@H](C)OC(=O)N[C@H]1CC[C@H](C[C@H]2CC[C@H](NC(=O)O[C@H](C)CO[C@H](C)COC[C@H](C)OCC[C@@H](C)O)CC2)CC1)OC[C@@H](C)OC(=O)N[C@H]1CC[C@H](C[C@H]2CC[C@H](N)CC2)CC1,C[C@H](COC[C@H](C)OCC[C@@H](C)OC(=O)N[C@H]1CC[C@H](C[C@H]2CC[C@H](NC(=O)O[C@H](C)CO[C@H](C)COC[C@H](C)OCC[C@@H](C)O)CC2)CC1)OC[C@@H](C)OC(=O)N[C@H]1CC[C@H](C[C@H]2CC[C@H](N)CC2)CC1,GTKQNTSIIIWQDF-DERKPSMDSA-N,,C55H102N4O13,,1027.436,1026.744339,0,72,0,1,1,0,0,0,0,generated_polyurethane_fragment,source_defined_high,PUR-GEN source fragment with 4 units,virtual_polyurethane_fragment,2,True,rdkit_validated,canonical_unique,,reaction_rule_generated,candidate_fragment_3d,Gold-V,admitted_reference,0.0,,purgen-fragment-audit-v1,2026.03.4
